{"type":"FeatureCollection","features":[{"type":"Feature","properties":{"gid":"EGY.1.1_1","provZh":"代盖赫利耶省","name2":"Aja","type2":"Markaz","engtype2":"Subdivision"},"geometry":{"type":"Polygon","coordinates":[[[31.3038,30.9994],[31.2969,30.9813],[31.257,30.9689],[31.2396,30.9517],[31.2631,30.9281],[31.2611,30.9157],[31.2346,30.8989],[31.249,30.8868],[31.2348,30.8775],[31.249,30.8687],[31.2548,30.8475],[31.2244,30.8414],[31.2185,30.832],[31.2316,30.8],[31.2421,30.8013],[31.2571,30.7892],[31.2921,30.7904],[31.3111,30.8119],[31.3103,30.8222],[31.3417,30.8288],[31.3494,30.847],[31.3628,30.848],[31.3566,30.8659],[31.3794,30.8527],[31.392,30.8632],[31.3842,30.8805],[31.3993,30.9082],[31.3784,30.9148],[31.3913,30.9303],[31.3802,30.9629],[31.3853,30.9773],[31.351,30.9713],[31.3349,30.9848],[31.3314,31.001],[31.31,30.9936],[31.3038,30.9994]]]}},{"type":"Feature","properties":{"gid":"EGY.1.2_1","provZh":"代盖赫利耶省","name2":"Al-Jamaliyah","type2":"Kism","engtype2":"Subdivision"},"geometry":{"type":"Polygon","coordinates":[[[31.998,31.2275],[32.007,31.3028],[31.9711,31.3546],[31.8848,31.3534],[31.8723,31.3107],[31.8566,31.2874],[31.8431,31.2897],[31.8381,31.2679],[31.8284,31.2742],[31.8332,31.2634],[31.8182,31.2444],[31.8279,31.1688],[31.818,31.1658],[31.8395,31.1323],[31.8629,31.1543],[31.8616,31.1849],[31.8799,31.1977],[31.895,31.2333],[31.9631,31.2356],[31.9669,31.2453],[31.9823,31.2291],[31.998,31.2275]]]}},{"type":"Feature","properties":{"gid":"EGY.1.3_1","provZh":"代盖赫利耶省","name2":"Al-Mansurah","type2":"Markaz","engtype2":"Subdivision"},"geometry":{"type":"Polygon","coordinates":[[[31.3913,30.9303],[31.3936,30.9625],[31.3983,30.949],[31.4062,30.9586],[31.4243,30.9437],[31.4361,30.9505],[31.4452,30.9439],[31.4539,30.9603],[31.4752,30.9636],[31.4753,30.9725],[31.4946,30.9696],[31.5002,30.9802],[31.5593,30.9684],[31.6027,30.9971],[31.5883,31.053],[31.5394,31.0558],[31.542,31.0447],[31.5187,31.0418],[31.49,31.0565],[31.485,31.0751],[31.4985,31.0932],[31.4958,31.1096],[31.4775,31.1269],[31.5301,31.1413],[31.52,31.1644],[31.473,31.1766],[31.4694,31.1567],[31.4495,31.1535],[31.4517,31.1354],[31.4335,31.1226],[31.4153,31.0819],[31.4397,31.0639],[31.4386,31.0469],[31.4126,31.0368],[31.4244,31.0288],[31.4187,31.0186],[31.4035,31.0234],[31.3752,31.001],[31.3779,31.0229],[31.36,31.0252],[31.3618,31.0405],[31.3719,31.0489],[31.3375,31.0421],[31.3374,31.0249],[31.3168,31.0156],[31.3038,30.9994],[31.31,30.9936],[31.3314,31.001],[31.3349,30.9848],[31.351,30.9713],[31.3853,30.9773],[31.3802,30.9629],[31.3913,30.9303]]]}},{"type":"Feature","properties":{"gid":"EGY.1.4_1","provZh":"代盖赫利耶省","name2":"Al-Mansurah 1","type2":"Kism","engtype2":"Subdivision"},"geometry":{"type":"Polygon","coordinates":[[[31.3923,31.0125],[31.3825,31.0338],[31.3935,31.0366],[31.3991,31.0579],[31.3618,31.0405],[31.36,31.0252],[31.3779,31.0229],[31.3752,31.001],[31.3923,31.0125]]]}},{"type":"Feature","properties":{"gid":"EGY.1.5_1","provZh":"代盖赫利耶省","name2":"Al-Mansurah 2","type2":"Markaz","engtype2":"Subdivision"},"geometry":{"type":"Polygon","coordinates":[[[31.3923,31.0125],[31.4035,31.0234],[31.4187,31.0186],[31.4244,31.0288],[31.4126,31.0368],[31.4386,31.0469],[31.4397,31.0639],[31.4153,31.0819],[31.3991,31.0579],[31.3935,31.0366],[31.3825,31.0338],[31.3923,31.0125]]]}},{"type":"Feature","properties":{"gid":"EGY.1.6_1","provZh":"代盖赫利耶省","name2":"Al-Manzilah","type2":"Markaz","engtype2":"Subdivision"},"geometry":{"type":"Polygon","coordinates":[[[31.8395,31.1323],[31.8365,31.12],[31.8225,31.1204],[31.8233,31.1118],[31.8543,31.1157],[31.8605,31.0999],[31.8555,31.071],[31.9428,31.0886],[31.9725,31.1104],[32.0511,31.1138],[32.0912,31.1271],[32.0406,31.1555],[32.0148,31.1538],[32.0096,31.1708],[31.9744,31.1642],[31.9776,31.2029],[31.9916,31.2069],[31.998,31.2275],[31.9823,31.2291],[31.9669,31.2453],[31.9631,31.2356],[31.895,31.2333],[31.8799,31.1977],[31.8616,31.1849],[31.8629,31.1543],[31.8395,31.1323]]]}},{"type":"Feature","properties":{"gid":"EGY.1.7_1","provZh":"代盖赫利耶省","name2":"Al-Matariyah","type2":"Markaz","engtype2":"Subdivision"},"geometry":{"type":"Polygon","coordinates":[[[32.0406,31.1555],[32.0736,31.1956],[32.0434,31.2196],[32.0349,31.215],[31.998,31.2275],[31.9916,31.2069],[31.9776,31.2029],[31.9744,31.1642],[32.0096,31.1708],[32.0148,31.1538],[32.0406,31.1555]]]}},{"type":"Feature","properties":{"gid":"EGY.1.8_1","provZh":"代盖赫利耶省","name2":"As-Sinbillawayn","type2":"Markaz","engtype2":"Subdivision"},"geometry":{"type":"Polygon","coordinates":[[[31.3417,30.8288],[31.3771,30.805],[31.3799,30.8118],[31.4049,30.812],[31.4127,30.8026],[31.4315,30.8112],[31.4332,30.8207],[31.4624,30.8253],[31.4851,30.8111],[31.5256,30.8233],[31.5734,30.8141],[31.5936,30.8212],[31.5953,30.84],[31.6327,30.8493],[31.6424,30.8767],[31.6176,30.9013],[31.5837,30.9051],[31.5743,30.9141],[31.5526,30.9002],[31.5448,30.9122],[31.5329,30.9003],[31.5375,30.9192],[31.5126,30.9207],[31.5139,30.942],[31.4752,30.9636],[31.4539,30.9603],[31.4452,30.9439],[31.4361,30.9505],[31.4243,30.9437],[31.4062,30.9586],[31.3983,30.949],[31.3936,30.9625],[31.3913,30.9303],[31.3784,30.9148],[31.3993,30.9082],[31.3842,30.8805],[31.392,30.8632],[31.3794,30.8527],[31.3566,30.8659],[31.3628,30.848],[31.3494,30.847],[31.3417,30.8288]]]}},{"type":"Feature","properties":{"gid":"EGY.1.9_1","provZh":"代盖赫利耶省","name2":"Bani Ubayd","type2":"Markaz","engtype2":"Subdivision"},"geometry":{"type":"Polygon","coordinates":[[[31.6027,30.9971],[31.6516,30.9817],[31.6575,30.9696],[31.6861,30.971],[31.7366,31.0158],[31.7459,31.0422],[31.7793,31.0653],[31.8055,31.0688],[31.779,31.0732],[31.7635,31.0565],[31.7592,31.0701],[31.7415,31.0663],[31.7459,31.0522],[31.7063,31.049],[31.7113,31.0345],[31.6978,31.0221],[31.7007,31.043],[31.683,31.0439],[31.6787,31.0552],[31.6598,31.0626],[31.6709,31.078],[31.616,31.0616],[31.6187,31.0475],[31.612,31.0558],[31.5895,31.0509],[31.6027,30.9971]]]}},{"type":"Feature","properties":{"gid":"EGY.1.10_1","provZh":"代盖赫利耶省","name2":"Bilqas","type2":"Markaz","engtype2":"Subdivision"},"geometry":{"type":"Polygon","coordinates":[[[31.3988,31.5068],[31.3704,31.5103],[31.3393,31.4948],[31.3177,31.4637],[31.3201,31.4378],[31.2519,31.4752],[31.282,31.2722],[31.2822,31.2555],[31.2612,31.2216],[31.2621,31.2068],[31.2814,31.2088],[31.2944,31.1961],[31.3268,31.2151],[31.3572,31.2033],[31.3706,31.1826],[31.3982,31.1858],[31.4085,31.1782],[31.4199,31.1816],[31.4211,31.1895],[31.4485,31.1907],[31.4544,31.204],[31.4797,31.2175],[31.4778,31.2265],[31.4924,31.2363],[31.4905,31.249],[31.4495,31.2744],[31.4583,31.2898],[31.4824,31.2954],[31.4969,31.3546],[31.4788,31.3651],[31.5537,31.4309],[31.538,31.4322],[31.5351,31.4471],[31.4832,31.4651],[31.3988,31.5068]]]}},{"type":"Feature","properties":{"gid":"EGY.1.11_1","provZh":"代盖赫利耶省","name2":"Dikirnis","type2":"Markaz","engtype2":"Subdivision"},"geometry":{"type":"Polygon","coordinates":[[[31.5208,31.1356],[31.5222,31.1259],[31.4964,31.1038],[31.524,31.0978],[31.5327,31.0874],[31.5125,31.0814],[31.529,31.0634],[31.5689,31.071],[31.5895,31.0509],[31.612,31.0558],[31.6187,31.0475],[31.616,31.0616],[31.6709,31.078],[31.6598,31.0626],[31.6787,31.0552],[31.683,31.0439],[31.7007,31.043],[31.6978,31.0221],[31.7113,31.0345],[31.7063,31.049],[31.7459,31.0522],[31.7415,31.0663],[31.7592,31.0701],[31.7635,31.0565],[31.779,31.0732],[31.8055,31.0688],[31.837,31.076],[31.8555,31.071],[31.8605,31.0999],[31.8543,31.1157],[31.7931,31.1105],[31.7913,31.1253],[31.7708,31.1334],[31.7674,31.1437],[31.7466,31.1357],[31.7411,31.1405],[31.7412,31.123],[31.7325,31.1186],[31.7211,31.1266],[31.6985,31.1028],[31.7039,31.0993],[31.7007,31.0853],[31.6893,31.085],[31.6717,31.1058],[31.642,31.0992],[31.6409,31.1071],[31.6201,31.1165],[31.6082,31.1135],[31.6025,31.1597],[31.5908,31.1635],[31.5468,31.1594],[31.5208,31.1356]]]}},{"type":"Feature","properties":{"gid":"EGY.1.12_1","provZh":"代盖赫利耶省","name2":"Gamsa","type2":"Kism","engtype2":"Subdivision"},"geometry":{"type":"Polygon","coordinates":[[[31.5463,31.4315],[31.5537,31.4309],[31.5642,31.4426],[31.5351,31.4471],[31.538,31.4322],[31.5463,31.4315]]]}},{"type":"Feature","properties":{"gid":"EGY.1.13_1","provZh":"代盖赫利耶省","name2":"Mahalat Dimnah","type2":"Markaz","engtype2":"Subdivision"},"geometry":{"type":"Polygon","coordinates":[[[31.5883,31.053],[31.5689,31.071],[31.529,31.0634],[31.5125,31.0814],[31.5327,31.0874],[31.524,31.0978],[31.4964,31.1038],[31.5222,31.1259],[31.5208,31.1356],[31.4775,31.1269],[31.4958,31.1096],[31.4985,31.0932],[31.485,31.0751],[31.49,31.0565],[31.5187,31.0418],[31.542,31.0447],[31.5394,31.0558],[31.5883,31.053]]]}},{"type":"Feature","properties":{"gid":"EGY.1.14_1","provZh":"代盖赫利耶省","name2":"Minyat an-Nasr","type2":"Markaz","engtype2":"Subdivision"},"geometry":{"type":"Polygon","coordinates":[[[31.8225,31.1204],[31.8116,31.16],[31.7787,31.1739],[31.7672,31.2246],[31.7038,31.2102],[31.6836,31.2094],[31.6761,31.2168],[31.6376,31.19],[31.6159,31.1638],[31.6025,31.1597],[31.6082,31.1135],[31.6201,31.1165],[31.6409,31.1071],[31.642,31.0992],[31.6717,31.1058],[31.6893,31.085],[31.7007,31.0853],[31.7039,31.0993],[31.6985,31.1028],[31.7211,31.1266],[31.7325,31.1186],[31.7412,31.123],[31.7411,31.1405],[31.7466,31.1357],[31.7674,31.1437],[31.7708,31.1334],[31.7913,31.1253],[31.7931,31.1105],[31.8233,31.1118],[31.8225,31.1204]]]}},{"type":"Feature","properties":{"gid":"EGY.1.15_1","provZh":"代盖赫利耶省","name2":"Mit Ghamr","type2":"Markaz","engtype2":"Subdivision"},"geometry":{"type":"Polygon","coordinates":[[[31.2316,30.8],[31.2383,30.7777],[31.2269,30.7568],[31.2541,30.7371],[31.2519,30.7159],[31.2713,30.6927],[31.2764,30.6698],[31.2777,30.6479],[31.2642,30.6152],[31.2684,30.6017],[31.2823,30.6071],[31.2838,30.5909],[31.2966,30.5876],[31.3206,30.5943],[31.3299,30.6109],[31.3417,30.608],[31.3451,30.6215],[31.3875,30.623],[31.3723,30.6637],[31.3903,30.6721],[31.3832,30.6844],[31.3831,30.7042],[31.3735,30.7102],[31.3829,30.7147],[31.3691,30.7374],[31.3739,30.7458],[31.3646,30.747],[31.3719,30.7598],[31.3639,30.7808],[31.3732,30.7848],[31.3771,30.805],[31.3417,30.8288],[31.3103,30.8222],[31.3111,30.8119],[31.2921,30.7904],[31.2571,30.7892],[31.2421,30.8013],[31.2316,30.8]]]}},{"type":"Feature","properties":{"gid":"EGY.1.16_1","provZh":"代盖赫利耶省","name2":"Mit Salsil","type2":"Markaz","engtype2":"Subdivision"},"geometry":{"type":"Polygon","coordinates":[[[31.8848,31.3534],[31.8591,31.3602],[31.8594,31.3535],[31.8215,31.3565],[31.803,31.326],[31.7896,31.3226],[31.795,31.3056],[31.7672,31.3073],[31.7725,31.2729],[31.7865,31.2604],[31.7835,31.2471],[31.7588,31.2366],[31.7672,31.2246],[31.7787,31.1739],[31.8116,31.16],[31.8225,31.1204],[31.8365,31.12],[31.8395,31.1323],[31.818,31.1658],[31.8279,31.1688],[31.8182,31.2444],[31.8332,31.2634],[31.8284,31.2742],[31.8381,31.2679],[31.8431,31.2897],[31.8566,31.2874],[31.8723,31.3107],[31.8848,31.3534]]]}},{"type":"Feature","properties":{"gid":"EGY.1.17_1","provZh":"代盖赫利耶省","name2":"Nabaruh","type2":"Markaz","engtype2":"Subdivision"},"geometry":{"type":"Polygon","coordinates":[[[31.2621,31.2068],[31.2874,31.1681],[31.2805,31.164],[31.2702,31.1716],[31.2699,31.1539],[31.2215,31.1456],[31.2384,31.1351],[31.2324,31.1229],[31.2415,31.1139],[31.2394,31.0964],[31.2193,31.0822],[31.2186,31.0555],[31.2397,31.0559],[31.2571,31.0432],[31.2679,31.0564],[31.2976,31.0599],[31.3082,31.0822],[31.3427,31.0861],[31.345,31.0946],[31.3342,31.0989],[31.3377,31.1101],[31.3505,31.1169],[31.3542,31.1425],[31.374,31.1606],[31.3835,31.1605],[31.3807,31.1812],[31.3706,31.1826],[31.3572,31.2033],[31.3268,31.2151],[31.2944,31.1961],[31.2814,31.2088],[31.2621,31.2068]]]}},{"type":"Feature","properties":{"gid":"EGY.1.18_1","provZh":"代盖赫利耶省","name2":"Shirbin","type2":"Markaz","engtype2":"Subdivision"},"geometry":{"type":"Polygon","coordinates":[[[31.5301,31.1413],[31.5468,31.1594],[31.5908,31.1635],[31.5908,31.1876],[31.6372,31.2161],[31.6203,31.2311],[31.6193,31.2441],[31.6463,31.2396],[31.6821,31.258],[31.6801,31.2695],[31.6657,31.2721],[31.6516,31.2639],[31.6055,31.3042],[31.6014,31.2963],[31.5515,31.3209],[31.546,31.3404],[31.5664,31.3531],[31.4969,31.3546],[31.4824,31.2954],[31.4583,31.2898],[31.4495,31.2744],[31.4905,31.249],[31.4924,31.2363],[31.4778,31.2265],[31.4797,31.2175],[31.4544,31.204],[31.4485,31.1907],[31.4818,31.2015],[31.4882,31.1731],[31.52,31.1644],[31.5301,31.1413]]]}},{"type":"Feature","properties":{"gid":"EGY.1.19_1","provZh":"代盖赫利耶省","name2":"Talkha","type2":"Markaz","engtype2":"Subdivision"},"geometry":{"type":"Polygon","coordinates":[[[31.3991,31.0579],[31.4335,31.1226],[31.4517,31.1354],[31.4495,31.1535],[31.4694,31.1567],[31.473,31.1766],[31.4882,31.1731],[31.4818,31.2015],[31.4485,31.1907],[31.4211,31.1895],[31.4199,31.1816],[31.4085,31.1782],[31.3982,31.1858],[31.3807,31.1812],[31.3835,31.1605],[31.374,31.1606],[31.3542,31.1425],[31.3505,31.1169],[31.3377,31.1101],[31.3342,31.0989],[31.345,31.0946],[31.3427,31.0861],[31.3082,31.0822],[31.2976,31.0599],[31.3059,31.0544],[31.2972,31.0387],[31.3168,31.0156],[31.3374,31.0249],[31.3375,31.0421],[31.3991,31.0579]]]}},{"type":"Feature","properties":{"gid":"EGY.1.20_1","provZh":"代盖赫利耶省","name2":"Timay al-Imdid","type2":"Markaz","engtype2":"Subdivision"},"geometry":{"type":"Polygon","coordinates":[[[31.4752,30.9636],[31.5139,30.942],[31.5126,30.9207],[31.5375,30.9192],[31.5329,30.9003],[31.5448,30.9122],[31.5526,30.9002],[31.5743,30.9141],[31.5837,30.9051],[31.6176,30.9013],[31.6264,30.9213],[31.6678,30.9208],[31.6892,30.9405],[31.6787,30.9615],[31.6861,30.971],[31.6575,30.9696],[31.6516,30.9817],[31.6027,30.9971],[31.5593,30.9684],[31.5002,30.9802],[31.4946,30.9696],[31.4753,30.9725],[31.4752,30.9636]]]}},{"type":"Feature","properties":{"gid":"EGY.2.1_1","provZh":"红海省","name2":"Al-Ghurdaqah","type2":"Kism","engtype2":"Subdivision"},"geometry":{"type":"MultiPolygon","coordinates":[[[[33.0234,27.3872],[32.8747,27.4574],[32.7434,27.4962],[32.6621,27.5683],[32.6503,27.4342],[32.6099,27.3579],[32.6099,27.34],[32.6226,27.2093],[32.692,27.0391],[32.7367,26.9848],[32.7685,26.8555],[32.7412,26.6855],[32.8878,26.6995],[32.9312,26.6932],[33.0414,26.7864],[33.1723,26.838],[33.2301,26.8989],[33.2773,26.9317],[33.5712,27.0248],[33.6869,27.0759],[33.8293,27.1099],[33.8329,27.1437],[33.8268,27.1799],[33.8521,27.1999],[33.8404,27.2243],[33.8493,27.2337],[33.8496,27.2438],[33.8332,27.2593],[33.8079,27.2621],[33.7824,27.2749],[33.7551,27.2929],[33.7529,27.3018],[33.7149,27.314],[33.6935,27.3371],[33.6954,27.3513],[33.6854,27.3554],[33.6838,27.3735],[33.5273,27.3446],[33.3147,27.3374],[33.1487,27.3559],[33.0234,27.3872]]],[[[33.8724,27.1688],[33.8674,27.1671],[33.8674,27.1546],[33.8746,27.1624],[33.8724,27.1688]]],[[[33.876,27.2215],[33.8693,27.2062],[33.8818,27.214],[33.876,27.2215]]],[[[33.9715,27.2118],[33.9693,27.1896],[33.9843,27.1885],[33.9815,27.2026],[33.9715,27.2118]]],[[[33.9085,27.2668],[33.9024,27.2593],[33.9068,27.2465],[33.8932,27.2443],[33.9238,27.2099],[33.9424,27.2054],[33.9385,27.2249],[33.929,27.2357],[33.929,27.2512],[33.9174,27.2651],[33.9085,27.2668]]]]}},{"type":"Feature","properties":{"gid":"EGY.2.2_1","provZh":"红海省","name2":"Al-Ghurdaqah 2","type2":"Kism","engtype2":"Subdivision"},"geometry":{"type":"MultiPolygon","coordinates":[[[[33.9313,27.5374],[33.9229,27.5246],[33.9151,27.5243],[33.9299,27.5043],[33.9437,27.506],[33.9599,27.4951],[33.9779,27.4943],[33.9993,27.4715],[34.0129,27.4688],[34.0257,27.4524],[34.0224,27.4476],[34.0365,27.4488],[34.0351,27.4707],[34.0187,27.5032],[33.9801,27.5185],[33.9621,27.5351],[33.9313,27.5374]]],[[[33.7865,27.5587],[33.7788,27.5554],[33.7857,27.5454],[33.7865,27.5587]]],[[[33.7674,27.6268],[33.7585,27.6249],[33.7404,27.5857],[33.7779,27.571],[33.764,27.5618],[33.7807,27.5438],[33.7765,27.5618],[33.789,27.5649],[33.8029,27.5799],[33.7729,27.5999],[33.778,27.6174],[33.7674,27.6268]]],[[[33.669,27.6463],[33.6635,27.6446],[33.6757,27.6318],[33.6793,27.6368],[33.669,27.6463]]],[[[33.6245,27.6744],[33.6379,27.6528],[33.6286,27.6837],[33.6245,27.6744]]],[[[33.6809,27.7162],[33.6709,27.7174],[33.6734,27.7039],[33.6869,27.687],[33.6945,27.6862],[33.6809,27.7162]]],[[[33.7988,27.665],[33.7868,27.6612],[33.7835,27.6504],[33.7954,27.6274],[33.809,27.6188],[33.8174,27.6396],[33.8138,27.6529],[33.7988,27.665]]],[[[33.8076,27.6826],[33.7924,27.681],[33.7824,27.6685],[33.7954,27.6676],[33.8076,27.6826]]],[[[33.7406,27.6772],[33.7407,27.705],[33.7311,27.7091],[33.7226,27.683],[33.6971,27.6815],[33.7054,27.6637],[33.7019,27.652],[33.7129,27.6542],[33.7289,27.6769],[33.7363,27.6726],[33.7406,27.6772]]],[[[33.6804,27.3768],[33.689,27.3901],[33.6776,27.4182],[33.6368,27.4524],[33.6213,27.4951],[33.6035,27.499],[33.5904,27.5204],[33.559,27.5243],[33.5574,27.5851],[33.5221,27.6304],[33.4938,27.6429],[33.5018,27.6607],[33.5315,27.6838],[33.5612,27.6588],[33.5532,27.6737],[33.5599,27.6776],[33.569,27.6712],[33.5871,27.6418],[33.594,27.6432],[33.5954,27.651],[33.5835,27.6588],[33.576,27.6818],[33.5493,27.6843],[33.5476,27.7029],[33.5376,27.706],[33.5593,27.7568],[33.5537,27.7632],[33.5374,27.7524],[33.5193,27.7499],[33.4893,27.7988],[33.4699,27.8079],[33.4721,27.8207],[33.4854,27.8379],[33.5118,27.8315],[33.5404,27.8121],[33.5612,27.8137],[33.5721,27.7876],[33.5788,27.7932],[33.5924,27.7893],[33.581,27.8121],[33.5851,27.8474],[33.5632,27.8662],[33.5568,27.8935],[33.5412,27.9018],[33.5337,27.9226],[33.4832,27.9888],[33.4554,27.9996],[33.4165,28.0324],[33.3776,28.0304],[33.366,28.0485],[33.3413,28.0524],[33.3335,28.0701],[33.3354,28.0849],[33.3001,28.109],[33.2789,28.1379],[33.132,28.1459],[33.0261,28.1319],[32.9148,28.0943],[32.809,28.0425],[32.6401,27.9154],[32.5727,27.8431],[32.6621,27.5683],[32.7434,27.4962],[32.8747,27.4574],[33.0234,27.3872],[33.1487,27.3559],[33.3147,27.3374],[33.5273,27.3446],[33.6749,27.3748],[33.6799,27.3826],[33.6804,27.3768]]],[[[33.6946,27.7748],[33.7041,27.7571],[33.7015,27.7739],[33.6946,27.7748]]],[[[33.5971,27.7862],[33.5838,27.7729],[33.6074,27.7554],[33.6063,27.7812],[33.5971,27.7862]]]]}},{"type":"Feature","properties":{"gid":"EGY.2.3_1","provZh":"红海省","name2":"Al-Qusayr","type2":"Kism","engtype2":"Subdivision"},"geometry":{"type":"Polygon","coordinates":[[[33.4645,26.36],[33.5458,26.2119],[33.5941,26.081],[33.567,25.9841],[33.4856,25.9392],[33.3899,25.867],[33.2932,25.7392],[33.2417,25.6351],[33.2745,25.533],[33.4713,25.3066],[33.845,25.3803],[34.1185,25.461],[34.3615,25.5003],[34.6417,25.5351],[34.6368,25.5776],[34.5885,25.6274],[34.5801,25.6546],[34.5832,25.6621],[34.5621,25.6782],[34.5651,25.7015],[34.5546,25.7043],[34.5482,25.7199],[34.5407,25.7188],[34.5465,25.7265],[34.5412,25.7474],[34.4935,25.7865],[34.4865,25.7838],[34.4854,25.7976],[34.4676,25.8304],[34.4332,25.8382],[34.4362,25.8421],[34.4218,25.8668],[34.4151,25.8662],[34.4232,25.8724],[34.4137,25.8826],[34.4132,25.904],[34.3971,25.9285],[34.396,25.941],[34.3835,25.9396],[34.3771,25.964],[34.3521,25.9762],[34.3424,25.989],[34.3249,26.0212],[34.3043,26.0835],[34.2826,26.0987],[34.2879,26.1018],[34.2871,26.1162],[34.2721,26.1254],[34.2632,26.1479],[34.2435,26.1626],[34.2388,26.1818],[34.2168,26.2113],[34.2124,26.2396],[34.2015,26.2504],[34.2049,26.2601],[34.1871,26.2835],[34.1835,26.3226],[34.1551,26.3504],[34.1287,26.3954],[34.1093,26.4076],[34.0974,26.4424],[34.0838,26.4565],[34.0729,26.506],[34.0668,26.5074],[34.072,26.5135],[34.0363,26.5546],[34.0374,26.5693],[34.0304,26.5718],[34.0196,26.6006],[33.8552,26.5864],[33.7074,26.5607],[33.6417,26.5403],[33.589,26.4874],[33.5625,26.4404],[33.4645,26.36]]]}},{"type":"Feature","properties":{"gid":"EGY.2.4_1","provZh":"红海省","name2":"Ash-Shalatin","type2":"Kism","engtype2":"Subdivision"},"geometry":{"type":"MultiPolygon","coordinates":[[[[35.4732,24.141],[34.948,24.1087],[34.3831,24.1002],[34.1485,24.0825],[33.9725,24.0593],[33.4861,23.8822],[33.5056,22.002],[33.4941,21.7734],[33.5641,21.7254],[34.0052,21.7723],[34.1607,22.2071],[34.692,22.2979],[34.9514,22.8576],[35.2122,22.7873],[35.6213,23.1451],[35.5949,23.1801],[35.5884,23.2026],[35.5701,23.2132],[35.5704,23.2593],[35.5554,23.2868],[35.551,23.3143],[35.5532,23.3696],[35.546,23.3749],[35.5318,23.4274],[35.4938,23.4662],[35.4899,23.4835],[35.486,23.4821],[35.4882,23.4971],[35.4851,23.4935],[35.4815,23.5018],[35.4901,23.5051],[35.4868,23.5135],[35.4915,23.5121],[35.5024,23.536],[35.4982,23.539],[35.5088,23.5849],[35.5001,23.5979],[35.4963,23.6301],[35.4915,23.6318],[35.4932,23.6232],[35.4888,23.6249],[35.4868,23.6451],[35.494,23.6507],[35.5018,23.6321],[35.509,23.6324],[35.5129,23.6832],[35.5068,23.6854],[35.5018,23.7424],[35.4849,23.7568],[35.5043,23.7643],[35.5079,23.7512],[35.5146,23.771],[35.5093,23.7851],[35.4979,23.7838],[35.491,23.7665],[35.474,23.7826],[35.4735,23.8065],[35.4818,23.8188],[35.4779,23.846],[35.4904,23.8624],[35.4857,23.8893],[35.4876,23.8607],[35.4804,23.8713],[35.4837,23.9067],[35.4732,23.9321],[35.4815,23.9274],[35.4949,23.9496],[35.5021,23.9488],[35.4954,23.9576],[35.4971,23.9735],[35.511,23.9788],[35.5599,23.9599],[35.524,23.941],[35.5635,23.9565],[35.5879,23.9321],[35.6087,23.9265],[35.6415,23.9307],[35.6888,23.9096],[35.7221,23.9321],[35.7465,23.9387],[35.766,23.9313],[35.789,23.8943],[35.7929,23.9082],[35.7726,23.9251],[35.7646,23.9562],[35.7474,23.9749],[35.6932,24.0007],[35.6671,24.0063],[35.6357,24.0015],[35.5982,24.0174],[35.5993,24.0526],[35.5887,24.0799],[35.5746,24.0963],[35.5443,24.1154],[35.529,24.1157],[35.504,24.1393],[35.4876,24.1368],[35.5076,24.1251],[35.5126,24.114],[35.5071,24.1068],[35.4971,24.1071],[35.4907,24.1154],[35.4932,24.1285],[35.4732,24.141]]],[[[36.1876,23.6276],[36.1854,23.5965],[36.2151,23.6074],[36.2026,23.6115],[36.1876,23.6276]]],[[[35.8102,23.8546],[35.806,23.8307],[35.8143,23.8349],[35.8102,23.8546]]]]}},{"type":"Feature","properties":{"gid":"EGY.2.5_1","provZh":"红海省","name2":"Marsa 'Alam","type2":"Kism","engtype2":"Subdivision"},"geometry":{"type":"MultiPolygon","coordinates":[[[[35.3825,24.3904],[35.3785,24.3785],[35.386,24.3796],[35.3825,24.3904]]],[[[35.1601,24.6787],[35.1493,24.6774],[35.1493,24.6657],[35.1604,24.6626],[35.1757,24.6463],[35.1765,24.6574],[35.1601,24.6787]]],[[[34.1185,25.461],[33.845,25.3803],[33.4713,25.3066],[33.4861,23.8822],[33.9725,24.0593],[34.1485,24.0825],[34.3831,24.1002],[34.948,24.1087],[35.4729,24.1414],[35.4304,24.186],[35.4249,24.1974],[35.4318,24.2085],[35.4165,24.2251],[35.4038,24.2574],[35.369,24.2954],[35.3635,24.3129],[35.3251,24.3368],[35.3193,24.361],[35.2968,24.3587],[35.2651,24.3762],[35.2601,24.3901],[35.2329,24.4018],[35.2024,24.4476],[35.2079,24.4543],[35.1943,24.4743],[35.1696,24.4835],[35.1368,24.5149],[35.1376,24.5254],[35.1504,24.5376],[35.1474,24.5524],[35.1674,24.5599],[35.1668,24.566],[35.1449,24.5796],[35.1307,24.6118],[35.1124,24.6087],[35.1193,24.619],[35.0993,24.6413],[35.1093,24.6646],[35.0896,24.6688],[35.0815,24.6818],[35.0893,24.7132],[35.079,24.741],[35.0462,24.7726],[35.0379,24.789],[34.996,24.8257],[34.9874,24.8963],[34.9674,24.9265],[34.9465,24.939],[34.9382,24.9515],[34.936,24.9626],[34.9476,24.9829],[34.9446,25.0001],[34.9162,25.029],[34.9012,25.0704],[34.8801,25.0921],[34.8737,25.1229],[34.8493,25.1688],[34.8151,25.206],[34.8068,25.2038],[34.8124,25.2104],[34.796,25.2374],[34.7915,25.2579],[34.7504,25.3026],[34.7332,25.3693],[34.701,25.401],[34.6904,25.451],[34.6776,25.4643],[34.6765,25.4868],[34.6493,25.5101],[34.6521,25.5154],[34.6379,25.5321],[34.6413,25.5443],[34.6417,25.5351],[34.6333,25.5313],[34.3615,25.5003],[34.1185,25.461]]]]}},{"type":"Feature","properties":{"gid":"EGY.2.6_1","provZh":"红海省","name2":"Ras Gharib","type2":"Kism","engtype2":"Subdivision"},"geometry":{"type":"Polygon","coordinates":[[[33.2813,28.1301],[33.2813,28.1382],[33.2449,28.1429],[33.2412,28.1724],[33.2076,28.2076],[33.1851,28.2196],[33.1815,28.2315],[33.1624,28.2482],[33.1504,28.2801],[33.1246,28.2926],[33.1249,28.3065],[33.1129,28.3168],[33.1101,28.3557],[33.0782,28.369],[33.0662,28.3904],[33.0588,28.3918],[33.0232,28.4632],[33.0013,28.4765],[32.9982,28.4901],[32.974,28.4949],[32.9643,28.5088],[32.9679,28.5182],[32.9535,28.5204],[32.9304,28.5521],[32.8857,28.5624],[32.8646,28.5768],[32.8682,28.5899],[32.8629,28.624],[32.8543,28.6535],[32.8432,28.6649],[32.8393,28.6982],[32.829,28.7101],[32.8318,28.7304],[32.8096,28.7721],[32.791,28.7929],[32.7496,28.8054],[32.7365,28.8185],[32.7254,28.8443],[32.6899,28.869],[32.6635,28.9376],[32.6218,28.9832],[32.6229,29.0124],[32.6315,29.0288],[32.6232,29.0479],[32.6279,29.0496],[32.6229,29.0504],[32.6324,29.0626],[32.6429,29.0621],[32.6407,29.0674],[32.6621,29.0829],[32.6674,29.0985],[32.6662,29.1118],[32.6515,29.129],[32.6454,29.1677],[32.5083,29.1216],[32.4142,29.067],[32.3769,29.0655],[32.1593,28.9988],[31.9639,28.9764],[31.8346,28.9937],[31.8746,28.907],[31.7959,28.7714],[31.7661,28.6916],[31.784,28.6313],[31.7562,28.5638],[31.8857,28.2993],[32.1901,28.3447],[32.3445,28.2558],[32.4719,28.1658],[32.5727,27.8431],[32.6401,27.9154],[32.809,28.0425],[32.9148,28.0943],[33.0261,28.1319],[33.132,28.1459],[33.2789,28.1379],[33.2813,28.1301]]]}},{"type":"Feature","properties":{"gid":"EGY.2.7_1","provZh":"红海省","name2":"Safaja","type2":"Kism","engtype2":"Subdivision"},"geometry":{"type":"MultiPolygon","coordinates":[[[[33.9732,26.684],[33.9665,26.6621],[33.9615,26.6635],[33.966,26.6515],[33.9732,26.684]]],[[[33.1732,26.8389],[33.0414,26.7864],[32.9312,26.6932],[33.1534,26.5248],[33.2279,26.5078],[33.3173,26.5317],[33.3797,26.5063],[33.4645,26.36],[33.5625,26.4404],[33.589,26.4874],[33.6417,26.5403],[33.7074,26.5607],[33.8552,26.5864],[34.0196,26.6006],[34.0204,26.6107],[34.0004,26.6204],[33.9963,26.6324],[33.9813,26.6363],[33.9704,26.6493],[33.9712,26.6449],[33.9468,26.6529],[33.9324,26.6782],[33.9404,26.7001],[33.9368,26.7218],[33.9446,26.7318],[33.9438,26.7431],[33.9551,26.751],[33.9479,26.7518],[33.9499,26.7601],[33.9351,26.7896],[33.949,26.8079],[33.9424,26.8276],[33.966,26.8626],[33.9857,26.8454],[34.0018,26.8463],[34.004,26.8574],[33.9882,26.8801],[33.9965,26.9004],[33.9829,26.9007],[33.9701,26.8899],[33.9626,26.8976],[33.9576,26.9165],[33.9382,26.9321],[33.926,26.9654],[33.9196,26.9638],[33.9251,26.9682],[33.9201,26.9813],[33.8985,26.9929],[33.9118,27.004],[33.8887,27.026],[33.8843,27.0385],[33.8924,27.0476],[33.904,27.044],[33.8988,27.0624],[33.8826,27.0796],[33.8565,27.0857],[33.844,27.0996],[33.8338,27.1007],[33.8307,27.1101],[33.6869,27.0759],[33.5712,27.0248],[33.2773,26.9317],[33.2301,26.8989],[33.1732,26.8389]]],[[[33.9718,26.7779],[33.9599,26.7649],[33.9976,26.7104],[34.0004,26.7315],[33.9918,26.746],[33.9943,26.7668],[33.9813,26.7676],[33.9718,26.7779]]]]}},{"type":"Feature","properties":{"gid":"EGY.3.1_1","provZh":"布海拉省","name2":"Abu al-Matamir","type2":"Markaz","engtype2":"Subdivision"},"geometry":{"type":"Polygon","coordinates":[[[30.1653,31.0157],[30.1308,30.9764],[30.1052,30.9791],[30.0739,31.017],[30.048,31.0333],[30.0407,31.0207],[29.9888,30.9966],[29.9362,31.057],[29.9024,31.0002],[29.9167,30.9801],[29.9057,30.9642],[29.9119,30.9553],[29.8515,30.9312],[29.9162,30.8288],[29.9592,30.7889],[29.9244,30.7591],[30.0763,30.6418],[30.228,30.5071],[30.2952,30.5697],[30.3538,30.5999],[30.4111,30.7115],[30.3213,30.7352],[30.3577,30.7881],[30.3131,30.7902],[30.2416,30.8072],[30.2445,30.8226],[30.236,30.8256],[30.2488,30.8653],[30.2441,30.8748],[30.2515,30.8782],[30.2311,30.9263],[30.2414,30.943],[30.2338,30.9618],[30.2117,30.9713],[30.1653,31.0157]]]}},{"type":"Feature","properties":{"gid":"EGY.3.2_1","provZh":"布海拉省","name2":"Abu Hummus","type2":"Markaz","engtype2":"Subdivision"},"geometry":{"type":"Polygon","coordinates":[[[30.2338,30.9618],[30.2546,30.9673],[30.2567,30.9824],[30.2791,30.9825],[30.3131,31.0087],[30.3543,31.0071],[30.3498,31.0204],[30.375,31.0322],[30.3779,31.0467],[30.3963,31.0499],[30.3935,31.0609],[30.4073,31.0653],[30.3896,31.0933],[30.3913,31.1061],[30.401,31.1058],[30.3854,31.1239],[30.3937,31.1197],[30.3989,31.1258],[30.4168,31.1124],[30.4319,31.1178],[30.4256,31.1309],[30.4411,31.1545],[30.4171,31.1757],[30.4787,31.212],[30.5079,31.2108],[30.4608,31.2325],[30.4242,31.2236],[30.4009,31.2438],[30.3695,31.2422],[30.3538,31.2501],[30.3251,31.2416],[30.2283,31.2375],[30.2402,31.1251],[30.2244,31.1134],[30.2278,31.1026],[30.2063,31.096],[30.1937,31.0811],[30.196,31.0734],[30.1781,31.0692],[30.1834,31.0658],[30.1672,31.0509],[30.1405,31.0418],[30.2117,30.9713],[30.2338,30.9618]]]}},{"type":"Feature","properties":{"gid":"EGY.3.3_1","provZh":"布海拉省","name2":"Ad-Dilinat","type2":"Markaz","engtype2":"Subdivision"},"geometry":{"type":"Polygon","coordinates":[[[30.4111,30.7115],[30.4563,30.7027],[30.5329,30.7112],[30.6472,30.6675],[30.6876,30.6604],[30.6598,30.6898],[30.6566,30.7059],[30.6157,30.7106],[30.5868,30.7256],[30.5927,30.7499],[30.6055,30.7632],[30.6125,30.7616],[30.6125,30.7743],[30.5934,30.799],[30.6004,30.8057],[30.6191,30.7976],[30.6129,30.8266],[30.6056,30.8281],[30.608,30.8473],[30.5978,30.8632],[30.5597,30.871],[30.5426,30.9198],[30.5246,30.9304],[30.5354,30.9357],[30.537,30.9554],[30.5091,30.9593],[30.4949,30.9521],[30.4969,30.9336],[30.4844,30.9317],[30.4669,30.951],[30.4266,30.9512],[30.4198,30.9131],[30.466,30.8765],[30.3938,30.8612],[30.3802,30.848],[30.3577,30.7881],[30.3213,30.7352],[30.4111,30.7115]]]}},{"type":"Feature","properties":{"gid":"EGY.3.4_1","provZh":"布海拉省","name2":"Al-Mahmudiyah","type2":"Markaz","engtype2":"Subdivision"},"geometry":{"type":"Polygon","coordinates":[[[30.4319,31.1178],[30.4881,31.1401],[30.4969,31.1337],[30.5151,31.1523],[30.5215,31.1411],[30.4964,31.1252],[30.5087,31.1097],[30.5329,31.1268],[30.5451,31.1132],[30.5723,31.1285],[30.5869,31.127],[30.5983,31.1364],[30.5802,31.143],[30.5708,31.1644],[30.6082,31.1739],[30.5658,31.2014],[30.5422,31.1896],[30.5241,31.1971],[30.526,31.2282],[30.5069,31.2283],[30.499,31.2441],[30.5166,31.2668],[30.5054,31.2713],[30.4746,31.2568],[30.4437,31.284],[30.418,31.275],[30.4242,31.2236],[30.4608,31.2325],[30.5079,31.2108],[30.4787,31.212],[30.4171,31.1757],[30.4411,31.1545],[30.4256,31.1309],[30.4319,31.1178]]]}},{"type":"Feature","properties":{"gid":"EGY.3.5_1","provZh":"布海拉省","name2":"Ar-Rahmaniyah","type2":"Markaz","engtype2":"Subdivision"},"geometry":{"type":"Polygon","coordinates":[[[30.5087,31.1097],[30.5132,31.103],[30.5055,31.0926],[30.5289,31.0675],[30.5191,31.0604],[30.5238,31.0501],[30.5421,31.0559],[30.555,31.0861],[30.5711,31.0841],[30.5686,31.0996],[30.5815,31.0999],[30.5894,31.0881],[30.5728,31.0785],[30.5688,31.0409],[30.6054,31.0413],[30.6369,31.0691],[30.6519,31.059],[30.67,31.0671],[30.6752,31.0778],[30.7006,31.0847],[30.6388,31.1245],[30.6082,31.1739],[30.5708,31.1644],[30.5802,31.143],[30.5983,31.1364],[30.5869,31.127],[30.5723,31.1285],[30.5451,31.1132],[30.5329,31.1268],[30.5087,31.1097]]]}},{"type":"Feature","properties":{"gid":"EGY.3.6_1","provZh":"布海拉省","name2":"Badr","type2":"Markaz","engtype2":"Subdivision"},"geometry":{"type":"Polygon","coordinates":[[[30.3538,30.5999],[30.5306,30.573],[30.5988,30.5433],[30.6664,30.4685],[30.6268,30.4126],[30.6952,30.3823],[30.7278,30.4333],[30.797,30.4303],[30.8087,30.4396],[30.7965,30.4536],[30.8008,30.4713],[30.8193,30.4811],[30.8099,30.4976],[30.8036,30.4936],[30.8003,30.5226],[30.7669,30.5433],[30.7538,30.5808],[30.7754,30.6268],[30.7553,30.6257],[30.7709,30.6351],[30.7565,30.6498],[30.755,30.6626],[30.7327,30.6818],[30.7135,30.6807],[30.6965,30.6949],[30.6606,30.696],[30.6566,30.7059],[30.6598,30.6898],[30.6876,30.6604],[30.6472,30.6675],[30.5329,30.7112],[30.4563,30.7027],[30.4111,30.7115],[30.3538,30.5999]]]}},{"type":"Feature","properties":{"gid":"EGY.3.7_1","provZh":"布海拉省","name2":"Damanhur","type2":"Markaz","engtype2":"Subdivision"},"geometry":{"type":"Polygon","coordinates":[[[30.2997,30.9948],[30.3282,30.9842],[30.3327,30.9156],[30.3888,30.9252],[30.4017,30.9106],[30.4198,30.9131],[30.4266,30.9512],[30.4669,30.951],[30.4844,30.9317],[30.4969,30.9336],[30.4949,30.9521],[30.5091,30.9593],[30.537,30.9554],[30.5643,30.9602],[30.5545,30.9763],[30.5751,30.9726],[30.5878,30.9983],[30.6003,30.9937],[30.6036,30.9995],[30.5924,31.0179],[30.5736,31.0249],[30.5688,31.0409],[30.5728,31.0785],[30.5894,31.0881],[30.5815,31.0999],[30.5686,31.0996],[30.5711,31.0841],[30.555,31.0861],[30.5421,31.0559],[30.5238,31.0501],[30.5191,31.0604],[30.5289,31.0675],[30.5055,31.0926],[30.5132,31.103],[30.4964,31.1252],[30.5215,31.1411],[30.5151,31.1523],[30.4969,31.1337],[30.4881,31.1401],[30.4168,31.1124],[30.3989,31.1258],[30.3937,31.1197],[30.3854,31.1239],[30.401,31.1058],[30.3913,31.1061],[30.3896,31.0933],[30.4073,31.0653],[30.3935,31.0609],[30.3963,31.0499],[30.3779,31.0467],[30.375,31.0322],[30.3498,31.0204],[30.3543,31.0071],[30.3131,31.0087],[30.2997,30.9948]]]}},{"type":"Feature","properties":{"gid":"EGY.3.8_1","provZh":"布海拉省","name2":"Hawsh 'Isa","type2":"Markaz","engtype2":"Subdivision"},"geometry":{"type":"Polygon","coordinates":[[[30.3577,30.7881],[30.3802,30.848],[30.3938,30.8612],[30.466,30.8765],[30.4198,30.9131],[30.4017,30.9106],[30.3888,30.9252],[30.3327,30.9156],[30.3282,30.9842],[30.2997,30.9948],[30.2791,30.9825],[30.2567,30.9824],[30.2546,30.9673],[30.2338,30.9618],[30.2414,30.943],[30.2311,30.9263],[30.2515,30.8782],[30.2441,30.8748],[30.2488,30.8653],[30.236,30.8256],[30.2445,30.8226],[30.2416,30.8072],[30.3131,30.7902],[30.3577,30.7881]]]}},{"type":"Feature","properties":{"gid":"EGY.3.9_1","provZh":"布海拉省","name2":"Idku","type2":"Markaz","engtype2":"Subdivision"},"geometry":{"type":"Polygon","coordinates":[[[30.4242,31.2236],[30.418,31.275],[30.3972,31.3278],[30.326,31.3762],[30.3018,31.3401],[30.2657,31.3088],[30.2404,31.2921],[30.1785,31.271],[30.1987,31.2657],[30.2256,31.2726],[30.2283,31.2375],[30.3251,31.2416],[30.3538,31.2501],[30.3695,31.2422],[30.4009,31.2438],[30.4242,31.2236]]]}},{"type":"Feature","properties":{"gid":"EGY.3.10_1","provZh":"布海拉省","name2":"Ityay al-Barud","type2":"Markaz","engtype2":"Subdivision"},"geometry":{"type":"Polygon","coordinates":[[[30.6129,30.8266],[30.6315,30.8235],[30.632,30.8128],[30.6415,30.8129],[30.651,30.7987],[30.6752,30.8007],[30.6686,30.8186],[30.6796,30.8268],[30.6994,30.8255],[30.7026,30.8116],[30.6944,30.8048],[30.7093,30.7941],[30.7152,30.8177],[30.7222,30.8153],[30.7186,30.8063],[30.7635,30.8227],[30.7924,30.865],[30.7569,30.8798],[30.7837,30.93],[30.7656,30.9225],[30.7577,30.9374],[30.74,30.9231],[30.6892,30.9568],[30.6725,30.943],[30.6644,30.957],[30.624,30.9521],[30.6081,30.9777],[30.5751,30.9726],[30.5545,30.9763],[30.5643,30.9602],[30.537,30.9554],[30.5354,30.9357],[30.5246,30.9304],[30.5426,30.9198],[30.5597,30.871],[30.5978,30.8632],[30.608,30.8473],[30.6056,30.8281],[30.6129,30.8266]]]}},{"type":"Feature","properties":{"gid":"EGY.3.11_1","provZh":"布海拉省","name2":"Kafr ad-Dawwar","type2":"Markaz","engtype2":"Subdivision"},"geometry":{"type":"Polygon","coordinates":[[[30.1653,31.0157],[30.1405,31.0418],[30.1672,31.0509],[30.1834,31.0658],[30.1781,31.0692],[30.196,31.0734],[30.1937,31.0811],[30.2063,31.096],[30.2278,31.1026],[30.2244,31.1134],[30.2402,31.1251],[30.2256,31.2726],[30.1987,31.2657],[30.1774,31.271],[30.1403,31.2624],[30.14,31.2724],[30.0803,31.2804],[30.0543,31.2093],[30.0475,31.2105],[30.0369,31.1854],[29.9892,31.1843],[29.9863,31.1394],[29.9362,31.057],[29.9888,30.9966],[30.0407,31.0207],[30.048,31.0333],[30.0739,31.017],[30.1052,30.9791],[30.1308,30.9764],[30.1653,31.0157]]]}},{"type":"Feature","properties":{"gid":"EGY.3.12_1","provZh":"布海拉省","name2":"Kawm Hamadah","type2":"Markaz","engtype2":"Subdivision"},"geometry":{"type":"Polygon","coordinates":[[[30.6566,30.7059],[30.6606,30.696],[30.6965,30.6949],[30.7135,30.6807],[30.7327,30.6818],[30.755,30.6626],[30.7565,30.6498],[30.7709,30.6351],[30.7553,30.6257],[30.7754,30.6268],[30.7538,30.5808],[30.7578,30.5609],[30.7669,30.5433],[30.8003,30.5226],[30.8036,30.4936],[30.8099,30.4976],[30.8193,30.4811],[30.836,30.4855],[30.8299,30.5006],[30.8465,30.5264],[30.8487,30.5444],[30.8221,30.5421],[30.8144,30.5531],[30.8375,30.5849],[30.8166,30.5859],[30.794,30.6147],[30.7988,30.6255],[30.7872,30.6456],[30.803,30.6844],[30.7623,30.7192],[30.7895,30.7339],[30.7964,30.7515],[30.7828,30.763],[30.762,30.7574],[30.7547,30.773],[30.8124,30.8223],[30.7937,30.8281],[30.7709,30.8168],[30.7635,30.8227],[30.7186,30.8063],[30.7222,30.8153],[30.7152,30.8177],[30.7093,30.7941],[30.6944,30.8048],[30.7026,30.8116],[30.6994,30.8255],[30.6796,30.8268],[30.6686,30.8186],[30.6752,30.8007],[30.651,30.7987],[30.6415,30.8129],[30.632,30.8128],[30.6315,30.8235],[30.6129,30.8266],[30.6191,30.7976],[30.6004,30.8057],[30.5934,30.799],[30.6125,30.7743],[30.6125,30.7616],[30.6055,30.7632],[30.5927,30.7499],[30.5868,30.7256],[30.6157,30.7106],[30.6566,30.7059]]]}},{"type":"Feature","properties":{"gid":"EGY.3.13_1","provZh":"布海拉省","name2":"Rosetta","type2":"Markaz","engtype2":"Subdivision"},"geometry":{"type":"MultiPolygon","coordinates":[[[[30.1501,31.2646],[30.1774,31.2707],[30.14,31.2724],[30.1403,31.2624],[30.1501,31.2646]]],[[[30.5054,31.2713],[30.5181,31.2686],[30.5217,31.3265],[30.4842,31.3488],[30.463,31.3357],[30.4478,31.3771],[30.4232,31.3796],[30.4316,31.4161],[30.425,31.4366],[30.3876,31.4415],[30.3618,31.4649],[30.326,31.3762],[30.3972,31.3278],[30.418,31.275],[30.4437,31.284],[30.4746,31.2568],[30.5054,31.2713]]]]}},{"type":"Feature","properties":{"gid":"EGY.3.14_1","provZh":"布海拉省","name2":"Shubra Khit","type2":"Markaz","engtype2":"Subdivision"},"geometry":{"type":"Polygon","coordinates":[[[30.5688,31.0409],[30.5736,31.0249],[30.5924,31.0179],[30.6036,30.9995],[30.6003,30.9937],[30.5878,30.9983],[30.5751,30.9726],[30.6081,30.9777],[30.624,30.9521],[30.6644,30.957],[30.6725,30.943],[30.6892,30.9568],[30.74,30.9231],[30.7577,30.9374],[30.7656,30.9225],[30.7837,30.93],[30.7475,30.9664],[30.7607,30.9926],[30.7174,31.0185],[30.7249,31.0648],[30.7006,31.0847],[30.6752,31.0778],[30.67,31.0671],[30.6519,31.059],[30.6369,31.0691],[30.6054,31.0413],[30.5688,31.0409]]]}},{"type":"Feature","properties":{"gid":"EGY.3.15_1","provZh":"布海拉省","name2":"Unorganized in Al Buhayrah","type2":"unorganized","engtype2":"Subdivision"},"geometry":{"type":"Polygon","coordinates":[[[30.228,30.5071],[30.1513,30.4875],[29.8736,30.1311],[30.3378,29.8773],[30.3672,29.9154],[30.7015,30.2277],[30.4859,30.3388],[30.5289,30.4786],[30.648,30.4889],[30.5988,30.5433],[30.5306,30.573],[30.3538,30.5999],[30.2952,30.5697],[30.228,30.5071]],[[30.1715,30.4861],[30.1666,30.4718],[30.1562,30.4754],[30.1571,30.4846],[30.1715,30.4861]],[[30.3339,30.4304],[30.3064,30.4234],[30.2918,30.4313],[30.3151,30.437],[30.3339,30.4304]],[[30.3841,30.3901],[30.3483,30.4119],[30.3803,30.3986],[30.3841,30.3901]],[[30.3873,30.377],[30.3831,30.3897],[30.4026,30.3876],[30.4059,30.3644],[30.3873,30.377]],[[30.4338,30.3402],[30.4577,30.3172],[30.4324,30.3224],[30.43,30.3438],[30.4338,30.3402]],[[30.497,30.2962],[30.4882,30.293],[30.4868,30.3089],[30.4971,30.3066],[30.4922,30.2991],[30.497,30.2962]]]}},{"type":"Feature","properties":{"gid":"EGY.3.16_1","provZh":"布海拉省","name2":"Wadi Al-Natron","type2":"City","engtype2":"Subdivision"},"geometry":{"type":"MultiPolygon","coordinates":[[[[30.4868,30.3089],[30.4882,30.293],[30.497,30.2962],[30.4922,30.2991],[30.4971,30.3066],[30.4868,30.3089]]],[[[30.4444,30.3302],[30.43,30.3438],[30.4324,30.3224],[30.4577,30.3172],[30.4444,30.3302]]],[[[30.3861,30.3807],[30.4059,30.3644],[30.4026,30.3876],[30.3831,30.3897],[30.3861,30.3807]]],[[[30.3803,30.3986],[30.3483,30.4119],[30.3841,30.3901],[30.3803,30.3986]]],[[[30.2942,30.43],[30.3064,30.4234],[30.3339,30.4304],[30.3151,30.437],[30.2942,30.43]]],[[[30.1673,30.4725],[30.1715,30.4861],[30.1571,30.4846],[30.1562,30.4754],[30.1673,30.4725]]]]}},{"type":"Feature","properties":{"gid":"EGY.3.17_1","provZh":"布海拉省","name2":"West Nubariyah","type2":"Kism","engtype2":"Subdivision"},"geometry":{"type":"Polygon","coordinates":[[[29.9605,30.7309],[29.8668,30.646],[29.9395,30.5893],[29.7189,30.4983],[29.6328,30.2628],[29.8736,30.1311],[30.1513,30.4875],[30.228,30.5071],[30.0763,30.6418],[29.9605,30.7309]]]}},{"type":"Feature","properties":{"gid":"EGY.4.1_1","provZh":"法尤姆省","name2":"Al-Fayyum","type2":"Markaz","engtype2":"Subdivision"},"geometry":{"type":"Polygon","coordinates":[[[30.9945,29.2414],[31.0448,29.3121],[31.0422,29.3313],[31.0557,29.3446],[31.0588,29.3755],[31.0501,29.3908],[31.0565,29.3987],[30.994,29.4001],[30.9847,29.3742],[30.9659,29.3888],[30.9578,29.3796],[30.9344,29.3779],[30.9288,29.3593],[30.907,29.3566],[30.8993,29.3447],[30.8689,29.3527],[30.8526,29.3431],[30.8359,29.3734],[30.8197,29.3748],[30.8138,29.3645],[30.7994,29.3758],[30.7891,29.3621],[30.7953,29.3525],[30.7902,29.3482],[30.7484,29.3609],[30.7418,29.3309],[30.7201,29.325],[30.7212,29.3172],[30.7368,29.3243],[30.7246,29.2932],[30.7361,29.2894],[30.7449,29.3009],[30.7449,29.2867],[30.774,29.2839],[30.7874,29.2909],[30.7847,29.2796],[30.7951,29.2705],[30.8072,29.2777],[30.8058,29.2678],[30.8242,29.2618],[30.8257,29.2358],[30.8563,29.2504],[30.8559,29.2589],[30.9147,29.2448],[30.9291,29.2282],[30.9271,29.2173],[30.944,29.2171],[30.9501,29.2059],[30.9719,29.1971],[30.9825,29.2174],[31.0042,29.2158],[30.9945,29.2414]]]}},{"type":"Feature","properties":{"gid":"EGY.4.2_1","provZh":"法尤姆省","name2":"Al-Fayyum City","type2":"Kism","engtype2":"Subdivision"},"geometry":{"type":"Polygon","coordinates":[[[30.8944,29.219],[30.8905,29.2301],[30.8749,29.2308],[30.8753,29.2237],[30.868,29.2232],[30.8699,29.1982],[30.8939,29.1972],[30.8944,29.219]]]}},{"type":"Feature","properties":{"gid":"EGY.4.3_1","provZh":"法尤姆省","name2":"Ibshaway","type2":"Markaz","engtype2":"Subdivision"},"geometry":{"type":"Polygon","coordinates":[[[30.7891,29.3621],[30.7505,29.3711],[30.7368,29.3815],[30.7278,29.4217],[30.7453,29.433],[30.7359,29.4575],[30.7403,29.473],[30.708,29.4809],[30.721,29.4738],[30.7186,29.4659],[30.6843,29.4656],[30.6996,29.4532],[30.6944,29.4448],[30.6656,29.4441],[30.6535,29.4256],[30.6502,29.4017],[30.6432,29.3989],[30.6466,29.3871],[30.6319,29.3719],[30.653,29.3542],[30.6456,29.3292],[30.6581,29.317],[30.6547,29.3062],[30.667,29.3018],[30.6646,29.2875],[30.6776,29.2695],[30.6967,29.2715],[30.6829,29.2942],[30.7055,29.3092],[30.7378,29.3164],[30.7368,29.3243],[30.7212,29.3172],[30.7201,29.325],[30.7418,29.3309],[30.7484,29.3609],[30.7902,29.3482],[30.7953,29.3525],[30.7891,29.3621]]]}},{"type":"Feature","properties":{"gid":"EGY.4.4_1","provZh":"法尤姆省","name2":"Itsa","type2":"Markaz","engtype2":"Subdivision"},"geometry":{"type":"Polygon","coordinates":[[[30.7378,29.3164],[30.7055,29.3092],[30.6829,29.2942],[30.6967,29.2715],[30.6776,29.2695],[30.6646,29.2875],[30.6524,29.2733],[30.6538,29.2509],[30.6362,29.2484],[30.6733,29.2005],[30.6535,29.1933],[30.5699,29.2143],[30.5647,29.1751],[30.55,29.1744],[30.5551,29.1656],[30.5675,29.1653],[30.5641,29.1333],[30.5978,29.1272],[30.5992,29.1132],[30.6173,29.1069],[30.7045,29.0988],[30.7299,29.1151],[30.8396,29.114],[30.8653,29.1891],[30.8563,29.2504],[30.8257,29.2358],[30.8242,29.2618],[30.8058,29.2678],[30.8072,29.2777],[30.7951,29.2705],[30.7847,29.2796],[30.7874,29.2909],[30.774,29.2839],[30.7449,29.2867],[30.7449,29.3009],[30.7361,29.2894],[30.7246,29.2932],[30.7378,29.3164]]]}},{"type":"Feature","properties":{"gid":"EGY.4.5_1","provZh":"法尤姆省","name2":"Sinnuris","type2":"Markaz","engtype2":"Subdivision"},"geometry":{"type":"Polygon","coordinates":[[[30.9344,29.3779],[30.9293,29.3862],[30.9133,29.3836],[30.9042,29.3946],[30.9103,29.4139],[30.886,29.4407],[30.8783,29.4759],[30.8978,29.478],[30.8978,29.4835],[30.8608,29.4986],[30.8615,29.52],[30.8411,29.5223],[30.8184,29.5403],[30.8056,29.5303],[30.8251,29.5267],[30.8264,29.5198],[30.8038,29.516],[30.8217,29.505],[30.8122,29.4834],[30.7805,29.4703],[30.7403,29.473],[30.7359,29.4575],[30.7453,29.433],[30.7278,29.4217],[30.7368,29.3815],[30.7505,29.3711],[30.7891,29.3621],[30.7994,29.3758],[30.8138,29.3645],[30.8197,29.3748],[30.8359,29.3734],[30.8526,29.3431],[30.8689,29.3527],[30.8993,29.3447],[30.907,29.3566],[30.9288,29.3593],[30.9344,29.3779]]]}},{"type":"Feature","properties":{"gid":"EGY.4.6_1","provZh":"法尤姆省","name2":"Tamiyah","type2":"Markaz","engtype2":"Subdivision"},"geometry":{"type":"Polygon","coordinates":[[[31.0565,29.3987],[31.0818,29.4375],[31.0777,29.4957],[31.0532,29.5303],[31.0133,29.5429],[31.0129,29.5568],[30.959,29.5599],[30.9397,29.5486],[30.9385,29.5345],[30.9279,29.5269],[30.8934,29.5147],[30.8615,29.52],[30.8608,29.4986],[30.8978,29.4835],[30.8978,29.478],[30.8783,29.4759],[30.886,29.4407],[30.9103,29.4139],[30.9042,29.3946],[30.9133,29.3836],[30.9578,29.3796],[30.9659,29.3888],[30.9847,29.3742],[30.994,29.4001],[31.0565,29.3987]]]}},{"type":"Feature","properties":{"gid":"EGY.4.7_1","provZh":"法尤姆省","name2":"Unorganized in Al Fayoum","type2":"unorganized","engtype2":"Subdivision"},"geometry":{"type":"Polygon","coordinates":[[[30.8563,29.2504],[30.8653,29.1891],[30.8396,29.114],[30.7299,29.1151],[30.7045,29.0988],[30.5992,29.1132],[30.5978,29.1272],[30.5641,29.1333],[30.5675,29.1653],[30.5551,29.1656],[30.55,29.1744],[30.5647,29.1751],[30.5699,29.2143],[30.6535,29.1933],[30.6733,29.2005],[30.6362,29.2484],[30.6036,29.2781],[30.5852,29.2603],[30.5664,29.2658],[30.5626,29.2744],[30.583,29.2917],[30.5725,29.2968],[30.5601,29.3295],[30.5088,29.3619],[30.4932,29.3571],[30.4954,29.3792],[30.4533,29.3755],[30.4351,29.3816],[30.4177,29.44],[30.4086,29.4415],[30.4107,29.4467],[30.4409,29.4349],[30.4942,29.4062],[30.5399,29.4182],[30.6077,29.4206],[30.6478,29.4421],[30.6613,29.4584],[30.6656,29.4441],[30.6944,29.4448],[30.6996,29.4532],[30.6843,29.4656],[30.7186,29.4659],[30.721,29.4738],[30.708,29.4809],[30.7805,29.4703],[30.8122,29.4834],[30.8217,29.505],[30.8038,29.516],[30.8264,29.5198],[30.8251,29.5267],[30.8056,29.5303],[30.8184,29.5403],[30.8411,29.5223],[30.8934,29.5147],[30.9279,29.5269],[30.9385,29.5345],[30.9397,29.5486],[30.959,29.5599],[31.0129,29.5568],[31.0133,29.5429],[31.0532,29.5303],[31.0777,29.4957],[31.0818,29.4375],[31.0501,29.3908],[31.0588,29.3755],[31.0557,29.3446],[31.0422,29.3313],[31.0448,29.3121],[30.9945,29.2414],[31.0138,29.2572],[31.0679,29.3492],[31.1262,29.4218],[31.1002,29.457],[31.0349,29.7219],[30.7597,29.7301],[30.2408,29.4156],[30.0105,29.228],[29.8565,29.0913],[30.1099,29.0395],[30.2948,29.0272],[30.2983,28.9676],[30.378,28.9635],[30.5062,28.9921],[30.8167,29.0828],[30.8696,29.1313],[30.9053,29.2053],[30.9501,29.2059],[30.944,29.2171],[30.9271,29.2173],[30.9291,29.2282],[30.9147,29.2448],[30.8559,29.2589],[30.8563,29.2504]],[[30.8944,29.219],[30.8939,29.1972],[30.8699,29.1982],[30.868,29.2232],[30.8753,29.2237],[30.8749,29.2308],[30.8905,29.2301],[30.8944,29.219]]]}},{"type":"Feature","properties":{"gid":"EGY.4.8_1","provZh":"法尤姆省","name2":"Yusuf as-Sidiq","type2":"Markaz","engtype2":"Subdivision"},"geometry":{"type":"Polygon","coordinates":[[[30.6656,29.4441],[30.6613,29.4584],[30.6478,29.4421],[30.6077,29.4206],[30.5399,29.4182],[30.4942,29.4062],[30.4409,29.4349],[30.4107,29.4467],[30.4086,29.4415],[30.4177,29.44],[30.4351,29.3816],[30.4533,29.3755],[30.4954,29.3792],[30.4932,29.3571],[30.5088,29.3619],[30.5601,29.3295],[30.5725,29.2968],[30.583,29.2917],[30.5626,29.2744],[30.5664,29.2658],[30.5852,29.2603],[30.6036,29.2781],[30.6362,29.2484],[30.6538,29.2509],[30.6524,29.2733],[30.6646,29.2875],[30.667,29.3018],[30.6547,29.3062],[30.6581,29.317],[30.6456,29.3292],[30.653,29.3542],[30.6319,29.3719],[30.6466,29.3871],[30.6432,29.3989],[30.6502,29.4017],[30.6535,29.4256],[30.6656,29.4441]]]}},{"type":"Feature","properties":{"gid":"EGY.5.1_1","provZh":"西部省","name2":"Al-Mahallah al-Kubra","type2":"Markaz","engtype2":"Subdivision"},"geometry":{"type":"Polygon","coordinates":[[[31.2215,31.1456],[31.2152,31.1554],[31.1729,31.1598],[31.1449,31.1395],[31.0869,31.1519],[31.0784,31.1477],[31.0624,31.1632],[31.0536,31.1307],[31.0537,31.0724],[31.0253,31.035],[31.0538,31.011],[31.0383,30.9799],[31.0547,30.9757],[31.0535,30.9412],[31.071,30.9363],[31.075,30.8977],[31.1001,30.8949],[31.0947,30.8781],[31.1091,30.8724],[31.1377,30.8814],[31.1742,30.8794],[31.1761,30.892],[31.1893,30.8872],[31.1941,30.8924],[31.1872,30.9009],[31.1961,30.9057],[31.1997,30.9273],[31.1935,30.9335],[31.2076,30.9562],[31.2042,30.9663],[31.2131,30.9729],[31.2173,30.9936],[31.231,31.0013],[31.1999,31.0228],[31.2016,31.0426],[31.2186,31.0555],[31.2193,31.0822],[31.2394,31.0964],[31.2415,31.1139],[31.2324,31.1229],[31.2384,31.1351],[31.2215,31.1456]],[[31.1643,30.9485],[31.158,30.9399],[31.1448,30.9426],[31.1465,30.9556],[31.1352,30.9536],[31.1269,30.965],[31.1403,30.9611],[31.1522,30.9705],[31.1401,30.9768],[31.1416,31.0006],[31.1607,31.0022],[31.1626,30.9945],[31.1874,30.9913],[31.181,30.9853],[31.1833,30.9543],[31.1643,30.9485]]]}},{"type":"Feature","properties":{"gid":"EGY.5.2_1","provZh":"西部省","name2":"Al-Mahallah al-Kubra 1","type2":"Kism","engtype2":"Subdivision"},"geometry":{"type":"Polygon","coordinates":[[[31.1626,30.9945],[31.1643,30.9485],[31.1833,30.9543],[31.181,30.9853],[31.1874,30.9913],[31.1626,30.9945]]]}},{"type":"Feature","properties":{"gid":"EGY.5.3_1","provZh":"西部省","name2":"Al-Mahallah al-Kubra 2","type2":"Kism","engtype2":"Subdivision"},"geometry":{"type":"Polygon","coordinates":[[[31.1626,30.9945],[31.1607,31.0022],[31.1416,31.0006],[31.1401,30.9768],[31.1522,30.9705],[31.1403,30.9611],[31.1269,30.965],[31.1352,30.9536],[31.1465,30.9556],[31.1448,30.9426],[31.158,30.9399],[31.1643,30.9485],[31.1626,30.9945]]]}},{"type":"Feature","properties":{"gid":"EGY.5.4_1","provZh":"西部省","name2":"As-Santah","type2":"Markaz","engtype2":"Subdivision"},"geometry":{"type":"Polygon","coordinates":[[[31.1091,30.8724],[31.1115,30.8654],[31.09,30.8625],[31.062,30.8346],[31.0489,30.7878],[31.0778,30.7675],[31.0534,30.7625],[31.049,30.7481],[31.0421,30.7513],[31.0412,30.7233],[31.0324,30.7074],[31.0494,30.7053],[31.061,30.7164],[31.071,30.7152],[31.0709,30.6962],[31.0941,30.6825],[31.0856,30.6737],[31.0884,30.6664],[31.1,30.6738],[31.1253,30.6656],[31.1539,30.6694],[31.1735,30.6831],[31.1677,30.704],[31.1764,30.734],[31.158,30.7479],[31.1643,30.7825],[31.1547,30.7931],[31.1542,30.809],[31.1704,30.8166],[31.1737,30.8445],[31.1483,30.8593],[31.1578,30.8779],[31.1377,30.8814],[31.1091,30.8724]]]}},{"type":"Feature","properties":{"gid":"EGY.5.5_1","provZh":"西部省","name2":"Basyun","type2":"Markaz","engtype2":"Subdivision"},"geometry":{"type":"Polygon","coordinates":[[[30.7635,30.8988],[30.7829,30.8902],[30.7777,30.9086],[30.7945,30.9056],[30.8076,30.9163],[30.8248,30.8927],[30.8243,30.9053],[30.8466,30.9046],[30.8517,30.8756],[30.872,30.8858],[30.8754,30.8944],[30.9141,30.8999],[30.906,30.9008],[30.905,30.9118],[30.9252,30.9104],[30.9252,30.9219],[30.8986,30.9598],[30.8852,30.9649],[30.8858,30.9865],[30.8505,30.9939],[30.8454,31.0008],[30.8546,31.0109],[30.822,31.0195],[30.8,31.0141],[30.7863,31.0439],[30.7623,31.0422],[30.7634,31.0326],[30.7395,31.0093],[30.7607,30.9926],[30.7475,30.9664],[30.7837,30.93],[30.7635,30.8988]]]}},{"type":"Feature","properties":{"gid":"EGY.5.6_1","provZh":"西部省","name2":"Kafr az-Zayyat","type2":"Markaz","engtype2":"Subdivision"},"geometry":{"type":"Polygon","coordinates":[[[30.7635,30.8227],[30.7709,30.8168],[30.7937,30.8281],[30.8124,30.8223],[30.7547,30.773],[30.762,30.7574],[30.7828,30.763],[30.7964,30.7515],[30.7895,30.7339],[30.7623,30.7192],[30.7908,30.6952],[30.8051,30.7177],[30.8147,30.7179],[30.8178,30.7355],[30.8263,30.7184],[30.8478,30.718],[30.856,30.7348],[30.8702,30.7164],[30.8958,30.7239],[30.8867,30.7369],[30.8957,30.7394],[30.8953,30.7896],[30.8843,30.7913],[30.8755,30.8081],[30.882,30.8335],[30.8715,30.846],[30.8836,30.8492],[30.885,30.8622],[30.8732,30.8643],[30.872,30.8858],[30.8517,30.8756],[30.8466,30.9046],[30.8243,30.9053],[30.8248,30.8927],[30.8076,30.9163],[30.7945,30.9056],[30.7777,30.9086],[30.7829,30.8902],[30.7635,30.8988],[30.7569,30.8798],[30.7924,30.865],[30.7635,30.8227]]]}},{"type":"Feature","properties":{"gid":"EGY.5.7_1","provZh":"西部省","name2":"Qutur","type2":"Markaz","engtype2":"Subdivision"},"geometry":{"type":"Polygon","coordinates":[[[31.0253,31.035],[31.0008,31.0445],[30.9807,31.045],[30.9722,31.0378],[30.9487,31.0512],[30.911,31.0296],[30.9061,31.0115],[30.899,31.0209],[30.8823,31.0164],[30.8703,31.0216],[30.8693,31.0303],[30.8563,31.0285],[30.8546,31.0109],[30.8454,31.0008],[30.8505,30.9939],[30.8858,30.9865],[30.8852,30.9649],[30.8986,30.9598],[30.9252,30.9219],[30.9252,30.9104],[30.905,30.9118],[30.906,30.9008],[30.9638,30.9004],[30.9687,30.89],[30.978,30.9043],[30.992,30.8927],[31.016,30.9154],[31.0332,30.913],[31.0528,30.8953],[31.075,30.8977],[31.071,30.9363],[31.0535,30.9412],[31.0547,30.9757],[31.0383,30.9799],[31.0538,31.011],[31.0253,31.035]]]}},{"type":"Feature","properties":{"gid":"EGY.5.8_1","provZh":"西部省","name2":"Samannud","type2":"Markaz","engtype2":"Subdivision"},"geometry":{"type":"Polygon","coordinates":[[[31.3038,30.9994],[31.3168,31.0156],[31.2972,31.0387],[31.3059,31.0544],[31.2976,31.0599],[31.2679,31.0564],[31.2571,31.0432],[31.2397,31.0559],[31.2186,31.0555],[31.2016,31.0426],[31.1999,31.0228],[31.231,31.0013],[31.2173,30.9936],[31.2131,30.9729],[31.2042,30.9663],[31.2076,30.9562],[31.1935,30.9335],[31.1997,30.9273],[31.1961,30.9057],[31.1872,30.9009],[31.1941,30.8924],[31.1893,30.8872],[31.1761,30.892],[31.1742,30.8794],[31.1578,30.8779],[31.1699,30.8751],[31.1701,30.8666],[31.183,30.8589],[31.2039,30.8598],[31.2038,30.8499],[31.2213,30.8539],[31.2244,30.8414],[31.2548,30.8475],[31.249,30.8687],[31.2348,30.8775],[31.249,30.8868],[31.2346,30.8989],[31.2611,30.9157],[31.2631,30.9281],[31.2396,30.9517],[31.257,30.9689],[31.2969,30.9813],[31.3038,30.9994]]]}},{"type":"Feature","properties":{"gid":"EGY.5.9_1","provZh":"西部省","name2":"Tanta","type2":"Markaz","engtype2":"Subdivision"},"geometry":{"type":"Polygon","coordinates":[[[31.075,30.8977],[31.0528,30.8953],[31.0332,30.913],[31.016,30.9154],[30.992,30.8927],[30.978,30.9043],[30.9687,30.89],[30.9638,30.9004],[30.8754,30.8944],[30.8732,30.8643],[30.885,30.8622],[30.8836,30.8492],[30.8715,30.846],[30.882,30.8335],[30.8755,30.8081],[30.8843,30.7913],[30.8953,30.7896],[30.8957,30.7394],[30.9497,30.7466],[30.9667,30.7295],[30.9626,30.7182],[30.9708,30.7277],[30.9795,30.724],[30.9759,30.7115],[30.986,30.7034],[31.0009,30.7137],[31.0238,30.7037],[31.0324,30.7074],[31.0412,30.7233],[31.0421,30.7513],[31.049,30.7481],[31.0534,30.7625],[31.0778,30.7675],[31.0489,30.7878],[31.062,30.8346],[31.09,30.8625],[31.1115,30.8654],[31.1091,30.8724],[31.0947,30.8781],[31.1001,30.8949],[31.075,30.8977]],[[30.9954,30.7676],[30.9703,30.7718],[30.9744,30.7959],[30.9916,30.8052],[30.9921,30.8236],[31.0271,30.8058],[31.017,30.7728],[30.9954,30.7676]]]}},{"type":"Feature","properties":{"gid":"EGY.5.10_1","provZh":"西部省","name2":"Tanta 1","type2":"Kism","engtype2":"Subdivision"},"geometry":{"type":"Polygon","coordinates":[[[30.9916,30.8052],[31.0065,30.7807],[30.9954,30.7676],[31.017,30.7728],[31.0271,30.8058],[30.9921,30.8236],[30.9916,30.8052]]]}},{"type":"Feature","properties":{"gid":"EGY.5.11_1","provZh":"西部省","name2":"Tanta 2","type2":"Kism","engtype2":"Subdivision"},"geometry":{"type":"Polygon","coordinates":[[[30.9916,30.8052],[30.9744,30.7959],[30.9703,30.7718],[30.9954,30.7676],[31.0065,30.7807],[30.9916,30.8052]]]}},{"type":"Feature","properties":{"gid":"EGY.5.12_1","provZh":"西部省","name2":"Zifta","type2":"Markaz","engtype2":"Subdivision"},"geometry":{"type":"Polygon","coordinates":[[[31.2244,30.8414],[31.2213,30.8539],[31.2038,30.8499],[31.2039,30.8598],[31.183,30.8589],[31.1701,30.8666],[31.1699,30.8751],[31.1597,30.8763],[31.1483,30.8593],[31.1737,30.8445],[31.1704,30.8166],[31.1542,30.809],[31.1547,30.7931],[31.1643,30.7825],[31.158,30.7479],[31.1764,30.734],[31.1677,30.704],[31.1735,30.6831],[31.1539,30.6694],[31.1984,30.6442],[31.1941,30.6394],[31.1805,30.6472],[31.1812,30.6312],[31.2077,30.6289],[31.2259,30.6133],[31.2278,30.5991],[31.2567,30.5798],[31.2644,30.5891],[31.2642,30.6152],[31.2777,30.6479],[31.2764,30.6698],[31.2713,30.6927],[31.2519,30.7159],[31.2541,30.7371],[31.2269,30.7568],[31.2383,30.7777],[31.2185,30.832],[31.2244,30.8414]]]}},{"type":"Feature","properties":{"gid":"EGY.6.1_1","provZh":"亚历山大省","name2":"Ad-Dukhaylah","type2":"Kism","engtype2":"Subdivision"},"geometry":{"type":"Polygon","coordinates":[[[29.7388,31.1018],[29.7652,31.0782],[29.7857,31.1021],[29.7988,31.0888],[29.7964,31.0826],[29.855,31.1221],[29.8528,31.1584],[29.8115,31.1335],[29.811,31.1404],[29.8021,31.1365],[29.8015,31.1443],[29.794,31.1354],[29.799,31.1465],[29.791,31.1424],[29.7871,31.1465],[29.7943,31.1507],[29.7896,31.1504],[29.7668,31.1213],[29.7388,31.1018]]]}},{"type":"Feature","properties":{"gid":"EGY.6.2_1","provZh":"亚历山大省","name2":"Al-'Amriyah","type2":"Kism","engtype2":"Subdivision"},"geometry":{"type":"Polygon","coordinates":[[[29.9362,31.057],[29.9863,31.1394],[29.9892,31.1843],[29.9385,31.1678],[29.929,31.1813],[29.8989,31.1686],[29.8726,31.1481],[29.8653,31.157],[29.8517,31.1452],[29.855,31.1221],[29.7964,31.0826],[29.7988,31.0888],[29.7857,31.1021],[29.7652,31.0782],[29.7385,31.1018],[29.6693,31.0568],[29.6822,31.0307],[29.6344,31.0012],[29.6372,30.933],[29.6982,30.9697],[29.7545,30.9663],[29.6394,30.883],[29.6393,30.8408],[29.7176,30.7693],[29.8305,30.7334],[29.9244,30.7591],[29.9592,30.7889],[29.9162,30.8288],[29.8515,30.9312],[29.9119,30.9553],[29.9057,30.9642],[29.9167,30.9801],[29.9024,31.0002],[29.9362,31.057]]]}},{"type":"Feature","properties":{"gid":"EGY.6.3_1","provZh":"亚历山大省","name2":"Al-'Atarin","type2":"Kism","engtype2":"Subdivision"},"geometry":{"type":"Polygon","coordinates":[[[29.8999,31.1896],[29.9139,31.1961],[29.9059,31.2076],[29.8952,31.1963],[29.8999,31.1896]]]}},{"type":"Feature","properties":{"gid":"EGY.6.4_1","provZh":"亚历山大省","name2":"Al-Jumruk","type2":"Kism","engtype2":"Subdivision"},"geometry":{"type":"Polygon","coordinates":[[[29.856,31.1887],[29.8732,31.2019],[29.8862,31.1919],[29.8865,31.214],[29.8621,31.2004],[29.856,31.1887]]]}},{"type":"Feature","properties":{"gid":"EGY.6.5_1","provZh":"亚历山大省","name2":"Al-Laban","type2":"Kism","engtype2":"Subdivision"},"geometry":{"type":"Polygon","coordinates":[[[29.8952,31.1963],[29.8834,31.1885],[29.8999,31.1896],[29.8952,31.1963]]]}},{"type":"Feature","properties":{"gid":"EGY.6.6_1","provZh":"亚历山大省","name2":"Al-Manshiyah","type2":"Kism","engtype2":"Subdivision"},"geometry":{"type":"Polygon","coordinates":[[[29.8972,31.201],[29.889,31.2015],[29.8883,31.1951],[29.8972,31.201]]]}},{"type":"Feature","properties":{"gid":"EGY.6.7_1","provZh":"亚历山大省","name2":"Al-Muntazah","type2":"Kism","engtype2":"Subdivision"},"geometry":{"type":"Polygon","coordinates":[[[30.0803,31.2804],[30.0893,31.2813],[30.0715,31.309],[30.0707,31.3174],[30.0765,31.3185],[30.0729,31.3262],[30.0815,31.3271],[30.0793,31.3312],[30.047,31.3174],[30.0435,31.3135],[30.0488,31.3079],[30.0365,31.294],[30.0118,31.2904],[30.0085,31.2793],[29.9868,31.2707],[29.9865,31.2638],[29.9731,31.2543],[29.9937,31.2416],[29.9944,31.2198],[30.0417,31.197],[30.0475,31.2105],[30.0543,31.2093],[30.0803,31.2804]]]}},{"type":"Feature","properties":{"gid":"EGY.6.8_1","provZh":"亚历山大省","name2":"Ar-Raml 1","type2":"Kism","engtype2":"Subdivision"},"geometry":{"type":"Polygon","coordinates":[[[29.9937,31.2416],[29.9726,31.2543],[29.9492,31.2343],[29.9576,31.231],[29.9703,31.2433],[29.9699,31.2356],[29.9837,31.2424],[29.9762,31.2315],[29.9944,31.2198],[29.9937,31.2416]]]}},{"type":"Feature","properties":{"gid":"EGY.6.9_1","provZh":"亚历山大省","name2":"Ar-Raml 2","type2":"Kism","engtype2":"Subdivision"},"geometry":{"type":"Polygon","coordinates":[[[30.0417,31.197],[29.9762,31.2315],[29.9837,31.2424],[29.9699,31.2356],[29.9703,31.2433],[29.9576,31.231],[29.962,31.2188],[29.9884,31.209],[29.9542,31.1978],[29.9679,31.1793],[30.0369,31.1854],[30.0417,31.197]]]}},{"type":"Feature","properties":{"gid":"EGY.6.10_1","provZh":"亚历山大省","name2":"Bab Sharqi","type2":"Kism","engtype2":"Subdivision"},"geometry":{"type":"Polygon","coordinates":[[[29.9139,31.1961],[29.926,31.2002],[29.939,31.1887],[29.9542,31.1978],[29.9349,31.2036],[29.931,31.2218],[29.9126,31.2099],[29.9021,31.214],[29.9139,31.1961]]]}},{"type":"Feature","properties":{"gid":"EGY.6.11_1","provZh":"亚历山大省","name2":"Burj al-'Arab","type2":"Kism","engtype2":"Subdivision"},"geometry":{"type":"Polygon","coordinates":[[[29.6373,30.8613],[29.5874,30.8352],[29.5327,30.8283],[29.5222,30.8357],[29.5181,30.8638],[29.522,30.8771],[29.5646,30.8852],[29.5824,30.8955],[29.5886,30.91],[29.6372,30.933],[29.6344,31.0012],[29.6822,31.0307],[29.6682,31.0535],[29.5482,30.9718],[29.3793,30.8921],[29.396,30.8599],[29.4719,30.7929],[29.5101,30.7485],[29.7176,30.7693],[29.6393,30.8408],[29.6373,30.8613]]]}},{"type":"Feature","properties":{"gid":"EGY.6.12_1","provZh":"亚历山大省","name2":"Karmuz","type2":"Kism","engtype2":"Subdivision"},"geometry":{"type":"Polygon","coordinates":[[[29.9163,31.1758],[29.8999,31.1896],[29.8922,31.1865],[29.8898,31.1758],[29.8989,31.1686],[29.9163,31.1758]]]}},{"type":"Feature","properties":{"gid":"EGY.6.13_1","provZh":"亚历山大省","name2":"Muharam Bik","type2":"Kism","engtype2":"Subdivision"},"geometry":{"type":"Polygon","coordinates":[[[29.9679,31.1793],[29.9542,31.1978],[29.939,31.1887],[29.926,31.2002],[29.9026,31.1884],[29.9163,31.1758],[29.929,31.1813],[29.9385,31.1678],[29.9679,31.1793]]]}},{"type":"Feature","properties":{"gid":"EGY.6.14_1","provZh":"亚历山大省","name2":"New Burj al-'Arab City","type2":"City","engtype2":"Subdivision"},"geometry":{"type":"Polygon","coordinates":[[[29.6372,30.933],[29.5886,30.91],[29.5824,30.8955],[29.5646,30.8852],[29.522,30.8771],[29.5222,30.8357],[29.5327,30.8283],[29.5874,30.8352],[29.6373,30.8613],[29.6394,30.883],[29.7545,30.9663],[29.6982,30.9697],[29.6372,30.933]]]}},{"type":"Feature","properties":{"gid":"EGY.6.15_1","provZh":"亚历山大省","name2":"Port al-Basal","type2":"Kism","engtype2":"Subdivision"},"geometry":{"type":"Polygon","coordinates":[[[29.8517,31.1452],[29.8653,31.157],[29.8726,31.1481],[29.8989,31.1686],[29.8898,31.1758],[29.8922,31.1865],[29.8834,31.1885],[29.883,31.1806],[29.8528,31.1584],[29.8517,31.1452]]]}},{"type":"Feature","properties":{"gid":"EGY.6.16_1","provZh":"亚历山大省","name2":"Port Alexandria Police Departmen","type2":"Police-administered area","engtype2":"Subdivision"},"geometry":{"type":"Polygon","coordinates":[[[29.8519,31.1601],[29.883,31.1806],[29.8862,31.1919],[29.8732,31.2019],[29.856,31.1887],[29.8726,31.1982],[29.8774,31.1951],[29.8671,31.1854],[29.8754,31.1821],[29.856,31.1712],[29.8519,31.1601]]]}},{"type":"Feature","properties":{"gid":"EGY.6.17_1","provZh":"亚历山大省","name2":"Sidi Jabir","type2":"Kism","engtype2":"Subdivision"},"geometry":{"type":"Polygon","coordinates":[[[29.9485,31.2346],[29.9312,31.2221],[29.9349,31.2036],[29.9542,31.1978],[29.9884,31.209],[29.962,31.2188],[29.9576,31.231],[29.9485,31.2346]]]}},{"type":"Feature","properties":{"gid":"EGY.6.18_1","provZh":"亚历山大省","name2":"Unorganized in Al Iskandariyah","type2":"unorganized","engtype2":"Subdivision"},"geometry":{"type":"Polygon","coordinates":[[[29.9244,30.7591],[29.8305,30.7334],[29.7176,30.7693],[29.6252,30.76],[29.6328,30.2628],[29.7189,30.4983],[29.9395,30.5893],[29.8668,30.646],[29.9605,30.7309],[29.9244,30.7591]]]}},{"type":"Feature","properties":{"gid":"EGY.7.1_1","provZh":"伊斯梅利亚省","name2":"Al-Qantarah","type2":"Markaz","engtype2":"Subdivision"},"geometry":{"type":"Polygon","coordinates":[[[32.3167,30.901],[32.1782,30.8974],[32.1591,30.6779],[32.1748,30.6258],[32.1195,30.6064],[32.1191,30.5981],[32.1488,30.5863],[32.1503,30.5946],[32.1719,30.602],[32.1837,30.5897],[32.1748,30.5817],[32.2247,30.5773],[32.226,30.5896],[32.2532,30.5984],[32.2462,30.6254],[32.2576,30.6407],[32.3328,30.6411],[32.3485,30.7038],[32.3228,30.7971],[32.3235,30.8898],[32.3167,30.901]]]}},{"type":"Feature","properties":{"gid":"EGY.7.2_1","provZh":"伊斯梅利亚省","name2":"Al-Qantarah ash-Sharqiyah","type2":"Kism","engtype2":"Subdivision"},"geometry":{"type":"Polygon","coordinates":[[[32.3174,30.9116],[32.3235,30.8898],[32.3228,30.7971],[32.3485,30.7038],[32.3161,30.5858],[32.3123,30.55],[32.3455,30.5013],[32.371,30.3634],[32.3838,30.3367],[32.46,30.2601],[32.4975,30.2479],[32.5673,30.2855],[32.7951,30.2456],[32.8118,30.1947],[32.9235,30.1973],[32.9327,30.2362],[32.7808,30.5866],[32.7255,30.7539],[32.5991,30.9341],[32.526,31.0022],[32.3174,30.9116]]]}},{"type":"Feature","properties":{"gid":"EGY.7.3_1","provZh":"伊斯梅利亚省","name2":"At-Tall al-Kabir","type2":"Markaz","engtype2":"Subdivision"},"geometry":{"type":"Polygon","coordinates":[[[32.0525,30.2582],[32.0568,30.4364],[32.0703,30.5547],[32.0655,30.5633],[31.9765,30.5755],[31.866,30.5553],[31.7716,30.5733],[31.7527,30.558],[31.7565,30.5259],[31.7656,30.5182],[31.809,30.5238],[31.8206,30.5128],[31.822,30.4948],[31.7985,30.4822],[31.7989,30.4743],[31.8398,30.2715],[32.0525,30.2582]]]}},{"type":"Feature","properties":{"gid":"EGY.7.4_1","provZh":"伊斯梅利亚省","name2":"Fa'id","type2":"Markaz","engtype2":"Subdivision"},"geometry":{"type":"Polygon","coordinates":[[[32.3455,30.5013],[32.3435,30.4936],[32.3135,30.4899],[32.3189,30.4734],[32.31,30.4714],[32.3134,30.4289],[32.2783,30.3949],[32.2708,30.3449],[32.3113,30.2809],[32.3874,30.2421],[32.438,30.2341],[32.4488,30.2388],[32.472,30.229],[32.4975,30.2479],[32.46,30.2601],[32.3838,30.3367],[32.371,30.3634],[32.3455,30.5013]]]}},{"type":"Feature","properties":{"gid":"EGY.7.5_1","provZh":"伊斯梅利亚省","name2":"Ismailia","type2":"Markaz","engtype2":"Subdivision"},"geometry":{"type":"Polygon","coordinates":[[[32.1195,30.6064],[32.109,30.5958],[32.117,30.5935],[32.1278,30.5626],[32.0703,30.5547],[32.0568,30.4364],[32.0525,30.2582],[32.2087,30.2482],[32.3174,30.2565],[32.3874,30.2421],[32.3113,30.2809],[32.2708,30.3449],[32.2783,30.3949],[32.3134,30.4289],[32.31,30.4714],[32.3189,30.4734],[32.3135,30.4899],[32.3435,30.4936],[32.3455,30.5013],[32.3123,30.55],[32.3161,30.5858],[32.2682,30.5879],[32.2452,30.5741],[32.1748,30.5817],[32.1837,30.5897],[32.1719,30.602],[32.1503,30.5946],[32.1488,30.5863],[32.1191,30.5981],[32.1195,30.6064]]]}},{"type":"Feature","properties":{"gid":"EGY.7.6_1","provZh":"伊斯梅利亚省","name2":"Ismailia 1","type2":"Kism","engtype2":"Subdivision"},"geometry":{"type":"Polygon","coordinates":[[[32.3219,30.641],[32.3112,30.6133],[32.2931,30.5968],[32.2574,30.5866],[32.2532,30.5984],[32.226,30.5896],[32.2247,30.5773],[32.2452,30.5741],[32.2682,30.5879],[32.3161,30.5858],[32.3328,30.6411],[32.3219,30.641]]]}},{"type":"Feature","properties":{"gid":"EGY.7.7_1","provZh":"伊斯梅利亚省","name2":"Ismailia 2","type2":"Kism","engtype2":"Subdivision"},"geometry":{"type":"Polygon","coordinates":[[[32.2532,30.5984],[32.2574,30.5866],[32.2782,30.5957],[32.2706,30.6187],[32.256,30.6162],[32.2558,30.6224],[32.2846,30.6268],[32.3112,30.6133],[32.3219,30.641],[32.2576,30.6407],[32.2462,30.6254],[32.2532,30.5984]]]}},{"type":"Feature","properties":{"gid":"EGY.7.8_1","provZh":"伊斯梅利亚省","name2":"Ismailia 3","type2":"Kism","engtype2":"Subdivision"},"geometry":{"type":"Polygon","coordinates":[[[32.3112,30.6133],[32.2846,30.6268],[32.2558,30.6224],[32.256,30.6162],[32.2706,30.6187],[32.2782,30.5957],[32.2931,30.5968],[32.3112,30.6133]]]}},{"type":"Feature","properties":{"gid":"EGY.8.1_1","provZh":"吉萨省","name2":"Ad-Duqi","type2":"Kism","engtype2":"Subdivision"},"geometry":{"type":"Polygon","coordinates":[[[31.1945,30.0457],[31.2022,30.0288],[31.2291,30.0361],[31.2049,30.0565],[31.1945,30.0457]]]}},{"type":"Feature","properties":{"gid":"EGY.8.2_1","provZh":"吉萨省","name2":"Al-'Ajuzah","type2":"Kism","engtype2":"Subdivision"},"geometry":{"type":"Polygon","coordinates":[[[31.2201,30.048],[31.2168,30.0679],[31.2014,30.0736],[31.1927,30.0689],[31.1945,30.0457],[31.2049,30.0565],[31.2201,30.048]]]}},{"type":"Feature","properties":{"gid":"EGY.8.3_1","provZh":"吉萨省","name2":"Al-'Ayyat","type2":"Markaz","engtype2":"Subdivision"},"geometry":{"type":"Polygon","coordinates":[[[31.1785,29.4321],[31.2017,29.4019],[31.2282,29.3997],[31.2072,29.4378],[31.2385,29.4618],[31.2633,29.5209],[31.2833,29.5455],[31.2673,29.5883],[31.2706,29.6266],[31.3018,29.668],[31.2673,29.7144],[31.2667,29.7264],[31.2268,29.7247],[31.2373,29.7003],[31.2228,29.6582],[31.2116,29.6499],[31.2239,29.6326],[31.2267,29.5686],[31.2138,29.5612],[31.2085,29.5266],[31.2222,29.5046],[31.2153,29.4943],[31.2053,29.4943],[31.1972,29.4712],[31.1743,29.4485],[31.1785,29.4321]]]}},{"type":"Feature","properties":{"gid":"EGY.8.4_1","provZh":"吉萨省","name2":"Al-'Umraniyah","type2":"Kism","engtype2":"Subdivision"},"geometry":{"type":"Polygon","coordinates":[[[31.1642,29.9789],[31.1843,29.9698],[31.1956,29.9838],[31.2101,29.9854],[31.2065,30.0164],[31.1478,29.995],[31.1642,29.9789]]]}},{"type":"Feature","properties":{"gid":"EGY.8.5_1","provZh":"吉萨省","name2":"Al-Ahram","type2":"Kism","engtype2":"Subdivision"},"geometry":{"type":"Polygon","coordinates":[[[31.18,30.0072],[31.1527,30.0171],[31.1455,30.03],[31.1375,30.0284],[31.1402,30.013],[31.1325,30.0058],[31.1247,30.0134],[31.1177,29.9981],[31.1252,29.9928],[31.1191,29.9834],[31.1395,29.9809],[31.1505,29.9509],[31.1616,29.9554],[31.1547,29.9644],[31.1642,29.9789],[31.1478,29.995],[31.18,30.0072]]]}},{"type":"Feature","properties":{"gid":"EGY.8.6_1","provZh":"吉萨省","name2":"Al-Badrashayn","type2":"Markaz","engtype2":"Subdivision"},"geometry":{"type":"Polygon","coordinates":[[[31.2667,29.7264],[31.2692,29.7458],[31.2898,29.771],[31.2961,29.8041],[31.2958,29.8418],[31.2833,29.8833],[31.2731,29.8856],[31.2707,29.8717],[31.2638,29.8703],[31.2644,29.8807],[31.2394,29.8866],[31.2226,29.9059],[31.1949,29.9234],[31.1857,29.9135],[31.2082,29.8959],[31.2111,29.8753],[31.2223,29.8653],[31.2118,29.8467],[31.2224,29.8399],[31.2272,29.8187],[31.2032,29.8116],[31.2284,29.8024],[31.2214,29.7755],[31.2268,29.7247],[31.2667,29.7264]]]}},{"type":"Feature","properties":{"gid":"EGY.8.7_1","provZh":"吉萨省","name2":"Al-Hawamidiyah","type2":"Kism","engtype2":"Subdivision"},"geometry":{"type":"Polygon","coordinates":[[[31.2833,29.8833],[31.2779,29.9329],[31.2543,29.9254],[31.2388,29.9081],[31.2306,29.9127],[31.2226,29.9059],[31.2394,29.8866],[31.2644,29.8807],[31.2638,29.8703],[31.2707,29.8717],[31.2731,29.8856],[31.2833,29.8833]]]}},{"type":"Feature","properties":{"gid":"EGY.8.8_1","provZh":"吉萨省","name2":"Al-Wahat al-Bahariyah","type2":"Kism","engtype2":"Subdivision"},"geometry":{"type":"MultiPolygon","coordinates":[[[[28.6969,28.0803],[28.7118,28.0573],[28.7439,28.0721],[28.726,28.0908],[28.6969,28.0803]]],[[[28.6128,28.1449],[28.5906,28.1375],[28.6008,28.1144],[28.6299,28.1264],[28.6182,28.1467],[28.6128,28.1449]]],[[[28.5049,28.1802],[28.5182,28.1586],[28.5441,28.1704],[28.5339,28.1935],[28.5049,28.1802]]],[[[28.6627,28.199],[28.673,28.1746],[28.7018,28.192],[28.6795,28.2051],[28.6627,28.199]]],[[[28.6698,28.3282],[28.6836,28.3072],[28.7086,28.3207],[28.6911,28.346],[28.6668,28.3328],[28.6698,28.3282]]],[[[28.7596,28.3724],[28.747,28.3669],[28.7601,28.3583],[28.7669,28.3658],[28.7596,28.3724]]],[[[28.7623,28.4012],[28.7427,28.3944],[28.7489,28.3806],[28.7684,28.3874],[28.7623,28.4012]]],[[[28.9521,28.3686],[28.9348,28.3617],[28.9466,28.3372],[28.9727,28.349],[28.9609,28.3721],[28.9521,28.3686]]],[[[29.1602,28.4619],[29.134,28.4529],[29.1443,28.427],[29.1719,28.4388],[29.1602,28.4619]]],[[[28.857,28.4324],[28.8819,28.4371],[28.8972,28.4894],[28.8593,28.4935],[28.8598,28.4651],[28.8339,28.4555],[28.8236,28.4716],[28.7732,28.445],[28.7253,28.4488],[28.7154,28.406],[28.7634,28.42],[28.7889,28.4044],[28.8241,28.4263],[28.857,28.4324]]],[[[29.1393,28.5219],[29.1101,28.5087],[29.1266,28.4858],[29.1448,28.4973],[29.1393,28.5219]]],[[[28.8028,28.5425],[28.8135,28.5215],[28.8414,28.5327],[28.8252,28.5592],[28.7995,28.5489],[28.8028,28.5425]]],[[[29.0451,28.6191],[29.0299,28.6144],[29.0574,28.5864],[29.1109,28.6108],[29.0621,28.6243],[29.0451,28.6191]]]]}},{"type":"Feature","properties":{"gid":"EGY.8.9_1","provZh":"吉萨省","name2":"Al-Warraq","type2":"Kism","engtype2":"Subdivision"},"geometry":{"type":"Polygon","coordinates":[[[31.1927,30.0689],[31.1854,30.0698],[31.183,30.0812],[31.2052,30.0872],[31.2039,30.0964],[31.2203,30.0977],[31.2323,30.0866],[31.2419,30.1056],[31.2283,30.1284],[31.17,30.1413],[31.1302,30.1776],[31.1228,30.1673],[31.1305,30.1599],[31.0961,30.1517],[31.0992,30.1293],[31.1185,30.1057],[31.1363,30.0977],[31.1355,30.0896],[31.1488,30.0886],[31.1571,30.0677],[31.191,30.0612],[31.1927,30.0689]]]}},{"type":"Feature","properties":{"gid":"EGY.8.10_1","provZh":"吉萨省","name2":"As-Saff","type2":"Markaz","engtype2":"Subdivision"},"geometry":{"type":"Polygon","coordinates":[[[31.2522,29.49],[31.2665,29.4881],[31.274,29.4682],[31.2876,29.4732],[31.3056,29.5056],[31.2994,29.5241],[31.313,29.5561],[31.306,29.5829],[31.3246,29.5847],[31.3292,29.5943],[31.3218,29.596],[31.3367,29.623],[31.3294,29.6526],[31.3325,29.6943],[31.3172,29.7124],[31.321,29.7609],[31.308,29.7541],[31.2984,29.7717],[31.2898,29.771],[31.2692,29.7458],[31.2673,29.7144],[31.3018,29.668],[31.2706,29.6266],[31.2673,29.5883],[31.2833,29.5455],[31.2633,29.5209],[31.2522,29.49]]]}},{"type":"Feature","properties":{"gid":"EGY.8.11_1","provZh":"吉萨省","name2":"Atfih","type2":"Markaz","engtype2":"Subdivision"},"geometry":{"type":"Polygon","coordinates":[[[31.2282,29.3997],[31.234,29.378],[31.2139,29.3449],[31.2213,29.2593],[31.213,29.2461],[31.2135,29.2201],[31.2022,29.2027],[31.2088,29.1959],[31.247,29.2522],[31.2381,29.2587],[31.2371,29.3062],[31.2819,29.3312],[31.2853,29.3554],[31.2773,29.3621],[31.2743,29.3863],[31.3003,29.3993],[31.277,29.4067],[31.2925,29.4351],[31.2876,29.4732],[31.274,29.4682],[31.2665,29.4881],[31.2522,29.49],[31.2385,29.4618],[31.2072,29.4378],[31.2282,29.3997]]]}},{"type":"Feature","properties":{"gid":"EGY.8.12_1","provZh":"吉萨省","name2":"Bulaq al-Dakrur","type2":"Kism","engtype2":"Subdivision"},"geometry":{"type":"Polygon","coordinates":[[[31.1945,30.0457],[31.1782,30.0525],[31.1835,30.0392],[31.1738,30.0259],[31.18,30.0072],[31.2065,30.0164],[31.1945,30.0457]]]}},{"type":"Feature","properties":{"gid":"EGY.8.13_1","provZh":"吉萨省","name2":"Giza","type2":"Markaz","engtype2":"Subdivision"},"geometry":{"type":"Polygon","coordinates":[[[31.2022,30.0288],[31.2101,29.9854],[31.1956,29.9838],[31.1843,29.9698],[31.1642,29.9789],[31.1547,29.9644],[31.1616,29.9554],[31.1505,29.9509],[31.1857,29.9135],[31.1949,29.9234],[31.2226,29.9059],[31.2306,29.9127],[31.2388,29.9081],[31.2543,29.9254],[31.2779,29.9329],[31.2408,29.9619],[31.227,29.9965],[31.2233,30.0325],[31.2022,30.0288]]]}},{"type":"Feature","properties":{"gid":"EGY.8.14_1","provZh":"吉萨省","name2":"Imbabah","type2":"Kism","engtype2":"Subdivision"},"geometry":{"type":"MultiPolygon","coordinates":[[[[31.2144,30.0688],[31.2323,30.0866],[31.2203,30.0977],[31.2039,30.0964],[31.2052,30.0872],[31.183,30.0812],[31.1854,30.0698],[31.2014,30.0736],[31.2144,30.0688]]],[[[31.1265,30.1724],[31.1302,30.1776],[31.0882,30.2103],[31.0653,30.2204],[31.0157,30.1974],[30.9993,30.2045],[30.9725,30.2284],[30.9569,30.2824],[30.9152,30.2863],[30.9227,30.3124],[30.9175,30.3346],[30.8766,30.3403],[30.8439,30.3245],[30.8293,30.3304],[30.8206,30.3461],[30.8095,30.3424],[30.8369,30.2959],[30.9211,30.2457],[31.0699,30.0943],[31.1185,30.1057],[31.0992,30.1293],[31.0961,30.1517],[31.1305,30.1599],[31.1228,30.1673],[31.1265,30.1724]]]]}},{"type":"Feature","properties":{"gid":"EGY.8.15_1","provZh":"吉萨省","name2":"Kirdasah","type2":"Markaz","engtype2":"Subdivision"},"geometry":{"type":"Polygon","coordinates":[[[31.191,30.0612],[31.1571,30.0677],[31.1488,30.0886],[31.1355,30.0896],[31.1363,30.0977],[31.1185,30.1057],[31.0699,30.0943],[31.0637,30.0749],[31.102,30.0396],[31.106,30.0135],[31.1177,29.9981],[31.1247,30.0134],[31.1325,30.0058],[31.1402,30.013],[31.1375,30.0284],[31.1455,30.03],[31.1527,30.0171],[31.1776,30.0093],[31.1738,30.0259],[31.1835,30.0392],[31.1782,30.0525],[31.1939,30.0478],[31.191,30.0612]]]}},{"type":"Feature","properties":{"gid":"EGY.8.16_1","provZh":"吉萨省","name2":"Sheikh Zayed","type2":"Kism","engtype2":"Subdivision"},"geometry":{"type":"Polygon","coordinates":[[[30.9828,30.0087],[31.0245,30.0304],[30.9697,30.0892],[30.9332,30.0748],[30.9327,30.0675],[30.9828,30.0087]]]}},{"type":"Feature","properties":{"gid":"EGY.8.17_1","provZh":"吉萨省","name2":"Sixth of October 1 City","type2":"Kism","engtype2":"Subdivision"},"geometry":{"type":"Polygon","coordinates":[[[30.9723,30.0211],[30.9203,29.988],[30.9541,29.9512],[30.9909,29.9756],[31.0133,29.9713],[31.0156,29.9776],[31.0064,29.9776],[30.9723,30.0211]]]}},{"type":"Feature","properties":{"gid":"EGY.8.18_1","provZh":"吉萨省","name2":"Sixth of October 2 City","type2":"Kism","engtype2":"Subdivision"},"geometry":{"type":"Polygon","coordinates":[[[30.9203,29.988],[30.8906,29.969],[30.8965,29.9588],[30.8568,29.9339],[30.8899,29.8934],[30.9362,29.914],[30.9541,29.9512],[30.9203,29.988]]]}},{"type":"Feature","properties":{"gid":"EGY.8.19_1","provZh":"吉萨省","name2":"Unorganized in Al Jizah","type2":"unorganized","engtype2":"Subdivision"},"geometry":{"type":"MultiPolygon","coordinates":[[[[30.3498,29.8928],[30.3378,29.8773],[29.6131,29.5091],[28.7615,28.7515],[27.8309,28.5787],[27.3609,27.6758],[28.4666,27.6746],[28.7884,27.9192],[29.2559,28.1026],[29.5929,28.3213],[29.7387,28.6039],[29.7733,28.779],[29.8565,29.0913],[30.0105,29.228],[30.2408,29.4156],[30.7597,29.7301],[31.0349,29.7219],[31.1002,29.457],[31.1262,29.4218],[31.1785,29.4321],[31.1743,29.4485],[31.1972,29.4712],[31.2053,29.4943],[31.2153,29.4943],[31.2222,29.5046],[31.2085,29.5266],[31.2138,29.5612],[31.2267,29.5686],[31.2239,29.6326],[31.2116,29.6499],[31.2228,29.6582],[31.2373,29.7003],[31.2268,29.7247],[31.2214,29.7755],[31.2284,29.8024],[31.2032,29.8116],[31.2272,29.8187],[31.2224,29.8399],[31.2118,29.8467],[31.2223,29.8653],[31.2111,29.8753],[31.2082,29.8959],[31.1505,29.9509],[31.1395,29.9809],[31.1191,29.9834],[31.1252,29.9928],[31.106,30.0135],[31.102,30.0396],[31.0637,30.0749],[31.0699,30.0943],[30.9211,30.2457],[30.8369,30.2959],[30.8139,30.3314],[30.3672,29.9154],[30.3498,29.8928]],[[28.7351,28.0681],[28.7118,28.0573],[28.6969,28.0803],[28.726,28.0908],[28.7439,28.0721],[28.7351,28.0681]],[[28.6299,28.1264],[28.6008,28.1144],[28.5906,28.1375],[28.6182,28.1467],[28.6299,28.1264]],[[28.5331,28.1654],[28.5182,28.1586],[28.5049,28.1802],[28.5339,28.1935],[28.5441,28.1704],[28.5331,28.1654]],[[28.7018,28.192],[28.673,28.1746],[28.6627,28.199],[28.6795,28.2051],[28.7018,28.192]],[[28.7086,28.3207],[28.6836,28.3072],[28.6668,28.3328],[28.6911,28.346],[28.7086,28.3207]],[[28.9676,28.3591],[28.9727,28.349],[28.9466,28.3372],[28.9348,28.3617],[28.9609,28.3721],[28.9676,28.3591]],[[28.7669,28.3658],[28.7601,28.3583],[28.747,28.3669],[28.7596,28.3724],[28.7669,28.3658]],[[28.7615,28.385],[28.7489,28.3806],[28.7427,28.3944],[28.7623,28.4012],[28.7684,28.3874],[28.7615,28.385]],[[29.1694,28.4378],[29.1443,28.427],[29.134,28.4529],[29.1602,28.4619],[29.1694,28.4378]],[[28.887,28.4561],[28.8819,28.4371],[28.8241,28.4263],[28.7889,28.4044],[28.7634,28.42],[28.7154,28.406],[28.7253,28.4488],[28.7732,28.445],[28.8236,28.4716],[28.8339,28.4555],[28.8598,28.4651],[28.8593,28.4935],[28.8972,28.4894],[28.887,28.4561]],[[29.1448,28.4973],[29.1266,28.4858],[29.1101,28.5087],[29.1393,28.5219],[29.1448,28.4973]],[[28.8252,28.5592],[28.8414,28.5327],[28.8135,28.5215],[28.7995,28.5489],[28.8252,28.5592]],[[29.0842,28.5962],[29.0574,28.5864],[29.0299,28.6144],[29.0621,28.6243],[29.1109,28.6108],[29.0842,28.5962]],[[31.0245,30.0304],[30.9828,30.0087],[31.0064,29.9776],[31.0156,29.9776],[31.0133,29.9713],[30.9909,29.9756],[30.9541,29.9512],[30.9362,29.914],[30.8899,29.8934],[30.8568,29.9339],[30.8965,29.9588],[30.8906,29.969],[30.9723,30.0211],[30.9327,30.0675],[30.9332,30.0748],[30.9697,30.0892],[31.0245,30.0304]]],[[[31.3056,29.5056],[31.2876,29.4732],[31.2925,29.4351],[31.277,29.4067],[31.3003,29.3993],[31.2743,29.3863],[31.2773,29.3621],[31.2853,29.3554],[31.2819,29.3312],[31.2371,29.3062],[31.2381,29.2587],[31.247,29.2522],[31.2088,29.1959],[31.4674,29.0907],[31.8346,28.9937],[31.8933,29.7337],[31.6837,29.7594],[31.5532,29.7627],[31.4368,29.7484],[31.321,29.7605],[31.3172,29.7124],[31.3325,29.6943],[31.3294,29.6526],[31.3367,29.623],[31.3218,29.596],[31.3292,29.5943],[31.3246,29.5847],[31.306,29.5829],[31.313,29.5561],[31.2994,29.5241],[31.3056,29.5056]]]]}},{"type":"Feature","properties":{"gid":"EGY.9.1_1","provZh":"米努夫省","name2":"Al-Bajur","type2":"Markaz","engtype2":"Subdivision"},"geometry":{"type":"Polygon","coordinates":[[[31.0585,30.3643],[31.0569,30.3716],[31.068,30.3768],[31.0918,30.3625],[31.1038,30.3791],[31.1136,30.3949],[31.0958,30.4198],[31.1097,30.4206],[31.1228,30.3972],[31.1331,30.4008],[31.1359,30.4179],[31.1266,30.4356],[31.1371,30.4445],[31.1301,30.4607],[31.1447,30.4667],[31.145,30.4745],[31.1303,30.4749],[31.1362,30.481],[31.1316,30.4887],[31.104,30.4779],[31.077,30.4767],[31.075,30.4828],[31.0561,30.4719],[31.0363,30.4855],[31.0075,30.4778],[31.0019,30.4569],[30.9882,30.4547],[30.9953,30.4293],[30.987,30.4198],[30.9719,30.4204],[30.9736,30.4117],[30.9921,30.4046],[30.9783,30.3923],[30.9885,30.3714],[31.0027,30.3745],[31.0167,30.347],[31.0416,30.3368],[31.0481,30.3383],[31.0414,30.3547],[31.0585,30.3643]]]}},{"type":"Feature","properties":{"gid":"EGY.9.2_1","provZh":"米努夫省","name2":"Ash-Shuhada","type2":"Markaz","engtype2":"Subdivision"},"geometry":{"type":"Polygon","coordinates":[[[30.8465,30.5264],[30.8887,30.5255],[30.9256,30.5519],[30.9186,30.5523],[30.9266,30.5673],[30.939,30.5684],[30.9548,30.5855],[30.9522,30.5962],[30.9337,30.5934],[30.9212,30.6203],[30.8857,30.652],[30.8877,30.6696],[30.8499,30.6673],[30.849,30.6583],[30.8452,30.6786],[30.8013,30.6712],[30.7872,30.6456],[30.7988,30.6255],[30.794,30.6147],[30.8166,30.5859],[30.8375,30.5849],[30.8144,30.5531],[30.8221,30.5421],[30.8487,30.5444],[30.8465,30.5264]]]}},{"type":"Feature","properties":{"gid":"EGY.9.3_1","provZh":"米努夫省","name2":"Ashmun","type2":"Markaz","engtype2":"Subdivision"},"geometry":{"type":"Polygon","coordinates":[[[31.0882,30.2103],[31.1111,30.2279],[31.1053,30.2424],[31.1191,30.2642],[31.0911,30.2807],[31.1098,30.3211],[31.0835,30.336],[31.0585,30.3643],[31.0414,30.3547],[31.0481,30.3383],[31.0416,30.3368],[31.0167,30.347],[31.0027,30.3745],[30.9827,30.3674],[30.9664,30.3785],[30.9561,30.3969],[30.9446,30.3963],[30.9433,30.3892],[30.9239,30.4002],[30.9186,30.393],[30.8727,30.3896],[30.8723,30.3739],[30.8379,30.3623],[30.8206,30.3461],[30.8293,30.3304],[30.8439,30.3245],[30.8766,30.3403],[30.9175,30.3346],[30.9227,30.3124],[30.9152,30.2863],[30.9569,30.2824],[30.9725,30.2284],[30.9993,30.2045],[31.0157,30.1974],[31.0653,30.2204],[31.0882,30.2103]]]}},{"type":"Feature","properties":{"gid":"EGY.9.4_1","provZh":"米努夫省","name2":"Birkat as-Sab'","type2":"Markaz","engtype2":"Subdivision"},"geometry":{"type":"Polygon","coordinates":[[[31.0324,30.7074],[31.0129,30.6867],[31.0263,30.6659],[31.0226,30.6477],[31.0273,30.6197],[31.0718,30.6228],[31.0635,30.6013],[31.0821,30.5858],[31.1047,30.5867],[31.112,30.5971],[31.1314,30.5953],[31.1398,30.6132],[31.1238,30.6366],[31.1509,30.645],[31.1751,30.6202],[31.1805,30.6472],[31.1941,30.6394],[31.1984,30.6442],[31.1539,30.6694],[31.1253,30.6656],[31.1,30.6738],[31.0884,30.6664],[31.0856,30.6737],[31.0941,30.6825],[31.0709,30.6962],[31.071,30.7152],[31.061,30.7164],[31.0494,30.7053],[31.0324,30.7074]]]}},{"type":"Feature","properties":{"gid":"EGY.9.5_1","provZh":"米努夫省","name2":"Minuf","type2":"Markaz","engtype2":"Subdivision"},"geometry":{"type":"Polygon","coordinates":[[[30.836,30.4855],[30.8468,30.4544],[30.839,30.4063],[30.8727,30.3896],[30.9186,30.393],[30.9239,30.4002],[30.9433,30.3892],[30.9446,30.3963],[30.9561,30.3969],[30.9664,30.3785],[30.9827,30.3674],[30.9885,30.3714],[30.9783,30.3923],[30.9921,30.4046],[30.9736,30.4117],[30.9719,30.4204],[30.9463,30.4397],[30.9472,30.4478],[30.9314,30.4474],[30.9292,30.4342],[30.9127,30.4404],[30.9172,30.4553],[30.9057,30.4616],[30.9124,30.4699],[30.9069,30.4828],[30.9158,30.4899],[30.9257,30.4827],[30.9434,30.4872],[30.9573,30.4686],[30.9882,30.4547],[31.0019,30.4569],[31.0075,30.4778],[30.9983,30.4832],[30.995,30.5099],[30.9698,30.5077],[30.9663,30.5211],[30.9459,30.5331],[30.9432,30.5472],[30.9256,30.5519],[30.8887,30.5255],[30.8465,30.5264],[30.8299,30.5006],[30.836,30.4855]]]}},{"type":"Feature","properties":{"gid":"EGY.9.6_1","provZh":"米努夫省","name2":"Minuf City","type2":"Kism","engtype2":"Subdivision"},"geometry":{"type":"Polygon","coordinates":[[[30.9472,30.4478],[30.9573,30.4686],[30.9434,30.4872],[30.9257,30.4827],[30.9158,30.4899],[30.9069,30.4828],[30.9124,30.4699],[30.9057,30.4616],[30.9172,30.4553],[30.9127,30.4404],[30.9292,30.4342],[30.9314,30.4474],[30.9472,30.4478]]]}},{"type":"Feature","properties":{"gid":"EGY.9.7_1","provZh":"米努夫省","name2":"Quwaysina","type2":"Markaz","engtype2":"Subdivision"},"geometry":{"type":"Polygon","coordinates":[[[31.1812,30.6312],[31.1751,30.6202],[31.1509,30.645],[31.1238,30.6366],[31.1398,30.6132],[31.1314,30.5953],[31.112,30.5971],[31.1047,30.5867],[31.0821,30.5858],[31.0835,30.5765],[31.0709,30.5683],[31.0834,30.5604],[31.0694,30.5568],[31.0648,30.5486],[31.0736,30.5408],[31.0588,30.5297],[31.0622,30.514],[31.0501,30.5101],[31.0721,30.505],[31.077,30.4767],[31.104,30.4779],[31.1316,30.4887],[31.1362,30.481],[31.1303,30.4749],[31.145,30.4745],[31.1484,30.4869],[31.1746,30.4984],[31.1753,30.5147],[31.1877,30.5121],[31.1809,30.5283],[31.209,30.5327],[31.225,30.5191],[31.2265,30.5486],[31.2581,30.5425],[31.2434,30.564],[31.2567,30.5798],[31.2278,30.5991],[31.2259,30.6133],[31.2077,30.6289],[31.1812,30.6312]]]}},{"type":"Feature","properties":{"gid":"EGY.9.8_1","provZh":"米努夫省","name2":"Sadat City","type2":"Markaz","engtype2":"Subdivision"},"geometry":{"type":"Polygon","coordinates":[[[30.648,30.4889],[30.5289,30.4786],[30.4859,30.3388],[30.7015,30.2277],[30.8139,30.3314],[30.8095,30.3424],[30.8379,30.3623],[30.8723,30.3739],[30.8727,30.3896],[30.839,30.4063],[30.8468,30.4544],[30.836,30.4855],[30.8008,30.4713],[30.7965,30.4536],[30.8087,30.4396],[30.797,30.4303],[30.7278,30.4333],[30.6952,30.3823],[30.6268,30.4126],[30.6664,30.4685],[30.648,30.4889]]]}},{"type":"Feature","properties":{"gid":"EGY.9.9_1","provZh":"米努夫省","name2":"Shibin al-Kawm","type2":"Markaz","engtype2":"Subdivision"},"geometry":{"type":"Polygon","coordinates":[[[31.075,30.4828],[31.0721,30.505],[31.0501,30.5101],[31.0622,30.514],[31.0588,30.5297],[31.0736,30.5408],[31.0648,30.5486],[31.0694,30.5568],[31.0834,30.5604],[31.0709,30.5683],[31.0835,30.5765],[31.0821,30.5858],[31.0635,30.6013],[31.0718,30.6228],[31.0273,30.6197],[31.0226,30.6477],[30.9904,30.6486],[30.9854,30.6423],[30.9746,30.6487],[30.9737,30.6391],[30.9634,30.6414],[30.9522,30.5962],[30.9548,30.5855],[30.939,30.5684],[30.9266,30.5673],[30.9186,30.5523],[30.9432,30.5472],[30.9459,30.5331],[30.9663,30.5211],[30.9698,30.5077],[30.995,30.5099],[30.9983,30.4832],[31.0075,30.4778],[31.0363,30.4855],[31.0561,30.4719],[31.075,30.4828]]]}},{"type":"Feature","properties":{"gid":"EGY.9.10_1","provZh":"米努夫省","name2":"Sirs al-Layyanah","type2":"Kism","engtype2":"Subdivision"},"geometry":{"type":"Polygon","coordinates":[[[30.9882,30.4547],[30.9573,30.4686],[30.9463,30.4397],[30.9719,30.4204],[30.987,30.4198],[30.9953,30.4293],[30.9882,30.4547]]]}},{"type":"Feature","properties":{"gid":"EGY.9.11_1","provZh":"米努夫省","name2":"Tala","type2":"Markaz","engtype2":"Subdivision"},"geometry":{"type":"Polygon","coordinates":[[[30.8013,30.6712],[30.8452,30.6786],[30.849,30.6583],[30.8499,30.6673],[30.8877,30.6696],[30.8857,30.652],[30.9212,30.6203],[30.9337,30.5934],[30.9522,30.5962],[30.9634,30.6414],[30.9737,30.6391],[30.9746,30.6487],[30.9854,30.6423],[30.9904,30.6486],[31.0226,30.6477],[31.0263,30.6659],[31.0129,30.6867],[31.0238,30.7037],[31.0009,30.7137],[30.986,30.7034],[30.9759,30.7115],[30.9795,30.724],[30.9708,30.7277],[30.9626,30.7182],[30.9667,30.7295],[30.9497,30.7466],[30.8867,30.7369],[30.8958,30.7239],[30.8702,30.7164],[30.856,30.7348],[30.8478,30.718],[30.8263,30.7184],[30.8178,30.7355],[30.8147,30.7179],[30.8051,30.7177],[30.7908,30.6952],[30.803,30.6844],[30.8013,30.6712]]]}},{"type":"Feature","properties":{"gid":"EGY.10.1_1","provZh":"明亚省","name2":"Abu Qurqas","type2":"Markaz","engtype2":"Subdivision"},"geometry":{"type":"Polygon","coordinates":[[[30.6687,27.9847],[30.6847,27.9079],[30.6794,27.8926],[30.6869,27.8826],[30.7073,27.8932],[30.7178,27.8865],[30.7496,27.8923],[30.7613,27.8792],[30.7605,27.87],[30.7493,27.8642],[30.7622,27.8456],[30.8015,27.8616],[30.8068,27.8544],[30.8394,27.858],[30.8645,27.8958],[30.8765,27.9648],[30.8455,28.0371],[30.8045,28.0315],[30.8015,28.0268],[30.813,28.0211],[30.7883,28.0178],[30.7762,28.0042],[30.7579,28.0157],[30.7073,27.9908],[30.6948,27.9956],[30.6687,27.9847]]]}},{"type":"Feature","properties":{"gid":"EGY.10.2_1","provZh":"明亚省","name2":"Al-'Idwah","type2":"Markaz","engtype2":"Subdivision"},"geometry":{"type":"Polygon","coordinates":[[[30.7374,28.7678],[30.7206,28.7677],[30.714,28.745],[30.6875,28.7217],[30.6758,28.6938],[30.6575,28.7035],[30.6489,28.6991],[30.6523,28.6749],[30.6359,28.653],[30.6461,28.6267],[30.7149,28.6439],[30.7412,28.6381],[30.7347,28.667],[30.7483,28.6668],[30.7697,28.6428],[30.7826,28.6817],[30.7967,28.6843],[30.802,28.7005],[30.8228,28.7],[30.8425,28.731],[30.834,28.7487],[30.8124,28.7458],[30.8119,28.7619],[30.7964,28.7563],[30.7937,28.7452],[30.7789,28.7624],[30.7374,28.7678]]]}},{"type":"Feature","properties":{"gid":"EGY.10.3_1","provZh":"明亚省","name2":"Al-Minya","type2":"Markaz","engtype2":"Subdivision"},"geometry":{"type":"Polygon","coordinates":[[[30.8455,28.0371],[30.771,28.109],[30.7741,28.1929],[30.7693,28.2095],[30.7446,28.2083],[30.7398,28.1962],[30.7349,28.2021],[30.7423,28.217],[30.727,28.2084],[30.7061,28.2167],[30.6952,28.1797],[30.6675,28.1864],[30.6066,28.1791],[30.5925,28.1593],[30.5627,28.1533],[30.5499,28.1395],[30.5442,28.1217],[30.5656,28.0934],[30.6003,28.0872],[30.6235,28.092],[30.6273,28.0848],[30.6465,28.0841],[30.625,28.0727],[30.629,28.0586],[30.6477,28.0567],[30.6416,28.0538],[30.6522,28.0439],[30.6493,28.0337],[30.6426,28.0345],[30.6437,28.0124],[30.6498,27.9983],[30.6646,27.9979],[30.6615,27.9878],[30.6687,27.9847],[30.6948,27.9956],[30.7073,27.9908],[30.7579,28.0157],[30.7762,28.0042],[30.7883,28.0178],[30.813,28.0211],[30.8015,28.0268],[30.8045,28.0315],[30.8455,28.0371]],[[30.753,28.1267],[30.7804,28.0651],[30.7715,28.0629],[30.7581,28.077],[30.7354,28.0722],[30.7363,28.0815],[30.7133,28.1104],[30.7203,28.1207],[30.753,28.1267]]]}},{"type":"Feature","properties":{"gid":"EGY.10.4_1","provZh":"明亚省","name2":"Al-Minya City","type2":"Kism","engtype2":"Subdivision"},"geometry":{"type":"Polygon","coordinates":[[[30.753,28.1267],[30.7203,28.1207],[30.7133,28.1104],[30.7363,28.0815],[30.7354,28.0722],[30.7581,28.077],[30.7715,28.0629],[30.7804,28.0651],[30.753,28.1267]]]}},{"type":"Feature","properties":{"gid":"EGY.10.5_1","provZh":"明亚省","name2":"Bani Mazar","type2":"Markaz","engtype2":"Subdivision"},"geometry":{"type":"Polygon","coordinates":[[[30.6532,28.5704],[30.6578,28.5543],[30.6504,28.5561],[30.6491,28.5469],[30.6578,28.5389],[30.6335,28.5083],[30.6515,28.4944],[30.6489,28.4562],[30.6736,28.4632],[30.6925,28.4562],[30.6975,28.4462],[30.7174,28.459],[30.7403,28.4558],[30.7598,28.4631],[30.7715,28.4523],[30.8081,28.4632],[30.8281,28.453],[30.8151,28.4504],[30.8118,28.4407],[30.8462,28.4264],[30.8644,28.4648],[30.8625,28.5075],[30.8545,28.518],[30.8702,28.5108],[30.87,28.5196],[30.8789,28.5175],[30.8534,28.5789],[30.8356,28.5714],[30.8153,28.5881],[30.7795,28.5643],[30.7726,28.5508],[30.7656,28.5613],[30.7289,28.5734],[30.7391,28.5814],[30.7386,28.6003],[30.7203,28.6045],[30.6917,28.586],[30.6873,28.5744],[30.6532,28.5704]]]}},{"type":"Feature","properties":{"gid":"EGY.10.6_1","provZh":"明亚省","name2":"Dayr Mawas","type2":"Markaz","engtype2":"Subdivision"},"geometry":{"type":"Polygon","coordinates":[[[30.7188,27.7043],[30.6876,27.6765],[30.6872,27.6517],[30.6805,27.6534],[30.68,27.6313],[30.6733,27.6321],[30.6761,27.6076],[30.7122,27.6103],[30.7106,27.601],[30.7309,27.6022],[30.7274,27.6279],[30.7326,27.6297],[30.7562,27.6097],[30.7602,27.6163],[30.773,27.6109],[30.7907,27.5933],[30.8027,27.5991],[30.8298,27.5907],[30.8315,27.6068],[30.8401,27.6124],[30.8532,27.6025],[30.8773,27.6077],[30.9063,27.6578],[30.9008,27.6831],[30.8902,27.6935],[30.8474,27.6862],[30.8427,27.6982],[30.8281,27.6904],[30.8274,27.7117],[30.7921,27.6999],[30.7875,27.6593],[30.7731,27.6563],[30.7637,27.6607],[30.7559,27.6863],[30.7566,27.7189],[30.7371,27.7176],[30.7302,27.7032],[30.7188,27.7043]]]}},{"type":"Feature","properties":{"gid":"EGY.10.7_1","provZh":"明亚省","name2":"Maghaghah","type2":"Markaz","engtype2":"Subdivision"},"geometry":{"type":"Polygon","coordinates":[[[30.6461,28.6267],[30.6461,28.5922],[30.6315,28.5849],[30.6341,28.5677],[30.6873,28.5744],[30.6917,28.586],[30.7203,28.6045],[30.7386,28.6003],[30.7391,28.5814],[30.7289,28.5734],[30.7656,28.5613],[30.7726,28.5508],[30.7795,28.5643],[30.8153,28.5881],[30.8356,28.5714],[30.8534,28.5789],[30.8597,28.5986],[30.8757,28.6012],[30.8724,28.6108],[30.8897,28.6033],[30.8715,28.6362],[30.882,28.6713],[30.9033,28.6986],[30.9012,28.7081],[30.8874,28.7084],[30.8844,28.7198],[30.8617,28.7172],[30.8425,28.731],[30.8228,28.7],[30.802,28.7005],[30.7967,28.6843],[30.7826,28.6817],[30.7697,28.6428],[30.7483,28.6668],[30.7347,28.667],[30.7412,28.6381],[30.7149,28.6439],[30.6461,28.6267]]]}},{"type":"Feature","properties":{"gid":"EGY.10.8_1","provZh":"明亚省","name2":"Mallawi","type2":"Markaz","engtype2":"Subdivision"},"geometry":{"type":"Polygon","coordinates":[[[30.6976,27.8859],[30.7009,27.8411],[30.7243,27.7942],[30.7123,27.7585],[30.7228,27.7504],[30.7095,27.7083],[30.7302,27.7032],[30.7371,27.7176],[30.7566,27.7189],[30.7559,27.6863],[30.7637,27.6607],[30.7875,27.6593],[30.7921,27.6999],[30.8072,27.7054],[30.8143,27.7166],[30.8051,27.7518],[30.8423,27.7526],[30.8457,27.737],[30.8725,27.7437],[30.8715,27.7305],[30.8274,27.7117],[30.8281,27.6904],[30.8427,27.6982],[30.8474,27.6862],[30.8902,27.6935],[30.8845,27.7168],[30.8906,27.74],[30.8983,27.7388],[30.8935,27.7501],[30.9033,27.773],[30.9143,27.7771],[30.906,27.7872],[30.9086,27.7984],[30.8767,27.8121],[30.8793,27.8215],[30.8601,27.8254],[30.8394,27.858],[30.8068,27.8544],[30.8015,27.8616],[30.7622,27.8456],[30.7493,27.8642],[30.7605,27.87],[30.7613,27.8792],[30.7496,27.8923],[30.7178,27.8865],[30.7073,27.8932],[30.6976,27.8859]]]}},{"type":"Feature","properties":{"gid":"EGY.10.9_1","provZh":"明亚省","name2":"Mallawi City","type2":"Kism","engtype2":"Subdivision"},"geometry":{"type":"Polygon","coordinates":[[[30.8274,27.7117],[30.8715,27.7305],[30.8725,27.7437],[30.8457,27.737],[30.8423,27.7526],[30.8051,27.7518],[30.8143,27.7166],[30.8072,27.7054],[30.8274,27.7117]]]}},{"type":"Feature","properties":{"gid":"EGY.10.10_1","provZh":"明亚省","name2":"Matay","type2":"Markaz","engtype2":"Subdivision"},"geometry":{"type":"Polygon","coordinates":[[[30.6404,28.5002],[30.6248,28.4824],[30.6243,28.4451],[30.5963,28.4458],[30.5838,28.4377],[30.5895,28.4231],[30.6202,28.4234],[30.622,28.4133],[30.632,28.4277],[30.6404,28.427],[30.6577,28.4002],[30.6937,28.3904],[30.6846,28.3828],[30.6902,28.3659],[30.7116,28.3622],[30.7277,28.3824],[30.7431,28.3666],[30.767,28.3827],[30.7823,28.3741],[30.8129,28.3975],[30.8233,28.3948],[30.8225,28.409],[30.8408,28.4286],[30.8118,28.4407],[30.8151,28.4504],[30.8281,28.453],[30.8081,28.4632],[30.7715,28.4523],[30.7598,28.4631],[30.7403,28.4558],[30.7174,28.459],[30.6975,28.4462],[30.6925,28.4562],[30.6736,28.4632],[30.6489,28.4562],[30.6515,28.4944],[30.6404,28.5002]]]}},{"type":"Feature","properties":{"gid":"EGY.10.11_1","provZh":"明亚省","name2":"New Minya City","type2":"City","engtype2":"Subdivision"},"geometry":{"type":"Polygon","coordinates":[[[30.7715,28.1235],[30.7708,28.1133],[30.8021,28.0778],[30.8131,28.0894],[30.7963,28.1372],[30.7727,28.142],[30.7715,28.1235]]]}},{"type":"Feature","properties":{"gid":"EGY.10.12_1","provZh":"明亚省","name2":"Samalut","type2":"Markaz","engtype2":"Subdivision"},"geometry":{"type":"Polygon","coordinates":[[[30.7693,28.2095],[30.7452,28.2964],[30.7593,28.3225],[30.7756,28.3313],[30.7704,28.3509],[30.7826,28.3511],[30.7736,28.3566],[30.7823,28.3741],[30.767,28.3827],[30.7431,28.3666],[30.7277,28.3824],[30.7116,28.3622],[30.6902,28.3659],[30.6846,28.3828],[30.6937,28.3904],[30.6577,28.4002],[30.6404,28.427],[30.632,28.4277],[30.622,28.4133],[30.6202,28.4234],[30.6057,28.4194],[30.5851,28.3793],[30.6076,28.314],[30.6021,28.3065],[30.521,28.2924],[30.5181,28.2513],[30.5262,28.2345],[30.5271,28.1963],[30.5499,28.1395],[30.5627,28.1533],[30.5925,28.1593],[30.6066,28.1791],[30.6675,28.1864],[30.6952,28.1797],[30.7061,28.2167],[30.727,28.2084],[30.7423,28.217],[30.7349,28.2021],[30.7398,28.1962],[30.7446,28.2083],[30.7693,28.2095]]]}},{"type":"Feature","properties":{"gid":"EGY.10.13_1","provZh":"明亚省","name2":"Unorganized in Al Minya","type2":"unorganized","engtype2":"Subdivision"},"geometry":{"type":"MultiPolygon","coordinates":[[[[32.1901,28.3447],[31.8857,28.2993],[31.7122,28.2476],[31.5554,28.2665],[31.3572,28.3296],[31.2266,28.4001],[31.1652,28.4913],[31.1082,28.6085],[31.0325,28.6987],[30.9013,28.7093],[30.9033,28.6986],[30.882,28.6713],[30.8715,28.6362],[30.8897,28.6033],[30.8724,28.6108],[30.8757,28.6012],[30.8597,28.5986],[30.8534,28.5789],[30.8789,28.5175],[30.87,28.5196],[30.8702,28.5108],[30.8545,28.518],[30.8625,28.5075],[30.8644,28.4648],[30.8462,28.4264],[30.8408,28.4286],[30.8225,28.409],[30.8233,28.3948],[30.8129,28.3975],[30.7823,28.3741],[30.7736,28.3566],[30.7826,28.3511],[30.7704,28.3509],[30.7756,28.3313],[30.7593,28.3225],[30.7452,28.2964],[30.7741,28.1929],[30.771,28.109],[30.8455,28.0371],[30.8765,27.9648],[30.8645,27.8958],[30.8394,27.858],[30.8601,27.8254],[30.8793,27.8215],[30.8767,27.8121],[30.9086,27.7984],[30.906,27.7872],[30.9143,27.7771],[30.9033,27.773],[30.8935,27.7501],[30.8983,27.7388],[30.8906,27.74],[30.8845,27.7168],[30.9063,27.6578],[30.8773,27.6077],[31.335,27.652],[31.5525,27.6501],[31.7102,27.6816],[31.8574,27.744],[32.0127,27.7976],[32.2076,27.8442],[32.3363,27.854],[32.3918,27.8799],[32.5689,27.8528],[32.4719,28.1658],[32.3445,28.2558],[32.1901,28.3447]],[[30.7708,28.1133],[30.7727,28.142],[30.7963,28.1372],[30.8131,28.0894],[30.8021,28.0778],[30.7708,28.1133]]],[[[28.7884,27.9192],[28.4666,27.6746],[30.53,27.6014],[30.6761,27.6076],[30.6733,27.6321],[30.68,27.6313],[30.6805,27.6534],[30.6872,27.6517],[30.6876,27.6765],[30.7188,27.7043],[30.7095,27.7083],[30.7228,27.7504],[30.7123,27.7585],[30.7243,27.7942],[30.7009,27.8411],[30.6976,27.8859],[30.6869,27.8826],[30.6794,27.8926],[30.6847,27.9079],[30.6687,27.9847],[30.6615,27.9878],[30.6646,27.9979],[30.6498,27.9983],[30.6437,28.0124],[30.6426,28.0345],[30.6493,28.0337],[30.6522,28.0439],[30.6416,28.0538],[30.6477,28.0567],[30.629,28.0586],[30.625,28.0727],[30.6465,28.0841],[30.6273,28.0848],[30.6235,28.092],[30.6003,28.0872],[30.5656,28.0934],[30.5442,28.1217],[30.5499,28.1395],[30.5271,28.1963],[30.5262,28.2345],[30.5181,28.2513],[30.521,28.2924],[30.6021,28.3065],[30.6076,28.314],[30.5851,28.3793],[30.6057,28.4194],[30.5895,28.4231],[30.5838,28.4377],[30.5963,28.4458],[30.6243,28.4451],[30.6248,28.4824],[30.6404,28.5002],[30.6335,28.5083],[30.6578,28.5389],[30.6491,28.5469],[30.6504,28.5561],[30.6578,28.5543],[30.6532,28.5704],[30.6341,28.5677],[30.6303,28.5764],[30.6315,28.5849],[30.6461,28.5922],[30.6461,28.6267],[30.6359,28.653],[30.6523,28.6749],[30.6489,28.6991],[30.6575,28.7035],[30.6758,28.6938],[30.6875,28.7217],[30.714,28.745],[30.7206,28.7677],[29.7733,28.779],[29.7387,28.6039],[29.5929,28.3213],[29.2559,28.1026],[28.7884,27.9192]]]]}},{"type":"Feature","properties":{"gid":"EGY.11.1_1","provZh":"开罗省","name2":"'Abdin","type2":"Kism","engtype2":"Subdivision"},"geometry":{"type":"Polygon","coordinates":[[[31.2529,30.0445],[31.2428,30.053],[31.2362,30.0406],[31.2529,30.0445]]]}},{"type":"Feature","properties":{"gid":"EGY.11.2_1","provZh":"开罗省","name2":"'Ain Schams","type2":"Kism","engtype2":"Subdivision"},"geometry":{"type":"Polygon","coordinates":[[[31.3149,30.1135],[31.3249,30.1068],[31.363,30.1289],[31.3459,30.1387],[31.3197,30.1305],[31.3149,30.1135]]]}},{"type":"Feature","properties":{"gid":"EGY.11.3_1","provZh":"开罗省","name2":"15 Mayu","type2":"Kism","engtype2":"Subdivision"},"geometry":{"type":"Polygon","coordinates":[[[31.3774,29.7889],[31.3772,29.7981],[31.4134,29.7985],[31.412,29.8887],[31.3758,29.8883],[31.3753,29.9178],[31.2979,29.916],[31.3311,29.8806],[31.363,29.8617],[31.3485,29.7918],[31.3774,29.7889]]]}},{"type":"Feature","properties":{"gid":"EGY.11.4_1","provZh":"开罗省","name2":"Ad-Darb al-Ahmar","type2":"Kism","engtype2":"Subdivision"},"geometry":{"type":"Polygon","coordinates":[[[31.2509,30.0404],[31.2675,30.0356],[31.2707,30.0443],[31.256,30.0482],[31.2509,30.0404]]]}},{"type":"Feature","properties":{"gid":"EGY.11.5_1","provZh":"开罗省","name2":"Al-Azbakiyah","type2":"Kism","engtype2":"Subdivision"},"geometry":{"type":"Polygon","coordinates":[[[31.2477,30.0528],[31.2529,30.0671],[31.2386,30.0542],[31.2477,30.0528]]]}},{"type":"Feature","properties":{"gid":"EGY.11.6_1","provZh":"开罗省","name2":"Al-Basatin","type2":"Kism","engtype2":"Subdivision"},"geometry":{"type":"Polygon","coordinates":[[[31.2408,29.9619],[31.249,29.9677],[31.2458,29.9785],[31.2573,29.9626],[31.2708,29.9727],[31.2918,29.9617],[31.3744,29.9721],[31.2586,29.997],[31.2336,29.9867],[31.227,29.9965],[31.2408,29.9619]]]}},{"type":"Feature","properties":{"gid":"EGY.11.7_1","provZh":"开罗省","name2":"Al-Jamaliyah","type2":"Kism","engtype2":"Subdivision"},"geometry":{"type":"Polygon","coordinates":[[[31.2707,30.0443],[31.2778,30.0529],[31.2684,30.0623],[31.256,30.0482],[31.2707,30.0443]]]}},{"type":"Feature","properties":{"gid":"EGY.11.8_1","provZh":"开罗省","name2":"Al-Khalifa","type2":"Kism","engtype2":"Subdivision"},"geometry":{"type":"Polygon","coordinates":[[[31.253,30.0377],[31.2497,30.0195],[31.2586,29.997],[31.3496,29.9813],[31.3374,29.9997],[31.3397,30.0172],[31.2987,30.0384],[31.2867,30.0324],[31.2828,30.0395],[31.2732,30.0287],[31.2675,30.0356],[31.253,30.0377]]]}},{"type":"Feature","properties":{"gid":"EGY.11.9_1","provZh":"开罗省","name2":"Al-Ma'adi","type2":"Kism","engtype2":"Subdivision"},"geometry":{"type":"Polygon","coordinates":[[[31.265,29.947],[31.2883,29.9598],[31.4806,29.9649],[31.4607,29.976],[31.2918,29.9617],[31.2708,29.9727],[31.2573,29.9626],[31.2458,29.9785],[31.249,29.9677],[31.2408,29.9619],[31.265,29.947]]]}},{"type":"Feature","properties":{"gid":"EGY.11.10_1","provZh":"开罗省","name2":"Al-Marj","type2":"Kism","engtype2":"Subdivision"},"geometry":{"type":"Polygon","coordinates":[[[31.3204,30.1322],[31.3284,30.1422],[31.3636,30.1426],[31.3787,30.1503],[31.4012,30.1752],[31.3775,30.1794],[31.3769,30.1622],[31.3663,30.1547],[31.3596,30.1664],[31.3397,30.164],[31.3217,30.1718],[31.3298,30.1568],[31.3166,30.1422],[31.3204,30.1322]]]}},{"type":"Feature","properties":{"gid":"EGY.11.11_1","provZh":"开罗省","name2":"Al-Matariyah","type2":"Kism","engtype2":"Subdivision"},"geometry":{"type":"Polygon","coordinates":[[[31.3197,30.1305],[31.3129,30.1423],[31.2906,30.1311],[31.2849,30.114],[31.3149,30.1135],[31.3197,30.1305]]]}},{"type":"Feature","properties":{"gid":"EGY.11.12_1","provZh":"开罗省","name2":"Al-Muski","type2":"Kism","engtype2":"Subdivision"},"geometry":{"type":"Polygon","coordinates":[[[31.2529,30.0445],[31.2584,30.0546],[31.2477,30.0528],[31.2529,30.0445]]]}},{"type":"Feature","properties":{"gid":"EGY.11.13_1","provZh":"开罗省","name2":"Al-Waili","type2":"Kism","engtype2":"Subdivision"},"geometry":{"type":"Polygon","coordinates":[[[31.2802,30.0563],[31.3027,30.0745],[31.2941,30.0868],[31.2705,30.0725],[31.2802,30.0563]]]}},{"type":"Feature","properties":{"gid":"EGY.11.14_1","provZh":"开罗省","name2":"An-Nuzhah","type2":"Kism","engtype2":"Subdivision"},"geometry":{"type":"Polygon","coordinates":[[[31.3249,30.1068],[31.3603,30.0806],[31.4333,30.0817],[31.4333,30.1012],[31.4497,30.1247],[31.4322,30.1513],[31.363,30.1289],[31.3249,30.1068]]]}},{"type":"Feature","properties":{"gid":"EGY.11.15_1","provZh":"开罗省","name2":"Ancient Cairo","type2":"Kism","engtype2":"Subdivision"},"geometry":{"type":"Polygon","coordinates":[[[31.2233,30.0325],[31.227,29.9965],[31.2336,29.9867],[31.2586,29.997],[31.2497,30.0195],[31.234,30.0226],[31.2291,30.0361],[31.2233,30.0325]]]}},{"type":"Feature","properties":{"gid":"EGY.11.16_1","provZh":"开罗省","name2":"As-Sajil","type2":"Kism","engtype2":"Subdivision"},"geometry":{"type":"Polygon","coordinates":[[[31.2323,30.0866],[31.2565,30.0795],[31.2561,30.1087],[31.2419,30.1056],[31.2323,30.0866]]]}},{"type":"Feature","properties":{"gid":"EGY.11.17_1","provZh":"开罗省","name2":"As-Salam","type2":"Kism","engtype2":"Subdivision"},"geometry":{"type":"Polygon","coordinates":[[[31.363,30.1289],[31.4634,30.1606],[31.4634,30.1679],[31.4529,30.1672],[31.4331,30.183],[31.433,30.191],[31.4148,30.1964],[31.4164,30.1882],[31.4052,30.1903],[31.4012,30.1752],[31.3787,30.1503],[31.3636,30.1426],[31.3284,30.1422],[31.3197,30.1305],[31.3459,30.1387],[31.363,30.1289]]]}},{"type":"Feature","properties":{"gid":"EGY.11.18_1","provZh":"开罗省","name2":"As-Sayidah Zaynab","type2":"Kism","engtype2":"Subdivision"},"geometry":{"type":"Polygon","coordinates":[[[31.2362,30.0406],[31.234,30.0226],[31.2497,30.0195],[31.253,30.0377],[31.2362,30.0406]]]}},{"type":"Feature","properties":{"gid":"EGY.11.19_1","provZh":"开罗省","name2":"Ash-Sharabiyah","type2":"Kism","engtype2":"Subdivision"},"geometry":{"type":"Polygon","coordinates":[[[31.2538,30.0651],[31.2661,30.0695],[31.2719,30.082],[31.2572,30.0979],[31.2538,30.0651]]]}},{"type":"Feature","properties":{"gid":"EGY.11.20_1","provZh":"开罗省","name2":"Ash-Shruq","type2":"Kism","engtype2":"Subdivision"},"geometry":{"type":"Polygon","coordinates":[[[31.4333,30.0817],[31.5516,30.0965],[31.6193,30.1168],[31.6542,30.1136],[31.6418,30.1583],[31.6172,30.1851],[31.4322,30.1513],[31.4497,30.1247],[31.4333,30.1012],[31.4333,30.0817]]]}},{"type":"Feature","properties":{"gid":"EGY.11.21_1","provZh":"开罗省","name2":"At-Tebin","type2":"Kism","engtype2":"Subdivision"},"geometry":{"type":"Polygon","coordinates":[[[31.2898,29.771],[31.2984,29.7717],[31.308,29.7541],[31.3348,29.7677],[31.3778,29.7672],[31.3774,29.7889],[31.3317,29.788],[31.3153,29.7945],[31.3157,29.8041],[31.2961,29.8041],[31.2898,29.771]]]}},{"type":"Feature","properties":{"gid":"EGY.11.22_1","provZh":"开罗省","name2":"Az-Zahir","type2":"Kism","engtype2":"Subdivision"},"geometry":{"type":"Polygon","coordinates":[[[31.2524,30.0602],[31.2684,30.0623],[31.2778,30.0529],[31.2802,30.0563],[31.2705,30.0725],[31.2524,30.0602]]]}},{"type":"Feature","properties":{"gid":"EGY.11.23_1","provZh":"开罗省","name2":"Az-Zaytun","type2":"Kism","engtype2":"Subdivision"},"geometry":{"type":"Polygon","coordinates":[[[31.3149,30.1135],[31.2849,30.114],[31.2803,30.1015],[31.2902,30.0992],[31.2962,30.0852],[31.3249,30.1068],[31.3149,30.1135]]]}},{"type":"Feature","properties":{"gid":"EGY.11.25_1","provZh":"开罗省","name2":"Badr","type2":"Markaz","engtype2":"Subdivision"},"geometry":{"type":"Polygon","coordinates":[[[31.6542,30.1136],[31.7681,30.1065],[31.7608,30.171],[31.7347,30.166],[31.6172,30.1851],[31.6418,30.1583],[31.6542,30.1136]]]}},{"type":"Feature","properties":{"gid":"EGY.11.26_1","provZh":"开罗省","name2":"Bulaq","type2":"Kism","engtype2":"Subdivision"},"geometry":{"type":"Polygon","coordinates":[[[31.2438,30.0636],[31.2266,30.0742],[31.231,30.0495],[31.2438,30.0636]]]}},{"type":"Feature","properties":{"gid":"EGY.11.27_1","provZh":"开罗省","name2":"Hada'iq al-Qubbah","type2":"Kism","engtype2":"Subdivision"},"geometry":{"type":"Polygon","coordinates":[[[31.2941,30.0868],[31.2902,30.0992],[31.2803,30.1015],[31.2661,30.0695],[31.2941,30.0868]]]}},{"type":"Feature","properties":{"gid":"EGY.11.28_1","provZh":"开罗省","name2":"Heliopolis","type2":"Kism","engtype2":"Subdivision"},"geometry":{"type":"Polygon","coordinates":[[[31.3027,30.0745],[31.3356,30.0868],[31.3603,30.0806],[31.3249,30.1068],[31.2962,30.0852],[31.3027,30.0745]]]}},{"type":"Feature","properties":{"gid":"EGY.11.29_1","provZh":"开罗省","name2":"Helwan","type2":"Kism","engtype2":"Subdivision"},"geometry":{"type":"Polygon","coordinates":[[[31.2961,29.8041],[31.3157,29.8041],[31.3153,29.7945],[31.3317,29.788],[31.3485,29.7918],[31.363,29.8617],[31.3311,29.8806],[31.2979,29.916],[31.2805,29.9192],[31.2833,29.8833],[31.2958,29.8418],[31.2961,29.8041]]]}},{"type":"Feature","properties":{"gid":"EGY.11.30_1","provZh":"开罗省","name2":"Monshat Nasr","type2":"Kism","engtype2":"Subdivision"},"geometry":{"type":"Polygon","coordinates":[[[31.2675,30.0356],[31.2732,30.0287],[31.2828,30.0395],[31.2867,30.0324],[31.2987,30.0384],[31.3072,30.0332],[31.2879,30.0484],[31.2887,30.057],[31.2802,30.0563],[31.2675,30.0356]]]}},{"type":"Feature","properties":{"gid":"EGY.11.31_1","provZh":"开罗省","name2":"Nasr City 1","type2":"Kism","engtype2":"Subdivision"},"geometry":{"type":"Polygon","coordinates":[[[31.3673,29.9773],[31.3723,29.9942],[31.3941,30.0047],[31.4057,30.0505],[31.4333,30.0817],[31.3603,30.0806],[31.3356,30.0868],[31.3136,30.0786],[31.3397,30.0172],[31.3374,29.9997],[31.3496,29.9813],[31.3673,29.9773]]]}},{"type":"Feature","properties":{"gid":"EGY.11.32_1","provZh":"开罗省","name2":"Nasr City 2","type2":"Kism","engtype2":"Subdivision"},"geometry":{"type":"Polygon","coordinates":[[[31.3397,30.0172],[31.3136,30.0786],[31.281,30.0565],[31.2887,30.057],[31.2879,30.0484],[31.3072,30.0332],[31.3397,30.0172]]]}},{"type":"Feature","properties":{"gid":"EGY.11.33_1","provZh":"开罗省","name2":"New Cairo 1","type2":"Kism","engtype2":"Subdivision"},"geometry":{"type":"Polygon","coordinates":[[[31.3941,30.0047],[31.4226,29.992],[31.4457,29.9926],[31.4468,30.0011],[31.5081,30.0044],[31.5233,30.0136],[31.5448,29.9762],[31.6962,29.979],[31.6973,30.0396],[31.5304,30.0323],[31.5234,30.0453],[31.496,30.031],[31.499,30.0559],[31.4747,30.0568],[31.4743,30.0726],[31.4511,30.0761],[31.4396,30.0398],[31.4041,30.0386],[31.3941,30.0047]]]}},{"type":"Feature","properties":{"gid":"EGY.11.34_1","provZh":"开罗省","name2":"New Cairo 2","type2":"Kism","engtype2":"Subdivision"},"geometry":{"type":"Polygon","coordinates":[[[31.4333,30.0817],[31.4057,30.0505],[31.4041,30.0386],[31.4396,30.0398],[31.4511,30.0761],[31.4743,30.0726],[31.4747,30.0568],[31.499,30.0559],[31.496,30.031],[31.5234,30.0453],[31.5304,30.0323],[31.6973,30.0396],[31.7244,30.1106],[31.6193,30.1168],[31.5516,30.0965],[31.4333,30.0817]]]}},{"type":"Feature","properties":{"gid":"EGY.11.35_1","provZh":"开罗省","name2":"New Cairo 3","type2":"Kism","engtype2":"Subdivision"},"geometry":{"type":"Polygon","coordinates":[[[31.3744,29.9721],[31.4607,29.976],[31.5166,29.9411],[31.6956,29.947],[31.6962,29.979],[31.5448,29.9762],[31.5233,30.0136],[31.5081,30.0044],[31.4468,30.0011],[31.4457,29.9926],[31.4226,29.992],[31.3941,30.0047],[31.3723,29.9942],[31.3673,29.9773],[31.3744,29.9721]]]}},{"type":"Feature","properties":{"gid":"EGY.11.36_1","provZh":"开罗省","name2":"Qasr an-Nil","type2":"Kism","engtype2":"Subdivision"},"geometry":{"type":"Polygon","coordinates":[[[31.2291,30.0361],[31.231,30.0312],[31.2428,30.053],[31.231,30.0495],[31.2291,30.0361]]]}},{"type":"Feature","properties":{"gid":"EGY.11.37_1","provZh":"开罗省","name2":"Rud al-Faraj","type2":"Kism","engtype2":"Subdivision"},"geometry":{"type":"Polygon","coordinates":[[[31.2254,30.0756],[31.2456,30.0635],[31.2461,30.0801],[31.2323,30.0866],[31.2254,30.0756]]]}},{"type":"Feature","properties":{"gid":"EGY.11.38_1","provZh":"开罗省","name2":"Shubra","type2":"Kism","engtype2":"Subdivision"},"geometry":{"type":"Polygon","coordinates":[[[31.2529,30.0671],[31.2565,30.0795],[31.2461,30.0801],[31.2456,30.0635],[31.2529,30.0671]]]}},{"type":"Feature","properties":{"gid":"EGY.11.39_1","provZh":"开罗省","name2":"Turah","type2":"Kism","engtype2":"Subdivision"},"geometry":{"type":"Polygon","coordinates":[[[31.2805,29.9192],[31.4841,29.922],[31.4831,29.9633],[31.2883,29.9598],[31.265,29.947],[31.2779,29.9329],[31.2805,29.9192]]]}},{"type":"Feature","properties":{"gid":"EGY.11.40_1","provZh":"开罗省","name2":"Unorganized in Al Qahirah","type2":"unorganized","engtype2":"Subdivision"},"geometry":{"type":"Polygon","coordinates":[[[31.321,29.7605],[31.4368,29.7484],[31.5532,29.7627],[31.6837,29.7594],[31.8933,29.7337],[31.907,29.8706],[31.8996,30.0472],[31.862,30.1877],[31.6773,30.1838],[31.5917,30.1975],[31.433,30.191],[31.4331,30.183],[31.4529,30.1672],[31.4634,30.1679],[31.4634,30.1606],[31.6172,30.1851],[31.7347,30.166],[31.7608,30.171],[31.7681,30.1065],[31.7244,30.1106],[31.6973,30.0396],[31.6956,29.947],[31.5166,29.9411],[31.4831,29.9633],[31.4841,29.922],[31.3753,29.9178],[31.3758,29.8883],[31.412,29.8887],[31.4134,29.7985],[31.3772,29.7981],[31.3778,29.7672],[31.3348,29.7677],[31.321,29.7605]]]}},{"type":"Feature","properties":{"gid":"EGY.11.41_1","provZh":"开罗省","name2":"Zamalik","type2":"Kism","engtype2":"Subdivision"},"geometry":{"type":"Polygon","coordinates":[[[31.2282,30.038],[31.2254,30.0756],[31.2168,30.0679],[31.2201,30.048],[31.2282,30.038]]]}},{"type":"Feature","properties":{"gid":"EGY.11.42_1","provZh":"开罗省","name2":"Zawiyya Al-Hamra","type2":"Kism","engtype2":"Subdivision"},"geometry":{"type":"Polygon","coordinates":[[[31.2572,30.0979],[31.2719,30.082],[31.2843,30.1135],[31.2561,30.1087],[31.2572,30.0979]]]}},{"type":"Feature","properties":{"gid":"EGY.12.1_1","provZh":"盖勒尤卜省","name2":"Al-'Ubur","type2":"Kism","engtype2":"Subdivision"},"geometry":{"type":"Polygon","coordinates":[[[31.4632,30.192],[31.4621,30.2506],[31.4321,30.2502],[31.4327,30.2076],[31.4521,30.1916],[31.4632,30.192]]]}},{"type":"Feature","properties":{"gid":"EGY.12.2_1","provZh":"盖勒尤卜省","name2":"Al-Khankah","type2":"Markaz","engtype2":"Subdivision"},"geometry":{"type":"Polygon","coordinates":[[[31.4012,30.1752],[31.4052,30.1903],[31.4164,30.1882],[31.4054,30.2379],[31.4243,30.2433],[31.4263,30.2543],[31.3996,30.2622],[31.3897,30.2879],[31.3718,30.3045],[31.3424,30.2927],[31.3393,30.266],[31.3083,30.2577],[31.3061,30.2222],[31.3177,30.2155],[31.3017,30.1915],[31.309,30.1898],[31.3121,30.1704],[31.3397,30.164],[31.3596,30.1664],[31.3663,30.1547],[31.3769,30.1622],[31.3775,30.1794],[31.4012,30.1752]]]}},{"type":"Feature","properties":{"gid":"EGY.12.3_1","provZh":"盖勒尤卜省","name2":"Al-Khusus","type2":"Kism","engtype2":"Subdivision"},"geometry":{"type":"Polygon","coordinates":[[[31.3217,30.1718],[31.3121,30.1704],[31.3051,30.1574],[31.3129,30.1423],[31.3298,30.1568],[31.3217,30.1718]]]}},{"type":"Feature","properties":{"gid":"EGY.12.4_1","provZh":"盖勒尤卜省","name2":"Al-Qanatir al-Khayriyah","type2":"Markaz","engtype2":"Subdivision"},"geometry":{"type":"Polygon","coordinates":[[[31.2283,30.1284],[31.2349,30.1363],[31.1848,30.1729],[31.1831,30.1963],[31.1611,30.2014],[31.1528,30.2159],[31.1843,30.2368],[31.1964,30.2633],[31.1827,30.2779],[31.1852,30.2849],[31.1645,30.2903],[31.1323,30.2788],[31.1281,30.2964],[31.0989,30.2983],[31.0911,30.2807],[31.1191,30.2642],[31.1053,30.2424],[31.1111,30.2279],[31.0882,30.2103],[31.17,30.1413],[31.2283,30.1284]]]}},{"type":"Feature","properties":{"gid":"EGY.12.5_1","provZh":"盖勒尤卜省","name2":"Banha","type2":"Markaz","engtype2":"Subdivision"},"geometry":{"type":"Polygon","coordinates":[[[31.1038,30.3791],[31.1165,30.3708],[31.1391,30.3732],[31.14,30.3935],[31.1525,30.3964],[31.1673,30.4186],[31.1749,30.4145],[31.1683,30.3962],[31.1796,30.3868],[31.1885,30.4004],[31.2173,30.3956],[31.2458,30.4058],[31.2633,30.4029],[31.2758,30.4135],[31.3006,30.4128],[31.3056,30.3988],[31.3103,30.4103],[31.297,30.4283],[31.3053,30.436],[31.2675,30.4555],[31.2748,30.4666],[31.2692,30.4936],[31.2542,30.4991],[31.2514,30.5124],[31.2247,30.5111],[31.225,30.5191],[31.209,30.5327],[31.1809,30.5283],[31.1877,30.5121],[31.1753,30.5147],[31.1746,30.4984],[31.1484,30.4869],[31.1447,30.4667],[31.1301,30.4607],[31.1371,30.4445],[31.1266,30.4356],[31.1359,30.4179],[31.1331,30.4008],[31.1228,30.3972],[31.1097,30.4206],[31.0958,30.4198],[31.1136,30.3949],[31.1038,30.3791]]]}},{"type":"Feature","properties":{"gid":"EGY.12.6_1","provZh":"盖勒尤卜省","name2":"Kafr Shukr","type2":"Markaz","engtype2":"Subdivision"},"geometry":{"type":"Polygon","coordinates":[[[31.2642,30.6152],[31.2644,30.5891],[31.2434,30.564],[31.2581,30.5425],[31.2265,30.5486],[31.2247,30.5111],[31.2514,30.5124],[31.2542,30.4991],[31.2692,30.4936],[31.2903,30.5206],[31.2884,30.5406],[31.3021,30.5456],[31.2957,30.5702],[31.3089,30.5769],[31.3287,30.5717],[31.347,30.598],[31.3417,30.608],[31.3299,30.6109],[31.3206,30.5943],[31.2966,30.5876],[31.2838,30.5909],[31.2823,30.6071],[31.2684,30.6017],[31.2642,30.6152]]]}},{"type":"Feature","properties":{"gid":"EGY.12.7_1","provZh":"盖勒尤卜省","name2":"Qaha","type2":"Kism","engtype2":"Subdivision"},"geometry":{"type":"Polygon","coordinates":[[[31.1964,30.2633],[31.2259,30.2628],[31.2312,30.2699],[31.2351,30.2926],[31.2196,30.2994],[31.2167,30.3211],[31.2029,30.3233],[31.2072,30.3048],[31.1827,30.2779],[31.1964,30.2633]]]}},{"type":"Feature","properties":{"gid":"EGY.12.8_1","provZh":"盖勒尤卜省","name2":"Qalyub","type2":"Markaz","engtype2":"Subdivision"},"geometry":{"type":"Polygon","coordinates":[[[31.3017,30.1915],[31.275,30.1827],[31.2711,30.2045],[31.2555,30.2258],[31.2548,30.2341],[31.2679,30.2444],[31.2601,30.2521],[31.2648,30.2716],[31.2597,30.2785],[31.2584,30.2725],[31.2312,30.2699],[31.2259,30.2628],[31.1964,30.2633],[31.1843,30.2368],[31.1528,30.2159],[31.1611,30.2014],[31.1831,30.1963],[31.1848,30.1729],[31.1984,30.1595],[31.2349,30.1363],[31.2467,30.1387],[31.2643,30.1584],[31.2649,30.1532],[31.2866,30.1607],[31.3051,30.1574],[31.3121,30.1704],[31.309,30.1898],[31.3017,30.1915]]]}},{"type":"Feature","properties":{"gid":"EGY.12.9_1","provZh":"盖勒尤卜省","name2":"Shibin al-Qanatir","type2":"Markaz","engtype2":"Subdivision"},"geometry":{"type":"Polygon","coordinates":[[[31.3718,30.3045],[31.3734,30.3246],[31.3413,30.3414],[31.3428,30.3566],[31.354,30.3574],[31.353,30.369],[31.3433,30.3723],[31.3467,30.3815],[31.3323,30.3903],[31.3319,30.3997],[31.3103,30.4103],[31.3056,30.3988],[31.3006,30.403],[31.2887,30.3948],[31.2963,30.3824],[31.2849,30.3847],[31.2981,30.3345],[31.291,30.3239],[31.2857,30.3297],[31.2651,30.3237],[31.2678,30.3178],[31.2532,30.3115],[31.254,30.3047],[31.266,30.3027],[31.2601,30.2521],[31.2679,30.2444],[31.2548,30.2341],[31.2555,30.2258],[31.2711,30.2045],[31.275,30.1827],[31.3017,30.1915],[31.3177,30.2155],[31.3061,30.2222],[31.3083,30.2577],[31.3393,30.266],[31.3424,30.2927],[31.3718,30.3045]]]}},{"type":"Feature","properties":{"gid":"EGY.12.10_1","provZh":"盖勒尤卜省","name2":"Shubra al-Khaymah 1","type2":"Kism","engtype2":"Subdivision"},"geometry":{"type":"Polygon","coordinates":[[[31.2419,30.1056],[31.2619,30.1098],[31.2643,30.1584],[31.2283,30.1284],[31.2419,30.1056]]]}},{"type":"Feature","properties":{"gid":"EGY.12.11_1","provZh":"盖勒尤卜省","name2":"Shubra al-Khaymah 2","type2":"Kism","engtype2":"Subdivision"},"geometry":{"type":"Polygon","coordinates":[[[31.3129,30.1423],[31.3051,30.1574],[31.2866,30.1607],[31.2649,30.1532],[31.2619,30.1098],[31.2843,30.1135],[31.2906,30.1311],[31.3129,30.1423]]]}},{"type":"Feature","properties":{"gid":"EGY.12.12_1","provZh":"盖勒尤卜省","name2":"Tukh","type2":"Markaz","engtype2":"Subdivision"},"geometry":{"type":"Polygon","coordinates":[[[31.0585,30.3643],[31.0835,30.336],[31.1098,30.3211],[31.0989,30.2983],[31.1281,30.2964],[31.1323,30.2788],[31.1645,30.2903],[31.1951,30.2866],[31.2072,30.3048],[31.2029,30.3233],[31.2167,30.3211],[31.2196,30.2994],[31.2351,30.2926],[31.2312,30.2699],[31.2584,30.2725],[31.266,30.3027],[31.254,30.3047],[31.2532,30.3115],[31.2678,30.3178],[31.2651,30.3237],[31.2857,30.3297],[31.291,30.3239],[31.2981,30.3345],[31.2849,30.3847],[31.2963,30.3824],[31.2887,30.3948],[31.3006,30.403],[31.3006,30.4128],[31.2758,30.4135],[31.2633,30.4029],[31.2458,30.4058],[31.2173,30.3956],[31.1885,30.4004],[31.1796,30.3868],[31.1683,30.3962],[31.1749,30.4145],[31.1673,30.4186],[31.1525,30.3964],[31.14,30.3935],[31.1391,30.3732],[31.1165,30.3708],[31.1038,30.3791],[31.0918,30.3625],[31.068,30.3768],[31.0569,30.3716],[31.0585,30.3643]]]}},{"type":"Feature","properties":{"gid":"EGY.12.13_1","provZh":"盖勒尤卜省","name2":"Unorganized in Al Qalyubiyah","type2":"unorganized","engtype2":"Subdivision"},"geometry":{"type":"Polygon","coordinates":[[[31.433,30.191],[31.4521,30.1916],[31.4327,30.2076],[31.4321,30.2502],[31.4621,30.2506],[31.4632,30.192],[31.5917,30.1975],[31.5561,30.2578],[31.5326,30.2703],[31.3897,30.2879],[31.3996,30.2622],[31.4263,30.2543],[31.4243,30.2433],[31.4054,30.2379],[31.4148,30.1964],[31.433,30.191]]]}},{"type":"Feature","properties":{"gid":"EGY.13.1_1","provZh":"卢克索省","name2":"Luxor","type2":"Markaz","engtype2":"Subdivision"},"geometry":{"type":"Polygon","coordinates":[[[32.5464,25.6906],[32.5983,25.6409],[32.5551,25.6089],[32.4791,25.5925],[32.4715,25.5815],[32.4743,25.5471],[32.4978,25.5479],[32.5324,25.5777],[32.5751,25.5942],[32.5669,25.6044],[32.5722,25.611],[32.5906,25.6029],[32.5797,25.6165],[32.5977,25.6101],[32.6007,25.6259],[32.6188,25.6416],[32.6996,25.6763],[32.71,25.6861],[32.7094,25.6971],[32.6612,25.7448],[32.686,25.7728],[32.731,25.7822],[32.7272,25.8026],[32.7127,25.8169],[32.6998,25.8176],[32.7022,25.8033],[32.6736,25.7935],[32.6367,25.7493],[32.5996,25.7316],[32.5858,25.7107],[32.5464,25.6906]]]}},{"type":"Feature","properties":{"gid":"EGY.13.2_1","provZh":"卢克索省","name2":"Tibah Police Dept.","type2":"Markaz","engtype2":"Subdivision"},"geometry":{"type":"Polygon","coordinates":[[[32.7094,25.6971],[32.7184,25.7103],[32.7407,25.7027],[32.7531,25.7289],[32.7382,25.7364],[32.7279,25.7605],[32.731,25.7822],[32.686,25.7728],[32.6612,25.7448],[32.7094,25.6971]]]}},{"type":"Feature","properties":{"gid":"EGY.13.3_1","provZh":"卢克索省","name2":"Unorganized in Al Uqsur","type2":"unorganized","engtype2":"Subdivision"},"geometry":{"type":"Polygon","coordinates":[[[32.4978,25.5479],[32.6608,25.5373],[32.7363,25.5422],[32.803,25.579],[32.831,25.6603],[32.8318,25.6932],[32.7531,25.7289],[32.7407,25.7027],[32.7184,25.7103],[32.7094,25.6971],[32.71,25.6861],[32.6996,25.6763],[32.6188,25.6416],[32.6007,25.6259],[32.5977,25.6101],[32.5797,25.6165],[32.5906,25.6029],[32.5722,25.611],[32.5669,25.6044],[32.5751,25.5942],[32.5324,25.5777],[32.4978,25.5479]]]}},{"type":"Feature","properties":{"gid":"EGY.14.1_1","provZh":"新河谷省","name2":"Al-Wahat al-Kharijah","type2":"Kism","engtype2":"Subdivision"},"geometry":{"type":"Polygon","coordinates":[[[31.758,23.4726],[32.6551,25.1687],[32.5158,25.2466],[32.4524,25.3923],[32.4251,25.6464],[32.5335,25.6918],[32.6435,25.7901],[32.6684,25.84],[32.6831,25.9179],[32.7272,25.974],[32.7393,26.0567],[32.7332,26.0758],[32.6748,26.1033],[32.4426,26.0407],[32.3215,25.9867],[32.2452,25.9846],[32.2175,25.9739],[32.0395,26.061],[31.7619,26.2976],[31.4481,26.6327],[31.2916,26.8335],[31.1559,26.8273],[30.8645,26.7912],[29.9481,25.7004],[29.5657,25.1811],[29.3994,24.7592],[29.4206,23.8605],[31.758,23.4726]]]}},{"type":"Feature","properties":{"gid":"EGY.14.2_1","provZh":"新河谷省","name2":"Baris Shurtah","type2":"Markaz","engtype2":"Subdivision"},"geometry":{"type":"Polygon","coordinates":[[[29.4206,23.8605],[29.4607,22.0049],[29.8773,22.0047],[30.0,21.9992],[30.0,22.0052],[31.0032,22.0078],[31.758,23.4726],[29.4206,23.8605]]]}},{"type":"Feature","properties":{"gid":"EGY.14.3_1","provZh":"新河谷省","name2":"Shurtah al-Dakhlah","type2":"Markaz","engtype2":"Subdivision"},"geometry":{"type":"Polygon","coordinates":[[[28.5347,27.6727],[28.5115,26.9194],[28.4507,26.5438],[28.3416,26.4383],[28.2295,26.412],[28.0904,26.4299],[27.8946,26.5928],[27.6862,26.7436],[27.5085,26.7708],[25.0,26.6639],[25.0,21.9992],[25.1392,22.0044],[26.476,22.0073],[29.4607,22.0049],[29.3994,24.7592],[29.5657,25.1811],[29.9481,25.7004],[30.8645,26.7912],[30.53,27.6014],[28.5347,27.6727]]]}},{"type":"Feature","properties":{"gid":"EGY.14.4_1","provZh":"新河谷省","name2":"Shurtah al-Farafirah","type2":"Markaz","engtype2":"Subdivision"},"geometry":{"type":"Polygon","coordinates":[[[27.3609,27.6758],[25.0001,27.6501],[25.0,26.6639],[27.5085,26.7708],[27.6862,26.7436],[27.8946,26.5928],[28.0904,26.4299],[28.2295,26.412],[28.3416,26.4383],[28.4507,26.5438],[28.5115,26.9194],[28.5347,27.6727],[27.3609,27.6758]]]}},{"type":"Feature","properties":{"gid":"EGY.15.1_1","provZh":"苏伊士省","name2":"'Ataqah","type2":"Kism","engtype2":"Subdivision"},"geometry":{"type":"Polygon","coordinates":[[[32.6454,29.1677],[32.6496,29.174],[32.6401,29.1801],[32.6376,29.1971],[32.6276,29.204],[32.6329,29.2046],[32.6249,29.2218],[32.6315,29.2379],[32.6168,29.2574],[32.6174,29.271],[32.6068,29.2776],[32.611,29.291],[32.6018,29.3029],[32.5949,29.3415],[32.5732,29.3662],[32.5746,29.3738],[32.5288,29.4121],[32.506,29.4221],[32.501,29.4385],[32.4804,29.4457],[32.4779,29.4549],[32.4515,29.4735],[32.4446,29.4876],[32.3988,29.5107],[32.3815,29.526],[32.3426,29.5896],[32.366,29.6315],[32.3649,29.6432],[32.3721,29.6435],[32.3549,29.6437],[32.3507,29.6535],[32.3707,29.6501],[32.3635,29.6507],[32.3607,29.6782],[32.4199,29.7682],[32.4858,29.8224],[32.5088,29.8596],[32.5082,29.8638],[32.4785,29.8635],[32.4751,29.8746],[32.4807,29.8749],[32.4593,29.8924],[32.4674,29.9001],[32.4754,29.9299],[32.4818,29.9318],[32.4745,29.9453],[32.4967,29.965],[32.4752,29.9619],[32.4855,30.0136],[32.421,30.0528],[32.3282,30.0874],[32.2586,30.0967],[32.1747,30.066],[32.1025,30.063],[31.9919,30.0845],[31.8876,30.0922],[31.8996,30.0472],[31.907,29.8706],[31.8346,28.9937],[31.9639,28.9764],[32.1593,28.9988],[32.3769,29.0655],[32.4142,29.067],[32.5083,29.1216],[32.6454,29.1677]]]}},{"type":"Feature","properties":{"gid":"EGY.15.2_1","provZh":"苏伊士省","name2":"Al-Arb'in","type2":"Kism","engtype2":"Subdivision"},"geometry":{"type":"Polygon","coordinates":[[[32.4813,29.9407],[32.5254,29.9543],[32.5399,29.9404],[32.5346,29.9546],[32.5557,29.9579],[32.57,29.9847],[32.5854,29.9849],[32.5784,30.0194],[32.5406,30.0134],[32.4745,29.9453],[32.4813,29.9407]]]}},{"type":"Feature","properties":{"gid":"EGY.15.3_1","provZh":"苏伊士省","name2":"Al-Janayin","type2":"Kism","engtype2":"Subdivision"},"geometry":{"type":"Polygon","coordinates":[[[32.4975,30.2479],[32.472,30.229],[32.4488,30.2388],[32.438,30.2341],[32.389,30.2417],[32.4152,30.183],[32.4734,30.1635],[32.4702,30.1266],[32.4816,30.123],[32.4788,30.1037],[32.4938,30.0868],[32.5061,30.0845],[32.5,30.0726],[32.5105,30.051],[32.5312,30.0452],[32.5288,30.0234],[32.5406,30.0134],[32.5784,30.0194],[32.5854,29.9849],[32.5788,29.9499],[32.5835,29.9341],[32.5744,29.9236],[32.5796,29.917],[32.566,29.9229],[32.559,29.9174],[32.5696,29.9074],[32.5751,29.9176],[32.5832,29.9149],[32.5921,29.8974],[32.5929,29.9045],[32.6337,29.8691],[32.6311,29.8432],[32.6225,29.833],[32.7913,29.9313],[32.8549,29.943],[32.8327,30.0587],[32.8262,30.1506],[32.7951,30.2456],[32.5673,30.2855],[32.4975,30.2479]]]}},{"type":"Feature","properties":{"gid":"EGY.15.4_1","provZh":"苏伊士省","name2":"Faisal","type2":"Kism","engtype2":"Subdivision"},"geometry":{"type":"Polygon","coordinates":[[[31.8398,30.2715],[31.8876,30.0922],[31.9919,30.0845],[32.1025,30.063],[32.1747,30.066],[32.2586,30.0967],[32.3282,30.0874],[32.421,30.0528],[32.4855,30.0136],[32.4752,29.9619],[32.4967,29.965],[32.5406,30.0134],[32.5288,30.0234],[32.5312,30.0452],[32.5105,30.051],[32.5,30.0726],[32.5061,30.0845],[32.4938,30.0868],[32.4788,30.1037],[32.4816,30.123],[32.4702,30.1266],[32.4734,30.1635],[32.4152,30.183],[32.389,30.2417],[32.3174,30.2565],[32.2087,30.2482],[31.8398,30.2715]]]}},{"type":"Feature","properties":{"gid":"EGY.15.5_1","provZh":"苏伊士省","name2":"Port Suez Police Department","type2":"Police-administered area","engtype2":"Subdivision"},"geometry":{"type":"MultiPolygon","coordinates":[[[[32.6318,29.8474],[32.6337,29.8691],[32.5929,29.9045],[32.5935,29.8984],[32.6324,29.8704],[32.6318,29.8474]]],[[[32.5728,29.9195],[32.5796,29.917],[32.5744,29.9236],[32.5728,29.9195]]]]}},{"type":"Feature","properties":{"gid":"EGY.15.6_1","provZh":"苏伊士省","name2":"Suez","type2":"Kism","engtype2":"Subdivision"},"geometry":{"type":"Polygon","coordinates":[[[32.557,29.961],[32.5668,29.9487],[32.5551,29.9412],[32.5646,29.9387],[32.5557,29.9321],[32.5629,29.9349],[32.5593,29.926],[32.5727,29.9191],[32.5835,29.9341],[32.5788,29.9499],[32.5854,29.9849],[32.57,29.9847],[32.557,29.961]]]}},{"type":"Feature","properties":{"gid":"EGY.16.1_1","provZh":"东部省","name2":"10 Ramadan 1","type2":"Kism","engtype2":"Subdivision"},"geometry":{"type":"Polygon","coordinates":[[[31.7032,30.2117],[31.7266,30.1934],[31.7582,30.2158],[31.7275,30.2513],[31.7032,30.2117]]]}},{"type":"Feature","properties":{"gid":"EGY.16.2_1","provZh":"东部省","name2":"10 Ramadan 2","type2":"Kism","engtype2":"Subdivision"},"geometry":{"type":"Polygon","coordinates":[[[31.7275,30.2513],[31.7089,30.2727],[31.6695,30.2504],[31.6877,30.2276],[31.6874,30.2004],[31.7032,30.2117],[31.7275,30.2513]]]}},{"type":"Feature","properties":{"gid":"EGY.16.3_1","provZh":"东部省","name2":"Abu Hammad","type2":"Markaz","engtype2":"Subdivision"},"geometry":{"type":"Polygon","coordinates":[[[31.7527,30.558],[31.7077,30.5442],[31.6988,30.5643],[31.7223,30.5728],[31.7186,30.5834],[31.7271,30.6098],[31.7184,30.6094],[31.7234,30.6314],[31.684,30.6527],[31.667,30.618],[31.6483,30.6041],[31.6495,30.5973],[31.6351,30.5958],[31.641,30.5815],[31.6191,30.5812],[31.6087,30.5713],[31.6035,30.5436],[31.5922,30.5462],[31.5786,30.5375],[31.5829,30.53],[31.5768,30.52],[31.5988,30.5199],[31.5873,30.5057],[31.5993,30.4957],[31.5921,30.4834],[31.6173,30.4752],[31.6238,30.4633],[31.6346,30.4658],[31.65,30.4567],[31.6711,30.435],[31.7344,30.4676],[31.7585,30.4615],[31.7989,30.4743],[31.7985,30.4822],[31.822,30.4948],[31.8206,30.5128],[31.809,30.5238],[31.7656,30.5182],[31.7565,30.5259],[31.7527,30.558]]]}},{"type":"Feature","properties":{"gid":"EGY.16.4_1","provZh":"东部省","name2":"Abu Kabir","type2":"Markaz","engtype2":"Subdivision"},"geometry":{"type":"Polygon","coordinates":[[[31.7105,30.6368],[31.7565,30.6657],[31.7443,30.6784],[31.7534,30.6833],[31.7588,30.7027],[31.7451,30.7119],[31.7591,30.7331],[31.7424,30.7467],[31.7437,30.7603],[31.7783,30.7658],[31.7885,30.7785],[31.7755,30.7959],[31.7694,30.8272],[31.7601,30.8263],[31.7617,30.8149],[31.7512,30.8089],[31.7429,30.8196],[31.7299,30.818],[31.7202,30.7897],[31.6721,30.7868],[31.6653,30.7655],[31.646,30.7507],[31.6348,30.7681],[31.6183,30.7675],[31.6125,30.7552],[31.6206,30.7328],[31.5991,30.7074],[31.602,30.6931],[31.6153,30.7022],[31.6404,30.7036],[31.6388,30.6724],[31.656,30.6639],[31.6754,30.6686],[31.684,30.6527],[31.7105,30.6368]]]}},{"type":"Feature","properties":{"gid":"EGY.16.5_1","provZh":"东部省","name2":"Al-Husayniyah","type2":"Markaz","engtype2":"Subdivision"},"geometry":{"type":"Polygon","coordinates":[[[31.8555,31.071],[31.8644,31.0555],[31.8871,31.0491],[31.8745,30.9732],[31.8261,30.9282],[31.8319,30.893],[31.8448,30.8879],[31.8359,30.8734],[31.8518,30.861],[31.87,30.8882],[31.879,30.8869],[31.8579,30.8411],[31.8624,30.8206],[31.8562,30.807],[31.8883,30.8013],[31.8839,30.7869],[31.8956,30.773],[31.9113,30.7731],[31.9239,30.7556],[31.9333,30.7558],[31.9471,30.7687],[31.9795,30.7707],[31.9928,30.7829],[32.0236,30.7779],[32.0322,30.7648],[32.0426,30.7681],[32.0511,30.7359],[32.0439,30.733],[32.1625,30.7331],[32.1814,30.9223],[32.2086,30.9371],[32.1768,31.069],[32.127,31.0977],[32.0511,31.1138],[31.9725,31.1104],[31.9428,31.0886],[31.8555,31.071]]]}},{"type":"Feature","properties":{"gid":"EGY.16.6_1","provZh":"东部省","name2":"Al-Ibrahimiyah","type2":"Markaz","engtype2":"Subdivision"},"geometry":{"type":"Polygon","coordinates":[[[31.6183,30.7675],[31.5948,30.7677],[31.5803,30.7774],[31.5636,30.7562],[31.5518,30.7682],[31.5551,30.7751],[31.5441,30.778],[31.5243,30.7632],[31.5178,30.7357],[31.4996,30.7076],[31.5195,30.6935],[31.5465,30.6957],[31.5588,30.6853],[31.5722,30.7007],[31.5991,30.7074],[31.6206,30.7328],[31.6125,30.7552],[31.6183,30.7675]]]}},{"type":"Feature","properties":{"gid":"EGY.16.7_1","provZh":"东部省","name2":"Al-Qanayat","type2":"Kism","engtype2":"Subdivision"},"geometry":{"type":"Polygon","coordinates":[[[31.4886,30.6169],[31.4996,30.6433],[31.4745,30.6442],[31.4619,30.6574],[31.4417,30.6442],[31.4438,30.6171],[31.4616,30.6101],[31.4886,30.6169]]]}},{"type":"Feature","properties":{"gid":"EGY.16.8_1","provZh":"东部省","name2":"Al-Qurayn","type2":"Kism","engtype2":"Subdivision"},"geometry":{"type":"Polygon","coordinates":[[[31.7186,30.5834],[31.7572,30.604],[31.7678,30.5984],[31.7677,30.6147],[31.7777,30.6189],[31.7775,30.6297],[31.7545,30.6384],[31.7414,30.6371],[31.7412,30.6301],[31.7352,30.6388],[31.7234,30.6314],[31.7184,30.6094],[31.7271,30.6098],[31.7186,30.5834]]]}},{"type":"Feature","properties":{"gid":"EGY.16.9_1","provZh":"东部省","name2":"Awlad Saqr","type2":"Markaz","engtype2":"Subdivision"},"geometry":{"type":"Polygon","coordinates":[[[31.6861,30.971],[31.6787,30.9615],[31.6892,30.9405],[31.6678,30.9208],[31.6819,30.9071],[31.6902,30.8804],[31.7153,30.8934],[31.7151,30.8742],[31.7332,30.8764],[31.7568,30.8628],[31.7692,30.8651],[31.7713,30.8752],[31.7853,30.8624],[31.7989,30.8664],[31.8319,30.893],[31.8261,30.9282],[31.8745,30.9732],[31.8871,31.0491],[31.8644,31.0555],[31.8555,31.071],[31.837,31.076],[31.7793,31.0653],[31.7459,31.0422],[31.7366,31.0158],[31.6861,30.971]]]}},{"type":"Feature","properties":{"gid":"EGY.16.10_1","provZh":"东部省","name2":"Bilbays","type2":"Markaz","engtype2":"Subdivision"},"geometry":{"type":"Polygon","coordinates":[[[31.5993,30.4957],[31.5831,30.4992],[31.5845,30.484],[31.5706,30.4781],[31.5485,30.4936],[31.5346,30.4916],[31.5235,30.4793],[31.5067,30.4863],[31.4965,30.511],[31.4831,30.4941],[31.4894,30.4726],[31.4715,30.4569],[31.4528,30.4604],[31.4331,30.4779],[31.4252,30.4663],[31.4072,30.4628],[31.4114,30.4506],[31.4049,30.4371],[31.4195,30.4424],[31.4226,30.4095],[31.3925,30.3879],[31.4007,30.371],[31.4144,30.3695],[31.4011,30.35],[31.4118,30.3465],[31.4112,30.3381],[31.4373,30.3464],[31.4762,30.3441],[31.5576,30.3687],[31.5746,30.3118],[31.5879,30.3064],[31.6385,30.3487],[31.6346,30.3657],[31.6526,30.3765],[31.6383,30.4162],[31.6695,30.4248],[31.6711,30.435],[31.65,30.4567],[31.6346,30.4658],[31.6238,30.4633],[31.6173,30.4752],[31.5921,30.4834],[31.5993,30.4957]]]}},{"type":"Feature","properties":{"gid":"EGY.16.11_1","provZh":"东部省","name2":"Diyarb Najm","type2":"Markaz","engtype2":"Subdivision"},"geometry":{"type":"Polygon","coordinates":[[[31.3771,30.805],[31.3732,30.7848],[31.3639,30.7808],[31.3719,30.7598],[31.3646,30.747],[31.3739,30.7458],[31.3691,30.7374],[31.3829,30.7147],[31.3735,30.7102],[31.3831,30.7042],[31.3832,30.6844],[31.4055,30.6883],[31.4183,30.6798],[31.4384,30.6959],[31.4417,30.6856],[31.4721,30.6819],[31.4854,30.6918],[31.5054,30.6837],[31.5104,30.7023],[31.4996,30.7076],[31.5178,30.7357],[31.5243,30.7632],[31.5756,30.7907],[31.5734,30.8141],[31.5256,30.8233],[31.4851,30.8111],[31.4624,30.8253],[31.4332,30.8207],[31.4315,30.8112],[31.4127,30.8026],[31.4049,30.812],[31.3799,30.8118],[31.3771,30.805]]]}},{"type":"Feature","properties":{"gid":"EGY.16.12_1","provZh":"东部省","name2":"Faqus","type2":"Markaz","engtype2":"Subdivision"},"geometry":{"type":"Polygon","coordinates":[[[31.7234,30.6314],[31.7352,30.6388],[31.7412,30.6301],[31.7414,30.6371],[31.7545,30.6384],[31.7775,30.6297],[31.7777,30.6189],[31.7899,30.6057],[31.8294,30.6259],[31.8377,30.6167],[31.8451,30.6275],[31.8278,30.6493],[31.8583,30.667],[31.8468,30.6727],[31.895,30.6989],[31.9349,30.6828],[32.0511,30.7359],[32.0499,30.755],[32.0426,30.7681],[32.0322,30.7648],[32.0236,30.7779],[31.9928,30.7829],[31.9795,30.7707],[31.9471,30.7687],[31.9333,30.7558],[31.9239,30.7556],[31.9113,30.7731],[31.8956,30.773],[31.8839,30.7869],[31.8883,30.8013],[31.8562,30.807],[31.8624,30.8206],[31.8579,30.8411],[31.879,30.8869],[31.87,30.8882],[31.8518,30.861],[31.8359,30.8734],[31.8448,30.8879],[31.8319,30.893],[31.7989,30.8664],[31.7853,30.8624],[31.7713,30.8752],[31.7692,30.8651],[31.7568,30.8628],[31.7417,30.8423],[31.7543,30.8451],[31.7601,30.8263],[31.7694,30.8272],[31.7755,30.7959],[31.7885,30.7785],[31.7783,30.7658],[31.7437,30.7603],[31.7424,30.7467],[31.7591,30.7331],[31.7451,30.7119],[31.7588,30.7027],[31.7534,30.6833],[31.7443,30.6784],[31.7565,30.6657],[31.7105,30.6368],[31.7234,30.6314]]]}},{"type":"Feature","properties":{"gid":"EGY.16.13_1","provZh":"东部省","name2":"Hihya","type2":"Markaz","engtype2":"Subdivision"},"geometry":{"type":"Polygon","coordinates":[[[31.684,30.6527],[31.6754,30.6686],[31.656,30.6639],[31.6388,30.6724],[31.6404,30.7036],[31.6153,30.7022],[31.602,30.6931],[31.5991,30.7074],[31.5722,30.7007],[31.5588,30.6853],[31.5465,30.6957],[31.5195,30.6935],[31.5104,30.7023],[31.5054,30.6837],[31.4979,30.6838],[31.495,30.6608],[31.5215,30.6447],[31.5325,30.655],[31.5556,30.6584],[31.5492,30.6539],[31.5651,30.6358],[31.5602,30.6261],[31.5821,30.6092],[31.584,30.5959],[31.609,30.6095],[31.6483,30.6041],[31.667,30.618],[31.684,30.6527]]]}},{"type":"Feature","properties":{"gid":"EGY.16.14_1","provZh":"东部省","name2":"Kafr Saqr","type2":"Markaz","engtype2":"Subdivision"},"geometry":{"type":"Polygon","coordinates":[[[31.5734,30.8141],[31.5756,30.7907],[31.5441,30.778],[31.5551,30.7751],[31.5518,30.7682],[31.5636,30.7562],[31.5803,30.7774],[31.5948,30.7677],[31.6348,30.7681],[31.646,30.7507],[31.6653,30.7655],[31.6721,30.7868],[31.7202,30.7897],[31.7299,30.818],[31.7429,30.8196],[31.7512,30.8089],[31.7617,30.8149],[31.7543,30.8451],[31.7417,30.8423],[31.7568,30.8628],[31.7332,30.8764],[31.7151,30.8742],[31.7153,30.8934],[31.6902,30.8804],[31.6819,30.9071],[31.6678,30.9208],[31.6264,30.9213],[31.6176,30.9013],[31.6424,30.8767],[31.6327,30.8493],[31.5953,30.84],[31.5936,30.8212],[31.5734,30.8141]]]}},{"type":"Feature","properties":{"gid":"EGY.16.15_1","provZh":"东部省","name2":"Mashtul as-Suq","type2":"Markaz","engtype2":"Subdivision"},"geometry":{"type":"Polygon","coordinates":[[[31.384,30.2918],[31.4112,30.3381],[31.4118,30.3465],[31.4011,30.35],[31.4144,30.3695],[31.4007,30.371],[31.3925,30.3879],[31.4226,30.4095],[31.4204,30.4279],[31.3942,30.4178],[31.3819,30.4278],[31.364,30.4281],[31.3319,30.3997],[31.3323,30.3903],[31.3467,30.3815],[31.3433,30.3723],[31.353,30.369],[31.354,30.3574],[31.3428,30.3566],[31.3413,30.3414],[31.3734,30.3246],[31.3718,30.3045],[31.384,30.2918]]]}},{"type":"Feature","properties":{"gid":"EGY.16.16_1","provZh":"东部省","name2":"Minya al-Qamh","type2":"Markaz","engtype2":"Subdivision"},"geometry":{"type":"Polygon","coordinates":[[[31.3103,30.4103],[31.3319,30.3997],[31.364,30.4281],[31.3819,30.4278],[31.3942,30.4178],[31.4204,30.4279],[31.4195,30.4424],[31.4049,30.4371],[31.4114,30.4506],[31.4072,30.4628],[31.4252,30.4663],[31.4331,30.4779],[31.4528,30.4604],[31.4715,30.4569],[31.4894,30.4726],[31.4884,30.4861],[31.4585,30.4919],[31.4535,30.5103],[31.4661,30.5327],[31.4464,30.5529],[31.4284,30.5482],[31.4277,30.558],[31.4179,30.5589],[31.4113,30.5848],[31.3993,30.592],[31.3989,30.6143],[31.376,30.6139],[31.3636,30.5974],[31.347,30.598],[31.3287,30.5717],[31.3089,30.5769],[31.2957,30.5702],[31.3021,30.5456],[31.2884,30.5406],[31.2903,30.5206],[31.2692,30.4936],[31.2748,30.4666],[31.2675,30.4555],[31.3053,30.436],[31.297,30.4283],[31.3103,30.4103]]]}},{"type":"Feature","properties":{"gid":"EGY.16.17_1","provZh":"东部省","name2":"New Salhiyah","type2":"Kism","engtype2":"Subdivision"},"geometry":{"type":"Polygon","coordinates":[[[32.1625,30.7331],[32.0439,30.733],[31.9349,30.6828],[31.895,30.6989],[31.8468,30.6727],[31.8583,30.667],[31.8278,30.6493],[31.8451,30.6275],[31.8377,30.6167],[31.8294,30.6259],[31.7899,30.6057],[31.7777,30.6189],[31.7677,30.6147],[31.7678,30.5984],[31.7572,30.604],[31.7186,30.5834],[31.7223,30.5728],[31.6988,30.5643],[31.7077,30.5442],[31.7527,30.558],[31.7716,30.5733],[31.866,30.5553],[31.9765,30.5755],[32.0655,30.5633],[32.0703,30.5547],[32.1278,30.5626],[32.117,30.5935],[32.109,30.5958],[32.1195,30.6064],[32.1748,30.6258],[32.1591,30.6779],[32.1625,30.7331]]]}},{"type":"Feature","properties":{"gid":"EGY.16.18_1","provZh":"东部省","name2":"Unorganized in Ash Sharqiyah","type2":"unorganized","engtype2":"Subdivision"},"geometry":{"type":"Polygon","coordinates":[[[31.7989,30.4743],[31.7585,30.4615],[31.7344,30.4676],[31.6711,30.435],[31.6695,30.4248],[31.6383,30.4162],[31.6526,30.3765],[31.6346,30.3657],[31.6385,30.3487],[31.5879,30.3064],[31.5746,30.3118],[31.5576,30.3687],[31.4762,30.3441],[31.4373,30.3464],[31.4112,30.3381],[31.384,30.2918],[31.5326,30.2703],[31.5561,30.2578],[31.5917,30.1975],[31.6773,30.1838],[31.862,30.1877],[31.7989,30.4743]],[[31.7032,30.2117],[31.6874,30.2004],[31.6877,30.2276],[31.6695,30.2504],[31.7089,30.2727],[31.7582,30.2158],[31.7266,30.1934],[31.7032,30.2117]]]}},{"type":"Feature","properties":{"gid":"EGY.16.19_1","provZh":"东部省","name2":"Zaqaziq","type2":"Markaz","engtype2":"Subdivision"},"geometry":{"type":"Polygon","coordinates":[[[31.3417,30.608],[31.347,30.598],[31.3636,30.5974],[31.376,30.6139],[31.3989,30.6143],[31.3993,30.592],[31.4113,30.5848],[31.4179,30.5589],[31.4277,30.558],[31.4284,30.5482],[31.4464,30.5529],[31.4661,30.5327],[31.4535,30.5103],[31.4585,30.4919],[31.4884,30.4861],[31.4831,30.4941],[31.4965,30.511],[31.5067,30.4863],[31.5235,30.4793],[31.5346,30.4916],[31.5485,30.4936],[31.5706,30.4781],[31.5845,30.484],[31.5831,30.4992],[31.5993,30.4957],[31.5873,30.5057],[31.5988,30.5199],[31.5768,30.52],[31.5829,30.53],[31.5786,30.5375],[31.5922,30.5462],[31.6035,30.5436],[31.6087,30.5713],[31.6191,30.5812],[31.641,30.5815],[31.6351,30.5958],[31.6495,30.5973],[31.6483,30.6041],[31.609,30.6095],[31.584,30.5959],[31.5821,30.6092],[31.5602,30.6261],[31.5651,30.6358],[31.5492,30.6539],[31.5556,30.6584],[31.5325,30.655],[31.5215,30.6447],[31.495,30.6608],[31.4979,30.6838],[31.4854,30.6918],[31.4721,30.6819],[31.4417,30.6856],[31.4384,30.6959],[31.4183,30.6798],[31.4055,30.6883],[31.3832,30.6844],[31.3903,30.6721],[31.3723,30.6637],[31.3875,30.623],[31.3451,30.6215],[31.3417,30.608]],[[31.4886,30.6169],[31.4616,30.6101],[31.4438,30.6171],[31.4417,30.6442],[31.4619,30.6574],[31.4745,30.6442],[31.4996,30.6433],[31.4886,30.6169]],[[31.5053,30.5843],[31.489,30.5867],[31.496,30.602],[31.5139,30.5989],[31.5326,30.6171],[31.5202,30.5984],[31.5252,30.5893],[31.5153,30.5716],[31.5042,30.5738],[31.5053,30.5843]]]}},{"type":"Feature","properties":{"gid":"EGY.16.20_1","provZh":"东部省","name2":"Zaqaziq 1","type2":"Kism","engtype2":"Subdivision"},"geometry":{"type":"Polygon","coordinates":[[[31.5202,30.5984],[31.5053,30.5843],[31.5042,30.5738],[31.5153,30.5716],[31.5252,30.5893],[31.5202,30.5984]]]}},{"type":"Feature","properties":{"gid":"EGY.16.21_1","provZh":"东部省","name2":"Zaqaziq 2","type2":"Kism","engtype2":"Subdivision"},"geometry":{"type":"Polygon","coordinates":[[[31.5202,30.5984],[31.5326,30.6171],[31.5139,30.5989],[31.496,30.602],[31.489,30.5867],[31.5053,30.5843],[31.5202,30.5984]]]}},{"type":"Feature","properties":{"gid":"EGY.17.1_1","provZh":"阿斯旺省","name2":"Abu Simbel","type2":"Markaz","engtype2":"Subdivision"},"geometry":{"type":"MultiPolygon","coordinates":[[[[32.3507,22.4052],[32.3721,22.4125],[32.3953,22.447],[32.4158,22.4516],[32.4167,22.4616],[32.4001,22.4597],[32.3766,22.4895],[32.3649,22.4823],[32.3572,22.4587],[32.3417,22.4477],[32.3212,22.4458],[32.3203,22.4313],[32.3507,22.4052]]],[[[32.6231,22.5947],[32.6384,22.595],[32.6501,22.6391],[32.5923,22.6705],[32.576,22.6572],[32.5691,22.6618],[32.5583,22.6555],[32.537,22.6357],[32.5971,22.574],[32.6231,22.5947]]],[[[32.6505,23.6815],[32.6344,23.6756],[32.6405,23.6609],[32.6572,23.6564],[32.6756,23.6657],[32.6791,23.6861],[32.6505,23.6815]]]]}},{"type":"Feature","properties":{"gid":"EGY.17.2_1","provZh":"阿斯旺省","name2":"Aswan","type2":"Markaz","engtype2":"Subdivision"},"geometry":{"type":"MultiPolygon","coordinates":[[[[33.0294,23.8682],[33.0464,23.866],[33.0454,23.8847],[33.0211,23.8819],[33.017,23.8698],[33.0294,23.8682]]],[[[32.7442,23.9149],[32.7566,23.9031],[32.7947,23.9215],[32.7789,23.9404],[32.7442,23.9149]]],[[[32.8322,23.957],[32.8518,23.9666],[32.854,23.9866],[32.8097,23.9761],[32.8158,23.9615],[32.8322,23.957]]],[[[32.9031,24.3428],[32.9004,24.3174],[32.894,24.3165],[32.8469,24.2496],[32.8533,24.1791],[32.8714,24.1277],[32.87,24.114],[32.8501,24.0911],[32.8488,24.0673],[32.8599,24.0275],[32.8564,23.9739],[32.8672,23.96],[32.9148,23.9772],[32.9183,23.9911],[32.8984,24.0213],[32.9193,24.0401],[32.9258,24.0771],[32.9129,24.083],[32.8972,24.1435],[32.8785,24.1767],[32.8866,24.1843],[32.8853,24.2278],[32.9217,24.307],[32.9217,24.3622],[32.9146,24.362],[32.9031,24.3428]]]]}},{"type":"Feature","properties":{"gid":"EGY.17.3_1","provZh":"阿斯旺省","name2":"Aswan City","type2":"Kism","engtype2":"Subdivision"},"geometry":{"type":"Polygon","coordinates":[[[32.9984,24.0386],[33.0061,24.0553],[32.9935,24.0984],[32.9669,24.0984],[32.9593,24.0379],[32.9984,24.0386]]]}},{"type":"Feature","properties":{"gid":"EGY.17.4_1","provZh":"阿斯旺省","name2":"Daraw","type2":"Markaz","engtype2":"Subdivision"},"geometry":{"type":"MultiPolygon","coordinates":[[[[33.0101,24.3061],[33.0219,24.3212],[33.003,24.3418],[32.9806,24.3299],[32.9936,24.3082],[33.0101,24.3061]]],[[[32.9004,24.3174],[32.9031,24.3428],[32.9252,24.3817],[32.9206,24.4174],[32.9368,24.4327],[32.9396,24.4645],[32.9274,24.4749],[32.9031,24.4629],[32.8658,24.4748],[32.8883,24.3996],[32.894,24.3165],[32.9004,24.3174]]],[[[32.9336,24.6726],[32.9334,24.6515],[32.9452,24.6495],[32.9511,24.6608],[32.9605,24.6599],[32.9473,24.6732],[32.9394,24.7587],[32.918,24.8198],[32.9218,24.8316],[32.8976,24.8585],[32.8871,24.8561],[32.9241,24.7793],[32.9336,24.6726]]]]}},{"type":"Feature","properties":{"gid":"EGY.17.5_1","provZh":"阿斯旺省","name2":"Idfu","type2":"Markaz","engtype2":"Subdivision"},"geometry":{"type":"MultiPolygon","coordinates":[[[[32.9253,24.6578],[32.925,24.6699],[32.9214,24.6532],[32.9253,24.6578]]],[[[32.9336,24.6726],[32.9241,24.7793],[32.8871,24.8561],[32.8976,24.8585],[32.9032,24.871],[32.8851,24.923],[32.9083,24.9528],[32.9147,24.9897],[32.9044,24.999],[32.9049,25.0172],[32.8868,25.0317],[32.8826,25.066],[32.8407,25.1095],[32.7358,25.1667],[32.7148,25.1904],[32.7204,25.2009],[32.6883,25.2242],[32.6561,25.2379],[32.6444,25.2325],[32.6434,25.2271],[32.6644,25.2185],[32.6618,25.1933],[32.6544,25.1873],[32.6908,25.1575],[32.7323,25.1364],[32.7623,25.1016],[32.823,25.0818],[32.8222,25.0668],[32.8146,25.0627],[32.8254,25.0334],[32.8168,25.0088],[32.8444,24.9728],[32.8298,24.9059],[32.8432,24.903],[32.881,24.8166],[32.9118,24.771],[32.9166,24.6832],[32.925,24.6699],[32.9336,24.6726]]],[[[32.7585,25.0174],[32.7507,25.0151],[32.774,24.9921],[32.7791,24.9575],[32.8051,24.9225],[32.8126,24.9298],[32.7936,24.9566],[32.7925,24.9862],[32.7639,25.019],[32.7585,25.0174]]],[[[32.9145,25.0236],[32.9315,25.0244],[32.9279,25.0338],[32.9145,25.0236]]],[[[32.9904,24.9166],[32.9719,24.9078],[32.9799,24.8933],[33.002,24.9046],[32.9904,24.9166]]],[[[32.9623,25.0722],[32.942,25.0625],[32.9499,25.048],[32.9721,25.0593],[32.9623,25.0722]]],[[[32.9241,25.0822],[32.9291,25.0761],[32.9342,25.0802],[32.9241,25.0822]]]]}},{"type":"Feature","properties":{"gid":"EGY.17.6_1","provZh":"阿斯旺省","name2":"Kawm Umbu","type2":"Markaz","engtype2":"Subdivision"},"geometry":{"type":"Polygon","coordinates":[[[32.9252,24.3817],[32.9381,24.3839],[32.9625,24.4091],[33.0008,24.4212],[33.0221,24.4573],[33.0027,24.5328],[33.0063,24.5588],[32.9694,24.5514],[32.945,24.5733],[32.9076,24.5775],[32.9334,24.6515],[32.9336,24.6726],[32.925,24.6699],[32.9253,24.6578],[32.8933,24.626],[32.889,24.5713],[32.8614,24.5191],[32.8576,24.4872],[32.8658,24.4748],[32.9031,24.4629],[32.9274,24.4749],[32.9396,24.4645],[32.9368,24.4327],[32.9206,24.4174],[32.9252,24.3817]]]}},{"type":"Feature","properties":{"gid":"EGY.17.7_1","provZh":"阿斯旺省","name2":"Nasr","type2":"Markaz","engtype2":"Subdivision"},"geometry":{"type":"MultiPolygon","coordinates":[[[[32.9176,24.3621],[32.9409,24.3664],[32.9381,24.3839],[32.9252,24.3817],[32.9176,24.3621]]],[[[32.9511,24.6608],[32.9452,24.6495],[32.9334,24.6515],[32.9076,24.5775],[32.945,24.5733],[32.9694,24.5514],[33.0063,24.5588],[33.0027,24.5328],[33.0221,24.4573],[33.0008,24.4212],[32.9625,24.4091],[32.9383,24.3843],[32.9846,24.3889],[32.9901,24.4053],[33.0135,24.4075],[33.0385,24.4446],[33.0811,24.4465],[33.0889,24.4647],[33.1283,24.4854],[33.1228,24.5067],[33.11,24.5158],[33.0564,24.5091],[33.0546,24.5203],[33.0296,24.5182],[33.0235,24.5095],[33.0129,24.5197],[33.0127,24.5499],[33.0495,24.562],[33.0561,24.5779],[33.0333,24.5957],[33.019,24.5897],[33.0051,24.6115],[32.9578,24.6338],[32.9511,24.6608]]],[[[33.0703,24.5299],[33.0799,24.5371],[33.0687,24.5415],[33.0703,24.5299]]]]}},{"type":"Feature","properties":{"gid":"EGY.17.8_1","provZh":"阿斯旺省","name2":"New Tushka City","type2":"City","engtype2":"Subdivision"},"geometry":{"type":"Polygon","coordinates":[[[31.6979,22.8099],[31.7559,22.8921],[31.7127,22.9674],[31.6776,22.9722],[31.6054,22.8967],[31.5871,22.8673],[31.5952,22.8455],[31.573,22.8156],[31.6569,22.7578],[31.6979,22.8099]]]}},{"type":"Feature","properties":{"gid":"EGY.17.9_1","provZh":"阿斯旺省","name2":"Unorganized in Aswan","type2":"unorganized","engtype2":"Subdivision"},"geometry":{"type":"Polygon","coordinates":[[[33.4861,23.8822],[33.4713,25.3066],[32.678,25.2958],[32.6427,25.2337],[32.6561,25.2379],[32.6883,25.2242],[32.7204,25.2009],[32.7148,25.1904],[32.7358,25.1667],[32.8407,25.1095],[32.8826,25.066],[32.8868,25.0317],[32.9049,25.0172],[32.9044,24.999],[32.9147,24.9897],[32.9083,24.9528],[32.8851,24.923],[32.9032,24.871],[32.8976,24.8585],[32.9218,24.8316],[32.918,24.8198],[32.9394,24.7587],[32.9473,24.6732],[32.9605,24.6599],[32.9511,24.6608],[32.9578,24.6338],[33.0051,24.6115],[33.019,24.5897],[33.0333,24.5957],[33.0561,24.5779],[33.0495,24.562],[33.0127,24.5499],[33.0129,24.5197],[33.0235,24.5095],[33.0296,24.5182],[33.0546,24.5203],[33.0564,24.5091],[33.11,24.5158],[33.1228,24.5067],[33.1283,24.4854],[33.0889,24.4647],[33.0811,24.4465],[33.0385,24.4446],[33.0135,24.4075],[32.9901,24.4053],[32.9846,24.3889],[32.9383,24.3843],[32.9409,24.3664],[32.9217,24.3622],[32.9217,24.307],[32.8853,24.2278],[32.8866,24.1843],[32.8785,24.1767],[32.8972,24.1435],[32.9129,24.083],[32.9258,24.0771],[32.9193,24.0401],[32.8984,24.0213],[32.9183,23.9911],[32.9148,23.9772],[32.8672,23.96],[32.8564,23.9739],[32.8599,24.0275],[32.8488,24.0673],[32.8501,24.0911],[32.87,24.114],[32.8714,24.1277],[32.8533,24.1791],[32.8469,24.2496],[32.894,24.3165],[32.8883,24.3996],[32.8576,24.4872],[32.8614,24.5191],[32.889,24.5713],[32.8933,24.626],[32.9214,24.6532],[32.925,24.6699],[32.9166,24.6832],[32.9118,24.771],[32.881,24.8166],[32.8432,24.903],[32.8298,24.9059],[32.8444,24.9728],[32.8168,25.0088],[32.8254,25.0334],[32.8146,25.0627],[32.8222,25.0668],[32.823,25.0818],[32.7623,25.1016],[32.7323,25.1364],[32.6908,25.1575],[32.6544,25.1873],[32.6471,25.1732],[32.6551,25.1687],[31.758,23.4726],[31.0032,22.0078],[31.3185,22.0064],[31.3569,22.115],[31.4103,22.1814],[31.4745,22.2251],[31.5129,22.1808],[31.4355,22.0812],[31.4127,22.0276],[31.4121,22.0081],[32.0232,22.0032],[33.1665,22.0062],[33.4941,21.7734],[33.5056,22.002],[33.4861,23.8822]],[[32.3587,22.4079],[32.3507,22.4052],[32.3203,22.4313],[32.3212,22.4458],[32.3417,22.4477],[32.3572,22.4587],[32.3649,22.4823],[32.3766,22.4895],[32.4001,22.4597],[32.4167,22.4616],[32.4158,22.4516],[32.3953,22.447],[32.3721,22.4125],[32.3587,22.4079]],[[32.6244,22.5957],[32.5971,22.574],[32.537,22.6357],[32.5583,22.6555],[32.5691,22.6618],[32.576,22.6572],[32.5923,22.6705],[32.6501,22.6391],[32.6384,22.595],[32.6244,22.5957]],[[32.6373,23.6687],[32.6344,23.6756],[32.6654,23.6871],[32.6791,23.6861],[32.6756,23.6657],[32.6572,23.6564],[32.6405,23.6609],[32.6373,23.6687]],[[32.9984,24.0386],[32.9593,24.0379],[32.9669,24.0984],[32.9935,24.0984],[33.0061,24.0553],[32.9984,24.0386]],[[33.0454,23.8847],[33.0464,23.866],[33.017,23.8698],[33.0211,23.8819],[33.0454,23.8847]],[[32.7647,23.9084],[32.7566,23.9031],[32.7442,23.9149],[32.7789,23.9404],[32.7947,23.9215],[32.7647,23.9084]],[[32.8325,23.9569],[32.8158,23.9615],[32.8097,23.9761],[32.854,23.9866],[32.8518,23.9666],[32.8325,23.9569]],[[33.012,24.3085],[32.9936,24.3082],[32.9806,24.3299],[33.003,24.3418],[33.0219,24.3212],[33.012,24.3085]],[[32.9719,24.9078],[32.9922,24.9175],[33.002,24.9046],[32.9799,24.8933],[32.9719,24.9078]],[[32.761,25.0049],[32.7507,25.0151],[32.7639,25.019],[32.7925,24.9862],[32.7936,24.9566],[32.8126,24.9298],[32.8051,24.9225],[32.7791,24.9575],[32.774,24.9921],[32.761,25.0049]],[[32.9159,25.0207],[32.9139,25.0265],[32.9279,25.0338],[32.9315,25.0244],[32.9159,25.0207]],[[32.9428,25.0605],[32.9623,25.0722],[32.9721,25.0593],[32.9499,25.048],[32.9428,25.0605]],[[32.9291,25.0761],[32.924,25.0822],[32.9342,25.0802],[32.9291,25.0761]],[[33.0799,24.5371],[33.0726,24.5287],[33.0664,24.5322],[33.0687,24.5415],[33.0799,24.5371]],[[31.6979,22.8099],[31.6569,22.7578],[31.573,22.8156],[31.5952,22.8455],[31.5871,22.8673],[31.6054,22.8967],[31.6776,22.9722],[31.7127,22.9674],[31.7559,22.8921],[31.6979,22.8099]]]}},{"type":"Feature","properties":{"gid":"EGY.18.1_1","provZh":"艾斯尤特省","name2":"Abnub","type2":"Markaz","engtype2":"Subdivision"},"geometry":{"type":"Polygon","coordinates":[[[31.2097,27.2764],[31.1826,27.3107],[31.1627,27.3067],[31.1105,27.3264],[31.0464,27.316],[31.0254,27.3384],[30.9818,27.363],[30.9597,27.3519],[30.9586,27.3418],[31.0037,27.326],[31.0193,27.285],[31.0431,27.2724],[31.1051,27.2726],[31.1279,27.2573],[31.1233,27.2441],[31.1325,27.2364],[31.1553,27.2422],[31.1726,27.2279],[31.1806,27.2404],[31.1732,27.2467],[31.1919,27.2449],[31.195,27.2661],[31.2088,27.265],[31.2039,27.2764],[31.2097,27.2764]]]}},{"type":"Feature","properties":{"gid":"EGY.18.2_1","provZh":"艾斯尤特省","name2":"Abu Tij","type2":"Markaz","engtype2":"Subdivision"},"geometry":{"type":"Polygon","coordinates":[[[31.3506,27.0307],[31.3179,27.0734],[31.3174,27.1233],[31.2619,27.1068],[31.2554,27.0914],[31.2371,27.0915],[31.2388,27.0596],[31.2266,27.0558],[31.2458,26.9954],[31.2689,26.9768],[31.2738,26.9559],[31.2861,26.9515],[31.2955,26.9613],[31.2914,26.9743],[31.3709,27.0011],[31.3506,27.0307]]]}},{"type":"Feature","properties":{"gid":"EGY.18.3_1","provZh":"艾斯尤特省","name2":"Al-Badari","type2":"Markaz","engtype2":"Subdivision"},"geometry":{"type":"Polygon","coordinates":[[[31.3709,27.0011],[31.3968,26.9699],[31.4436,26.9447],[31.4806,26.9131],[31.5135,26.8428],[31.5153,26.8892],[31.5013,26.8961],[31.5025,26.915],[31.4813,26.924],[31.4543,26.9588],[31.4468,27.0045],[31.4153,27.0238],[31.4223,27.0407],[31.4017,27.0437],[31.3796,27.0249],[31.3617,27.034],[31.3506,27.0307],[31.3709,27.0011]]]}},{"type":"Feature","properties":{"gid":"EGY.18.4_1","provZh":"艾斯尤特省","name2":"Al-Fath","type2":"Markaz","engtype2":"Subdivision"},"geometry":{"type":"Polygon","coordinates":[[[31.1233,27.2441],[31.1165,27.22],[31.1202,27.207],[31.1303,27.2038],[31.1586,27.218],[31.1818,27.213],[31.2053,27.1791],[31.3005,27.1572],[31.3038,27.1626],[31.2801,27.168],[31.2737,27.1828],[31.2565,27.1785],[31.2574,27.212],[31.245,27.2495],[31.2097,27.2764],[31.2039,27.2764],[31.2088,27.265],[31.195,27.2661],[31.1919,27.2449],[31.1732,27.2467],[31.1806,27.2404],[31.1726,27.2279],[31.1553,27.2422],[31.1325,27.2364],[31.1233,27.2441]]]}},{"type":"Feature","properties":{"gid":"EGY.18.5_1","provZh":"艾斯尤特省","name2":"Al-Ghanayim","type2":"Markaz","engtype2":"Subdivision"},"geometry":{"type":"Polygon","coordinates":[[[31.2861,26.9515],[31.3015,26.9369],[31.2957,26.9174],[31.3369,26.8612],[31.3782,26.8863],[31.3515,26.8997],[31.36,26.9212],[31.3479,26.9361],[31.3314,26.9351],[31.3277,26.9282],[31.3186,26.9327],[31.3103,26.9513],[31.3108,26.98],[31.2914,26.9743],[31.2955,26.9613],[31.2861,26.9515]]]}},{"type":"Feature","properties":{"gid":"EGY.18.6_1","provZh":"艾斯尤特省","name2":"Al-Qusiyah","type2":"Markaz","engtype2":"Subdivision"},"geometry":{"type":"Polygon","coordinates":[[[30.8609,27.5301],[30.8695,27.5049],[30.8549,27.4777],[30.8406,27.4677],[30.8214,27.4777],[30.8133,27.4736],[30.8103,27.4811],[30.8007,27.4773],[30.8114,27.4461],[30.7862,27.452],[30.7858,27.4684],[30.7621,27.4722],[30.746,27.4856],[30.7422,27.4747],[30.7233,27.4654],[30.7407,27.3978],[30.7774,27.3827],[30.7954,27.3419],[30.8381,27.3204],[30.8546,27.3305],[30.8733,27.3287],[30.8538,27.3404],[30.8542,27.3493],[30.8695,27.3531],[30.8703,27.363],[30.8607,27.3757],[30.8435,27.3799],[30.881,27.3737],[30.923,27.3867],[30.9265,27.3995],[30.8731,27.4263],[30.8629,27.4544],[30.8748,27.5095],[30.8694,27.5299],[30.8609,27.5301]]]}},{"type":"Feature","properties":{"gid":"EGY.18.7_1","provZh":"艾斯尤特省","name2":"Asyut","type2":"Markaz","engtype2":"Subdivision"},"geometry":{"type":"MultiPolygon","coordinates":[[[[31.2619,27.1068],[31.3174,27.1233],[31.3005,27.1572],[31.2053,27.1791],[31.1664,27.1627],[31.1751,27.1404],[31.1644,27.113],[31.1864,27.081],[31.2266,27.0558],[31.2388,27.0596],[31.2371,27.0915],[31.2554,27.0914],[31.2619,27.1068]]],[[[31.064,27.2725],[31.0431,27.2724],[31.0315,27.262],[31.0429,27.2569],[31.0446,27.2399],[31.0351,27.2341],[31.0267,27.2417],[31.0137,27.2249],[31.0312,27.2018],[31.0704,27.1839],[31.0998,27.1864],[31.1423,27.167],[31.1538,27.1752],[31.1331,27.1867],[31.1303,27.2038],[31.1202,27.207],[31.1165,27.22],[31.1279,27.2573],[31.1051,27.2726],[31.064,27.2725]]]]}},{"type":"Feature","properties":{"gid":"EGY.18.8_1","provZh":"艾斯尤特省","name2":"Asyut 1","type2":"Kism","engtype2":"Subdivision"},"geometry":{"type":"Polygon","coordinates":[[[31.1303,27.2038],[31.1331,27.1867],[31.1538,27.1752],[31.1423,27.167],[31.1664,27.1627],[31.1887,27.1705],[31.1653,27.1946],[31.1559,27.1922],[31.145,27.2103],[31.1303,27.2038]]]}},{"type":"Feature","properties":{"gid":"EGY.18.9_1","provZh":"艾斯尤特省","name2":"Asyut 2","type2":"Kism","engtype2":"Subdivision"},"geometry":{"type":"Polygon","coordinates":[[[31.145,27.2103],[31.1559,27.1922],[31.1653,27.1946],[31.1887,27.1705],[31.2053,27.1791],[31.1818,27.213],[31.1586,27.218],[31.145,27.2103]]]}},{"type":"Feature","properties":{"gid":"EGY.18.10_1","provZh":"艾斯尤特省","name2":"Dayrut","type2":"Markaz","engtype2":"Subdivision"},"geometry":{"type":"Polygon","coordinates":[[[30.6761,27.6076],[30.6981,27.5786],[30.7134,27.5446],[30.7134,27.5261],[30.7268,27.5072],[30.7233,27.4654],[30.7422,27.4747],[30.746,27.4856],[30.7621,27.4722],[30.7858,27.4684],[30.7862,27.452],[30.8114,27.4461],[30.8007,27.4773],[30.8103,27.4811],[30.8133,27.4736],[30.8214,27.4777],[30.8406,27.4677],[30.8549,27.4777],[30.8695,27.5049],[30.8609,27.5301],[30.8607,27.5775],[30.8769,27.6077],[30.8532,27.6025],[30.8401,27.6124],[30.8315,27.6068],[30.8298,27.5907],[30.8027,27.5991],[30.7907,27.5933],[30.773,27.6109],[30.7602,27.6163],[30.7562,27.6097],[30.7326,27.6297],[30.7274,27.6279],[30.7309,27.6022],[30.7106,27.601],[30.7122,27.6103],[30.6761,27.6076]]]}},{"type":"Feature","properties":{"gid":"EGY.18.11_1","provZh":"艾斯尤特省","name2":"Manfalut","type2":"Markaz","engtype2":"Subdivision"},"geometry":{"type":"Polygon","coordinates":[[[30.9818,27.363],[30.9803,27.3706],[30.9539,27.3813],[30.937,27.4034],[30.9265,27.3995],[30.923,27.3867],[30.881,27.3737],[30.8435,27.3799],[30.8607,27.3757],[30.8703,27.363],[30.8695,27.3531],[30.8542,27.3493],[30.8538,27.3404],[30.8733,27.3287],[30.8546,27.3305],[30.8381,27.3204],[30.8851,27.2975],[30.9064,27.2724],[30.9156,27.279],[30.9251,27.2769],[30.9254,27.2693],[30.9342,27.271],[30.9309,27.2446],[31.0312,27.2018],[31.0137,27.2249],[31.0267,27.2417],[31.0351,27.2341],[31.0446,27.2399],[31.0429,27.2569],[31.0315,27.262],[31.0431,27.2724],[31.0193,27.285],[31.0037,27.326],[30.9586,27.3418],[30.9597,27.3519],[30.9818,27.363]]]}},{"type":"Feature","properties":{"gid":"EGY.18.12_1","provZh":"艾斯尤特省","name2":"New Asyut City","type2":"City","engtype2":"Subdivision"},"geometry":{"type":"Polygon","coordinates":[[[31.2682,27.2501],[31.2886,27.2312],[31.3051,27.2425],[31.2831,27.2782],[31.2652,27.2687],[31.2682,27.2501]]]}},{"type":"Feature","properties":{"gid":"EGY.18.13_1","provZh":"艾斯尤特省","name2":"Sahil Salim","type2":"Markaz","engtype2":"Subdivision"},"geometry":{"type":"Polygon","coordinates":[[[31.3506,27.0307],[31.3617,27.034],[31.3796,27.0249],[31.4017,27.0437],[31.4223,27.0407],[31.4251,27.0461],[31.3867,27.0702],[31.3571,27.1052],[31.333,27.1048],[31.3363,27.1158],[31.3284,27.1157],[31.3038,27.1626],[31.3005,27.1572],[31.3174,27.1233],[31.3179,27.0734],[31.3506,27.0307]]]}},{"type":"Feature","properties":{"gid":"EGY.18.14_1","provZh":"艾斯尤特省","name2":"Sidfa","type2":"Markaz","engtype2":"Subdivision"},"geometry":{"type":"Polygon","coordinates":[[[31.3108,26.98],[31.3103,26.9513],[31.3186,26.9327],[31.3277,26.9282],[31.3314,26.9351],[31.3479,26.9361],[31.36,26.9212],[31.3515,26.8997],[31.3782,26.8863],[31.3978,26.92],[31.427,26.9292],[31.4436,26.9447],[31.3968,26.9699],[31.3709,27.0011],[31.3108,26.98]]]}},{"type":"Feature","properties":{"gid":"EGY.18.15_1","provZh":"艾斯尤特省","name2":"Unorganized in Asyut","type2":"unorganized","engtype2":"Subdivision"},"geometry":{"type":"MultiPolygon","coordinates":[[[[30.6494,27.6065],[30.53,27.6014],[30.8645,26.7912],[31.1559,26.8273],[31.2916,26.8335],[31.3369,26.8612],[31.2957,26.9174],[31.3015,26.9369],[31.2738,26.9559],[31.2689,26.9768],[31.2458,26.9954],[31.2266,27.0558],[31.1864,27.081],[31.1644,27.113],[31.1751,27.1404],[31.1664,27.1627],[31.1423,27.167],[31.0998,27.1864],[31.0704,27.1839],[30.9309,27.2446],[30.9342,27.271],[30.9254,27.2693],[30.9251,27.2769],[30.9156,27.279],[30.9064,27.2724],[30.8851,27.2975],[30.7954,27.3419],[30.7774,27.3827],[30.7407,27.3978],[30.7233,27.4654],[30.7268,27.5072],[30.7134,27.5261],[30.7134,27.5446],[30.6981,27.5786],[30.6761,27.6076],[30.6494,27.6065]]],[[[32.6621,27.5683],[32.5689,27.8528],[32.3918,27.8799],[32.3363,27.854],[32.2076,27.8442],[32.0127,27.7976],[31.8574,27.744],[31.7102,27.6816],[31.5525,27.6501],[31.335,27.652],[30.8769,27.6077],[30.8607,27.5775],[30.8609,27.5301],[30.8694,27.5299],[30.8748,27.5095],[30.8629,27.4544],[30.8731,27.4263],[30.9265,27.3995],[30.937,27.4034],[30.9539,27.3813],[30.9803,27.3706],[30.9818,27.363],[31.0254,27.3384],[31.0464,27.316],[31.1105,27.3264],[31.1627,27.3067],[31.1826,27.3107],[31.2097,27.2764],[31.245,27.2495],[31.2574,27.212],[31.2565,27.1785],[31.2737,27.1828],[31.2801,27.168],[31.3038,27.1626],[31.3284,27.1157],[31.3363,27.1158],[31.333,27.1048],[31.3571,27.1052],[31.3867,27.0702],[31.4251,27.0461],[31.4153,27.0238],[31.4468,27.0045],[31.4543,26.9588],[31.4813,26.924],[31.5025,26.915],[31.5013,26.8961],[31.5153,26.8892],[31.5177,26.8358],[31.5555,26.8627],[31.6032,26.8369],[31.6279,26.853],[31.6612,26.8996],[31.7715,26.9495],[31.8918,27.016],[32.0557,26.9646],[32.1487,26.9469],[32.2474,27.0061],[32.4297,27.1459],[32.6099,27.34],[32.6099,27.3579],[32.6503,27.4342],[32.6621,27.5683]],[[31.2886,27.2312],[31.2682,27.2501],[31.2652,27.2687],[31.2831,27.2782],[31.3051,27.2425],[31.2886,27.2312]]]]}},{"type":"Feature","properties":{"gid":"EGY.19.1_1","provZh":"贝尼苏韦夫省","name2":"Al-Fashn","type2":"Markaz","engtype2":"Subdivision"},"geometry":{"type":"Polygon","coordinates":[[[30.8425,28.731],[30.8617,28.7172],[30.8844,28.7198],[30.8874,28.7084],[30.9012,28.7081],[30.9116,28.7347],[30.9261,28.7453],[30.9152,28.7646],[30.9338,28.8546],[30.9158,28.8645],[30.9108,28.8601],[30.9121,28.8758],[30.9038,28.8861],[30.8938,28.885],[30.8947,28.8924],[30.8777,28.8798],[30.8673,28.891],[30.8383,28.9002],[30.8294,28.8807],[30.7828,28.8804],[30.784,28.8667],[30.7484,28.8134],[30.7374,28.7678],[30.7789,28.7624],[30.7937,28.7452],[30.7964,28.7563],[30.8119,28.7619],[30.8124,28.7458],[30.834,28.7487],[30.8425,28.731]]]}},{"type":"Feature","properties":{"gid":"EGY.19.2_1","provZh":"贝尼苏韦夫省","name2":"Al-Wasta","type2":"Markaz","engtype2":"Subdivision"},"geometry":{"type":"Polygon","coordinates":[[[31.1785,29.4321],[31.1645,29.4207],[31.1694,29.4174],[31.1627,29.3783],[31.1393,29.3506],[31.1151,29.2995],[31.0814,29.272],[31.0434,29.2565],[31.0551,29.2463],[31.088,29.2599],[31.0819,29.2203],[31.1311,29.226],[31.1407,29.2336],[31.1793,29.2194],[31.2135,29.2201],[31.213,29.2461],[31.2213,29.2593],[31.2139,29.3449],[31.234,29.378],[31.2282,29.3997],[31.2017,29.4019],[31.1785,29.4321]]]}},{"type":"Feature","properties":{"gid":"EGY.19.3_1","provZh":"贝尼苏韦夫省","name2":"Bani Suwayf","type2":"Markaz","engtype2":"Subdivision"},"geometry":{"type":"Polygon","coordinates":[[[31.1506,29.0915],[31.161,29.1113],[31.1365,29.118],[31.1327,29.1312],[31.1194,29.1202],[31.1157,29.1321],[31.1035,29.1316],[31.1032,29.1423],[31.0906,29.1464],[31.0828,29.1128],[31.066,29.1347],[31.0731,29.1682],[31.0589,29.1797],[31.05,29.1728],[31.0565,29.1649],[31.0438,29.157],[31.0106,29.1776],[30.9962,29.1712],[30.9904,29.1806],[30.9809,29.1805],[30.9748,29.165],[30.9795,29.1568],[31.0087,29.1549],[31.0104,29.1319],[31.0199,29.1256],[30.9949,29.0837],[31.003,29.0654],[30.9932,29.0428],[31.0052,29.0338],[31.0088,29.0154],[31.0359,29.0285],[31.067,29.0266],[31.1078,29.0408],[31.0733,29.015],[31.0834,29.0035],[31.1122,29.0153],[31.1574,29.041],[31.1603,29.0656],[31.1483,29.0746],[31.138,29.0714],[31.1506,29.0915]]]}},{"type":"Feature","properties":{"gid":"EGY.19.4_1","provZh":"贝尼苏韦夫省","name2":"Bani Suwayf City","type2":"Kism","engtype2":"Subdivision"},"geometry":{"type":"Polygon","coordinates":[[[31.1122,29.0153],[31.019,28.9161],[31.06,28.878],[31.1849,28.9338],[31.2585,29.0014],[31.1506,29.0915],[31.138,29.0714],[31.1483,29.0746],[31.1603,29.0656],[31.1574,29.041],[31.1122,29.0153]]]}},{"type":"Feature","properties":{"gid":"EGY.19.5_1","provZh":"贝尼苏韦夫省","name2":"Biba","type2":"Markaz","engtype2":"Subdivision"},"geometry":{"type":"Polygon","coordinates":[[[30.9338,28.8546],[30.9655,28.8766],[30.9604,28.8824],[30.9966,28.8963],[31.0103,28.9299],[31.0347,28.9396],[31.0359,28.9698],[31.043,28.9795],[31.0641,28.9808],[31.0521,28.9886],[31.0678,29.0134],[31.067,29.0266],[31.0359,29.0285],[31.0088,29.0154],[31.0052,29.0338],[30.9932,29.0428],[30.9741,29.0397],[30.96,29.0238],[30.9639,29.0064],[30.9505,28.9994],[30.9183,29.0114],[30.9075,29.0053],[30.8919,28.9836],[30.914,28.9886],[30.9108,28.967],[30.9191,28.953],[30.9017,28.9291],[30.9195,28.9254],[30.9218,28.9039],[30.884,28.9149],[30.8885,28.9276],[30.8781,28.9289],[30.8673,28.891],[30.8777,28.8798],[30.8947,28.8924],[30.8938,28.885],[30.9038,28.8861],[30.9121,28.8758],[30.9108,28.8601],[30.9158,28.8645],[30.9338,28.8546]]]}},{"type":"Feature","properties":{"gid":"EGY.19.6_1","provZh":"贝尼苏韦夫省","name2":"Ihnasiya","type2":"Markaz","engtype2":"Subdivision"},"geometry":{"type":"Polygon","coordinates":[[[30.9501,29.2059],[30.9432,29.1903],[30.8817,29.1219],[30.8856,29.0931],[30.8731,29.0778],[30.8674,29.0241],[30.9092,29.0124],[30.9075,29.0053],[30.9183,29.0114],[30.9505,28.9994],[30.9639,29.0064],[30.96,29.0238],[30.9741,29.0397],[30.9932,29.0428],[31.003,29.0654],[30.9949,29.0837],[31.0199,29.1256],[31.0104,29.1319],[31.0087,29.1549],[30.9795,29.1568],[30.9748,29.165],[30.9809,29.1805],[30.9715,29.1837],[30.9719,29.1971],[30.9501,29.2059]]]}},{"type":"Feature","properties":{"gid":"EGY.19.7_1","provZh":"贝尼苏韦夫省","name2":"Nasir Bush","type2":"Markaz","engtype2":"Subdivision"},"geometry":{"type":"Polygon","coordinates":[[[30.9719,29.1971],[30.9715,29.1837],[30.9904,29.1806],[30.9962,29.1712],[31.0106,29.1776],[31.0438,29.157],[31.0565,29.1649],[31.05,29.1728],[31.0589,29.1797],[31.0731,29.1682],[31.066,29.1347],[31.0828,29.1128],[31.0906,29.1464],[31.1032,29.1423],[31.1035,29.1316],[31.1157,29.1321],[31.1194,29.1202],[31.1327,29.1312],[31.1365,29.118],[31.161,29.1113],[31.1695,29.1158],[31.1787,29.1568],[31.2112,29.1788],[31.2022,29.2027],[31.2135,29.2201],[31.1793,29.2194],[31.1407,29.2336],[31.1311,29.226],[31.0819,29.2203],[31.088,29.2599],[31.0551,29.2463],[31.0434,29.2565],[30.9948,29.2378],[31.0042,29.2158],[30.9825,29.2174],[30.9719,29.1971]]]}},{"type":"Feature","properties":{"gid":"EGY.19.8_1","provZh":"贝尼苏韦夫省","name2":"Sumusta al-Waqf","type2":"Markaz","engtype2":"Subdivision"},"geometry":{"type":"Polygon","coordinates":[[[30.8673,28.891],[30.8781,28.9289],[30.8885,28.9276],[30.884,28.9149],[30.9218,28.9039],[30.9195,28.9254],[30.9017,28.9291],[30.9191,28.953],[30.9108,28.967],[30.914,28.9886],[30.8919,28.9836],[30.9092,29.0124],[30.8674,29.0241],[30.838,29.0148],[30.8106,28.9369],[30.7875,28.9303],[30.7828,28.8804],[30.8294,28.8807],[30.8383,28.9002],[30.8673,28.891]]]}},{"type":"Feature","properties":{"gid":"EGY.19.9_1","provZh":"贝尼苏韦夫省","name2":"Unorganized in Bani Suwayf","type2":"unorganized","engtype2":"Subdivision"},"geometry":{"type":"MultiPolygon","coordinates":[[[[31.8746,28.907],[31.8346,28.9937],[31.4674,29.0907],[31.2073,29.1965],[31.2112,29.1788],[31.1787,29.1568],[31.1695,29.1158],[31.1506,29.0915],[31.2585,29.0014],[31.1849,28.9338],[31.06,28.878],[31.019,28.9161],[31.1122,29.0153],[31.0834,29.0035],[31.0733,29.015],[31.1078,29.0408],[31.067,29.0266],[31.0678,29.0134],[31.0521,28.9886],[31.0641,28.9808],[31.043,28.9795],[31.0359,28.9698],[31.0347,28.9396],[31.0103,28.9299],[30.9966,28.8963],[30.9604,28.8824],[30.9655,28.8766],[30.9338,28.8546],[30.9152,28.7646],[30.9261,28.7453],[30.9116,28.7347],[30.9013,28.7093],[31.0325,28.6987],[31.1082,28.6085],[31.1652,28.4913],[31.2266,28.4001],[31.3572,28.3296],[31.5554,28.2665],[31.7122,28.2476],[31.8857,28.2993],[31.7562,28.5638],[31.784,28.6313],[31.7661,28.6916],[31.7959,28.7714],[31.8746,28.907]]],[[[30.1099,29.0395],[29.8565,29.0913],[29.7733,28.779],[30.7374,28.7678],[30.7484,28.8134],[30.784,28.8667],[30.7875,28.9303],[30.8106,28.9369],[30.838,29.0148],[30.8674,29.0241],[30.8731,29.0778],[30.8856,29.0931],[30.8817,29.1219],[30.9432,29.1903],[30.9484,29.2057],[30.9053,29.2053],[30.8696,29.1313],[30.8167,29.0828],[30.5062,28.9921],[30.378,28.9635],[30.2983,28.9676],[30.2948,29.0272],[30.1099,29.0395]]],[[[31.0138,29.2572],[30.9948,29.2378],[31.0814,29.272],[31.1151,29.2995],[31.1393,29.3506],[31.1627,29.3783],[31.1694,29.4174],[31.1645,29.4207],[31.1785,29.4321],[31.1262,29.4218],[31.0679,29.3492],[31.0138,29.2572]]]]}},{"type":"Feature","properties":{"gid":"EGY.20.1_1","provZh":"塞得港省","name2":"Ad-Dawahy","type2":"Kism","engtype2":"Subdivision"},"geometry":{"type":"Polygon","coordinates":[[[32.2839,31.2523],[32.2756,31.2589],[32.2635,31.2512],[32.2827,31.2342],[32.2943,31.2335],[32.2905,31.2491],[32.2839,31.2523]]]}},{"type":"Feature","properties":{"gid":"EGY.20.2_1","provZh":"塞得港省","name2":"Al-'Arab","type2":"Kism","engtype2":"Subdivision"},"geometry":{"type":"Polygon","coordinates":[[[32.2905,31.2491],[32.3049,31.2729],[32.2975,31.2729],[32.2839,31.2523],[32.2905,31.2491]]]}},{"type":"Feature","properties":{"gid":"EGY.20.3_1","provZh":"塞得港省","name2":"Al-Ganoub","type2":"Kism","engtype2":"Subdivision"},"geometry":{"type":"Polygon","coordinates":[[[32.0511,31.1138],[32.127,31.0977],[32.1768,31.069],[32.1848,31.0376],[32.3122,31.0404],[32.3025,31.2319],[32.2827,31.2342],[32.2642,31.2503],[32.2203,31.207],[32.1772,31.203],[32.1502,31.219],[32.0736,31.1956],[32.0406,31.1555],[32.0912,31.1271],[32.0511,31.1138]]]}},{"type":"Feature","properties":{"gid":"EGY.20.4_1","provZh":"塞得港省","name2":"Al-Ganoub 2","type2":"Kism","engtype2":"Subdivision"},"geometry":{"type":"Polygon","coordinates":[[[32.3167,30.901],[32.3122,31.0404],[32.1848,31.0376],[32.2086,30.9371],[32.1814,30.9223],[32.1782,30.8974],[32.3167,30.901]]]}},{"type":"Feature","properties":{"gid":"EGY.20.5_1","provZh":"塞得港省","name2":"Al-Manakh","type2":"Kism","engtype2":"Subdivision"},"geometry":{"type":"Polygon","coordinates":[[[32.2839,31.2523],[32.2975,31.2729],[32.28,31.2751],[32.2756,31.2589],[32.2839,31.2523]]]}},{"type":"Feature","properties":{"gid":"EGY.20.6_1","provZh":"塞得港省","name2":"Al-Manasrah","type2":"Kism","engtype2":"Subdivision"},"geometry":{"type":"Polygon","coordinates":[[[31.998,31.2275],[32.0349,31.215],[32.0434,31.2196],[32.0736,31.1956],[32.1502,31.219],[32.1772,31.203],[32.2203,31.207],[32.2642,31.2503],[32.2495,31.2679],[32.266,31.2776],[32.1885,31.296],[32.1771,31.3082],[32.0629,31.3668],[32.0574,31.3557],[31.9711,31.3546],[32.007,31.3028],[31.998,31.2275]]]}},{"type":"Feature","properties":{"gid":"EGY.20.7_1","provZh":"塞得港省","name2":"Ash-Sharq","type2":"Kism","engtype2":"Subdivision"},"geometry":{"type":"Polygon","coordinates":[[[32.2943,31.2335],[32.3005,31.2331],[32.2998,31.2559],[32.3111,31.2597],[32.318,31.2732],[32.3049,31.2729],[32.2905,31.2491],[32.2943,31.2335]]]}},{"type":"Feature","properties":{"gid":"EGY.20.8_1","provZh":"塞得港省","name2":"Az-Zohur","type2":"Kism","engtype2":"Subdivision"},"geometry":{"type":"Polygon","coordinates":[[[32.2756,31.2589],[32.28,31.2751],[32.2751,31.2768],[32.2495,31.2679],[32.2635,31.2512],[32.2756,31.2589]]]}},{"type":"Feature","properties":{"gid":"EGY.20.9_1","provZh":"塞得港省","name2":"Mubarak - Sharq at-Tafri'tah","type2":"Kism","engtype2":"Subdivision"},"geometry":{"type":"Polygon","coordinates":[[[32.526,31.0022],[32.5371,31.0071],[32.5499,31.0807],[32.5104,31.1099],[32.5057,31.1226],[32.4718,31.1599],[32.4349,31.1901],[32.3607,31.229],[32.3512,31.1996],[32.3585,31.2499],[32.3549,31.2337],[32.3435,31.236],[32.3156,31.1956],[32.3172,31.1267],[32.3097,31.1067],[32.3174,30.9116],[32.526,31.0022]]]}},{"type":"Feature","properties":{"gid":"EGY.20.10_1","provZh":"塞得港省","name2":"Port Fuad","type2":"Kism","engtype2":"Subdivision"},"geometry":{"type":"Polygon","coordinates":[[[32.3318,31.2153],[32.3429,31.2429],[32.3274,31.251],[32.3138,31.2461],[32.315,31.2265],[32.3318,31.2153]]]}},{"type":"Feature","properties":{"gid":"EGY.20.11_1","provZh":"塞得港省","name2":"Port Fuad 2","type2":"Kism","engtype2":"Subdivision"},"geometry":{"type":"Polygon","coordinates":[[[32.3097,31.1067],[32.3172,31.1267],[32.3156,31.1956],[32.3318,31.2153],[32.315,31.2265],[32.3146,31.237],[32.3025,31.2319],[32.3097,31.1067]]]}},{"type":"Feature","properties":{"gid":"EGY.20.12_1","provZh":"塞得港省","name2":"Port Sa'id Police Department","type2":"Police-administered area","engtype2":"Subdivision"},"geometry":{"type":"Polygon","coordinates":[[[32.3025,31.2319],[32.3146,31.237],[32.3138,31.2461],[32.3274,31.251],[32.3299,31.2574],[32.3171,31.2665],[32.3424,31.2999],[32.3111,31.2597],[32.2998,31.2559],[32.3025,31.2319]]]}},{"type":"Feature","properties":{"gid":"EGY.21.1_1","provZh":"杜姆亚特省","name2":"Damietta","type2":"Markaz","engtype2":"Subdivision"},"geometry":{"type":"MultiPolygon","coordinates":[[[[31.8954,31.3536],[32.0574,31.3557],[32.0621,31.3668],[32.006,31.4085],[31.9799,31.4435],[31.9785,31.4599],[31.9757,31.4499],[31.9668,31.4643],[31.9549,31.4974],[31.9713,31.4882],[31.9768,31.4746],[31.9751,31.4857],[31.9788,31.461],[31.9782,31.484],[31.9874,31.4749],[31.9885,31.4624],[31.9926,31.4651],[31.9885,31.4521],[31.996,31.4588],[31.9915,31.4757],[31.9463,31.5137],[31.9229,31.5251],[31.8618,31.5218],[31.844,31.5274],[31.7793,31.4915],[31.7861,31.4086],[31.7693,31.3961],[31.7569,31.4094],[31.7431,31.3842],[31.7501,31.3768],[31.7456,31.364],[31.7608,31.3736],[31.7714,31.3659],[31.7834,31.3748],[31.8215,31.3565],[31.8594,31.3535],[31.8591,31.3602],[31.8954,31.3536]],[[31.7866,31.4088],[31.8104,31.4206],[31.7999,31.439],[31.818,31.4406],[31.8306,31.4242],[31.8266,31.3994],[31.8104,31.393],[31.8073,31.4006],[31.7887,31.3984],[31.7866,31.4088]]],[[[31.9765,31.4707],[31.9737,31.4737],[31.9743,31.4626],[31.9765,31.4707]]]]}},{"type":"Feature","properties":{"gid":"EGY.21.2_1","provZh":"杜姆亚特省","name2":"Damietta 1","type2":"Kism","engtype2":"Subdivision"},"geometry":{"type":"Polygon","coordinates":[[[31.8311,31.4095],[31.8104,31.4206],[31.7863,31.4081],[31.7887,31.3984],[31.8073,31.4006],[31.8104,31.393],[31.8266,31.3994],[31.8311,31.4095]]]}},{"type":"Feature","properties":{"gid":"EGY.21.3_1","provZh":"杜姆亚特省","name2":"Damietta 2","type2":"Kism","engtype2":"Subdivision"},"geometry":{"type":"Polygon","coordinates":[[[31.8311,31.4095],[31.8306,31.4242],[31.818,31.4406],[31.7999,31.439],[31.8104,31.4206],[31.8311,31.4095]]]}},{"type":"Feature","properties":{"gid":"EGY.21.4_1","provZh":"杜姆亚特省","name2":"Faraskur","type2":"Markaz","engtype2":"Subdivision"},"geometry":{"type":"Polygon","coordinates":[[[31.8215,31.3565],[31.7834,31.3748],[31.7714,31.3659],[31.7608,31.3736],[31.7456,31.364],[31.7501,31.3768],[31.7431,31.3842],[31.7333,31.3767],[31.715,31.3788],[31.7174,31.3493],[31.7116,31.3288],[31.6912,31.3056],[31.6939,31.2832],[31.6853,31.2782],[31.6741,31.2898],[31.661,31.2897],[31.6554,31.2824],[31.6657,31.2721],[31.6801,31.2695],[31.6821,31.258],[31.7588,31.2366],[31.7835,31.2471],[31.7865,31.2604],[31.7725,31.2729],[31.7672,31.3073],[31.795,31.3056],[31.7896,31.3226],[31.803,31.326],[31.8215,31.3565]]]}},{"type":"Feature","properties":{"gid":"EGY.21.5_1","provZh":"杜姆亚特省","name2":"Kafr Sa'd","type2":"Markaz","engtype2":"Subdivision"},"geometry":{"type":"Polygon","coordinates":[[[31.4969,31.3546],[31.5664,31.3531],[31.546,31.3404],[31.5515,31.3209],[31.6014,31.2963],[31.6055,31.3042],[31.6516,31.2639],[31.6657,31.2721],[31.6554,31.2824],[31.661,31.2897],[31.6741,31.2898],[31.6853,31.2782],[31.6939,31.2832],[31.6912,31.3056],[31.7116,31.3288],[31.7174,31.3493],[31.715,31.3788],[31.7333,31.3767],[31.7569,31.4094],[31.7693,31.3961],[31.7861,31.4085],[31.7843,31.4225],[31.6732,31.399],[31.6305,31.4006],[31.6301,31.4526],[31.5657,31.444],[31.4788,31.3651],[31.4969,31.3546]]]}},{"type":"Feature","properties":{"gid":"EGY.21.6_1","provZh":"杜姆亚特省","name2":"New Damietta City","type2":"Kism","engtype2":"Subdivision"},"geometry":{"type":"Polygon","coordinates":[[[31.7802,31.443],[31.7599,31.4418],[31.7401,31.4793],[31.6301,31.4526],[31.6305,31.4006],[31.6732,31.399],[31.7843,31.4225],[31.7802,31.443]]]}},{"type":"Feature","properties":{"gid":"EGY.21.7_1","provZh":"杜姆亚特省","name2":"Port of Damietta Police Departme","type2":"City","engtype2":"Subdivision"},"geometry":{"type":"Polygon","coordinates":[[[31.7793,31.4912],[31.7624,31.4888],[31.7643,31.4824],[31.7574,31.4768],[31.7682,31.4665],[31.7657,31.4587],[31.7712,31.4518],[31.7496,31.4643],[31.756,31.4929],[31.7521,31.4832],[31.7401,31.4796],[31.7599,31.4418],[31.7802,31.443],[31.7793,31.4912]]]}},{"type":"Feature","properties":{"gid":"EGY.21.8_1","provZh":"杜姆亚特省","name2":"Zarqa","type2":"Markaz","engtype2":"Subdivision"},"geometry":{"type":"Polygon","coordinates":[[[31.6025,31.1597],[31.6159,31.1638],[31.6376,31.19],[31.6761,31.2168],[31.6836,31.2094],[31.7038,31.2102],[31.7672,31.2246],[31.7588,31.2366],[31.6821,31.258],[31.6463,31.2396],[31.6193,31.2441],[31.6203,31.2311],[31.6372,31.2161],[31.5908,31.1876],[31.5908,31.1635],[31.6025,31.1597]]]}},{"type":"Feature","properties":{"gid":"EGY.22.1_1","provZh":"南西奈省","name2":"Abu Radis","type2":"Kism","engtype2":"Subdivision"},"geometry":{"type":"Polygon","coordinates":[[[33.1001,29.2531],[32.8724,29.2804],[32.8807,29.2685],[32.8746,29.254],[32.8846,29.2329],[32.9076,29.2218],[32.9246,29.2049],[32.9535,29.2032],[32.976,29.1668],[32.9971,29.1629],[33.0163,29.136],[33.0268,29.1343],[33.0654,29.0918],[33.0774,29.0817],[33.0944,29.0809],[33.1025,29.0664],[33.1227,29.0551],[33.1279,29.0329],[33.1535,29.0226],[33.161,29.0071],[33.1813,29.0012],[33.1662,28.9371],[33.1776,28.9404],[33.189,28.9196],[33.1735,28.8946],[33.1799,28.8843],[33.1735,28.874],[33.1732,28.8529],[33.1821,28.8218],[33.1885,28.8232],[33.2101,28.8065],[33.2132,28.7954],[33.2103,28.8067],[33.1969,28.8145],[33.5011,28.8337],[33.6035,28.8263],[33.6232,28.8332],[33.6651,28.9098],[33.6849,28.9269],[33.7724,28.961],[33.8161,28.9627],[33.9532,28.9176],[34.2039,28.8964],[34.243,28.954],[34.1887,28.9793],[34.0358,29.0952],[33.8611,29.2553],[33.1001,29.2531]]]}},{"type":"Feature","properties":{"gid":"EGY.22.2_1","provZh":"南西奈省","name2":"Abu Zenima","type2":"Kism","engtype2":"Subdivision"},"geometry":{"type":"Polygon","coordinates":[[[33.0774,29.0817],[33.0754,29.0668],[33.0965,29.0568],[33.0979,29.0462],[33.1251,29.041],[33.1227,29.0551],[33.1025,29.0664],[33.0944,29.0809],[33.0774,29.0817]]]}},{"type":"Feature","properties":{"gid":"EGY.22.3_1","provZh":"南西奈省","name2":"At-Tur","type2":"Kism","engtype2":"Subdivision"},"geometry":{"type":"Polygon","coordinates":[[[33.2169,28.7871],[33.2329,28.7674],[33.2199,28.7288],[33.2088,28.716],[33.1979,28.6704],[33.2224,28.6282],[33.2196,28.6187],[33.2057,28.621],[33.2196,28.6176],[33.2235,28.5868],[33.2415,28.5546],[33.2574,28.549],[33.2424,28.5554],[33.2471,28.5574],[33.2363,28.5796],[33.2571,28.5821],[33.2715,28.5521],[33.2704,28.5429],[33.2574,28.5468],[33.2585,28.5421],[33.2779,28.5304],[33.2846,28.5104],[33.3251,28.4743],[33.3662,28.454],[33.374,28.4268],[33.4012,28.4021],[33.4049,28.389],[33.4332,28.3643],[33.4901,28.3374],[33.5029,28.3226],[33.5674,28.2938],[33.5762,28.2718],[33.5868,28.2687],[33.5929,28.2446],[33.6071,28.231],[33.6063,28.2376],[33.6124,28.239],[33.6237,28.2268],[33.6271,28.1812],[33.6485,28.169],[33.649,28.1612],[33.6518,28.1663],[33.6665,28.1635],[33.6704,28.1332],[33.6829,28.1265],[33.6926,28.1049],[33.7099,28.089],[33.7137,28.0665],[33.7235,28.0682],[33.7346,28.0565],[33.7607,28.0493],[33.7674,28.0371],[33.7601,28.0274],[33.7624,28.019],[33.7907,28.0096],[33.8218,27.9729],[33.8582,27.9565],[33.8754,27.9326],[33.9149,27.9371],[33.9504,27.8904],[33.955,27.8924],[33.9833,28.1372],[34.0954,28.4278],[33.9919,28.4671],[33.9271,28.517],[33.8308,28.6182],[33.7287,28.7045],[33.6035,28.8263],[33.5011,28.8337],[33.1969,28.8145],[33.2103,28.8067],[33.2169,28.7871]]]}},{"type":"Feature","properties":{"gid":"EGY.22.4_1","provZh":"南西奈省","name2":"Dahab","type2":"Kism","engtype2":"Subdivision"},"geometry":{"type":"Polygon","coordinates":[[[34.6418,28.9387],[34.4798,28.8931],[34.4522,28.8917],[34.3371,28.9174],[34.2917,28.8135],[34.2723,28.7275],[34.2902,28.6896],[34.3535,28.6298],[34.5143,28.5274],[34.519,28.5532],[34.5451,28.5796],[34.5526,28.6107],[34.5757,28.6237],[34.574,28.6332],[34.5807,28.6385],[34.5749,28.6521],[34.586,28.6596],[34.5843,28.6701],[34.6068,28.694],[34.6271,28.7301],[34.6201,28.7437],[34.6276,28.7651],[34.6207,28.836],[34.6318,28.8524],[34.6482,28.8601],[34.6443,28.8799],[34.6496,28.8951],[34.6429,28.921],[34.6485,28.929],[34.6418,28.9387]]]}},{"type":"Feature","properties":{"gid":"EGY.22.5_1","provZh":"南西奈省","name2":"Nuweiba'","type2":"Kism","engtype2":"Subdivision"},"geometry":{"type":"Polygon","coordinates":[[[34.2302,28.96],[34.3371,28.9174],[34.4522,28.8917],[34.4798,28.8931],[34.6418,28.9387],[34.6426,28.9601],[34.6865,28.9818],[34.6846,29.0135],[34.6632,29.0415],[34.6738,29.0579],[34.671,29.0785],[34.681,29.0965],[34.6754,29.1065],[34.6871,29.1243],[34.6921,29.1632],[34.7182,29.1724],[34.7218,29.1874],[34.7399,29.2107],[34.7332,29.2535],[34.7429,29.2665],[34.7463,29.296],[34.7418,29.3113],[34.7526,29.3168],[34.764,29.3376],[34.7793,29.3407],[34.7863,29.3701],[34.804,29.3765],[34.811,29.3879],[34.8088,29.4007],[34.8179,29.3999],[34.8168,29.4115],[34.8332,29.4224],[34.8282,29.4313],[34.8415,29.4321],[34.8526,29.4443],[34.8574,29.4645],[34.7724,29.4635],[34.7688,29.5223],[34.6987,29.5139],[34.6559,29.5185],[34.5078,29.5537],[34.2061,29.6469],[33.9908,29.7366],[33.8611,29.2553],[34.0358,29.0952],[34.1887,28.9793],[34.2302,28.96]]]}},{"type":"Feature","properties":{"gid":"EGY.22.6_1","provZh":"南西奈省","name2":"Ras Sidr","type2":"Kism","engtype2":"Subdivision"},"geometry":{"type":"Polygon","coordinates":[[[32.6276,29.835],[32.6085,29.8207],[32.6346,29.8063],[32.6662,29.7574],[32.6796,29.756],[32.6963,29.7304],[32.6982,29.7099],[32.6876,29.6935],[32.6904,29.6804],[32.681,29.6582],[32.6921,29.6179],[32.6793,29.5971],[32.7101,29.5865],[32.7163,29.5599],[32.726,29.5496],[32.7207,29.5362],[32.7238,29.5132],[32.7179,29.5068],[32.7301,29.4979],[32.7349,29.4826],[32.724,29.4635],[32.7371,29.4704],[32.7329,29.4743],[32.7371,29.4771],[32.7349,29.4543],[32.7443,29.4646],[32.7504,29.4449],[32.7829,29.4332],[32.7979,29.4115],[32.8187,29.401],[32.8257,29.3829],[32.8157,29.356],[32.8299,29.3449],[32.8301,29.3149],[32.841,29.3121],[32.8471,29.2996],[32.8649,29.2946],[32.8718,29.2804],[33.1001,29.2531],[33.8611,29.2553],[33.9908,29.7366],[33.8469,29.8079],[33.6448,29.8512],[33.3832,29.8978],[32.8549,29.943],[32.7913,29.9313],[32.6276,29.835]]]}},{"type":"Feature","properties":{"gid":"EGY.22.7_1","provZh":"南西奈省","name2":"Sant Katrin","type2":"Kism","engtype2":"Subdivision"},"geometry":{"type":"Polygon","coordinates":[[[33.6035,28.8263],[33.7287,28.7045],[33.8308,28.6182],[33.9271,28.517],[33.9919,28.4671],[34.0954,28.4278],[34.4165,28.3299],[34.4232,28.3451],[34.4415,28.359],[34.4487,28.3799],[34.4465,28.3949],[34.4579,28.4193],[34.4562,28.4349],[34.4696,28.4426],[34.4704,28.4565],[34.4851,28.4768],[34.5054,28.4779],[34.4987,28.4732],[34.5079,28.4704],[34.5157,28.484],[34.5213,28.5004],[34.5124,28.5165],[34.5141,28.5274],[34.3535,28.6298],[34.2902,28.6896],[34.2723,28.7275],[34.2917,28.8135],[34.3371,28.9174],[34.243,28.954],[34.2039,28.8964],[33.9532,28.9176],[33.8161,28.9627],[33.7724,28.961],[33.6849,28.9269],[33.6651,28.9098],[33.6232,28.8332],[33.6035,28.8263]]]}},{"type":"Feature","properties":{"gid":"EGY.22.8_1","provZh":"南西奈省","name2":"Sharm el-Sheikh","type2":"Kism","engtype2":"Subdivision"},"geometry":{"type":"Polygon","coordinates":[[[33.955,27.8924],[33.9871,27.8846],[34.0099,27.8512],[34.026,27.8415],[34.0474,27.8151],[34.0899,27.7962],[34.0926,27.7887],[34.1171,27.7968],[34.1382,27.7951],[34.1621,27.7843],[34.1682,27.7893],[34.1907,27.784],[34.2407,27.7379],[34.2429,27.7246],[34.2526,27.726],[34.2474,27.7362],[34.2582,27.7274],[34.2518,27.754],[34.2557,27.766],[34.221,27.7646],[34.2074,27.7793],[34.2057,27.7901],[34.2137,27.7951],[34.224,27.7882],[34.2349,27.794],[34.2401,27.786],[34.2582,27.7907],[34.2687,27.8157],[34.2632,27.8243],[34.2771,27.8385],[34.2729,27.8532],[34.2851,27.8571],[34.2885,27.8485],[34.2921,27.8629],[34.3029,27.8471],[34.3162,27.8471],[34.3246,27.8671],[34.3213,27.881],[34.3299,27.8851],[34.3279,27.9112],[34.3465,27.9088],[34.3546,27.9165],[34.366,27.9154],[34.3688,27.931],[34.3868,27.9396],[34.3851,27.9515],[34.3937,27.9524],[34.3999,27.9618],[34.4168,27.964],[34.4346,27.9935],[34.4429,28.0287],[34.4371,28.0387],[34.4401,28.0618],[34.431,28.0688],[34.4276,28.084],[34.4432,28.1157],[34.4401,28.1399],[34.4496,28.1513],[34.4504,28.1738],[34.4351,28.1974],[34.4346,28.1926],[34.4238,28.199],[34.4293,28.2057],[34.4185,28.209],[34.4115,28.2313],[34.4165,28.2485],[34.4071,28.2935],[34.4162,28.3299],[34.0954,28.4278],[33.9833,28.1372],[33.955,27.8924]]]}},{"type":"Feature","properties":{"gid":"EGY.22.9_1","provZh":"南西奈省","name2":"Taba","type2":"Kism","engtype2":"Subdivision"},"geometry":{"type":"Polygon","coordinates":[[[34.8574,29.4645],[34.8696,29.4824],[34.8993,29.4885],[34.9107,29.4968],[34.8777,29.5354],[34.7688,29.5223],[34.7724,29.4635],[34.8574,29.4645]]]}},{"type":"Feature","properties":{"gid":"EGY.23.1_1","provZh":"谢赫村省","name2":"Al-Burulus","type2":"Markaz","engtype2":"Subdivision"},"geometry":{"type":"Polygon","coordinates":[[[31.3988,31.5068],[31.2793,31.5596],[31.1265,31.5999],[31.0446,31.6012],[31.0257,31.5971],[31.0214,31.5822],[31.0096,31.5806],[31.0996,31.5504],[31.1086,31.5383],[31.1224,31.5441],[31.1572,31.5366],[31.188,31.4996],[31.2519,31.4752],[31.3201,31.4378],[31.3177,31.4637],[31.3393,31.4948],[31.3704,31.5103],[31.3988,31.5068]]]}},{"type":"Feature","properties":{"gid":"EGY.23.2_1","provZh":"谢赫村省","name2":"Al-Hamul","type2":"Markaz","engtype2":"Subdivision"},"geometry":{"type":"Polygon","coordinates":[[[31.0257,31.5968],[30.7932,31.5349],[30.8595,31.4649],[30.863,31.4277],[30.8763,31.4283],[30.8958,31.4115],[30.9323,31.4379],[30.9392,31.4512],[30.9488,31.4501],[30.958,31.4256],[30.944,31.4083],[30.9595,31.3599],[31.0066,31.3709],[31.0401,31.2948],[31.0306,31.2427],[31.0347,31.2276],[31.0743,31.2401],[31.1194,31.2273],[31.146,31.2322],[31.1584,31.2557],[31.1901,31.2694],[31.18,31.2812],[31.1795,31.3045],[31.2119,31.3106],[31.2295,31.3309],[31.2137,31.3422],[31.221,31.3543],[31.2044,31.3662],[31.188,31.4996],[31.1572,31.5366],[31.1224,31.5441],[31.1086,31.5383],[31.0996,31.5504],[31.0096,31.5806],[31.0214,31.5822],[31.0257,31.5968]]]}},{"type":"Feature","properties":{"gid":"EGY.23.3_1","provZh":"谢赫村省","name2":"Ar-Riyad","type2":"Markaz","engtype2":"Subdivision"},"geometry":{"type":"Polygon","coordinates":[[[30.863,31.4277],[30.8549,31.4162],[30.8487,31.4263],[30.848,31.3933],[30.8393,31.3737],[30.8484,31.3131],[30.8564,31.2999],[30.882,31.3027],[30.9079,31.2662],[30.9022,31.2318],[30.8855,31.2228],[30.8681,31.226],[30.8778,31.2085],[30.9092,31.217],[30.9078,31.1848],[30.9861,31.2136],[31.0052,31.2107],[31.0016,31.2346],[30.9863,31.2383],[30.9778,31.2774],[30.9786,31.2866],[31.0043,31.2989],[30.9905,31.3381],[31.0066,31.3709],[30.9595,31.3599],[30.944,31.4083],[30.958,31.4256],[30.9488,31.4501],[30.9392,31.4512],[30.9323,31.4379],[30.8958,31.4115],[30.8763,31.4283],[30.863,31.4277]]]}},{"type":"Feature","properties":{"gid":"EGY.23.4_1","provZh":"谢赫村省","name2":"Biyala","type2":"Markaz","engtype2":"Subdivision"},"geometry":{"type":"Polygon","coordinates":[[[31.2519,31.4752],[31.188,31.4996],[31.2044,31.3662],[31.221,31.3543],[31.2137,31.3422],[31.2295,31.3309],[31.2119,31.3106],[31.1795,31.3045],[31.18,31.2812],[31.1901,31.2694],[31.1584,31.2557],[31.146,31.2322],[31.1194,31.2273],[31.0743,31.2401],[31.0609,31.2267],[31.0658,31.2175],[31.0722,31.2195],[31.0692,31.2051],[31.0851,31.201],[31.0624,31.1632],[31.0784,31.1477],[31.0869,31.1519],[31.1449,31.1395],[31.1729,31.1598],[31.2152,31.1554],[31.2215,31.1456],[31.2699,31.1539],[31.2702,31.1716],[31.2805,31.164],[31.2874,31.1681],[31.2621,31.2068],[31.2612,31.2216],[31.2822,31.2555],[31.282,31.2722],[31.2519,31.4752]]]}},{"type":"Feature","properties":{"gid":"EGY.23.5_1","provZh":"谢赫村省","name2":"Disuq","type2":"Markaz","engtype2":"Subdivision"},"geometry":{"type":"Polygon","coordinates":[[[30.6082,31.1739],[30.6388,31.1245],[30.7249,31.0648],[30.7174,31.0185],[30.7395,31.0093],[30.7634,31.0326],[30.7623,31.0422],[30.7863,31.0439],[30.7716,31.0762],[30.7662,31.1156],[30.7755,31.1143],[30.764,31.1435],[30.8043,31.1611],[30.7941,31.1846],[30.807,31.2104],[30.7835,31.2401],[30.7824,31.2693],[30.7563,31.2873],[30.7419,31.2659],[30.7266,31.2636],[30.7244,31.2535],[30.7043,31.2675],[30.6847,31.2523],[30.6653,31.25],[30.664,31.2359],[30.6187,31.2507],[30.6134,31.2446],[30.6267,31.2246],[30.6185,31.2206],[30.627,31.2095],[30.6223,31.1976],[30.6278,31.1822],[30.6082,31.1739]]]}},{"type":"Feature","properties":{"gid":"EGY.23.6_1","provZh":"谢赫村省","name2":"Fuwah","type2":"Markaz","engtype2":"Subdivision"},"geometry":{"type":"Polygon","coordinates":[[[30.6062,31.175],[30.6278,31.1822],[30.6223,31.1976],[30.627,31.2095],[30.6185,31.2206],[30.6267,31.2246],[30.6134,31.2446],[30.6187,31.2507],[30.664,31.2359],[30.6653,31.25],[30.6109,31.2709],[30.5844,31.2614],[30.5611,31.2883],[30.5482,31.2565],[30.5181,31.2686],[30.499,31.2441],[30.5069,31.2283],[30.526,31.2282],[30.5241,31.1971],[30.5422,31.1896],[30.5658,31.2014],[30.6062,31.175]]]}},{"type":"Feature","properties":{"gid":"EGY.23.7_1","provZh":"谢赫村省","name2":"Kafr ash-Shaykh","type2":"Markaz","engtype2":"Subdivision"},"geometry":{"type":"Polygon","coordinates":[[[31.0624,31.1632],[31.0851,31.201],[31.0692,31.2051],[31.0722,31.2195],[31.0658,31.2175],[31.0609,31.2267],[31.0743,31.2401],[31.0347,31.2276],[31.0306,31.2427],[31.0401,31.2948],[31.0066,31.3709],[30.9905,31.3381],[31.0043,31.2989],[30.9786,31.2866],[30.9778,31.2774],[30.9863,31.2383],[31.0016,31.2346],[31.0052,31.2107],[30.9861,31.2136],[30.9078,31.1848],[30.9092,31.217],[30.8778,31.2085],[30.8835,31.1995],[30.8612,31.2],[30.846,31.2091],[30.83,31.1979],[30.8027,31.1943],[30.7941,31.1846],[30.8043,31.1611],[30.8256,31.1457],[30.8695,31.1397],[30.8829,31.1012],[30.8674,31.102],[30.8633,31.0839],[30.8717,31.0679],[30.911,31.0739],[30.911,31.0296],[30.9487,31.0512],[30.9722,31.0378],[30.9807,31.045],[31.0008,31.0445],[31.0253,31.035],[31.0537,31.0724],[31.0536,31.1307],[31.0624,31.1632]]]}},{"type":"Feature","properties":{"gid":"EGY.23.8_1","provZh":"谢赫村省","name2":"Mutubis","type2":"Markaz","engtype2":"Subdivision"},"geometry":{"type":"Polygon","coordinates":[[[30.4842,31.3488],[30.5217,31.3265],[30.5181,31.2686],[30.5482,31.2565],[30.5611,31.2883],[30.5844,31.2614],[30.6109,31.2709],[30.6065,31.2831],[30.6304,31.2995],[30.6255,31.3164],[30.65,31.3733],[30.6383,31.3864],[30.6432,31.3902],[30.5797,31.4232],[30.5613,31.4682],[30.4954,31.4557],[30.4021,31.4763],[30.4149,31.4621],[30.3963,31.4737],[30.4029,31.4624],[30.3888,31.469],[30.3782,31.4612],[30.3729,31.4657],[30.3751,31.4774],[30.3929,31.4829],[30.369,31.4757],[30.3621,31.4649],[30.3876,31.4415],[30.425,31.4366],[30.4316,31.4161],[30.4232,31.3796],[30.4478,31.3771],[30.463,31.3357],[30.4842,31.3488]]]}},{"type":"Feature","properties":{"gid":"EGY.23.9_1","provZh":"谢赫村省","name2":"Qallin","type2":"Markaz","engtype2":"Subdivision"},"geometry":{"type":"Polygon","coordinates":[[[30.8546,31.0109],[30.8563,31.0285],[30.8693,31.0303],[30.8703,31.0216],[30.8823,31.0164],[30.899,31.0209],[30.9061,31.0115],[30.911,31.0296],[30.911,31.0739],[30.8717,31.0679],[30.8633,31.0839],[30.8674,31.102],[30.8829,31.1012],[30.8695,31.1397],[30.8256,31.1457],[30.8043,31.1611],[30.764,31.1435],[30.7755,31.1143],[30.7662,31.1156],[30.7716,31.0762],[30.8,31.0141],[30.822,31.0195],[30.8546,31.0109]]]}},{"type":"Feature","properties":{"gid":"EGY.23.10_1","provZh":"谢赫村省","name2":"Sidi Salim","type2":"Markaz","engtype2":"Subdivision"},"geometry":{"type":"Polygon","coordinates":[[[30.7935,31.534],[30.651,31.489],[30.5613,31.4682],[30.5797,31.4232],[30.6432,31.3902],[30.6383,31.3864],[30.65,31.3733],[30.6255,31.3164],[30.6304,31.2995],[30.6065,31.2831],[30.6109,31.2709],[30.6653,31.25],[30.6847,31.2523],[30.7043,31.2675],[30.7244,31.2535],[30.7266,31.2636],[30.7419,31.2659],[30.7563,31.2873],[30.7824,31.2693],[30.7835,31.2401],[30.807,31.2104],[30.8027,31.1943],[30.83,31.1979],[30.846,31.2091],[30.8612,31.2],[30.8835,31.1995],[30.8681,31.226],[30.8855,31.2228],[30.9022,31.2318],[30.9079,31.2662],[30.882,31.3027],[30.8564,31.2999],[30.8484,31.3131],[30.8393,31.3737],[30.848,31.3933],[30.8487,31.4263],[30.8549,31.4162],[30.863,31.4277],[30.8595,31.4649],[30.7935,31.534]]]}},{"type":"Feature","properties":{"gid":"EGY.24.1_1","provZh":"马特鲁省","name2":"Ad-Dab'ah","type2":"Kism","engtype2":"Subdivision"},"geometry":{"type":"Polygon","coordinates":[[[28.7615,28.7515],[28.6012,30.1751],[28.4496,30.5009],[28.4777,30.5685],[28.4603,30.6967],[28.4836,30.7413],[28.5661,30.823],[28.6186,30.8971],[28.6435,31.0065],[28.604,31.0174],[28.594,31.0365],[28.5676,31.0415],[28.5576,31.0526],[28.5204,31.0482],[28.486,31.0576],[28.4546,31.0818],[28.4374,31.0871],[28.379,31.0815],[28.3215,31.066],[28.2776,31.0743],[28.2054,31.0721],[28.159,31.0924],[28.0443,31.0857],[27.9263,31.0974],[27.896,31.1176],[27.8893,31.1379],[27.8918,31.1704],[27.8821,31.1779],[27.8179,31.038],[27.802,30.9831],[27.8184,30.9132],[27.7729,30.5136],[27.8309,28.5787],[28.7615,28.7515]]]}},{"type":"Feature","properties":{"gid":"EGY.24.2_1","provZh":"马特鲁省","name2":"Al-Hammam","type2":"Kism","engtype2":"Subdivision"},"geometry":{"type":"Polygon","coordinates":[[[29.8736,30.1311],[29.6328,30.2628],[29.6252,30.76],[29.5101,30.7485],[29.4719,30.7929],[29.396,30.8599],[29.3793,30.8921],[29.2129,30.8368],[29.1351,30.821],[28.9988,30.8254],[28.9715,30.8376],[28.9799,30.834],[28.976,30.8435],[28.9937,30.8329],[29.0215,30.8296],[28.9899,30.8357],[28.9788,30.8437],[28.9829,30.8493],[28.968,30.8532],[28.9738,30.8424],[28.9655,30.8401],[28.9246,30.6059],[28.707,30.6055],[28.4777,30.5685],[28.4496,30.5009],[28.6012,30.1751],[28.7615,28.7515],[29.6131,29.5091],[30.3378,29.8773],[29.8736,30.1311]]]}},{"type":"Feature","properties":{"gid":"EGY.24.3_1","provZh":"马特鲁省","name2":"As-Salum","type2":"Kism","engtype2":"Subdivision"},"geometry":{"type":"Polygon","coordinates":[[[25.4727,31.516],[25.3951,31.5029],[25.3057,31.5038],[25.2415,31.5129],[25.1818,31.5299],[25.1599,31.5546],[25.161,31.561],[25.1804,31.5713],[25.1518,31.6162],[25.1551,31.6271],[25.1454,31.6446],[25.149,31.6674],[25.1315,31.6666],[25.0841,31.6101],[25.0625,31.5418],[24.9636,31.4802],[24.8611,31.4059],[24.8672,31.343],[24.8869,31.3039],[24.8882,31.2621],[24.8777,31.1671],[24.8831,31.134],[24.9188,31.0662],[24.963,30.937],[24.9806,30.9131],[24.9901,30.8618],[25.0183,30.778],[24.9923,30.7129],[24.9786,30.6444],[24.9551,30.5986],[24.9478,30.5453],[24.9265,30.4811],[24.8902,30.4484],[24.8581,30.3949],[24.8344,30.3689],[24.7831,30.3313],[24.7596,30.2648],[24.7094,30.1819],[24.6981,30.1488],[24.7533,30.0957],[24.8132,29.9189],[24.8201,29.8862],[24.8194,29.789],[24.8958,29.6314],[24.8958,29.613],[25.5411,29.7498],[25.5253,30.2913],[25.5475,31.1778],[25.4727,31.516]]]}},{"type":"Feature","properties":{"gid":"EGY.24.4_1","provZh":"马特鲁省","name2":"Marina al-'Alamayn as-Siyahiyah","type2":"Kism","engtype2":"Subdivision"},"geometry":{"type":"Polygon","coordinates":[[[28.4777,30.5685],[28.707,30.6055],[28.9246,30.6059],[28.9655,30.8401],[28.974,30.8452],[28.9679,30.8535],[28.9107,30.8729],[28.8921,30.8929],[28.8446,30.9157],[28.8332,30.9271],[28.8307,30.9532],[28.7946,30.9557],[28.7699,30.9654],[28.7588,30.9768],[28.7638,30.9843],[28.724,30.9896],[28.7201,30.9851],[28.7101,31.0026],[28.6435,31.0063],[28.6186,30.8971],[28.5661,30.823],[28.4836,30.7413],[28.4603,30.6967],[28.4777,30.5685]]]}},{"type":"Feature","properties":{"gid":"EGY.24.5_1","provZh":"马特鲁省","name2":"Marsa Matruh","type2":"Kism","engtype2":"Subdivision"},"geometry":{"type":"Polygon","coordinates":[[[27.802,30.9831],[27.8179,31.038],[27.8821,31.1779],[27.8707,31.1907],[27.866,31.2138],[27.8721,31.2196],[27.8629,31.2452],[27.8543,31.2471],[27.8451,31.2282],[27.8185,31.2149],[27.6939,31.1812],[27.6899,31.1729],[27.6465,31.1774],[27.636,31.1846],[27.6374,31.1961],[27.5713,31.1904],[27.5526,31.2035],[27.5568,31.2068],[27.4885,31.2074],[27.4496,31.2143],[27.4035,31.2421],[27.3851,31.2621],[27.3679,31.3149],[27.348,31.3381],[27.3533,31.3638],[27.3402,31.3728],[27.2407,31.3672],[27.2689,31.3636],[27.2678,31.3578],[27.2446,31.3618],[27.2299,31.3574],[27.2206,31.3651],[27.182,31.359],[27.176,31.3632],[27.1824,31.3714],[27.2259,31.3692],[27.1632,31.3763],[27.1026,31.3749],[27.0832,31.3804],[27.0682,31.3874],[27.0642,31.4037],[27.0582,31.4001],[27.051,31.4068],[27.0104,31.4121],[27.0038,31.4274],[26.9834,31.4422],[26.8449,31.4407],[26.7874,31.4596],[26.7779,31.4723],[26.7488,31.4835],[26.587,31.4888],[26.5611,31.4967],[26.5575,31.5057],[26.4957,31.4951],[26.4476,31.5113],[26.3265,31.5268],[26.274,31.5443],[26.2228,31.3031],[26.2949,31.289],[26.2559,31.0207],[26.1923,29.7654],[26.171,28.9697],[26.1764,28.6979],[26.1958,28.59],[26.2846,28.5509],[27.8309,28.5787],[27.7729,30.5136],[27.8184,30.9132],[27.802,30.9831]]]}},{"type":"Feature","properties":{"gid":"EGY.24.6_1","provZh":"马特鲁省","name2":"Sidi Barrani","type2":"Kism","engtype2":"Subdivision"},"geometry":{"type":"Polygon","coordinates":[[[25.5411,29.7498],[25.6685,29.4461],[25.772,29.3485],[26.1793,29.2771],[26.1923,29.7654],[26.2559,31.0207],[26.2949,31.289],[26.2228,31.3031],[26.2738,31.5449],[26.1543,31.5724],[26.0799,31.5963],[25.8929,31.6296],[25.8118,31.6132],[25.6446,31.5588],[25.4727,31.516],[25.5475,31.1778],[25.5253,30.2913],[25.5411,29.7498]]]}},{"type":"Feature","properties":{"gid":"EGY.24.7_1","provZh":"马特鲁省","name2":"Siwa","type2":"Kism","engtype2":"Subdivision"},"geometry":{"type":"Polygon","coordinates":[[[27.8309,28.5787],[26.2846,28.5509],[26.1958,28.59],[26.1764,28.6979],[26.171,28.9697],[26.1793,29.2771],[25.772,29.3485],[25.6685,29.4461],[25.5411,29.7498],[24.8958,29.613],[24.8749,29.5871],[24.8577,29.5483],[24.883,29.4811],[24.8996,29.46],[24.9994,29.2502],[25.0,27.6501],[27.3609,27.6758],[27.8309,28.5787]]]}},{"type":"Feature","properties":{"gid":"EGY.25.1_1","provZh":"基纳省","name2":"Abu Tisht","type2":"Markaz","engtype2":"Subdivision"},"geometry":{"type":"Polygon","coordinates":[[[31.9865,26.1593],[31.9981,26.1292],[32.0342,26.0956],[32.056,26.0804],[32.091,26.0706],[32.1014,26.0548],[32.1159,26.0622],[32.1132,26.0875],[32.1215,26.099],[32.1599,26.0843],[32.1844,26.1096],[32.1864,26.1278],[32.2179,26.1119],[32.1712,26.1409],[32.1508,26.1443],[32.1468,26.1755],[32.1228,26.208],[32.0894,26.2053],[32.046,26.1757],[32.0277,26.1752],[32.0168,26.1857],[31.9865,26.1593]]]}},{"type":"Feature","properties":{"gid":"EGY.25.2_1","provZh":"基纳省","name2":"Al-Waqf","type2":"Markaz","engtype2":"Subdivision"},"geometry":{"type":"Polygon","coordinates":[[[32.4206,26.0579],[32.4536,26.0756],[32.4805,26.0726],[32.4928,26.1003],[32.5545,26.111],[32.44,26.1128],[32.3966,26.0747],[32.3703,26.0715],[32.4206,26.0579]]]}},{"type":"Feature","properties":{"gid":"EGY.25.3_1","provZh":"基纳省","name2":"Armant","type2":"Markaz","engtype2":"Subdivision"},"geometry":{"type":"Polygon","coordinates":[[[32.5464,25.6906],[32.4731,25.6644],[32.4558,25.6447],[32.4439,25.6426],[32.4385,25.5626],[32.4548,25.5325],[32.4743,25.5471],[32.4715,25.5815],[32.4791,25.5925],[32.5551,25.6089],[32.5983,25.6409],[32.5464,25.6906]]]}},{"type":"Feature","properties":{"gid":"EGY.25.4_1","provZh":"基纳省","name2":"Dishna","type2":"City","engtype2":"Subdivision"},"geometry":{"type":"Polygon","coordinates":[[[32.5529,26.1143],[32.5568,26.1436],[32.5327,26.156],[32.5646,26.1702],[32.5711,26.1948],[32.5661,26.2094],[32.5418,26.2099],[32.5152,26.1913],[32.5057,26.2059],[32.4887,26.2031],[32.475,26.1975],[32.4675,26.176],[32.4469,26.1623],[32.4097,26.1675],[32.352,26.1614],[32.3303,26.1445],[32.3503,26.1339],[32.3415,26.1168],[32.3492,26.1062],[32.3402,26.0911],[32.3468,26.0778],[32.3703,26.0715],[32.3966,26.0747],[32.44,26.1128],[32.5529,26.1143]]]}},{"type":"Feature","properties":{"gid":"EGY.25.5_1","provZh":"基纳省","name2":"Farshut","type2":"Markaz","engtype2":"Subdivision"},"geometry":{"type":"Polygon","coordinates":[[[32.1014,26.0548],[32.1328,26.0346],[32.1331,26.0227],[32.1451,26.0243],[32.1809,26.0023],[32.1995,26.021],[32.1945,26.0657],[32.1804,26.078],[32.1965,26.1043],[32.1949,26.1115],[32.1844,26.1096],[32.1599,26.0843],[32.1215,26.099],[32.1132,26.0875],[32.1159,26.0622],[32.1014,26.0548]]]}},{"type":"Feature","properties":{"gid":"EGY.25.6_1","provZh":"基纳省","name2":"Isna","type2":"Markaz","engtype2":"Subdivision"},"geometry":{"type":"Polygon","coordinates":[[[32.4743,25.5471],[32.4548,25.5325],[32.4851,25.4947],[32.4897,25.4182],[32.4756,25.4225],[32.4502,25.4118],[32.4524,25.3923],[32.4771,25.3843],[32.4829,25.3602],[32.471,25.3496],[32.4786,25.3322],[32.4969,25.3383],[32.5219,25.2797],[32.56,25.2476],[32.5803,25.2437],[32.5961,25.2153],[32.6256,25.2087],[32.6544,25.1873],[32.6618,25.1933],[32.6644,25.2185],[32.6434,25.2271],[32.6444,25.2325],[32.5852,25.2934],[32.5901,25.3033],[32.5809,25.3143],[32.568,25.3744],[32.5737,25.398],[32.526,25.4751],[32.5184,25.5067],[32.5055,25.5124],[32.4978,25.5479],[32.4743,25.5471]]]}},{"type":"Feature","properties":{"gid":"EGY.25.7_1","provZh":"基纳省","name2":"Naj' Hammadi","type2":"Markaz","engtype2":"Subdivision"},"geometry":{"type":"Polygon","coordinates":[[[32.1844,26.1096],[32.1949,26.1115],[32.1965,26.1043],[32.1804,26.078],[32.1945,26.0657],[32.1995,26.021],[32.1809,26.0023],[32.2527,25.9999],[32.2614,25.9912],[32.2718,25.9941],[32.2727,26.0024],[32.2886,25.9983],[32.3414,26.0247],[32.3865,26.0365],[32.4206,26.0579],[32.3468,26.0778],[32.3402,26.0911],[32.3492,26.1062],[32.3415,26.1168],[32.3503,26.1339],[32.3303,26.1445],[32.3173,26.1063],[32.2956,26.0908],[32.2535,26.0943],[32.2215,26.1155],[32.2179,26.1119],[32.1864,26.1278],[32.1844,26.1096]]]}},{"type":"Feature","properties":{"gid":"EGY.25.8_1","provZh":"基纳省","name2":"Naqadah","type2":"Markaz","engtype2":"Subdivision"},"geometry":{"type":"Polygon","coordinates":[[[32.731,25.7822],[32.7581,25.7874],[32.7775,25.8126],[32.7252,25.8852],[32.7835,25.9806],[32.7391,25.994],[32.7278,25.9815],[32.7271,25.9677],[32.6994,25.9039],[32.6937,25.8344],[32.6998,25.8176],[32.7127,25.8169],[32.7272,25.8026],[32.731,25.7822]]]}},{"type":"Feature","properties":{"gid":"EGY.25.9_1","provZh":"基纳省","name2":"Qift","type2":"Markaz","engtype2":"Subdivision"},"geometry":{"type":"Polygon","coordinates":[[[32.8286,26.0519],[32.8041,26.0468],[32.7812,26.0293],[32.7835,25.9806],[32.8465,25.9424],[32.846,25.9669],[32.8712,25.9882],[32.8589,26.0023],[32.8362,26.0112],[32.8286,26.0519]]]}},{"type":"Feature","properties":{"gid":"EGY.25.10_1","provZh":"基纳省","name2":"Qina","type2":"Markaz","engtype2":"Subdivision"},"geometry":{"type":"Polygon","coordinates":[[[32.5545,26.111],[32.6348,26.1454],[32.7161,26.1196],[32.7326,26.0981],[32.7431,26.0579],[32.7391,25.994],[32.7835,25.9806],[32.7812,26.0293],[32.8041,26.0468],[32.8286,26.0519],[32.7961,26.0823],[32.7967,26.097],[32.7505,26.1494],[32.7469,26.1676],[32.7327,26.1764],[32.7265,26.1958],[32.6932,26.1706],[32.6655,26.1856],[32.6653,26.1965],[32.65,26.192],[32.6167,26.2076],[32.5661,26.2094],[32.5711,26.1948],[32.5646,26.1702],[32.5327,26.156],[32.5568,26.1436],[32.5545,26.111]]]}},{"type":"Feature","properties":{"gid":"EGY.25.11_1","provZh":"基纳省","name2":"Qina City","type2":"Kism","engtype2":"Subdivision"},"geometry":{"type":"Polygon","coordinates":[[[32.7635,26.1574],[32.7768,26.1669],[32.7469,26.2018],[32.7373,26.1959],[32.7583,26.1536],[32.7635,26.1574]]]}},{"type":"Feature","properties":{"gid":"EGY.25.12_1","provZh":"基纳省","name2":"Qus","type2":"Markaz","engtype2":"Subdivision"},"geometry":{"type":"Polygon","coordinates":[[[32.7382,25.7364],[32.8334,25.8618],[32.8319,25.8942],[32.844,25.9105],[32.8465,25.9424],[32.7835,25.9806],[32.7252,25.8852],[32.7775,25.8126],[32.7581,25.7874],[32.731,25.7822],[32.7279,25.7605],[32.7382,25.7364]]]}},{"type":"Feature","properties":{"gid":"EGY.25.13_1","provZh":"基纳省","name2":"Unorganized in Qina","type2":"unorganized","engtype2":"Subdivision"},"geometry":{"type":"MultiPolygon","coordinates":[[[[32.5044,25.2729],[32.5158,25.2466],[32.6471,25.1732],[32.6544,25.1873],[32.6256,25.2087],[32.5961,25.2153],[32.5803,25.2437],[32.56,25.2476],[32.5219,25.2797],[32.4969,25.3383],[32.4786,25.3322],[32.5044,25.2729]]],[[[32.4524,25.3923],[32.471,25.3496],[32.4829,25.3602],[32.4771,25.3843],[32.4524,25.3923]]],[[[32.7005,25.8131],[32.6937,25.8344],[32.6994,25.9039],[32.7271,25.9677],[32.7278,25.9815],[32.7391,25.994],[32.7431,26.0579],[32.7326,26.0981],[32.7161,26.1196],[32.6348,26.1454],[32.5545,26.111],[32.4928,26.1003],[32.4805,26.0726],[32.4536,26.0756],[32.3865,26.0365],[32.3414,26.0247],[32.2886,25.9983],[32.2727,26.0024],[32.2718,25.9941],[32.2614,25.9912],[32.2527,25.9999],[32.1809,26.0023],[32.1451,26.0243],[32.1331,26.0227],[32.1328,26.0346],[32.1014,26.0548],[32.091,26.0706],[32.056,26.0804],[31.9981,26.1292],[31.9865,26.1593],[31.9548,26.1333],[32.0395,26.061],[32.2175,25.9739],[32.2452,25.9846],[32.3215,25.9867],[32.4426,26.0407],[32.6748,26.1033],[32.7332,26.0758],[32.7393,26.0567],[32.7272,25.974],[32.6831,25.9179],[32.6684,25.84],[32.6435,25.7901],[32.5335,25.6918],[32.4251,25.6464],[32.4502,25.4118],[32.4756,25.4225],[32.4897,25.4182],[32.4912,25.4383],[32.4851,25.4947],[32.4385,25.5626],[32.4439,25.6426],[32.4558,25.6447],[32.4731,25.6644],[32.5858,25.7107],[32.5996,25.7316],[32.6367,25.7493],[32.6736,25.7935],[32.7022,25.8033],[32.7005,25.8131]]],[[[32.9099,26.6963],[32.8878,26.6995],[32.7412,26.6855],[32.2784,26.1397],[32.2572,26.152],[32.2206,26.116],[32.2535,26.0943],[32.2956,26.0908],[32.3173,26.1063],[32.3303,26.1445],[32.352,26.1614],[32.4097,26.1675],[32.4469,26.1623],[32.4675,26.176],[32.475,26.1975],[32.5057,26.2059],[32.5152,26.1913],[32.5418,26.2099],[32.6167,26.2076],[32.65,26.192],[32.6653,26.1965],[32.6655,26.1856],[32.6932,26.1706],[32.7265,26.1958],[32.7327,26.1764],[32.7469,26.1676],[32.7505,26.1494],[32.7967,26.097],[32.7961,26.0823],[32.8286,26.0519],[32.8362,26.0112],[32.8589,26.0023],[32.8712,25.9882],[32.846,25.9669],[32.844,25.9105],[32.8319,25.8942],[32.8334,25.8618],[32.7382,25.7364],[32.8318,25.6932],[32.831,25.6603],[32.803,25.579],[32.7363,25.5422],[32.6608,25.5373],[32.4978,25.5479],[32.5055,25.5124],[32.5184,25.5067],[32.526,25.4751],[32.5737,25.398],[32.568,25.3744],[32.5809,25.3143],[32.5901,25.3033],[32.5852,25.2934],[32.6427,25.2337],[32.678,25.2958],[33.4713,25.3066],[33.2745,25.533],[33.2417,25.6351],[33.2932,25.7392],[33.3899,25.867],[33.4856,25.9392],[33.567,25.9841],[33.5941,26.081],[33.5458,26.2119],[33.3797,26.5063],[33.3173,26.5317],[33.2279,26.5078],[33.1534,26.5248],[32.9312,26.6932],[32.9099,26.6963]],[[32.7768,26.1669],[32.7583,26.1536],[32.7373,26.1959],[32.7469,26.2018],[32.7768,26.1669]]]]}},{"type":"Feature","properties":{"gid":"EGY.26.1_1","provZh":"北西奈省","name2":"Al-'Arish 1","type2":"Kism","engtype2":"Subdivision"},"geometry":{"type":"Polygon","coordinates":[[[33.7618,31.1334],[33.798,31.1029],[33.8725,31.0986],[33.8675,31.1596],[33.8363,31.1518],[33.8307,31.1568],[33.8249,31.1488],[33.7618,31.1334]]]}},{"type":"Feature","properties":{"gid":"EGY.26.2_1","provZh":"北西奈省","name2":"Al-'Arish 2","type2":"Kism","engtype2":"Subdivision"},"geometry":{"type":"Polygon","coordinates":[[[33.7618,31.1334],[33.6954,31.1207],[33.7535,31.0322],[33.798,31.1029],[33.7618,31.1334]]]}},{"type":"Feature","properties":{"gid":"EGY.26.3_1","provZh":"北西奈省","name2":"Al-'Arish 3","type2":"Kism","engtype2":"Subdivision"},"geometry":{"type":"Polygon","coordinates":[[[33.798,31.1029],[33.7068,30.9578],[33.7396,30.899],[33.8758,31.0601],[33.8725,31.0986],[33.798,31.1029]]]}},{"type":"Feature","properties":{"gid":"EGY.26.4_1","provZh":"北西奈省","name2":"Al-'Arish 4","type2":"Kism","engtype2":"Subdivision"},"geometry":{"type":"Polygon","coordinates":[[[33.6954,31.1207],[33.5404,31.1154],[33.4558,30.9212],[33.4534,30.6071],[33.7214,30.6072],[33.7396,30.899],[33.7068,30.9578],[33.7535,31.0322],[33.6954,31.1207]]]}},{"type":"Feature","properties":{"gid":"EGY.26.5_1","provZh":"北西奈省","name2":"Al-Hasanah","type2":"Kism","engtype2":"Subdivision"},"geometry":{"type":"Polygon","coordinates":[[[32.8118,30.1947],[32.8262,30.1506],[32.8327,30.0587],[33.2164,30.0234],[33.3443,30.0516],[33.4994,30.0742],[33.5968,30.0776],[33.6277,30.0621],[33.6662,29.9683],[33.7003,29.9536],[33.7729,29.9451],[33.8304,29.9498],[33.8663,29.9645],[34.1361,30.3061],[33.9637,30.6068],[33.4534,30.6071],[33.4273,30.4816],[32.919,30.2704],[32.9327,30.2362],[32.9235,30.1973],[32.8118,30.1947]]]}},{"type":"Feature","properties":{"gid":"EGY.26.6_1","provZh":"北西奈省","name2":"Bir al-'Abd","type2":"Kism","engtype2":"Subdivision"},"geometry":{"type":"MultiPolygon","coordinates":[[[[32.7255,30.7539],[32.7808,30.5866],[32.919,30.2704],[33.4273,30.4816],[33.4534,30.6071],[33.4558,30.9212],[33.5404,31.1154],[33.4938,31.124],[33.474,31.1379],[33.4863,31.1254],[33.461,31.1443],[33.469,31.1313],[33.4626,31.1315],[33.4526,31.1424],[33.444,31.1424],[33.4421,31.1513],[33.4321,31.1521],[33.4362,31.1554],[33.4321,31.1607],[33.4232,31.1607],[33.4446,31.1568],[33.4065,31.1771],[33.3479,31.196],[33.2921,31.2051],[33.2735,31.2151],[33.2726,31.2015],[33.3276,31.199],[33.4037,31.1676],[33.3838,31.1646],[33.3879,31.156],[33.3721,31.1374],[33.3749,31.1229],[33.3699,31.1149],[33.3101,31.1099],[33.2599,31.0843],[33.309,31.104],[33.3226,31.1013],[33.3179,31.096],[33.3001,31.0974],[33.3049,31.0926],[33.3015,31.0871],[33.2926,31.0843],[33.2876,31.0874],[33.2932,31.0921],[33.2871,31.0929],[33.254,31.0776],[33.2468,31.0821],[33.2585,31.086],[33.249,31.0893],[33.2374,31.0743],[33.1976,31.069],[33.196,31.0596],[33.1829,31.0515],[33.139,31.0435],[33.1393,31.0549],[33.149,31.0582],[33.1426,31.0604],[33.1496,31.0649],[33.1424,31.0754],[33.1607,31.0821],[33.1454,31.0807],[33.1188,31.0915],[33.1138,31.1004],[33.1179,31.1054],[33.1232,31.1007],[33.1349,31.1054],[33.1226,31.1049],[33.1096,31.1154],[33.1037,31.1351],[33.1143,31.1351],[33.1165,31.1421],[33.119,31.131],[33.1404,31.1299],[33.1601,31.1107],[33.1451,31.1315],[33.1299,31.1357],[33.1104,31.1718],[33.0938,31.1785],[33.1104,31.1843],[33.1068,31.1879],[33.1171,31.1854],[33.1101,31.1907],[33.0254,31.1515],[32.9868,31.1046],[32.9543,31.1013],[32.9732,31.0888],[32.9807,31.094],[33.0099,31.094],[33.0246,31.0871],[33.0293,31.0935],[33.0213,31.0935],[33.0274,31.0996],[33.0232,31.1015],[33.0265,31.1121],[33.0626,31.1207],[33.0618,31.1126],[33.051,31.1099],[33.0457,31.0985],[33.0546,31.0899],[33.0118,31.0799],[33.0099,31.0671],[33.0179,31.0704],[33.0265,31.0635],[33.0088,31.0493],[32.9668,31.0571],[32.9787,31.0613],[32.9701,31.071],[32.9771,31.0754],[32.9704,31.0793],[32.9837,31.0788],[32.9907,31.0701],[32.9829,31.0865],[32.9707,31.0835],[32.9557,31.0957],[32.9318,31.1032],[32.9185,31.0929],[32.9379,31.0979],[32.9326,31.0835],[32.9238,31.0888],[32.8688,31.0899],[32.8575,31.0818],[32.8322,30.9791],[32.7808,30.8481],[32.7029,30.8098],[32.6865,30.8095],[32.7255,30.7539]]],[[[32.8857,31.1113],[32.8788,31.109],[32.8896,31.0907],[32.8838,31.0999],[32.8907,31.0957],[32.8937,31.1004],[32.8857,31.1113]]],[[[33.1285,31.1243],[33.1188,31.1229],[33.1215,31.1129],[33.1285,31.1243]]],[[[33.4504,31.1538],[33.444,31.1532],[33.4485,31.1465],[33.4693,31.1438],[33.4504,31.1538]]],[[[32.8499,31.1079],[32.9285,31.1371],[32.919,31.1465],[32.842,31.1068],[32.8499,31.1079]]],[[[33.1471,31.2307],[33.1087,31.2299],[33.0765,31.2215],[32.9476,31.1563],[32.9285,31.1401],[32.9354,31.1382],[32.9512,31.1546],[32.9987,31.171],[33.0585,31.2038],[33.1037,31.209],[33.0826,31.2168],[33.0932,31.2193],[33.0924,31.2251],[33.1868,31.2263],[33.2618,31.2093],[33.2715,31.2174],[33.1471,31.2307]]],[[[33.3474,31.1688],[33.3429,31.166],[33.349,31.1626],[33.3474,31.1688]]],[[[33.3179,31.1935],[33.3129,31.1924],[33.3182,31.1871],[33.3262,31.1879],[33.3179,31.1935]]]]}},{"type":"Feature","properties":{"gid":"EGY.26.7_1","provZh":"北西奈省","name2":"Nakhl","type2":"Kism","engtype2":"Subdivision"},"geometry":{"type":"Polygon","coordinates":[[[32.8549,29.943],[33.3832,29.8978],[33.6448,29.8512],[33.8469,29.8079],[33.9908,29.7366],[34.2061,29.6469],[34.5078,29.5537],[34.6559,29.5185],[34.6987,29.5139],[34.8777,29.5354],[34.8635,29.5903],[34.8776,29.6449],[34.8731,29.6637],[34.8552,29.691],[34.8559,29.7392],[34.7536,29.9894],[34.7557,30.0046],[34.6843,30.1781],[34.713,30.1043],[34.2503,30.1058],[34.1361,30.3061],[33.8663,29.9645],[33.8304,29.9498],[33.7729,29.9451],[33.7003,29.9536],[33.6662,29.9683],[33.6277,30.0621],[33.5968,30.0776],[33.4994,30.0742],[33.3443,30.0516],[33.2164,30.0234],[32.8327,30.0587],[32.8549,29.943]]]}},{"type":"Feature","properties":{"gid":"EGY.26.8_1","provZh":"北西奈省","name2":"Rafah","type2":"Kism","engtype2":"Subdivision"},"geometry":{"type":"Polygon","coordinates":[[[34.0727,31.2365],[34.1692,31.0012],[34.2037,30.8061],[34.203,30.7735],[34.4375,30.7895],[34.4076,30.8439],[34.3505,30.988],[34.229,31.3343],[34.1715,31.2913],[34.0727,31.2365]]]}},{"type":"Feature","properties":{"gid":"EGY.26.9_1","provZh":"北西奈省","name2":"Sheikh Zawid","type2":"Kism","engtype2":"Subdivision"},"geometry":{"type":"Polygon","coordinates":[[[33.8725,31.0986],[33.8758,31.0601],[33.7396,30.899],[33.7214,30.6072],[34.1992,30.606],[34.2037,30.8061],[34.1692,31.0012],[34.0727,31.2365],[33.999,31.2018],[33.8675,31.1596],[33.8725,31.0986]]]}},{"type":"Feature","properties":{"gid":"EGY.26.10_1","provZh":"北西奈省","name2":"Shurtah al-Qasimah","type2":"Kism","engtype2":"Subdivision"},"geometry":{"type":"Polygon","coordinates":[[[34.1361,30.3061],[34.2503,30.1058],[34.713,30.1043],[34.6371,30.294],[34.6167,30.3605],[34.547,30.4001],[34.5444,30.4308],[34.5651,30.4813],[34.5217,30.5254],[34.5246,30.58],[34.4956,30.6841],[34.4375,30.7895],[34.203,30.7735],[34.1992,30.606],[33.9637,30.6068],[34.1361,30.3061]]]}},{"type":"Feature","properties":{"gid":"EGY.26.11_1","provZh":"北西奈省","name2":"Shurtah Rumanah","type2":"Kism","engtype2":"Subdivision"},"geometry":{"type":"Polygon","coordinates":[[[32.5371,31.0071],[32.526,31.0022],[32.5991,30.9341],[32.6865,30.8095],[32.7029,30.8098],[32.7808,30.8481],[32.8322,30.9791],[32.8575,31.0818],[32.819,31.0685],[32.7882,31.0429],[32.7482,31.046],[32.7185,31.029],[32.6988,31.0318],[32.7151,31.0362],[32.7151,31.0499],[32.6821,31.0515],[32.6771,31.0438],[32.6657,31.0476],[32.7935,31.0785],[32.842,31.1068],[32.7576,31.0732],[32.6671,31.0574],[32.6021,31.0585],[32.55,31.0804],[32.5371,31.0071]]]}},{"type":"Feature","properties":{"gid":"EGY.27.1_1","provZh":"索哈杰省","name2":"Akhmim","type2":"Markaz","engtype2":"Subdivision"},"geometry":{"type":"Polygon","coordinates":[[[31.8333,26.4365],[31.8254,26.4797],[31.8331,26.5084],[31.8203,26.5577],[31.8077,26.5649],[31.8032,26.5879],[31.7883,26.601],[31.7883,26.6244],[31.751,26.6195],[31.7459,26.6412],[31.7286,26.6631],[31.7056,26.6712],[31.724,26.6361],[31.71,26.625],[31.7134,26.5986],[31.7041,26.5614],[31.7094,26.5427],[31.7238,26.5403],[31.7572,26.5658],[31.7771,26.5697],[31.8057,26.5576],[31.8163,26.5357],[31.8153,26.4407],[31.8237,26.4281],[31.8333,26.4365]],[[31.7154,26.5625],[31.7324,26.5491],[31.7179,26.5531],[31.7154,26.5625]]]}},{"type":"Feature","properties":{"gid":"EGY.27.2_1","provZh":"索哈杰省","name2":"Al-'Usayrat","type2":"Markaz","engtype2":"Subdivision"},"geometry":{"type":"Polygon","coordinates":[[[31.8148,26.4672],[31.7957,26.4664],[31.7935,26.4417],[31.8023,26.4255],[31.7801,26.4135],[31.7853,26.3978],[31.7778,26.4007],[31.7651,26.3899],[31.7831,26.3778],[31.7724,26.3604],[31.7757,26.3502],[31.783,26.3545],[31.7836,26.3478],[31.7977,26.3462],[31.7945,26.3368],[31.8,26.3347],[31.8083,26.3379],[31.8075,26.3488],[31.8414,26.366],[31.8428,26.3797],[31.8758,26.3768],[31.8237,26.4281],[31.8153,26.4407],[31.8148,26.4672]]]}},{"type":"Feature","properties":{"gid":"EGY.27.3_1","provZh":"索哈杰省","name2":"Al-Baliyana","type2":"Markaz","engtype2":"Subdivision"},"geometry":{"type":"Polygon","coordinates":[[[32.0168,26.1857],[32.0072,26.2583],[31.9949,26.2905],[31.9372,26.3236],[31.9335,26.3104],[31.943,26.2994],[31.9087,26.2706],[31.8852,26.2632],[31.8759,26.269],[31.8717,26.2543],[31.88,26.2399],[31.8725,26.2344],[31.9223,26.1884],[31.987,26.1598],[32.0168,26.1857]]]}},{"type":"Feature","properties":{"gid":"EGY.27.4_1","provZh":"索哈杰省","name2":"Al-Kawtar","type2":"Kism","engtype2":"Subdivision"},"geometry":{"type":"Polygon","coordinates":[[[31.7154,26.5625],[31.7179,26.5531],[31.7324,26.5491],[31.7154,26.5625]]]}},{"type":"Feature","properties":{"gid":"EGY.27.5_1","provZh":"索哈杰省","name2":"Al-Manshah","type2":"Markaz","engtype2":"Subdivision"},"geometry":{"type":"Polygon","coordinates":[[[31.7771,26.5697],[31.7874,26.5422],[31.7657,26.5279],[31.7695,26.5173],[31.7566,26.5125],[31.75,26.4919],[31.7379,26.4967],[31.732,26.484],[31.7119,26.4756],[31.7166,26.459],[31.6914,26.4538],[31.7724,26.3604],[31.7831,26.3778],[31.7651,26.3899],[31.7778,26.4007],[31.7853,26.3978],[31.7801,26.4135],[31.8023,26.4255],[31.7935,26.4417],[31.7957,26.4664],[31.8148,26.4672],[31.8163,26.5357],[31.8057,26.5576],[31.7771,26.5697]]]}},{"type":"Feature","properties":{"gid":"EGY.27.6_1","provZh":"索哈杰省","name2":"Al-Maraghah","type2":"Markaz","engtype2":"Subdivision"},"geometry":{"type":"Polygon","coordinates":[[[31.5068,26.624],[31.5225,26.594],[31.5438,26.5932],[31.561,26.5819],[31.5763,26.5858],[31.5993,26.6065],[31.6001,26.6184],[31.6391,26.6269],[31.6443,26.6439],[31.6359,26.6656],[31.6387,26.7026],[31.6246,26.7139],[31.6061,26.7162],[31.5572,26.7625],[31.5538,26.7353],[31.5255,26.7261],[31.5289,26.7169],[31.5214,26.7176],[31.5263,26.7128],[31.5186,26.7106],[31.5134,26.6836],[31.5435,26.6845],[31.542,26.6634],[31.5525,26.6536],[31.5175,26.639],[31.5068,26.624]]]}},{"type":"Feature","properties":{"gid":"EGY.27.7_1","provZh":"索哈杰省","name2":"Dar as-Salam","type2":"Markaz","engtype2":"Subdivision"},"geometry":{"type":"Polygon","coordinates":[[[32.2179,26.1119],[32.2215,26.1155],[32.1704,26.1496],[32.1383,26.236],[32.0829,26.2702],[32.0555,26.3092],[32.02,26.3132],[31.9942,26.3347],[31.936,26.3446],[31.9197,26.3632],[31.8726,26.3907],[31.8333,26.4365],[31.8237,26.4281],[31.9372,26.3236],[31.9949,26.2905],[32.0072,26.2583],[32.0168,26.1857],[32.0277,26.1752],[32.046,26.1757],[32.0894,26.2053],[32.1228,26.208],[32.1468,26.1755],[32.1508,26.1443],[32.1712,26.1409],[32.2179,26.1119]]]}},{"type":"Feature","properties":{"gid":"EGY.27.8_1","provZh":"索哈杰省","name2":"Jirja","type2":"Markaz","engtype2":"Subdivision"},"geometry":{"type":"Polygon","coordinates":[[[31.7757,26.3502],[31.7731,26.3182],[31.8283,26.2869],[31.8497,26.2489],[31.8725,26.2344],[31.88,26.2399],[31.8717,26.2543],[31.8759,26.269],[31.8852,26.2632],[31.9087,26.2706],[31.943,26.2994],[31.9335,26.3104],[31.9372,26.3236],[31.8758,26.3768],[31.8428,26.3797],[31.8414,26.366],[31.8075,26.3488],[31.8083,26.3379],[31.8,26.3347],[31.7945,26.3368],[31.7977,26.3462],[31.7836,26.3478],[31.783,26.3545],[31.7757,26.3502]]]}},{"type":"Feature","properties":{"gid":"EGY.27.9_1","provZh":"索哈杰省","name2":"Juhaynah al-Gharbiyah","type2":"Markaz","engtype2":"Subdivision"},"geometry":{"type":"Polygon","coordinates":[[[31.5214,26.7176],[31.4978,26.7457],[31.4851,26.7492],[31.4774,26.7371],[31.4477,26.7604],[31.4418,26.7481],[31.4301,26.7524],[31.4299,26.7409],[31.4092,26.7379],[31.4009,26.7079],[31.4464,26.6744],[31.4842,26.6164],[31.5068,26.624],[31.5175,26.639],[31.5525,26.6536],[31.542,26.6634],[31.5435,26.6845],[31.5134,26.6836],[31.5186,26.7106],[31.5263,26.7128],[31.5214,26.7176]]]}},{"type":"Feature","properties":{"gid":"EGY.27.10_1","provZh":"索哈杰省","name2":"New Akhmim City","type2":"City","engtype2":"Subdivision"},"geometry":{"type":"Polygon","coordinates":[[[31.8958,26.526],[31.8815,26.548],[31.8344,26.5215],[31.8557,26.5028],[31.8958,26.526]]]}},{"type":"Feature","properties":{"gid":"EGY.27.11_1","provZh":"索哈杰省","name2":"New Sawhaj City","type2":"City","engtype2":"Subdivision"},"geometry":{"type":"Polygon","coordinates":[[[31.6584,26.4704],[31.6711,26.4758],[31.6609,26.5039],[31.6258,26.4942],[31.6474,26.4506],[31.6618,26.4566],[31.6546,26.4688],[31.6584,26.4704]]]}},{"type":"Feature","properties":{"gid":"EGY.27.12_1","provZh":"索哈杰省","name2":"Saqultah","type2":"Markaz","engtype2":"Subdivision"},"geometry":{"type":"Polygon","coordinates":[[[31.7056,26.6712],[31.6635,26.7161],[31.6407,26.7229],[31.6226,26.7501],[31.6019,26.7582],[31.5647,26.7579],[31.6061,26.7162],[31.6246,26.7139],[31.6387,26.7026],[31.6359,26.6656],[31.6443,26.6439],[31.6979,26.6388],[31.71,26.625],[31.724,26.6361],[31.7056,26.6712]]]}},{"type":"Feature","properties":{"gid":"EGY.27.13_1","provZh":"索哈杰省","name2":"Sawhaj","type2":"Markaz","engtype2":"Subdivision"},"geometry":{"type":"Polygon","coordinates":[[[31.7238,26.5403],[31.703,26.5263],[31.696,26.5528],[31.7041,26.5614],[31.7134,26.5986],[31.71,26.625],[31.6979,26.6388],[31.6443,26.6439],[31.6391,26.6269],[31.6001,26.6184],[31.5993,26.6065],[31.5763,26.5858],[31.6043,26.5821],[31.6148,26.5728],[31.6233,26.5437],[31.6676,26.5141],[31.6914,26.4538],[31.7166,26.459],[31.7119,26.4756],[31.732,26.484],[31.7379,26.4967],[31.75,26.4919],[31.7566,26.5125],[31.7695,26.5173],[31.7657,26.5279],[31.7874,26.5422],[31.7771,26.5697],[31.7572,26.5658],[31.7238,26.5403]]]}},{"type":"Feature","properties":{"gid":"EGY.27.14_1","provZh":"索哈杰省","name2":"Sawhaj 2","type2":"Kism","engtype2":"Subdivision"},"geometry":{"type":"Polygon","coordinates":[[[31.7041,26.5614],[31.696,26.5528],[31.703,26.5263],[31.7238,26.5403],[31.7094,26.5427],[31.7041,26.5614]]]}},{"type":"Feature","properties":{"gid":"EGY.27.15_1","provZh":"索哈杰省","name2":"Tahta","type2":"Markaz","engtype2":"Subdivision"},"geometry":{"type":"Polygon","coordinates":[[[31.508,26.8564],[31.4915,26.846],[31.4808,26.8264],[31.4629,26.8276],[31.457,26.8153],[31.4153,26.821],[31.3987,26.8139],[31.3892,26.8196],[31.3385,26.8041],[31.3794,26.7757],[31.3972,26.7442],[31.4092,26.7379],[31.4299,26.7409],[31.4301,26.7524],[31.4418,26.7481],[31.4477,26.7604],[31.4774,26.7371],[31.4851,26.7492],[31.4676,26.7588],[31.4701,26.7781],[31.4814,26.787],[31.4894,26.7773],[31.5097,26.7807],[31.516,26.7576],[31.5028,26.7615],[31.5046,26.7505],[31.4978,26.7457],[31.5214,26.7176],[31.5289,26.7169],[31.5255,26.7261],[31.5538,26.7353],[31.5572,26.7625],[31.5358,26.8133],[31.5255,26.8147],[31.508,26.8564]]]}},{"type":"Feature","properties":{"gid":"EGY.27.16_1","provZh":"索哈杰省","name2":"Tahta City","type2":"Kism","engtype2":"Subdivision"},"geometry":{"type":"Polygon","coordinates":[[[31.4978,26.7457],[31.5046,26.7505],[31.5028,26.7615],[31.516,26.7576],[31.5097,26.7807],[31.4894,26.7773],[31.4814,26.787],[31.4701,26.7781],[31.4676,26.7588],[31.4978,26.7457]]]}},{"type":"Feature","properties":{"gid":"EGY.27.17_1","provZh":"索哈杰省","name2":"Tima","type2":"Markaz","engtype2":"Subdivision"},"geometry":{"type":"Polygon","coordinates":[[[31.4436,26.9447],[31.427,26.9292],[31.3978,26.92],[31.3782,26.8863],[31.3369,26.8612],[31.3609,26.8191],[31.3394,26.8158],[31.3385,26.8041],[31.3892,26.8196],[31.3987,26.8139],[31.4153,26.821],[31.457,26.8153],[31.4629,26.8276],[31.4808,26.8264],[31.4915,26.846],[31.508,26.8564],[31.4806,26.9131],[31.4436,26.9447]]]}},{"type":"Feature","properties":{"gid":"EGY.27.18_1","provZh":"索哈杰省","name2":"Unorganized in Suhaj","type2":"unorganized","engtype2":"Subdivision"},"geometry":{"type":"MultiPolygon","coordinates":[[[[31.8797,26.1973],[31.9548,26.1333],[31.987,26.1598],[31.9223,26.1884],[31.8497,26.2489],[31.8283,26.2869],[31.7731,26.3182],[31.7724,26.3604],[31.6914,26.4538],[31.6676,26.5141],[31.6233,26.5437],[31.6148,26.5728],[31.6043,26.5821],[31.561,26.5819],[31.5438,26.5932],[31.5225,26.594],[31.5068,26.624],[31.4842,26.6164],[31.4464,26.6744],[31.4009,26.7079],[31.4092,26.7379],[31.3972,26.7442],[31.3794,26.7757],[31.3385,26.8041],[31.3394,26.8158],[31.3609,26.8191],[31.3369,26.8612],[31.2916,26.8335],[31.4481,26.6327],[31.7619,26.2976],[31.8797,26.1973]],[[31.6711,26.4758],[31.6546,26.4688],[31.6618,26.4566],[31.6474,26.4506],[31.6258,26.4942],[31.6609,26.5039],[31.6711,26.4758]]],[[[32.6183,27.2533],[32.6099,27.34],[32.4297,27.1459],[32.2474,27.0061],[32.1487,26.9469],[32.0557,26.9646],[31.8918,27.016],[31.7715,26.9495],[31.6612,26.8996],[31.6279,26.853],[31.6032,26.8369],[31.5555,26.8627],[31.5177,26.8358],[31.5255,26.8147],[31.5358,26.8133],[31.5572,26.7625],[31.6019,26.7582],[31.6226,26.7501],[31.6407,26.7229],[31.6635,26.7161],[31.7056,26.6712],[31.7286,26.6631],[31.7459,26.6412],[31.751,26.6195],[31.7883,26.6244],[31.7883,26.601],[31.8032,26.5879],[31.8077,26.5649],[31.8203,26.5577],[31.8331,26.5084],[31.8254,26.4797],[31.8333,26.4365],[31.8726,26.3907],[31.9197,26.3632],[31.936,26.3446],[31.9942,26.3347],[32.02,26.3132],[32.0555,26.3092],[32.0829,26.2702],[32.1383,26.236],[32.1704,26.1496],[32.2206,26.116],[32.2572,26.152],[32.2784,26.1397],[32.7412,26.6855],[32.7685,26.8555],[32.7367,26.9848],[32.692,27.0391],[32.6226,27.2093],[32.6183,27.2533]],[[31.8815,26.548],[31.8958,26.526],[31.8557,26.5028],[31.8344,26.5215],[31.8815,26.548]]]]}}]}