{"type":"FeatureCollection","features":[{"type":"Feature","properties":{"gid":"ARG.1.1_1","name2":"Adolfo Alsina","engtype2":"Part","type2":"Partido","provZh":"布宜诺斯艾利斯省"},"geometry":{"type":"Polygon","coordinates":[[[-63.38995,-36.51341],[-63.39267,-37.79713],[-63.37049,-37.81488],[-62.81041,-37.37414],[-62.64353,-37.52212],[-62.42332,-37.3515],[-62.5373,-37.25864],[-62.51388,-37.1988],[-62.59229,-37.10594],[-62.65326,-37.1182],[-63.38995,-36.51341]]]}},{"type":"Feature","properties":{"gid":"ARG.1.2_1","name2":"Adolfo Gonzales Chaves","engtype2":"Part","type2":"Partido","provZh":"布宜诺斯艾利斯省"},"geometry":{"type":"Polygon","coordinates":[[[-60.68344,-38.09533],[-60.56036,-38.19229],[-60.37532,-38.0156],[-60.03184,-38.28055],[-59.88872,-38.16085],[-59.83671,-38.23563],[-59.77655,-38.21388],[-59.75578,-38.19426],[-59.78907,-38.14929],[-59.64114,-38.02813],[-59.93744,-37.79564],[-60.02365,-37.86596],[-60.06708,-37.83273],[-60.09252,-37.85363],[-60.25736,-37.72939],[-60.32291,-37.77634],[-60.42014,-37.70058],[-60.37599,-37.66592],[-60.45724,-37.60219],[-60.59007,-37.70191],[-60.56219,-37.72381],[-60.84921,-37.93221],[-60.68344,-38.09533]]]}},{"type":"Feature","properties":{"gid":"ARG.1.3_1","name2":"Alberti","engtype2":"Part","type2":"Partido","provZh":"布宜诺斯艾利斯省"},"geometry":{"type":"Polygon","coordinates":[[[-60.32552,-35.23001],[-60.23974,-35.29479],[-60.03236,-35.11172],[-60.15591,-35.06533],[-60.1242,-35.03523],[-60.3109,-34.88005],[-60.24544,-34.82565],[-60.32734,-34.75949],[-60.46371,-34.86321],[-60.45277,-34.91888],[-60.48725,-34.97391],[-60.33268,-35.12693],[-60.36946,-35.15922],[-60.32552,-35.23001]]]}},{"type":"Feature","properties":{"gid":"ARG.1.4_1","name2":"Almirante Brown","engtype2":"Part","type2":"Partido","provZh":"布宜诺斯艾利斯省"},"geometry":{"type":"Polygon","coordinates":[[[-58.39741,-34.91209],[-58.2933,-34.85776],[-58.33726,-34.75859],[-58.44853,-34.8291],[-58.39741,-34.91209]]]}},{"type":"Feature","properties":{"gid":"ARG.1.5_1","name2":"Ameghino","engtype2":"Part","type2":"Partido","provZh":"布宜诺斯艾利斯省"},"geometry":{"type":"Polygon","coordinates":[[[-62.27458,-35.15034],[-62.08816,-34.97584],[-62.3031,-34.78928],[-62.20115,-34.67908],[-62.58004,-34.61448],[-62.59085,-34.65283],[-62.62101,-34.63365],[-62.60497,-34.99473],[-62.63769,-34.99718],[-62.54411,-35.07749],[-62.4657,-35.01459],[-62.27458,-35.15034]]]}},{"type":"Feature","properties":{"gid":"ARG.1.6_1","name2":"Arrecifes","engtype2":"Part","type2":"Partido","provZh":"布宜诺斯艾利斯省"},"geometry":{"type":"Polygon","coordinates":[[[-59.78311,-34.01237],[-60.0246,-33.83171],[-60.11112,-33.82063],[-60.15675,-33.74799],[-60.23555,-33.86695],[-60.2388,-34.01427],[-60.16806,-34.06326],[-60.20419,-34.2023],[-60.05508,-34.26649],[-60.00772,-34.24696],[-59.98851,-34.09045],[-59.78311,-34.01237]]]}},{"type":"Feature","properties":{"gid":"ARG.1.7_1","name2":"Avellaneda","engtype2":"Part","type2":"Partido","provZh":"布宜诺斯艾利斯省"},"geometry":{"type":"Polygon","coordinates":[[[-58.33411,-34.73055],[-58.27708,-34.67958],[-58.33597,-34.63236],[-58.40735,-34.66798],[-58.33411,-34.73055]]]}},{"type":"Feature","properties":{"gid":"ARG.1.8_1","name2":"Ayacucho","engtype2":"Part","type2":"Partido","provZh":"布宜诺斯艾利斯省"},"geometry":{"type":"Polygon","coordinates":[[[-57.9435,-37.0122],[-58.01876,-37.08025],[-58.28891,-36.88397],[-58.1216,-36.73542],[-58.23195,-36.63173],[-58.21714,-36.61825],[-58.44341,-36.45176],[-58.72568,-36.70392],[-58.66649,-36.74393],[-58.87124,-36.84613],[-58.94336,-36.9385],[-59.01301,-36.9527],[-59.09079,-37.0632],[-58.61113,-37.41449],[-58.57878,-37.38736],[-58.42896,-37.5019],[-58.35663,-37.44304],[-58.28112,-37.49302],[-58.16496,-37.39271],[-58.10019,-37.43992],[-57.77246,-37.13913],[-57.9435,-37.0122]]]}},{"type":"Feature","properties":{"gid":"ARG.1.9_1","name2":"Azul","engtype2":"Part","type2":"Partido","provZh":"布宜诺斯艾利斯省"},"geometry":{"type":"Polygon","coordinates":[[[-59.49092,-36.23094],[-59.637,-36.36126],[-59.7268,-36.28671],[-60.03303,-36.53597],[-59.9267,-36.61829],[-60.05864,-36.72875],[-60.13974,-36.67282],[-60.16436,-36.71492],[-60.00386,-36.83207],[-60.02352,-36.9122],[-60.11124,-36.9784],[-60.09859,-37.01246],[-60.1439,-37.0794],[-60.12368,-37.09649],[-60.20354,-37.18042],[-59.98956,-37.34372],[-60.0362,-37.38357],[-59.95701,-37.44701],[-59.86164,-37.37336],[-59.80499,-37.25968],[-59.70772,-37.22822],[-59.43718,-37.02438],[-59.36412,-36.90272],[-59.36707,-36.85377],[-59.28322,-36.76456],[-59.22368,-36.58019],[-59.20072,-36.59549],[-59.14232,-36.53849],[-59.25563,-36.4427],[-59.23526,-36.42534],[-59.49092,-36.23094]]]}},{"type":"Feature","properties":{"gid":"ARG.1.10_1","name2":"Bahía Blanca","engtype2":"Part","type2":"Partido","provZh":"布宜诺斯艾利斯省"},"geometry":{"type":"Polygon","coordinates":[[[-61.848,-38.65604],[-61.82117,-38.67717],[-61.74725,-38.62344],[-61.7935,-38.52565],[-61.78511,-38.45276],[-61.82465,-38.47269],[-61.89054,-38.42277],[-61.9227,-38.44981],[-61.93587,-38.41167],[-61.98698,-38.45145],[-62.08565,-38.35955],[-62.20095,-38.44965],[-62.23999,-38.35297],[-62.34606,-38.4376],[-62.38737,-38.40654],[-62.61355,-38.59073],[-62.46303,-38.67266],[-62.42847,-38.75958],[-62.35319,-38.71514],[-62.31375,-38.73708],[-62.33653,-38.76458],[-62.31208,-38.77625],[-62.30764,-38.75042],[-62.3107,-38.78319],[-62.20597,-38.82264],[-62.06496,-38.71289],[-61.92285,-38.72429],[-61.848,-38.65604]]]}},{"type":"Feature","properties":{"gid":"ARG.1.11_1","name2":"Balcarce","engtype2":"Part","type2":"Partido","provZh":"布宜诺斯艾利斯省"},"geometry":{"type":"Polygon","coordinates":[[[-58.61113,-37.41449],[-58.80838,-37.57918],[-58.50707,-37.81038],[-58.59107,-37.88089],[-58.26237,-38.13436],[-57.73732,-37.70255],[-58.16496,-37.39271],[-58.28112,-37.49302],[-58.35663,-37.44304],[-58.42896,-37.5019],[-58.57878,-37.38736],[-58.61113,-37.41449]]]}},{"type":"Feature","properties":{"gid":"ARG.1.12_1","name2":"Baradero","engtype2":"Part","type2":"Partido","provZh":"布宜诺斯艾利斯省"},"geometry":{"type":"Polygon","coordinates":[[[-59.68051,-34.16945],[-59.56407,-34.16768],[-59.51491,-34.10154],[-59.46702,-34.13645],[-59.32487,-34.01766],[-59.34324,-33.93265],[-59.23317,-33.92673],[-59.30114,-33.84025],[-59.17305,-33.80883],[-59.24112,-33.7998],[-59.25574,-33.71823],[-59.45142,-33.72511],[-59.49271,-33.64967],[-59.56497,-33.75868],[-59.511,-33.78917],[-59.57006,-33.77637],[-59.60734,-33.86878],[-59.7612,-34.01356],[-59.72497,-34.13253],[-59.68051,-34.16945]]]}},{"type":"Feature","properties":{"gid":"ARG.1.13_1","name2":"Benito Juárez","engtype2":"Part","type2":"Partido","provZh":"布宜诺斯艾利斯省"},"geometry":{"type":"Polygon","coordinates":[[[-59.67179,-38.00243],[-59.22485,-37.6544],[-59.78026,-37.24669],[-59.86164,-37.37336],[-59.95701,-37.44701],[-60.0362,-37.38357],[-59.98956,-37.34372],[-60.20354,-37.18042],[-60.42544,-37.3699],[-60.46603,-37.34801],[-60.49993,-37.37636],[-60.33986,-37.49669],[-60.46485,-37.59622],[-60.37599,-37.66592],[-60.42014,-37.70058],[-60.32291,-37.77634],[-60.25736,-37.72939],[-60.09252,-37.85363],[-60.06708,-37.83273],[-60.02365,-37.86596],[-59.93744,-37.79564],[-59.67179,-38.00243]]]}},{"type":"Feature","properties":{"gid":"ARG.1.14_1","name2":"Berazategui","engtype2":"Part","type2":"Partido","provZh":"布宜诺斯艾利斯省"},"geometry":{"type":"Polygon","coordinates":[[[-58.19181,-34.73733],[-58.26845,-34.77727],[-58.20036,-34.81802],[-58.18115,-34.86902],[-58.24765,-34.9264],[-58.21239,-34.95402],[-58.01485,-34.78042],[-58.19181,-34.73733]]]}},{"type":"Feature","properties":{"gid":"ARG.1.15_1","name2":"Berisso","engtype2":"Part","type2":"Partido","provZh":"布宜诺斯艾利斯省"},"geometry":{"type":"Polygon","coordinates":[[[-57.76265,-34.96958],[-57.70659,-34.93097],[-57.87375,-34.82597],[-57.93599,-34.90044],[-57.76265,-34.96958]]]}},{"type":"Feature","properties":{"gid":"ARG.1.16_1","name2":"Bolívar","engtype2":"Part","type2":"Partido","provZh":"布宜诺斯艾利斯省"},"geometry":{"type":"Polygon","coordinates":[[[-61.27158,-36.0713],[-61.43966,-36.21338],[-61.40717,-36.23848],[-61.7209,-36.48638],[-61.60454,-36.57015],[-61.65958,-36.61356],[-61.50431,-36.73809],[-61.37737,-36.63903],[-61.2584,-36.7342],[-60.89075,-36.44353],[-60.92301,-36.41746],[-60.86722,-36.37291],[-60.90713,-36.34182],[-60.83937,-36.29869],[-60.80105,-36.20089],[-60.63379,-36.10714],[-60.53411,-36.00076],[-60.6424,-35.9198],[-60.70115,-35.96779],[-60.8683,-35.84097],[-60.97019,-35.9299],[-61.03796,-35.87731],[-61.27158,-36.0713]]]}},{"type":"Feature","properties":{"gid":"ARG.1.17_1","name2":"Bragado","engtype2":"Part","type2":"Partido","provZh":"布宜诺斯艾利斯省"},"geometry":{"type":"Polygon","coordinates":[[[-60.46371,-34.86321],[-60.58829,-34.81994],[-60.71745,-34.64558],[-60.79568,-34.71824],[-60.76691,-34.74328],[-60.8168,-34.78818],[-60.72727,-34.86053],[-60.8482,-34.96902],[-60.75518,-35.04063],[-60.87497,-35.14369],[-60.5282,-35.41048],[-60.32092,-35.22588],[-60.36946,-35.15922],[-60.33268,-35.12693],[-60.48504,-34.98459],[-60.45277,-34.91888],[-60.46371,-34.86321]]]}},{"type":"Feature","properties":{"gid":"ARG.1.18_1","name2":"Brandsen","engtype2":"Part","type2":"Partido","provZh":"布宜诺斯艾利斯省"},"geometry":{"type":"Polygon","coordinates":[[[-58.04276,-35.35088],[-57.89092,-35.22437],[-57.97437,-35.16056],[-58.05287,-35.22877],[-58.07207,-35.21521],[-58.01652,-35.16527],[-58.17371,-35.05172],[-58.11846,-35.00193],[-58.16198,-34.97294],[-58.44244,-35.21963],[-58.21835,-35.41129],[-58.18801,-35.38522],[-58.14113,-35.42162],[-58.04276,-35.35088]]]}},{"type":"Feature","properties":{"gid":"ARG.1.19_1","name2":"Campana","engtype2":"Part","type2":"Partido","provZh":"布宜诺斯艾利斯省"},"geometry":{"type":"Polygon","coordinates":[[[-58.71937,-34.25184],[-58.70325,-34.18016],[-58.75543,-34.17205],[-58.81054,-34.08753],[-58.66726,-34.03573],[-58.77722,-33.93926],[-58.97141,-33.97042],[-59.00865,-34.10247],[-58.97718,-34.13166],[-59.10608,-34.20462],[-58.92281,-34.38703],[-58.91401,-34.32905],[-58.85769,-34.26964],[-58.77207,-34.29785],[-58.80084,-34.2314],[-58.71937,-34.25184]]]}},{"type":"Feature","properties":{"gid":"ARG.1.20_1","name2":"Cañuelas","engtype2":"Part","type2":"Partido","provZh":"布宜诺斯艾利斯省"},"geometry":{"type":"Polygon","coordinates":[[[-58.65116,-34.89315],[-58.79222,-34.96052],[-58.93913,-35.10364],[-58.87311,-35.15488],[-58.89788,-35.17751],[-58.77684,-35.27544],[-58.75243,-35.25577],[-58.68587,-35.30775],[-58.71446,-35.33528],[-58.58768,-35.42397],[-58.52701,-35.36895],[-58.57327,-35.33205],[-58.47262,-35.24567],[-58.58263,-35.15049],[-58.60173,-35.05244],[-58.5551,-35.0097],[-58.6208,-34.96259],[-58.65116,-34.89315]]]}},{"type":"Feature","properties":{"gid":"ARG.1.21_1","name2":"Capitán Sarmiento","engtype2":"Part","type2":"Partido","provZh":"布宜诺斯艾利斯省"},"geometry":{"type":"Polygon","coordinates":[[[-60.0344,-34.27235],[-59.97496,-34.28918],[-59.90022,-34.24187],[-59.88658,-34.27098],[-59.68051,-34.16945],[-59.72497,-34.13253],[-59.75035,-33.99852],[-59.98851,-34.09045],[-59.99197,-34.19232],[-60.0344,-34.27235]]]}},{"type":"Feature","properties":{"gid":"ARG.1.22_1","name2":"Carlos Casares","engtype2":"Part","type2":"Partido","provZh":"布宜诺斯艾利斯省"},"geometry":{"type":"Polygon","coordinates":[[[-61.03796,-35.87731],[-61.10808,-35.82279],[-61.03823,-35.76282],[-61.53108,-35.37819],[-61.72502,-35.53679],[-61.57367,-35.64802],[-61.59735,-35.66692],[-61.50848,-35.74089],[-61.6385,-35.84523],[-61.39653,-36.06773],[-61.33855,-36.01814],[-61.27158,-36.0713],[-61.03796,-35.87731]]]}},{"type":"Feature","properties":{"gid":"ARG.1.23_1","name2":"Carlos Tejedor","engtype2":"Part","type2":"Partido","provZh":"布宜诺斯艾利斯省"},"geometry":{"type":"Polygon","coordinates":[[[-62.60635,-35.0241],[-62.67781,-35.08346],[-62.64387,-35.11225],[-62.66964,-35.13296],[-62.70399,-35.10415],[-62.89264,-35.25987],[-62.86131,-35.28623],[-62.89083,-35.31105],[-62.84314,-35.35214],[-62.86787,-35.37167],[-62.80415,-35.42606],[-62.78245,-35.40954],[-62.33683,-35.78439],[-62.09543,-35.59236],[-62.12669,-35.56569],[-62.05243,-35.50685],[-61.99035,-35.55757],[-61.90371,-35.48718],[-62.4657,-35.01459],[-62.54411,-35.07749],[-62.60635,-35.0241]]]}},{"type":"Feature","properties":{"gid":"ARG.1.24_1","name2":"Carmen de Areco","engtype2":"Part","type2":"Partido","provZh":"布宜诺斯艾利斯省"},"geometry":{"type":"Polygon","coordinates":[[[-59.97496,-34.28918],[-60.0675,-34.38462],[-60.14671,-34.41843],[-60.0193,-34.54734],[-59.98038,-34.51294],[-59.91402,-34.55883],[-59.93367,-34.57794],[-59.88604,-34.62143],[-59.75839,-34.52185],[-59.73959,-34.48076],[-59.77077,-34.45263],[-59.6795,-34.40713],[-59.69778,-34.29156],[-59.78271,-34.21987],[-59.97496,-34.28918]]]}},{"type":"Feature","properties":{"gid":"ARG.1.25_1","name2":"Castelli","engtype2":"Part","type2":"Partido","provZh":"布宜诺斯艾利斯省"},"geometry":{"type":"Polygon","coordinates":[[[-58.00903,-36.04171],[-57.97598,-36.06839],[-58.09729,-36.15457],[-57.97089,-36.27253],[-57.88786,-36.30276],[-57.87654,-36.26849],[-57.81915,-36.27897],[-57.78849,-36.17954],[-57.67763,-36.2045],[-57.64987,-36.10899],[-57.18514,-36.21565],[-57.28847,-36.13542],[-57.38097,-35.96931],[-57.36207,-35.75014],[-57.41636,-35.74848],[-57.42769,-35.78681],[-57.47684,-35.7863],[-57.56862,-35.85812],[-57.59478,-35.83379],[-57.71017,-35.83743],[-57.73173,-35.92341],[-57.83517,-35.94447],[-58.00903,-36.04171]]]}},{"type":"Feature","properties":{"gid":"ARG.1.26_1","name2":"Chacabuco","engtype2":"Part","type2":"Partido","provZh":"布宜诺斯艾利斯省"},"geometry":{"type":"Polygon","coordinates":[[[-60.24544,-34.82565],[-60.18355,-34.77411],[-60.1954,-34.73072],[-60.11049,-34.65662],[-60.06788,-34.69022],[-60.01328,-34.64492],[-59.97191,-34.69317],[-59.88604,-34.62143],[-59.93367,-34.57794],[-59.91402,-34.55883],[-59.98038,-34.51294],[-60.0193,-34.54734],[-60.1556,-34.41053],[-60.21035,-34.45912],[-60.24404,-34.43283],[-60.3248,-34.49718],[-60.56136,-34.40739],[-60.76328,-34.63344],[-60.68449,-34.65729],[-60.58829,-34.81994],[-60.52711,-34.84673],[-60.46371,-34.86321],[-60.32734,-34.75949],[-60.24544,-34.82565]]]}},{"type":"Feature","properties":{"gid":"ARG.1.27_1","name2":"Chascomús","engtype2":"Part","type2":"Partido","provZh":"布宜诺斯艾利斯省"},"geometry":{"type":"Polygon","coordinates":[[[-58.15727,-35.40908],[-58.1988,-35.44269],[-58.15711,-35.47633],[-58.46091,-35.77015],[-58.34185,-35.86615],[-58.2809,-35.86305],[-58.26178,-35.82055],[-58.21288,-35.82758],[-58.09328,-35.9552],[-58.01931,-35.95232],[-58.01579,-36.0441],[-57.83517,-35.94447],[-57.73173,-35.92341],[-57.71017,-35.83743],[-57.59478,-35.83379],[-57.56862,-35.85812],[-57.34597,-35.72091],[-57.38709,-35.71273],[-57.37563,-35.68324],[-57.43538,-35.64205],[-57.46395,-35.59119],[-57.43676,-35.51629],[-57.49435,-35.47261],[-57.75041,-35.48103],[-57.87857,-35.39358],[-57.95702,-35.37862],[-57.99001,-35.33482],[-58.15727,-35.40908]]]}},{"type":"Feature","properties":{"gid":"ARG.1.28_1","name2":"Chivilcoy","engtype2":"Part","type2":"Partido","provZh":"布宜诺斯艾利斯省"},"geometry":{"type":"Polygon","coordinates":[[[-60.03236,-35.11172],[-59.98822,-35.13782],[-59.90643,-35.12254],[-59.82888,-35.18243],[-59.60793,-35.00084],[-59.80883,-34.83131],[-59.79067,-34.78985],[-60.01328,-34.64492],[-60.06788,-34.69022],[-60.11049,-34.65662],[-60.1954,-34.73072],[-60.18355,-34.77411],[-60.3109,-34.88005],[-60.1242,-35.03523],[-60.15591,-35.06533],[-60.03236,-35.11172]]]}},{"type":"Feature","properties":{"gid":"ARG.1.29_1","name2":"Colón","engtype2":"Part","type2":"Partido","provZh":"布宜诺斯艾利斯省"},"geometry":{"type":"Polygon","coordinates":[[[-61.11624,-34.06887],[-60.90824,-33.88971],[-60.94719,-33.85658],[-60.86581,-33.78263],[-60.90409,-33.75212],[-60.81129,-33.67452],[-60.90848,-33.58329],[-60.91635,-33.6366],[-61.33447,-34.02288],[-61.20778,-34.12903],[-61.11624,-34.06887]]]}},{"type":"Feature","properties":{"gid":"ARG.1.30_1","name2":"Coronel de Marina Leonardo Rosal","engtype2":"Part","type2":"Partido","provZh":"布宜诺斯艾利斯省"},"geometry":{"type":"Polygon","coordinates":[[[-62.06659,-38.72432],[-62.17764,-38.81531],[-62.1343,-38.81792],[-62.07292,-38.92541],[-61.81042,-38.98708],[-61.70986,-38.96458],[-61.61847,-39.00264],[-61.45755,-38.99569],[-61.45749,-38.94421],[-61.69742,-38.81715],[-61.74725,-38.62344],[-61.82117,-38.67717],[-61.848,-38.65604],[-61.92285,-38.72429],[-62.00891,-38.70209],[-62.06659,-38.72432]]]}},{"type":"Feature","properties":{"gid":"ARG.1.31_1","name2":"Coronel Dorrego","engtype2":"Part","type2":"Partido","provZh":"布宜诺斯艾利斯省"},"geometry":{"type":"Polygon","coordinates":[[[-61.45749,-38.94421],[-61.45747,-38.91858],[-61.33829,-38.91927],[-61.31675,-38.94758],[-61.08487,-38.94736],[-61.08458,-38.99042],[-60.51375,-38.93125],[-60.61518,-38.62498],[-60.59662,-38.55969],[-60.62186,-38.47073],[-60.74239,-38.37203],[-60.73999,-38.33324],[-60.83768,-38.40258],[-60.99495,-38.30753],[-61.19717,-38.29087],[-61.465,-38.48392],[-61.52607,-38.49561],[-61.72542,-38.66655],[-61.69742,-38.81715],[-61.45749,-38.94421]]]}},{"type":"Feature","properties":{"gid":"ARG.1.32_1","name2":"Coronel Pringles","engtype2":"Part","type2":"Partido","provZh":"布宜诺斯艾利斯省"},"geometry":{"type":"Polygon","coordinates":[[[-60.84921,-37.93221],[-61.1764,-37.68098],[-61.67789,-38.07681],[-61.66149,-38.09032],[-61.76962,-38.18887],[-61.70062,-38.27638],[-61.7935,-38.52565],[-61.72542,-38.66655],[-61.52607,-38.49561],[-61.465,-38.48392],[-61.19717,-38.29087],[-60.99495,-38.30753],[-60.83768,-38.40258],[-60.73999,-38.33324],[-60.73176,-38.13171],[-60.68344,-38.09533],[-60.84921,-37.93221]]]}},{"type":"Feature","properties":{"gid":"ARG.1.33_1","name2":"Coronel Suárez","engtype2":"Part","type2":"Partido","provZh":"布宜诺斯艾利斯省"},"geometry":{"type":"Polygon","coordinates":[[[-61.50883,-37.93631],[-61.60206,-37.85668],[-61.44409,-37.73397],[-61.53597,-37.65954],[-61.48368,-37.61725],[-61.59355,-37.52892],[-61.53637,-37.48339],[-61.7472,-37.30275],[-61.70215,-37.2148],[-61.73351,-37.08929],[-61.60586,-36.99174],[-61.70839,-36.90633],[-61.75953,-36.94675],[-61.78236,-36.93016],[-61.90731,-37.05716],[-61.96885,-37.01176],[-62.42332,-37.3515],[-62.04438,-37.74973],[-62.09969,-37.93126],[-62.01221,-38.00045],[-61.86382,-38.03125],[-61.766,-38.16864],[-61.50883,-37.93631]]]}},{"type":"Feature","properties":{"gid":"ARG.1.34_1","name2":"Daireaux","engtype2":"Part","type2":"Partido","provZh":"布宜诺斯艾利斯省"},"geometry":{"type":"Polygon","coordinates":[[[-61.7209,-36.48638],[-61.76439,-36.52057],[-61.90987,-36.38755],[-61.95922,-36.41035],[-62.14329,-36.24827],[-62.1699,-36.26941],[-62.20222,-36.24122],[-62.46675,-36.45779],[-62.41051,-36.50764],[-62.3841,-36.48885],[-62.22204,-36.62719],[-62.2475,-36.64718],[-62.20269,-36.68362],[-62.17724,-36.66362],[-61.98642,-36.80602],[-62.02385,-36.81945],[-62.00566,-36.85942],[-61.86213,-36.99417],[-61.70839,-36.90633],[-61.59713,-36.99902],[-61.2584,-36.7342],[-61.37737,-36.63903],[-61.50431,-36.73809],[-61.65958,-36.61356],[-61.60454,-36.57015],[-61.7209,-36.48638]]]}},{"type":"Feature","properties":{"gid":"ARG.1.35_1","name2":"Dolores","engtype2":"Part","type2":"Partido","provZh":"布宜诺斯艾利斯省"},"geometry":{"type":"Polygon","coordinates":[[[-57.97799,-36.26618],[-57.99401,-36.28025],[-57.78031,-36.44013],[-57.81824,-36.46689],[-57.78316,-36.49454],[-57.85291,-36.55551],[-57.65899,-36.72947],[-57.40653,-36.51268],[-57.44756,-36.48127],[-57.35089,-36.36774],[-57.48224,-36.33804],[-57.425,-36.16121],[-57.64987,-36.10899],[-57.67763,-36.2045],[-57.78849,-36.17954],[-57.81915,-36.27897],[-57.87654,-36.26849],[-57.88786,-36.30276],[-57.97799,-36.26618]]]}},{"type":"Feature","properties":{"gid":"ARG.1.36_1","name2":"Ensenada","engtype2":"Part","type2":"Partido","provZh":"布宜诺斯艾利斯省"},"geometry":{"type":"Polygon","coordinates":[[[-58.08536,-34.83879],[-57.93599,-34.90044],[-57.89343,-34.84986],[-57.92597,-34.83708],[-57.88347,-34.82819],[-57.94764,-34.83264],[-58.01485,-34.78042],[-58.08536,-34.83879]]]}},{"type":"Feature","properties":{"gid":"ARG.1.37_1","name2":"Escobar","engtype2":"Part","type2":"Partido","provZh":"布宜诺斯艾利斯省"},"geometry":{"type":"Polygon","coordinates":[[[-58.90295,-34.31949],[-58.816,-34.42326],[-58.77442,-34.41067],[-58.73673,-34.46165],[-58.70643,-34.44541],[-58.73511,-34.40868],[-58.66079,-34.26915],[-58.80084,-34.2314],[-58.77207,-34.29785],[-58.85769,-34.26964],[-58.90295,-34.31949]]]}},{"type":"Feature","properties":{"gid":"ARG.1.38_1","name2":"Esteban Echeverría","engtype2":"Part","type2":"Partido","provZh":"布宜诺斯艾利斯省"},"geometry":{"type":"Polygon","coordinates":[[[-58.43123,-34.82044],[-58.50349,-34.72478],[-58.56763,-34.7611],[-58.65116,-34.89315],[-58.6208,-34.96259],[-58.53495,-35.02318],[-58.55477,-34.97703],[-58.39741,-34.91209],[-58.43123,-34.82044]]]}},{"type":"Feature","properties":{"gid":"ARG.1.39_1","name2":"Exaltación de la Cruz","engtype2":"Part","type2":"Partido","provZh":"布宜诺斯艾利斯省"},"geometry":{"type":"Polygon","coordinates":[[[-59.10608,-34.20462],[-59.31241,-34.16505],[-59.38385,-34.2297],[-59.30582,-34.26648],[-59.31897,-34.291],[-59.09763,-34.46852],[-58.98379,-34.3521],[-58.92519,-34.41991],[-58.92281,-34.38703],[-59.10608,-34.20462]]]}},{"type":"Feature","properties":{"gid":"ARG.1.40_1","name2":"Florencio Varela","engtype2":"Part","type2":"Partido","provZh":"布宜诺斯艾利斯省"},"geometry":{"type":"Polygon","coordinates":[[[-58.34326,-34.89314],[-58.27873,-35.01075],[-58.21239,-34.95402],[-58.24765,-34.9264],[-58.18115,-34.86902],[-58.20036,-34.81802],[-58.27296,-34.77204],[-58.33367,-34.80916],[-58.2933,-34.85776],[-58.34326,-34.89314]]]}},{"type":"Feature","properties":{"gid":"ARG.1.41_1","name2":"General Alvarado","engtype2":"Part","type2":"Partido","provZh":"布宜诺斯艾利斯省"},"geometry":{"type":"Polygon","coordinates":[[[-58.32649,-38.07651],[-58.33742,-38.25885],[-58.24403,-38.44819],[-57.77825,-38.24597],[-57.82961,-38.0521],[-57.95989,-38.02726],[-58.04694,-37.95807],[-58.26237,-38.13436],[-58.32649,-38.07651]]]}},{"type":"Feature","properties":{"gid":"ARG.1.42_1","name2":"General Alvear","engtype2":"Part","type2":"Partido","provZh":"布宜诺斯艾利斯省"},"geometry":{"type":"Polygon","coordinates":[[[-60.69513,-36.13699],[-60.57038,-36.23542],[-60.5268,-36.21397],[-60.36146,-36.32458],[-60.29713,-36.26736],[-60.25006,-36.30045],[-60.0918,-36.16508],[-59.96961,-36.25425],[-59.79817,-36.04655],[-59.72152,-36.10767],[-59.52287,-35.98009],[-59.7065,-35.83769],[-59.84339,-35.85593],[-59.88468,-35.9116],[-60.06367,-35.77942],[-60.12238,-35.83192],[-60.22114,-35.75504],[-60.69513,-36.13699]]]}},{"type":"Feature","properties":{"gid":"ARG.1.43_1","name2":"General Arenales","engtype2":"Part","type2":"Partido","provZh":"布宜诺斯艾利斯省"},"geometry":{"type":"Polygon","coordinates":[[[-61.33447,-34.02288],[-61.65074,-34.31726],[-61.60566,-34.35488],[-61.55319,-34.31207],[-61.52027,-34.34078],[-61.47961,-34.30677],[-61.33286,-34.4511],[-61.27149,-34.40079],[-61.20256,-34.41995],[-61.2008,-34.36395],[-61.09585,-34.28611],[-61.07032,-34.30742],[-61.0119,-34.23284],[-60.96053,-34.27415],[-60.92054,-34.24073],[-61.11624,-34.06887],[-61.20778,-34.12903],[-61.33447,-34.02288]]]}},{"type":"Feature","properties":{"gid":"ARG.1.44_1","name2":"General Belgrano","engtype2":"Part","type2":"Partido","provZh":"布宜诺斯艾利斯省"},"geometry":{"type":"Polygon","coordinates":[[[-58.44369,-35.73298],[-58.47163,-35.69105],[-58.5168,-35.75658],[-58.52877,-35.72921],[-58.6317,-35.75324],[-58.72326,-35.72545],[-58.76581,-35.76149],[-58.90222,-35.59517],[-58.9319,-35.62735],[-59.0241,-35.59359],[-59.15446,-35.64001],[-58.97943,-35.81901],[-58.89593,-35.84271],[-58.57686,-36.12275],[-58.29103,-35.86107],[-58.34185,-35.86615],[-58.42132,-35.81593],[-58.46091,-35.77015],[-58.44369,-35.73298]]]}},{"type":"Feature","properties":{"gid":"ARG.1.45_1","name2":"General Guido","engtype2":"Part","type2":"Partido","provZh":"布宜诺斯艾利斯省"},"geometry":{"type":"Polygon","coordinates":[[[-57.9435,-37.0122],[-58.0088,-36.96324],[-57.94695,-36.90398],[-57.97393,-36.88465],[-57.92244,-36.83944],[-57.89651,-36.85776],[-57.75446,-36.73783],[-57.7159,-36.76711],[-57.66616,-36.72407],[-57.85291,-36.55551],[-57.78316,-36.49454],[-57.81824,-36.46689],[-57.78031,-36.44013],[-57.99401,-36.28025],[-58.19494,-36.45627],[-58.10361,-36.5262],[-58.23195,-36.63173],[-58.1216,-36.73542],[-58.28891,-36.88397],[-58.01876,-37.08025],[-57.9435,-37.0122]]]}},{"type":"Feature","properties":{"gid":"ARG.1.46_1","name2":"General Juan Madariaga","engtype2":"Part","type2":"Partido","provZh":"布宜诺斯艾利斯省"},"geometry":{"type":"Polygon","coordinates":[[[-57.67779,-37.2073],[-57.22167,-37.5329],[-56.99302,-37.24751],[-57.04377,-37.23665],[-56.99075,-37.24162],[-56.83607,-37.02368],[-56.95628,-36.99781],[-56.94687,-36.96374],[-56.98971,-36.95444],[-56.98613,-36.91033],[-57.01834,-36.91519],[-56.99818,-36.8954],[-57.02445,-36.85735],[-57.23896,-36.78973],[-57.23064,-36.90899],[-57.32672,-36.9098],[-57.31114,-37.00814],[-57.49908,-37.01852],[-57.49067,-37.10637],[-57.56912,-37.10762],[-57.67779,-37.2073]]]}},{"type":"Feature","properties":{"gid":"ARG.1.47_1","name2":"General La Madrid","engtype2":"Part","type2":"Partido","provZh":"布宜诺斯艾利斯省"},"geometry":{"type":"Polygon","coordinates":[[[-61.1764,-37.68098],[-60.87599,-37.4529],[-60.96969,-37.36776],[-60.88842,-37.30372],[-61.43334,-36.87133],[-61.73351,-37.08929],[-61.70215,-37.2148],[-61.7472,-37.30275],[-61.53637,-37.48339],[-61.59355,-37.52892],[-61.48368,-37.61725],[-61.53597,-37.65954],[-61.44409,-37.73397],[-61.60206,-37.85668],[-61.50883,-37.93631],[-61.1764,-37.68098]]]}},{"type":"Feature","properties":{"gid":"ARG.1.48_1","name2":"General Las Heras","engtype2":"Part","type2":"Partido","provZh":"布宜诺斯艾利斯省"},"geometry":{"type":"Polygon","coordinates":[[[-58.79222,-34.96052],[-58.93047,-34.81789],[-58.95225,-34.83434],[-59.09066,-34.72014],[-59.22271,-34.85748],[-58.99963,-35.02457],[-59.01906,-35.0415],[-58.93913,-35.10364],[-58.79222,-34.96052]]]}},{"type":"Feature","properties":{"gid":"ARG.1.49_1","name2":"General Lavalle","engtype2":"Part","type2":"Partido","provZh":"布宜诺斯艾利斯省"},"geometry":{"type":"Polygon","coordinates":[[[-56.83607,-37.02368],[-56.70871,-36.84433],[-56.71065,-36.6371],[-56.74466,-36.53217],[-56.72096,-36.53385],[-56.72819,-36.41726],[-56.77847,-36.31958],[-56.90569,-36.34431],[-57.02547,-36.31847],[-57.07751,-36.38927],[-57.05124,-36.42849],[-57.10636,-36.4448],[-57.33649,-36.67019],[-57.11434,-36.83639],[-57.01404,-36.86407],[-57.01834,-36.91519],[-56.98199,-36.91366],[-56.95628,-36.99781],[-56.83607,-37.02368]]]}},{"type":"Feature","properties":{"gid":"ARG.1.50_1","name2":"General Paz","engtype2":"Part","type2":"Partido","provZh":"布宜诺斯艾利斯省"},"geometry":{"type":"Polygon","coordinates":[[[-58.44244,-35.21963],[-58.57327,-35.33205],[-58.52701,-35.36895],[-58.58768,-35.42397],[-58.47586,-35.51392],[-58.573,-35.59538],[-58.44369,-35.73298],[-58.15711,-35.47633],[-58.1988,-35.44269],[-58.15727,-35.40908],[-58.18801,-35.38522],[-58.21835,-35.41129],[-58.44244,-35.21963]]]}},{"type":"Feature","properties":{"gid":"ARG.1.51_1","name2":"General Pinto","engtype2":"Part","type2":"Partido","provZh":"布宜诺斯艾利斯省"},"geometry":{"type":"Polygon","coordinates":[[[-62.08816,-34.97584],[-61.98174,-34.88831],[-61.90309,-34.95393],[-61.67336,-34.76304],[-61.77336,-34.67746],[-61.71001,-34.62713],[-61.76901,-34.57778],[-61.84463,-34.63957],[-61.98324,-34.5176],[-61.80831,-34.38015],[-62.26771,-34.38326],[-62.34695,-34.65372],[-62.20115,-34.67908],[-62.3031,-34.78928],[-62.08816,-34.97584]]]}},{"type":"Feature","properties":{"gid":"ARG.1.52_1","name2":"General Pueyrredón","engtype2":"Part","type2":"Partido","provZh":"布宜诺斯艾利斯省"},"geometry":{"type":"Polygon","coordinates":[[[-58.04694,-37.95807],[-57.95989,-38.02726],[-57.82961,-38.0521],[-57.77431,-38.24569],[-57.54097,-38.09486],[-57.52125,-37.89587],[-57.70074,-37.76405],[-57.67024,-37.75078],[-57.73732,-37.70255],[-58.04694,-37.95807]]]}},{"type":"Feature","properties":{"gid":"ARG.1.53_1","name2":"General Rodríguez","engtype2":"Part","type2":"Partido","provZh":"布宜诺斯艾利斯省"},"geometry":{"type":"Polygon","coordinates":[[[-59.04,-34.76806],[-58.86097,-34.68884],[-58.8848,-34.6717],[-58.86471,-34.6216],[-58.93031,-34.52102],[-59.14571,-34.66405],[-59.04,-34.76806]]]}},{"type":"Feature","properties":{"gid":"ARG.1.54_1","name2":"General San Martín","engtype2":"Part","type2":"Partido","provZh":"布宜诺斯艾利斯省"},"geometry":{"type":"Polygon","coordinates":[[[-58.61932,-34.5519],[-58.56214,-34.59627],[-58.52299,-34.60187],[-58.5103,-34.5745],[-58.60072,-34.49466],[-58.61932,-34.5519]]]}},{"type":"Feature","properties":{"gid":"ARG.1.55_1","name2":"General Sarmiento","engtype2":"Part","type2":"Partido","provZh":"布宜诺斯艾利斯省"},"geometry":{"type":"Polygon","coordinates":[[[-58.73673,-34.46165],[-58.77052,-34.48244],[-58.81958,-34.42237],[-58.82348,-34.51339],[-58.71452,-34.61038],[-58.61192,-34.54654],[-58.70643,-34.44541],[-58.73673,-34.46165]]]}},{"type":"Feature","properties":{"gid":"ARG.1.56_1","name2":"General Viamonte","engtype2":"Part","type2":"Partido","provZh":"布宜诺斯艾利斯省"},"geometry":{"type":"Polygon","coordinates":[[[-60.8168,-34.78818],[-60.84596,-34.76459],[-60.90119,-34.81056],[-61.04957,-34.69153],[-61.18368,-34.80395],[-61.13208,-34.84851],[-61.4236,-35.08336],[-61.15799,-35.26602],[-61.06222,-35.18741],[-60.98625,-35.24577],[-60.75518,-35.04063],[-60.8482,-34.96902],[-60.72727,-34.86053],[-60.8168,-34.78818]]]}},{"type":"Feature","properties":{"gid":"ARG.1.57_1","name2":"General Villegas","engtype2":"Part","type2":"Partido","provZh":"布宜诺斯艾利斯省"},"geometry":{"type":"Polygon","coordinates":[[[-62.34695,-34.65372],[-62.26615,-34.38241],[-63.39386,-34.385],[-63.38983,-35.37925],[-63.3265,-35.32896],[-63.34349,-35.30466],[-63.2086,-35.23087],[-63.23041,-35.21152],[-63.13508,-35.13114],[-63.09015,-35.16915],[-63.11429,-35.19117],[-62.96218,-35.31702],[-62.70399,-35.10415],[-62.66964,-35.13296],[-62.64387,-35.11225],[-62.67781,-35.08346],[-62.60635,-35.0241],[-62.63769,-34.99718],[-62.60497,-34.99473],[-62.62101,-34.63365],[-62.59085,-34.65283],[-62.58004,-34.61448],[-62.34695,-34.65372]]]}},{"type":"Feature","properties":{"gid":"ARG.1.58_1","name2":"Guaminí","engtype2":"Part","type2":"Partido","provZh":"布宜诺斯艾利斯省"},"geometry":{"type":"Polygon","coordinates":[[[-62.42332,-37.3515],[-61.96885,-37.01176],[-61.90731,-37.05716],[-61.85803,-36.99752],[-62.00566,-36.85942],[-62.02385,-36.81945],[-61.98642,-36.80602],[-62.17724,-36.66362],[-62.20269,-36.68362],[-62.2475,-36.64718],[-62.22204,-36.62719],[-62.3841,-36.48885],[-62.41051,-36.50764],[-62.46675,-36.45779],[-62.97329,-36.86503],[-62.64234,-37.12555],[-62.59229,-37.10594],[-62.51388,-37.1988],[-62.5373,-37.25864],[-62.42332,-37.3515]]]}},{"type":"Feature","properties":{"gid":"ARG.1.59_1","name2":"Hipólito Yrigoyen","engtype2":"Part","type2":"Partido","provZh":"布宜诺斯艾利斯省"},"geometry":{"type":"Polygon","coordinates":[[[-61.27158,-36.0713],[-61.33855,-36.01814],[-61.39653,-36.06773],[-61.4957,-36.02575],[-61.59964,-36.1087],[-61.81506,-36.16774],[-61.94746,-36.2702],[-61.92531,-36.28842],[-61.95024,-36.32535],[-62.01857,-36.30506],[-62.05355,-36.33264],[-61.95922,-36.41035],[-61.90987,-36.38755],[-61.76439,-36.52057],[-61.40717,-36.23848],[-61.43966,-36.21338],[-61.27158,-36.0713]]]}},{"type":"Feature","properties":{"gid":"ARG.1.60_1","name2":"Junín","engtype2":"Part","type2":"Partido","provZh":"布宜诺斯艾利斯省"},"geometry":{"type":"Polygon","coordinates":[[[-60.71745,-34.64558],[-60.76328,-34.63344],[-60.6484,-34.53173],[-60.90212,-34.32407],[-60.96654,-34.34344],[-61.04383,-34.28113],[-61.2008,-34.36395],[-61.20256,-34.41995],[-61.27149,-34.40079],[-61.35977,-34.47312],[-61.27895,-34.54317],[-61.33891,-34.59271],[-61.15208,-34.77752],[-61.04957,-34.69153],[-60.90119,-34.81056],[-60.84596,-34.76459],[-60.8168,-34.78818],[-60.76691,-34.74328],[-60.79568,-34.71824],[-60.71745,-34.64558]]]}},{"type":"Feature","properties":{"gid":"ARG.1.61_1","name2":"La Costa","engtype2":"Part","type2":"Partido","provZh":"布宜诺斯艾利斯省"},"geometry":{"type":"Polygon","coordinates":[[[-56.83607,-37.02368],[-56.79319,-37.03736],[-56.66736,-36.87819],[-56.70042,-36.40569],[-56.77375,-36.2957],[-56.72278,-36.45974],[-56.72096,-36.53385],[-56.74466,-36.53217],[-56.71065,-36.6371],[-56.70871,-36.84433],[-56.83607,-37.02368]]]}},{"type":"Feature","properties":{"gid":"ARG.1.62_1","name2":"La Matanza","engtype2":"Part","type2":"Partido","provZh":"布宜诺斯艾利斯省"},"geometry":{"type":"Polygon","coordinates":[[[-58.65116,-34.89315],[-58.56888,-34.76214],[-58.46166,-34.70905],[-58.55676,-34.63882],[-58.67411,-34.76955],[-58.75077,-34.78049],[-58.70805,-34.81425],[-58.77452,-34.83094],[-58.69395,-34.91409],[-58.65116,-34.89315]]]}},{"type":"Feature","properties":{"gid":"ARG.1.63_1","name2":"La Plata","engtype2":"Part","type2":"Partido","provZh":"布宜诺斯艾利斯省"},"geometry":{"type":"Polygon","coordinates":[[[-58.21239,-34.95402],[-58.29251,-35.01913],[-58.25179,-35.05145],[-58.16198,-34.97294],[-58.11846,-35.00193],[-58.17371,-35.05172],[-58.01652,-35.16527],[-58.07207,-35.21521],[-58.05287,-35.22877],[-57.75669,-34.97449],[-58.08536,-34.83879],[-58.21239,-34.95402]]]}},{"type":"Feature","properties":{"gid":"ARG.1.64_1","name2":"Lanús","engtype2":"Part","type2":"Partido","provZh":"布宜诺斯艾利斯省"},"geometry":{"type":"Polygon","coordinates":[[[-58.4038,-34.66465],[-58.44724,-34.69322],[-58.41433,-34.73648],[-58.34869,-34.74382],[-58.4038,-34.66465]]]}},{"type":"Feature","properties":{"gid":"ARG.1.65_1","name2":"Laprida","engtype2":"Part","type2":"Partido","provZh":"布宜诺斯艾利斯省"},"geometry":{"type":"Polygon","coordinates":[[[-60.45724,-37.60219],[-60.33986,-37.49669],[-60.49993,-37.37636],[-60.46603,-37.34801],[-60.81427,-37.05886],[-61.01308,-37.20544],[-60.88842,-37.30372],[-60.96969,-37.36776],[-60.87599,-37.4529],[-61.1764,-37.68098],[-60.85616,-37.93769],[-60.56219,-37.72381],[-60.59007,-37.70191],[-60.45724,-37.60219]]]}},{"type":"Feature","properties":{"gid":"ARG.1.66_1","name2":"Las Flores","engtype2":"Part","type2":"Partido","provZh":"布宜诺斯艾利斯省"},"geometry":{"type":"Polygon","coordinates":[[[-59.29304,-36.38154],[-59.10452,-36.27625],[-59.0736,-36.22861],[-58.839,-36.14695],[-58.71216,-36.01982],[-58.75538,-35.98684],[-58.73521,-35.97068],[-58.89593,-35.84271],[-58.97943,-35.81901],[-59.14837,-35.66325],[-59.13051,-35.69694],[-59.25282,-35.79607],[-59.466,-35.8112],[-59.59407,-35.86092],[-59.7065,-35.83769],[-59.52287,-35.98009],[-59.55766,-36.00991],[-59.38677,-36.13763],[-59.49092,-36.23094],[-59.29304,-36.38154]]]}},{"type":"Feature","properties":{"gid":"ARG.1.67_1","name2":"Leandro N. Alem","engtype2":"Part","type2":"Partido","provZh":"布宜诺斯艾利斯省"},"geometry":{"type":"Polygon","coordinates":[[[-61.65074,-34.31726],[-61.71769,-34.37882],[-61.80831,-34.38015],[-61.98324,-34.5176],[-61.84463,-34.63957],[-61.76901,-34.57778],[-61.64402,-34.68226],[-61.52423,-34.60623],[-61.43968,-34.67573],[-61.27895,-34.54317],[-61.47961,-34.30677],[-61.52027,-34.34078],[-61.55319,-34.31207],[-61.60566,-34.35488],[-61.65074,-34.31726]]]}},{"type":"Feature","properties":{"gid":"ARG.1.68_1","name2":"Lincoln","engtype2":"Part","type2":"Partido","provZh":"布宜诺斯艾利斯省"},"geometry":{"type":"Polygon","coordinates":[[[-62.27458,-35.15034],[-61.78503,-35.58567],[-61.29923,-35.18731],[-61.4236,-35.08336],[-61.13208,-34.84851],[-61.18368,-34.80395],[-61.15208,-34.77752],[-61.33891,-34.59271],[-61.43968,-34.67573],[-61.52423,-34.60623],[-61.64402,-34.68226],[-61.71001,-34.62713],[-61.77336,-34.67746],[-61.67336,-34.76304],[-61.90309,-34.95393],[-61.98174,-34.88831],[-62.27458,-35.15034]]]}},{"type":"Feature","properties":{"gid":"ARG.1.69_1","name2":"Lobería","engtype2":"Part","type2":"Partido","provZh":"布宜诺斯艾利斯省"},"geometry":{"type":"Polygon","coordinates":[[[-58.80838,-37.57918],[-59.11079,-37.82966],[-59.16262,-37.88443],[-59.16645,-37.94456],[-58.81442,-38.32804],[-58.73771,-38.52555],[-58.70565,-38.50213],[-58.62208,-38.56375],[-58.24403,-38.44847],[-58.33742,-38.25885],[-58.32649,-38.07651],[-58.59107,-37.88089],[-58.50707,-37.81038],[-58.80838,-37.57918]]]}},{"type":"Feature","properties":{"gid":"ARG.1.70_1","name2":"Lobos","engtype2":"Part","type2":"Partido","provZh":"布宜诺斯艾利斯省"},"geometry":{"type":"Polygon","coordinates":[[[-58.93913,-35.10364],[-59.07698,-34.9642],[-59.22537,-35.08898],[-59.2482,-35.07068],[-59.25691,-35.10148],[-59.5573,-35.2665],[-59.44579,-35.31169],[-59.39767,-35.295],[-59.32496,-35.38011],[-59.13389,-35.43747],[-59.02962,-35.35381],[-58.92715,-35.34298],[-58.81197,-35.24244],[-58.93913,-35.10364]]]}},{"type":"Feature","properties":{"gid":"ARG.1.71_1","name2":"Lomas de Zamora","engtype2":"Part","type2":"Partido","provZh":"布宜诺斯艾利斯省"},"geometry":{"type":"Polygon","coordinates":[[[-58.33726,-34.75859],[-58.41433,-34.73648],[-58.44724,-34.69322],[-58.50196,-34.72639],[-58.43123,-34.82044],[-58.33726,-34.75859]]]}},{"type":"Feature","properties":{"gid":"ARG.1.72_1","name2":"Luján","engtype2":"Part","type2":"Partido","provZh":"布宜诺斯艾利斯省"},"geometry":{"type":"Polygon","coordinates":[[[-59.20387,-34.38187],[-59.24802,-34.42496],[-59.22637,-34.45395],[-59.34488,-34.5146],[-59.17019,-34.81006],[-59.09475,-34.7214],[-59.14571,-34.66405],[-58.96105,-34.55079],[-59.05783,-34.43784],[-59.09763,-34.46852],[-59.20387,-34.38187]]]}},{"type":"Feature","properties":{"gid":"ARG.1.73_1","name2":"Magdalena","engtype2":"Part","type2":"Partido","provZh":"布宜诺斯艾利斯省"},"geometry":{"type":"Polygon","coordinates":[[[-57.75669,-34.97449],[-57.97437,-35.16056],[-57.89092,-35.22437],[-58.04276,-35.35088],[-57.99001,-35.33482],[-57.95702,-35.37862],[-57.87857,-35.39358],[-57.75041,-35.48103],[-57.49435,-35.47261],[-57.43676,-35.51629],[-57.46395,-35.59119],[-57.43538,-35.64205],[-57.37563,-35.68324],[-57.38709,-35.71273],[-57.34597,-35.72091],[-57.14208,-35.47847],[-57.14653,-35.38681],[-57.22264,-35.2718],[-57.50736,-35.02458],[-57.68319,-34.93319],[-57.75669,-34.97449]]]}},{"type":"Feature","properties":{"gid":"ARG.1.74_1","name2":"Maipú","engtype2":"Part","type2":"Partido","provZh":"布宜诺斯艾利斯省"},"geometry":{"type":"Polygon","coordinates":[[[-57.77246,-37.13913],[-57.67779,-37.2073],[-57.56912,-37.10762],[-57.49067,-37.10637],[-57.49908,-37.01852],[-57.31114,-37.00814],[-57.32672,-36.9098],[-57.23064,-36.90899],[-57.23896,-36.78973],[-57.17759,-36.78833],[-57.47092,-36.57183],[-57.50319,-36.58925],[-57.7159,-36.76711],[-57.75446,-36.73783],[-57.89651,-36.85776],[-57.92244,-36.83944],[-57.97393,-36.88465],[-57.94695,-36.90398],[-58.0088,-36.96324],[-57.77246,-37.13913]]]}},{"type":"Feature","properties":{"gid":"ARG.1.75_1","name2":"Mar Chiquita","engtype2":"Part","type2":"Partido","provZh":"布宜诺斯艾利斯省"},"geometry":{"type":"Polygon","coordinates":[[[-58.06617,-37.40879],[-58.10019,-37.43992],[-57.67024,-37.75078],[-57.70074,-37.76405],[-57.52161,-37.89642],[-57.41486,-37.74208],[-57.43208,-37.69931],[-57.40042,-37.60958],[-57.32292,-37.56181],[-57.38514,-37.61819],[-57.35014,-37.65319],[-57.42736,-37.69653],[-57.42181,-37.74208],[-57.19208,-37.55431],[-57.77246,-37.13913],[-58.06617,-37.40879]]]}},{"type":"Feature","properties":{"gid":"ARG.1.76_1","name2":"Marcos Paz","engtype2":"Part","type2":"Partido","provZh":"布宜诺斯艾利斯省"},"geometry":{"type":"Polygon","coordinates":[[[-58.69395,-34.91409],[-58.77452,-34.83094],[-58.70779,-34.81397],[-58.86132,-34.68959],[-59.04,-34.76806],[-58.95225,-34.83434],[-58.93047,-34.81789],[-58.79222,-34.96052],[-58.69395,-34.91409]]]}},{"type":"Feature","properties":{"gid":"ARG.1.77_1","name2":"Mercedes","engtype2":"Part","type2":"Partido","provZh":"布宜诺斯艾利斯省"},"geometry":{"type":"Polygon","coordinates":[[[-59.34488,-34.5146],[-59.5241,-34.60033],[-59.57059,-34.5627],[-59.63361,-34.61631],[-59.67533,-34.58476],[-59.72127,-34.62478],[-59.53188,-34.76866],[-59.50136,-34.81095],[-59.52578,-34.83481],[-59.46978,-34.87477],[-59.41491,-34.84568],[-59.38244,-34.89183],[-59.29349,-34.82565],[-59.17572,-34.80286],[-59.34488,-34.5146]]]}},{"type":"Feature","properties":{"gid":"ARG.1.78_1","name2":"Merlo","engtype2":"Part","type2":"Partido","provZh":"布宜诺斯艾利斯省"},"geometry":{"type":"Polygon","coordinates":[[[-58.86132,-34.68959],[-58.75077,-34.78049],[-58.67411,-34.76955],[-58.63663,-34.71885],[-58.72969,-34.63935],[-58.86132,-34.68959]]]}},{"type":"Feature","properties":{"gid":"ARG.1.79_1","name2":"Monte","engtype2":"Part","type2":"Partido","provZh":"布宜诺斯艾利斯省"},"geometry":{"type":"Polygon","coordinates":[[[-58.81612,-35.2461],[-58.92715,-35.34298],[-59.02962,-35.35381],[-59.13389,-35.43747],[-59.02745,-35.47388],[-59.0186,-35.51361],[-59.05538,-35.54191],[-59.02388,-35.59416],[-58.9319,-35.62735],[-58.88545,-35.59832],[-58.8845,-35.6388],[-58.79242,-35.70502],[-58.76581,-35.76149],[-58.72326,-35.72545],[-58.6317,-35.75324],[-58.53724,-35.72795],[-58.51373,-35.75573],[-58.4879,-35.71258],[-58.50345,-35.64263],[-58.573,-35.59538],[-58.47586,-35.51392],[-58.71446,-35.33528],[-58.68587,-35.30775],[-58.81612,-35.2461]]]}},{"type":"Feature","properties":{"gid":"ARG.1.80_1","name2":"Monte Hermoso","engtype2":"Part","type2":"Partido","provZh":"布宜诺斯艾利斯省"},"geometry":{"type":"Polygon","coordinates":[[[-61.45755,-38.99569],[-61.11847,-38.99847],[-61.08517,-38.99042],[-61.08487,-38.94736],[-61.45747,-38.91858],[-61.45755,-38.99569]]]}},{"type":"Feature","properties":{"gid":"ARG.1.81_1","name2":"Moreno","engtype2":"Part","type2":"Partido","provZh":"布宜诺斯艾利斯省"},"geometry":{"type":"Polygon","coordinates":[[[-58.86097,-34.68884],[-58.75695,-34.66393],[-58.71431,-34.61052],[-58.82348,-34.51339],[-58.89077,-34.58446],[-58.86097,-34.68884]]]}},{"type":"Feature","properties":{"gid":"ARG.1.82_1","name2":"Morón","engtype2":"Part","type2":"Partido","provZh":"布宜诺斯艾利斯省"},"geometry":{"type":"Polygon","coordinates":[[[-58.71431,-34.61052],[-58.72969,-34.63935],[-58.64152,-34.70842],[-58.55676,-34.63882],[-58.6467,-34.56795],[-58.71431,-34.61052]]]}},{"type":"Feature","properties":{"gid":"ARG.1.83_1","name2":"Navarro","engtype2":"Part","type2":"Partido","provZh":"布宜诺斯艾利斯省"},"geometry":{"type":"Polygon","coordinates":[[[-59.82888,-35.18243],[-59.67196,-35.2312],[-59.58742,-35.18669],[-59.55045,-35.2121],[-59.55782,-35.25217],[-59.25691,-35.10148],[-59.2482,-35.07068],[-59.22537,-35.08898],[-59.07698,-34.9642],[-59.22271,-34.85748],[-59.17572,-34.80286],[-59.29349,-34.82565],[-59.38244,-34.89183],[-59.41491,-34.84568],[-59.63331,-34.96115],[-59.60793,-35.00084],[-59.82888,-35.18243]]]}},{"type":"Feature","properties":{"gid":"ARG.1.84_1","name2":"Necochea","engtype2":"Part","type2":"Partido","provZh":"布宜诺斯艾利斯省"},"geometry":{"type":"Polygon","coordinates":[[[-59.64114,-38.02813],[-59.24173,-38.15786],[-59.30746,-38.21057],[-59.35513,-38.30747],[-59.31442,-38.38951],[-59.40639,-38.46297],[-59.33393,-38.50377],[-59.33772,-38.54784],[-59.44235,-38.59122],[-59.40563,-38.5997],[-59.32601,-38.73625],[-59.01208,-38.67931],[-58.62862,-38.56375],[-58.70565,-38.50213],[-58.73771,-38.52555],[-58.81442,-38.32804],[-59.16645,-37.94456],[-59.11081,-37.80659],[-59.16529,-37.74218],[-59.15269,-37.66295],[-59.18465,-37.61964],[-59.67179,-38.00243],[-59.64114,-38.02813]]]}},{"type":"Feature","properties":{"gid":"ARG.1.85_1","name2":"Nueve de Julio","engtype2":"Part","type2":"Partido","provZh":"布宜诺斯艾利斯省"},"geometry":{"type":"Polygon","coordinates":[[[-60.8683,-35.84097],[-60.44169,-35.47664],[-60.86945,-35.14796],[-60.98625,-35.24577],[-61.06222,-35.18741],[-61.15799,-35.26602],[-61.27731,-35.16919],[-61.53108,-35.37819],[-61.03823,-35.76282],[-61.10808,-35.82279],[-60.97019,-35.9299],[-60.8683,-35.84097]]]}},{"type":"Feature","properties":{"gid":"ARG.1.86_1","name2":"Olavarría","engtype2":"Part","type2":"Partido","provZh":"布宜诺斯艾利斯省"},"geometry":{"type":"Polygon","coordinates":[[[-60.16436,-36.71492],[-60.28067,-36.62119],[-60.32288,-36.65168],[-60.47639,-36.52887],[-60.43915,-36.49797],[-60.65291,-36.34073],[-60.72677,-36.39356],[-60.75715,-36.36945],[-60.87037,-36.46],[-60.89075,-36.44353],[-61.43334,-36.87133],[-61.01308,-37.20544],[-60.81427,-37.05886],[-60.42544,-37.3699],[-60.15527,-37.14001],[-60.09859,-37.01246],[-60.11124,-36.9784],[-60.02352,-36.9122],[-60.00386,-36.83207],[-60.16436,-36.71492]]]}},{"type":"Feature","properties":{"gid":"ARG.1.87_1","name2":"Patagones","engtype2":"Part","type2":"Partido","provZh":"布宜诺斯艾利斯省"},"geometry":{"type":"MultiPolygon","coordinates":[[[[-62.12181,-40.37653],[-62.12708,-40.40875],[-62.08264,-40.38764],[-62.12181,-40.37653]]],[[[-62.05931,-40.22681],[-62.08875,-40.25208],[-62.04681,-40.27236],[-62.03347,-40.23847],[-62.05931,-40.22681]]],[[[-62.10875,-40.12597],[-62.13153,-40.17014],[-62.11291,-40.22597],[-62.10875,-40.12597]]],[[[-62.16403,-39.94208],[-62.1318,-39.96069],[-62.10541,-39.91347],[-62.12208,-39.89847],[-62.1318,-39.92847],[-62.12486,-39.89653],[-62.16764,-39.87625],[-62.16403,-39.94208]]],[[[-62.30014,-40.18458],[-62.35792,-40.21542],[-62.32625,-40.23931],[-62.35403,-40.25375],[-62.35931,-40.22236],[-62.38958,-40.25375],[-62.3732,-40.27764],[-62.32375,-40.25014],[-62.36153,-40.33736],[-62.32875,-40.34264],[-62.35486,-40.36792],[-62.3307,-40.38847],[-62.26153,-40.30292],[-62.31042,-40.27903],[-62.26875,-40.21292],[-62.30014,-40.18458]]],[[[-62.12986,-40.42903],[-62.20236,-40.4468],[-62.23736,-40.51042],[-62.17541,-40.54403],[-62.15097,-40.46708],[-62.16431,-40.54486],[-62.1343,-40.51958],[-62.12986,-40.42903]]],[[[-62.31597,-40.52458],[-62.25597,-40.55458],[-62.24792,-40.64403],[-62.17764,-40.62097],[-62.17875,-40.5793],[-62.31597,-40.52458]]],[[[-62.16208,-40.36542],[-62.19792,-40.43736],[-62.13042,-40.41153],[-62.16208,-40.36542]]],[[[-62.17153,-39.83125],[-62.38699,-39.77947],[-62.41009,-39.72378],[-62.47093,-39.69242],[-62.49567,-39.60022],[-62.62569,-39.52348],[-63.01578,-39.49995],[-63.06497,-39.45574],[-63.10119,-39.46618],[-63.13676,-39.38916],[-63.17191,-39.40578],[-63.29494,-39.3365],[-63.38879,-39.32536],[-63.38754,-40.70657],[-63.19358,-40.71577],[-62.95686,-40.8174],[-62.75819,-41.03347],[-62.31125,-40.87097],[-62.19486,-40.63264],[-62.28403,-40.65569],[-62.34042,-40.63514],[-62.35986,-40.60319],[-62.33292,-40.59042],[-62.29597,-40.6418],[-62.24958,-40.64514],[-62.25986,-40.55653],[-62.40625,-40.46625],[-62.48625,-40.30708],[-62.43708,-40.2443],[-62.3618,-40.21931],[-62.31653,-40.14847],[-62.34097,-40.06208],[-62.31014,-39.87458],[-62.25347,-39.88097],[-62.28375,-39.84458],[-62.23708,-39.88486],[-62.16403,-39.86986],[-62.19014,-39.85236],[-62.12458,-39.88792],[-62.1193,-39.84986],[-62.17153,-39.83125]]],[[[-62.18431,-39.90292],[-62.20681,-39.92264],[-62.16847,-39.94736],[-62.18431,-39.90292]]]]}},{"type":"Feature","properties":{"gid":"ARG.1.88_1","name2":"Pehuajó","engtype2":"Part","type2":"Partido","provZh":"布宜诺斯艾利斯省"},"geometry":{"type":"Polygon","coordinates":[[[-61.72502,-35.53679],[-61.78503,-35.58567],[-61.90371,-35.48718],[-61.99035,-35.55757],[-62.05243,-35.50685],[-62.12669,-35.56569],[-62.09543,-35.59236],[-62.43403,-35.86127],[-62.07715,-36.15477],[-62.19592,-36.24669],[-62.1699,-36.26941],[-62.14329,-36.24827],[-62.04568,-36.32644],[-62.01857,-36.30506],[-61.9776,-36.33711],[-61.92531,-36.28842],[-61.94746,-36.2702],[-61.77179,-36.14135],[-61.7435,-36.16479],[-61.59964,-36.1087],[-61.4957,-36.02575],[-61.45927,-36.05515],[-61.43623,-36.03714],[-61.6385,-35.84523],[-61.50848,-35.74089],[-61.59735,-35.66692],[-61.57367,-35.64802],[-61.72502,-35.53679]]]}},{"type":"Feature","properties":{"gid":"ARG.1.89_1","name2":"Pellegrini","engtype2":"Part","type2":"Partido","provZh":"布宜诺斯艾利斯省"},"geometry":{"type":"Polygon","coordinates":[[[-63.28128,-36.61231],[-63.04779,-36.41654],[-63.06703,-36.40311],[-63.04233,-36.36011],[-62.93978,-36.24596],[-63.38849,-35.8839],[-63.38995,-36.51341],[-63.28128,-36.61231]]]}},{"type":"Feature","properties":{"gid":"ARG.1.90_1","name2":"Pergamino","engtype2":"Part","type2":"Partido","provZh":"布宜诺斯艾利斯省"},"geometry":{"type":"Polygon","coordinates":[[[-60.15572,-33.74962],[-60.14291,-33.69309],[-60.17495,-33.66728],[-60.31274,-33.65336],[-60.32693,-33.6746],[-60.45896,-33.59398],[-60.46179,-33.62916],[-60.54166,-33.64491],[-60.84682,-33.54174],[-60.90848,-33.58329],[-60.81129,-33.67452],[-60.90409,-33.75212],[-60.86581,-33.78263],[-60.94719,-33.85658],[-60.65437,-34.09421],[-60.49537,-34.17524],[-60.31542,-34.00209],[-60.2388,-34.01427],[-60.23555,-33.86695],[-60.15572,-33.74962]]]}},{"type":"Feature","properties":{"gid":"ARG.1.91_1","name2":"Pila","engtype2":"Part","type2":"Partido","provZh":"布宜诺斯艾利斯省"},"geometry":{"type":"Polygon","coordinates":[[[-58.21714,-36.61825],[-58.10361,-36.5262],[-58.19494,-36.45627],[-57.96489,-36.25464],[-58.09729,-36.15457],[-57.97598,-36.06839],[-58.03054,-36.03128],[-58.01931,-35.95232],[-58.09328,-35.9552],[-58.15461,-35.86941],[-58.26178,-35.82055],[-58.57686,-36.12275],[-58.71216,-36.01982],[-58.84098,-36.14801],[-58.76841,-36.21006],[-58.78971,-36.2299],[-58.21714,-36.61825]]]}},{"type":"Feature","properties":{"gid":"ARG.1.92_1","name2":"Pilar","engtype2":"Part","type2":"Partido","provZh":"布宜诺斯艾利斯省"},"geometry":{"type":"Polygon","coordinates":[[[-58.92281,-34.38703],[-58.92519,-34.41991],[-58.98379,-34.3521],[-59.0583,-34.43721],[-58.8871,-34.58267],[-58.81179,-34.49176],[-58.82077,-34.42326],[-58.77052,-34.48244],[-58.73673,-34.46165],[-58.77442,-34.41067],[-58.816,-34.42326],[-58.90295,-34.31949],[-58.92281,-34.38703]]]}},{"type":"Feature","properties":{"gid":"ARG.1.93_1","name2":"Pinamar","engtype2":"Part","type2":"Partido","provZh":"布宜诺斯艾利斯省"},"geometry":{"type":"Polygon","coordinates":[[[-56.95157,-37.19254],[-56.91292,-37.19514],[-56.79348,-37.0374],[-56.83607,-37.02368],[-56.95157,-37.19254]]]}},{"type":"Feature","properties":{"gid":"ARG.1.94_1","name2":"Puán","engtype2":"Part","type2":"Partido","provZh":"布宜诺斯艾利斯省"},"geometry":{"type":"Polygon","coordinates":[[[-63.39267,-37.79713],[-63.38978,-38.8402],[-62.65298,-38.26716],[-62.73406,-38.20041],[-62.65757,-38.1358],[-62.80591,-38.00837],[-62.73435,-37.95042],[-62.89746,-37.81894],[-62.5791,-37.55441],[-62.81041,-37.37414],[-63.37049,-37.81488],[-63.39267,-37.79713]]]}},{"type":"Feature","properties":{"gid":"ARG.1.95_1","name2":"Quilmes","engtype2":"Part","type2":"Partido","provZh":"布宜诺斯艾利斯省"},"geometry":{"type":"Polygon","coordinates":[[[-58.3108,-34.79687],[-58.19181,-34.73708],[-58.27708,-34.67968],[-58.34779,-34.74302],[-58.3108,-34.79687]]]}},{"type":"Feature","properties":{"gid":"ARG.1.96_1","name2":"Ramallo","engtype2":"Part","type2":"Partido","provZh":"布宜诺斯艾利斯省"},"geometry":{"type":"Polygon","coordinates":[[[-60.0246,-33.83171],[-60.07362,-33.78363],[-59.81934,-33.5748],[-59.82044,-33.53273],[-60.02145,-33.45377],[-60.17072,-33.34779],[-60.19333,-33.44305],[-60.16561,-33.49689],[-60.31274,-33.65336],[-60.17495,-33.66728],[-60.11112,-33.82063],[-60.0246,-33.83171]]]}},{"type":"Feature","properties":{"gid":"ARG.1.97_1","name2":"Rauch","engtype2":"Part","type2":"Partido","provZh":"布宜诺斯艾利斯省"},"geometry":{"type":"Polygon","coordinates":[[[-58.44341,-36.45176],[-58.78971,-36.2299],[-58.76841,-36.21006],[-58.84098,-36.14801],[-59.06432,-36.22417],[-59.10452,-36.27625],[-59.29304,-36.38154],[-59.14232,-36.53849],[-59.20072,-36.59549],[-59.22368,-36.58019],[-59.28809,-36.77424],[-59.3626,-36.84785],[-59.09079,-37.0632],[-59.01301,-36.9527],[-58.94336,-36.9385],[-58.87124,-36.84613],[-58.66649,-36.74393],[-58.72568,-36.70392],[-58.44341,-36.45176]]]}},{"type":"Feature","properties":{"gid":"ARG.1.98_1","name2":"Rivadavia","engtype2":"Part","type2":"Partido","provZh":"布宜诺斯艾利斯省"},"geometry":{"type":"Polygon","coordinates":[[[-62.89264,-35.25987],[-62.96218,-35.31702],[-63.11429,-35.19117],[-63.09015,-35.16915],[-63.13508,-35.13114],[-63.23041,-35.21152],[-63.2086,-35.23087],[-63.34349,-35.30466],[-63.3265,-35.32896],[-63.38983,-35.37925],[-63.38849,-35.8839],[-63.20315,-36.03697],[-62.62141,-35.55452],[-62.78245,-35.40954],[-62.80415,-35.42606],[-62.86787,-35.37167],[-62.84314,-35.35214],[-62.89083,-35.31105],[-62.86131,-35.28623],[-62.89264,-35.25987]]]}},{"type":"Feature","properties":{"gid":"ARG.1.99_1","name2":"Rojas","engtype2":"Part","type2":"Partido","provZh":"布宜诺斯艾利斯省"},"geometry":{"type":"Polygon","coordinates":[[[-60.56136,-34.40739],[-60.55495,-34.27143],[-60.47309,-34.19678],[-60.51633,-34.14697],[-60.65437,-34.09421],[-60.90514,-33.88713],[-61.11624,-34.06887],[-60.92054,-34.24073],[-60.96053,-34.27415],[-61.0119,-34.23284],[-61.05413,-34.26676],[-60.96654,-34.34344],[-60.90212,-34.32407],[-60.67715,-34.50925],[-60.56136,-34.40739]]]}},{"type":"Feature","properties":{"gid":"ARG.1.100_1","name2":"Roque Pérez","engtype2":"Part","type2":"Partido","provZh":"布宜诺斯艾利斯省"},"geometry":{"type":"Polygon","coordinates":[[[-59.0241,-35.59359],[-59.05538,-35.54191],[-59.0186,-35.51361],[-59.02745,-35.47388],[-59.32496,-35.38011],[-59.39767,-35.295],[-59.50202,-35.29215],[-59.5886,-35.36231],[-59.6477,-35.32288],[-59.71649,-35.38289],[-59.75813,-35.35045],[-59.82689,-35.41041],[-59.77394,-35.48458],[-59.53343,-35.46218],[-59.36088,-35.53634],[-59.42307,-35.59188],[-59.18447,-35.75963],[-59.17165,-35.7123],[-59.13051,-35.69694],[-59.15325,-35.63565],[-59.0241,-35.59359]]]}},{"type":"Feature","properties":{"gid":"ARG.1.101_1","name2":"Saavedra","engtype2":"Part","type2":"Partido","provZh":"布宜诺斯艾利斯省"},"geometry":{"type":"Polygon","coordinates":[[[-62.62875,-37.51072],[-62.5791,-37.55441],[-62.89746,-37.81894],[-62.58072,-38.07367],[-62.49117,-38.00497],[-62.35046,-38.12463],[-62.098,-37.92992],[-62.04438,-37.74973],[-62.42332,-37.3515],[-62.62875,-37.51072]]]}},{"type":"Feature","properties":{"gid":"ARG.1.102_1","name2":"Saladillo","engtype2":"Part","type2":"Partido","provZh":"布宜诺斯艾利斯省"},"geometry":{"type":"Polygon","coordinates":[[[-59.7065,-35.83769],[-59.59407,-35.86092],[-59.18447,-35.75963],[-59.42307,-35.59188],[-59.36088,-35.53634],[-59.52753,-35.46341],[-59.67705,-35.45731],[-59.82827,-35.50331],[-59.93437,-35.49504],[-60.02586,-35.55297],[-60.03945,-35.70226],[-60.12316,-35.66481],[-60.22435,-35.75254],[-60.12238,-35.83192],[-60.06367,-35.77942],[-59.88468,-35.9116],[-59.84339,-35.85593],[-59.7065,-35.83769]]]}},{"type":"Feature","properties":{"gid":"ARG.1.103_1","name2":"Salliqueló","engtype2":"Part","type2":"Partido","provZh":"布宜诺斯艾利斯省"},"geometry":{"type":"Polygon","coordinates":[[[-62.97329,-36.86503],[-62.81021,-36.7272],[-63.12415,-36.48287],[-63.28128,-36.61231],[-62.97329,-36.86503]]]}},{"type":"Feature","properties":{"gid":"ARG.1.104_1","name2":"Salto","engtype2":"Part","type2":"Partido","provZh":"布宜诺斯艾利斯省"},"geometry":{"type":"Polygon","coordinates":[[[-60.2388,-34.01427],[-60.31542,-34.00209],[-60.49537,-34.17524],[-60.47241,-34.20045],[-60.55495,-34.27143],[-60.54253,-34.35642],[-60.57995,-34.39373],[-60.3248,-34.49718],[-60.24404,-34.43283],[-60.21035,-34.45912],[-60.08651,-34.3711],[-60.0675,-34.38462],[-60.00793,-34.3307],[-59.97496,-34.28918],[-60.20419,-34.2023],[-60.16806,-34.06326],[-60.2388,-34.01427]]]}},{"type":"Feature","properties":{"gid":"ARG.1.105_1","name2":"San Andrés de Giles","engtype2":"Part","type2":"Partido","provZh":"布宜诺斯艾利斯省"},"geometry":{"type":"Polygon","coordinates":[[[-59.75839,-34.52185],[-59.63361,-34.61631],[-59.57059,-34.5627],[-59.5241,-34.60033],[-59.22637,-34.45395],[-59.24802,-34.42496],[-59.19907,-34.37593],[-59.31897,-34.291],[-59.30582,-34.26648],[-59.38059,-34.24329],[-59.42818,-34.30672],[-59.4902,-34.31496],[-59.60664,-34.41154],[-59.67125,-34.39724],[-59.77077,-34.45263],[-59.73959,-34.48076],[-59.75839,-34.52185]]]}},{"type":"Feature","properties":{"gid":"ARG.1.106_1","name2":"San Antonio de Areco","engtype2":"Part","type2":"Partido","provZh":"布宜诺斯艾利斯省"},"geometry":{"type":"Polygon","coordinates":[[[-59.68051,-34.16945],[-59.78271,-34.21987],[-59.69778,-34.29156],[-59.64629,-34.42295],[-59.4902,-34.31496],[-59.42818,-34.30672],[-59.37031,-34.20277],[-59.28181,-34.1501],[-59.27288,-34.09566],[-59.32862,-33.99992],[-59.46702,-34.13645],[-59.51491,-34.10154],[-59.56407,-34.16768],[-59.68051,-34.16945]]]}},{"type":"Feature","properties":{"gid":"ARG.1.107_1","name2":"San Cayetano","engtype2":"Part","type2":"Partido","provZh":"布宜诺斯艾利斯省"},"geometry":{"type":"Polygon","coordinates":[[[-59.83671,-38.23563],[-59.99821,-38.37329],[-59.8714,-38.44272],[-59.93508,-38.4952],[-59.88666,-38.53024],[-59.82445,-38.47865],[-59.76855,-38.5189],[-59.73121,-38.48963],[-59.69651,-38.6626],[-59.62477,-38.74717],[-59.63248,-38.78764],[-59.32601,-38.73625],[-59.40563,-38.5997],[-59.44235,-38.59122],[-59.33772,-38.54784],[-59.33393,-38.50377],[-59.40639,-38.46297],[-59.31442,-38.38951],[-59.35513,-38.30747],[-59.24539,-38.15375],[-59.64114,-38.02813],[-59.78907,-38.14929],[-59.75578,-38.19426],[-59.83671,-38.23563]]]}},{"type":"Feature","properties":{"gid":"ARG.1.108_1","name2":"San Fernando (1)","engtype2":"Part","type2":"Partido","provZh":"布宜诺斯艾利斯省"},"geometry":{"type":"MultiPolygon","coordinates":[[[[-58.3107,-34.18681],[-58.3293,-34.23903],[-58.28597,-34.22819],[-58.3107,-34.18681]]],[[[-58.71601,-34.22724],[-58.71937,-34.25184],[-58.55318,-34.30715],[-58.49764,-34.26875],[-58.40181,-34.25958],[-58.40375,-34.22792],[-58.35153,-34.20069],[-58.37569,-34.16458],[-58.35375,-34.04042],[-58.41736,-34.00427],[-58.49525,-34.00674],[-58.81054,-34.08753],[-58.75543,-34.17205],[-58.70325,-34.18016],[-58.71601,-34.22724]]]]}},{"type":"Feature","properties":{"gid":"ARG.1.109_1","name2":"San Fernando (2)","engtype2":"Part","type2":"Partido","provZh":"布宜诺斯艾利斯省"},"geometry":{"type":"Polygon","coordinates":[[[-58.51975,-34.45377],[-58.55911,-34.43031],[-58.60726,-34.48617],[-58.51975,-34.45377]]]}},{"type":"Feature","properties":{"gid":"ARG.1.110_1","name2":"San Isidro","engtype2":"Part","type2":"Partido","provZh":"布宜诺斯艾利斯省"},"geometry":{"type":"Polygon","coordinates":[[[-58.55431,-34.53522],[-58.47875,-34.4943],[-58.5057,-34.44875],[-58.59987,-34.49232],[-58.55431,-34.53522]]]}},{"type":"Feature","properties":{"gid":"ARG.1.111_1","name2":"San Nicolás","engtype2":"Part","type2":"Partido","provZh":"布宜诺斯艾利斯省"},"geometry":{"type":"Polygon","coordinates":[[[-60.31274,-33.65336],[-60.16383,-33.49149],[-60.19333,-33.44305],[-60.17072,-33.34779],[-60.24989,-33.26014],[-60.34037,-33.41474],[-60.40553,-33.45885],[-60.41533,-33.54829],[-60.45805,-33.58415],[-60.32693,-33.6746],[-60.31274,-33.65336]]]}},{"type":"Feature","properties":{"gid":"ARG.1.112_1","name2":"San Pedro","engtype2":"Part","type2":"Partido","provZh":"布宜诺斯艾利斯省"},"geometry":{"type":"Polygon","coordinates":[[[-59.78311,-34.01237],[-59.655,-33.92221],[-59.57006,-33.77637],[-59.511,-33.78917],[-59.56497,-33.75868],[-59.50803,-33.6354],[-59.6158,-33.69048],[-59.65775,-33.62901],[-59.81934,-33.5748],[-60.07362,-33.78363],[-59.78311,-34.01237]]]}},{"type":"Feature","properties":{"gid":"ARG.1.113_1","name2":"San Vicente","engtype2":"Part","type2":"Partido","provZh":"布宜诺斯艾利斯省"},"geometry":{"type":"Polygon","coordinates":[[[-58.39741,-34.91209],[-58.49234,-34.9307],[-58.55477,-34.97703],[-58.53429,-35.02268],[-58.55351,-35.00825],[-58.60173,-35.05244],[-58.58263,-35.15049],[-58.47262,-35.24567],[-58.24119,-35.05986],[-58.29251,-35.01913],[-58.28903,-34.96707],[-58.34735,-34.88755],[-58.39741,-34.91209]]]}},{"type":"Feature","properties":{"gid":"ARG.1.114_1","name2":"Suipacha","engtype2":"Part","type2":"Partido","provZh":"布宜诺斯艾利斯省"},"geometry":{"type":"Polygon","coordinates":[[[-59.88604,-34.62143],[-59.94639,-34.67187],[-59.79067,-34.78985],[-59.80883,-34.83131],[-59.65873,-34.95172],[-59.62767,-34.96994],[-59.46978,-34.87477],[-59.52578,-34.83481],[-59.50136,-34.81095],[-59.53188,-34.76866],[-59.72127,-34.62478],[-59.67533,-34.58476],[-59.75839,-34.52185],[-59.88604,-34.62143]]]}},{"type":"Feature","properties":{"gid":"ARG.1.115_1","name2":"Tandil","engtype2":"Part","type2":"Partido","provZh":"布宜诺斯艾利斯省"},"geometry":{"type":"Polygon","coordinates":[[[-59.09079,-37.0632],[-59.3626,-36.84785],[-59.43718,-37.02438],[-59.70772,-37.22822],[-59.78026,-37.24669],[-59.22485,-37.6544],[-59.16666,-37.63218],[-59.16529,-37.74218],[-59.11079,-37.82966],[-58.61113,-37.41449],[-59.09079,-37.0632]]]}},{"type":"Feature","properties":{"gid":"ARG.1.116_1","name2":"Tapalqué","engtype2":"Part","type2":"Partido","provZh":"布宜诺斯艾利斯省"},"geometry":{"type":"Polygon","coordinates":[[[-59.49092,-36.23094],[-59.38677,-36.13763],[-59.55766,-36.00991],[-59.72152,-36.10767],[-59.79817,-36.04655],[-59.96961,-36.25425],[-60.0918,-36.16508],[-60.25006,-36.30045],[-60.29713,-36.26736],[-60.36146,-36.32458],[-60.5268,-36.21397],[-60.57038,-36.23542],[-60.71082,-36.13749],[-60.80105,-36.20089],[-60.83937,-36.29869],[-60.90713,-36.34182],[-60.86722,-36.37291],[-60.92301,-36.41746],[-60.87037,-36.46],[-60.75715,-36.36945],[-60.72677,-36.39356],[-60.65291,-36.34073],[-60.43915,-36.49797],[-60.47639,-36.52887],[-60.32288,-36.65168],[-60.28067,-36.62119],[-60.16436,-36.71492],[-60.13974,-36.67282],[-60.05864,-36.72875],[-59.9267,-36.61829],[-60.03303,-36.53597],[-59.7268,-36.28671],[-59.637,-36.36126],[-59.49092,-36.23094]]]}},{"type":"Feature","properties":{"gid":"ARG.1.117_1","name2":"Tigre","engtype2":"Part","type2":"Partido","provZh":"布宜诺斯艾利斯省"},"geometry":{"type":"MultiPolygon","coordinates":[[[[-58.71067,-34.43999],[-58.60803,-34.54024],[-58.59604,-34.45413],[-58.55911,-34.43031],[-58.51975,-34.45377],[-58.49125,-34.3818],[-58.45347,-34.38736],[-58.51264,-34.30708],[-58.66079,-34.26915],[-58.73511,-34.40868],[-58.71067,-34.43999]]],[[[-58.46625,-34.32597],[-58.48653,-34.33042],[-58.44958,-34.37708],[-58.46625,-34.32597]]]]}},{"type":"Feature","properties":{"gid":"ARG.1.118_1","name2":"Tordillo","engtype2":"Part","type2":"Partido","provZh":"布宜诺斯艾利斯省"},"geometry":{"type":"Polygon","coordinates":[[[-57.425,-36.16121],[-57.48224,-36.33804],[-57.35089,-36.36774],[-57.44756,-36.48127],[-57.40653,-36.51268],[-57.47092,-36.57183],[-57.33649,-36.67019],[-57.10636,-36.4448],[-57.05124,-36.42849],[-57.07751,-36.38927],[-57.02547,-36.31847],[-57.18488,-36.21569],[-57.425,-36.16121]]]}},{"type":"Feature","properties":{"gid":"ARG.1.119_1","name2":"Tornquist","engtype2":"Part","type2":"Partido","provZh":"布宜诺斯艾利斯省"},"geometry":{"type":"Polygon","coordinates":[[[-61.78511,-38.45276],[-61.70345,-38.26567],[-61.82308,-38.06337],[-61.90823,-38.00398],[-62.01221,-38.00045],[-62.09969,-37.93126],[-62.35046,-38.12463],[-62.49117,-38.00497],[-62.58072,-38.07367],[-62.73435,-37.95042],[-62.80591,-38.00837],[-62.65757,-38.1358],[-62.73406,-38.20041],[-62.65298,-38.26716],[-62.89774,-38.45606],[-62.73487,-38.58661],[-62.64692,-38.51963],[-62.61355,-38.59073],[-62.38737,-38.40654],[-62.34606,-38.4376],[-62.23999,-38.35297],[-62.20095,-38.44965],[-62.08565,-38.35955],[-61.98698,-38.45145],[-61.93587,-38.41167],[-61.9227,-38.44981],[-61.89054,-38.42277],[-61.82465,-38.47269],[-61.78511,-38.45276]]]}},{"type":"Feature","properties":{"gid":"ARG.1.120_1","name2":"Trenque Lauquen","engtype2":"Part","type2":"Partido","provZh":"布宜诺斯艾利斯省"},"geometry":{"type":"Polygon","coordinates":[[[-62.62141,-35.55452],[-63.19673,-36.03181],[-62.63789,-36.49371],[-62.61029,-36.56852],[-62.07715,-36.15477],[-62.43403,-35.86127],[-62.33683,-35.78439],[-62.62141,-35.55452]]]}},{"type":"Feature","properties":{"gid":"ARG.1.121_1","name2":"Tres Arroyos","engtype2":"Part","type2":"Partido","provZh":"布宜诺斯艾利斯省"},"geometry":{"type":"Polygon","coordinates":[[[-60.68344,-38.09533],[-60.73176,-38.13171],[-60.74456,-38.36891],[-60.62186,-38.47073],[-60.59662,-38.55969],[-60.61518,-38.62498],[-60.50875,-38.92847],[-59.63248,-38.78764],[-59.62477,-38.74717],[-59.69651,-38.6626],[-59.73121,-38.48963],[-59.76855,-38.5189],[-59.82445,-38.47865],[-59.88666,-38.53024],[-59.93508,-38.4952],[-59.8714,-38.44272],[-59.99821,-38.37329],[-59.8318,-38.24875],[-59.88872,-38.16085],[-60.03184,-38.28055],[-60.37532,-38.0156],[-60.56036,-38.19229],[-60.68344,-38.09533]]]}},{"type":"Feature","properties":{"gid":"ARG.1.122_1","name2":"Tres de Febrero","engtype2":"Part","type2":"Partido","provZh":"布宜诺斯艾利斯省"},"geometry":{"type":"Polygon","coordinates":[[[-58.61932,-34.5519],[-58.6467,-34.56795],[-58.52893,-34.65953],[-58.52299,-34.60187],[-58.61932,-34.5519]]]}},{"type":"Feature","properties":{"gid":"ARG.1.123_1","name2":"Tres Lomas","engtype2":"Part","type2":"Partido","provZh":"布宜诺斯艾利斯省"},"geometry":{"type":"Polygon","coordinates":[[[-62.61029,-36.56852],[-62.63789,-36.49371],[-62.93978,-36.24596],[-63.04233,-36.36011],[-63.06703,-36.40311],[-63.04779,-36.41654],[-63.12724,-36.47942],[-62.81021,-36.7272],[-62.61029,-36.56852]]]}},{"type":"Feature","properties":{"gid":"ARG.1.124_1","name2":"Veinticinco de Mayo","engtype2":"Part","type2":"Partido","provZh":"布宜诺斯艾利斯省"},"geometry":{"type":"Polygon","coordinates":[[[-60.32552,-35.23001],[-60.5282,-35.41048],[-60.44169,-35.47664],[-60.8683,-35.84097],[-60.70115,-35.96779],[-60.6424,-35.9198],[-60.53411,-36.00076],[-60.48392,-35.98396],[-60.12316,-35.66481],[-60.03945,-35.70226],[-60.00778,-35.53631],[-59.90524,-35.48375],[-59.83683,-35.50345],[-59.78122,-35.48257],[-59.77326,-35.45418],[-59.82689,-35.41041],[-59.75813,-35.35045],[-59.71649,-35.38289],[-59.6477,-35.32288],[-59.5886,-35.36231],[-59.50202,-35.29215],[-59.54568,-35.28445],[-59.55045,-35.2121],[-59.58742,-35.18669],[-59.72678,-35.22922],[-59.90643,-35.12254],[-59.98822,-35.13782],[-60.03236,-35.11172],[-60.23974,-35.29479],[-60.32552,-35.23001]]]}},{"type":"Feature","properties":{"gid":"ARG.1.125_1","name2":"Vicente López","engtype2":"Part","type2":"Partido","provZh":"布宜诺斯艾利斯省"},"geometry":{"type":"Polygon","coordinates":[[[-58.5103,-34.5745],[-58.45292,-34.53153],[-58.47903,-34.49446],[-58.55431,-34.53522],[-58.5103,-34.5745]]]}},{"type":"Feature","properties":{"gid":"ARG.1.126_1","name2":"Villa Gesell","engtype2":"Part","type2":"Partido","provZh":"布宜诺斯艾利斯省"},"geometry":{"type":"Polygon","coordinates":[[[-57.22167,-37.5329],[-57.19181,-37.55375],[-57.12597,-37.49403],[-56.91459,-37.19667],[-56.95157,-37.19254],[-56.99075,-37.24162],[-57.04377,-37.23665],[-56.99302,-37.24751],[-57.22167,-37.5329]]]}},{"type":"Feature","properties":{"gid":"ARG.1.127_1","name2":"Villarino","engtype2":"Part","type2":"Partido","provZh":"布宜诺斯艾利斯省"},"geometry":{"type":"MultiPolygon","coordinates":[[[[-62.17958,-39.1707],[-62.13014,-39.24264],[-62.03292,-39.26319],[-62.17958,-39.1707]]],[[[-62.03986,-39.22958],[-61.99181,-39.27875],[-61.99208,-39.2368],[-62.03986,-39.22958]]],[[[-62.08125,-39.06958],[-62.06542,-39.15514],[-61.85708,-39.22903],[-61.88569,-39.09042],[-61.89625,-39.1343],[-61.91014,-39.09681],[-62.08125,-39.06958]]],[[[-62.06653,-38.98236],[-62.14264,-39.00458],[-62.13986,-39.03958],[-62.06653,-39.00042],[-62.00097,-39.06153],[-61.92347,-39.06625],[-61.92236,-39.04042],[-62.06653,-38.98236]]],[[[-62.13264,-38.94819],[-62.16292,-38.96292],[-62.14597,-38.99236],[-62.09792,-38.97347],[-62.13264,-38.94819]]],[[[-62.58136,-38.62143],[-62.64692,-38.51963],[-62.73487,-38.58661],[-62.89774,-38.45606],[-63.31324,-38.7691],[-63.38978,-38.8402],[-63.38879,-39.32536],[-63.29494,-39.3365],[-63.17191,-39.40578],[-63.13676,-39.38916],[-63.10119,-39.46618],[-63.06497,-39.45574],[-63.01578,-39.49995],[-62.62569,-39.52348],[-62.49567,-39.60022],[-62.47093,-39.69242],[-62.41009,-39.72378],[-62.38699,-39.77947],[-62.12903,-39.85903],[-62.12569,-39.72958],[-62.09042,-39.68208],[-62.11403,-39.62875],[-62.04542,-39.44819],[-62.27097,-39.30819],[-62.18458,-39.30097],[-62.17014,-39.33792],[-62.02431,-39.41819],[-62.01069,-39.35792],[-62.10625,-39.29375],[-62.3193,-39.26625],[-62.23653,-39.25236],[-62.32292,-39.18375],[-62.31319,-39.12431],[-62.28403,-39.11264],[-62.32819,-39.09153],[-62.22111,-38.99986],[-62.26208,-38.98958],[-62.26847,-39.01764],[-62.2718,-38.99097],[-62.30847,-38.99264],[-62.26236,-38.97486],[-62.31819,-38.98903],[-62.34542,-38.95403],[-62.32125,-38.89542],[-62.35458,-38.8657],[-62.28208,-38.86042],[-62.32847,-38.8418],[-62.29903,-38.82236],[-62.38736,-38.82597],[-62.29514,-38.79736],[-62.40625,-38.76403],[-62.36069,-38.75653],[-62.4007,-38.75042],[-62.41819,-38.78792],[-62.41458,-38.75958],[-62.46736,-38.76847],[-62.43125,-38.75819],[-62.46303,-38.67266],[-62.58136,-38.62143]]],[[[-62.17319,-38.91736],[-62.2018,-38.9593],[-62.15458,-38.93486],[-62.18375,-38.94292],[-62.17319,-38.91736]]],[[[-62.20875,-38.90597],[-62.21403,-38.93681],[-62.18014,-38.91625],[-62.20875,-38.90597]]],[[[-62.31014,-38.86542],[-62.2943,-38.89486],[-62.26903,-38.87458],[-62.31014,-38.86542]]]]}},{"type":"Feature","properties":{"gid":"ARG.1.128_1","name2":"Zárate","engtype2":"Part","type2":"Partido","provZh":"布宜诺斯艾利斯省"},"geometry":{"type":"Polygon","coordinates":[[[-59.32862,-33.99992],[-59.27288,-34.09566],[-59.31241,-34.16505],[-59.10608,-34.20462],[-58.97718,-34.13166],[-59.00865,-34.10247],[-58.97141,-33.97042],[-58.83188,-33.94529],[-59.00636,-33.83375],[-59.13072,-33.84258],[-59.17193,-33.8106],[-59.30114,-33.84025],[-59.23317,-33.92673],[-59.34324,-33.93265],[-59.32862,-33.99992]]]}},{"type":"Feature","properties":{"gid":"ARG.2.1_1","name2":"Ambato","engtype2":"Department","type2":"Departamento","provZh":"卡塔马卡省"},"geometry":{"type":"Polygon","coordinates":[[[-65.92771,-28.32905],[-65.87316,-28.31936],[-65.80217,-28.19432],[-65.71862,-28.17953],[-65.77148,-28.07815],[-65.7814,-27.7855],[-65.81552,-27.85879],[-65.86594,-27.68258],[-65.90559,-27.68563],[-65.93153,-27.61461],[-65.97015,-27.65082],[-65.97005,-27.75481],[-66.07903,-27.7937],[-66.05196,-27.89698],[-66.10061,-27.97514],[-66.03105,-28.13288],[-66.03896,-28.33784],[-65.92771,-28.32905]]]}},{"type":"Feature","properties":{"gid":"ARG.2.2_1","name2":"Ancasti","engtype2":"Department","type2":"Departamento","provZh":"卡塔马卡省"},"geometry":{"type":"Polygon","coordinates":[[[-65.65649,-28.77611],[-65.68727,-28.82955],[-65.5853,-29.08278],[-65.61264,-29.2515],[-65.5535,-29.39912],[-65.54449,-29.54546],[-65.49438,-29.40292],[-65.49314,-29.231],[-65.3537,-29.08071],[-65.30107,-28.72274],[-65.23415,-28.60552],[-65.37527,-28.66332],[-65.4326,-28.64385],[-65.47519,-28.66665],[-65.63375,-28.61206],[-65.66673,-28.67001],[-65.65649,-28.77611]]]}},{"type":"Feature","properties":{"gid":"ARG.2.3_1","name2":"Andalgalá","engtype2":"Department","type2":"Departamento","provZh":"卡塔马卡省"},"geometry":{"type":"Polygon","coordinates":[[[-65.93153,-27.61461],[-65.96878,-27.5462],[-65.99551,-27.30484],[-66.17818,-27.23758],[-66.25491,-27.16268],[-66.52747,-27.25491],[-66.5322,-27.31286],[-66.61501,-27.35818],[-66.64539,-27.48053],[-66.61281,-27.5098],[-66.69531,-27.67366],[-66.67263,-28.01738],[-66.43592,-28.01953],[-66.38998,-27.89944],[-66.14232,-27.73256],[-66.08627,-27.72274],[-66.01637,-27.7805],[-65.98675,-27.77236],[-65.95679,-27.71684],[-65.97015,-27.65082],[-65.93153,-27.61461]]]}},{"type":"Feature","properties":{"gid":"ARG.2.4_1","name2":"Antofagasta de la Sierra","engtype2":"Department","type2":"Departamento","provZh":"卡塔马卡省"},"geometry":{"type":"Polygon","coordinates":[[[-68.48333,-25.15632],[-68.55002,-25.26131],[-68.52338,-25.3771],[-68.59032,-25.41565],[-68.58949,-25.44836],[-68.51861,-25.57238],[-68.54459,-25.63413],[-68.47686,-25.70249],[-68.38107,-26.1779],[-68.55744,-26.2865],[-68.58801,-26.49206],[-68.36433,-26.80022],[-68.06318,-26.79065],[-67.91521,-26.82373],[-67.70219,-26.79592],[-67.46606,-26.91337],[-67.33087,-26.75871],[-67.15207,-26.69383],[-67.05031,-26.61953],[-67.02371,-26.54774],[-67.03633,-26.41051],[-66.98222,-26.2715],[-66.99187,-26.17051],[-66.84136,-26.02443],[-66.88605,-25.95092],[-66.85254,-25.89818],[-66.8014,-25.89135],[-66.81571,-25.74231],[-66.76855,-25.69757],[-66.59064,-25.67951],[-66.5584,-25.61291],[-66.5294,-25.45914],[-66.55711,-25.27459],[-67.98538,-25.23975],[-68.48333,-25.15632]]]}},{"type":"Feature","properties":{"gid":"ARG.2.5_1","name2":"Belén","engtype2":"Department","type2":"Departamento","provZh":"卡塔马卡省"},"geometry":{"type":"Polygon","coordinates":[[[-66.52747,-27.25491],[-66.54093,-27.19695],[-66.63408,-27.11429],[-66.55999,-27.01006],[-66.55598,-26.91351],[-66.6498,-26.748],[-66.56989,-26.67751],[-66.57539,-26.58919],[-66.50929,-26.43329],[-66.42869,-26.37589],[-66.53615,-26.268],[-66.62367,-26.09875],[-66.8014,-25.89135],[-66.84217,-25.8916],[-66.88551,-25.94572],[-66.83979,-26.01963],[-66.86304,-26.06664],[-66.95094,-26.10982],[-66.99187,-26.17051],[-66.98222,-26.2715],[-67.03782,-26.4207],[-67.03548,-26.5977],[-67.14228,-26.68858],[-67.26059,-26.72466],[-67.19115,-26.88299],[-67.27876,-27.08496],[-67.24017,-27.23266],[-67.29421,-27.34458],[-67.28313,-27.42198],[-67.22121,-27.4593],[-67.34815,-27.66682],[-67.28497,-27.73548],[-67.36054,-27.84054],[-67.33476,-28.02774],[-66.67263,-28.01738],[-66.69531,-27.67366],[-66.61281,-27.5098],[-66.64539,-27.48053],[-66.61501,-27.35818],[-66.5322,-27.31286],[-66.52747,-27.25491]]]}},{"type":"Feature","properties":{"gid":"ARG.2.6_1","name2":"Capayán","engtype2":"Department","type2":"Departamento","provZh":"卡塔马卡省"},"geometry":{"type":"Polygon","coordinates":[[[-66.03896,-28.33784],[-66.04689,-28.43709],[-66.12593,-28.49011],[-66.19535,-28.61171],[-66.36501,-28.70732],[-66.3315,-28.74479],[-66.4034,-28.85403],[-66.10976,-28.94081],[-65.82858,-29.18089],[-65.829,-29.25342],[-65.75264,-29.27732],[-65.41371,-30.1224],[-65.55968,-29.51852],[-65.5535,-29.39912],[-65.61264,-29.2515],[-65.58289,-29.09987],[-65.68727,-28.82955],[-65.65649,-28.77611],[-65.83057,-28.72955],[-65.7942,-28.55183],[-65.93623,-28.41955],[-65.92771,-28.32905],[-66.03896,-28.33784]]]}},{"type":"Feature","properties":{"gid":"ARG.2.7_1","name2":"Capital","engtype2":"Department","type2":"Departamento","provZh":"卡塔马卡省"},"geometry":{"type":"Polygon","coordinates":[[[-65.92771,-28.32905],[-65.93623,-28.41955],[-65.7942,-28.55183],[-65.72596,-28.4177],[-65.80063,-28.19344],[-65.87316,-28.31936],[-65.92771,-28.32905]]]}},{"type":"Feature","properties":{"gid":"ARG.2.8_1","name2":"El Alto","engtype2":"Department","type2":"Departamento","provZh":"卡塔马卡省"},"geometry":{"type":"Polygon","coordinates":[[[-65.23415,-28.60552],[-65.12572,-28.60907],[-65.10918,-28.33613],[-65.27572,-28.28659],[-65.50464,-28.14844],[-65.58471,-28.14931],[-65.56226,-28.42419],[-65.63375,-28.61206],[-65.47519,-28.66665],[-65.4326,-28.64385],[-65.37527,-28.66332],[-65.23415,-28.60552]]]}},{"type":"Feature","properties":{"gid":"ARG.2.9_1","name2":"Fray Mamerto Esquiú","engtype2":"Department","type2":"Departamento","provZh":"卡塔马卡省"},"geometry":{"type":"Polygon","coordinates":[[[-65.80063,-28.19344],[-65.75755,-28.36852],[-65.7272,-28.42574],[-65.68243,-28.43658],[-65.6732,-28.31727],[-65.71062,-28.19121],[-65.80063,-28.19344]]]}},{"type":"Feature","properties":{"gid":"ARG.2.10_1","name2":"La Paz","engtype2":"Department","type2":"Departamento","provZh":"卡塔马卡省"},"geometry":{"type":"Polygon","coordinates":[[[-65.54449,-29.54546],[-65.41371,-30.1224],[-65.12532,-30.06558],[-64.90726,-29.90663],[-64.9697,-29.58564],[-64.82775,-29.56298],[-64.83537,-29.43297],[-64.8917,-29.34309],[-64.84731,-29.31293],[-64.89027,-29.28066],[-64.82567,-29.12556],[-64.83083,-29.05146],[-64.91851,-28.86888],[-65.02537,-28.74951],[-65.13236,-28.71737],[-65.1441,-28.66626],[-65.18087,-28.65314],[-65.18114,-28.60058],[-65.23415,-28.60552],[-65.29482,-28.70263],[-65.34821,-29.06498],[-65.49314,-29.231],[-65.49438,-29.40292],[-65.54449,-29.54546]]]}},{"type":"Feature","properties":{"gid":"ARG.2.11_1","name2":"Paclín","engtype2":"Department","type2":"Departamento","provZh":"卡塔马卡省"},"geometry":{"type":"Polygon","coordinates":[[[-65.71862,-28.17953],[-65.67015,-28.41433],[-65.56256,-28.41366],[-65.5966,-28.17575],[-65.52631,-28.14154],[-65.52073,-28.06181],[-65.54385,-28.00125],[-65.6601,-27.95958],[-65.75021,-27.77557],[-65.7814,-27.7855],[-65.77148,-28.07815],[-65.71862,-28.17953]]]}},{"type":"Feature","properties":{"gid":"ARG.2.12_1","name2":"Pomán","engtype2":"Department","type2":"Departamento","provZh":"卡塔马卡省"},"geometry":{"type":"Polygon","coordinates":[[[-66.02502,-27.77486],[-66.09915,-27.72123],[-66.24349,-27.78949],[-66.40234,-27.91268],[-66.43592,-28.01953],[-66.78997,-28.01617],[-67.02191,-28.1742],[-67.0397,-28.25937],[-66.99638,-28.24267],[-66.57945,-28.32015],[-66.51777,-28.45292],[-66.52773,-28.53009],[-66.48933,-28.54449],[-66.48956,-28.64071],[-66.36987,-28.71606],[-66.25835,-28.66774],[-66.04276,-28.42628],[-66.03105,-28.13288],[-66.10061,-27.97514],[-66.05133,-27.89126],[-66.08139,-27.79923],[-66.02502,-27.77486]]]}},{"type":"Feature","properties":{"gid":"ARG.2.13_1","name2":"Santa María","engtype2":"Department","type2":"Departamento","provZh":"卡塔马卡省"},"geometry":{"type":"Polygon","coordinates":[[[-66.1293,-27.25089],[-66.07663,-27.15524],[-65.85867,-26.92867],[-65.89835,-26.84127],[-65.85345,-26.77123],[-66.00029,-26.649],[-66.15972,-26.59507],[-66.14877,-26.40432],[-66.10327,-26.3955],[-66.10372,-26.27689],[-66.07838,-26.255],[-66.13387,-26.14835],[-66.1769,-26.13558],[-66.32053,-26.27496],[-66.3716,-26.39751],[-66.42869,-26.37589],[-66.50649,-26.42883],[-66.57539,-26.58919],[-66.56989,-26.67751],[-66.64987,-26.75324],[-66.55598,-26.91351],[-66.55999,-27.01006],[-66.63408,-27.11429],[-66.54093,-27.19695],[-66.52747,-27.25491],[-66.25491,-27.16268],[-66.1293,-27.25089]]]}},{"type":"Feature","properties":{"gid":"ARG.2.14_1","name2":"Santa Rosa","engtype2":"Department","type2":"Departamento","provZh":"卡塔马卡省"},"geometry":{"type":"Polygon","coordinates":[[[-65.10918,-28.33613],[-65.18338,-27.93549],[-65.36756,-27.84114],[-65.50106,-27.92338],[-65.54385,-28.00125],[-65.52631,-28.14154],[-65.27572,-28.28659],[-65.10918,-28.33613]]]}},{"type":"Feature","properties":{"gid":"ARG.2.15_1","name2":"Tinogasta","engtype2":"Department","type2":"Departamento","provZh":"卡塔马卡省"},"geometry":{"type":"Polygon","coordinates":[[[-68.36341,-26.80099],[-68.26309,-26.91864],[-68.31925,-26.98171],[-68.29393,-27.03797],[-68.34687,-27.03301],[-68.45074,-27.09488],[-68.48415,-27.05739],[-68.48169,-27.12866],[-68.55794,-27.11546],[-68.57619,-27.17587],[-68.63332,-27.16179],[-68.67034,-27.09873],[-68.78788,-27.10373],[-68.87087,-27.2454],[-68.80859,-27.30106],[-68.87142,-27.31921],[-68.88681,-27.3983],[-68.93079,-27.40934],[-68.93565,-27.44502],[-68.98097,-27.43156],[-68.94144,-27.51805],[-68.98758,-27.52454],[-68.97556,-27.56005],[-69.03955,-27.59495],[-69.04379,-27.69579],[-69.0898,-27.72149],[-69.08902,-27.77303],[-68.84559,-27.78051],[-68.55305,-27.7108],[-68.49202,-27.73382],[-68.50558,-27.80446],[-68.42751,-27.88268],[-68.44564,-28.02289],[-68.30281,-28.02416],[-68.28327,-28.08607],[-68.18018,-28.091],[-68.10336,-28.15974],[-67.91765,-28.12204],[-67.92222,-28.21343],[-67.8176,-28.38647],[-67.8095,-28.35042],[-67.65487,-28.31279],[-67.38269,-28.38138],[-67.16038,-28.3801],[-67.09115,-28.27921],[-67.0397,-28.25937],[-67.02191,-28.1742],[-66.78997,-28.01617],[-67.33846,-28.02313],[-67.36054,-27.84054],[-67.28497,-27.73548],[-67.34815,-27.66682],[-67.22121,-27.4593],[-67.28313,-27.42198],[-67.29421,-27.34458],[-67.24017,-27.23266],[-67.27876,-27.08496],[-67.19115,-26.88299],[-67.26059,-26.72466],[-67.33943,-26.76543],[-67.47172,-26.91385],[-67.70219,-26.79592],[-67.91521,-26.82373],[-68.06318,-26.79065],[-68.36341,-26.80099]]]}},{"type":"Feature","properties":{"gid":"ARG.2.16_1","name2":"Valle Viejo","engtype2":"Department","type2":"Departamento","provZh":"卡塔马卡省"},"geometry":{"type":"Polygon","coordinates":[[[-65.63375,-28.61206],[-65.56256,-28.41366],[-65.7272,-28.42574],[-65.79784,-28.55949],[-65.83355,-28.72509],[-65.65649,-28.77611],[-65.66673,-28.67001],[-65.63375,-28.61206]]]}},{"type":"Feature","properties":{"gid":"ARG.3.1_1","name2":"Almirante Brown","engtype2":"Department","type2":"Departamento","provZh":"查科省"},"geometry":{"type":"Polygon","coordinates":[[[-60.79854,-26.42871],[-60.79408,-26.12428],[-61.25589,-26.1216],[-61.25324,-25.58471],[-61.42979,-25.5827],[-61.42952,-25.49208],[-62.21513,-25.49454],[-62.21952,-24.85861],[-62.73699,-24.85258],[-63.42762,-25.65191],[-61.71229,-25.65553],[-61.71243,-26.63928],[-60.93952,-26.64814],[-60.91209,-26.67444],[-60.79854,-26.42871]]]}},{"type":"Feature","properties":{"gid":"ARG.3.2_1","name2":"Bermejo","engtype2":"Department","type2":"Departamento","provZh":"查科省"},"geometry":{"type":"Polygon","coordinates":[[[-58.76965,-27.38188],[-58.62033,-27.32816],[-58.59232,-27.23848],[-58.66249,-27.17217],[-58.64739,-27.13489],[-58.5538,-27.10296],[-58.54764,-27.03841],[-58.50523,-27.05761],[-58.50663,-27.00297],[-58.47505,-26.98623],[-58.4878,-26.92441],[-58.36434,-26.86497],[-58.40004,-26.85159],[-58.40421,-26.80743],[-58.41464,-26.82694],[-58.42649,-26.79744],[-58.48667,-26.79584],[-58.58055,-26.67706],[-58.68258,-26.63296],[-58.68893,-26.60131],[-58.90037,-26.78283],[-58.94977,-26.79291],[-58.94794,-27.09853],[-58.7553,-27.22845],[-58.73597,-27.28274],[-58.76965,-27.38188]]]}},{"type":"Feature","properties":{"gid":"ARG.3.3_1","name2":"Chacabuco","engtype2":"Department","type2":"Departamento","provZh":"查科省"},"geometry":{"type":"Polygon","coordinates":[[[-61.0065,-27.40356],[-60.83908,-27.36558],[-61.71314,-26.75967],[-61.71381,-26.92237],[-61.0065,-27.40356]]]}},{"type":"Feature","properties":{"gid":"ARG.3.4_1","name2":"Comandante Fernández","engtype2":"Department","type2":"Departamento","provZh":"查科省"},"geometry":{"type":"Polygon","coordinates":[[[-60.51583,-26.53025],[-60.70369,-26.94517],[-60.42271,-27.0441],[-60.24011,-26.62856],[-60.51583,-26.53025]]]}},{"type":"Feature","properties":{"gid":"ARG.3.5_1","name2":"Doce de Octubre","engtype2":"Department","type2":"Departamento","provZh":"查科省"},"geometry":{"type":"Polygon","coordinates":[[[-61.71381,-26.92237],[-61.7159,-27.6842],[-61.57041,-27.68194],[-61.56866,-27.62354],[-61.0335,-27.62389],[-61.0065,-27.40356],[-61.71381,-26.92237]]]}},{"type":"Feature","properties":{"gid":"ARG.3.6_1","name2":"Fray Justo Santa María de Oro","engtype2":"Department","type2":"Departamento","provZh":"查科省"},"geometry":{"type":"Polygon","coordinates":[[[-61.7159,-27.6842],[-61.71717,-27.99393],[-60.9271,-27.99942],[-60.92476,-27.78453],[-61.03539,-27.77895],[-61.0335,-27.62389],[-61.56866,-27.62354],[-61.57041,-27.68194],[-61.7159,-27.6842]]]}},{"type":"Feature","properties":{"gid":"ARG.3.7_1","name2":"General Belgrano","engtype2":"Department","type2":"Departamento","provZh":"查科省"},"geometry":{"type":"Polygon","coordinates":[[[-61.32631,-26.64423],[-61.32803,-26.838],[-61.1885,-26.83589],[-61.21706,-26.86388],[-60.83578,-27.12549],[-60.83364,-26.89854],[-60.89106,-26.90644],[-61.00966,-26.83867],[-60.99149,-26.64767],[-61.32631,-26.64423]]]}},{"type":"Feature","properties":{"gid":"ARG.3.8_1","name2":"General Donovan","engtype2":"Department","type2":"Departamento","provZh":"查科省"},"geometry":{"type":"Polygon","coordinates":[[[-59.18933,-27.16026],[-59.02818,-27.00831],[-59.19408,-26.88444],[-59.31924,-26.99685],[-59.31986,-26.96878],[-59.36763,-26.9673],[-59.37055,-27.01525],[-59.56838,-26.99292],[-59.56804,-27.24018],[-59.61052,-27.28287],[-59.46185,-27.40895],[-59.18933,-27.16026]]]}},{"type":"Feature","properties":{"gid":"ARG.3.9_1","name2":"General Güemes","engtype2":"Department","type2":"Departamento","provZh":"查科省"},"geometry":{"type":"Polygon","coordinates":[[[-60.79408,-26.12428],[-60.11781,-26.12564],[-60.1172,-25.65667],[-60.19476,-25.64639],[-60.23507,-25.49302],[-60.28263,-25.4889],[-60.30379,-25.42656],[-60.34875,-25.42204],[-60.32364,-25.39296],[-60.47638,-25.26375],[-60.48628,-25.20178],[-60.66092,-25.15832],[-60.65252,-25.13355],[-60.90166,-25.01351],[-61.12399,-24.81798],[-61.15984,-24.70847],[-61.19518,-24.71427],[-61.2208,-24.65286],[-61.4595,-24.62625],[-61.6014,-24.46021],[-61.67841,-24.45313],[-61.78637,-24.3139],[-61.78792,-24.34062],[-61.87632,-24.31227],[-61.97342,-24.22995],[-62.1002,-24.21794],[-62.0959,-24.19055],[-62.17788,-24.20841],[-62.19289,-24.15389],[-62.28844,-24.13235],[-62.31179,-24.09314],[-62.34756,-24.11021],[-62.34776,-24.39442],[-62.73699,-24.85258],[-62.21952,-24.85861],[-62.21513,-25.49454],[-61.42952,-25.49208],[-61.42979,-25.5827],[-61.25324,-25.58471],[-61.25589,-26.1216],[-60.79408,-26.12428]]]}},{"type":"Feature","properties":{"gid":"ARG.3.10_1","name2":"Independencia","engtype2":"Department","type2":"Departamento","provZh":"查科省"},"geometry":{"type":"Polygon","coordinates":[[[-60.99149,-26.64767],[-61.00966,-26.83867],[-60.89106,-26.90644],[-60.83364,-26.89854],[-60.83403,-27.0425],[-60.62615,-27.04135],[-60.62611,-26.97255],[-60.70369,-26.94517],[-60.51583,-26.53025],[-60.79854,-26.42871],[-60.91209,-26.67444],[-60.99149,-26.64767]]]}},{"type":"Feature","properties":{"gid":"ARG.3.11_1","name2":"Libertad","engtype2":"Department","type2":"Departamento","provZh":"查科省"},"geometry":{"type":"Polygon","coordinates":[[[-59.58648,-27.29908],[-59.58965,-27.46343],[-59.22889,-27.44988],[-59.17803,-27.41113],[-59.12262,-27.45565],[-58.98673,-27.33114],[-59.07225,-27.29574],[-59.09043,-27.24385],[-59.18933,-27.16026],[-59.46185,-27.40895],[-59.58648,-27.29908]]]}},{"type":"Feature","properties":{"gid":"ARG.3.12_1","name2":"Libertador General San Martín","engtype2":"Department","type2":"Departamento","provZh":"查科省"},"geometry":{"type":"Polygon","coordinates":[[[-58.68893,-26.60131],[-58.75088,-26.59455],[-58.77628,-26.53951],[-58.85655,-26.50672],[-58.96229,-26.38703],[-59.07137,-26.36648],[-59.15053,-26.31637],[-59.14846,-26.28973],[-59.26734,-26.34354],[-59.31493,-26.31707],[-59.35511,-26.33313],[-59.42792,-26.15403],[-59.57317,-26.14804],[-59.63257,-26.11268],[-59.65974,-26.14215],[-59.67074,-26.0123],[-59.70601,-26.01487],[-59.74989,-25.93537],[-59.87821,-25.84193],[-59.86906,-25.80612],[-60.1172,-25.65667],[-60.11743,-26.30732],[-59.87155,-26.30555],[-59.82027,-26.33277],[-59.81942,-26.52537],[-59.72016,-26.52527],[-59.72017,-26.61112],[-59.51871,-26.6142],[-59.51651,-26.69843],[-59.46502,-26.70178],[-59.46584,-26.79149],[-59.22924,-26.79537],[-59.17957,-26.80933],[-59.17575,-26.85638],[-58.95041,-26.85744],[-58.94977,-26.79291],[-58.90037,-26.78283],[-58.68893,-26.60131]]]}},{"type":"Feature","properties":{"gid":"ARG.3.13_1","name2":"Maipú","engtype2":"Department","type2":"Departamento","provZh":"查科省"},"geometry":{"type":"Polygon","coordinates":[[[-60.79854,-26.42871],[-60.21866,-26.63618],[-60.2157,-26.30721],[-60.11743,-26.30732],[-60.11781,-26.12564],[-60.79408,-26.12428],[-60.79854,-26.42871]]]}},{"type":"Feature","properties":{"gid":"ARG.3.14_1","name2":"Mayor Luis J. Fontana","engtype2":"Department","type2":"Departamento","provZh":"查科省"},"geometry":{"type":"Polygon","coordinates":[[[-61.0065,-27.40356],[-61.00744,-27.46584],[-61.03374,-27.46536],[-61.03539,-27.77895],[-60.92476,-27.78453],[-60.9271,-27.99942],[-60.22578,-27.9989],[-60.22495,-27.73071],[-60.53944,-27.72757],[-60.53589,-27.63219],[-60.48475,-27.63158],[-60.48173,-27.45561],[-60.92604,-27.45197],[-60.92259,-27.39485],[-61.0065,-27.40356]]]}},{"type":"Feature","properties":{"gid":"ARG.3.15_1","name2":"Nueve de Julio","engtype2":"Department","type2":"Departamento","provZh":"查科省"},"geometry":{"type":"Polygon","coordinates":[[[-61.71243,-26.63928],[-61.71314,-26.75967],[-60.83908,-27.36558],[-60.83583,-27.29978],[-60.92016,-27.24066],[-60.85762,-27.16518],[-60.83643,-27.18547],[-60.83578,-27.12549],[-61.21706,-26.86388],[-61.1885,-26.83589],[-61.32803,-26.838],[-61.32631,-26.64423],[-61.71243,-26.63928]]]}},{"type":"Feature","properties":{"gid":"ARG.3.16_1","name2":"O'Higgins","engtype2":"Department","type2":"Departamento","provZh":"查科省"},"geometry":{"type":"Polygon","coordinates":[[[-60.92259,-27.39485],[-60.92604,-27.45197],[-60.53381,-27.45524],[-60.52651,-27.00764],[-60.62611,-26.97255],[-60.62615,-27.04135],[-60.83403,-27.0425],[-60.83643,-27.18547],[-60.85762,-27.16518],[-60.92016,-27.24066],[-60.83583,-27.29978],[-60.83932,-27.37031],[-60.92259,-27.39485]]]}},{"type":"Feature","properties":{"gid":"ARG.3.17_1","name2":"Presidencia de la Plaza","engtype2":"Department","type2":"Departamento","provZh":"查科省"},"geometry":{"type":"Polygon","coordinates":[[[-59.56838,-26.99292],[-59.56842,-26.9674],[-59.61823,-26.96539],[-59.62224,-26.78642],[-59.7235,-26.78803],[-59.72324,-26.69604],[-59.8732,-26.69614],[-60.06512,-27.16855],[-59.99221,-27.19656],[-60.02198,-27.19925],[-60.02069,-27.28024],[-59.61052,-27.28287],[-59.56804,-27.24018],[-59.56838,-26.99292]]]}},{"type":"Feature","properties":{"gid":"ARG.3.18_1","name2":"Primero de Mayo","engtype2":"Department","type2":"Departamento","provZh":"查科省"},"geometry":{"type":"Polygon","coordinates":[[[-58.95041,-26.85744],[-59.19199,-26.8563],[-59.19408,-26.88444],[-59.02818,-27.00831],[-59.18933,-27.16026],[-59.09043,-27.24385],[-59.07225,-27.29574],[-59.01253,-27.30941],[-58.86758,-27.4316],[-58.88286,-27.47938],[-58.76965,-27.38188],[-58.73624,-27.27814],[-58.79334,-27.18064],[-58.94024,-27.11533],[-58.95041,-26.85744]]]}},{"type":"Feature","properties":{"gid":"ARG.3.19_1","name2":"Quitilipi","engtype2":"Department","type2":"Departamento","provZh":"查科省"},"geometry":{"type":"Polygon","coordinates":[[[-60.42271,-27.0441],[-60.28307,-27.093],[-60.09718,-26.67698],[-60.01838,-26.70891],[-60.01506,-26.3071],[-60.2157,-26.30721],[-60.21866,-26.63618],[-60.24011,-26.62856],[-60.42271,-27.0441]]]}},{"type":"Feature","properties":{"gid":"ARG.3.20_1","name2":"San Fernando","engtype2":"Department","type2":"Departamento","provZh":"查科省"},"geometry":{"type":"Polygon","coordinates":[[[-59.40858,-27.46451],[-59.41226,-27.99906],[-58.89299,-27.99935],[-58.81113,-27.78433],[-58.82502,-27.67141],[-58.87956,-27.60078],[-58.89077,-27.46151],[-58.86758,-27.4316],[-58.98673,-27.33114],[-59.12262,-27.45565],[-59.17803,-27.41113],[-59.22889,-27.44988],[-59.40858,-27.46451]]]}},{"type":"Feature","properties":{"gid":"ARG.3.21_1","name2":"San Lorenzo","engtype2":"Department","type2":"Departamento","provZh":"查科省"},"geometry":{"type":"Polygon","coordinates":[[[-60.52651,-27.00764],[-60.53381,-27.45524],[-60.48173,-27.45561],[-60.48475,-27.63158],[-60.53589,-27.63219],[-60.53944,-27.72757],[-60.22495,-27.73071],[-60.22307,-27.11396],[-60.52651,-27.00764]]]}},{"type":"Feature","properties":{"gid":"ARG.3.22_1","name2":"Sargento Cabral","engtype2":"Department","type2":"Departamento","provZh":"查科省"},"geometry":{"type":"Polygon","coordinates":[[[-59.19408,-26.88444],[-59.17957,-26.80933],[-59.46584,-26.79149],[-59.46502,-26.70178],[-59.51651,-26.69843],[-59.51871,-26.6142],[-59.72017,-26.61112],[-59.72016,-26.52527],[-59.87083,-26.52539],[-59.87413,-26.69614],[-59.72324,-26.69604],[-59.7235,-26.78803],[-59.62224,-26.78642],[-59.61823,-26.96539],[-59.56842,-26.9674],[-59.56838,-26.99292],[-59.37055,-27.01525],[-59.36763,-26.9673],[-59.31986,-26.96878],[-59.31924,-26.99685],[-59.19408,-26.88444]]]}},{"type":"Feature","properties":{"gid":"ARG.3.23_1","name2":"Tapenagá","engtype2":"Department","type2":"Departamento","provZh":"查科省"},"geometry":{"type":"Polygon","coordinates":[[[-59.61052,-27.28287],[-60.22357,-27.27989],[-60.22578,-27.9989],[-59.41226,-27.99906],[-59.40858,-27.46451],[-59.58965,-27.46343],[-59.58648,-27.29908],[-59.61052,-27.28287]]]}},{"type":"Feature","properties":{"gid":"ARG.3.24_1","name2":"Veinticinco de Mayo","engtype2":"Department","type2":"Departamento","provZh":"查科省"},"geometry":{"type":"Polygon","coordinates":[[[-60.01506,-26.3071],[-60.01838,-26.70891],[-60.09718,-26.67698],[-60.28307,-27.093],[-60.22307,-27.11396],[-60.22357,-27.27989],[-60.02069,-27.28024],[-60.02198,-27.19925],[-59.99221,-27.19656],[-60.06512,-27.16855],[-59.8711,-26.73276],[-59.87083,-26.52539],[-59.81942,-26.52537],[-59.82027,-26.33277],[-59.87155,-26.30555],[-60.01506,-26.3071]]]}},{"type":"Feature","properties":{"gid":"ARG.4.1_1","name2":"Biedma","engtype2":"Department","type2":"Departamento","provZh":"丘布特省"},"geometry":{"type":"Polygon","coordinates":[[[-64.88266,-42.83704],[-65.03236,-42.7668],[-64.98569,-42.6543],[-64.57931,-42.49125],[-64.34153,-42.53292],[-64.3093,-42.58653],[-64.26014,-42.58903],[-64.26875,-42.62264],[-64.2143,-42.62181],[-64.26097,-42.74792],[-64.14597,-42.87486],[-63.67903,-42.79208],[-63.63291,-42.76569],[-63.63903,-42.69958],[-63.58264,-42.60792],[-63.61097,-42.36458],[-63.66264,-42.29764],[-63.60541,-42.3582],[-63.60097,-42.50514],[-63.60514,-42.30653],[-63.74542,-42.08983],[-63.81653,-42.07319],[-64.07764,-42.17958],[-64.37958,-42.23708],[-64.07514,-42.26208],[-64.04486,-42.35708],[-64.12681,-42.42653],[-64.30153,-42.40375],[-64.42403,-42.43847],[-64.48486,-42.41375],[-64.55927,-42.43208],[-64.61236,-42.41819],[-64.61069,-42.3918],[-64.54681,-42.29625],[-64.46264,-42.23875],[-64.87791,-42.18125],[-65.00153,-42.10486],[-65.06903,-41.9976],[-65.97365,-42.00361],[-65.94275,-42.86228],[-64.88266,-42.83704]]]}},{"type":"Feature","properties":{"gid":"ARG.4.2_1","name2":"Cushamen","engtype2":"Department","type2":"Departamento","provZh":"丘布特省"},"geometry":{"type":"Polygon","coordinates":[[[-69.42841,-42.00661],[-71.76412,-41.99953],[-71.72516,-42.11016],[-71.78172,-42.14813],[-71.92559,-42.18947],[-71.95719,-42.1411],[-72.05506,-42.1139],[-72.06727,-42.14743],[-72.1882,-42.16011],[-72.12135,-42.32329],[-72.13104,-42.38411],[-72.02746,-42.40801],[-72.04713,-42.45241],[-72.02113,-42.47866],[-71.62722,-42.48528],[-71.59864,-42.60523],[-71.4802,-42.61318],[-71.48751,-42.66098],[-71.32796,-42.83124],[-71.16712,-42.86193],[-71.04655,-42.94681],[-70.93639,-42.86357],[-70.58466,-42.86646],[-70.51527,-42.73614],[-70.3514,-42.59617],[-70.26631,-42.64131],[-70.14835,-42.62926],[-70.03928,-42.67329],[-69.95942,-42.63195],[-69.84514,-42.6249],[-69.73642,-42.68135],[-69.59798,-42.6926],[-69.50529,-42.79675],[-69.42841,-42.00661]]]}},{"type":"Feature","properties":{"gid":"ARG.4.3_1","name2":"Escalante","engtype2":"Department","type2":"Departamento","provZh":"丘布特省"},"geometry":{"type":"Polygon","coordinates":[[[-66.37014,-45.04458],[-67.07991,-45.04626],[-67.09416,-44.67893],[-68.37119,-44.68717],[-68.36307,-46.00499],[-67.5907,-45.99792],[-67.53097,-45.95958],[-67.54542,-45.91625],[-67.4557,-45.8618],[-67.45541,-45.82125],[-67.36792,-45.78764],[-67.3482,-45.62764],[-67.03514,-45.32236],[-66.8468,-45.23125],[-66.51903,-45.22375],[-66.51264,-45.1968],[-66.59402,-45.17153],[-66.59875,-45.14069],[-66.47292,-45.1668],[-66.46403,-45.14292],[-66.53208,-45.14375],[-66.5293,-45.10903],[-66.37014,-45.04458]]]}},{"type":"Feature","properties":{"gid":"ARG.4.4_1","name2":"Florentino Ameghino","engtype2":"Department","type2":"Departamento","provZh":"丘布特省"},"geometry":{"type":"MultiPolygon","coordinates":[[[[-66.00708,-45.08153],[-66.00847,-45.10514],[-65.9632,-45.10958],[-66.00708,-45.08153]]],[[[-65.59847,-45.04208],[-65.62514,-45.06319],[-65.57181,-45.06708],[-65.59847,-45.04208]]],[[[-67.09174,-44.72068],[-67.07991,-45.04626],[-66.2782,-45.05958],[-66.19264,-44.98292],[-66.00403,-45.00625],[-65.93653,-45.05153],[-65.85097,-45.00208],[-65.82902,-45.04097],[-65.80653,-45.01569],[-65.69347,-45.06347],[-65.68486,-45.03764],[-65.64486,-45.05236],[-65.60097,-45.02736],[-65.62041,-45.00236],[-65.58347,-45.00708],[-65.59431,-44.95681],[-65.51903,-44.92986],[-65.72375,-44.85708],[-65.69014,-44.72014],[-65.60847,-44.64875],[-65.4643,-44.60403],[-65.46181,-44.57625],[-65.36486,-44.58931],[-65.39403,-44.55486],[-65.35902,-44.53819],[-65.36819,-44.51236],[-65.2782,-44.51903],[-65.33375,-44.45542],[-65.21403,-44.36708],[-65.31097,-44.19708],[-65.27653,-44.14764],[-65.22069,-44.1393],[-65.2393,-44.07597],[-65.18681,-44.03486],[-65.25181,-44.02708],[-65.23014,-43.97264],[-65.29903,-43.93403],[-65.32764,-43.84625],[-65.30959,-43.79597],[-65.35291,-43.75873],[-66.45934,-43.782],[-66.43246,-43.85807],[-66.48386,-43.96382],[-66.62982,-44.01981],[-66.67591,-44.07436],[-66.69449,-44.19169],[-66.79888,-44.26285],[-66.83398,-44.38662],[-67.09174,-44.72068]]]]}},{"type":"Feature","properties":{"gid":"ARG.4.5_1","name2":"Futaleufú","engtype2":"Department","type2":"Departamento","provZh":"丘布特省"},"geometry":{"type":"Polygon","coordinates":[[[-72.02113,-42.47866],[-72.05311,-42.56696],[-72.11679,-42.60258],[-72.09696,-42.64199],[-72.17774,-42.68894],[-72.12871,-42.73144],[-72.16508,-42.79869],[-72.11938,-42.87567],[-72.14208,-42.90096],[-72.01295,-43.03057],[-71.93533,-43.05398],[-71.93296,-43.10199],[-71.72937,-43.20003],[-71.75711,-43.22825],[-71.73429,-43.31259],[-71.90333,-43.32106],[-71.89092,-43.38154],[-71.93306,-43.38629],[-71.93074,-43.45665],[-71.88071,-43.45134],[-71.84799,-43.48352],[-71.8913,-43.51041],[-71.87494,-43.55119],[-71.77661,-43.53867],[-71.75944,-43.58408],[-71.66788,-43.52194],[-71.57043,-43.52009],[-71.44812,-43.56944],[-71.31635,-43.55289],[-71.1081,-43.63371],[-70.89655,-43.52507],[-70.84499,-43.45145],[-70.88602,-43.30853],[-70.82536,-43.22443],[-70.79205,-43.02576],[-70.58064,-42.94649],[-70.58466,-42.86646],[-70.93639,-42.86357],[-71.04655,-42.94681],[-71.16712,-42.86193],[-71.32796,-42.83124],[-71.48751,-42.66098],[-71.4802,-42.61318],[-71.59864,-42.60523],[-71.62722,-42.48528],[-72.02113,-42.47866]]]}},{"type":"Feature","properties":{"gid":"ARG.4.6_1","name2":"Gaiman","engtype2":"Department","type2":"Departamento","provZh":"丘布特省"},"geometry":{"type":"Polygon","coordinates":[[[-65.94275,-42.86228],[-67.15363,-42.87897],[-67.14816,-43.3403],[-66.52994,-43.33526],[-66.52462,-43.78303],[-65.4042,-43.76005],[-65.45457,-42.85192],[-65.94275,-42.86228]]]}},{"type":"Feature","properties":{"gid":"ARG.4.7_1","name2":"Gastre","engtype2":"Department","type2":"Departamento","provZh":"丘布特省"},"geometry":{"type":"Polygon","coordinates":[[[-69.50529,-42.79675],[-69.55855,-43.33196],[-67.76759,-43.33879],[-67.77387,-42.88256],[-68.38159,-42.88283],[-68.38938,-42.00552],[-69.42841,-42.00661],[-69.50529,-42.79675]]]}},{"type":"Feature","properties":{"gid":"ARG.4.8_1","name2":"Languiñeo","engtype2":"Department","type2":"Departamento","provZh":"丘布特省"},"geometry":{"type":"Polygon","coordinates":[[[-70.58466,-42.86646],[-70.58064,-42.94649],[-70.79205,-43.02576],[-70.82536,-43.22443],[-70.88602,-43.30853],[-70.84499,-43.45145],[-70.91135,-43.54013],[-71.1081,-43.63371],[-71.31874,-43.5523],[-71.44551,-43.56977],[-71.51988,-43.52644],[-71.66788,-43.52194],[-71.75549,-43.58361],[-71.71718,-43.5764],[-71.703,-43.62551],[-71.61003,-43.62827],[-71.58104,-43.65953],[-71.61198,-43.67598],[-71.59984,-43.69737],[-71.6979,-43.72728],[-71.76372,-43.84077],[-71.70824,-43.85491],[-71.70693,-43.89459],[-71.64972,-43.93473],[-71.47834,-43.92012],[-71.38388,-43.87891],[-71.37174,-43.93541],[-71.11773,-43.93995],[-71.11619,-43.84933],[-70.99586,-43.85066],[-70.99232,-43.76089],[-69.53137,-43.78472],[-69.55885,-43.33495],[-69.50529,-42.79675],[-69.56775,-42.71209],[-69.73642,-42.68135],[-69.84996,-42.62403],[-70.03928,-42.67329],[-70.14835,-42.62926],[-70.26631,-42.64131],[-70.3514,-42.59617],[-70.51527,-42.73614],[-70.58466,-42.86646]]]}},{"type":"Feature","properties":{"gid":"ARG.4.9_1","name2":"Mártires","engtype2":"Department","type2":"Departamento","provZh":"丘布特省"},"geometry":{"type":"Polygon","coordinates":[[[-67.09265,-44.72102],[-66.83398,-44.38662],[-66.79888,-44.26285],[-66.69449,-44.19169],[-66.67591,-44.07436],[-66.62982,-44.01981],[-66.48938,-43.9701],[-66.4354,-43.86953],[-66.45934,-43.782],[-66.52462,-43.78303],[-66.52994,-43.33526],[-67.14816,-43.3403],[-67.15363,-42.87897],[-67.77387,-42.88256],[-67.74809,-44.68492],[-67.09416,-44.67893],[-67.09265,-44.72102]]]}},{"type":"Feature","properties":{"gid":"ARG.4.10_1","name2":"Paso de Indios","engtype2":"Department","type2":"Departamento","provZh":"丘布特省"},"geometry":{"type":"Polygon","coordinates":[[[-67.74809,-44.68492],[-67.76759,-43.33879],[-69.55855,-43.33196],[-69.50911,-44.14491],[-69.91869,-44.67803],[-67.74809,-44.68492]]]}},{"type":"Feature","properties":{"gid":"ARG.4.11_1","name2":"Rawson","engtype2":"Department","type2":"Departamento","provZh":"丘布特省"},"geometry":{"type":"Polygon","coordinates":[[[-64.88266,-42.83704],[-65.45457,-42.85192],[-65.4042,-43.76005],[-65.35291,-43.75873],[-65.3407,-43.67486],[-65.28653,-43.59903],[-65.05263,-43.40403],[-65.05125,-43.33153],[-64.98431,-43.26097],[-64.78597,-43.16208],[-64.47292,-43.07014],[-64.30736,-42.9793],[-64.33125,-42.93431],[-64.48986,-42.94903],[-64.88266,-42.83704]]]}},{"type":"Feature","properties":{"gid":"ARG.4.12_1","name2":"Rió Senguer","engtype2":"Department","type2":"Departamento","provZh":"丘布特省"},"geometry":{"type":"Polygon","coordinates":[[[-69.91869,-44.67803],[-71.2316,-44.65384],[-71.19418,-44.68548],[-71.20543,-44.75078],[-71.29266,-44.81389],[-71.47097,-44.73771],[-71.6628,-44.78761],[-71.78462,-44.7515],[-71.85618,-44.80197],[-72.06537,-44.75794],[-72.07299,-44.7817],[-72.02696,-44.80605],[-72.06722,-44.85034],[-72.03609,-44.86273],[-72.06582,-44.8761],[-72.04035,-44.90197],[-71.87936,-44.95952],[-71.81535,-44.9197],[-71.75431,-44.92698],[-71.74154,-44.95891],[-71.55985,-44.97787],[-71.55797,-45.03043],[-71.50531,-45.07162],[-71.52672,-45.10338],[-71.33318,-45.24132],[-71.3363,-45.32199],[-71.4472,-45.36629],[-71.43825,-45.39582],[-71.52946,-45.3941],[-71.53448,-45.43295],[-71.46995,-45.4952],[-71.55982,-45.52336],[-71.68225,-45.51306],[-71.761,-45.55691],[-71.72629,-45.57756],[-71.77729,-45.61915],[-71.79606,-45.66546],[-71.77233,-45.69536],[-71.80211,-45.71904],[-71.74294,-45.80307],[-71.76776,-45.84707],[-71.65589,-45.88589],[-71.6146,-45.9647],[-71.64824,-46.00673],[-69.64815,-46.00518],[-69.62679,-44.68136],[-69.91869,-44.67803]]]}},{"type":"Feature","properties":{"gid":"ARG.4.13_1","name2":"Sarmiento","engtype2":"Department","type2":"Departamento","provZh":"丘布特省"},"geometry":{"type":"Polygon","coordinates":[[[-68.37119,-44.68717],[-69.62679,-44.68136],[-69.64815,-46.00518],[-68.36307,-46.00499],[-68.37119,-44.68717]]]}},{"type":"Feature","properties":{"gid":"ARG.4.14_1","name2":"Tehuelches","engtype2":"Department","type2":"Departamento","provZh":"丘布特省"},"geometry":{"type":"Polygon","coordinates":[[[-71.64972,-43.93473],[-71.74941,-44.09159],[-71.84951,-44.11487],[-71.84518,-44.16081],[-71.78018,-44.21711],[-71.83135,-44.26601],[-71.78612,-44.33101],[-71.8401,-44.35084],[-71.81471,-44.41681],[-71.71453,-44.38102],[-71.66937,-44.40941],[-71.3872,-44.38544],[-71.34858,-44.42453],[-71.17233,-44.43938],[-71.12888,-44.47112],[-71.16171,-44.49919],[-71.09184,-44.53231],[-71.09593,-44.58607],[-71.20085,-44.59164],[-71.2316,-44.65384],[-69.91869,-44.67803],[-69.50911,-44.14491],[-69.53137,-43.78472],[-70.99232,-43.76089],[-70.99586,-43.85066],[-71.11619,-43.84933],[-71.11773,-43.93995],[-71.37174,-43.93541],[-71.38388,-43.87891],[-71.47834,-43.92012],[-71.64972,-43.93473]]]}},{"type":"Feature","properties":{"gid":"ARG.4.15_1","name2":"Telsen","engtype2":"Department","type2":"Departamento","provZh":"丘布特省"},"geometry":{"type":"Polygon","coordinates":[[[-65.97365,-42.00361],[-68.38938,-42.00552],[-68.38159,-42.88283],[-65.94275,-42.86228],[-65.97365,-42.00361]]]}},{"type":"Feature","properties":{"gid":"ARG.5.1_1","name2":"Distrito Federal","engtype2":"Federal District","type2":"Distrito Federal","provZh":"布宜诺斯艾利斯自治市"},"geometry":{"type":"Polygon","coordinates":[[[-58.34292,-34.63319],[-58.36153,-34.58125],[-58.45125,-34.53181],[-58.50051,-34.55409],[-58.53127,-34.61947],[-58.52893,-34.65953],[-58.46166,-34.70905],[-58.34292,-34.63319]]]}},{"type":"Feature","properties":{"gid":"ARG.6.1_1","name2":"Calamuchita","engtype2":"Department","type2":"Departamento","provZh":"科尔多瓦省"},"geometry":{"type":"Polygon","coordinates":[[[-64.93665,-32.31483],[-64.89465,-32.59835],[-64.52941,-32.61894],[-64.4868,-32.48709],[-64.43607,-32.4586],[-64.43076,-32.38878],[-64.24017,-32.38716],[-64.23823,-32.32615],[-64.28004,-32.3195],[-64.28552,-32.18812],[-64.22691,-31.91615],[-64.28294,-31.91751],[-64.30001,-31.95276],[-64.30042,-31.83828],[-64.3296,-31.8378],[-64.3336,-31.793],[-64.43683,-31.86267],[-64.49583,-31.85286],[-64.53741,-31.79936],[-64.57887,-31.82656],[-64.55877,-31.85884],[-64.59357,-31.89449],[-64.91908,-31.90985],[-64.95667,-32.16764],[-64.93665,-32.31483]]]}},{"type":"Feature","properties":{"gid":"ARG.6.2_1","name2":"Capital","engtype2":"Department","type2":"Departamento","provZh":"科尔多瓦省"},"geometry":{"type":"Polygon","coordinates":[[[-64.31744,-31.34752],[-64.31647,-31.52716],[-64.05798,-31.52771],[-64.06174,-31.31534],[-64.31762,-31.3141],[-64.31744,-31.34752]]]}},{"type":"Feature","properties":{"gid":"ARG.6.3_1","name2":"Colón","engtype2":"Department","type2":"Departamento","provZh":"科尔多瓦省"},"geometry":{"type":"Polygon","coordinates":[[[-64.05952,-31.4407],[-63.96554,-31.46188],[-63.96336,-31.38176],[-63.93206,-31.36059],[-63.96197,-31.35696],[-63.957,-31.27984],[-63.87185,-31.27628],[-63.8425,-31.01496],[-63.93043,-31.01721],[-63.93278,-30.94045],[-64.01385,-30.92746],[-64.04279,-30.96129],[-64.16644,-30.97436],[-64.44874,-30.89518],[-64.45015,-31.06865],[-64.40868,-31.20421],[-64.44127,-31.35383],[-64.34123,-31.3576],[-64.31762,-31.3141],[-64.06174,-31.31534],[-64.05952,-31.4407]]]}},{"type":"Feature","properties":{"gid":"ARG.6.4_1","name2":"Cruz del Eje","engtype2":"Department","type2":"Departamento","provZh":"科尔多瓦省"},"geometry":{"type":"Polygon","coordinates":[[[-65.41371,-30.1224],[-65.60786,-30.65657],[-65.37701,-30.69541],[-65.3371,-30.88381],[-65.16075,-30.87737],[-65.11662,-31.0419],[-65.09,-31.07288],[-65.03978,-31.05725],[-64.95844,-31.14914],[-64.91644,-31.29161],[-64.9323,-31.4094],[-64.79229,-31.42779],[-64.71552,-31.25407],[-64.7039,-31.07301],[-64.67398,-31.03221],[-64.68502,-30.82722],[-64.63193,-30.76603],[-64.65372,-30.69049],[-64.71884,-30.69158],[-64.72004,-30.64063],[-64.88554,-30.64199],[-65.04855,-30.4263],[-65.00137,-30.4223],[-65.00896,-29.98556],[-65.12532,-30.06558],[-65.41371,-30.1224]]]}},{"type":"Feature","properties":{"gid":"ARG.6.5_1","name2":"General Roca","engtype2":"Department","type2":"Departamento","provZh":"科尔多瓦省"},"geometry":{"type":"Polygon","coordinates":[[[-63.39121,-34.5285],[-63.51187,-34.5163],[-63.50981,-34.55708],[-63.83471,-34.54165],[-63.84341,-34.36462],[-64.17119,-34.36921],[-64.17216,-34.25893],[-64.2224,-34.22918],[-64.45686,-34.20997],[-64.87882,-34.02013],[-65.00708,-34.01177],[-65.10992,-33.96017],[-65.10672,-34.99768],[-63.39265,-34.99844],[-63.39121,-34.5285]]]}},{"type":"Feature","properties":{"gid":"ARG.6.6_1","name2":"General San Martín","engtype2":"Department","type2":"Departamento","provZh":"科尔多瓦省"},"geometry":{"type":"Polygon","coordinates":[[[-63.20415,-33.12212],[-63.13387,-32.91453],[-63.06153,-32.81395],[-63.11208,-32.80244],[-63.06936,-32.6363],[-63.12871,-32.60988],[-63.09801,-32.51592],[-63.16908,-32.46837],[-63.03878,-32.37269],[-62.92791,-32.39265],[-62.85399,-32.06411],[-63.01141,-32.04974],[-63.0575,-32.00829],[-63.1158,-32.00849],[-63.17994,-32.08973],[-63.20259,-32.0526],[-63.44101,-32.10596],[-63.36823,-32.19168],[-63.45122,-32.24166],[-63.51787,-32.23615],[-63.56594,-32.38288],[-63.50732,-32.39224],[-63.58064,-32.7007],[-63.55444,-32.70809],[-63.56905,-32.76866],[-63.5201,-32.82108],[-63.52822,-32.86596],[-63.42501,-32.90541],[-63.40523,-32.84174],[-63.34913,-32.85176],[-63.39734,-33.0375],[-63.45983,-33.02779],[-63.48098,-33.1111],[-63.3288,-33.14116],[-63.31644,-33.09951],[-63.20415,-33.12212]]]}},{"type":"Feature","properties":{"gid":"ARG.6.7_1","name2":"Ischilín","engtype2":"Department","type2":"Departamento","provZh":"科尔多瓦省"},"geometry":{"type":"Polygon","coordinates":[[[-64.65372,-30.69049],[-64.52823,-30.69736],[-64.52644,-30.79926],[-64.12254,-30.79011],[-64.12076,-30.73673],[-64.22352,-30.54991],[-64.30936,-30.469],[-64.31677,-30.3705],[-64.40057,-30.35707],[-64.37923,-30.20967],[-64.31004,-30.22127],[-64.29931,-30.12153],[-64.31699,-30.0913],[-65.00853,-30.00997],[-65.00137,-30.4223],[-65.04855,-30.4263],[-64.88554,-30.64199],[-64.72004,-30.64063],[-64.71884,-30.69158],[-64.65372,-30.69049]]]}},{"type":"Feature","properties":{"gid":"ARG.6.8_1","name2":"Juárez Celman","engtype2":"Department","type2":"Departamento","provZh":"科尔多瓦省"},"geometry":{"type":"Polygon","coordinates":[[[-63.54586,-32.81653],[-63.71365,-32.78683],[-63.69494,-32.71365],[-63.91853,-32.70232],[-63.97271,-32.73619],[-64.06531,-33.00141],[-64.06042,-33.04224],[-63.97987,-33.04696],[-63.98913,-33.10369],[-64.04576,-33.10675],[-64.04247,-33.17956],[-63.89941,-33.19466],[-63.89365,-33.63773],[-64.04343,-33.64172],[-64.04376,-33.81746],[-63.23689,-33.81864],[-63.08644,-33.25511],[-63.23394,-33.22777],[-63.20415,-33.12212],[-63.31644,-33.09951],[-63.3288,-33.14116],[-63.48098,-33.1111],[-63.45983,-33.02779],[-63.39734,-33.0375],[-63.34913,-32.85176],[-63.40523,-32.84174],[-63.42501,-32.90541],[-63.52822,-32.86596],[-63.5201,-32.82108],[-63.54586,-32.81653]]]}},{"type":"Feature","properties":{"gid":"ARG.6.9_1","name2":"Marcos Juárez","engtype2":"Department","type2":"Departamento","provZh":"科尔多瓦省"},"geometry":{"type":"Polygon","coordinates":[[[-62.53271,-33.93945],[-61.92498,-33.12473],[-61.79692,-33.02074],[-61.7779,-32.91002],[-61.80292,-32.76687],[-61.86489,-32.69777],[-61.95321,-32.67374],[-61.88758,-32.59142],[-61.92011,-32.58582],[-61.901,-32.55864],[-61.92822,-32.54028],[-61.92572,-32.47343],[-62.03931,-32.25749],[-62.17666,-32.15849],[-62.18179,-32.0717],[-62.29186,-32.05286],[-62.3808,-32.29171],[-62.28724,-32.30841],[-62.30203,-32.38206],[-62.35867,-32.3759],[-62.3745,-32.43896],[-62.39978,-32.43894],[-62.46582,-32.68439],[-62.49575,-32.68224],[-62.52138,-32.7985],[-62.49627,-32.7861],[-62.474,-32.84249],[-62.52542,-32.83598],[-62.54656,-33.04687],[-62.63161,-33.1046],[-62.53349,-33.12532],[-62.57996,-33.20214],[-62.68584,-33.27715],[-62.6122,-33.29232],[-62.65023,-33.33372],[-62.7566,-33.78658],[-62.78215,-33.78568],[-62.80858,-33.88775],[-62.53271,-33.93945]]]}},{"type":"Feature","properties":{"gid":"ARG.6.10_1","name2":"Minas","engtype2":"Department","type2":"Departamento","provZh":"科尔多瓦省"},"geometry":{"type":"Polygon","coordinates":[[[-65.60786,-30.65657],[-65.76972,-31.03168],[-65.77206,-31.2672],[-64.9216,-31.2696],[-64.99271,-31.09396],[-65.11662,-31.0419],[-65.16075,-30.87737],[-65.3371,-30.88381],[-65.37701,-30.69541],[-65.60786,-30.65657]]]}},{"type":"Feature","properties":{"gid":"ARG.6.11_1","name2":"Pocho","engtype2":"Department","type2":"Departamento","provZh":"科尔多瓦省"},"geometry":{"type":"Polygon","coordinates":[[[-64.9216,-31.2696],[-65.77206,-31.2672],[-65.77686,-31.74479],[-65.50644,-31.75911],[-65.47392,-31.62202],[-65.2855,-31.65138],[-65.07222,-31.4381],[-64.9323,-31.4094],[-64.9216,-31.2696]]]}},{"type":"Feature","properties":{"gid":"ARG.6.12_1","name2":"Presidente Roque Sáenz Peña","engtype2":"Department","type2":"Departamento","provZh":"科尔多瓦省"},"geometry":{"type":"Polygon","coordinates":[[[-62.88922,-34.38429],[-62.53271,-33.93945],[-63.23367,-33.80667],[-64.04376,-33.81746],[-64.04275,-34.15892],[-64.2224,-34.22918],[-64.17216,-34.25893],[-64.17119,-34.36921],[-63.84341,-34.36462],[-63.83471,-34.54165],[-63.50981,-34.55708],[-63.51187,-34.5163],[-63.39121,-34.5285],[-63.39386,-34.385],[-62.88922,-34.38429]]]}},{"type":"Feature","properties":{"gid":"ARG.6.13_1","name2":"Punilla","engtype2":"Department","type2":"Departamento","provZh":"科尔多瓦省"},"geometry":{"type":"Polygon","coordinates":[[[-64.44874,-30.89518],[-64.46379,-30.80242],[-64.52644,-30.79926],[-64.52823,-30.69736],[-64.65372,-30.69049],[-64.63193,-30.76603],[-64.68502,-30.82722],[-64.67398,-31.03221],[-64.7039,-31.07301],[-64.71552,-31.25407],[-64.80948,-31.42815],[-64.8157,-31.50905],[-64.73176,-31.67757],[-64.60626,-31.72005],[-64.54926,-31.69725],[-64.55422,-31.56073],[-64.49744,-31.41577],[-64.43871,-31.36748],[-64.40868,-31.20421],[-64.45015,-31.06865],[-64.44874,-30.89518]]]}},{"type":"Feature","properties":{"gid":"ARG.6.14_1","name2":"Rió Cuarto","engtype2":"Department","type2":"Departamento","provZh":"科尔多瓦省"},"geometry":{"type":"Polygon","coordinates":[[[-64.89465,-32.59835],[-64.94083,-32.65735],[-64.92646,-32.70167],[-65.06278,-33.09314],[-65.05229,-33.14005],[-65.14777,-33.19838],[-65.10992,-33.96017],[-65.00708,-34.01177],[-64.87882,-34.02013],[-64.45053,-34.21165],[-64.23746,-34.23149],[-64.05204,-34.16415],[-64.04343,-33.64172],[-63.89365,-33.63773],[-63.89941,-33.19466],[-64.04247,-33.17956],[-64.04576,-33.10675],[-63.98913,-33.10369],[-63.97987,-33.04696],[-64.06042,-33.04224],[-64.06531,-33.00141],[-63.96742,-32.71718],[-64.03607,-32.74428],[-63.96732,-32.4641],[-63.91196,-32.43668],[-63.89262,-32.37378],[-63.97497,-32.35432],[-63.9736,-32.32502],[-64.22416,-32.31155],[-64.24017,-32.38716],[-64.43076,-32.38878],[-64.43607,-32.4586],[-64.4868,-32.48709],[-64.52941,-32.61894],[-64.89465,-32.59835]]]}},{"type":"Feature","properties":{"gid":"ARG.6.15_1","name2":"Rió Primero","engtype2":"Department","type2":"Departamento","provZh":"科尔多瓦省"},"geometry":{"type":"Polygon","coordinates":[[[-63.96554,-31.46188],[-63.95798,-31.56663],[-63.85331,-31.56448],[-63.70308,-31.53075],[-63.68538,-31.49033],[-63.58445,-31.46438],[-63.54427,-31.39702],[-63.36285,-31.37115],[-63.37056,-31.32684],[-63.28587,-31.34115],[-63.25677,-31.25958],[-63.18233,-31.27363],[-63.11357,-31.10078],[-63.04022,-31.11272],[-63.02308,-31.05939],[-62.96716,-31.04316],[-62.947,-30.95205],[-62.82764,-30.91712],[-62.83846,-30.78735],[-62.90131,-30.76911],[-62.95859,-30.68826],[-63.38774,-30.60395],[-63.38229,-30.53683],[-63.57297,-30.5091],[-63.60017,-30.65918],[-63.65486,-30.7276],[-63.68197,-30.91129],[-63.78193,-30.90074],[-63.7853,-30.96585],[-63.84146,-30.96754],[-63.87185,-31.27628],[-63.957,-31.27984],[-63.96197,-31.35696],[-63.93206,-31.36059],[-63.96336,-31.38176],[-63.96554,-31.46188]]]}},{"type":"Feature","properties":{"gid":"ARG.6.16_1","name2":"Rió Seco","engtype2":"Department","type2":"Departamento","provZh":"科尔多瓦省"},"geometry":{"type":"Polygon","coordinates":[[[-63.93187,-30.08238],[-63.51379,-30.16577],[-63.51094,-30.25616],[-63.41491,-30.25645],[-63.41423,-30.29104],[-63.38095,-30.28809],[-63.37747,-30.21754],[-62.522,-30.32632],[-62.58796,-30.24354],[-62.55992,-30.08235],[-62.76353,-29.93917],[-62.81066,-29.84223],[-62.78357,-29.81477],[-63.45188,-29.77591],[-63.45231,-29.72373],[-63.48328,-29.72275],[-63.46912,-29.66339],[-63.76805,-29.64719],[-63.81867,-29.84202],[-63.88408,-29.86879],[-63.93187,-30.08238]]]}},{"type":"Feature","properties":{"gid":"ARG.6.17_1","name2":"Rió Segundo","engtype2":"Department","type2":"Departamento","provZh":"科尔多瓦省"},"geometry":{"type":"Polygon","coordinates":[[[-62.85399,-32.06411],[-62.84229,-32.02059],[-62.88203,-32.01773],[-62.88556,-31.98647],[-62.99554,-31.91217],[-63.10201,-31.67671],[-63.18335,-31.64639],[-63.22468,-31.58075],[-63.21739,-31.49017],[-63.27086,-31.45594],[-63.28477,-31.34133],[-63.37056,-31.32684],[-63.36285,-31.37115],[-63.54427,-31.39702],[-63.58445,-31.46438],[-63.68538,-31.49033],[-63.70308,-31.53075],[-63.94377,-31.55688],[-64.02292,-31.61116],[-63.98677,-31.65966],[-64.01942,-31.66223],[-64.02496,-31.75741],[-63.95558,-31.76761],[-63.92191,-31.98274],[-63.71061,-31.98193],[-63.6879,-32.03345],[-63.68378,-32.00466],[-63.66735,-32.01997],[-63.57874,-31.96472],[-63.43151,-31.98759],[-63.24761,-31.93863],[-63.24721,-31.99663],[-63.20761,-32.02594],[-63.09748,-31.96623],[-63.10581,-32.00845],[-63.01192,-32.02727],[-63.01141,-32.04974],[-62.85399,-32.06411]]]}},{"type":"Feature","properties":{"gid":"ARG.6.18_1","name2":"San Alberto","engtype2":"Department","type2":"Departamento","provZh":"科尔多瓦省"},"geometry":{"type":"Polygon","coordinates":[[[-64.9323,-31.4094],[-65.07222,-31.4381],[-65.2855,-31.65138],[-65.47392,-31.62202],[-65.50644,-31.75911],[-65.77686,-31.74479],[-65.77826,-31.88525],[-65.16179,-31.93796],[-65.01187,-31.86809],[-64.90952,-31.90623],[-64.85622,-31.83623],[-64.76782,-31.82802],[-64.72871,-31.67951],[-64.8157,-31.50905],[-64.80948,-31.42815],[-64.9323,-31.4094]]]}},{"type":"Feature","properties":{"gid":"ARG.6.19_1","name2":"San Javier","engtype2":"Department","type2":"Departamento","provZh":"科尔多瓦省"},"geometry":{"type":"Polygon","coordinates":[[[-64.90952,-31.90623],[-65.0054,-31.868],[-65.16179,-31.93796],[-65.35918,-31.92808],[-65.38926,-31.90038],[-65.62031,-31.90664],[-65.28996,-32.05672],[-65.2485,-32.10879],[-65.21337,-32.3213],[-65.05901,-32.32229],[-64.93665,-32.31483],[-64.95631,-32.16211],[-64.93595,-31.93121],[-64.90952,-31.90623]]]}},{"type":"Feature","properties":{"gid":"ARG.6.20_1","name2":"San Justo","engtype2":"Department","type2":"Departamento","provZh":"科尔多瓦省"},"geometry":{"type":"Polygon","coordinates":[[[-62.18179,-32.0717],[-62.17647,-31.97009],[-62.22964,-31.88673],[-62.21495,-31.78152],[-62.24963,-31.70164],[-62.13195,-31.60856],[-61.83227,-30.67349],[-61.98256,-30.64628],[-61.97818,-30.59803],[-62.02349,-30.59236],[-62.12774,-30.48811],[-62.1773,-30.33038],[-62.37014,-30.32524],[-62.3722,-30.56334],[-62.51321,-30.56288],[-62.55537,-30.52464],[-62.65012,-30.51045],[-62.70332,-30.54772],[-62.68966,-30.59417],[-63.02884,-30.67906],[-62.93042,-30.69979],[-62.90131,-30.76911],[-62.83846,-30.78735],[-62.82764,-30.91712],[-62.947,-30.95205],[-62.96716,-31.04316],[-63.02308,-31.05939],[-63.04022,-31.11272],[-63.11357,-31.10078],[-63.18233,-31.27363],[-63.25677,-31.25958],[-63.28587,-31.34115],[-63.27086,-31.45594],[-63.21739,-31.49017],[-63.22468,-31.58075],[-63.18335,-31.64639],[-63.10201,-31.67671],[-62.99554,-31.91217],[-62.88556,-31.98647],[-62.88203,-32.01773],[-62.64418,-32.05462],[-62.62743,-32.00299],[-62.45588,-31.98352],[-62.33127,-32.00732],[-62.33599,-32.04528],[-62.18179,-32.0717]]]}},{"type":"Feature","properties":{"gid":"ARG.6.21_1","name2":"Santa María","engtype2":"Department","type2":"Departamento","provZh":"科尔多瓦省"},"geometry":{"type":"Polygon","coordinates":[[[-64.25605,-32.01288],[-64.09287,-32.00599],[-64.09113,-31.95605],[-63.98182,-31.95478],[-63.98211,-31.9986],[-63.9216,-32.00904],[-63.95558,-31.76761],[-64.02496,-31.75741],[-64.01942,-31.66223],[-63.98677,-31.65966],[-64.02292,-31.61116],[-63.95798,-31.56663],[-63.96554,-31.46188],[-64.05952,-31.4407],[-64.05798,-31.52771],[-64.31647,-31.52716],[-64.31744,-31.34752],[-64.4295,-31.35034],[-64.49744,-31.41577],[-64.55244,-31.55547],[-64.54926,-31.69725],[-64.60626,-31.72005],[-64.72871,-31.67951],[-64.7632,-31.8242],[-64.85622,-31.83623],[-64.90952,-31.90623],[-64.59357,-31.89449],[-64.55877,-31.85884],[-64.57887,-31.82656],[-64.53741,-31.79936],[-64.49583,-31.85286],[-64.43683,-31.86267],[-64.3336,-31.793],[-64.3296,-31.8378],[-64.30042,-31.83828],[-64.30001,-31.95276],[-64.28294,-31.91751],[-64.22691,-31.91615],[-64.25605,-32.01288]]]}},{"type":"Feature","properties":{"gid":"ARG.6.22_1","name2":"Sobremonte","engtype2":"Department","type2":"Departamento","provZh":"科尔多瓦省"},"geometry":{"type":"Polygon","coordinates":[[[-63.76445,-29.64486],[-63.80717,-29.57],[-63.86525,-29.56977],[-63.89259,-29.61766],[-63.96255,-29.61723],[-63.97711,-29.54603],[-64.33191,-29.50332],[-64.47321,-29.52216],[-64.47743,-29.79161],[-64.40764,-29.80269],[-64.41773,-29.89644],[-64.20295,-29.9435],[-64.16291,-30.07814],[-64.00153,-30.09786],[-63.93187,-30.08238],[-63.88408,-29.86879],[-63.81867,-29.84202],[-63.76445,-29.64486]]]}},{"type":"Feature","properties":{"gid":"ARG.6.23_1","name2":"Tercero Arriba","engtype2":"Department","type2":"Departamento","provZh":"科尔多瓦省"},"geometry":{"type":"Polygon","coordinates":[[[-64.23823,-32.32615],[-64.08572,-32.30687],[-63.89262,-32.37378],[-63.91196,-32.43668],[-63.96732,-32.4641],[-64.03607,-32.74428],[-63.91853,-32.70232],[-63.69494,-32.71365],[-63.71365,-32.78683],[-63.54586,-32.81653],[-63.55444,-32.70809],[-63.58064,-32.7007],[-63.50732,-32.39224],[-63.56594,-32.38288],[-63.54579,-32.27147],[-63.51331,-32.23263],[-63.45122,-32.24166],[-63.36823,-32.19168],[-63.44101,-32.10596],[-63.20259,-32.0526],[-63.17994,-32.08973],[-63.09748,-31.96623],[-63.20761,-32.02594],[-63.24721,-31.99663],[-63.24761,-31.93863],[-63.43151,-31.98759],[-63.57874,-31.96472],[-63.70601,-32.03444],[-63.71061,-31.98193],[-63.92191,-31.98274],[-63.92666,-32.01247],[-63.98211,-31.9986],[-63.98182,-31.95478],[-64.09113,-31.95605],[-64.09287,-32.00599],[-64.25605,-32.01288],[-64.28004,-32.3195],[-64.23823,-32.32615]]]}},{"type":"Feature","properties":{"gid":"ARG.6.24_1","name2":"Totoral","engtype2":"Department","type2":"Departamento","provZh":"科尔多瓦省"},"geometry":{"type":"Polygon","coordinates":[[[-63.8425,-31.01496],[-63.84146,-30.96754],[-63.7853,-30.96585],[-63.78193,-30.90074],[-63.68197,-30.91129],[-63.65486,-30.7276],[-63.60017,-30.65918],[-63.57489,-30.51974],[-63.80662,-30.53622],[-63.84336,-30.41984],[-63.97981,-30.42146],[-63.9904,-30.47781],[-64.02413,-30.4922],[-64.309,-30.46899],[-64.22352,-30.54991],[-64.1204,-30.78472],[-64.25163,-30.80399],[-64.43776,-30.78206],[-64.46379,-30.80242],[-64.44874,-30.89518],[-64.16644,-30.97436],[-64.04279,-30.96129],[-64.01385,-30.92746],[-63.93278,-30.94045],[-63.93043,-31.01721],[-63.8425,-31.01496]]]}},{"type":"Feature","properties":{"gid":"ARG.6.25_1","name2":"Tulumba","engtype2":"Department","type2":"Departamento","provZh":"科尔多瓦省"},"geometry":{"type":"Polygon","coordinates":[[[-65.00896,-29.98556],[-65.00853,-30.00997],[-64.31699,-30.0913],[-64.31004,-30.22127],[-64.37923,-30.20967],[-64.40057,-30.35707],[-64.31677,-30.3705],[-64.30936,-30.469],[-64.02413,-30.4922],[-63.9904,-30.47781],[-63.97981,-30.42146],[-63.84336,-30.41984],[-63.80662,-30.53622],[-63.62408,-30.54044],[-63.57297,-30.5091],[-63.38229,-30.53683],[-63.38774,-30.60395],[-63.02884,-30.67906],[-62.68966,-30.59417],[-62.70332,-30.54772],[-62.65012,-30.51045],[-62.55537,-30.52464],[-62.51321,-30.56288],[-62.3722,-30.56334],[-62.37014,-30.32524],[-63.37747,-30.21754],[-63.38095,-30.28809],[-63.41423,-30.29104],[-63.41491,-30.25645],[-63.51094,-30.25616],[-63.51379,-30.16577],[-63.82962,-30.11558],[-63.90436,-30.07644],[-64.00771,-30.09891],[-64.16291,-30.07814],[-64.20295,-29.9435],[-64.41773,-29.89644],[-64.40764,-29.80269],[-64.47743,-29.79161],[-64.47321,-29.52216],[-64.9697,-29.58564],[-64.90726,-29.90663],[-65.00896,-29.98556]]]}},{"type":"Feature","properties":{"gid":"ARG.6.26_1","name2":"Unión","engtype2":"Department","type2":"Departamento","provZh":"科尔多瓦省"},"geometry":{"type":"Polygon","coordinates":[[[-63.20415,-33.12212],[-63.23394,-33.22777],[-63.08644,-33.25511],[-63.23367,-33.80667],[-62.80858,-33.88775],[-62.78215,-33.78568],[-62.7566,-33.78658],[-62.65023,-33.33372],[-62.6122,-33.29232],[-62.68584,-33.27715],[-62.57996,-33.20214],[-62.53349,-33.12532],[-62.63161,-33.1046],[-62.54656,-33.04687],[-62.52542,-32.83598],[-62.474,-32.84249],[-62.49627,-32.7861],[-62.52138,-32.7985],[-62.49575,-32.68224],[-62.46582,-32.68439],[-62.39978,-32.43894],[-62.3745,-32.43896],[-62.35867,-32.3759],[-62.30203,-32.38206],[-62.28724,-32.30841],[-62.3808,-32.29171],[-62.29186,-32.05286],[-62.33599,-32.04528],[-62.33127,-32.00732],[-62.52396,-31.98216],[-62.53143,-32.00578],[-62.62743,-32.00299],[-62.64418,-32.05462],[-62.84229,-32.02059],[-62.92791,-32.39265],[-63.03878,-32.37269],[-63.16908,-32.46837],[-63.09801,-32.51592],[-63.12871,-32.60988],[-63.06936,-32.6363],[-63.11208,-32.80244],[-63.06153,-32.81395],[-63.13387,-32.91453],[-63.20415,-33.12212]]]}},{"type":"Feature","properties":{"gid":"ARG.7.1_1","name2":"Bella Vista","engtype2":"Department","type2":"Departamento","provZh":"科连特斯省"},"geometry":{"type":"Polygon","coordinates":[[[-59.06731,-28.16387],[-59.0994,-28.22198],[-59.10041,-28.34069],[-59.0569,-28.48299],[-59.10962,-28.60371],[-59.07714,-28.64468],[-59.15875,-28.77384],[-58.97037,-28.82515],[-58.86487,-28.65669],[-58.74992,-28.60805],[-58.66375,-28.51453],[-58.69744,-28.42466],[-58.7465,-28.40282],[-58.8079,-28.23637],[-58.86435,-28.27906],[-59.01222,-28.2643],[-59.00523,-28.21313],[-58.96051,-28.18947],[-59.02679,-28.19493],[-59.06731,-28.16387]]]}},{"type":"Feature","properties":{"gid":"ARG.7.2_1","name2":"Berón de Astrada","engtype2":"Department","type2":"Departamento","provZh":"科连特斯省"},"geometry":{"type":"Polygon","coordinates":[[[-57.88391,-27.43026],[-57.7014,-27.48465],[-57.72029,-27.54728],[-57.59037,-27.59917],[-57.59806,-27.62783],[-57.4648,-27.54917],[-57.39706,-27.42383],[-57.33348,-27.41412],[-57.51085,-27.439],[-57.73357,-27.325],[-57.77917,-27.33374],[-57.7524,-27.35442],[-57.76726,-27.38367],[-57.85243,-27.39025],[-57.88391,-27.43026]]]}},{"type":"Feature","properties":{"gid":"ARG.7.3_1","name2":"Capital","engtype2":"Department","type2":"Departamento","provZh":"科连特斯省"},"geometry":{"type":"Polygon","coordinates":[[[-58.76965,-27.38188],[-58.889,-27.48726],[-58.87956,-27.60078],[-58.83153,-27.66207],[-58.66367,-27.60673],[-58.62469,-27.50055],[-58.63346,-27.47211],[-58.67532,-27.47416],[-58.66987,-27.4263],[-58.71465,-27.36686],[-58.76965,-27.38188]]]}},{"type":"Feature","properties":{"gid":"ARG.7.4_1","name2":"Concepción","engtype2":"Department","type2":"Departamento","provZh":"科连特斯省"},"geometry":{"type":"Polygon","coordinates":[[[-57.65499,-28.38735],[-57.69039,-28.31432],[-57.60733,-28.23578],[-57.6714,-28.14126],[-57.64663,-28.12251],[-57.77712,-27.94232],[-57.98993,-28.01867],[-58.06332,-28.08958],[-58.30017,-28.19713],[-58.42669,-28.29915],[-58.30858,-28.43392],[-58.45629,-28.55666],[-58.48833,-28.66418],[-58.54654,-28.73088],[-58.50186,-28.77868],[-58.41896,-28.73116],[-58.30839,-28.82499],[-58.27975,-28.76464],[-58.14881,-28.7393],[-58.06913,-28.67042],[-57.89422,-28.67641],[-57.62389,-28.59657],[-57.69377,-28.47601],[-57.64193,-28.43397],[-57.65499,-28.38735]]]}},{"type":"Feature","properties":{"gid":"ARG.7.5_1","name2":"Curuzú Cuatiá","engtype2":"Department","type2":"Departamento","provZh":"科连特斯省"},"geometry":{"type":"Polygon","coordinates":[[[-58.7385,-29.66331],[-58.71986,-29.65555],[-58.73001,-29.74373],[-58.70365,-29.79421],[-58.74931,-29.86415],[-58.60495,-29.84578],[-58.47213,-30.00797],[-58.45139,-30.10495],[-58.59613,-30.16891],[-58.35738,-30.26331],[-58.26615,-30.25002],[-58.08915,-30.41543],[-58.03238,-30.23164],[-58.0674,-30.10377],[-57.97607,-30.00715],[-58.06084,-29.93648],[-58.06279,-29.86821],[-57.95887,-29.83429],[-57.8436,-29.96244],[-57.72086,-30.03133],[-57.65837,-30.00032],[-57.71705,-29.94462],[-57.71928,-29.87101],[-57.66952,-29.83065],[-57.69923,-29.78428],[-57.62677,-29.73942],[-57.7465,-29.75295],[-57.84219,-29.71092],[-57.91735,-29.5532],[-58.16024,-29.44344],[-58.30846,-29.26155],[-58.36947,-29.24664],[-58.60701,-29.05442],[-58.70285,-29.12374],[-58.85152,-29.31846],[-58.90015,-29.45367],[-58.88793,-29.56958],[-58.77548,-29.58587],[-58.7385,-29.66331]]]}},{"type":"Feature","properties":{"gid":"ARG.7.6_1","name2":"Empedrado","engtype2":"Department","type2":"Departamento","provZh":"科连特斯省"},"geometry":{"type":"Polygon","coordinates":[[[-58.89299,-27.99935],[-58.87082,-28.03262],[-58.91324,-28.10107],[-59.05331,-28.12454],[-59.06731,-28.16387],[-58.89888,-28.2124],[-58.57987,-27.99002],[-58.46728,-27.96721],[-58.39708,-27.99511],[-58.29255,-27.95421],[-58.32789,-27.86094],[-58.4086,-27.85255],[-58.39416,-27.77606],[-58.45705,-27.77556],[-58.45518,-27.74719],[-58.50396,-27.74896],[-58.55186,-27.70025],[-58.60141,-27.70533],[-58.60926,-27.62144],[-58.66367,-27.60673],[-58.83153,-27.66207],[-58.81158,-27.78974],[-58.89299,-27.99935]]]}},{"type":"Feature","properties":{"gid":"ARG.7.7_1","name2":"Esquina","engtype2":"Department","type2":"Departamento","provZh":"科连特斯省"},"geometry":{"type":"Polygon","coordinates":[[[-58.90213,-29.46759],[-58.95808,-29.53831],[-59.0597,-29.58303],[-59.08419,-29.6488],[-59.18281,-29.74426],[-59.41438,-29.80849],[-59.48588,-29.85856],[-59.50551,-29.95522],[-59.59946,-30.06101],[-59.6224,-30.22799],[-59.6889,-30.27887],[-59.6105,-30.42172],[-59.55446,-30.3341],[-59.39772,-30.32074],[-59.24231,-30.36129],[-59.12876,-30.29923],[-59.13276,-30.20888],[-59.07228,-30.16904],[-59.04169,-29.86534],[-58.93409,-29.81999],[-58.85485,-29.75944],[-58.85404,-29.71763],[-58.73823,-29.66256],[-58.77548,-29.58587],[-58.88793,-29.56958],[-58.87765,-29.48916],[-58.90213,-29.46759]]]}},{"type":"Feature","properties":{"gid":"ARG.7.8_1","name2":"General Alvear","engtype2":"Department","type2":"Departamento","provZh":"科连特斯省"},"geometry":{"type":"Polygon","coordinates":[[[-56.59727,-29.12669],[-56.42844,-29.07647],[-56.41017,-28.97657],[-56.30639,-28.8997],[-56.32333,-28.77626],[-56.3604,-28.78724],[-56.43476,-28.69415],[-56.47742,-28.69409],[-56.3898,-28.60887],[-56.42439,-28.45768],[-56.56213,-28.42099],[-56.61386,-28.53121],[-56.67347,-28.55494],[-56.66202,-28.65641],[-56.71998,-28.73095],[-56.68359,-28.96115],[-56.59716,-29.04405],[-56.62468,-29.09715],[-56.59727,-29.12669]]]}},{"type":"Feature","properties":{"gid":"ARG.7.9_1","name2":"General Paz","engtype2":"Department","type2":"Departamento","provZh":"科连特斯省"},"geometry":{"type":"Polygon","coordinates":[[[-57.83635,-27.46114],[-57.94572,-27.61548],[-58.30084,-27.78877],[-58.22176,-27.83306],[-58.02462,-27.79874],[-58.08892,-27.84568],[-58.0783,-27.88209],[-58.03365,-27.88626],[-58.00143,-27.95772],[-57.93403,-27.93978],[-57.91447,-27.99055],[-57.85131,-27.97274],[-57.74082,-27.92297],[-57.60377,-27.76289],[-57.40688,-27.64297],[-57.24088,-27.49132],[-57.26454,-27.45567],[-57.23286,-27.44222],[-57.39706,-27.42383],[-57.4648,-27.54917],[-57.59806,-27.62783],[-57.59037,-27.59917],[-57.72029,-27.54728],[-57.7014,-27.48465],[-57.83635,-27.46114]]]}},{"type":"Feature","properties":{"gid":"ARG.7.10_1","name2":"Goya","engtype2":"Department","type2":"Departamento","provZh":"科连特斯省"},"geometry":{"type":"Polygon","coordinates":[[[-58.79257,-29.25847],[-58.84898,-29.25205],[-58.85457,-29.22102],[-58.80444,-29.12793],[-59.12333,-29.05883],[-59.19312,-29.10193],[-59.31945,-29.09361],[-59.39906,-29.20986],[-59.49294,-29.22505],[-59.52537,-29.31811],[-59.60914,-29.4037],[-59.60295,-29.64685],[-59.6373,-29.69878],[-59.61816,-29.75431],[-59.67994,-29.82533],[-59.62262,-29.88524],[-59.58831,-30.00004],[-59.56313,-30.02114],[-59.53699,-30.0006],[-59.48588,-29.85856],[-59.4318,-29.81743],[-59.14773,-29.71537],[-59.0597,-29.58303],[-58.95808,-29.53831],[-58.9039,-29.47095],[-58.85152,-29.31846],[-58.79257,-29.25847]]]}},{"type":"Feature","properties":{"gid":"ARG.7.11_1","name2":"Itatí","engtype2":"Department","type2":"Departamento","provZh":"科连特斯省"},"geometry":{"type":"Polygon","coordinates":[[[-57.77917,-27.33374],[-58.00693,-27.26365],[-58.33825,-27.26996],[-58.3112,-27.41555],[-58.2248,-27.43232],[-58.07913,-27.39236],[-57.88391,-27.43026],[-57.85243,-27.39025],[-57.76413,-27.38145],[-57.77917,-27.33374]]]}},{"type":"Feature","properties":{"gid":"ARG.7.12_1","name2":"Ituzaingó","engtype2":"Department","type2":"Departamento","provZh":"科连特斯省"},"geometry":{"type":"Polygon","coordinates":[[[-57.62389,-28.59657],[-57.30829,-28.52843],[-57.05774,-28.36811],[-56.87738,-28.19208],[-56.63111,-27.83577],[-56.5002,-27.92177],[-56.45432,-27.86942],[-56.35748,-27.9112],[-56.24782,-27.75883],[-56.17117,-27.78695],[-56.15072,-27.82972],[-55.92894,-27.89739],[-55.90396,-28.00635],[-55.87819,-28.00414],[-55.81986,-27.94843],[-55.83132,-27.8044],[-56.05787,-27.45783],[-56.02844,-27.32048],[-56.14348,-27.31252],[-56.28265,-27.40851],[-56.28761,-27.48433],[-56.38321,-27.60438],[-56.48222,-27.57844],[-56.54795,-27.46944],[-56.59814,-27.44511],[-56.70767,-27.46158],[-56.73728,-27.55948],[-56.84199,-27.60312],[-56.96246,-27.52641],[-56.99166,-27.5844],[-57.09498,-27.63458],[-57.36921,-27.92555],[-57.41535,-28.02748],[-57.40808,-28.13991],[-57.4542,-28.30234],[-57.65499,-28.38735],[-57.64193,-28.43397],[-57.69377,-28.47601],[-57.62389,-28.59657]]]}},{"type":"Feature","properties":{"gid":"ARG.7.13_1","name2":"Lavalle","engtype2":"Department","type2":"Departamento","provZh":"科连特斯省"},"geometry":{"type":"Polygon","coordinates":[[[-59.15875,-28.77384],[-59.23636,-29.09595],[-59.12333,-29.05883],[-59.10073,-29.0836],[-58.99744,-29.0738],[-58.84819,-29.10961],[-58.79993,-29.13324],[-58.85117,-29.24903],[-58.79257,-29.25847],[-58.70285,-29.12374],[-58.60992,-29.06034],[-58.88379,-28.84089],[-59.15875,-28.77384]]]}},{"type":"Feature","properties":{"gid":"ARG.7.14_1","name2":"Mburucuyá","engtype2":"Department","type2":"Departamento","provZh":"科连特斯省"},"geometry":{"type":"Polygon","coordinates":[[[-57.91447,-27.99055],[-57.93403,-27.93978],[-58.00143,-27.95772],[-58.03365,-27.88626],[-58.0783,-27.88209],[-58.08892,-27.84568],[-58.02462,-27.79874],[-58.07732,-27.7948],[-58.16501,-27.81633],[-58.16138,-27.86781],[-58.20788,-27.91479],[-58.41291,-27.9939],[-58.33253,-28.09953],[-58.36516,-28.13544],[-58.30385,-28.19928],[-57.91447,-27.99055]]]}},{"type":"Feature","properties":{"gid":"ARG.7.15_1","name2":"Mercedes","engtype2":"Department","type2":"Departamento","provZh":"科连特斯省"},"geometry":{"type":"Polygon","coordinates":[[[-58.30839,-28.82499],[-58.38792,-28.91794],[-58.49998,-28.93028],[-58.60499,-29.05951],[-58.36947,-29.24664],[-58.30846,-29.26155],[-58.16024,-29.44344],[-57.91735,-29.5532],[-57.84219,-29.71092],[-57.7465,-29.75295],[-57.62677,-29.73942],[-57.55229,-29.65006],[-57.51951,-29.54791],[-57.5224,-29.443],[-57.58084,-29.32321],[-57.55297,-29.21029],[-57.1934,-28.83541],[-57.1867,-28.59165],[-57.24101,-28.49712],[-57.88633,-28.6749],[-58.06913,-28.67042],[-58.14881,-28.7393],[-58.27975,-28.76464],[-58.30839,-28.82499]]]}},{"type":"Feature","properties":{"gid":"ARG.7.16_1","name2":"Monte Caseros","engtype2":"Department","type2":"Departamento","provZh":"科连特斯省"},"geometry":{"type":"Polygon","coordinates":[[[-58.08705,-30.41607],[-58.04983,-30.55737],[-57.83134,-30.70531],[-57.80787,-30.75542],[-57.89224,-30.513],[-57.64163,-30.34102],[-57.61556,-30.25248],[-57.66713,-30.16772],[-57.63134,-30.15989],[-57.59026,-30.03188],[-57.72086,-30.03133],[-57.86674,-29.94266],[-57.93053,-29.84813],[-58.0271,-29.83916],[-58.06928,-29.87721],[-58.0666,-29.92315],[-57.97607,-30.00715],[-58.0674,-30.10377],[-58.03238,-30.23164],[-58.08705,-30.41607]]]}},{"type":"Feature","properties":{"gid":"ARG.7.17_1","name2":"Paso de los Libres","engtype2":"Department","type2":"Departamento","provZh":"科连特斯省"},"geometry":{"type":"Polygon","coordinates":[[[-57.68107,-30.0183],[-57.58832,-30.0387],[-57.63134,-30.15989],[-57.665,-30.17397],[-57.50484,-30.14306],[-57.34196,-30.00122],[-57.31834,-29.86758],[-57.25287,-29.7915],[-57.10449,-29.74896],[-56.97093,-29.63738],[-56.95943,-29.59188],[-56.8556,-29.50032],[-56.86644,-29.21862],[-56.97734,-29.20473],[-57.12537,-29.25751],[-57.41247,-29.23291],[-57.53743,-29.1902],[-57.58084,-29.32321],[-57.5224,-29.443],[-57.51951,-29.54791],[-57.56384,-29.66887],[-57.701,-29.78744],[-57.66952,-29.83065],[-57.718,-29.86772],[-57.71705,-29.94462],[-57.65796,-29.99694],[-57.68107,-30.0183]]]}},{"type":"Feature","properties":{"gid":"ARG.7.18_1","name2":"Saladas","engtype2":"Department","type2":"Departamento","provZh":"科连特斯省"},"geometry":{"type":"Polygon","coordinates":[[[-58.66375,-28.51453],[-58.53555,-28.37091],[-58.30385,-28.19928],[-58.36516,-28.13544],[-58.33253,-28.09953],[-58.45945,-27.9682],[-58.61627,-28.00788],[-58.89888,-28.2124],[-58.9406,-28.18585],[-59.00679,-28.21639],[-59.01222,-28.2643],[-58.90018,-28.28007],[-58.8079,-28.23637],[-58.7465,-28.40282],[-58.69744,-28.42466],[-58.66375,-28.51453]]]}},{"type":"Feature","properties":{"gid":"ARG.7.19_1","name2":"San Cosme","engtype2":"Department","type2":"Departamento","provZh":"科连特斯省"},"geometry":{"type":"Polygon","coordinates":[[[-58.71465,-27.36686],[-58.66987,-27.4263],[-58.67532,-27.47416],[-58.59277,-27.50836],[-58.49856,-27.47036],[-58.45566,-27.40144],[-58.36568,-27.38379],[-58.3112,-27.41555],[-58.30026,-27.37094],[-58.33825,-27.26996],[-58.60636,-27.29533],[-58.63591,-27.34442],[-58.71465,-27.36686]]]}},{"type":"Feature","properties":{"gid":"ARG.7.20_1","name2":"San Luis del Palmar","engtype2":"Department","type2":"Departamento","provZh":"科连特斯省"},"geometry":{"type":"Polygon","coordinates":[[[-57.88391,-27.43026],[-58.04326,-27.39243],[-58.22086,-27.4323],[-58.36568,-27.38379],[-58.4444,-27.39799],[-58.51176,-27.47814],[-58.63568,-27.50378],[-58.66952,-27.60132],[-58.60926,-27.62144],[-58.60141,-27.70533],[-58.55186,-27.70025],[-58.50396,-27.74896],[-58.45518,-27.74719],[-58.45705,-27.77556],[-58.39416,-27.77606],[-58.4086,-27.85255],[-58.32789,-27.86094],[-58.29255,-27.95421],[-58.18799,-27.90277],[-58.15837,-27.84314],[-58.16501,-27.81633],[-58.22578,-27.83275],[-58.30156,-27.77887],[-57.94278,-27.61319],[-57.83778,-27.4667],[-57.88391,-27.43026]]]}},{"type":"Feature","properties":{"gid":"ARG.7.21_1","name2":"San Martín","engtype2":"Department","type2":"Departamento","provZh":"科连特斯省"},"geometry":{"type":"Polygon","coordinates":[[[-56.56213,-28.42099],[-56.53568,-28.37414],[-56.56885,-28.30326],[-56.6591,-28.25647],[-56.90667,-28.22406],[-57.24101,-28.49712],[-57.18358,-28.60924],[-57.1934,-28.83541],[-57.53743,-29.1902],[-57.41247,-29.23291],[-57.12537,-29.25751],[-56.97734,-29.20473],[-56.88646,-29.20662],[-56.86343,-29.23245],[-56.87688,-29.45587],[-56.85538,-29.50268],[-56.82872,-29.48899],[-56.76515,-29.38033],[-56.67567,-29.32119],[-56.59727,-29.12669],[-56.62468,-29.09715],[-56.59716,-29.04405],[-56.68359,-28.96115],[-56.71998,-28.73095],[-56.66202,-28.65641],[-56.67347,-28.55494],[-56.61386,-28.53121],[-56.56213,-28.42099]]]}},{"type":"Feature","properties":{"gid":"ARG.7.22_1","name2":"San Miguel","engtype2":"Department","type2":"Departamento","provZh":"科连特斯省"},"geometry":{"type":"Polygon","coordinates":[[[-57.65499,-28.38735],[-57.45196,-28.29942],[-57.37681,-27.93809],[-57.09498,-27.63458],[-56.96852,-27.5601],[-57.0,-27.46483],[-57.07588,-27.4871],[-57.26228,-27.45332],[-57.23493,-27.48201],[-57.2566,-27.50731],[-57.41874,-27.6525],[-57.60377,-27.76289],[-57.77712,-27.94232],[-57.64663,-28.12251],[-57.6714,-28.14126],[-57.60733,-28.23578],[-57.69039,-28.31432],[-57.65499,-28.38735]]]}},{"type":"Feature","properties":{"gid":"ARG.7.23_1","name2":"San Roque","engtype2":"Department","type2":"Departamento","provZh":"科连特斯省"},"geometry":{"type":"Polygon","coordinates":[[[-58.97037,-28.82515],[-58.88037,-28.84278],[-58.60701,-29.05442],[-58.49998,-28.93028],[-58.40491,-28.92698],[-58.31123,-28.83537],[-58.41896,-28.73116],[-58.50589,-28.77863],[-58.54961,-28.71332],[-58.48833,-28.66418],[-58.45629,-28.55666],[-58.30858,-28.43392],[-58.42669,-28.29915],[-58.47567,-28.32604],[-58.74689,-28.60569],[-58.86487,-28.65669],[-58.97037,-28.82515]]]}},{"type":"Feature","properties":{"gid":"ARG.7.24_1","name2":"Santo Tomé","engtype2":"Department","type2":"Departamento","provZh":"科连特斯省"},"geometry":{"type":"Polygon","coordinates":[[[-56.30639,-28.8997],[-56.28425,-28.79103],[-56.18415,-28.76793],[-56.01221,-28.60419],[-56.01514,-28.51271],[-55.88802,-28.47917],[-55.90044,-28.40052],[-55.86766,-28.35383],[-55.74464,-28.37429],[-55.6949,-28.42242],[-55.66988,-28.33031],[-55.77483,-28.24777],[-55.6172,-28.15329],[-55.81986,-27.94843],[-55.90088,-28.00866],[-55.92894,-27.89739],[-56.15072,-27.82972],[-56.17117,-27.78695],[-56.2517,-27.75843],[-56.35748,-27.9112],[-56.45432,-27.86942],[-56.5002,-27.92177],[-56.63419,-27.83773],[-56.90667,-28.22406],[-56.6591,-28.25647],[-56.55313,-28.32357],[-56.53572,-28.37769],[-56.55857,-28.42458],[-56.42648,-28.45466],[-56.3898,-28.60887],[-56.47742,-28.69409],[-56.43476,-28.69415],[-56.3604,-28.78724],[-56.32333,-28.77626],[-56.30639,-28.8997]]]}},{"type":"Feature","properties":{"gid":"ARG.7.25_1","name2":"Sauce","engtype2":"Department","type2":"Departamento","provZh":"科连特斯省"},"geometry":{"type":"Polygon","coordinates":[[[-58.7385,-29.66331],[-58.85404,-29.71763],[-58.85485,-29.75944],[-58.93409,-29.81999],[-59.04169,-29.86534],[-59.07228,-30.16904],[-59.13276,-30.20888],[-59.12876,-30.29923],[-59.0206,-30.21881],[-58.88079,-30.23992],[-58.68154,-30.16446],[-58.55127,-30.15847],[-58.45139,-30.10495],[-58.47345,-30.00459],[-58.55993,-29.87956],[-58.61665,-29.84227],[-58.74931,-29.86415],[-58.70365,-29.79421],[-58.73001,-29.74373],[-58.71986,-29.65555],[-58.7385,-29.66331]]]}},{"type":"Feature","properties":{"gid":"ARG.8.1_1","name2":"Colón","engtype2":"Department","type2":"Departamento","provZh":"恩特雷里奥斯省"},"geometry":{"type":"Polygon","coordinates":[[[-58.03106,-31.70929],[-58.21746,-31.72192],[-58.3793,-31.57762],[-58.54123,-31.56185],[-58.56263,-31.63214],[-58.50045,-31.67526],[-58.57389,-31.71007],[-58.6409,-31.81243],[-58.70599,-31.80901],[-58.71787,-31.85814],[-58.72174,-31.92767],[-58.63369,-32.17429],[-58.55719,-32.23074],[-58.5419,-32.18973],[-58.41761,-32.18407],[-58.41275,-32.24124],[-58.3606,-32.27295],[-58.33148,-32.25851],[-58.21126,-32.36269],[-58.12637,-32.3406],[-58.10158,-32.24903],[-58.1839,-32.15261],[-58.13852,-32.00104],[-58.20683,-31.86879],[-58.08298,-31.81726],[-58.03106,-31.70929]]]}},{"type":"Feature","properties":{"gid":"ARG.8.2_1","name2":"Concordia","engtype2":"Department","type2":"Departamento","provZh":"恩特雷里奥斯省"},"geometry":{"type":"Polygon","coordinates":[[[-58.03106,-31.70929],[-57.98063,-31.5784],[-58.08202,-31.45647],[-57.98032,-31.38768],[-57.98112,-31.31915],[-57.90928,-31.21621],[-58.05037,-31.09235],[-58.21415,-31.0306],[-58.22765,-30.93157],[-58.278,-30.84869],[-58.38454,-30.82615],[-58.46978,-30.93468],[-58.48816,-31.0226],[-58.57201,-31.05978],[-58.50204,-31.14783],[-58.41363,-31.18477],[-58.46135,-31.23991],[-58.40635,-31.33586],[-58.45096,-31.36212],[-58.44381,-31.41812],[-58.49602,-31.43783],[-58.5194,-31.55777],[-58.37542,-31.57966],[-58.22166,-31.72069],[-58.03106,-31.70929]]]}},{"type":"Feature","properties":{"gid":"ARG.8.3_1","name2":"Diamante","engtype2":"Department","type2":"Departamento","provZh":"恩特雷里奥斯省"},"geometry":{"type":"Polygon","coordinates":[[[-60.26588,-32.04469],[-60.37357,-32.07419],[-60.41172,-32.00573],[-60.37656,-31.97487],[-60.3913,-31.94198],[-60.55324,-31.91191],[-60.57853,-31.82334],[-60.66544,-31.80341],[-60.66328,-31.91293],[-60.72379,-32.00487],[-60.6849,-32.01832],[-60.65824,-32.0806],[-60.7337,-32.17121],[-60.67399,-32.22453],[-60.67338,-32.30677],[-60.73595,-32.31195],[-60.71226,-32.40203],[-60.75671,-32.49686],[-60.71625,-32.67459],[-60.67476,-32.62743],[-60.52464,-32.58163],[-60.47695,-32.43649],[-60.4222,-32.41373],[-60.44799,-32.36128],[-60.43074,-32.32212],[-60.34532,-32.30843],[-60.29346,-32.20879],[-60.14591,-32.16716],[-60.16533,-32.1258],[-60.21253,-32.13469],[-60.26588,-32.04469]]]}},{"type":"Feature","properties":{"gid":"ARG.8.4_1","name2":"Federación","engtype2":"Department","type2":"Departamento","provZh":"恩特雷里奥斯省"},"geometry":{"type":"Polygon","coordinates":[[[-58.26022,-30.25504],[-58.2944,-30.30801],[-58.37292,-30.30645],[-58.32313,-30.3385],[-58.40224,-30.41866],[-58.44563,-30.54419],[-58.57182,-30.6335],[-58.44127,-30.80335],[-58.27512,-30.85177],[-58.21415,-31.0306],[-58.05037,-31.09235],[-57.90928,-31.21621],[-57.90828,-31.11846],[-57.86472,-31.03115],[-57.90709,-30.94523],[-57.8096,-30.91332],[-57.80787,-30.75542],[-57.83357,-30.70356],[-58.01611,-30.59798],[-58.05817,-30.54346],[-58.06693,-30.42217],[-58.13657,-30.39244],[-58.26022,-30.25504]]]}},{"type":"Feature","properties":{"gid":"ARG.8.5_1","name2":"Federal","engtype2":"Department","type2":"Departamento","provZh":"恩特雷里奥斯省"},"geometry":{"type":"Polygon","coordinates":[[[-58.3978,-30.83457],[-58.57915,-30.623],[-58.61137,-30.667],[-58.67193,-30.67658],[-58.97771,-30.57779],[-59.03198,-30.65845],[-59.34139,-30.77538],[-59.27699,-30.87314],[-59.32811,-30.9707],[-59.26518,-31.10881],[-59.27555,-31.19685],[-59.24769,-31.26599],[-59.20911,-31.26836],[-59.07245,-31.43884],[-58.97112,-31.25495],[-58.88109,-31.20544],[-58.71363,-31.27002],[-58.45278,-31.23711],[-58.41413,-31.18179],[-58.50204,-31.14783],[-58.57201,-31.05978],[-58.48558,-31.01939],[-58.49018,-30.97386],[-58.3978,-30.83457]]]}},{"type":"Feature","properties":{"gid":"ARG.8.6_1","name2":"Feliciano","engtype2":"Department","type2":"Departamento","provZh":"恩特雷里奥斯省"},"geometry":{"type":"Polygon","coordinates":[[[-58.59613,-30.16891],[-58.68154,-30.16446],[-58.88079,-30.23992],[-59.0206,-30.21881],[-59.17262,-30.32221],[-59.08496,-30.36136],[-59.05052,-30.45634],[-58.95593,-30.51996],[-58.97771,-30.57779],[-58.74666,-30.66761],[-58.62786,-30.67265],[-58.45458,-30.55766],[-58.40224,-30.41866],[-58.32414,-30.34165],[-58.37292,-30.30645],[-58.2944,-30.30801],[-58.26022,-30.25504],[-58.35738,-30.26331],[-58.59613,-30.16891]]]}},{"type":"Feature","properties":{"gid":"ARG.8.7_1","name2":"Gualeguay","engtype2":"Department","type2":"Departamento","provZh":"恩特雷里奥斯省"},"geometry":{"type":"Polygon","coordinates":[[[-59.18565,-33.79943],[-59.18941,-33.74218],[-59.32737,-33.55338],[-59.62422,-33.36034],[-59.61985,-33.31802],[-59.65277,-33.30261],[-59.56521,-33.201],[-59.38853,-33.22149],[-59.31458,-33.18512],[-59.28805,-33.07404],[-59.14751,-32.91153],[-59.1101,-32.7526],[-59.12682,-32.70601],[-59.41109,-32.62874],[-59.47903,-32.52088],[-59.59098,-32.54062],[-59.68279,-32.60297],[-59.77346,-32.58483],[-59.80964,-32.7682],[-59.90195,-32.88525],[-59.86921,-32.92896],[-60.00542,-32.91846],[-60.03673,-32.94909],[-60.00005,-32.97788],[-60.04547,-32.99352],[-59.90333,-33.03427],[-59.86037,-33.09154],[-59.82887,-33.07679],[-59.78627,-33.12986],[-59.83627,-33.18294],[-59.81627,-33.24364],[-59.88181,-33.27473],[-59.9205,-33.22562],[-59.92371,-33.26739],[-59.97453,-33.23748],[-60.03151,-33.27724],[-60.04416,-33.22752],[-60.06721,-33.25077],[-60.13619,-33.21919],[-60.23344,-33.24619],[-60.31013,-33.18037],[-60.30323,-33.23397],[-60.20611,-33.28465],[-60.1847,-33.33941],[-60.06,-33.43291],[-59.83201,-33.52161],[-59.81541,-33.585],[-59.67824,-33.61748],[-59.61908,-33.68977],[-59.51777,-33.63173],[-59.45142,-33.72511],[-59.25574,-33.71823],[-59.24112,-33.7998],[-59.18565,-33.79943]]]}},{"type":"Feature","properties":{"gid":"ARG.8.8_1","name2":"Gualeguaychú","engtype2":"Department","type2":"Departamento","provZh":"恩特雷里奥斯省"},"geometry":{"type":"Polygon","coordinates":[[[-59.29649,-33.14593],[-59.26647,-33.15759],[-59.17169,-33.35907],[-59.12262,-33.39307],[-58.85757,-33.47454],[-58.78797,-33.43477],[-58.75414,-33.46968],[-58.58207,-33.43178],[-58.5247,-33.46152],[-58.41826,-33.29303],[-58.4285,-33.08355],[-58.34149,-33.06691],[-58.34882,-33.11298],[-58.25087,-33.09839],[-58.17117,-33.0715],[-58.14426,-33.00394],[-58.26741,-32.99952],[-58.2668,-32.87479],[-58.50629,-32.87816],[-58.49369,-32.79259],[-58.54209,-32.55446],[-58.64488,-32.51287],[-58.7822,-32.55927],[-58.90483,-32.51283],[-58.91652,-32.47615],[-58.97002,-32.5108],[-59.1123,-32.44865],[-59.09195,-32.56893],[-59.13,-32.71433],[-59.11545,-32.80177],[-59.14911,-32.91529],[-59.28805,-33.07404],[-59.29649,-33.14593]]]}},{"type":"Feature","properties":{"gid":"ARG.8.10_1","name2":"Islas del Ibicuy","engtype2":"Department","type2":"Departamento","provZh":"恩特雷里奥斯省"},"geometry":{"type":"Polygon","coordinates":[[[-59.17515,-33.8071],[-59.13072,-33.84258],[-59.00636,-33.83375],[-58.84994,-33.93994],[-58.76382,-33.94292],[-58.64546,-34.04201],[-58.41736,-34.00427],[-58.40264,-33.97597],[-58.43209,-33.90243],[-58.46585,-33.89306],[-58.45018,-33.82057],[-58.55341,-33.69685],[-58.53913,-33.45052],[-58.64838,-33.4376],[-58.75414,-33.46968],[-58.82415,-33.43676],[-58.85757,-33.47454],[-59.12262,-33.39307],[-59.17169,-33.35907],[-59.26647,-33.15759],[-59.29649,-33.14593],[-59.38386,-33.22079],[-59.57732,-33.20655],[-59.65277,-33.30261],[-59.61985,-33.31802],[-59.63948,-33.34586],[-59.32737,-33.55338],[-59.18941,-33.74218],[-59.17515,-33.8071]]]}},{"type":"Feature","properties":{"gid":"ARG.8.11_1","name2":"La Paz","engtype2":"Department","type2":"Departamento","provZh":"恩特雷里奥斯省"},"geometry":{"type":"Polygon","coordinates":[[[-59.66083,-30.34856],[-59.70813,-30.40833],[-59.65081,-30.52013],[-59.6723,-30.6322],[-59.62557,-30.69768],[-59.98104,-31.15443],[-59.93638,-31.20142],[-59.84986,-31.47265],[-59.79409,-31.41399],[-59.70919,-31.41475],[-59.62771,-31.43807],[-59.64162,-31.50612],[-59.48695,-31.42731],[-59.39578,-31.31388],[-59.2485,-31.25896],[-59.27555,-31.19685],[-59.26518,-31.10881],[-59.32811,-30.9707],[-59.27699,-30.87314],[-59.34139,-30.77538],[-59.02826,-30.65633],[-58.94668,-30.54543],[-59.05052,-30.45634],[-59.08496,-30.36136],[-59.17262,-30.32221],[-59.24231,-30.36129],[-59.39772,-30.32074],[-59.5512,-30.33328],[-59.59591,-30.42563],[-59.66083,-30.34856]]]}},{"type":"Feature","properties":{"gid":"ARG.8.12_1","name2":"Nogoyá","engtype2":"Department","type2":"Departamento","provZh":"恩特雷里奥斯省"},"geometry":{"type":"Polygon","coordinates":[[[-60.18821,-32.19683],[-60.12504,-32.22216],[-60.07218,-32.31673],[-60.03286,-32.32477],[-59.99578,-32.49799],[-59.78937,-32.52755],[-59.77908,-32.59],[-59.67836,-32.6018],[-59.4648,-32.4949],[-59.50394,-32.42784],[-59.49798,-32.36216],[-59.53502,-32.3545],[-59.52251,-32.28426],[-59.47733,-32.11901],[-59.3148,-31.91383],[-59.50613,-31.97045],[-59.56713,-31.94512],[-59.53996,-31.89956],[-59.60866,-31.86318],[-59.76233,-31.90614],[-59.90528,-31.87304],[-60.029,-32.02356],[-60.14171,-31.96304],[-60.26588,-32.04469],[-60.21253,-32.13469],[-60.16286,-32.12717],[-60.14591,-32.16716],[-60.18821,-32.19683]]]}},{"type":"Feature","properties":{"gid":"ARG.8.13_1","name2":"Paraná","engtype2":"Department","type2":"Departamento","provZh":"恩特雷里奥斯省"},"geometry":{"type":"Polygon","coordinates":[[[-60.26588,-32.04469],[-60.14171,-31.96304],[-60.029,-32.02356],[-59.90528,-31.87304],[-59.74857,-31.90562],[-59.61588,-31.86182],[-59.57138,-31.7102],[-59.52121,-31.65702],[-59.51788,-31.61996],[-59.60258,-31.56812],[-59.59043,-31.4788],[-59.6434,-31.50361],[-59.63166,-31.43533],[-59.7856,-31.41166],[-59.84986,-31.47265],[-59.93638,-31.20142],[-59.98104,-31.15443],[-60.01703,-31.24582],[-60.09684,-31.28857],[-60.13707,-31.43377],[-60.24104,-31.52008],[-60.32817,-31.54696],[-60.3292,-31.60961],[-60.44415,-31.68476],[-60.57065,-31.69214],[-60.66777,-31.74],[-60.66544,-31.80341],[-60.57853,-31.82334],[-60.55324,-31.91191],[-60.3913,-31.94198],[-60.37656,-31.97487],[-60.41172,-32.00573],[-60.38403,-32.0663],[-60.26588,-32.04469]]]}},{"type":"Feature","properties":{"gid":"ARG.8.14_1","name2":"Tala","engtype2":"Department","type2":"Departamento","provZh":"恩特雷里奥斯省"},"geometry":{"type":"Polygon","coordinates":[[[-59.12682,-32.70601],[-59.09195,-32.56893],[-59.11207,-32.44559],[-59.07324,-32.31915],[-59.11406,-32.2282],[-59.06028,-32.0389],[-59.07981,-31.98615],[-59.29751,-31.90588],[-59.47733,-32.11901],[-59.53502,-32.3545],[-59.49798,-32.36216],[-59.50394,-32.42784],[-59.46135,-32.47592],[-59.47954,-32.53476],[-59.41109,-32.62874],[-59.12682,-32.70601]]]}},{"type":"Feature","properties":{"gid":"ARG.8.15_1","name2":"Uruguay","engtype2":"Department","type2":"Departamento","provZh":"恩特雷里奥斯省"},"geometry":{"type":"Polygon","coordinates":[[[-58.70714,-31.97125],[-58.83958,-32.02229],[-58.8449,-32.05049],[-59.06072,-32.03771],[-59.11406,-32.2282],[-59.07324,-32.31915],[-59.1123,-32.44865],[-58.97002,-32.5108],[-58.91652,-32.47615],[-58.90483,-32.51283],[-58.7822,-32.55927],[-58.64488,-32.51287],[-58.54209,-32.55446],[-58.49369,-32.79259],[-58.50629,-32.87816],[-58.2668,-32.87479],[-58.26741,-32.99952],[-58.14626,-33.00068],[-58.15233,-33.05133],[-58.0841,-32.99782],[-58.20464,-32.46055],[-58.17592,-32.36508],[-58.33148,-32.25851],[-58.3606,-32.27295],[-58.41275,-32.24124],[-58.41761,-32.18407],[-58.53736,-32.18833],[-58.56535,-32.22741],[-58.63819,-32.1674],[-58.70714,-31.97125]]]}},{"type":"Feature","properties":{"gid":"ARG.8.16_1","name2":"Victoria","engtype2":"Department","type2":"Departamento","provZh":"恩特雷里奥斯省"},"geometry":{"type":"Polygon","coordinates":[[[-60.71625,-32.67459],[-60.67739,-32.90001],[-60.47666,-33.13783],[-60.38558,-33.18394],[-60.32177,-33.17083],[-60.23344,-33.24619],[-60.13619,-33.21919],[-60.06721,-33.25077],[-60.05347,-33.22591],[-60.03151,-33.27724],[-59.97453,-33.23748],[-59.9412,-33.27384],[-59.9205,-33.22562],[-59.87249,-33.27544],[-59.81382,-33.24015],[-59.83627,-33.18294],[-59.78627,-33.12986],[-59.82887,-33.07679],[-59.86037,-33.09154],[-59.90333,-33.03427],[-60.04547,-32.99352],[-60.00005,-32.97788],[-60.03673,-32.94909],[-60.00542,-32.91846],[-59.86921,-32.92896],[-59.90303,-32.88916],[-59.80823,-32.76452],[-59.77645,-32.53786],[-59.99895,-32.49516],[-60.02575,-32.33854],[-60.07218,-32.31673],[-60.12865,-32.21969],[-60.2965,-32.21093],[-60.34532,-32.30843],[-60.43627,-32.32828],[-60.4222,-32.41373],[-60.47695,-32.43649],[-60.52464,-32.58163],[-60.67476,-32.62743],[-60.71625,-32.67459]]]}},{"type":"Feature","properties":{"gid":"ARG.8.17_1","name2":"Villaguay","engtype2":"Department","type2":"Departamento","provZh":"恩特雷里奥斯省"},"geometry":{"type":"Polygon","coordinates":[[[-58.5194,-31.55777],[-58.49602,-31.43783],[-58.44381,-31.41812],[-58.45096,-31.36212],[-58.40635,-31.33586],[-58.46122,-31.24008],[-58.71363,-31.27002],[-58.88109,-31.20544],[-58.97112,-31.25495],[-59.07245,-31.43884],[-59.20911,-31.26836],[-59.27093,-31.25669],[-59.3994,-31.31631],[-59.48695,-31.42731],[-59.59043,-31.4788],[-59.60114,-31.57183],[-59.51371,-31.63048],[-59.59784,-31.76989],[-59.61588,-31.86182],[-59.53996,-31.89956],[-59.56713,-31.94512],[-59.50613,-31.97045],[-59.27945,-31.90512],[-59.07981,-31.98615],[-59.0666,-32.03822],[-58.8449,-32.05049],[-58.83958,-32.02229],[-58.70714,-31.97125],[-58.70599,-31.80901],[-58.6409,-31.81243],[-58.57389,-31.71007],[-58.50045,-31.67526],[-58.56263,-31.63214],[-58.5194,-31.55777]]]}},{"type":"Feature","properties":{"gid":"ARG.9.1_1","name2":"Bermejo","engtype2":"Department","type2":"Departamento","provZh":"福尔摩沙省"},"geometry":{"type":"Polygon","coordinates":[[[-61.13936,-24.79333],[-60.37255,-24.02778],[-60.4525,-23.96409],[-60.56743,-23.95698],[-60.60306,-23.90195],[-60.83673,-23.87149],[-60.93194,-23.8048],[-60.98194,-23.81165],[-61.08684,-23.68696],[-61.0958,-23.612],[-61.17176,-23.5485],[-61.23466,-23.54853],[-61.35789,-23.44594],[-61.39528,-23.46018],[-61.49502,-23.41564],[-61.5277,-23.36859],[-61.50737,-23.34751],[-61.61147,-23.28512],[-61.68917,-23.27627],[-61.85152,-23.10835],[-61.83476,-24.31543],[-61.78792,-24.34062],[-61.78637,-24.3139],[-61.67391,-24.4571],[-61.58302,-24.47518],[-61.4595,-24.62625],[-61.2208,-24.65286],[-61.19518,-24.71427],[-61.15984,-24.70847],[-61.13936,-24.79333]]]}},{"type":"Feature","properties":{"gid":"ARG.9.2_1","name2":"Formosa","engtype2":"Department","type2":"Departamento","provZh":"福尔摩沙省"},"geometry":{"type":"Polygon","coordinates":[[[-58.20555,-26.39207],[-58.1539,-26.3236],[-58.16739,-26.26559],[-58.11317,-26.23658],[-58.15548,-26.18055],[-58.11674,-26.18204],[-58.08001,-26.11622],[-57.84935,-26.00602],[-57.88572,-25.95029],[-57.83944,-25.91733],[-57.86254,-25.86886],[-57.79676,-25.8296],[-57.83281,-25.75245],[-58.01851,-25.68922],[-58.03963,-25.60658],[-58.22062,-25.56041],[-58.22087,-25.58795],[-58.60497,-25.58307],[-58.60474,-25.77724],[-58.92586,-25.77855],[-58.92603,-26.1853],[-58.75766,-26.18355],[-58.75666,-26.1573],[-58.5054,-26.17363],[-58.50413,-26.34335],[-58.26735,-26.34418],[-58.20555,-26.39207]]]}},{"type":"Feature","properties":{"gid":"ARG.9.3_1","name2":"Laishi","engtype2":"Department","type2":"Departamento","provZh":"福尔摩沙省"},"geometry":{"type":"Polygon","coordinates":[[[-58.36434,-26.86497],[-58.31845,-26.85631],[-58.35471,-26.80852],[-58.28956,-26.80017],[-58.29473,-26.76168],[-58.25027,-26.75323],[-58.25001,-26.64239],[-58.18828,-26.63963],[-58.22502,-26.47096],[-58.17674,-26.45008],[-58.20555,-26.39207],[-58.26735,-26.34418],[-58.50413,-26.34335],[-58.5054,-26.17363],[-58.75666,-26.1573],[-58.75766,-26.18355],[-58.97445,-26.18576],[-58.97488,-26.38295],[-58.93838,-26.42913],[-58.85188,-26.51023],[-58.7998,-26.5176],[-58.75088,-26.59455],[-58.69624,-26.58502],[-58.68258,-26.63296],[-58.58055,-26.67706],[-58.53814,-26.75137],[-58.47881,-26.8004],[-58.42649,-26.79744],[-58.41464,-26.82694],[-58.40421,-26.80743],[-58.40004,-26.85159],[-58.36434,-26.86497]]]}},{"type":"Feature","properties":{"gid":"ARG.9.4_1","name2":"Matacos","engtype2":"Department","type2":"Departamento","provZh":"福尔摩沙省"},"geometry":{"type":"Polygon","coordinates":[[[-61.83476,-24.31543],[-61.84385,-23.49503],[-62.34592,-23.49584],[-62.34756,-24.11021],[-62.31179,-24.09314],[-62.28844,-24.13235],[-62.17664,-24.16696],[-62.17788,-24.20841],[-62.0959,-24.19055],[-62.1002,-24.21794],[-61.97342,-24.22995],[-61.83476,-24.31543]]]}},{"type":"Feature","properties":{"gid":"ARG.9.5_1","name2":"Patiño","engtype2":"Department","type2":"Departamento","provZh":"福尔摩沙省"},"geometry":{"type":"Polygon","coordinates":[[[-60.1172,-25.65667],[-59.86906,-25.80612],[-59.87821,-25.84193],[-59.74989,-25.93537],[-59.70601,-26.01487],[-59.67074,-26.0123],[-59.64985,-26.14566],[-59.63515,-25.60752],[-58.89118,-25.05196],[-58.89175,-24.71469],[-59.34242,-24.49265],[-59.47596,-24.3371],[-60.04662,-24.01213],[-60.15454,-24.04245],[-60.37255,-24.02778],[-61.13956,-24.79547],[-60.89352,-25.02033],[-60.65252,-25.13355],[-60.66092,-25.15832],[-60.48628,-25.20178],[-60.47638,-25.26375],[-60.32364,-25.39296],[-60.34875,-25.42204],[-60.30379,-25.42656],[-60.28263,-25.4889],[-60.23507,-25.49302],[-60.19476,-25.64639],[-60.1172,-25.65667]]]}},{"type":"Feature","properties":{"gid":"ARG.9.6_1","name2":"Pilagás","engtype2":"Department","type2":"Departamento","provZh":"福尔摩沙省"},"geometry":{"type":"Polygon","coordinates":[[[-59.05362,-25.17402],[-58.60509,-25.47065],[-58.60517,-25.39434],[-58.37835,-25.39297],[-58.38085,-24.95516],[-58.42396,-24.89085],[-58.56604,-24.82617],[-58.66541,-24.83119],[-58.71876,-24.77849],[-58.81346,-24.76832],[-58.89175,-24.71469],[-58.89118,-25.05196],[-59.05362,-25.17402]]]}},{"type":"Feature","properties":{"gid":"ARG.9.7_1","name2":"Pilcomayo","engtype2":"Department","type2":"Departamento","provZh":"福尔摩沙省"},"geometry":{"type":"Polygon","coordinates":[[[-57.80783,-25.79106],[-57.81383,-25.76092],[-57.73204,-25.72334],[-57.76577,-25.69711],[-57.75041,-25.65995],[-57.67871,-25.65951],[-57.6711,-25.60136],[-57.60899,-25.61751],[-57.56323,-25.55561],[-57.55595,-25.44485],[-57.6723,-25.32417],[-57.66695,-25.27411],[-57.72206,-25.26403],[-57.86712,-25.08188],[-57.98526,-25.08095],[-57.99721,-25.03946],[-58.06658,-25.04345],[-58.22954,-24.93014],[-58.32145,-24.9994],[-58.38085,-24.95516],[-58.37835,-25.39297],[-58.60517,-25.39434],[-58.60497,-25.58307],[-58.22087,-25.58795],[-58.22062,-25.56041],[-58.15269,-25.56292],[-58.03716,-25.6083],[-58.01851,-25.68922],[-57.83541,-25.75113],[-57.80783,-25.79106]]]}},{"type":"Feature","properties":{"gid":"ARG.9.8_1","name2":"Pirané","engtype2":"Department","type2":"Departamento","provZh":"福尔摩沙省"},"geometry":{"type":"Polygon","coordinates":[[[-58.97488,-26.38295],[-58.97445,-26.18576],[-58.92603,-26.1853],[-58.92586,-25.77855],[-58.60474,-25.77724],[-58.60509,-25.47065],[-59.05362,-25.17402],[-59.63515,-25.60752],[-59.63678,-26.11273],[-59.57317,-26.14804],[-59.42792,-26.15403],[-59.35511,-26.33313],[-59.31493,-26.31707],[-59.26734,-26.34354],[-59.14846,-26.28973],[-59.15053,-26.31637],[-59.07137,-26.36648],[-58.97488,-26.38295]]]}},{"type":"Feature","properties":{"gid":"ARG.9.9_1","name2":"Ramón Lista","engtype2":"Department","type2":"Departamento","provZh":"福尔摩沙省"},"geometry":{"type":"Polygon","coordinates":[[[-61.85152,-23.10835],[-61.98925,-23.02078],[-62.04327,-22.87223],[-62.20132,-22.71009],[-62.18873,-22.64869],[-62.26659,-22.5953],[-62.23996,-22.53739],[-62.34463,-22.4616],[-62.34592,-23.49584],[-61.84385,-23.49503],[-61.85152,-23.10835]]]}},{"type":"Feature","properties":{"gid":"ARG.10.1_1","name2":"Capital","engtype2":"Department","type2":"Departamento","provZh":"胡胡伊省"},"geometry":{"type":"Polygon","coordinates":[[[-65.21251,-23.87358],[-65.30334,-23.93265],[-65.3894,-23.93477],[-65.39211,-24.01417],[-65.42461,-24.02591],[-65.63749,-23.89837],[-65.74374,-24.14107],[-65.70542,-24.23656],[-65.5573,-24.29378],[-65.33901,-24.25105],[-65.22433,-24.27286],[-65.20773,-24.256],[-65.26134,-24.21548],[-65.20084,-24.20415],[-65.22047,-24.11227],[-65.06932,-24.02708],[-65.10593,-23.93024],[-65.1618,-23.87613],[-65.21251,-23.87358]]]}},{"type":"Feature","properties":{"gid":"ARG.10.2_1","name2":"Cochinoca","engtype2":"Department","type2":"Departamento","provZh":"胡胡伊省"},"geometry":{"type":"Polygon","coordinates":[[[-65.3369,-22.59505],[-65.79948,-22.44258],[-65.84827,-22.59174],[-65.88389,-22.5714],[-65.9473,-22.67022],[-66.08253,-22.70246],[-66.13011,-22.78606],[-66.31866,-22.87417],[-66.41924,-22.89293],[-66.57172,-22.85743],[-66.68413,-23.00747],[-66.29606,-23.00543],[-66.25317,-23.20943],[-66.284,-23.39313],[-66.14766,-23.42804],[-65.99012,-23.5154],[-66.00131,-23.68951],[-65.88654,-23.62744],[-65.84888,-23.56771],[-65.83738,-23.43815],[-65.70753,-23.41818],[-65.68512,-23.02694],[-65.60146,-22.9672],[-65.57954,-22.89276],[-65.51419,-22.86831],[-65.49075,-22.76292],[-65.4174,-22.74259],[-65.3369,-22.59505]]]}},{"type":"Feature","properties":{"gid":"ARG.10.3_1","name2":"El Carmen","engtype2":"Department","type2":"Departamento","provZh":"胡胡伊省"},"geometry":{"type":"Polygon","coordinates":[[[-65.35352,-24.46626],[-65.33938,-24.50027],[-65.2843,-24.50527],[-65.18542,-24.46095],[-65.079,-24.56491],[-64.90757,-24.60456],[-64.83212,-24.47771],[-64.91856,-24.44244],[-64.88864,-24.37193],[-65.21684,-24.32808],[-65.24258,-24.37022],[-65.34917,-24.39602],[-65.35352,-24.46626]]]}},{"type":"Feature","properties":{"gid":"ARG.10.4_1","name2":"Humahuaca","engtype2":"Department","type2":"Departamento","provZh":"胡胡伊省"},"geometry":{"type":"Polygon","coordinates":[[[-65.70753,-23.41818],[-65.54545,-23.47301],[-65.57743,-23.28895],[-65.3199,-23.38956],[-65.03596,-23.23858],[-65.00782,-23.02923],[-65.03494,-22.99393],[-65.1786,-22.98344],[-65.2401,-22.93469],[-65.28986,-22.73267],[-65.26637,-22.63476],[-65.30918,-22.60108],[-65.35023,-22.60997],[-65.42466,-22.74984],[-65.48875,-22.76027],[-65.51419,-22.86831],[-65.57954,-22.89276],[-65.60146,-22.9672],[-65.68512,-23.02694],[-65.70753,-23.41818]]]}},{"type":"Feature","properties":{"gid":"ARG.10.5_1","name2":"Ledesma","engtype2":"Department","type2":"Departamento","provZh":"胡胡伊省"},"geometry":{"type":"Polygon","coordinates":[[[-65.06932,-24.02708],[-65.05555,-24.04725],[-64.90189,-24.00953],[-64.80032,-24.09423],[-64.70026,-24.08198],[-64.5638,-23.74487],[-64.44379,-23.63491],[-64.46394,-23.5931],[-64.67001,-23.45814],[-64.81098,-23.51034],[-64.86107,-23.50046],[-64.84106,-23.62205],[-64.93909,-23.73382],[-65.02584,-23.68468],[-65.10292,-23.81062],[-65.14039,-23.78905],[-65.23522,-23.82056],[-65.21251,-23.87358],[-65.1618,-23.87613],[-65.1037,-23.93279],[-65.06932,-24.02708]]]}},{"type":"Feature","properties":{"gid":"ARG.10.6_1","name2":"Palpalá","engtype2":"Department","type2":"Departamento","provZh":"胡胡伊省"},"geometry":{"type":"Polygon","coordinates":[[[-65.22433,-24.27286],[-64.99458,-24.3652],[-65.06998,-24.20769],[-65.06932,-24.02708],[-65.22047,-24.11227],[-65.20084,-24.20415],[-65.26134,-24.21548],[-65.20773,-24.256],[-65.22433,-24.27286]]]}},{"type":"Feature","properties":{"gid":"ARG.10.7_1","name2":"Rinconada","engtype2":"Department","type2":"Departamento","provZh":"胡胡伊省"},"geometry":{"type":"Polygon","coordinates":[[[-65.79948,-22.44258],[-65.95846,-22.39918],[-66.03424,-22.27278],[-66.27128,-22.26842],[-66.30735,-22.29511],[-66.40388,-22.2511],[-66.56013,-22.40291],[-66.76647,-22.35892],[-66.78247,-22.43807],[-66.92857,-22.49223],[-66.97296,-22.54066],[-67.02727,-22.54088],[-67.01408,-22.65481],[-67.12777,-22.72211],[-67.1816,-22.81445],[-66.99352,-23.01037],[-66.68413,-23.00747],[-66.57172,-22.85743],[-66.41924,-22.89293],[-66.31866,-22.87417],[-66.13011,-22.78606],[-66.08253,-22.70246],[-65.9473,-22.67022],[-65.88389,-22.5714],[-65.84827,-22.59174],[-65.79948,-22.44258]]]}},{"type":"Feature","properties":{"gid":"ARG.10.8_1","name2":"San Antonio","engtype2":"Department","type2":"Departamento","provZh":"胡胡伊省"},"geometry":{"type":"Polygon","coordinates":[[[-65.70542,-24.23656],[-65.62273,-24.33581],[-65.6262,-24.37726],[-65.50995,-24.45862],[-65.48032,-24.42887],[-65.4267,-24.47045],[-65.35352,-24.46626],[-65.34175,-24.39015],[-65.24258,-24.37022],[-65.21684,-24.32808],[-65.12383,-24.33465],[-65.18043,-24.28316],[-65.31772,-24.25356],[-65.5358,-24.29513],[-65.70542,-24.23656]]]}},{"type":"Feature","properties":{"gid":"ARG.10.9_1","name2":"San Pedro","engtype2":"Department","type2":"Departamento","provZh":"胡胡伊省"},"geometry":{"type":"Polygon","coordinates":[[[-64.83212,-24.47771],[-64.62972,-24.60868],[-64.53437,-24.50352],[-64.49037,-24.40084],[-64.52477,-24.33882],[-64.74298,-24.32755],[-64.69965,-24.23879],[-64.70026,-24.08198],[-64.80032,-24.09423],[-64.90544,-24.00903],[-65.05555,-24.04725],[-65.0795,-24.14243],[-65.0436,-24.29553],[-64.99458,-24.3652],[-64.88864,-24.37193],[-64.91856,-24.44244],[-64.83212,-24.47771]]]}},{"type":"Feature","properties":{"gid":"ARG.10.10_1","name2":"Santa Bárbara","engtype2":"Department","type2":"Departamento","provZh":"胡胡伊省"},"geometry":{"type":"Polygon","coordinates":[[[-64.70026,-24.08198],[-64.69965,-24.23879],[-64.74298,-24.32755],[-64.52237,-24.34029],[-64.49037,-24.40084],[-64.53437,-24.50352],[-64.40144,-24.43184],[-64.27963,-24.41278],[-64.15532,-24.20402],[-64.17354,-23.507],[-64.37019,-23.51624],[-64.46854,-23.67169],[-64.5638,-23.74487],[-64.70026,-24.08198]]]}},{"type":"Feature","properties":{"gid":"ARG.10.11_1","name2":"Santa Catalina","engtype2":"Department","type2":"Departamento","provZh":"胡胡伊省"},"geometry":{"type":"Polygon","coordinates":[[[-65.95708,-22.39945],[-65.94183,-22.19635],[-65.84189,-22.16765],[-65.80435,-22.07527],[-65.9248,-21.93355],[-66.04819,-21.91902],[-66.07631,-21.83498],[-66.22148,-21.78137],[-66.28949,-22.08698],[-66.35698,-22.13216],[-66.73929,-22.23846],[-66.78516,-22.42388],[-66.76647,-22.35892],[-66.56013,-22.40291],[-66.40053,-22.25035],[-66.30735,-22.29511],[-66.27128,-22.26842],[-66.03424,-22.27278],[-65.95708,-22.39945]]]}},{"type":"Feature","properties":{"gid":"ARG.10.12_1","name2":"Susques","engtype2":"Department","type2":"Departamento","provZh":"胡胡伊省"},"geometry":{"type":"Polygon","coordinates":[[[-66.68413,-23.00747],[-66.99352,-23.01037],[-67.21538,-23.7011],[-67.00558,-23.86432],[-67.00291,-23.95943],[-66.93476,-23.95557],[-66.80731,-24.09253],[-66.74758,-24.08788],[-66.65248,-24.17676],[-66.47913,-24.20874],[-66.38429,-24.11903],[-66.34216,-23.99033],[-66.32809,-23.72427],[-66.3947,-23.53926],[-66.36269,-23.38549],[-66.33603,-23.36792],[-66.284,-23.39313],[-66.25465,-23.19631],[-66.29606,-23.00543],[-66.68413,-23.00747]]]}},{"type":"Feature","properties":{"gid":"ARG.10.13_1","name2":"Tilcara","engtype2":"Department","type2":"Departamento","provZh":"胡胡伊省"},"geometry":{"type":"Polygon","coordinates":[[[-65.54545,-23.47301],[-65.56117,-23.5429],[-65.49008,-23.68485],[-65.40642,-23.71256],[-65.33621,-23.68699],[-65.3438,-23.75735],[-65.25932,-23.81595],[-65.13681,-23.78892],[-65.10292,-23.81062],[-65.03654,-23.71893],[-65.02752,-23.68142],[-65.14298,-23.53708],[-65.12526,-23.41102],[-65.17847,-23.32048],[-65.33414,-23.38943],[-65.57743,-23.28895],[-65.54545,-23.47301]]]}},{"type":"Feature","properties":{"gid":"ARG.10.14_1","name2":"Tumbaya","engtype2":"Department","type2":"Departamento","provZh":"胡胡伊省"},"geometry":{"type":"Polygon","coordinates":[[[-65.21251,-23.87358],[-65.23522,-23.82056],[-65.3438,-23.75735],[-65.33621,-23.68699],[-65.40642,-23.71256],[-65.49008,-23.68485],[-65.56117,-23.5429],[-65.54545,-23.47301],[-65.68081,-23.41295],[-65.83738,-23.43815],[-65.84888,-23.56771],[-65.88928,-23.62964],[-66.00131,-23.68951],[-66.02526,-23.8199],[-65.97887,-23.97689],[-65.84026,-23.99273],[-65.7384,-24.1216],[-65.63749,-23.89837],[-65.42461,-24.02591],[-65.39211,-24.01417],[-65.3894,-23.93477],[-65.30334,-23.93265],[-65.21251,-23.87358]]]}},{"type":"Feature","properties":{"gid":"ARG.10.15_1","name2":"Valle Grande","engtype2":"Department","type2":"Departamento","provZh":"胡胡伊省"},"geometry":{"type":"Polygon","coordinates":[[[-65.17847,-23.32048],[-65.12526,-23.41102],[-65.14298,-23.53708],[-65.02584,-23.68468],[-64.93909,-23.73382],[-64.84106,-23.62205],[-64.88232,-23.44118],[-65.03596,-23.23858],[-65.17847,-23.32048]]]}},{"type":"Feature","properties":{"gid":"ARG.10.16_1","name2":"Yavi","engtype2":"Department","type2":"Departamento","provZh":"胡胡伊省"},"geometry":{"type":"Polygon","coordinates":[[[-65.33839,-22.58337],[-65.33875,-22.49478],[-65.23904,-22.31789],[-65.1958,-22.10305],[-65.09452,-22.08397],[-65.57492,-22.07554],[-65.67617,-22.11168],[-65.80435,-22.07527],[-65.84189,-22.16765],[-65.94022,-22.1934],[-65.95708,-22.39945],[-65.33839,-22.58337]]]}},{"type":"Feature","properties":{"gid":"ARG.11.1_1","name2":"Atreucó","engtype2":"Department","type2":"Departamento","provZh":"拉潘帕省"},"geometry":{"type":"Polygon","coordinates":[[[-63.39055,-36.81365],[-64.16586,-36.81138],[-64.16738,-37.26609],[-63.39151,-37.26973],[-63.39055,-36.81365]]]}},{"type":"Feature","properties":{"gid":"ARG.11.2_1","name2":"Caleu Caleu","engtype2":"Department","type2":"Departamento","provZh":"拉潘帕省"},"geometry":{"type":"Polygon","coordinates":[[[-63.38929,-38.25705],[-64.51291,-38.25072],[-64.51504,-38.8534],[-64.00149,-39.00776],[-63.90462,-39.09604],[-63.76596,-39.12802],[-63.62882,-39.24203],[-63.38855,-39.31832],[-63.38929,-38.25705]]]}},{"type":"Feature","properties":{"gid":"ARG.11.3_1","name2":"Capital","engtype2":"Department","type2":"Departamento","provZh":"拉潘帕省"},"geometry":{"type":"Polygon","coordinates":[[[-63.93766,-36.81204],[-63.93677,-36.2714],[-64.49091,-36.26809],[-64.49696,-36.6249],[-64.35263,-36.6258],[-64.27899,-36.71661],[-64.16552,-36.71724],[-64.16586,-36.81138],[-63.93766,-36.81204]]]}},{"type":"Feature","properties":{"gid":"ARG.11.4_1","name2":"Catriló","engtype2":"Department","type2":"Departamento","provZh":"拉潘帕省"},"geometry":{"type":"Polygon","coordinates":[[[-63.38995,-36.51341],[-63.38965,-36.36446],[-63.93693,-36.36428],[-63.93766,-36.81204],[-63.39055,-36.81365],[-63.38995,-36.51341]]]}},{"type":"Feature","properties":{"gid":"ARG.11.5_1","name2":"Chalileo","engtype2":"Department","type2":"Departamento","provZh":"拉潘帕省"},"geometry":{"type":"Polygon","coordinates":[[[-65.9823,-36.78063],[-66.0034,-35.99898],[-67.12025,-35.99778],[-67.11101,-36.8007],[-65.9823,-36.78063]]]}},{"type":"Feature","properties":{"gid":"ARG.11.6_1","name2":"Chapaleufú","engtype2":"Department","type2":"Departamento","provZh":"拉潘帕省"},"geometry":{"type":"Polygon","coordinates":[[[-63.39265,-34.99844],[-63.93875,-34.99818],[-63.93697,-35.46022],[-63.38935,-35.45914],[-63.39265,-34.99844]]]}},{"type":"Feature","properties":{"gid":"ARG.11.7_1","name2":"Chical Có","engtype2":"Department","type2":"Departamento","provZh":"拉潘帕省"},"geometry":{"type":"Polygon","coordinates":[[[-67.12025,-35.99778],[-68.29579,-35.99852],[-68.29581,-36.16628],[-68.24169,-36.16571],[-68.24204,-36.81104],[-67.11101,-36.8007],[-67.12025,-35.99778]]]}},{"type":"Feature","properties":{"gid":"ARG.11.8_1","name2":"Conhelo","engtype2":"Department","type2":"Departamento","provZh":"拉潘帕省"},"geometry":{"type":"Polygon","coordinates":[[[-63.93677,-36.2714],[-63.93589,-35.81804],[-65.10313,-35.80768],[-65.10225,-35.99694],[-65.04374,-35.99926],[-65.04791,-36.26216],[-63.93677,-36.2714]]]}},{"type":"Feature","properties":{"gid":"ARG.11.9_1","name2":"Curacó","engtype2":"Department","type2":"Departamento","provZh":"拉潘帕省"},"geometry":{"type":"Polygon","coordinates":[[[-67.08859,-38.38379],[-66.99168,-38.44264],[-66.89857,-38.44637],[-66.60374,-38.55241],[-66.57627,-38.6241],[-66.59723,-38.67251],[-66.47484,-38.7354],[-66.31516,-38.75518],[-66.07445,-38.72587],[-65.66262,-38.83048],[-65.63776,-37.68111],[-67.0961,-37.7108],[-67.08859,-38.38379]]]}},{"type":"Feature","properties":{"gid":"ARG.11.10_1","name2":"Guatraché","engtype2":"Department","type2":"Departamento","provZh":"拉潘帕省"},"geometry":{"type":"Polygon","coordinates":[[[-63.39151,-37.26973],[-64.16738,-37.26609],[-64.16785,-37.71792],[-63.39251,-37.72096],[-63.39151,-37.26973]]]}},{"type":"Feature","properties":{"gid":"ARG.11.11_1","name2":"Hucal","engtype2":"Department","type2":"Departamento","provZh":"拉潘帕省"},"geometry":{"type":"Polygon","coordinates":[[[-63.39251,-37.72096],[-64.50811,-37.71521],[-64.51291,-38.25072],[-63.38929,-38.25705],[-63.39251,-37.72096]]]}},{"type":"Feature","properties":{"gid":"ARG.11.12_1","name2":"Lihuel Calel","engtype2":"Department","type2":"Departamento","provZh":"拉潘帕省"},"geometry":{"type":"Polygon","coordinates":[[[-64.51291,-38.25072],[-64.50811,-37.71521],[-65.63805,-37.69947],[-65.66262,-38.83048],[-65.57493,-38.7741],[-65.36786,-38.85138],[-65.27097,-38.81761],[-65.18829,-38.83179],[-65.15051,-38.80079],[-64.51504,-38.8534],[-64.51291,-38.25072]]]}},{"type":"Feature","properties":{"gid":"ARG.11.13_1","name2":"Limay Mahuida","engtype2":"Department","type2":"Departamento","provZh":"拉潘帕省"},"geometry":{"type":"Polygon","coordinates":[[[-67.11101,-36.8007],[-67.0961,-37.7108],[-65.9566,-37.68868],[-65.9823,-36.78063],[-67.11101,-36.8007]]]}},{"type":"Feature","properties":{"gid":"ARG.11.14_1","name2":"Loventué","engtype2":"Department","type2":"Departamento","provZh":"拉潘帕省"},"geometry":{"type":"Polygon","coordinates":[[[-65.9823,-36.78063],[-65.97736,-36.96104],[-65.06026,-36.98685],[-65.04374,-35.99926],[-66.0034,-35.99898],[-65.9823,-36.78063]]]}},{"type":"Feature","properties":{"gid":"ARG.11.15_1","name2":"Maracó","engtype2":"Department","type2":"Departamento","provZh":"拉潘帕省"},"geometry":{"type":"Polygon","coordinates":[[[-63.38849,-35.8839],[-63.38935,-35.45914],[-63.93697,-35.46022],[-63.93608,-35.91269],[-63.3882,-35.91335],[-63.38849,-35.8839]]]}},{"type":"Feature","properties":{"gid":"ARG.11.16_1","name2":"Puelén","engtype2":"Department","type2":"Departamento","provZh":"拉潘帕省"},"geometry":{"type":"Polygon","coordinates":[[[-68.24204,-36.81104],[-68.24275,-37.57786],[-67.88111,-37.61308],[-67.78954,-37.6539],[-67.71493,-37.81109],[-67.78217,-37.90637],[-67.86732,-37.94221],[-67.88794,-38.02271],[-67.84367,-38.06526],[-67.75056,-38.06856],[-67.72114,-38.12928],[-67.58451,-38.24472],[-67.36839,-38.25267],[-67.18542,-38.2141],[-67.15169,-38.35555],[-67.08859,-38.38379],[-67.11101,-36.8007],[-68.24204,-36.81104]]]}},{"type":"Feature","properties":{"gid":"ARG.11.17_1","name2":"Quemú Quemú","engtype2":"Department","type2":"Departamento","provZh":"拉潘帕省"},"geometry":{"type":"Polygon","coordinates":[[[-63.3882,-35.91335],[-63.93608,-35.91269],[-63.93693,-36.36428],[-63.38965,-36.36446],[-63.3882,-35.91335]]]}},{"type":"Feature","properties":{"gid":"ARG.11.18_1","name2":"Rancul","engtype2":"Department","type2":"Departamento","provZh":"拉潘帕省"},"geometry":{"type":"Polygon","coordinates":[[[-65.10672,-34.99768],[-65.10313,-35.80768],[-64.48837,-35.81456],[-64.48449,-34.99802],[-65.10672,-34.99768]]]}},{"type":"Feature","properties":{"gid":"ARG.11.19_1","name2":"Realicó","engtype2":"Department","type2":"Departamento","provZh":"拉潘帕省"},"geometry":{"type":"Polygon","coordinates":[[[-64.48449,-34.99802],[-64.48671,-35.4588],[-63.93697,-35.46022],[-63.93875,-34.99818],[-64.48449,-34.99802]]]}},{"type":"Feature","properties":{"gid":"ARG.11.20_1","name2":"Toay","engtype2":"Department","type2":"Departamento","provZh":"拉潘帕省"},"geometry":{"type":"Polygon","coordinates":[[[-64.16586,-36.81138],[-64.16552,-36.71724],[-64.27899,-36.71661],[-64.35263,-36.6258],[-64.49696,-36.6249],[-64.49091,-36.26809],[-65.04791,-36.26216],[-65.06026,-36.98685],[-64.16654,-36.99587],[-64.16586,-36.81138]]]}},{"type":"Feature","properties":{"gid":"ARG.11.21_1","name2":"Trenel","engtype2":"Department","type2":"Departamento","provZh":"拉潘帕省"},"geometry":{"type":"Polygon","coordinates":[[[-63.93589,-35.81804],[-63.93697,-35.46022],[-64.48671,-35.4588],[-64.48837,-35.81456],[-63.93589,-35.81804]]]}},{"type":"Feature","properties":{"gid":"ARG.11.22_1","name2":"Utracán","engtype2":"Department","type2":"Departamento","provZh":"拉潘帕省"},"geometry":{"type":"Polygon","coordinates":[[[-64.16654,-36.99587],[-65.97736,-36.96104],[-65.9566,-37.68868],[-64.16785,-37.71792],[-64.16654,-36.99587]]]}},{"type":"Feature","properties":{"gid":"ARG.12.1_1","name2":"Arauco","engtype2":"Department","type2":"Departamento","provZh":"拉里奥哈省"},"geometry":{"type":"Polygon","coordinates":[[[-66.36987,-28.71606],[-66.48956,-28.64071],[-66.48933,-28.54449],[-66.52773,-28.53009],[-66.51777,-28.45292],[-66.57945,-28.32015],[-66.93118,-28.25439],[-67.01987,-28.34876],[-66.98771,-28.47977],[-67.01193,-28.60378],[-66.83662,-28.62795],[-66.73471,-28.85231],[-66.33974,-28.72875],[-66.36987,-28.71606]]]}},{"type":"Feature","properties":{"gid":"ARG.12.2_1","name2":"Capital","engtype2":"Department","type2":"Departamento","provZh":"拉里奥哈省"},"geometry":{"type":"Polygon","coordinates":[[[-66.33974,-28.72875],[-66.73471,-28.85231],[-66.77542,-29.04904],[-66.8781,-29.1889],[-66.9482,-29.36106],[-67.02968,-29.42735],[-67.09004,-29.40551],[-67.10141,-29.43002],[-67.03185,-29.53644],[-67.06055,-29.63856],[-67.01895,-29.77231],[-66.97621,-29.81896],[-66.60915,-29.84908],[-66.63225,-30.11019],[-66.48223,-30.18642],[-66.43027,-30.02431],[-65.7008,-29.82706],[-65.5331,-29.82777],[-65.75264,-29.27732],[-65.829,-29.25342],[-65.82858,-29.18089],[-66.10976,-28.94081],[-66.21989,-28.88984],[-66.396,-28.86559],[-66.33974,-28.72875]]]}},{"type":"Feature","properties":{"gid":"ARG.12.3_1","name2":"Castro Barros","engtype2":"Department","type2":"Departamento","provZh":"拉里奥哈省"},"geometry":{"type":"Polygon","coordinates":[[[-67.01193,-28.60378],[-67.06469,-28.65265],[-67.06866,-28.71863],[-67.14218,-28.84817],[-67.04443,-28.97111],[-66.96254,-29.00922],[-66.94329,-29.10899],[-66.86179,-29.17489],[-66.77542,-29.04904],[-66.73462,-28.8525],[-66.83662,-28.62795],[-67.01193,-28.60378]]]}},{"type":"Feature","properties":{"gid":"ARG.12.4_1","name2":"Chamical","engtype2":"Department","type2":"Departamento","provZh":"拉里奥哈省"},"geometry":{"type":"Polygon","coordinates":[[[-65.5331,-29.82777],[-65.7008,-29.82706],[-66.43027,-30.02431],[-66.50141,-30.26401],[-66.39491,-30.48243],[-66.37152,-30.51118],[-66.23236,-30.52663],[-65.99757,-30.39359],[-65.49619,-30.37097],[-65.41371,-30.1224],[-65.5331,-29.82777]]]}},{"type":"Feature","properties":{"gid":"ARG.12.5_1","name2":"Chilecito","engtype2":"Department","type2":"Departamento","provZh":"拉里奥哈省"},"geometry":{"type":"Polygon","coordinates":[[[-67.09004,-29.40551],[-67.22164,-29.1746],[-67.1991,-29.11339],[-67.21606,-29.01451],[-67.83548,-29.00802],[-67.85815,-29.14085],[-67.8353,-29.26175],[-67.5368,-29.78613],[-66.97621,-29.81896],[-67.0559,-29.66379],[-67.03027,-29.54486],[-67.09555,-29.45915],[-67.09004,-29.40551]]]}},{"type":"Feature","properties":{"gid":"ARG.12.6_1","name2":"Coronel Felipe Varela","engtype2":"Department","type2":"Departamento","provZh":"拉里奥哈省"},"geometry":{"type":"Polygon","coordinates":[[[-67.85364,-29.07857],[-68.24531,-29.22432],[-68.96692,-28.96431],[-68.90359,-29.05832],[-68.93464,-29.12534],[-68.97388,-29.11254],[-69.00649,-29.14853],[-68.95207,-29.29173],[-68.99321,-29.40309],[-68.95664,-29.44296],[-69.03096,-29.52122],[-69.0097,-29.60335],[-68.95094,-29.63496],[-68.87978,-29.59338],[-68.82967,-29.61639],[-68.69293,-29.60106],[-68.61423,-29.64034],[-68.33401,-29.67622],[-68.24477,-29.77669],[-68.19571,-29.78805],[-68.17361,-29.84763],[-68.10327,-29.84568],[-68.08256,-29.90132],[-67.99064,-29.97784],[-67.81704,-29.80133],[-67.61253,-29.65604],[-67.83044,-29.27382],[-67.85364,-29.07857]]]}},{"type":"Feature","properties":{"gid":"ARG.12.7_1","name2":"Famatina","engtype2":"Department","type2":"Departamento","provZh":"拉里奥哈省"},"geometry":{"type":"Polygon","coordinates":[[[-67.86131,-28.30702],[-67.87631,-28.36477],[-67.82976,-28.5355],[-67.87713,-28.76106],[-67.82471,-28.88128],[-67.83519,-29.01464],[-67.21606,-29.01451],[-67.1748,-28.90553],[-67.22549,-28.85017],[-67.25701,-28.74227],[-67.27368,-28.52077],[-67.43409,-28.41987],[-67.44529,-28.35869],[-67.50047,-28.33206],[-67.66989,-28.31384],[-67.8095,-28.35042],[-67.8176,-28.38647],[-67.86131,-28.30702]]]}},{"type":"Feature","properties":{"gid":"ARG.12.8_1","name2":"General Angel Vicente Peñaloza","engtype2":"Department","type2":"Departamento","provZh":"拉里奥哈省"},"geometry":{"type":"Polygon","coordinates":[[[-66.84724,-29.82966],[-66.87799,-30.03718],[-66.86102,-30.40358],[-66.91708,-30.53126],[-66.7813,-30.53471],[-66.74837,-30.63152],[-66.61581,-30.67456],[-66.58244,-30.73953],[-66.38396,-30.67764],[-66.42028,-30.61373],[-66.3718,-30.5097],[-66.50101,-30.26815],[-66.48223,-30.18642],[-66.63225,-30.11019],[-66.60915,-29.84908],[-66.84724,-29.82966]]]}},{"type":"Feature","properties":{"gid":"ARG.12.9_1","name2":"General Belgrano","engtype2":"Department","type2":"Departamento","provZh":"拉里奥哈省"},"geometry":{"type":"Polygon","coordinates":[[[-65.49619,-30.37097],[-65.99757,-30.39359],[-66.23236,-30.52663],[-66.37152,-30.51118],[-66.41867,-30.63502],[-66.35328,-30.74772],[-65.64955,-30.75344],[-65.49619,-30.37097]]]}},{"type":"Feature","properties":{"gid":"ARG.12.10_1","name2":"General Juan Facundo Quiroga","engtype2":"Department","type2":"Departamento","provZh":"拉里奥哈省"},"geometry":{"type":"Polygon","coordinates":[[[-66.91708,-30.53126],[-67.41956,-30.51567],[-67.17977,-30.72253],[-67.07632,-30.88713],[-67.11644,-31.02088],[-67.06374,-31.08405],[-66.48067,-31.09575],[-66.4899,-30.98694],[-66.41143,-30.93892],[-66.39016,-30.84883],[-66.3257,-30.7929],[-66.38194,-30.68022],[-66.58244,-30.73953],[-66.61581,-30.67456],[-66.74837,-30.63152],[-66.7813,-30.53471],[-66.91708,-30.53126]]]}},{"type":"Feature","properties":{"gid":"ARG.12.11_1","name2":"General Lamadrid","engtype2":"Department","type2":"Departamento","provZh":"拉里奥哈省"},"geometry":{"type":"Polygon","coordinates":[[[-67.83548,-29.00802],[-68.01266,-28.90265],[-68.2188,-28.86913],[-69.44805,-28.18655],[-69.52387,-28.33028],[-69.58677,-28.35925],[-69.59277,-28.38407],[-69.48377,-28.40264],[-69.44736,-28.44315],[-69.35233,-28.43507],[-69.19792,-28.58992],[-69.14233,-28.7399],[-68.94927,-28.91421],[-68.96692,-28.96431],[-68.24531,-29.22432],[-67.85364,-29.07857],[-67.83548,-29.00802]]]}},{"type":"Feature","properties":{"gid":"ARG.12.12_1","name2":"General Ocampo","engtype2":"Department","type2":"Departamento","provZh":"拉里奥哈省"},"geometry":{"type":"Polygon","coordinates":[[[-65.64955,-30.75344],[-66.35328,-30.74772],[-66.3257,-30.7929],[-66.39016,-30.84883],[-66.41143,-30.93892],[-66.4899,-30.98694],[-66.48067,-31.09575],[-66.42763,-31.13614],[-66.41927,-31.18753],[-66.30807,-31.18865],[-65.77307,-31.36762],[-65.76972,-31.03168],[-65.64955,-30.75344]]]}},{"type":"Feature","properties":{"gid":"ARG.12.13_1","name2":"General San Martín","engtype2":"Department","type2":"Departamento","provZh":"拉里奥哈省"},"geometry":{"type":"Polygon","coordinates":[[[-65.77307,-31.36762],[-66.26527,-31.20318],[-66.3411,-31.25814],[-66.35679,-31.43121],[-66.29306,-31.53656],[-66.2608,-31.68546],[-66.31118,-31.82694],[-66.50526,-31.76711],[-66.8551,-31.77293],[-66.76469,-31.81853],[-66.64074,-31.94492],[-66.38845,-32.00079],[-66.34264,-32.00254],[-66.30636,-31.94263],[-66.15324,-31.97051],[-66.1239,-31.9459],[-66.07526,-31.97284],[-65.95535,-31.88598],[-65.77826,-31.88525],[-65.77307,-31.36762]]]}},{"type":"Feature","properties":{"gid":"ARG.12.14_1","name2":"Independencia","engtype2":"Department","type2":"Departamento","provZh":"拉里奥哈省"},"geometry":{"type":"Polygon","coordinates":[[[-66.97621,-29.81896],[-67.5368,-29.78613],[-67.61253,-29.65604],[-67.81704,-29.80133],[-67.99064,-29.97784],[-67.69489,-30.18388],[-67.57639,-30.30775],[-67.55439,-30.4036],[-67.43188,-30.50981],[-66.91708,-30.53126],[-66.86102,-30.40358],[-66.87799,-30.03718],[-66.84724,-29.82966],[-66.97621,-29.81896]]]}},{"type":"Feature","properties":{"gid":"ARG.12.15_1","name2":"Rosario Vera Peñaloza","engtype2":"Department","type2":"Departamento","provZh":"拉里奥哈省"},"geometry":{"type":"Polygon","coordinates":[[[-67.06374,-31.08405],[-67.10014,-31.38745],[-67.05708,-31.54744],[-66.94613,-31.63775],[-66.86946,-31.63811],[-66.85733,-31.76122],[-66.50526,-31.76711],[-66.31118,-31.82694],[-66.2608,-31.68546],[-66.29306,-31.53656],[-66.35679,-31.43121],[-66.3411,-31.25814],[-66.26527,-31.20318],[-66.41927,-31.18753],[-66.463,-31.09605],[-67.06374,-31.08405]]]}},{"type":"Feature","properties":{"gid":"ARG.12.16_1","name2":"San Blas de los Sauces","engtype2":"Department","type2":"Departamento","provZh":"拉里奥哈省"},"geometry":{"type":"Polygon","coordinates":[[[-67.0397,-28.25937],[-67.09115,-28.27921],[-67.16038,-28.3801],[-67.44529,-28.35869],[-67.44049,-28.41408],[-67.26223,-28.53713],[-67.25805,-28.73811],[-67.22549,-28.85017],[-67.1748,-28.90553],[-67.06866,-28.71863],[-67.06469,-28.65265],[-67.01382,-28.62088],[-66.98771,-28.47977],[-67.02283,-28.35687],[-66.93118,-28.25439],[-67.0397,-28.25937]]]}},{"type":"Feature","properties":{"gid":"ARG.12.17_1","name2":"Sanagasta","engtype2":"Department","type2":"Departamento","provZh":"拉里奥哈省"},"geometry":{"type":"Polygon","coordinates":[[[-66.86179,-29.17489],[-66.94329,-29.10899],[-66.96254,-29.00922],[-67.04443,-28.97111],[-67.14218,-28.84817],[-67.21027,-28.97514],[-67.22275,-29.17046],[-67.07874,-29.42298],[-67.02968,-29.42735],[-66.9482,-29.36106],[-66.86179,-29.17489]]]}},{"type":"Feature","properties":{"gid":"ARG.12.18_1","name2":"Vinchina","engtype2":"Department","type2":"Departamento","provZh":"拉里奥哈省"},"geometry":{"type":"Polygon","coordinates":[[[-69.08902,-27.77303],[-69.12335,-27.90147],[-69.17351,-27.9719],[-69.23794,-27.96699],[-69.30769,-28.12935],[-69.38328,-28.1842],[-69.39105,-28.22657],[-68.2188,-28.86913],[-68.01266,-28.90265],[-67.83548,-29.00802],[-67.82471,-28.88128],[-67.87713,-28.76106],[-67.82976,-28.5355],[-67.87631,-28.36477],[-67.86131,-28.30702],[-67.92384,-28.20853],[-67.91765,-28.12204],[-68.10336,-28.15974],[-68.18018,-28.091],[-68.28327,-28.08607],[-68.30281,-28.02416],[-68.44355,-28.02441],[-68.4287,-27.8788],[-68.50558,-27.80446],[-68.49202,-27.73382],[-68.55305,-27.7108],[-68.84559,-27.78051],[-69.08902,-27.77303]]]}},{"type":"Feature","properties":{"gid":"ARG.13.1_1","name2":"Capital","engtype2":"Department","type2":"Departamento","provZh":"门多萨省"},"geometry":{"type":"Polygon","coordinates":[[[-68.82639,-32.90762],[-68.82621,-32.86096],[-68.96387,-32.85896],[-68.96531,-32.91061],[-68.82639,-32.90762]]]}},{"type":"Feature","properties":{"gid":"ARG.13.2_1","name2":"General Alvear","engtype2":"Department","type2":"Departamento","provZh":"门多萨省"},"geometry":{"type":"Polygon","coordinates":[[[-66.62605,-35.99893],[-66.63215,-35.91154],[-66.55914,-35.63976],[-66.57711,-35.59424],[-66.53372,-35.52554],[-66.50233,-35.2343],[-66.55526,-34.99027],[-66.53866,-34.94886],[-66.65506,-34.74708],[-66.64219,-34.71073],[-66.68462,-34.68767],[-66.75739,-34.55507],[-66.92053,-34.49876],[-67.10388,-34.56436],[-67.29432,-34.53329],[-67.47723,-34.55686],[-67.64645,-34.53882],[-67.73177,-34.94872],[-67.70155,-35.05229],[-67.72379,-35.21684],[-67.50681,-35.598],[-67.22874,-35.79883],[-67.14355,-35.94304],[-67.09789,-35.94858],[-67.07463,-35.99798],[-66.62605,-35.99893]]]}},{"type":"Feature","properties":{"gid":"ARG.13.3_1","name2":"Godoy Cruz","engtype2":"Department","type2":"Departamento","provZh":"门多萨省"},"geometry":{"type":"Polygon","coordinates":[[[-68.96531,-32.91061],[-68.9657,-32.95512],[-68.82243,-32.95744],[-68.7952,-32.91571],[-68.96531,-32.91061]]]}},{"type":"Feature","properties":{"gid":"ARG.13.4_1","name2":"Guaymallén","engtype2":"Department","type2":"Departamento","provZh":"门多萨省"},"geometry":{"type":"Polygon","coordinates":[[[-68.82639,-32.90762],[-68.69434,-32.96426],[-68.61522,-32.81622],[-68.78927,-32.85791],[-68.82639,-32.90762]]]}},{"type":"Feature","properties":{"gid":"ARG.13.5_1","name2":"Junín","engtype2":"Department","type2":"Departamento","provZh":"门多萨省"},"geometry":{"type":"Polygon","coordinates":[[[-68.67106,-33.22637],[-68.54519,-33.15204],[-68.47874,-33.14826],[-68.29073,-33.23136],[-68.27808,-33.19537],[-68.44463,-33.0927],[-68.57616,-33.0848],[-68.56702,-33.03743],[-68.67106,-33.22637]]]}},{"type":"Feature","properties":{"gid":"ARG.13.6_1","name2":"La Paz","engtype2":"Department","type2":"Departamento","provZh":"门多萨省"},"geometry":{"type":"Polygon","coordinates":[[[-67.60056,-33.04458],[-67.70518,-33.44133],[-67.71001,-33.78276],[-67.52908,-33.78689],[-67.52534,-34.11983],[-67.15092,-34.09391],[-67.14052,-34.26155],[-66.80495,-34.2626],[-66.7982,-34.21093],[-66.74358,-34.19442],[-66.73988,-33.94961],[-66.82384,-33.8988],[-66.9,-33.75872],[-67.00009,-33.69342],[-67.01144,-33.60377],[-67.06282,-33.57502],[-67.15629,-33.43259],[-67.19625,-33.11273],[-67.60056,-33.04458]]]}},{"type":"Feature","properties":{"gid":"ARG.13.7_1","name2":"Las Heras","engtype2":"Department","type2":"Departamento","provZh":"门多萨省"},"geometry":{"type":"Polygon","coordinates":[[[-68.81704,-32.87287],[-68.72965,-32.83353],[-68.66438,-32.69585],[-68.66644,-32.57905],[-68.53815,-32.34851],[-68.51041,-32.19453],[-68.66317,-32.33098],[-68.93155,-32.32346],[-68.93112,-32.0975],[-69.02141,-32.10886],[-69.13243,-31.96984],[-69.24603,-32.01617],[-69.31741,-32.0896],[-69.42317,-32.06647],[-69.59439,-32.13978],[-69.61985,-32.23904],[-69.71152,-32.33448],[-69.69605,-32.5202],[-69.83437,-32.56958],[-69.98289,-32.53957],[-70.03254,-32.56829],[-70.05602,-32.62867],[-70.12629,-32.57267],[-70.17205,-32.62112],[-70.10789,-32.80071],[-69.77754,-32.8519],[-69.55032,-32.73305],[-69.48183,-32.63594],[-69.41322,-32.64388],[-69.33619,-32.71976],[-69.26504,-32.90969],[-69.08986,-33.04806],[-68.99748,-33.03973],[-68.87837,-32.96687],[-68.9657,-32.95512],[-68.96387,-32.85896],[-68.81704,-32.87287]]]}},{"type":"Feature","properties":{"gid":"ARG.13.8_1","name2":"Lavalle","engtype2":"Department","type2":"Departamento","provZh":"门多萨省"},"geometry":{"type":"Polygon","coordinates":[[[-68.61522,-32.81622],[-68.46358,-32.87132],[-68.43963,-32.79417],[-68.31823,-32.72159],[-67.96132,-32.73732],[-67.9543,-32.98467],[-67.19625,-33.11273],[-67.21976,-32.93584],[-67.18958,-32.76686],[-67.24902,-32.68301],[-67.37388,-32.34627],[-67.45831,-32.30434],[-67.51098,-32.19798],[-67.54831,-32.22007],[-67.82668,-32.2084],[-67.91331,-32.15947],[-67.9689,-32.07283],[-68.06275,-32.06927],[-68.28992,-32.1362],[-68.46812,-32.10405],[-68.53815,-32.34851],[-68.66644,-32.57905],[-68.66438,-32.69585],[-68.72965,-32.83353],[-68.61522,-32.81622]]]}},{"type":"Feature","properties":{"gid":"ARG.13.9_1","name2":"Luján de Cuyo","engtype2":"Department","type2":"Departamento","provZh":"门多萨省"},"geometry":{"type":"Polygon","coordinates":[[[-68.87809,-32.9562],[-68.99748,-33.03973],[-69.09551,-33.0458],[-69.26504,-32.90969],[-69.35925,-32.68573],[-69.46368,-32.63311],[-69.53648,-32.72257],[-69.7382,-32.84496],[-70.08377,-32.81265],[-69.98893,-32.9019],[-70.01989,-33.00733],[-70.09365,-33.05144],[-70.0522,-33.13539],[-70.06422,-33.20583],[-70.00292,-33.32267],[-69.91802,-33.2447],[-69.90434,-33.27293],[-69.8009,-33.28737],[-69.76989,-33.3493],[-69.51759,-33.03355],[-69.44439,-33.00937],[-69.38789,-33.08122],[-69.2047,-33.11879],[-69.09039,-33.23734],[-68.90643,-33.29228],[-68.9211,-33.34124],[-68.79542,-33.39632],[-68.71616,-33.32743],[-68.62858,-33.1268],[-68.8243,-33.09171],[-68.82183,-33.05117],[-68.85781,-33.03179],[-68.80884,-32.9604],[-68.87809,-32.9562]]]}},{"type":"Feature","properties":{"gid":"ARG.13.10_1","name2":"Maipú","engtype2":"Department","type2":"Departamento","provZh":"门多萨省"},"geometry":{"type":"Polygon","coordinates":[[[-68.82243,-32.95744],[-68.85781,-33.03179],[-68.82183,-33.05117],[-68.8243,-33.09171],[-68.62858,-33.1268],[-68.46358,-32.87132],[-68.61522,-32.81622],[-68.69173,-32.96279],[-68.7952,-32.91571],[-68.82243,-32.95744]]]}},{"type":"Feature","properties":{"gid":"ARG.13.11_1","name2":"Malargüe","engtype2":"Department","type2":"Departamento","provZh":"门多萨省"},"geometry":{"type":"Polygon","coordinates":[[[-68.29348,-35.99852],[-68.48616,-35.57183],[-68.74134,-35.37296],[-69.43643,-35.24718],[-69.54369,-35.16758],[-69.66142,-34.98419],[-70.04351,-34.78795],[-70.11997,-34.68356],[-70.21323,-34.67003],[-70.30627,-34.74741],[-70.24828,-34.79911],[-70.33261,-34.93718],[-70.33321,-34.99023],[-70.36502,-35.00529],[-70.37446,-35.16978],[-70.56791,-35.22358],[-70.56695,-35.29892],[-70.43198,-35.31864],[-70.44675,-35.46345],[-70.36753,-35.51962],[-70.4135,-35.52843],[-70.38466,-35.60549],[-70.42302,-35.64075],[-70.35819,-35.74946],[-70.3793,-35.78691],[-70.31175,-35.81323],[-70.4256,-35.90408],[-70.36505,-35.92501],[-70.42241,-35.97254],[-70.37479,-35.99478],[-70.3699,-36.04139],[-70.42576,-36.09884],[-70.39655,-36.13224],[-70.38082,-36.28761],[-70.3388,-36.33923],[-70.21857,-36.33967],[-70.20071,-36.45148],[-70.12473,-36.56807],[-69.95011,-36.69749],[-69.90437,-36.79107],[-69.76016,-36.86645],[-69.77531,-36.97796],[-69.72985,-37.06924],[-69.48882,-37.17472],[-69.27832,-37.14249],[-69.14956,-37.18188],[-69.04071,-37.24691],[-69.0158,-37.36321],[-68.86585,-37.39534],[-68.76343,-37.36643],[-68.69427,-37.4395],[-68.49622,-37.45468],[-68.42994,-37.546],[-68.24275,-37.57786],[-68.24169,-36.16571],[-68.29581,-36.16628],[-68.29348,-35.99852]]]}},{"type":"Feature","properties":{"gid":"ARG.13.12_1","name2":"Rivadavia","engtype2":"Department","type2":"Departamento","provZh":"门多萨省"},"geometry":{"type":"Polygon","coordinates":[[[-68.67106,-33.22637],[-68.72346,-33.336],[-68.98299,-33.49751],[-69.00288,-33.54669],[-68.56805,-33.73299],[-68.60312,-33.48914],[-68.28664,-33.47803],[-68.29085,-33.23133],[-68.47874,-33.14826],[-68.60704,-33.17226],[-68.67106,-33.22637]]]}},{"type":"Feature","properties":{"gid":"ARG.13.13_1","name2":"San Carlos","engtype2":"Department","type2":"Departamento","provZh":"门多萨省"},"geometry":{"type":"Polygon","coordinates":[[[-69.00288,-33.54669],[-69.00435,-33.60302],[-69.06205,-33.66442],[-69.3027,-33.7925],[-69.35828,-33.86137],[-69.89796,-33.8399],[-69.85539,-33.89224],[-69.90549,-33.96472],[-69.85352,-33.96353],[-69.82157,-34.01556],[-69.87322,-34.13304],[-69.79874,-34.21978],[-69.90937,-34.29067],[-69.98472,-34.2566],[-69.78667,-34.41347],[-69.76621,-34.46909],[-69.69267,-34.49223],[-69.46474,-34.68804],[-69.38506,-34.69292],[-69.11545,-34.61131],[-69.03473,-34.31863],[-68.75089,-34.32786],[-68.70972,-34.24467],[-68.41924,-34.21095],[-68.37766,-34.19101],[-68.37714,-34.02003],[-68.28158,-34.01308],[-68.28664,-33.47803],[-68.60312,-33.48914],[-68.56805,-33.73299],[-69.00288,-33.54669]]]}},{"type":"Feature","properties":{"gid":"ARG.13.14_1","name2":"San Martín","engtype2":"Department","type2":"Departamento","provZh":"门多萨省"},"geometry":{"type":"Polygon","coordinates":[[[-68.28642,-33.19117],[-68.28646,-33.05671],[-68.19073,-32.99938],[-68.12347,-32.9995],[-68.11437,-32.8358],[-67.95847,-32.83777],[-67.96132,-32.73732],[-68.31823,-32.72159],[-68.43963,-32.79417],[-68.46841,-32.90268],[-68.58147,-33.07273],[-68.44463,-33.0927],[-68.28642,-33.19117]]]}},{"type":"Feature","properties":{"gid":"ARG.13.15_1","name2":"San Rafael","engtype2":"Department","type2":"Departamento","provZh":"门多萨省"},"geometry":{"type":"Polygon","coordinates":[[[-67.07463,-35.99798],[-67.09789,-35.94858],[-67.14355,-35.94304],[-67.22874,-35.79883],[-67.50681,-35.598],[-67.55753,-35.47809],[-67.65007,-35.38201],[-67.64397,-35.31934],[-67.72633,-35.18166],[-67.70155,-35.05229],[-67.73177,-34.94872],[-67.64397,-34.53717],[-67.47723,-34.55686],[-67.29432,-34.53329],[-67.10388,-34.56436],[-66.92298,-34.49855],[-66.75739,-34.55507],[-66.7726,-34.4256],[-66.80718,-34.38923],[-66.78478,-34.36061],[-66.81712,-34.33067],[-66.80495,-34.2626],[-67.14052,-34.26155],[-67.15092,-34.09391],[-67.59483,-34.12443],[-67.63886,-34.21042],[-68.16858,-34.20005],[-68.32871,-34.16869],[-68.42793,-34.2135],[-68.70972,-34.24467],[-68.75089,-34.32786],[-69.03473,-34.31863],[-69.11545,-34.61131],[-69.40984,-34.69526],[-69.5,-34.67187],[-69.69038,-34.49398],[-69.76621,-34.46909],[-69.78667,-34.41347],[-69.98428,-34.25627],[-70.03153,-34.29165],[-70.01292,-34.41192],[-70.13179,-34.48788],[-70.21787,-34.61187],[-70.21323,-34.67003],[-70.10923,-34.68895],[-70.04351,-34.78795],[-69.66142,-34.98419],[-69.54369,-35.16758],[-69.43643,-35.24718],[-68.74134,-35.37296],[-68.48616,-35.57183],[-68.29348,-35.99852],[-67.07463,-35.99798]]]}},{"type":"Feature","properties":{"gid":"ARG.13.16_1","name2":"Santa Rosa","engtype2":"Department","type2":"Departamento","provZh":"门多萨省"},"geometry":{"type":"Polygon","coordinates":[[[-68.29085,-33.23133],[-68.28158,-34.01308],[-68.37714,-34.02003],[-68.37766,-34.19101],[-68.31015,-34.16776],[-68.16858,-34.20005],[-67.63886,-34.21042],[-67.59483,-34.12443],[-67.52534,-34.11983],[-67.52908,-33.78689],[-67.71001,-33.78276],[-67.70518,-33.44133],[-67.60056,-33.04458],[-67.9543,-32.98467],[-67.95847,-32.83777],[-68.11437,-32.8358],[-68.12347,-32.9995],[-68.19073,-32.99938],[-68.28646,-33.05671],[-68.29085,-33.23133]]]}},{"type":"Feature","properties":{"gid":"ARG.13.17_1","name2":"Tunuyán","engtype2":"Department","type2":"Departamento","provZh":"门多萨省"},"geometry":{"type":"Polygon","coordinates":[[[-69.00288,-33.54669],[-69.23946,-33.47531],[-69.35326,-33.40523],[-69.77086,-33.35942],[-69.81573,-33.39114],[-69.79597,-33.42287],[-69.87153,-33.53948],[-69.86427,-33.71648],[-69.9039,-33.77038],[-69.89767,-33.83043],[-69.79449,-33.85805],[-69.35828,-33.86137],[-69.3027,-33.7925],[-69.06205,-33.66442],[-69.00435,-33.60302],[-69.00288,-33.54669]]]}},{"type":"Feature","properties":{"gid":"ARG.13.18_1","name2":"Tupungato","engtype2":"Department","type2":"Departamento","provZh":"门多萨省"},"geometry":{"type":"Polygon","coordinates":[[[-69.76989,-33.3493],[-69.35326,-33.40523],[-69.23946,-33.47531],[-69.00288,-33.54669],[-68.98299,-33.49751],[-68.80566,-33.39591],[-68.9211,-33.34124],[-68.90643,-33.29228],[-69.08789,-33.23889],[-69.20745,-33.11759],[-69.38789,-33.08122],[-69.44439,-33.00937],[-69.51759,-33.03355],[-69.76989,-33.3493]]]}},{"type":"Feature","properties":{"gid":"ARG.14.1_1","name2":"Apóstoles","engtype2":"Department","type2":"Departamento","provZh":"米西奥内斯省"},"geometry":{"type":"Polygon","coordinates":[[[-55.81986,-27.94843],[-55.70624,-28.07737],[-55.61629,-28.13215],[-55.59061,-28.11952],[-55.55582,-28.07129],[-55.55376,-27.98803],[-55.5726,-27.93753],[-55.62513,-27.93705],[-55.52093,-27.75707],[-55.49546,-27.75989],[-55.48793,-27.70306],[-55.61441,-27.69237],[-55.65726,-27.70621],[-55.66209,-27.74392],[-55.76624,-27.69392],[-55.76905,-27.72868],[-55.8531,-27.75717],[-55.81986,-27.94843]]]}},{"type":"Feature","properties":{"gid":"ARG.14.2_1","name2":"Cainguás","engtype2":"Department","type2":"Departamento","provZh":"米西奥内斯省"},"geometry":{"type":"Polygon","coordinates":[[[-54.60729,-26.93134],[-54.69632,-26.97667],[-54.71167,-26.93398],[-54.74988,-26.94369],[-54.72343,-27.04123],[-54.74884,-27.04855],[-54.81639,-26.98629],[-54.8812,-26.97811],[-54.88943,-27.05479],[-54.96889,-27.09716],[-55.01083,-27.05363],[-55.09716,-27.05303],[-55.10047,-27.18025],[-54.93781,-27.36875],[-54.92291,-27.34943],[-54.82484,-27.37931],[-54.83703,-27.24339],[-54.70207,-27.21047],[-54.71741,-27.16344],[-54.6129,-27.16221],[-54.59737,-27.26213],[-54.51337,-27.25802],[-54.52901,-27.20461],[-54.49765,-27.17473],[-54.49693,-27.08584],[-54.54098,-27.0854],[-54.60729,-26.93134]]]}},{"type":"Feature","properties":{"gid":"ARG.14.3_1","name2":"Candelaria","engtype2":"Department","type2":"Departamento","provZh":"米西奥内斯省"},"geometry":{"type":"Polygon","coordinates":[[[-55.66029,-27.61519],[-55.28144,-27.40165],[-55.31115,-27.37378],[-55.33772,-27.39787],[-55.48991,-27.3644],[-55.46935,-27.31771],[-55.5132,-27.27863],[-55.59369,-27.31232],[-55.7326,-27.4448],[-55.796,-27.44286],[-55.81045,-27.4725],[-55.78398,-27.49545],[-55.80876,-27.56712],[-55.66029,-27.61519]]]}},{"type":"Feature","properties":{"gid":"ARG.14.4_1","name2":"Capital","engtype2":"Department","type2":"Departamento","provZh":"米西奥内斯省"},"geometry":{"type":"Polygon","coordinates":[[[-55.8531,-27.75717],[-55.76905,-27.72868],[-55.76624,-27.69392],[-55.66209,-27.74392],[-55.65726,-27.70621],[-55.61621,-27.7084],[-55.60866,-27.64092],[-55.65353,-27.63595],[-55.67632,-27.5909],[-55.80876,-27.56712],[-55.796,-27.44286],[-55.8932,-27.34881],[-56.02844,-27.32048],[-56.05787,-27.45783],[-55.8531,-27.75717]]]}},{"type":"Feature","properties":{"gid":"ARG.14.5_1","name2":"Concepción","engtype2":"Department","type2":"Departamento","provZh":"米西奥内斯省"},"geometry":{"type":"Polygon","coordinates":[[[-55.59061,-28.11952],[-55.5543,-28.16401],[-55.49507,-28.0782],[-55.44798,-28.09631],[-55.37429,-28.03483],[-55.38269,-27.98439],[-55.30979,-27.9247],[-55.36267,-27.77451],[-55.52093,-27.75707],[-55.62513,-27.93705],[-55.5726,-27.93753],[-55.55376,-27.98803],[-55.55582,-28.07129],[-55.59061,-28.11952]]]}},{"type":"Feature","properties":{"gid":"ARG.14.6_1","name2":"Eldorado","engtype2":"Department","type2":"Departamento","provZh":"米西奥内斯省"},"geometry":{"type":"Polygon","coordinates":[[[-54.14861,-26.13925],[-54.43096,-26.1195],[-54.43361,-26.14943],[-54.46843,-26.12721],[-54.5181,-26.17355],[-54.58592,-26.13397],[-54.60484,-26.16292],[-54.64109,-26.15002],[-54.62034,-26.21711],[-54.67995,-26.26661],[-54.64986,-26.31799],[-54.70692,-26.45354],[-54.66115,-26.4557],[-54.63432,-26.51237],[-54.55797,-26.45524],[-54.51825,-26.50453],[-54.44563,-26.52142],[-54.41542,-26.49577],[-54.41305,-26.52281],[-54.36647,-26.47212],[-54.35332,-26.50235],[-54.2844,-26.5007],[-54.26866,-26.4483],[-54.17798,-26.44851],[-54.14861,-26.13925]]]}},{"type":"Feature","properties":{"gid":"ARG.14.7_1","name2":"General Manuel Belgrano","engtype2":"Department","type2":"Departamento","provZh":"米西奥内斯省"},"geometry":{"type":"Polygon","coordinates":[[[-54.17929,-26.33041],[-53.75221,-26.3257],[-53.77757,-26.38065],[-53.73076,-26.46089],[-53.69841,-26.46333],[-53.69552,-26.35523],[-53.62479,-26.33814],[-53.59184,-26.26489],[-53.72242,-26.12911],[-53.73383,-26.04266],[-53.83658,-25.96576],[-53.81901,-25.89962],[-53.85095,-25.88329],[-53.82383,-25.87301],[-53.84961,-25.83958],[-53.82299,-25.79061],[-53.88062,-25.7064],[-53.84513,-25.68321],[-53.88982,-25.62244],[-53.93967,-25.61137],[-53.95499,-25.63861],[-54.00995,-25.56629],[-54.07899,-25.57597],[-54.10036,-25.62252],[-54.12877,-25.56658],[-54.10986,-25.50155],[-54.17227,-25.54887],[-54.20052,-26.09734],[-54.14836,-26.13828],[-54.17929,-26.33041]]]}},{"type":"Feature","properties":{"gid":"ARG.14.8_1","name2":"Guaraní","engtype2":"Department","type2":"Departamento","provZh":"米西奥内斯省"},"geometry":{"type":"Polygon","coordinates":[[[-54.51337,-27.25802],[-54.35821,-27.23062],[-54.30088,-27.36008],[-54.32341,-27.37195],[-54.29277,-27.37817],[-54.32777,-27.40837],[-54.28238,-27.44712],[-54.26518,-27.40084],[-54.21625,-27.38164],[-54.18022,-27.26432],[-54.1549,-27.2981],[-54.08097,-27.29968],[-54.00891,-27.20455],[-53.95662,-27.19936],[-53.93442,-27.13082],[-53.89927,-27.1238],[-53.92629,-27.11255],[-53.87966,-27.09983],[-53.90737,-27.08858],[-53.88861,-27.04586],[-53.94731,-27.05099],[-53.94014,-27.02142],[-53.96809,-27.04086],[-54.02001,-27.00389],[-53.99537,-26.97805],[-54.03434,-26.97181],[-54.01276,-26.92495],[-54.10142,-26.85402],[-54.13978,-26.74619],[-54.2456,-26.80097],[-54.24525,-26.69925],[-54.19468,-26.66476],[-54.27025,-26.64002],[-54.4366,-26.7338],[-54.54208,-26.8316],[-54.52337,-26.852],[-54.56367,-26.91665],[-54.60729,-26.93134],[-54.54098,-27.0854],[-54.49693,-27.08584],[-54.49765,-27.17473],[-54.52901,-27.20461],[-54.51337,-27.25802]]]}},{"type":"Feature","properties":{"gid":"ARG.14.9_1","name2":"Iguazú","engtype2":"Department","type2":"Departamento","provZh":"米西奥内斯省"},"geometry":{"type":"Polygon","coordinates":[[[-54.14861,-26.13925],[-54.20052,-26.09734],[-54.17227,-25.54887],[-54.2127,-25.5545],[-54.1833,-25.58835],[-54.23231,-25.56796],[-54.25081,-25.59964],[-54.28728,-25.55981],[-54.38673,-25.60469],[-54.42947,-25.70309],[-54.4898,-25.62675],[-54.59564,-25.59212],[-54.59,-25.66619],[-54.65945,-25.68188],[-54.59035,-25.83836],[-54.62269,-25.91788],[-54.60847,-25.96615],[-54.68156,-25.99761],[-54.6425,-26.0903],[-54.66549,-26.17894],[-54.58876,-26.13366],[-54.5181,-26.17355],[-54.46843,-26.12721],[-54.43361,-26.14943],[-54.43096,-26.1195],[-54.14861,-26.13925]]]}},{"type":"Feature","properties":{"gid":"ARG.14.10_1","name2":"Leandro N. Alem","engtype2":"Department","type2":"Departamento","provZh":"米西奥内斯省"},"geometry":{"type":"Polygon","coordinates":[[[-55.49546,-27.75989],[-55.3256,-27.78361],[-55.28686,-27.727],[-55.18793,-27.72704],[-55.17215,-27.61367],[-55.2501,-27.55707],[-55.2507,-27.51914],[-55.22183,-27.51256],[-55.30113,-27.45775],[-55.36639,-27.45648],[-55.49681,-27.53411],[-55.5131,-27.51082],[-55.62449,-27.61753],[-55.66029,-27.61519],[-55.60866,-27.64092],[-55.61441,-27.69237],[-55.48793,-27.70306],[-55.49546,-27.75989]]]}},{"type":"Feature","properties":{"gid":"ARG.14.11_1","name2":"Libertador General San Martín","engtype2":"Department","type2":"Departamento","provZh":"米西奥内斯省"},"geometry":{"type":"Polygon","coordinates":[[[-54.66053,-26.94924],[-54.79577,-26.64721],[-54.82351,-26.68071],[-54.92832,-26.68422],[-54.95728,-26.78549],[-55.06038,-26.80462],[-55.14299,-26.87698],[-55.13483,-26.95011],[-55.20438,-26.98586],[-55.14745,-27.05419],[-55.01083,-27.05363],[-54.96889,-27.09716],[-54.88943,-27.05479],[-54.89664,-26.98304],[-54.81639,-26.98629],[-54.75179,-27.049],[-54.72343,-27.04123],[-54.74988,-26.94369],[-54.71167,-26.93398],[-54.69632,-26.97667],[-54.66053,-26.94924]]]}},{"type":"Feature","properties":{"gid":"ARG.14.12_1","name2":"Montecarlo","engtype2":"Department","type2":"Departamento","provZh":"米西奥内斯省"},"geometry":{"type":"Polygon","coordinates":[[[-54.60729,-26.93134],[-54.56367,-26.91665],[-54.52337,-26.852],[-54.54208,-26.8316],[-54.4366,-26.7338],[-54.26793,-26.64061],[-54.26852,-26.48383],[-54.35332,-26.50235],[-54.36647,-26.47212],[-54.44563,-26.52142],[-54.51825,-26.50453],[-54.55797,-26.45524],[-54.63432,-26.51237],[-54.66115,-26.4557],[-54.70692,-26.45354],[-54.79593,-26.52954],[-54.79577,-26.64721],[-54.66053,-26.94924],[-54.60729,-26.93134]]]}},{"type":"Feature","properties":{"gid":"ARG.14.13_1","name2":"Oberá","engtype2":"Department","type2":"Departamento","provZh":"米西奥内斯省"},"geometry":{"type":"Polygon","coordinates":[[[-55.10045,-27.17945],[-55.13584,-27.18],[-55.14291,-27.28016],[-55.27262,-27.33436],[-55.28181,-27.40601],[-55.36639,-27.45648],[-55.30113,-27.45775],[-55.22422,-27.51001],[-55.2501,-27.55707],[-55.18748,-27.61394],[-55.05414,-27.63033],[-54.97801,-27.77682],[-54.94718,-27.78001],[-54.90691,-27.7306],[-54.90033,-27.64091],[-54.84596,-27.62154],[-54.85397,-27.5587],[-54.88132,-27.55032],[-54.86652,-27.50323],[-54.92948,-27.44817],[-54.91572,-27.35978],[-54.93781,-27.36875],[-55.10045,-27.17945]]]}},{"type":"Feature","properties":{"gid":"ARG.14.14_1","name2":"San Ignacio","engtype2":"Department","type2":"Departamento","provZh":"米西奥内斯省"},"geometry":{"type":"Polygon","coordinates":[[[-55.09716,-27.05303],[-55.14745,-27.05419],[-55.20412,-26.98854],[-55.13152,-26.94377],[-55.37769,-26.96762],[-55.44128,-27.01975],[-55.45657,-27.10217],[-55.54827,-27.11181],[-55.56575,-27.16253],[-55.61543,-27.17562],[-55.58043,-27.24825],[-55.59214,-27.31441],[-55.5132,-27.27863],[-55.46935,-27.31771],[-55.48991,-27.3644],[-55.33772,-27.39787],[-55.31115,-27.37378],[-55.28718,-27.4005],[-55.27262,-27.33436],[-55.13545,-27.27146],[-55.09716,-27.05303]]]}},{"type":"Feature","properties":{"gid":"ARG.14.15_1","name2":"San Javier","engtype2":"Department","type2":"Departamento","provZh":"米西奥内斯省"},"geometry":{"type":"Polygon","coordinates":[[[-55.30979,-27.9247],[-55.196,-27.86306],[-55.13383,-27.89542],[-55.11698,-27.85318],[-55.02831,-27.8503],[-55.08089,-27.78732],[-55.01381,-27.79747],[-54.97366,-27.75378],[-55.05414,-27.63033],[-55.1716,-27.62029],[-55.16546,-27.69525],[-55.19484,-27.73327],[-55.28686,-27.727],[-55.3256,-27.78361],[-55.36267,-27.77451],[-55.30979,-27.9247]]]}},{"type":"Feature","properties":{"gid":"ARG.14.16_1","name2":"San Pedro","engtype2":"Department","type2":"Departamento","provZh":"米西奥内斯省"},"geometry":{"type":"Polygon","coordinates":[[[-54.26852,-26.48383],[-54.27025,-26.64002],[-54.19468,-26.66476],[-54.24525,-26.69925],[-54.2456,-26.80097],[-54.13978,-26.74619],[-54.10142,-26.85402],[-54.01276,-26.92495],[-54.03434,-26.97181],[-53.99537,-26.97805],[-54.02001,-27.00389],[-53.96809,-27.04086],[-53.94014,-27.02142],[-53.94731,-27.05099],[-53.88861,-27.04586],[-53.90737,-27.08858],[-53.87966,-27.09983],[-53.92629,-27.11255],[-53.89927,-27.1238],[-53.93434,-27.15486],[-53.90122,-27.17414],[-53.86301,-27.13087],[-53.83033,-27.17094],[-53.79599,-27.14138],[-53.813,-27.10377],[-53.77532,-27.10492],[-53.79433,-27.04495],[-53.76017,-27.06532],[-53.77693,-27.03508],[-53.74689,-27.03676],[-53.70387,-26.94024],[-53.67431,-26.94742],[-53.69001,-26.86722],[-53.66156,-26.86565],[-53.75363,-26.71757],[-53.71565,-26.69268],[-53.71484,-26.65526],[-53.75213,-26.64334],[-53.70613,-26.55965],[-53.73716,-26.54547],[-53.72339,-26.50184],[-53.69382,-26.4857],[-53.77757,-26.38065],[-53.75221,-26.3257],[-54.17929,-26.33041],[-54.17798,-26.44851],[-54.26866,-26.4483],[-54.26852,-26.48383]]]}},{"type":"Feature","properties":{"gid":"ARG.14.17_1","name2":"Veinticinco de Mayo","engtype2":"Department","type2":"Departamento","provZh":"米西奥内斯省"},"geometry":{"type":"Polygon","coordinates":[[[-54.91869,-27.35712],[-54.92948,-27.44817],[-54.86652,-27.50323],[-54.88132,-27.55032],[-54.85397,-27.5587],[-54.8462,-27.62014],[-54.80801,-27.53302],[-54.78115,-27.58649],[-54.67489,-27.57045],[-54.67719,-27.51338],[-54.62384,-27.54992],[-54.57641,-27.4583],[-54.52143,-27.50607],[-54.44702,-27.47255],[-54.47045,-27.42912],[-54.41072,-27.41179],[-54.34027,-27.4656],[-54.3425,-27.40767],[-54.30141,-27.40818],[-54.31998,-27.38876],[-54.29277,-27.37817],[-54.32341,-27.37195],[-54.30088,-27.36008],[-54.35821,-27.23062],[-54.58615,-27.27229],[-54.59243,-27.21426],[-54.62606,-27.20316],[-54.6129,-27.16221],[-54.71741,-27.16344],[-54.70207,-27.21047],[-54.83703,-27.24339],[-54.82484,-27.37931],[-54.91869,-27.35712]]]}},{"type":"Feature","properties":{"gid":"ARG.15.1_1","name2":"Aluminé","engtype2":"Department","type2":"Departamento","provZh":"内乌肯省"},"geometry":{"type":"Polygon","coordinates":[[[-70.64606,-39.07114],[-70.64931,-38.98696],[-70.69205,-38.92083],[-70.67061,-38.87641],[-70.71934,-38.80526],[-70.82561,-38.74939],[-70.90314,-38.72679],[-70.92679,-38.76403],[-71.0945,-38.75465],[-71.18585,-38.81451],[-71.23847,-38.80224],[-71.26811,-38.85303],[-71.43874,-38.94219],[-71.39717,-39.04601],[-71.4212,-39.15117],[-71.37366,-39.28245],[-71.39945,-39.34971],[-71.45752,-39.37162],[-71.4627,-39.45569],[-71.34631,-39.4953],[-71.25283,-39.46486],[-71.1662,-39.5351],[-70.89568,-39.54249],[-70.79916,-39.46817],[-70.83639,-39.39582],[-70.759,-39.27974],[-70.75011,-39.04849],[-70.64606,-39.07114]]]}},{"type":"Feature","properties":{"gid":"ARG.15.2_1","name2":"Añelo","engtype2":"Department","type2":"Departamento","provZh":"内乌肯省"},"geometry":{"type":"Polygon","coordinates":[[[-69.88288,-37.73909],[-69.90298,-37.83763],[-69.83356,-38.00809],[-69.86328,-38.03494],[-69.85045,-38.09039],[-69.77418,-38.18482],[-69.69994,-38.21842],[-69.74288,-38.35147],[-69.53424,-38.49503],[-69.44899,-38.50499],[-69.39012,-38.60362],[-69.23557,-38.63532],[-69.13411,-38.6202],[-68.83984,-38.37728],[-68.68144,-38.41331],[-68.24496,-38.68819],[-68.24309,-37.75124],[-69.88288,-37.73909]]]}},{"type":"Feature","properties":{"gid":"ARG.15.3_1","name2":"Catán Lil","engtype2":"Department","type2":"Departamento","provZh":"内乌肯省"},"geometry":{"type":"Polygon","coordinates":[[[-70.97054,-39.54285],[-70.98448,-39.57937],[-70.91618,-39.72734],[-70.95184,-39.76504],[-70.90174,-39.84893],[-70.8577,-39.89894],[-70.8339,-39.84743],[-70.75542,-39.91298],[-70.71761,-39.88674],[-70.67951,-39.91664],[-70.37701,-39.69352],[-70.20113,-39.83668],[-69.86301,-39.58497],[-70.0415,-39.4429],[-69.90047,-39.33745],[-70.1156,-39.20765],[-70.26694,-39.20192],[-70.34776,-39.13207],[-70.41345,-39.13861],[-70.53244,-39.04422],[-70.62618,-39.11283],[-70.64606,-39.07114],[-70.74704,-39.0444],[-70.759,-39.27974],[-70.83639,-39.39582],[-70.79916,-39.46817],[-70.90123,-39.54509],[-70.97054,-39.54285]]]}},{"type":"Feature","properties":{"gid":"ARG.15.4_1","name2":"Chos Malal","engtype2":"Department","type2":"Departamento","provZh":"内乌肯省"},"geometry":{"type":"Polygon","coordinates":[[[-70.41496,-36.10774],[-70.42095,-36.15604],[-70.47017,-36.17208],[-70.47649,-37.36429],[-70.23083,-37.40814],[-70.10667,-37.50774],[-70.08939,-37.37326],[-70.01432,-37.23255],[-70.03549,-37.20981],[-70.03227,-36.6496],[-70.18343,-36.49],[-70.21857,-36.33967],[-70.36499,-36.31936],[-70.41496,-36.10774]]]}},{"type":"Feature","properties":{"gid":"ARG.15.5_1","name2":"Collón Curá","engtype2":"Department","type2":"Departamento","provZh":"内乌肯省"},"geometry":{"type":"Polygon","coordinates":[[[-70.8577,-39.89894],[-70.8201,-40.0747],[-70.64008,-40.25419],[-70.69444,-40.368],[-70.66917,-40.43778],[-70.62011,-40.50634],[-70.42072,-40.53649],[-70.18602,-40.48818],[-70.1812,-40.42345],[-70.06707,-40.37799],[-70.06153,-40.24643],[-69.95359,-40.17728],[-70.00447,-40.04684],[-69.93726,-39.94848],[-69.57323,-39.81387],[-69.86301,-39.58497],[-70.20113,-39.83668],[-70.37701,-39.69352],[-70.67951,-39.91664],[-70.71761,-39.88674],[-70.75542,-39.91298],[-70.8339,-39.84743],[-70.8577,-39.89894]]]}},{"type":"Feature","properties":{"gid":"ARG.15.6_1","name2":"Confluencia","engtype2":"Department","type2":"Departamento","provZh":"内乌肯省"},"geometry":{"type":"Polygon","coordinates":[[[-69.35715,-38.60855],[-69.59378,-38.78769],[-68.85515,-39.39371],[-68.81057,-39.28443],[-68.67487,-39.22121],[-68.66801,-39.16666],[-68.56669,-39.08559],[-68.29009,-38.9812],[-68.01418,-38.97711],[-68.13461,-38.74296],[-68.7538,-38.38832],[-68.88422,-38.38993],[-69.05959,-38.57888],[-69.13527,-38.62064],[-69.23557,-38.63532],[-69.35715,-38.60855]]]}},{"type":"Feature","properties":{"gid":"ARG.15.7_1","name2":"Huiliches","engtype2":"Department","type2":"Departamento","provZh":"内乌肯省"},"geometry":{"type":"Polygon","coordinates":[[[-71.46258,-39.45536],[-71.5342,-39.52724],[-71.46728,-39.55718],[-71.50261,-39.63714],[-71.60837,-39.62847],[-71.67339,-39.56384],[-71.71701,-39.6358],[-71.66918,-39.68238],[-71.7122,-39.72457],[-71.66697,-39.80763],[-71.68883,-39.84901],[-71.59272,-39.90145],[-71.67911,-40.02869],[-71.3876,-40.02912],[-71.2356,-40.09298],[-71.06988,-40.06054],[-70.97523,-40.11926],[-70.82062,-40.07378],[-70.85567,-39.90285],[-70.9506,-39.77011],[-70.91618,-39.72734],[-70.98448,-39.57937],[-70.97054,-39.54285],[-71.1662,-39.5351],[-71.25283,-39.46486],[-71.34631,-39.4953],[-71.46258,-39.45536]]]}},{"type":"Feature","properties":{"gid":"ARG.15.8_1","name2":"Lacar","engtype2":"Department","type2":"Departamento","provZh":"内乌肯省"},"geometry":{"type":"Polygon","coordinates":[[[-70.82062,-40.07378],[-70.97523,-40.11926],[-71.06988,-40.06054],[-71.2356,-40.09298],[-71.3876,-40.02912],[-71.67911,-40.02869],[-71.66713,-40.09475],[-71.69638,-40.11766],[-71.82707,-40.09108],[-71.79919,-40.13767],[-71.82853,-40.17326],[-71.79784,-40.18749],[-71.82954,-40.21691],[-71.76146,-40.29913],[-71.71618,-40.2787],[-71.67152,-40.31077],[-71.65666,-40.36373],[-71.74056,-40.43628],[-71.5808,-40.46642],[-71.47408,-40.55245],[-71.37059,-40.56213],[-71.29677,-40.61086],[-71.18591,-40.59181],[-70.89541,-40.62033],[-70.66331,-40.58891],[-70.54469,-40.51023],[-70.62011,-40.50634],[-70.66917,-40.43778],[-70.69444,-40.368],[-70.64008,-40.25419],[-70.82062,-40.07378]]]}},{"type":"Feature","properties":{"gid":"ARG.15.9_1","name2":"Loncopué","engtype2":"Department","type2":"Departamento","provZh":"内乌肯省"},"geometry":{"type":"Polygon","coordinates":[[[-69.88288,-37.73909],[-69.92223,-37.68362],[-70.04646,-37.63361],[-70.62034,-38.00594],[-70.80201,-37.93874],[-71.02065,-37.94952],[-71.06738,-37.97774],[-71.06396,-38.01716],[-70.98327,-38.10525],[-71.04395,-38.12283],[-70.94714,-38.27327],[-70.82489,-38.33045],[-70.63549,-38.26609],[-70.57674,-38.31839],[-69.84831,-38.321],[-69.74301,-38.35047],[-69.69994,-38.21842],[-69.77418,-38.18482],[-69.85045,-38.09039],[-69.86328,-38.03494],[-69.83356,-38.00809],[-69.90298,-37.83763],[-69.88288,-37.73909]]]}},{"type":"Feature","properties":{"gid":"ARG.15.10_1","name2":"Los Lagos","engtype2":"Department","type2":"Departamento","provZh":"内乌肯省"},"geometry":{"type":"Polygon","coordinates":[[[-71.74056,-40.43628],[-71.82547,-40.42048],[-71.84308,-40.5248],[-71.89128,-40.55573],[-71.85811,-40.59152],[-71.82546,-40.57761],[-71.84436,-40.62764],[-71.96608,-40.72737],[-71.91931,-40.7872],[-71.92688,-40.83295],[-71.85939,-40.87943],[-71.85653,-40.95884],[-71.90865,-40.97308],[-71.85879,-41.03313],[-71.53773,-41.02466],[-71.35848,-41.08902],[-71.23661,-41.09443],[-71.13351,-41.0471],[-71.10147,-40.98685],[-71.03894,-40.95485],[-71.0337,-40.88395],[-71.09759,-40.83432],[-71.118,-40.75869],[-71.08894,-40.72472],[-71.0368,-40.7253],[-70.9843,-40.64836],[-70.89541,-40.62033],[-71.18591,-40.59181],[-71.29057,-40.61223],[-71.37059,-40.56213],[-71.47408,-40.55245],[-71.5808,-40.46642],[-71.74056,-40.43628]]]}},{"type":"Feature","properties":{"gid":"ARG.15.11_1","name2":"Minas","engtype2":"Department","type2":"Departamento","provZh":"内乌肯省"},"geometry":{"type":"Polygon","coordinates":[[[-70.47017,-36.17208],[-70.56977,-36.13296],[-70.57105,-36.175],[-70.63178,-36.23856],[-70.70558,-36.27205],[-70.68369,-36.30477],[-70.71112,-36.34484],[-70.67768,-36.38872],[-70.71244,-36.4269],[-70.88346,-36.39639],[-70.89432,-36.47187],[-70.95719,-36.50344],[-71.03793,-36.47679],[-71.05747,-36.61822],[-71.00902,-36.69085],[-71.06618,-36.71454],[-71.11327,-36.67994],[-71.13223,-36.81422],[-71.17977,-36.84149],[-71.12212,-36.86359],[-71.14487,-36.92901],[-71.08804,-36.93941],[-71.12891,-36.97749],[-71.22244,-36.97786],[-71.16718,-36.99725],[-71.09258,-37.11458],[-71.13454,-37.14227],[-71.11487,-37.20674],[-71.17026,-37.22562],[-71.15286,-37.33168],[-71.07459,-37.36258],[-70.69154,-37.32955],[-70.57759,-37.37472],[-70.47649,-37.36429],[-70.47017,-36.17208]]]}},{"type":"Feature","properties":{"gid":"ARG.15.12_1","name2":"Ñorquín","engtype2":"Department","type2":"Departamento","provZh":"内乌肯省"},"geometry":{"type":"Polygon","coordinates":[[[-70.47649,-37.36429],[-70.57759,-37.37472],[-70.69154,-37.32955],[-71.07459,-37.36258],[-71.16167,-37.3243],[-71.17379,-37.25994],[-71.21989,-37.27371],[-71.19927,-37.38117],[-71.1198,-37.45849],[-71.14992,-37.53934],[-71.12742,-37.58646],[-71.19177,-37.62887],[-71.21142,-37.68923],[-71.12595,-37.82016],[-71.18351,-37.85783],[-71.09933,-37.90166],[-71.11418,-37.95174],[-71.06738,-37.97774],[-71.01436,-37.94856],[-70.80201,-37.93874],[-70.62034,-38.00594],[-70.04646,-37.63361],[-70.08204,-37.53525],[-70.20969,-37.41911],[-70.47649,-37.36429]]]}},{"type":"Feature","properties":{"gid":"ARG.15.13_1","name2":"Pehuenches","engtype2":"Department","type2":"Departamento","provZh":"内乌肯省"},"geometry":{"type":"Polygon","coordinates":[[[-70.03227,-36.6496],[-70.03549,-37.20981],[-70.01432,-37.23255],[-70.08939,-37.37326],[-70.10667,-37.50774],[-70.03641,-37.6521],[-69.92223,-37.68362],[-69.88288,-37.73909],[-68.24309,-37.75124],[-68.24275,-37.57786],[-68.42994,-37.546],[-68.4938,-37.45554],[-68.69427,-37.4395],[-68.71809,-37.38614],[-68.77263,-37.36403],[-68.86585,-37.39534],[-69.0158,-37.36321],[-69.06366,-37.22062],[-69.2664,-37.14454],[-69.48882,-37.17472],[-69.70213,-37.09229],[-69.7748,-36.98035],[-69.76016,-36.86645],[-69.85944,-36.82692],[-69.95011,-36.69749],[-70.03227,-36.6496]]]}},{"type":"Feature","properties":{"gid":"ARG.15.14_1","name2":"Picún Leufú","engtype2":"Department","type2":"Departamento","provZh":"内乌肯省"},"geometry":{"type":"Polygon","coordinates":[[[-69.86301,-39.58497],[-69.57323,-39.81387],[-69.52032,-39.81239],[-69.35939,-39.71425],[-69.23013,-39.56276],[-68.99685,-39.50555],[-68.85515,-39.39371],[-69.32941,-39.00631],[-69.65767,-39.25988],[-69.72396,-39.20476],[-70.0415,-39.4429],[-69.86301,-39.58497]]]}},{"type":"Feature","properties":{"gid":"ARG.15.15_1","name2":"Picunches","engtype2":"Department","type2":"Departamento","provZh":"内乌肯省"},"geometry":{"type":"Polygon","coordinates":[[[-70.64606,-39.07114],[-70.62618,-39.11283],[-70.23962,-38.82646],[-70.08683,-38.78499],[-69.95881,-38.65686],[-69.79652,-38.5935],[-69.74775,-38.51305],[-69.55406,-38.48145],[-69.81036,-38.32406],[-70.56734,-38.3191],[-70.65511,-38.26613],[-70.81879,-38.33115],[-70.94714,-38.27327],[-70.99632,-38.19234],[-71.03256,-38.24947],[-70.99702,-38.29146],[-70.98375,-38.43067],[-70.86411,-38.51608],[-70.82771,-38.59275],[-70.90332,-38.66785],[-70.90314,-38.72679],[-70.71934,-38.80526],[-70.66897,-38.88111],[-70.69205,-38.92083],[-70.64931,-38.98696],[-70.64606,-39.07114]]]}},{"type":"Feature","properties":{"gid":"ARG.15.16_1","name2":"Zapala","engtype2":"Department","type2":"Departamento","provZh":"内乌肯省"},"geometry":{"type":"Polygon","coordinates":[[[-69.55406,-38.48145],[-69.74775,-38.51305],[-69.8154,-38.60714],[-69.95881,-38.65686],[-70.09188,-38.78792],[-70.23962,-38.82646],[-70.53244,-39.04422],[-70.41345,-39.13861],[-70.34776,-39.13207],[-70.26694,-39.20192],[-70.1156,-39.20765],[-69.90047,-39.33745],[-69.72396,-39.20476],[-69.65767,-39.25988],[-69.32941,-39.00631],[-69.59378,-38.78769],[-69.35715,-38.60855],[-69.41344,-38.57847],[-69.44899,-38.50499],[-69.55406,-38.48145]]]}},{"type":"Feature","properties":{"gid":"ARG.16.1_1","name2":"Adolfo Alsina","engtype2":"Department","type2":"Departamento","provZh":"内格罗河省"},"geometry":{"type":"Polygon","coordinates":[[[-62.79542,-41.02301],[-62.95205,-40.81991],[-63.19358,-40.71577],[-63.38754,-40.70657],[-63.38538,-40.41146],[-63.85111,-40.3963],[-63.99592,-40.50498],[-64.08251,-40.43796],[-64.60671,-40.4395],[-64.60577,-40.84986],[-64.20959,-41.01097],[-63.96819,-41.06847],[-63.87514,-41.13653],[-63.77681,-41.16097],[-63.11847,-41.15542],[-62.79542,-41.02301]]]}},{"type":"Feature","properties":{"gid":"ARG.16.2_1","name2":"Avellaneda","engtype2":"Department","type2":"Departamento","provZh":"内格罗河省"},"geometry":{"type":"Polygon","coordinates":[[[-66.64465,-38.53105],[-66.64072,-39.10588],[-66.56355,-39.1016],[-66.56947,-39.26343],[-67.5407,-39.53057],[-67.87251,-39.81105],[-66.82993,-39.91641],[-65.28397,-39.92639],[-65.22049,-39.87892],[-65.24631,-39.86423],[-65.23863,-38.82749],[-65.36786,-38.85138],[-65.57493,-38.7741],[-65.63042,-38.82754],[-65.68494,-38.82848],[-66.07445,-38.72587],[-66.4374,-38.74617],[-66.59723,-38.67251],[-66.57702,-38.6197],[-66.64465,-38.53105]]]}},{"type":"Feature","properties":{"gid":"ARG.16.3_1","name2":"Bariloche","engtype2":"Department","type2":"Departamento","provZh":"内格罗河省"},"geometry":{"type":"Polygon","coordinates":[[[-71.16994,-41.99952],[-71.2365,-41.95185],[-71.22076,-41.85767],[-71.30063,-41.82112],[-71.22143,-41.66919],[-71.22931,-41.39199],[-71.22021,-41.33805],[-71.18497,-41.3237],[-71.21671,-41.29116],[-71.12551,-41.12313],[-71.15474,-41.08835],[-71.35255,-41.09022],[-71.53773,-41.02466],[-71.83983,-41.02421],[-71.81818,-41.0626],[-71.85124,-41.09874],[-71.83888,-41.14893],[-71.8871,-41.16831],[-71.83396,-41.27175],[-71.89896,-41.25553],[-71.87622,-41.30882],[-71.90956,-41.35868],[-71.83638,-41.43271],[-71.85239,-41.51553],[-71.81763,-41.5756],[-71.84802,-41.56638],[-71.8854,-41.60636],[-71.79434,-41.69436],[-71.81006,-41.72072],[-71.75305,-41.78556],[-71.77311,-41.79504],[-71.75084,-41.82472],[-71.79746,-41.84291],[-71.77209,-42.00868],[-71.16994,-41.99952]]]}},{"type":"Feature","properties":{"gid":"ARG.16.4_1","name2":"Conesa","engtype2":"Department","type2":"Departamento","provZh":"内格罗河省"},"geometry":{"type":"Polygon","coordinates":[[[-63.39071,-39.86235],[-65.24625,-39.85097],[-65.22049,-39.87892],[-65.28397,-39.92639],[-65.19033,-39.99953],[-65.19056,-40.43307],[-64.08251,-40.43796],[-63.99592,-40.50498],[-63.85111,-40.3963],[-63.38538,-40.41146],[-63.39071,-39.86235]]]}},{"type":"Feature","properties":{"gid":"ARG.16.5_1","name2":"El Cuy","engtype2":"Department","type2":"Departamento","provZh":"内格罗河省"},"geometry":{"type":"Polygon","coordinates":[[[-69.77728,-39.88286],[-69.81863,-40.65878],[-69.40903,-40.47705],[-68.79674,-40.42783],[-68.59344,-40.12523],[-68.22277,-40.07571],[-67.5407,-39.53057],[-66.56947,-39.26343],[-66.56355,-39.1016],[-67.03226,-39.18142],[-67.37914,-39.09272],[-67.6413,-39.1076],[-67.90701,-38.99522],[-68.29009,-38.9812],[-68.58054,-39.09402],[-68.66801,-39.16666],[-68.67487,-39.22121],[-68.81057,-39.28443],[-68.83797,-39.38423],[-68.99393,-39.50403],[-69.23013,-39.56276],[-69.35939,-39.71425],[-69.50721,-39.80804],[-69.77728,-39.88286]]]}},{"type":"Feature","properties":{"gid":"ARG.16.6_1","name2":"General Roca","engtype2":"Department","type2":"Departamento","provZh":"内格罗河省"},"geometry":{"type":"Polygon","coordinates":[[[-67.08859,-38.38379],[-67.15169,-38.35555],[-67.18542,-38.2141],[-67.36839,-38.25267],[-67.58451,-38.24472],[-67.72114,-38.12928],[-67.75056,-38.06856],[-67.84367,-38.06526],[-67.88794,-38.02271],[-67.86732,-37.94221],[-67.78217,-37.90637],[-67.71493,-37.81109],[-67.78954,-37.6539],[-67.88111,-37.61308],[-68.24275,-37.57786],[-68.24534,-38.68764],[-68.1254,-38.75122],[-68.02182,-38.98108],[-67.90456,-38.99587],[-67.64005,-39.10786],[-67.37914,-39.09272],[-67.03226,-39.18142],[-66.64072,-39.10588],[-66.64465,-38.53105],[-66.99168,-38.44264],[-67.08859,-38.38379]]]}},{"type":"Feature","properties":{"gid":"ARG.16.7_1","name2":"Ñorquinco","engtype2":"Department","type2":"Departamento","provZh":"内格罗河省"},"geometry":{"type":"Polygon","coordinates":[[[-69.42841,-42.00661],[-69.38507,-42.00674],[-69.74244,-41.50541],[-70.26555,-41.41428],[-70.61862,-41.4144],[-70.80913,-41.52356],[-70.92122,-41.43161],[-71.02937,-41.55067],[-71.22604,-41.507],[-71.22143,-41.66919],[-71.30063,-41.82112],[-71.22076,-41.85767],[-71.2365,-41.95185],[-71.16994,-41.99952],[-69.42841,-42.00661]]]}},{"type":"Feature","properties":{"gid":"ARG.16.8_1","name2":"Nueve de Julio","engtype2":"Department","type2":"Departamento","provZh":"内格罗河省"},"geometry":{"type":"Polygon","coordinates":[[[-66.88255,-42.00227],[-66.83092,-39.91631],[-67.87251,-39.81105],[-68.22177,-40.07492],[-68.00575,-40.15607],[-68.08163,-42.00338],[-66.88255,-42.00227]]]}},{"type":"Feature","properties":{"gid":"ARG.16.9_1","name2":"Pichi Mahuida","engtype2":"Department","type2":"Departamento","provZh":"内格罗河省"},"geometry":{"type":"Polygon","coordinates":[[[-63.38879,-39.32536],[-63.62882,-39.24203],[-63.76596,-39.12802],[-63.90462,-39.09604],[-64.00149,-39.00776],[-64.37489,-38.87532],[-64.80038,-38.81258],[-65.178,-38.80779],[-65.23863,-38.82749],[-65.24625,-39.85097],[-63.39071,-39.86235],[-63.38879,-39.32536]]]}},{"type":"Feature","properties":{"gid":"ARG.16.10_1","name2":"Pilcaniyeu","engtype2":"Department","type2":"Departamento","provZh":"内格罗河省"},"geometry":{"type":"Polygon","coordinates":[[[-70.54469,-40.51023],[-70.66331,-40.58891],[-70.85651,-40.59945],[-70.9843,-40.64836],[-71.0368,-40.7253],[-71.08894,-40.72472],[-71.118,-40.75869],[-71.09759,-40.83432],[-71.02723,-40.90425],[-71.03894,-40.95485],[-71.10147,-40.98685],[-71.13154,-41.04541],[-71.22511,-41.08961],[-71.15474,-41.08835],[-71.12064,-41.13597],[-71.21671,-41.29116],[-71.18497,-41.3237],[-71.22021,-41.33805],[-71.22604,-41.507],[-71.02937,-41.55067],[-70.92122,-41.43161],[-70.80913,-41.52356],[-70.61862,-41.4144],[-70.26724,-41.41428],[-69.96184,-41.12795],[-70.17807,-41.02482],[-69.90301,-40.87206],[-69.81875,-40.6605],[-69.77728,-39.88286],[-69.97375,-39.98558],[-70.00458,-40.04916],[-69.95444,-40.1795],[-70.06153,-40.24643],[-70.06155,-40.36977],[-70.1812,-40.42345],[-70.17197,-40.4794],[-70.42072,-40.53649],[-70.54469,-40.51023]]]}},{"type":"Feature","properties":{"gid":"ARG.16.11_1","name2":"San Antonio","engtype2":"Department","type2":"Departamento","provZh":"内格罗河省"},"geometry":{"type":"Polygon","coordinates":[[[-65.18317,-41.9989],[-65.06597,-41.99264],[-65.05041,-41.84042],[-65.01625,-41.83347],[-64.99375,-41.76375],[-65.02541,-41.72347],[-65.00597,-41.69764],[-65.0282,-41.61153],[-64.98597,-41.57764],[-65.00847,-41.55847],[-64.99514,-41.4907],[-65.07514,-41.40208],[-65.1443,-41.17514],[-65.14736,-40.91264],[-65.11097,-40.83458],[-65.02069,-40.76486],[-64.89902,-40.76458],[-64.92208,-40.7243],[-64.88653,-40.76236],[-64.89181,-40.72903],[-64.86181,-40.72708],[-64.83403,-40.77847],[-64.7757,-40.79097],[-64.90708,-40.80569],[-64.87736,-40.83153],[-64.74709,-40.81847],[-64.60577,-40.84986],[-64.60671,-40.4395],[-65.19056,-40.43307],[-65.1937,-39.9843],[-65.28517,-39.92562],[-65.77626,-39.92699],[-65.78957,-41.17086],[-65.74974,-41.24403],[-65.72647,-42.00272],[-65.18317,-41.9989]]]}},{"type":"Feature","properties":{"gid":"ARG.16.12_1","name2":"Valcheta","engtype2":"Department","type2":"Departamento","provZh":"内格罗河省"},"geometry":{"type":"Polygon","coordinates":[[[-65.72647,-42.00272],[-65.74974,-41.24403],[-65.78957,-41.17086],[-65.77626,-39.92699],[-66.83092,-39.91631],[-66.88255,-42.00227],[-65.72647,-42.00272]]]}},{"type":"Feature","properties":{"gid":"ARG.16.13_1","name2":"Veinticinco de Mayo","engtype2":"Department","type2":"Departamento","provZh":"内格罗河省"},"geometry":{"type":"Polygon","coordinates":[[[-68.38938,-42.00552],[-68.08163,-42.00338],[-68.00575,-40.15607],[-68.22177,-40.07492],[-68.59344,-40.12523],[-68.79674,-40.42783],[-69.40903,-40.47705],[-69.81863,-40.65878],[-69.90301,-40.87206],[-70.17807,-41.02482],[-69.96184,-41.12795],[-70.26724,-41.41428],[-69.74244,-41.50541],[-69.38507,-42.00674],[-68.38938,-42.00552]]]}},{"type":"Feature","properties":{"gid":"ARG.17.1_1","name2":"Anta","engtype2":"Department","type2":"Departamento","provZh":"萨尔塔省"},"geometry":{"type":"Polygon","coordinates":[[[-63.11473,-25.2933],[-63.11213,-24.86721],[-63.23643,-24.86411],[-63.23283,-24.70288],[-62.94345,-24.69762],[-62.94402,-24.24624],[-63.0172,-24.21487],[-63.04321,-24.36871],[-63.16163,-24.29389],[-63.16222,-24.20333],[-63.20493,-24.20276],[-63.22566,-24.31046],[-63.29383,-24.31289],[-63.29343,-24.28],[-63.36911,-24.30262],[-63.35226,-24.15092],[-63.44177,-24.17202],[-63.43976,-24.12814],[-63.63,-24.09869],[-63.6477,-24.19892],[-64.16635,-24.14524],[-64.17622,-24.25929],[-64.27963,-24.41278],[-64.5278,-24.49274],[-64.62161,-24.60498],[-64.71702,-24.64731],[-64.79912,-24.77384],[-64.76205,-24.83859],[-64.80503,-24.87996],[-64.80999,-24.97135],[-64.88066,-25.01268],[-64.90041,-25.13554],[-64.96258,-25.14667],[-64.84956,-25.32185],[-64.68441,-25.36769],[-64.50966,-25.23269],[-64.38023,-25.2086],[-64.29778,-25.09429],[-64.20129,-25.06082],[-64.12231,-25.14829],[-64.02451,-25.47056],[-63.89498,-25.63874],[-63.88161,-25.70423],[-63.47541,-25.70968],[-63.11473,-25.2933]]]}},{"type":"Feature","properties":{"gid":"ARG.17.2_1","name2":"Cachi","engtype2":"Department","type2":"Departamento","provZh":"萨尔塔省"},"geometry":{"type":"Polygon","coordinates":[[[-65.85661,-25.07106],[-65.88954,-25.03919],[-65.88617,-24.9427],[-66.00124,-24.85215],[-65.99654,-24.79011],[-66.02721,-24.75662],[-66.12215,-24.75173],[-66.09054,-24.81717],[-66.10876,-24.90674],[-66.1467,-24.92469],[-66.19623,-24.93255],[-66.25846,-24.85304],[-66.39104,-24.84222],[-66.40636,-24.81468],[-66.59696,-24.94452],[-66.57189,-25.04743],[-66.59942,-25.12389],[-66.53489,-25.10732],[-66.47321,-25.11533],[-66.45251,-25.15401],[-66.41669,-25.13151],[-66.33118,-25.15055],[-66.29299,-25.2357],[-66.01247,-25.31199],[-65.87574,-25.23748],[-65.85661,-25.07106]]]}},{"type":"Feature","properties":{"gid":"ARG.17.3_1","name2":"Cafayate","engtype2":"Department","type2":"Departamento","provZh":"萨尔塔省"},"geometry":{"type":"Polygon","coordinates":[[[-66.08162,-26.21938],[-65.71092,-26.35651],[-65.6845,-26.1429],[-65.61402,-25.99617],[-65.74705,-25.97592],[-65.71615,-25.88222],[-65.79951,-25.87377],[-65.79465,-25.93916],[-65.86474,-26.02034],[-66.12535,-26.09058],[-66.16128,-26.1374],[-66.08162,-26.21938]]]}},{"type":"Feature","properties":{"gid":"ARG.17.4_1","name2":"Capital","engtype2":"Department","type2":"Departamento","provZh":"萨尔塔省"},"geometry":{"type":"Polygon","coordinates":[[[-65.26556,-25.1646],[-65.28196,-25.28121],[-65.2327,-25.27045],[-65.14394,-25.10955],[-65.08435,-25.10456],[-65.06697,-24.98958],[-65.1149,-24.96408],[-65.03076,-24.79617],[-65.10033,-24.74069],[-65.29998,-24.77368],[-65.29442,-24.73514],[-65.21804,-24.71228],[-65.44261,-24.71967],[-65.57143,-24.65475],[-65.57874,-24.81024],[-65.52146,-24.85591],[-65.36536,-24.86804],[-65.36617,-24.90766],[-65.31401,-24.94971],[-65.30093,-25.07091],[-65.23531,-25.14394],[-65.26556,-25.1646]]]}},{"type":"Feature","properties":{"gid":"ARG.17.5_1","name2":"Cerrillos","engtype2":"Department","type2":"Departamento","provZh":"萨尔塔省"},"geometry":{"type":"Polygon","coordinates":[[[-65.52146,-24.85591],[-65.49735,-24.93126],[-65.53064,-24.97972],[-65.50433,-25.04981],[-65.38673,-25.06881],[-65.2996,-25.15042],[-65.24226,-25.15953],[-65.36536,-24.86804],[-65.52146,-24.85591]]]}},{"type":"Feature","properties":{"gid":"ARG.17.6_1","name2":"Chicoana","engtype2":"Department","type2":"Departamento","provZh":"萨尔塔省"},"geometry":{"type":"Polygon","coordinates":[[[-65.86605,-25.18206],[-65.82301,-25.30151],[-65.755,-25.31999],[-65.7107,-25.17684],[-65.61105,-25.20487],[-65.57642,-25.17365],[-65.54313,-25.20946],[-65.40511,-25.17298],[-65.3718,-25.21461],[-65.30267,-25.2174],[-65.26556,-25.1646],[-65.38673,-25.06881],[-65.61049,-25.02202],[-65.73783,-25.09994],[-65.85661,-25.07106],[-65.84219,-25.11805],[-65.88573,-25.15498],[-65.86605,-25.18206]]]}},{"type":"Feature","properties":{"gid":"ARG.17.7_1","name2":"General Güemes","engtype2":"Department","type2":"Departamento","provZh":"萨尔塔省"},"geometry":{"type":"Polygon","coordinates":[[[-65.17726,-24.46625],[-65.21279,-24.59088],[-65.26398,-24.60305],[-65.27565,-24.64153],[-65.21708,-24.72282],[-65.29442,-24.73514],[-65.29998,-24.77368],[-65.10033,-24.74069],[-65.03076,-24.79617],[-65.1149,-24.96408],[-65.06697,-24.98958],[-65.08435,-25.10456],[-64.91518,-25.14592],[-64.88066,-25.01268],[-64.81931,-24.98635],[-64.80503,-24.87996],[-64.76205,-24.83859],[-64.79912,-24.77384],[-64.66764,-24.60634],[-64.83212,-24.47771],[-64.90757,-24.60456],[-65.079,-24.56491],[-65.17726,-24.46625]]]}},{"type":"Feature","properties":{"gid":"ARG.17.8_1","name2":"General José de San Martín","engtype2":"Department","type2":"Departamento","provZh":"萨尔塔省"},"geometry":{"type":"Polygon","coordinates":[[[-63.13365,-22.00367],[-63.66706,-22.00346],[-63.68361,-22.05478],[-63.71775,-21.99951],[-63.94419,-22.00929],[-64.11669,-22.40706],[-64.23976,-22.55545],[-64.26512,-22.76408],[-64.32855,-22.93763],[-64.32094,-22.98283],[-64.21072,-23.07604],[-64.21737,-23.11687],[-64.17469,-23.17115],[-64.21656,-23.15543],[-64.22982,-23.18451],[-64.17765,-23.24492],[-64.10195,-23.22686],[-63.99587,-23.26661],[-63.99432,-23.29993],[-63.85625,-23.29665],[-63.79701,-23.34469],[-63.70892,-23.3594],[-63.60418,-23.45601],[-63.56444,-23.42398],[-63.31952,-23.58779],[-63.29444,-23.4505],[-63.27058,-23.4518],[-63.19524,-22.91951],[-63.11897,-22.9197],[-63.13365,-22.00367]]]}},{"type":"Feature","properties":{"gid":"ARG.17.9_1","name2":"Guachipas","engtype2":"Department","type2":"Departamento","provZh":"萨尔塔省"},"geometry":{"type":"Polygon","coordinates":[[[-65.65988,-26.11839],[-65.53214,-26.09029],[-65.53226,-26.05485],[-65.4382,-26.01591],[-65.36638,-25.92268],[-65.23849,-25.93474],[-65.29356,-25.84956],[-65.27982,-25.78091],[-65.17181,-25.62309],[-65.13427,-25.6162],[-65.16835,-25.56676],[-65.14509,-25.52632],[-65.18195,-25.38469],[-65.33375,-25.43685],[-65.34325,-25.30779],[-65.39597,-25.27989],[-65.43454,-25.31726],[-65.4726,-25.46133],[-65.69203,-25.71964],[-65.72268,-25.92272],[-65.75558,-25.9677],[-65.61402,-25.99617],[-65.65988,-26.11839]]]}},{"type":"Feature","properties":{"gid":"ARG.17.10_1","name2":"Iruya","engtype2":"Department","type2":"Departamento","provZh":"萨尔塔省"},"geometry":{"type":"Polygon","coordinates":[[[-65.3369,-22.59505],[-65.26637,-22.63476],[-65.29028,-22.72185],[-65.26826,-22.83104],[-65.24276,-22.93013],[-65.18382,-22.98075],[-64.79684,-23.04187],[-64.66524,-23.02064],[-64.63424,-23.06605],[-64.55736,-23.0624],[-64.55048,-22.90392],[-64.50574,-22.84164],[-64.52819,-22.71192],[-64.56588,-22.65449],[-64.63934,-22.64708],[-64.7365,-22.71775],[-64.73738,-22.62901],[-64.83199,-22.46891],[-64.85764,-22.48165],[-64.85523,-22.58703],[-64.99685,-22.59614],[-65.07005,-22.55745],[-65.12589,-22.59016],[-65.31157,-22.50942],[-65.33885,-22.51571],[-65.3369,-22.59505]]]}},{"type":"Feature","properties":{"gid":"ARG.17.11_1","name2":"La Caldera","engtype2":"Department","type2":"Departamento","provZh":"萨尔塔省"},"geometry":{"type":"Polygon","coordinates":[[[-65.35352,-24.46626],[-65.4267,-24.47045],[-65.48032,-24.42887],[-65.5127,-24.45773],[-65.62812,-24.37486],[-65.71882,-24.56019],[-65.66055,-24.54361],[-65.56241,-24.5767],[-65.57143,-24.65475],[-65.44862,-24.71789],[-65.21804,-24.71228],[-65.27565,-24.64153],[-65.26398,-24.60305],[-65.21279,-24.59088],[-65.17726,-24.46625],[-65.2843,-24.50527],[-65.33938,-24.50027],[-65.35352,-24.46626]]]}},{"type":"Feature","properties":{"gid":"ARG.17.12_1","name2":"La Candelaria","engtype2":"Department","type2":"Departamento","provZh":"萨尔塔省"},"geometry":{"type":"Polygon","coordinates":[[[-65.53214,-26.09029],[-65.42883,-26.11033],[-65.31987,-26.07388],[-65.26237,-26.19309],[-64.96236,-26.24089],[-64.87598,-26.03028],[-65.07185,-26.01067],[-65.11305,-26.03485],[-65.21069,-25.99469],[-65.23849,-25.93474],[-65.34156,-25.91786],[-65.4382,-26.01591],[-65.53226,-26.05485],[-65.53214,-26.09029]]]}},{"type":"Feature","properties":{"gid":"ARG.17.13_1","name2":"La Poma","engtype2":"Department","type2":"Departamento","provZh":"萨尔塔省"},"geometry":{"type":"Polygon","coordinates":[[[-66.284,-23.39313],[-66.33603,-23.36792],[-66.36269,-23.38549],[-66.3947,-23.53926],[-66.32809,-23.72427],[-66.3445,-23.91501],[-66.15385,-24.01389],[-66.23188,-24.4457],[-66.5002,-24.24364],[-66.51842,-24.32536],[-66.48606,-24.388],[-66.42459,-24.3986],[-66.35962,-24.54504],[-66.41441,-24.69366],[-66.39998,-24.83448],[-66.25846,-24.85304],[-66.1901,-24.93249],[-66.10876,-24.90674],[-66.09054,-24.81717],[-66.133,-24.69586],[-66.12365,-24.55014],[-66.16505,-24.45],[-66.19639,-24.44983],[-66.16029,-24.42125],[-66.16376,-24.29469],[-66.10863,-24.14059],[-65.97589,-23.97796],[-66.02526,-23.8199],[-65.99012,-23.5154],[-66.14766,-23.42804],[-66.284,-23.39313]]]}},{"type":"Feature","properties":{"gid":"ARG.17.14_1","name2":"La Viña","engtype2":"Department","type2":"Departamento","provZh":"萨尔塔省"},"geometry":{"type":"Polygon","coordinates":[[[-65.71615,-25.88222],[-65.68768,-25.70884],[-65.4726,-25.46133],[-65.41644,-25.29387],[-65.34325,-25.30779],[-65.3278,-25.43879],[-65.1664,-25.36842],[-65.17934,-25.30362],[-65.23445,-25.26744],[-65.28542,-25.28036],[-65.27912,-25.21172],[-65.3718,-25.21461],[-65.40511,-25.17298],[-65.54313,-25.20946],[-65.57642,-25.17365],[-65.61105,-25.20487],[-65.70458,-25.17549],[-65.74524,-25.31247],[-65.82301,-25.30151],[-65.77435,-25.38375],[-65.7887,-25.46153],[-65.74905,-25.5575],[-65.77559,-25.59497],[-65.76647,-25.67031],[-65.83738,-25.70633],[-65.8641,-25.78158],[-65.78846,-25.81033],[-65.7796,-25.88921],[-65.71615,-25.88222]]]}},{"type":"Feature","properties":{"gid":"ARG.17.15_1","name2":"Los Andes","engtype2":"Department","type2":"Departamento","provZh":"萨尔塔省"},"geometry":{"type":"Polygon","coordinates":[[[-66.55436,-25.29144],[-66.51742,-25.24459],[-66.59991,-25.15052],[-66.57189,-25.04743],[-66.59696,-24.94452],[-66.40636,-24.81468],[-66.41351,-24.68795],[-66.35519,-24.57349],[-66.42133,-24.40354],[-66.48606,-24.388],[-66.51842,-24.32536],[-66.50227,-24.24909],[-66.23188,-24.4457],[-66.15385,-24.01389],[-66.3445,-23.91501],[-66.36716,-24.08667],[-66.41089,-24.15099],[-66.47913,-24.20874],[-66.59283,-24.19733],[-66.71928,-24.13837],[-66.74758,-24.08788],[-66.80731,-24.09253],[-66.93476,-23.95557],[-67.00291,-23.95943],[-67.00558,-23.86432],[-67.21538,-23.7011],[-67.32262,-24.03416],[-68.25847,-24.40173],[-68.31059,-24.49061],[-68.39019,-24.48867],[-68.43325,-24.60574],[-68.46775,-24.62283],[-68.49512,-24.59997],[-68.4918,-24.66433],[-68.5615,-24.76301],[-68.51963,-24.87334],[-68.43141,-24.90603],[-68.41272,-25.01954],[-68.37435,-25.03583],[-68.34327,-25.11064],[-68.40855,-25.14451],[-68.45782,-25.12571],[-68.48333,-25.15632],[-67.98538,-25.23975],[-66.55436,-25.29144]]]}},{"type":"Feature","properties":{"gid":"ARG.17.16_1","name2":"Metán","engtype2":"Department","type2":"Departamento","provZh":"萨尔塔省"},"geometry":{"type":"Polygon","coordinates":[[[-64.96258,-25.14667],[-65.13881,-25.1062],[-65.2327,-25.27045],[-65.17066,-25.31897],[-65.14509,-25.52632],[-65.16835,-25.56676],[-65.10492,-25.65857],[-64.82291,-25.6494],[-64.6352,-25.58852],[-64.49435,-25.61648],[-64.47443,-25.52278],[-64.30756,-25.5135],[-64.20636,-25.54396],[-64.20631,-25.74878],[-64.04442,-25.76234],[-64.02916,-25.69604],[-63.88161,-25.70423],[-63.89498,-25.63874],[-64.02451,-25.47056],[-64.12231,-25.14829],[-64.20129,-25.06082],[-64.29778,-25.09429],[-64.38023,-25.2086],[-64.50966,-25.23269],[-64.68441,-25.36769],[-64.84956,-25.32185],[-64.96258,-25.14667]]]}},{"type":"Feature","properties":{"gid":"ARG.17.17_1","name2":"Molinos","engtype2":"Department","type2":"Departamento","provZh":"萨尔塔省"},"geometry":{"type":"Polygon","coordinates":[[[-66.8014,-25.89135],[-66.71004,-26.00709],[-66.58538,-25.91551],[-66.46321,-25.96595],[-66.44896,-25.72552],[-66.38769,-25.65409],[-66.36425,-25.53859],[-66.145,-25.44749],[-66.03281,-25.44517],[-66.00686,-25.31281],[-66.29299,-25.2357],[-66.33118,-25.15055],[-66.41669,-25.13151],[-66.45251,-25.15401],[-66.47321,-25.11533],[-66.53489,-25.10732],[-66.59942,-25.12389],[-66.51742,-25.24459],[-66.55436,-25.29144],[-66.54597,-25.56962],[-66.59064,-25.67951],[-66.76855,-25.69757],[-66.81571,-25.74231],[-66.8014,-25.89135]]]}},{"type":"Feature","properties":{"gid":"ARG.17.18_1","name2":"Orán","engtype2":"Department","type2":"Departamento","provZh":"萨尔塔省"},"geometry":{"type":"Polygon","coordinates":[[[-65.03557,-23.2367],[-65.02615,-23.28168],[-64.94663,-23.33378],[-64.87045,-23.5011],[-64.81098,-23.51034],[-64.67001,-23.45814],[-64.54929,-23.5189],[-64.44871,-23.63445],[-64.35597,-23.50659],[-64.17354,-23.507],[-64.16635,-24.14524],[-63.6477,-24.19892],[-63.63,-24.09869],[-63.52503,-24.11497],[-63.39192,-23.54019],[-63.56444,-23.42398],[-63.60418,-23.45601],[-63.70892,-23.3594],[-63.79701,-23.34469],[-63.85625,-23.29665],[-63.98889,-23.30145],[-64.01699,-23.2549],[-64.10813,-23.22611],[-64.17765,-23.24492],[-64.21897,-23.20493],[-64.222,-23.15755],[-64.17469,-23.17115],[-64.18888,-23.12893],[-64.21737,-23.11687],[-64.21327,-23.07113],[-64.23659,-23.07815],[-64.32094,-22.98283],[-64.29929,-22.86231],[-64.33879,-22.86818],[-64.34165,-22.74934],[-64.40305,-22.71941],[-64.39444,-22.68806],[-64.4423,-22.63797],[-64.41213,-22.54013],[-64.49296,-22.43588],[-64.56866,-22.66377],[-64.52592,-22.71712],[-64.50574,-22.84164],[-64.55048,-22.90392],[-64.55736,-23.0624],[-64.63424,-23.06605],[-64.66524,-23.02064],[-64.79684,-23.04187],[-65.01752,-22.99689],[-65.03557,-23.2367]]]}},{"type":"Feature","properties":{"gid":"ARG.17.19_1","name2":"Rivadavia","engtype2":"Department","type2":"Departamento","provZh":"萨尔塔省"},"geometry":{"type":"Polygon","coordinates":[[[-62.73699,-24.85258],[-62.34776,-24.39442],[-62.32978,-22.4655],[-62.45243,-22.41569],[-62.45753,-22.36654],[-62.51728,-22.37362],[-62.53998,-22.32486],[-62.63566,-22.30139],[-62.62892,-22.24611],[-62.66546,-22.24473],[-62.69105,-22.19105],[-62.72042,-22.21075],[-62.75942,-22.15185],[-62.78406,-22.17324],[-62.81359,-22.12992],[-62.80478,-22.00223],[-63.13365,-22.00367],[-63.11897,-22.9197],[-63.19524,-22.91951],[-63.27058,-23.4518],[-63.29444,-23.4505],[-63.31952,-23.58779],[-63.39192,-23.54019],[-63.52503,-24.11497],[-63.43976,-24.12814],[-63.44177,-24.17202],[-63.35226,-24.15092],[-63.36911,-24.30262],[-63.29343,-24.28],[-63.29383,-24.31289],[-63.22566,-24.31046],[-63.20493,-24.20276],[-63.16222,-24.20333],[-63.16163,-24.29389],[-63.04321,-24.36871],[-63.0172,-24.21487],[-62.94402,-24.24624],[-62.94345,-24.69762],[-63.23283,-24.70288],[-63.23643,-24.86411],[-63.11213,-24.86721],[-63.11473,-25.2933],[-62.73699,-24.85258]]]}},{"type":"Feature","properties":{"gid":"ARG.17.20_1","name2":"Rosario de la Frontera","engtype2":"Department","type2":"Departamento","provZh":"萨尔塔省"},"geometry":{"type":"Polygon","coordinates":[[[-65.23849,-25.93474],[-65.21069,-25.99469],[-65.11305,-26.03485],[-65.07185,-26.01067],[-64.87803,-26.02572],[-64.954,-26.28142],[-64.78664,-26.20383],[-64.49355,-26.23354],[-64.42913,-26.10483],[-64.45355,-26.07386],[-64.2873,-25.72024],[-64.21484,-25.73128],[-64.20636,-25.54396],[-64.44979,-25.51717],[-64.48367,-25.53048],[-64.48782,-25.6151],[-64.64155,-25.58901],[-64.82291,-25.6494],[-65.01959,-25.67192],[-65.16621,-25.62071],[-65.27982,-25.78091],[-65.29356,-25.84956],[-65.23849,-25.93474]]]}},{"type":"Feature","properties":{"gid":"ARG.17.21_1","name2":"Rosario de Lerma","engtype2":"Department","type2":"Departamento","provZh":"萨尔塔省"},"geometry":{"type":"Polygon","coordinates":[[[-65.7384,-24.1216],[-65.84026,-23.99273],[-65.97589,-23.97796],[-66.10863,-24.14059],[-66.16376,-24.29469],[-66.16029,-24.42125],[-66.19639,-24.44983],[-66.16505,-24.45],[-66.12202,-24.55578],[-66.12215,-24.75173],[-66.0208,-24.75773],[-66.00124,-24.85215],[-65.88617,-24.9427],[-65.88516,-25.04992],[-65.73783,-25.09994],[-65.61049,-25.02202],[-65.50433,-25.04981],[-65.53064,-24.97972],[-65.49735,-24.93126],[-65.51143,-24.86176],[-65.58123,-24.80552],[-65.56241,-24.5767],[-65.66055,-24.54361],[-65.71882,-24.56019],[-65.62022,-24.3437],[-65.70683,-24.23461],[-65.7384,-24.1216]]]}},{"type":"Feature","properties":{"gid":"ARG.17.22_1","name2":"San Carlos","engtype2":"Department","type2":"Departamento","provZh":"萨尔塔省"},"geometry":{"type":"Polygon","coordinates":[[[-66.42869,-26.37589],[-66.37007,-26.3959],[-66.32433,-26.28075],[-66.22367,-26.15532],[-66.16128,-26.1374],[-66.11165,-26.07905],[-65.88027,-26.03036],[-65.79465,-25.93916],[-65.78846,-25.81033],[-65.8641,-25.78158],[-65.83738,-25.70633],[-65.76647,-25.67031],[-65.77559,-25.59497],[-65.74905,-25.5575],[-65.7887,-25.46153],[-65.77435,-25.38375],[-65.84932,-25.18492],[-65.87574,-25.23748],[-66.00686,-25.31281],[-66.03281,-25.44517],[-66.145,-25.44749],[-66.36425,-25.53859],[-66.38769,-25.65409],[-66.44896,-25.72552],[-66.46321,-25.96595],[-66.58538,-25.91551],[-66.71004,-26.00709],[-66.62367,-26.09875],[-66.51409,-26.29775],[-66.42869,-26.37589]]]}},{"type":"Feature","properties":{"gid":"ARG.17.23_1","name2":"Santa Victoria","engtype2":"Department","type2":"Departamento","provZh":"萨尔塔省"},"geometry":{"type":"Polygon","coordinates":[[[-65.33885,-22.51571],[-65.11976,-22.59114],[-65.07005,-22.55745],[-64.99685,-22.59614],[-64.86739,-22.58937],[-64.83725,-22.55853],[-64.85764,-22.48165],[-64.83734,-22.46612],[-64.73738,-22.62901],[-64.72499,-22.72119],[-64.67347,-22.66095],[-64.5511,-22.6438],[-64.49072,-22.44236],[-64.52363,-22.44336],[-64.51289,-22.41565],[-64.56676,-22.36801],[-64.53762,-22.28321],[-64.61714,-22.20514],[-64.73687,-22.19417],[-64.99431,-22.08405],[-65.1853,-22.08537],[-65.23904,-22.31789],[-65.33885,-22.51571]]]}},{"type":"Feature","properties":{"gid":"ARG.18.1_1","name2":"Albardón","engtype2":"Department","type2":"Departamento","provZh":"圣胡安省"},"geometry":{"type":"Polygon","coordinates":[[[-68.33527,-30.92207],[-68.43391,-30.92226],[-68.49709,-30.98758],[-68.53951,-31.27573],[-68.63195,-31.50243],[-68.46439,-31.44718],[-68.3354,-31.28471],[-68.33527,-30.92207]]]}},{"type":"Feature","properties":{"gid":"ARG.18.2_1","name2":"Angaco","engtype2":"Department","type2":"Departamento","provZh":"圣胡安省"},"geometry":{"type":"Polygon","coordinates":[[[-68.47438,-31.45157],[-68.02654,-31.45118],[-67.90058,-31.29673],[-67.87143,-31.15149],[-67.78468,-30.9936],[-67.92928,-30.92047],[-68.33527,-30.92207],[-68.3354,-31.28471],[-68.47438,-31.45157]]]}},{"type":"Feature","properties":{"gid":"ARG.18.3_1","name2":"Calingasta","engtype2":"Department","type2":"Departamento","provZh":"圣胡安省"},"geometry":{"type":"Polygon","coordinates":[[[-69.12554,-31.97776],[-69.10388,-31.8434],[-69.15724,-31.71846],[-69.15192,-31.57886],[-69.216,-31.46306],[-69.20123,-31.40223],[-69.23943,-31.31977],[-69.24862,-31.17534],[-69.10439,-30.78568],[-69.29026,-30.76372],[-69.41695,-30.68783],[-69.57307,-30.67837],[-69.71326,-30.62471],[-69.78722,-30.44075],[-69.84148,-30.39676],[-69.86245,-30.28341],[-69.89515,-30.27211],[-69.89189,-30.35093],[-69.95506,-30.38571],[-70.06328,-30.39461],[-70.14819,-30.34155],[-70.11722,-30.43182],[-70.19517,-30.49236],[-70.19091,-30.54923],[-70.24667,-30.63352],[-70.24558,-30.72846],[-70.32311,-30.92974],[-70.26953,-31.04385],[-70.3218,-31.04321],[-70.3999,-31.16782],[-70.45189,-31.08597],[-70.49699,-31.12249],[-70.547,-31.31427],[-70.53274,-31.40787],[-70.56933,-31.47449],[-70.5665,-31.60055],[-70.50658,-31.65211],[-70.51332,-31.68999],[-70.46671,-31.70121],[-70.46062,-31.84369],[-70.3748,-31.88595],[-70.27996,-31.88394],[-70.20944,-31.95959],[-70.28816,-32.05116],[-70.3612,-32.02521],[-70.38816,-32.04415],[-70.33527,-32.06998],[-70.34089,-32.11028],[-70.30409,-32.13596],[-70.31973,-32.27331],[-70.21787,-32.33293],[-70.23657,-32.42872],[-70.14873,-32.46592],[-70.12629,-32.57267],[-70.07961,-32.63095],[-69.98289,-32.53957],[-69.83437,-32.56958],[-69.80246,-32.53733],[-69.72075,-32.53369],[-69.68198,-32.48249],[-69.71152,-32.33448],[-69.61985,-32.23904],[-69.59439,-32.13978],[-69.42317,-32.06647],[-69.31741,-32.0896],[-69.24117,-32.01327],[-69.12554,-31.97776]]]}},{"type":"Feature","properties":{"gid":"ARG.18.4_1","name2":"Capital","engtype2":"Department","type2":"Departamento","provZh":"圣胡安省"},"geometry":{"type":"MultiPolygon","coordinates":[[[[-68.38128,-31.55742],[-68.4077,-31.52751],[-68.44398,-31.57015],[-68.37692,-31.797],[-68.34074,-31.66043],[-68.38128,-31.55742]]],[[[-68.50531,-31.54257],[-68.51094,-31.49688],[-68.56799,-31.51615],[-68.50531,-31.54257]]]]}},{"type":"Feature","properties":{"gid":"ARG.18.5_1","name2":"Caucete","engtype2":"Department","type2":"Departamento","provZh":"圣胡安省"},"geometry":{"type":"Polygon","coordinates":[[[-66.85733,-31.76122],[-66.86946,-31.63811],[-66.94613,-31.63775],[-67.04358,-31.56853],[-67.08176,-31.43449],[-67.27499,-31.44887],[-67.33653,-31.39609],[-67.41325,-31.21419],[-67.42419,-31.06032],[-67.49464,-31.01455],[-67.45893,-30.96492],[-67.50065,-30.91741],[-67.92928,-30.92047],[-67.78468,-30.9936],[-67.87143,-31.15149],[-67.90058,-31.29673],[-68.02654,-31.45118],[-67.98436,-31.61082],[-68.38141,-31.55715],[-68.34393,-31.68682],[-68.07233,-31.74142],[-67.38734,-31.87621],[-66.71545,-31.88713],[-66.85733,-31.76122]]]}},{"type":"Feature","properties":{"gid":"ARG.18.6_1","name2":"Chimbas","engtype2":"Department","type2":"Departamento","provZh":"圣胡安省"},"geometry":{"type":"Polygon","coordinates":[[[-68.62613,-31.50249],[-68.43187,-31.49502],[-68.50681,-31.44847],[-68.62613,-31.50249]]]}},{"type":"Feature","properties":{"gid":"ARG.18.7_1","name2":"Iglesia","engtype2":"Department","type2":"Departamento","provZh":"圣胡安省"},"geometry":{"type":"Polygon","coordinates":[[[-68.96692,-28.96431],[-68.94927,-28.91421],[-69.14233,-28.7399],[-69.19792,-28.58992],[-69.35233,-28.43507],[-69.44736,-28.44315],[-69.48377,-28.40264],[-69.6287,-28.37873],[-69.65629,-28.41324],[-69.63935,-28.44261],[-69.68079,-28.47109],[-69.66144,-28.58286],[-69.73062,-28.67919],[-69.72979,-28.7377],[-69.69322,-28.77214],[-69.76611,-28.89954],[-69.7872,-29.12979],[-69.87588,-29.13877],[-69.95266,-29.18879],[-69.93725,-29.24812],[-70.02093,-29.32866],[-70.02121,-29.38441],[-69.96706,-29.41243],[-69.98143,-29.45164],[-69.94664,-29.48795],[-69.93982,-29.65463],[-69.87749,-29.72649],[-69.91365,-29.80023],[-69.87675,-29.86245],[-69.91405,-30.02552],[-69.96548,-30.08536],[-69.93703,-30.12015],[-69.88273,-30.1092],[-69.80958,-30.14458],[-69.83559,-30.21923],[-69.8876,-30.22435],[-69.84009,-30.39969],[-69.78722,-30.44075],[-69.71326,-30.62471],[-69.57307,-30.67837],[-69.41695,-30.68783],[-69.28671,-30.76448],[-69.10439,-30.78568],[-69.11578,-30.63978],[-69.05601,-30.63622],[-69.06844,-30.53516],[-68.99519,-30.53925],[-69.04727,-30.41273],[-69.05329,-30.02768],[-69.00394,-29.61394],[-69.03096,-29.52122],[-68.95634,-29.4394],[-68.99321,-29.40309],[-68.95207,-29.29173],[-69.00649,-29.14853],[-68.97388,-29.11254],[-68.93464,-29.12534],[-68.90359,-29.05832],[-68.96692,-28.96431]]]}},{"type":"Feature","properties":{"gid":"ARG.18.8_1","name2":"Jáchal","engtype2":"Department","type2":"Departamento","provZh":"圣胡安省"},"geometry":{"type":"Polygon","coordinates":[[[-69.00394,-29.61394],[-69.04555,-29.84308],[-69.04727,-30.41273],[-68.99519,-30.53925],[-68.87175,-30.56399],[-68.8761,-30.61386],[-68.7551,-30.8727],[-68.74259,-31.01662],[-68.50613,-31.0162],[-68.43391,-30.92226],[-67.50065,-30.91741],[-67.71011,-30.69561],[-67.80363,-30.35793],[-67.93735,-30.20557],[-68.00572,-30.18164],[-68.08652,-29.99253],[-68.1502,-29.91747],[-68.23609,-30.00423],[-68.29093,-29.86466],[-68.3531,-29.79588],[-68.26913,-29.74023],[-68.33401,-29.67622],[-68.61423,-29.64034],[-68.69293,-29.60106],[-68.82967,-29.61639],[-68.87978,-29.59338],[-68.95094,-29.63496],[-69.00394,-29.61394]]]}},{"type":"Feature","properties":{"gid":"ARG.18.9_1","name2":"Pocito","engtype2":"Department","type2":"Departamento","provZh":"圣胡安省"},"geometry":{"type":"Polygon","coordinates":[[[-68.60146,-31.56401],[-68.63074,-31.61275],[-68.69617,-31.61441],[-68.66495,-31.74923],[-68.68129,-31.89137],[-68.43375,-31.87654],[-68.43202,-31.82462],[-68.4976,-31.7673],[-68.52084,-31.58856],[-68.60146,-31.56401]]]}},{"type":"Feature","properties":{"gid":"ARG.18.10_1","name2":"Rawson","engtype2":"Department","type2":"Departamento","provZh":"圣胡安省"},"geometry":{"type":"Polygon","coordinates":[[[-68.44363,-31.56599],[-68.60809,-31.53852],[-68.52084,-31.58856],[-68.4941,-31.77422],[-68.3932,-31.83502],[-68.38274,-31.76227],[-68.44363,-31.56599]]]}},{"type":"Feature","properties":{"gid":"ARG.18.11_1","name2":"Rivadavia","engtype2":"Department","type2":"Departamento","provZh":"圣胡安省"},"geometry":{"type":"Polygon","coordinates":[[[-68.63242,-31.50162],[-68.66483,-31.48861],[-68.69617,-31.61441],[-68.63074,-31.61275],[-68.60673,-31.53637],[-68.54891,-31.54939],[-68.55565,-31.50161],[-68.63242,-31.50162]]]}},{"type":"Feature","properties":{"gid":"ARG.18.12_1","name2":"San Martín","engtype2":"Department","type2":"Departamento","provZh":"圣胡安省"},"geometry":{"type":"Polygon","coordinates":[[[-68.46487,-31.45559],[-68.38141,-31.55715],[-67.98436,-31.61082],[-68.02654,-31.45118],[-68.46487,-31.45559]]]}},{"type":"Feature","properties":{"gid":"ARG.18.13_1","name2":"Santa Lucía","engtype2":"Department","type2":"Departamento","provZh":"圣胡安省"},"geometry":{"type":"Polygon","coordinates":[[[-68.4077,-31.52751],[-68.46024,-31.48556],[-68.51094,-31.49688],[-68.50499,-31.54079],[-68.45644,-31.5639],[-68.4077,-31.52751]]]}},{"type":"Feature","properties":{"gid":"ARG.18.14_1","name2":"Sarmiento","engtype2":"Department","type2":"Departamento","provZh":"圣胡安省"},"geometry":{"type":"Polygon","coordinates":[[[-68.51041,-32.19453],[-68.46812,-32.10405],[-68.30851,-32.12833],[-68.32908,-32.10274],[-68.27975,-32.03556],[-68.28436,-31.98013],[-68.3932,-31.83502],[-68.43204,-31.82376],[-68.43375,-31.87654],[-69.11152,-31.89601],[-69.12714,-31.98685],[-69.08755,-32.05294],[-69.01102,-32.11391],[-68.93112,-32.0975],[-68.93155,-32.32346],[-68.66317,-32.33098],[-68.51041,-32.19453]]]}},{"type":"Feature","properties":{"gid":"ARG.18.15_1","name2":"Ullum","engtype2":"Department","type2":"Departamento","provZh":"圣胡安省"},"geometry":{"type":"Polygon","coordinates":[[[-68.50385,-31.01462],[-68.74259,-31.01662],[-68.7551,-30.8727],[-68.8761,-30.61386],[-68.87175,-30.56399],[-69.06844,-30.53516],[-69.05601,-30.63622],[-69.11578,-30.63978],[-69.10245,-30.78188],[-69.24731,-31.18751],[-69.23251,-31.23953],[-69.1105,-31.25228],[-69.04302,-31.29391],[-68.99954,-31.36712],[-68.99354,-31.50979],[-68.71413,-31.49711],[-68.66182,-31.46491],[-68.63242,-31.50162],[-68.53951,-31.27573],[-68.48515,-31.02754],[-68.50385,-31.01462]]]}},{"type":"Feature","properties":{"gid":"ARG.18.16_1","name2":"Valle Fértil","engtype2":"Department","type2":"Departamento","provZh":"圣胡安省"},"geometry":{"type":"Polygon","coordinates":[[[-68.26913,-29.74023],[-68.3531,-29.79588],[-68.29093,-29.86466],[-68.23609,-30.00423],[-68.1502,-29.91747],[-68.08652,-29.99253],[-68.00572,-30.18164],[-67.93735,-30.20557],[-67.80363,-30.35793],[-67.70834,-30.69836],[-67.46338,-30.95296],[-67.49464,-31.01455],[-67.42519,-31.05741],[-67.41325,-31.21419],[-67.34624,-31.38269],[-67.27499,-31.44887],[-67.08176,-31.43449],[-67.10014,-31.38745],[-67.06229,-31.08579],[-67.11644,-31.02088],[-67.07632,-30.88713],[-67.17977,-30.72253],[-67.55123,-30.40745],[-67.57639,-30.30775],[-67.69489,-30.18388],[-68.00436,-29.97107],[-68.10327,-29.84568],[-68.17361,-29.84763],[-68.19571,-29.78805],[-68.26913,-29.74023]]]}},{"type":"Feature","properties":{"gid":"ARG.18.17_1","name2":"Veinticinco de Mayo","engtype2":"Department","type2":"Departamento","provZh":"圣胡安省"},"geometry":{"type":"Polygon","coordinates":[[[-67.36927,-32.359],[-67.28719,-32.35939],[-67.35677,-32.2636],[-67.38082,-32.12206],[-67.35616,-32.00234],[-67.38734,-31.87621],[-68.34393,-31.68682],[-68.3938,-31.83172],[-68.28091,-31.99358],[-68.3258,-32.11746],[-68.28992,-32.1362],[-68.06275,-32.06927],[-67.9689,-32.07283],[-67.91331,-32.15947],[-67.82668,-32.2084],[-67.54831,-32.22007],[-67.51098,-32.19798],[-67.45831,-32.30434],[-67.36927,-32.359]]]}},{"type":"Feature","properties":{"gid":"ARG.18.18_1","name2":"Zonda","engtype2":"Department","type2":"Departamento","provZh":"圣胡安省"},"geometry":{"type":"Polygon","coordinates":[[[-69.11152,-31.89601],[-68.68129,-31.89137],[-68.66495,-31.74923],[-68.70187,-31.55822],[-68.64996,-31.47676],[-68.99354,-31.50979],[-68.99954,-31.36712],[-69.0449,-31.29169],[-69.11352,-31.25142],[-69.23251,-31.23953],[-69.216,-31.46306],[-69.15192,-31.57886],[-69.1624,-31.68321],[-69.11152,-31.89601]]]}},{"type":"Feature","properties":{"gid":"ARG.19.1_1","name2":"Ayacucho","engtype2":"Department","type2":"Departamento","provZh":"圣路易斯省"},"geometry":{"type":"Polygon","coordinates":[[[-65.77826,-31.88525],[-65.95535,-31.88598],[-66.07526,-31.97284],[-66.1239,-31.9459],[-66.15324,-31.97051],[-66.30636,-31.94263],[-66.34264,-32.00254],[-66.55959,-31.97688],[-66.71312,-31.88721],[-67.38605,-31.87465],[-67.35616,-32.00234],[-67.38082,-32.12206],[-67.35677,-32.2636],[-67.28719,-32.35939],[-67.36718,-32.37597],[-67.31976,-32.44851],[-66.42631,-32.43481],[-66.21567,-32.46609],[-66.23376,-32.62977],[-66.23105,-32.72947],[-66.20837,-32.73735],[-66.06623,-32.65104],[-65.92673,-32.44499],[-65.69812,-32.26046],[-65.69793,-31.88869],[-65.77826,-31.88525]]]}},{"type":"Feature","properties":{"gid":"ARG.19.2_1","name2":"Belgrano","engtype2":"Department","type2":"Departamento","provZh":"圣路易斯省"},"geometry":{"type":"Polygon","coordinates":[[[-67.19758,-33.10046],[-66.22115,-33.11692],[-66.21043,-33.04217],[-66.2631,-32.98796],[-66.20699,-32.97602],[-66.14269,-32.86395],[-66.23105,-32.72947],[-66.21567,-32.46609],[-66.42631,-32.43481],[-67.31976,-32.44851],[-67.24902,-32.68301],[-67.18958,-32.76686],[-67.21976,-32.93584],[-67.19758,-33.10046]]]}},{"type":"Feature","properties":{"gid":"ARG.19.3_1","name2":"Chacabuco","engtype2":"Department","type2":"Departamento","provZh":"圣路易斯省"},"geometry":{"type":"Polygon","coordinates":[[[-64.92975,-32.4493],[-65.03574,-32.45584],[-65.07313,-32.42958],[-65.39204,-32.50487],[-65.42161,-32.79165],[-65.59121,-32.95211],[-65.58282,-32.9964],[-65.02333,-33.0252],[-64.92646,-32.70167],[-64.94083,-32.65735],[-64.8811,-32.57337],[-64.92975,-32.4493]]]}},{"type":"Feature","properties":{"gid":"ARG.19.4_1","name2":"Coronel Pringles","engtype2":"Department","type2":"Departamento","provZh":"圣路易斯省"},"geometry":{"type":"Polygon","coordinates":[[[-66.21832,-32.73872],[-66.14269,-32.86395],[-66.20699,-32.97602],[-66.2631,-32.98796],[-66.21043,-33.04217],[-66.22115,-33.11692],[-66.1598,-33.12133],[-66.11548,-33.56785],[-65.58752,-33.56826],[-65.65877,-33.49169],[-65.64059,-33.42298],[-65.66779,-33.19811],[-65.63264,-33.12915],[-65.66792,-33.05932],[-65.60612,-33.07349],[-65.57796,-32.96199],[-65.65883,-32.88369],[-65.77393,-32.88586],[-66.05875,-32.78925],[-66.07849,-32.65892],[-66.21832,-32.73872]]]}},{"type":"Feature","properties":{"gid":"ARG.19.5_1","name2":"General Pedernera","engtype2":"Department","type2":"Departamento","provZh":"圣路易斯省"},"geometry":{"type":"Polygon","coordinates":[[[-65.10992,-33.96017],[-65.14829,-33.20248],[-65.05229,-33.14005],[-65.06278,-33.09314],[-65.02333,-33.0252],[-65.58282,-32.9964],[-65.60879,-33.07626],[-65.65992,-33.04986],[-65.66808,-33.07019],[-65.63264,-33.12915],[-65.66779,-33.19811],[-65.64059,-33.42298],[-65.65877,-33.49169],[-65.58752,-33.56826],[-66.11548,-33.56785],[-66.06258,-34.02286],[-66.05752,-34.66665],[-65.10811,-34.66628],[-65.10992,-33.96017]]]}},{"type":"Feature","properties":{"gid":"ARG.19.6_1","name2":"Gobernador Dupuy","engtype2":"Department","type2":"Departamento","provZh":"圣路易斯省"},"geometry":{"type":"Polygon","coordinates":[[[-65.10811,-34.66628],[-66.69525,-34.67199],[-66.64066,-34.71296],[-66.65506,-34.74708],[-66.5537,-34.89608],[-66.55029,-35.02135],[-66.50362,-35.15216],[-66.53372,-35.52554],[-66.57771,-35.59679],[-66.55914,-35.63976],[-66.63175,-35.90921],[-66.62605,-35.99893],[-65.10225,-35.99694],[-65.10811,-34.66628]]]}},{"type":"Feature","properties":{"gid":"ARG.19.7_1","name2":"Junín","engtype2":"Department","type2":"Departamento","provZh":"圣路易斯省"},"geometry":{"type":"Polygon","coordinates":[[[-64.93665,-32.31483],[-65.21337,-32.3213],[-65.2485,-32.10879],[-65.28996,-32.05672],[-65.69793,-31.88869],[-65.69812,-32.26046],[-65.42413,-32.2855],[-65.38309,-32.39161],[-65.39204,-32.50487],[-65.07313,-32.42958],[-65.03574,-32.45584],[-64.92975,-32.4493],[-64.93665,-32.31483]]]}},{"type":"Feature","properties":{"gid":"ARG.19.8_1","name2":"La Capital","engtype2":"Department","type2":"Departamento","provZh":"圣路易斯省"},"geometry":{"type":"Polygon","coordinates":[[[-66.69525,-34.67199],[-66.05752,-34.66665],[-66.06258,-34.02286],[-66.1598,-33.12133],[-67.19758,-33.10046],[-67.15629,-33.43259],[-67.06282,-33.57502],[-67.01144,-33.60377],[-67.00009,-33.69342],[-66.9,-33.75872],[-66.82384,-33.8988],[-66.73988,-33.94961],[-66.74358,-34.19442],[-66.79938,-34.21261],[-66.81712,-34.33067],[-66.78478,-34.36061],[-66.80718,-34.38923],[-66.7726,-34.4256],[-66.75127,-34.5856],[-66.69525,-34.67199]]]}},{"type":"Feature","properties":{"gid":"ARG.19.9_1","name2":"Libertador General San Martín","engtype2":"Department","type2":"Departamento","provZh":"圣路易斯省"},"geometry":{"type":"Polygon","coordinates":[[[-66.07849,-32.65892],[-66.05875,-32.78925],[-65.77393,-32.88586],[-65.65883,-32.88369],[-65.59121,-32.95211],[-65.42161,-32.79165],[-65.37483,-32.46155],[-65.42413,-32.2855],[-65.47652,-32.26147],[-65.72324,-32.26897],[-65.92673,-32.44499],[-66.07849,-32.65892]]]}},{"type":"Feature","properties":{"gid":"ARG.20.1_1","name2":"Corpen Aike","engtype2":"Department","type2":"Departamento","provZh":"圣克鲁斯省"},"geometry":{"type":"Polygon","coordinates":[[[-70.58076,-49.20388],[-70.64603,-50.73676],[-69.13798,-50.76578],[-69.07806,-50.56347],[-68.8775,-50.33292],[-68.40139,-50.18514],[-68.34639,-50.12042],[-68.06194,-50.07764],[-67.85181,-49.96097],[-67.72903,-49.77625],[-67.67625,-49.44431],[-68.82262,-49.45485],[-68.82682,-49.3168],[-69.76159,-49.31823],[-69.75824,-49.20867],[-70.58076,-49.20388]]]}},{"type":"Feature","properties":{"gid":"ARG.20.2_1","name2":"Deseado","engtype2":"Department","type2":"Departamento","provZh":"圣克鲁斯省"},"geometry":{"type":"Polygon","coordinates":[[[-68.22589,-46.00409],[-69.65631,-46.00513],[-69.73441,-48.32208],[-69.35534,-48.43831],[-68.33543,-48.3796],[-68.18555,-48.44455],[-67.61613,-48.09166],[-67.55311,-48.11298],[-67.17193,-48.48388],[-66.88053,-48.58039],[-66.73653,-48.46542],[-66.49181,-48.41791],[-66.44847,-48.35264],[-66.3343,-48.36208],[-66.35986,-48.31986],[-66.33736,-48.27736],[-66.22764,-48.20069],[-66.15847,-48.19153],[-66.11792,-48.12208],[-65.89152,-48.10153],[-65.97459,-48.04786],[-65.93125,-48.01458],[-65.9418,-47.9543],[-65.90208,-47.93153],[-65.83822,-47.94042],[-65.83236,-47.96569],[-65.76403,-47.94958],[-65.79486,-47.93903],[-65.76758,-47.9068],[-65.84541,-47.89264],[-65.89902,-47.75903],[-65.84209,-47.74347],[-65.74011,-47.51208],[-65.71847,-47.32845],[-65.75819,-47.22597],[-65.73736,-47.20125],[-65.94375,-47.07625],[-66.2132,-47.08679],[-66.6282,-47.04681],[-66.78875,-47.0018],[-67.1282,-46.70179],[-67.35014,-46.62097],[-67.43927,-46.54901],[-67.61597,-46.22153],[-67.62569,-46.05264],[-67.58153,-46.02291],[-67.5907,-45.99792],[-68.22589,-46.00409]]]}},{"type":"Feature","properties":{"gid":"ARG.20.3_1","name2":"Güer Aike","engtype2":"Department","type2":"Departamento","provZh":"圣克鲁斯省"},"geometry":{"type":"Polygon","coordinates":[[[-69.75481,-50.7557],[-72.29334,-50.68229],[-72.34939,-50.75307],[-72.24675,-50.87818],[-72.26509,-51.03282],[-72.37312,-51.02238],[-72.40852,-51.10759],[-72.3481,-51.20398],[-72.30349,-51.20131],[-72.25914,-51.25271],[-72.37152,-51.3363],[-72.30878,-51.36604],[-72.33814,-51.42436],[-72.32408,-51.47498],[-72.3513,-51.48447],[-72.34461,-51.52061],[-72.40484,-51.51348],[-72.44172,-51.58479],[-72.327,-51.58736],[-72.28318,-51.63821],[-72.29726,-51.69915],[-72.16569,-51.72306],[-72.18474,-51.73521],[-72.01468,-51.81756],[-71.92878,-51.91491],[-72.03401,-51.96152],[-71.92295,-51.99913],[-69.99549,-52.00071],[-69.48613,-52.15163],[-69.19012,-52.15004],[-68.83798,-52.27774],[-68.4186,-52.33248],[-68.43329,-52.39791],[-68.4075,-52.38319],[-68.35306,-52.32069],[-68.71472,-51.97347],[-68.95805,-51.62486],[-69.0125,-51.60625],[-69.14528,-51.67986],[-69.24416,-51.69541],[-69.11972,-51.63653],[-69.33417,-51.58541],[-69.60139,-51.62069],[-69.34583,-51.55181],[-69.13472,-51.60708],[-68.94639,-51.55542],[-69.16639,-50.9793],[-69.43472,-51.09125],[-69.13583,-50.90208],[-69.1375,-50.76458],[-69.75481,-50.7557]]]}},{"type":"Feature","properties":{"gid":"ARG.20.4_1","name2":"Lago Argentino","engtype2":"Department","type2":"Departamento","provZh":"圣克鲁斯省"},"geometry":{"type":"Polygon","coordinates":[[[-70.58076,-49.20388],[-71.40018,-49.19327],[-72.58005,-48.48658],[-72.53004,-48.79624],[-72.63957,-48.86616],[-72.68842,-48.86478],[-72.79595,-48.96838],[-72.94606,-48.94543],[-73.00453,-49.06346],[-73.14181,-49.17997],[-73.13519,-49.2655],[-73.03954,-49.27694],[-73.08207,-49.28321],[-73.04545,-49.45078],[-73.24149,-49.6897],[-73.4909,-49.81686],[-73.50683,-49.89181],[-73.56017,-49.94371],[-73.4514,-49.9603],[-73.4356,-50.00994],[-73.46222,-50.05431],[-73.49714,-50.04965],[-73.47556,-50.08951],[-73.51415,-50.10631],[-73.52153,-50.15355],[-73.43042,-50.18189],[-73.45192,-50.24116],[-73.36257,-50.30115],[-73.43611,-50.36278],[-73.3702,-50.37238],[-73.366,-50.48755],[-73.33729,-50.49722],[-73.36447,-50.51862],[-73.33158,-50.57031],[-73.14501,-50.65142],[-73.19845,-50.74074],[-73.14972,-50.76778],[-73.20101,-50.82036],[-73.1455,-50.78186],[-73.00246,-50.76339],[-72.89135,-50.66985],[-72.73052,-50.61439],[-72.58612,-50.68148],[-72.54683,-50.62176],[-72.48958,-50.60069],[-72.40451,-50.63691],[-72.35052,-50.61915],[-72.28613,-50.65916],[-72.29823,-50.68947],[-70.64603,-50.73676],[-70.58076,-49.20388]]]}},{"type":"Feature","properties":{"gid":"ARG.20.5_1","name2":"Lago Buenos Aires","engtype2":"Department","type2":"Departamento","provZh":"圣克鲁斯省"},"geometry":{"type":"Polygon","coordinates":[[[-71.6461,-46.00566],[-71.71529,-46.08932],[-71.91573,-46.13884],[-71.86662,-46.15709],[-71.86009,-46.1939],[-71.77821,-46.19823],[-71.72747,-46.27241],[-71.75696,-46.34557],[-71.66871,-46.52909],[-71.64475,-46.67991],[-71.8338,-46.79627],[-71.95582,-46.81521],[-71.9308,-46.84529],[-71.97006,-46.90376],[-71.95771,-46.97364],[-71.8802,-47.01102],[-71.9552,-47.07686],[-71.87998,-47.10746],[-71.84992,-47.16296],[-71.89258,-47.21379],[-71.57148,-47.36386],[-70.76887,-47.31988],[-69.783,-48.30704],[-69.73441,-48.32208],[-69.65631,-46.00513],[-71.6461,-46.00566]]]}},{"type":"Feature","properties":{"gid":"ARG.20.6_1","name2":"Magallanes","engtype2":"Department","type2":"Departamento","provZh":"圣克鲁斯省"},"geometry":{"type":"Polygon","coordinates":[[[-67.67625,-49.4437],[-67.60264,-49.27597],[-67.61264,-49.24903],[-67.66681,-49.25431],[-67.67431,-49.22014],[-67.60931,-49.18042],[-67.63625,-49.13986],[-67.55597,-49.01847],[-67.41431,-48.91319],[-67.21986,-48.83847],[-67.12681,-48.68292],[-66.86847,-48.58597],[-67.17193,-48.48388],[-67.55311,-48.11298],[-67.61613,-48.09166],[-68.18555,-48.44455],[-68.33543,-48.3796],[-69.35534,-48.43831],[-69.73441,-48.32208],[-69.76159,-49.31823],[-68.82682,-49.3168],[-68.82262,-49.45485],[-67.67625,-49.4437]]]}},{"type":"Feature","properties":{"gid":"ARG.20.7_1","name2":"Rió Chico","engtype2":"Department","type2":"Departamento","provZh":"圣克鲁斯省"},"geometry":{"type":"Polygon","coordinates":[[[-70.44055,-49.20511],[-69.75824,-49.20867],[-69.73441,-48.32208],[-69.783,-48.30704],[-70.76887,-47.31988],[-71.57148,-47.36386],[-72.01936,-47.1978],[-71.99676,-47.29496],[-72.04645,-47.33913],[-72.12783,-47.32828],[-72.16108,-47.39497],[-72.34208,-47.45582],[-72.29211,-47.51224],[-72.31202,-47.59446],[-72.42003,-47.66069],[-72.44323,-47.74602],[-72.52216,-47.74129],[-72.46872,-47.81237],[-72.52803,-47.93588],[-72.42502,-47.96637],[-72.4435,-48.06349],[-72.36081,-48.07211],[-72.30004,-48.15557],[-72.31514,-48.2351],[-72.22816,-48.32032],[-72.28005,-48.361],[-72.38043,-48.3496],[-72.34583,-48.38457],[-72.40598,-48.41593],[-72.37424,-48.44887],[-72.39292,-48.48125],[-72.50211,-48.51659],[-71.40018,-49.19327],[-70.44055,-49.20511]]]}},{"type":"Feature","properties":{"gid":"ARG.21.1_1","name2":"Belgrano","engtype2":"Department","type2":"Departamento","provZh":"圣菲省"},"geometry":{"type":"Polygon","coordinates":[[[-61.80664,-33.02911],[-61.73106,-33.08621],[-61.67202,-32.88469],[-61.53048,-32.84875],[-61.55156,-32.84249],[-61.50674,-32.57531],[-61.45369,-32.39585],[-61.93718,-32.30804],[-62.00971,-32.34309],[-61.92572,-32.47343],[-61.92822,-32.54028],[-61.901,-32.55864],[-61.92011,-32.58582],[-61.88758,-32.59142],[-61.95321,-32.67374],[-61.86489,-32.69777],[-61.78934,-32.79098],[-61.77767,-32.9075],[-61.80664,-33.02911]]]}},{"type":"Feature","properties":{"gid":"ARG.21.2_1","name2":"Caseros","engtype2":"Department","type2":"Departamento","provZh":"圣菲省"},"geometry":{"type":"Polygon","coordinates":[[[-62.11775,-33.39474],[-61.46724,-33.39281],[-61.34205,-33.32905],[-61.2238,-33.48698],[-61.10349,-33.41206],[-61.1949,-33.24327],[-61.09652,-33.0783],[-61.22324,-32.92049],[-61.29737,-32.98162],[-61.47531,-33.00596],[-61.69245,-33.09086],[-61.80664,-33.02911],[-61.92498,-33.12473],[-62.11775,-33.39474]]]}},{"type":"Feature","properties":{"gid":"ARG.21.3_1","name2":"Castellanos","engtype2":"Department","type2":"Departamento","provZh":"圣菲省"},"geometry":{"type":"Polygon","coordinates":[[[-62.14494,-31.61884],[-62.02393,-31.64169],[-62.03265,-31.67934],[-61.54891,-31.7725],[-61.50779,-31.58996],[-61.45667,-31.5961],[-61.44538,-31.54322],[-61.4044,-31.54646],[-61.22071,-30.75156],[-61.43627,-30.71502],[-61.45064,-30.76786],[-61.84851,-30.74079],[-62.14494,-31.61884]]]}},{"type":"Feature","properties":{"gid":"ARG.21.4_1","name2":"Constitución","engtype2":"Department","type2":"Departamento","provZh":"圣菲省"},"geometry":{"type":"Polygon","coordinates":[[[-60.90848,-33.58329],[-60.82199,-33.54187],[-60.54506,-33.64425],[-60.46179,-33.62916],[-60.40553,-33.45885],[-60.34037,-33.41474],[-60.24989,-33.26014],[-60.29995,-33.23909],[-60.30594,-33.19366],[-60.3959,-33.21342],[-60.48316,-33.31878],[-60.6016,-33.37242],[-60.85807,-33.26093],[-60.92846,-33.29831],[-60.96392,-33.36073],[-61.2238,-33.48698],[-61.34205,-33.32905],[-61.51073,-33.39347],[-61.45887,-33.46799],[-61.41301,-33.44284],[-61.1257,-33.8281],[-60.91635,-33.6366],[-60.90848,-33.58329]]]}},{"type":"Feature","properties":{"gid":"ARG.21.5_1","name2":"Garay","engtype2":"Department","type2":"Departamento","provZh":"圣菲省"},"geometry":{"type":"Polygon","coordinates":[[[-59.6343,-30.71076],[-60.2216,-30.65115],[-60.27875,-30.7651],[-60.26154,-30.83011],[-60.33993,-31.0419],[-60.38317,-31.12927],[-60.45826,-31.16568],[-60.51656,-31.28633],[-60.48875,-31.32158],[-60.52994,-31.47801],[-60.31263,-31.53735],[-60.24104,-31.52008],[-60.14079,-31.43797],[-60.0954,-31.28626],[-60.01523,-31.24373],[-59.96174,-31.11345],[-59.89,-31.06058],[-59.6343,-30.71076]]]}},{"type":"Feature","properties":{"gid":"ARG.21.6_1","name2":"General López","engtype2":"Department","type2":"Departamento","provZh":"圣菲省"},"geometry":{"type":"Polygon","coordinates":[[[-61.1257,-33.8281],[-61.41301,-33.44284],[-61.45887,-33.46799],[-61.51073,-33.39347],[-62.11775,-33.39474],[-62.88922,-34.38429],[-61.71769,-34.37882],[-61.1257,-33.8281]]]}},{"type":"Feature","properties":{"gid":"ARG.21.7_1","name2":"General Obligado","engtype2":"Department","type2":"Departamento","provZh":"圣菲省"},"geometry":{"type":"Polygon","coordinates":[[[-59.41226,-27.99906],[-59.80962,-27.99868],[-59.77973,-28.27621],[-59.87762,-28.27707],[-59.87567,-28.35216],[-59.84581,-28.39059],[-59.79938,-28.39034],[-59.81776,-28.61528],[-59.77556,-28.66847],[-59.8022,-28.74186],[-59.75465,-28.80902],[-59.97369,-28.80142],[-59.99082,-28.88791],[-60.02959,-28.88024],[-60.06036,-29.01316],[-60.00335,-29.03962],[-60.03342,-29.10178],[-60.09077,-29.09204],[-60.0321,-29.29472],[-60.07822,-29.3715],[-59.79815,-29.40429],[-59.73147,-29.47587],[-59.65612,-29.44355],[-59.59962,-29.45897],[-59.59715,-29.37626],[-59.5269,-29.32042],[-59.49294,-29.22505],[-59.39906,-29.20986],[-59.32703,-29.09808],[-59.21217,-29.05872],[-59.16119,-28.77826],[-59.07714,-28.64468],[-59.10954,-28.60639],[-59.0569,-28.48299],[-59.10024,-28.34336],[-59.09724,-28.2115],[-59.05572,-28.12615],[-58.92638,-28.11205],[-58.87082,-28.03262],[-58.89299,-27.99935],[-59.41226,-27.99906]]]}},{"type":"Feature","properties":{"gid":"ARG.21.8_1","name2":"Iriondo","engtype2":"Department","type2":"Departamento","provZh":"圣菲省"},"geometry":{"type":"Polygon","coordinates":[[[-61.73106,-33.08621],[-61.27509,-32.96678],[-61.19069,-32.86773],[-61.07103,-32.80779],[-60.99894,-32.7011],[-60.87828,-32.68623],[-60.81665,-32.64503],[-60.83747,-32.47086],[-61.45369,-32.39585],[-61.50674,-32.57531],[-61.55156,-32.84249],[-61.53048,-32.84875],[-61.67202,-32.88469],[-61.73106,-33.08621]]]}},{"type":"Feature","properties":{"gid":"ARG.21.9_1","name2":"La Capital","engtype2":"Department","type2":"Departamento","provZh":"圣菲省"},"geometry":{"type":"Polygon","coordinates":[[[-60.66544,-31.80341],[-60.6581,-31.72374],[-60.4306,-31.67876],[-60.32523,-31.60568],[-60.31263,-31.53735],[-60.37999,-31.49936],[-60.52549,-31.48266],[-60.48875,-31.32158],[-60.51809,-31.29263],[-60.47315,-31.21719],[-60.59422,-31.18143],[-60.56809,-31.13547],[-60.69667,-31.10645],[-60.68066,-31.04569],[-60.82551,-31.01749],[-60.84991,-31.05395],[-60.80503,-31.10159],[-60.85883,-31.1759],[-60.84705,-31.20267],[-60.93537,-31.27724],[-60.94588,-31.33949],[-60.91362,-31.36932],[-60.8098,-31.36249],[-60.78553,-31.46291],[-60.81327,-31.52486],[-60.7804,-31.59167],[-60.8534,-31.5811],[-60.83258,-31.64177],[-60.91868,-31.73138],[-60.9508,-31.72745],[-60.98582,-31.8039],[-60.86912,-31.8058],[-60.85086,-31.87027],[-60.77131,-31.87648],[-60.76498,-31.95398],[-60.71466,-31.96844],[-60.66328,-31.91293],[-60.66544,-31.80341]]]}},{"type":"Feature","properties":{"gid":"ARG.21.10_1","name2":"Las Colonias","engtype2":"Department","type2":"Departamento","provZh":"圣菲省"},"geometry":{"type":"Polygon","coordinates":[[[-61.54891,-31.7725],[-61.56809,-31.85401],[-61.20685,-31.88407],[-61.21571,-31.82521],[-60.99986,-31.86461],[-60.9508,-31.72745],[-60.91868,-31.73138],[-60.83258,-31.64177],[-60.8534,-31.5811],[-60.78083,-31.59328],[-60.81327,-31.52486],[-60.78553,-31.46291],[-60.8098,-31.36249],[-60.91362,-31.36932],[-60.94588,-31.33949],[-60.93537,-31.27724],[-60.84705,-31.20267],[-60.85883,-31.1759],[-60.80503,-31.10159],[-60.84991,-31.05395],[-60.82551,-31.01749],[-60.86623,-31.00169],[-60.83741,-30.92146],[-60.86128,-30.9074],[-60.79297,-30.88756],[-60.83194,-30.80037],[-60.90207,-30.75156],[-60.92802,-30.69995],[-60.90441,-30.67546],[-61.18895,-30.61385],[-61.4044,-31.54646],[-61.44538,-31.54322],[-61.45667,-31.5961],[-61.50779,-31.58996],[-61.54891,-31.7725]]]}},{"type":"Feature","properties":{"gid":"ARG.21.11_1","name2":"Nueve de Julio","engtype2":"Department","type2":"Departamento","provZh":"圣菲省"},"geometry":{"type":"Polygon","coordinates":[[[-61.71717,-27.99393],[-61.99591,-29.66893],[-61.92854,-29.67531],[-61.94275,-29.74724],[-61.90709,-29.7805],[-61.35933,-29.84411],[-61.29018,-29.51678],[-61.15652,-29.55242],[-61.08785,-29.62781],[-60.83891,-28.25273],[-60.73589,-28.21432],[-60.74202,-28.08888],[-60.65157,-28.08601],[-60.65306,-27.99943],[-61.71717,-27.99393]]]}},{"type":"Feature","properties":{"gid":"ARG.21.12_1","name2":"Rosario","engtype2":"Department","type2":"Departamento","provZh":"圣菲省"},"geometry":{"type":"Polygon","coordinates":[[[-60.31013,-33.18037],[-60.38558,-33.18394],[-60.49316,-33.12672],[-60.67617,-32.90219],[-60.67389,-32.83689],[-60.82086,-32.80808],[-60.85263,-32.82854],[-60.82841,-32.86776],[-60.97203,-33.16415],[-60.97113,-33.22167],[-61.02138,-33.25497],[-60.94608,-33.33761],[-60.85807,-33.26093],[-60.76942,-33.31989],[-60.57422,-33.37136],[-60.48244,-33.31817],[-60.39762,-33.21423],[-60.31013,-33.18037]]]}},{"type":"Feature","properties":{"gid":"ARG.21.13_1","name2":"San Cristóbal","engtype2":"Department","type2":"Departamento","provZh":"圣菲省"},"geometry":{"type":"Polygon","coordinates":[[[-61.84851,-30.74079],[-61.45064,-30.76786],[-61.43627,-30.71502],[-61.22071,-30.75156],[-61.18895,-30.61385],[-60.90441,-30.67546],[-60.92802,-30.69995],[-60.90207,-30.75156],[-60.83194,-30.80037],[-60.75636,-30.80138],[-60.7142,-30.75361],[-60.62966,-30.74349],[-60.60899,-30.68287],[-60.63019,-30.6103],[-60.69754,-30.54222],[-60.65908,-30.48464],[-60.69556,-30.38242],[-60.66175,-30.29095],[-60.73197,-30.23208],[-60.71686,-30.15],[-60.76338,-30.08997],[-60.74283,-29.98624],[-60.71564,-29.97683],[-60.73754,-29.93335],[-60.71628,-29.88223],[-60.78175,-29.76489],[-60.82492,-29.76975],[-60.91231,-29.68281],[-61.03848,-29.65833],[-61.11297,-29.62224],[-61.15652,-29.55242],[-61.27177,-29.51604],[-61.35933,-29.84411],[-61.90709,-29.7805],[-61.94275,-29.74724],[-61.92854,-29.67531],[-61.99591,-29.66893],[-62.12774,-30.48811],[-62.02349,-30.59236],[-61.97818,-30.59803],[-61.98256,-30.64628],[-61.83227,-30.67349],[-61.84851,-30.74079]]]}},{"type":"Feature","properties":{"gid":"ARG.21.14_1","name2":"San Javier","engtype2":"Department","type2":"Departamento","provZh":"圣菲省"},"geometry":{"type":"Polygon","coordinates":[[[-59.56313,-30.02114],[-59.62395,-29.88284],[-59.6801,-29.83067],[-59.61816,-29.75431],[-59.6373,-29.69878],[-59.60295,-29.64685],[-59.59962,-29.45897],[-59.65612,-29.44355],[-59.73147,-29.47587],[-59.79815,-29.40429],[-60.07822,-29.3715],[-60.10897,-29.45509],[-60.08074,-29.62128],[-59.99468,-29.65859],[-60.00544,-29.71698],[-59.97001,-29.79487],[-59.89444,-29.82773],[-59.94528,-29.89979],[-60.03866,-29.95616],[-60.04988,-30.01615],[-60.10711,-30.04322],[-60.18631,-30.25554],[-60.22294,-30.28517],[-60.21462,-30.35091],[-60.34862,-30.48178],[-60.38413,-30.60259],[-60.35641,-30.66996],[-60.2379,-30.69202],[-60.2216,-30.65115],[-59.6343,-30.71076],[-59.67275,-30.62968],[-59.65081,-30.52013],[-59.70812,-30.40302],[-59.65497,-30.32526],[-59.68798,-30.27641],[-59.6224,-30.22799],[-59.59946,-30.06101],[-59.56313,-30.02114]]]}},{"type":"Feature","properties":{"gid":"ARG.21.15_1","name2":"San Jerónimo","engtype2":"Department","type2":"Departamento","provZh":"圣菲省"},"geometry":{"type":"Polygon","coordinates":[[[-60.71466,-31.96844],[-60.76498,-31.95398],[-60.77131,-31.87648],[-60.85086,-31.87027],[-60.86912,-31.8058],[-60.98582,-31.8039],[-60.99986,-31.86461],[-61.21571,-31.82521],[-61.20685,-31.88407],[-61.3612,-31.86304],[-61.41372,-32.21049],[-61.46235,-32.19934],[-61.51117,-32.38538],[-60.88303,-32.4718],[-60.80986,-32.4577],[-60.75674,-32.50045],[-60.71226,-32.40203],[-60.73595,-32.31195],[-60.6731,-32.30368],[-60.67399,-32.22453],[-60.73358,-32.17377],[-60.65786,-32.07763],[-60.72379,-32.00487],[-60.71466,-31.96844]]]}},{"type":"Feature","properties":{"gid":"ARG.21.16_1","name2":"San Justo","engtype2":"Department","type2":"Departamento","provZh":"圣菲省"},"geometry":{"type":"Polygon","coordinates":[[[-60.2379,-30.69202],[-60.35641,-30.66996],[-60.38234,-30.58961],[-60.34862,-30.48178],[-60.21462,-30.35091],[-60.22294,-30.28517],[-60.1331,-30.138],[-60.19969,-30.1607],[-60.18626,-30.12219],[-60.29265,-30.03578],[-60.29999,-29.97599],[-60.7352,-29.90344],[-60.71564,-29.97683],[-60.74283,-29.98624],[-60.76338,-30.08997],[-60.71686,-30.15],[-60.74519,-30.20535],[-60.66175,-30.29095],[-60.69556,-30.38242],[-60.65908,-30.48464],[-60.69754,-30.54222],[-60.63019,-30.6103],[-60.60899,-30.68287],[-60.63985,-30.75265],[-60.83432,-30.80324],[-60.79297,-30.88756],[-60.85864,-30.90258],[-60.83741,-30.92146],[-60.86464,-31.00664],[-60.68066,-31.04569],[-60.69667,-31.10645],[-60.56809,-31.13547],[-60.59422,-31.18143],[-60.47315,-31.21719],[-60.33993,-31.0419],[-60.2379,-30.69202]]]}},{"type":"Feature","properties":{"gid":"ARG.21.17_1","name2":"San Lorenzo","engtype2":"Department","type2":"Departamento","provZh":"圣菲省"},"geometry":{"type":"Polygon","coordinates":[[[-60.75674,-32.50045],[-60.80835,-32.45799],[-60.84006,-32.47229],[-60.81665,-32.64503],[-60.87828,-32.68623],[-60.99732,-32.69998],[-61.07103,-32.80779],[-61.19069,-32.86773],[-61.22324,-32.92049],[-61.09652,-33.0783],[-61.1949,-33.24327],[-61.10349,-33.41206],[-60.94916,-33.3461],[-61.02138,-33.25497],[-60.97132,-33.22207],[-60.97203,-33.16415],[-60.82841,-32.86776],[-60.85263,-32.82854],[-60.82086,-32.80808],[-60.67389,-32.83689],[-60.71587,-32.76369],[-60.6955,-32.70861],[-60.74842,-32.61883],[-60.75674,-32.50045]]]}},{"type":"Feature","properties":{"gid":"ARG.21.18_1","name2":"San Martín","engtype2":"Department","type2":"Departamento","provZh":"圣菲省"},"geometry":{"type":"Polygon","coordinates":[[[-62.00971,-32.34309],[-61.93718,-32.30804],[-61.51117,-32.38538],[-61.46235,-32.19934],[-61.41372,-32.21049],[-61.3612,-31.86304],[-61.56809,-31.85401],[-61.54891,-31.7725],[-62.03265,-31.67934],[-62.02393,-31.64169],[-62.14494,-31.61884],[-62.24963,-31.70164],[-62.21495,-31.78152],[-62.22964,-31.88673],[-62.17609,-31.97266],[-62.19479,-32.1171],[-62.1273,-32.20833],[-62.03931,-32.25749],[-62.00971,-32.34309]]]}},{"type":"Feature","properties":{"gid":"ARG.21.19_1","name2":"Vera","engtype2":"Department","type2":"Departamento","provZh":"圣菲省"},"geometry":{"type":"Polygon","coordinates":[[[-60.65306,-27.99943],[-60.65157,-28.08601],[-60.74202,-28.08888],[-60.73589,-28.21432],[-60.83891,-28.25273],[-61.09153,-29.61083],[-61.03848,-29.65833],[-60.91231,-29.68281],[-60.82492,-29.76975],[-60.78175,-29.76489],[-60.71628,-29.88223],[-60.7352,-29.90344],[-60.29999,-29.97599],[-60.29265,-30.03578],[-60.18626,-30.12219],[-60.19314,-30.16348],[-60.1331,-30.138],[-60.10711,-30.04322],[-60.04988,-30.01615],[-60.03866,-29.95616],[-59.94528,-29.89979],[-59.89444,-29.82773],[-59.97001,-29.79487],[-60.00544,-29.71698],[-59.99468,-29.65859],[-60.08159,-29.6189],[-60.10825,-29.44179],[-60.0321,-29.29472],[-60.09077,-29.09204],[-60.03342,-29.10178],[-60.01097,-29.05953],[-60.01263,-29.02189],[-60.06036,-29.01316],[-60.02959,-28.88024],[-59.99082,-28.88791],[-59.97369,-28.80142],[-59.75687,-28.81772],[-59.8022,-28.74186],[-59.77556,-28.66847],[-59.81776,-28.61528],[-59.79938,-28.39034],[-59.84581,-28.39059],[-59.87567,-28.35216],[-59.87762,-28.27707],[-59.77973,-28.27621],[-59.77906,-28.10388],[-59.80544,-28.10557],[-59.80962,-27.99868],[-60.65306,-27.99943]]]}},{"type":"Feature","properties":{"gid":"ARG.22.1_1","name2":"Aguirre","engtype2":"Department","type2":"Departamento","provZh":"圣地亚哥-德尔埃斯特罗省"},"geometry":{"type":"Polygon","coordinates":[[[-61.95923,-29.44861],[-62.07269,-29.38518],[-62.26062,-29.38853],[-62.31104,-29.34322],[-62.29577,-29.31641],[-62.38395,-29.26824],[-62.42695,-29.20068],[-62.64916,-29.10918],[-62.68542,-28.98724],[-62.65137,-28.8933],[-62.68491,-28.8585],[-62.91483,-28.85875],[-62.91594,-28.90297],[-63.09406,-28.90356],[-63.09468,-28.98754],[-63.00491,-28.9882],[-63.0058,-29.22032],[-62.91478,-29.21933],[-62.91648,-29.30453],[-62.76501,-29.32288],[-62.76513,-29.38282],[-62.62689,-29.38264],[-62.62662,-29.61601],[-62.44587,-29.61441],[-62.45104,-29.6834],[-61.99758,-29.67893],[-61.95923,-29.44861]]]}},{"type":"Feature","properties":{"gid":"ARG.22.2_1","name2":"Alberdi","engtype2":"Department","type2":"Departamento","provZh":"圣地亚哥-德尔埃斯特罗省"},"geometry":{"type":"Polygon","coordinates":[[[-61.7108,-26.23531],[-63.78252,-26.23919],[-63.78365,-26.30144],[-63.6699,-26.53585],[-63.71888,-26.92849],[-63.41108,-26.90818],[-63.40852,-26.78825],[-62.93702,-26.80953],[-62.93707,-26.83693],[-62.76577,-26.84675],[-62.50254,-26.84489],[-62.50015,-26.80406],[-61.71333,-26.79024],[-61.7108,-26.23531]]]}},{"type":"Feature","properties":{"gid":"ARG.22.3_1","name2":"Atamisqui","engtype2":"Department","type2":"Departamento","provZh":"圣地亚哥-德尔埃斯特罗省"},"geometry":{"type":"Polygon","coordinates":[[[-63.78863,-28.43538],[-63.86948,-28.41198],[-64.05151,-28.523],[-64.07278,-28.62837],[-64.11032,-28.62321],[-64.12222,-28.6777],[-64.08622,-28.70811],[-64.20119,-28.68703],[-64.23215,-28.79153],[-63.93386,-28.92894],[-63.78882,-28.9169],[-63.66661,-28.81642],[-63.67871,-28.79908],[-63.57619,-28.74114],[-63.6232,-28.69526],[-63.55345,-28.64244],[-63.57468,-28.60354],[-63.68161,-28.56717],[-63.71043,-28.48817],[-63.78863,-28.43538]]]}},{"type":"Feature","properties":{"gid":"ARG.22.4_1","name2":"Avellaneda","engtype2":"Department","type2":"Departamento","provZh":"圣地亚哥-德尔埃斯特罗省"},"geometry":{"type":"Polygon","coordinates":[[[-62.68491,-28.8585],[-62.76245,-28.74784],[-62.76025,-28.66159],[-62.90777,-28.58234],[-62.90615,-28.52777],[-62.96295,-28.46885],[-63.07755,-28.41841],[-63.11551,-28.31012],[-63.26166,-28.30871],[-63.26276,-28.34184],[-63.37626,-28.32321],[-63.47803,-28.22403],[-63.48178,-28.25697],[-63.61133,-28.28023],[-63.66073,-28.356],[-63.73066,-28.35254],[-63.72165,-28.38332],[-63.78863,-28.43538],[-63.71043,-28.48817],[-63.68161,-28.56717],[-63.57468,-28.60354],[-63.55345,-28.64244],[-63.53334,-28.60811],[-63.48342,-28.61214],[-63.4823,-28.58529],[-63.37612,-28.59712],[-63.33499,-28.65951],[-63.24728,-28.65951],[-63.26074,-28.76015],[-63.13907,-28.77345],[-63.14159,-28.82759],[-63.09352,-28.82871],[-63.09406,-28.90356],[-62.91594,-28.90297],[-62.91483,-28.85875],[-62.68491,-28.8585]]]}},{"type":"Feature","properties":{"gid":"ARG.22.5_1","name2":"Banda","engtype2":"Department","type2":"Departamento","provZh":"圣地亚哥-德尔埃斯特罗省"},"geometry":{"type":"Polygon","coordinates":[[[-64.22671,-27.81527],[-64.11325,-27.76739],[-63.95288,-27.7589],[-63.94742,-27.71523],[-63.89307,-27.68627],[-63.93224,-27.68236],[-63.98436,-27.58364],[-63.94384,-27.42686],[-63.99509,-27.42527],[-63.99283,-27.27161],[-63.93368,-27.27113],[-63.93159,-27.2307],[-63.97813,-27.23051],[-63.95435,-27.05514],[-64.03893,-27.05583],[-64.04138,-27.09968],[-64.19033,-27.1342],[-64.19404,-27.2206],[-64.44628,-27.18839],[-64.44975,-27.28071],[-64.48213,-27.2788],[-64.50959,-27.3829],[-64.61665,-27.29947],[-64.62795,-27.46722],[-64.52269,-27.51867],[-64.22671,-27.81527]]]}},{"type":"Feature","properties":{"gid":"ARG.22.6_1","name2":"Belgrano","engtype2":"Department","type2":"Departamento","provZh":"圣地亚哥-德尔埃斯特罗省"},"geometry":{"type":"Polygon","coordinates":[[[-61.8613,-28.87101],[-62.67996,-28.87342],[-62.65137,-28.8933],[-62.68291,-29.01563],[-62.64916,-29.10918],[-62.42695,-29.20068],[-62.38395,-29.26824],[-62.29577,-29.31641],[-62.31104,-29.34322],[-62.26574,-29.38594],[-62.07269,-29.38518],[-61.96624,-29.4506],[-61.8613,-28.87101]]]}},{"type":"Feature","properties":{"gid":"ARG.22.7_1","name2":"Capital","engtype2":"Department","type2":"Departamento","provZh":"圣地亚哥-德尔埃斯特罗省"},"geometry":{"type":"Polygon","coordinates":[[[-64.43741,-27.61573],[-64.51987,-27.71327],[-64.549,-27.68296],[-64.70055,-27.67753],[-64.7169,-27.84279],[-64.65841,-27.85494],[-64.67065,-27.8955],[-64.5639,-27.90491],[-64.64261,-28.18832],[-64.4734,-28.22173],[-64.45259,-28.14426],[-64.41804,-28.14978],[-64.42487,-28.09409],[-64.26128,-28.12232],[-64.23539,-28.01716],[-64.12807,-27.98008],[-64.1731,-27.94792],[-64.21831,-27.81721],[-64.43741,-27.61573]]]}},{"type":"Feature","properties":{"gid":"ARG.22.8_1","name2":"Choya","engtype2":"Department","type2":"Departamento","provZh":"圣地亚哥-德尔埃斯特罗省"},"geometry":{"type":"Polygon","coordinates":[[[-65.18114,-28.60058],[-65.18087,-28.65314],[-65.1441,-28.66626],[-65.13236,-28.71737],[-65.02537,-28.74951],[-64.91851,-28.86888],[-64.83138,-29.04881],[-64.82567,-29.12556],[-64.89027,-29.28066],[-64.84731,-29.31293],[-64.8917,-29.34309],[-64.83537,-29.43297],[-64.82775,-29.56298],[-64.55717,-29.53253],[-64.53136,-29.00196],[-64.58899,-29.00132],[-64.55056,-28.7928],[-64.50997,-28.73243],[-64.57463,-28.72152],[-64.56881,-28.68723],[-64.59881,-28.68038],[-64.54821,-28.55846],[-64.58959,-28.54797],[-64.56698,-28.4353],[-64.47621,-28.41418],[-64.5183,-28.4064],[-64.50806,-28.35885],[-64.56853,-28.34911],[-64.54182,-28.20824],[-64.84178,-28.16316],[-64.87604,-28.25344],[-64.96212,-28.2327],[-64.97456,-28.26981],[-65.11447,-28.24148],[-65.0994,-28.46948],[-65.12572,-28.60907],[-65.18114,-28.60058]]]}},{"type":"Feature","properties":{"gid":"ARG.22.9_1","name2":"Copo","engtype2":"Department","type2":"Departamento","provZh":"圣地亚哥-德尔埃斯特罗省"},"geometry":{"type":"Polygon","coordinates":[[[-63.42762,-25.65191],[-63.47541,-25.70968],[-63.95662,-25.70684],[-63.93583,-25.80459],[-63.85113,-25.8607],[-63.83953,-25.93054],[-63.76252,-26.02419],[-63.78252,-26.23919],[-61.7108,-26.23531],[-61.71229,-25.65553],[-63.42762,-25.65191]]]}},{"type":"Feature","properties":{"gid":"ARG.22.10_1","name2":"Figueroa","engtype2":"Department","type2":"Departamento","provZh":"圣地亚哥-德尔埃斯特罗省"},"geometry":{"type":"Polygon","coordinates":[[[-63.71888,-26.92849],[-63.91605,-26.95913],[-63.91665,-26.92804],[-64.00493,-26.92764],[-64.00666,-27.05557],[-63.95435,-27.05514],[-63.97813,-27.23051],[-63.93159,-27.2307],[-63.93368,-27.27113],[-63.99283,-27.27161],[-64.00216,-27.35756],[-63.99509,-27.42527],[-63.94384,-27.42686],[-63.98436,-27.58364],[-63.93224,-27.68236],[-63.84547,-27.70733],[-63.84347,-27.75525],[-63.6933,-27.77107],[-63.68556,-27.84133],[-63.58027,-27.8774],[-63.51012,-27.863],[-63.52482,-27.80247],[-63.28987,-27.77459],[-63.27729,-27.74389],[-63.19569,-27.75797],[-63.17806,-27.68491],[-63.22515,-27.67655],[-63.20411,-27.57444],[-63.25652,-27.5626],[-63.21886,-27.35055],[-63.27126,-27.33675],[-63.22192,-27.17651],[-63.22215,-27.13498],[-63.24648,-27.13514],[-63.24732,-26.91353],[-63.22077,-26.91335],[-63.21843,-26.87299],[-63.24775,-26.87134],[-63.24973,-26.7865],[-63.40852,-26.78825],[-63.41108,-26.90818],[-63.71888,-26.92849]]]}},{"type":"Feature","properties":{"gid":"ARG.22.11_1","name2":"General Taboada","engtype2":"Department","type2":"Departamento","provZh":"圣地亚哥-德尔埃斯特罗省"},"geometry":{"type":"Polygon","coordinates":[[[-61.77842,-28.36653],[-61.88068,-28.36659],[-61.87655,-28.33562],[-63.12124,-28.33957],[-63.07755,-28.41841],[-62.92071,-28.50368],[-62.90777,-28.58234],[-62.76025,-28.66159],[-62.76245,-28.74784],[-62.67646,-28.87864],[-61.8613,-28.87101],[-61.77842,-28.36653]]]}},{"type":"Feature","properties":{"gid":"ARG.22.12_1","name2":"Guasayán","engtype2":"Department","type2":"Departamento","provZh":"圣地亚哥-德尔埃斯特罗省"},"geometry":{"type":"Polygon","coordinates":[[[-65.11447,-28.24148],[-64.97456,-28.26981],[-64.96212,-28.2327],[-64.87604,-28.25344],[-64.84178,-28.16316],[-64.64261,-28.18832],[-64.5639,-27.90491],[-64.67065,-27.8955],[-64.65841,-27.85494],[-64.7169,-27.84279],[-64.70055,-27.67753],[-64.75084,-27.66887],[-64.7669,-27.71977],[-64.81693,-27.71123],[-64.80994,-27.6726],[-64.95961,-27.73538],[-65.08724,-27.89102],[-65.15457,-27.86611],[-65.1874,-27.91515],[-65.11447,-28.24148]]]}},{"type":"Feature","properties":{"gid":"ARG.22.13_1","name2":"Jiménez","engtype2":"Department","type2":"Departamento","provZh":"圣地亚哥-德尔埃斯特罗省"},"geometry":{"type":"Polygon","coordinates":[[[-63.67075,-26.5319],[-63.79638,-26.52366],[-63.83353,-26.698],[-63.8937,-26.70593],[-63.90833,-26.7723],[-64.03082,-26.7729],[-64.15936,-26.73119],[-64.16485,-26.75839],[-64.21111,-26.75295],[-64.20443,-26.71334],[-64.29133,-26.69947],[-64.30898,-26.59472],[-64.45145,-26.5931],[-64.45207,-26.566],[-64.51271,-26.55229],[-64.50136,-26.68371],[-64.59479,-26.66455],[-64.62287,-26.79807],[-64.67715,-26.79052],[-64.68801,-26.83508],[-64.72594,-26.82991],[-64.80093,-27.14592],[-64.75154,-27.22435],[-64.5693,-27.31468],[-64.58559,-27.33803],[-64.52417,-27.38342],[-64.48213,-27.2788],[-64.44975,-27.28071],[-64.44628,-27.18839],[-64.19404,-27.2206],[-64.19033,-27.1342],[-64.1118,-27.1349],[-64.10818,-27.10021],[-64.04138,-27.09968],[-64.03893,-27.05583],[-64.00666,-27.05557],[-64.00493,-26.92764],[-63.91665,-26.92804],[-63.91605,-26.95913],[-63.72427,-26.9447],[-63.67075,-26.5319]]]}},{"type":"Feature","properties":{"gid":"ARG.22.14_1","name2":"Juan Felipe Ibarra","engtype2":"Department","type2":"Departamento","provZh":"圣地亚哥-德尔埃斯特罗省"},"geometry":{"type":"Polygon","coordinates":[[[-61.71643,-27.8123],[-62.24102,-27.81444],[-62.24288,-27.83917],[-62.69148,-27.81505],[-62.6949,-27.84043],[-62.88943,-27.8397],[-62.89009,-27.80021],[-62.95294,-27.80078],[-62.95547,-27.76518],[-63.27729,-27.74389],[-63.28987,-27.77459],[-63.52482,-27.80247],[-63.38636,-28.04334],[-63.30272,-28.09156],[-63.26672,-28.17939],[-63.19065,-28.19838],[-63.11974,-28.27903],[-63.12124,-28.33957],[-61.87655,-28.33562],[-61.88068,-28.36659],[-61.77842,-28.36653],[-61.71643,-27.8123]]]}},{"type":"Feature","properties":{"gid":"ARG.22.15_1","name2":"Loreto","engtype2":"Department","type2":"Departamento","provZh":"圣地亚哥-德尔埃斯特罗省"},"geometry":{"type":"Polygon","coordinates":[[[-63.86948,-28.41198],[-64.05295,-28.35096],[-64.08279,-28.25224],[-64.23705,-28.32885],[-64.41958,-28.30897],[-64.43473,-28.37062],[-64.50806,-28.35885],[-64.5183,-28.4064],[-64.48141,-28.4335],[-64.55067,-28.42139],[-64.58437,-28.48816],[-64.58959,-28.54797],[-64.54821,-28.55846],[-64.59881,-28.68038],[-64.56881,-28.68723],[-64.57463,-28.72152],[-64.50997,-28.73243],[-64.55056,-28.7928],[-64.58899,-29.00132],[-64.24138,-29.00489],[-64.18755,-28.7984],[-64.23215,-28.79153],[-64.20119,-28.68703],[-64.0909,-28.71422],[-64.12222,-28.6777],[-64.11032,-28.62321],[-64.07278,-28.62837],[-64.05151,-28.523],[-63.86948,-28.41198]]]}},{"type":"Feature","properties":{"gid":"ARG.22.16_1","name2":"Mitre","engtype2":"Department","type2":"Departamento","provZh":"圣地亚哥-德尔埃斯特罗省"},"geometry":{"type":"Polygon","coordinates":[[[-62.65831,-30.03459],[-62.45394,-30.03345],[-62.44587,-29.61441],[-62.62662,-29.61601],[-62.62689,-29.38264],[-62.76513,-29.38282],[-62.76501,-29.32288],[-62.91648,-29.30453],[-62.91478,-29.21933],[-63.04753,-29.22075],[-63.18942,-29.32141],[-63.14936,-29.34715],[-63.1383,-29.43814],[-62.97425,-29.63663],[-62.86038,-29.71211],[-62.87436,-29.77723],[-62.78357,-29.81477],[-62.81038,-29.83422],[-62.79901,-29.87719],[-62.65831,-30.03459]]]}},{"type":"Feature","properties":{"gid":"ARG.22.17_1","name2":"Moreno","engtype2":"Department","type2":"Departamento","provZh":"圣地亚哥-德尔埃斯特罗省"},"geometry":{"type":"Polygon","coordinates":[[[-61.71333,-26.79024],[-62.50015,-26.80406],[-62.50254,-26.84489],[-63.2491,-26.81277],[-63.24775,-26.87134],[-63.21843,-26.87299],[-63.22077,-26.91335],[-63.24732,-26.91353],[-63.24648,-27.13514],[-63.22215,-27.13498],[-63.22192,-27.17651],[-63.27126,-27.33675],[-63.21886,-27.35055],[-63.25652,-27.5626],[-63.20411,-27.57444],[-63.22515,-27.67655],[-63.17806,-27.68491],[-63.19569,-27.75797],[-62.95547,-27.76518],[-62.95294,-27.80078],[-62.89009,-27.80021],[-62.88943,-27.8397],[-62.6949,-27.84043],[-62.69148,-27.81505],[-62.24288,-27.83917],[-62.24102,-27.81444],[-61.71643,-27.8123],[-61.71333,-26.79024]]]}},{"type":"Feature","properties":{"gid":"ARG.22.18_1","name2":"Ojo de Agua","engtype2":"Department","type2":"Departamento","provZh":"圣地亚哥-德尔埃斯特罗省"},"geometry":{"type":"Polygon","coordinates":[[[-63.27002,-29.78126],[-63.28857,-29.68424],[-63.34664,-29.66323],[-63.32307,-29.57378],[-63.53476,-29.52711],[-63.55984,-29.45942],[-63.65993,-29.42558],[-63.65562,-29.35499],[-63.67958,-29.35175],[-63.79645,-29.0661],[-63.76662,-28.93001],[-64.01501,-28.90581],[-64.18931,-28.80514],[-64.24138,-29.00489],[-64.53136,-29.00196],[-64.55717,-29.53253],[-64.33191,-29.50332],[-63.97711,-29.54603],[-63.96255,-29.61723],[-63.89259,-29.61766],[-63.86525,-29.56977],[-63.80717,-29.57],[-63.77286,-29.64112],[-63.72277,-29.66338],[-63.46912,-29.66339],[-63.48328,-29.72275],[-63.45231,-29.72373],[-63.45188,-29.77591],[-63.27002,-29.78126]]]}},{"type":"Feature","properties":{"gid":"ARG.22.19_1","name2":"Pellegrini","engtype2":"Department","type2":"Departamento","provZh":"圣地亚哥-德尔埃斯特罗省"},"geometry":{"type":"Polygon","coordinates":[[[-64.21484,-25.73128],[-64.2873,-25.72024],[-64.45355,-26.07386],[-64.42913,-26.10483],[-64.49355,-26.23354],[-64.47826,-26.31983],[-64.52034,-26.35734],[-64.53005,-26.42145],[-64.51271,-26.55229],[-64.45207,-26.566],[-64.45145,-26.5931],[-64.30898,-26.59472],[-64.29133,-26.69947],[-64.20443,-26.71334],[-64.21111,-26.75295],[-64.16485,-26.75839],[-64.15936,-26.73119],[-64.03082,-26.7729],[-63.90833,-26.7723],[-63.8937,-26.70593],[-63.83353,-26.698],[-63.79638,-26.52366],[-63.67075,-26.5319],[-63.7845,-26.29677],[-63.76252,-26.02419],[-63.83953,-25.93054],[-63.85113,-25.8607],[-63.93583,-25.80459],[-63.95662,-25.70684],[-64.02916,-25.69604],[-64.04442,-25.76234],[-64.21484,-25.73128]]]}},{"type":"Feature","properties":{"gid":"ARG.22.20_1","name2":"Quebrachos","engtype2":"Department","type2":"Departamento","provZh":"圣地亚哥-德尔埃斯特罗省"},"geometry":{"type":"Polygon","coordinates":[[[-62.83572,-29.81108],[-62.87799,-29.77077],[-62.86038,-29.71211],[-63.05825,-29.54736],[-63.1383,-29.43814],[-63.15012,-29.34562],[-63.34378,-29.14631],[-63.62408,-28.93698],[-63.76662,-28.93001],[-63.79645,-29.0661],[-63.67958,-29.35175],[-63.65562,-29.35499],[-63.65993,-29.42558],[-63.55984,-29.45942],[-63.53476,-29.52711],[-63.32307,-29.57378],[-63.34664,-29.66323],[-63.28857,-29.68424],[-63.27002,-29.78126],[-62.83572,-29.81108]]]}},{"type":"Feature","properties":{"gid":"ARG.22.21_1","name2":"Rió Hondo","engtype2":"Department","type2":"Departamento","provZh":"圣地亚哥-德尔埃斯特罗省"},"geometry":{"type":"Polygon","coordinates":[[[-64.61678,-27.30148],[-64.75115,-27.22468],[-64.80721,-27.14632],[-64.87576,-27.31116],[-64.94675,-27.3479],[-64.99435,-27.33625],[-65.04084,-27.48742],[-64.96686,-27.55323],[-65.04262,-27.5895],[-64.9659,-27.74667],[-64.80994,-27.6726],[-64.81693,-27.71123],[-64.7669,-27.71977],[-64.75084,-27.66887],[-64.549,-27.68296],[-64.51987,-27.71327],[-64.43741,-27.61573],[-64.52269,-27.51867],[-64.62795,-27.46722],[-64.61678,-27.30148]]]}},{"type":"Feature","properties":{"gid":"ARG.22.22_1","name2":"Rivadavia","engtype2":"Department","type2":"Departamento","provZh":"圣地亚哥-德尔埃斯特罗省"},"geometry":{"type":"Polygon","coordinates":[[[-62.522,-30.32632],[-62.1773,-30.33038],[-62.12615,-30.47898],[-61.99758,-29.67893],[-62.45104,-29.6834],[-62.45394,-30.03345],[-62.65831,-30.03459],[-62.55992,-30.08235],[-62.58796,-30.24354],[-62.522,-30.32632]]]}},{"type":"Feature","properties":{"gid":"ARG.22.23_1","name2":"Robles","engtype2":"Department","type2":"Departamento","provZh":"圣地亚哥-德尔埃斯特罗省"},"geometry":{"type":"Polygon","coordinates":[[[-64.22671,-27.81527],[-64.1731,-27.94792],[-64.12592,-27.97068],[-64.13576,-28.00088],[-64.07262,-27.98819],[-64.06877,-28.01307],[-63.95118,-28.05427],[-63.95184,-27.9835],[-63.7837,-28.01894],[-63.72012,-27.99876],[-63.68541,-27.84265],[-63.6933,-27.77107],[-63.84347,-27.75525],[-63.84547,-27.70733],[-63.89307,-27.68627],[-63.94742,-27.71523],[-63.95288,-27.7589],[-64.11325,-27.76739],[-64.22671,-27.81527]]]}},{"type":"Feature","properties":{"gid":"ARG.22.24_1","name2":"Salavina","engtype2":"Department","type2":"Departamento","provZh":"圣地亚哥-德尔埃斯特罗省"},"geometry":{"type":"Polygon","coordinates":[[[-63.09406,-28.90356],[-63.09352,-28.82871],[-63.14159,-28.82759],[-63.13907,-28.77345],[-63.26074,-28.76015],[-63.24728,-28.65951],[-63.33499,-28.65951],[-63.37612,-28.59712],[-63.4823,-28.58529],[-63.48342,-28.61214],[-63.53334,-28.60811],[-63.6232,-28.69526],[-63.57619,-28.74114],[-63.67871,-28.79908],[-63.66661,-28.81642],[-63.78882,-28.9169],[-63.64913,-28.92997],[-63.56917,-28.97222],[-63.34378,-29.14631],[-63.18942,-29.32141],[-63.0058,-29.22032],[-63.00491,-28.9882],[-63.09468,-28.98754],[-63.09406,-28.90356]]]}},{"type":"Feature","properties":{"gid":"ARG.22.25_1","name2":"San Martín","engtype2":"Department","type2":"Departamento","provZh":"圣地亚哥-德尔埃斯特罗省"},"geometry":{"type":"Polygon","coordinates":[[[-63.78863,-28.43538],[-63.72165,-28.38332],[-63.73066,-28.35254],[-63.66073,-28.356],[-63.6536,-28.31416],[-63.58676,-28.28161],[-63.61142,-28.21465],[-63.6445,-28.21098],[-63.63693,-28.16441],[-63.68287,-28.15867],[-63.66764,-28.06779],[-63.75566,-28.00728],[-63.95184,-27.9835],[-63.95118,-28.05427],[-64.06877,-28.01307],[-64.07262,-27.98819],[-64.13576,-28.00088],[-64.05295,-28.35096],[-63.78863,-28.43538]]]}},{"type":"Feature","properties":{"gid":"ARG.22.26_1","name2":"Sarmiento","engtype2":"Department","type2":"Departamento","provZh":"圣地亚哥-德尔埃斯特罗省"},"geometry":{"type":"Polygon","coordinates":[[[-63.11551,-28.31012],[-63.1785,-28.20808],[-63.26672,-28.17939],[-63.30272,-28.09156],[-63.38636,-28.04334],[-63.50452,-27.8631],[-63.58027,-27.8774],[-63.68556,-27.84133],[-63.72012,-27.99876],[-63.75566,-28.00728],[-63.66764,-28.06779],[-63.68287,-28.15867],[-63.63693,-28.16441],[-63.61847,-28.24853],[-63.54219,-28.27105],[-63.46626,-28.22433],[-63.37626,-28.32321],[-63.26276,-28.34184],[-63.26166,-28.30871],[-63.11551,-28.31012]]]}},{"type":"Feature","properties":{"gid":"ARG.22.27_1","name2":"Silípica","engtype2":"Department","type2":"Departamento","provZh":"圣地亚哥-德尔埃斯特罗省"},"geometry":{"type":"Polygon","coordinates":[[[-64.54182,-28.20824],[-64.56853,-28.34911],[-64.43473,-28.37062],[-64.41958,-28.30897],[-64.2739,-28.33616],[-64.08279,-28.25224],[-64.08652,-28.1288],[-64.13581,-27.99992],[-64.23539,-28.01716],[-64.26128,-28.12232],[-64.42487,-28.09409],[-64.41804,-28.14978],[-64.45259,-28.14426],[-64.4734,-28.22173],[-64.54182,-28.20824]]]}},{"type":"Feature","properties":{"gid":"ARG.23.1_1","name2":"Rió Grande","engtype2":"Department","type2":"Departamento","provZh":"火地岛省"},"geometry":{"type":"Polygon","coordinates":[[[-68.60807,-54.41735],[-68.60635,-54.55456],[-66.64448,-54.55674],[-66.29754,-54.51014],[-66.46972,-54.47736],[-66.73639,-54.2593],[-67.32195,-54.04653],[-67.33361,-54.01569],[-67.55527,-53.91153],[-67.57917,-53.86264],[-67.54916,-53.83903],[-67.67528,-53.78736],[-67.77917,-53.83403],[-67.68083,-53.79792],[-67.99028,-53.58458],[-68.1275,-53.33764],[-68.20528,-53.30708],[-68.38416,-53.31264],[-68.4975,-53.27097],[-68.51083,-53.17625],[-68.30527,-53.05819],[-68.25139,-53.0643],[-68.20084,-53.13986],[-68.28528,-52.95486],[-68.61059,-52.65347],[-68.60807,-54.41735]]]}},{"type":"Feature","properties":{"gid":"ARG.23.2_1","name2":"Ushuaia","engtype2":"Department","type2":"Departamento","provZh":"火地岛省"},"geometry":{"type":"MultiPolygon","coordinates":[[[[-67.4349,-54.89296],[-67.53813,-54.88515],[-67.49201,-54.91653],[-67.41365,-54.91255],[-67.4349,-54.89296]]],[[[-67.49435,-54.55868],[-68.60635,-54.55456],[-68.61051,-54.89431],[-68.49861,-54.86736],[-68.57139,-54.84847],[-68.26361,-54.84208],[-68.31917,-54.81125],[-68.2475,-54.79514],[-67.69305,-54.88736],[-67.50417,-54.8543],[-67.40972,-54.8893],[-67.27695,-54.87014],[-66.77138,-54.9593],[-66.64917,-55.02819],[-66.4525,-55.05819],[-66.31028,-54.99236],[-66.00027,-54.97208],[-65.99972,-54.99986],[-65.95639,-54.94181],[-65.99805,-54.91875],[-65.98194,-54.90319],[-65.74028,-54.90486],[-65.71806,-54.97014],[-65.6525,-54.97347],[-65.42973,-54.88514],[-65.42028,-54.93819],[-65.38194,-54.94208],[-65.22139,-54.81847],[-65.26472,-54.79403],[-65.20472,-54.78042],[-65.22083,-54.74542],[-65.19361,-54.69569],[-65.11639,-54.65819],[-65.24361,-54.64736],[-65.2325,-54.61903],[-65.43139,-54.66264],[-65.43361,-54.64208],[-65.52583,-54.66597],[-65.80361,-54.65208],[-66.29694,-54.51014],[-66.64448,-54.55674],[-67.49435,-54.55868]]],[[[-64.3375,-54.70958],[-64.37694,-54.75264],[-64.36861,-54.8107],[-64.39139,-54.74847],[-64.41361,-54.77375],[-64.48527,-54.76514],[-64.54528,-54.72458],[-64.50806,-54.79708],[-64.58916,-54.82014],[-64.6875,-54.77958],[-64.67472,-54.79986],[-64.70972,-54.79097],[-64.75694,-54.83736],[-64.73972,-54.85958],[-64.65861,-54.84653],[-64.68417,-54.86097],[-64.64528,-54.88847],[-64.7025,-54.91542],[-64.60694,-54.91042],[-64.46694,-54.82431],[-64.44472,-54.83931],[-64.48583,-54.84792],[-64.48527,-54.87625],[-64.23417,-54.78208],[-64.22195,-54.85847],[-64.20084,-54.82903],[-64.12028,-54.8143],[-64.11083,-54.83736],[-64.05861,-54.77958],[-64.0325,-54.80847],[-63.95417,-54.76736],[-63.95361,-54.81375],[-63.84139,-54.79042],[-63.79417,-54.72625],[-63.88194,-54.75458],[-63.85528,-54.7332],[-63.87528,-54.71764],[-63.9375,-54.72486],[-64.04861,-54.77764],[-64.0475,-54.73014],[-64.10861,-54.76375],[-64.15083,-54.73041],[-64.14584,-54.76986],[-64.21639,-54.73347],[-64.32416,-54.73542],[-64.3375,-54.70958]]],[[[-64.12946,-54.64597],[-64.16361,-54.65181],[-64.10861,-54.65097],[-64.12946,-54.64597]]]]}},{"type":"Feature","properties":{"gid":"ARG.24.1_1","name2":"Burruyacú","engtype2":"Department","type2":"Departamento","provZh":"图库曼省"},"geometry":{"type":"Polygon","coordinates":[[[-64.99608,-26.23921],[-65.10625,-26.40331],[-65.12428,-26.51646],[-65.17375,-26.55728],[-65.19488,-26.64423],[-65.16995,-26.76794],[-64.9618,-26.81495],[-64.95288,-26.77656],[-64.8943,-26.78544],[-64.90083,-26.81258],[-64.73447,-26.87439],[-64.67715,-26.79052],[-64.62287,-26.79807],[-64.59479,-26.66455],[-64.50136,-26.68371],[-64.53005,-26.42145],[-64.52034,-26.35734],[-64.47826,-26.31983],[-64.49398,-26.23205],[-64.78664,-26.20383],[-64.94484,-26.28291],[-64.96236,-26.24089],[-64.99608,-26.23921]]]}},{"type":"Feature","properties":{"gid":"ARG.24.2_1","name2":"Capital","engtype2":"Department","type2":"Departamento","provZh":"图库曼省"},"geometry":{"type":"Polygon","coordinates":[[[-65.16566,-26.80793],[-65.25692,-26.79288],[-65.27561,-26.86847],[-65.21792,-26.91239],[-65.16566,-26.80793]]]}},{"type":"Feature","properties":{"gid":"ARG.24.3_1","name2":"Chicligasta","engtype2":"Department","type2":"Departamento","provZh":"图库曼省"},"geometry":{"type":"Polygon","coordinates":[[[-65.9704,-27.38046],[-65.77796,-27.33941],[-65.71124,-27.3514],[-65.66593,-27.39767],[-65.47236,-27.43696],[-65.46349,-27.31746],[-65.69315,-27.19638],[-65.78984,-27.18858],[-65.80883,-27.13276],[-65.97527,-27.05206],[-66.14672,-27.24315],[-65.99551,-27.30484],[-65.9704,-27.38046]]]}},{"type":"Feature","properties":{"gid":"ARG.24.4_1","name2":"Cruz Alta","engtype2":"Department","type2":"Departamento","provZh":"图库曼省"},"geometry":{"type":"Polygon","coordinates":[[[-64.73447,-26.87439],[-64.90083,-26.81258],[-64.8943,-26.78544],[-64.95288,-26.77656],[-64.9618,-26.81495],[-65.1516,-26.75819],[-65.25083,-26.99959],[-64.77988,-27.06933],[-64.73447,-26.87439]]]}},{"type":"Feature","properties":{"gid":"ARG.24.5_1","name2":"Famaillá","engtype2":"Department","type2":"Departamento","provZh":"图库曼省"},"geometry":{"type":"Polygon","coordinates":[[[-65.61842,-26.83972],[-65.63447,-26.89007],[-65.57659,-26.90873],[-65.48306,-27.02263],[-65.46291,-27.10356],[-65.42137,-27.12883],[-65.38635,-27.08678],[-65.34425,-27.10326],[-65.3257,-27.03903],[-65.37669,-26.96548],[-65.51725,-26.84784],[-65.61842,-26.83972]]]}},{"type":"Feature","properties":{"gid":"ARG.24.6_1","name2":"Graneros","engtype2":"Department","type2":"Departamento","provZh":"图库曼省"},"geometry":{"type":"Polygon","coordinates":[[[-65.18338,-27.93549],[-65.15457,-27.86611],[-65.09345,-27.89082],[-65.04936,-27.87221],[-65.01435,-27.77123],[-64.95956,-27.75962],[-65.03021,-27.57393],[-65.17001,-27.57902],[-65.36089,-27.52056],[-65.52444,-27.53493],[-65.52137,-27.72555],[-65.47195,-27.73487],[-65.48183,-27.7782],[-65.42702,-27.78759],[-65.44623,-27.88166],[-65.36756,-27.84114],[-65.18338,-27.93549]]]}},{"type":"Feature","properties":{"gid":"ARG.24.7_1","name2":"Juan B. Alberdi","engtype2":"Department","type2":"Departamento","provZh":"图库曼省"},"geometry":{"type":"Polygon","coordinates":[[[-65.7814,-27.7855],[-65.75189,-27.7761],[-65.74707,-27.60815],[-65.54288,-27.61173],[-65.52444,-27.53493],[-65.61033,-27.50628],[-65.83239,-27.53637],[-65.97125,-27.41975],[-65.96878,-27.5462],[-65.92016,-27.66777],[-65.86594,-27.68258],[-65.81552,-27.85879],[-65.7814,-27.7855]]]}},{"type":"Feature","properties":{"gid":"ARG.24.8_1","name2":"La Cocha","engtype2":"Department","type2":"Departamento","provZh":"图库曼省"},"geometry":{"type":"Polygon","coordinates":[[[-65.54385,-28.00125],[-65.44623,-27.88166],[-65.42702,-27.78759],[-65.48183,-27.7782],[-65.47195,-27.73487],[-65.52137,-27.72555],[-65.51973,-27.60398],[-65.683,-27.62306],[-65.73426,-27.59775],[-65.7612,-27.641],[-65.75189,-27.7761],[-65.70119,-27.83031],[-65.6601,-27.95958],[-65.54385,-28.00125]]]}},{"type":"Feature","properties":{"gid":"ARG.24.9_1","name2":"Leales","engtype2":"Department","type2":"Departamento","provZh":"图库曼省"},"geometry":{"type":"Polygon","coordinates":[[[-64.77988,-27.06933],[-65.25083,-26.99959],[-65.26091,-27.01994],[-65.29575,-26.92553],[-65.34425,-27.10326],[-65.38635,-27.08678],[-65.42172,-27.11244],[-65.21487,-27.35628],[-65.03551,-27.47247],[-64.99435,-27.33625],[-64.94675,-27.3479],[-64.87576,-27.31116],[-64.77988,-27.06933]]]}},{"type":"Feature","properties":{"gid":"ARG.24.10_1","name2":"Lules","engtype2":"Department","type2":"Departamento","provZh":"图库曼省"},"geometry":{"type":"Polygon","coordinates":[[[-65.27691,-26.84707],[-65.43192,-26.83771],[-65.45279,-26.77903],[-65.50865,-26.7543],[-65.6456,-26.75775],[-65.65454,-26.83194],[-65.51725,-26.84784],[-65.33623,-27.01974],[-65.29575,-26.92553],[-65.26091,-27.01994],[-65.22179,-26.95272],[-65.23453,-26.87983],[-65.27691,-26.84707]]]}},{"type":"Feature","properties":{"gid":"ARG.24.11_1","name2":"Monteros","engtype2":"Department","type2":"Departamento","provZh":"图库曼省"},"geometry":{"type":"Polygon","coordinates":[[[-65.97527,-27.05206],[-65.80883,-27.13276],[-65.78793,-27.18954],[-65.70898,-27.19061],[-65.49653,-27.29185],[-65.47025,-27.29633],[-65.4073,-27.17212],[-65.36189,-27.17515],[-65.46291,-27.10356],[-65.48306,-27.02263],[-65.57659,-26.90873],[-65.63447,-26.89007],[-65.64517,-26.94342],[-65.76553,-27.04257],[-65.77468,-27.09541],[-65.88711,-26.95435],[-65.97527,-27.05206]]]}},{"type":"Feature","properties":{"gid":"ARG.24.12_1","name2":"Rió Chico","engtype2":"Department","type2":"Departamento","provZh":"图库曼省"},"geometry":{"type":"Polygon","coordinates":[[[-65.97125,-27.41975],[-65.83239,-27.53637],[-65.61033,-27.50628],[-65.55347,-27.53599],[-65.5395,-27.4776],[-65.56423,-27.47396],[-65.56234,-27.41439],[-65.66593,-27.39767],[-65.72297,-27.34671],[-65.89902,-27.35158],[-65.9704,-27.38046],[-65.97125,-27.41975]]]}},{"type":"Feature","properties":{"gid":"ARG.24.13_1","name2":"Simoca","engtype2":"Department","type2":"Departamento","provZh":"图库曼省"},"geometry":{"type":"Polygon","coordinates":[[[-65.03551,-27.47247],[-65.21487,-27.35628],[-65.36189,-27.17515],[-65.4073,-27.17212],[-65.45506,-27.22986],[-65.47236,-27.43696],[-65.5524,-27.42342],[-65.56423,-27.47396],[-65.53963,-27.47557],[-65.55254,-27.53618],[-65.36308,-27.5204],[-65.17001,-27.57902],[-64.97784,-27.57068],[-64.97435,-27.52007],[-65.03551,-27.47247]]]}},{"type":"Feature","properties":{"gid":"ARG.24.14_1","name2":"Tafí del Valle","engtype2":"Department","type2":"Departamento","provZh":"图库曼省"},"geometry":{"type":"Polygon","coordinates":[[[-65.88711,-26.95435],[-65.77662,-27.09554],[-65.76553,-27.04257],[-65.64419,-26.94174],[-65.61793,-26.82695],[-65.65454,-26.83194],[-65.64651,-26.75557],[-65.70041,-26.73308],[-65.74366,-26.66081],[-65.70567,-26.53476],[-65.71092,-26.35651],[-66.08385,-26.21812],[-66.10327,-26.3955],[-66.14877,-26.40432],[-66.16235,-26.58755],[-66.06068,-26.61469],[-65.86076,-26.74857],[-65.89796,-26.83554],[-65.8576,-26.90501],[-65.88711,-26.95435]]]}},{"type":"Feature","properties":{"gid":"ARG.24.15_1","name2":"Tafí Viejo","engtype2":"Department","type2":"Departamento","provZh":"图库曼省"},"geometry":{"type":"Polygon","coordinates":[[[-65.16742,-26.5454],[-65.22771,-26.54723],[-65.23418,-26.60385],[-65.38414,-26.62676],[-65.45466,-26.58258],[-65.47661,-26.60221],[-65.47265,-26.52204],[-65.61335,-26.5558],[-65.69835,-26.5271],[-65.74242,-26.66848],[-65.70041,-26.73308],[-65.48445,-26.76071],[-65.43294,-26.81029],[-65.42363,-26.73769],[-65.40121,-26.78171],[-65.35254,-26.77296],[-65.35779,-26.7386],[-65.16566,-26.80793],[-65.19488,-26.64423],[-65.16742,-26.5454]]]}},{"type":"Feature","properties":{"gid":"ARG.24.16_1","name2":"Trancas","engtype2":"Department","type2":"Departamento","provZh":"图库曼省"},"geometry":{"type":"Polygon","coordinates":[[[-65.71092,-26.35651],[-65.70666,-26.52918],[-65.61117,-26.55574],[-65.47265,-26.52204],[-65.47485,-26.60333],[-65.45685,-26.58224],[-65.38623,-26.62646],[-65.26191,-26.6109],[-65.23418,-26.60385],[-65.22271,-26.54336],[-65.12428,-26.51646],[-65.10625,-26.40331],[-64.99608,-26.23921],[-65.26237,-26.19309],[-65.31987,-26.07388],[-65.42883,-26.11033],[-65.53947,-26.08887],[-65.5957,-26.12423],[-65.67351,-26.11828],[-65.71092,-26.35651]]]}},{"type":"Feature","properties":{"gid":"ARG.24.17_1","name2":"Yerba Buena","engtype2":"Department","type2":"Departamento","provZh":"图库曼省"},"geometry":{"type":"Polygon","coordinates":[[[-65.25692,-26.79288],[-65.26714,-26.75669],[-65.35779,-26.7386],[-65.35254,-26.77296],[-65.40121,-26.78171],[-65.42363,-26.73769],[-65.43581,-26.83287],[-65.27691,-26.84707],[-65.25692,-26.79288]]]}}]}