{"type":"FeatureCollection","features":[{"type":"Feature","properties":{"gid":"KOR.1.1_2","provZh":"釜山广域市","name2":"Buk","type2":"Gu","engtype2":"District"},"geometry":{"type":"Polygon","coordinates":[[[129.0256,35.1917],[129.0441,35.1994],[129.0618,35.2258],[129.0605,35.2298],[129.0443,35.2307],[129.0504,35.2412],[129.0456,35.2473],[129.0485,35.2553],[129.0366,35.2607],[129.0466,35.2748],[129.0135,35.2738],[128.9968,35.2361],[128.9939,35.2081],[128.9877,35.2015],[128.9879,35.1959],[129.001,35.19],[129.0211,35.1875],[129.0256,35.1917]]]}},{"type":"Feature","properties":{"gid":"KOR.1.2_2","provZh":"釜山广域市","name2":"Busanjin","type2":"Gu","engtype2":"District"},"geometry":{"type":"Polygon","coordinates":[[[129.0332,35.1371],[129.0411,35.1462],[129.0645,35.1414],[129.063,35.1487],[129.0787,35.1505],[129.0841,35.1608],[129.0844,35.1797],[129.0626,35.1774],[129.0615,35.1835],[129.0513,35.1849],[129.0441,35.1994],[129.0255,35.1941],[129.0106,35.1736],[129.0106,35.1587],[129.0167,35.1528],[129.0122,35.1375],[129.0332,35.1371]]]}},{"type":"Feature","properties":{"gid":"KOR.1.3_2","provZh":"釜山广域市","name2":"Dong","type2":"Gu","engtype2":"District"},"geometry":{"type":"Polygon","coordinates":[[[129.0365,35.1129],[129.0461,35.1077],[129.0508,35.1125],[129.0473,35.1166],[129.0544,35.115],[129.0487,35.1207],[129.0546,35.1258],[129.0523,35.1205],[129.0561,35.118],[129.0648,35.1272],[129.0645,35.1414],[129.0411,35.1462],[129.0384,35.1397],[129.0256,35.1357],[129.0246,35.1179],[129.0365,35.1129]]]}},{"type":"Feature","properties":{"gid":"KOR.1.4_2","provZh":"釜山广域市","name2":"Dongnae","type2":"Gu","engtype2":"District"},"geometry":{"type":"Polygon","coordinates":[[[129.116,35.2011],[129.1102,35.2101],[129.0839,35.2172],[129.0873,35.2219],[129.082,35.2243],[129.0618,35.2258],[129.0441,35.1994],[129.0608,35.1916],[129.0806,35.1994],[129.0874,35.1937],[129.1118,35.1889],[129.1151,35.1837],[129.116,35.2011]]]}},{"type":"Feature","properties":{"gid":"KOR.1.5_2","provZh":"釜山广域市","name2":"Gangseo","type2":"Gu","engtype2":"District"},"geometry":{"type":"MultiPolygon","coordinates":[[[[128.7742,35.0148],[128.7654,35.0121],[128.7763,35.0107],[128.7742,35.0148]]],[[[128.846,35.0581],[128.8384,35.0537],[128.8327,35.0578],[128.8352,35.0864],[128.8287,35.09],[128.8115,35.083],[128.8115,35.0776],[128.8324,35.0776],[128.8324,35.0713],[128.805,35.0668],[128.8059,35.0615],[128.7909,35.0616],[128.791,35.0534],[128.8033,35.0554],[128.7969,35.0539],[128.7975,35.0493],[128.8124,35.0397],[128.8075,35.0317],[128.8154,35.0265],[128.8048,35.0241],[128.8062,35.0212],[128.8272,35.0136],[128.8201,35.0092],[128.8232,35.0046],[128.8182,35.0043],[128.8218,34.9946],[128.8302,34.9946],[128.8279,34.9886],[128.8399,34.9975],[128.841,35.0069],[128.8344,35.012],[128.8512,35.042],[128.846,35.0581]]],[[[128.8463,35.0636],[128.8464,35.0603],[128.8586,35.0641],[128.8375,35.0748],[128.8368,35.0674],[128.8463,35.0636]]],[[[128.906,35.0588],[128.886,35.0633],[128.9168,35.0516],[128.9197,35.0546],[128.906,35.0588]]],[[[128.9105,35.062],[128.9052,35.0621],[128.9169,35.0562],[128.92,35.0613],[128.9105,35.062]]],[[[128.8719,35.0713],[128.8578,35.0687],[128.8741,35.0638],[128.8859,35.0661],[128.8719,35.0713]]],[[[128.9001,35.1196],[128.9056,35.1181],[128.9006,35.1114],[128.8952,35.0789],[128.9112,35.0789],[128.9132,35.0876],[128.9302,35.0927],[128.9327,35.1101],[128.9596,35.1366],[128.9633,35.1836],[128.9932,35.2067],[128.9968,35.2361],[128.9736,35.2274],[128.9407,35.2275],[128.9201,35.2164],[128.9093,35.2229],[128.905,35.2201],[128.9084,35.2168],[128.879,35.21],[128.8704,35.2016],[128.8817,35.1822],[128.8811,35.1718],[128.8724,35.1723],[128.8814,35.1613],[128.8744,35.1586],[128.8753,35.1512],[128.8652,35.1582],[128.8721,35.1626],[128.8674,35.1677],[128.8463,35.1647],[128.8429,35.158],[128.8275,35.1556],[128.816,35.1602],[128.7937,35.1572],[128.8021,35.1419],[128.8067,35.1425],[128.8154,35.1326],[128.833,35.1299],[128.8378,35.124],[128.8417,35.106],[128.8236,35.102],[128.8207,35.097],[128.8389,35.0821],[128.8682,35.0832],[128.8708,35.0887],[128.8692,35.0814],[128.8842,35.0793],[128.8899,35.109],[128.9001,35.1196]]],[[[128.9226,35.0765],[128.9154,35.0778],[128.922,35.0767],[128.9031,35.0709],[128.9226,35.0765]]]]}},{"type":"Feature","properties":{"gid":"KOR.1.6_2","provZh":"釜山广域市","name2":"Geumjeong","type2":"Gu","engtype2":"District"},"geometry":{"type":"Polygon","coordinates":[[[129.0926,35.2163],[129.1051,35.2103],[129.1192,35.2144],[129.1175,35.224],[129.127,35.2271],[129.1446,35.2509],[129.1383,35.2543],[129.1393,35.2605],[129.1213,35.2636],[129.1295,35.2983],[129.1062,35.3065],[129.0884,35.3026],[129.0743,35.2908],[129.0584,35.2948],[129.0424,35.264],[129.0366,35.2607],[129.0485,35.2553],[129.0456,35.2473],[129.0504,35.2412],[129.0443,35.2307],[129.0782,35.2258],[129.0873,35.2219],[129.0839,35.2172],[129.0926,35.2163]]]}},{"type":"Feature","properties":{"gid":"KOR.1.7_2","provZh":"釜山广域市","name2":"Gijang","type2":"Gun","engtype2":"County"},"geometry":{"type":"Polygon","coordinates":[[[129.2509,35.2441],[129.2521,35.2602],[129.2391,35.2574],[129.2337,35.2612],[129.2431,35.2642],[129.2456,35.2724],[129.2556,35.2748],[129.262,35.3154],[129.2807,35.3265],[129.2915,35.3181],[129.3019,35.3202],[129.3042,35.3301],[129.3037,35.3222],[129.3058,35.3246],[129.2999,35.336],[129.2797,35.3414],[129.2849,35.3507],[129.2805,35.3562],[129.2822,35.3653],[129.2655,35.3871],[129.2185,35.379],[129.1994,35.389],[129.1936,35.3821],[129.1992,35.376],[129.1988,35.3665],[129.1761,35.3514],[129.1501,35.3639],[129.1182,35.369],[129.1346,35.3515],[129.1271,35.3454],[129.1258,35.3321],[129.1137,35.3202],[129.1086,35.3046],[129.1299,35.2974],[129.122,35.2619],[129.1393,35.2605],[129.1383,35.2543],[129.1564,35.2443],[129.1554,35.2359],[129.169,35.2278],[129.1601,35.2064],[129.1843,35.1972],[129.1832,35.19],[129.1881,35.1893],[129.199,35.1996],[129.2069,35.1969],[129.2084,35.182],[129.2158,35.1873],[129.2234,35.185],[129.2251,35.196],[129.2302,35.1982],[129.222,35.2126],[129.2273,35.2243],[129.2355,35.2183],[129.2393,35.2212],[129.245,35.2314],[129.2431,35.2382],[129.2499,35.2408],[129.2445,35.2443],[129.2509,35.2441]]]}},{"type":"Feature","properties":{"gid":"KOR.1.8_2","provZh":"釜山广域市","name2":"Haeundae","type2":"Gu","engtype2":"District"},"geometry":{"type":"Polygon","coordinates":[[[129.1488,35.1566],[129.1535,35.1578],[129.15,35.1514],[129.1612,35.1586],[129.1814,35.1548],[129.1944,35.1602],[129.1984,35.1768],[129.2084,35.182],[129.2068,35.197],[129.1949,35.1985],[129.1848,35.1895],[129.1843,35.1972],[129.1601,35.2064],[129.169,35.2278],[129.1554,35.2359],[129.1564,35.2443],[129.1446,35.2509],[129.127,35.2271],[129.1175,35.224],[129.1192,35.2144],[129.1102,35.2101],[129.116,35.2011],[129.1147,35.188],[129.126,35.1653],[129.1389,35.1613],[129.1426,35.1545],[129.1488,35.1566]]]}},{"type":"Feature","properties":{"gid":"KOR.1.9_2","provZh":"釜山广域市","name2":"Jung","type2":"Gu","engtype2":"District"},"geometry":{"type":"Polygon","coordinates":[[[129.0343,35.0967],[129.0398,35.1],[129.0382,35.1044],[129.0436,35.1034],[129.0403,35.107],[129.0468,35.1068],[129.0293,35.1163],[129.0215,35.1019],[129.0264,35.0957],[129.0343,35.0967]]]}},{"type":"Feature","properties":{"gid":"KOR.1.10_2","provZh":"釜山广域市","name2":"Nam","type2":"Gu","engtype2":"District"},"geometry":{"type":"Polygon","coordinates":[[[129.1281,35.1118],[129.1224,35.1321],[129.1128,35.125],[129.1178,35.1321],[129.1089,35.1328],[129.1141,35.1358],[129.1022,35.1427],[129.0954,35.1613],[129.0828,35.1582],[129.0787,35.1505],[129.063,35.1487],[129.0653,35.1229],[129.073,35.1222],[129.0695,35.1183],[129.0738,35.1168],[129.0655,35.1091],[129.075,35.1036],[129.0904,35.1036],[129.093,35.1093],[129.0952,35.0939],[129.1051,35.0919],[129.1023,35.0945],[129.1106,35.1007],[129.114,35.0978],[129.1095,35.0915],[129.1145,35.0979],[129.1105,35.1011],[129.1241,35.0993],[129.1281,35.1118]]]}},{"type":"Feature","properties":{"gid":"KOR.1.11_2","provZh":"釜山广域市","name2":"Saha","type2":"Gu","engtype2":"District"},"geometry":{"type":"MultiPolygon","coordinates":[[[[128.9907,34.9808],[128.988,34.9786],[128.994,34.9815],[128.9907,34.9808]]],[[[129.0002,35.0474],[129.007,35.049],[129.0014,35.0484],[128.9977,35.0574],[128.9931,35.0839],[129.0012,35.0798],[129.0035,35.0861],[129.0045,35.0784],[129.0112,35.0768],[129.0144,35.091],[129.0072,35.0995],[129.0105,35.1057],[129.0035,35.1113],[128.9997,35.1233],[128.987,35.1242],[128.977,35.1169],[128.9637,35.1219],[128.9594,35.1177],[128.9594,35.1366],[128.9349,35.1119],[128.9391,35.1087],[128.933,35.0984],[128.9292,35.0741],[128.943,35.0862],[128.9488,35.1071],[128.956,35.1064],[128.9503,35.0818],[128.9526,35.0722],[128.9569,35.0728],[128.9527,35.072],[128.9593,35.0486],[128.9677,35.0435],[128.9648,35.0334],[128.9734,35.0411],[128.9779,35.0398],[128.9698,35.0474],[128.9828,35.0514],[128.9728,35.0569],[128.9846,35.0598],[128.9924,35.0453],[129.0002,35.0474]]],[[[128.9542,35.0561],[128.9444,35.0746],[128.9302,35.0583],[128.9361,35.0505],[128.9287,35.0569],[128.9242,35.0548],[128.9305,35.0491],[128.9564,35.0469],[128.9537,35.0532],[128.9378,35.0543],[128.9502,35.0545],[128.9456,35.0619],[128.9542,35.0561]]]]}},{"type":"Feature","properties":{"gid":"KOR.1.12_2","provZh":"釜山广域市","name2":"Sasang","type2":"Gu","engtype2":"District"},"geometry":{"type":"Polygon","coordinates":[[[128.96,35.1456],[128.9594,35.1177],[128.9637,35.1219],[128.9801,35.1171],[128.987,35.1242],[129.003,35.1255],[129.0043,35.1364],[128.996,35.1404],[129.0122,35.1375],[129.0163,35.1434],[129.0106,35.1736],[129.0211,35.1875],[128.9909,35.1939],[128.9877,35.2015],[128.9663,35.1879],[128.96,35.1456]]]}},{"type":"Feature","properties":{"gid":"KOR.1.13_2","provZh":"釜山广域市","name2":"Seo","type2":"Gu","engtype2":"District"},"geometry":{"type":"Polygon","coordinates":[[[129.0083,35.0782],[129.0045,35.0784],[129.0111,35.063],[129.0106,35.0517],[129.0223,35.0619],[129.0169,35.0743],[129.0246,35.0763],[129.0267,35.0853],[129.0212,35.1032],[129.0281,35.1124],[129.0243,35.1188],[129.0256,35.1357],[128.9985,35.141],[129.0043,35.1364],[128.9988,35.1198],[129.0105,35.1057],[129.0072,35.0995],[129.0142,35.0937],[129.0112,35.0768],[129.0083,35.0782]]]}},{"type":"Feature","properties":{"gid":"KOR.1.14_2","provZh":"釜山广域市","name2":"Suyeong","type2":"Gu","engtype2":"District"},"geometry":{"type":"Polygon","coordinates":[[[129.1029,35.1418],[129.1112,35.1358],[129.1178,35.1404],[129.1151,35.1474],[129.1185,35.1526],[129.1353,35.1556],[129.1151,35.1863],[129.1114,35.1759],[129.1036,35.1809],[129.0971,35.1786],[129.0916,35.1655],[129.1029,35.1418]]]}},{"type":"Feature","properties":{"gid":"KOR.1.15_2","provZh":"釜山广域市","name2":"Yeongdo","type2":"Gu","engtype2":"District"},"geometry":{"type":"Polygon","coordinates":[[[129.0918,35.0798],[129.0834,35.0752],[129.0793,35.0815],[129.0832,35.0858],[129.0793,35.082],[129.0709,35.0939],[129.0614,35.0979],[129.0624,35.104],[129.0489,35.0953],[129.0312,35.0937],[129.0383,35.0817],[129.0646,35.0687],[129.0651,35.0614],[129.0774,35.0603],[129.0863,35.0493],[129.0931,35.0522],[129.0956,35.06],[129.08,35.0714],[129.0947,35.0765],[129.096,35.0804],[129.0918,35.0798]]]}},{"type":"Feature","properties":{"gid":"KOR.1.16_2","provZh":"釜山广域市","name2":"Yeonje","type2":"Gu","engtype2":"District"},"geometry":{"type":"Polygon","coordinates":[[[129.0846,35.1664],[129.0835,35.1585],[129.0954,35.1613],[129.0916,35.1655],[129.0971,35.1786],[129.1036,35.1809],[129.1114,35.1759],[129.1152,35.1836],[129.1126,35.1881],[129.0874,35.1937],[129.0806,35.1994],[129.0623,35.1917],[129.0482,35.1945],[129.0513,35.1849],[129.0615,35.1835],[129.0626,35.1774],[129.0833,35.1808],[129.0846,35.1664]]]}},{"type":"Feature","properties":{"gid":"KOR.2.1_2","provZh":"忠清北道","name2":"Boeun","type2":"Gun","engtype2":"County"},"geometry":{"type":"Polygon","coordinates":[[[127.7591,36.3909],[127.7624,36.3935],[127.7708,36.3875],[127.7898,36.3886],[127.8006,36.3825],[127.8186,36.3816],[127.8326,36.3691],[127.8371,36.3728],[127.882,36.373],[127.8842,36.38],[127.8757,36.3906],[127.8629,36.393],[127.8663,36.3947],[127.8639,36.403],[127.873,36.4059],[127.8827,36.4222],[127.873,36.4243],[127.8721,36.4409],[127.882,36.4618],[127.8784,36.4671],[127.8824,36.4759],[127.8755,36.4857],[127.8805,36.4933],[127.8887,36.4931],[127.9063,36.5069],[127.9025,36.5281],[127.879,36.5347],[127.8705,36.5428],[127.8703,36.5592],[127.8574,36.5696],[127.8302,36.5743],[127.8245,36.5709],[127.8049,36.5814],[127.7985,36.5864],[127.7973,36.6044],[127.7863,36.6138],[127.7695,36.604],[127.7688,36.5942],[127.7459,36.5853],[127.7373,36.5926],[127.7365,36.6],[127.7287,36.6023],[127.7138,36.602],[127.6946,36.5885],[127.6767,36.5967],[127.6686,36.5945],[127.6654,36.6024],[127.654,36.6004],[127.6463,36.6066],[127.6357,36.6002],[127.6302,36.5936],[127.6318,36.5889],[127.6115,36.5693],[127.6172,36.5595],[127.6124,36.5514],[127.5809,36.542],[127.565,36.5306],[127.5727,36.5159],[127.5702,36.4993],[127.5768,36.4905],[127.5562,36.4718],[127.5448,36.4463],[127.5198,36.435],[127.5145,36.4225],[127.5423,36.4193],[127.5456,36.4088],[127.5597,36.3982],[127.5548,36.3928],[127.5799,36.4078],[127.5841,36.4178],[127.6122,36.4034],[127.6313,36.4395],[127.6392,36.436],[127.6447,36.4453],[127.6577,36.438],[127.6658,36.445],[127.6805,36.436],[127.6813,36.4185],[127.7101,36.4138],[127.708,36.4068],[127.719,36.3959],[127.7467,36.3858],[127.7591,36.3909]]]}},{"type":"Feature","properties":{"gid":"KOR.2.2_2","provZh":"忠清北道","name2":"Cheongju","type2":"Si","engtype2":"City"},"geometry":{"type":"Polygon","coordinates":[[[127.4014,36.4655],[127.4021,36.456],[127.4359,36.4564],[127.4513,36.4493],[127.4626,36.4561],[127.4703,36.4737],[127.484,36.4766],[127.4776,36.4584],[127.4845,36.4529],[127.5028,36.4555],[127.5035,36.4494],[127.4898,36.4334],[127.5016,36.4087],[127.5095,36.4086],[127.5192,36.4345],[127.5448,36.4463],[127.5562,36.4718],[127.5768,36.4905],[127.5702,36.4993],[127.5727,36.5159],[127.565,36.5306],[127.5809,36.542],[127.6124,36.5514],[127.6172,36.5595],[127.6115,36.5693],[127.6318,36.5889],[127.6302,36.5936],[127.6357,36.6002],[127.6463,36.6066],[127.654,36.6004],[127.6654,36.6024],[127.6686,36.5945],[127.6767,36.5967],[127.6946,36.5885],[127.7138,36.602],[127.7287,36.6023],[127.7365,36.6],[127.7373,36.5926],[127.7459,36.5853],[127.7688,36.5942],[127.7695,36.604],[127.7646,36.613],[127.74,36.6332],[127.7381,36.6413],[127.7259,36.6447],[127.7234,36.6513],[127.7127,36.6503],[127.7094,36.654],[127.7126,36.6677],[127.725,36.6752],[127.7271,36.6825],[127.714,36.6899],[127.7019,36.7099],[127.6927,36.7121],[127.6869,36.7205],[127.6796,36.7171],[127.6645,36.73],[127.6627,36.715],[127.6512,36.702],[127.6337,36.7089],[127.623,36.7046],[127.6179,36.7074],[127.6189,36.7163],[127.6061,36.7434],[127.5908,36.7476],[127.5889,36.7606],[127.575,36.7674],[127.5648,36.7803],[127.509,36.7668],[127.505,36.7795],[127.4971,36.78],[127.4904,36.7738],[127.4818,36.776],[127.4704,36.7688],[127.4604,36.7699],[127.4499,36.7591],[127.4494,36.7491],[127.4391,36.7532],[127.4271,36.7508],[127.4245,36.7588],[127.4123,36.7573],[127.4019,36.7462],[127.3864,36.7593],[127.3685,36.7613],[127.3355,36.7526],[127.3334,36.7467],[127.3425,36.7338],[127.3376,36.7293],[127.3283,36.7346],[127.318,36.7249],[127.3105,36.7243],[127.3084,36.7048],[127.2854,36.691],[127.3041,36.685],[127.3075,36.6783],[127.3051,36.6676],[127.2887,36.6589],[127.2828,36.6423],[127.2757,36.6398],[127.2794,36.6335],[127.2922,36.6356],[127.2918,36.6256],[127.2963,36.6242],[127.3065,36.6014],[127.2998,36.586],[127.3214,36.5838],[127.3358,36.5711],[127.3381,36.5623],[127.3576,36.5618],[127.3775,36.5678],[127.3725,36.5597],[127.3839,36.5415],[127.4002,36.5418],[127.405,36.5373],[127.4086,36.5237],[127.3976,36.5206],[127.409,36.5097],[127.4108,36.4978],[127.3961,36.4917],[127.4041,36.4811],[127.4014,36.4655]]]}},{"type":"Feature","properties":{"gid":"KOR.2.3_2","provZh":"忠清北道","name2":"Chungju","type2":"Si","engtype2":"City"},"geometry":{"type":"Polygon","coordinates":[[[128.0368,36.8517],[128.0455,36.8705],[128.0663,36.8939],[128.0663,36.9094],[128.0727,36.9133],[128.0625,36.92],[128.0586,36.9318],[128.043,36.9397],[128.0404,36.9544],[128.06,36.9602],[128.0751,36.95],[128.0849,36.9477],[128.0866,36.951],[128.0909,36.9856],[128.0762,37.0035],[128.0864,37.0108],[128.0889,37.018],[128.0856,37.02],[128.0904,37.0233],[128.0808,37.0484],[128.0853,37.0761],[128.0757,37.0843],[128.0607,37.0867],[128.0631,37.0967],[128.053,37.097],[128.0474,37.1027],[128.0453,37.1157],[128.0372,37.1119],[128.0199,37.1179],[128.0127,37.1094],[128.0115,37.0996],[128.0039,37.0985],[127.9992,37.1082],[127.9854,37.1124],[127.9866,37.1312],[127.9706,37.1421],[127.9683,37.1562],[127.955,37.1615],[127.915,37.1689],[127.9086,37.1671],[127.8989,37.1498],[127.8866,37.1611],[127.872,37.1643],[127.862,37.161],[127.8613,37.1553],[127.8532,37.1603],[127.8474,37.1529],[127.7895,37.1434],[127.7571,37.1692],[127.7446,37.2144],[127.7367,37.2102],[127.7264,37.1825],[127.7169,37.1834],[127.7049,37.1675],[127.7043,37.1576],[127.6945,37.1488],[127.6945,37.1413],[127.7097,37.1352],[127.712,37.1278],[127.7221,37.1208],[127.7226,37.1144],[127.7019,37.103],[127.6922,37.0813],[127.6835,37.0781],[127.6912,37.0531],[127.6643,37.0306],[127.6646,37.0232],[127.6563,37.0159],[127.6655,37.0031],[127.6551,37.0014],[127.6511,36.9828],[127.6618,36.9774],[127.6671,36.9787],[127.6691,36.9827],[127.6638,36.9838],[127.6684,36.9876],[127.6863,36.9859],[127.6866,36.9815],[127.7163,36.9584],[127.7269,36.9591],[127.7393,36.9524],[127.7529,36.9579],[127.7648,36.9398],[127.7756,36.9333],[127.7916,36.9387],[127.7998,36.9475],[127.8066,36.946],[127.8094,36.9396],[127.8216,36.9434],[127.8329,36.9399],[127.8357,36.9301],[127.843,36.9277],[127.8379,36.9137],[127.855,36.9072],[127.864,36.8962],[127.8815,36.8958],[127.883,36.8903],[127.9007,36.8974],[127.9036,36.8879],[127.9177,36.8811],[127.9322,36.8876],[127.9507,36.8866],[127.9455,36.8735],[127.9694,36.8593],[127.9669,36.8509],[127.9765,36.8369],[127.9717,36.8264],[127.9818,36.8234],[127.9824,36.816],[127.9917,36.8129],[128.0175,36.8081],[128.0234,36.8142],[128.024,36.826],[128.0355,36.8249],[128.0674,36.8168],[128.0854,36.8042],[128.0838,36.7993],[128.0935,36.7968],[128.093,36.8029],[128.1071,36.8073],[128.1099,36.8215],[128.134,36.8284],[128.1336,36.8328],[128.1265,36.834],[128.1107,36.8302],[128.0975,36.8335],[128.0871,36.8515],[128.0688,36.8453],[128.062,36.8379],[128.0368,36.8517]]]}},{"type":"Feature","properties":{"gid":"KOR.2.4_2","provZh":"忠清北道","name2":"Danyang","type2":"Gun","engtype2":"County"},"geometry":{"type":"Polygon","coordinates":[[[128.4428,36.9198],[128.4417,36.9274],[128.4604,36.934],[128.4672,36.9515],[128.5067,36.9701],[128.5146,36.9776],[128.5155,36.9868],[128.5547,36.9983],[128.5568,37.0057],[128.5713,37.0159],[128.5679,37.0339],[128.5777,37.0356],[128.5835,37.0437],[128.6068,37.0434],[128.6084,37.0528],[128.6329,37.0405],[128.6521,37.0654],[128.6282,37.0752],[128.6226,37.0874],[128.6064,37.0767],[128.6016,37.0831],[128.5918,37.0782],[128.5744,37.0813],[128.5617,37.0902],[128.5538,37.0866],[128.5381,37.0896],[128.5312,37.1],[128.5142,37.1037],[128.51,37.114],[128.4966,37.1258],[128.4778,37.1102],[128.4512,37.1121],[128.4453,37.1075],[128.4352,37.1113],[128.4247,37.1025],[128.4185,37.1198],[128.396,37.1286],[128.4037,37.1396],[128.3925,37.1534],[128.3841,37.158],[128.3765,37.1524],[128.3644,37.1564],[128.3597,37.1502],[128.3515,37.1574],[128.3385,37.1581],[128.3307,37.1503],[128.3275,37.1529],[128.3247,37.1481],[128.3095,37.1449],[128.3064,37.1375],[128.2983,37.1342],[128.309,37.1119],[128.3038,37.1003],[128.294,37.0981],[128.2778,37.1108],[128.2776,37.1158],[128.2708,37.1159],[128.2564,37.1015],[128.2623,37.0903],[128.2695,37.0876],[128.2394,37.0736],[128.2368,37.0654],[128.2254,37.0623],[128.2179,37.0543],[128.2211,37.0496],[128.2171,37.0374],[128.2244,37.0343],[128.2251,37.0272],[128.2399,37.0241],[128.2561,37.0055],[128.2539,36.9975],[128.2585,36.9933],[128.257,36.9847],[128.2657,36.9611],[128.2597,36.9548],[128.2635,36.9495],[128.2529,36.9427],[128.2474,36.9446],[128.247,36.9379],[128.2363,36.9336],[128.2367,36.9166],[128.2462,36.905],[128.2438,36.891],[128.2509,36.8847],[128.2418,36.8723],[128.2825,36.856],[128.2866,36.845],[128.3157,36.8228],[128.3164,36.8167],[128.3532,36.8124],[128.3613,36.8029],[128.3684,36.8021],[128.3833,36.8138],[128.413,36.8113],[128.4253,36.8148],[128.4341,36.8341],[128.449,36.8478],[128.448,36.8644],[128.4364,36.8737],[128.424,36.8765],[128.4268,36.8892],[128.4402,36.9029],[128.4428,36.9198]]]}},{"type":"Feature","properties":{"gid":"KOR.2.5_2","provZh":"忠清北道","name2":"Eumseong","type2":"Gun","engtype2":"County"},"geometry":{"type":"Polygon","coordinates":[[[127.5813,36.8771],[127.5851,36.8702],[127.5766,36.8647],[127.578,36.8536],[127.5836,36.8601],[127.5965,36.8516],[127.6166,36.8587],[127.6115,36.8478],[127.6164,36.8338],[127.6524,36.8609],[127.6778,36.851],[127.6865,36.8599],[127.6859,36.8685],[127.694,36.8801],[127.7077,36.8759],[127.7352,36.8799],[127.7505,36.8733],[127.7888,36.8826],[127.7871,36.8945],[127.7921,36.9011],[127.7849,36.9059],[127.7966,36.903],[127.7983,36.9086],[127.7814,36.9242],[127.7888,36.9275],[127.788,36.9372],[127.7741,36.9338],[127.7639,36.9408],[127.7529,36.9579],[127.7393,36.9524],[127.7269,36.9591],[127.7163,36.9584],[127.6866,36.9815],[127.6863,36.9859],[127.6684,36.9876],[127.6638,36.9838],[127.6691,36.9827],[127.6671,36.9787],[127.6618,36.9774],[127.651,36.9831],[127.6551,37.0014],[127.6655,37.0031],[127.6563,37.0159],[127.6646,37.0232],[127.6643,37.0306],[127.6912,37.0531],[127.6835,37.0781],[127.6922,37.0813],[127.7019,37.103],[127.7226,37.1144],[127.7205,37.1231],[127.7064,37.1371],[127.6955,37.1404],[127.6868,37.1351],[127.6702,37.1361],[127.6468,37.1511],[127.6283,37.1553],[127.6378,37.1412],[127.6331,37.1202],[127.6345,37.0998],[127.6119,37.0873],[127.5951,37.088],[127.6049,37.0762],[127.6047,37.0688],[127.578,37.0753],[127.565,37.0606],[127.5695,37.0482],[127.5568,37.0412],[127.5183,37.0584],[127.5089,37.0494],[127.4998,37.0476],[127.4862,37.0549],[127.4682,37.0535],[127.4569,37.0422],[127.4593,37.0227],[127.4509,37.0193],[127.4471,37.0109],[127.4493,36.977],[127.4573,36.9639],[127.4464,36.9614],[127.4473,36.9499],[127.4635,36.9484],[127.4706,36.9362],[127.4812,36.9337],[127.4928,36.9388],[127.5114,36.9306],[127.5275,36.911],[127.5338,36.912],[127.5531,36.8989],[127.5557,36.8862],[127.5627,36.8822],[127.5686,36.8857],[127.5723,36.8774],[127.5813,36.8771]]]}},{"type":"Feature","properties":{"gid":"KOR.2.6_2","provZh":"忠清北道","name2":"Goesan","type2":"Gun","engtype2":"County"},"geometry":{"type":"Polygon","coordinates":[[[127.7937,36.6076],[127.802,36.6019],[127.821,36.6133],[127.8407,36.6083],[127.8583,36.6135],[127.8498,36.6196],[127.8506,36.6313],[127.8468,36.634],[127.8613,36.6356],[127.8739,36.655],[127.8797,36.6568],[127.8892,36.6398],[127.8893,36.6297],[127.9072,36.6258],[127.92,36.6011],[127.9252,36.6028],[127.9241,36.6155],[127.9324,36.6187],[127.9343,36.6411],[127.9392,36.6471],[127.9391,36.6527],[127.9316,36.6554],[127.9296,36.6688],[127.9177,36.6679],[127.913,36.6777],[127.9004,36.6822],[127.8876,36.6786],[127.8743,36.682],[127.8939,36.6944],[127.9289,36.6908],[127.9336,36.7065],[127.9495,36.7081],[127.9492,36.7199],[127.9585,36.7368],[127.9868,36.7175],[128.0019,36.7173],[128.0148,36.7302],[128.0209,36.7219],[128.0497,36.7078],[128.0704,36.7077],[128.0727,36.7119],[128.068,36.7222],[128.0323,36.7476],[128.0324,36.7552],[128.0448,36.7711],[128.0456,36.7824],[128.055,36.7927],[128.054,36.8052],[128.0592,36.8164],[128.024,36.826],[128.0234,36.8142],[128.0175,36.8081],[127.9824,36.816],[127.9818,36.8234],[127.9717,36.8264],[127.9765,36.8369],[127.9669,36.8509],[127.9694,36.8593],[127.9455,36.8735],[127.9512,36.8863],[127.9322,36.8876],[127.9177,36.8811],[127.9036,36.8879],[127.9007,36.8974],[127.883,36.8903],[127.8815,36.8958],[127.864,36.8962],[127.855,36.9072],[127.8379,36.9137],[127.843,36.9277],[127.8357,36.9301],[127.8329,36.9399],[127.8216,36.9434],[127.8094,36.9396],[127.8007,36.9476],[127.788,36.9372],[127.7884,36.9268],[127.7814,36.9242],[127.7983,36.9086],[127.7966,36.903],[127.7849,36.9059],[127.7924,36.8994],[127.7871,36.8945],[127.7877,36.8806],[127.7505,36.8733],[127.7352,36.8799],[127.7077,36.8759],[127.694,36.8801],[127.6859,36.8685],[127.6865,36.8599],[127.6778,36.851],[127.6565,36.8607],[127.642,36.8557],[127.6298,36.8187],[127.6419,36.8007],[127.6209,36.7879],[127.6205,36.7802],[127.6275,36.7764],[127.6242,36.7605],[127.6355,36.7521],[127.6389,36.7325],[127.6621,36.7325],[127.6796,36.7171],[127.6869,36.7205],[127.6927,36.7121],[127.7019,36.7099],[127.714,36.6899],[127.7271,36.6825],[127.725,36.6752],[127.7103,36.6628],[127.7127,36.6503],[127.7234,36.6513],[127.7259,36.6447],[127.7381,36.6413],[127.74,36.6332],[127.7646,36.613],[127.7695,36.604],[127.7863,36.6138],[127.7937,36.6076]]]}},{"type":"Feature","properties":{"gid":"KOR.2.7_2","provZh":"忠清北道","name2":"Jecheon","type2":"Si","engtype2":"City"},"geometry":{"type":"Polygon","coordinates":[[[128.2448,36.9419],[128.2646,36.9511],[128.2597,36.9548],[128.2657,36.9611],[128.257,36.9847],[128.2585,36.9933],[128.2539,36.9975],[128.2575,37.0007],[128.2439,37.0211],[128.2266,37.0253],[128.2244,37.0343],[128.2171,37.0374],[128.2211,37.0496],[128.2179,37.0543],[128.2254,37.0623],[128.2368,37.0654],[128.2394,37.0736],[128.2695,37.0876],[128.2623,37.0903],[128.2564,37.1015],[128.2708,37.1159],[128.2776,37.1158],[128.2778,37.1108],[128.294,37.0981],[128.3038,37.1003],[128.309,37.1119],[128.3035,37.1289],[128.2927,37.1393],[128.2776,37.1442],[128.2644,37.1604],[128.2811,37.1734],[128.2981,37.1717],[128.2956,37.1833],[128.3105,37.1873],[128.3134,37.1968],[128.3264,37.1973],[128.3301,37.2162],[128.3166,37.2234],[128.3091,37.2175],[128.2684,37.2079],[128.2509,37.2296],[128.2292,37.2276],[128.2146,37.2461],[128.2012,37.249],[128.1741,37.2326],[128.1731,37.2191],[128.1645,37.2135],[128.1253,37.2345],[128.1087,37.2057],[128.0743,37.1931],[128.0401,37.189],[128.0339,37.1914],[128.0283,37.2023],[128.0388,37.216],[128.023,37.2256],[128.019,37.2448],[128.008,37.2521],[127.9855,37.2581],[127.9719,37.2564],[127.9266,37.2316],[127.9217,37.224],[127.9271,37.2202],[127.9363,37.1888],[127.9263,37.1655],[127.9683,37.1562],[127.9706,37.1421],[127.9866,37.1312],[127.9854,37.1124],[127.9992,37.1082],[128.0039,37.0985],[128.0115,37.0996],[128.0127,37.1094],[128.0199,37.1179],[128.0372,37.1119],[128.0453,37.1157],[128.0474,37.1027],[128.053,37.097],[128.0631,37.0967],[128.0607,37.0867],[128.0757,37.0843],[128.0853,37.0759],[128.0808,37.0484],[128.0904,37.0233],[128.0856,37.02],[128.0889,37.018],[128.0864,37.0108],[128.0762,37.0035],[128.0909,36.9856],[128.0866,36.951],[128.0849,36.9477],[128.0751,36.95],[128.06,36.9602],[128.0404,36.9544],[128.043,36.9397],[128.0586,36.9318],[128.0625,36.92],[128.0727,36.9133],[128.0663,36.9094],[128.0663,36.8939],[128.0455,36.8705],[128.0368,36.8517],[128.062,36.8379],[128.0688,36.8453],[128.0871,36.8515],[128.0976,36.8335],[128.1107,36.8302],[128.1418,36.8333],[128.1531,36.8224],[128.2154,36.812],[128.2113,36.8469],[128.237,36.8453],[128.2347,36.8628],[128.2509,36.8847],[128.2438,36.891],[128.2458,36.9068],[128.2367,36.9166],[128.2363,36.9336],[128.247,36.9379],[128.2448,36.9419]]]}},{"type":"Feature","properties":{"gid":"KOR.2.8_2","provZh":"忠清北道","name2":"Jeungpyeong","type2":"Gun","engtype2":"County"},"geometry":{"type":"Polygon","coordinates":[[[127.6103,36.7323],[127.6189,36.7163],[127.6179,36.7074],[127.623,36.7046],[127.6337,36.7089],[127.6512,36.702],[127.663,36.7161],[127.6622,36.7324],[127.6389,36.7325],[127.6355,36.7521],[127.6242,36.7605],[127.6275,36.7764],[127.6205,36.7794],[127.6209,36.7879],[127.6419,36.8007],[127.6298,36.8187],[127.6375,36.8469],[127.6156,36.8339],[127.6115,36.8478],[127.6166,36.8587],[127.5965,36.8516],[127.5836,36.8601],[127.5715,36.8501],[127.5692,36.83],[127.5792,36.8282],[127.5737,36.8214],[127.5373,36.8086],[127.5481,36.7984],[127.5552,36.7992],[127.5676,36.7738],[127.5889,36.7606],[127.5905,36.748],[127.6043,36.7454],[127.6103,36.7323]]]}},{"type":"Feature","properties":{"gid":"KOR.2.9_2","provZh":"忠清北道","name2":"Jincheon","type2":"Gun","engtype2":"County"},"geometry":{"type":"Polygon","coordinates":[[[127.4946,36.7775],[127.5074,36.7779],[127.509,36.7668],[127.5648,36.7803],[127.5552,36.7992],[127.5481,36.7984],[127.5373,36.8086],[127.5721,36.82],[127.5792,36.8282],[127.5699,36.8293],[127.5687,36.8385],[127.5727,36.8413],[127.5715,36.8501],[127.5786,36.8523],[127.5766,36.8647],[127.585,36.8746],[127.5778,36.8798],[127.5723,36.8774],[127.5686,36.8857],[127.5627,36.8822],[127.5557,36.8862],[127.5531,36.8989],[127.5338,36.912],[127.5275,36.911],[127.5114,36.9306],[127.4928,36.9388],[127.4812,36.9337],[127.4706,36.9362],[127.4635,36.9484],[127.4473,36.9499],[127.4464,36.9614],[127.4573,36.9639],[127.4493,36.9772],[127.449,37.0098],[127.4408,37.0121],[127.4288,37.0022],[127.3942,36.9984],[127.385,36.9836],[127.4015,36.9677],[127.3873,36.9645],[127.3757,36.9487],[127.3576,36.9477],[127.3496,36.9528],[127.3268,36.9359],[127.309,36.9294],[127.295,36.9307],[127.3034,36.9164],[127.2878,36.8938],[127.3079,36.8854],[127.3113,36.8705],[127.3073,36.8597],[127.3348,36.8562],[127.3345,36.8307],[127.3544,36.8295],[127.3581,36.8225],[127.3822,36.8138],[127.4008,36.7991],[127.3955,36.7825],[127.413,36.7732],[127.4197,36.7577],[127.4269,36.7576],[127.4271,36.7508],[127.4391,36.7532],[127.4509,36.7494],[127.4499,36.7591],[127.4604,36.7699],[127.4704,36.7688],[127.4946,36.7775]]]}},{"type":"Feature","properties":{"gid":"KOR.2.10_2","provZh":"忠清北道","name2":"Okcheon","type2":"Gun","engtype2":"County"},"geometry":{"type":"Polygon","coordinates":[[[127.7003,36.2589],[127.7147,36.2631],[127.7138,36.2685],[127.7292,36.2762],[127.7558,36.2679],[127.7694,36.2897],[127.7944,36.2905],[127.795,36.2968],[127.8083,36.3088],[127.8174,36.3104],[127.821,36.3052],[127.8452,36.3164],[127.8526,36.3296],[127.8658,36.3356],[127.8701,36.3435],[127.8826,36.3459],[127.8913,36.3597],[127.8799,36.3715],[127.8371,36.3728],[127.8326,36.3691],[127.8228,36.3799],[127.8006,36.3825],[127.7898,36.3886],[127.7708,36.3875],[127.7624,36.3935],[127.7467,36.3858],[127.7348,36.3925],[127.7279,36.3908],[127.7082,36.4065],[127.7101,36.4138],[127.6813,36.4185],[127.6805,36.436],[127.6652,36.445],[127.6577,36.438],[127.6447,36.4453],[127.6392,36.436],[127.6313,36.4395],[127.6122,36.4034],[127.5841,36.4178],[127.5805,36.4085],[127.5658,36.3979],[127.5548,36.3928],[127.5392,36.3979],[127.5249,36.3875],[127.5229,36.3555],[127.5008,36.3397],[127.503,36.3256],[127.496,36.3199],[127.4946,36.312],[127.499,36.3057],[127.4912,36.2966],[127.4988,36.2828],[127.4888,36.2727],[127.486,36.2612],[127.4926,36.238],[127.5181,36.2406],[127.5362,36.2512],[127.5379,36.2428],[127.5499,36.2384],[127.5453,36.2255],[127.5639,36.2277],[127.5703,36.2335],[127.5836,36.2313],[127.598,36.2171],[127.5995,36.2046],[127.5925,36.1952],[127.5977,36.1849],[127.6083,36.1857],[127.6271,36.178],[127.633,36.1804],[127.6497,36.1707],[127.6551,36.1773],[127.65,36.1853],[127.6544,36.192],[127.6485,36.2071],[127.6506,36.225],[127.6561,36.2293],[127.6638,36.2233],[127.6805,36.2257],[127.7003,36.2589]]]}},{"type":"Feature","properties":{"gid":"KOR.2.11_2","provZh":"忠清北道","name2":"Yeongdong","type2":"Gun","engtype2":"County"},"geometry":{"type":"Polygon","coordinates":[[[127.8453,36.0389],[127.8528,36.0391],[127.8661,36.0243],[127.8768,36.0225],[127.8848,36.0359],[127.9027,36.0391],[127.9167,36.0543],[127.9363,36.0511],[127.9609,36.0703],[127.9585,36.0901],[127.9687,36.1031],[127.9668,36.1181],[127.9878,36.1288],[127.9875,36.1474],[127.9972,36.1555],[127.9826,36.1706],[127.9841,36.1782],[127.9753,36.1877],[127.9812,36.1959],[127.978,36.1981],[127.993,36.2],[127.9985,36.2073],[128.0097,36.2094],[128.024,36.2066],[128.0386,36.1942],[128.058,36.2011],[128.0508,36.206],[128.0501,36.2165],[128.0422,36.2175],[128.0299,36.24],[128.0474,36.2566],[128.01,36.2721],[127.9812,36.2636],[127.9783,36.2546],[127.9706,36.2504],[127.9602,36.2524],[127.9493,36.2566],[127.9474,36.2672],[127.9379,36.2691],[127.9309,36.278],[127.9081,36.2855],[127.9043,36.3015],[127.8899,36.2892],[127.8826,36.2737],[127.8609,36.2771],[127.8521,36.2739],[127.8415,36.3083],[127.8442,36.3166],[127.821,36.3052],[127.8174,36.3104],[127.8083,36.3088],[127.795,36.2968],[127.7944,36.2905],[127.7702,36.2903],[127.7558,36.2679],[127.731,36.2764],[127.714,36.2686],[127.7147,36.2631],[127.7003,36.2589],[127.6805,36.2257],[127.6638,36.2233],[127.6561,36.2293],[127.6506,36.225],[127.6485,36.2071],[127.6544,36.192],[127.6502,36.1841],[127.6551,36.1773],[127.6497,36.1707],[127.633,36.1804],[127.6271,36.178],[127.6083,36.1857],[127.5947,36.181],[127.6017,36.16],[127.5909,36.1448],[127.5895,36.1343],[127.6191,36.1089],[127.6173,36.0936],[127.6544,36.0559],[127.6602,36.0385],[127.6727,36.0416],[127.6698,36.0514],[127.689,36.0627],[127.695,36.0588],[127.695,36.0459],[127.7019,36.0353],[127.7348,36.0323],[127.7415,36.0248],[127.7473,36.0297],[127.7539,36.0241],[127.7616,36.0252],[127.7594,36.015],[127.7661,36.0122],[127.7876,36.0145],[127.7994,36.0261],[127.8453,36.0389]]]}},{"type":"Feature","properties":{"gid":"KOR.3.1_2","provZh":"忠清南道","name2":"Asan","type2":"Si","engtype2":"City"},"geometry":{"type":"Polygon","coordinates":[[[127.0485,36.7015],[127.059,36.7083],[127.0784,36.7102],[127.0847,36.7224],[127.0805,36.7304],[127.0865,36.7493],[127.0984,36.7556],[127.0921,36.7611],[127.1086,36.759],[127.1193,36.7665],[127.111,36.7973],[127.1037,36.7989],[127.1002,36.7926],[127.0956,36.7959],[127.0966,36.815],[127.1056,36.8365],[127.0982,36.8398],[127.1105,36.855],[127.1068,36.8603],[127.0874,36.8619],[127.0863,36.8758],[127.091,36.8823],[127.0882,36.89],[127.093,36.8936],[127.0847,36.9035],[127.0939,36.9131],[127.0737,36.9399],[127.0655,36.9419],[127.031,36.9281],[127.0156,36.9354],[126.9952,36.9354],[126.9167,36.9062],[126.9096,36.9016],[126.9113,36.8929],[126.9059,36.8887],[126.8628,36.88],[126.8449,36.8843],[126.8369,36.8312],[126.8591,36.794],[126.8565,36.7894],[126.8333,36.7837],[126.8291,36.7724],[126.8379,36.754],[126.859,36.747],[126.8668,36.7294],[126.8866,36.7314],[126.8972,36.7236],[126.9045,36.7094],[126.9022,36.7023],[126.95,36.7038],[126.9695,36.694],[126.9688,36.674],[126.9786,36.6609],[126.9781,36.6536],[126.9895,36.6487],[127.0062,36.6529],[127.0266,36.6866],[127.0485,36.7015]]]}},{"type":"Feature","properties":{"gid":"KOR.3.2_2","provZh":"忠清南道","name2":"Boryeong","type2":"Si","engtype2":"City"},"geometry":{"type":"MultiPolygon","coordinates":[[[[126.06,36.2089],[126.0528,36.205],[126.0541,36.1992],[126.0615,36.2008],[126.0552,36.2064],[126.06,36.2089]]],[[[126.0316,36.2178],[126.0255,36.2265],[126.0226,36.2245],[126.0332,36.2109],[126.0387,36.2112],[126.0316,36.2178]]],[[[126.0965,36.2265],[126.0898,36.2378],[126.0848,36.2308],[126.0749,36.2344],[126.0747,36.2285],[126.0673,36.2233],[126.0772,36.2207],[126.078,36.2261],[126.0965,36.2265]]],[[[125.9682,36.238],[125.9583,36.2351],[125.9579,36.2299],[125.9661,36.2271],[125.9682,36.238]]],[[[126.2822,36.2505],[126.2767,36.2509],[126.2832,36.2439],[126.2863,36.2494],[126.2822,36.2505]]],[[[126.2923,36.261],[126.2883,36.2609],[126.2902,36.2557],[126.2923,36.261]]],[[[126.2661,36.2688],[126.272,36.2805],[126.2601,36.2752],[126.2607,36.267],[126.2659,36.2649],[126.2661,36.2688]]],[[[126.6485,36.1792],[126.6565,36.1812],[126.6669,36.176],[126.6921,36.1901],[126.6988,36.2036],[126.7132,36.2144],[126.7182,36.2346],[126.7369,36.2414],[126.7387,36.254],[126.7201,36.2552],[126.6942,36.2689],[126.6966,36.2755],[126.6923,36.2805],[126.6967,36.2834],[126.6873,36.2911],[126.6944,36.2985],[126.6826,36.3083],[126.6801,36.3156],[126.6842,36.3223],[126.6787,36.3278],[126.6785,36.3316],[126.6976,36.3365],[126.705,36.3665],[126.7245,36.3712],[126.7248,36.3749],[126.7114,36.3882],[126.7157,36.3937],[126.7085,36.4021],[126.6913,36.4105],[126.6916,36.4286],[126.684,36.4362],[126.6879,36.4476],[126.6768,36.4508],[126.6719,36.4616],[126.6584,36.4597],[126.6529,36.4674],[126.6342,36.4666],[126.6317,36.4762],[126.6147,36.4848],[126.5917,36.4692],[126.5754,36.4753],[126.5684,36.4719],[126.5655,36.4521],[126.5527,36.4527],[126.5578,36.4627],[126.5562,36.4676],[126.5504,36.4658],[126.5512,36.4529],[126.5386,36.4492],[126.5388,36.4435],[126.5332,36.4404],[126.5262,36.4473],[126.527,36.4564],[126.5352,36.4568],[126.5454,36.4723],[126.5611,36.4781],[126.5614,36.484],[126.5667,36.4843],[126.5686,36.479],[126.5738,36.4835],[126.5894,36.4752],[126.6006,36.4777],[126.6019,36.4886],[126.59,36.5089],[126.5717,36.5019],[126.5661,36.503],[126.565,36.5084],[126.5405,36.504],[126.524,36.5196],[126.4994,36.5229],[126.4914,36.5084],[126.485,36.509],[126.483,36.5141],[126.4793,36.4916],[126.4811,36.4776],[126.49,36.4684],[126.4855,36.4647],[126.4867,36.4548],[126.5002,36.4449],[126.4981,36.4327],[126.5256,36.4458],[126.5316,36.441],[126.5171,36.4384],[126.5059,36.4276],[126.4952,36.4257],[126.5002,36.4218],[126.4894,36.415],[126.4798,36.3848],[126.508,36.3865],[126.5011,36.3799],[126.5097,36.3811],[126.5458,36.355],[126.5601,36.351],[126.5433,36.3389],[126.5198,36.3353],[126.5151,36.3275],[126.5043,36.3298],[126.5169,36.299],[126.5282,36.2971],[126.5374,36.2824],[126.5347,36.2766],[126.5405,36.2779],[126.5481,36.2657],[126.5463,36.261],[126.5401,36.2608],[126.5371,36.2516],[126.5404,36.2489],[126.529,36.2383],[126.5378,36.2015],[126.5251,36.1875],[126.5651,36.1921],[126.5801,36.1776],[126.6143,36.1723],[126.6485,36.1792]]],[[[126.4468,36.3873],[126.4392,36.3872],[126.4404,36.379],[126.4553,36.3791],[126.4468,36.3873]]],[[[126.2002,36.2869],[126.1932,36.2824],[126.2073,36.2836],[126.2002,36.2869]]],[[[126.2526,36.3072],[126.2563,36.3073],[126.2526,36.3119],[126.2491,36.3099],[126.2526,36.3072]]],[[[126.2647,36.3038],[126.2588,36.304],[126.257,36.2951],[126.2505,36.2949],[126.2542,36.2874],[126.2676,36.2929],[126.2701,36.3028],[126.2647,36.3038]]],[[[126.3574,36.3107],[126.3541,36.3148],[126.3433,36.3142],[126.3472,36.309],[126.3574,36.3107]]],[[[126.3616,36.3486],[126.3522,36.355],[126.3505,36.3442],[126.3407,36.3378],[126.3398,36.329],[126.3495,36.331],[126.362,36.3261],[126.3613,36.331],[126.3708,36.3351],[126.3611,36.3416],[126.3616,36.3486]]],[[[126.4342,36.3847],[126.4207,36.3849],[126.4207,36.3799],[126.4136,36.382],[126.4178,36.3725],[126.4145,36.371],[126.397,36.3806],[126.3873,36.3801],[126.3841,36.3679],[126.4588,36.3543],[126.4597,36.3621],[126.4314,36.3681],[126.4388,36.3722],[126.4313,36.3774],[126.4342,36.3847]]],[[[126.3655,36.3926],[126.3617,36.3916],[126.3635,36.3783],[126.3709,36.3899],[126.3655,36.3926]]],[[[126.3557,36.3998],[126.3489,36.4056],[126.3357,36.3989],[126.3335,36.3872],[126.338,36.3855],[126.3406,36.3957],[126.3557,36.3998]]]]}},{"type":"Feature","properties":{"gid":"KOR.3.3_2","provZh":"忠清南道","name2":"Buyeo","type2":"Gun","engtype2":"County"},"geometry":{"type":"Polygon","coordinates":[[[126.9893,36.1933],[126.9842,36.202],[126.9874,36.2025],[126.9863,36.2101],[127.001,36.2161],[127.0054,36.2101],[127.0146,36.2116],[127.0242,36.2192],[127.04,36.2466],[127.0642,36.256],[127.0703,36.2705],[127.0659,36.2771],[127.0392,36.2836],[127.0277,36.2818],[127.0146,36.2968],[126.9931,36.299],[126.9865,36.3105],[126.996,36.3275],[126.9894,36.3309],[126.9902,36.3358],[126.9603,36.3324],[126.9268,36.3145],[126.9147,36.3204],[126.9122,36.3272],[126.8999,36.3257],[126.9001,36.3316],[126.8931,36.3225],[126.8847,36.3255],[126.8621,36.3215],[126.8555,36.3313],[126.8599,36.3433],[126.8493,36.3547],[126.8414,36.3553],[126.8448,36.3638],[126.8346,36.364],[126.832,36.3755],[126.8443,36.3746],[126.8487,36.387],[126.809,36.3761],[126.7972,36.3549],[126.7909,36.3516],[126.785,36.3569],[126.7665,36.3526],[126.7526,36.356],[126.7483,36.3661],[126.7391,36.3656],[126.7352,36.3785],[126.7267,36.3765],[126.7245,36.3712],[126.705,36.3665],[126.7041,36.3506],[126.6957,36.3344],[126.6785,36.3316],[126.6842,36.3223],[126.6801,36.3156],[126.6826,36.3083],[126.6944,36.2985],[126.6873,36.2911],[126.6967,36.2834],[126.6923,36.2805],[126.6966,36.2755],[126.6942,36.2689],[126.7201,36.2552],[126.7387,36.254],[126.7369,36.2414],[126.7182,36.2346],[126.7132,36.2144],[126.6988,36.2036],[126.6921,36.1901],[126.7005,36.1795],[126.7137,36.1755],[126.7419,36.1834],[126.7813,36.1837],[126.7956,36.1792],[126.7937,36.1369],[126.8021,36.1413],[126.8192,36.1354],[126.8248,36.1264],[126.8398,36.1173],[126.8366,36.0996],[126.8416,36.0805],[126.8484,36.0745],[126.8711,36.0716],[126.8738,36.1104],[126.8822,36.1313],[126.8952,36.1424],[126.9197,36.1363],[126.9413,36.1521],[126.9566,36.1566],[126.9808,36.148],[127.0064,36.1501],[127.0003,36.1514],[126.9976,36.1588],[127.0027,36.1689],[126.9891,36.1826],[126.9893,36.1933]]]}},{"type":"Feature","properties":{"gid":"KOR.3.4_2","provZh":"忠清南道","name2":"Cheonan","type2":"Si","engtype2":"City"},"geometry":{"type":"Polygon","coordinates":[[[127.0548,36.7052],[127.0266,36.6866],[127.0094,36.6563],[127.0204,36.6501],[127.0253,36.6561],[127.0399,36.6547],[127.0807,36.6413],[127.0886,36.6422],[127.0939,36.6541],[127.1103,36.6586],[127.1272,36.6536],[127.13,36.6465],[127.1405,36.6429],[127.1504,36.6197],[127.1605,36.6245],[127.1532,36.6452],[127.1547,36.6529],[127.1606,36.6561],[127.1549,36.6643],[127.1641,36.6785],[127.1614,36.6902],[127.1571,36.6957],[127.1562,36.6908],[127.1417,36.69],[127.1361,36.705],[127.1277,36.7086],[127.1482,36.7199],[127.1596,36.7328],[127.2031,36.7261],[127.2079,36.719],[127.2364,36.7075],[127.2457,36.6959],[127.2652,36.6922],[127.2735,36.6953],[127.2846,36.6905],[127.3084,36.7048],[127.3105,36.7243],[127.318,36.7249],[127.3283,36.7346],[127.3376,36.7293],[127.3425,36.7338],[127.3334,36.7467],[127.3355,36.7526],[127.3685,36.7613],[127.3864,36.7593],[127.396,36.7479],[127.4044,36.746],[127.4204,36.7608],[127.413,36.7732],[127.3955,36.7825],[127.4008,36.7991],[127.3822,36.8138],[127.3581,36.8225],[127.3544,36.8295],[127.3345,36.8307],[127.3365,36.8547],[127.3073,36.8597],[127.3113,36.8705],[127.3079,36.8854],[127.2845,36.8953],[127.2708,36.9133],[127.2586,36.9159],[127.2531,36.9224],[127.244,36.9176],[127.2203,36.9304],[127.2105,36.9305],[127.2116,36.9378],[127.2021,36.9517],[127.1805,36.9567],[127.1777,36.9627],[127.1554,36.9644],[127.1592,36.9698],[127.1443,36.9711],[127.1297,36.9664],[127.1115,36.9713],[127.0965,36.9593],[127.103,36.9532],[127.0958,36.9424],[127.0862,36.9477],[127.0741,36.9386],[127.0939,36.9131],[127.0847,36.9035],[127.093,36.8936],[127.0882,36.89],[127.091,36.8823],[127.0863,36.8758],[127.0874,36.8619],[127.1068,36.8603],[127.1105,36.855],[127.0982,36.8398],[127.1056,36.8365],[127.0966,36.815],[127.0956,36.7959],[127.1002,36.7926],[127.1037,36.7989],[127.111,36.7973],[127.1193,36.7665],[127.1086,36.759],[127.0921,36.7611],[127.0984,36.7556],[127.0865,36.7493],[127.0805,36.7304],[127.0847,36.7224],[127.0784,36.7102],[127.0548,36.7052]]]}},{"type":"Feature","properties":{"gid":"KOR.3.5_2","provZh":"忠清南道","name2":"Cheongyang","type2":"Gun","engtype2":"County"},"geometry":{"type":"Polygon","coordinates":[[[126.9709,36.334],[126.9893,36.3446],[126.9875,36.3587],[126.992,36.3752],[127.0258,36.3971],[127.0273,36.4061],[127.0153,36.4183],[127.0239,36.4242],[127.0178,36.4346],[127.0202,36.4385],[127.007,36.4384],[127.0089,36.4467],[127.0066,36.452],[127.002,36.4516],[127.0031,36.4559],[126.9749,36.4667],[126.9604,36.4643],[126.9563,36.4687],[126.9306,36.4545],[126.9155,36.4557],[126.9136,36.4652],[126.8935,36.4792],[126.894,36.5036],[126.8836,36.5126],[126.8931,36.5274],[126.8884,36.5338],[126.8897,36.5414],[126.8999,36.5497],[126.899,36.5596],[126.8722,36.5698],[126.8497,36.5718],[126.8329,36.5509],[126.8247,36.5288],[126.8124,36.5315],[126.8051,36.5267],[126.785,36.5348],[126.7729,36.5341],[126.7657,36.5121],[126.7503,36.5037],[126.7432,36.4901],[126.7469,36.4846],[126.7365,36.4723],[126.7295,36.4796],[126.7182,36.482],[126.7008,36.4786],[126.6719,36.4616],[126.6768,36.4508],[126.6887,36.446],[126.684,36.4362],[126.6916,36.4286],[126.6913,36.4105],[126.7063,36.4043],[126.7157,36.3937],[126.7114,36.3882],[126.7152,36.383],[126.7248,36.3749],[126.7352,36.3785],[126.7391,36.3656],[126.7483,36.3661],[126.7526,36.356],[126.7665,36.3526],[126.785,36.3569],[126.7939,36.3525],[126.809,36.3761],[126.8487,36.387],[126.8443,36.3746],[126.832,36.3755],[126.8346,36.364],[126.8448,36.3638],[126.8414,36.3553],[126.8493,36.3547],[126.8599,36.3433],[126.8555,36.3313],[126.8621,36.3215],[126.8847,36.3255],[126.8931,36.3225],[126.9001,36.3316],[126.8999,36.3257],[126.9122,36.3272],[126.9147,36.3204],[126.9268,36.3145],[126.9709,36.334]]]}},{"type":"Feature","properties":{"gid":"KOR.3.6_2","provZh":"忠清南道","name2":"Dangjin","type2":"Si","engtype2":"City"},"geometry":{"type":"MultiPolygon","coordinates":[[[[126.7093,36.8036],[126.7279,36.796],[126.7435,36.778],[126.7468,36.7675],[126.7591,36.7633],[126.772,36.7493],[126.7873,36.7637],[126.8008,36.7663],[126.8007,36.775],[126.8104,36.77],[126.8249,36.7773],[126.8143,36.7852],[126.8169,36.7871],[126.8294,36.7845],[126.8587,36.7921],[126.8579,36.8006],[126.8369,36.8312],[126.8449,36.8843],[126.8268,36.8885],[126.8173,36.8965],[126.8116,36.9262],[126.8064,36.9313],[126.8025,36.9246],[126.7916,36.937],[126.7944,36.9425],[126.7797,36.9668],[126.7828,36.9751],[126.7047,36.9994],[126.7005,36.9962],[126.6948,37.0004],[126.6345,37.0013],[126.5624,37.0289],[126.5582,37.0339],[126.5612,37.037],[126.5419,37.0351],[126.5275,37.0436],[126.5189,37.0595],[126.4983,37.0649],[126.4891,37.0595],[126.4711,37.0285],[126.4602,37.0201],[126.4704,37.0083],[126.4633,37.0034],[126.4808,36.9785],[126.4902,36.943],[126.4743,36.8948],[126.4741,36.8809],[126.5093,36.8706],[126.51,36.8576],[126.5153,36.8512],[126.5103,36.8469],[126.5261,36.8267],[126.5537,36.8244],[126.5666,36.8289],[126.5749,36.8253],[126.5918,36.8381],[126.5989,36.8302],[126.6008,36.8172],[126.6319,36.8123],[126.6314,36.807],[126.6438,36.7939],[126.6499,36.7796],[126.6625,36.7701],[126.669,36.7806],[126.694,36.7849],[126.6955,36.7996],[126.7093,36.8036]]],[[[126.8092,36.9402],[126.8122,36.9444],[126.8062,36.9495],[126.8056,36.9416],[126.8092,36.9402]]],[[[126.8211,36.9592],[126.8291,36.9475],[126.8411,36.953],[126.8329,36.9495],[126.8217,36.9685],[126.8211,36.9592]]],[[[126.4267,37.0256],[126.422,37.0247],[126.4328,37.021],[126.4267,37.0256]]],[[[126.4539,37.0327],[126.4532,37.0418],[126.4404,37.0378],[126.4539,37.0327]]],[[[126.428,37.0624],[126.4183,37.0631],[126.4216,37.0411],[126.4499,37.044],[126.4499,37.0546],[126.4437,37.0617],[126.4357,37.0573],[126.428,37.0624]]]]}},{"type":"Feature","properties":{"gid":"KOR.3.7_2","provZh":"忠清南道","name2":"Geumsan","type2":"Gun","engtype2":"County"},"geometry":{"type":"Polygon","coordinates":[[[127.4656,35.9875],[127.4877,35.9783],[127.495,35.9864],[127.5089,35.9798],[127.5336,35.992],[127.5367,35.9965],[127.5321,36.008],[127.5399,36.0119],[127.5314,36.0408],[127.5663,36.0312],[127.5745,36.0233],[127.5898,36.026],[127.6001,36.0119],[127.6066,36.0119],[127.6127,36.0004],[127.6187,36.008],[127.6107,36.0253],[127.6229,36.0246],[127.6284,36.032],[127.6397,36.0323],[127.6305,36.0422],[127.6185,36.0419],[127.6206,36.0642],[127.638,36.0667],[127.6329,36.0814],[127.6173,36.0936],[127.6191,36.1089],[127.5894,36.1345],[127.5909,36.1448],[127.6017,36.16],[127.6015,36.169],[127.5931,36.1774],[127.5977,36.1849],[127.5925,36.1952],[127.5995,36.2046],[127.598,36.2171],[127.5795,36.2328],[127.5453,36.2255],[127.5494,36.2393],[127.5379,36.2428],[127.5368,36.2509],[127.5326,36.2509],[127.5181,36.2406],[127.4926,36.238],[127.4779,36.2297],[127.4673,36.2223],[127.4691,36.2148],[127.4542,36.207],[127.4556,36.2008],[127.4411,36.1948],[127.4294,36.2052],[127.408,36.2129],[127.4106,36.2176],[127.3993,36.2325],[127.3873,36.2342],[127.3898,36.2628],[127.3776,36.2715],[127.3629,36.2691],[127.3596,36.2547],[127.3651,36.2436],[127.3601,36.2267],[127.3645,36.2198],[127.353,36.2118],[127.3476,36.1976],[127.3202,36.1709],[127.3223,36.1316],[127.3385,36.1305],[127.3444,36.1179],[127.3531,36.1136],[127.3549,36.1083],[127.3477,36.0983],[127.3601,36.0894],[127.357,36.0815],[127.3643,36.0658],[127.3604,36.0545],[127.3736,36.0411],[127.3765,36.0229],[127.4012,36.0087],[127.4346,36.0295],[127.4352,36.0146],[127.445,36.0066],[127.4486,35.9932],[127.4567,35.9833],[127.4656,35.9875]]]}},{"type":"Feature","properties":{"gid":"KOR.3.8_2","provZh":"忠清南道","name2":"Gongju","type2":"Si","engtype2":"City"},"geometry":{"type":"Polygon","coordinates":[[[127.204,36.3413],[127.204,36.346],[127.2122,36.3495],[127.2372,36.3484],[127.2421,36.3387],[127.2538,36.3368],[127.2559,36.329],[127.2661,36.3285],[127.2657,36.338],[127.2791,36.3448],[127.2706,36.3609],[127.2777,36.3653],[127.281,36.3749],[127.2781,36.3867],[127.2823,36.412],[127.2634,36.4168],[127.2591,36.4091],[127.2508,36.4068],[127.2423,36.4186],[127.2269,36.4212],[127.2177,36.4337],[127.1989,36.4399],[127.2018,36.4463],[127.1984,36.4522],[127.2047,36.4593],[127.192,36.4747],[127.1947,36.4896],[127.1771,36.4926],[127.1732,36.4974],[127.1776,36.5024],[127.17,36.509],[127.1823,36.5214],[127.173,36.5335],[127.1742,36.5422],[127.1918,36.546],[127.1868,36.5529],[127.1938,36.5648],[127.2031,36.5674],[127.2071,36.5793],[127.193,36.5808],[127.1914,36.5939],[127.1843,36.5912],[127.1559,36.606],[127.156,36.6151],[127.1501,36.619],[127.1405,36.6429],[127.13,36.6465],[127.1272,36.6536],[127.1063,36.658],[127.0939,36.6541],[127.0886,36.6422],[127.081,36.6413],[127.037,36.6553],[127.0253,36.6561],[127.0204,36.6501],[127.0094,36.6563],[126.9895,36.6487],[126.9781,36.6536],[126.9786,36.6609],[126.9645,36.6785],[126.9574,36.672],[126.9591,36.6569],[126.9552,36.6454],[126.9435,36.6329],[126.9454,36.6281],[126.9358,36.6231],[126.9375,36.6158],[126.9274,36.601],[126.931,36.5917],[126.9103,36.5669],[126.8992,36.5601],[126.8999,36.5497],[126.8897,36.5414],[126.8884,36.5338],[126.8931,36.5274],[126.8836,36.5126],[126.894,36.5036],[126.8935,36.4792],[126.9136,36.4652],[126.9155,36.4557],[126.9306,36.4545],[126.9563,36.4687],[126.9604,36.4643],[126.9749,36.4667],[127.0031,36.4559],[127.002,36.4516],[127.0066,36.452],[127.0089,36.4467],[127.007,36.4384],[127.0202,36.4385],[127.0178,36.4346],[127.0239,36.4242],[127.0153,36.4183],[127.0273,36.4061],[127.0258,36.3971],[126.992,36.3752],[126.9875,36.3587],[126.9895,36.3452],[126.9773,36.3351],[126.9902,36.3358],[126.9894,36.3309],[126.996,36.3275],[126.9879,36.3168],[126.9878,36.3057],[126.9957,36.2976],[127.0146,36.2968],[127.0277,36.2818],[127.0392,36.2836],[127.0659,36.2771],[127.0673,36.2959],[127.0778,36.2963],[127.0843,36.3165],[127.1068,36.3403],[127.1208,36.3184],[127.1298,36.3212],[127.143,36.3066],[127.1584,36.3165],[127.1586,36.3229],[127.1854,36.3299],[127.204,36.3413]]]}},{"type":"Feature","properties":{"gid":"KOR.3.9_2","provZh":"忠清南道","name2":"Gyeryong","type2":"Si","engtype2":"City"},"geometry":{"type":"Polygon","coordinates":[[[127.2913,36.2632],[127.2588,36.2761],[127.2467,36.291],[127.2541,36.2969],[127.2598,36.2957],[127.2608,36.3232],[127.2538,36.3368],[127.2421,36.3387],[127.2372,36.3484],[127.2175,36.3502],[127.204,36.346],[127.2059,36.3432],[127.1964,36.3347],[127.2055,36.3034],[127.1969,36.2765],[127.2016,36.2511],[127.2213,36.2622],[127.2373,36.2548],[127.239,36.2359],[127.2474,36.232],[127.2814,36.2456],[127.2823,36.258],[127.2913,36.2632]]]}},{"type":"Feature","properties":{"gid":"KOR.3.10_2","provZh":"忠清南道","name2":"Hongseong","type2":"Gun","engtype2":"County"},"geometry":{"type":"Polygon","coordinates":[[[126.5994,36.4836],[126.599,36.4789],[126.611,36.4829],[126.6186,36.495],[126.6147,36.4848],[126.6317,36.4762],[126.6342,36.4666],[126.6529,36.4674],[126.6584,36.4597],[126.6761,36.4624],[126.7008,36.4786],[126.7182,36.482],[126.7295,36.4796],[126.7365,36.4723],[126.7469,36.4846],[126.7432,36.4898],[126.749,36.5014],[126.7656,36.5119],[126.7732,36.5344],[126.7658,36.5354],[126.7591,36.5274],[126.7547,36.5287],[126.7411,36.537],[126.7376,36.5461],[126.7371,36.5515],[126.7483,36.5575],[126.7485,36.5804],[126.7724,36.594],[126.7708,36.6165],[126.756,36.6236],[126.7576,36.6318],[126.7498,36.6353],[126.7518,36.6457],[126.7361,36.6484],[126.7371,36.6588],[126.7454,36.6707],[126.7254,36.6675],[126.7086,36.6725],[126.7048,36.6668],[126.7076,36.6629],[126.6594,36.6567],[126.6495,36.6485],[126.6282,36.6496],[126.6198,36.6372],[126.6263,36.6251],[126.6234,36.6091],[126.6155,36.6235],[126.6062,36.6253],[126.6025,36.6192],[126.5857,36.6184],[126.5871,36.6375],[126.5958,36.6517],[126.5856,36.6655],[126.5814,36.6643],[126.5796,36.6549],[126.5601,36.6436],[126.5456,36.6402],[126.5343,36.6459],[126.5114,36.6307],[126.5057,36.6349],[126.453,36.6258],[126.4527,36.6154],[126.4407,36.6003],[126.4553,36.5954],[126.4642,36.5833],[126.4714,36.5596],[126.4644,36.5484],[126.469,36.5395],[126.4663,36.5348],[126.4703,36.5333],[126.4689,36.5389],[126.4768,36.5359],[126.473,36.5389],[126.4863,36.5295],[126.4828,36.5143],[126.5045,36.5316],[126.5132,36.5277],[126.5128,36.5231],[126.5286,36.521],[126.5428,36.5092],[126.5561,36.5064],[126.5605,36.5109],[126.5591,36.5243],[126.5661,36.503],[126.593,36.5067],[126.6019,36.4885],[126.5994,36.4836]]]}},{"type":"Feature","properties":{"gid":"KOR.3.11_2","provZh":"忠清南道","name2":"Nonsan","type2":"Si","engtype2":"City"},"geometry":{"type":"Polygon","coordinates":[[[127.1481,36.0904],[127.1537,36.0847],[127.1688,36.084],[127.1824,36.0947],[127.198,36.0858],[127.2049,36.1002],[127.2117,36.1007],[127.2318,36.0966],[127.2481,36.083],[127.2547,36.0874],[127.2456,36.101],[127.2521,36.1131],[127.2734,36.1073],[127.2939,36.1131],[127.3017,36.1252],[127.3185,36.1197],[127.3232,36.1458],[127.3185,36.1618],[127.3204,36.1711],[127.3319,36.1846],[127.3298,36.1942],[127.3336,36.2007],[127.323,36.2037],[127.3215,36.2134],[127.3043,36.2296],[127.3026,36.2219],[127.2938,36.2231],[127.2923,36.2298],[127.2818,36.2358],[127.2814,36.2456],[127.2467,36.2319],[127.239,36.2359],[127.2373,36.2548],[127.2213,36.2622],[127.2016,36.2511],[127.1969,36.2765],[127.2055,36.3034],[127.1964,36.3347],[127.1586,36.3229],[127.1584,36.3165],[127.143,36.3066],[127.1298,36.3212],[127.1208,36.3184],[127.1068,36.3403],[127.0843,36.3165],[127.0778,36.2963],[127.0673,36.2959],[127.0658,36.2775],[127.0703,36.2705],[127.0643,36.256],[127.04,36.2466],[127.0242,36.2192],[127.0146,36.2116],[127.0071,36.2097],[127.0043,36.2158],[126.9948,36.2147],[126.9841,36.2079],[126.9874,36.2027],[126.9842,36.202],[126.9891,36.1826],[127.0027,36.1689],[126.9976,36.1588],[127.0003,36.1514],[127.0113,36.1459],[127.0157,36.1487],[127.0241,36.1365],[127.0397,36.1383],[127.0448,36.1461],[127.0453,36.1353],[127.063,36.1252],[127.057,36.1151],[127.0611,36.089],[127.0749,36.0848],[127.0904,36.0718],[127.102,36.0758],[127.1227,36.0636],[127.1337,36.0694],[127.1366,36.086],[127.1481,36.0904]]]}},{"type":"Feature","properties":{"gid":"KOR.3.12_2","provZh":"忠清南道","name2":"Seocheon","type2":"Gun","engtype2":"County"},"geometry":{"type":"MultiPolygon","coordinates":[[[[126.6055,36.0005],[126.6005,35.9911],[126.5225,35.9881],[126.6001,35.991],[126.6099,35.9944],[126.6055,36.0005]]],[[[126.6441,36.178],[126.6143,36.1723],[126.5801,36.1776],[126.5651,36.1921],[126.5249,36.1873],[126.5262,36.1694],[126.5189,36.1601],[126.4928,36.1587],[126.493,36.1366],[126.5026,36.1287],[126.5088,36.1294],[126.504,36.1293],[126.5011,36.1413],[126.507,36.1503],[126.5196,36.1523],[126.5445,36.1446],[126.556,36.1284],[126.57,36.1403],[126.5932,36.1268],[126.6074,36.1105],[126.6117,36.0955],[126.62,36.1023],[126.6317,36.0993],[126.6307,36.0915],[126.6447,36.0939],[126.6467,36.0884],[126.6326,36.0816],[126.6242,36.0845],[126.6189,36.0775],[126.6242,36.0806],[126.6307,36.0773],[126.6312,36.0547],[126.6446,36.0568],[126.6687,36.0312],[126.6617,36.0289],[126.6612,36.0114],[126.6678,36.0043],[126.6764,36.0092],[126.7365,36.0004],[126.748,36.0258],[126.8058,36.0344],[126.8211,36.0499],[126.8639,36.0602],[126.8708,36.0674],[126.8711,36.0716],[126.8484,36.0745],[126.8416,36.0805],[126.8366,36.0996],[126.8398,36.1173],[126.8248,36.1264],[126.8192,36.1354],[126.8021,36.1413],[126.7937,36.1369],[126.7956,36.1616],[126.7922,36.1677],[126.7974,36.1711],[126.7932,36.1808],[126.7419,36.1834],[126.7137,36.1755],[126.7005,36.1795],[126.6921,36.1901],[126.6669,36.176],[126.6565,36.1812],[126.6441,36.178]]],[[[126.6267,36.0056],[126.6229,36.0067],[126.6268,36.0006],[126.6337,36.0016],[126.6267,36.0056]]]]}},{"type":"Feature","properties":{"gid":"KOR.3.13_2","provZh":"忠清南道","name2":"Seosan","type2":"Si","engtype2":"City"},"geometry":{"type":"MultiPolygon","coordinates":[[[[126.4312,36.6034],[126.4407,36.6003],[126.4527,36.6154],[126.453,36.6258],[126.5057,36.6349],[126.5114,36.6307],[126.5343,36.6459],[126.5456,36.6402],[126.5796,36.6549],[126.5814,36.6643],[126.595,36.6682],[126.6002,36.6969],[126.6096,36.7043],[126.6023,36.72],[126.6088,36.733],[126.6249,36.7336],[126.6332,36.7406],[126.6332,36.7579],[126.6532,36.7505],[126.6475,36.7611],[126.6536,36.7749],[126.6314,36.807],[126.6319,36.8123],[126.6008,36.8172],[126.5989,36.8302],[126.5918,36.8381],[126.5749,36.8253],[126.5666,36.8289],[126.5537,36.8244],[126.5261,36.8267],[126.5103,36.8469],[126.5153,36.8512],[126.51,36.8576],[126.5093,36.8706],[126.4741,36.8809],[126.4743,36.8948],[126.4902,36.943],[126.4808,36.9785],[126.4633,37.0034],[126.4544,36.999],[126.4521,37.0068],[126.4183,37.015],[126.4208,37.0198],[126.4177,37.0122],[126.3834,37.0122],[126.3615,37.0065],[126.359,37.0122],[126.337,36.9985],[126.3276,36.9996],[126.3308,36.9853],[126.3622,36.9829],[126.3652,36.979],[126.3746,36.9826],[126.3798,36.9801],[126.376,36.974],[126.3887,36.9698],[126.3769,36.9685],[126.3704,36.9603],[126.3635,36.9683],[126.3435,36.9667],[126.3348,36.9736],[126.3331,36.9611],[126.3502,36.9614],[126.351,36.9525],[126.362,36.9497],[126.3578,36.9446],[126.3597,36.9388],[126.3682,36.947],[126.3803,36.9453],[126.389,36.9268],[126.396,36.9355],[126.405,36.9324],[126.4086,36.936],[126.4162,36.9313],[126.4189,36.9374],[126.4178,36.9234],[126.4047,36.9192],[126.4121,36.914],[126.4107,36.9082],[126.4269,36.9068],[126.4324,36.9011],[126.4135,36.8936],[126.407,36.9017],[126.41,36.8971],[126.4054,36.8911],[126.396,36.8929],[126.3979,36.8806],[126.3784,36.8822],[126.3645,36.8765],[126.3719,36.868],[126.3704,36.8576],[126.3583,36.8491],[126.3651,36.8295],[126.3543,36.8329],[126.3432,36.8463],[126.3467,36.8612],[126.3285,36.8613],[126.3247,36.8478],[126.3178,36.8431],[126.3266,36.8364],[126.3259,36.8302],[126.3375,36.8179],[126.335,36.815],[126.3551,36.7903],[126.3483,36.7783],[126.3475,36.7562],[126.337,36.7429],[126.3438,36.741],[126.3462,36.7307],[126.3473,36.6802],[126.3602,36.6249],[126.3729,36.626],[126.3732,36.6202],[126.3757,36.6239],[126.4142,36.615],[126.4161,36.6087],[126.4109,36.6036],[126.4312,36.6034]]],[[[126.3324,36.9142],[126.3257,36.9144],[126.3352,36.9028],[126.3451,36.9012],[126.3389,36.913],[126.3324,36.9142]]],[[[126.3752,36.9289],[126.3703,36.9247],[126.3733,36.9172],[126.3866,36.9196],[126.3885,36.924],[126.3752,36.9289]]],[[[126.3392,36.9287],[126.3435,36.925],[126.3379,36.9342],[126.3392,36.9287]]]]}},{"type":"Feature","properties":{"gid":"KOR.3.14_2","provZh":"忠清南道","name2":"Taean","type2":"Gun","engtype2":"County"},"geometry":{"type":"MultiPolygon","coordinates":[[[[126.4112,36.4582],[126.4175,36.4646],[126.4087,36.4746],[126.4098,36.4928],[126.4056,36.4878],[126.399,36.4882],[126.4018,36.5055],[126.3974,36.5112],[126.391,36.5094],[126.3944,36.5146],[126.3814,36.5144],[126.3781,36.5192],[126.3866,36.5243],[126.3749,36.542],[126.379,36.5493],[126.3752,36.5645],[126.3588,36.5722],[126.3751,36.5788],[126.3758,36.5873],[126.3715,36.5903],[126.3748,36.5966],[126.3599,36.6124],[126.3486,36.6102],[126.3478,36.6046],[126.3387,36.6078],[126.3222,36.5983],[126.3232,36.5834],[126.3116,36.5854],[126.3142,36.5711],[126.3277,36.5549],[126.3308,36.5294],[126.3279,36.5123],[126.3334,36.5039],[126.3387,36.5051],[126.3302,36.5],[126.3318,36.4845],[126.3242,36.4682],[126.3309,36.465],[126.3303,36.4413],[126.364,36.4406],[126.365,36.4372],[126.3575,36.4394],[126.351,36.4254],[126.3574,36.4244],[126.3623,36.4155],[126.376,36.4118],[126.3797,36.4206],[126.39,36.4219],[126.4004,36.4124],[126.4105,36.4134],[126.4123,36.405],[126.4275,36.3993],[126.4222,36.4101],[126.4346,36.4196],[126.4278,36.432],[126.4319,36.4373],[126.4214,36.4405],[126.4217,36.446],[126.4148,36.4512],[126.4069,36.4525],[126.4112,36.4582]]],[[[126.306,36.4547],[126.3017,36.4488],[126.3108,36.4481],[126.3128,36.4512],[126.306,36.4547]]],[[[126.2141,36.4285],[126.2119,36.4318],[126.2102,36.4286],[126.2141,36.4285]]],[[[126.2387,36.4558],[126.2314,36.4554],[126.2355,36.4516],[126.2322,36.4489],[126.2387,36.4558]]],[[[126.2026,36.5799],[126.2053,36.5852],[126.1955,36.5828],[126.1947,36.5785],[126.2021,36.5768],[126.1979,36.5719],[126.1889,36.5719],[126.1906,36.5684],[126.1963,36.5692],[126.2026,36.5799]]],[[[126.3774,36.6037],[126.3751,36.5967],[126.3807,36.5915],[126.3857,36.6043],[126.3774,36.6037]]],[[[126.1999,36.5965],[126.1975,36.5944],[126.2048,36.59],[126.1999,36.5965]]],[[[126.2436,36.6079],[126.2362,36.6067],[126.2393,36.603],[126.2341,36.5967],[126.2406,36.5944],[126.242,36.5882],[126.2436,36.6079]]],[[[126.2752,36.7314],[126.2795,36.7286],[126.2706,36.7267],[126.2731,36.7035],[126.2613,36.6955],[126.2664,36.6818],[126.2645,36.6737],[126.2843,36.6717],[126.2945,36.6578],[126.3011,36.6369],[126.2978,36.6204],[126.2888,36.6151],[126.286,36.6241],[126.2831,36.6222],[126.2873,36.6187],[126.2888,36.6023],[126.2831,36.5938],[126.2922,36.5848],[126.3028,36.5888],[126.3069,36.5954],[126.314,36.5884],[126.3353,36.6116],[126.3354,36.6187],[126.3537,36.6187],[126.3602,36.6249],[126.3473,36.6802],[126.3462,36.7307],[126.3438,36.741],[126.337,36.7429],[126.3475,36.7562],[126.3483,36.7783],[126.3551,36.7903],[126.335,36.815],[126.3224,36.8198],[126.3184,36.8141],[126.3047,36.8146],[126.2911,36.798],[126.2873,36.7995],[126.2889,36.8138],[126.2808,36.8178],[126.2828,36.8251],[126.2952,36.8243],[126.3153,36.8328],[126.317,36.8374],[126.2933,36.843],[126.2956,36.8528],[126.3042,36.8596],[126.3025,36.8642],[126.3118,36.8734],[126.3132,36.8835],[126.326,36.8853],[126.3307,36.8911],[126.3194,36.892],[126.3193,36.9033],[126.3003,36.9193],[126.3096,36.9296],[126.3017,36.9424],[126.3102,36.9562],[126.3052,36.9621],[126.292,36.9629],[126.3039,36.9677],[126.3047,36.9785],[126.2947,36.9695],[126.286,36.9695],[126.2847,36.9633],[126.2942,36.9293],[126.2842,36.9071],[126.2925,36.9011],[126.2807,36.9018],[126.2765,36.8978],[126.248,36.9095],[126.2494,36.914],[126.2123,36.8995],[126.2027,36.9049],[126.1975,36.8886],[126.1769,36.8845],[126.1915,36.8772],[126.1838,36.867],[126.1903,36.8674],[126.1919,36.8584],[126.1985,36.8557],[126.1912,36.8427],[126.1754,36.8324],[126.1872,36.8277],[126.1817,36.8198],[126.1857,36.8145],[126.1719,36.8117],[126.1745,36.8247],[126.1663,36.8306],[126.1711,36.8407],[126.1604,36.8417],[126.1586,36.8486],[126.1556,36.8434],[126.1499,36.8463],[126.1549,36.838],[126.1455,36.8377],[126.1607,36.8264],[126.1558,36.8165],[126.1494,36.817],[126.154,36.8109],[126.143,36.8087],[126.1497,36.8036],[126.1471,36.7958],[126.1425,36.7956],[126.1458,36.7911],[126.1387,36.7836],[126.1307,36.7871],[126.1353,36.7755],[126.1287,36.7781],[126.1312,36.7743],[126.1204,36.7739],[126.1164,36.7693],[126.1166,36.7729],[126.1116,36.7728],[126.1219,36.7645],[126.1221,36.7531],[126.1341,36.7485],[126.1335,36.7391],[126.1217,36.7258],[126.127,36.7179],[126.1207,36.7141],[126.1201,36.7078],[126.1431,36.729],[126.1505,36.7305],[126.1499,36.748],[126.1408,36.754],[126.1664,36.7583],[126.185,36.7533],[126.1825,36.7465],[126.1963,36.7383],[126.2058,36.7366],[126.2115,36.741],[126.2099,36.7309],[126.1992,36.7216],[126.2149,36.7273],[126.2229,36.722],[126.2177,36.7108],[126.2073,36.7052],[126.1661,36.7166],[126.1598,36.711],[126.1632,36.708],[126.1468,36.7028],[126.1556,36.6778],[126.1712,36.6798],[126.1963,36.6743],[126.1987,36.6846],[126.2081,36.6879],[126.2092,36.6931],[126.2306,36.695],[126.2312,36.7009],[126.2391,36.7029],[126.234,36.7076],[126.235,36.7181],[126.2481,36.7184],[126.2515,36.7137],[126.2752,36.7314]]],[[[126.1622,36.514],[126.1554,36.5111],[126.1619,36.5094],[126.1622,36.514]]],[[[126.1359,36.685],[126.1314,36.6876],[126.1238,36.6791],[126.1263,36.6766],[126.1351,36.6853],[126.1363,36.6756],[126.1313,36.6687],[126.1517,36.6775],[126.1481,36.6862],[126.1359,36.685]]],[[[125.5764,36.6179],[125.5711,36.6201],[125.5807,36.6128],[125.5764,36.6179]]],[[[125.7152,36.6318],[125.7105,36.6322],[125.7107,36.6281],[125.7183,36.6315],[125.7152,36.6318]]],[[[125.6917,36.6426],[125.689,36.6411],[125.7007,36.6385],[125.6917,36.6426]]],[[[125.8597,36.6665],[125.8575,36.6622],[125.8622,36.6621],[125.8597,36.6665]]],[[[126.0844,36.6918],[126.0805,36.6885],[126.083,36.684],[126.0727,36.6789],[126.0619,36.6801],[126.0489,36.67],[126.081,36.6725],[126.0802,36.6767],[126.0877,36.6801],[126.0844,36.6918]]],[[[125.9481,36.7265],[125.9418,36.7241],[125.9472,36.7217],[125.9481,36.7265]]],[[[126.3109,36.8618],[126.3139,36.8667],[126.3074,36.8651],[126.3109,36.8618]]],[[[126.3125,36.9432],[126.3072,36.9367],[126.3133,36.9392],[126.3125,36.9432]]],[[[126.1418,36.8029],[126.1387,36.8032],[126.1438,36.7999],[126.1418,36.8029]]]]}},{"type":"Feature","properties":{"gid":"KOR.3.15_2","provZh":"忠清南道","name2":"Yesan","type2":"Gun","engtype2":"County"},"geometry":{"type":"Polygon","coordinates":[[[126.8138,36.5311],[126.8252,36.529],[126.8329,36.5509],[126.8497,36.5718],[126.8722,36.5698],[126.8936,36.5593],[126.9103,36.5669],[126.931,36.5917],[126.9274,36.601],[126.9375,36.6158],[126.9358,36.6231],[126.9454,36.6281],[126.9435,36.6329],[126.9552,36.6454],[126.9591,36.6569],[126.9574,36.672],[126.9677,36.6792],[126.9723,36.6909],[126.95,36.7038],[126.9022,36.7023],[126.9045,36.7094],[126.8972,36.7236],[126.8866,36.7314],[126.8668,36.7294],[126.859,36.747],[126.839,36.753],[126.838,36.7606],[126.8309,36.7621],[126.8291,36.7732],[126.8352,36.7862],[126.8144,36.7858],[126.8249,36.7773],[126.8104,36.77],[126.8007,36.775],[126.8008,36.7663],[126.7873,36.7637],[126.772,36.7493],[126.7591,36.7633],[126.7468,36.7675],[126.7435,36.778],[126.7249,36.7985],[126.7135,36.8035],[126.6991,36.8019],[126.694,36.7849],[126.669,36.7806],[126.6634,36.7703],[126.6567,36.7756],[126.6503,36.7718],[126.6477,36.7594],[126.6532,36.7505],[126.6332,36.7579],[126.6332,36.7406],[126.6249,36.7336],[126.6088,36.733],[126.6023,36.72],[126.6096,36.7043],[126.6002,36.6969],[126.5982,36.6746],[126.589,36.6635],[126.5958,36.6517],[126.5871,36.6375],[126.5856,36.6185],[126.6025,36.6192],[126.6062,36.6253],[126.6155,36.6235],[126.6234,36.6091],[126.6263,36.6251],[126.6198,36.6372],[126.6282,36.6496],[126.6495,36.6485],[126.6594,36.6567],[126.7076,36.6629],[126.7048,36.6668],[126.7086,36.6725],[126.7254,36.6675],[126.7454,36.6707],[126.7371,36.6588],[126.7361,36.6484],[126.7518,36.6457],[126.7498,36.6353],[126.7576,36.6318],[126.756,36.6236],[126.7708,36.6165],[126.7724,36.594],[126.7485,36.5804],[126.7483,36.5575],[126.737,36.551],[126.741,36.5372],[126.7591,36.5274],[126.7691,36.5364],[126.8051,36.5267],[126.8138,36.5311]]]}},{"type":"Feature","properties":{"gid":"KOR.4.1_2","provZh":"大邱广域市","name2":"Buk","type2":"Gu","engtype2":"District"},"geometry":{"type":"Polygon","coordinates":[[[128.5951,35.8758],[128.6106,35.875],[128.607,35.8776],[128.617,35.8888],[128.6316,35.8931],[128.6269,35.9042],[128.6321,35.9079],[128.6318,35.9264],[128.6253,35.9357],[128.6267,35.9581],[128.6189,35.9765],[128.6034,35.9878],[128.5902,35.9792],[128.5571,35.9722],[128.5533,35.9608],[128.5435,35.9748],[128.5288,35.9804],[128.5267,35.9754],[128.5348,35.9584],[128.5344,35.9353],[128.5295,35.9236],[128.5077,35.907],[128.5048,35.8914],[128.5133,35.8932],[128.5339,35.8857],[128.5519,35.8972],[128.5548,35.8909],[128.5759,35.8876],[128.5818,35.8851],[128.58,35.8791],[128.5951,35.8758]]]}},{"type":"Feature","properties":{"gid":"KOR.4.2_2","provZh":"大邱广域市","name2":"Dalseo","type2":"Gu","engtype2":"District"},"geometry":{"type":"Polygon","coordinates":[[[128.5565,35.8575],[128.5481,35.8543],[128.5333,35.8588],[128.5191,35.8694],[128.5094,35.8696],[128.5006,35.8634],[128.4817,35.8683],[128.4731,35.8582],[128.4687,35.8385],[128.4811,35.8301],[128.4827,35.8155],[128.49,35.82],[128.5024,35.817],[128.5126,35.8111],[128.5079,35.8062],[128.5145,35.8058],[128.5288,35.7881],[128.5414,35.7898],[128.5545,35.7729],[128.5637,35.7739],[128.5703,35.7799],[128.567,35.795],[128.5852,35.7989],[128.5878,35.8077],[128.5555,35.8344],[128.5736,35.8512],[128.5742,35.8626],[128.5565,35.8575]]]}},{"type":"Feature","properties":{"gid":"KOR.4.3_2","provZh":"大邱广域市","name2":"Dalseong","type2":"Gun","engtype2":"County"},"geometry":{"type":"MultiPolygon","coordinates":[[[[128.5306,35.7094],[128.5279,35.7127],[128.561,35.7297],[128.5648,35.7368],[128.5717,35.7346],[128.5805,35.7387],[128.5896,35.7315],[128.5942,35.7371],[128.6124,35.7385],[128.6149,35.7303],[128.6099,35.7249],[128.6162,35.7196],[128.6138,35.7102],[128.6198,35.7029],[128.6435,35.707],[128.6635,35.7205],[128.6832,35.7215],[128.692,35.7333],[128.6891,35.7398],[128.6955,35.7557],[128.6864,35.7687],[128.6825,35.7901],[128.6513,35.8028],[128.5915,35.8093],[128.5852,35.7989],[128.5694,35.7974],[128.5703,35.7799],[128.5545,35.7729],[128.5414,35.7898],[128.5288,35.7881],[128.5145,35.8058],[128.5079,35.8062],[128.5126,35.8111],[128.5,35.818],[128.49,35.82],[128.4704,35.8059],[128.4208,35.8094],[128.4081,35.7992],[128.3833,35.7586],[128.3912,35.7484],[128.4318,35.7256],[128.434,35.7071],[128.4231,35.6977],[128.4122,35.6958],[128.3589,35.7087],[128.3518,35.704],[128.3582,35.6808],[128.3979,35.6488],[128.4015,35.639],[128.4013,35.6327],[128.3884,35.6179],[128.3712,35.6096],[128.3824,35.6065],[128.4029,35.6173],[128.413,35.6166],[128.4229,35.6252],[128.4322,35.624],[128.4465,35.6384],[128.4603,35.6406],[128.4707,35.6366],[128.4785,35.6405],[128.4827,35.635],[128.5062,35.6396],[128.5107,35.6457],[128.5068,35.6501],[128.5076,35.6729],[128.5318,35.6833],[128.5347,35.6937],[128.5306,35.7094]]],[[[128.5088,35.8933],[128.5003,35.8864],[128.4906,35.8976],[128.4753,35.8945],[128.4684,35.8995],[128.4654,35.9086],[128.4728,35.9144],[128.4764,35.9344],[128.4542,35.9431],[128.4503,35.935],[128.4249,35.928],[128.4071,35.9007],[128.399,35.8999],[128.3842,35.8657],[128.3835,35.8528],[128.4447,35.8479],[128.4689,35.8396],[128.4731,35.8582],[128.4817,35.8683],[128.5006,35.8634],[128.5094,35.8696],[128.5191,35.8694],[128.5166,35.8838],[128.5264,35.8883],[128.5088,35.8933]]]]}},{"type":"Feature","properties":{"gid":"KOR.4.4_2","provZh":"大邱广域市","name2":"Dong","type2":"Gu","engtype2":"District"},"geometry":{"type":"Polygon","coordinates":[[[128.6337,35.871],[128.6511,35.8783],[128.6594,35.8768],[128.6758,35.8733],[128.6854,35.8592],[128.7241,35.8599],[128.7375,35.8512],[128.7598,35.8661],[128.7613,35.8875],[128.7566,35.9036],[128.7598,35.9068],[128.7367,35.9296],[128.7441,35.944],[128.738,35.9559],[128.7462,35.9729],[128.731,35.9854],[128.7349,35.993],[128.7264,36.0037],[128.6956,36.0162],[128.651,36.0073],[128.6407,36.0105],[128.6187,36.0064],[128.6034,35.9878],[128.6189,35.9765],[128.6267,35.9581],[128.6233,35.9462],[128.6326,35.9167],[128.6321,35.9079],[128.6269,35.9042],[128.6316,35.8931],[128.628,35.8895],[128.6222,35.8924],[128.6068,35.8769],[128.6147,35.8681],[128.6298,35.8667],[128.6337,35.871]]]}},{"type":"Feature","properties":{"gid":"KOR.4.5_2","provZh":"大邱广域市","name2":"Jung","type2":"Gu","engtype2":"District"},"geometry":{"type":"Polygon","coordinates":[[[128.596,35.8564],[128.6083,35.8549],[128.6147,35.8681],[128.6126,35.8739],[128.5777,35.8796],[128.5756,35.8731],[128.5796,35.8703],[128.5745,35.8601],[128.596,35.8564]]]}},{"type":"Feature","properties":{"gid":"KOR.4.6_2","provZh":"大邱广域市","name2":"Nam","type2":"Gu","engtype2":"District"},"geometry":{"type":"Polygon","coordinates":[[[128.5757,35.8163],[128.5842,35.8072],[128.6007,35.8157],[128.6077,35.8271],[128.6083,35.8549],[128.5745,35.8601],[128.5736,35.8512],[128.5555,35.8344],[128.5757,35.8163]]]}},{"type":"Feature","properties":{"gid":"KOR.4.7_2","provZh":"大邱广域市","name2":"Seo","type2":"Gu","engtype2":"District"},"geometry":{"type":"Polygon","coordinates":[[[128.5681,35.8887],[128.5548,35.8909],[128.5519,35.8972],[128.5347,35.8858],[128.5264,35.8883],[128.5166,35.8838],[128.5191,35.8694],[128.5481,35.8543],[128.5742,35.8626],[128.5818,35.8851],[128.5681,35.8887]]]}},{"type":"Feature","properties":{"gid":"KOR.4.8_2","provZh":"大邱广域市","name2":"Suseong","type2":"Gu","engtype2":"District"},"geometry":{"type":"Polygon","coordinates":[[[128.6427,35.8021],[128.6513,35.8028],[128.6825,35.7901],[128.6933,35.7968],[128.6998,35.795],[128.7175,35.8068],[128.7086,35.8266],[128.725,35.836],[128.7269,35.8472],[128.7219,35.8569],[128.7259,35.8579],[128.686,35.859],[128.68,35.8621],[128.6758,35.8733],[128.6513,35.8783],[128.6298,35.8667],[128.6147,35.8681],[128.6081,35.8594],[128.6077,35.8271],[128.5915,35.8093],[128.6427,35.8021]]]}},{"type":"Feature","properties":{"gid":"KOR.5.1_2","provZh":"大田广域市","name2":"Daedeok","type2":"Gu","engtype2":"District"},"geometry":{"type":"Polygon","coordinates":[[[127.4307,36.3591],[127.4383,36.36],[127.4452,36.3508],[127.4543,36.3544],[127.465,36.3515],[127.466,36.3603],[127.4512,36.381],[127.4553,36.4],[127.4761,36.4193],[127.4877,36.4385],[127.5045,36.4518],[127.5006,36.4562],[127.4869,36.4528],[127.4783,36.4573],[127.484,36.4766],[127.4703,36.4737],[127.4626,36.4561],[127.4548,36.4503],[127.4472,36.4492],[127.4359,36.4564],[127.4021,36.456],[127.3895,36.4452],[127.3912,36.4388],[127.4133,36.4238],[127.4203,36.4137],[127.4137,36.403],[127.4111,36.3802],[127.3931,36.3712],[127.4039,36.3496],[127.415,36.3409],[127.4307,36.3591]]]}},{"type":"Feature","properties":{"gid":"KOR.5.2_2","provZh":"大田广域市","name2":"Dong","type2":"Gu","engtype2":"District"},"geometry":{"type":"Polygon","coordinates":[[[127.4914,36.2964],[127.499,36.3057],[127.4946,36.312],[127.503,36.3256],[127.5006,36.3393],[127.5229,36.3555],[127.5249,36.3875],[127.5392,36.3979],[127.554,36.3949],[127.5597,36.3982],[127.5456,36.4088],[127.5423,36.4193],[127.5243,36.4234],[127.5145,36.4225],[127.5105,36.4096],[127.5016,36.4087],[127.4899,36.4324],[127.4911,36.4398],[127.4553,36.4],[127.4512,36.381],[127.466,36.3603],[127.4646,36.351],[127.4546,36.3544],[127.4452,36.3508],[127.4354,36.3608],[127.4196,36.3483],[127.4211,36.3444],[127.4137,36.3439],[127.4402,36.3127],[127.4484,36.3094],[127.4582,36.2937],[127.4482,36.2921],[127.4457,36.2962],[127.4274,36.291],[127.4395,36.2703],[127.427,36.2545],[127.4357,36.2528],[127.4432,36.2386],[127.4338,36.2278],[127.4241,36.2278],[127.4261,36.2116],[127.4223,36.2081],[127.4335,36.1986],[127.4437,36.1948],[127.4556,36.2008],[127.4542,36.207],[127.4696,36.2152],[127.4675,36.2227],[127.49,36.2335],[127.4932,36.2411],[127.486,36.2612],[127.4888,36.2727],[127.4988,36.2828],[127.4914,36.2964]]]}},{"type":"Feature","properties":{"gid":"KOR.5.3_2","provZh":"大田广域市","name2":"Jung","type2":"Gu","engtype2":"District"},"geometry":{"type":"Polygon","coordinates":[[[127.4198,36.2074],[127.4261,36.2116],[127.4241,36.2278],[127.4338,36.2278],[127.4432,36.2386],[127.4357,36.2528],[127.427,36.2545],[127.4395,36.2703],[127.4278,36.292],[127.4457,36.2962],[127.4482,36.2921],[127.4582,36.2937],[127.4291,36.3301],[127.4039,36.3496],[127.4029,36.3386],[127.3858,36.3203],[127.3819,36.2974],[127.3675,36.2849],[127.3725,36.2722],[127.3903,36.2623],[127.3873,36.2342],[127.3993,36.2325],[127.4106,36.2176],[127.408,36.2129],[127.4198,36.2074]]]}},{"type":"Feature","properties":{"gid":"KOR.5.4_2","provZh":"大田广域市","name2":"Seo","type2":"Gu","engtype2":"District"},"geometry":{"type":"Polygon","coordinates":[[[127.361,36.2645],[127.3629,36.2691],[127.3718,36.2702],[127.3675,36.2849],[127.3819,36.2974],[127.3802,36.305],[127.3871,36.3127],[127.389,36.3278],[127.4032,36.3392],[127.4046,36.3533],[127.3931,36.3713],[127.3747,36.3715],[127.3507,36.3534],[127.3541,36.3331],[127.3359,36.3301],[127.3397,36.3177],[127.3325,36.3018],[127.3223,36.2973],[127.3192,36.287],[127.3113,36.2825],[127.31,36.273],[127.2957,36.2675],[127.2794,36.2524],[127.2818,36.2358],[127.2923,36.2298],[127.2938,36.2231],[127.3026,36.2219],[127.3043,36.2296],[127.3215,36.2134],[127.323,36.2037],[127.3336,36.2007],[127.3298,36.1942],[127.3327,36.1835],[127.3476,36.1976],[127.3495,36.208],[127.3645,36.2198],[127.3601,36.2267],[127.3651,36.2436],[127.3596,36.2547],[127.361,36.2645]]]}},{"type":"Feature","properties":{"gid":"KOR.5.5_2","provZh":"大田广域市","name2":"Yuseong","type2":"Gu","engtype2":"District"},"geometry":{"type":"Polygon","coordinates":[[[127.265,36.328],[127.2598,36.3272],[127.2598,36.2957],[127.2541,36.2969],[127.2467,36.291],[127.2588,36.2761],[127.2919,36.2642],[127.31,36.273],[127.3113,36.2825],[127.3192,36.287],[127.3223,36.2973],[127.3325,36.3018],[127.3397,36.3177],[127.3359,36.3301],[127.3538,36.3323],[127.3507,36.3534],[127.3747,36.3715],[127.3931,36.3713],[127.4099,36.3786],[127.4137,36.403],[127.4203,36.4137],[127.3895,36.4419],[127.4021,36.456],[127.4041,36.4811],[127.3961,36.4917],[127.3839,36.5002],[127.3692,36.4886],[127.3602,36.4885],[127.364,36.4748],[127.3565,36.4633],[127.3586,36.4559],[127.3449,36.4444],[127.3376,36.4283],[127.3164,36.4205],[127.3109,36.4247],[127.2964,36.4232],[127.2911,36.4162],[127.2821,36.4146],[127.2781,36.3867],[127.281,36.3749],[127.2777,36.3653],[127.2706,36.3609],[127.2791,36.3448],[127.2657,36.338],[127.265,36.328]]]}},{"type":"Feature","properties":{"gid":"KOR.6.1_2","provZh":"江原道","name2":"Cheorwon","type2":"Gun","engtype2":"County"},"geometry":{"type":"Polygon","coordinates":[[[127.4349,38.1192],[127.4419,38.1244],[127.4538,38.1174],[127.4572,38.1227],[127.4826,38.1246],[127.4953,38.133],[127.5028,38.1485],[127.4907,38.1592],[127.5042,38.1735],[127.5086,38.1992],[127.5245,38.2006],[127.5424,38.2168],[127.5391,38.222],[127.5432,38.2309],[127.5587,38.2325],[127.579,38.2562],[127.5973,38.2627],[127.594,38.2779],[127.5985,38.2825],[127.6074,38.2847],[127.6237,38.2658],[127.6346,38.2614],[127.672,38.2639],[127.6828,38.2523],[127.7046,38.2481],[127.7131,38.2504],[127.7122,38.2593],[127.7329,38.2787],[127.7822,38.2881],[127.8016,38.2772],[127.8115,38.288],[127.8608,38.2826],[127.8885,38.3088],[127.8784,38.3133],[127.8294,38.3008],[127.7973,38.3231],[127.7888,38.3388],[127.7638,38.3275],[127.7026,38.3299],[127.6818,38.319],[127.6537,38.3246],[127.6136,38.3211],[127.6013,38.3305],[127.5861,38.3331],[127.5551,38.3246],[127.4989,38.2978],[127.452,38.3166],[127.4353,38.3153],[127.4013,38.3311],[127.3797,38.3302],[127.3597,38.3217],[127.3376,38.3218],[127.3256,38.3139],[127.3077,38.3163],[127.2995,38.3129],[127.2861,38.3147],[127.2749,38.3229],[127.2387,38.3273],[127.2072,38.3125],[127.168,38.3018],[127.1394,38.3072],[127.0957,38.2831],[127.1043,38.2799],[127.1017,38.2734],[127.1107,38.271],[127.1081,38.2583],[127.1136,38.2368],[127.1312,38.2328],[127.1489,38.2423],[127.1633,38.2385],[127.1597,38.2195],[127.1712,38.2135],[127.1751,38.2055],[127.1697,38.1977],[127.1789,38.1877],[127.1892,38.1882],[127.1859,38.1739],[127.1889,38.1618],[127.222,38.1374],[127.2238,38.147],[127.2344,38.1471],[127.2394,38.1566],[127.2563,38.1632],[127.2664,38.1804],[127.2831,38.1829],[127.2883,38.1769],[127.298,38.1752],[127.284,38.1595],[127.2864,38.1526],[127.2748,38.1367],[127.2758,38.1242],[127.2807,38.1254],[127.2863,38.1146],[127.3095,38.1183],[127.3207,38.0947],[127.337,38.0898],[127.3398,38.1013],[127.3659,38.1069],[127.3786,38.1184],[127.4035,38.113],[127.4055,38.103],[127.4144,38.1022],[127.4349,38.1192]]]}},{"type":"Feature","properties":{"gid":"KOR.6.2_2","provZh":"江原道","name2":"Chuncheon","type2":"Si","engtype2":"City"},"geometry":{"type":"Polygon","coordinates":[[[127.5112,37.7364],[127.5061,37.7242],[127.5118,37.7157],[127.5247,37.7265],[127.5402,37.7195],[127.5675,37.7327],[127.5892,37.7254],[127.5946,37.7197],[127.5942,37.7047],[127.6096,37.7007],[127.6079,37.6769],[127.6127,37.6756],[127.623,37.6812],[127.6261,37.6948],[127.6356,37.6983],[127.6415,37.6946],[127.6426,37.6803],[127.6495,37.6802],[127.6527,37.6995],[127.6778,37.6951],[127.6841,37.7019],[127.6795,37.7114],[127.701,37.7165],[127.7118,37.7276],[127.743,37.7416],[127.7547,37.7325],[127.7818,37.7423],[127.7949,37.735],[127.8139,37.7484],[127.8323,37.7413],[127.8448,37.7495],[127.8403,37.7562],[127.8549,37.7634],[127.8564,37.7694],[127.8432,37.7897],[127.8249,37.7983],[127.8276,37.8205],[127.8136,37.8333],[127.8155,37.841],[127.8221,37.8457],[127.8483,37.8356],[127.8693,37.8366],[127.8782,37.8495],[127.8765,37.8565],[127.8907,37.8631],[127.9083,37.8554],[127.9057,37.8494],[127.9185,37.8442],[127.9293,37.8277],[127.934,37.8271],[127.9371,37.8356],[127.9461,37.8411],[127.943,37.8477],[127.9501,37.8632],[127.9575,37.8738],[127.9728,37.8825],[127.9711,37.8987],[127.9863,37.9123],[127.9836,37.9234],[127.9948,37.9361],[127.9873,37.9518],[127.9775,37.9571],[127.9845,37.966],[127.984,37.9888],[128.0153,37.9966],[128.0296,38.0147],[128.0249,38.0195],[128.013,38.019],[127.9933,38.0016],[127.9838,38.0103],[127.9869,38.0255],[127.9554,38.0387],[127.947,38.0313],[127.9449,38.0184],[127.9345,38.0138],[127.9041,38.0303],[127.9027,38.0507],[127.879,38.0473],[127.8552,38.0523],[127.8492,38.0363],[127.8581,38.0188],[127.8304,38.0084],[127.8271,38.0008],[127.8132,38.0037],[127.7882,37.9943],[127.7792,38.0137],[127.7734,38.0143],[127.77,38.0279],[127.7472,38.0395],[127.7328,38.0356],[127.7254,38.0251],[127.7135,38.0239],[127.7002,38.0382],[127.6709,38.0348],[127.6541,38.0238],[127.6481,38.0334],[127.652,38.0545],[127.6251,38.051],[127.6054,38.0611],[127.6078,38.0717],[127.5968,38.0799],[127.5661,38.0839],[127.5657,38.0677],[127.5796,38.0558],[127.5741,38.0509],[127.5786,38.0398],[127.5669,38.0319],[127.5639,38.022],[127.5448,38.0195],[127.5399,38.0006],[127.5472,37.9783],[127.5443,37.9694],[127.6024,37.955],[127.6025,37.9463],[127.6121,37.9406],[127.616,37.9309],[127.6121,37.9209],[127.6171,37.9064],[127.6037,37.8745],[127.5779,37.874],[127.5633,37.8564],[127.5273,37.8365],[127.5246,37.825],[127.5374,37.8105],[127.5208,37.7925],[127.5409,37.7709],[127.5449,37.7601],[127.5341,37.7486],[127.5112,37.7364]]]}},{"type":"Feature","properties":{"gid":"KOR.6.3_2","provZh":"江原道","name2":"Donghae","type2":"Si","engtype2":"City"},"geometry":{"type":"Polygon","coordinates":[[[129.0622,37.4596],[129.0768,37.4564],[129.0958,37.4634],[129.1074,37.4558],[129.1179,37.4605],[129.1348,37.4532],[129.1394,37.4648],[129.1508,37.4657],[129.1597,37.4757],[129.148,37.4909],[129.1413,37.4929],[129.1447,37.4969],[129.1268,37.4876],[129.1244,37.4907],[129.1362,37.4964],[129.1312,37.5014],[129.1356,37.5041],[129.149,37.4976],[129.1351,37.5049],[129.1229,37.5191],[129.1259,37.5253],[129.1147,37.5362],[129.1122,37.5494],[129.1171,37.5517],[129.1206,37.5392],[129.1178,37.5495],[129.1217,37.5577],[129.1168,37.5763],[129.0749,37.6049],[129.0687,37.5989],[129.0557,37.5971],[129.0596,37.5885],[129.051,37.5764],[129.0471,37.5466],[129.0381,37.5497],[129.0186,37.5383],[128.9985,37.5428],[128.9867,37.5341],[128.9734,37.5337],[128.961,37.5126],[128.9651,37.5054],[128.9744,37.5034],[128.971,37.4927],[128.986,37.493],[128.9897,37.4845],[128.9857,37.4828],[128.9847,37.4704],[128.9678,37.4605],[128.9576,37.4466],[128.9725,37.4345],[129.0044,37.4268],[129.0102,37.4359],[129.0372,37.4528],[129.0622,37.4596]]]}},{"type":"Feature","properties":{"gid":"KOR.6.4_2","provZh":"江原道","name2":"Gangneung","type2":"Si","engtype2":"City"},"geometry":{"type":"Polygon","coordinates":[[[129.0705,37.6009],[129.0749,37.6049],[129.0539,37.6258],[129.0638,37.6233],[129.0515,37.627],[129.044,37.6409],[129.057,37.6587],[129.0554,37.6754],[129.0165,37.7051],[128.9959,37.7256],[128.9888,37.74],[128.9514,37.7674],[128.9519,37.7728],[128.9571,37.7713],[128.9467,37.7736],[128.8809,37.8277],[128.8755,37.8344],[128.8759,37.8375],[128.8794,37.8342],[128.8772,37.841],[128.8302,37.8842],[128.8325,37.8947],[128.835,37.8859],[128.8317,37.9041],[128.81,37.9175],[128.8034,37.913],[128.7828,37.9143],[128.7755,37.9101],[128.7537,37.9123],[128.7324,37.8999],[128.7186,37.9034],[128.6692,37.8858],[128.6642,37.8908],[128.6429,37.8949],[128.6244,37.8816],[128.6208,37.8724],[128.6012,37.8707],[128.588,37.862],[128.5805,37.8261],[128.6,37.8088],[128.6017,37.7699],[128.6104,37.7662],[128.614,37.7705],[128.6236,37.7696],[128.6373,37.7825],[128.6708,37.7669],[128.6798,37.773],[128.6984,37.7713],[128.7089,37.768],[128.7254,37.7495],[128.7438,37.7414],[128.7446,37.7234],[128.7532,37.7107],[128.765,37.6729],[128.7525,37.6698],[128.7329,37.6535],[128.7287,37.6368],[128.7358,37.6287],[128.7366,37.6097],[128.723,37.6113],[128.7121,37.5886],[128.684,37.5938],[128.679,37.5699],[128.6941,37.5412],[128.7071,37.5322],[128.7209,37.5292],[128.7376,37.5475],[128.762,37.5415],[128.7774,37.5442],[128.793,37.5372],[128.7976,37.5184],[128.8117,37.5099],[128.8138,37.5033],[128.834,37.5131],[128.8431,37.5126],[128.8543,37.5242],[128.8638,37.5752],[128.8735,37.5897],[128.8845,37.5929],[128.8978,37.5867],[128.9057,37.5671],[128.9057,37.5526],[128.9129,37.5529],[128.9328,37.5389],[128.9551,37.5414],[128.9612,37.5487],[128.9734,37.5337],[128.9867,37.5341],[128.9986,37.5428],[129.0188,37.5383],[129.0381,37.5497],[129.0471,37.5466],[129.051,37.5764],[129.0596,37.5885],[129.0557,37.5971],[129.0705,37.6009]]]}},{"type":"Feature","properties":{"gid":"KOR.6.5_2","provZh":"江原道","name2":"Goseong","type2":"Gun","engtype2":"County"},"geometry":{"type":"Polygon","coordinates":[[[128.4973,38.3839],[128.4768,38.4021],[128.4567,38.4316],[128.455,38.4452],[128.4618,38.4489],[128.4592,38.4433],[128.467,38.4501],[128.4496,38.4713],[128.4403,38.4757],[128.4385,38.4873],[128.4301,38.4907],[128.4266,38.5037],[128.421,38.5064],[128.4184,38.5128],[128.4235,38.5227],[128.4119,38.5312],[128.4051,38.5445],[128.4105,38.5472],[128.4108,38.5559],[128.4048,38.5554],[128.4019,38.5647],[128.372,38.5906],[128.3585,38.6118],[128.3174,38.5899],[128.315,38.5533],[128.3207,38.5109],[128.3097,38.4847],[128.3121,38.4727],[128.2892,38.4344],[128.2264,38.3891],[128.2336,38.3873],[128.2292,38.379],[128.2337,38.3724],[128.2387,38.3763],[128.2485,38.3708],[128.2696,38.3762],[128.2725,38.3657],[128.2645,38.3516],[128.2709,38.337],[128.2875,38.3401],[128.3121,38.3306],[128.3086,38.3211],[128.3215,38.2952],[128.3192,38.2661],[128.3591,38.2657],[128.3685,38.2358],[128.3788,38.2454],[128.3884,38.2471],[128.3967,38.2394],[128.4174,38.2545],[128.4248,38.2532],[128.4386,38.2392],[128.4411,38.2048],[128.4545,38.1981],[128.4666,38.1986],[128.4798,38.1874],[128.4992,38.2022],[128.5221,38.2076],[128.5337,38.2158],[128.5743,38.2218],[128.5849,38.2308],[128.5602,38.258],[128.5558,38.2738],[128.5601,38.2713],[128.5539,38.2751],[128.5471,38.2912],[128.5512,38.3035],[128.5284,38.3215],[128.5287,38.3325],[128.5135,38.3461],[128.5128,38.3563],[128.5075,38.3609],[128.5128,38.3686],[128.5107,38.3732],[128.4973,38.3839]]]}},{"type":"Feature","properties":{"gid":"KOR.6.6_2","provZh":"江原道","name2":"Hoengseong","type2":"Gun","engtype2":"County"},"geometry":{"type":"Polygon","coordinates":[[[128.1781,37.3765],[128.1856,37.3929],[128.2207,37.3942],[128.2362,37.3879],[128.2447,37.3956],[128.2559,37.3958],[128.2591,37.4051],[128.2655,37.4084],[128.2541,37.428],[128.2577,37.4385],[128.2463,37.446],[128.2435,37.4797],[128.2639,37.4846],[128.2768,37.5025],[128.2976,37.5118],[128.3023,37.538],[128.2943,37.544],[128.2979,37.555],[128.2949,37.5656],[128.2793,37.5919],[128.2801,37.5985],[128.286,37.6019],[128.2794,37.6105],[128.283,37.6206],[128.2539,37.6274],[128.2358,37.6252],[128.2087,37.6491],[128.1996,37.6517],[128.1865,37.6444],[128.1858,37.6496],[128.1659,37.6593],[128.1641,37.6647],[128.1526,37.6591],[128.1462,37.6725],[128.1367,37.6799],[128.1142,37.6747],[128.1125,37.6649],[128.1056,37.6594],[128.1141,37.6545],[128.1094,37.6514],[128.0795,37.6492],[128.0646,37.6354],[128.0311,37.6222],[128.0201,37.6132],[128.0139,37.6155],[128.0122,37.6262],[127.9924,37.6277],[127.9712,37.6381],[127.9675,37.6269],[127.9592,37.6256],[127.9512,37.6111],[127.8926,37.5972],[127.8938,37.5851],[127.8724,37.5622],[127.8737,37.5574],[127.8499,37.5535],[127.842,37.5389],[127.8096,37.5379],[127.7855,37.5133],[127.7599,37.5033],[127.76,37.4929],[127.7747,37.4917],[127.7896,37.4748],[127.7998,37.4724],[127.7963,37.463],[127.7999,37.4387],[127.8198,37.4466],[127.84,37.4338],[127.8513,37.4086],[127.8476,37.4008],[127.8511,37.3955],[127.868,37.3996],[127.8708,37.4176],[127.8639,37.4253],[127.8634,37.4362],[127.877,37.4669],[127.8845,37.4702],[127.8889,37.4662],[127.8971,37.4686],[127.8959,37.4723],[127.9054,37.4727],[127.9097,37.4864],[127.9291,37.5069],[127.9397,37.5012],[127.9329,37.4871],[127.9493,37.4544],[127.965,37.4509],[127.9832,37.4594],[128.0026,37.4568],[128.0164,37.4459],[128.0589,37.4451],[128.0635,37.4359],[128.0842,37.4267],[128.0886,37.4143],[128.0974,37.4064],[128.0788,37.4],[128.0719,37.3919],[128.0768,37.3737],[128.0727,37.3674],[128.0497,37.366],[128.0384,37.3541],[128.0394,37.3435],[128.0337,37.3325],[128.0401,37.3191],[128.052,37.3085],[128.1086,37.2988],[128.118,37.304],[128.1159,37.3182],[128.1295,37.3285],[128.1686,37.3224],[128.1729,37.3271],[128.168,37.3381],[128.1865,37.3414],[128.1781,37.3765]]]}},{"type":"Feature","properties":{"gid":"KOR.6.7_2","provZh":"江原道","name2":"Hongcheon","type2":"Gun","engtype2":"County"},"geometry":{"type":"Polygon","coordinates":[[[127.8944,37.5913],[127.8934,37.5978],[127.9512,37.6111],[127.9592,37.6256],[127.9675,37.6269],[127.9712,37.6381],[127.9924,37.6277],[128.0122,37.6262],[128.0139,37.6155],[128.0201,37.6132],[128.0311,37.6222],[128.0646,37.6354],[128.0795,37.6492],[128.0933,37.6531],[128.1041,37.6498],[128.1141,37.6545],[128.1056,37.6594],[128.1187,37.6786],[128.1374,37.6796],[128.1526,37.6591],[128.1641,37.6647],[128.1659,37.6593],[128.1858,37.6496],[128.1865,37.6444],[128.1996,37.6517],[128.2087,37.6491],[128.2358,37.6252],[128.2703,37.6327],[128.275,37.6402],[128.2766,37.6689],[128.3044,37.6912],[128.3125,37.7032],[128.3234,37.69],[128.358,37.6994],[128.3761,37.6916],[128.4044,37.6883],[128.4352,37.6924],[128.4439,37.7007],[128.4449,37.7177],[128.4578,37.7308],[128.4662,37.7285],[128.4787,37.7347],[128.5222,37.7297],[128.528,37.733],[128.524,37.764],[128.5332,37.771],[128.5444,37.8009],[128.5564,37.8095],[128.5691,37.8075],[128.5827,37.8214],[128.5816,37.8377],[128.5888,37.861],[128.5738,37.8646],[128.5668,37.8756],[128.5595,37.8756],[128.541,37.8911],[128.5118,37.8801],[128.5059,37.8869],[128.4966,37.8849],[128.4814,37.893],[128.4404,37.864],[128.4317,37.8667],[128.4225,37.882],[128.4144,37.8853],[128.4006,37.8612],[128.3824,37.8586],[128.3661,37.847],[128.3652,37.8336],[128.3468,37.8262],[128.3283,37.8339],[128.3201,37.8307],[128.3076,37.8435],[128.3051,37.8576],[128.2934,37.8698],[128.2629,37.858],[128.2561,37.8396],[128.2347,37.8222],[128.212,37.8121],[128.1846,37.83],[128.1801,37.835],[128.1811,37.8428],[128.1687,37.8513],[128.1688,37.8708],[128.1743,37.8849],[128.1638,37.8877],[128.1608,37.8951],[128.0919,37.8981],[128.0455,37.9225],[128.0301,37.9445],[128.0086,37.9379],[127.9951,37.9412],[127.9929,37.9309],[127.9836,37.9234],[127.9863,37.9123],[127.9711,37.8987],[127.9728,37.8825],[127.9575,37.8738],[127.9447,37.853],[127.9461,37.8411],[127.9371,37.8356],[127.9328,37.8264],[127.9185,37.8442],[127.9057,37.8494],[127.9083,37.8554],[127.8907,37.8631],[127.8765,37.8565],[127.8782,37.8495],[127.8693,37.8366],[127.8483,37.8356],[127.8221,37.8457],[127.8155,37.841],[127.8136,37.8333],[127.8276,37.8205],[127.8249,37.7983],[127.8432,37.7897],[127.8564,37.7694],[127.8549,37.7634],[127.8403,37.7562],[127.8448,37.7495],[127.8332,37.7419],[127.8139,37.7484],[127.7949,37.735],[127.7818,37.7423],[127.7547,37.7325],[127.743,37.7416],[127.7118,37.7276],[127.701,37.7165],[127.6795,37.7114],[127.6841,37.7019],[127.6778,37.6951],[127.6527,37.6995],[127.6495,37.6802],[127.6426,37.6803],[127.6415,37.6946],[127.6356,37.6983],[127.6261,37.6948],[127.623,37.6812],[127.6127,37.6756],[127.6079,37.6769],[127.6096,37.7007],[127.5942,37.7047],[127.5935,37.7212],[127.5675,37.7327],[127.5599,37.7286],[127.5618,37.7196],[127.5509,37.6883],[127.549,37.6686],[127.5528,37.6615],[127.5439,37.6517],[127.5357,37.6507],[127.5379,37.6415],[127.5594,37.6285],[127.5647,37.6332],[127.5807,37.6334],[127.5849,37.6423],[127.6062,37.6508],[127.6273,37.6427],[127.6394,37.6326],[127.647,37.6327],[127.6515,37.6229],[127.6638,37.6238],[127.6675,37.6173],[127.6962,37.6008],[127.7008,37.5961],[127.6982,37.5909],[127.7079,37.5864],[127.7231,37.5906],[127.7447,37.5879],[127.7541,37.5921],[127.7666,37.5827],[127.7844,37.5781],[127.7941,37.5853],[127.8042,37.5791],[127.8141,37.5642],[127.8364,37.5604],[127.8481,37.5523],[127.8596,37.5577],[127.8737,37.5574],[127.8724,37.5622],[127.889,37.5769],[127.8944,37.5913]]]}},{"type":"Feature","properties":{"gid":"KOR.6.8_2","provZh":"江原道","name2":"Hwacheon","type2":"Gun","engtype2":"County"},"geometry":{"type":"Polygon","coordinates":[[[127.895,38.0511],[127.9027,38.0506],[127.9136,38.0585],[127.9044,38.0701],[127.9078,38.0804],[127.9014,38.0905],[127.8883,38.0935],[127.8848,38.1098],[127.8878,38.1153],[127.8762,38.1191],[127.8755,38.159],[127.8812,38.1695],[127.8753,38.1912],[127.8782,38.1977],[127.8517,38.2089],[127.8527,38.2301],[127.8582,38.2352],[127.8534,38.2581],[127.8632,38.2818],[127.8376,38.2873],[127.8115,38.288],[127.8016,38.2772],[127.7822,38.2881],[127.7329,38.2787],[127.7122,38.2593],[127.7131,38.2504],[127.7046,38.2481],[127.6828,38.2523],[127.672,38.2639],[127.6346,38.2614],[127.6237,38.2658],[127.6074,38.2847],[127.5985,38.2825],[127.594,38.2779],[127.5973,38.2627],[127.579,38.2562],[127.5587,38.2325],[127.5432,38.2309],[127.5391,38.222],[127.5424,38.2168],[127.5245,38.2006],[127.5086,38.1992],[127.5042,38.1735],[127.4907,38.1592],[127.5028,38.1485],[127.4953,38.133],[127.4826,38.1246],[127.4572,38.1227],[127.4538,38.1174],[127.4413,38.1243],[127.4305,38.1154],[127.4405,38.1088],[127.4452,38.0975],[127.4446,38.0573],[127.4529,38.0472],[127.451,38.0381],[127.4575,38.017],[127.4716,38.0065],[127.4974,38.0037],[127.5039,37.998],[127.5399,38.0006],[127.5448,38.0195],[127.5639,38.022],[127.5669,38.0319],[127.5786,38.0398],[127.5741,38.0509],[127.5796,38.0558],[127.5642,38.0717],[127.5656,38.083],[127.5716,38.0848],[127.5968,38.0799],[127.6078,38.0717],[127.6054,38.0611],[127.6251,38.051],[127.652,38.0545],[127.6481,38.0334],[127.6541,38.0238],[127.6709,38.0348],[127.7002,38.0382],[127.7135,38.0239],[127.7254,38.0251],[127.7328,38.0356],[127.7472,38.0395],[127.77,38.0279],[127.7734,38.0143],[127.7792,38.0137],[127.7882,37.9943],[127.8132,38.0037],[127.8271,38.0008],[127.8304,38.0084],[127.8581,38.0188],[127.8492,38.0363],[127.8552,38.0523],[127.879,38.0473],[127.895,38.0511]]]}},{"type":"Feature","properties":{"gid":"KOR.6.9_2","provZh":"江原道","name2":"Inje","type2":"Gun","engtype2":"County"},"geometry":{"type":"Polygon","coordinates":[[[128.4129,37.8823],[128.4215,37.8829],[128.4317,37.8667],[128.4404,37.864],[128.4487,37.8734],[128.4769,37.8869],[128.4818,37.8946],[128.4735,37.9004],[128.4766,37.9221],[128.4636,37.9357],[128.4665,37.9475],[128.4737,37.9615],[128.4951,37.9641],[128.4965,37.9818],[128.5129,38.0047],[128.5136,38.013],[128.5026,38.0173],[128.5008,38.0381],[128.4862,38.0539],[128.477,38.0482],[128.4632,38.0492],[128.4414,38.0581],[128.4256,38.0488],[128.4102,38.0719],[128.4042,38.0961],[128.4103,38.099],[128.411,38.1112],[128.4277,38.108],[128.4658,38.1213],[128.466,38.1369],[128.4431,38.1496],[128.4379,38.1549],[128.4385,38.1627],[128.4211,38.1767],[128.4265,38.1891],[128.4384,38.1926],[128.4423,38.2037],[128.4377,38.2141],[128.4386,38.2392],[128.4248,38.2532],[128.4174,38.2545],[128.3973,38.2396],[128.3866,38.2471],[128.3721,38.2426],[128.3685,38.2358],[128.3591,38.2657],[128.3192,38.2661],[128.3215,38.2952],[128.3086,38.3211],[128.3121,38.3306],[128.2875,38.3401],[128.2709,38.337],[128.2645,38.3516],[128.2725,38.3657],[128.2696,38.3762],[128.2485,38.3708],[128.2387,38.3763],[128.2337,38.3724],[128.2292,38.379],[128.2336,38.3873],[128.2264,38.3891],[128.2125,38.3701],[128.2086,38.3726],[128.1761,38.3561],[128.1452,38.3315],[128.1098,38.3292],[128.0904,38.3142],[128.113,38.3277],[128.1415,38.3243],[128.1549,38.3293],[128.1707,38.3156],[128.1683,38.2889],[128.1724,38.2814],[128.1601,38.2689],[128.1581,38.2587],[128.1243,38.2409],[128.1167,38.2251],[128.1214,38.2137],[128.099,38.1923],[128.1055,38.1849],[128.1041,38.1783],[128.0976,38.175],[128.097,38.1626],[128.0864,38.1522],[128.0878,38.1385],[128.1,38.1298],[128.0981,38.1242],[128.105,38.1086],[128.1013,38.1029],[128.0901,38.1012],[128.0888,38.0929],[128.1019,38.0765],[128.113,38.0712],[128.1181,38.0476],[128.1124,38.0354],[128.0964,38.0284],[128.0804,38.0342],[128.0691,38.0468],[128.0609,38.0473],[128.0564,38.0311],[128.0604,38.0151],[128.0432,38.0201],[128.0251,38.0117],[128.0153,37.9966],[127.984,37.9888],[127.9845,37.966],[127.9775,37.9571],[128.0012,37.9373],[128.0301,37.9445],[128.0455,37.9225],[128.0919,37.8981],[128.1608,37.8951],[128.1638,37.8877],[128.1743,37.8849],[128.1688,37.8708],[128.1687,37.8513],[128.1811,37.8428],[128.1801,37.835],[128.1846,37.83],[128.212,37.8121],[128.2347,37.8222],[128.2561,37.8396],[128.2629,37.858],[128.2934,37.8698],[128.3051,37.8576],[128.3076,37.8435],[128.3201,37.8307],[128.3283,37.8339],[128.3475,37.8263],[128.3652,37.8336],[128.3661,37.847],[128.3824,37.8586],[128.4006,37.8612],[128.4129,37.8823]]]}},{"type":"Feature","properties":{"gid":"KOR.6.10_2","provZh":"江原道","name2":"Jeongseon","type2":"Gun","engtype2":"County"},"geometry":{"type":"Polygon","coordinates":[[[128.9117,37.2132],[128.9055,37.2179],[128.8979,37.2487],[128.8799,37.2648],[128.8887,37.2759],[128.8746,37.2807],[128.8722,37.2904],[128.8588,37.3002],[128.8597,37.3072],[128.878,37.3238],[128.87,37.3294],[128.8668,37.339],[128.8459,37.3412],[128.858,37.3809],[128.869,37.3915],[128.8707,37.4003],[128.8954,37.4096],[128.9028,37.4372],[128.9106,37.4363],[128.9371,37.4511],[128.9576,37.4466],[128.9678,37.4605],[128.9847,37.4704],[128.9883,37.49],[128.9718,37.492],[128.9744,37.5034],[128.9619,37.5095],[128.9734,37.5337],[128.9612,37.5487],[128.9551,37.5414],[128.9373,37.5378],[128.9129,37.5529],[128.9057,37.5526],[128.9057,37.5671],[128.8978,37.5867],[128.8825,37.5924],[128.8735,37.5897],[128.8638,37.5752],[128.8588,37.5612],[128.862,37.5536],[128.8594,37.5413],[128.8489,37.5156],[128.8138,37.5033],[128.8117,37.5099],[128.7976,37.5184],[128.7908,37.5392],[128.7392,37.5477],[128.7209,37.5292],[128.7071,37.5322],[128.6941,37.5412],[128.6765,37.5706],[128.6675,37.5685],[128.6737,37.5566],[128.6451,37.5531],[128.6419,37.5415],[128.6354,37.5397],[128.6252,37.5732],[128.6155,37.5755],[128.5896,37.5603],[128.5894,37.5405],[128.5825,37.5329],[128.5753,37.4938],[128.5845,37.4873],[128.5735,37.4893],[128.5649,37.5006],[128.5566,37.489],[128.5634,37.4614],[128.5522,37.4564],[128.5238,37.4636],[128.5149,37.457],[128.513,37.45],[128.519,37.4344],[128.5062,37.417],[128.5139,37.4041],[128.5389,37.3997],[128.5533,37.3702],[128.5472,37.3549],[128.5662,37.3453],[128.5711,37.3266],[128.5846,37.3066],[128.5797,37.2987],[128.5964,37.2826],[128.5843,37.2742],[128.582,37.2667],[128.5694,37.2711],[128.566,37.2667],[128.5659,37.2533],[128.5767,37.2451],[128.5788,37.2202],[128.5862,37.2212],[128.6002,37.2128],[128.6044,37.2183],[128.6193,37.2186],[128.6225,37.2134],[128.6183,37.2066],[128.6465,37.1818],[128.6603,37.1868],[128.6944,37.1846],[128.6992,37.19],[128.7319,37.1977],[128.7467,37.2108],[128.7543,37.2116],[128.7683,37.2032],[128.797,37.196],[128.8151,37.1849],[128.8203,37.1763],[128.8335,37.1757],[128.8426,37.1671],[128.8848,37.1688],[128.8932,37.1521],[128.9005,37.1471],[128.9119,37.1493],[128.9176,37.1612],[128.9119,37.1773],[128.9161,37.2118],[128.9117,37.2132]]]}},{"type":"Feature","properties":{"gid":"KOR.6.11_2","provZh":"江原道","name2":"Pyeongchang","type2":"Gun","engtype2":"County"},"geometry":{"type":"Polygon","coordinates":[[[128.5081,37.4148],[128.5063,37.4182],[128.519,37.4344],[128.513,37.45],[128.5149,37.457],[128.5238,37.4636],[128.5522,37.4564],[128.5634,37.4614],[128.5566,37.489],[128.5649,37.5006],[128.5735,37.4893],[128.5845,37.4873],[128.5753,37.4938],[128.5825,37.5329],[128.5894,37.5405],[128.5896,37.5603],[128.6155,37.5755],[128.6252,37.5732],[128.6346,37.5397],[128.6419,37.5415],[128.6451,37.5531],[128.6737,37.5566],[128.6675,37.5685],[128.679,37.5699],[128.684,37.5938],[128.7121,37.5886],[128.723,37.6113],[128.7366,37.6097],[128.7358,37.6287],[128.7287,37.6368],[128.7329,37.6535],[128.7525,37.6698],[128.765,37.6729],[128.7532,37.7107],[128.7446,37.7234],[128.7438,37.7414],[128.7254,37.7495],[128.7089,37.768],[128.6984,37.7713],[128.6798,37.773],[128.6708,37.7669],[128.6373,37.7825],[128.6236,37.7696],[128.614,37.7705],[128.6104,37.7662],[128.6024,37.7693],[128.5988,37.7745],[128.6,37.8088],[128.5827,37.8214],[128.5691,37.8075],[128.5564,37.8095],[128.5438,37.8002],[128.5332,37.771],[128.524,37.764],[128.5264,37.7316],[128.4787,37.7347],[128.4662,37.7285],[128.4578,37.7308],[128.4449,37.7177],[128.4439,37.7007],[128.4352,37.6924],[128.4155,37.688],[128.3761,37.6916],[128.3599,37.6993],[128.3234,37.69],[128.3125,37.7032],[128.3044,37.6912],[128.2766,37.6689],[128.275,37.6402],[128.2703,37.6327],[128.2539,37.6274],[128.283,37.6206],[128.2794,37.6105],[128.286,37.6019],[128.2801,37.5985],[128.2793,37.5919],[128.294,37.5681],[128.2979,37.555],[128.2939,37.545],[128.3023,37.538],[128.302,37.5304],[128.2976,37.5118],[128.2768,37.5025],[128.2639,37.4846],[128.2436,37.48],[128.2463,37.446],[128.2577,37.4385],[128.2541,37.428],[128.2655,37.4084],[128.2933,37.4021],[128.2975,37.3887],[128.3272,37.3761],[128.3165,37.3535],[128.3228,37.3437],[128.3248,37.3209],[128.3304,37.3226],[128.3431,37.3117],[128.3576,37.3086],[128.3772,37.2894],[128.3972,37.2973],[128.4085,37.2943],[128.4057,37.3016],[128.4108,37.3087],[128.4047,37.3208],[128.414,37.3394],[128.425,37.343],[128.4528,37.3357],[128.463,37.3242],[128.4611,37.3113],[128.4647,37.3067],[128.4967,37.3034],[128.5009,37.2893],[128.5198,37.2876],[128.529,37.2925],[128.5359,37.2839],[128.5564,37.2885],[128.5645,37.2793],[128.5747,37.2797],[128.579,37.2712],[128.5759,37.2671],[128.582,37.2667],[128.5843,37.2742],[128.5964,37.2826],[128.5797,37.2987],[128.5846,37.3066],[128.5711,37.3266],[128.5662,37.3453],[128.5472,37.3549],[128.5533,37.3702],[128.5389,37.3997],[128.5139,37.4041],[128.5081,37.4148]]]}},{"type":"Feature","properties":{"gid":"KOR.6.12_2","provZh":"江原道","name2":"Samcheok","type2":"Si","engtype2":"City"},"geometry":{"type":"Polygon","coordinates":[[[129.2271,37.075],[129.249,37.0962],[129.266,37.1023],[129.272,37.117],[129.2946,37.1144],[129.3011,37.1266],[129.3181,37.133],[129.3248,37.1423],[129.3332,37.1407],[129.3395,37.1468],[129.3639,37.1462],[129.3519,37.1642],[129.3585,37.1666],[129.3432,37.1749],[129.3476,37.1768],[129.3428,37.1959],[129.3475,37.2121],[129.3414,37.2259],[129.3567,37.2356],[129.3501,37.2389],[129.3487,37.2478],[129.342,37.2487],[129.3408,37.2547],[129.3277,37.2634],[129.3291,37.2804],[129.3204,37.2824],[129.3185,37.2897],[129.3112,37.2861],[129.3004,37.2929],[129.3021,37.3021],[129.2973,37.3111],[129.2887,37.3095],[129.2703,37.3216],[129.267,37.3433],[129.2508,37.363],[129.2523,37.3764],[129.2574,37.3798],[129.2242,37.395],[129.2021,37.4112],[129.188,37.438],[129.1974,37.4321],[129.1875,37.4559],[129.1583,37.4762],[129.1508,37.4657],[129.1394,37.4648],[129.1348,37.4532],[129.1179,37.4605],[129.1074,37.4558],[129.0958,37.4634],[129.0768,37.4564],[129.0652,37.4603],[129.0482,37.457],[129.0102,37.4359],[129.0044,37.4268],[128.9752,37.4332],[128.9551,37.4494],[128.9371,37.4511],[128.9106,37.4363],[128.9032,37.4376],[128.8979,37.4303],[128.8954,37.4096],[128.8707,37.4003],[128.869,37.3915],[128.858,37.3809],[128.8459,37.3404],[128.8668,37.339],[128.87,37.3294],[128.878,37.3238],[128.8597,37.3072],[128.8588,37.3002],[128.8722,37.2904],[128.8746,37.2807],[128.8887,37.2759],[128.8799,37.2648],[128.8979,37.2487],[128.9055,37.2179],[128.9171,37.2255],[128.9181,37.24],[128.9354,37.2454],[128.9244,37.273],[128.9366,37.2741],[128.941,37.2794],[128.9415,37.2889],[128.9464,37.2902],[128.9433,37.3055],[128.951,37.3078],[128.9687,37.3334],[128.9953,37.336],[129.0083,37.3455],[129.0124,37.3359],[128.9982,37.3249],[128.9983,37.3193],[129.018,37.3047],[129.0039,37.2884],[129.0144,37.2749],[129.0056,37.2643],[129.0103,37.2552],[129.0016,37.2506],[129.0018,37.2447],[128.9899,37.2413],[128.9932,37.2353],[129.0079,37.2326],[129.0044,37.2271],[129.0105,37.2208],[129.0,37.2179],[128.9989,37.2078],[129.0089,37.1986],[129.0113,37.1865],[129.0272,37.175],[129.0718,37.1699],[129.0719,37.1602],[129.0886,37.1582],[129.0887,37.1439],[129.0954,37.1384],[129.0879,37.1141],[129.0957,37.1003],[129.1661,37.0692],[129.1854,37.0417],[129.2253,37.0446],[129.2389,37.0394],[129.2327,37.0442],[129.2285,37.0572],[129.2331,37.0639],[129.2271,37.075]]]}},{"type":"Feature","properties":{"gid":"KOR.6.13_2","provZh":"江原道","name2":"Sokcho","type2":"Si","engtype2":"City"},"geometry":{"type":"MultiPolygon","coordinates":[[[[128.4468,38.2024],[128.4414,38.2031],[128.4384,38.1926],[128.4265,38.1891],[128.4211,38.1767],[128.4385,38.1627],[128.4379,38.1549],[128.4431,38.1496],[128.466,38.1369],[128.4649,38.1192],[128.4913,38.1365],[128.5299,38.1361],[128.5351,38.1486],[128.5598,38.1483],[128.5703,38.1543],[128.5712,38.1612],[128.606,38.1595],[128.6092,38.1633],[128.6061,38.1739],[128.6148,38.181],[128.598,38.1974],[128.6002,38.202],[128.5934,38.2006],[128.5935,38.1916],[128.5822,38.1929],[128.5945,38.2107],[128.6027,38.2077],[128.6021,38.2147],[128.5903,38.2211],[128.5849,38.2308],[128.5736,38.2215],[128.5381,38.2174],[128.5221,38.2076],[128.5014,38.2033],[128.4846,38.188],[128.478,38.1883],[128.4666,38.1986],[128.4468,38.2024]]],[[[128.5961,38.2063],[128.5933,38.2015],[128.5995,38.2066],[128.5961,38.2063]]]]}},{"type":"Feature","properties":{"gid":"KOR.6.14_2","provZh":"江原道","name2":"Taebaek","type2":"Si","engtype2":"City"},"geometry":{"type":"Polygon","coordinates":[[[129.0913,37.0972],[129.0957,37.1003],[129.0879,37.1142],[129.0954,37.1384],[129.0887,37.1439],[129.0886,37.1582],[129.0719,37.1602],[129.0718,37.1699],[129.0272,37.175],[129.0113,37.1865],[129.0089,37.1986],[128.9989,37.2078],[129.0,37.2179],[129.0105,37.2208],[129.0044,37.2271],[129.0079,37.2326],[128.9932,37.2353],[128.9899,37.2413],[129.0018,37.2447],[129.0016,37.2506],[129.0104,37.2555],[129.0056,37.2643],[129.0144,37.2749],[129.0039,37.2884],[129.0184,37.3035],[128.9984,37.319],[128.998,37.3246],[129.0125,37.3388],[129.0074,37.3456],[128.9953,37.336],[128.9687,37.3334],[128.951,37.3078],[128.9433,37.3055],[128.9464,37.2902],[128.9415,37.2889],[128.941,37.2794],[128.9366,37.2741],[128.9244,37.273],[128.9354,37.2454],[128.9181,37.24],[128.9171,37.2255],[128.908,37.2165],[128.9161,37.2118],[128.9119,37.1773],[128.9176,37.1612],[128.9119,37.1493],[128.8907,37.1441],[128.8869,37.1363],[128.8892,37.1247],[128.8695,37.1125],[128.87,37.1078],[128.8874,37.1017],[128.8886,37.0917],[128.8756,37.0733],[128.8884,37.0617],[128.9051,37.066],[128.9103,37.0683],[128.9218,37.0914],[128.9457,37.0938],[128.9593,37.0776],[128.9886,37.0844],[129.0367,37.0762],[129.0594,37.0652],[129.0674,37.0745],[129.0704,37.0882],[129.0913,37.0972]]]}},{"type":"Feature","properties":{"gid":"KOR.6.15_2","provZh":"江原道","name2":"Wonju","type2":"Si","engtype2":"City"},"geometry":{"type":"Polygon","coordinates":[[[128.0349,37.1906],[128.0743,37.1931],[128.1034,37.2031],[128.1117,37.2079],[128.1253,37.2345],[128.142,37.2286],[128.1542,37.2159],[128.1671,37.2148],[128.1731,37.2191],[128.1741,37.2326],[128.2012,37.249],[128.2086,37.2489],[128.2117,37.2755],[128.2169,37.2778],[128.2141,37.2882],[128.2066,37.2878],[128.1945,37.2973],[128.1788,37.2919],[128.1778,37.2795],[128.1634,37.2739],[128.1166,37.2723],[128.1099,37.2807],[128.1077,37.2993],[128.0483,37.311],[128.0337,37.3325],[128.0394,37.3435],[128.0384,37.3541],[128.0497,37.366],[128.0727,37.3674],[128.0768,37.3737],[128.0719,37.3919],[128.0788,37.4],[128.0974,37.4064],[128.096,37.4102],[128.0886,37.4143],[128.0842,37.4267],[128.0635,37.4359],[128.0589,37.4451],[128.0164,37.4459],[128.0026,37.4568],[127.9832,37.4594],[127.965,37.4509],[127.9493,37.4544],[127.9329,37.4871],[127.9397,37.5012],[127.9291,37.5069],[127.9097,37.4864],[127.9054,37.4727],[127.8959,37.4723],[127.8971,37.4686],[127.8889,37.4662],[127.8845,37.4702],[127.877,37.4669],[127.8634,37.4362],[127.8639,37.4253],[127.8708,37.4176],[127.8672,37.3991],[127.8511,37.3955],[127.8476,37.4008],[127.8513,37.4086],[127.84,37.4338],[127.8206,37.4463],[127.8005,37.4386],[127.804,37.4288],[127.7946,37.4243],[127.7841,37.3888],[127.7767,37.3833],[127.7789,37.3708],[127.7595,37.3673],[127.7579,37.3464],[127.7627,37.3343],[127.759,37.3312],[127.7677,37.3029],[127.7496,37.296],[127.7605,37.2729],[127.7469,37.24],[127.7489,37.2183],[127.7443,37.2075],[127.756,37.1709],[127.7653,37.1593],[127.7895,37.1434],[127.8474,37.1529],[127.8532,37.1603],[127.8613,37.1553],[127.862,37.161],[127.8721,37.1643],[127.8866,37.1611],[127.8989,37.1498],[127.9086,37.1671],[127.9246,37.1645],[127.9336,37.1758],[127.9363,37.1888],[127.9325,37.207],[127.9217,37.2254],[127.9389,37.2407],[127.9799,37.2583],[128.008,37.2521],[128.019,37.2448],[128.023,37.2256],[128.039,37.2154],[128.0284,37.203],[128.0349,37.1906]]]}},{"type":"Feature","properties":{"gid":"KOR.6.16_2","provZh":"江原道","name2":"Yanggu","type2":"Gun","engtype2":"County"},"geometry":{"type":"Polygon","coordinates":[[[128.0249,38.0195],[128.0308,38.014],[128.0451,38.0203],[128.0604,38.0151],[128.0564,38.0311],[128.0609,38.0473],[128.0691,38.0468],[128.0804,38.0342],[128.0945,38.0284],[128.1137,38.037],[128.1181,38.0476],[128.113,38.0712],[128.0999,38.0785],[128.088,38.0958],[128.105,38.1086],[128.0981,38.1242],[128.1,38.1298],[128.0878,38.1385],[128.0864,38.1522],[128.097,38.1626],[128.0976,38.175],[128.1041,38.1783],[128.1055,38.1849],[128.099,38.1923],[128.1214,38.2137],[128.1167,38.2251],[128.1243,38.2409],[128.1581,38.2587],[128.1601,38.2689],[128.1724,38.2814],[128.1683,38.2889],[128.1707,38.3157],[128.1549,38.3293],[128.1415,38.3243],[128.113,38.3277],[128.0918,38.3146],[128.068,38.3069],[128.047,38.305],[128.0181,38.3117],[128.013,38.2942],[128.016,38.2899],[128.0026,38.2755],[127.9918,38.2787],[127.9858,38.2735],[127.9764,38.2867],[127.9487,38.3044],[127.8949,38.3129],[127.8626,38.2832],[127.8638,38.2767],[127.8534,38.2581],[127.8582,38.2352],[127.8527,38.2301],[127.8517,38.2089],[127.8782,38.1977],[127.8753,38.1912],[127.8812,38.1695],[127.8755,38.159],[127.8753,38.1248],[127.8762,38.1191],[127.8878,38.1153],[127.8848,38.1098],[127.8883,38.0935],[127.9011,38.0909],[127.9078,38.0804],[127.9044,38.0701],[127.9136,38.0585],[127.9027,38.0506],[127.9041,38.0303],[127.9382,38.0142],[127.9449,38.0184],[127.947,38.0313],[127.9554,38.0387],[127.9869,38.0255],[127.9838,38.0103],[127.9933,38.0016],[128.013,38.019],[128.0249,38.0195]]]}},{"type":"Feature","properties":{"gid":"KOR.6.17_2","provZh":"江原道","name2":"Yangyang","type2":"Gun","engtype2":"County"},"geometry":{"type":"Polygon","coordinates":[[[128.806,37.9157],[128.81,37.9175],[128.7881,37.9365],[128.7856,37.9435],[128.7892,37.9454],[128.7767,37.9512],[128.7632,37.9663],[128.7659,37.9715],[128.7599,37.9762],[128.7641,37.98],[128.7552,37.9832],[128.7306,38.0071],[128.7362,38.022],[128.7247,38.024],[128.684,38.058],[128.6761,38.0671],[128.6748,38.0809],[128.6648,38.0906],[128.6685,38.0898],[128.6354,38.1166],[128.6127,38.1435],[128.6087,38.1613],[128.5712,38.1612],[128.5703,38.1543],[128.5598,38.1483],[128.5351,38.1486],[128.5299,38.1361],[128.4913,38.1365],[128.4672,38.119],[128.4581,38.1212],[128.4277,38.108],[128.4106,38.1109],[128.4103,38.099],[128.4042,38.0961],[128.4102,38.0719],[128.4252,38.049],[128.4414,38.0581],[128.4632,38.0492],[128.477,38.0482],[128.4862,38.0539],[128.5008,38.0381],[128.5026,38.0173],[128.5136,38.013],[128.5129,38.0047],[128.4965,37.9818],[128.4951,37.9641],[128.4723,37.9603],[128.4636,37.9357],[128.4766,37.9221],[128.4737,37.9],[128.4966,37.8849],[128.5059,37.8869],[128.5127,37.8801],[128.541,37.8911],[128.5595,37.8756],[128.5668,37.8756],[128.5738,37.8646],[128.5882,37.862],[128.6012,37.8707],[128.6208,37.8724],[128.6244,37.8816],[128.6429,37.8949],[128.6642,37.8908],[128.6692,37.8858],[128.7186,37.9034],[128.7324,37.8999],[128.7537,37.9123],[128.7755,37.9101],[128.806,37.9157]]]}},{"type":"Feature","properties":{"gid":"KOR.6.18_2","provZh":"江原道","name2":"Yeongwol","type2":"Gun","engtype2":"County"},"geometry":{"type":"Polygon","coordinates":[[[128.6459,37.0691],[128.6579,37.0608],[128.6891,37.0531],[128.7004,37.0408],[128.7187,37.0438],[128.7346,37.0402],[128.7538,37.0278],[128.7625,37.0379],[128.7523,37.0559],[128.7566,37.0686],[128.7654,37.064],[128.7705,37.0753],[128.7778,37.0797],[128.7736,37.0875],[128.7806,37.0924],[128.7994,37.0869],[128.8,37.079],[128.8079,37.076],[128.8294,37.0785],[128.8317,37.0674],[128.8469,37.0516],[128.8725,37.0439],[128.8785,37.0533],[128.8964,37.0445],[128.8981,37.0576],[128.9103,37.0683],[128.8884,37.0617],[128.8767,37.0718],[128.8756,37.0785],[128.8886,37.0917],[128.8874,37.1017],[128.8691,37.1096],[128.8892,37.1247],[128.8892,37.1425],[128.9005,37.1471],[128.8932,37.1521],[128.8848,37.1688],[128.8426,37.1671],[128.8335,37.1757],[128.8203,37.1763],[128.8151,37.1849],[128.797,37.196],[128.7683,37.2032],[128.7543,37.2116],[128.7467,37.2108],[128.7319,37.1977],[128.6992,37.19],[128.6944,37.1846],[128.6603,37.1868],[128.6421,37.1824],[128.6335,37.1966],[128.6183,37.2066],[128.6225,37.2134],[128.6193,37.2186],[128.6044,37.2183],[128.6002,37.2128],[128.5774,37.2223],[128.5767,37.2451],[128.5649,37.2581],[128.5683,37.2709],[128.579,37.2712],[128.5747,37.2797],[128.5645,37.2793],[128.5525,37.2892],[128.5359,37.2839],[128.529,37.2925],[128.5198,37.2876],[128.5009,37.2893],[128.4967,37.3034],[128.4814,37.3026],[128.4625,37.3085],[128.463,37.3242],[128.4487,37.3376],[128.4181,37.3428],[128.4047,37.3208],[128.4108,37.3087],[128.4057,37.3016],[128.4088,37.2947],[128.3972,37.2973],[128.3827,37.289],[128.3722,37.2911],[128.3576,37.3086],[128.3431,37.3117],[128.3304,37.3226],[128.3248,37.3209],[128.3228,37.3437],[128.3165,37.3535],[128.3272,37.3761],[128.2975,37.3887],[128.2943,37.401],[128.2828,37.4067],[128.2605,37.4065],[128.2538,37.3932],[128.2447,37.3956],[128.2362,37.3879],[128.2207,37.3942],[128.1852,37.3927],[128.178,37.3751],[128.1865,37.3414],[128.168,37.3381],[128.1728,37.3252],[128.1667,37.3218],[128.1309,37.3288],[128.1159,37.3182],[128.118,37.304],[128.1086,37.2988],[128.1072,37.2928],[128.1155,37.2725],[128.1634,37.2739],[128.1778,37.2795],[128.1788,37.2919],[128.1961,37.2974],[128.2066,37.2878],[128.2141,37.2882],[128.2169,37.2778],[128.2117,37.2755],[128.2078,37.2488],[128.2292,37.2276],[128.2509,37.2296],[128.2684,37.2079],[128.3091,37.2175],[128.3166,37.2234],[128.3301,37.2162],[128.3264,37.1973],[128.3134,37.1968],[128.3105,37.1873],[128.2956,37.1833],[128.2981,37.1717],[128.2811,37.1734],[128.2644,37.1604],[128.2733,37.1476],[128.2962,37.1341],[128.3064,37.1375],[128.3111,37.1458],[128.3247,37.1481],[128.3275,37.1529],[128.3307,37.1503],[128.3371,37.1579],[128.3515,37.1574],[128.3597,37.1502],[128.3644,37.1564],[128.3765,37.1524],[128.3841,37.158],[128.4009,37.1469],[128.4037,37.1396],[128.396,37.1286],[128.4185,37.1198],[128.4247,37.1025],[128.4352,37.1113],[128.4453,37.1075],[128.4512,37.1121],[128.4778,37.1102],[128.4966,37.1258],[128.51,37.114],[128.5142,37.1037],[128.5312,37.1],[128.5381,37.0896],[128.5538,37.0866],[128.5617,37.0902],[128.5744,37.0813],[128.5918,37.0782],[128.6016,37.0831],[128.6064,37.0767],[128.6226,37.0874],[128.6282,37.0752],[128.6459,37.0691]]]}},{"type":"Feature","properties":{"gid":"KOR.7.1_2","provZh":"光州广域市","name2":"Buk","type2":"Gu","engtype2":"District"},"geometry":{"type":"Polygon","coordinates":[[[126.9363,35.2388],[126.9294,35.2524],[126.9094,35.2584],[126.8895,35.2467],[126.8792,35.248],[126.8796,35.2515],[126.8443,35.237],[126.8349,35.229],[126.838,35.224],[126.8447,35.2259],[126.857,35.2175],[126.852,35.1983],[126.8589,35.1944],[126.8604,35.1857],[126.8387,35.1784],[126.8842,35.1697],[126.8878,35.1614],[126.9072,35.1514],[126.9163,35.1655],[126.9205,35.1545],[126.9389,35.1612],[126.9552,35.1522],[126.9514,35.1445],[126.9552,35.1405],[126.9824,35.1376],[126.9926,35.1227],[127.0106,35.1243],[127.0077,35.1559],[127.0114,35.1662],[127.0209,35.1673],[127.0214,35.173],[127.0,35.1888],[126.9858,35.1886],[126.982,35.1839],[126.974,35.1861],[126.9717,35.1798],[126.9681,35.1811],[126.9586,35.1931],[126.9655,35.2034],[126.9561,35.2088],[126.9489,35.2191],[126.9518,35.2246],[126.9363,35.2388]]]}},{"type":"Feature","properties":{"gid":"KOR.7.2_2","provZh":"光州广域市","name2":"Dong","type2":"Gu","engtype2":"District"},"geometry":{"type":"Polygon","coordinates":[[[127.0012,35.1218],[126.9926,35.1227],[126.9824,35.1376],[126.9552,35.1405],[126.9514,35.1445],[126.9552,35.1522],[126.9389,35.1612],[126.9205,35.1545],[126.9163,35.1655],[126.9072,35.1514],[126.9296,35.1264],[126.9118,35.1156],[126.9214,35.0972],[126.9194,35.0916],[126.9323,35.0744],[126.9519,35.0732],[126.9665,35.0894],[126.9877,35.094],[126.9864,35.1059],[126.9999,35.1141],[127.0043,35.1211],[127.0012,35.1218]]]}},{"type":"Feature","properties":{"gid":"KOR.7.3_2","provZh":"光州广域市","name2":"Gwangsan","type2":"Gu","engtype2":"District"},"geometry":{"type":"Polygon","coordinates":[[[126.8051,35.1055],[126.8028,35.1123],[126.8159,35.1169],[126.8222,35.1267],[126.819,35.1328],[126.8297,35.1415],[126.8251,35.1658],[126.8374,35.1708],[126.8414,35.1818],[126.8502,35.1796],[126.8604,35.1857],[126.8589,35.1944],[126.8521,35.1972],[126.857,35.2175],[126.853,35.2219],[126.8382,35.2239],[126.8253,35.2319],[126.8239,35.2258],[126.8054,35.2183],[126.7557,35.2341],[126.7552,35.2411],[126.7638,35.254],[126.7579,35.2584],[126.7419,35.251],[126.7372,35.2529],[126.7187,35.2226],[126.7177,35.2124],[126.7026,35.2076],[126.6871,35.2152],[126.6776,35.2025],[126.6771,35.191],[126.6532,35.1925],[126.6721,35.1731],[126.6542,35.1646],[126.6535,35.1528],[126.645,35.1466],[126.6533,35.144],[126.6517,35.1205],[126.6571,35.1133],[126.6691,35.1113],[126.6675,35.1051],[126.6844,35.1076],[126.6849,35.112],[126.6975,35.1076],[126.7054,35.113],[126.7293,35.1075],[126.7324,35.1129],[126.754,35.0926],[126.7619,35.091],[126.7713,35.0702],[126.7845,35.0737],[126.8022,35.0916],[126.8009,35.1009],[126.8051,35.1055]]]}},{"type":"Feature","properties":{"gid":"KOR.7.4_2","provZh":"光州广域市","name2":"Nam","type2":"Gu","engtype2":"District"},"geometry":{"type":"Polygon","coordinates":[[[126.7738,35.071],[126.7532,35.0648],[126.7567,35.0582],[126.7663,35.0639],[126.7675,35.0557],[126.7744,35.0527],[126.7955,35.0611],[126.8073,35.051],[126.8186,35.0528],[126.826,35.062],[126.8441,35.0654],[126.8556,35.0784],[126.8717,35.0743],[126.8854,35.0816],[126.892,35.078],[126.9045,35.0814],[126.9214,35.0972],[126.9118,35.1156],[126.9296,35.1264],[126.9097,35.1492],[126.8943,35.1515],[126.8854,35.1466],[126.8883,35.1428],[126.8833,35.1389],[126.8875,35.1339],[126.8877,35.1169],[126.8736,35.1194],[126.8706,35.1102],[126.8477,35.1058],[126.8201,35.0909],[126.8053,35.0954],[126.7852,35.0742],[126.7738,35.071]]]}},{"type":"Feature","properties":{"gid":"KOR.7.5_2","provZh":"光州广域市","name2":"Seo","type2":"Gu","engtype2":"District"},"geometry":{"type":"Polygon","coordinates":[[[126.8006,35.0973],[126.8025,35.0935],[126.8201,35.0909],[126.8477,35.1058],[126.8706,35.1102],[126.8736,35.1194],[126.8877,35.1169],[126.8854,35.1466],[126.8965,35.1522],[126.9097,35.1492],[126.8878,35.1614],[126.8842,35.1697],[126.8387,35.1784],[126.8374,35.1708],[126.8245,35.1646],[126.8294,35.1408],[126.819,35.1328],[126.8222,35.1267],[126.8159,35.1169],[126.8028,35.1123],[126.8058,35.1039],[126.8006,35.0973]]]}},{"type":"Feature","properties":{"gid":"KOR.8.1_2","provZh":"京畿道","name2":"Ansan","type2":"Si","engtype2":"City"},"geometry":{"type":"MultiPolygon","coordinates":[[[[126.461,37.0884],[126.4586,37.093],[126.4554,37.0912],[126.461,37.0884]]],[[[126.4492,37.1043],[126.4495,37.0953],[126.4537,37.0972],[126.4492,37.1043]]],[[[126.3948,37.1125],[126.3803,37.1143],[126.3798,37.1057],[126.3925,37.0992],[126.3948,37.1125]]],[[[126.5423,37.2056],[126.5338,37.1991],[126.5381,37.1985],[126.5423,37.2056]]],[[[126.5823,37.2877],[126.5858,37.291],[126.578,37.2928],[126.6162,37.3138],[126.6061,37.3126],[126.5779,37.2931],[126.5717,37.2977],[126.5772,37.2901],[126.5617,37.2773],[126.5564,37.2766],[126.5557,37.2835],[126.5328,37.2889],[126.5483,37.28],[126.5586,37.2668],[126.563,37.2553],[126.561,37.2423],[126.5693,37.237],[126.5444,37.2334],[126.5416,37.2246],[126.552,37.2235],[126.5571,37.2179],[126.544,37.215],[126.5446,37.206],[126.5569,37.202],[126.5627,37.193],[126.5695,37.1992],[126.576,37.2208],[126.5867,37.2206],[126.5906,37.2135],[126.6013,37.2215],[126.6048,37.2124],[126.5954,37.1983],[126.6049,37.2123],[126.6152,37.2095],[126.6099,37.2206],[126.5884,37.2333],[126.6003,37.2282],[126.6103,37.2294],[126.6109,37.2339],[126.6188,37.2295],[126.6221,37.2362],[126.629,37.2185],[126.626,37.2024],[126.6292,37.2183],[126.6408,37.2152],[126.6468,37.211],[126.6416,37.2044],[126.6465,37.1914],[126.6528,37.1998],[126.6554,37.2155],[126.653,37.2285],[126.637,37.2531],[126.6427,37.2719],[126.6312,37.2809],[126.6427,37.2713],[126.6415,37.2626],[126.643,37.269],[126.6368,37.2724],[126.6243,37.264],[126.5851,37.2852],[126.5892,37.29],[126.6098,37.2794],[126.589,37.2902],[126.5842,37.2845],[126.5823,37.2877]]],[[[126.857,37.3606],[126.8243,37.3659],[126.8115,37.3556],[126.7917,37.3525],[126.7924,37.3432],[126.7855,37.338],[126.7672,37.3427],[126.7499,37.3337],[126.7476,37.3248],[126.7385,37.3297],[126.7175,37.3083],[126.7676,37.2925],[126.8168,37.298],[126.8281,37.2796],[126.8378,37.2764],[126.8439,37.2675],[126.8631,37.2731],[126.8632,37.2815],[126.8736,37.2798],[126.8787,37.2851],[126.8898,37.282],[126.9009,37.2914],[126.9143,37.2908],[126.9273,37.2788],[126.9396,37.2954],[126.9302,37.3072],[126.915,37.3055],[126.9157,37.3155],[126.9076,37.3218],[126.8874,37.3178],[126.8732,37.3231],[126.8734,37.3292],[126.8854,37.3388],[126.8964,37.3595],[126.8906,37.3754],[126.8813,37.3774],[126.865,37.3619],[126.857,37.3606]]],[[[126.6273,37.2836],[126.6125,37.2786],[126.6301,37.2805],[126.6273,37.2836]]]]}},{"type":"Feature","properties":{"gid":"KOR.8.2_2","provZh":"京畿道","name2":"Anseong","type2":"Si","engtype2":"City"},"geometry":{"type":"Polygon","coordinates":[[[127.2984,36.9227],[127.2956,36.9313],[127.309,36.9294],[127.3268,36.9359],[127.3496,36.9528],[127.3576,36.9477],[127.3757,36.9487],[127.3873,36.9645],[127.4015,36.9677],[127.385,36.9836],[127.3931,36.9974],[127.4288,37.0022],[127.4408,37.0121],[127.4471,37.0109],[127.4509,37.0193],[127.4584,37.0205],[127.4569,37.0422],[127.4682,37.0535],[127.4834,37.0536],[127.506,37.0615],[127.5166,37.0816],[127.5118,37.0984],[127.5156,37.102],[127.5037,37.1095],[127.4989,37.1232],[127.4585,37.1303],[127.4474,37.1451],[127.4302,37.1482],[127.421,37.1261],[127.4125,37.1195],[127.4241,37.1119],[127.421,37.1064],[127.4241,37.1],[127.416,37.096],[127.4153,37.0889],[127.3989,37.0954],[127.3901,37.1079],[127.3769,37.1012],[127.3731,37.1059],[127.3591,37.1076],[127.3518,37.1004],[127.3271,37.1197],[127.3078,37.1057],[127.288,37.1317],[127.2735,37.1344],[127.2688,37.1543],[127.2642,37.1557],[127.2507,37.1454],[127.2538,37.138],[127.2508,37.1231],[127.2083,37.1111],[127.2083,37.1044],[127.1859,37.0836],[127.1544,37.0913],[127.1425,37.0877],[127.1235,37.0912],[127.1248,37.078],[127.1036,37.0759],[127.1036,37.0662],[127.1189,37.062],[127.125,37.0647],[127.1303,37.0588],[127.108,37.0389],[127.1073,37.0324],[127.113,37.0269],[127.1222,37.0351],[127.1527,37.0278],[127.1444,37.0132],[127.1541,36.9978],[127.1378,36.9939],[127.1329,36.9877],[127.1411,36.979],[127.1245,36.9768],[127.1212,36.9683],[127.1592,36.9698],[127.1554,36.9644],[127.1782,36.9625],[127.1805,36.9567],[127.2036,36.9505],[127.2116,36.9378],[127.2105,36.9305],[127.2203,36.9304],[127.244,36.9176],[127.2531,36.9224],[127.2586,36.9159],[127.2735,36.9115],[127.2875,36.8938],[127.3026,36.9143],[127.2984,36.9227]]]}},{"type":"Feature","properties":{"gid":"KOR.8.3_2","provZh":"京畿道","name2":"Anyang","type2":"Si","engtype2":"City"},"geometry":{"type":"Polygon","coordinates":[[[126.9648,37.3707],[126.9829,37.3999],[126.9773,37.403],[126.9737,37.4151],[126.9624,37.4209],[126.9654,37.4402],[126.9402,37.4357],[126.9284,37.4502],[126.9094,37.4339],[126.899,37.4387],[126.889,37.4114],[126.8792,37.409],[126.8712,37.4127],[126.8704,37.407],[126.8776,37.4051],[126.8813,37.3774],[126.8906,37.3754],[126.8964,37.3595],[126.9064,37.3615],[126.9184,37.3769],[126.9417,37.3787],[126.9479,37.3693],[126.9621,37.3615],[126.9662,37.3622],[126.9648,37.3707]]]}},{"type":"Feature","properties":{"gid":"KOR.8.4_2","provZh":"京畿道","name2":"Bucheon","type2":"Si","engtype2":"City"},"geometry":{"type":"Polygon","coordinates":[[[126.7782,37.4718],[126.8232,37.4584],[126.8329,37.4658],[126.8331,37.4772],[126.8147,37.4748],[126.8233,37.4879],[126.813,37.4964],[126.827,37.5085],[126.8243,37.5145],[126.8282,37.529],[126.8221,37.5407],[126.8072,37.5437],[126.7944,37.5358],[126.7906,37.5439],[126.7716,37.5483],[126.7662,37.5542],[126.7601,37.518],[126.7459,37.5152],[126.7416,37.5088],[126.7424,37.4869],[126.7543,37.4837],[126.7678,37.4717],[126.7782,37.4718]]]}},{"type":"Feature","properties":{"gid":"KOR.8.5_2","provZh":"京畿道","name2":"Dongducheon","type2":"Si","engtype2":"City"},"geometry":{"type":"Polygon","coordinates":[[[127.0823,37.8714],[127.0913,37.8711],[127.1089,37.8604],[127.1283,37.874],[127.1468,37.8762],[127.155,37.8956],[127.1493,37.8981],[127.1455,37.912],[127.1215,37.9165],[127.1086,37.9396],[127.0954,37.9443],[127.0993,37.9529],[127.0924,37.9588],[127.0914,37.9716],[127.0533,37.9807],[127.045,37.9731],[127.0418,37.9601],[127.0288,37.9559],[127.0278,37.9438],[127.0097,37.9282],[127.0134,37.9195],[127.0062,37.9152],[127.0124,37.9032],[127.0452,37.8954],[127.0482,37.8832],[127.0605,37.8693],[127.0823,37.8714]]]}},{"type":"Feature","properties":{"gid":"KOR.8.6_2","provZh":"京畿道","name2":"Gapyeong","type2":"Gun","engtype2":"County"},"geometry":{"type":"Polygon","coordinates":[[[127.4255,37.6662],[127.4281,37.6708],[127.4398,37.662],[127.4348,37.6537],[127.4405,37.6441],[127.4551,37.6409],[127.4584,37.6292],[127.471,37.622],[127.4694,37.5871],[127.4728,37.5776],[127.4971,37.5711],[127.522,37.5864],[127.5599,37.5835],[127.5627,37.6046],[127.5704,37.6136],[127.5597,37.6229],[127.5594,37.6285],[127.5483,37.6332],[127.5352,37.6472],[127.5528,37.6615],[127.549,37.6686],[127.5506,37.687],[127.5618,37.7196],[127.5599,37.7286],[127.5402,37.7195],[127.5247,37.7265],[127.5118,37.7157],[127.5071,37.7206],[127.5071,37.7314],[127.5449,37.7601],[127.5409,37.7709],[127.5208,37.7925],[127.5374,37.8105],[127.5246,37.825],[127.5273,37.8365],[127.5633,37.8564],[127.5779,37.874],[127.6037,37.8745],[127.6171,37.9064],[127.6121,37.9209],[127.616,37.9309],[127.6121,37.9406],[127.6025,37.9463],[127.6024,37.955],[127.5452,37.9677],[127.5472,37.9783],[127.5399,38.0006],[127.5039,37.998],[127.4974,38.0037],[127.4716,38.0065],[127.463,38.0117],[127.4519,38.0346],[127.4529,38.0472],[127.4462,38.0512],[127.4357,38.0384],[127.4247,38.0335],[127.4267,38.0257],[127.4128,37.9978],[127.3849,37.9823],[127.3767,37.9616],[127.3766,37.9532],[127.3846,37.9433],[127.3565,37.9211],[127.3453,37.9264],[127.3302,37.9256],[127.3229,37.8714],[127.3126,37.8658],[127.296,37.8688],[127.2922,37.8749],[127.2879,37.8692],[127.2804,37.8557],[127.286,37.8478],[127.2744,37.8299],[127.2785,37.8047],[127.2669,37.7799],[127.2735,37.7738],[127.2943,37.7752],[127.3162,37.7689],[127.334,37.7527],[127.3429,37.7292],[127.3554,37.7236],[127.3542,37.7059],[127.3586,37.6946],[127.3721,37.6922],[127.3665,37.6877],[127.3766,37.6753],[127.381,37.6773],[127.3712,37.6477],[127.3981,37.6513],[127.4255,37.6662]]]}},{"type":"Feature","properties":{"gid":"KOR.8.7_2","provZh":"京畿道","name2":"Gimpo","type2":"Si","engtype2":"City"},"geometry":{"type":"Polygon","coordinates":[[[126.746,37.6352],[126.7347,37.6464],[126.692,37.6641],[126.6726,37.678],[126.6704,37.6851],[126.6803,37.7317],[126.663,37.7807],[126.6255,37.7791],[126.5938,37.7612],[126.5753,37.7627],[126.5228,37.7901],[126.517,37.771],[126.5245,37.7685],[126.5183,37.7628],[126.531,37.7475],[126.5216,37.7144],[126.5314,37.7038],[126.534,37.6854],[126.5268,37.6743],[126.5442,37.6629],[126.5315,37.6548],[126.5392,37.6397],[126.5473,37.6343],[126.5598,37.6011],[126.5659,37.6039],[126.5726,37.5989],[126.578,37.605],[126.5918,37.5991],[126.5916,37.593],[126.6144,37.6063],[126.6257,37.6026],[126.6372,37.6267],[126.6471,37.6275],[126.654,37.6382],[126.6724,37.6338],[126.6945,37.6203],[126.7054,37.6121],[126.7047,37.6025],[126.7141,37.6039],[126.7255,37.5919],[126.7443,37.5925],[126.7522,37.5797],[126.7677,37.5882],[126.7937,37.5816],[126.8007,37.5878],[126.7971,37.5977],[126.8026,37.605],[126.746,37.6352]]]}},{"type":"Feature","properties":{"gid":"KOR.8.8_2","provZh":"京畿道","name2":"Goyang","type2":"Si","engtype2":"City"},"geometry":{"type":"Polygon","coordinates":[[[126.8175,37.5953],[126.8536,37.5718],[126.8763,37.5782],[126.8853,37.5939],[126.8876,37.5887],[126.8996,37.5898],[126.9003,37.6112],[126.9123,37.6443],[126.9048,37.6491],[126.9241,37.6461],[126.9475,37.6592],[126.9571,37.6528],[126.9633,37.6332],[126.9584,37.6295],[126.9754,37.6317],[126.9859,37.6406],[126.9797,37.656],[126.994,37.6668],[126.9929,37.6788],[126.9551,37.6931],[126.9452,37.6858],[126.9409,37.671],[126.9078,37.6702],[126.9055,37.6752],[126.9128,37.676],[126.9253,37.7087],[126.9216,37.7303],[126.9306,37.736],[126.9331,37.7459],[126.9291,37.7485],[126.9109,37.7465],[126.9009,37.7372],[126.9026,37.7287],[126.8885,37.723],[126.8555,37.7354],[126.8137,37.7235],[126.8014,37.7295],[126.7988,37.7366],[126.7939,37.7346],[126.7938,37.7261],[126.7746,37.7116],[126.7734,37.7039],[126.767,37.7072],[126.76,37.7033],[126.7255,37.7047],[126.7007,37.697],[126.6899,37.6886],[126.6736,37.7003],[126.6705,37.6835],[126.678,37.6715],[126.7347,37.6464],[126.746,37.6352],[126.8175,37.5953]]]}},{"type":"Feature","properties":{"gid":"KOR.8.9_2","provZh":"京畿道","name2":"Gunpo","type2":"Si","engtype2":"City"},"geometry":{"type":"Polygon","coordinates":[[[126.8894,37.3497],[126.8854,37.3388],[126.8734,37.3292],[126.8743,37.3211],[126.8874,37.3178],[126.9076,37.3218],[126.9157,37.3155],[126.915,37.3055],[126.9208,37.3055],[126.9329,37.3084],[126.9293,37.3167],[126.9357,37.3228],[126.9453,37.3202],[126.9483,37.3403],[126.9577,37.3444],[126.9621,37.3616],[126.9479,37.3693],[126.9417,37.3787],[126.9184,37.3769],[126.9064,37.3615],[126.8964,37.3595],[126.8894,37.3497]]]}},{"type":"Feature","properties":{"gid":"KOR.8.10_2","provZh":"京畿道","name2":"Guri","type2":"Si","engtype2":"City"},"geometry":{"type":"Polygon","coordinates":[[[127.1489,37.6041],[127.1428,37.6232],[127.1492,37.6346],[127.1465,37.6434],[127.1118,37.6434],[127.1122,37.6326],[127.1041,37.6217],[127.1162,37.6189],[127.118,37.6046],[127.1141,37.6001],[127.1167,37.594],[127.1011,37.5761],[127.1049,37.5564],[127.1152,37.5568],[127.1343,37.568],[127.1489,37.5684],[127.1706,37.581],[127.1605,37.5868],[127.1683,37.5934],[127.1537,37.5974],[127.1489,37.6041]]]}},{"type":"Feature","properties":{"gid":"KOR.8.11_2","provZh":"京畿道","name2":"Gwacheon","type2":"Si","engtype2":"City"},"geometry":{"type":"Polygon","coordinates":[[[126.9632,37.4349],[126.9624,37.4209],[126.9737,37.4151],[126.9773,37.403],[126.9824,37.4007],[126.9882,37.4079],[126.9997,37.4046],[127.0133,37.4139],[127.0387,37.4138],[127.042,37.4281],[127.0474,37.4307],[127.0356,37.439],[127.0346,37.4642],[127.0299,37.4654],[127.026,37.4578],[127.0145,37.4549],[127.0037,37.4677],[126.9643,37.4463],[126.9632,37.4349]]]}},{"type":"Feature","properties":{"gid":"KOR.8.12_2","provZh":"京畿道","name2":"Gwangju","type2":"Si","engtype2":"City"},"geometry":{"type":"Polygon","coordinates":[[[127.4041,37.4102],[127.3982,37.4157],[127.4008,37.4209],[127.3843,37.4348],[127.3829,37.4429],[127.3724,37.445],[127.3691,37.4568],[127.3854,37.46],[127.3888,37.4754],[127.3804,37.49],[127.3855,37.4983],[127.3726,37.52],[127.3552,37.5348],[127.3255,37.5355],[127.3089,37.5271],[127.3005,37.5077],[127.2891,37.5059],[127.2836,37.5144],[127.2683,37.5064],[127.2546,37.5063],[127.2592,37.4911],[127.2536,37.4851],[127.2444,37.4851],[127.2446,37.4766],[127.205,37.4803],[127.2018,37.4841],[127.1984,37.4796],[127.1886,37.4803],[127.1757,37.4853],[127.1848,37.4588],[127.1948,37.4512],[127.1943,37.4247],[127.1778,37.414],[127.1682,37.3955],[127.1766,37.3852],[127.1618,37.3797],[127.1507,37.3619],[127.1348,37.3579],[127.1326,37.3495],[127.1423,37.3366],[127.1918,37.3472],[127.2019,37.3283],[127.2223,37.3464],[127.2172,37.3554],[127.2377,37.3601],[127.2409,37.3543],[127.2472,37.3556],[127.2648,37.3426],[127.2831,37.3451],[127.2794,37.3299],[127.283,37.3159],[127.2772,37.3085],[127.2817,37.2779],[127.276,37.2735],[127.2817,37.2687],[127.2921,37.2716],[127.2984,37.265],[127.319,37.2746],[127.3387,37.2705],[127.3491,37.2769],[127.34,37.2881],[127.3569,37.2943],[127.3544,37.3015],[127.3648,37.3086],[127.3633,37.3159],[127.3909,37.3198],[127.4051,37.3273],[127.4458,37.3621],[127.4433,37.3872],[127.4216,37.3861],[127.4115,37.4062],[127.4041,37.4102]]]}},{"type":"Feature","properties":{"gid":"KOR.8.13_2","provZh":"京畿道","name2":"Gwangmyeong","type2":"Si","engtype2":"City"},"geometry":{"type":"Polygon","coordinates":[[[126.8704,37.4074],[126.8712,37.4127],[126.8792,37.409],[126.889,37.4114],[126.8997,37.4378],[126.8727,37.4824],[126.8768,37.4886],[126.8676,37.4948],[126.8527,37.4818],[126.8465,37.4816],[126.845,37.4736],[126.8331,37.4772],[126.833,37.4659],[126.8261,37.4595],[126.838,37.4572],[126.8378,37.437],[126.8469,37.4116],[126.8583,37.402],[126.8769,37.4019],[126.8704,37.4074]]]}},{"type":"Feature","properties":{"gid":"KOR.8.14_2","provZh":"京畿道","name2":"Hanam","type2":"Si","engtype2":"City"},"geometry":{"type":"Polygon","coordinates":[[[127.1521,37.4736],[127.1678,37.4688],[127.1756,37.472],[127.1777,37.4872],[127.1886,37.4803],[127.1984,37.4796],[127.2018,37.4841],[127.205,37.4803],[127.2446,37.4766],[127.2444,37.4851],[127.2536,37.4851],[127.2592,37.4911],[127.2546,37.5063],[127.2746,37.5084],[127.2857,37.5144],[127.2846,37.5211],[127.2409,37.5439],[127.2322,37.5599],[127.2207,37.5662],[127.2198,37.5737],[127.2022,37.5891],[127.1833,37.5917],[127.1686,37.579],[127.1772,37.5812],[127.1835,37.5452],[127.1632,37.545],[127.1402,37.5099],[127.1455,37.5033],[127.1614,37.5002],[127.1574,37.4891],[127.1436,37.4751],[127.1521,37.4736]]]}},{"type":"Feature","properties":{"gid":"KOR.8.15_2","provZh":"京畿道","name2":"Hwaseong","type2":"Si","engtype2":"City"},"geometry":{"type":"MultiPolygon","coordinates":[[[[126.7972,37.0168],[126.7977,37.0134],[126.8344,37.0134],[126.8511,37.0184],[126.8837,37.067],[126.9045,37.0734],[126.915,37.0657],[126.9285,37.0681],[126.94,37.0607],[126.9479,37.0617],[126.949,37.0688],[126.9647,37.0678],[126.9691,37.0732],[126.9962,37.0697],[126.9904,37.0768],[126.9963,37.0787],[126.9905,37.0871],[127.0002,37.086],[126.9954,37.0901],[126.9984,37.0942],[126.9953,37.1091],[127.0004,37.1103],[126.9942,37.1144],[126.9987,37.1148],[126.9951,37.1162],[126.9975,37.1253],[127.0357,37.1365],[127.0253,37.1648],[126.995,37.1753],[127.0098,37.1873],[127.0079,37.193],[127.0277,37.2006],[127.0465,37.1961],[127.0644,37.1991],[127.0655,37.1853],[127.0715,37.1838],[127.0707,37.1706],[127.0757,37.1627],[127.0949,37.1586],[127.1038,37.1419],[127.1229,37.1445],[127.1291,37.1483],[127.1283,37.161],[127.133,37.169],[127.1487,37.1699],[127.1607,37.1799],[127.1609,37.1903],[127.152,37.1991],[127.1573,37.2069],[127.1518,37.2185],[127.0882,37.2166],[127.0689,37.2299],[127.0669,37.2402],[127.0527,37.2313],[127.0414,37.2355],[127.0411,37.2474],[127.0219,37.2245],[127.0033,37.2302],[126.9988,37.2258],[126.9877,37.2342],[126.9713,37.229],[126.9576,37.24],[126.9501,37.2557],[126.9308,37.2609],[126.9284,37.2768],[126.9143,37.2908],[126.9009,37.2914],[126.8898,37.282],[126.8787,37.2851],[126.8736,37.2798],[126.8631,37.2815],[126.8639,37.2728],[126.8753,37.277],[126.8574,37.2727],[126.8498,37.266],[126.8496,37.257],[126.845,37.2668],[126.8356,37.2766],[126.8275,37.2773],[126.8192,37.2905],[126.8048,37.2937],[126.8041,37.2768],[126.8112,37.2676],[126.7963,37.2707],[126.7907,37.2671],[126.7934,37.2592],[126.7883,37.2552],[126.7896,37.2441],[126.7783,37.2458],[126.7783,37.2394],[126.7866,37.233],[126.783,37.2297],[126.7764,37.2365],[126.7751,37.2474],[126.7651,37.2452],[126.7563,37.2543],[126.7407,37.2544],[126.734,37.2494],[126.7254,37.2563],[126.698,37.2611],[126.6796,37.2572],[126.672,37.2732],[126.6842,37.281],[126.6618,37.2779],[126.6617,37.2925],[126.6321,37.2886],[126.6293,37.2849],[126.648,37.2926],[126.6614,37.2913],[126.6576,37.2828],[126.6464,37.2785],[126.6327,37.287],[126.6538,37.2694],[126.6464,37.2581],[126.6478,37.244],[126.6609,37.2209],[126.6496,37.1835],[126.66,37.1908],[126.6699,37.1892],[126.66,37.1764],[126.6536,37.181],[126.6611,37.163],[126.6498,37.1546],[126.6824,37.1605],[126.6912,37.1572],[126.6962,37.151],[126.6603,37.138],[126.6796,37.1431],[126.6757,37.1383],[126.6847,37.1191],[126.6742,37.1172],[126.6809,37.1173],[126.7567,37.0555],[126.7427,37.038],[126.7494,37.0302],[126.7894,37.0297],[126.7972,37.0168]],[[126.7469,37.1617],[126.75,37.1681],[126.7775,37.1652],[126.7947,37.1815],[126.8006,37.1962],[126.7923,37.1732],[126.7978,37.1623],[126.7817,37.1523],[126.7911,37.1499],[126.8001,37.1539],[126.808,37.1448],[126.8166,37.1434],[126.8014,37.1384],[126.795,37.1288],[126.7826,37.1349],[126.7766,37.1322],[126.7604,37.1179],[126.7583,37.1114],[126.7708,37.1016],[126.7616,37.0681],[126.7632,37.063],[126.7709,37.0644],[126.77,37.0601],[126.7568,37.056],[126.684,37.1135],[126.6914,37.1213],[126.7049,37.1232],[126.7014,37.1272],[126.7062,37.1317],[126.719,37.1322],[126.7296,37.1418],[126.7308,37.1493],[126.7412,37.1526],[126.7469,37.1617]]],[[[126.5557,37.0598],[126.5602,37.062],[126.5552,37.0622],[126.5496,37.0528],[126.5557,37.0598]]],[[[126.5408,37.1117],[126.5355,37.1145],[126.5394,37.0987],[126.5408,37.1117]]],[[[126.6233,37.121],[126.6146,37.1252],[126.6106,37.1177],[126.6521,37.1161],[126.6233,37.121]]],[[[126.6518,37.1463],[126.6567,37.1522],[126.6442,37.1415],[126.6518,37.1463]]],[[[126.6225,37.1774],[126.6162,37.1729],[126.619,37.1578],[126.6312,37.1748],[126.6225,37.1774]]],[[[126.7448,37.2865],[126.7419,37.2903],[126.735,37.284],[126.7448,37.2865]]]]}},{"type":"Feature","properties":{"gid":"KOR.8.16_2","provZh":"京畿道","name2":"Icheon","type2":"Si","engtype2":"City"},"geometry":{"type":"Polygon","coordinates":[[[127.6001,37.0835],[127.5951,37.088],[127.6119,37.0873],[127.6343,37.099],[127.6378,37.1412],[127.6273,37.1523],[127.6324,37.163],[127.616,37.1633],[127.6128,37.1734],[127.5957,37.1899],[127.5738,37.1872],[127.5778,37.1763],[127.5708,37.1702],[127.5591,37.1808],[127.5529,37.1754],[127.5278,37.1729],[127.5171,37.1824],[127.531,37.1988],[127.5255,37.2394],[127.536,37.2452],[127.5373,37.2523],[127.5289,37.2741],[127.5462,37.3014],[127.5459,37.3111],[127.5281,37.3171],[127.528,37.3276],[127.5139,37.3391],[127.4896,37.3427],[127.4705,37.3617],[127.4496,37.3526],[127.4425,37.3584],[127.4051,37.3273],[127.3909,37.3198],[127.3633,37.3159],[127.3648,37.3086],[127.3544,37.3015],[127.3569,37.2943],[127.34,37.2881],[127.3491,37.2769],[127.3387,37.2707],[127.3409,37.2649],[127.331,37.2432],[127.3348,37.2387],[127.3303,37.2204],[127.3497,37.2036],[127.3612,37.2002],[127.3698,37.2043],[127.3785,37.1952],[127.3722,37.1858],[127.4016,37.18],[127.4108,37.1833],[127.41,37.1609],[127.4144,37.1522],[127.4242,37.1516],[127.4274,37.1468],[127.4423,37.1482],[127.4585,37.1303],[127.4989,37.1232],[127.5037,37.1095],[127.5154,37.1029],[127.5118,37.0984],[127.5166,37.0816],[127.506,37.0615],[127.487,37.0544],[127.5047,37.0481],[127.5183,37.0584],[127.5569,37.0413],[127.5695,37.0482],[127.565,37.0606],[127.578,37.0753],[127.6047,37.0688],[127.6001,37.0835]]]}},{"type":"Feature","properties":{"gid":"KOR.8.17_2","provZh":"京畿道","name2":"Namyangju","type2":"Si","engtype2":"City"},"geometry":{"type":"Polygon","coordinates":[[[127.3067,37.5161],[127.3104,37.5404],[127.3364,37.5808],[127.3502,37.6245],[127.3713,37.6466],[127.381,37.6773],[127.3766,37.6753],[127.3665,37.6877],[127.3721,37.6922],[127.3586,37.6946],[127.3542,37.7059],[127.3554,37.7236],[127.3429,37.7292],[127.334,37.7527],[127.3162,37.7689],[127.2943,37.7752],[127.2735,37.7738],[127.2657,37.7805],[127.2599,37.7683],[127.2389,37.7631],[127.2251,37.7535],[127.2129,37.7615],[127.2103,37.7694],[127.2051,37.7632],[127.179,37.7627],[127.1725,37.7577],[127.1729,37.7501],[127.1659,37.7473],[127.1483,37.7561],[127.1427,37.7479],[127.1286,37.7481],[127.1237,37.739],[127.1258,37.7275],[127.1116,37.7172],[127.1089,37.7086],[127.0802,37.6995],[127.0852,37.6904],[127.096,37.6891],[127.0919,37.6787],[127.0964,37.6697],[127.0911,37.6582],[127.0946,37.6446],[127.1465,37.6434],[127.1492,37.6346],[127.1429,37.6225],[127.1506,37.5999],[127.1689,37.5925],[127.1613,37.5854],[127.1706,37.581],[127.1833,37.5917],[127.2022,37.5891],[127.2198,37.5737],[127.2207,37.5662],[127.2322,37.5599],[127.2409,37.5439],[127.2813,37.5251],[127.2873,37.5067],[127.3005,37.5077],[127.3067,37.5161]]]}},{"type":"Feature","properties":{"gid":"KOR.8.18_2","provZh":"京畿道","name2":"Osan","type2":"Si","engtype2":"City"},"geometry":{"type":"Polygon","coordinates":[[[127.1002,37.1426],[127.103,37.1439],[127.0981,37.1557],[127.0757,37.1627],[127.0713,37.1682],[127.0717,37.1832],[127.0655,37.1853],[127.0644,37.1991],[127.0466,37.196],[127.0269,37.2003],[127.008,37.1931],[127.0098,37.1874],[127.0025,37.1827],[127.0048,37.1805],[126.9951,37.177],[127.0059,37.1688],[127.0253,37.1648],[127.0322,37.1407],[127.0451,37.1261],[127.0557,37.1336],[127.0665,37.1312],[127.0668,37.1267],[127.0865,37.1267],[127.0912,37.1311],[127.0878,37.1348],[127.0976,37.1368],[127.1002,37.1426]]]}},{"type":"Feature","properties":{"gid":"KOR.8.19_2","provZh":"京畿道","name2":"Paju","type2":"Si","engtype2":"City"},"geometry":{"type":"Polygon","coordinates":[[[126.7957,37.7299],[126.7939,37.7346],[126.7988,37.7366],[126.8014,37.7295],[126.8143,37.7234],[126.8555,37.7354],[126.8885,37.723],[126.9026,37.7287],[126.9009,37.7372],[126.9109,37.7465],[126.9308,37.7503],[126.928,37.757],[126.9379,37.787],[126.9264,37.7852],[126.9187,37.7902],[126.9036,37.7907],[126.906,37.8024],[126.9119,37.805],[126.91,37.8167],[126.9021,37.8254],[126.911,37.8285],[126.9124,37.8405],[126.9278,37.8377],[126.9367,37.8413],[126.9337,37.8461],[126.9462,37.8678],[126.9459,37.9009],[126.9548,37.9113],[126.9495,37.9184],[126.9616,37.921],[126.9647,37.9384],[126.9885,37.9565],[126.9909,37.9677],[127.0017,37.9683],[127.0041,37.975],[127.0107,37.9756],[127.0161,37.992],[127.001,37.996],[126.9894,38.0106],[126.9722,38.0075],[126.9552,37.9896],[126.9382,37.9809],[126.8956,37.9949],[126.8922,37.9847],[126.8955,37.9697],[126.887,37.9662],[126.8491,37.9866],[126.8401,37.979],[126.8358,37.9602],[126.8328,37.9641],[126.8207,37.9575],[126.8163,37.9669],[126.8071,37.9715],[126.8107,37.9742],[126.8006,37.9868],[126.778,37.9635],[126.7415,37.9625],[126.7063,37.9511],[126.6858,37.9524],[126.6829,37.9453],[126.6953,37.9113],[126.6901,37.8981],[126.6921,37.8685],[126.6626,37.7807],[126.6803,37.7317],[126.674,37.7003],[126.6899,37.6886],[126.7007,37.697],[126.7255,37.7047],[126.76,37.7033],[126.767,37.7072],[126.7734,37.7039],[126.7793,37.7173],[126.7957,37.7299]]]}},{"type":"Feature","properties":{"gid":"KOR.8.20_2","provZh":"京畿道","name2":"Pocheon","type2":"Si","engtype2":"City"},"geometry":{"type":"Polygon","coordinates":[[[127.1767,37.7594],[127.1828,37.7644],[127.2058,37.7634],[127.2116,37.7694],[127.2129,37.7615],[127.2251,37.7535],[127.2389,37.7631],[127.2599,37.7683],[127.2785,37.8047],[127.2744,37.8299],[127.286,37.8478],[127.2804,37.8557],[127.2879,37.8692],[127.2922,37.8749],[127.296,37.8688],[127.3126,37.8658],[127.3229,37.8714],[127.3302,37.9256],[127.3453,37.9264],[127.3565,37.9211],[127.3846,37.9433],[127.3766,37.9532],[127.3767,37.9616],[127.3849,37.9823],[127.4128,37.9978],[127.4267,38.0257],[127.4247,38.0335],[127.4357,38.0384],[127.4462,38.0512],[127.4459,38.0927],[127.4395,38.1097],[127.4306,38.1154],[127.4144,38.1022],[127.4055,38.103],[127.4035,38.113],[127.3786,38.1184],[127.3659,38.1069],[127.3398,38.1013],[127.337,38.0898],[127.3168,38.0984],[127.3095,38.1183],[127.2863,38.1146],[127.2807,38.1254],[127.2758,38.1242],[127.2748,38.1367],[127.2864,38.1526],[127.284,38.1595],[127.2977,38.1763],[127.2883,38.1769],[127.2836,38.1829],[127.2664,38.1804],[127.2563,38.1632],[127.2394,38.1566],[127.2344,38.1471],[127.2238,38.147],[127.222,38.1374],[127.1892,38.1613],[127.1859,38.1739],[127.1892,38.1882],[127.1746,38.1804],[127.1725,38.1699],[127.177,38.1525],[127.1713,38.1218],[127.1825,38.1151],[127.1841,38.0916],[127.1921,38.0834],[127.1888,38.0645],[127.1729,38.0663],[127.1489,38.0578],[127.1475,38.0695],[127.1425,38.073],[127.1283,38.0603],[127.1157,38.0603],[127.1119,38.0511],[127.1181,38.0436],[127.1146,38.0398],[127.1375,38.0381],[127.1353,38.0296],[127.1467,38.0145],[127.1473,37.9968],[127.1203,37.9789],[127.1114,37.9889],[127.1008,37.9892],[127.0898,37.9833],[127.0924,37.9588],[127.0993,37.9529],[127.0954,37.9443],[127.1086,37.9396],[127.1215,37.9165],[127.1455,37.912],[127.1493,37.8981],[127.155,37.8956],[127.1468,37.8762],[127.1283,37.874],[127.1089,37.8604],[127.1218,37.8283],[127.122,37.812],[127.1177,37.796],[127.1057,37.7803],[127.1274,37.7715],[127.1258,37.7636],[127.1397,37.764],[127.1443,37.756],[127.1638,37.7469],[127.1729,37.7501],[127.1725,37.7577],[127.1767,37.7594]]]}},{"type":"Feature","properties":{"gid":"KOR.8.21_2","provZh":"京畿道","name2":"Pyeongtaek","type2":"Si","engtype2":"City"},"geometry":{"type":"MultiPolygon","coordinates":[[[[126.9085,36.9066],[126.9103,36.9017],[126.9396,36.9173],[126.9952,36.9354],[127.0156,36.9354],[127.031,36.9281],[127.0655,36.9419],[127.0741,36.9386],[127.0862,36.9477],[127.0958,36.9424],[127.103,36.9532],[127.0965,36.9593],[127.1025,36.9648],[127.1115,36.9713],[127.1202,36.9703],[127.1245,36.9768],[127.1411,36.979],[127.1329,36.9877],[127.1446,36.9972],[127.1541,36.9978],[127.1444,37.0132],[127.1523,37.0214],[127.1523,37.0284],[127.1222,37.0351],[127.113,37.0269],[127.1056,37.0352],[127.1303,37.0588],[127.125,37.0647],[127.1189,37.062],[127.102,37.0686],[127.1036,37.0759],[127.1208,37.0764],[127.1264,37.0817],[127.1092,37.1232],[127.1149,37.1298],[127.1207,37.1297],[127.1229,37.1445],[127.1002,37.1426],[127.0976,37.1368],[127.0878,37.1348],[127.0912,37.1311],[127.0865,37.1267],[127.0668,37.1267],[127.0665,37.1312],[127.0557,37.1336],[127.0451,37.1261],[127.0357,37.1365],[127.0014,37.128],[126.9951,37.1162],[126.9987,37.1146],[126.9942,37.1145],[127.0003,37.1108],[126.9953,37.1091],[126.9984,37.0942],[126.9954,37.0899],[127.0002,37.0858],[126.9905,37.0875],[126.9963,37.0787],[126.9904,37.0768],[126.9962,37.0697],[126.9691,37.0732],[126.9647,37.0678],[126.949,37.0688],[126.9479,37.0617],[126.94,37.0607],[126.9285,37.0681],[126.915,37.0657],[126.9045,37.0734],[126.8837,37.067],[126.8511,37.0184],[126.8344,37.0134],[126.7872,37.013],[126.7789,37.0074],[126.7896,36.9947],[126.8041,36.9976],[126.8093,36.9959],[126.8041,36.9903],[126.8097,36.9884],[126.8121,36.995],[126.8234,36.9913],[126.8205,36.9855],[126.813,36.9873],[126.826,36.986],[126.8496,36.9465],[126.8538,36.9483],[126.8589,36.9421],[126.8539,36.9483],[126.859,36.9507],[126.8674,36.9333],[126.8871,36.9363],[126.8992,36.9299],[126.9085,36.9066]]],[[[126.8366,36.9501],[126.8291,36.9475],[126.8321,36.9415],[126.8405,36.9437],[126.8366,36.9501]]]]}},{"type":"Feature","properties":{"gid":"KOR.8.22_2","provZh":"京畿道","name2":"Seongnam","type2":"Si","engtype2":"City"},"geometry":{"type":"Polygon","coordinates":[[[127.1326,37.3495],[127.1348,37.3579],[127.1507,37.3619],[127.1618,37.3797],[127.1766,37.3852],[127.1682,37.3955],[127.1778,37.414],[127.1943,37.4247],[127.1948,37.4512],[127.1848,37.4588],[127.1788,37.4748],[127.1684,37.4688],[127.1329,37.4746],[127.1328,37.4684],[127.1249,37.4696],[127.1169,37.4586],[127.1043,37.4622],[127.0935,37.4559],[127.0879,37.4449],[127.0722,37.4422],[127.0696,37.4306],[127.042,37.4281],[127.042,37.4157],[127.0469,37.4114],[127.0371,37.4013],[127.0384,37.3905],[127.0282,37.3792],[127.0279,37.372],[127.0461,37.3683],[127.0543,37.3601],[127.0706,37.358],[127.0781,37.3496],[127.086,37.3517],[127.1169,37.3334],[127.1379,37.3397],[127.1326,37.3495]]]}},{"type":"Feature","properties":{"gid":"KOR.8.23_2","provZh":"京畿道","name2":"Siheung","type2":"Si","engtype2":"City"},"geometry":{"type":"Polygon","coordinates":[[[126.7386,37.3297],[126.7476,37.3248],[126.7499,37.3337],[126.7672,37.3427],[126.7855,37.338],[126.7924,37.3432],[126.7917,37.3525],[126.8115,37.3556],[126.8243,37.3659],[126.8324,37.3622],[126.8483,37.3648],[126.8558,37.3595],[126.865,37.3619],[126.8816,37.3759],[126.8769,37.4019],[126.8575,37.4023],[126.8464,37.4123],[126.8378,37.437],[126.8372,37.4582],[126.8034,37.4616],[126.7782,37.4718],[126.7804,37.455],[126.7707,37.4485],[126.7707,37.4303],[126.7533,37.4227],[126.7554,37.4134],[126.749,37.4036],[126.7845,37.3921],[126.789,37.3964],[126.7878,37.4078],[126.786,37.4029],[126.792,37.4053],[126.7889,37.4038],[126.7916,37.3931],[126.7439,37.3984],[126.7339,37.3891],[126.742,37.3826],[126.731,37.3866],[126.7007,37.3548],[126.7032,37.3513],[126.6885,37.3488],[126.6857,37.3411],[126.6913,37.3358],[126.6144,37.3145],[126.6712,37.329],[126.6764,37.3202],[126.6922,37.3189],[126.7175,37.3083],[126.7386,37.3297]]]}},{"type":"Feature","properties":{"gid":"KOR.8.24_2","provZh":"京畿道","name2":"Suwon","type2":"Si","engtype2":"City"},"geometry":{"type":"Polygon","coordinates":[[[127.0651,37.2401],[127.0693,37.246],[127.0817,37.2488],[127.0847,37.2565],[127.0808,37.2599],[127.0862,37.2648],[127.0849,37.2699],[127.0757,37.2613],[127.0748,37.2661],[127.0648,37.2707],[127.0713,37.2806],[127.0893,37.2869],[127.0896,37.2983],[127.079,37.2933],[127.0603,37.2966],[127.0577,37.3155],[127.0397,37.3209],[127.0315,37.3368],[127.0334,37.3446],[127.028,37.3477],[127.0147,37.3496],[127.0089,37.3393],[126.9829,37.3267],[126.9713,37.3318],[126.962,37.3024],[126.9329,37.303],[126.9396,37.2954],[126.928,37.282],[126.9308,37.2609],[126.9501,37.2557],[126.9576,37.24],[126.9705,37.2294],[126.9877,37.2342],[126.9988,37.2258],[127.0033,37.2302],[127.0219,37.2245],[127.0407,37.2474],[127.0392,37.2372],[127.0459,37.2328],[127.0527,37.2313],[127.0651,37.2401]]]}},{"type":"Feature","properties":{"gid":"KOR.8.25_2","provZh":"京畿道","name2":"Uijeongbu","type2":"Si","engtype2":"City"},"geometry":{"type":"Polygon","coordinates":[[[127.0811,37.6961],[127.084,37.7019],[127.1084,37.7082],[127.1116,37.7172],[127.1232,37.724],[127.1286,37.7481],[127.1465,37.7499],[127.1397,37.764],[127.1258,37.7636],[127.1274,37.7715],[127.1057,37.7803],[127.0603,37.7621],[127.0174,37.7689],[127.002,37.7626],[127.0066,37.7477],[127.0024,37.7408],[127.0122,37.7261],[127.0121,37.7137],[127.0182,37.7051],[127.0154,37.7015],[127.0277,37.7009],[127.0324,37.6918],[127.0486,37.6941],[127.0518,37.6858],[127.0634,37.6949],[127.0811,37.6961]]]}},{"type":"Feature","properties":{"gid":"KOR.8.26_2","provZh":"京畿道","name2":"Uiwang","type2":"Si","engtype2":"City"},"geometry":{"type":"Polygon","coordinates":[[[126.9314,37.304],[126.9424,37.3003],[126.962,37.3024],[126.9713,37.3318],[126.9829,37.3267],[127.0089,37.3393],[127.0182,37.351],[127.0177,37.3597],[127.0279,37.3694],[127.0282,37.3792],[127.0384,37.3905],[127.0371,37.4013],[127.0432,37.4039],[127.0468,37.4137],[127.0133,37.4139],[126.9997,37.4046],[126.9858,37.4067],[126.965,37.3715],[126.9662,37.3622],[126.962,37.3615],[126.9577,37.3444],[126.9483,37.3403],[126.9453,37.3202],[126.9358,37.3229],[126.9293,37.3167],[126.9314,37.304]]]}},{"type":"Feature","properties":{"gid":"KOR.8.27_2","provZh":"京畿道","name2":"Yangju","type2":"NA","engtype2":"NA"},"geometry":{"type":"Polygon","coordinates":[[[126.9088,37.6738],[126.9055,37.6752],[126.9112,37.6687],[126.9409,37.671],[126.9452,37.6858],[126.9551,37.6931],[126.9908,37.6798],[127.0087,37.6844],[127.0097,37.6967],[127.0182,37.7051],[127.0121,37.7137],[127.0122,37.7261],[127.0024,37.7408],[127.0066,37.7477],[127.002,37.7626],[127.0174,37.7689],[127.0603,37.7621],[127.1029,37.7784],[127.1177,37.796],[127.1218,37.8283],[127.1078,37.862],[127.0884,37.8722],[127.0605,37.8693],[127.0482,37.8832],[127.0452,37.8954],[127.0214,37.8987],[127.0106,37.9048],[127.0062,37.9152],[127.0136,37.9209],[127.0009,37.9363],[126.9942,37.934],[126.9725,37.9421],[126.9647,37.9384],[126.9616,37.921],[126.9495,37.9184],[126.9548,37.9113],[126.9459,37.9009],[126.9462,37.8678],[126.9337,37.8461],[126.9367,37.8413],[126.9278,37.8377],[126.9124,37.8405],[126.911,37.8285],[126.9021,37.8254],[126.91,37.8167],[126.9119,37.805],[126.906,37.8024],[126.9036,37.7907],[126.9187,37.7902],[126.9264,37.7852],[126.9379,37.787],[126.928,37.757],[126.9331,37.7459],[126.9311,37.7376],[126.9216,37.7303],[126.9253,37.7087],[126.9088,37.6738]]]}},{"type":"Feature","properties":{"gid":"KOR.8.28_2","provZh":"京畿道","name2":"Yangpyeong","type2":"Gun","engtype2":"County"},"geometry":{"type":"Polygon","coordinates":[[[127.5361,37.4144],[127.5433,37.4099],[127.5563,37.4167],[127.5719,37.4117],[127.5864,37.4146],[127.5911,37.4222],[127.6199,37.4098],[127.6353,37.4135],[127.6467,37.4047],[127.6583,37.4168],[127.6688,37.4122],[127.6831,37.4144],[127.6879,37.4118],[127.6844,37.3982],[127.7081,37.4103],[127.7149,37.4],[127.7038,37.3912],[127.7022,37.373],[127.7164,37.3701],[127.7299,37.3762],[127.7568,37.367],[127.7789,37.3708],[127.7767,37.3833],[127.7841,37.3888],[127.7946,37.4243],[127.804,37.4288],[127.7963,37.463],[127.801,37.47],[127.7848,37.4787],[127.7747,37.4917],[127.76,37.4929],[127.7599,37.5033],[127.7855,37.5133],[127.8096,37.5379],[127.842,37.5389],[127.8481,37.5523],[127.8364,37.5604],[127.8141,37.5642],[127.8042,37.5791],[127.7941,37.5853],[127.7844,37.5781],[127.7666,37.5827],[127.7541,37.5921],[127.7447,37.5879],[127.7231,37.5906],[127.7079,37.5864],[127.6982,37.5909],[127.7008,37.5961],[127.6962,37.6008],[127.6675,37.6173],[127.6638,37.6238],[127.6515,37.6229],[127.647,37.6327],[127.6394,37.6326],[127.6273,37.6427],[127.6022,37.6515],[127.5849,37.6423],[127.5807,37.6334],[127.5602,37.6298],[127.5597,37.6229],[127.5705,37.6134],[127.5627,37.6046],[127.5599,37.5835],[127.522,37.5864],[127.4971,37.5711],[127.4704,37.58],[127.471,37.622],[127.4584,37.6292],[127.4551,37.6409],[127.4405,37.6441],[127.4348,37.6537],[127.4415,37.6597],[127.4281,37.6708],[127.3981,37.6513],[127.3715,37.6476],[127.3502,37.6245],[127.3416,37.5924],[127.3104,37.5404],[127.3065,37.5198],[127.3089,37.5271],[127.326,37.5356],[127.3496,37.5359],[127.364,37.5306],[127.3855,37.4983],[127.3804,37.49],[127.3888,37.4754],[127.3854,37.46],[127.3691,37.4568],[127.3724,37.445],[127.3825,37.4432],[127.3843,37.4348],[127.3993,37.4216],[127.4228,37.4394],[127.4732,37.4223],[127.487,37.4332],[127.4969,37.4323],[127.5068,37.4404],[127.5279,37.4307],[127.5361,37.4144]]]}},{"type":"Feature","properties":{"gid":"KOR.8.29_2","provZh":"京畿道","name2":"Yeoju","type2":"Si","engtype2":"City"},"geometry":{"type":"Polygon","coordinates":[[[127.7441,37.2149],[127.7489,37.2183],[127.7479,37.2436],[127.7602,37.2683],[127.7499,37.2972],[127.7655,37.3014],[127.7683,37.3067],[127.759,37.3312],[127.7627,37.3343],[127.7579,37.3464],[127.7612,37.3636],[127.7299,37.3762],[127.7164,37.3701],[127.7016,37.3735],[127.7042,37.3921],[127.7149,37.4],[127.7081,37.4103],[127.684,37.3982],[127.6879,37.4118],[127.6834,37.4143],[127.6688,37.4122],[127.6583,37.4168],[127.6459,37.4048],[127.6353,37.4135],[127.6199,37.4098],[127.6013,37.4211],[127.5904,37.4223],[127.5845,37.4139],[127.583,37.4169],[127.5719,37.4117],[127.5563,37.4167],[127.5433,37.4099],[127.5366,37.4117],[127.5279,37.4307],[127.5068,37.4404],[127.4969,37.4323],[127.487,37.4332],[127.4732,37.4223],[127.4228,37.4394],[127.4003,37.4214],[127.3989,37.4142],[127.4112,37.4067],[127.4202,37.3869],[127.4446,37.3856],[127.4425,37.3584],[127.4478,37.3532],[127.4705,37.3617],[127.4896,37.3427],[127.5139,37.3391],[127.528,37.3276],[127.5281,37.3171],[127.5459,37.3111],[127.5462,37.3014],[127.5289,37.2741],[127.5373,37.2523],[127.536,37.2452],[127.5255,37.2394],[127.5313,37.1999],[127.5171,37.1824],[127.5273,37.1732],[127.5467,37.1739],[127.5591,37.1808],[127.5708,37.1702],[127.5778,37.1763],[127.5738,37.1872],[127.5957,37.1899],[127.6128,37.1734],[127.616,37.1633],[127.6305,37.1652],[127.6299,37.1541],[127.6468,37.1511],[127.6702,37.1361],[127.6868,37.1351],[127.6955,37.1404],[127.6952,37.1512],[127.7043,37.1576],[127.7049,37.1675],[127.7169,37.1834],[127.7264,37.1825],[127.7353,37.2081],[127.7441,37.2149]]]}},{"type":"Feature","properties":{"gid":"KOR.8.30_2","provZh":"京畿道","name2":"Yeoncheon","type2":"Gun","engtype2":"County"},"geometry":{"type":"Polygon","coordinates":[[[126.8424,38.0202],[126.8006,37.9868],[126.8107,37.9742],[126.8071,37.9715],[126.8163,37.9669],[126.8207,37.9575],[126.8328,37.9641],[126.8358,37.9602],[126.8401,37.979],[126.8471,37.9861],[126.887,37.9662],[126.8955,37.9697],[126.8922,37.9847],[126.8956,37.9949],[126.9382,37.9809],[126.9552,37.9896],[126.9722,38.0075],[126.9894,38.0106],[127.0005,37.9964],[127.0148,37.9928],[127.0171,37.987],[127.0017,37.9683],[126.9909,37.9677],[126.9885,37.9565],[126.9773,37.9516],[126.9725,37.9421],[126.9942,37.934],[127.0009,37.9363],[127.0097,37.9282],[127.0261,37.9413],[127.0288,37.9559],[127.0418,37.9601],[127.045,37.9731],[127.0533,37.9807],[127.0912,37.9716],[127.0898,37.9833],[127.1008,37.9892],[127.1121,37.9888],[127.1203,37.9789],[127.1442,37.9922],[127.1467,38.0145],[127.1353,38.0296],[127.1375,38.0381],[127.1151,38.0393],[127.1181,38.0436],[127.1119,38.0511],[127.1157,38.0603],[127.1283,38.0603],[127.1425,38.073],[127.1475,38.0695],[127.1489,38.0578],[127.1729,38.0663],[127.1888,38.0645],[127.1922,38.0824],[127.1841,38.0916],[127.1821,38.1158],[127.1713,38.1218],[127.177,38.1525],[127.1725,38.1699],[127.1805,38.1861],[127.1697,38.1977],[127.1751,38.2055],[127.1712,38.2135],[127.1597,38.2195],[127.1633,38.2385],[127.1489,38.2423],[127.1312,38.2328],[127.1136,38.2368],[127.1081,38.2583],[127.1107,38.271],[127.1014,38.2737],[127.1036,38.2806],[127.0944,38.2817],[127.0166,38.2374],[127.006,38.2221],[126.9694,38.1921],[126.9613,38.162],[126.9712,38.1432],[126.882,38.0912],[126.8743,38.0809],[126.8634,38.0462],[126.8424,38.0202]]]}},{"type":"Feature","properties":{"gid":"KOR.8.31_2","provZh":"京畿道","name2":"Yongin","type2":"Si","engtype2":"City"},"geometry":{"type":"Polygon","coordinates":[[[127.346,37.1037],[127.3533,37.1002],[127.3614,37.1076],[127.3769,37.1012],[127.3901,37.1079],[127.3989,37.0954],[127.4153,37.0889],[127.416,37.096],[127.4241,37.1],[127.421,37.1064],[127.4241,37.1119],[127.4125,37.1195],[127.424,37.1312],[127.4278,37.1464],[127.4119,37.155],[127.4108,37.1833],[127.4016,37.18],[127.3722,37.1858],[127.3785,37.1952],[127.3698,37.2043],[127.3612,37.2002],[127.3497,37.2036],[127.3303,37.2204],[127.3348,37.2387],[127.331,37.2432],[127.3382,37.2523],[127.339,37.2704],[127.319,37.2746],[127.2984,37.265],[127.2921,37.2716],[127.2817,37.2687],[127.276,37.2735],[127.2817,37.2779],[127.2772,37.3085],[127.283,37.3159],[127.2794,37.3299],[127.2831,37.3451],[127.2648,37.3426],[127.2472,37.3556],[127.2409,37.3543],[127.2377,37.3601],[127.2172,37.3554],[127.2223,37.3464],[127.2019,37.3283],[127.1918,37.3472],[127.1169,37.3334],[127.086,37.3517],[127.0781,37.3496],[127.0706,37.358],[127.0543,37.3601],[127.0461,37.3683],[127.0279,37.372],[127.0177,37.3597],[127.0182,37.351],[127.0334,37.3446],[127.0315,37.3368],[127.0397,37.3209],[127.0577,37.3155],[127.0603,37.2966],[127.079,37.2933],[127.0896,37.2983],[127.0893,37.2869],[127.0713,37.2806],[127.0647,37.2704],[127.0748,37.2661],[127.0757,37.2613],[127.0849,37.2699],[127.0862,37.2648],[127.0808,37.2599],[127.0847,37.2565],[127.0817,37.2487],[127.0655,37.2437],[127.0689,37.2298],[127.0882,37.2166],[127.1176,37.22],[127.1367,37.2155],[127.1507,37.22],[127.1572,37.2074],[127.152,37.1992],[127.1609,37.1903],[127.1607,37.1799],[127.1487,37.1699],[127.133,37.169],[127.1283,37.1464],[127.1211,37.1416],[127.1207,37.1297],[127.1149,37.1298],[127.1092,37.1232],[127.123,37.0904],[127.1349,37.0921],[127.1425,37.0877],[127.1544,37.0913],[127.1859,37.0836],[127.2083,37.1044],[127.2083,37.1111],[127.2508,37.1231],[127.2538,37.138],[127.2507,37.1454],[127.2642,37.1557],[127.2688,37.1543],[127.2735,37.1344],[127.288,37.1317],[127.3078,37.1057],[127.3271,37.1197],[127.346,37.1037]]]}},{"type":"Feature","properties":{"gid":"KOR.9.1_2","provZh":"庆尚北道","name2":"Andong","type2":"Si","engtype2":"City"},"geometry":{"type":"Polygon","coordinates":[[[128.9802,36.4761],[128.9753,36.4839],[128.9842,36.4876],[128.997,36.5088],[128.9918,36.517],[128.9842,36.5159],[128.9806,36.5266],[128.975,36.5271],[128.9748,36.5441],[128.9919,36.5487],[128.9797,36.5652],[129.0008,36.5892],[128.9964,36.6187],[128.9909,36.6239],[128.994,36.6423],[128.9905,36.6485],[128.9966,36.6549],[128.9894,36.6743],[128.9998,36.7172],[128.997,36.7274],[128.9875,36.7357],[128.9911,36.748],[128.9772,36.7469],[128.964,36.7521],[128.9568,36.7681],[128.9493,36.7721],[128.9194,36.7671],[128.9045,36.7763],[128.8904,36.7721],[128.8843,36.783],[128.8722,36.786],[128.8628,36.7994],[128.8437,36.8028],[128.8404,36.809],[128.8216,36.8102],[128.8122,36.7955],[128.8033,36.811],[128.8089,36.8166],[128.803,36.8232],[128.7815,36.8073],[128.7679,36.8068],[128.7646,36.8018],[128.7586,36.8101],[128.7483,36.8093],[128.741,36.7903],[128.7371,36.7913],[128.7368,36.7836],[128.7456,36.7773],[128.7354,36.7638],[128.743,36.7499],[128.7369,36.744],[128.7319,36.7293],[128.7354,36.7251],[128.7292,36.7141],[128.7375,36.7071],[128.7374,36.698],[128.7271,36.696],[128.7163,36.7034],[128.7075,36.7001],[128.6985,36.7067],[128.6808,36.7003],[128.6669,36.7127],[128.6519,36.7109],[128.6365,36.7191],[128.6152,36.7123],[128.6066,36.7172],[128.5982,36.7151],[128.5967,36.7028],[128.5905,36.6996],[128.6091,36.6928],[128.6084,36.6841],[128.6012,36.6791],[128.6053,36.6721],[128.6043,36.6524],[128.5707,36.6481],[128.5589,36.6359],[128.5249,36.6285],[128.5216,36.6198],[128.5349,36.6135],[128.5295,36.6014],[128.5126,36.6004],[128.5049,36.6067],[128.4976,36.6033],[128.491,36.5888],[128.4991,36.5846],[128.4923,36.5699],[128.4557,36.5547],[128.4646,36.5383],[128.4552,36.5376],[128.4285,36.5204],[128.437,36.5163],[128.432,36.5111],[128.4331,36.5028],[128.4533,36.491],[128.4575,36.4939],[128.4616,36.4905],[128.4641,36.4989],[128.4747,36.4987],[128.4764,36.5143],[128.4916,36.5176],[128.5065,36.4997],[128.5315,36.4983],[128.5495,36.4904],[128.5524,36.4759],[128.559,36.4722],[128.5664,36.4524],[128.5771,36.44],[128.5878,36.4398],[128.5982,36.4316],[128.5972,36.4102],[128.6036,36.4051],[128.6104,36.4181],[128.6287,36.42],[128.6296,36.4265],[128.6536,36.4297],[128.6645,36.438],[128.6748,36.4367],[128.6833,36.4443],[128.706,36.4475],[128.7036,36.466],[128.71,36.4768],[128.7188,36.4824],[128.7325,36.4774],[128.7473,36.4889],[128.7677,36.4806],[128.7822,36.4647],[128.7924,36.4659],[128.8133,36.4538],[128.8305,36.4523],[128.8342,36.4271],[128.8426,36.421],[128.8452,36.4046],[128.8514,36.3992],[128.8503,36.3883],[128.8597,36.3878],[128.8782,36.3755],[128.8717,36.3667],[128.8811,36.3589],[128.8769,36.3448],[128.8861,36.343],[128.8926,36.3256],[128.8862,36.3116],[128.8923,36.3048],[128.8895,36.2974],[128.8936,36.296],[128.931,36.3061],[128.9345,36.3195],[128.9653,36.3449],[128.9662,36.3611],[128.9621,36.3667],[128.9838,36.4046],[128.9832,36.4154],[128.973,36.4317],[128.977,36.4449],[128.9679,36.4614],[128.9745,36.4675],[128.9848,36.464],[128.9786,36.4707],[128.9802,36.4761]]]}},{"type":"Feature","properties":{"gid":"KOR.9.2_2","provZh":"庆尚北道","name2":"Bonghwa","type2":"Gun","engtype2":"County"},"geometry":{"type":"Polygon","coordinates":[[[128.9854,36.7483],[128.9911,36.748],[128.992,36.756],[128.9838,36.7635],[128.9846,36.7726],[129.036,36.7892],[129.0659,36.8188],[129.0802,36.818],[129.0897,36.8264],[129.0994,36.8277],[129.1211,36.8471],[129.1364,36.8732],[129.1542,36.8753],[129.1555,36.8878],[129.1479,36.8897],[129.1492,36.8959],[129.1445,36.8988],[129.1474,36.9133],[129.137,36.9268],[129.1185,36.9355],[129.1109,36.9338],[129.1041,36.9379],[129.108,36.9426],[129.104,36.9449],[129.084,36.9459],[129.0876,36.9514],[129.0767,36.9576],[129.0826,36.9636],[129.0906,36.9616],[129.0949,36.9746],[129.0894,36.9992],[129.0946,37.0069],[129.0847,37.0088],[129.1063,37.024],[129.1325,37.0344],[129.1595,37.0197],[129.1709,37.0245],[129.1839,37.0379],[129.185,37.0466],[129.1661,37.0692],[129.0963,37.1004],[129.0704,37.0882],[129.0674,37.0745],[129.0574,37.0651],[129.0367,37.0762],[128.9886,37.0844],[128.9593,37.0776],[128.9457,37.0938],[128.9233,37.0921],[128.9151,37.0837],[128.9169,37.0787],[128.9104,37.0661],[128.8981,37.0576],[128.8971,37.0451],[128.8785,37.0533],[128.8725,37.0439],[128.8469,37.0516],[128.8317,37.0674],[128.8294,37.0785],[128.8079,37.076],[128.8,37.079],[128.7994,37.0869],[128.7803,37.0923],[128.7736,37.0875],[128.7778,37.0797],[128.7705,37.0753],[128.7654,37.064],[128.7566,37.0686],[128.7523,37.0559],[128.7625,37.0379],[128.7538,37.0278],[128.7346,37.0402],[128.7187,37.0438],[128.7081,37.0387],[128.7006,37.0288],[128.7021,37.0125],[128.6927,37.0045],[128.6929,36.9738],[128.6734,36.9425],[128.6649,36.9432],[128.659,36.9318],[128.6656,36.919],[128.6705,36.9189],[128.6587,36.9094],[128.6498,36.9106],[128.6378,36.8894],[128.6443,36.8795],[128.6518,36.8819],[128.6559,36.8703],[128.6451,36.8642],[128.6434,36.8546],[128.6568,36.8519],[128.6632,36.8423],[128.6745,36.8425],[128.6735,36.8479],[128.6842,36.8622],[128.7009,36.8606],[128.7054,36.8671],[128.7268,36.866],[128.7264,36.8548],[128.7366,36.8394],[128.7283,36.8313],[128.7168,36.8291],[128.713,36.822],[128.7276,36.8187],[128.7213,36.801],[128.7283,36.7901],[128.7362,36.802],[128.7434,36.7977],[128.7483,36.8093],[128.7586,36.8101],[128.7646,36.8018],[128.7679,36.8068],[128.7815,36.8073],[128.803,36.8232],[128.8089,36.8166],[128.8033,36.811],[128.8122,36.7955],[128.8216,36.8102],[128.8404,36.809],[128.8437,36.8028],[128.8628,36.7994],[128.8722,36.786],[128.8843,36.783],[128.8904,36.7721],[128.9045,36.7763],[128.9194,36.7671],[128.9493,36.7721],[128.9568,36.7681],[128.964,36.7521],[128.9854,36.7483]]]}},{"type":"Feature","properties":{"gid":"KOR.9.3_2","provZh":"庆尚北道","name2":"Cheongdo","type2":"Gun","engtype2":"County"},"geometry":{"type":"Polygon","coordinates":[[[128.6892,35.5945],[128.7033,35.578],[128.724,35.5816],[128.7572,35.5677],[128.7855,35.5669],[128.795,35.5733],[128.8026,35.5891],[128.8336,35.5974],[128.8447,35.5896],[128.8648,35.609],[128.8739,35.6216],[128.8754,35.6323],[128.8815,35.6355],[128.8888,35.6289],[128.9151,35.6406],[128.9411,35.6351],[128.9613,35.6206],[128.9609,35.6156],[128.9826,35.6087],[128.9971,35.615],[129.0209,35.6351],[129.037,35.6325],[129.0469,35.6505],[129.0352,35.6753],[129.0374,35.695],[129.0218,35.6889],[129.0036,35.6946],[128.9976,35.7173],[128.9729,35.7374],[128.9756,35.7497],[128.9707,35.7547],[128.977,35.7679],[128.9747,35.7717],[128.9902,35.7727],[128.9971,35.7781],[128.9903,35.7999],[129.0167,35.8445],[128.9989,35.8419],[128.9845,35.8336],[128.9657,35.8346],[128.9545,35.8138],[128.9556,35.8014],[128.9515,35.8008],[128.9438,35.7863],[128.9459,35.7824],[128.9314,35.7596],[128.9139,35.7583],[128.9043,35.7462],[128.8946,35.764],[128.8925,35.7554],[128.8761,35.748],[128.8662,35.7582],[128.8549,35.7568],[128.8585,35.7475],[128.85,35.7413],[128.8343,35.7456],[128.8271,35.7387],[128.8008,35.7458],[128.7894,35.7437],[128.7856,35.7326],[128.7753,35.7298],[128.7737,35.7228],[128.7646,35.7178],[128.7656,35.7014],[128.743,35.7057],[128.7324,35.72],[128.7149,35.7211],[128.7016,35.7438],[128.6893,35.7402],[128.692,35.7333],[128.6832,35.7215],[128.6635,35.7205],[128.6462,35.7082],[128.624,35.7023],[128.6139,35.7098],[128.6169,35.7176],[128.6099,35.7253],[128.6149,35.7303],[128.6139,35.7369],[128.6092,35.7389],[128.5942,35.7371],[128.5896,35.7315],[128.5824,35.7383],[128.5648,35.7368],[128.561,35.7297],[128.5279,35.7127],[128.5339,35.7033],[128.5268,35.6735],[128.5308,35.6627],[128.5374,35.6598],[128.5366,35.6243],[128.5587,35.6148],[128.5606,35.6034],[128.569,35.6025],[128.573,35.5932],[128.6029,35.5801],[128.6307,35.5874],[128.6365,35.5847],[128.6563,35.5979],[128.6644,35.5938],[128.6892,35.5945]]]}},{"type":"Feature","properties":{"gid":"KOR.9.4_2","provZh":"庆尚北道","name2":"Cheongsong","type2":"Gun","engtype2":"County"},"geometry":{"type":"Polygon","coordinates":[[[128.8984,36.2957],[128.8796,36.2963],[128.8773,36.2741],[128.8634,36.2744],[128.8627,36.268],[128.8469,36.2616],[128.8566,36.2546],[128.8822,36.2527],[128.8815,36.2387],[128.8689,36.2321],[128.8959,36.2132],[128.8966,36.2067],[128.8832,36.1984],[128.8808,36.1902],[128.895,36.1732],[128.9196,36.1846],[128.9738,36.1618],[128.9895,36.1681],[128.9906,36.1752],[128.998,36.1787],[129.0267,36.1834],[129.0282,36.1964],[129.0355,36.2034],[129.042,36.222],[129.0566,36.224],[129.0649,36.2195],[129.0659,36.2271],[129.0819,36.235],[129.0757,36.2501],[129.0596,36.2532],[129.0524,36.2623],[129.0594,36.2706],[129.0784,36.277],[129.0932,36.2744],[129.1024,36.2648],[129.1328,36.2621],[129.1472,36.2392],[129.1659,36.2321],[129.171,36.2248],[129.178,36.2275],[129.1979,36.2447],[129.2071,36.2667],[129.2268,36.277],[129.2211,36.2878],[129.2286,36.2959],[129.2235,36.3019],[129.2365,36.3166],[129.2518,36.3215],[129.2542,36.3376],[129.2435,36.3461],[129.2241,36.3466],[129.2164,36.3644],[129.2278,36.3802],[129.2201,36.3871],[129.2274,36.3976],[129.212,36.4077],[129.2107,36.4185],[129.2022,36.4287],[129.1881,36.4265],[129.1706,36.4359],[129.1691,36.4465],[129.1481,36.4763],[129.1539,36.4927],[129.1521,36.5002],[129.1294,36.5038],[129.1284,36.5339],[129.111,36.5405],[129.1078,36.5459],[129.0678,36.5425],[129.0592,36.5549],[129.0513,36.5574],[129.0462,36.5801],[129.0045,36.5948],[128.9998,36.594],[129.0001,36.5874],[128.9797,36.5652],[128.9919,36.5487],[128.9748,36.5441],[128.975,36.5271],[128.9806,36.5266],[128.9847,36.5155],[128.9929,36.5163],[128.997,36.5079],[128.9842,36.4876],[128.9753,36.4839],[128.9848,36.464],[128.9745,36.4675],[128.9679,36.4621],[128.977,36.4449],[128.973,36.4317],[128.9839,36.4072],[128.9621,36.3667],[128.966,36.3465],[128.9622,36.3388],[128.9509,36.3359],[128.9345,36.3195],[128.931,36.3061],[128.8984,36.2957]]]}},{"type":"Feature","properties":{"gid":"KOR.9.5_2","provZh":"庆尚北道","name2":"Chilgok","type2":"Gun","engtype2":"County"},"geometry":{"type":"Polygon","coordinates":[[[128.4246,35.9247],[128.4416,35.9352],[128.4503,35.935],[128.4542,35.9431],[128.4743,35.9365],[128.474,35.9174],[128.4654,35.9086],[128.4678,35.9002],[128.4753,35.8945],[128.4906,35.8976],[128.5022,35.8871],[128.5077,35.907],[128.5295,35.9236],[128.5344,35.9353],[128.5348,35.9584],[128.5267,35.9754],[128.5288,35.9804],[128.5435,35.9748],[128.5533,35.9608],[128.5571,35.9722],[128.5902,35.9792],[128.6029,35.9859],[128.6187,36.0064],[128.6407,36.0105],[128.6214,36.0252],[128.6327,36.0668],[128.6288,36.0702],[128.6314,36.0767],[128.6254,36.0805],[128.5979,36.075],[128.5945,36.0628],[128.5835,36.0679],[128.5694,36.0582],[128.5638,36.0698],[128.569,36.0885],[128.5628,36.0996],[128.5652,36.1096],[128.499,36.1127],[128.4928,36.1249],[128.4789,36.1051],[128.4771,36.0927],[128.4637,36.0814],[128.4697,36.0723],[128.4629,36.0697],[128.4293,36.0799],[128.4223,36.0885],[128.4156,36.0828],[128.4087,36.0834],[128.4038,36.0921],[128.3955,36.091],[128.3821,36.0744],[128.3865,36.0702],[128.3612,36.0606],[128.3306,36.0914],[128.2885,36.0858],[128.285,36.0811],[128.3012,36.0573],[128.2899,36.0412],[128.296,36.031],[128.3104,36.0289],[128.3174,36.0186],[128.3114,36.0063],[128.3189,35.9827],[128.3392,35.9756],[128.3403,35.9638],[128.3479,35.9547],[128.3597,35.956],[128.3687,35.942],[128.3958,35.9416],[128.399,35.8989],[128.4071,35.9007],[128.4246,35.9247]]]}},{"type":"Feature","properties":{"gid":"KOR.9.6_2","provZh":"庆尚北道","name2":"Gimcheon","type2":"Si","engtype2":"City"},"geometry":{"type":"Polygon","coordinates":[[[128.0467,35.9325],[128.0561,35.9418],[128.0717,35.936],[128.074,35.9279],[128.0884,35.9214],[128.0886,35.9466],[128.0955,35.9542],[128.1108,35.9646],[128.1182,35.9593],[128.151,35.9663],[128.1577,35.9874],[128.1706,35.9931],[128.1665,36.0021],[128.1734,36.0142],[128.1643,36.0325],[128.1694,36.0355],[128.1938,36.0315],[128.1942,36.0448],[128.209,36.0455],[128.2231,36.0554],[128.241,36.0486],[128.2566,36.0518],[128.2888,36.0431],[128.2994,36.0512],[128.3008,36.0627],[128.285,36.0811],[128.292,36.088],[128.2916,36.0948],[128.2748,36.1045],[128.2777,36.114],[128.2961,36.1324],[128.2845,36.1405],[128.2952,36.1682],[128.2707,36.1741],[128.2713,36.1956],[128.2593,36.2016],[128.2428,36.1971],[128.2347,36.2011],[128.2341,36.2265],[128.226,36.2314],[128.2183,36.23],[128.1968,36.2447],[128.1723,36.2456],[128.1599,36.2573],[128.1394,36.2581],[128.1311,36.2512],[128.1206,36.2532],[128.1191,36.2431],[128.1087,36.2372],[128.0967,36.2523],[128.0897,36.2524],[128.0764,36.2419],[128.0609,36.2467],[128.0504,36.2442],[128.0416,36.2522],[128.0299,36.24],[128.0422,36.2175],[128.0501,36.2165],[128.0508,36.206],[128.058,36.2011],[128.0386,36.1942],[128.024,36.2066],[128.0097,36.2094],[127.9985,36.2073],[127.993,36.2],[127.978,36.1981],[127.9812,36.1959],[127.9753,36.1877],[127.9841,36.1782],[127.9826,36.1706],[127.9972,36.1555],[127.9875,36.1474],[127.9878,36.1288],[127.9668,36.1181],[127.9687,36.1031],[127.9585,36.0901],[127.9609,36.0703],[127.9363,36.0511],[127.9167,36.0543],[127.9027,36.0391],[127.8848,36.0359],[127.8768,36.0227],[127.8756,35.9969],[127.8932,35.9868],[127.8896,35.9797],[127.8963,35.9777],[127.9023,35.9569],[127.9114,35.9492],[127.9061,35.9406],[127.8822,35.9289],[127.8824,35.9195],[127.8882,35.9148],[127.8827,35.899],[127.8935,35.8868],[127.9202,35.8932],[127.9229,35.8826],[127.9302,35.8786],[127.9331,35.864],[127.9258,35.8556],[127.9422,35.8545],[127.9512,35.8616],[127.974,35.8521],[127.9817,35.8587],[127.997,35.8371],[128.0112,35.8291],[128.0298,35.8356],[128.0517,35.8299],[128.0698,35.8412],[128.0774,35.8397],[128.0733,35.8505],[128.0868,35.8724],[128.0702,35.8804],[128.0665,35.8959],[128.0563,35.9043],[128.0607,35.9074],[128.0486,35.9201],[128.0467,35.9325]]]}},{"type":"Feature","properties":{"gid":"KOR.9.7_2","provZh":"庆尚北道","name2":"Goryeong","type2":"Gun","engtype2":"County"},"geometry":{"type":"Polygon","coordinates":[[[128.355,35.6866],[128.3518,35.704],[128.3579,35.7085],[128.4122,35.6958],[128.423,35.6976],[128.4331,35.7059],[128.4318,35.7256],[128.3912,35.7484],[128.3835,35.7601],[128.4158,35.8061],[128.4208,35.8094],[128.471,35.8061],[128.4827,35.8155],[128.4811,35.8301],[128.4689,35.8396],[128.4447,35.8479],[128.3876,35.8524],[128.3927,35.8387],[128.3731,35.8348],[128.3789,35.8231],[128.3688,35.8168],[128.367,35.7938],[128.3503,35.7991],[128.3381,35.7971],[128.3213,35.8123],[128.3054,35.8123],[128.2882,35.8261],[128.2758,35.8268],[128.2735,35.7959],[128.2705,35.7913],[128.2621,35.7958],[128.25,35.7897],[128.2507,35.7801],[128.2171,35.7921],[128.2096,35.8159],[128.1782,35.8188],[128.165,35.8126],[128.1623,35.8055],[128.1788,35.7873],[128.1635,35.777],[128.1615,35.77],[128.165,35.7635],[128.1893,35.7518],[128.1981,35.7359],[128.2048,35.6839],[128.1841,35.68],[128.1792,35.673],[128.1637,35.673],[128.1599,35.6662],[128.1615,35.6538],[128.1852,35.6577],[128.2012,35.6437],[128.2297,35.6395],[128.236,35.6407],[128.2364,35.6511],[128.2422,35.6552],[128.2623,35.6427],[128.2768,35.647],[128.2795,35.6523],[128.2963,35.6507],[128.2981,35.6562],[128.306,35.6555],[128.324,35.6466],[128.3521,35.6446],[128.3619,35.6289],[128.3646,35.6134],[128.3717,35.6109],[128.3884,35.6179],[128.4013,35.6327],[128.4,35.6456],[128.3623,35.6756],[128.355,35.6866]]]}},{"type":"Feature","properties":{"gid":"KOR.9.8_2","provZh":"庆尚北道","name2":"Gumi","type2":"Si","engtype2":"City"},"geometry":{"type":"Polygon","coordinates":[[[128.3915,36.0844],[128.3955,36.091],[128.4048,36.0921],[128.4087,36.0834],[128.4156,36.0828],[128.4223,36.0885],[128.4293,36.0799],[128.4629,36.0697],[128.4697,36.0723],[128.4637,36.0814],[128.4771,36.0927],[128.4789,36.1051],[128.4928,36.1249],[128.499,36.1127],[128.5204,36.1146],[128.56,36.1095],[128.5636,36.1169],[128.5486,36.131],[128.5529,36.1391],[128.5483,36.1407],[128.5485,36.1514],[128.5401,36.1611],[128.5445,36.166],[128.5524,36.1649],[128.5568,36.1772],[128.5488,36.1778],[128.5366,36.1949],[128.5228,36.2014],[128.516,36.1997],[128.5134,36.1922],[128.5029,36.1849],[128.4932,36.2007],[128.4892,36.2203],[128.4795,36.2245],[128.485,36.2336],[128.4784,36.2347],[128.4409,36.2184],[128.434,36.2343],[128.4238,36.237],[128.4177,36.2459],[128.4201,36.2538],[128.4162,36.2577],[128.4264,36.2754],[128.396,36.2931],[128.3879,36.3042],[128.3893,36.3096],[128.3804,36.3122],[128.3787,36.3226],[128.3724,36.325],[128.3657,36.3381],[128.3371,36.3493],[128.3159,36.3355],[128.3172,36.332],[128.3079,36.3307],[128.3006,36.3446],[128.2936,36.3486],[128.2821,36.3463],[128.2749,36.3598],[128.2584,36.3625],[128.2326,36.333],[128.2289,36.3031],[128.2194,36.3072],[128.2056,36.2987],[128.1696,36.2999],[128.1399,36.2864],[128.133,36.2703],[128.1369,36.2569],[128.1599,36.2573],[128.1723,36.2456],[128.1968,36.2447],[128.2183,36.23],[128.226,36.2314],[128.2365,36.2247],[128.2347,36.2011],[128.2428,36.1971],[128.2593,36.2016],[128.2713,36.1956],[128.2707,36.1741],[128.2952,36.1682],[128.2845,36.1405],[128.2961,36.1324],[128.2777,36.114],[128.2748,36.1045],[128.2916,36.0948],[128.2914,36.0884],[128.3306,36.0914],[128.3612,36.0606],[128.3865,36.0702],[128.3821,36.0744],[128.3915,36.0844]]]}},{"type":"Feature","properties":{"gid":"KOR.9.9_2","provZh":"庆尚北道","name2":"Gunwi","type2":"Gun","engtype2":"County"},"geometry":{"type":"Polygon","coordinates":[[[128.6801,36.0148],[128.6956,36.0162],[128.7037,36.058],[128.714,36.0755],[128.7228,36.0733],[128.7269,36.0771],[128.7293,36.0827],[128.7229,36.0903],[128.7437,36.102],[128.7452,36.1093],[128.7516,36.103],[128.7509,36.0918],[128.7655,36.1005],[128.7894,36.0862],[128.8021,36.086],[128.8164,36.0923],[128.8223,36.1005],[128.8326,36.102],[128.8378,36.1131],[128.851,36.1182],[128.8506,36.1374],[128.8586,36.145],[128.8916,36.1435],[128.8923,36.1553],[128.9002,36.1624],[128.8903,36.182],[128.8808,36.1902],[128.8832,36.1984],[128.8437,36.2156],[128.8266,36.2182],[128.8041,36.2098],[128.7964,36.1908],[128.77,36.1934],[128.758,36.2028],[128.7459,36.1944],[128.735,36.2007],[128.704,36.1993],[128.6963,36.2022],[128.6999,36.2088],[128.6942,36.214],[128.6815,36.2148],[128.6719,36.2082],[128.6598,36.2214],[128.6487,36.2181],[128.6394,36.2075],[128.6318,36.2162],[128.6372,36.228],[128.6331,36.2387],[128.6414,36.2448],[128.6406,36.2575],[128.6237,36.267],[128.5994,36.2705],[128.5945,36.2777],[128.5786,36.2797],[128.57,36.2747],[128.5528,36.2746],[128.5455,36.292],[128.4844,36.3075],[128.4732,36.3122],[128.471,36.3209],[128.4539,36.3272],[128.438,36.314],[128.4385,36.3051],[128.4165,36.2987],[128.4104,36.2872],[128.4265,36.2746],[128.4162,36.2577],[128.4201,36.2538],[128.4177,36.2459],[128.4238,36.237],[128.434,36.2343],[128.4409,36.2184],[128.4784,36.2347],[128.485,36.2336],[128.4795,36.2245],[128.4892,36.2203],[128.4932,36.2007],[128.5029,36.1849],[128.5134,36.1922],[128.516,36.1997],[128.5228,36.2014],[128.5366,36.1949],[128.5488,36.1778],[128.5568,36.1772],[128.5524,36.1649],[128.5445,36.166],[128.5401,36.1611],[128.5485,36.1514],[128.5483,36.1407],[128.5529,36.1391],[128.5486,36.131],[128.564,36.1159],[128.5628,36.0996],[128.569,36.0885],[128.5638,36.0698],[128.5694,36.0582],[128.5835,36.0679],[128.5945,36.0628],[128.5979,36.075],[128.6254,36.0805],[128.6314,36.0767],[128.6288,36.0702],[128.6327,36.0668],[128.6214,36.0252],[128.651,36.0073],[128.6801,36.0148]]]}},{"type":"Feature","properties":{"gid":"KOR.9.10_2","provZh":"庆尚北道","name2":"Gyeongju","type2":"Si","engtype2":"City"},"geometry":{"type":"Polygon","coordinates":[[[129.0425,35.6582],[129.0469,35.6505],[129.0755,35.6404],[129.0809,35.6433],[129.0673,35.662],[129.0672,35.6713],[129.073,35.6774],[129.0699,35.6824],[129.0772,35.6929],[129.0903,35.7027],[129.1228,35.7078],[129.1274,35.7141],[129.1368,35.7129],[129.1375,35.7207],[129.1461,35.7249],[129.1603,35.7148],[129.1765,35.7157],[129.1813,35.7238],[129.1981,35.7145],[129.2086,35.7212],[129.234,35.7039],[129.2569,35.7007],[129.2626,35.6911],[129.2555,35.6605],[129.2604,35.6546],[129.2829,35.6517],[129.2964,35.6435],[129.3045,35.6572],[129.3278,35.6588],[129.3341,35.6698],[129.3536,35.6794],[129.3641,35.6789],[129.3727,35.6692],[129.3999,35.6676],[129.4351,35.6524],[129.4393,35.6552],[129.4498,35.6511],[129.454,35.6646],[129.4652,35.6668],[129.4645,35.6766],[129.4744,35.6869],[129.4732,35.7051],[129.4794,35.7079],[129.4789,35.7124],[129.4818,35.7071],[129.479,35.7169],[129.4863,35.7298],[129.4839,35.7435],[129.4941,35.7527],[129.4913,35.7584],[129.4966,35.7716],[129.4916,35.7878],[129.5001,35.7931],[129.4995,35.8003],[129.5058,35.8034],[129.5036,35.8074],[129.5121,35.8064],[129.5096,35.8243],[129.5206,35.8377],[129.518,35.8419],[129.5078,35.8383],[129.4901,35.8434],[129.4803,35.8531],[129.4524,35.8479],[129.437,35.8788],[129.4258,35.884],[129.4104,35.8705],[129.407,35.8578],[129.3938,35.8567],[129.3912,35.8634],[129.3719,35.8608],[129.3612,35.865],[129.3553,35.8727],[129.3637,35.8766],[129.3626,35.8872],[129.3538,35.8869],[129.3509,35.8914],[129.3437,35.8881],[129.3375,35.8926],[129.3334,35.9011],[129.3366,35.9162],[129.3296,35.9266],[129.3327,35.9306],[129.3169,35.9463],[129.3199,35.9581],[129.3023,35.9813],[129.3045,35.9946],[129.293,35.995],[129.2982,35.9969],[129.2954,36.0107],[129.2772,36.0274],[129.2865,36.07],[129.2762,36.0792],[129.2473,36.075],[129.2383,36.0524],[129.2237,36.0438],[129.1975,36.0406],[129.1812,36.0275],[129.1763,36.0317],[129.1763,36.0478],[129.1647,36.0552],[129.1511,36.0549],[129.1342,36.0344],[129.144,36.0104],[129.1266,36.0053],[129.1148,36.0135],[129.1109,36.006],[129.1172,35.9855],[129.1161,35.9617],[129.1288,35.948],[129.1361,35.933],[129.1336,35.9276],[129.1157,35.917],[129.1095,35.9302],[129.0978,35.9389],[129.0668,35.9419],[129.0582,35.933],[129.0617,35.9297],[129.0548,35.9199],[129.027,35.905],[129.026,35.8915],[129.0326,35.8707],[129.0188,35.8566],[129.0131,35.8469],[129.0154,35.8392],[128.9903,35.7999],[128.9971,35.7781],[128.9902,35.7727],[128.9747,35.7717],[128.977,35.7679],[128.9707,35.7547],[128.9756,35.7497],[128.9729,35.7374],[128.9976,35.7173],[129.0036,35.6946],[129.0218,35.6889],[129.0374,35.695],[129.0352,35.6753],[129.0425,35.6582]]]}},{"type":"Feature","properties":{"gid":"KOR.9.11_2","provZh":"庆尚北道","name2":"Gyeongsan","type2":"Si","engtype2":"City"},"geometry":{"type":"Polygon","coordinates":[[[128.6933,35.7488],[128.6937,35.7437],[128.7026,35.7437],[128.7149,35.7211],[128.7324,35.72],[128.7377,35.7089],[128.7584,35.7005],[128.7659,35.7015],[128.7646,35.7178],[128.7737,35.7228],[128.7753,35.7298],[128.7856,35.7326],[128.7894,35.7437],[128.8008,35.7458],[128.8271,35.7387],[128.8343,35.7456],[128.85,35.7413],[128.8585,35.7475],[128.8549,35.7568],[128.8662,35.7582],[128.8761,35.748],[128.8925,35.7554],[128.8946,35.764],[128.9056,35.7466],[128.9139,35.7583],[128.9344,35.7622],[128.9459,35.7824],[128.9449,35.7889],[128.9556,35.8014],[128.954,35.8119],[128.9595,35.8257],[128.9705,35.8355],[128.9702,35.8405],[128.9592,35.8419],[128.9457,35.8309],[128.932,35.8368],[128.9163,35.8368],[128.9096,35.8316],[128.8964,35.8371],[128.8924,35.8447],[128.8832,35.8432],[128.8755,35.8519],[128.8738,35.8646],[128.859,35.8776],[128.8748,35.889],[128.8552,35.9001],[128.8526,35.9205],[128.8623,35.9293],[128.8594,35.9539],[128.8369,35.9677],[128.8132,35.9655],[128.8119,35.9734],[128.7868,35.9882],[128.7699,35.983],[128.7363,35.9937],[128.731,35.9854],[128.7462,35.9729],[128.738,35.9559],[128.7441,35.944],[128.7367,35.9296],[128.7598,35.9068],[128.7566,35.9036],[128.7613,35.8875],[128.7598,35.8661],[128.7386,35.8513],[128.7219,35.8569],[128.7269,35.8472],[128.7251,35.8362],[128.7086,35.8266],[128.7175,35.8068],[128.6998,35.795],[128.6933,35.7968],[128.6825,35.7901],[128.6864,35.7687],[128.6952,35.7569],[128.6933,35.7488]]]}},{"type":"Feature","properties":{"gid":"KOR.9.12_2","provZh":"庆尚北道","name2":"Mungyeong","type2":"Si","engtype2":"City"},"geometry":{"type":"Polygon","coordinates":[[[128.2714,36.5994],[128.262,36.6112],[128.272,36.6098],[128.27,36.6149],[128.283,36.6169],[128.2886,36.6297],[128.307,36.6381],[128.309,36.6561],[128.3162,36.6569],[128.3197,36.6457],[128.3303,36.6419],[128.3496,36.65],[128.349,36.6546],[128.3354,36.6585],[128.3342,36.6654],[128.3204,36.6783],[128.3369,36.6936],[128.3306,36.6974],[128.3363,36.7106],[128.3315,36.7204],[128.3328,36.7357],[128.3391,36.7409],[128.3594,36.7406],[128.3691,36.7512],[128.3633,36.7613],[128.372,36.7963],[128.3532,36.8124],[128.3165,36.8167],[128.3157,36.8228],[128.2866,36.845],[128.2825,36.856],[128.2418,36.8723],[128.2347,36.8628],[128.237,36.8453],[128.2113,36.8469],[128.2154,36.812],[128.1531,36.8224],[128.1418,36.8333],[128.1336,36.8328],[128.1299,36.8251],[128.1099,36.8215],[128.1071,36.8073],[128.093,36.8029],[128.0935,36.7968],[128.0838,36.7993],[128.0854,36.8042],[128.0718,36.8146],[128.0592,36.8164],[128.054,36.8052],[128.055,36.7927],[128.0456,36.7824],[128.0448,36.7711],[128.0324,36.7552],[128.0323,36.7476],[128.068,36.7222],[128.0704,36.7077],[128.049,36.708],[128.0209,36.7219],[128.0148,36.7302],[128.0019,36.7173],[127.9868,36.7175],[127.9606,36.7372],[127.9492,36.7199],[127.9495,36.7081],[127.9336,36.7065],[127.9289,36.6908],[127.8939,36.6944],[127.8743,36.682],[127.8876,36.6786],[127.9004,36.6822],[127.913,36.6777],[127.9177,36.6679],[127.9296,36.6688],[127.9322,36.6645],[127.9316,36.6554],[127.9391,36.6527],[127.9392,36.6471],[127.9343,36.6411],[127.9324,36.6187],[127.9241,36.6155],[127.9239,36.602],[127.9328,36.5911],[127.9305,36.5776],[127.9369,36.5696],[127.9336,36.5591],[127.94,36.5511],[127.9357,36.5444],[127.9378,36.5376],[127.9309,36.534],[127.9392,36.5265],[127.9581,36.5244],[127.9769,36.513],[127.9812,36.5275],[127.9785,36.5433],[128.0047,36.5507],[128.017,36.5444],[128.0541,36.5462],[128.0593,36.5581],[128.0662,36.5614],[128.0565,36.5828],[128.0683,36.5927],[128.0715,36.6053],[128.0862,36.6093],[128.1053,36.6066],[128.1123,36.6109],[128.1157,36.621],[128.1453,36.6077],[128.1509,36.5997],[128.1768,36.5964],[128.181,36.585],[128.1778,36.5841],[128.1821,36.5813],[128.1903,36.5838],[128.2067,36.5785],[128.2062,36.5722],[128.2193,36.5751],[128.217,36.5395],[128.2358,36.53],[128.2524,36.5353],[128.2662,36.5322],[128.2621,36.5461],[128.265,36.552],[128.2969,36.5535],[128.2936,36.5591],[128.2959,36.5783],[128.2856,36.5777],[128.2714,36.5994]]]}},{"type":"Feature","properties":{"gid":"KOR.9.13_2","provZh":"庆尚北道","name2":"Pohang","type2":"Si","engtype2":"City"},"geometry":{"type":"MultiPolygon","coordinates":[[[[129.5078,35.8383],[129.5173,35.8419],[129.5267,35.8629],[129.5343,35.8684],[129.5188,35.8737],[129.5204,35.8818],[129.5293,35.8835],[129.5253,35.8959],[129.5341,35.9003],[129.5186,35.9201],[129.5191,35.929],[129.5234,35.9335],[129.531,35.9319],[129.5353,35.9441],[129.5464,35.9534],[129.5505,35.9607],[129.5474,35.9643],[129.5544,35.9682],[129.5517,35.9788],[129.5585,35.9841],[129.5525,35.9873],[129.5673,35.99],[129.5666,35.9973],[129.5844,36.0165],[129.5772,36.0246],[129.582,36.0285],[129.5771,36.0339],[129.5836,36.0463],[129.5686,36.0688],[129.5703,36.0779],[129.5619,36.0784],[129.5572,36.0856],[129.5474,36.085],[129.5335,36.0579],[129.5253,36.058],[129.5153,36.0433],[129.5048,36.0371],[129.5032,36.0257],[129.4588,36.0034],[129.4558,35.9932],[129.4458,35.9916],[129.4234,35.9999],[129.4177,36.0063],[129.4236,36.0101],[129.4141,36.0046],[129.4231,36.0112],[129.4239,36.0224],[129.4225,36.0135],[129.4161,36.0167],[129.4124,36.0118],[129.4101,36.016],[129.407,36.0089],[129.4039,36.0113],[129.4068,36.0139],[129.3956,36.0179],[129.4075,36.0293],[129.4184,36.0264],[129.4316,36.0303],[129.4015,36.0391],[129.4119,36.0359],[129.4014,36.0387],[129.3858,36.0285],[129.3728,36.0508],[129.3832,36.0479],[129.3782,36.0525],[129.3829,36.0628],[129.396,36.0631],[129.4016,36.0697],[129.418,36.0737],[129.4195,36.0888],[129.429,36.0943],[129.4308,36.1006],[129.4396,36.0973],[129.4397,36.1106],[129.4312,36.1124],[129.4399,36.1125],[129.4236,36.115],[129.3952,36.1404],[129.4005,36.1537],[129.3934,36.1814],[129.377,36.1898],[129.3719,36.2001],[129.3726,36.207],[129.3815,36.2097],[129.3866,36.2175],[129.3809,36.2303],[129.3864,36.2399],[129.3729,36.2549],[129.376,36.2682],[129.3544,36.2732],[129.3392,36.2666],[129.3157,36.2718],[129.3041,36.2679],[129.2865,36.2864],[129.2852,36.2977],[129.2978,36.3091],[129.2988,36.3192],[129.2854,36.3334],[129.2747,36.3276],[129.2679,36.3307],[129.2666,36.3208],[129.256,36.3238],[129.2321,36.3132],[129.2235,36.3019],[129.2286,36.2959],[129.2211,36.2878],[129.2268,36.277],[129.2071,36.2667],[129.1979,36.2447],[129.171,36.2248],[129.1659,36.2321],[129.1472,36.2392],[129.1281,36.2638],[129.1024,36.2648],[129.0932,36.2744],[129.0802,36.2773],[129.0523,36.2656],[129.0596,36.2532],[129.0757,36.2501],[129.0819,36.235],[129.0659,36.2271],[129.0649,36.2195],[129.0566,36.224],[129.042,36.222],[129.0355,36.2034],[129.0282,36.1964],[129.0267,36.1834],[128.998,36.1787],[128.9906,36.1752],[128.9895,36.1681],[129.0443,36.156],[129.0473,36.1503],[129.0633,36.143],[129.0645,36.135],[129.0594,36.1296],[129.0729,36.1141],[129.0787,36.1124],[129.081,36.1176],[129.0985,36.1219],[129.1052,36.114],[129.0936,36.1042],[129.0979,36.0926],[129.1124,36.079],[129.128,36.0806],[129.1408,36.0586],[129.17,36.0533],[129.1773,36.0459],[129.1784,36.0274],[129.2039,36.0433],[129.2237,36.0438],[129.2383,36.0524],[129.2473,36.075],[129.2762,36.0792],[129.2865,36.07],[129.2772,36.0274],[129.2954,36.0107],[129.2982,35.9969],[129.293,35.995],[129.3045,35.9946],[129.3023,35.9813],[129.3199,35.9581],[129.3169,35.9463],[129.3327,35.9306],[129.3296,35.9266],[129.3366,35.9162],[129.3334,35.9011],[129.3375,35.8926],[129.3437,35.8881],[129.3509,35.8914],[129.3538,35.8869],[129.3626,35.8872],[129.3637,35.8766],[129.3553,35.8727],[129.3612,35.865],[129.3719,35.8608],[129.3912,35.8634],[129.3938,35.8567],[129.407,35.8578],[129.4104,35.8705],[129.4258,35.884],[129.437,35.8788],[129.4524,35.8479],[129.4803,35.8531],[129.4901,35.8434],[129.5078,35.8383]]],[[[129.4643,36.0982],[129.4396,36.1181],[129.4635,36.0985],[129.4642,36.0893],[129.4643,36.0982]]]]}},{"type":"Feature","properties":{"gid":"KOR.9.14_2","provZh":"庆尚北道","name2":"Sangju","type2":"Si","engtype2":"City"},"geometry":{"type":"Polygon","coordinates":[[[128.0426,36.2585],[128.0474,36.2566],[128.0504,36.2442],[128.0609,36.2467],[128.0764,36.2419],[128.0897,36.2524],[128.0967,36.2523],[128.11,36.2373],[128.1214,36.2462],[128.1206,36.2532],[128.1357,36.2544],[128.1328,36.2678],[128.1372,36.2825],[128.1548,36.2953],[128.1696,36.2999],[128.2056,36.2987],[128.2194,36.3072],[128.2289,36.3031],[128.2319,36.3316],[128.2513,36.3513],[128.2531,36.3595],[128.27,36.3619],[128.2777,36.3574],[128.2773,36.3501],[128.2877,36.3463],[128.3103,36.3641],[128.3175,36.3876],[128.3293,36.389],[128.339,36.4049],[128.3338,36.4201],[128.3217,36.4236],[128.3259,36.4403],[128.2996,36.4635],[128.2806,36.4635],[128.2792,36.4718],[128.262,36.477],[128.2703,36.4868],[128.2644,36.5071],[128.2709,36.5192],[128.268,36.5358],[128.2652,36.5319],[128.2524,36.5353],[128.2358,36.53],[128.2223,36.5347],[128.2164,36.5459],[128.2193,36.5751],[128.2062,36.5722],[128.2067,36.5785],[128.1903,36.5838],[128.1813,36.5817],[128.1768,36.5964],[128.1509,36.5997],[128.1453,36.6077],[128.1197,36.6219],[128.1053,36.6066],[128.0862,36.6093],[128.0715,36.6053],[128.0683,36.5927],[128.0565,36.5828],[128.0662,36.5614],[128.0593,36.5581],[128.0541,36.5462],[128.017,36.5444],[128.0047,36.5507],[127.982,36.5454],[127.9785,36.5433],[127.9812,36.5275],[127.9769,36.513],[127.9581,36.5244],[127.9392,36.5265],[127.9303,36.536],[127.9378,36.5376],[127.9357,36.5444],[127.94,36.5511],[127.9336,36.5591],[127.9369,36.5696],[127.9305,36.5776],[127.9328,36.5911],[127.9239,36.602],[127.92,36.6011],[127.9072,36.6258],[127.8897,36.6293],[127.889,36.6404],[127.88,36.6568],[127.8758,36.6562],[127.8613,36.6356],[127.8468,36.634],[127.8506,36.6313],[127.8498,36.6196],[127.8583,36.6135],[127.8407,36.6083],[127.821,36.6133],[127.8181,36.6084],[127.7985,36.6021],[127.7962,36.5953],[127.7985,36.5864],[127.8245,36.5709],[127.8302,36.5743],[127.8604,36.568],[127.8703,36.5592],[127.8705,36.5428],[127.8761,36.537],[127.9025,36.5281],[127.9063,36.5069],[127.8761,36.4884],[127.8753,36.4832],[127.8824,36.4759],[127.8784,36.4671],[127.882,36.4618],[127.8721,36.4409],[127.873,36.4243],[127.8827,36.4222],[127.873,36.4059],[127.8639,36.403],[127.8663,36.3947],[127.8629,36.393],[127.8757,36.3906],[127.8842,36.38],[127.8799,36.3715],[127.8913,36.3597],[127.8826,36.3459],[127.8701,36.3435],[127.8658,36.3356],[127.8526,36.3296],[127.8415,36.31],[127.8514,36.2755],[127.8826,36.2737],[127.8899,36.2892],[127.9043,36.3015],[127.9081,36.2855],[127.9309,36.278],[127.9379,36.2691],[127.9474,36.2672],[127.9493,36.2566],[127.9602,36.2524],[127.9706,36.2504],[127.9783,36.2546],[127.9812,36.2636],[128.01,36.2721],[128.0426,36.2585]]]}},{"type":"Feature","properties":{"gid":"KOR.9.15_2","provZh":"庆尚北道","name2":"Seongju","type2":"Gun","engtype2":"County"},"geometry":{"type":"Polygon","coordinates":[[[128.2498,35.7802],[128.25,35.7897],[128.2621,35.7958],[128.2713,35.7919],[128.2758,35.8268],[128.2882,35.8261],[128.3054,35.8123],[128.3213,35.8123],[128.3381,35.7971],[128.3503,35.7991],[128.3674,35.7941],[128.3688,35.8168],[128.3789,35.8231],[128.3731,35.8348],[128.3927,35.8387],[128.3835,35.8528],[128.3836,35.8626],[128.399,35.8956],[128.3991,35.9266],[128.3958,35.9416],[128.3687,35.942],[128.3597,35.956],[128.3479,35.9547],[128.3403,35.9638],[128.3392,35.9756],[128.3189,35.9827],[128.3114,36.0063],[128.3174,36.0186],[128.3104,36.0289],[128.296,36.031],[128.2897,36.0438],[128.2833,36.0468],[128.2566,36.0518],[128.241,36.0486],[128.2231,36.0554],[128.209,36.0455],[128.1942,36.0448],[128.1938,36.0315],[128.1694,36.0355],[128.1643,36.0325],[128.1734,36.0142],[128.1665,36.0021],[128.1706,35.9931],[128.1577,35.9874],[128.151,35.9663],[128.1182,35.9593],[128.1108,35.9646],[128.0955,35.9542],[128.0886,35.9466],[128.0884,35.9214],[128.074,35.9279],[128.0717,35.936],[128.0561,35.9418],[128.0468,35.9282],[128.0607,35.9074],[128.0573,35.902],[128.0665,35.8959],[128.0705,35.8801],[128.0868,35.8724],[128.0733,35.8505],[128.0774,35.8397],[128.0908,35.8306],[128.1231,35.8224],[128.1219,35.8035],[128.1289,35.7894],[128.1375,35.7843],[128.1544,35.7864],[128.1637,35.7772],[128.1685,35.7796],[128.1788,35.7873],[128.1626,35.8079],[128.1695,35.8159],[128.1879,35.8193],[128.2096,35.8159],[128.2171,35.7921],[128.2498,35.7802]]]}},{"type":"Feature","properties":{"gid":"KOR.9.16_2","provZh":"庆尚北道","name2":"Uiseong","type2":"Gun","engtype2":"County"},"geometry":{"type":"Polygon","coordinates":[[[128.8017,36.2058],[128.8266,36.2182],[128.8712,36.2052],[128.8761,36.1987],[128.8966,36.2067],[128.8959,36.2132],[128.8689,36.2321],[128.8815,36.2387],[128.8822,36.2527],[128.8566,36.2546],[128.8469,36.2612],[128.8627,36.268],[128.8634,36.2744],[128.8773,36.2741],[128.879,36.2953],[128.8895,36.2974],[128.8923,36.3048],[128.8862,36.3116],[128.8928,36.3243],[128.8861,36.343],[128.8769,36.3448],[128.8811,36.3589],[128.8717,36.3667],[128.878,36.3759],[128.8597,36.3878],[128.8503,36.3883],[128.8514,36.3992],[128.8452,36.4046],[128.8426,36.421],[128.8342,36.4271],[128.8305,36.4523],[128.8133,36.4538],[128.7924,36.4659],[128.7822,36.4647],[128.7677,36.4806],[128.7473,36.4889],[128.7325,36.4774],[128.7188,36.4824],[128.71,36.4768],[128.7036,36.466],[128.706,36.4475],[128.6833,36.4443],[128.6748,36.4367],[128.6645,36.438],[128.6536,36.4297],[128.6296,36.4265],[128.6287,36.42],[128.6104,36.4181],[128.6036,36.4051],[128.5972,36.4102],[128.5982,36.4316],[128.5878,36.4398],[128.5771,36.44],[128.5664,36.4524],[128.559,36.4722],[128.5524,36.4759],[128.5513,36.4891],[128.5315,36.4983],[128.5065,36.4997],[128.4954,36.5166],[128.4764,36.5143],[128.4747,36.4987],[128.4641,36.4989],[128.4606,36.4902],[128.4331,36.5028],[128.4343,36.5189],[128.4194,36.523],[128.4,36.5101],[128.3755,36.503],[128.3697,36.5089],[128.3656,36.5302],[128.3586,36.5326],[128.341,36.5243],[128.3456,36.5141],[128.336,36.4994],[128.3387,36.4899],[128.3086,36.4638],[128.3259,36.4403],[128.3217,36.4236],[128.3338,36.4201],[128.339,36.4049],[128.3263,36.3862],[128.3175,36.3876],[128.3103,36.3641],[128.2877,36.3463],[128.2936,36.3486],[128.3006,36.3446],[128.3055,36.3316],[128.3172,36.332],[128.3159,36.3355],[128.332,36.3432],[128.3346,36.3492],[128.3617,36.3403],[128.3787,36.3226],[128.3804,36.3122],[128.3893,36.3096],[128.3879,36.3042],[128.396,36.2931],[128.4087,36.2871],[128.4165,36.2987],[128.4385,36.3051],[128.438,36.314],[128.4539,36.3272],[128.471,36.3209],[128.4732,36.3122],[128.4844,36.3075],[128.5455,36.292],[128.5528,36.2746],[128.57,36.2747],[128.5786,36.2797],[128.5945,36.2777],[128.5994,36.2705],[128.6237,36.267],[128.6406,36.2575],[128.6414,36.2448],[128.6331,36.2387],[128.6372,36.228],[128.6318,36.2162],[128.6394,36.2075],[128.6487,36.2181],[128.6598,36.2214],[128.6719,36.2082],[128.6815,36.2148],[128.6942,36.214],[128.6999,36.2088],[128.6963,36.2022],[128.704,36.1993],[128.735,36.2007],[128.7459,36.1944],[128.758,36.2028],[128.77,36.1934],[128.7944,36.1907],[128.8032,36.2011],[128.8017,36.2058]]]}},{"type":"Feature","properties":{"gid":"KOR.9.17_2","provZh":"庆尚北道","name2":"Uljin","type2":"Gun","engtype2":"County"},"geometry":{"type":"Polygon","coordinates":[[[129.4215,36.6439],[129.4283,36.6488],[129.4386,36.6714],[129.459,36.6818],[129.4619,36.6778],[129.4569,36.6728],[129.4654,36.6797],[129.4691,36.695],[129.475,36.6979],[129.4718,36.7209],[129.477,36.7279],[129.468,36.7574],[129.4782,36.7677],[129.4623,36.7886],[129.4571,36.8143],[129.4277,36.8509],[129.4153,36.8896],[129.4205,36.8976],[129.4155,36.9159],[129.421,36.9408],[129.408,36.9797],[129.4178,36.9993],[129.4094,37.0279],[129.4158,37.0355],[129.4151,37.0533],[129.4302,37.0583],[129.3962,37.0834],[129.3831,37.1004],[129.3826,37.0964],[129.3796,37.0991],[129.3862,37.0999],[129.377,37.1041],[129.3744,37.1106],[129.3801,37.1193],[129.3735,37.123],[129.3709,37.1298],[129.3749,37.1354],[129.366,37.1446],[129.3395,37.1468],[129.3023,37.1275],[129.2946,37.1144],[129.272,37.117],[129.266,37.1023],[129.249,37.0962],[129.2254,37.0737],[129.2331,37.0639],[129.2285,37.0572],[129.238,37.0387],[129.2253,37.0446],[129.1854,37.0417],[129.1746,37.0275],[129.1595,37.0197],[129.1325,37.0344],[129.0928,37.0147],[129.0847,37.0088],[129.0946,37.0069],[129.0894,36.9992],[129.0949,36.9746],[129.091,36.9619],[129.0826,36.9636],[129.0768,36.9557],[129.0876,36.9514],[129.084,36.9459],[129.104,36.9449],[129.108,36.9426],[129.1041,36.9379],[129.1109,36.9338],[129.1185,36.9355],[129.1368,36.9269],[129.1474,36.9133],[129.1445,36.8988],[129.1492,36.8959],[129.1479,36.8897],[129.1555,36.8878],[129.1554,36.8778],[129.163,36.8742],[129.1689,36.8815],[129.1911,36.8798],[129.2056,36.8558],[129.2113,36.8637],[129.2177,36.8584],[129.2324,36.8631],[129.2278,36.8546],[129.247,36.8523],[129.2552,36.8601],[129.2571,36.8735],[129.2794,36.8738],[129.2855,36.8636],[129.2787,36.8644],[129.2807,36.8613],[129.2756,36.8589],[129.2774,36.8473],[129.2712,36.841],[129.2727,36.8334],[129.2891,36.8324],[129.2941,36.825],[129.2876,36.8086],[129.3141,36.7808],[129.3108,36.7738],[129.3033,36.7767],[129.2966,36.768],[129.295,36.7535],[129.2717,36.7447],[129.272,36.7253],[129.2951,36.7187],[129.2828,36.6953],[129.2763,36.6917],[129.2786,36.6815],[129.2691,36.6737],[129.2854,36.668],[129.2942,36.6714],[129.3273,36.6667],[129.3301,36.6615],[129.349,36.6568],[129.3543,36.651],[129.3622,36.6603],[129.3835,36.6688],[129.3969,36.6656],[129.3967,36.6613],[129.4193,36.6506],[129.4215,36.6439]]]}},{"type":"Feature","properties":{"gid":"KOR.9.18_2","provZh":"庆尚北道","name2":"Ulleung","type2":"Gun","engtype2":"County"},"geometry":{"type":"MultiPolygon","coordinates":[[[[130.9398,37.5268],[130.9373,37.5321],[130.9355,37.5285],[130.9398,37.5268]]],[[[130.9081,37.5283],[130.9119,37.5381],[130.9195,37.5409],[130.9104,37.5416],[130.903,37.549],[130.8919,37.5411],[130.8744,37.5429],[130.8668,37.5366],[130.845,37.5354],[130.8025,37.519],[130.7937,37.523],[130.7916,37.5183],[130.8049,37.5039],[130.8019,37.4846],[130.81,37.4749],[130.8684,37.4589],[130.8741,37.4532],[130.8829,37.4608],[130.8761,37.4595],[130.884,37.4705],[130.9071,37.4769],[130.9089,37.4823],[130.9208,37.4863],[130.9136,37.4866],[130.9137,37.4968],[130.9107,37.4922],[130.9176,37.5134],[130.9081,37.5283]]]]}},{"type":"Feature","properties":{"gid":"KOR.9.19_2","provZh":"庆尚北道","name2":"Yecheon","type2":"Gun","engtype2":"County"},"geometry":{"type":"Polygon","coordinates":[[[128.2621,36.5461],[128.2709,36.5192],[128.2644,36.5071],[128.2703,36.4868],[128.262,36.477],[128.2792,36.4718],[128.2806,36.4635],[128.2955,36.4651],[128.3135,36.4546],[128.3105,36.4672],[128.3387,36.4899],[128.336,36.4994],[128.3456,36.5141],[128.3417,36.5251],[128.3538,36.5271],[128.3586,36.5326],[128.3656,36.5302],[128.3697,36.5089],[128.3755,36.503],[128.4,36.5101],[128.4194,36.523],[128.4363,36.5225],[128.4552,36.5376],[128.4646,36.5383],[128.4555,36.5545],[128.4923,36.5699],[128.4991,36.5846],[128.491,36.5884],[128.4939,36.5998],[128.5033,36.6068],[128.5126,36.6004],[128.5295,36.6014],[128.5349,36.6135],[128.5216,36.6198],[128.5249,36.6285],[128.5589,36.6359],[128.5707,36.6481],[128.6043,36.6524],[128.6053,36.6721],[128.6012,36.6791],[128.6084,36.6841],[128.6091,36.6928],[128.5907,36.6984],[128.5834,36.7094],[128.5845,36.7237],[128.5766,36.7268],[128.5781,36.7328],[128.5702,36.7358],[128.5661,36.7524],[128.5517,36.7683],[128.5427,36.7672],[128.5367,36.7735],[128.52,36.7719],[128.5064,36.7638],[128.4847,36.776],[128.475,36.7767],[128.4761,36.7938],[128.4712,36.8035],[128.4816,36.8347],[128.4628,36.847],[128.449,36.8486],[128.4341,36.8341],[128.432,36.8241],[128.4211,36.8118],[128.3833,36.8138],[128.3684,36.8021],[128.372,36.7963],[128.3633,36.7613],[128.3691,36.7512],[128.3594,36.7406],[128.3391,36.7409],[128.3328,36.7357],[128.3315,36.7204],[128.3363,36.7106],[128.3306,36.6974],[128.3369,36.6936],[128.3204,36.6783],[128.3342,36.6654],[128.3354,36.6585],[128.35,36.6511],[128.3475,36.6463],[128.3396,36.6474],[128.3309,36.6418],[128.3197,36.6457],[128.3162,36.6569],[128.309,36.6561],[128.307,36.6381],[128.2886,36.6297],[128.283,36.6169],[128.27,36.6149],[128.272,36.6098],[128.262,36.6112],[128.2806,36.5902],[128.2856,36.5777],[128.2959,36.5783],[128.2936,36.5591],[128.2969,36.5535],[128.265,36.552],[128.2621,36.5461]]]}},{"type":"Feature","properties":{"gid":"KOR.9.20_2","provZh":"庆尚北道","name2":"Yeongcheon","type2":"Si","engtype2":"City"},"geometry":{"type":"Polygon","coordinates":[[[128.8757,35.8602],[128.8755,35.8519],[128.8829,35.8435],[128.8924,35.8447],[128.8964,35.8371],[128.9096,35.8316],[128.9163,35.8368],[128.932,35.8368],[128.9457,35.8309],[128.9631,35.8425],[128.9691,35.8414],[128.9705,35.8355],[128.9845,35.8336],[129.0152,35.8462],[129.0188,35.8566],[129.0326,35.8707],[129.026,35.8915],[129.027,35.905],[129.0548,35.9199],[129.065,35.9413],[129.0978,35.9389],[129.1095,35.9302],[129.1157,35.917],[129.1317,35.9254],[129.1361,35.933],[129.1161,35.9617],[129.1172,35.9855],[129.1109,36.006],[129.1148,36.0135],[129.1266,36.0053],[129.144,36.0104],[129.1342,36.0344],[129.1513,36.0548],[129.1371,36.0611],[129.1349,36.0741],[129.128,36.0806],[129.1124,36.079],[129.0943,36.0968],[129.0936,36.1042],[129.1052,36.114],[129.0985,36.1219],[129.081,36.1176],[129.0787,36.1124],[129.0729,36.1141],[129.0594,36.1296],[129.0645,36.135],[129.0633,36.143],[129.0473,36.1503],[129.0443,36.156],[128.9939,36.1682],[128.969,36.1613],[128.9196,36.1846],[128.8973,36.1767],[128.8944,36.1694],[128.9002,36.1624],[128.8923,36.1553],[128.8916,36.1435],[128.8586,36.145],[128.8506,36.1374],[128.851,36.1182],[128.8378,36.1131],[128.8326,36.102],[128.8223,36.1005],[128.8113,36.0893],[128.7894,36.0862],[128.7645,36.1007],[128.7537,36.0908],[128.7503,36.0921],[128.7516,36.103],[128.7452,36.1093],[128.7437,36.102],[128.7244,36.092],[128.7294,36.081],[128.7237,36.0735],[128.714,36.0755],[128.7037,36.058],[128.7041,36.0444],[128.6965,36.0351],[128.6998,36.0287],[128.6942,36.0182],[128.6968,36.0132],[128.7209,36.007],[128.7347,35.9931],[128.7564,35.9902],[128.7653,35.9841],[128.7868,35.9882],[128.8119,35.9734],[128.8132,35.9655],[128.8369,35.9677],[128.8594,35.9539],[128.8623,35.9293],[128.8526,35.9205],[128.8552,35.9001],[128.8748,35.889],[128.859,35.8776],[128.8757,35.8602]]]}},{"type":"Feature","properties":{"gid":"KOR.9.21_2","provZh":"庆尚北道","name2":"Yeongdeok","type2":"Gun","engtype2":"County"},"geometry":{"type":"Polygon","coordinates":[[[129.2896,36.2827],[129.3041,36.2679],[129.3157,36.2718],[129.3392,36.2666],[129.3544,36.2732],[129.376,36.2682],[129.3814,36.2748],[129.3746,36.2882],[129.3797,36.2942],[129.3823,36.3418],[129.4073,36.3885],[129.4294,36.409],[129.436,36.4255],[129.433,36.4375],[129.4375,36.4656],[129.4329,36.4812],[129.4445,36.489],[129.4467,36.5043],[129.4533,36.5082],[129.4467,36.5088],[129.453,36.5107],[129.444,36.5123],[129.4403,36.5523],[129.4179,36.5754],[129.4106,36.591],[129.4163,36.6034],[129.4121,36.6224],[129.4176,36.6394],[129.4232,36.6435],[129.4193,36.6506],[129.3967,36.6613],[129.3959,36.6661],[129.3818,36.6682],[129.3622,36.6603],[129.3543,36.651],[129.349,36.6568],[129.3301,36.6615],[129.3273,36.6667],[129.2942,36.6714],[129.2854,36.668],[129.2672,36.6739],[129.2327,36.6616],[129.2299,36.6475],[129.2393,36.6346],[129.2391,36.6229],[129.2307,36.6203],[129.231,36.6042],[129.2225,36.6039],[129.2239,36.5976],[129.2168,36.5893],[129.231,36.583],[129.2367,36.5675],[129.2464,36.5631],[129.2411,36.5582],[129.2421,36.5447],[129.2358,36.5337],[129.248,36.5103],[129.2266,36.5141],[129.2243,36.4889],[129.218,36.4905],[129.2139,36.4999],[129.1928,36.5033],[129.1885,36.4997],[129.1809,36.5078],[129.1514,36.499],[129.1539,36.4927],[129.1481,36.4763],[129.1691,36.4465],[129.1706,36.4359],[129.1881,36.4265],[129.2022,36.4287],[129.2107,36.4185],[129.212,36.4077],[129.2274,36.3976],[129.2201,36.3871],[129.2278,36.3802],[129.2164,36.3644],[129.2241,36.3466],[129.2435,36.3461],[129.2535,36.339],[129.2518,36.3215],[129.2666,36.3208],[129.2679,36.3307],[129.2747,36.3276],[129.2854,36.3334],[129.2977,36.3239],[129.2983,36.31],[129.2852,36.2977],[129.2896,36.2827]]]}},{"type":"Feature","properties":{"gid":"KOR.9.22_2","provZh":"庆尚北道","name2":"Yeongju","type2":"Si","engtype2":"City"},"geometry":{"type":"Polygon","coordinates":[[[128.6328,36.7194],[128.6519,36.7109],[128.6669,36.7127],[128.6808,36.7003],[128.6985,36.7067],[128.7075,36.7001],[128.7163,36.7034],[128.7271,36.696],[128.7357,36.6969],[128.7375,36.7071],[128.7292,36.7141],[128.7354,36.7251],[128.7319,36.7293],[128.7369,36.744],[128.743,36.7499],[128.7354,36.7638],[128.7456,36.7773],[128.7364,36.7854],[128.7434,36.7977],[128.7362,36.802],[128.7283,36.7901],[128.7213,36.801],[128.7276,36.8187],[128.713,36.822],[128.7168,36.8291],[128.7283,36.8313],[128.7366,36.8394],[128.7264,36.8548],[128.7268,36.866],[128.7054,36.8671],[128.7009,36.8606],[128.6842,36.8622],[128.6735,36.8479],[128.6745,36.8425],[128.6632,36.8423],[128.6568,36.8519],[128.6418,36.8572],[128.6559,36.8703],[128.6518,36.8819],[128.6443,36.8795],[128.6378,36.8894],[128.6498,36.9106],[128.6587,36.9094],[128.6705,36.9189],[128.6656,36.919],[128.659,36.9318],[128.6649,36.9432],[128.6734,36.9425],[128.6929,36.9738],[128.6927,37.0045],[128.7021,37.0125],[128.7006,37.0288],[128.7091,37.0394],[128.7004,37.0408],[128.6891,37.0531],[128.6533,37.0655],[128.6379,37.0516],[128.6329,37.0405],[128.6084,37.0528],[128.6068,37.0434],[128.5835,37.0437],[128.5777,37.0356],[128.5656,37.0315],[128.5729,37.0208],[128.5691,37.0128],[128.5568,37.0057],[128.5547,36.9983],[128.5155,36.9868],[128.5146,36.9776],[128.5067,36.9701],[128.4672,36.9515],[128.4604,36.934],[128.4417,36.9274],[128.4447,36.9137],[128.4268,36.8892],[128.424,36.8765],[128.4364,36.8737],[128.448,36.8644],[128.449,36.8486],[128.4628,36.847],[128.4816,36.8347],[128.4712,36.8035],[128.4761,36.7938],[128.475,36.7767],[128.4847,36.776],[128.5064,36.7638],[128.52,36.7719],[128.5367,36.7735],[128.5427,36.7672],[128.5517,36.7683],[128.5661,36.7524],[128.5702,36.7358],[128.5781,36.7328],[128.5766,36.7268],[128.5845,36.7237],[128.5834,36.7094],[128.5894,36.7013],[128.5967,36.7028],[128.5982,36.7151],[128.6066,36.7172],[128.6152,36.7123],[128.6328,36.7194]]]}},{"type":"Feature","properties":{"gid":"KOR.9.23_2","provZh":"庆尚北道","name2":"Yeongyang","type2":"Gun","engtype2":"County"},"geometry":{"type":"Polygon","coordinates":[[[129.1501,36.5005],[129.1809,36.5078],[129.1885,36.4997],[129.1928,36.5033],[129.2139,36.4999],[129.218,36.4905],[129.2243,36.4889],[129.2266,36.5141],[129.248,36.5103],[129.2358,36.5337],[129.2421,36.5447],[129.2411,36.5582],[129.2464,36.5631],[129.2367,36.5675],[129.231,36.583],[129.2168,36.5893],[129.2239,36.5976],[129.2225,36.6039],[129.231,36.6042],[129.2307,36.6203],[129.2391,36.6229],[129.2393,36.6346],[129.2299,36.6475],[129.2322,36.6602],[129.2528,36.6706],[129.2627,36.67],[129.2786,36.6815],[129.2763,36.6917],[129.2828,36.6953],[129.2951,36.7187],[129.272,36.7253],[129.2717,36.7447],[129.295,36.7535],[129.2966,36.768],[129.3033,36.7767],[129.3108,36.7738],[129.3141,36.7808],[129.2876,36.8086],[129.2941,36.825],[129.2891,36.8324],[129.2727,36.8334],[129.2712,36.841],[129.2774,36.8473],[129.2756,36.8589],[129.2807,36.8613],[129.2787,36.8644],[129.2855,36.8636],[129.2768,36.875],[129.2621,36.8707],[129.2628,36.8764],[129.2571,36.8735],[129.2552,36.8601],[129.2449,36.8519],[129.2278,36.8546],[129.2324,36.8631],[129.2177,36.8584],[129.2113,36.8637],[129.2056,36.8558],[129.1911,36.8798],[129.1689,36.8815],[129.163,36.8742],[129.1555,36.878],[129.153,36.8738],[129.1369,36.8734],[129.1211,36.8471],[129.0994,36.8277],[129.0897,36.8264],[129.0802,36.818],[129.0659,36.8188],[129.036,36.7892],[128.9846,36.7726],[128.9838,36.7635],[128.992,36.756],[128.9875,36.7357],[128.997,36.7274],[128.9998,36.7172],[128.9894,36.6743],[128.9966,36.6549],[128.9905,36.6485],[128.994,36.6423],[128.9909,36.6239],[128.9964,36.6187],[128.9998,36.594],[129.032,36.588],[129.0359,36.5823],[129.0462,36.5801],[129.0513,36.5574],[129.0592,36.5549],[129.0678,36.5425],[129.1078,36.5459],[129.111,36.5405],[129.1272,36.5346],[129.1311,36.5265],[129.1271,36.5223],[129.1318,36.5175],[129.1275,36.5128],[129.1294,36.5038],[129.1501,36.5005]]]}},{"type":"Feature","properties":{"gid":"KOR.10.1_2","provZh":"庆尚南道","name2":"Changnyeong","type2":"Gun","engtype2":"County"},"geometry":{"type":"Polygon","coordinates":[[[128.593,35.3913],[128.6015,35.3934],[128.6344,35.3686],[128.6507,35.3749],[128.6496,35.3855],[128.6385,35.385],[128.6495,35.398],[128.6459,35.4127],[128.6512,35.4261],[128.6362,35.4348],[128.6261,35.452],[128.615,35.4461],[128.5832,35.4536],[128.5773,35.4597],[128.5712,35.4924],[128.5775,35.5063],[128.5859,35.5065],[128.5918,35.5149],[128.5774,35.5379],[128.5911,35.537],[128.5925,35.5404],[128.5856,35.5553],[128.5891,35.5625],[128.5836,35.5666],[128.5847,35.5797],[128.5932,35.5844],[128.573,35.5932],[128.569,35.6025],[128.5608,35.6032],[128.5587,35.6148],[128.5369,35.6238],[128.5374,35.6598],[128.5308,35.6627],[128.5268,35.6735],[128.53,35.683],[128.5076,35.6729],[128.5068,35.6501],[128.5107,35.6457],[128.5057,35.6393],[128.4827,35.635],[128.4785,35.6405],[128.4707,35.6366],[128.4603,35.6406],[128.4465,35.6384],[128.4322,35.624],[128.4229,35.6252],[128.4069,35.6145],[128.4029,35.6173],[128.3824,35.6065],[128.3656,35.6134],[128.3524,35.6077],[128.3592,35.5813],[128.3507,35.5515],[128.3514,35.5368],[128.3733,35.5162],[128.4125,35.5001],[128.421,35.4874],[128.421,35.4775],[128.4121,35.4697],[128.3829,35.4611],[128.3759,35.4535],[128.376,35.4397],[128.3883,35.4259],[128.4232,35.4159],[128.4418,35.3882],[128.4623,35.3809],[128.4801,35.3812],[128.5017,35.4006],[128.512,35.4015],[128.5168,35.3939],[128.5398,35.3797],[128.5714,35.3795],[128.593,35.3913]]]}},{"type":"Feature","properties":{"gid":"KOR.10.2_2","provZh":"庆尚南道","name2":"Changwon","type2":"Si","engtype2":"City"},"geometry":{"type":"MultiPolygon","coordinates":[[[[128.5754,35.0621],[128.5711,35.0627],[128.5703,35.0571],[128.5754,35.0621]]],[[[128.5596,35.0727],[128.5635,35.0728],[128.5528,35.0727],[128.5596,35.0727]]],[[[128.556,35.0689],[128.5421,35.0689],[128.5553,35.054],[128.5673,35.0534],[128.556,35.0689]]],[[[128.4947,35.0809],[128.4884,35.0841],[128.488,35.0781],[128.4947,35.0809]]],[[[128.4939,35.0934],[128.487,35.0909],[128.4933,35.0889],[128.4939,35.0934]]],[[[128.5213,35.0966],[128.5145,35.0958],[128.5169,35.0885],[128.5213,35.0966]]],[[[128.535,35.1172],[128.5377,35.1207],[128.5411,35.1181],[128.5382,35.1068],[128.5435,35.1107],[128.5487,35.1074],[128.5414,35.1015],[128.548,35.1004],[128.5465,35.093],[128.5502,35.0968],[128.5832,35.0913],[128.5642,35.0824],[128.5661,35.0706],[128.5625,35.0673],[128.5697,35.07],[128.5808,35.0646],[128.587,35.0728],[128.5969,35.0697],[128.5736,35.0538],[128.6016,35.0563],[128.635,35.0689],[128.6253,35.0739],[128.6108,35.0696],[128.6076,35.0708],[128.6112,35.0753],[128.6027,35.0747],[128.6054,35.0806],[128.628,35.0832],[128.6025,35.1019],[128.5994,35.1192],[128.5859,35.1202],[128.5988,35.1243],[128.6001,35.1321],[128.5824,35.1274],[128.5722,35.1326],[128.579,35.1396],[128.5872,35.1304],[128.5974,35.1423],[128.5854,35.1465],[128.5915,35.1518],[128.5844,35.1554],[128.5909,35.1579],[128.5843,35.1615],[128.5798,35.1727],[128.5704,35.175],[128.5645,35.1867],[128.5865,35.2107],[128.6171,35.2126],[128.6322,35.2198],[128.6244,35.2126],[128.6089,35.212],[128.5893,35.1994],[128.5931,35.1735],[128.6049,35.1605],[128.6107,35.1623],[128.6092,35.1518],[128.615,35.1447],[128.6071,35.1377],[128.616,35.1398],[128.6193,35.1331],[128.6287,35.1326],[128.6188,35.1359],[128.6262,35.1484],[128.637,35.1458],[128.6378,35.1495],[128.6472,35.1505],[128.6421,35.1454],[128.6445,35.1356],[128.6589,35.1369],[128.6663,35.1185],[128.6778,35.1263],[128.6708,35.1425],[128.6909,35.1476],[128.6878,35.1415],[128.6928,35.135],[128.6907,35.1379],[128.6963,35.1384],[128.6934,35.133],[128.7009,35.1166],[128.6859,35.107],[128.6885,35.1026],[128.6961,35.0972],[128.7028,35.1002],[128.7031,35.1058],[128.7135,35.1068],[128.7142,35.0953],[128.7248,35.0971],[128.7307,35.0939],[128.7289,35.09],[128.7437,35.0999],[128.7357,35.0888],[128.7402,35.083],[128.7462,35.0854],[128.7419,35.0779],[128.751,35.0823],[128.7636,35.0775],[128.7637,35.0598],[128.7729,35.0649],[128.7731,35.083],[128.7793,35.0821],[128.7842,35.0975],[128.7656,35.0976],[128.763,35.1052],[128.7723,35.099],[128.7793,35.1029],[128.7825,35.1124],[128.7887,35.1134],[128.7916,35.102],[128.7883,35.0984],[128.8023,35.0994],[128.8005,35.0939],[128.7899,35.094],[128.7826,35.0855],[128.7847,35.0777],[128.8115,35.0776],[128.8115,35.083],[128.8264,35.0862],[128.8287,35.09],[128.8233,35.0943],[128.8145,35.091],[128.8201,35.0929],[128.8236,35.1019],[128.8417,35.106],[128.843,35.1132],[128.836,35.1189],[128.8345,35.1288],[128.8154,35.1326],[128.8067,35.1425],[128.8021,35.1419],[128.7937,35.1572],[128.7778,35.1595],[128.7631,35.1688],[128.7557,35.1649],[128.741,35.1672],[128.7506,35.2015],[128.728,35.207],[128.7225,35.2144],[128.7263,35.2398],[128.7194,35.2437],[128.7113,35.2632],[128.7025,35.2976],[128.6921,35.3053],[128.6968,35.3103],[128.7149,35.3106],[128.7114,35.3152],[128.7179,35.3256],[128.7326,35.316],[128.739,35.3172],[128.7421,35.3315],[128.75,35.3323],[128.7502,35.3394],[128.7532,35.3344],[128.7641,35.3455],[128.7433,35.3482],[128.7179,35.3665],[128.6894,35.3776],[128.6507,35.3749],[128.6344,35.3686],[128.6015,35.3934],[128.5934,35.3917],[128.5764,35.3808],[128.5772,35.3659],[128.5593,35.3527],[128.5702,35.3359],[128.5648,35.3275],[128.5822,35.3083],[128.5729,35.3003],[128.5828,35.2788],[128.5916,35.2732],[128.5777,35.2691],[128.557,35.2771],[128.5377,35.2718],[128.5333,35.2662],[128.4911,35.2739],[128.4883,35.2599],[128.479,35.2534],[128.4744,35.241],[128.4742,35.2223],[128.4905,35.2047],[128.4799,35.1888],[128.4655,35.189],[128.4454,35.1806],[128.444,35.1702],[128.4303,35.1643],[128.4058,35.1796],[128.4031,35.185],[128.4072,35.194],[128.4031,35.2029],[128.3904,35.2072],[128.3741,35.1931],[128.3672,35.1943],[128.3585,35.1469],[128.3634,35.1411],[128.3481,35.1308],[128.3537,35.1184],[128.3501,35.1118],[128.3719,35.1111],[128.386,35.103],[128.3925,35.0878],[128.3996,35.0836],[128.3997,35.0904],[128.4111,35.0927],[128.427,35.0865],[128.4227,35.0579],[128.4274,35.055],[128.4394,35.0723],[128.4615,35.0717],[128.4683,35.0816],[128.4739,35.0756],[128.4793,35.0784],[128.4485,35.0961],[128.4514,35.1043],[128.459,35.1062],[128.4709,35.0982],[128.4855,35.1017],[128.4843,35.1085],[128.4958,35.1068],[128.5063,35.0984],[128.5178,35.098],[128.5198,35.105],[128.5276,35.1047],[128.535,35.1172]],[[128.5744,35.1855],[128.5707,35.1796],[128.5665,35.1825],[128.5744,35.1855]]],[[[128.6399,35.0635],[128.6355,35.0658],[128.6315,35.0612],[128.6399,35.0635]]],[[[128.6527,35.1055],[128.6438,35.1025],[128.661,35.0942],[128.6604,35.1019],[128.6547,35.1014],[128.6621,35.1053],[128.6527,35.1055]]],[[[128.6691,35.0584],[128.6719,35.0564],[128.669,35.061],[128.6635,35.0595],[128.6691,35.0584]]],[[[128.6981,35.0784],[128.6874,35.0756],[128.6972,35.0749],[128.6981,35.0784]]]]}},{"type":"Feature","properties":{"gid":"KOR.10.3_2","provZh":"庆尚南道","name2":"Geochang","type2":"Gun","engtype2":"County"},"geometry":{"type":"Polygon","coordinates":[[[127.9843,35.6073],[128.0008,35.6111],[127.9967,35.6231],[128.0018,35.6279],[128.0001,35.6333],[128.0179,35.6434],[128.021,35.6527],[128.0441,35.6612],[128.0503,35.6784],[128.0662,35.6827],[128.072,35.6727],[128.0813,35.6838],[128.0929,35.6844],[128.0952,35.6908],[128.0743,35.7012],[128.0728,35.7187],[128.0617,35.7237],[128.0523,35.7465],[128.0444,35.7516],[128.051,35.7611],[128.0517,35.7755],[128.035,35.7861],[128.0479,35.7953],[128.0535,35.8058],[128.069,35.8062],[128.0847,35.8175],[128.0907,35.8306],[128.0844,35.837],[128.0698,35.8412],[128.0517,35.8299],[128.0298,35.8356],[128.0118,35.8289],[127.997,35.8371],[127.9817,35.8587],[127.974,35.8521],[127.9512,35.8616],[127.9422,35.8545],[127.9258,35.8556],[127.9331,35.864],[127.9302,35.8786],[127.9229,35.8826],[127.9202,35.8932],[127.8935,35.8868],[127.8848,35.8931],[127.8851,35.9096],[127.8795,35.9099],[127.8693,35.904],[127.8595,35.9065],[127.8583,35.897],[127.8507,35.8901],[127.8537,35.8813],[127.8449,35.8756],[127.8418,35.8662],[127.8266,35.8683],[127.8139,35.8536],[127.8044,35.8587],[127.7838,35.8508],[127.7688,35.8383],[127.7578,35.8368],[127.7445,35.8444],[127.7194,35.7973],[127.7003,35.7891],[127.6812,35.7721],[127.6833,35.7641],[127.7019,35.7556],[127.7162,35.7311],[127.7311,35.7209],[127.7535,35.7331],[127.761,35.7308],[127.7641,35.721],[127.7816,35.707],[127.7954,35.7042],[127.8034,35.6859],[127.8114,35.6857],[127.8184,35.6751],[127.8329,35.6699],[127.8339,35.66],[127.8551,35.6579],[127.8618,35.6596],[127.869,35.6709],[127.8769,35.6694],[127.8744,35.6519],[127.8779,35.641],[127.8707,35.634],[127.8714,35.6211],[127.8538,35.5965],[127.8352,35.5831],[127.8355,35.5773],[127.8504,35.5779],[127.8566,35.5693],[127.864,35.5762],[127.8709,35.5755],[127.8748,35.5654],[127.8694,35.559],[127.8774,35.5504],[127.8745,35.5384],[127.8806,35.5315],[127.8782,35.5279],[127.9019,35.535],[127.9213,35.5237],[127.9254,35.5154],[127.9597,35.518],[127.9611,35.5234],[127.9535,35.5298],[127.9539,35.5445],[127.9811,35.5658],[127.9793,35.574],[127.987,35.5925],[127.9843,35.6073]]]}},{"type":"Feature","properties":{"gid":"KOR.10.4_2","provZh":"庆尚南道","name2":"Geoje","type2":"Si","engtype2":"City"},"geometry":{"type":"MultiPolygon","coordinates":[[[[128.6495,34.7504],[128.6382,34.7612],[128.6384,34.768],[128.6461,34.7785],[128.6581,34.7742],[128.6701,34.7808],[128.6738,34.7867],[128.6662,34.793],[128.6694,34.8132],[128.6915,34.8082],[128.6883,34.7979],[128.6956,34.7968],[128.6991,34.798],[128.6968,34.8074],[128.7095,34.8124],[128.7153,34.8008],[128.7095,34.7951],[128.7278,34.7934],[128.7399,34.787],[128.7371,34.7987],[128.7218,34.8141],[128.7184,34.8242],[128.7261,34.828],[128.7206,34.8384],[128.7099,34.8284],[128.7029,34.8326],[128.7018,34.8392],[128.7176,34.8497],[128.725,34.8415],[128.7351,34.8433],[128.7237,34.8649],[128.7294,34.8672],[128.7288,34.8627],[128.7335,34.8621],[128.7438,34.8682],[128.7386,34.8784],[128.7525,34.8942],[128.74,34.8849],[128.7343,34.8904],[128.726,34.8879],[128.7196,34.8946],[128.7258,34.8878],[128.7098,34.8688],[128.7052,34.8727],[128.7076,34.8814],[128.6977,34.8749],[128.7015,34.8863],[128.6949,34.8788],[128.6967,34.8913],[128.7046,34.8913],[128.7071,34.8991],[128.7173,34.9006],[128.7104,34.9107],[128.72,34.9095],[128.7239,34.9151],[128.7177,34.9219],[128.7198,34.9332],[128.7149,34.9363],[128.7198,34.9415],[128.7262,34.9374],[128.7271,34.9461],[128.715,34.9577],[128.7165,34.9642],[128.6968,34.9729],[128.6949,34.9802],[128.7009,34.9908],[128.6951,34.9906],[128.6929,34.9957],[128.7066,34.9962],[128.7021,35.0062],[128.7179,35.0099],[128.72,35.0192],[128.7124,35.0315],[128.6989,35.0369],[128.6996,35.0316],[128.6937,35.0305],[128.6787,35.0408],[128.675,35.0403],[128.6847,35.034],[128.6753,35.0318],[128.676,35.0216],[128.6717,35.0209],[128.6674,35.0079],[128.6759,35.0044],[128.6818,35.0071],[128.6818,35.0014],[128.6732,34.9992],[128.6815,34.9898],[128.6743,34.9884],[128.6714,34.9987],[128.6595,34.9977],[128.6672,34.9882],[128.654,34.9888],[128.654,34.9829],[128.6597,34.9814],[128.6503,34.9794],[128.6494,34.9573],[128.6326,34.9669],[128.6324,34.9612],[128.6174,34.9632],[128.6051,34.9579],[128.6106,34.9657],[128.6062,34.97],[128.5981,34.9663],[128.6005,34.958],[128.5966,34.9508],[128.588,34.9525],[128.586,34.943],[128.6036,34.9248],[128.6112,34.9233],[128.6082,34.9148],[128.6171,34.9137],[128.6257,34.8985],[128.6239,34.892],[128.618,34.8911],[128.6106,34.9025],[128.6064,34.8975],[128.6075,34.9068],[128.6013,34.9031],[128.5994,34.9139],[128.6011,34.9031],[128.5972,34.9026],[128.5953,34.9136],[128.5963,34.9064],[128.591,34.9057],[128.5883,34.915],[128.5789,34.9133],[128.577,34.9177],[128.5817,34.9129],[128.5722,34.9089],[128.5763,34.9015],[128.5689,34.8985],[128.5439,34.9109],[128.5384,34.9212],[128.5275,34.9236],[128.5158,34.9097],[128.5071,34.9071],[128.5001,34.911],[128.5066,34.9053],[128.4969,34.907],[128.5023,34.9025],[128.4919,34.9006],[128.4766,34.8839],[128.4726,34.8721],[128.4762,34.855],[128.481,34.8551],[128.4782,34.8487],[128.4821,34.8402],[128.4979,34.8335],[128.5048,34.8354],[128.5009,34.8239],[128.5092,34.8177],[128.5107,34.809],[128.5163,34.8083],[128.5237,34.8166],[128.5202,34.8232],[128.5283,34.8214],[128.5211,34.8268],[128.5277,34.8294],[128.524,34.8325],[128.5335,34.8334],[128.5367,34.8291],[128.5405,34.8359],[128.5637,34.8329],[128.5625,34.8429],[128.573,34.8543],[128.5888,34.847],[128.5873,34.8408],[128.5786,34.8432],[128.5955,34.8277],[128.5846,34.8176],[128.5842,34.7978],[128.5624,34.7905],[128.5518,34.7945],[128.5462,34.7878],[128.5387,34.7875],[128.5446,34.7848],[128.543,34.7753],[128.5565,34.7894],[128.5687,34.7865],[128.5529,34.776],[128.5554,34.7665],[128.5638,34.7662],[128.5753,34.7786],[128.5978,34.777],[128.5916,34.7707],[128.601,34.764],[128.5797,34.7622],[128.5821,34.7565],[128.5757,34.7393],[128.6018,34.7368],[128.6074,34.7318],[128.6026,34.7263],[128.5847,34.7226],[128.588,34.7172],[128.579,34.715],[128.5768,34.7026],[128.5899,34.7086],[128.6103,34.7018],[128.6258,34.7137],[128.6382,34.7076],[128.6418,34.7149],[128.6201,34.7304],[128.6273,34.7369],[128.6292,34.7313],[128.6397,34.7358],[128.6514,34.7341],[128.6537,34.7399],[128.6669,34.7355],[128.6716,34.7391],[128.6752,34.7284],[128.6754,34.7358],[128.6829,34.7374],[128.6689,34.7455],[128.6525,34.7423],[128.6469,34.7467],[128.6495,34.7504]]],[[[128.5468,34.817],[128.5466,34.8234],[128.5348,34.8227],[128.5265,34.8118],[128.528,34.8028],[128.5349,34.8031],[128.5468,34.817]]],[[[128.4715,34.833],[128.4638,34.8341],[128.463,34.8273],[128.4768,34.8209],[128.4795,34.825],[128.4715,34.833]]],[[[128.4599,34.8367],[128.462,34.8392],[128.4554,34.8371],[128.4599,34.8367]]],[[[128.5319,34.9728],[128.5177,34.9756],[128.5121,34.9646],[128.5192,34.9519],[128.5125,34.9405],[128.5248,34.9279],[128.5305,34.9304],[128.525,34.9348],[128.526,34.9399],[128.5324,34.9381],[128.5341,34.9415],[128.5213,34.9557],[128.536,34.9643],[128.5319,34.9728]]],[[[128.7149,34.7691],[128.7098,34.7714],[128.7103,34.7678],[128.7149,34.7691]]],[[[128.7163,34.7892],[128.711,34.7872],[128.713,34.7814],[128.7169,34.7815],[128.7163,34.7892]]],[[[128.7549,34.8265],[128.7494,34.824],[128.7471,34.8152],[128.7533,34.8172],[128.7549,34.8265]]],[[[128.728,34.9701],[128.7253,34.9675],[128.7297,34.9649],[128.7362,34.968],[128.728,34.9701]]],[[[128.7391,35.021],[128.7351,35.0224],[128.7353,35.0174],[128.746,35.0149],[128.7391,35.021]]],[[[128.6514,35.0184],[128.6484,35.0224],[128.6434,35.0123],[128.638,35.0153],[128.631,35.0086],[128.6343,34.9987],[128.6174,34.9995],[128.6158,34.9952],[128.6265,34.9931],[128.6218,34.986],[128.6126,34.9856],[128.609,34.9747],[128.6169,34.9745],[128.6217,34.9834],[128.6305,34.9806],[128.6286,34.9757],[128.6442,34.9788],[128.6479,34.9862],[128.6451,34.9941],[128.6513,34.9961],[128.6463,34.9998],[128.6527,35.0066],[128.6514,35.0184]]],[[[128.6234,35.0097],[128.6212,35.0125],[128.6188,35.0082],[128.6291,35.0058],[128.6234,35.0097]]]]}},{"type":"Feature","properties":{"gid":"KOR.10.5_2","provZh":"庆尚南道","name2":"Gimhae","type2":"Si","engtype2":"City"},"geometry":{"type":"Polygon","coordinates":[[[128.8853,35.214],[128.9047,35.2153],[128.9093,35.2229],[128.9201,35.2164],[128.944,35.2283],[128.9567,35.2253],[128.9897,35.2317],[128.9988,35.2381],[129.0148,35.2705],[129.0041,35.2847],[128.9809,35.2994],[128.9688,35.3283],[128.9456,35.3378],[128.9126,35.3642],[128.8796,35.3684],[128.8652,35.3955],[128.8065,35.3763],[128.7861,35.3513],[128.7641,35.3455],[128.7532,35.3344],[128.7502,35.3394],[128.75,35.3323],[128.7416,35.3307],[128.739,35.3172],[128.7326,35.316],[128.7179,35.3256],[128.7114,35.3152],[128.7148,35.3104],[128.6922,35.3081],[128.7025,35.2976],[128.7113,35.2632],[128.7194,35.2437],[128.7263,35.2398],[128.7225,35.2144],[128.728,35.207],[128.7506,35.2015],[128.741,35.1672],[128.7557,35.1649],[128.7631,35.1688],[128.7862,35.1571],[128.816,35.1602],[128.8275,35.1556],[128.8429,35.158],[128.8463,35.1647],[128.8674,35.1677],[128.8721,35.1626],[128.8652,35.1582],[128.8742,35.1508],[128.8744,35.1586],[128.8814,35.1613],[128.8724,35.1723],[128.8811,35.1718],[128.8817,35.182],[128.8704,35.2016],[128.8853,35.214]]]}},{"type":"Feature","properties":{"gid":"KOR.10.6_2","provZh":"庆尚南道","name2":"Goseong","type2":"Gun","engtype2":"County"},"geometry":{"type":"MultiPolygon","coordinates":[[[[128.2538,34.8957],[128.2494,34.8958],[128.2511,34.8913],[128.2538,34.8957]]],[[[128.1792,34.8911],[128.1761,34.8867],[128.1813,34.8845],[128.1792,34.8911]]],[[[128.2277,34.9302],[128.2239,34.9339],[128.218,34.9261],[128.2232,34.9232],[128.2277,34.9302]]],[[[128.2269,34.9409],[128.2459,34.9433],[128.2455,34.9356],[128.2481,34.941],[128.2566,34.9364],[128.2589,34.9404],[128.2676,34.939],[128.2686,34.93],[128.2576,34.93],[128.2678,34.9184],[128.2659,34.9122],[128.2718,34.9145],[128.276,34.9099],[128.2729,34.8997],[128.2828,34.9045],[128.2812,34.9161],[128.2893,34.9098],[128.3003,34.9127],[128.2983,34.9169],[128.3049,34.9194],[128.2999,34.922],[128.2993,34.9359],[128.3067,34.9363],[128.3087,34.9418],[128.3142,34.9383],[128.3138,34.9427],[128.3199,34.9445],[128.3159,34.9506],[128.3175,34.9617],[128.3325,34.9568],[128.3298,34.949],[128.3338,34.9448],[128.3405,34.9484],[128.3417,34.9404],[128.3361,34.9356],[128.381,34.947],[128.3894,34.952],[128.392,34.9637],[128.3999,34.964],[128.4011,34.9711],[128.4156,34.9672],[128.4251,34.976],[128.4431,34.9733],[128.4414,34.982],[128.4343,34.9851],[128.4095,34.9835],[128.4073,34.9941],[128.4382,34.9948],[128.4666,34.988],[128.4704,34.9902],[128.4641,34.9978],[128.4782,34.9928],[128.4761,34.9983],[128.4835,35.001],[128.4833,35.0104],[128.4927,35.0056],[128.5012,35.0136],[128.5004,35.0208],[128.4815,35.0283],[128.486,35.0384],[128.4765,35.0421],[128.4736,35.0346],[128.4591,35.0468],[128.4793,35.0469],[128.4821,35.0524],[128.4751,35.0549],[128.482,35.0655],[128.4689,35.0756],[128.4685,35.0682],[128.4603,35.0632],[128.4526,35.0713],[128.4445,35.0661],[128.4425,35.0602],[128.4505,35.0516],[128.4391,35.0495],[128.438,35.0456],[128.4025,35.0412],[128.3893,35.0331],[128.3836,35.0356],[128.3891,35.0326],[128.3889,35.017],[128.3692,35.016],[128.3665,35.0218],[128.3751,35.0241],[128.3691,35.0308],[128.3822,35.0359],[128.3651,35.0482],[128.3831,35.0459],[128.3837,35.0505],[128.412,35.0619],[128.4173,35.06],[128.4153,35.0552],[128.4231,35.0563],[128.427,35.0865],[128.4111,35.0927],[128.3997,35.0904],[128.3996,35.0836],[128.3925,35.0878],[128.386,35.103],[128.3719,35.1111],[128.3501,35.1118],[128.3537,35.1184],[128.3483,35.1271],[128.3281,35.124],[128.3226,35.1299],[128.3161,35.1296],[128.3064,35.125],[128.2737,35.1324],[128.2635,35.1271],[128.2473,35.1283],[128.2277,35.1139],[128.2094,35.1134],[128.1991,35.1051],[128.1977,35.0958],[128.1904,35.0979],[128.1905,35.0771],[128.211,35.0733],[128.1952,35.0641],[128.1736,35.0314],[128.1627,35.0272],[128.1578,35.007],[128.1702,34.9847],[128.1497,34.9915],[128.1349,34.9805],[128.1329,34.9607],[128.1231,34.9491],[128.1226,34.9387],[128.1143,34.9339],[128.1218,34.9214],[128.1035,34.9191],[128.11,34.9166],[128.1009,34.9144],[128.1111,34.9027],[128.1031,34.9002],[128.1142,34.9027],[128.1138,34.9061],[128.1208,34.9047],[128.1335,34.8882],[128.1409,34.8938],[128.141,34.9028],[128.1486,34.8997],[128.1458,34.9051],[128.1518,34.904],[128.1567,34.909],[128.1671,34.8969],[128.1656,34.9027],[128.1765,34.8954],[128.1718,34.9029],[128.1754,34.9061],[128.1838,34.8949],[128.1868,34.9059],[128.1875,34.8936],[128.202,34.8939],[128.2034,34.8996],[128.1963,34.9117],[128.2036,34.9251],[128.1992,34.9327],[128.2039,34.9317],[128.197,34.9372],[128.2063,34.9405],[128.2091,34.9356],[128.2107,34.942],[128.2178,34.9389],[128.2228,34.9463],[128.2269,34.9409]]]]}},{"type":"Feature","properties":{"gid":"KOR.10.7_2","provZh":"庆尚南道","name2":"Hadong","type2":"Gun","engtype2":"County"},"geometry":{"type":"MultiPolygon","coordinates":[[[[127.9076,34.983],[127.9188,34.9814],[127.9171,34.9886],[127.9235,34.9892],[127.9145,34.9926],[127.9197,34.9934],[127.9165,34.9971],[127.9222,35.0051],[127.9187,35.0104],[127.923,35.0156],[127.9239,35.0418],[127.9312,35.0477],[127.9204,35.0642],[127.9145,35.0645],[127.9117,35.0734],[127.8977,35.0791],[127.8935,35.0866],[127.9023,35.0876],[127.9019,35.0953],[127.9093,35.0981],[127.8994,35.1074],[127.9105,35.1207],[127.8854,35.1305],[127.879,35.1457],[127.8986,35.1567],[127.9097,35.1484],[127.9214,35.1503],[127.9299,35.1448],[127.9386,35.1526],[127.9393,35.1659],[127.8948,35.197],[127.8945,35.2079],[127.8878,35.2185],[127.8878,35.2376],[127.8931,35.2504],[127.8745,35.2509],[127.8756,35.2572],[127.8686,35.2599],[127.8432,35.2276],[127.8353,35.2296],[127.8243,35.2221],[127.7761,35.2195],[127.7543,35.2347],[127.7435,35.2532],[127.7048,35.2649],[127.6903,35.2836],[127.6888,35.3192],[127.6839,35.3227],[127.6661,35.3203],[127.6582,35.3288],[127.6402,35.3246],[127.6207,35.3326],[127.6077,35.325],[127.6048,35.3184],[127.5769,35.3084],[127.5774,35.2952],[127.5841,35.2911],[127.5957,35.2681],[127.6102,35.262],[127.6153,35.2504],[127.6128,35.2416],[127.6211,35.2246],[127.6169,35.2069],[127.6215,35.1918],[127.6181,35.1909],[127.6484,35.1604],[127.6593,35.159],[127.6887,35.1352],[127.6948,35.1243],[127.6953,35.1054],[127.7161,35.0835],[127.7364,35.0736],[127.7433,35.061],[127.7681,35.0504],[127.7716,35.0337],[127.7852,35.0204],[127.7868,35.0109],[127.78,34.9892],[127.764,34.9767],[127.7594,34.9668],[127.7701,34.9671],[127.7815,34.9438],[127.7898,34.9427],[127.7953,34.9306],[127.8033,34.9322],[127.8055,34.9243],[127.8001,34.9231],[127.8057,34.9244],[127.8029,34.9349],[127.8189,34.9422],[127.8154,34.9489],[127.8291,34.948],[127.8224,34.9557],[127.8378,34.9494],[127.8387,34.956],[127.8342,34.9586],[127.8399,34.9569],[127.8408,34.9629],[127.8478,34.9469],[127.8746,34.9477],[127.8821,34.9496],[127.8848,34.9562],[127.8866,34.9516],[127.8974,34.9565],[127.9016,34.9721],[127.9119,34.9724],[127.9076,34.983]]],[[[127.8335,34.935],[127.8313,34.9395],[127.8299,34.9284],[127.8344,34.9279],[127.8335,34.935]]]]}},{"type":"Feature","properties":{"gid":"KOR.10.8_2","provZh":"庆尚南道","name2":"Haman","type2":"Gun","engtype2":"County"},"geometry":{"type":"Polygon","coordinates":[[[128.4018,35.2042],[128.4072,35.194],[128.4031,35.185],[128.4058,35.1796],[128.4168,35.1702],[128.4363,35.1647],[128.444,35.1702],[128.4454,35.1806],[128.4655,35.189],[128.479,35.188],[128.49,35.2022],[128.4742,35.2223],[128.4761,35.2476],[128.4883,35.2599],[128.491,35.2739],[128.5333,35.2662],[128.5377,35.2718],[128.557,35.2771],[128.5777,35.2691],[128.5916,35.2732],[128.5828,35.2788],[128.5729,35.3003],[128.5822,35.3083],[128.5648,35.3275],[128.5702,35.3359],[128.5593,35.3527],[128.5772,35.3659],[128.5764,35.3808],[128.5398,35.3797],[128.5168,35.3939],[128.512,35.4015],[128.5017,35.4006],[128.4793,35.3811],[128.4553,35.3824],[128.4373,35.3928],[128.4198,35.3784],[128.427,35.3642],[128.4158,35.3627],[128.4146,35.3583],[128.3831,35.357],[128.3815,35.3519],[128.3964,35.3357],[128.3902,35.3327],[128.3554,35.3393],[128.3383,35.3588],[128.3165,35.3614],[128.3118,35.3515],[128.3179,35.3263],[128.2977,35.3154],[128.2905,35.3021],[128.2915,35.2941],[128.3016,35.2829],[128.2825,35.2756],[128.274,35.2574],[128.2979,35.2506],[128.2938,35.2408],[128.3064,35.2336],[128.3063,35.223],[128.3197,35.2207],[128.3287,35.2069],[128.3529,35.2095],[128.3672,35.1943],[128.3741,35.1931],[128.3904,35.2072],[128.4018,35.2042]]]}},{"type":"Feature","properties":{"gid":"KOR.10.9_2","provZh":"庆尚南道","name2":"Hamyang","type2":"Gun","engtype2":"County"},"geometry":{"type":"Polygon","coordinates":[[[127.6795,35.3215],[127.7006,35.3161],[127.7185,35.3344],[127.7312,35.3375],[127.7386,35.3724],[127.7526,35.3832],[127.7484,35.3971],[127.7585,35.4027],[127.7593,35.4153],[127.77,35.4207],[127.7689,35.4262],[127.78,35.4343],[127.7727,35.4397],[127.7733,35.4447],[127.7883,35.445],[127.7894,35.4518],[127.783,35.4598],[127.814,35.4705],[127.8054,35.4894],[127.8163,35.4907],[127.8228,35.4997],[127.8233,35.5166],[127.8169,35.5254],[127.8404,35.5458],[127.8564,35.5694],[127.8504,35.5779],[127.8355,35.5773],[127.8352,35.5831],[127.8538,35.5965],[127.8714,35.6211],[127.8707,35.634],[127.8779,35.641],[127.8744,35.6519],[127.8778,35.6671],[127.869,35.6709],[127.8615,35.6594],[127.8348,35.6595],[127.8329,35.6699],[127.8184,35.6751],[127.8114,35.6857],[127.8034,35.6859],[127.7954,35.7042],[127.7816,35.707],[127.7641,35.721],[127.761,35.7308],[127.7481,35.7311],[127.7337,35.7197],[127.7162,35.7311],[127.7097,35.7474],[127.6994,35.7577],[127.6695,35.7714],[127.6623,35.7608],[127.661,35.7099],[127.6494,35.7038],[127.6418,35.6929],[127.6405,35.6728],[127.6289,35.664],[127.6295,35.6566],[127.6201,35.6461],[127.6257,35.6291],[127.6353,35.6185],[127.613,35.6082],[127.6075,35.5949],[127.6112,35.5839],[127.5961,35.5737],[127.5849,35.5539],[127.5915,35.5534],[127.6127,35.5356],[127.6287,35.536],[127.6257,35.5253],[127.6344,35.5202],[127.6336,35.5133],[127.6442,35.5001],[127.6504,35.4979],[127.6531,35.4869],[127.6366,35.4782],[127.6367,35.4594],[127.6452,35.4491],[127.6534,35.4516],[127.6741,35.4457],[127.6652,35.4356],[127.6605,35.4144],[127.6363,35.3992],[127.6253,35.3847],[127.6257,35.3769],[127.6102,35.3659],[127.6122,35.3559],[127.6233,35.3422],[127.6207,35.3326],[127.6402,35.3246],[127.6582,35.3288],[127.6647,35.3206],[127.6795,35.3215]]]}},{"type":"Feature","properties":{"gid":"KOR.10.10_2","provZh":"庆尚南道","name2":"Hapcheon","type2":"Gun","engtype2":"County"},"geometry":{"type":"Polygon","coordinates":[[[128.1652,35.653],[128.1593,35.6568],[128.1637,35.673],[128.1792,35.673],[128.1841,35.68],[128.2048,35.6839],[128.1981,35.7359],[128.1893,35.7518],[128.165,35.7635],[128.159,35.7837],[128.1375,35.7843],[128.1289,35.7894],[128.1219,35.8035],[128.1231,35.8224],[128.093,35.8318],[128.0844,35.8234],[128.0847,35.8175],[128.069,35.8062],[128.0535,35.8058],[128.0479,35.7953],[128.035,35.7861],[128.0517,35.7755],[128.051,35.7611],[128.0444,35.7516],[128.0523,35.7465],[128.0617,35.7237],[128.0728,35.7187],[128.0743,35.7012],[128.0952,35.6908],[128.0929,35.6844],[128.0813,35.6838],[128.072,35.6727],[128.0662,35.6827],[128.0503,35.6784],[128.0441,35.6612],[128.021,35.6527],[128.0179,35.6434],[128.0039,35.6379],[127.9967,35.6231],[128.0008,35.6111],[127.9843,35.6089],[127.987,35.5925],[127.9793,35.574],[127.9811,35.5658],[127.9748,35.5636],[127.9719,35.5559],[127.9556,35.5485],[127.9532,35.534],[127.9611,35.5234],[127.9626,35.5],[127.9746,35.4949],[127.9744,35.4753],[127.9849,35.4565],[127.9816,35.4515],[127.9863,35.451],[127.9965,35.4362],[128.0075,35.4361],[128.0113,35.4265],[128.0231,35.4264],[128.0313,35.4163],[128.053,35.4177],[128.0721,35.3897],[128.0807,35.3891],[128.0893,35.3812],[128.0804,35.3701],[128.0991,35.3682],[128.1124,35.3823],[128.1276,35.3723],[128.1287,35.3877],[128.1466,35.386],[128.1899,35.399],[128.1909,35.4116],[128.1852,35.4192],[128.2002,35.4322],[128.2078,35.4601],[128.2163,35.4617],[128.2007,35.4754],[128.2106,35.4842],[128.2379,35.4947],[128.2551,35.4942],[128.2619,35.4972],[128.2665,35.5099],[128.2902,35.5123],[128.2926,35.5174],[128.3123,35.5168],[128.3213,35.5084],[128.339,35.5096],[128.3496,35.5009],[128.3649,35.5002],[128.3734,35.5039],[128.3694,35.515],[128.3799,35.5136],[128.3514,35.5368],[128.3507,35.5515],[128.3592,35.5813],[128.3517,35.6041],[128.3646,35.6134],[128.3619,35.6289],[128.3521,35.6446],[128.324,35.6466],[128.2981,35.6562],[128.2963,35.6507],[128.2795,35.6523],[128.2768,35.647],[128.2623,35.6427],[128.2435,35.6555],[128.2364,35.6511],[128.236,35.6407],[128.2297,35.6395],[128.2012,35.6437],[128.1852,35.6577],[128.1652,35.653]]]}},{"type":"Feature","properties":{"gid":"KOR.10.11_2","provZh":"庆尚南道","name2":"Jinju","type2":"Si","engtype2":"City"},"geometry":{"type":"Polygon","coordinates":[[[128.1781,35.0535],[128.1867,35.0517],[128.1962,35.065],[128.211,35.0733],[128.191,35.0766],[128.1877,35.0894],[128.1904,35.0979],[128.1984,35.0963],[128.1991,35.1051],[128.2116,35.1147],[128.2277,35.1139],[128.2473,35.1283],[128.2635,35.1271],[128.2737,35.1324],[128.3064,35.125],[128.3161,35.1296],[128.3226,35.1299],[128.3281,35.124],[128.3483,35.1271],[128.3634,35.1411],[128.3585,35.1469],[128.3682,35.1913],[128.3529,35.2095],[128.3287,35.2069],[128.3197,35.2207],[128.3074,35.2215],[128.3064,35.2336],[128.2938,35.2408],[128.2986,35.2499],[128.2936,35.2534],[128.2864,35.2516],[128.274,35.2574],[128.2382,35.2537],[128.2118,35.2653],[128.2015,35.2537],[128.1939,35.2565],[128.1957,35.2656],[128.1802,35.2791],[128.1744,35.2927],[128.1776,35.2989],[128.1726,35.314],[128.1788,35.3212],[128.1566,35.3496],[128.1458,35.3486],[128.1156,35.33],[128.0805,35.337],[128.0586,35.3336],[128.0509,35.321],[128.0523,35.3127],[128.0434,35.3047],[128.0346,35.3078],[128.0152,35.3031],[127.9959,35.286],[127.9862,35.2869],[127.9854,35.2736],[127.9735,35.27],[127.9714,35.2501],[127.9668,35.2465],[127.9476,35.2417],[127.9388,35.2486],[127.9209,35.2523],[127.9113,35.2403],[127.9094,35.224],[127.8899,35.2275],[127.888,35.2165],[127.8945,35.2079],[127.8948,35.197],[127.9378,35.1677],[127.9386,35.1526],[127.951,35.152],[127.958,35.1577],[127.9634,35.1525],[127.9688,35.1587],[127.9986,35.1554],[127.9967,35.1449],[128.0031,35.1336],[128.0,35.1233],[128.0066,35.1135],[128.0281,35.1229],[128.044,35.121],[128.0506,35.1315],[128.0706,35.1283],[128.0883,35.1185],[128.0915,35.101],[128.0985,35.1066],[128.1091,35.1055],[128.1242,35.1157],[128.1473,35.1145],[128.1588,35.1008],[128.1721,35.0953],[128.1693,35.0838],[128.1514,35.0802],[128.1488,35.0751],[128.156,35.0658],[128.1624,35.0662],[128.1724,35.052],[128.1781,35.0535]]]}},{"type":"Feature","properties":{"gid":"KOR.10.12_2","provZh":"庆尚南道","name2":"Miryang","type2":"Si","engtype2":"City"},"geometry":{"type":"Polygon","coordinates":[[[128.7536,35.3482],[128.7806,35.3489],[128.8065,35.3763],[128.8595,35.3955],[128.8695,35.3918],[128.8747,35.3823],[128.8806,35.3865],[128.8794,35.3981],[128.8903,35.404],[128.8909,35.4145],[128.9035,35.4198],[128.9132,35.4145],[128.9225,35.4195],[128.9223,35.426],[128.9064,35.4399],[128.9185,35.4518],[128.9501,35.4543],[128.9676,35.4673],[128.9632,35.4845],[128.9676,35.49],[128.958,35.4989],[128.9585,35.5055],[128.9621,35.5094],[128.9773,35.5076],[128.9896,35.5166],[128.999,35.54],[128.9893,35.5516],[128.9809,35.5464],[128.9712,35.5603],[128.9941,35.567],[129.0079,35.5802],[129.0189,35.5838],[129.0246,35.5999],[129.0225,35.6142],[129.0027,35.6203],[128.9826,35.6087],[128.9609,35.6156],[128.9613,35.6206],[128.9411,35.6351],[128.9151,35.6406],[128.8919,35.6293],[128.8771,35.6337],[128.872,35.6183],[128.8447,35.5896],[128.8336,35.5974],[128.8026,35.5891],[128.795,35.5733],[128.7855,35.5669],[128.7572,35.5677],[128.724,35.5816],[128.7033,35.578],[128.6892,35.5945],[128.6644,35.5938],[128.6563,35.5979],[128.6365,35.5847],[128.6307,35.5874],[128.6029,35.5801],[128.5932,35.5844],[128.5847,35.5797],[128.5836,35.5666],[128.5896,35.5606],[128.5856,35.5553],[128.5925,35.5404],[128.5911,35.537],[128.5774,35.5374],[128.5826,35.5327],[128.5827,35.5238],[128.5919,35.5157],[128.5859,35.5065],[128.5775,35.5063],[128.5712,35.4924],[128.5773,35.4597],[128.5832,35.4536],[128.615,35.4461],[128.6261,35.452],[128.6362,35.4348],[128.6472,35.4307],[128.6512,35.4261],[128.6459,35.4127],[128.6495,35.398],[128.6385,35.385],[128.6496,35.3855],[128.6507,35.3749],[128.6894,35.3776],[128.7179,35.3665],[128.7433,35.3482],[128.7536,35.3482]]]}},{"type":"Feature","properties":{"gid":"KOR.10.13_2","provZh":"庆尚南道","name2":"Namhae","type2":"Gun","engtype2":"County"},"geometry":{"type":"MultiPolygon","coordinates":[[[[128.0497,34.6909],[128.045,34.6907],[128.0455,34.6811],[128.0518,34.6848],[128.0497,34.6909]]],[[[128.0546,34.6998],[128.0472,34.6952],[128.0571,34.6951],[128.0546,34.6998]]],[[[128.0538,34.7631],[128.0492,34.7822],[128.0598,34.7956],[128.0554,34.7922],[128.0511,34.7971],[128.0554,34.802],[128.0629,34.7998],[128.0665,34.8183],[128.0509,34.8261],[128.0414,34.8228],[128.0306,34.8343],[128.0192,34.8301],[127.9897,34.8323],[127.9769,34.8256],[127.9783,34.8203],[127.9584,34.8136],[127.9657,34.8086],[127.9539,34.805],[127.9436,34.8101],[127.9419,34.8255],[127.9352,34.8323],[127.9299,34.8347],[127.9246,34.8306],[127.9172,34.8355],[127.9145,34.8478],[127.898,34.8726],[127.9014,34.8841],[127.9254,34.8916],[127.9218,34.9006],[127.9292,34.9153],[127.9237,34.9271],[127.9307,34.9246],[127.9208,34.9337],[127.9255,34.9407],[127.9087,34.9387],[127.9074,34.9431],[127.9027,34.9412],[127.8943,34.947],[127.8707,34.942],[127.8659,34.9313],[127.8542,34.9276],[127.8593,34.922],[127.8535,34.9218],[127.8516,34.9159],[127.8568,34.9128],[127.8513,34.9102],[127.8564,34.9111],[127.8639,34.9046],[127.8621,34.9014],[127.8445,34.9016],[127.8417,34.9067],[127.842,34.8981],[127.8257,34.9026],[127.8311,34.8956],[127.824,34.8942],[127.8331,34.8928],[127.8256,34.8827],[127.8301,34.8807],[127.8284,34.8758],[127.8178,34.8746],[127.8185,34.8681],[127.8102,34.8595],[127.8118,34.854],[127.8077,34.8533],[127.8126,34.8477],[127.8132,34.8339],[127.828,34.8168],[127.828,34.811],[127.833,34.811],[127.8364,34.7917],[127.8469,34.7846],[127.8445,34.7789],[127.8537,34.7824],[127.849,34.7753],[127.8578,34.7762],[127.8503,34.7741],[127.8504,34.7679],[127.8411,34.7673],[127.842,34.7575],[127.8354,34.756],[127.8377,34.7493],[127.8534,34.7476],[127.8558,34.7415],[127.8521,34.7367],[127.8623,34.7332],[127.8575,34.7279],[127.8907,34.7217],[127.9061,34.7277],[127.913,34.7403],[127.9034,34.765],[127.9281,34.7757],[127.949,34.7776],[127.9545,34.7727],[127.9484,34.7657],[127.9441,34.7469],[127.9475,34.7308],[127.9545,34.7311],[127.9496,34.7263],[127.959,34.7178],[127.9531,34.716],[127.957,34.7095],[127.9689,34.713],[127.9843,34.7092],[127.9879,34.712],[127.9836,34.7183],[127.9891,34.7204],[127.9925,34.7141],[127.999,34.7171],[128.0072,34.7111],[128.0112,34.7164],[128.0075,34.721],[128.0154,34.7242],[128.0261,34.7184],[128.0192,34.7026],[128.0273,34.7028],[128.0298,34.7086],[128.0443,34.7023],[128.0427,34.7066],[128.0532,34.708],[128.0539,34.7119],[128.0604,34.7096],[128.0537,34.7149],[128.0453,34.7136],[128.034,34.7234],[128.0417,34.7379],[128.0564,34.7456],[128.0538,34.7631]]],[[[128.0313,34.9149],[128.0309,34.9218],[128.0173,34.9211],[127.9961,34.91],[127.9901,34.8942],[127.9617,34.8688],[127.9693,34.8434],[128.0014,34.836],[128.0173,34.8379],[128.0192,34.8433],[128.0241,34.8393],[128.0241,34.8473],[128.0459,34.8359],[128.0548,34.8386],[128.065,34.8305],[128.0723,34.8356],[128.0777,34.8282],[128.0868,34.828],[128.085,34.8362],[128.0764,34.8437],[128.0607,34.8448],[128.0626,34.8552],[128.0534,34.8526],[128.0647,34.8613],[128.0669,34.8743],[128.0577,34.8792],[128.0585,34.8836],[128.0475,34.8822],[128.0476,34.8903],[128.0407,34.8888],[128.0477,34.897],[128.0387,34.892],[128.0355,34.8975],[128.0218,34.8816],[128.0243,34.8658],[128.0101,34.8672],[128.0151,34.8925],[128.0313,34.9149]]],[[[127.9427,34.729],[127.9346,34.7284],[127.9424,34.7234],[127.9427,34.729]]]]}},{"type":"Feature","properties":{"gid":"KOR.10.14_2","provZh":"庆尚南道","name2":"Sacheon","type2":"Si","engtype2":"City"},"geometry":{"type":"MultiPolygon","coordinates":[[[[128.0764,34.9087],[128.0716,34.9089],[128.0762,34.9022],[128.0709,34.8901],[128.0746,34.886],[128.0811,34.8895],[128.0755,34.8932],[128.0821,34.8984],[128.0764,34.9087]]],[[[128.0375,34.9189],[128.0418,34.9217],[128.035,34.9274],[128.0375,34.9189]]],[[[128.0303,34.9387],[128.0281,34.9355],[128.0336,34.9343],[128.0303,34.9387]]],[[[128.072,34.9274],[128.0742,34.9227],[128.0796,34.9285],[128.088,34.9262],[128.0832,34.917],[128.0957,34.9264],[128.0981,34.9204],[128.1015,34.9252],[128.1197,34.9224],[128.1143,34.9339],[128.1226,34.9387],[128.1231,34.9491],[128.1329,34.9607],[128.1349,34.9805],[128.1497,34.9915],[128.1702,34.9847],[128.158,35.0062],[128.1606,35.02],[128.1629,35.0276],[128.18,35.0385],[128.1843,35.0509],[128.1724,35.052],[128.1479,35.0776],[128.1693,35.0838],[128.1721,35.0953],[128.1588,35.1008],[128.1473,35.1145],[128.1353,35.117],[128.1185,35.1143],[128.1091,35.1055],[128.0985,35.1066],[128.0915,35.101],[128.0883,35.1185],[128.0706,35.1283],[128.0506,35.1315],[128.043,35.1207],[128.0281,35.1229],[128.0226,35.1173],[128.0026,35.1142],[127.9986,35.1554],[127.9791,35.1588],[127.9688,35.1587],[127.9634,35.1525],[127.958,35.1577],[127.951,35.152],[127.9386,35.1526],[127.9299,35.1448],[127.9214,35.1503],[127.9097,35.1484],[127.8986,35.1567],[127.879,35.1457],[127.8854,35.1305],[127.9105,35.1207],[127.8994,35.1074],[127.9093,35.0981],[127.9019,35.0953],[127.9023,35.0876],[127.8935,35.0866],[127.8977,35.0791],[127.9117,35.0734],[127.9145,35.0645],[127.9204,35.0642],[127.9307,35.049],[127.9239,35.0418],[127.9252,35.0295],[127.9205,35.0228],[127.9227,35.0142],[127.9407,35.0042],[127.9349,34.9984],[127.9411,34.9988],[127.9316,34.9921],[127.9397,34.9851],[127.9349,34.9815],[127.9412,34.9791],[127.9527,34.9756],[127.9482,34.9799],[127.9535,34.9809],[127.9472,34.9836],[127.9567,34.9845],[127.9644,34.9949],[127.9728,34.993],[127.9727,34.9864],[127.9827,34.9758],[127.9916,34.9812],[127.9893,34.9892],[127.9952,34.9845],[127.9934,34.9917],[127.9975,34.996],[128.0021,34.9898],[127.9999,34.9836],[128.0053,34.9882],[128.0037,34.9835],[128.0082,34.9824],[128.0075,34.9959],[128.0147,34.9917],[128.0184,35.01],[128.0079,35.0126],[128.009,35.0221],[127.9943,35.032],[127.9961,35.0377],[127.9882,35.0391],[127.988,35.0332],[127.9761,35.033],[127.9871,35.0465],[128.0141,35.0396],[128.0099,35.0499],[128.0195,35.0407],[128.0056,35.0334],[128.0198,35.0281],[128.0309,35.0496],[128.0258,35.0566],[128.0348,35.0627],[128.0325,35.0694],[128.0412,35.0725],[128.0346,35.0774],[128.0461,35.0759],[128.0541,35.0817],[128.0613,35.0791],[128.0449,35.0671],[128.0395,35.0568],[128.0422,35.0313],[128.0354,35.0236],[128.0396,35.0155],[128.0376,35.0209],[128.0431,35.0246],[128.0505,35.0161],[128.0387,34.9967],[128.0441,34.9828],[128.0524,34.977],[128.051,34.9704],[128.0298,34.9578],[128.0547,34.9287],[128.072,34.9274]]],[[[128.032,34.9437],[128.0299,34.9464],[128.0291,34.9424],[128.032,34.9437]]],[[[127.9982,34.9746],[127.9952,34.9778],[127.9937,34.9739],[127.9982,34.9746]]],[[[127.9677,34.9895],[127.9621,34.9716],[127.9823,34.9633],[127.9947,34.9687],[127.9873,34.9729],[127.9864,34.9667],[127.9804,34.9688],[127.9735,34.9805],[127.9659,34.9818],[127.9713,34.9841],[127.9677,34.9895]]]]}},{"type":"Feature","properties":{"gid":"KOR.10.15_2","provZh":"庆尚南道","name2":"Sancheong","type2":"Gun","engtype2":"County"},"geometry":{"type":"Polygon","coordinates":[[[127.8878,35.2376],[127.8907,35.226],[127.9056,35.2226],[127.9103,35.2252],[127.9113,35.2403],[127.9209,35.2523],[127.9388,35.2486],[127.9476,35.2417],[127.9668,35.2465],[127.9714,35.2501],[127.9735,35.27],[127.9854,35.2736],[127.9862,35.2869],[127.9959,35.286],[128.0152,35.3031],[128.0346,35.3078],[128.0434,35.3047],[128.0523,35.3127],[128.0509,35.321],[128.0586,35.3336],[128.0805,35.337],[128.1083,35.3309],[128.1152,35.3333],[128.0942,35.3449],[128.0921,35.3483],[128.0992,35.3538],[128.0954,35.3598],[128.1019,35.367],[128.0802,35.3702],[128.0893,35.3812],[128.0807,35.3891],[128.0721,35.3897],[128.0542,35.4167],[128.0313,35.4163],[128.0231,35.4264],[128.0113,35.4265],[128.0075,35.4361],[127.9965,35.4362],[127.9863,35.451],[127.9816,35.4515],[127.9849,35.4565],[127.9744,35.4753],[127.9746,35.4949],[127.9626,35.5],[127.9599,35.518],[127.9254,35.5154],[127.9213,35.5237],[127.9019,35.535],[127.8782,35.5279],[127.8806,35.5315],[127.8745,35.5384],[127.8774,35.5504],[127.8693,35.5595],[127.8748,35.5672],[127.8709,35.5755],[127.864,35.5762],[127.8404,35.5458],[127.8169,35.5254],[127.8233,35.5166],[127.8228,35.4997],[127.8163,35.4907],[127.8054,35.4894],[127.814,35.4705],[127.7823,35.4591],[127.7893,35.446],[127.7733,35.4447],[127.7727,35.4397],[127.78,35.4343],[127.7689,35.4262],[127.77,35.4207],[127.7593,35.4153],[127.7585,35.4027],[127.7484,35.3971],[127.7526,35.3832],[127.7386,35.3724],[127.7312,35.3375],[127.7185,35.3344],[127.7006,35.3161],[127.6888,35.3192],[127.6885,35.2941],[127.6927,35.2878],[127.6903,35.2836],[127.7048,35.2649],[127.7435,35.2532],[127.7543,35.2347],[127.7761,35.2195],[127.8243,35.2221],[127.8353,35.2296],[127.8432,35.2276],[127.8692,35.26],[127.8756,35.2572],[127.8745,35.2509],[127.8931,35.2504],[127.8878,35.2376]]]}},{"type":"Feature","properties":{"gid":"KOR.10.16_2","provZh":"庆尚南道","name2":"Tongyeong","type2":"Si","engtype2":"City"},"geometry":{"type":"MultiPolygon","coordinates":[[[[128.3468,34.5631],[128.3426,34.5585],[128.3481,34.5582],[128.3468,34.5631]]],[[[128.309,34.616],[128.3043,34.6251],[128.2987,34.6217],[128.2991,34.6178],[128.309,34.616]]],[[[128.1889,34.5725],[128.183,34.5725],[128.1834,34.5626],[128.1767,34.5585],[128.1885,34.5632],[128.1889,34.5725]]],[[[128.237,34.6506],[128.2277,34.6488],[128.2351,34.6405],[128.2235,34.6378],[128.2279,34.6312],[128.2375,34.6349],[128.2351,34.6281],[128.2427,34.6197],[128.2309,34.6169],[128.2392,34.611],[128.2452,34.6133],[128.2438,34.6183],[128.2582,34.6208],[128.2641,34.6277],[128.2757,34.6194],[128.2889,34.6208],[128.2864,34.6261],[128.2965,34.6314],[128.2936,34.635],[128.2992,34.639],[128.2844,34.6385],[128.2748,34.6247],[128.265,34.6344],[128.2736,34.6347],[128.2757,34.6392],[128.2478,34.6517],[128.237,34.6506]]],[[[128.2548,34.668],[128.2432,34.6664],[128.2514,34.6624],[128.2571,34.6658],[128.2548,34.668]]],[[[128.3222,34.6224],[128.3151,34.6226],[128.3261,34.62],[128.3222,34.6224]]],[[[128.3401,34.6626],[128.3414,34.6579],[128.3523,34.6562],[128.3401,34.6626]]],[[[128.2534,34.6809],[128.2289,34.6729],[128.2533,34.6704],[128.2534,34.6809]]],[[[128.1854,34.71],[128.1756,34.7116],[128.1681,34.7067],[128.1685,34.7014],[128.183,34.6912],[128.1964,34.6914],[128.195,34.6858],[128.2024,34.6913],[128.2016,34.7028],[128.1854,34.71]]],[[[128.3076,34.7565],[128.2943,34.7632],[128.2862,34.759],[128.2915,34.7494],[128.3027,34.7456],[128.2975,34.75],[128.3011,34.7538],[128.3068,34.7512],[128.3076,34.7565]]],[[[128.238,34.8376],[128.2363,34.8415],[128.2177,34.839],[128.2069,34.8272],[128.2137,34.8211],[128.2007,34.8252],[128.1994,34.8187],[128.216,34.8134],[128.2091,34.8109],[128.2104,34.8076],[128.2241,34.808],[128.2238,34.8015],[128.2368,34.8013],[128.2421,34.7949],[128.2453,34.8013],[128.2382,34.811],[128.245,34.8132],[128.2548,34.8081],[128.2661,34.815],[128.2496,34.8246],[128.2449,34.833],[128.2418,34.8298],[128.238,34.8376]]],[[[128.3502,34.8166],[128.3575,34.8136],[128.3602,34.8182],[128.3507,34.822],[128.3465,34.8182],[128.3502,34.8166]]],[[[128.1406,34.8336],[128.1303,34.8361],[128.1246,34.8312],[128.1357,34.8236],[128.142,34.8254],[128.1406,34.8336]]],[[[128.2104,34.8521],[128.2051,34.8581],[128.1908,34.8592],[128.1709,34.8539],[128.1671,34.8438],[128.183,34.837],[128.1794,34.83],[128.1865,34.826],[128.1989,34.8319],[128.2042,34.842],[128.2325,34.8449],[128.2231,34.8524],[128.2104,34.8521]]],[[[128.3501,34.8671],[128.3437,34.8645],[128.351,34.8635],[128.3501,34.8671]]],[[[128.3764,34.8911],[128.3852,34.8817],[128.3812,34.8732],[128.391,34.8736],[128.3856,34.8682],[128.4152,34.8677],[128.4207,34.8628],[128.4181,34.8594],[128.4008,34.8623],[128.397,34.8583],[128.3968,34.8629],[128.3888,34.8629],[128.3783,34.8516],[128.3711,34.8518],[128.3776,34.8458],[128.3718,34.8442],[128.375,34.8412],[128.3881,34.8423],[128.3834,34.8356],[128.3932,34.8343],[128.3927,34.8295],[128.3987,34.8353],[128.405,34.8326],[128.4252,34.8396],[128.4246,34.8445],[128.4348,34.8382],[128.44,34.8404],[128.4327,34.8411],[128.4336,34.8447],[128.4523,34.8467],[128.4469,34.8656],[128.4565,34.8648],[128.4519,34.8738],[128.4555,34.882],[128.4599,34.8812],[128.4622,34.8713],[128.4679,34.8723],[128.4686,34.8875],[128.4749,34.8895],[128.4739,34.8932],[128.4664,34.8914],[128.4652,34.8989],[128.4539,34.9007],[128.4605,34.905],[128.4512,34.9152],[128.4382,34.912],[128.4514,34.9029],[128.4389,34.893],[128.4455,34.8885],[128.4319,34.8882],[128.4327,34.8775],[128.4235,34.872],[128.4235,34.884],[128.4184,34.8916],[128.4258,34.9038],[128.4208,34.9045],[128.4181,34.9112],[128.4255,34.9164],[128.4287,34.9141],[128.4285,34.9283],[128.436,34.9315],[128.4248,34.9403],[128.4302,34.9452],[128.4291,34.9569],[128.4438,34.9685],[128.4414,34.9719],[128.4321,34.9764],[128.423,34.9754],[128.4156,34.9672],[128.4011,34.9711],[128.3999,34.964],[128.3891,34.961],[128.3894,34.952],[128.3822,34.9476],[128.3467,34.9403],[128.3452,34.9293],[128.3355,34.9214],[128.3438,34.9257],[128.3507,34.9236],[128.3461,34.9215],[128.3546,34.9194],[128.3509,34.9163],[128.3545,34.908],[128.3504,34.9055],[128.3086,34.9088],[128.2976,34.9007],[128.3091,34.8935],[128.3169,34.8798],[128.3285,34.8863],[128.3251,34.8811],[128.3283,34.8759],[128.3372,34.8776],[128.3335,34.8829],[128.3407,34.8823],[128.3422,34.8743],[128.3483,34.8731],[128.3479,34.8866],[128.3511,34.8866],[128.3531,34.8791],[128.3575,34.88],[128.3559,34.8712],[128.3602,34.8699],[128.3753,34.8701],[128.3689,34.8853],[128.3789,34.8833],[128.3764,34.8911]]],[[[128.3248,34.9243],[128.3205,34.9264],[128.3191,34.9198],[128.3248,34.9243]]],[[[128.3316,34.9228],[128.3335,34.928],[128.3282,34.923],[128.3316,34.9228]]],[[[128.4492,34.547],[128.4447,34.5484],[128.4343,34.5401],[128.4423,34.5392],[128.4492,34.547]]],[[[128.4717,34.7293],[128.4642,34.7359],[128.4556,34.7299],[128.4598,34.7175],[128.4476,34.7086],[128.4565,34.7034],[128.467,34.7068],[128.4604,34.718],[128.4717,34.7293]]],[[[128.4262,34.72],[128.4271,34.7342],[128.4232,34.7266],[128.4262,34.72]]],[[[128.3608,34.6471],[128.352,34.6523],[128.3431,34.6457],[128.3493,34.6398],[128.3606,34.6434],[128.3768,34.6348],[128.3759,34.6392],[128.3807,34.6403],[128.3787,34.645],[128.3718,34.6396],[128.3676,34.6462],[128.3608,34.6471]]],[[[128.404,34.7373],[128.3927,34.7366],[128.4023,34.729],[128.4061,34.7295],[128.404,34.7373]]],[[[128.3863,34.7404],[128.3784,34.7387],[128.3908,34.7372],[128.3863,34.7404]]],[[[128.4129,34.7475],[128.404,34.7516],[128.3991,34.7465],[128.4044,34.7419],[128.4182,34.7463],[128.4129,34.7475]]],[[[128.4262,34.7547],[128.4215,34.7549],[128.4216,34.7487],[128.4158,34.7448],[128.4222,34.7458],[128.4262,34.7547]]],[[[128.4014,34.7556],[128.3919,34.7541],[128.4003,34.7506],[128.4014,34.7556]]],[[[128.374,34.7828],[128.3676,34.7859],[128.3558,34.7777],[128.3709,34.7757],[128.374,34.7828]]],[[[128.7337,34.5384],[128.7303,34.5387],[128.733,34.5347],[128.7337,34.5384]]],[[[128.5552,34.6305],[128.5454,34.629],[128.5457,34.6192],[128.5503,34.6185],[128.5552,34.6305]]],[[[128.5795,34.6497],[128.5737,34.6495],[128.5619,34.6347],[128.5727,34.6337],[128.5831,34.6412],[128.5851,34.6444],[128.5795,34.6497]]],[[[128.5807,34.6858],[128.5778,34.6887],[128.574,34.6823],[128.5827,34.681],[128.5807,34.6858]]],[[[128.5496,34.6973],[128.5472,34.7012],[128.5414,34.6996],[128.5496,34.6973]]],[[[128.5596,34.7158],[128.5528,34.7175],[128.56,34.7077],[128.566,34.7075],[128.5596,34.7158]]],[[[128.5372,34.7324],[128.5293,34.7348],[128.52,34.7285],[128.53,34.7271],[128.5372,34.7324]]],[[[128.4977,34.7473],[128.4939,34.7503],[128.4658,34.7412],[128.4816,34.7398],[128.4955,34.7317],[128.5016,34.7385],[128.5044,34.7322],[128.5141,34.7344],[128.5017,34.74],[128.4977,34.7473]]],[[[128.5298,34.7581],[128.534,34.7645],[128.5094,34.7649],[128.5249,34.7548],[128.5516,34.7481],[128.5608,34.7507],[128.5537,34.7535],[128.56,34.7556],[128.5584,34.7599],[128.5298,34.7581]]],[[[128.4845,34.8175],[128.4681,34.8171],[128.469,34.8049],[128.4783,34.8061],[128.4847,34.7983],[128.4733,34.8033],[128.4729,34.7939],[128.4689,34.795],[128.4663,34.7876],[128.4682,34.801],[128.4617,34.8049],[128.4632,34.7916],[128.4595,34.7865],[128.4686,34.7833],[128.4727,34.776],[128.4675,34.7609],[128.4786,34.7623],[128.4883,34.7573],[128.5084,34.7667],[128.5103,34.7776],[128.505,34.7844],[128.4931,34.7827],[128.4918,34.8003],[128.4848,34.8071],[128.4875,34.8116],[128.48,34.8081],[128.4778,34.8132],[128.4845,34.8175]]],[[[128.5092,34.8013],[128.4987,34.8027],[128.495,34.7921],[128.5046,34.7872],[128.5092,34.8013]]],[[[128.5211,34.7931],[128.5161,34.7987],[128.5107,34.7957],[128.5211,34.7931]]],[[[128.4976,34.8127],[128.4907,34.8127],[128.4957,34.8097],[128.4976,34.8127]]],[[[128.4913,34.9328],[128.4877,34.9389],[128.4852,34.9303],[128.4913,34.9328]]],[[[128.4172,34.8343],[128.4083,34.834],[128.3928,34.8232],[128.384,34.8295],[128.3858,34.8135],[128.3783,34.8295],[128.3703,34.8343],[128.3561,34.8318],[128.359,34.8379],[128.3536,34.8427],[128.3481,34.842],[128.3491,34.835],[128.3445,34.8314],[128.3381,34.8427],[128.3403,34.8282],[128.3334,34.8344],[128.3371,34.8274],[128.3297,34.8296],[128.3362,34.8173],[128.3456,34.8254],[128.3573,34.8255],[128.3794,34.8151],[128.3783,34.7986],[128.3723,34.803],[128.3637,34.7965],[128.3737,34.794],[128.3751,34.7887],[128.3774,34.7955],[128.3837,34.7969],[128.3818,34.7927],[128.3913,34.7863],[128.3858,34.7799],[128.3973,34.7796],[128.3975,34.7654],[128.4066,34.7682],[128.4064,34.7624],[128.4212,34.7652],[128.4236,34.762],[128.4244,34.7708],[128.4358,34.7806],[128.4196,34.7924],[128.4345,34.7894],[128.4401,34.7947],[128.4311,34.8023],[128.4335,34.809],[128.4358,34.8026],[128.4421,34.803],[128.4416,34.8209],[128.4385,34.8297],[128.4349,34.8253],[128.4214,34.8357],[128.4172,34.8343]]],[[[128.4694,34.8654],[128.4677,34.869],[128.466,34.8638],[128.4694,34.8654]]],[[[128.4243,34.8907],[128.4244,34.8966],[128.421,34.894],[128.4243,34.8907]]],[[[128.4694,34.92],[128.466,34.9213],[128.4643,34.9088],[128.4762,34.9046],[128.4749,34.9188],[128.4694,34.92]]],[[[128.4869,34.9642],[128.4867,34.9681],[128.4821,34.9636],[128.4839,34.955],[128.4906,34.9538],[128.4855,34.9579],[128.4869,34.9642]]]]}},{"type":"Feature","properties":{"gid":"KOR.10.17_2","provZh":"庆尚南道","name2":"Uiryeong","type2":"Gun","engtype2":"County"},"geometry":{"type":"Polygon","coordinates":[[[128.2792,35.272],[128.3016,35.2829],[128.2915,35.2941],[128.2905,35.3021],[128.2977,35.3154],[128.3179,35.3263],[128.3118,35.3515],[128.3165,35.3614],[128.3383,35.3588],[128.3554,35.3393],[128.3902,35.3327],[128.3964,35.3357],[128.3815,35.3519],[128.3845,35.3587],[128.4146,35.3583],[128.4158,35.3627],[128.4285,35.3651],[128.4198,35.3784],[128.4374,35.3928],[128.4302,35.4062],[128.4232,35.4159],[128.3883,35.4259],[128.3747,35.4456],[128.3829,35.4611],[128.4121,35.4697],[128.421,35.4775],[128.4198,35.4935],[128.411,35.5012],[128.3703,35.5157],[128.3734,35.5039],[128.3669,35.5002],[128.3496,35.5009],[128.339,35.5096],[128.3213,35.5084],[128.3123,35.5168],[128.2926,35.5174],[128.2902,35.5123],[128.2665,35.5099],[128.2619,35.4972],[128.2379,35.4947],[128.2017,35.4779],[128.2163,35.4617],[128.2078,35.4601],[128.2002,35.4322],[128.1852,35.4192],[128.1909,35.4116],[128.1899,35.399],[128.1466,35.386],[128.1287,35.3877],[128.1276,35.3723],[128.1124,35.3823],[128.0991,35.3682],[128.0826,35.3696],[128.1019,35.367],[128.0954,35.3598],[128.0991,35.3535],[128.0921,35.3483],[128.0973,35.3417],[128.1105,35.3379],[128.1156,35.33],[128.1458,35.3486],[128.1566,35.3496],[128.1788,35.3212],[128.1726,35.314],[128.1776,35.2989],[128.1744,35.2927],[128.1802,35.2791],[128.1957,35.2656],[128.1939,35.2565],[128.1978,35.2542],[128.2118,35.2653],[128.2382,35.2537],[128.2699,35.2562],[128.2792,35.272]]]}},{"type":"Feature","properties":{"gid":"KOR.10.18_2","provZh":"庆尚南道","name2":"Yangsan","type2":"Si","engtype2":"City"},"geometry":{"type":"Polygon","coordinates":[[[128.9984,35.2886],[129.0135,35.2738],[129.0475,35.2742],[129.0584,35.2948],[129.0743,35.2908],[129.0884,35.3026],[129.1086,35.3046],[129.1137,35.3202],[129.1258,35.3321],[129.1271,35.3454],[129.1346,35.3515],[129.1182,35.369],[129.1501,35.3639],[129.1782,35.3518],[129.1988,35.3665],[129.1992,35.376],[129.1936,35.3821],[129.2189,35.407],[129.2182,35.4115],[129.2021,35.4215],[129.197,35.4389],[129.1676,35.4318],[129.1405,35.4476],[129.1083,35.4811],[129.1053,35.4965],[129.0906,35.4983],[129.0526,35.5145],[129.0558,35.5323],[129.013,35.5231],[129.0076,35.5291],[128.9934,35.5275],[128.9896,35.5166],[128.9773,35.5076],[128.9621,35.5094],[128.9585,35.5055],[128.958,35.4989],[128.9676,35.49],[128.9632,35.4845],[128.9676,35.4673],[128.9501,35.4543],[128.9185,35.4518],[128.91,35.4447],[128.9064,35.4373],[128.9237,35.4208],[128.9132,35.4145],[128.9035,35.4198],[128.8909,35.4145],[128.8903,35.404],[128.8794,35.3981],[128.8806,35.3865],[128.8741,35.3786],[128.8796,35.3684],[128.9126,35.3642],[128.9456,35.3378],[128.9676,35.3292],[128.9809,35.2994],[128.9984,35.2886]]]}},{"type":"Feature","properties":{"gid":"KOR.11.1_2","provZh":"仁川广域市","name2":"Bupyeong","type2":"Gu","engtype2":"District"},"geometry":{"type":"Polygon","coordinates":[[[126.7468,37.4854],[126.7424,37.4869],[126.7416,37.5088],[126.7459,37.5152],[126.7581,37.5158],[126.7603,37.5241],[126.6892,37.5236],[126.6833,37.517],[126.6922,37.5017],[126.6889,37.4986],[126.692,37.4925],[126.6996,37.4854],[126.6901,37.4832],[126.6842,37.4736],[126.6885,37.4708],[126.708,37.4693],[126.7109,37.4799],[126.722,37.4701],[126.7309,37.473],[126.7461,37.4647],[126.7677,37.4715],[126.7468,37.4854]]]}},{"type":"Feature","properties":{"gid":"KOR.11.2_2","provZh":"仁川广域市","name2":"Dong","type2":"Gu","engtype2":"District"},"geometry":{"type":"Polygon","coordinates":[[[126.6347,37.4737],[126.6427,37.4683],[126.6528,37.4703],[126.655,37.484],[126.6744,37.4769],[126.6408,37.4958],[126.6275,37.4934],[126.6377,37.4823],[126.6263,37.4925],[126.6098,37.4874],[126.6117,37.4835],[126.6197,37.4859],[126.6168,37.4835],[126.6347,37.4737]]]}},{"type":"Feature","properties":{"gid":"KOR.11.3_2","provZh":"仁川广域市","name2":"Ganghwa","type2":"Gun","engtype2":"County"},"geometry":{"type":"MultiPolygon","coordinates":[[[[125.9782,37.6085],[125.9758,37.6117],[125.9716,37.6078],[125.9782,37.6085]]],[[[126.2359,37.6546],[126.2228,37.6529],[126.2387,37.6362],[126.2627,37.6254],[126.2509,37.6378],[126.2562,37.6518],[126.2359,37.6546]]],[[[126.2323,37.662],[126.2223,37.6655],[126.2235,37.659],[126.2372,37.6615],[126.2323,37.662]]],[[[126.1958,37.6872],[126.1747,37.6768],[126.1559,37.6773],[126.156,37.6728],[126.1685,37.6668],[126.1788,37.6706],[126.1907,37.6639],[126.1899,37.6576],[126.2051,37.657],[126.2099,37.6667],[126.1974,37.679],[126.1958,37.6872]]],[[[126.324,37.7515],[126.2891,37.7426],[126.2876,37.714],[126.282,37.709],[126.2694,37.7107],[126.2888,37.6953],[126.3188,37.6819],[126.3287,37.6702],[126.3257,37.6566],[126.341,37.6441],[126.3432,37.6496],[126.3732,37.6658],[126.379,37.6823],[126.3663,37.6946],[126.3429,37.6975],[126.3194,37.7126],[126.3185,37.73],[126.3297,37.7468],[126.324,37.7515]]],[[[126.1351,37.6868],[126.1267,37.6923],[126.1222,37.6873],[126.1269,37.682],[126.1443,37.6815],[126.1351,37.6868]]],[[[126.2447,37.7195],[126.2381,37.7218],[126.2323,37.7333],[126.2183,37.721],[126.2323,37.716],[126.2492,37.7184],[126.2447,37.7195]]],[[[126.2697,37.7259],[126.2656,37.7379],[126.2584,37.7337],[126.2584,37.7251],[126.2697,37.7259]]],[[[126.4642,37.5946],[126.4783,37.5989],[126.4796,37.6053],[126.5041,37.5963],[126.5129,37.5994],[126.5135,37.5935],[126.5032,37.5904],[126.5173,37.58],[126.5262,37.5866],[126.518,37.5921],[126.5238,37.5979],[126.5151,37.5969],[126.5203,37.6107],[126.544,37.6183],[126.5401,37.6245],[126.5353,37.6222],[126.5221,37.6462],[126.5269,37.6474],[126.5229,37.6563],[126.5326,37.6609],[126.5322,37.6651],[126.5169,37.6747],[126.5254,37.7019],[126.5125,37.717],[126.5265,37.7473],[126.5114,37.7626],[126.5128,37.7706],[126.5059,37.7833],[126.4581,37.807],[126.4359,37.8296],[126.4267,37.8316],[126.4139,37.8219],[126.3925,37.8232],[126.387,37.8071],[126.3506,37.7917],[126.3555,37.7623],[126.3531,37.7448],[126.357,37.7411],[126.3519,37.7401],[126.3511,37.7166],[126.3592,37.7036],[126.3913,37.6956],[126.3881,37.69],[126.4035,37.676],[126.4099,37.6593],[126.4107,37.6506],[126.3998,37.6412],[126.3657,37.635],[126.3742,37.6308],[126.3775,37.6193],[126.3709,37.612],[126.3841,37.6084],[126.4036,37.5941],[126.447,37.5945],[126.4618,37.5893],[126.4642,37.5946]]],[[[126.2824,37.8084],[126.2645,37.8178],[126.2383,37.8163],[126.2232,37.805],[126.2188,37.7955],[126.2222,37.7869],[126.205,37.7685],[126.2328,37.7511],[126.2483,37.7656],[126.2787,37.7689],[126.2908,37.7629],[126.315,37.7737],[126.3313,37.7897],[126.3334,37.7969],[126.3243,37.8082],[126.3133,37.802],[126.2947,37.8018],[126.2824,37.8084]]]]}},{"type":"Feature","properties":{"gid":"KOR.11.4_2","provZh":"仁川广域市","name2":"Gyeyang","type2":"Gu","engtype2":"District"},"geometry":{"type":"Polygon","coordinates":[[[126.7607,37.5377],[126.7645,37.5554],[126.7778,37.5599],[126.7759,37.5652],[126.7937,37.5816],[126.7677,37.5882],[126.7522,37.5797],[126.7443,37.5925],[126.739,37.5937],[126.7223,37.5907],[126.7135,37.5776],[126.6819,37.5837],[126.683,37.5773],[126.7007,37.5719],[126.6985,37.5677],[126.7033,37.5642],[126.6997,37.5586],[126.712,37.5526],[126.7063,37.5419],[126.6948,37.5419],[126.6917,37.5361],[126.6836,37.5352],[126.6892,37.5236],[126.7603,37.5241],[126.7607,37.5377]]]}},{"type":"Feature","properties":{"gid":"KOR.11.5_2","provZh":"仁川广域市","name2":"Jung","type2":"Gu","engtype2":"District"},"geometry":{"type":"MultiPolygon","coordinates":[[[[126.4142,37.4076],[126.4049,37.4105],[126.3958,37.3925],[126.4082,37.3869],[126.4068,37.3727],[126.4133,37.3663],[126.4338,37.3688],[126.434,37.3746],[126.4405,37.3783],[126.4347,37.3817],[126.4417,37.385],[126.4142,37.4076]]],[[[126.3898,37.3957],[126.3968,37.4055],[126.389,37.4031],[126.3898,37.3957]]],[[[126.4383,37.4051],[126.4351,37.4053],[126.4416,37.4046],[126.4383,37.4051]]],[[[126.4526,37.4996],[126.4183,37.497],[126.3732,37.4719],[126.3595,37.4734],[126.3562,37.4632],[126.3682,37.4566],[126.3716,37.4472],[126.364,37.4422],[126.3766,37.4416],[126.3808,37.435],[126.3803,37.4396],[126.3951,37.4461],[126.404,37.4396],[126.4,37.4338],[126.4065,37.4386],[126.4133,37.4352],[126.4189,37.4219],[126.4423,37.4208],[126.4854,37.4445],[126.5063,37.4657],[126.5645,37.4794],[126.5826,37.4913],[126.577,37.5036],[126.5649,37.5144],[126.5249,37.5249],[126.5151,37.5342],[126.5028,37.5308],[126.5013,37.5345],[126.494,37.5076],[126.4739,37.4991],[126.4526,37.4996]]],[[[126.4159,37.4179],[126.4173,37.4214],[126.4119,37.4186],[126.4159,37.4179]]],[[[126.361,37.4552],[126.3592,37.4595],[126.3556,37.457],[126.361,37.4552]]],[[[126.6107,37.431],[126.6324,37.4299],[126.6294,37.4523],[126.6434,37.468],[126.6168,37.4835],[126.6051,37.4801],[126.6098,37.4829],[126.6081,37.4868],[126.5951,37.4701],[126.6061,37.4663],[126.6099,37.4692],[126.607,37.4756],[126.6124,37.4772],[126.6156,37.4702],[126.625,37.4666],[126.6142,37.4666],[126.6267,37.4617],[126.6196,37.4613],[126.6244,37.4579],[126.6122,37.4624],[126.6033,37.4601],[126.6048,37.4647],[126.6004,37.4655],[126.5957,37.4642],[126.5947,37.4571],[126.5909,37.462],[126.595,37.4569],[126.6021,37.4603],[126.6032,37.4567],[126.5934,37.4549],[126.597,37.4503],[126.5932,37.4494],[126.5943,37.4383],[126.6011,37.4383],[126.6109,37.4543],[126.6138,37.4531],[126.6106,37.448],[126.6187,37.4447],[126.6078,37.4411],[126.6142,37.4374],[126.6107,37.431]]],[[[126.589,37.4987],[126.5857,37.498],[126.592,37.4968],[126.589,37.4987]]],[[[126.5778,37.5406],[126.5763,37.5436],[126.566,37.5402],[126.5438,37.5227],[126.5516,37.5283],[126.5581,37.5211],[126.5753,37.5212],[126.5753,37.5277],[126.5827,37.5237],[126.5753,37.5295],[126.5778,37.5406]]]]}},{"type":"Feature","properties":{"gid":"KOR.11.6_2","provZh":"仁川广域市","name2":"Michuhol","type2":"Gu","engtype2":"District"},"geometry":{"type":"Polygon","coordinates":[[[126.629,37.4489],[126.6324,37.4299],[126.6556,37.4354],[126.6855,37.4302],[126.6977,37.4336],[126.6953,37.4386],[126.7022,37.4392],[126.7029,37.4432],[126.6932,37.4467],[126.6972,37.4613],[126.6868,37.4662],[126.685,37.4726],[126.655,37.484],[126.6528,37.4703],[126.6427,37.4683],[126.629,37.4489]]]}},{"type":"Feature","properties":{"gid":"KOR.11.7_2","provZh":"仁川广域市","name2":"Namdong","type2":"Gu","engtype2":"District"},"geometry":{"type":"Polygon","coordinates":[[[126.7374,37.3968],[126.7516,37.4109],[126.7533,37.4227],[126.7692,37.4275],[126.7707,37.4485],[126.7804,37.455],[126.7782,37.4718],[126.7461,37.4647],[126.7309,37.473],[126.722,37.4701],[126.7109,37.4799],[126.708,37.4693],[126.7033,37.4677],[126.6862,37.4723],[126.6868,37.4662],[126.6972,37.4613],[126.6932,37.4467],[126.7029,37.4432],[126.7053,37.4273],[126.6669,37.3922],[126.7171,37.3811],[126.7374,37.3968]]]}},{"type":"Feature","properties":{"gid":"KOR.11.8_2","provZh":"仁川广域市","name2":"Ongjin","type2":"Gun","engtype2":"County"},"geometry":{"type":"MultiPolygon","coordinates":[[[[126.3615,37.2083],[126.3658,37.2096],[126.3614,37.2124],[126.3615,37.2083]]],[[[126.5186,37.2335],[126.512,37.2332],[126.5122,37.2281],[126.5186,37.2335]]],[[[126.5251,37.2374],[126.5387,37.234],[126.5267,37.2484],[126.5291,37.2521],[126.5215,37.2585],[126.5234,37.2614],[126.5115,37.2535],[126.525,37.2464],[126.5251,37.2374]]],[[[126.4808,37.2458],[126.4755,37.2524],[126.4867,37.2543],[126.4855,37.2592],[126.4966,37.2537],[126.5018,37.2581],[126.4943,37.2703],[126.4976,37.277],[126.4878,37.2832],[126.4751,37.2826],[126.4703,37.2882],[126.4545,37.2832],[126.4486,37.2722],[126.434,37.2743],[126.4361,37.2657],[126.4285,37.2627],[126.4333,37.2578],[126.4298,37.2563],[126.4314,37.2347],[126.4354,37.2309],[126.4528,37.231],[126.4588,37.224],[126.4709,37.2391],[126.4825,37.2418],[126.4808,37.2458]]],[[[126.4661,37.539],[126.4568,37.5444],[126.4541,37.5373],[126.434,37.5265],[126.4292,37.5163],[126.4389,37.5145],[126.446,37.5199],[126.4696,37.5119],[126.4668,37.5284],[126.4734,37.5285],[126.4729,37.5351],[126.4661,37.539]]],[[[126.4321,37.5449],[126.4238,37.5462],[126.4169,37.5363],[126.4221,37.5331],[126.4159,37.5229],[126.427,37.5223],[126.4344,37.5426],[126.4418,37.5446],[126.4321,37.5449]]],[[[126.1076,37.2724],[126.1002,37.2721],[126.1026,37.2657],[126.09,37.2478],[126.0919,37.2315],[126.0847,37.2219],[126.1025,37.2299],[126.105,37.2269],[126.1012,37.2222],[126.1113,37.2236],[126.1161,37.2161],[126.1103,37.2133],[126.1173,37.2092],[126.1475,37.2138],[126.1436,37.2225],[126.1657,37.2307],[126.1503,37.2392],[126.1408,37.2375],[126.1375,37.2465],[126.128,37.252],[126.1177,37.2479],[126.1184,37.2581],[126.1119,37.2577],[126.1076,37.2724]]],[[[126.3964,37.2432],[126.3938,37.2457],[126.391,37.2412],[126.3964,37.2432]]],[[[126.2882,37.2719],[126.28,37.2641],[126.2807,37.2589],[126.305,37.2534],[126.317,37.2445],[126.3418,37.2501],[126.3489,37.2596],[126.3354,37.2631],[126.3352,37.2564],[126.331,37.2553],[126.2893,37.2672],[126.2882,37.2719]]],[[[126.3248,37.5117],[126.3215,37.5132],[126.322,37.5096],[126.3248,37.5117]]],[[[126.2645,37.5529],[126.2583,37.5568],[126.2609,37.5507],[126.2645,37.5529]]],[[[126.4131,37.5354],[126.4162,37.5362],[126.4129,37.5389],[126.4044,37.5357],[126.4022,37.5309],[126.4116,37.5272],[126.4131,37.5354]]],[[[126.3178,37.5564],[126.308,37.5601],[126.3287,37.5421],[126.3267,37.5219],[126.3363,37.5305],[126.3415,37.5257],[126.3601,37.5308],[126.3814,37.5272],[126.3843,37.5307],[126.3835,37.5393],[126.3528,37.5353],[126.3434,37.5393],[126.3375,37.5508],[126.3178,37.5564]]],[[[125.9882,37.0404],[125.9808,37.0403],[125.9787,37.0338],[125.9933,37.0245],[125.9953,37.0176],[126.0213,37.0304],[126.0004,37.0246],[125.9977,37.0261],[126.0041,37.0293],[125.9932,37.0275],[125.9906,37.0306],[125.9945,37.0371],[125.9882,37.0404]]],[[[126.0003,37.0597],[125.9929,37.0652],[125.9936,37.058],[126.0003,37.0597]]],[[[126.0207,37.0761],[126.0177,37.0783],[126.012,37.0634],[126.0202,37.0692],[126.0207,37.0761]]],[[[126.0004,37.0834],[125.992,37.0813],[125.9963,37.0793],[126.0004,37.0834]]],[[[126.0902,37.0999],[126.0856,37.1072],[126.0673,37.1072],[126.0603,37.0955],[126.0666,37.0966],[126.0626,37.0883],[126.0731,37.0833],[126.0902,37.0999]]],[[[126.0218,37.1355],[126.0179,37.1277],[126.0216,37.1235],[126.0248,37.1307],[126.0218,37.1355]]],[[[126.303,37.1389],[126.2989,37.1394],[126.3073,37.1312],[126.303,37.1389]]],[[[126.2984,37.1724],[126.2937,37.1753],[126.2906,37.171],[126.3103,37.1587],[126.3231,37.1605],[126.3117,37.1719],[126.2984,37.1724]]],[[[126.2763,37.1472],[126.2774,37.1505],[126.2713,37.149],[126.2764,37.141],[126.2763,37.1472]]],[[[126.2567,37.1806],[126.2436,37.174],[126.2665,37.168],[126.2734,37.1596],[126.2811,37.158],[126.2831,37.1621],[126.2731,37.165],[126.2709,37.1757],[126.2567,37.1806]]],[[[126.1051,37.1815],[126.0952,37.1884],[126.0849,37.1764],[126.0933,37.1676],[126.1084,37.1658],[126.1129,37.1701],[126.1082,37.1765],[126.1148,37.1804],[126.1051,37.1815]]],[[[126.2174,37.1848],[126.2164,37.1891],[126.2154,37.1824],[126.2273,37.1782],[126.2493,37.183],[126.2281,37.1873],[126.2236,37.1816],[126.2174,37.1848]]],[[[126.1398,37.2019],[126.1365,37.1957],[126.1422,37.1987],[126.1398,37.2019]]],[[[126.1716,37.2232],[126.1703,37.2292],[126.1615,37.2219],[126.1615,37.2122],[126.1779,37.2107],[126.1836,37.1953],[126.1945,37.2086],[126.1817,37.2085],[126.1801,37.2172],[126.1716,37.2232]]],[[[126.011,37.1563],[126.0057,37.1543],[126.0104,37.1482],[126.011,37.1563]]],[[[126.0848,37.2887],[126.076,37.2895],[126.0757,37.2845],[126.0863,37.281],[126.0875,37.2756],[126.0975,37.2769],[126.0848,37.2887]]],[[[125.945,37.0684],[125.9408,37.0661],[125.9441,37.0643],[125.945,37.0684]]],[[[125.9585,37.0893],[125.9496,37.0933],[125.9469,37.0828],[125.9411,37.0812],[125.95,37.067],[125.9492,37.0752],[125.9541,37.0757],[125.9522,37.086],[125.9643,37.081],[125.9671,37.0843],[125.9585,37.0893]]],[[[125.9868,37.2021],[125.9815,37.2021],[125.9855,37.1943],[125.9716,37.1951],[125.9729,37.1888],[125.9598,37.183],[125.9786,37.1867],[125.9843,37.1814],[125.9846,37.192],[125.9973,37.1979],[125.9875,37.1981],[125.9868,37.2021]]],[[[125.7205,37.6111],[125.7157,37.6153],[125.7072,37.6112],[125.7185,37.6036],[125.7205,37.6111]]],[[[125.7113,37.679],[125.6781,37.6793],[125.6857,37.6665],[125.6815,37.6625],[125.6842,37.6528],[125.6928,37.652],[125.7068,37.6633],[125.7165,37.6744],[125.7113,37.679]]],[[[124.7673,37.7729],[124.7706,37.7788],[124.7455,37.775],[124.7407,37.7782],[124.742,37.7729],[124.7274,37.761],[124.7519,37.7709],[124.7653,37.7665],[124.7673,37.7729]]],[[[124.72,37.8201],[124.7143,37.8323],[124.7278,37.8406],[124.7194,37.8459],[124.7099,37.8438],[124.7034,37.8497],[124.7036,37.8434],[124.6878,37.8364],[124.6765,37.8198],[124.6625,37.8217],[124.6756,37.8134],[124.6839,37.8139],[124.6795,37.8022],[124.6852,37.7995],[124.6835,37.8031],[124.6905,37.8082],[124.7028,37.8047],[124.7114,37.8091],[124.72,37.8201]]],[[[124.6958,37.9815],[124.6709,37.981],[124.6406,37.9687],[124.6168,37.9795],[124.6097,37.97],[124.6117,37.9614],[124.6258,37.9544],[124.6394,37.9239],[124.6801,37.923],[124.6913,37.9166],[124.7,37.9199],[124.6981,37.925],[124.7079,37.9446],[124.7239,37.954],[124.7382,37.9537],[124.7301,37.9573],[124.733,37.9623],[124.741,37.957],[124.7463,37.9591],[124.7328,37.9657],[124.7298,37.9781],[124.7162,37.983],[124.6958,37.9815]]]]}},{"type":"Feature","properties":{"gid":"KOR.11.9_2","provZh":"仁川广域市","name2":"Seo","type2":"Gu","engtype2":"District"},"geometry":{"type":"MultiPolygon","coordinates":[[[[126.6401,37.4956],[126.6858,37.4716],[126.6901,37.4832],[126.6995,37.485],[126.6889,37.4986],[126.6922,37.5017],[126.6833,37.5158],[126.6892,37.5236],[126.6825,37.5322],[126.6917,37.5361],[126.6927,37.5411],[126.7063,37.5419],[126.712,37.5526],[126.6997,37.5586],[126.7033,37.5642],[126.6991,37.5733],[126.6812,37.5809],[126.6852,37.5842],[126.7135,37.5776],[126.7255,37.5919],[126.7141,37.6039],[126.7047,37.6025],[126.7054,37.6121],[126.6945,37.6203],[126.6574,37.638],[126.6471,37.6275],[126.6372,37.6267],[126.6257,37.6026],[126.6144,37.6063],[126.5917,37.5927],[126.5748,37.5883],[126.5886,37.564],[126.6011,37.5615],[126.607,37.5545],[126.5965,37.5486],[126.5989,37.5332],[126.6025,37.5332],[126.6046,37.4959],[126.6228,37.4963],[126.6308,37.5042],[126.6395,37.5042],[126.6401,37.4956]]],[[[126.5563,37.5789],[126.5586,37.5729],[126.5715,37.5719],[126.5563,37.5789]]]]}},{"type":"Feature","properties":{"gid":"KOR.11.10_2","provZh":"仁川广域市","name2":"Yeonsu","type2":"Gu","engtype2":"District"},"geometry":{"type":"MultiPolygon","coordinates":[[[[126.6705,37.3901],[126.6669,37.3922],[126.7046,37.4257],[126.705,37.439],[126.6954,37.4387],[126.6977,37.4336],[126.6855,37.4302],[126.6603,37.4354],[126.6335,37.432],[126.6346,37.4181],[126.6328,37.4269],[126.6049,37.4253],[126.5982,37.4161],[126.6097,37.4162],[126.6099,37.3871],[126.6544,37.3559],[126.6427,37.355],[126.6515,37.3529],[126.6414,37.3477],[126.6209,37.3477],[126.6219,37.3546],[126.639,37.355],[126.5829,37.3548],[126.583,37.3472],[126.5963,37.3472],[126.591,37.3394],[126.5806,37.3373],[126.6093,37.3435],[126.6057,37.3373],[126.6103,37.3374],[126.6134,37.3474],[126.6228,37.3418],[126.6541,37.3436],[126.642,37.3471],[126.6646,37.35],[126.6956,37.3832],[126.6705,37.3901]],[[126.6468,37.3484],[126.6548,37.3558],[126.6628,37.3508],[126.6468,37.3484]]],[[[126.5897,37.4265],[126.5897,37.4194],[126.596,37.4164],[126.5898,37.4194],[126.5897,37.4265]]]]}},{"type":"Feature","properties":{"gid":"KOR.12.1_2","provZh":"济州特别自治道","name2":"Jeju","type2":"Si","engtype2":"City"},"geometry":{"type":"MultiPolygon","coordinates":[[[[126.4854,33.5167],[126.4834,33.5111],[126.4662,33.5086],[126.4631,33.5031],[126.4536,33.5044],[126.4518,33.4974],[126.427,33.4959],[126.4074,33.4851],[126.3946,33.4841],[126.3857,33.4893],[126.3689,33.4784],[126.3538,33.4779],[126.3381,33.467],[126.3127,33.4697],[126.2996,33.4472],[126.2789,33.4423],[126.2731,33.4351],[126.2632,33.4369],[126.2642,33.4237],[126.2598,33.425],[126.2579,33.4176],[126.2523,33.4169],[126.2619,33.4218],[126.2623,33.4163],[126.2558,33.4127],[126.2529,33.4157],[126.2586,33.4092],[126.2526,33.4094],[126.2503,33.4011],[126.2366,33.3951],[126.2347,33.3895],[126.2232,33.39],[126.205,33.3684],[126.1829,33.3585],[126.1798,33.3463],[126.1668,33.343],[126.1615,33.3341],[126.1684,33.3167],[126.1623,33.2866],[126.169,33.2827],[126.1715,33.2888],[126.1917,33.2937],[126.192,33.2984],[126.2298,33.2847],[126.2447,33.273],[126.245,33.2883],[126.2791,33.2995],[126.2924,33.3105],[126.2964,33.3219],[126.3059,33.3267],[126.3226,33.3258],[126.3402,33.3436],[126.3675,33.3411],[126.3759,33.3469],[126.4326,33.3411],[126.437,33.3548],[126.4456,33.3589],[126.4827,33.3597],[126.4904,33.355],[126.4991,33.3598],[126.5295,33.3617],[126.5537,33.3737],[126.5748,33.372],[126.6231,33.3843],[126.6308,33.3931],[126.6527,33.3947],[126.6605,33.402],[126.6694,33.4004],[126.7047,33.4208],[126.7318,33.4267],[126.7414,33.4203],[126.7613,33.4215],[126.7886,33.4414],[126.7993,33.4396],[126.8221,33.4467],[126.8255,33.4532],[126.8547,33.4633],[126.8845,33.4807],[126.9019,33.4825],[126.9041,33.4882],[126.9106,33.4891],[126.9134,33.5032],[126.9096,33.5097],[126.8996,33.5097],[126.9059,33.5207],[126.8928,33.5269],[126.8714,33.5307],[126.8613,33.5249],[126.8407,33.5337],[126.8287,33.5432],[126.8276,33.5594],[126.8136,33.5614],[126.7981,33.5553],[126.7791,33.5661],[126.7747,33.5611],[126.7748,33.565],[126.7621,33.5655],[126.7619,33.5588],[126.7572,33.557],[126.7403,33.5598],[126.7455,33.5557],[126.7381,33.5548],[126.7299,33.5608],[126.6893,33.5484],[126.6779,33.5525],[126.6743,33.545],[126.6671,33.5428],[126.6529,33.5528],[126.6481,33.549],[126.6499,33.5533],[126.6447,33.5556],[126.6349,33.5452],[126.6345,33.536],[126.5975,33.5377],[126.585,33.5254],[126.5618,33.5275],[126.549,33.5206],[126.5534,33.5242],[126.5417,33.5296],[126.5428,33.5229],[126.5317,33.5213],[126.5319,33.5174],[126.5178,33.5195],[126.5146,33.5158],[126.4942,33.5209],[126.4854,33.5167]]],[[[126.9625,33.5194],[126.9545,33.5259],[126.9481,33.5231],[126.9509,33.5177],[126.9409,33.5066],[126.9433,33.4948],[126.9671,33.4907],[126.9667,33.4969],[126.9713,33.4986],[126.9651,33.5131],[126.9727,33.5146],[126.9588,33.5128],[126.9625,33.5194]]],[[[126.2281,33.4123],[126.2228,33.4116],[126.2253,33.4042],[126.2319,33.4075],[126.2281,33.4123]]],[[[126.283,33.9708],[126.2838,33.9643],[126.2891,33.9629],[126.2865,33.9604],[126.3017,33.9525],[126.3019,33.9587],[126.2946,33.9615],[126.2999,33.9628],[126.283,33.9708]]],[[[126.3259,33.915],[126.3207,33.9156],[126.3236,33.9091],[126.3259,33.915]]],[[[126.3404,33.9536],[126.3372,33.9569],[126.3259,33.9515],[126.3137,33.9549],[126.3031,33.9501],[126.3122,33.9459],[126.3211,33.9302],[126.329,33.9301],[126.3244,33.9407],[126.3273,33.9449],[126.342,33.9465],[126.3404,33.9536]]],[[[126.3216,33.9889],[126.3171,33.9892],[126.3241,33.9852],[126.3216,33.9889]]],[[[126.252,33.989],[126.2459,33.9873],[126.2521,33.9857],[126.252,33.989]]],[[[126.3473,33.9851],[126.3458,33.9816],[126.3538,33.982],[126.3473,33.9851]]],[[[126.3374,34.0121],[126.3297,34.0108],[126.3531,34.006],[126.3374,34.0121]]]]}},{"type":"Feature","properties":{"gid":"KOR.12.2_2","provZh":"济州特别自治道","name2":"Seogwipo","type2":"Si","engtype2":"City"},"geometry":{"type":"MultiPolygon","coordinates":[[[[126.2696,33.123],[126.2648,33.118],[126.2669,33.1125],[126.2696,33.123]]],[[[126.2748,33.1748],[126.2624,33.1687],[126.2692,33.1609],[126.2797,33.1673],[126.2748,33.1748]]],[[[126.5166,33.2202],[126.5147,33.2169],[126.5184,33.2161],[126.5166,33.2202]]],[[[126.5642,33.2347],[126.5592,33.2387],[126.5609,33.243],[126.5702,33.2357],[126.5675,33.2327],[126.5718,33.2443],[126.5858,33.2436],[126.5988,33.2344],[126.6178,33.2413],[126.6197,33.2497],[126.6402,33.257],[126.6423,33.2659],[126.6607,33.2689],[126.6589,33.2741],[126.6776,33.267],[126.6784,33.2707],[126.6995,33.271],[126.7333,33.2816],[126.7428,33.2777],[126.7647,33.2919],[126.7662,33.2985],[126.7779,33.3068],[126.7918,33.3027],[126.8056,33.3056],[126.8078,33.3018],[126.8162,33.3076],[126.8358,33.3089],[126.8484,33.3196],[126.8499,33.325],[126.8448,33.3255],[126.844,33.3328],[126.8566,33.3381],[126.8684,33.354],[126.8713,33.3722],[126.8835,33.3835],[126.9065,33.3915],[126.9077,33.3982],[126.9027,33.4019],[126.918,33.4273],[126.9161,33.4339],[126.9239,33.4343],[126.9231,33.4264],[126.9294,33.4226],[126.9365,33.4292],[126.9252,33.4356],[126.9218,33.4435],[126.9316,33.4599],[126.9462,33.4562],[126.9365,33.4642],[126.936,33.4784],[126.9352,33.4736],[126.9286,33.4729],[126.9318,33.4645],[126.9239,33.4556],[126.9208,33.4647],[126.9248,33.472],[126.9131,33.4727],[126.9116,33.4794],[126.9019,33.4825],[126.8845,33.4807],[126.8547,33.4633],[126.8255,33.4532],[126.8221,33.4467],[126.7993,33.4396],[126.7886,33.4414],[126.7613,33.4215],[126.7414,33.4203],[126.7318,33.4267],[126.7024,33.4202],[126.6694,33.4004],[126.6605,33.402],[126.6527,33.3947],[126.6308,33.3931],[126.6249,33.385],[126.5893,33.3743],[126.5537,33.3737],[126.5347,33.3632],[126.4991,33.3598],[126.4904,33.355],[126.4827,33.3597],[126.4456,33.3589],[126.437,33.3548],[126.4326,33.3411],[126.3759,33.3469],[126.3675,33.3411],[126.3402,33.3436],[126.3226,33.3258],[126.3059,33.3267],[126.2964,33.3219],[126.2924,33.3105],[126.2791,33.2995],[126.245,33.2883],[126.2447,33.273],[126.2298,33.2847],[126.192,33.2984],[126.1917,33.2937],[126.1715,33.2888],[126.1687,33.2826],[126.169,33.275],[126.1823,33.2597],[126.2025,33.2455],[126.2336,33.2349],[126.241,33.2215],[126.2511,33.2196],[126.2565,33.2074],[126.2596,33.2068],[126.256,33.2105],[126.2632,33.2094],[126.261,33.1998],[126.2709,33.1941],[126.2849,33.2005],[126.288,33.1958],[126.2946,33.1968],[126.2903,33.2054],[126.2979,33.2227],[126.3277,33.2408],[126.3354,33.2348],[126.3278,33.2318],[126.3618,33.2371],[126.3667,33.2289],[126.4086,33.2446],[126.4181,33.2436],[126.4293,33.2352],[126.4571,33.2412],[126.4615,33.2313],[126.4728,33.223],[126.4913,33.2325],[126.5105,33.2304],[126.5209,33.2409],[126.5508,33.2413],[126.5642,33.2347]]],[[[126.6002,33.2317],[126.5965,33.2288],[126.6025,33.2287],[126.6002,33.2317]]]]}},{"type":"Feature","properties":{"gid":"KOR.13.1_2","provZh":"全罗北道","name2":"Buan","type2":"Gun","engtype2":"County"},"geometry":{"type":"MultiPolygon","coordinates":[[[[126.3073,35.6206],[126.3013,35.6204],[126.3051,35.6173],[126.2999,35.62],[126.3035,35.6128],[126.2968,35.6124],[126.2939,35.6043],[126.2846,35.6149],[126.2753,35.6171],[126.282,35.6057],[126.2756,35.6043],[126.2708,35.6087],[126.2677,35.6048],[126.273,35.5992],[126.2643,35.5952],[126.2594,35.5986],[126.2567,35.5938],[126.2708,35.5901],[126.2485,35.5873],[126.2538,35.5838],[126.2503,35.581],[126.2548,35.5802],[126.2555,35.5738],[126.267,35.5667],[126.2626,35.5711],[126.2654,35.5759],[126.2791,35.5794],[126.29,35.5927],[126.3036,35.5957],[126.3156,35.6102],[126.3073,35.6206]]],[[[126.625,35.5869],[126.6512,35.5806],[126.6592,35.5863],[126.6732,35.5699],[126.7181,35.5733],[126.7165,35.5814],[126.7243,35.5836],[126.7203,35.6302],[126.7268,35.6482],[126.7378,35.6503],[126.744,35.6664],[126.7502,35.6635],[126.7553,35.6669],[126.7632,35.662],[126.773,35.6836],[126.7871,35.6753],[126.798,35.6848],[126.8058,35.6758],[126.8142,35.6833],[126.8271,35.68],[126.8406,35.6958],[126.8335,35.7009],[126.8278,35.715],[126.8131,35.7156],[126.8171,35.7271],[126.8122,35.723],[126.8136,35.729],[126.8048,35.7264],[126.8092,35.7309],[126.8067,35.7454],[126.7989,35.7426],[126.7958,35.7534],[126.7831,35.7517],[126.763,35.7966],[126.6982,35.8129],[126.7065,35.7964],[126.6524,35.792],[126.6323,35.8],[126.6214,35.7869],[126.6273,35.7806],[126.6286,35.7491],[126.6112,35.736],[126.5974,35.7146],[126.569,35.6928],[126.5725,35.6907],[126.5694,35.6864],[126.5669,35.6942],[126.5582,35.6982],[126.5319,35.7306],[126.5245,35.7327],[126.5564,35.6978],[126.5333,35.69],[126.5263,35.6749],[126.5243,35.6782],[126.481,35.6454],[126.466,35.6435],[126.4573,35.6363],[126.4686,35.6314],[126.4637,35.6234],[126.4693,35.6234],[126.4699,35.6188],[126.463,35.6185],[126.4599,35.6105],[126.4673,35.606],[126.4665,35.5987],[126.478,35.6023],[126.4918,35.5859],[126.5087,35.5792],[126.5151,35.5877],[126.5167,35.5807],[126.528,35.5793],[126.5752,35.5904],[126.625,35.5869]]],[[[126.2935,35.6169],[126.2909,35.6204],[126.2898,35.6112],[126.2935,35.6169]]],[[[126.1201,35.6462],[126.1125,35.6443],[126.1127,35.6383],[126.1209,35.6404],[126.1243,35.6339],[126.1302,35.6366],[126.1201,35.6462]]],[[[126.111,35.6669],[126.1002,35.6597],[126.1105,35.6559],[126.111,35.6669]]],[[[126.2802,35.6345],[126.2721,35.632],[126.2757,35.6306],[126.2733,35.6263],[126.286,35.63],[126.2824,35.6255],[126.2849,35.6206],[126.2949,35.6285],[126.2802,35.6345]]],[[[126.4874,35.6621],[126.4859,35.6653],[126.4839,35.6602],[126.4874,35.6621]]]]}},{"type":"Feature","properties":{"gid":"KOR.13.2_2","provZh":"全罗北道","name2":"Gimje","type2":"Si","engtype2":"City"},"geometry":{"type":"Polygon","coordinates":[[[126.9222,35.9077],[126.9089,35.9034],[126.8929,35.9141],[126.8608,35.9057],[126.8531,35.9096],[126.8514,35.9169],[126.8432,35.9177],[126.8262,35.9059],[126.7904,35.8957],[126.7904,35.8778],[126.7572,35.8795],[126.6765,35.8699],[126.6834,35.842],[126.69,35.8414],[126.6982,35.8129],[126.763,35.7966],[126.7831,35.7517],[126.7958,35.7534],[126.7989,35.7426],[126.8067,35.7454],[126.8092,35.7309],[126.8048,35.7264],[126.8136,35.729],[126.8113,35.7231],[126.8181,35.7254],[126.8131,35.7156],[126.8224,35.7169],[126.824,35.7128],[126.8428,35.7267],[126.8673,35.7275],[126.8818,35.7413],[126.8822,35.7484],[126.8729,35.7577],[126.8799,35.7586],[126.8835,35.7528],[126.8968,35.7533],[126.9157,35.7449],[126.9356,35.7198],[126.9527,35.7247],[126.9812,35.7145],[126.9922,35.7016],[126.9916,35.6895],[127.0239,35.6683],[127.0606,35.6703],[127.069,35.6899],[127.0616,35.7049],[127.0746,35.7199],[127.0867,35.7261],[127.071,35.7407],[127.0697,35.7483],[127.0504,35.7556],[127.0535,35.7638],[127.0735,35.7738],[127.0711,35.7823],[127.0636,35.7918],[127.0292,35.8015],[127.0194,35.7997],[126.9982,35.8152],[126.9952,35.8281],[127.0095,35.8467],[127.0074,35.8754],[126.9941,35.8843],[126.9971,35.8908],[126.962,35.902],[126.956,35.9165],[126.9519,35.9086],[126.9321,35.9147],[126.9222,35.9077]]]}},{"type":"Feature","properties":{"gid":"KOR.13.3_2","provZh":"全罗北道","name2":"Gochang","type2":"Gun","engtype2":"County"},"geometry":{"type":"MultiPolygon","coordinates":[[[[126.5957,35.5308],[126.5927,35.5416],[126.5599,35.5433],[126.5557,35.5367],[126.5488,35.5376],[126.5443,35.5273],[126.5411,35.534],[126.5264,35.5348],[126.5025,35.5253],[126.4936,35.5163],[126.4968,35.5099],[126.485,35.5224],[126.4621,35.4804],[126.4391,35.4503],[126.4295,35.4496],[126.4367,35.4485],[126.4299,35.4329],[126.4463,35.4353],[126.4502,35.4279],[126.4642,35.4254],[126.476,35.4293],[126.4916,35.4113],[126.4906,35.3951],[126.4774,35.3862],[126.4974,35.3732],[126.4935,35.3504],[126.5128,35.362],[126.5205,35.3483],[126.5139,35.3275],[126.5206,35.3253],[126.5237,35.3148],[126.5323,35.3067],[126.5511,35.3137],[126.5727,35.3101],[126.5849,35.3008],[126.5894,35.3175],[126.5809,35.3173],[126.585,35.3302],[126.5981,35.3301],[126.6042,35.3357],[126.6264,35.3214],[126.6448,35.3198],[126.6443,35.3272],[126.6531,35.328],[126.6664,35.3515],[126.6857,35.3442],[126.6918,35.3514],[126.6993,35.3501],[126.7046,35.3651],[126.7194,35.365],[126.7313,35.3769],[126.7296,35.3946],[126.7225,35.3999],[126.7362,35.4034],[126.7542,35.4165],[126.7517,35.4359],[126.7377,35.4495],[126.741,35.453],[126.7481,35.4506],[126.763,35.4663],[126.7726,35.4679],[126.7643,35.4931],[126.7706,35.5076],[126.7596,35.5142],[126.7736,35.5238],[126.7611,35.533],[126.7662,35.5491],[126.7627,35.555],[126.7694,35.5608],[126.7571,35.5735],[126.7397,35.5683],[126.7051,35.5748],[126.6921,35.5695],[126.6694,35.5699],[126.6647,35.5604],[126.6751,35.5462],[126.6475,35.5716],[126.6332,35.5747],[126.626,35.5734],[126.6241,35.5683],[126.6141,35.5705],[126.6108,35.5576],[126.5977,35.5443],[126.5957,35.5308]]],[[[126.5898,35.5699],[126.5875,35.5737],[126.5862,35.5689],[126.5898,35.5699]]],[[[126.4812,35.5374],[126.4855,35.5406],[126.4773,35.5403],[126.4812,35.5374]]]]}},{"type":"Feature","properties":{"gid":"KOR.13.4_2","provZh":"全罗北道","name2":"Gunsan","type2":"Si","engtype2":"City"},"geometry":{"type":"MultiPolygon","coordinates":[[[[126.4549,35.7443],[126.4477,35.7483],[126.4401,35.7432],[126.4511,35.738],[126.4513,35.7284],[126.4592,35.7348],[126.4549,35.7443]]],[[[126.4658,35.7472],[126.4699,35.7478],[126.4673,35.7523],[126.4631,35.7495],[126.4658,35.7472]]],[[[126.5121,35.7495],[126.5233,35.7314],[126.4833,35.8136],[126.4867,35.8159],[126.4822,35.8152],[126.4796,35.8125],[126.5121,35.7495]]],[[[126.4821,35.8456],[126.4734,35.842],[126.4843,35.8423],[126.4821,35.8456]]],[[[126.5026,35.857],[126.5344,35.934],[126.5648,35.9362],[126.5697,35.9172],[126.5648,35.9053],[126.5677,35.904],[126.5646,35.907],[126.5715,35.9198],[126.5879,35.9208],[126.5881,35.903],[126.5757,35.9031],[126.5883,35.9027],[126.588,35.9478],[126.5933,35.9483],[126.6175,35.9399],[126.6106,35.9167],[126.6129,35.8861],[126.6288,35.8866],[126.6297,35.8919],[126.6302,35.8869],[126.6408,35.8844],[126.6675,35.8836],[126.6746,35.8892],[126.6765,35.8699],[126.7572,35.8795],[126.7904,35.8778],[126.7904,35.8957],[126.8262,35.9059],[126.8432,35.9177],[126.8596,35.9175],[126.8782,35.9339],[126.883,35.948],[126.8937,35.9551],[126.8851,35.9608],[126.903,35.9721],[126.9023,35.9784],[126.9132,35.9909],[126.9149,36.0043],[126.9011,36.0079],[126.8842,36.026],[126.8704,36.0331],[126.873,36.0435],[126.8685,36.0459],[126.8651,36.0607],[126.8211,36.0499],[126.8058,36.0344],[126.748,36.0258],[126.7417,36.0122],[126.7559,36.0105],[126.7472,35.9919],[126.736,35.9855],[126.7285,35.9845],[126.706,35.9947],[126.6834,35.9842],[126.6223,35.9779],[126.6244,35.971],[126.6183,35.9707],[126.6132,35.9788],[126.5258,35.9736],[126.5233,35.9663],[126.5223,35.9731],[126.5129,35.975],[126.5213,35.9722],[126.5218,35.948],[126.5298,35.9437],[126.525,35.9354],[126.5327,35.9373],[126.4965,35.8471],[126.4855,35.8457],[126.4907,35.8382],[126.4753,35.8223],[126.461,35.8245],[126.4537,35.8315],[126.4436,35.8311],[126.4448,35.8234],[126.4533,35.8184],[126.4461,35.8196],[126.4498,35.8158],[126.4439,35.8126],[126.4483,35.8134],[126.4493,35.8068],[126.4536,35.8061],[126.4547,35.8147],[126.4646,35.8193],[126.4628,35.8127],[126.4733,35.8112],[126.4984,35.8354],[126.5026,35.857]]],[[[126.4429,35.8094],[126.4367,35.8107],[126.4377,35.8057],[126.4328,35.8089],[126.4318,35.8022],[126.4196,35.8087],[126.4136,35.7983],[126.4255,35.7935],[126.4429,35.8094]]],[[[126.4001,35.8133],[126.3943,35.8089],[126.398,35.8076],[126.4001,35.8133]]],[[[126.3973,35.8189],[126.3892,35.8217],[126.3931,35.8156],[126.3973,35.8189]]],[[[126.406,35.832],[126.399,35.8261],[126.4124,35.8223],[126.403,35.8121],[126.4023,35.8042],[126.4061,35.8092],[126.4089,35.8047],[126.4149,35.806],[126.4168,35.8126],[126.4102,35.8142],[126.4131,35.8213],[126.4258,35.8181],[126.414,35.8305],[126.406,35.832]]],[[[126.373,35.821],[126.3682,35.8214],[126.3669,35.8144],[126.3758,35.8],[126.3806,35.8041],[126.3765,35.814],[126.3706,35.816],[126.373,35.821]]],[[[126.3884,35.8528],[126.3867,35.8565],[126.3582,35.8486],[126.3723,35.846],[126.3884,35.8528]]],[[[126.3522,35.8535],[126.338,35.8542],[126.357,35.8478],[126.3522,35.8535]]],[[[126.3254,35.8591],[126.3135,35.8559],[126.3265,35.8522],[126.3254,35.8591]]],[[[126.4221,35.857],[126.407,35.8594],[126.3947,35.8544],[126.4053,35.8582],[126.4333,35.8558],[126.4221,35.857]]],[[[126.4426,36.0792],[126.4361,36.088],[126.4288,36.0855],[126.4353,36.0772],[126.4449,36.0756],[126.4426,36.0792]]],[[[126.2293,35.9904],[126.2227,35.9923],[126.221,35.9884],[126.2293,35.9904]]],[[[125.9952,36.1179],[125.9788,36.1261],[125.9666,36.1262],[125.9721,36.1128],[125.9781,36.1102],[125.9847,36.1139],[125.9836,36.1212],[125.9919,36.1103],[125.9952,36.1179]]],[[[126.7012,35.9956],[126.6559,35.9873],[126.6843,35.986],[126.7012,35.9956]]],[[[126.5292,36.0415],[126.5251,36.038],[126.53,36.0354],[126.5292,36.0415]]],[[[126.5472,36.0442],[126.5441,36.0465],[126.5397,36.0368],[126.5551,36.0314],[126.5562,36.0448],[126.5472,36.0442]]]]}},{"type":"Feature","properties":{"gid":"KOR.13.5_2","provZh":"全罗北道","name2":"Iksan","type2":"Si","engtype2":"City"},"geometry":{"type":"Polygon","coordinates":[[[126.9953,35.8835],[127.0007,35.8932],[127.0383,35.8978],[127.0325,35.9061],[127.0364,35.9091],[127.0287,35.9174],[127.0365,35.9189],[127.0408,35.9256],[127.0668,35.9157],[127.0918,35.9304],[127.1063,35.9594],[127.1075,35.9954],[127.1254,36.0054],[127.1164,36.0305],[127.1397,36.057],[127.131,36.0658],[127.1227,36.0636],[127.102,36.0758],[127.0904,36.0718],[127.0749,36.0848],[127.0611,36.089],[127.057,36.1151],[127.063,36.1252],[127.0453,36.1353],[127.0448,36.1461],[127.0397,36.1383],[127.0241,36.1365],[127.0154,36.1488],[126.9808,36.148],[126.9566,36.1566],[126.9413,36.1521],[126.9197,36.1363],[126.8952,36.1424],[126.8822,36.1313],[126.8738,36.1104],[126.8708,36.0674],[126.8647,36.0561],[126.873,36.0435],[126.8704,36.0331],[126.8842,36.026],[126.9011,36.0079],[126.9149,36.0043],[126.9151,35.9967],[126.9088,35.9814],[126.9023,35.9784],[126.903,35.9721],[126.8851,35.9608],[126.8937,35.9551],[126.883,35.948],[126.8787,35.9345],[126.8596,35.9175],[126.8514,35.9169],[126.8522,35.911],[126.8608,35.9057],[126.8929,35.9141],[126.9112,35.9032],[126.9321,35.9147],[126.9521,35.9087],[126.956,35.9165],[126.962,35.902],[126.9884,35.8966],[126.9971,35.8908],[126.9932,35.8882],[126.9953,35.8835]]]}},{"type":"Feature","properties":{"gid":"KOR.13.6_2","provZh":"全罗北道","name2":"Imsil","type2":"Gun","engtype2":"County"},"geometry":{"type":"Polygon","coordinates":[[[127.3731,35.6047],[127.3869,35.6147],[127.4253,35.6148],[127.4363,35.6221],[127.4305,35.63],[127.4322,35.6365],[127.4283,35.642],[127.4185,35.6412],[127.3989,35.652],[127.3782,35.6542],[127.3777,35.6644],[127.3645,35.6604],[127.3563,35.6691],[127.3271,35.661],[127.3177,35.6773],[127.3062,35.6848],[127.298,35.6828],[127.2881,35.6871],[127.2943,35.6989],[127.2908,35.7053],[127.2935,35.7178],[127.2749,35.7545],[127.2656,35.7631],[127.2725,35.7741],[127.2675,35.7776],[127.2449,35.756],[127.2536,35.7416],[127.2515,35.7353],[127.2562,35.7328],[127.2507,35.718],[127.2576,35.692],[127.24,35.6902],[127.242,35.6966],[127.2364,35.7034],[127.2239,35.7122],[127.2078,35.7111],[127.2062,35.7232],[127.1783,35.7377],[127.1623,35.7254],[127.1393,35.7192],[127.1373,35.7022],[127.1247,35.6889],[127.1264,35.6741],[127.1312,35.6692],[127.1274,35.6588],[127.1357,35.6471],[127.1059,35.6196],[127.0917,35.6207],[127.0912,35.613],[127.1048,35.5959],[127.1026,35.5902],[127.0831,35.5845],[127.0923,35.5671],[127.0839,35.5506],[127.1163,35.5371],[127.1163,35.5322],[127.1056,35.5336],[127.0979,35.5272],[127.0953,35.5142],[127.1015,35.5207],[127.1096,35.5194],[127.1095,35.5093],[127.1159,35.5042],[127.1291,35.5036],[127.1442,35.4619],[127.1729,35.4598],[127.1779,35.4654],[127.1755,35.473],[127.203,35.4898],[127.2174,35.4894],[127.2302,35.4746],[127.2446,35.4845],[127.2714,35.4732],[127.2843,35.4789],[127.3086,35.4779],[127.3121,35.496],[127.3336,35.4919],[127.357,35.501],[127.3537,35.513],[127.3377,35.5257],[127.3454,35.5272],[127.3496,35.5391],[127.334,35.5513],[127.3378,35.5546],[127.3502,35.5515],[127.3637,35.5582],[127.3635,35.5668],[127.3789,35.5764],[127.3718,35.5866],[127.3731,35.6047]]]}},{"type":"Feature","properties":{"gid":"KOR.13.7_2","provZh":"全罗北道","name2":"Jangsu","type2":"Gun","engtype2":"County"},"geometry":{"type":"Polygon","coordinates":[[[127.633,35.6175],[127.6201,35.6461],[127.6295,35.6566],[127.6289,35.664],[127.6405,35.6728],[127.6418,35.6929],[127.6494,35.7038],[127.661,35.7099],[127.6635,35.764],[127.6695,35.7714],[127.6794,35.7685],[127.6997,35.7882],[127.6882,35.7955],[127.6868,35.8039],[127.6708,35.8098],[127.6635,35.8181],[127.6549,35.8117],[127.6343,35.8185],[127.6295,35.8148],[127.621,35.8241],[127.6184,35.8389],[127.6067,35.8298],[127.6006,35.8066],[127.5946,35.8085],[127.5787,35.7939],[127.5591,35.8003],[127.5529,35.8082],[127.5429,35.8068],[127.5331,35.8153],[127.5214,35.8122],[127.5108,35.7916],[127.5128,35.7712],[127.5225,35.7543],[127.4761,35.7184],[127.4778,35.7025],[127.4649,35.693],[127.4669,35.6848],[127.4598,35.6746],[127.4777,35.6586],[127.4664,35.6375],[127.4687,35.6214],[127.4427,35.6189],[127.4363,35.6221],[127.4253,35.6148],[127.3817,35.6132],[127.3727,35.6062],[127.3718,35.5866],[127.3789,35.5764],[127.3622,35.5623],[127.3841,35.5461],[127.4026,35.5483],[127.3992,35.5531],[127.411,35.5608],[127.4241,35.5505],[127.4402,35.5516],[127.4528,35.5401],[127.4562,35.5465],[127.467,35.5466],[127.4709,35.5408],[127.4879,35.5367],[127.4924,35.5341],[127.4924,35.5257],[127.5134,35.5089],[127.5161,35.4983],[127.5273,35.4958],[127.5267,35.4858],[127.5139,35.4801],[127.5456,35.4679],[127.5618,35.4735],[127.5635,35.4909],[127.5801,35.502],[127.58,35.5139],[127.5685,35.5248],[127.5728,35.5461],[127.5842,35.5528],[127.5961,35.5737],[127.6112,35.5839],[127.6075,35.5949],[127.613,35.6082],[127.633,35.6175]]]}},{"type":"Feature","properties":{"gid":"KOR.13.8_2","provZh":"全罗北道","name2":"Jeongeup","type2":"Si","engtype2":"City"},"geometry":{"type":"Polygon","coordinates":[[[126.878,35.484],[126.889,35.4784],[126.9126,35.4768],[126.9227,35.4829],[126.9279,35.4794],[126.9359,35.482],[126.9359,35.4881],[126.9417,35.4909],[126.9298,35.5095],[126.9311,35.5248],[126.948,35.5296],[126.9512,35.5385],[126.9751,35.5561],[126.9929,35.537],[127.0191,35.5461],[127.0227,35.5361],[127.05,35.5212],[127.0543,35.5094],[127.0668,35.5163],[127.0829,35.5068],[127.1095,35.5093],[127.1096,35.5194],[127.1015,35.5207],[127.0955,35.5141],[127.0939,35.5187],[127.1051,35.5333],[127.1163,35.5322],[127.1163,35.5371],[127.0839,35.5506],[127.0923,35.5671],[127.0831,35.5845],[127.1026,35.5902],[127.1048,35.5959],[127.0905,35.6146],[127.0936,35.6335],[127.0895,35.638],[127.0896,35.6533],[127.0793,35.6601],[127.082,35.6681],[127.0638,35.6774],[127.056,35.6687],[127.0239,35.6683],[126.9916,35.6895],[126.9922,35.7016],[126.9812,35.7145],[126.9527,35.7247],[126.9356,35.7198],[126.9157,35.7449],[126.8754,35.7587],[126.8821,35.7435],[126.8734,35.7326],[126.8673,35.7275],[126.8428,35.7267],[126.8279,35.719],[126.8263,35.712],[126.8409,35.6977],[126.8271,35.68],[126.8142,35.6833],[126.8058,35.6758],[126.798,35.6848],[126.7871,35.6753],[126.773,35.6836],[126.7632,35.662],[126.7553,35.6669],[126.7502,35.6635],[126.744,35.6664],[126.7378,35.6503],[126.7268,35.6482],[126.7203,35.6302],[126.7243,35.5836],[126.7176,35.5832],[126.7158,35.5754],[126.7368,35.5684],[126.7544,35.5743],[126.7694,35.5608],[126.7627,35.555],[126.7662,35.5491],[126.7611,35.533],[126.7736,35.5238],[126.7596,35.5142],[126.7706,35.5076],[126.7643,35.4931],[126.7726,35.4679],[126.814,35.4688],[126.8139,35.4842],[126.8233,35.4869],[126.8433,35.4783],[126.8395,35.4623],[126.8511,35.4657],[126.8689,35.4614],[126.8598,35.4797],[126.8731,35.4797],[126.878,35.484]]]}},{"type":"Feature","properties":{"gid":"KOR.13.9_2","provZh":"全罗北道","name2":"Jeonju","type2":"Si","engtype2":"City"},"geometry":{"type":"Polygon","coordinates":[[[127.0535,35.7638],[127.0506,35.7553],[127.064,35.7527],[127.0851,35.7286],[127.0957,35.7375],[127.0957,35.7448],[127.1026,35.7525],[127.1159,35.7493],[127.1366,35.761],[127.1464,35.7595],[127.1504,35.7746],[127.1619,35.7834],[127.1788,35.7752],[127.1869,35.7792],[127.1988,35.7748],[127.2006,35.7865],[127.2281,35.8085],[127.2342,35.822],[127.2192,35.8198],[127.2103,35.8255],[127.2101,35.8409],[127.1965,35.8603],[127.1847,35.8542],[127.1684,35.8536],[127.1452,35.8959],[127.137,35.902],[127.1188,35.9027],[127.0868,35.8918],[127.0801,35.8977],[127.0615,35.9003],[127.0537,35.8924],[127.0406,35.8984],[127.0007,35.8932],[126.9978,35.8842],[127.0074,35.8754],[127.0064,35.866],[127.0168,35.8605],[127.0269,35.8675],[127.0269,35.8568],[127.0339,35.8504],[127.0495,35.8524],[127.0586,35.8384],[127.0586,35.833],[127.0518,35.833],[127.0506,35.8275],[127.0655,35.8249],[127.0692,35.8152],[127.0654,35.7862],[127.0743,35.7756],[127.0535,35.7638]]]}},{"type":"Feature","properties":{"gid":"KOR.13.10_2","provZh":"全罗北道","name2":"Jinan","type2":"Gun","engtype2":"County"},"geometry":{"type":"Polygon","coordinates":[[[127.4331,35.6277],[127.442,35.619],[127.4687,35.6214],[127.4664,35.6375],[127.4777,35.6586],[127.4598,35.6746],[127.4669,35.6848],[127.4649,35.693],[127.4778,35.7025],[127.4761,35.7184],[127.5225,35.7543],[127.5128,35.7712],[127.5108,35.7916],[127.5214,35.8122],[127.5331,35.8153],[127.5429,35.8068],[127.5529,35.8082],[127.5591,35.8003],[127.5791,35.794],[127.5946,35.8085],[127.6007,35.8067],[127.6075,35.8311],[127.6248,35.8474],[127.6177,35.8593],[127.6128,35.8585],[127.5992,35.8723],[127.5981,35.8776],[127.6031,35.8803],[127.5746,35.8789],[127.5849,35.8979],[127.5631,35.9229],[127.554,35.9234],[127.5486,35.9331],[127.5549,35.9469],[127.5338,35.9712],[127.5369,35.9782],[127.5279,35.9775],[127.5236,35.9855],[127.5067,35.9796],[127.4993,35.9874],[127.4877,35.9783],[127.4759,35.9806],[127.4684,35.9881],[127.4567,35.9833],[127.445,36.0066],[127.4372,36.0093],[127.4346,36.0295],[127.4012,36.0087],[127.3776,36.0228],[127.3675,36.0212],[127.3625,36.0146],[127.364,35.9908],[127.3527,35.9891],[127.3423,35.9775],[127.3443,35.9591],[127.3528,35.9495],[127.3474,35.9399],[127.3538,35.9132],[127.3321,35.9083],[127.3333,35.8734],[127.3206,35.868],[127.319,35.863],[127.325,35.8569],[127.3213,35.8474],[127.3107,35.8411],[127.3104,35.8245],[127.2972,35.8173],[127.2951,35.8079],[127.3031,35.8008],[127.2739,35.7904],[127.2751,35.7817],[127.2653,35.7646],[127.2749,35.7545],[127.2935,35.7178],[127.2908,35.7053],[127.2943,35.6989],[127.2881,35.6871],[127.298,35.6828],[127.3062,35.6848],[127.3177,35.6773],[127.3276,35.6608],[127.3563,35.6691],[127.3645,35.6604],[127.3777,35.6644],[127.3782,35.6542],[127.388,35.6555],[127.4185,35.6412],[127.4283,35.642],[127.4331,35.6277]]]}},{"type":"Feature","properties":{"gid":"KOR.13.11_2","provZh":"全罗北道","name2":"Muju","type2":"Gun","engtype2":"County"},"geometry":{"type":"Polygon","coordinates":[[[127.7396,35.8371],[127.7445,35.8444],[127.7578,35.8368],[127.7688,35.8383],[127.7838,35.8508],[127.8044,35.8587],[127.8139,35.8536],[127.8266,35.8683],[127.8418,35.8662],[127.8449,35.8756],[127.8537,35.8813],[127.8507,35.8901],[127.8583,35.897],[127.8595,35.9065],[127.8693,35.904],[127.8879,35.9121],[127.8822,35.9289],[127.9061,35.9406],[127.9114,35.9492],[127.9023,35.9569],[127.8963,35.9777],[127.8896,35.9797],[127.8932,35.9868],[127.8756,35.9969],[127.8768,36.0225],[127.8661,36.0243],[127.8486,36.0397],[127.7994,36.0261],[127.7876,36.0145],[127.7643,36.0124],[127.7593,36.0152],[127.7616,36.0252],[127.7539,36.0241],[127.7473,36.0297],[127.7415,36.0248],[127.7348,36.0323],[127.7019,36.0353],[127.695,36.0459],[127.695,36.0588],[127.689,36.0627],[127.6698,36.0514],[127.6727,36.0416],[127.6609,36.0382],[127.6544,36.0559],[127.6382,36.0686],[127.6206,36.0642],[127.6191,36.0392],[127.6305,36.0422],[127.6397,36.0323],[127.6284,36.032],[127.6229,36.0246],[127.6107,36.0253],[127.6187,36.008],[127.6127,36.0004],[127.6066,36.0119],[127.6001,36.0119],[127.5898,36.026],[127.5745,36.0233],[127.5663,36.0312],[127.5314,36.0408],[127.5399,36.0117],[127.5321,36.008],[127.5367,35.9965],[127.5244,35.9851],[127.5269,35.9788],[127.5369,35.9782],[127.5338,35.9712],[127.5549,35.9469],[127.5486,35.9331],[127.554,35.9234],[127.5631,35.9229],[127.5849,35.8979],[127.5746,35.8789],[127.6016,35.8811],[127.5992,35.8723],[127.6128,35.8585],[127.6177,35.8593],[127.6248,35.8474],[127.6194,35.8406],[127.6252,35.8188],[127.6549,35.8117],[127.6635,35.8181],[127.6708,35.8098],[127.6868,35.8039],[127.6882,35.7955],[127.6997,35.7882],[127.7194,35.7973],[127.7246,35.8125],[127.7297,35.813],[127.7386,35.8271],[127.7396,35.8371]]]}},{"type":"Feature","properties":{"gid":"KOR.13.12_2","provZh":"全罗北道","name2":"Namwon","type2":"Si","engtype2":"City"},"geometry":{"type":"Polygon","coordinates":[[[127.4205,35.3485],[127.4414,35.3638],[127.4538,35.3607],[127.4708,35.3653],[127.4857,35.3583],[127.4979,35.3599],[127.5775,35.3089],[127.6048,35.3184],[127.6077,35.325],[127.6207,35.3326],[127.6233,35.3422],[127.6122,35.3559],[127.6102,35.3659],[127.6257,35.3769],[127.6253,35.3847],[127.6363,35.3992],[127.6605,35.4144],[127.6652,35.4356],[127.6741,35.4457],[127.6534,35.4516],[127.6452,35.4491],[127.6367,35.4594],[127.6366,35.4782],[127.6531,35.4869],[127.6504,35.4979],[127.6442,35.5001],[127.6336,35.5133],[127.6344,35.5202],[127.6257,35.5253],[127.6287,35.536],[127.6121,35.5359],[127.5902,35.554],[127.5728,35.5461],[127.5685,35.5248],[127.58,35.5139],[127.5801,35.502],[127.5635,35.4909],[127.5618,35.4735],[127.545,35.4678],[127.515,35.4789],[127.5267,35.4858],[127.5273,35.4958],[127.5161,35.4983],[127.5134,35.5089],[127.4913,35.5271],[127.4924,35.5341],[127.4709,35.5408],[127.4675,35.5464],[127.4562,35.5465],[127.4528,35.5401],[127.4402,35.5516],[127.4241,35.5505],[127.4105,35.5608],[127.3992,35.5531],[127.4026,35.5483],[127.3992,35.5471],[127.38,35.5473],[127.3593,35.5589],[127.3502,35.5515],[127.3362,35.5542],[127.3358,35.5477],[127.3482,35.5421],[127.3501,35.5355],[127.3454,35.5272],[127.3377,35.5255],[127.3537,35.513],[127.357,35.501],[127.3336,35.4919],[127.3115,35.4956],[127.3071,35.4841],[127.3138,35.4637],[127.2982,35.4442],[127.2916,35.4265],[127.2737,35.4209],[127.2601,35.427],[127.2517,35.4173],[127.2471,35.3992],[127.2261,35.3988],[127.2127,35.3737],[127.215,35.3694],[127.1892,35.3507],[127.1871,35.3425],[127.1946,35.3389],[127.1839,35.3299],[127.1878,35.3226],[127.2097,35.3156],[127.2198,35.3341],[127.2318,35.3337],[127.2572,35.3125],[127.291,35.3134],[127.307,35.3045],[127.3235,35.3074],[127.3307,35.3149],[127.3543,35.3224],[127.3755,35.3122],[127.3846,35.3025],[127.4088,35.3276],[127.4205,35.3485]]]}},{"type":"Feature","properties":{"gid":"KOR.13.13_2","provZh":"全罗北道","name2":"Sunchang","type2":"Gun","engtype2":"County"},"geometry":{"type":"Polygon","coordinates":[[[127.1878,35.3418],[127.1931,35.3564],[127.2018,35.357],[127.2166,35.3716],[127.2127,35.3737],[127.2261,35.3988],[127.2471,35.3992],[127.2517,35.4173],[127.2601,35.427],[127.2737,35.4209],[127.2916,35.4265],[127.2982,35.4442],[127.3138,35.4637],[127.3086,35.4779],[127.2843,35.4789],[127.2714,35.4732],[127.2446,35.4845],[127.2302,35.4746],[127.2174,35.4894],[127.203,35.4898],[127.1755,35.473],[127.1779,35.4654],[127.1729,35.4598],[127.1442,35.4619],[127.1291,35.5036],[127.1159,35.5042],[127.1078,35.5096],[127.0829,35.5068],[127.0668,35.5163],[127.0543,35.5094],[127.05,35.5212],[127.0227,35.5361],[127.0191,35.5461],[126.9929,35.537],[126.9751,35.5561],[126.9512,35.5385],[126.948,35.5296],[126.9311,35.5248],[126.9298,35.5095],[126.9417,35.4909],[126.9359,35.4881],[126.9359,35.482],[126.9279,35.4794],[126.9227,35.4829],[126.9126,35.4768],[126.889,35.4784],[126.8806,35.4849],[126.8731,35.4797],[126.8598,35.4797],[126.8657,35.4638],[126.9051,35.4408],[126.8976,35.433],[126.9043,35.4297],[126.9031,35.4206],[126.9185,35.4125],[126.9174,35.4021],[126.9332,35.4061],[126.93,35.4002],[126.9354,35.3946],[126.9631,35.395],[126.9761,35.4],[126.9714,35.4277],[126.9816,35.4266],[126.9853,35.4367],[126.9945,35.4398],[127.0,35.4629],[127.0143,35.4578],[127.0347,35.4666],[127.0374,35.4339],[127.0523,35.4265],[127.0469,35.4022],[127.027,35.3999],[127.0275,35.3947],[127.0391,35.3801],[127.0489,35.3774],[127.0576,35.3827],[127.0706,35.3653],[127.0652,35.3565],[127.0699,35.3514],[127.0702,35.3396],[127.0624,35.3363],[127.0523,35.3403],[127.0509,35.3294],[127.0431,35.3219],[127.0467,35.3183],[127.0618,35.3171],[127.1052,35.2992],[127.1155,35.2996],[127.1301,35.3085],[127.1455,35.309],[127.1468,35.3154],[127.168,35.332],[127.1946,35.3389],[127.1878,35.3418]]]}},{"type":"Feature","properties":{"gid":"KOR.13.14_2","provZh":"全罗北道","name2":"Wanju","type2":"Gun","engtype2":"County"},"geometry":{"type":"MultiPolygon","coordinates":[[[[127.0665,35.6851],[127.0638,35.6774],[127.082,35.6681],[127.0793,35.6601],[127.0896,35.6533],[127.0895,35.638],[127.0936,35.6335],[127.0906,35.625],[127.1032,35.6189],[127.1297,35.6378],[127.1357,35.6471],[127.1274,35.6588],[127.1312,35.6692],[127.1264,35.6741],[127.1247,35.6889],[127.1373,35.7022],[127.1383,35.7179],[127.1623,35.7254],[127.1775,35.7376],[127.2062,35.7232],[127.2078,35.7111],[127.2239,35.7122],[127.2364,35.7034],[127.242,35.6966],[127.24,35.6902],[127.2594,35.6932],[127.2507,35.718],[127.2562,35.7328],[127.2515,35.7353],[127.2536,35.7416],[127.2449,35.756],[127.2751,35.7817],[127.2739,35.7904],[127.3031,35.8008],[127.2951,35.8079],[127.2972,35.8173],[127.3104,35.8245],[127.3107,35.8411],[127.3213,35.8474],[127.325,35.8569],[127.319,35.863],[127.3206,35.868],[127.3333,35.8734],[127.3321,35.9083],[127.3538,35.9132],[127.3474,35.9399],[127.3528,35.9495],[127.3443,35.9591],[127.3426,35.9788],[127.3527,35.9891],[127.364,35.9908],[127.3605,36.0114],[127.3675,36.0212],[127.3761,36.0225],[127.3782,36.0306],[127.3604,36.0545],[127.3643,36.0658],[127.357,36.0815],[127.3601,36.0894],[127.3477,36.0983],[127.3549,36.1083],[127.3385,36.1305],[127.3228,36.1306],[127.3153,36.1191],[127.3017,36.1252],[127.2939,36.1131],[127.2745,36.1074],[127.2521,36.1131],[127.2456,36.101],[127.2547,36.0874],[127.2487,36.0831],[127.2287,36.0981],[127.2117,36.1007],[127.2049,36.1002],[127.198,36.0858],[127.1824,36.0947],[127.1688,36.084],[127.1537,36.0847],[127.1488,36.0903],[127.1377,36.0868],[127.131,36.0658],[127.1397,36.057],[127.1164,36.0305],[127.1254,36.0054],[127.1075,35.9954],[127.1063,35.9594],[127.0925,35.9314],[127.0668,35.9157],[127.0419,35.9256],[127.0287,35.9174],[127.0364,35.9091],[127.0325,35.9061],[127.0383,35.8978],[127.0496,35.8923],[127.0613,35.9002],[127.0801,35.8977],[127.0868,35.8918],[127.1188,35.9027],[127.137,35.902],[127.1452,35.8959],[127.1684,35.8536],[127.1847,35.8542],[127.1965,35.8603],[127.2101,35.8409],[127.2103,35.8255],[127.2192,35.8198],[127.2343,35.8212],[127.2281,35.8085],[127.2006,35.7865],[127.1988,35.7748],[127.1869,35.7792],[127.1788,35.7752],[127.1619,35.7834],[127.1504,35.7746],[127.1464,35.7595],[127.1366,35.761],[127.1159,35.7493],[127.1026,35.7525],[127.0957,35.7448],[127.0957,35.7375],[127.086,35.7302],[127.0865,35.7251],[127.0746,35.7199],[127.0616,35.7049],[127.0688,35.6938],[127.0665,35.6851]]],[[[127.0613,35.7924],[127.0651,35.791],[127.0692,35.8152],[127.0655,35.8249],[127.0506,35.8275],[127.0518,35.833],[127.0586,35.833],[127.0586,35.8384],[127.0495,35.8524],[127.0339,35.8504],[127.0269,35.8568],[127.0269,35.8675],[127.0168,35.8605],[127.0064,35.866],[127.0095,35.8467],[126.9952,35.8281],[126.9982,35.8152],[127.0194,35.7997],[127.0292,35.8015],[127.0613,35.7924]]]]}},{"type":"Feature","properties":{"gid":"KOR.14.1_2","provZh":"全罗南道","name2":"Boseong","type2":"Gun","engtype2":"County"},"geometry":{"type":"MultiPolygon","coordinates":[[[[127.175,34.6924],[127.1846,34.6945],[127.1977,34.7063],[127.2108,34.7291],[127.209,34.7376],[127.2293,34.7576],[127.2407,34.7598],[127.24,34.7704],[127.2474,34.7781],[127.2485,34.7897],[127.2667,34.787],[127.2795,34.7942],[127.2912,34.8107],[127.3186,34.8108],[127.3297,34.8237],[127.3406,34.8277],[127.3526,34.8254],[127.3574,34.8163],[127.3638,34.8169],[127.3797,34.8053],[127.3868,34.7969],[127.3849,34.7916],[127.3907,34.7895],[127.3949,34.7905],[127.3952,34.7967],[127.4271,34.8117],[127.4249,34.816],[127.4185,34.8113],[127.3999,34.8168],[127.3921,34.8146],[127.383,34.8267],[127.3542,34.8369],[127.355,34.8405],[127.3677,34.8352],[127.3819,34.8366],[127.396,34.8252],[127.418,34.829],[127.4056,34.842],[127.3808,34.8428],[127.379,34.8524],[127.3668,34.8677],[127.3564,34.8642],[127.3388,34.8682],[127.3359,34.8898],[127.3248,34.8825],[127.3065,34.903],[127.2919,34.9017],[127.2739,34.8901],[127.2626,34.8921],[127.2525,34.8841],[127.2274,34.895],[127.2249,34.8993],[127.232,34.9176],[127.2404,34.9211],[127.2315,34.9366],[127.2238,34.9399],[127.2212,34.9554],[127.2106,34.9582],[127.2037,34.9675],[127.209,34.973],[127.1982,34.9875],[127.1888,34.981],[127.1891,34.9679],[127.1834,34.9684],[127.1759,34.9779],[127.1445,34.9632],[127.1275,34.9682],[127.1054,34.9416],[127.0899,34.9356],[127.0822,34.9252],[127.08,34.9054],[127.0897,34.8732],[127.0657,34.8631],[127.0607,34.8469],[127.0334,34.8366],[127.0314,34.8237],[127.0218,34.8223],[127.0158,34.7877],[127.0245,34.7758],[127.0119,34.7705],[127.0202,34.7486],[127.0154,34.7366],[126.993,34.724],[126.9819,34.7109],[126.9718,34.7081],[126.9805,34.6893],[126.979,34.6831],[127.021,34.6806],[127.0302,34.6624],[127.042,34.6542],[127.0461,34.635],[127.0631,34.6514],[127.0667,34.6632],[127.0831,34.6654],[127.1068,34.6774],[127.1144,34.6934],[127.1243,34.7014],[127.1353,34.7016],[127.1433,34.6932],[127.175,34.6924]]],[[[127.4174,34.7853],[127.4185,34.7813],[127.4309,34.7795],[127.4269,34.7856],[127.4174,34.7853]]],[[[127.4638,34.8051],[127.46,34.7926],[127.4533,34.792],[127.4488,34.7983],[127.4491,34.7878],[127.4396,34.779],[127.4529,34.7788],[127.4546,34.7903],[127.461,34.7836],[127.4597,34.7916],[127.4702,34.7868],[127.4646,34.7914],[127.4701,34.795],[127.4638,34.8051]]],[[[127.4436,34.8107],[127.4362,34.8092],[127.4443,34.8072],[127.4436,34.8107]]]]}},{"type":"Feature","properties":{"gid":"KOR.14.2_2","provZh":"全罗南道","name2":"Damyang","type2":"Gun","engtype2":"County"},"geometry":{"type":"Polygon","coordinates":[[[127.0072,35.1439],[127.0087,35.1337],[127.0195,35.1385],[127.0495,35.1295],[127.0712,35.116],[127.0786,35.1192],[127.0892,35.13],[127.0824,35.1474],[127.0731,35.1532],[127.064,35.1811],[127.0697,35.185],[127.0857,35.1805],[127.118,35.1949],[127.1056,35.1992],[127.0934,35.2319],[127.0812,35.2477],[127.0993,35.2671],[127.0912,35.2819],[127.0968,35.3018],[127.0431,35.3219],[127.0509,35.3294],[127.0523,35.3403],[127.0624,35.3363],[127.0702,35.3396],[127.0699,35.3514],[127.0652,35.3565],[127.0706,35.3652],[127.0576,35.3827],[127.0489,35.3774],[127.0391,35.3801],[127.0275,35.3947],[127.027,35.3999],[127.0469,35.4022],[127.0523,35.4265],[127.0374,35.4339],[127.0347,35.4666],[127.0143,35.4578],[127.0,35.4629],[126.9945,35.4398],[126.9853,35.4367],[126.9816,35.4266],[126.9714,35.4277],[126.9761,35.4],[126.9631,35.395],[126.9354,35.3946],[126.93,35.4002],[126.9332,35.4061],[126.9202,35.4031],[126.9257,35.3969],[126.9243,35.3799],[126.9149,35.3871],[126.8956,35.3661],[126.8842,35.3621],[126.883,35.3509],[126.8758,35.3424],[126.8878,35.326],[126.8803,35.3214],[126.8612,35.321],[126.8613,35.3012],[126.8542,35.2945],[126.878,35.2571],[126.8792,35.248],[126.8895,35.2467],[126.9055,35.2582],[126.9313,35.2508],[126.9326,35.2416],[126.9518,35.2246],[126.9503,35.2164],[126.9655,35.2034],[126.9586,35.1931],[126.9681,35.1811],[126.9717,35.1798],[126.974,35.1861],[126.982,35.1839],[126.9858,35.1886],[127.0,35.1888],[127.0214,35.173],[127.0209,35.1673],[127.01,35.1637],[127.0072,35.1439]]]}},{"type":"Feature","properties":{"gid":"KOR.14.3_2","provZh":"全罗南道","name2":"Gangjin","type2":"Gun","engtype2":"County"},"geometry":{"type":"MultiPolygon","coordinates":[[[[126.8459,34.5027],[126.8396,34.5108],[126.8491,34.5124],[126.8583,34.5279],[126.8858,34.5444],[126.8764,34.5514],[126.8788,34.5755],[126.8697,34.5832],[126.8681,34.5951],[126.8561,34.6004],[126.8537,34.6156],[126.8493,34.6183],[126.8582,34.6236],[126.8743,34.6198],[126.8796,34.626],[126.8715,34.6339],[126.87,34.6411],[126.8747,34.645],[126.8706,34.6468],[126.8739,34.6525],[126.8655,34.6603],[126.8679,34.669],[126.8558,34.6787],[126.8547,34.6997],[126.8483,34.7078],[126.8495,34.7227],[126.8254,34.7438],[126.8141,34.7676],[126.8168,34.7765],[126.8123,34.7805],[126.8012,34.777],[126.7841,34.7806],[126.7819,34.7864],[126.7697,34.7849],[126.762,34.7706],[126.7497,34.7646],[126.7467,34.7576],[126.7141,34.7602],[126.7058,34.7667],[126.6909,34.7546],[126.6805,34.7539],[126.6565,34.7315],[126.6654,34.7223],[126.6807,34.7176],[126.6815,34.713],[126.6721,34.7068],[126.6753,34.7019],[126.6702,34.6909],[126.6775,34.6855],[126.7057,34.6818],[126.6994,34.6727],[126.7017,34.662],[126.6928,34.6578],[126.6973,34.6501],[126.6828,34.6325],[126.7008,34.6302],[126.6927,34.6233],[126.6877,34.6071],[126.6726,34.5976],[126.6717,34.5924],[126.6951,34.5639],[126.6837,34.5454],[126.6671,34.5386],[126.6863,34.5251],[126.6804,34.5159],[126.6819,34.5109],[126.6893,34.5106],[126.6816,34.4708],[126.7166,34.4705],[126.7349,34.4556],[126.7479,34.4721],[126.7547,34.4722],[126.7491,34.4731],[126.7386,34.4863],[126.7594,34.4911],[126.7583,34.4954],[126.7658,34.4992],[126.7614,34.5028],[126.7584,34.5259],[126.7692,34.5266],[126.7641,34.5334],[126.7654,34.5631],[126.7694,34.5863],[126.7745,34.5924],[126.7726,34.6043],[126.7789,34.6131],[126.7821,34.5978],[126.7778,34.5948],[126.7889,34.5863],[126.7861,34.5774],[126.7946,34.5676],[126.7905,34.553],[126.7969,34.5473],[126.791,34.5411],[126.7866,34.5127],[126.792,34.5094],[126.7905,34.4961],[126.7975,34.4801],[126.7866,34.4757],[126.7862,34.4685],[126.7916,34.4666],[126.7883,34.4609],[126.7921,34.4675],[126.8064,34.4687],[126.8073,34.4544],[126.8294,34.4477],[126.8381,34.4527],[126.8432,34.4482],[126.8543,34.4692],[126.8459,34.5027]]],[[[126.7828,34.5362],[126.7764,34.536],[126.7822,34.5309],[126.7828,34.5362]]]]}},{"type":"Feature","properties":{"gid":"KOR.14.4_2","provZh":"全罗南道","name2":"Goheung","type2":"Gun","engtype2":"County"},"geometry":{"type":"MultiPolygon","coordinates":[[[[127.4626,34.4718],[127.4539,34.4746],[127.4584,34.4526],[127.4497,34.449],[127.471,34.4528],[127.4853,34.4477],[127.4824,34.4424],[127.4641,34.4469],[127.4628,34.4436],[127.4753,34.4327],[127.4831,34.4375],[127.493,34.4315],[127.4873,34.4135],[127.5015,34.4154],[127.5205,34.4267],[127.5301,34.4223],[127.5384,34.4312],[127.5344,34.4436],[127.5371,34.448],[127.5206,34.4536],[127.5212,34.4577],[127.5045,34.473],[127.5053,34.4641],[127.5006,34.4621],[127.498,34.4675],[127.4896,34.4585],[127.4828,34.4601],[127.4902,34.4658],[127.4728,34.4644],[127.4626,34.4718]]],[[[127.45,34.4637],[127.4428,34.4661],[127.4498,34.4569],[127.45,34.4637]]],[[[127.4465,34.4817],[127.4365,34.4748],[127.4408,34.4691],[127.4456,34.4716],[127.4465,34.4817]]],[[[127.4522,34.5474],[127.4406,34.5414],[127.4454,34.5383],[127.4522,34.5474]]],[[[127.4642,34.5438],[127.4533,34.5438],[127.4339,34.52],[127.4487,34.5171],[127.4562,34.5107],[127.4518,34.5066],[127.4587,34.5049],[127.4444,34.4967],[127.442,34.4906],[127.4488,34.4878],[127.4523,34.4787],[127.4588,34.4785],[127.464,34.4855],[127.4844,34.484],[127.4887,34.4899],[127.4931,34.4839],[127.5057,34.4904],[127.4911,34.5082],[127.4865,34.5093],[127.4845,34.5047],[127.4795,34.5097],[127.4654,34.513],[127.4649,34.5082],[127.4577,34.5138],[127.4671,34.5179],[127.4757,34.515],[127.4707,34.5233],[127.4586,34.5257],[127.4604,34.5296],[127.4731,34.5297],[127.4788,34.5362],[127.4728,34.5441],[127.4642,34.5438]]],[[[127.4712,34.5649],[127.4669,34.5694],[127.4659,34.5637],[127.4712,34.5649]]],[[[127.4595,34.5642],[127.456,34.5704],[127.4548,34.5661],[127.4595,34.5642]]],[[[127.474,34.6355],[127.4616,34.6404],[127.4584,34.647],[127.4637,34.6494],[127.4734,34.641],[127.4771,34.6487],[127.4903,34.6422],[127.4895,34.6493],[127.4742,34.6545],[127.4704,34.6648],[127.4645,34.6625],[127.4569,34.6684],[127.4453,34.662],[127.4491,34.6716],[127.4396,34.6775],[127.4282,34.674],[127.4262,34.677],[127.433,34.6796],[127.4284,34.6803],[127.4231,34.6908],[127.4029,34.7008],[127.4073,34.7043],[127.3909,34.7109],[127.3888,34.7178],[127.3931,34.7189],[127.3788,34.7272],[127.3729,34.7416],[127.38,34.7509],[127.3968,34.7568],[127.4019,34.769],[127.3932,34.7761],[127.3857,34.7746],[127.3871,34.7839],[127.3935,34.7839],[127.3849,34.7916],[127.3868,34.7969],[127.3797,34.8053],[127.3638,34.8169],[127.3574,34.8163],[127.3526,34.8254],[127.3406,34.8277],[127.3277,34.8223],[127.3186,34.8108],[127.2912,34.8107],[127.2795,34.7942],[127.2667,34.787],[127.2485,34.7897],[127.2474,34.7781],[127.24,34.7704],[127.2407,34.7598],[127.2619,34.732],[127.2721,34.7417],[127.2791,34.7379],[127.2779,34.7342],[127.2859,34.7362],[127.2927,34.7309],[127.3038,34.7497],[127.3269,34.7518],[127.3329,34.7148],[127.3427,34.7157],[127.3446,34.71],[127.3322,34.7063],[127.3273,34.6894],[127.3186,34.6811],[127.3196,34.6699],[127.3142,34.6644],[127.2848,34.6667],[127.2776,34.6745],[127.2865,34.6965],[127.2795,34.6994],[127.2815,34.7058],[127.277,34.7112],[127.281,34.7183],[127.2751,34.7195],[127.2693,34.7122],[127.2627,34.7156],[127.2514,34.7117],[127.2476,34.7022],[127.2403,34.7002],[127.2409,34.692],[127.2368,34.6928],[127.2433,34.6832],[127.2326,34.6798],[127.2278,34.6547],[127.2,34.6484],[127.1961,34.6514],[127.1944,34.6446],[127.1729,34.6271],[127.1726,34.6105],[127.1677,34.6026],[127.1714,34.5944],[127.1593,34.591],[127.1506,34.594],[127.149,34.6004],[127.1429,34.5905],[127.1444,34.5845],[127.1332,34.5783],[127.136,34.5736],[127.1292,34.5731],[127.1141,34.5595],[127.1128,34.5475],[127.1219,34.5405],[127.1235,34.5281],[127.1458,34.521],[127.1511,34.5211],[127.1515,34.5264],[127.1668,34.5261],[127.1717,34.5194],[127.1784,34.5312],[127.1948,34.5324],[127.2122,34.517],[127.2089,34.5259],[127.2148,34.5251],[127.2209,34.5347],[127.2253,34.5263],[127.2338,34.5246],[127.2324,34.5183],[127.2502,34.5153],[127.2441,34.5154],[127.2442,34.5216],[127.2553,34.5208],[127.2835,34.4974],[127.2786,34.4953],[127.2826,34.491],[127.2738,34.4924],[127.2676,34.483],[127.3009,34.4707],[127.2978,34.4634],[127.3043,34.4647],[127.3023,34.4576],[127.3102,34.4621],[127.3163,34.4538],[127.3052,34.4541],[127.3048,34.45],[127.3117,34.4503],[127.3216,34.4415],[127.3271,34.4461],[127.3278,34.4416],[127.3385,34.4459],[127.339,34.4546],[127.3175,34.4635],[127.3238,34.4703],[127.3325,34.4637],[127.3373,34.4676],[127.3251,34.4765],[127.341,34.4806],[127.3401,34.4884],[127.3487,34.4839],[127.3486,34.4775],[127.3536,34.4901],[127.3587,34.492],[127.3707,34.4802],[127.3782,34.4876],[127.3805,34.4824],[127.3868,34.4835],[127.3913,34.4886],[127.3761,34.5037],[127.389,34.5099],[127.3938,34.5054],[127.4046,34.5063],[127.4041,34.5155],[127.4135,34.5212],[127.4253,34.5117],[127.4308,34.5136],[127.4223,34.5177],[127.4314,34.5201],[127.4263,34.521],[127.4234,34.5288],[127.4284,34.537],[127.4362,34.5374],[127.4268,34.5424],[127.4385,34.5487],[127.4332,34.5523],[127.4265,34.5492],[127.4313,34.5559],[127.4197,34.5508],[127.4171,34.5535],[127.4228,34.5571],[127.3963,34.5596],[127.4087,34.5787],[127.399,34.5759],[127.394,34.5809],[127.3954,34.5868],[127.4111,34.5901],[127.4198,34.5827],[127.4333,34.5886],[127.4335,34.5829],[127.4451,34.577],[127.457,34.5843],[127.4529,34.5877],[127.4579,34.5916],[127.4618,34.5908],[127.4618,34.5807],[127.4875,34.5736],[127.4861,34.578],[127.4965,34.5899],[127.5081,34.5922],[127.5056,34.6051],[127.4972,34.6151],[127.4964,34.6319],[127.474,34.6355]]],[[[127.3212,34.3227],[127.3167,34.3229],[127.3182,34.3179],[127.3231,34.3185],[127.3212,34.3227]]],[[[127.3235,34.4349],[127.32,34.4368],[127.3203,34.4314],[127.3293,34.4326],[127.3235,34.4349]]],[[[127.4078,34.4777],[127.4029,34.4818],[127.3969,34.4789],[127.4028,34.4746],[127.4078,34.4777]]],[[[127.4242,34.5715],[127.4173,34.5727],[127.4028,34.5627],[127.419,34.563],[127.4206,34.5674],[127.4288,34.5648],[127.4242,34.5715]]],[[[127.4496,34.5739],[127.4464,34.5762],[127.4422,34.5705],[127.4533,34.5618],[127.4496,34.5739]]],[[[127.4233,34.5816],[127.4147,34.5784],[127.4233,34.5752],[127.4233,34.5816]]],[[[127.4776,34.6712],[127.4626,34.67],[127.4731,34.6642],[127.4772,34.6647],[127.4776,34.6712]]],[[[127.4629,34.6919],[127.4549,34.687],[127.4574,34.6832],[127.4629,34.6919]]],[[[127.4355,34.6987],[127.4215,34.7012],[127.4456,34.6828],[127.4515,34.6954],[127.4447,34.6961],[127.4447,34.6901],[127.4355,34.6987]]],[[[127.4184,34.7032],[127.41,34.7041],[127.4214,34.7012],[127.4184,34.7032]]],[[[127.2438,34.4157],[127.2358,34.4109],[127.2448,34.4106],[127.2405,34.4065],[127.2539,34.4029],[127.2536,34.3954],[127.2464,34.3934],[127.2514,34.3899],[127.2477,34.3875],[127.2725,34.3814],[127.2684,34.3917],[127.2591,34.3955],[127.2569,34.407],[127.247,34.4096],[127.2507,34.4142],[127.2438,34.4157]]],[[[127.305,34.4454],[127.3075,34.4418],[127.3015,34.4427],[127.2973,34.4373],[127.304,34.4362],[127.3067,34.4303],[127.3154,34.4411],[127.305,34.4454]]],[[[127.2958,34.4478],[127.2907,34.4479],[127.2893,34.4409],[127.2958,34.4478]]],[[[127.2211,34.4945],[127.1989,34.4879],[127.1888,34.4939],[127.1631,34.4801],[127.1489,34.4804],[127.1408,34.4727],[127.1363,34.4729],[127.1365,34.4792],[127.1285,34.4781],[127.1211,34.4902],[127.1107,34.4853],[127.1169,34.4802],[127.1051,34.4699],[127.096,34.4736],[127.0929,34.4707],[127.1064,34.4548],[127.0993,34.4432],[127.1075,34.4418],[127.1088,34.4479],[127.1163,34.4477],[127.1156,34.4393],[127.1371,34.4283],[127.1415,34.4205],[127.1443,34.4289],[127.1544,34.4312],[127.1576,34.4265],[127.1628,34.4294],[127.1611,34.4337],[127.1672,34.4352],[127.2085,34.4294],[127.2179,34.4372],[127.222,34.4552],[127.235,34.4758],[127.2211,34.4945]]],[[[127.0891,34.4632],[127.0817,34.4636],[127.0893,34.4615],[127.0905,34.4515],[127.0933,34.4627],[127.0891,34.4632]]],[[[127.1337,34.5159],[127.135,34.5204],[127.128,34.5239],[127.12,34.5126],[127.1116,34.5219],[127.1077,34.5197],[127.1104,34.5156],[127.1062,34.5176],[127.0976,34.5098],[127.1095,34.5092],[127.1137,34.5021],[127.1198,34.5075],[127.1308,34.5062],[127.1337,34.5159]]],[[[127.0973,34.612],[127.0891,34.6047],[127.0901,34.5974],[127.1106,34.5963],[127.0973,34.612]]],[[[127.4466,34.7218],[127.442,34.7208],[127.4424,34.711],[127.4361,34.7111],[127.4378,34.7063],[127.4453,34.7098],[127.4466,34.7218]]],[[[127.3137,34.7269],[127.3079,34.7267],[127.3054,34.7209],[127.3128,34.7188],[127.3137,34.7269]]]]}},{"type":"Feature","properties":{"gid":"KOR.14.5_2","provZh":"全罗南道","name2":"Gokseong","type2":"Gun","engtype2":"County"},"geometry":{"type":"Polygon","coordinates":[[[127.2457,35.1102],[127.2604,35.0964],[127.2614,35.082],[127.2793,35.0912],[127.2822,35.0848],[127.2922,35.0865],[127.3005,35.0762],[127.3226,35.0695],[127.3359,35.0782],[127.3371,35.0925],[127.3447,35.0984],[127.359,35.0964],[127.3759,35.101],[127.3868,35.126],[127.3956,35.1287],[127.4001,35.1387],[127.41,35.1455],[127.4096,35.1881],[127.388,35.1885],[127.3767,35.1934],[127.3721,35.2059],[127.3748,35.2159],[127.3669,35.225],[127.368,35.2284],[127.3775,35.2255],[127.3903,35.2372],[127.4028,35.2415],[127.3892,35.2785],[127.3801,35.2836],[127.3867,35.3003],[127.3755,35.3122],[127.3543,35.3224],[127.3307,35.3149],[127.3235,35.3074],[127.3065,35.3046],[127.291,35.3134],[127.2572,35.3125],[127.2328,35.3334],[127.2221,35.3349],[127.2123,35.3168],[127.2036,35.3157],[127.1848,35.3261],[127.1862,35.3369],[127.1609,35.3277],[127.1468,35.3154],[127.1455,35.309],[127.1301,35.3085],[127.1155,35.2996],[127.0963,35.3017],[127.0912,35.2819],[127.0993,35.2671],[127.0812,35.2477],[127.0934,35.2319],[127.1056,35.1992],[127.1448,35.1939],[127.186,35.2141],[127.1961,35.204],[127.201,35.1868],[127.1887,35.1646],[127.1972,35.1568],[127.1978,35.1317],[127.2042,35.129],[127.2146,35.1326],[127.2197,35.1288],[127.2195,35.1185],[127.2322,35.1154],[127.2417,35.1081],[127.2418,35.1016],[127.2458,35.1019],[127.2457,35.1102]]]}},{"type":"Feature","properties":{"gid":"KOR.14.6_2","provZh":"全罗南道","name2":"Gurye","type2":"Gun","engtype2":"County"},"geometry":{"type":"Polygon","coordinates":[[[127.621,35.1879],[127.6169,35.2069],[127.6211,35.2246],[127.6128,35.2416],[127.6153,35.2504],[127.6102,35.262],[127.5957,35.2681],[127.5841,35.2911],[127.5774,35.2952],[127.5775,35.3089],[127.502,35.3584],[127.4857,35.3583],[127.4708,35.3653],[127.4541,35.3608],[127.4375,35.3626],[127.4214,35.3509],[127.4088,35.3276],[127.3846,35.3025],[127.3804,35.2825],[127.3892,35.2785],[127.4028,35.2415],[127.3903,35.2372],[127.3775,35.2255],[127.3675,35.2275],[127.3748,35.2159],[127.3721,35.2059],[127.3767,35.1934],[127.388,35.1885],[127.4193,35.1878],[127.4454,35.1687],[127.4668,35.1612],[127.498,35.1336],[127.4961,35.1276],[127.5187,35.1258],[127.5424,35.0996],[127.5593,35.0955],[127.5638,35.1083],[127.5838,35.119],[127.5948,35.1221],[127.6041,35.1185],[127.6042,35.1495],[127.6075,35.161],[127.6246,35.1826],[127.621,35.1879]]]}},{"type":"Feature","properties":{"gid":"KOR.14.7_2","provZh":"全罗南道","name2":"Gwangyang","type2":"Si","engtype2":"City"},"geometry":{"type":"MultiPolygon","coordinates":[[[[127.733,34.95],[127.724,34.9471],[127.7148,34.9326],[127.7039,34.9294],[127.7046,34.9133],[127.7371,34.9065],[127.761,34.9085],[127.7603,34.9027],[127.7422,34.9056],[127.762,34.902],[127.7627,34.8918],[127.7842,34.8865],[127.7845,34.9155],[127.7652,34.9317],[127.7376,34.9322],[127.7398,34.9458],[127.733,34.95]],[[127.7666,34.9056],[127.7684,34.9146],[127.7813,34.9126],[127.7818,34.8965],[127.7672,34.8965],[127.7666,34.9056]]],[[[127.7298,34.9541],[127.7516,34.9619],[127.7536,34.9577],[127.7398,34.9489],[127.7448,34.9348],[127.7685,34.9338],[127.7677,34.9538],[127.7609,34.9602],[127.754,34.9578],[127.7527,34.962],[127.78,34.9892],[127.7855,35.0198],[127.7716,35.0337],[127.7653,35.0536],[127.7433,35.061],[127.7364,35.0736],[127.7161,35.0835],[127.6973,35.1018],[127.6946,35.125],[127.6887,35.1352],[127.6593,35.159],[127.6484,35.1604],[127.6237,35.1824],[127.6069,35.1592],[127.6041,35.1185],[127.5948,35.1221],[127.5838,35.119],[127.5638,35.1083],[127.5593,35.0955],[127.5339,35.1058],[127.529,35.0948],[127.5319,35.0841],[127.5256,35.0731],[127.5282,35.0606],[127.5575,35.0356],[127.5581,35.0157],[127.5678,35.0016],[127.5582,34.9979],[127.5497,34.9873],[127.5575,34.978],[127.5462,34.9713],[127.548,34.9586],[127.5587,34.9534],[127.5568,34.9468],[127.5664,34.9412],[127.578,34.9411],[127.5784,34.9187],[127.5989,34.9263],[127.6142,34.9188],[127.6154,34.9131],[127.6174,34.916],[127.6227,34.9053],[127.6564,34.9093],[127.6244,34.9022],[127.6393,34.8838],[127.671,34.9031],[127.6628,34.9124],[127.6723,34.9315],[127.6959,34.919],[127.7011,34.9319],[127.7298,34.9541]]],[[[127.6023,34.8982],[127.6135,34.8948],[127.5907,34.9187],[127.5856,34.9187],[127.5898,34.9169],[127.5937,34.8901],[127.6023,34.8982]]],[[[127.6702,34.9077],[127.6732,34.9044],[127.6934,34.9168],[127.6727,34.9303],[127.6635,34.9129],[127.6702,34.9077]]]]}},{"type":"Feature","properties":{"gid":"KOR.14.8_2","provZh":"全罗南道","name2":"Haenam","type2":"Gun","engtype2":"County"},"geometry":{"type":"MultiPolygon","coordinates":[[[[126.467,34.3443],[126.4742,34.3312],[126.4777,34.3446],[126.467,34.3443]]],[[[126.5939,34.3136],[126.606,34.3158],[126.6011,34.3188],[126.6041,34.3311],[126.5999,34.3353],[126.6094,34.3428],[126.602,34.3491],[126.6203,34.3592],[126.6208,34.3785],[126.614,34.3793],[126.6112,34.3861],[126.622,34.3928],[126.6161,34.402],[126.6225,34.4064],[126.6281,34.402],[126.6349,34.412],[126.6477,34.4095],[126.6439,34.412],[126.6506,34.4233],[126.6571,34.4205],[126.6644,34.427],[126.6766,34.4161],[126.6734,34.4274],[126.6809,34.4266],[126.6989,34.4406],[126.7095,34.4396],[126.7189,34.4455],[126.7239,34.4429],[126.7349,34.4556],[126.7166,34.4705],[126.6816,34.4708],[126.6893,34.5106],[126.6819,34.5109],[126.6804,34.5159],[126.6863,34.5251],[126.6671,34.5367],[126.6837,34.5454],[126.6951,34.5639],[126.6717,34.5924],[126.6726,34.5976],[126.6877,34.6071],[126.6927,34.6233],[126.7008,34.6302],[126.6828,34.6325],[126.6973,34.6501],[126.6928,34.6578],[126.7017,34.662],[126.6994,34.6727],[126.7057,34.6818],[126.6775,34.6855],[126.6657,34.6919],[126.6475,34.6885],[126.6381,34.6739],[126.6249,34.68],[126.5962,34.683],[126.571,34.6782],[126.5628,34.6669],[126.5541,34.6612],[126.5498,34.664],[126.5439,34.6578],[126.4659,34.7087],[126.4045,34.7231],[126.3878,34.7259],[126.37,34.7062],[126.3689,34.6988],[126.3549,34.6935],[126.3471,34.6999],[126.3477,34.7104],[126.3305,34.7208],[126.3289,34.7356],[126.3339,34.7361],[126.3325,34.7404],[126.3175,34.7508],[126.3138,34.7461],[126.3076,34.7478],[126.3107,34.7534],[126.2988,34.7621],[126.286,34.758],[126.2746,34.7273],[126.2809,34.718],[126.2745,34.7174],[126.2715,34.7032],[126.2649,34.7027],[126.262,34.7078],[126.259,34.7007],[126.2608,34.684],[126.2551,34.6795],[126.2604,34.6726],[126.2553,34.6642],[126.2632,34.6585],[126.2597,34.6532],[126.2684,34.6477],[126.2671,34.6432],[126.2599,34.6452],[126.2606,34.6407],[126.2777,34.6304],[126.29,34.6355],[126.2942,34.6294],[126.2895,34.6207],[126.2806,34.6218],[126.2843,34.6179],[126.2799,34.6119],[126.2699,34.6151],[126.259,34.6122],[126.2634,34.6088],[126.2803,34.6116],[126.2879,34.6049],[126.2801,34.5954],[126.2916,34.592],[126.2953,34.6007],[126.2992,34.5902],[126.3127,34.5878],[126.3038,34.5774],[126.3092,34.5766],[126.3064,34.5737],[126.3136,34.5676],[126.3342,34.5733],[126.351,34.5673],[126.3545,34.57],[126.3627,34.5601],[126.3834,34.5618],[126.3846,34.5531],[126.3893,34.5507],[126.3785,34.5391],[126.3865,34.5325],[126.4031,34.539],[126.4023,34.5467],[126.4177,34.5472],[126.415,34.5582],[126.4357,34.5498],[126.434,34.544],[126.4384,34.5385],[126.4344,34.5353],[126.4433,34.5393],[126.4604,34.532],[126.4432,34.5272],[126.4421,34.5225],[126.4573,34.5233],[126.4712,34.5069],[126.4564,34.5016],[126.4646,34.4965],[126.4603,34.4902],[126.4663,34.4853],[126.4559,34.482],[126.4556,34.4772],[126.4629,34.4695],[126.472,34.4685],[126.4678,34.4569],[126.4776,34.4501],[126.4688,34.4479],[126.4647,34.4541],[126.4562,34.4478],[126.4819,34.4257],[126.4844,34.4342],[126.4976,34.4317],[126.507,34.4407],[126.5138,34.4344],[126.5082,34.4267],[126.5168,34.4142],[126.505,34.4053],[126.4872,34.4083],[126.4919,34.4051],[126.4891,34.3963],[126.4974,34.3858],[126.4711,34.3841],[126.481,34.3827],[126.4734,34.3783],[126.4811,34.3761],[126.4756,34.3728],[126.487,34.3646],[126.4761,34.3648],[126.4813,34.3586],[126.4762,34.3554],[126.4647,34.3622],[126.4711,34.3489],[126.4783,34.349],[126.4907,34.3596],[126.4986,34.357],[126.5034,34.3651],[126.5199,34.3608],[126.5222,34.3416],[126.5158,34.3392],[126.5224,34.3415],[126.5269,34.3344],[126.5123,34.3191],[126.5191,34.3137],[126.517,34.2964],[126.5219,34.2928],[126.5283,34.2935],[126.5312,34.3018],[126.5445,34.3031],[126.5589,34.3219],[126.586,34.3198],[126.5939,34.3136]]],[[[126.7061,34.4338],[126.7156,34.435],[126.7022,34.4364],[126.7061,34.4338]]],[[[126.437,34.4346],[126.4346,34.4292],[126.4417,34.4322],[126.437,34.4346]]],[[[126.4338,34.4389],[126.43,34.4398],[126.4325,34.4363],[126.4281,34.4339],[126.4338,34.4389]]],[[[126.4132,34.4665],[126.4119,34.4606],[126.418,34.4583],[126.4133,34.4558],[126.4202,34.4514],[126.4132,34.4665]]],[[[126.3288,34.5638],[126.3307,34.5682],[126.3233,34.5668],[126.3199,34.5594],[126.3288,34.5638]]],[[[126.3067,34.5872],[126.3011,34.5882],[126.2972,34.5819],[126.3067,34.5872]]]]}},{"type":"Feature","properties":{"gid":"KOR.14.9_2","provZh":"全罗南道","name2":"Hampyeong","type2":"Gun","engtype2":"County"},"geometry":{"type":"Polygon","coordinates":[[[126.5433,34.9797],[126.5605,34.9886],[126.5708,34.9742],[126.5784,34.9748],[126.5879,34.9896],[126.5988,34.9963],[126.592,34.9963],[126.599,35.0123],[126.5858,35.0152],[126.5946,35.028],[126.5876,35.055],[126.5973,35.0923],[126.5951,35.0984],[126.6046,35.0993],[126.6232,35.0869],[126.6462,35.098],[126.6556,35.1108],[126.6517,35.1205],[126.6533,35.144],[126.645,35.1466],[126.6535,35.1528],[126.6542,35.1646],[126.6721,35.1723],[126.6424,35.2071],[126.6012,35.2355],[126.5894,35.2293],[126.5906,35.2144],[126.5805,35.1961],[126.5642,35.1982],[126.5612,35.1883],[126.5439,35.1878],[126.5331,35.1822],[126.5143,35.1876],[126.5008,35.1833],[126.4772,35.1936],[126.4681,35.1871],[126.4518,35.1868],[126.4353,35.1729],[126.4221,35.1845],[126.4079,35.1864],[126.4027,35.1779],[126.3922,35.1797],[126.3703,35.1637],[126.375,35.1571],[126.3833,35.1587],[126.3887,35.1418],[126.3965,35.1344],[126.403,35.1368],[126.4217,35.1071],[126.4457,35.1062],[126.4651,35.1],[126.4574,35.0899],[126.4357,35.0852],[126.4788,35.0644],[126.4635,35.042],[126.464,35.0312],[126.4704,35.0214],[126.4804,35.0268],[126.4826,35.0203],[126.5005,35.0149],[126.5005,35.0053],[126.4906,35.0009],[126.4999,34.9856],[126.5111,34.9903],[126.5177,34.9833],[126.5389,34.9754],[126.5433,34.9797]]]}},{"type":"Feature","properties":{"gid":"KOR.14.10_2","provZh":"全罗南道","name2":"Hwasun","type2":"Gun","engtype2":"County"},"geometry":{"type":"Polygon","coordinates":[[[126.9762,34.8498],[126.9968,34.8356],[127.0084,34.8412],[127.0438,34.8387],[127.0607,34.8469],[127.0631,34.8611],[127.0897,34.8732],[127.08,34.9054],[127.0824,34.9259],[127.0905,34.9363],[127.1008,34.9377],[127.1169,34.9517],[127.1152,34.9575],[127.126,34.9677],[127.1445,34.9632],[127.1753,34.9776],[127.1792,34.9851],[127.1749,34.9886],[127.1775,35.0057],[127.1877,35.0124],[127.1839,35.0487],[127.1924,35.064],[127.1856,35.0692],[127.1859,35.0923],[127.1817,35.095],[127.1905,35.1102],[127.1881,35.1227],[127.1978,35.1317],[127.1972,35.1568],[127.1887,35.1646],[127.201,35.1868],[127.1961,35.204],[127.186,35.2141],[127.1448,35.1939],[127.1219,35.1981],[127.0857,35.1805],[127.0657,35.1841],[127.0731,35.1532],[127.0824,35.1474],[127.0892,35.13],[127.0786,35.1192],[127.0712,35.116],[127.0495,35.1295],[127.0195,35.1385],[127.0087,35.1337],[127.0106,35.1243],[126.9864,35.1059],[126.989,35.095],[126.9628,35.0872],[126.9525,35.0734],[126.9323,35.0744],[126.9206,35.0917],[126.892,35.078],[126.899,35.0542],[126.8913,35.0496],[126.8905,35.038],[126.8821,35.0319],[126.8825,35.0215],[126.8743,35.0189],[126.8681,35.0096],[126.8843,35.0032],[126.8947,34.9928],[126.8923,34.9832],[126.8768,34.9668],[126.8822,34.9603],[126.8784,34.9498],[126.8665,34.9396],[126.8724,34.9311],[126.8692,34.9185],[126.8764,34.8989],[126.8706,34.8909],[126.8444,34.8845],[126.8239,34.8711],[126.8579,34.8688],[126.8759,34.8739],[126.8771,34.8778],[126.8992,34.8728],[126.9097,34.8577],[126.906,34.8563],[126.9062,34.8461],[126.9215,34.8445],[126.921,34.8358],[126.9382,34.8291],[126.9409,34.8237],[126.9498,34.8278],[126.9497,34.84],[126.9621,34.8403],[126.9687,34.8506],[126.9762,34.8498]]]}},{"type":"Feature","properties":{"gid":"KOR.14.11_2","provZh":"全罗南道","name2":"Jangheung","type2":"Gun","engtype2":"County"},"geometry":{"type":"MultiPolygon","coordinates":[[[[126.8698,34.5347],[126.8583,34.5279],[126.8491,34.5124],[126.8396,34.5108],[126.8505,34.4949],[126.8541,34.4745],[126.8525,34.4602],[126.845,34.4512],[126.8652,34.4339],[126.8681,34.4388],[126.8748,34.4357],[126.8836,34.422],[126.8868,34.4335],[126.8708,34.4558],[126.9255,34.4527],[126.9289,34.447],[126.9387,34.4472],[126.947,34.4569],[126.9377,34.4765],[126.9415,34.4824],[126.9462,34.4821],[126.9561,34.4684],[126.9634,34.4681],[126.9677,34.4776],[126.9785,34.4708],[126.9773,34.4877],[126.9637,34.4965],[126.9697,34.4983],[126.9645,34.4979],[126.9681,34.5089],[126.9748,34.5102],[126.9853,34.5397],[126.9893,34.5397],[126.986,34.5467],[126.9891,34.5617],[126.9981,34.5622],[127.0032,34.5549],[127.0068,34.5697],[126.998,34.5658],[126.979,34.5741],[126.9926,34.5828],[126.9929,34.5939],[126.9996,34.598],[126.9972,34.604],[127.0091,34.6076],[126.9942,34.6146],[126.9941,34.6233],[126.9671,34.6229],[126.957,34.6306],[126.9673,34.6252],[127.0138,34.6249],[127.0275,34.6278],[127.0385,34.6363],[127.0461,34.635],[127.042,34.6542],[127.0302,34.6624],[127.021,34.6806],[126.979,34.6831],[126.9805,34.6893],[126.9719,34.7072],[127.0154,34.7366],[127.0202,34.7486],[127.0119,34.7705],[127.0245,34.7758],[127.0158,34.7877],[127.0216,34.8218],[127.0314,34.8237],[127.0312,34.8342],[127.0365,34.8392],[127.0084,34.8412],[126.9934,34.8361],[126.9814,34.8439],[126.9789,34.8508],[126.9693,34.8508],[126.9621,34.8403],[126.9497,34.84],[126.9498,34.8278],[126.9409,34.8237],[126.9382,34.8291],[126.921,34.8358],[126.9215,34.8445],[126.9062,34.8461],[126.906,34.8563],[126.9097,34.8577],[126.8992,34.8728],[126.8771,34.8778],[126.8759,34.8739],[126.8605,34.8717],[126.8563,34.8551],[126.8446,34.8406],[126.8073,34.8282],[126.801,34.8039],[126.7929,34.7942],[126.7954,34.7813],[126.8003,34.7771],[126.8141,34.7795],[126.8173,34.7753],[126.8141,34.7676],[126.8254,34.7438],[126.8495,34.7227],[126.8483,34.7078],[126.8547,34.6997],[126.8558,34.6787],[126.8679,34.669],[126.8655,34.6603],[126.8739,34.6525],[126.8706,34.6468],[126.8747,34.645],[126.87,34.6411],[126.8715,34.6339],[126.8796,34.626],[126.8743,34.6198],[126.8582,34.6236],[126.8493,34.6183],[126.8537,34.6156],[126.8561,34.6004],[126.8681,34.5951],[126.8697,34.5832],[126.8788,34.5755],[126.8764,34.5514],[126.8858,34.5444],[126.8698,34.5347]]],[[[126.9643,34.465],[126.9584,34.46],[126.9636,34.4592],[126.9621,34.448],[126.9656,34.4451],[126.9686,34.4616],[126.9643,34.465]]],[[[127.0161,34.6191],[127.0092,34.6183],[127.0119,34.6106],[127.0169,34.6102],[127.0161,34.6191]]]]}},{"type":"Feature","properties":{"gid":"KOR.14.12_2","provZh":"全罗南道","name2":"Jangseong","type2":"Gun","engtype2":"County"},"geometry":{"type":"Polygon","coordinates":[[[126.6871,35.2152],[126.7026,35.2076],[126.7177,35.2124],[126.7187,35.2226],[126.7372,35.2529],[126.7419,35.251],[126.7579,35.2584],[126.7638,35.254],[126.7553,35.2344],[126.8054,35.2183],[126.8239,35.2258],[126.8251,35.2318],[126.835,35.2288],[126.8443,35.237],[126.8796,35.2515],[126.8542,35.2945],[126.8613,35.3012],[126.8612,35.321],[126.8803,35.3214],[126.8878,35.326],[126.8758,35.3424],[126.883,35.3509],[126.8842,35.3621],[126.8956,35.3661],[126.9149,35.3871],[126.9243,35.3799],[126.9257,35.3969],[126.9174,35.4021],[126.9185,35.4125],[126.9031,35.4206],[126.9043,35.4297],[126.8976,35.433],[126.9051,35.4408],[126.8701,35.4615],[126.8511,35.4657],[126.8395,35.4623],[126.8433,35.4783],[126.8241,35.4869],[126.8139,35.4842],[126.814,35.4688],[126.7649,35.4671],[126.7495,35.4513],[126.7407,35.4527],[126.7378,35.4491],[126.7517,35.4359],[126.7542,35.4165],[126.7362,35.4034],[126.7225,35.3999],[126.7296,35.3946],[126.7313,35.3769],[126.7194,35.365],[126.7046,35.3651],[126.6993,35.3501],[126.6918,35.3514],[126.6857,35.3442],[126.6664,35.3515],[126.6531,35.328],[126.6443,35.3272],[126.647,35.3243],[126.6397,35.3087],[126.6315,35.3025],[126.6187,35.3048],[126.6115,35.3004],[126.6174,35.2941],[126.6099,35.2712],[126.5848,35.2579],[126.5845,35.2381],[126.5921,35.232],[126.6011,35.2356],[126.6121,35.2298],[126.6424,35.2071],[126.6529,35.1925],[126.6771,35.191],[126.6776,35.2025],[126.6871,35.2152]]]}},{"type":"Feature","properties":{"gid":"KOR.14.13_2","provZh":"全罗南道","name2":"Jindo","type2":"Gun","engtype2":"County"},"geometry":{"type":"MultiPolygon","coordinates":[[[[125.9398,34.162],[125.9363,34.1566],[125.9451,34.1407],[125.9478,34.147],[125.9398,34.162]]],[[[125.8614,34.1936],[125.8608,34.198],[125.8547,34.1969],[125.8614,34.1936]]],[[[125.8538,34.2172],[125.8466,34.2154],[125.8582,34.2063],[125.8642,34.2069],[125.8538,34.2172]]],[[[125.8433,34.2242],[125.8413,34.2202],[125.8453,34.2188],[125.8495,34.2243],[125.8405,34.2267],[125.8433,34.2242]]],[[[125.9394,34.2456],[125.9349,34.2465],[125.9317,34.238],[125.9257,34.2375],[125.9278,34.2304],[125.9437,34.2312],[125.9557,34.2414],[125.9482,34.2455],[125.9403,34.2384],[125.9394,34.2456]]],[[[125.9109,34.2417],[125.9146,34.2448],[125.9096,34.2471],[125.9109,34.2417]]],[[[125.925,34.2455],[125.9269,34.2513],[125.9228,34.2494],[125.925,34.2455]]],[[[125.9912,34.2791],[125.9782,34.2758],[125.9785,34.2674],[125.9822,34.2638],[125.9896,34.2704],[125.9878,34.2631],[126.003,34.2519],[125.9988,34.2601],[126.0095,34.2651],[126.0043,34.2687],[125.9932,34.2643],[125.9965,34.2732],[125.9912,34.2791]]],[[[125.9983,34.2897],[125.9943,34.2926],[125.9915,34.2886],[126.002,34.2892],[125.9983,34.2897]]],[[[126.06,34.2493],[126.0488,34.2542],[126.0527,34.249],[126.0488,34.2401],[126.0417,34.2362],[126.0261,34.2387],[126.0239,34.2311],[126.0341,34.2312],[126.037,34.2216],[126.043,34.2321],[126.0578,34.2248],[126.0605,34.2381],[126.0688,34.2398],[126.06,34.2493]]],[[[126.0489,34.2567],[126.0551,34.2586],[126.0494,34.2616],[126.0489,34.2567]]],[[[126.0726,34.2338],[126.0783,34.2322],[126.0742,34.2367],[126.0726,34.2338]]],[[[126.0842,34.2441],[126.0904,34.2478],[126.0752,34.2464],[126.0842,34.2441]]],[[[126.106,34.2676],[126.0966,34.2702],[126.1004,34.263],[126.1115,34.2611],[126.106,34.2676]]],[[[126.045,34.3105],[126.0388,34.319],[126.03,34.317],[126.0346,34.3118],[126.0249,34.3131],[126.0228,34.3095],[126.0323,34.3043],[126.0256,34.2991],[126.0236,34.3026],[126.0193,34.3005],[126.0155,34.2921],[126.0245,34.2954],[126.0277,34.2903],[126.0232,34.2855],[126.0487,34.2838],[126.0551,34.2742],[126.0587,34.2782],[126.0525,34.2871],[126.0603,34.2855],[126.0616,34.2895],[126.0659,34.2889],[126.0623,34.2784],[126.0675,34.2737],[126.0779,34.2847],[126.0953,34.2754],[126.086,34.2988],[126.0884,34.3112],[126.0543,34.3041],[126.045,34.3105]]],[[[126.1222,34.3263],[126.1236,34.3298],[126.12,34.3291],[126.1222,34.3263]]],[[[126.1099,34.3426],[126.1072,34.3379],[126.1129,34.3426],[126.1092,34.3501],[126.1099,34.3426]]],[[[126.0169,34.3114],[126.0162,34.3178],[125.9974,34.3139],[126.0059,34.3127],[126.0053,34.3056],[126.0169,34.3114]]],[[[126.0273,34.3427],[126.0215,34.3372],[126.012,34.3392],[126.0129,34.3338],[125.9966,34.3386],[125.9948,34.3274],[126.0104,34.3215],[126.0206,34.3228],[126.0236,34.3306],[126.034,34.3246],[126.0369,34.3304],[126.0466,34.3238],[126.038,34.3225],[126.0606,34.321],[126.0534,34.3317],[126.0273,34.3427]]],[[[125.9241,34.2548],[125.9213,34.2532],[125.927,34.2513],[125.9241,34.2548]]],[[[125.9254,34.2557],[125.9234,34.2623],[125.9078,34.259],[125.8984,34.2529],[125.8973,34.246],[125.9088,34.2463],[125.9094,34.251],[125.914,34.2491],[125.9168,34.2541],[125.9171,34.2481],[125.9213,34.2572],[125.9254,34.2557]]],[[[125.9478,34.3049],[125.9439,34.312],[125.9432,34.3056],[125.9478,34.3049]]],[[[125.9791,34.3016],[125.9727,34.3043],[125.9702,34.3011],[125.9846,34.2964],[125.9791,34.3016]]],[[[125.9759,34.3208],[125.9685,34.3209],[125.9675,34.3096],[125.9773,34.3105],[125.9802,34.3156],[125.9759,34.3208]]],[[[125.9804,34.3293],[125.9772,34.3309],[125.975,34.3245],[125.9804,34.3293]]],[[[125.9636,34.3154],[125.9512,34.3096],[125.9645,34.3103],[125.9636,34.3154]]],[[[125.9504,34.3447],[125.9574,34.345],[125.9579,34.3507],[125.952,34.3537],[125.9459,34.3444],[125.9485,34.3414],[125.9504,34.3447]]],[[[125.9429,34.3751],[125.9452,34.3788],[125.936,34.3767],[125.9348,34.3659],[125.9415,34.3644],[125.9429,34.3751]]],[[[125.9721,34.3715],[125.9708,34.3796],[125.9649,34.3815],[125.9709,34.3756],[125.9623,34.3754],[125.961,34.3643],[125.9721,34.3715]]],[[[126.1712,34.2387],[126.1801,34.2371],[126.1773,34.2408],[126.187,34.2546],[126.1826,34.2628],[126.1712,34.2387]]],[[[126.151,34.2657],[126.1433,34.2659],[126.1556,34.2577],[126.151,34.2657]]],[[[126.2987,34.3244],[126.2932,34.3253],[126.3028,34.3221],[126.2987,34.3244]]],[[[126.3498,34.2862],[126.3462,34.2856],[126.3519,34.2836],[126.3498,34.2862]]],[[[126.2979,34.335],[126.2965,34.3288],[126.3038,34.3269],[126.2979,34.335]]],[[[126.3268,34.5434],[126.3253,34.5403],[126.3145,34.5437],[126.3009,34.5568],[126.3098,34.5628],[126.3038,34.5708],[126.2791,34.578],[126.2788,34.5839],[126.2579,34.5875],[126.2534,34.584],[126.25,34.5891],[126.2402,34.5865],[126.238,34.5824],[126.2447,34.5805],[126.2399,34.5756],[126.2398,34.5649],[126.2446,34.5689],[126.2507,34.5611],[126.2359,34.5365],[126.228,34.5358],[126.2257,34.5413],[126.2249,34.5301],[126.2187,34.5326],[126.2118,34.5269],[126.2233,34.5163],[126.2115,34.5167],[126.1983,34.51],[126.2078,34.5016],[126.2049,34.4957],[126.1883,34.4962],[126.1945,34.5108],[126.1907,34.5143],[126.1739,34.4954],[126.1724,34.4847],[126.1593,34.4824],[126.14,34.4687],[126.1166,34.4596],[126.1283,34.4434],[126.1177,34.4493],[126.0961,34.4357],[126.1005,34.4309],[126.0925,34.4262],[126.0976,34.4222],[126.0892,34.4185],[126.0993,34.4017],[126.1093,34.3952],[126.1145,34.3813],[126.1264,34.3785],[126.1335,34.3854],[126.143,34.3852],[126.142,34.3783],[126.1341,34.3741],[126.1373,34.3691],[126.13,34.3656],[126.1362,34.3643],[126.1298,34.3595],[126.1417,34.3574],[126.1459,34.3657],[126.1551,34.3658],[126.156,34.3618],[126.1611,34.3652],[126.1564,34.3567],[126.1728,34.3527],[126.1813,34.3593],[126.18,34.3489],[126.1875,34.3566],[126.2142,34.3603],[126.2091,34.368],[126.1986,34.3677],[126.2022,34.3711],[126.2197,34.3671],[126.2302,34.3745],[126.2347,34.3689],[126.2393,34.3705],[126.2461,34.3794],[126.2673,34.3779],[126.2664,34.3845],[126.2596,34.387],[126.2655,34.3973],[126.2768,34.3961],[126.2766,34.3905],[126.2919,34.3913],[126.2842,34.3883],[126.2851,34.3801],[126.2806,34.3762],[126.2796,34.3694],[126.2855,34.3646],[126.2921,34.3663],[126.2891,34.3703],[126.2923,34.3742],[126.2993,34.3691],[126.3086,34.3738],[126.3077,34.3854],[126.2994,34.3822],[126.2964,34.3852],[126.3044,34.3888],[126.3025,34.3954],[126.2969,34.3907],[126.2895,34.3941],[126.2971,34.3975],[126.2926,34.4089],[126.3064,34.402],[126.303,34.4143],[126.3143,34.4001],[126.3111,34.4159],[126.3192,34.419],[126.3202,34.4245],[126.3269,34.4151],[126.322,34.4117],[126.3277,34.4059],[126.3201,34.4051],[126.3292,34.3943],[126.3288,34.3994],[126.3376,34.4027],[126.3355,34.4145],[126.3422,34.4153],[126.3531,34.4329],[126.3657,34.4433],[126.3584,34.457],[126.3705,34.4644],[126.3722,34.4707],[126.3585,34.4749],[126.3596,34.4829],[126.3758,34.4853],[126.3789,34.4783],[126.385,34.4807],[126.3731,34.4962],[126.3727,34.5007],[126.3832,34.5037],[126.3774,34.5124],[126.368,34.5154],[126.3616,34.5251],[126.3512,34.5276],[126.3538,34.5324],[126.3449,34.5424],[126.3369,34.5434],[126.339,34.5516],[126.3268,34.5434]]],[[[126.3695,34.4167],[126.3639,34.4154],[126.365,34.4102],[126.3716,34.4084],[126.3742,34.4119],[126.3695,34.4167]]],[[[126.0962,34.4572],[126.0906,34.461],[126.0929,34.4563],[126.1044,34.4546],[126.0962,34.4572]]],[[[126.0807,34.4849],[126.0866,34.4871],[126.0854,34.4934],[126.079,34.4913],[126.0807,34.4849]]],[[[126.1023,34.5292],[126.1078,34.5287],[126.1043,34.5324],[126.1023,34.5292]]],[[[126.0199,34.3583],[126.0131,34.3602],[126.0148,34.3537],[126.0215,34.3505],[126.0126,34.3471],[126.0215,34.3421],[126.0263,34.3434],[126.0199,34.3583]]],[[[126.0343,34.3998],[126.0354,34.3945],[126.0409,34.3938],[126.0343,34.3998]]],[[[126.0542,34.3939],[126.0401,34.4069],[126.0427,34.3965],[126.0542,34.3939]]],[[[126.0144,34.4003],[126.0095,34.4044],[126.0075,34.3989],[126.0117,34.3961],[126.0144,34.4003]]],[[[126.0627,34.4931],[126.0549,34.4981],[126.045,34.4916],[126.0398,34.4801],[126.032,34.4835],[126.0423,34.4697],[126.0363,34.4609],[126.0429,34.4591],[126.0535,34.4673],[126.0529,34.4724],[126.0705,34.4813],[126.0588,34.4833],[126.0594,34.4882],[126.0656,34.4896],[126.0627,34.4931]]]]}},{"type":"Feature","properties":{"gid":"KOR.14.14_2","provZh":"全罗南道","name2":"Mokpo","type2":"Si","engtype2":"City"},"geometry":{"type":"MultiPolygon","coordinates":[[[[126.3565,34.7816],[126.3554,34.7854],[126.3585,34.7713],[126.3527,34.7718],[126.3584,34.771],[126.3586,34.7658],[126.3522,34.7655],[126.3504,34.7506],[126.3603,34.7448],[126.3586,34.7522],[126.3643,34.7594],[126.3728,34.7593],[126.3757,34.7705],[126.3565,34.7816]]],[[[126.3288,34.7761],[126.3211,34.7883],[126.3144,34.7813],[126.3091,34.7827],[126.3063,34.7646],[126.3191,34.7594],[126.3224,34.7735],[126.3288,34.7761]]],[[[126.297,34.7821],[126.2886,34.7776],[126.3015,34.7763],[126.3013,34.7822],[126.297,34.7821]]],[[[126.3392,34.7823],[126.3405,34.7951],[126.3335,34.7872],[126.3392,34.7823]]],[[[126.3764,34.78],[126.3821,34.7793],[126.3917,34.7883],[126.3877,34.7809],[126.4012,34.7831],[126.4143,34.7883],[126.4113,34.7931],[126.4257,34.7916],[126.441,34.7993],[126.4454,34.7913],[126.4583,34.7934],[126.4594,34.8086],[126.4544,34.8176],[126.4384,34.8213],[126.4361,34.8375],[126.4184,34.8442],[126.4008,34.8419],[126.3883,34.8368],[126.3866,34.8295],[126.3822,34.8302],[126.3854,34.8291],[126.3597,34.8054],[126.3653,34.804],[126.3599,34.7996],[126.358,34.8038],[126.35,34.7968],[126.366,34.7894],[126.3687,34.7809],[126.3764,34.78]]],[[[126.3289,34.8156],[126.316,34.8073],[126.314,34.7923],[126.3322,34.7959],[126.3289,34.8156]]]]}},{"type":"Feature","properties":{"gid":"KOR.14.15_2","provZh":"全罗南道","name2":"Muan","type2":"Gun","engtype2":"County"},"geometry":{"type":"MultiPolygon","coordinates":[[[[126.5529,34.8564],[126.557,34.869],[126.55,34.8806],[126.5133,34.9208],[126.522,34.9288],[126.5357,34.918],[126.5424,34.9199],[126.5292,34.9496],[126.5412,34.975],[126.5177,34.9833],[126.512,34.9901],[126.4999,34.9856],[126.4906,35.0009],[126.5005,35.0053],[126.5005,35.0149],[126.4826,35.0203],[126.4804,35.0268],[126.4717,35.0214],[126.4664,35.0248],[126.4635,35.042],[126.4788,35.0644],[126.4576,35.074],[126.4519,35.0716],[126.4437,35.0585],[126.4198,35.0442],[126.4178,35.0386],[126.4275,35.0274],[126.4035,35.027],[126.3991,35.0325],[126.4009,35.0419],[126.3905,35.0431],[126.4024,35.0502],[126.3985,35.0527],[126.4088,35.0625],[126.3968,35.076],[126.3907,35.0646],[126.3844,35.0667],[126.3916,35.0858],[126.3807,35.082],[126.3829,35.0776],[126.3701,35.0618],[126.3651,35.065],[126.3663,35.0784],[126.3609,35.0749],[126.3446,35.0767],[126.3425,35.0864],[126.3511,35.087],[126.3531,35.0997],[126.3435,35.0917],[126.3312,35.0947],[126.3351,35.1026],[126.3296,35.1091],[126.3403,35.1202],[126.3468,35.1387],[126.3468,35.1593],[126.3341,35.1493],[126.326,35.1496],[126.3309,35.1415],[126.3206,35.1275],[126.3079,35.1275],[126.3074,35.1377],[126.279,35.1357],[126.273,35.1501],[126.2713,35.1452],[126.2576,35.1415],[126.2593,35.1352],[126.252,35.1333],[126.2433,35.1114],[126.2599,35.1044],[126.2624,35.0959],[126.2578,35.094],[126.2559,35.1019],[126.2483,35.0971],[126.2445,35.078],[126.261,35.0655],[126.2618,35.0536],[126.2772,35.0544],[126.2855,35.0621],[126.302,35.0468],[126.2959,35.0416],[126.3048,35.0455],[126.3144,35.0551],[126.3005,35.062],[126.3165,35.0705],[126.3113,35.0757],[126.3162,35.0777],[126.3164,35.0871],[126.3274,35.0893],[126.3336,35.0876],[126.3447,35.0708],[126.3396,35.0632],[126.3314,35.0618],[126.3494,35.0565],[126.3527,35.0528],[126.3477,35.0466],[126.3523,35.0391],[126.3808,35.0494],[126.3905,35.0325],[126.3902,35.0243],[126.3326,34.9937],[126.3408,34.9974],[126.3586,34.9929],[126.3581,34.9843],[126.3517,34.9832],[126.3434,34.9721],[126.3273,34.9669],[126.3136,34.9884],[126.3048,34.9847],[126.2951,34.9656],[126.3093,34.9487],[126.3209,34.9435],[126.3057,34.9342],[126.3068,34.9282],[126.3264,34.9306],[126.3297,34.9164],[126.3503,34.9167],[126.353,34.9223],[126.3675,34.92],[126.3663,34.9326],[126.3734,34.9415],[126.3656,34.9435],[126.3732,34.9575],[126.3603,34.9637],[126.3592,34.9685],[126.3701,34.9748],[126.367,34.9932],[126.3737,34.9989],[126.3739,34.9912],[126.3805,34.9875],[126.3795,34.9712],[126.3935,34.9649],[126.3878,34.947],[126.3917,34.9357],[126.3985,34.9352],[126.3886,34.9282],[126.405,34.9114],[126.4006,34.9005],[126.3913,34.8998],[126.3938,34.895],[126.3868,34.8778],[126.3921,34.8827],[126.4014,34.8805],[126.395,34.8694],[126.4054,34.857],[126.406,34.8496],[126.4361,34.8375],[126.4384,34.8213],[126.4544,34.8176],[126.4594,34.8086],[126.4583,34.7934],[126.4946,34.7694],[126.5134,34.7726],[126.5193,34.7956],[126.5431,34.8129],[126.5529,34.8564]]],[[[126.3158,35.0061],[126.318,35.0143],[126.3119,35.0143],[126.3145,35.0012],[126.3158,35.0061]]]]}},{"type":"Feature","properties":{"gid":"KOR.14.16_2","provZh":"全罗南道","name2":"Naju","type2":"Si","engtype2":"City"},"geometry":{"type":"Polygon","coordinates":[[[126.763,34.899],[126.8055,34.8679],[126.8114,34.8744],[126.8239,34.8711],[126.8444,34.8845],[126.8702,34.8907],[126.8761,34.8983],[126.8692,34.9185],[126.8724,34.9311],[126.8665,34.9396],[126.8784,34.9498],[126.8822,34.9603],[126.8768,34.9668],[126.8923,34.9832],[126.8947,34.9928],[126.8843,35.0032],[126.8681,35.0096],[126.8743,35.0189],[126.8825,35.0215],[126.8821,35.0319],[126.8905,35.038],[126.8913,35.0496],[126.899,35.0542],[126.892,35.078],[126.8854,35.0816],[126.8717,35.0743],[126.8556,35.0784],[126.8441,35.0654],[126.8223,35.0603],[126.8185,35.0527],[126.8049,35.0516],[126.7949,35.0611],[126.7744,35.0527],[126.7675,35.0557],[126.7663,35.0639],[126.7567,35.0582],[126.7532,35.0648],[126.7713,35.0702],[126.7619,35.091],[126.754,35.0926],[126.7324,35.1129],[126.7284,35.1074],[126.7054,35.113],[126.696,35.1075],[126.6849,35.112],[126.6844,35.1076],[126.6694,35.1046],[126.6691,35.1113],[126.6552,35.1149],[126.6462,35.098],[126.6232,35.0869],[126.6047,35.0992],[126.5954,35.0987],[126.5876,35.055],[126.5946,35.028],[126.5858,35.0152],[126.5988,35.0125],[126.592,34.9963],[126.5991,34.997],[126.5879,34.9896],[126.5784,34.9748],[126.5708,34.9742],[126.5605,34.9886],[126.5445,34.9813],[126.5292,34.9496],[126.5424,34.9199],[126.5357,34.918],[126.5248,34.9287],[126.5134,34.9222],[126.5258,34.9042],[126.5599,34.8692],[126.5709,34.8787],[126.5722,34.8926],[126.58,34.8959],[126.58,34.9053],[126.5732,34.9078],[126.5745,34.9151],[126.5814,34.9196],[126.5958,34.9152],[126.5938,34.9246],[126.6029,34.9234],[126.6002,34.9283],[126.6049,34.9301],[126.6123,34.9226],[126.6186,34.926],[126.624,34.922],[126.6214,34.9194],[126.6289,34.9212],[126.6349,34.9056],[126.6347,34.8979],[126.6287,34.899],[126.6315,34.8888],[126.65,34.8886],[126.6516,34.8935],[126.6612,34.8935],[126.6754,34.8821],[126.6749,34.8927],[126.6822,34.8944],[126.6774,34.9098],[126.6733,34.9109],[126.6765,34.9169],[126.663,34.9274],[126.6621,34.9338],[126.6691,34.9451],[126.6763,34.9462],[126.6992,34.9404],[126.7065,34.9253],[126.7158,34.9177],[126.7118,34.907],[126.7252,34.8895],[126.7437,34.8981],[126.763,34.899]]]}},{"type":"Feature","properties":{"gid":"KOR.14.17_2","provZh":"全罗南道","name2":"Sinan","type2":"Gun","engtype2":"County"},"geometry":{"type":"MultiPolygon","coordinates":[[[[125.1016,34.0952],[125.097,34.0962],[125.0946,34.0741],[125.0858,34.0741],[125.1109,34.065],[125.1217,34.0476],[125.1259,34.0513],[125.129,34.0496],[125.1246,34.0476],[125.1441,34.0509],[125.1206,34.0742],[125.1231,34.0873],[125.1156,34.0865],[125.1113,34.0942],[125.1016,34.0952]]],[[[125.4736,34.2117],[125.4665,34.2122],[125.4663,34.2027],[125.4705,34.2071],[125.4825,34.2033],[125.4719,34.2082],[125.4736,34.2117]]],[[[125.2907,34.3943],[125.2825,34.4035],[125.2967,34.3798],[125.3005,34.3867],[125.308,34.3819],[125.3124,34.3857],[125.3004,34.3959],[125.2969,34.3911],[125.2907,34.3943]]],[[[125.2896,34.4246],[125.2826,34.4317],[125.2767,34.4292],[125.2836,34.4228],[125.281,34.4189],[125.2896,34.4246]]],[[[125.2944,34.44],[125.2939,34.4514],[125.2906,34.4516],[125.2771,34.4354],[125.2944,34.44]]],[[[125.8898,34.5666],[125.881,34.5628],[125.8904,34.5629],[125.8898,34.5666]]],[[[125.3045,34.4667],[125.3005,34.4689],[125.3021,34.4639],[125.3045,34.4667]]],[[[125.4652,34.6561],[125.4657,34.651],[125.4609,34.652],[125.4558,34.6472],[125.4605,34.6457],[125.4557,34.6443],[125.4651,34.6379],[125.4776,34.6495],[125.4766,34.654],[125.4652,34.6561]]],[[[125.4252,34.6967],[125.4121,34.6969],[125.4067,34.6904],[125.4092,34.6826],[125.3975,34.6744],[125.3973,34.6619],[125.3867,34.6573],[125.3991,34.6486],[125.3846,34.6434],[125.4013,34.6251],[125.4117,34.6247],[125.4115,34.6432],[125.4276,34.6457],[125.4226,34.6603],[125.438,34.6613],[125.4361,34.6648],[125.4427,34.667],[125.4393,34.6718],[125.4445,34.6715],[125.4439,34.6812],[125.4542,34.6861],[125.4579,34.6809],[125.4641,34.6873],[125.4615,34.6934],[125.4542,34.6955],[125.4517,34.6894],[125.4441,34.6946],[125.4452,34.686],[125.441,34.6835],[125.4292,34.6849],[125.4272,34.6902],[125.4318,34.696],[125.4252,34.6967]]],[[[125.8816,34.6095],[125.8734,34.6161],[125.8781,34.606],[125.8924,34.598],[125.8869,34.6094],[125.8816,34.6095]]],[[[125.8533,34.6194],[125.8581,34.6226],[125.8547,34.6305],[125.8217,34.6141],[125.8113,34.6219],[125.8025,34.6207],[125.8148,34.6165],[125.8139,34.6105],[125.8281,34.6086],[125.8234,34.6028],[125.811,34.6027],[125.8114,34.5966],[125.8182,34.5933],[125.8265,34.6014],[125.8419,34.5971],[125.8611,34.6043],[125.8584,34.6186],[125.8533,34.6194]]],[[[125.8954,34.6527],[125.8843,34.6539],[125.8884,34.6503],[125.8954,34.6527]]],[[[125.3923,34.6956],[125.3878,34.6976],[125.3916,34.6924],[125.3804,34.6814],[125.3611,34.6758],[125.3634,34.6698],[125.37,34.6665],[125.3793,34.68],[125.3961,34.6917],[125.3923,34.6956]]],[[[125.2113,34.7062],[125.2124,34.7142],[125.2087,34.7165],[125.2008,34.7106],[125.1919,34.6863],[125.1836,34.6882],[125.1785,34.6819],[125.1823,34.6673],[125.1868,34.6671],[125.1877,34.675],[125.193,34.6738],[125.1932,34.684],[125.2003,34.6814],[125.2066,34.6853],[125.2137,34.7026],[125.2113,34.7062]]],[[[125.4412,34.6993],[125.4365,34.6971],[125.4424,34.6959],[125.4412,34.6993]]],[[[125.9694,34.6399],[125.9597,34.6449],[125.9549,34.6372],[125.9491,34.64],[125.9464,34.6348],[125.9561,34.6235],[125.9649,34.6287],[125.971,34.6195],[125.9767,34.6191],[125.9795,34.6252],[125.9694,34.6399]]],[[[125.9432,34.6319],[125.941,34.6357],[125.9387,34.633],[125.9432,34.6319]]],[[[125.9678,34.7311],[125.9613,34.7374],[125.9478,34.7223],[125.9466,34.7147],[125.9157,34.711],[125.914,34.6876],[125.9189,34.688],[125.9166,34.678],[125.9225,34.6794],[125.9206,34.6715],[125.9245,34.6703],[125.9271,34.6787],[125.9329,34.6792],[125.9393,34.6655],[125.9548,34.6725],[125.9537,34.6586],[125.9652,34.6563],[125.9798,34.664],[125.9797,34.6731],[126.0078,34.6852],[126.0136,34.7031],[125.9997,34.7031],[125.9907,34.7114],[125.9906,34.7193],[125.982,34.7221],[125.979,34.7158],[125.9678,34.7311]]],[[[126.0016,34.7117],[125.9979,34.7135],[126.0039,34.7094],[126.0016,34.7117]]],[[[125.9947,34.7308],[125.9913,34.7301],[125.9947,34.7261],[125.9947,34.7308]]],[[[126.0286,34.7594],[126.017,34.7662],[126.0222,34.7535],[126.0119,34.7447],[126.0189,34.7236],[126.0281,34.723],[126.0311,34.7276],[126.0248,34.7451],[126.0185,34.7465],[126.0286,34.7594]]],[[[125.9042,34.7154],[125.9009,34.7157],[125.9057,34.7079],[125.9042,34.7154]]],[[[125.4649,34.7025],[125.4622,34.7046],[125.4675,34.6969],[125.4649,34.7025]]],[[[125.4091,34.7156],[125.407,34.7198],[125.4043,34.7172],[125.4091,34.7156]]],[[[125.4601,34.7408],[125.4547,34.7424],[125.4641,34.7313],[125.454,34.7308],[125.4544,34.7253],[125.4505,34.7244],[125.4637,34.7145],[125.4656,34.7225],[125.4607,34.725],[125.4771,34.7297],[125.4601,34.7408]]],[[[125.4491,34.7398],[125.4369,34.7412],[125.4408,34.7328],[125.4492,34.7331],[125.4428,34.7362],[125.4491,34.7398]]],[[[125.4346,34.7505],[125.4265,34.7571],[125.4332,34.7477],[125.438,34.749],[125.4346,34.7505]]],[[[125.4393,34.762],[125.4339,34.7657],[125.4342,34.7601],[125.4393,34.762]]],[[[125.443,34.7663],[125.4395,34.7636],[125.4422,34.7599],[125.443,34.7663]]],[[[126.0264,34.6344],[126.0156,34.6353],[126.0096,34.6285],[126.0168,34.6181],[126.0111,34.5964],[126.0196,34.6004],[126.0267,34.5926],[126.0145,34.5855],[126.022,34.5743],[126.018,34.5719],[126.019,34.5645],[126.0294,34.5654],[126.0337,34.5723],[126.0559,34.5682],[126.0644,34.5832],[126.0599,34.5949],[126.0549,34.6045],[126.0455,34.6019],[126.0332,34.6111],[126.0386,34.6176],[126.0395,34.63],[126.0264,34.6344]]],[[[126.0629,34.6275],[126.0503,34.629],[126.0473,34.6101],[126.0598,34.6122],[126.0746,34.5841],[126.087,34.5844],[126.0712,34.5723],[126.0639,34.5593],[126.0436,34.5653],[126.0308,34.5612],[126.0277,34.5526],[126.0343,34.5518],[126.0386,34.5581],[126.0535,34.5569],[126.0603,34.5549],[126.0571,34.5519],[126.0609,34.5487],[126.0458,34.5463],[126.0447,34.5376],[126.0294,34.5438],[126.0265,34.5368],[126.0312,34.531],[126.0403,34.5342],[126.0564,34.5306],[126.0631,34.5347],[126.0625,34.5401],[126.0741,34.5394],[126.0861,34.5461],[126.0832,34.5561],[126.0993,34.5523],[126.1021,34.5553],[126.0976,34.5664],[126.0919,34.5688],[126.0961,34.5744],[126.102,34.574],[126.0989,34.5802],[126.1048,34.579],[126.1027,34.5833],[126.1114,34.5886],[126.0985,34.5969],[126.1028,34.6058],[126.0879,34.6083],[126.0746,34.6256],[126.0629,34.6275]]],[[[126.0856,34.6344],[126.0805,34.6404],[126.0887,34.6297],[126.0856,34.6344]]],[[[126.0802,34.6346],[126.0761,34.6388],[126.0753,34.6339],[126.0802,34.6346]]],[[[126.0793,34.6851],[126.0793,34.6908],[126.0648,34.6842],[126.0657,34.6717],[126.0793,34.6851]]],[[[126.114,34.7068],[126.1119,34.7123],[126.1022,34.7117],[126.0941,34.7047],[126.1022,34.697],[126.114,34.7068]]],[[[125.9772,34.6035],[125.966,34.5966],[125.9571,34.5971],[125.9576,34.5936],[125.9729,34.5952],[125.974,34.5899],[125.9673,34.5879],[125.9707,34.5864],[125.9668,34.5802],[125.9695,34.5778],[125.9784,34.5799],[125.9751,34.5946],[125.9857,34.6013],[125.9751,34.5988],[125.9772,34.6035]]],[[[126.0058,34.6073],[125.9973,34.5979],[126.0066,34.5999],[126.0058,34.6073]]],[[[125.9999,34.6299],[125.9937,34.6224],[125.9986,34.618],[125.9889,34.6169],[125.9867,34.6088],[125.9936,34.6085],[125.9952,34.6144],[125.9991,34.6117],[125.9967,34.6062],[126.0091,34.6114],[126.0094,34.6202],[125.9999,34.6299]]],[[[126.0122,34.6449],[126.0063,34.6432],[126.0082,34.6399],[126.0024,34.6412],[126.0071,34.6345],[126.0185,34.6389],[126.0187,34.6429],[126.0122,34.6449]]],[[[126.0478,34.6689],[126.0423,34.6513],[126.048,34.6455],[126.0522,34.6531],[126.0465,34.6603],[126.0478,34.6689]]],[[[126.0381,34.6715],[126.0343,34.6729],[126.0339,34.6685],[126.0381,34.6715]]],[[[126.1496,34.5706],[126.1458,34.5653],[126.1509,34.5619],[126.1564,34.5666],[126.1496,34.5706]]],[[[126.1493,34.5812],[126.1367,34.5785],[126.1467,34.5755],[126.1493,34.5812]]],[[[126.1244,34.6215],[126.1082,34.6229],[126.111,34.6186],[126.124,34.6182],[126.1244,34.6215]]],[[[126.1843,34.6182],[126.1825,34.6111],[126.1862,34.6124],[126.1843,34.6182]]],[[[126.1604,34.669],[126.1498,34.672],[126.1341,34.6579],[126.1302,34.6603],[126.1275,34.6521],[126.1175,34.6535],[126.1141,34.6465],[126.1097,34.6487],[126.1103,34.6448],[126.1322,34.6417],[126.122,34.6293],[126.1291,34.6205],[126.122,34.6154],[126.1303,34.6133],[126.1516,34.6197],[126.1626,34.6281],[126.1739,34.6219],[126.181,34.6304],[126.2012,34.6354],[126.2003,34.6424],[126.1853,34.6378],[126.1877,34.6416],[126.1825,34.6443],[126.1872,34.6524],[126.1814,34.6581],[126.1742,34.656],[126.1749,34.6636],[126.1702,34.6619],[126.1604,34.669]]],[[[126.1473,34.6935],[126.1427,34.699],[126.1372,34.6911],[126.1448,34.6872],[126.1473,34.6935]]],[[[126.1945,34.7064],[126.1925,34.7093],[126.1811,34.6985],[126.1775,34.6881],[126.1602,34.6885],[126.1705,34.6796],[126.1861,34.685],[126.1893,34.6805],[126.1977,34.6872],[126.1927,34.6972],[126.2025,34.7004],[126.1945,34.7064]]],[[[126.1258,34.713],[126.121,34.7111],[126.1253,34.7039],[126.1365,34.7057],[126.1258,34.713]]],[[[126.1501,34.7108],[126.1456,34.7015],[126.1746,34.7008],[126.178,34.7064],[126.1765,34.7163],[126.1828,34.7237],[126.1758,34.7418],[126.1674,34.7471],[126.1737,34.7533],[126.1566,34.758],[126.1439,34.7519],[126.1352,34.7556],[126.1247,34.771],[126.1046,34.7665],[126.0887,34.7749],[126.0885,34.7671],[126.0822,34.7634],[126.0787,34.7678],[126.0644,34.7686],[126.0768,34.7638],[126.0819,34.7507],[126.0711,34.7416],[126.0706,34.735],[126.0813,34.7202],[126.075,34.7088],[126.0805,34.7062],[126.0829,34.7164],[126.0977,34.7207],[126.1103,34.7219],[126.1178,34.7148],[126.1242,34.7244],[126.137,34.7286],[126.142,34.7278],[126.1392,34.7213],[126.1474,34.7177],[126.1501,34.7108]]],[[[126.0545,34.7632],[126.0574,34.7712],[126.0391,34.7556],[126.0479,34.7574],[126.0597,34.7399],[126.061,34.7556],[126.0505,34.7575],[126.0545,34.7632]]],[[[126.0391,34.7826],[126.0275,34.779],[126.0387,34.7739],[126.0391,34.7826]]],[[[126.1596,34.8224],[126.1529,34.8108],[126.1466,34.8123],[126.1477,34.7975],[126.124,34.7978],[126.1184,34.7929],[126.0928,34.7887],[126.0855,34.7926],[126.0818,34.7884],[126.106,34.778],[126.1274,34.7805],[126.1354,34.7636],[126.1411,34.7609],[126.1641,34.7649],[126.1635,34.7795],[126.1573,34.7816],[126.1591,34.7875],[126.1674,34.7894],[126.172,34.7771],[126.1751,34.7851],[126.1675,34.7894],[126.1723,34.7941],[126.1688,34.7976],[126.1524,34.8014],[126.1536,34.8096],[126.1609,34.8155],[126.1596,34.8224]]],[[[126.1212,34.8856],[126.1216,34.8892],[126.1157,34.8856],[126.1212,34.8856]]],[[[125.9968,34.8056],[125.9735,34.8021],[125.9644,34.7874],[125.952,34.789],[125.9532,34.784],[125.9375,34.777],[125.9112,34.776],[125.9073,34.7824],[125.9,34.7803],[125.8977,34.7748],[125.9024,34.7716],[125.8895,34.7666],[125.8979,34.7604],[125.8909,34.759],[125.8959,34.7482],[125.8864,34.7401],[125.8892,34.7332],[125.8955,34.7316],[125.8928,34.7278],[125.9019,34.7276],[125.9053,34.7213],[125.9176,34.7169],[125.9363,34.7202],[125.9419,34.726],[125.9393,34.7315],[125.9416,34.7284],[125.9435,34.7345],[125.9498,34.7336],[125.9307,34.7541],[125.937,34.7484],[125.939,34.7546],[125.9487,34.7575],[125.9561,34.7535],[125.9543,34.7669],[125.9627,34.7622],[125.9575,34.7561],[125.961,34.7472],[125.9683,34.7588],[125.9771,34.7539],[125.9844,34.761],[125.9983,34.7617],[125.9988,34.7736],[125.9851,34.7745],[125.996,34.7808],[126.0005,34.7895],[125.9968,34.8056]]],[[[125.9713,34.8202],[125.9678,34.8195],[125.9696,34.8115],[125.9713,34.8202]]],[[[125.9148,34.7943],[125.9064,34.7906],[125.9104,34.7873],[125.9148,34.7943]]],[[[125.9317,35.0588],[125.929,35.0568],[125.9332,35.0548],[125.9317,35.0588]]],[[[125.9252,35.0663],[125.9213,35.0626],[125.9266,35.0615],[125.9252,35.0663]]],[[[125.9586,34.822],[125.9543,34.8204],[125.9546,34.8136],[125.9586,34.822]]],[[[125.9454,35.0635],[125.944,35.0565],[125.9491,35.0588],[125.9454,35.0635]]],[[[126.0196,34.9315],[126.0163,34.9313],[126.0198,34.9276],[126.0196,34.9315]]],[[[126.0181,35.1036],[126.0183,35.0991],[126.0102,35.0973],[126.0112,35.0891],[126.0271,35.0763],[126.0296,35.0891],[126.0181,35.1036]]],[[[125.9203,35.0776],[125.9233,35.0816],[125.9166,35.0851],[125.9203,35.0776]]],[[[125.8843,35.1384],[125.8786,35.1397],[125.8871,35.1318],[125.8851,35.1363],[125.8911,35.1352],[125.8843,35.1384]]],[[[125.9087,35.136],[125.9023,35.1418],[125.9031,35.1325],[125.9095,35.1312],[125.9087,35.136]]],[[[125.988,35.1053],[125.9777,35.1041],[125.9885,35.1009],[125.988,35.1053]]],[[[125.912,35.2057],[125.9124,35.2104],[125.9053,35.2098],[125.912,35.2057]]],[[[126.1998,34.5821],[126.1893,34.5761],[126.196,34.574],[126.1998,34.5821]]],[[[126.2026,34.6249],[126.1948,34.6256],[126.2131,34.6174],[126.2189,34.6247],[126.2026,34.6249]]],[[[126.2213,34.8513],[126.2148,34.8506],[126.2191,34.8475],[126.2213,34.8513]]],[[[126.3727,34.8657],[126.3705,34.8679],[126.3696,34.8627],[126.3727,34.8657]]],[[[126.2937,34.8523],[126.3125,34.8532],[126.3162,34.8463],[126.3291,34.8511],[126.337,34.8394],[126.3438,34.8421],[126.3451,34.834],[126.3373,34.8337],[126.3349,34.8255],[126.3268,34.8244],[126.3382,34.8163],[126.3547,34.8151],[126.3673,34.8241],[126.3657,34.8315],[126.3731,34.833],[126.3712,34.8387],[126.3653,34.8365],[126.3715,34.8432],[126.3688,34.8554],[126.357,34.8637],[126.3248,34.8613],[126.3145,34.8666],[126.3257,34.8728],[126.3132,34.8777],[126.317,34.8829],[126.3296,34.8794],[126.3264,34.8917],[126.3353,34.8868],[126.337,34.8935],[126.3452,34.8945],[126.3494,34.8872],[126.3505,34.8987],[126.3407,34.9016],[126.3359,34.9092],[126.3245,34.9117],[126.3131,34.9079],[126.3041,34.9139],[126.3054,34.9203],[126.2967,34.922],[126.2805,34.9098],[126.2951,34.9015],[126.3034,34.8871],[126.2926,34.8813],[126.2811,34.8871],[126.2794,34.8634],[126.2738,34.8641],[126.2701,34.8729],[126.265,34.8603],[126.2598,34.8582],[126.2418,34.8591],[126.233,34.8647],[126.2259,34.8496],[126.2628,34.8397],[126.2765,34.8557],[126.2937,34.8523]]],[[[126.3721,34.8758],[126.3621,34.875],[126.3579,34.8653],[126.3668,34.866],[126.3788,34.8784],[126.3721,34.8758]]],[[[126.1898,34.7301],[126.1859,34.7301],[126.1889,34.7261],[126.1898,34.7301]]],[[[126.169,34.8838],[126.1647,34.8843],[126.1678,34.8751],[126.169,34.8838]]],[[[126.1798,34.9031],[126.1752,34.9009],[126.1805,34.8925],[126.1758,34.8882],[126.1767,34.8814],[126.1896,34.8947],[126.1798,34.9031]]],[[[126.1613,34.9595],[126.1566,34.9552],[126.1614,34.9465],[126.1571,34.9382],[126.1686,34.9452],[126.1613,34.9595]]],[[[126.3498,34.8809],[126.3482,34.8837],[126.3493,34.8745],[126.3498,34.8809]]],[[[126.3547,34.9074],[126.3519,34.9109],[126.3438,34.907],[126.351,34.9007],[126.3547,34.9074]]],[[[126.2477,34.935],[126.2489,34.9408],[126.2386,34.9328],[126.2275,34.9375],[126.2202,34.9183],[126.2344,34.9095],[126.2459,34.9171],[126.2552,34.9135],[126.2513,34.9202],[126.2539,34.9333],[126.2477,34.935]]],[[[126.2517,34.9463],[126.2498,34.942],[126.2558,34.9449],[126.2523,34.9515],[126.2517,34.9463]]],[[[126.2469,34.9545],[126.2387,34.9579],[126.2302,34.9511],[126.2434,34.9446],[126.2477,34.9472],[126.2469,34.9545]]],[[[126.1921,34.9288],[126.1948,34.9211],[126.1992,34.9299],[126.208,34.9279],[126.2015,34.9367],[126.2101,34.9416],[126.205,34.9474],[126.2072,34.9564],[126.2146,34.9553],[126.2159,34.985],[126.2115,34.9809],[126.2056,34.9843],[126.2047,34.9811],[126.2117,34.9802],[126.1955,34.9643],[126.2071,34.9563],[126.2048,34.9472],[126.1945,34.9504],[126.1887,34.9465],[126.2014,34.9387],[126.1954,34.9345],[126.1993,34.9322],[126.197,34.9274],[126.1921,34.9288]]],[[[126.2825,34.9638],[126.2735,34.97],[126.2638,34.9687],[126.2648,34.9638],[126.2581,34.9623],[126.2584,34.9574],[126.2629,34.952],[126.2716,34.9569],[126.2767,34.9478],[126.2872,34.9422],[126.2821,34.9349],[126.2957,34.9338],[126.2997,34.9388],[126.2949,34.9499],[126.2885,34.9627],[126.2825,34.9638]]],[[[126.2488,35.0068],[126.2528,34.9977],[126.2505,34.9824],[126.2445,34.9754],[126.2706,34.9761],[126.2674,34.9864],[126.2705,34.9923],[126.2653,34.9945],[126.2643,35.0027],[126.2488,35.0068]]],[[[126.2326,35.0006],[126.2267,35.0011],[126.2262,34.9964],[126.2326,35.0006]]],[[[126.1997,35.011],[126.1955,35.0063],[126.2011,35.0063],[126.1997,35.011]]],[[[126.2054,35.0536],[126.2022,35.0586],[126.1941,35.0561],[126.2059,35.0395],[126.21,35.0454],[126.2054,35.0536]]],[[[126.2477,35.0886],[126.2483,35.0971],[126.2179,35.1066],[126.2097,35.1029],[126.1904,35.1126],[126.1593,35.0988],[126.157,35.0906],[126.1654,35.0831],[126.1596,35.072],[126.1616,35.0667],[126.1682,35.0723],[126.1727,35.0636],[126.1792,35.0666],[126.1825,35.0578],[126.1988,35.063],[126.2091,35.0535],[126.2226,35.0579],[126.2327,35.053],[126.2352,35.0444],[126.2277,35.0381],[126.2318,35.0261],[126.2273,35.0198],[126.2389,35.0183],[126.244,35.0272],[126.25,35.0118],[126.2561,35.013],[126.2745,35.0345],[126.2607,35.0498],[126.261,35.0655],[126.2451,35.076],[126.2477,35.0886]]],[[[126.1159,34.882],[126.1085,34.8793],[126.1104,34.8647],[126.1202,34.8577],[126.1152,34.8507],[126.0826,34.8592],[126.0744,34.851],[126.0596,34.8477],[126.0799,34.819],[126.0664,34.8131],[126.0481,34.828],[126.043,34.8258],[126.0472,34.8155],[126.0648,34.8091],[126.0753,34.7944],[126.0796,34.7983],[126.0713,34.8133],[126.0801,34.8189],[126.0906,34.8151],[126.0964,34.806],[126.0913,34.8016],[126.094,34.7971],[126.1185,34.8003],[126.1229,34.8125],[126.1146,34.8261],[126.1202,34.8341],[126.1417,34.8272],[126.1397,34.8356],[126.149,34.8398],[126.1491,34.8467],[126.1347,34.8529],[126.1327,34.8599],[126.157,34.8606],[126.1571,34.8663],[126.1479,34.8719],[126.1438,34.881],[126.1379,34.8751],[126.1307,34.8759],[126.1307,34.8805],[126.1159,34.882]]],[[[126.0627,34.9343],[126.0564,34.9387],[126.0615,34.9213],[126.0546,34.9122],[126.041,34.9109],[126.0402,34.9189],[126.0347,34.9196],[126.0375,34.9148],[126.0319,34.9091],[126.0228,34.907],[126.0136,34.9119],[126.0084,34.8978],[126.0001,34.8871],[125.9947,34.887],[125.9902,34.8767],[125.969,34.8763],[125.9675,34.8729],[125.9795,34.8733],[125.9824,34.8673],[125.9774,34.8642],[125.9983,34.8653],[126.008,34.8592],[126.0251,34.8722],[126.0202,34.8618],[126.0323,34.8584],[126.0424,34.8445],[126.0473,34.8454],[126.0442,34.8485],[126.05,34.855],[126.0689,34.8584],[126.0685,34.8642],[126.0844,34.8642],[126.0788,34.8812],[126.0858,34.8757],[126.0953,34.8765],[126.0935,34.8835],[126.099,34.8895],[126.0836,34.8956],[126.0986,34.9098],[126.084,34.9114],[126.083,34.9155],[126.0909,34.9225],[126.0792,34.9199],[126.0745,34.9243],[126.0788,34.9313],[126.0684,34.9368],[126.0627,34.9343]]],[[[126.1117,34.8865],[126.1075,34.8894],[126.1054,34.8854],[126.1117,34.8865]]],[[[126.0569,35.0771],[126.0549,35.0677],[126.0386,35.0706],[126.0377,35.0656],[126.0572,35.0637],[126.0605,35.0611],[126.0578,35.0567],[126.0629,35.0555],[126.0604,35.0683],[126.0773,35.0696],[126.0741,35.0595],[126.1013,35.048],[126.1024,35.0569],[126.1175,35.0609],[126.1089,35.0696],[126.1224,35.0771],[126.1021,35.088],[126.1235,35.0815],[126.1196,35.0851],[126.1223,35.0917],[126.1164,35.0967],[126.1172,35.1159],[126.1244,35.1347],[126.1406,35.1359],[126.148,35.1439],[126.1639,35.1458],[126.1471,35.1462],[126.1429,35.1407],[126.114,35.1433],[126.1118,35.1336],[126.0808,35.1075],[126.049,35.1028],[126.056,35.0958],[126.0422,35.0846],[126.0447,35.0798],[126.0569,35.0771]]],[[[126.1665,34.9693],[126.1635,34.9629],[126.1799,34.9749],[126.178,34.9965],[126.1619,35.0104],[126.1655,35.0206],[126.1603,35.018],[126.1542,35.0228],[126.1277,35.0266],[126.1236,35.0178],[126.1148,35.0179],[126.1131,35.0089],[126.0988,35.005],[126.106,34.9967],[126.1329,35.0016],[126.1452,34.9886],[126.1347,34.9914],[126.1364,34.9664],[126.1237,34.9472],[126.1347,34.9489],[126.1439,34.9564],[126.1441,34.9688],[126.1665,34.9693]]],[[[126.1543,35.056],[126.1375,35.0576],[126.1283,35.0483],[126.1366,35.0474],[126.1345,35.042],[126.1439,35.0399],[126.1487,35.0335],[126.1671,35.0338],[126.1702,35.0245],[126.1826,35.0272],[126.1933,35.0172],[126.1902,35.0075],[126.1955,35.0102],[126.195,35.028],[126.2007,35.039],[126.1938,35.0445],[126.1858,35.0424],[126.1803,35.052],[126.1543,35.056]]],[[[126.1479,35.0763],[126.1456,35.0783],[126.1496,35.0731],[126.1479,35.0763]]],[[[126.0491,35.1101],[126.048,35.116],[126.0421,35.113],[126.0501,35.1069],[126.0491,35.1101]]],[[[126.1337,35.0932],[126.1301,35.0836],[126.1466,35.0838],[126.144,35.0932],[126.1337,35.0932]]],[[[126.1975,35.1388],[126.2023,35.1395],[126.2011,35.1478],[126.1832,35.1426],[126.1856,35.1367],[126.1818,35.1301],[126.1975,35.1388]]],[[[126.2069,35.1181],[126.2052,35.1215],[126.1998,35.1149],[126.2075,35.1113],[126.2069,35.1181]]],[[[126.2056,35.1238],[126.2089,35.1261],[126.2001,35.1282],[126.2056,35.1238]]]]}},{"type":"Feature","properties":{"gid":"KOR.14.18_2","provZh":"全罗南道","name2":"Suncheon","type2":"Si","engtype2":"City"},"geometry":{"type":"Polygon","coordinates":[[[127.4038,34.8425],[127.424,34.832],[127.4392,34.8461],[127.4364,34.8419],[127.4399,34.8365],[127.467,34.8447],[127.486,34.8417],[127.4922,34.8476],[127.4901,34.8573],[127.4944,34.8632],[127.4902,34.8744],[127.5128,34.8732],[127.5179,34.8787],[127.5259,34.8452],[127.5398,34.8416],[127.5508,34.8631],[127.5413,34.8678],[127.5355,34.8781],[127.5384,34.8829],[127.5494,34.8895],[127.5676,34.8851],[127.5863,34.8875],[127.5922,34.8827],[127.5875,34.8876],[127.5937,34.8901],[127.591,34.894],[127.5947,34.8969],[127.5898,34.9169],[127.5768,34.9199],[127.5781,34.9409],[127.569,34.9402],[127.5576,34.9463],[127.5587,34.9534],[127.5478,34.9591],[127.5462,34.9713],[127.5575,34.978],[127.5497,34.9873],[127.5582,34.9979],[127.5678,35.0016],[127.5581,35.0157],[127.5575,35.0356],[127.5368,35.0501],[127.5261,35.0661],[127.5319,35.0841],[127.529,35.0948],[127.5351,35.1054],[127.5319,35.1125],[127.5187,35.1258],[127.4961,35.1276],[127.498,35.1336],[127.4813,35.1522],[127.4454,35.1687],[127.4151,35.1891],[127.4096,35.1881],[127.4068,35.1799],[127.4116,35.1686],[127.4104,35.1464],[127.3956,35.1287],[127.3868,35.126],[127.3759,35.101],[127.359,35.0964],[127.3447,35.0984],[127.3371,35.0925],[127.3359,35.0782],[127.3226,35.0695],[127.3005,35.0762],[127.2922,35.0865],[127.2822,35.0848],[127.2793,35.0912],[127.2614,35.082],[127.26,35.0969],[127.2463,35.1102],[127.2458,35.1019],[127.2418,35.1016],[127.2417,35.1081],[127.2322,35.1154],[127.2195,35.1185],[127.2189,35.1296],[127.2138,35.1328],[127.1922,35.1301],[127.1881,35.1227],[127.1905,35.1102],[127.1817,35.095],[127.1859,35.0923],[127.1856,35.0692],[127.1924,35.064],[127.1839,35.0487],[127.1877,35.0124],[127.1775,35.0057],[127.1749,34.9886],[127.1792,34.9851],[127.1748,34.9781],[127.1891,34.9679],[127.1888,34.981],[127.1982,34.9875],[127.209,34.973],[127.2037,34.9675],[127.2106,34.9582],[127.2212,34.9554],[127.2238,34.9399],[127.2315,34.9366],[127.2404,34.9211],[127.232,34.9176],[127.227,34.8955],[127.2525,34.8841],[127.2626,34.8921],[127.2739,34.8901],[127.2919,34.9017],[127.3065,34.903],[127.3248,34.8825],[127.3359,34.8898],[127.3388,34.8682],[127.3564,34.8642],[127.3668,34.8677],[127.379,34.8524],[127.3808,34.8428],[127.4038,34.8425]]]}},{"type":"Feature","properties":{"gid":"KOR.14.19_2","provZh":"全罗南道","name2":"Wando","type2":"Gun","engtype2":"County"},"geometry":{"type":"MultiPolygon","coordinates":[[[[126.9246,33.9889],[126.9101,33.9841],[126.9128,33.9719],[126.9346,33.9686],[126.9339,33.9837],[126.9246,33.9889]]],[[[126.8921,34.2168],[126.8762,34.2131],[126.871,34.204],[126.8573,34.1993],[126.8615,34.1945],[126.8529,34.1856],[126.8576,34.1777],[126.8471,34.1743],[126.8511,34.1688],[126.8554,34.1732],[126.8595,34.1706],[126.8484,34.1628],[126.8565,34.1505],[126.8649,34.1659],[126.8707,34.1658],[126.8813,34.1497],[126.8949,34.1545],[126.9087,34.1514],[126.9179,34.1583],[126.9248,34.1751],[126.9209,34.1855],[126.9285,34.1896],[126.9083,34.1833],[126.9117,34.1946],[126.9036,34.202],[126.9118,34.2063],[126.9104,34.2127],[126.8969,34.2121],[126.8921,34.2168]]],[[[126.865,34.2864],[126.868,34.282],[126.8643,34.2902],[126.865,34.2864]]],[[[126.6538,34.1988],[126.6462,34.1981],[126.6482,34.1925],[126.6429,34.1865],[126.6333,34.188],[126.6415,34.1842],[126.6354,34.1797],[126.6521,34.1701],[126.6278,34.1456],[126.6335,34.1422],[126.6312,34.1378],[126.6376,34.1225],[126.6498,34.1304],[126.6532,34.1182],[126.6501,34.115],[126.6599,34.111],[126.6695,34.121],[126.6663,34.127],[126.6724,34.131],[126.6687,34.1432],[126.6803,34.1395],[126.6829,34.1486],[126.6788,34.1513],[126.6701,34.1475],[126.6684,34.1617],[126.6575,34.164],[126.656,34.1717],[126.679,34.1756],[126.6847,34.1816],[126.6538,34.1988]]],[[[126.8498,34.1919],[126.8438,34.1916],[126.848,34.1884],[126.8498,34.1919]]],[[[126.7695,34.2031],[126.7634,34.2115],[126.7518,34.2016],[126.7497,34.1874],[126.7602,34.1771],[126.7642,34.1887],[126.7697,34.1903],[126.7695,34.2031]]],[[[126.8524,34.2047],[126.8447,34.2035],[126.8593,34.2029],[126.8524,34.2047]]],[[[126.7779,34.2239],[126.7692,34.2295],[126.7714,34.2227],[126.7779,34.2239]]],[[[126.9874,34.3371],[126.9793,34.3406],[126.9583,34.3285],[126.9609,34.3079],[126.9663,34.3116],[126.9734,34.3009],[126.978,34.3063],[126.9925,34.3054],[126.9924,34.3118],[127.0162,34.3237],[127.0032,34.3378],[126.9976,34.3384],[126.9971,34.3336],[126.9955,34.3377],[126.9874,34.3371]]],[[[127.1767,34.2092],[127.1507,34.206],[127.1674,34.2016],[127.1767,34.2092]]],[[[127.0136,34.2236],[127.0034,34.223],[127.0074,34.2199],[127.0136,34.2236]]],[[[127.0183,34.2538],[127.0116,34.258],[127.0086,34.2552],[127.0155,34.2398],[127.0198,34.245],[127.0183,34.2538]]],[[[127.2012,34.2205],[127.1981,34.2239],[127.1932,34.2186],[127.2012,34.2205]]],[[[127.1324,34.3013],[127.1276,34.3055],[127.1209,34.3027],[127.1324,34.3013]]],[[[127.1031,34.3106],[127.1006,34.313],[127.0947,34.3039],[127.1026,34.304],[127.1031,34.3106]]],[[[127.1331,34.315],[127.1246,34.3146],[127.1357,34.3099],[127.1331,34.315]]],[[[127.089,34.3295],[127.0781,34.3268],[127.0888,34.3201],[127.089,34.3295]]],[[[127.0321,34.3405],[127.0288,34.3335],[127.0331,34.3317],[127.0419,34.3412],[127.0508,34.341],[127.0538,34.3363],[127.0508,34.3286],[127.0368,34.3254],[127.0421,34.3083],[127.0426,34.3167],[127.0505,34.3246],[127.0559,34.3233],[127.0566,34.3303],[127.0771,34.3324],[127.0786,34.3374],[127.062,34.3407],[127.0675,34.3473],[127.0867,34.3432],[127.0938,34.3356],[127.101,34.338],[127.0828,34.3511],[127.0855,34.3573],[127.076,34.358],[127.0761,34.3616],[127.0449,34.3511],[127.0418,34.3627],[127.0452,34.3682],[127.0322,34.3747],[127.0299,34.3808],[127.0287,34.3724],[127.014,34.3773],[127.0117,34.3729],[127.0171,34.3687],[127.0077,34.3667],[127.0114,34.3639],[127.0069,34.3569],[126.9863,34.3605],[127.0073,34.3493],[127.0128,34.3555],[127.0194,34.3533],[127.0321,34.3405]]],[[[127.0934,34.392],[127.0726,34.3854],[127.079,34.3823],[127.0689,34.3712],[127.0911,34.3773],[127.088,34.3817],[127.0957,34.3856],[127.0934,34.392]]],[[[127.052,34.3899],[127.0456,34.3957],[127.0338,34.3878],[127.0483,34.385],[127.052,34.3899]]],[[[127.0341,34.4085],[127.0311,34.4033],[127.0363,34.4011],[127.0341,34.4085]]],[[[127.0854,34.4202],[127.0786,34.4265],[127.0767,34.4115],[127.0824,34.4064],[127.0782,34.4146],[127.0835,34.4143],[127.0854,34.4202]]],[[[127.046,34.4593],[127.0223,34.455],[127.0342,34.4496],[127.037,34.424],[127.0467,34.415],[127.0525,34.4169],[127.0487,34.4264],[127.0516,34.4298],[127.0614,34.4258],[127.058,34.418],[127.062,34.4017],[127.0666,34.4057],[127.066,34.4157],[127.0682,34.4116],[127.0728,34.4165],[127.0661,34.4211],[127.0758,34.4235],[127.0747,34.4291],[127.0649,34.4514],[127.0548,34.4585],[127.0591,34.4532],[127.0517,34.4511],[127.046,34.4593]]],[[[126.5962,34.1119],[126.5858,34.1136],[126.5905,34.1048],[126.5837,34.0988],[126.604,34.0974],[126.5962,34.1119]]],[[[126.57,34.1361],[126.5666,34.1282],[126.5724,34.1294],[126.57,34.1361]]],[[[126.5536,34.1757],[126.5395,34.182],[126.5045,34.1597],[126.5096,34.153],[126.5037,34.1484],[126.5093,34.1445],[126.5046,34.1386],[126.5144,34.1288],[126.5119,34.1221],[126.5431,34.1256],[126.5638,34.1353],[126.5652,34.1437],[126.5763,34.145],[126.5738,34.1494],[126.5802,34.1522],[126.579,34.1575],[126.5877,34.1568],[126.5897,34.1623],[126.5946,34.1614],[126.6041,34.146],[126.6032,34.1611],[126.6156,34.1485],[126.6207,34.1552],[126.6208,34.1646],[126.6099,34.1615],[126.5834,34.1699],[126.5727,34.1613],[126.5699,34.1698],[126.5552,34.1679],[126.5536,34.1757]]],[[[126.4809,34.1708],[126.476,34.1712],[126.4776,34.1638],[126.4809,34.1708]]],[[[126.5619,34.1755],[126.558,34.1718],[126.5666,34.1712],[126.5619,34.1755]]],[[[126.4863,34.1888],[126.4825,34.1927],[126.4715,34.1906],[126.4792,34.1772],[126.4863,34.1888]]],[[[126.5085,34.203],[126.5054,34.2048],[126.4944,34.1848],[126.4857,34.1791],[126.4915,34.1766],[126.5,34.187],[126.5103,34.1872],[126.5106,34.1937],[126.5183,34.1988],[126.5085,34.203]]],[[[126.547,34.2001],[126.5426,34.2056],[126.538,34.2002],[126.547,34.2001]]],[[[126.568,34.2342],[126.5532,34.2335],[126.5617,34.233],[126.5613,34.2256],[126.5673,34.2235],[126.5654,34.218],[126.5566,34.2182],[126.5545,34.2119],[126.5593,34.215],[126.5649,34.2119],[126.5533,34.2061],[126.5586,34.2029],[126.5566,34.1949],[126.547,34.1927],[126.5485,34.1893],[126.5623,34.1892],[126.5613,34.1789],[126.5877,34.1727],[126.5909,34.1734],[126.5837,34.181],[126.5867,34.191],[126.5983,34.1908],[126.5964,34.1836],[126.6009,34.1819],[126.6164,34.1832],[126.6029,34.1997],[126.6108,34.1964],[126.6249,34.2026],[126.6152,34.2156],[126.6076,34.2191],[126.6066,34.2244],[126.5954,34.2269],[126.589,34.2227],[126.5791,34.2283],[126.5725,34.2225],[126.5653,34.2299],[126.568,34.2342]]],[[[126.5163,34.2166],[126.5087,34.209],[126.5151,34.2087],[126.5163,34.2166]]],[[[126.4227,34.2251],[126.4188,34.2381],[126.4181,34.2231],[126.4227,34.2251]]],[[[126.6174,34.2497],[126.6093,34.2499],[126.6073,34.2441],[126.605,34.2493],[126.5998,34.2426],[126.5985,34.246],[126.5931,34.235],[126.6007,34.2326],[126.6087,34.2375],[126.6131,34.2331],[126.6177,34.2385],[126.6257,34.2378],[126.6174,34.2497]]],[[[126.5642,34.2466],[126.5613,34.2481],[126.5659,34.2415],[126.569,34.2456],[126.5642,34.2466]]],[[[126.5653,34.2821],[126.5415,34.2827],[126.5391,34.2784],[126.5528,34.2736],[126.5712,34.278],[126.5711,34.2821],[126.5653,34.2821]]],[[[126.477,34.2878],[126.4706,34.2879],[126.4658,34.2766],[126.477,34.2878]]],[[[126.5036,34.3143],[126.5038,34.319],[126.5005,34.316],[126.5036,34.3143]]],[[[126.6136,34.2923],[126.6093,34.2934],[126.6059,34.2823],[126.6101,34.2818],[126.6136,34.2923]]],[[[126.5911,34.3012],[126.5946,34.3048],[126.5808,34.2979],[126.5753,34.289],[126.5863,34.2944],[126.5897,34.289],[126.5935,34.2907],[126.5911,34.3012]]],[[[126.636,34.3995],[126.6239,34.4005],[126.6276,34.3947],[126.6392,34.3935],[126.6372,34.3874],[126.6447,34.3984],[126.636,34.3995]]],[[[126.8396,34.3143],[126.8368,34.3061],[126.8421,34.2989],[126.8665,34.3138],[126.8619,34.3196],[126.8659,34.3223],[126.8748,34.3137],[126.8718,34.3096],[126.8812,34.3102],[126.8862,34.3226],[126.8794,34.3262],[126.8806,34.3298],[126.8897,34.3345],[126.8949,34.3306],[126.8992,34.3422],[126.8917,34.3437],[126.8807,34.3363],[126.8754,34.3476],[126.866,34.3496],[126.8588,34.3438],[126.8561,34.3513],[126.848,34.3443],[126.8348,34.3587],[126.8187,34.3476],[126.8204,34.3392],[126.8157,34.3364],[126.8017,34.3336],[126.787,34.3461],[126.7781,34.3323],[126.7621,34.3384],[126.7517,34.3353],[126.7802,34.3281],[126.7927,34.3156],[126.7995,34.3241],[126.8161,34.3271],[126.8312,34.3249],[126.8396,34.3143]]],[[[126.7329,34.3718],[126.7289,34.3803],[126.7099,34.3942],[126.6864,34.4024],[126.6486,34.3941],[126.639,34.3821],[126.6458,34.3673],[126.6414,34.3617],[126.6491,34.3339],[126.6449,34.3292],[126.6534,34.3313],[126.6532,34.3266],[126.6695,34.3232],[126.6703,34.316],[126.6762,34.3161],[126.6827,34.3067],[126.679,34.3042],[126.6948,34.2925],[126.7027,34.2972],[126.7173,34.2971],[126.738,34.2866],[126.7319,34.3015],[126.7345,34.3047],[126.7482,34.2915],[126.7777,34.2876],[126.7616,34.3004],[126.7717,34.3112],[126.7685,34.3169],[126.7542,34.3158],[126.7484,34.3214],[126.7506,34.3264],[126.7357,34.3429],[126.7382,34.3484],[126.7317,34.3514],[126.7296,34.362],[126.7329,34.3718]]],[[[126.9133,34.3372],[126.9136,34.3402],[126.9085,34.3383],[126.9133,34.3372]]],[[[126.9503,34.402],[126.9433,34.4129],[126.9431,34.4031],[126.935,34.3917],[126.9208,34.3947],[126.9133,34.3913],[126.9082,34.4023],[126.9001,34.3979],[126.8959,34.4043],[126.8939,34.3959],[126.882,34.407],[126.8777,34.3994],[126.8722,34.4011],[126.874,34.4071],[126.8647,34.411],[126.8618,34.4067],[126.8716,34.4001],[126.872,34.3938],[126.8637,34.3734],[126.8885,34.3653],[126.8892,34.3586],[126.9083,34.3533],[126.9094,34.3589],[126.9174,34.3558],[126.9286,34.3703],[126.9479,34.3678],[126.9477,34.3774],[126.935,34.3837],[126.9416,34.3861],[126.9503,34.402]]],[[[126.7395,34.3987],[126.7332,34.4029],[126.7357,34.3939],[126.7427,34.3904],[126.7399,34.3971],[126.7451,34.3997],[126.7395,34.3987]]],[[[126.8331,34.4332],[126.8346,34.4437],[126.8193,34.4386],[126.8169,34.4337],[126.7887,34.4328],[126.7749,34.4226],[126.7639,34.4088],[126.7682,34.3989],[126.7582,34.3937],[126.7498,34.3801],[126.7794,34.382],[126.7666,34.3636],[126.7677,34.3574],[126.7808,34.3531],[126.7763,34.3573],[126.7819,34.3626],[126.7804,34.369],[126.7933,34.3823],[126.8046,34.3855],[126.8189,34.3822],[126.8234,34.387],[126.8301,34.3781],[126.8334,34.3842],[126.8471,34.3901],[126.8656,34.3898],[126.8642,34.3965],[126.8589,34.3965],[126.8573,34.4081],[126.8487,34.4065],[126.8533,34.413],[126.8502,34.4183],[126.8401,34.4106],[126.8241,34.4193],[126.8435,34.4206],[126.845,34.4306],[126.8331,34.4332]]],[[[126.9533,34.411],[126.954,34.416],[126.9495,34.4135],[126.9533,34.411]]],[[[126.713,34.4163],[126.7003,34.4136],[126.7154,34.4134],[126.7269,34.4064],[126.725,34.4128],[126.713,34.4163]]],[[[126.8743,34.4273],[126.869,34.4222],[126.8775,34.4136],[126.8743,34.4273]]],[[[126.862,34.4217],[126.8554,34.4238],[126.8573,34.419],[126.862,34.4217]]],[[[126.8554,34.4294],[126.851,34.4298],[126.8571,34.4254],[126.8554,34.4294]]]]}},{"type":"Feature","properties":{"gid":"KOR.14.20_2","provZh":"全罗南道","name2":"Yeongam","type2":"Gun","engtype2":"County"},"geometry":{"type":"Polygon","coordinates":[[[126.6115,34.6813],[126.6381,34.6739],[126.6475,34.6885],[126.6702,34.6909],[126.6753,34.7019],[126.6721,34.7068],[126.6815,34.713],[126.6807,34.7176],[126.6654,34.7223],[126.6568,34.7332],[126.7024,34.7659],[126.7141,34.7602],[126.7435,34.7568],[126.762,34.7706],[126.7697,34.7849],[126.7819,34.7864],[126.7841,34.7806],[126.7954,34.7813],[126.7929,34.7942],[126.801,34.8039],[126.8073,34.8282],[126.8446,34.8406],[126.8563,34.8551],[126.8584,34.8683],[126.8288,34.8678],[126.8114,34.8744],[126.8102,34.8694],[126.8031,34.8685],[126.7944,34.8779],[126.785,34.8796],[126.7842,34.8848],[126.7661,34.8995],[126.7437,34.8981],[126.7252,34.8895],[126.7118,34.907],[126.7158,34.9177],[126.7065,34.9253],[126.6992,34.9404],[126.6763,34.9462],[126.6688,34.9448],[126.6621,34.9328],[126.663,34.9274],[126.6765,34.9169],[126.6733,34.9109],[126.6774,34.9098],[126.6822,34.8944],[126.6749,34.8927],[126.6774,34.8836],[126.6725,34.8818],[126.6612,34.8935],[126.6323,34.8886],[126.6287,34.899],[126.6347,34.8979],[126.6349,34.9056],[126.6289,34.9212],[126.6214,34.9194],[126.624,34.922],[126.6186,34.926],[126.6123,34.9226],[126.6049,34.9301],[126.6002,34.9283],[126.6029,34.9234],[126.5938,34.9246],[126.5958,34.9152],[126.5814,34.9196],[126.5745,34.9151],[126.5732,34.9078],[126.58,34.9053],[126.58,34.8958],[126.5722,34.8926],[126.5709,34.8787],[126.5535,34.8632],[126.5431,34.8129],[126.5193,34.7956],[126.5178,34.7796],[126.5106,34.7705],[126.4946,34.7694],[126.4684,34.7899],[126.448,34.7921],[126.4452,34.789],[126.4492,34.7824],[126.3813,34.7688],[126.3803,34.7602],[126.3718,34.754],[126.3802,34.7579],[126.3804,34.7526],[126.3657,34.7512],[126.3693,34.7488],[126.3606,34.742],[126.3891,34.7314],[126.3883,34.7258],[126.3969,34.7348],[126.3959,34.7404],[126.4036,34.7381],[126.4038,34.7315],[126.398,34.7333],[126.4007,34.7316],[126.4238,34.728],[126.4194,34.7369],[126.4255,34.7442],[126.4396,34.7379],[126.4497,34.7437],[126.4531,34.737],[126.4499,34.7335],[126.4568,34.7281],[126.4644,34.737],[126.4782,34.739],[126.4629,34.7095],[126.5439,34.6578],[126.5498,34.664],[126.5541,34.6612],[126.5628,34.6669],[126.571,34.6782],[126.6016,34.6836],[126.6115,34.6813]]]}},{"type":"Feature","properties":{"gid":"KOR.14.21_2","provZh":"全罗南道","name2":"Yeonggwang","type2":"Gun","engtype2":"County"},"geometry":{"type":"MultiPolygon","coordinates":[[[[126.1563,35.2115],[126.1295,35.2002],[126.1244,35.2023],[126.1218,35.1898],[126.1303,35.1925],[126.1295,35.2001],[126.1473,35.2019],[126.1563,35.2115]]],[[[126.1018,35.2561],[126.0895,35.246],[126.0915,35.2431],[126.0994,35.245],[126.1018,35.2561]]],[[[126.1459,35.2949],[126.1403,35.2997],[126.1384,35.2899],[126.131,35.2854],[126.1428,35.2772],[126.1392,35.2735],[126.1427,35.2708],[126.1502,35.2716],[126.1542,35.2786],[126.1522,35.2908],[126.1459,35.2949]]],[[[126.2023,35.2957],[126.1988,35.2948],[126.2035,35.2925],[126.2023,35.2957]]],[[[126.0015,35.3312],[125.9982,35.3332],[125.9967,35.3242],[126.0025,35.3298],[126.0104,35.3281],[126.0068,35.3327],[126.0015,35.3312]]],[[[125.9961,35.3381],[125.985,35.3367],[125.9975,35.3349],[125.9961,35.3381]]],[[[126.0223,35.3635],[126.021,35.3564],[125.9958,35.3568],[126.0052,35.3492],[126.0082,35.3558],[126.023,35.3474],[126.0082,35.3449],[126.0124,35.3398],[126.0193,35.3405],[126.014,35.3317],[126.0311,35.3346],[126.0414,35.3464],[126.0223,35.3635]]],[[[126.2132,35.1871],[126.2052,35.1837],[126.2139,35.1838],[126.2132,35.1871]]],[[[126.4136,35.1868],[126.4353,35.1729],[126.4518,35.1868],[126.4681,35.1871],[126.4772,35.1936],[126.4977,35.1838],[126.5143,35.1876],[126.5331,35.1822],[126.5439,35.1878],[126.5612,35.1883],[126.5655,35.1987],[126.5805,35.1961],[126.5916,35.2251],[126.5921,35.232],[126.5833,35.2394],[126.5875,35.2461],[126.5848,35.2579],[126.6087,35.2702],[126.615,35.2788],[126.6174,35.2941],[126.6115,35.3004],[126.6187,35.3048],[126.6315,35.3025],[126.6448,35.3198],[126.6264,35.3214],[126.6042,35.3357],[126.5981,35.3301],[126.5835,35.3291],[126.5809,35.3173],[126.5894,35.3175],[126.5849,35.3008],[126.5727,35.3101],[126.5511,35.3137],[126.5323,35.3067],[126.5237,35.3148],[126.5206,35.3253],[126.5139,35.3275],[126.5205,35.3483],[126.5128,35.362],[126.4935,35.3504],[126.4974,35.3732],[126.4774,35.3862],[126.4906,35.3951],[126.4929,35.4092],[126.4797,35.4265],[126.4389,35.43],[126.4271,35.4264],[126.4232,35.4302],[126.4194,35.4265],[126.4099,35.4327],[126.4197,35.4259],[126.4069,35.4172],[126.4095,35.4132],[126.4029,35.4046],[126.4111,35.4056],[126.402,35.3961],[126.407,35.3926],[126.4073,35.382],[126.4284,35.3595],[126.4442,35.3577],[126.448,35.3486],[126.4431,35.3574],[126.4287,35.3579],[126.4217,35.3654],[126.4044,35.3629],[126.4035,35.369],[126.3972,35.3692],[126.3785,35.3276],[126.3781,35.3059],[126.3659,35.2923],[126.3657,35.2871],[126.3715,35.2843],[126.3394,35.286],[126.3296,35.28],[126.3249,35.2711],[126.3326,35.2681],[126.3472,35.2738],[126.3224,35.2631],[126.3284,35.244],[126.3126,35.2532],[126.3081,35.2509],[126.2968,35.2231],[126.2996,35.2108],[126.3143,35.21],[126.3159,35.2175],[126.315,35.2076],[126.3213,35.2039],[126.3355,35.2046],[126.3423,35.214],[126.3384,35.1909],[126.3768,35.2119],[126.3789,35.2087],[126.369,35.1981],[126.3725,35.1901],[126.3543,35.1841],[126.3604,35.1769],[126.3591,35.1689],[126.3703,35.1637],[126.3919,35.1796],[126.4001,35.1764],[126.4079,35.1864],[126.4136,35.1868]]],[[[126.0601,35.3682],[126.0545,35.3678],[126.0603,35.3649],[126.0601,35.3682]]],[[[126.0554,35.3751],[126.0414,35.3704],[126.0467,35.3678],[126.0577,35.3725],[126.0554,35.3751]]]]}},{"type":"Feature","properties":{"gid":"KOR.14.22_2","provZh":"全罗南道","name2":"Yeosu","type2":"Si","engtype2":"City"},"geometry":{"type":"MultiPolygon","coordinates":[[[[127.3141,34.0296],[127.3084,34.0283],[127.3093,34.0239],[127.3243,34.0252],[127.3141,34.0296]]],[[[127.2959,34.0622],[127.2913,34.0628],[127.2947,34.0553],[127.2862,34.0587],[127.2754,34.053],[127.2824,34.0509],[127.281,34.0355],[127.2888,34.0331],[127.2947,34.0143],[127.3171,34.0127],[127.3231,34.0059],[127.3245,34.0152],[127.305,34.0187],[127.3049,34.0289],[127.2967,34.0323],[127.2923,34.048],[127.2992,34.057],[127.2959,34.0622]]],[[[127.3074,34.0626],[127.3033,34.0583],[127.3141,34.0447],[127.3095,34.0327],[127.3147,34.0403],[127.3336,34.0343],[127.3321,34.0416],[127.3243,34.0458],[127.3234,34.0572],[127.3092,34.0581],[127.3074,34.0626]]],[[[127.3974,34.0582],[127.3848,34.0615],[127.3876,34.0552],[127.3974,34.0582]]],[[[127.3565,34.1794],[127.351,34.1748],[127.3561,34.1709],[127.3565,34.1794]]],[[[127.462,34.2313],[127.4595,34.2281],[127.4663,34.2276],[127.462,34.2313]]],[[[127.4535,34.2494],[127.447,34.2485],[127.4446,34.2421],[127.4555,34.2425],[127.4535,34.2494]]],[[[127.2582,34.2435],[127.2581,34.2507],[127.2429,34.2477],[127.2459,34.2397],[127.2338,34.2367],[127.2263,34.2133],[127.2409,34.2191],[127.2586,34.212],[127.2579,34.2193],[127.2497,34.2215],[127.2625,34.2269],[127.2582,34.2435]]],[[[127.6264,34.5934],[127.6211,34.5968],[127.6062,34.5894],[127.6259,34.5887],[127.6264,34.5934]]],[[[127.6653,34.5829],[127.6574,34.5857],[127.6536,34.5799],[127.648,34.5814],[127.6394,34.5751],[127.6382,34.5572],[127.6419,34.5698],[127.6477,34.5673],[127.6493,34.5565],[127.6587,34.5527],[127.6693,34.5609],[127.6701,34.5554],[127.6742,34.5557],[127.68,34.569],[127.6878,34.5712],[127.6907,34.5684],[127.6873,34.5608],[127.6904,34.5648],[127.705,34.5648],[127.691,34.5765],[127.6833,34.575],[127.6842,34.5706],[127.671,34.5722],[127.6653,34.5829]]],[[[127.6844,34.5957],[127.6805,34.5942],[127.685,34.5886],[127.698,34.5904],[127.6844,34.5957]]],[[[127.6065,34.6011],[127.6023,34.6042],[127.5956,34.5975],[127.6018,34.595],[127.6065,34.6011]]],[[[127.2605,34.2627],[127.2546,34.2601],[127.2611,34.2583],[127.2605,34.2627]]],[[[127.3529,34.2953],[127.3487,34.2875],[127.3489,34.2678],[127.3712,34.2877],[127.364,34.2937],[127.3571,34.2859],[127.3529,34.2953]]],[[[127.3991,34.2963],[127.3865,34.2923],[127.3903,34.2789],[127.3938,34.2837],[127.3989,34.2809],[127.4022,34.2876],[127.3991,34.2963]]],[[[127.5371,34.2676],[127.5298,34.2688],[127.5302,34.2616],[127.5362,34.2608],[127.5402,34.2675],[127.5371,34.2676]]],[[[127.5561,34.5925],[127.5539,34.5901],[127.5606,34.5855],[127.5561,34.5925]]],[[[127.66,34.6037],[127.651,34.6044],[127.6507,34.5943],[127.6461,34.5907],[127.6514,34.5872],[127.6586,34.5915],[127.654,34.5972],[127.66,34.6037]]],[[[127.7018,34.6795],[127.7005,34.6764],[127.705,34.6769],[127.7018,34.6795]]],[[[127.6397,34.6227],[127.6306,34.6239],[127.6249,34.6145],[127.6406,34.6057],[127.6422,34.6119],[127.6552,34.6088],[127.6397,34.6227]]],[[[127.7091,34.7237],[127.7317,34.7293],[127.733,34.739],[127.7508,34.7362],[127.7568,34.7425],[127.7484,34.7479],[127.7528,34.7538],[127.7575,34.7521],[127.7518,34.7547],[127.7544,34.7634],[127.7452,34.7774],[127.7569,34.7868],[127.7589,34.8005],[127.7689,34.8027],[127.767,34.8183],[127.7745,34.821],[127.7674,34.825],[127.7749,34.8375],[127.7741,34.8607],[127.7398,34.8615],[127.743,34.8508],[127.7283,34.8618],[127.6986,34.8592],[127.695,34.8647],[127.6704,34.8371],[127.6616,34.8446],[127.6362,34.8281],[127.6268,34.8353],[127.6269,34.8406],[127.6356,34.8394],[127.6363,34.8465],[127.6231,34.8445],[127.6132,34.8544],[127.6077,34.8508],[127.6044,34.8536],[127.6123,34.858],[127.6043,34.8543],[127.5896,34.8747],[127.6123,34.8931],[127.5989,34.8983],[127.5875,34.8876],[127.5917,34.8826],[127.5863,34.8875],[127.5676,34.8851],[127.5494,34.8895],[127.5384,34.8829],[127.5355,34.8781],[127.5413,34.8678],[127.5507,34.8639],[127.5501,34.8552],[127.5381,34.8317],[127.526,34.8225],[127.5232,34.8102],[127.5384,34.8056],[127.5462,34.8103],[127.5574,34.8067],[127.5585,34.7962],[127.5715,34.7827],[127.5601,34.7775],[127.5717,34.7745],[127.5752,34.7692],[127.5723,34.7602],[127.5851,34.7674],[127.5902,34.7571],[127.5855,34.7509],[127.5941,34.7485],[127.592,34.7442],[127.5818,34.7452],[127.5842,34.7396],[127.578,34.7389],[127.5762,34.7315],[127.5673,34.728],[127.5613,34.7319],[127.564,34.724],[127.5523,34.7196],[127.5485,34.7129],[127.5569,34.7137],[127.5532,34.7008],[127.5632,34.7089],[127.5643,34.7014],[127.5722,34.7038],[127.5814,34.6939],[127.5595,34.7003],[127.5586,34.6941],[127.5508,34.689],[127.5505,34.682],[127.5636,34.6753],[127.5527,34.6693],[127.5515,34.6629],[127.5647,34.6548],[127.5768,34.6333],[127.5828,34.6306],[127.5749,34.6483],[127.5884,34.6519],[127.6153,34.6431],[127.6255,34.6297],[127.634,34.6327],[127.636,34.6262],[127.6462,34.6288],[127.6332,34.6362],[127.6403,34.644],[127.6335,34.6455],[127.6427,34.6505],[127.6299,34.6493],[127.6331,34.6701],[127.6173,34.683],[127.6284,34.68],[127.6395,34.6834],[127.6233,34.6872],[127.6279,34.6959],[127.6135,34.7061],[127.6219,34.7082],[127.625,34.7184],[127.6283,34.7173],[127.6263,34.712],[127.6428,34.7062],[127.6401,34.7241],[127.6525,34.7444],[127.6585,34.7463],[127.6581,34.7556],[127.6642,34.756],[127.6635,34.75],[127.6736,34.7457],[127.6726,34.7417],[127.6823,34.7324],[127.696,34.7273],[127.6983,34.7211],[127.7091,34.7237]]],[[[127.712,34.7026],[127.7092,34.7092],[127.7003,34.7108],[127.712,34.7026]]],[[[127.8056,34.4563],[127.8051,34.4612],[127.795,34.4573],[127.7982,34.4441],[127.7851,34.4302],[127.8008,34.4318],[127.7887,34.4256],[127.786,34.4181],[127.7887,34.4127],[127.7972,34.4167],[127.8,34.4094],[127.8053,34.4092],[127.8032,34.4144],[127.8079,34.4169],[127.809,34.425],[127.8045,34.4292],[127.8173,34.4518],[127.8023,34.4508],[127.8056,34.4563]]],[[[127.8259,34.4985],[127.8113,34.4977],[127.8038,34.4856],[127.798,34.4912],[127.7965,34.4731],[127.804,34.4713],[127.8009,34.475],[127.805,34.483],[127.8105,34.4806],[127.8103,34.4753],[127.8159,34.4794],[127.8215,34.476],[127.8254,34.485],[127.8129,34.4919],[127.826,34.4951],[127.8259,34.4985]]],[[[127.7692,34.5302],[127.7624,34.5348],[127.7578,34.5515],[127.7404,34.5531],[127.7255,34.5489],[127.7117,34.538],[127.6963,34.5389],[127.7199,34.5231],[127.7318,34.5273],[127.7255,34.5159],[127.7407,34.5104],[127.7348,34.5031],[127.7541,34.5047],[127.7538,34.4993],[127.7673,34.4962],[127.773,34.5001],[127.7695,34.4925],[127.7626,34.491],[127.7903,34.487],[127.7986,34.4964],[127.792,34.4966],[127.7932,34.5019],[127.7865,34.5078],[127.7776,34.5053],[127.7669,34.5103],[127.7822,34.512],[127.7802,34.5201],[127.7692,34.5302]]],[[[127.7507,34.5678],[127.7444,34.5653],[127.7489,34.5635],[127.7507,34.5678]]],[[[127.7399,34.564],[127.73,34.5711],[127.7243,34.5608],[127.7369,34.5594],[127.7399,34.564]]],[[[127.7244,34.5717],[127.7249,34.5798],[127.7095,34.5755],[127.7128,34.565],[127.7244,34.5717]]],[[[127.7324,34.5949],[127.7218,34.5889],[127.7179,34.5938],[127.712,34.5925],[127.7344,34.5751],[127.744,34.5822],[127.7324,34.5949]]],[[[127.7229,34.6101],[127.7064,34.6102],[127.7041,34.6046],[127.7226,34.6061],[127.7258,34.6082],[127.7229,34.6101]]],[[[127.7621,34.5796],[127.755,34.5799],[127.7615,34.5742],[127.7621,34.5796]]],[[[127.7715,34.7249],[127.7561,34.7314],[127.7369,34.7313],[127.7563,34.7079],[127.7542,34.6976],[127.763,34.6876],[127.7523,34.6803],[127.745,34.6666],[127.7236,34.6558],[127.7193,34.6459],[127.7122,34.6434],[127.7246,34.6376],[127.7117,34.6215],[127.7193,34.6138],[127.7377,34.6106],[127.7493,34.5929],[127.7636,34.5935],[127.7726,34.5873],[127.7785,34.5897],[127.7925,34.5849],[127.8037,34.5878],[127.8079,34.5966],[127.8021,34.5961],[127.8024,34.6017],[127.788,34.6071],[127.7921,34.6106],[127.7922,34.6302],[127.8001,34.6301],[127.7936,34.6437],[127.7983,34.6455],[127.7979,34.6548],[127.8065,34.6608],[127.7949,34.6606],[127.7939,34.6652],[127.8007,34.6675],[127.793,34.6724],[127.783,34.6716],[127.7763,34.6814],[127.7823,34.6894],[127.7792,34.697],[127.766,34.6942],[127.7607,34.7009],[127.7604,34.7063],[127.771,34.7027],[127.7652,34.7107],[127.7714,34.7106],[127.7735,34.7042],[127.7785,34.712],[127.7806,34.7078],[127.7759,34.7023],[127.791,34.7019],[127.787,34.7157],[127.7715,34.7249]]],[[[127.7262,34.7214],[127.7185,34.7186],[127.722,34.7152],[127.717,34.7131],[127.7199,34.7053],[127.7353,34.6991],[127.7425,34.7048],[127.7258,34.7113],[127.7318,34.7175],[127.7235,34.7181],[127.7262,34.7214]]],[[[127.7675,34.7502],[127.7636,34.7435],[127.7692,34.7447],[127.7675,34.7502]]],[[[127.7248,34.8946],[127.7104,34.8976],[127.6987,34.8923],[127.6917,34.8828],[127.7003,34.8773],[127.7013,34.8711],[127.7133,34.8729],[127.7197,34.8679],[127.7265,34.874],[127.7462,34.8733],[127.7507,34.878],[127.7438,34.8921],[127.7248,34.8946]]],[[[127.621,34.8815],[127.6128,34.8798],[127.6242,34.8799],[127.6298,34.8742],[127.6304,34.8805],[127.621,34.8815]]],[[[127.5399,34.5986],[127.5348,34.5977],[127.55,34.596],[127.5514,34.602],[127.5652,34.6039],[127.5641,34.6136],[127.5458,34.6184],[127.5407,34.6117],[127.5339,34.6116],[127.5291,34.6175],[127.5222,34.6152],[127.5263,34.6023],[127.5402,34.6084],[127.5399,34.5986]]],[[[127.5366,34.6299],[127.535,34.6335],[127.5333,34.6277],[127.5409,34.6231],[127.5521,34.6274],[127.5435,34.6325],[127.5366,34.6299]]],[[[127.5174,34.6395],[127.509,34.6331],[127.5212,34.6192],[127.5236,34.6261],[127.5163,34.6248],[127.5135,34.6324],[127.5174,34.6395]]],[[[127.5511,34.6422],[127.5476,34.6383],[127.5695,34.6271],[127.568,34.6349],[127.5511,34.6422]]],[[[127.5644,34.7448],[127.5595,34.7488],[127.558,34.7408],[127.5655,34.7394],[127.5644,34.7448]]],[[[127.5137,34.7595],[127.5093,34.7589],[127.5162,34.7545],[127.5137,34.7595]]],[[[127.4955,34.7655],[127.4895,34.7649],[127.4995,34.7518],[127.503,34.7549],[127.4955,34.7655]]],[[[127.5622,34.7679],[127.559,34.7707],[127.5603,34.7628],[127.5707,34.7628],[127.5622,34.7679]]]]}},{"type":"Feature","properties":{"gid":"KOR.15.1_2","provZh":"世宗特别自治市","name2":"Sejong","type2":"NA","engtype2":"NA"},"geometry":{"type":"Polygon","coordinates":[[[127.2799,36.4154],[127.2911,36.4162],[127.2942,36.4222],[127.3035,36.4247],[127.3263,36.4221],[127.341,36.431],[127.3449,36.4444],[127.3586,36.4559],[127.3565,36.4633],[127.364,36.4748],[127.3602,36.4885],[127.3692,36.4886],[127.3839,36.5002],[127.3961,36.4917],[127.4098,36.4953],[127.409,36.5097],[127.3976,36.5206],[127.4086,36.5237],[127.405,36.5373],[127.4002,36.5418],[127.3839,36.5415],[127.3725,36.5597],[127.3775,36.5678],[127.3576,36.5618],[127.3381,36.5623],[127.3358,36.5711],[127.3214,36.5838],[127.2996,36.5863],[127.3066,36.6009],[127.2963,36.6242],[127.2918,36.6256],[127.2922,36.6356],[127.2794,36.6335],[127.2757,36.6398],[127.2828,36.6423],[127.2887,36.6589],[127.3051,36.6676],[127.3076,36.682],[127.3041,36.685],[127.2735,36.6953],[127.248,36.6951],[127.2364,36.7075],[127.2079,36.719],[127.2031,36.7261],[127.1596,36.7328],[127.1482,36.7199],[127.1277,36.7086],[127.1361,36.705],[127.1417,36.69],[127.1562,36.6908],[127.1571,36.6957],[127.1614,36.6902],[127.1641,36.6785],[127.1549,36.6643],[127.1606,36.6561],[127.1547,36.6529],[127.1532,36.6452],[127.1605,36.6245],[127.1501,36.619],[127.1556,36.616],[127.1559,36.606],[127.1843,36.5912],[127.1914,36.5939],[127.193,36.5808],[127.2004,36.5826],[127.2078,36.578],[127.2031,36.5674],[127.1938,36.5648],[127.1868,36.5529],[127.1918,36.546],[127.1742,36.5422],[127.173,36.5335],[127.1823,36.5214],[127.1702,36.5116],[127.1776,36.5024],[127.1732,36.4974],[127.1771,36.4926],[127.1947,36.4896],[127.192,36.4747],[127.2047,36.4593],[127.1984,36.4522],[127.2018,36.4463],[127.1989,36.4399],[127.2177,36.4337],[127.2269,36.4212],[127.2423,36.4186],[127.2508,36.4068],[127.2591,36.4091],[127.2624,36.4166],[127.2799,36.4154]]]}},{"type":"Feature","properties":{"gid":"KOR.16.1_2","provZh":"首尔特别市","name2":"Dobong","type2":"Gu","engtype2":"District"},"geometry":{"type":"Polygon","coordinates":[[[127.045,37.6357],[127.0505,37.6448],[127.0558,37.6406],[127.0482,37.6712],[127.0524,37.6843],[127.0486,37.6941],[127.0324,37.6918],[127.0277,37.7009],[127.0154,37.7015],[127.0083,37.6901],[127.0094,37.6796],[127.0187,37.6709],[127.0129,37.6507],[127.0247,37.6473],[127.0418,37.6308],[127.045,37.6357]]]}},{"type":"Feature","properties":{"gid":"KOR.16.2_2","provZh":"首尔特别市","name2":"Dongdaemun","type2":"Gu","engtype2":"District"},"geometry":{"type":"Polygon","coordinates":[[[127.0488,37.5698],[127.0588,37.5623],[127.0724,37.56],[127.0782,37.5719],[127.0694,37.5953],[127.0729,37.6013],[127.0694,37.609],[127.043,37.597],[127.0231,37.578],[127.0252,37.5708],[127.0488,37.5698]]]}},{"type":"Feature","properties":{"gid":"KOR.16.3_2","provZh":"首尔特别市","name2":"Dongjak","type2":"Gu","engtype2":"District"},"geometry":{"type":"Polygon","coordinates":[[[126.9705,37.4754],[126.9817,37.4765],[126.9854,37.4999],[126.9804,37.5065],[126.9496,37.5176],[126.9269,37.5155],[126.9198,37.4978],[126.912,37.496],[126.9032,37.485],[126.9242,37.49],[126.9279,37.4951],[126.9537,37.4906],[126.9603,37.4937],[126.9611,37.4836],[126.9705,37.4754]]]}},{"type":"Feature","properties":{"gid":"KOR.16.4_2","provZh":"首尔特别市","name2":"Eunpyeong","type2":"Gu","engtype2":"District"},"geometry":{"type":"Polygon","coordinates":[[[126.9126,37.5868],[126.9209,37.5829],[126.9302,37.5945],[126.9409,37.5987],[126.9504,37.6106],[126.949,37.6243],[126.9633,37.6332],[126.9571,37.6528],[126.9475,37.6592],[126.9241,37.6461],[126.9048,37.6491],[126.9123,37.6443],[126.9003,37.6112],[126.8996,37.5898],[126.8876,37.5887],[126.8873,37.5939],[126.8821,37.5908],[126.9021,37.576],[126.9126,37.5868]]]}},{"type":"Feature","properties":{"gid":"KOR.16.5_2","provZh":"首尔特别市","name2":"Gangbuk","type2":"Gu","engtype2":"District"},"geometry":{"type":"Polygon","coordinates":[[[127.0302,37.6124],[127.0304,37.6091],[127.0372,37.6127],[127.0497,37.6243],[127.0324,37.6418],[127.0129,37.6507],[127.0187,37.6709],[127.0087,37.6844],[126.997,37.6826],[126.9922,37.6796],[126.994,37.6668],[126.9797,37.656],[126.9851,37.6459],[126.9842,37.6363],[127.0079,37.624],[127.011,37.6163],[127.0302,37.6124]]]}},{"type":"Feature","properties":{"gid":"KOR.16.6_2","provZh":"首尔特别市","name2":"Gangdong","type2":"Gu","engtype2":"District"},"geometry":{"type":"Polygon","coordinates":[[[127.1214,37.5331],[127.1193,37.5279],[127.1451,37.5168],[127.1632,37.545],[127.1835,37.5452],[127.1772,37.5812],[127.1173,37.5594],[127.1092,37.5432],[127.1234,37.5386],[127.1214,37.5331]]]}},{"type":"Feature","properties":{"gid":"KOR.16.7_2","provZh":"首尔特别市","name2":"Gangnam","type2":"Gu","engtype2":"District"},"geometry":{"type":"Polygon","coordinates":[[[127.1219,37.4651],[127.1034,37.4928],[127.0698,37.5027],[127.0675,37.5246],[127.0404,37.5358],[127.0212,37.5358],[127.0086,37.5256],[127.0169,37.523],[127.0341,37.4844],[127.0418,37.4854],[127.051,37.4676],[127.0845,37.4758],[127.0952,37.4564],[127.1062,37.4624],[127.1169,37.4586],[127.1219,37.4651]]]}},{"type":"Feature","properties":{"gid":"KOR.16.8_2","provZh":"首尔特别市","name2":"Gangseo","type2":"Gu","engtype2":"District"},"geometry":{"type":"Polygon","coordinates":[[[126.8536,37.5718],[126.8026,37.605],[126.7971,37.5977],[126.8007,37.5878],[126.7824,37.5736],[126.7759,37.5652],[126.7778,37.5599],[126.7645,37.5553],[126.7716,37.5483],[126.7906,37.5439],[126.7944,37.5358],[126.804,37.5431],[126.8254,37.5417],[126.8298,37.5477],[126.8405,37.5265],[126.864,37.5298],[126.8642,37.5512],[126.8803,37.5477],[126.8805,37.5563],[126.8536,37.5718]]]}},{"type":"Feature","properties":{"gid":"KOR.16.9_2","provZh":"首尔特别市","name2":"Geumcheon","type2":"Gu","engtype2":"District"},"geometry":{"type":"Polygon","coordinates":[[[126.9112,37.4372],[126.9285,37.4505],[126.914,37.4579],[126.9082,37.4727],[126.9098,37.4808],[126.8959,37.4783],[126.8724,37.4861],[126.899,37.4387],[126.9066,37.4336],[126.9112,37.4372]]]}},{"type":"Feature","properties":{"gid":"KOR.16.10_2","provZh":"首尔特别市","name2":"Guro","type2":"Gu","engtype2":"District"},"geometry":{"type":"Polygon","coordinates":[[[126.8152,37.4763],[126.845,37.4736],[126.8465,37.4816],[126.8527,37.4818],[126.8676,37.4948],[126.8768,37.4886],[126.8746,37.4854],[126.8899,37.4794],[126.899,37.4791],[126.9032,37.485],[126.8964,37.489],[126.8923,37.5091],[126.8794,37.5179],[126.8736,37.5036],[126.8529,37.5106],[126.8353,37.5028],[126.8306,37.5082],[126.8222,37.5077],[126.8196,37.4992],[126.813,37.4964],[126.8233,37.4879],[126.8152,37.4763]]]}},{"type":"Feature","properties":{"gid":"KOR.16.11_2","provZh":"首尔特别市","name2":"Gwanak","type2":"Gu","engtype2":"District"},"geometry":{"type":"Polygon","coordinates":[[[126.9629,37.4403],[126.9746,37.4544],[126.9886,37.4582],[126.9817,37.4765],[126.9705,37.4754],[126.9648,37.4795],[126.9606,37.4936],[126.9537,37.4906],[126.9275,37.495],[126.8996,37.4805],[126.9098,37.4808],[126.9082,37.4727],[126.914,37.4579],[126.9222,37.4566],[126.9386,37.4364],[126.9629,37.4403]]]}},{"type":"Feature","properties":{"gid":"KOR.16.12_2","provZh":"首尔特别市","name2":"Gwangjin","type2":"Gu","engtype2":"District"},"geometry":{"type":"Polygon","coordinates":[[[127.0575,37.5306],[127.0743,37.5229],[127.0856,37.5248],[127.1083,37.5414],[127.1152,37.5568],[127.1019,37.5595],[127.1042,37.5714],[127.1009,37.5738],[127.0905,37.5697],[127.0782,37.5719],[127.0575,37.5306]]]}},{"type":"Feature","properties":{"gid":"KOR.16.13_2","provZh":"首尔特别市","name2":"Jongno","type2":"Gu","engtype2":"District"},"geometry":{"type":"Polygon","coordinates":[[[127.0149,37.5822],[127.0086,37.5805],[127.0018,37.5912],[126.9891,37.5914],[126.9767,37.5979],[126.9868,37.6061],[126.9837,37.6212],[126.9754,37.6317],[126.949,37.6243],[126.9526,37.6012],[126.959,37.5951],[126.9572,37.5799],[126.9536,37.5787],[126.9667,37.5658],[127.0234,37.5719],[127.0231,37.578],[127.0149,37.5822]]]}},{"type":"Feature","properties":{"gid":"KOR.16.14_2","provZh":"首尔特别市","name2":"Jung","type2":"Gu","engtype2":"District"},"geometry":{"type":"Polygon","coordinates":[[[127.0126,37.5496],[127.0266,37.5636],[127.0234,37.5719],[126.9691,37.5682],[126.9695,37.562],[126.9617,37.559],[126.9624,37.5516],[126.9692,37.5557],[126.9854,37.5537],[126.9952,37.5472],[127.0043,37.5502],[127.0073,37.5439],[127.0126,37.5496]]]}},{"type":"Feature","properties":{"gid":"KOR.16.15_2","provZh":"首尔特别市","name2":"Jungnang","type2":"Gu","engtype2":"District"},"geometry":{"type":"Polygon","coordinates":[[[127.1009,37.5742],[127.1167,37.594],[127.1162,37.6189],[127.0861,37.6203],[127.0701,37.6154],[127.0729,37.6011],[127.0694,37.5953],[127.0777,37.5724],[127.0905,37.5697],[127.1009,37.5742]]]}},{"type":"Feature","properties":{"gid":"KOR.16.16_2","provZh":"首尔特别市","name2":"Mapo","type2":"Gu","engtype2":"District"},"geometry":{"type":"Polygon","coordinates":[[[126.9467,37.5355],[126.9633,37.5486],[126.9616,37.5591],[126.9369,37.5551],[126.9266,37.5588],[126.926,37.5651],[126.9098,37.571],[126.8821,37.5908],[126.8763,37.5782],[126.8536,37.5738],[126.9048,37.5414],[126.9303,37.5414],[126.9467,37.5355]]]}},{"type":"Feature","properties":{"gid":"KOR.16.17_2","provZh":"首尔特别市","name2":"Nowon","type2":"Gu","engtype2":"District"},"geometry":{"type":"Polygon","coordinates":[[[127.0701,37.6154],[127.1049,37.6201],[127.1122,37.6326],[127.1077,37.645],[127.0946,37.6446],[127.0911,37.6582],[127.0964,37.6697],[127.0919,37.6787],[127.096,37.6891],[127.0852,37.6904],[127.0811,37.6961],[127.0634,37.6949],[127.0518,37.6871],[127.0482,37.6712],[127.0558,37.6406],[127.0505,37.6448],[127.0417,37.6315],[127.0615,37.6146],[127.0701,37.6154]]]}},{"type":"Feature","properties":{"gid":"KOR.16.18_2","provZh":"首尔特别市","name2":"Seocho","type2":"Gu","engtype2":"District"},"geometry":{"type":"Polygon","coordinates":[[[127.0821,37.4414],[127.0957,37.4607],[127.0849,37.4757],[127.051,37.4676],[127.0418,37.4854],[127.0341,37.4844],[127.0152,37.5248],[127.0086,37.5256],[126.9804,37.5065],[126.9854,37.4999],[126.9818,37.4751],[126.9886,37.4582],[126.9968,37.4619],[126.9972,37.4672],[127.0037,37.4677],[127.0145,37.4549],[127.026,37.4578],[127.0328,37.4652],[127.0382,37.4459],[127.0356,37.439],[127.0535,37.4288],[127.0696,37.4306],[127.0722,37.4422],[127.0821,37.4414]]]}},{"type":"Feature","properties":{"gid":"KOR.16.19_2","provZh":"首尔特别市","name2":"Seodaemun","type2":"Gu","engtype2":"District"},"geometry":{"type":"Polygon","coordinates":[[[126.9391,37.5559],[126.9695,37.562],[126.9536,37.5787],[126.9572,37.5799],[126.959,37.5951],[126.9504,37.6106],[126.9209,37.5829],[126.9128,37.5872],[126.9019,37.5766],[126.926,37.5651],[126.9266,37.5588],[126.9391,37.5559]]]}},{"type":"Feature","properties":{"gid":"KOR.16.20_2","provZh":"首尔特别市","name2":"Seongbuk","type2":"Gu","engtype2":"District"},"geometry":{"type":"Polygon","coordinates":[[[127.0183,37.579],[127.0231,37.578],[127.043,37.597],[127.0711,37.6076],[127.0711,37.6148],[127.0618,37.6145],[127.0497,37.6243],[127.0304,37.6091],[127.011,37.6163],[127.0079,37.624],[126.9859,37.6358],[126.9754,37.6317],[126.9837,37.6212],[126.9868,37.6061],[126.9767,37.5979],[126.9891,37.5914],[127.0018,37.5912],[127.0086,37.5805],[127.0183,37.579]]]}},{"type":"Feature","properties":{"gid":"KOR.16.21_2","provZh":"首尔特别市","name2":"Seongdong","type2":"Gu","engtype2":"District"},"geometry":{"type":"Polygon","coordinates":[[[127.0515,37.531],[127.0562,37.5283],[127.0737,37.5594],[127.0588,37.5623],[127.0426,37.5727],[127.0234,37.5719],[127.0266,37.5636],[127.0093,37.5475],[127.0093,37.54],[127.0174,37.534],[127.0404,37.5358],[127.0515,37.531]]]}},{"type":"Feature","properties":{"gid":"KOR.16.22_2","provZh":"首尔特别市","name2":"Songpa","type2":"Gu","engtype2":"District"},"geometry":{"type":"Polygon","coordinates":[[[127.1486,37.4839],[127.1574,37.4891],[127.1614,37.5002],[127.1411,37.5055],[127.1454,37.5165],[127.1193,37.5279],[127.1234,37.5386],[127.1092,37.5432],[127.0856,37.5248],[127.0675,37.5246],[127.0698,37.5027],[127.1034,37.4928],[127.1242,37.4665],[127.1328,37.4684],[127.1329,37.4746],[127.1435,37.4739],[127.1486,37.4839]]]}},{"type":"Feature","properties":{"gid":"KOR.16.23_2","provZh":"首尔特别市","name2":"Yangcheon","type2":"Gu","engtype2":"District"},"geometry":{"type":"Polygon","coordinates":[[[126.8529,37.5106],[126.8736,37.5036],[126.8788,37.5254],[126.8905,37.5317],[126.8807,37.5482],[126.8642,37.5512],[126.864,37.5298],[126.8405,37.5265],[126.8298,37.5477],[126.8221,37.5407],[126.8284,37.5267],[126.8242,37.5105],[126.8353,37.5028],[126.8529,37.5106]]]}},{"type":"Feature","properties":{"gid":"KOR.16.24_2","provZh":"首尔特别市","name2":"Yeongdeungpo","type2":"Gu","engtype2":"District"},"geometry":{"type":"Polygon","coordinates":[[[126.9197,37.4978],[126.9269,37.5155],[126.9499,37.5175],[126.9499,37.527],[126.9353,37.5394],[126.9048,37.5414],[126.8805,37.5563],[126.8781,37.5517],[126.8905,37.5317],[126.8807,37.5275],[126.8782,37.5188],[126.8923,37.5091],[126.8964,37.489],[126.9032,37.485],[126.912,37.496],[126.9197,37.4978]]]}},{"type":"Feature","properties":{"gid":"KOR.16.25_2","provZh":"首尔特别市","name2":"Yongsan","type2":"Gu","engtype2":"District"},"geometry":{"type":"Polygon","coordinates":[[[126.969,37.5093],[126.9855,37.5065],[127.0175,37.5377],[127.0096,37.5396],[127.0043,37.5502],[126.9952,37.5472],[126.9854,37.5537],[126.9666,37.5544],[126.9557,37.5395],[126.9446,37.5338],[126.9499,37.5175],[126.969,37.5093]]]}},{"type":"Feature","properties":{"gid":"KOR.17.1_2","provZh":"蔚山广域市","name2":"Buk","type2":"Gu","engtype2":"District"},"geometry":{"type":"Polygon","coordinates":[[[129.4133,35.5547],[129.4201,35.5638],[129.4529,35.5716],[129.4536,35.5804],[129.4647,35.5864],[129.4628,35.6069],[129.4579,35.6078],[129.4579,35.6139],[129.4501,35.6148],[129.4543,35.6164],[129.4411,35.6319],[129.4416,35.6447],[129.4498,35.6511],[129.4393,35.6552],[129.4351,35.6524],[129.3999,35.6676],[129.3727,35.6692],[129.3593,35.6794],[129.3341,35.6698],[129.3278,35.6588],[129.3043,35.657],[129.2963,35.6447],[129.2981,35.6314],[129.294,35.6206],[129.3002,35.6143],[129.2904,35.5933],[129.3036,35.5941],[129.3096,35.589],[129.324,35.5986],[129.3314,35.5991],[129.3344,35.5938],[129.3484,35.5953],[129.3537,35.5626],[129.3481,35.5492],[129.3746,35.5395],[129.3926,35.5224],[129.4084,35.516],[129.4104,35.5241],[129.4012,35.5294],[129.4076,35.551],[129.4133,35.5547]]]}},{"type":"Feature","properties":{"gid":"KOR.17.2_2","provZh":"蔚山广域市","name2":"Dong","type2":"Gu","engtype2":"District"},"geometry":{"type":"Polygon","coordinates":[[[129.437,35.4846],[129.4449,35.4924],[129.4412,35.4958],[129.4337,35.4922],[129.4311,35.4971],[129.4427,35.5012],[129.4435,35.5057],[129.4337,35.5042],[129.4328,35.511],[129.4477,35.509],[129.4499,35.5248],[129.4392,35.5198],[129.4387,35.5286],[129.4535,35.5281],[129.4524,35.5441],[129.4586,35.5578],[129.4529,35.5716],[129.4133,35.5588],[129.4012,35.5294],[129.4104,35.5241],[129.4084,35.516],[129.3876,35.5274],[129.397,35.5122],[129.3958,35.5012],[129.4084,35.4933],[129.4042,35.4873],[129.4062,35.472],[129.4117,35.4719],[129.4154,35.48],[129.4248,35.4812],[129.4252,35.485],[129.4308,35.4836],[129.4313,35.4782],[129.437,35.4846]]]}},{"type":"Feature","properties":{"gid":"KOR.17.3_2","provZh":"蔚山广域市","name2":"Jung","type2":"Gu","engtype2":"District"},"geometry":{"type":"Polygon","coordinates":[[[129.3515,35.5594],[129.3484,35.5953],[129.3344,35.5938],[129.3314,35.5991],[129.324,35.5986],[129.3096,35.589],[129.3036,35.5941],[129.2904,35.5933],[129.2945,35.5761],[129.2846,35.5783],[129.2831,35.5841],[129.2526,35.5901],[129.2592,35.5776],[129.2589,35.5615],[129.2947,35.5452],[129.3028,35.5465],[129.3064,35.5529],[129.35,35.5495],[129.3515,35.5594]]]}},{"type":"Feature","properties":{"gid":"KOR.17.4_2","provZh":"蔚山广域市","name2":"Nam","type2":"Gu","engtype2":"District"},"geometry":{"type":"Polygon","coordinates":[[[129.3665,35.5424],[129.3464,35.5497],[129.3071,35.5529],[129.2959,35.5449],[129.2656,35.5569],[129.2617,35.5517],[129.2546,35.5534],[129.2365,35.5362],[129.2743,35.5292],[129.2747,35.5237],[129.2883,35.515],[129.3009,35.4951],[129.3062,35.4976],[129.3201,35.4874],[129.3269,35.4892],[129.3505,35.4683],[129.3545,35.4592],[129.3687,35.4542],[129.3704,35.4576],[129.363,35.4604],[129.3748,35.4624],[129.3744,35.4699],[129.3809,35.4717],[129.3889,35.4875],[129.3911,35.4793],[129.3909,35.486],[129.3793,35.4999],[129.3676,35.4979],[129.3632,35.5042],[129.3856,35.5008],[129.3877,35.5042],[129.3858,35.5164],[129.375,35.5176],[129.3724,35.5236],[129.3776,35.5284],[129.3766,35.538],[129.3665,35.5424]]]}},{"type":"Feature","properties":{"gid":"KOR.17.5_2","provZh":"蔚山广域市","name2":"Ulju","type2":"Gun","engtype2":"County"},"geometry":{"type":"Polygon","coordinates":[[[129.3027,35.3323],[129.3116,35.3295],[129.3222,35.3462],[129.3323,35.3479],[129.3353,35.356],[129.345,35.3518],[129.3608,35.3572],[129.3553,35.3718],[129.3446,35.3781],[129.3466,35.3899],[129.3555,35.3939],[129.354,35.4025],[129.3626,35.4065],[129.3627,35.4109],[129.3563,35.4133],[129.3639,35.4152],[129.3642,35.4248],[129.3528,35.427],[129.3736,35.4312],[129.3665,35.437],[129.3737,35.4471],[129.3695,35.449],[129.3651,35.4414],[129.3552,35.4383],[129.3598,35.4479],[129.3499,35.4482],[129.3474,35.4643],[129.337,35.4734],[129.3358,35.4825],[129.3075,35.4972],[129.3009,35.4951],[129.2883,35.515],[129.2747,35.5237],[129.2743,35.5292],[129.2365,35.5362],[129.2546,35.5534],[129.2617,35.5517],[129.2656,35.5569],[129.2589,35.5615],[129.2592,35.5776],[129.2527,35.5903],[129.2831,35.5841],[129.2846,35.5783],[129.2945,35.5761],[129.2903,35.5943],[129.3002,35.6143],[129.294,35.6206],[129.2971,35.6429],[129.2829,35.6517],[129.2604,35.6546],[129.2555,35.6605],[129.2626,35.6911],[129.2569,35.7007],[129.234,35.7039],[129.2089,35.7211],[129.1981,35.7145],[129.1813,35.7238],[129.1765,35.7157],[129.1603,35.7148],[129.1445,35.7248],[129.1375,35.7207],[129.1368,35.7129],[129.1274,35.7141],[129.1228,35.7078],[129.0903,35.7027],[129.0772,35.6929],[129.0672,35.6713],[129.0679,35.6588],[129.0809,35.6433],[129.0755,35.6404],[129.0469,35.6505],[129.037,35.6325],[129.0209,35.6351],[129.0039,35.6217],[129.0085,35.6159],[129.023,35.6134],[129.0228,35.5913],[129.0189,35.5838],[129.0079,35.5802],[128.9958,35.5679],[128.9712,35.5603],[128.9729,35.5561],[128.9809,35.5464],[128.9893,35.5516],[128.999,35.54],[128.9946,35.5281],[129.0076,35.5291],[129.0109,35.5232],[129.0558,35.5323],[129.0526,35.5145],[129.0906,35.4983],[129.1053,35.4965],[129.1083,35.4811],[129.1213,35.4701],[129.1218,35.4634],[129.1656,35.4321],[129.197,35.4389],[129.2021,35.4321],[129.2002,35.4241],[129.2115,35.4191],[129.2191,35.4077],[129.2012,35.3878],[129.2185,35.379],[129.2655,35.3871],[129.2822,35.3653],[129.2805,35.3562],[129.2849,35.3507],[129.2797,35.3414],[129.3027,35.3323]]]}}]}