{"type":"FeatureCollection","features":[{"type":"Feature","properties":{"gid":"USA.1_1","name":"亚拉巴马州","nameEn":"Alabama","nameLocal":"Alabama","type":"州","typeEn":"State","groupZh":"州","area":133446.8,"iso":"US-AL","engtype":"State","capital":"蒙哥马利","pop":5025437,"blurb":"深南部州，棉花与民权运动的历史现场。"},"geometry":{"type":"MultiPolygon","coordinates":[[[[-88.1153,30.2769],[-88.1142,30.2589],[-88.1315,30.2632],[-88.1306,30.2517],[-88.3308,30.2292],[-88.0747,30.2469],[-88.1053,30.2564],[-88.1144,30.2747],[-88.0918,30.2618],[-88.1153,30.2769]]],[[[-88.255,30.3431],[-88.2592,30.3672],[-88.2567,30.3236],[-88.255,30.3431]]],[[[-87.7425,30.2933],[-87.7511,30.2831],[-87.7356,30.2797],[-87.7425,30.2933]]],[[[-88.0322,30.5214],[-88.0528,30.5061],[-88.0253,30.49],[-88.0322,30.5214]]],[[[-87.4372,30.4814],[-87.4479,30.526],[-87.3974,30.6106],[-87.3966,30.655],[-87.4103,30.6767],[-87.5285,30.7411],[-87.5488,30.782],[-87.6258,30.8476],[-87.6372,30.867],[-87.5908,30.9603],[-87.6012,31.0004],[-85.0035,31.0021],[-85.0325,31.0975],[-85.0984,31.163],[-85.1099,31.1935],[-85.1007,31.2304],[-85.1171,31.2776],[-85.0934,31.2992],[-85.0974,31.3637],[-85.0454,31.5443],[-85.0663,31.6252],[-85.128,31.7002],[-85.1435,31.8384],[-85.1368,31.8912],[-85.1148,31.8962],[-85.1175,31.9124],[-85.0704,31.9732],[-85.0522,32.089],[-85.0627,32.1348],[-85.0135,32.1822],[-84.968,32.1973],[-84.977,32.2161],[-84.9295,32.2215],[-84.9279,32.2505],[-84.8935,32.2646],[-85.0083,32.3291],[-84.9743,32.3774],[-84.9894,32.3872],[-84.9722,32.393],[-84.9824,32.4057],[-84.9662,32.4301],[-84.9961,32.4561],[-85.0048,32.5172],[-85.075,32.5885],[-85.085,32.6357],[-85.1059,32.6439],[-85.0917,32.6633],[-85.1149,32.6962],[-85.1151,32.7368],[-85.1453,32.7604],[-85.1253,32.7789],[-85.1681,32.8086],[-85.1574,32.8489],[-85.1856,32.8619],[-85.6055,34.9855],[-88.2019,35.0089],[-88.1525,34.9269],[-88.098,34.8964],[-88.472,31.9],[-88.399,30.3901],[-88.3788,30.3827],[-88.3833,30.3964],[-88.3371,30.4045],[-88.313,30.3901],[-88.3111,30.3696],[-88.2933,30.3903],[-88.1778,30.3636],[-88.1954,30.3215],[-88.1314,30.3475],[-88.1383,30.3092],[-88.1073,30.3782],[-88.0872,30.5669],[-88.0539,30.6078],[-88.0587,30.6506],[-88.0406,30.6628],[-88.0536,30.6508],[-88.0381,30.6481],[-88.0094,30.685],[-88.0282,30.6942],[-88.0194,30.7184],[-88.0058,30.7],[-88.0215,30.7586],[-87.9986,30.7767],[-87.9834,30.7639],[-88.0141,30.7238],[-87.9992,30.7092],[-87.9858,30.7181],[-88.0077,30.682],[-87.9844,30.6756],[-87.995,30.6808],[-87.9753,30.7189],[-87.9608,30.7079],[-87.9692,30.6886],[-87.9496,30.7138],[-87.9456,30.6994],[-87.9669,30.6792],[-87.9471,30.6775],[-87.9567,30.6597],[-87.9449,30.671],[-87.9239,30.64],[-87.9142,30.6508],[-87.9021,30.5477],[-87.9372,30.4829],[-87.9195,30.471],[-87.9075,30.4103],[-87.8378,30.3758],[-87.8469,30.3953],[-87.8254,30.4132],[-87.8142,30.3911],[-87.8372,30.3744],[-87.8296,30.3529],[-87.7547,30.2911],[-87.7264,30.3094],[-87.7398,30.2936],[-87.7217,30.275],[-87.735,30.2639],[-87.7539,30.2822],[-87.7778,30.2575],[-87.8737,30.2392],[-87.9369,30.2608],[-87.9617,30.2349],[-88.0289,30.2242],[-87.8053,30.2289],[-87.5581,30.2714],[-87.5797,30.2744],[-87.515,30.3089],[-87.6306,30.2956],[-87.5937,30.3208],[-87.6136,30.3572],[-87.5925,30.3343],[-87.5728,30.3533],[-87.5767,30.3019],[-87.5558,30.3233],[-87.5408,30.3061],[-87.5332,30.3224],[-87.5178,30.3197],[-87.5092,30.3422],[-87.5247,30.3414],[-87.5131,30.3569],[-87.5067,30.3389],[-87.4964,30.345],[-87.4981,30.3722],[-87.4869,30.3425],[-87.4308,30.4172],[-87.3997,30.4236],[-87.3897,30.4464],[-87.4156,30.4528],[-87.4372,30.4814]]]]}},{"type":"Feature","properties":{"gid":"USA.2_1","name":"阿拉斯加州","nameEn":"Alaska","nameLocal":"Alaska","type":"州","typeEn":"State","groupZh":"州","area":1496463.0,"iso":"US-AK","engtype":"State","capital":"朱诺","pop":733383,"blurb":"面积最大州，占全美近五分之一，跨越北极圈。"},"geometry":{"type":"MultiPolygon","coordinates":[[[[178.6815,51.6511],[178.6593,51.6615],[178.6166,51.6375],[178.6997,51.5911],[178.76,51.5878],[178.7839,51.5692],[178.8331,51.5796],[178.8483,51.5619],[178.8789,51.5689],[178.8944,51.55],[178.9478,51.5419],[179.0533,51.4544],[179.1606,51.4119],[179.1677,51.3956],[179.225,51.3858],[179.209,51.3597],[179.2361,51.3492],[179.3883,51.3775],[179.3872,51.355],[179.47,51.3731],[179.4082,51.3826],[179.3889,51.4139],[179.28,51.3897],[179.2733,51.4008],[179.3008,51.4168],[179.265,51.4047],[179.2278,51.4133],[179.2147,51.4413],[179.1867,51.4506],[179.1917,51.4661],[179.0856,51.4919],[178.9995,51.5519],[178.9839,51.5853],[178.9328,51.5811],[178.9028,51.6169],[178.85,51.6158],[178.8039,51.635],[178.7817,51.625],[178.7614,51.6449],[178.7317,51.6328],[178.6815,51.6511]]],[[[178.2289,51.8322],[178.2019,51.8347],[178.3073,51.7763],[178.3801,51.7655],[178.3144,51.8198],[178.2289,51.8322]]],[[[178.5011,51.9883],[178.4586,51.9854],[178.4461,51.9756],[178.4628,51.9539],[178.4352,51.9406],[178.515,51.8981],[178.59,51.9453],[178.5713,51.9673],[178.5011,51.9883]]],[[[179.6443,52.026],[179.5804,52.0163],[179.5246,51.9825],[179.477,51.9815],[179.4905,51.9559],[179.4718,51.9407],[179.4799,51.9219],[179.5128,51.9125],[179.5185,51.896],[179.6124,51.8708],[179.7485,51.9189],[179.7311,51.9405],[179.7628,51.9478],[179.7698,51.9687],[179.6443,52.026]]],[[[177.6456,51.9722],[177.62,51.9528],[177.6472,51.9406],[177.7051,51.9495],[177.6476,51.9574],[177.6456,51.9722]]],[[[178.3494,51.9725],[178.3181,51.9595],[178.32,51.9461],[178.363,51.9614],[178.3494,51.9725]]],[[[178.2989,51.9683],[178.2844,51.9856],[178.263,51.98],[178.2989,51.9683]]],[[[177.6059,52.1349],[177.5608,52.1205],[177.5417,52.1019],[177.5461,52.0786],[177.5009,52.0495],[177.5038,52.0082],[177.485,52.0044],[177.4939,51.99],[177.3656,51.975],[177.3183,51.9417],[177.33,51.9306],[177.2324,51.9098],[177.1989,51.895],[177.2006,51.88],[177.2267,51.8817],[177.3239,51.8267],[177.3339,51.8894],[177.3713,51.9186],[177.455,51.9381],[177.4417,51.9236],[177.4732,51.9084],[177.4737,51.9366],[177.5483,51.9122],[177.5572,51.9297],[177.6031,51.9236],[177.6067,51.9539],[177.5456,51.955],[177.5289,51.9725],[177.5756,51.9742],[177.5722,51.9933],[177.5461,52.0004],[177.5891,52.0051],[177.6011,52.0161],[177.5891,52.0199],[177.6421,52.0407],[177.6339,52.0644],[177.6706,52.0795],[177.6678,52.1119],[177.6059,52.1349]]],[[[178.1615,52.0412],[178.1464,52.0521],[178.0967,52.0437],[178.0981,51.9978],[178.1768,51.993],[178.1894,52.0033],[178.1615,52.0412]]],[[[175.88,52.3728],[175.8689,52.3747],[175.8751,52.3604],[175.9106,52.3347],[175.975,52.3583],[175.88,52.3728]]],[[[173.7561,52.4958],[173.7728,52.5097],[173.6806,52.5114],[173.6417,52.4931],[173.6194,52.5064],[173.6028,52.5014],[173.5928,52.4725],[173.5556,52.4778],[173.5304,52.4476],[173.5017,52.4375],[173.44,52.4528],[173.4256,52.4322],[173.3823,52.4311],[173.3544,52.4031],[173.4689,52.3806],[173.5611,52.4011],[173.6167,52.3969],[173.6065,52.3786],[173.64,52.3747],[173.642,52.356],[173.7241,52.3556],[173.6922,52.4619],[173.7561,52.4958]]],[[[174.1089,52.7328],[174.0922,52.7404],[174.0542,52.7221],[174.1552,52.7055],[174.1408,52.7269],[174.1089,52.7328]]],[[[173.9617,52.7475],[173.9438,52.7502],[173.995,52.7203],[174.0185,52.7282],[173.9966,52.737],[174.004,52.7438],[173.9617,52.7475]]],[[[173.88,52.7714],[173.8607,52.7734],[173.8951,52.7499],[173.9386,52.7499],[173.88,52.7714]]],[[[172.7928,53.0039],[172.6302,53.0006],[172.4361,52.92],[172.495,52.9181],[172.5153,52.903],[172.6372,52.9247],[172.6507,52.9117],[172.6298,52.8993],[172.6183,52.8653],[172.7911,52.8903],[172.7367,52.7933],[172.7816,52.7777],[172.8128,52.8033],[172.8456,52.7858],[172.8667,52.8008],[172.8922,52.7889],[172.9061,52.7458],[172.9461,52.7581],[173.0061,52.8164],[173.0567,52.8325],[173.1217,52.7839],[173.1767,52.7931],[173.1578,52.8206],[173.1783,52.8131],[173.2189,52.8567],[173.2939,52.8267],[173.2833,52.8142],[173.3106,52.8058],[173.2994,52.82],[173.3117,52.8281],[173.4267,52.83],[173.4278,52.8517],[173.2667,52.8636],[173.2639,52.8769],[173.3089,52.9117],[173.2706,52.9319],[173.2383,52.9242],[173.2467,52.9442],[173.1717,52.9128],[173.1544,52.9144],[173.1617,52.9258],[173.1278,52.9231],[173.1733,52.9583],[173.1245,52.9903],[172.9983,52.9922],[172.9423,52.972],[172.9047,52.9786],[172.9059,52.994],[172.7928,53.0039]]],[[[-130.7183,54.7578],[-130.7398,54.7525],[-130.6852,54.719],[-130.7183,54.7578]]],[[[-130.6655,54.7589],[-130.7151,54.7591],[-130.6742,54.729],[-130.6418,54.7292],[-130.6655,54.7589]]],[[[-132.3289,54.7669],[-132.3422,54.7667],[-132.325,54.7572],[-132.3289,54.7669]]],[[[-132.3262,54.7839],[-132.3396,54.7805],[-132.3205,54.7664],[-132.3124,54.7849],[-132.3262,54.7839]]],[[[-132.9617,54.8278],[-132.9939,54.8211],[-132.9489,54.8237],[-132.9617,54.8278]]],[[[-132.4583,54.7919],[-132.4507,54.8021],[-132.4699,54.787],[-132.4583,54.7919]]],[[[-132.3983,54.8006],[-132.4144,54.7855],[-132.4005,54.7731],[-132.3983,54.8006]]],[[[-132.4266,54.803],[-132.4322,54.8157],[-132.4457,54.8043],[-132.4383,54.7817],[-132.4266,54.803]]],[[[-130.5194,54.8587],[-130.5406,54.8631],[-130.5944,54.8309],[-130.6178,54.7939],[-130.5262,54.8155],[-130.5056,54.8342],[-130.5194,54.8587]]],[[[-131.2626,54.8683],[-131.2994,54.8619],[-131.2516,54.8681],[-131.2626,54.8683]]],[[[-131.2469,54.9996],[-131.3433,54.9592],[-131.3517,54.9842],[-131.3922,54.9656],[-131.3839,54.9761],[-131.4022,54.9753],[-131.4083,54.9619],[-131.4633,54.9617],[-131.4983,54.9339],[-131.4667,54.9133],[-131.4439,54.9214],[-131.4406,54.9033],[-131.4044,54.8903],[-131.3567,54.925],[-131.3844,54.9031],[-131.3911,54.8723],[-131.3472,54.8558],[-131.3189,54.8823],[-131.2244,54.8811],[-131.2456,54.8908],[-131.1905,54.9192],[-131.2906,54.9197],[-131.2511,54.9236],[-131.2322,54.9444],[-131.2483,54.96],[-131.2397,54.9683],[-131.2556,54.9692],[-131.2469,54.9996]]],[[[-131.5828,54.9525],[-131.6083,54.9467],[-131.5883,54.9319],[-131.5828,54.9525]]],[[[-131.5155,54.9983],[-131.5394,54.9981],[-131.5028,54.9633],[-131.4972,54.9903],[-131.5155,54.9983]]],[[[-131.3261,54.9939],[-131.3424,54.9715],[-131.3,54.9875],[-131.3261,54.9939]]],[[[-132.7194,54.9368],[-132.7639,54.9337],[-132.76,54.9211],[-132.8122,54.9328],[-132.7883,54.9264],[-132.7994,54.9208],[-132.7911,54.9017],[-132.8183,54.9242],[-132.8061,54.8711],[-132.7046,54.8147],[-132.6778,54.7661],[-132.6355,54.7489],[-132.6227,54.7681],[-132.61,54.7633],[-132.6134,54.7872],[-132.6328,54.795],[-132.6239,54.8039],[-132.7144,54.8475],[-132.6739,54.8419],[-132.6694,54.8567],[-132.6317,54.8364],[-132.63,54.8519],[-132.6616,54.8661],[-132.6228,54.8733],[-132.6488,54.9038],[-132.6739,54.8961],[-132.6628,54.9103],[-132.6966,54.9255],[-132.7322,54.9073],[-132.75,54.9156],[-132.7123,54.9297],[-132.7194,54.9368]]],[[[-131.9839,54.8792],[-132.0069,54.8778],[-131.9843,54.8673],[-131.9839,54.8792]]],[[[-132.0167,54.8867],[-132.0267,54.8881],[-132.0067,54.8828],[-132.0167,54.8867]]],[[[-132.4084,54.9015],[-132.4215,54.897],[-132.4094,54.8858],[-132.4084,54.9015]]],[[[-133.1011,55.2372],[-133.125,55.2645],[-133.2145,55.245],[-133.2222,55.2131],[-133.1572,55.1947],[-133.2395,55.1836],[-133.19,55.1767],[-133.2022,55.1661],[-133.1822,55.1542],[-133.245,55.1659],[-133.1828,55.1367],[-133.2322,55.1281],[-133.2222,55.1203],[-133.1489,55.1362],[-133.1122,55.1217],[-133.1472,55.1295],[-133.1939,55.1136],[-133.13,55.0989],[-133.2386,55.0999],[-133.2372,55.0842],[-133.1722,55.0597],[-133.2239,55.0567],[-133.1961,55.0314],[-133.165,55.0311],[-133.1739,55.0058],[-133.1466,54.9975],[-133.1728,54.9819],[-133.1439,54.9622],[-133.1672,54.9497],[-133.0522,54.9475],[-133.1339,54.9319],[-133.1003,54.9171],[-133.0166,54.9267],[-133.0891,54.9077],[-133.0506,54.8867],[-133.0196,54.8921],[-133.0539,54.8767],[-133.01,54.8709],[-133.0361,54.8578],[-133.0028,54.8283],[-132.9163,54.8457],[-132.9344,54.8341],[-132.9272,54.8261],[-132.9769,54.805],[-132.8617,54.7458],[-132.8233,54.7508],[-132.8869,54.7409],[-132.8633,54.7264],[-132.8739,54.7145],[-132.8583,54.7092],[-132.8745,54.701],[-132.8417,54.6867],[-132.8201,54.6923],[-132.8161,54.7125],[-132.7967,54.6836],[-132.7461,54.6875],[-132.7777,54.6711],[-132.6841,54.6621],[-132.6624,54.6737],[-132.7306,54.7],[-132.6972,54.6986],[-132.7195,54.7039],[-132.7017,54.7031],[-132.6963,54.7299],[-132.7756,54.7461],[-132.7206,54.7444],[-132.7533,54.7603],[-132.7161,54.7617],[-132.7556,54.8003],[-132.7422,54.8017],[-132.7922,54.8081],[-132.7491,54.8193],[-132.7994,54.8475],[-132.845,54.8425],[-132.8139,54.8561],[-132.855,54.8769],[-132.8551,54.8963],[-132.9267,54.9103],[-132.8962,54.9295],[-132.9344,54.9297],[-132.9072,54.9389],[-132.917,54.9513],[-132.9845,54.9478],[-132.9536,54.9483],[-132.9438,54.9665],[-132.9633,54.9889],[-132.9547,55.0161],[-132.9972,55.0117],[-132.9833,55.0275],[-133.0163,55.0351],[-133.0317,55.0147],[-133.0315,55.0396],[-133.0831,55.0448],[-133.0068,55.0518],[-133.0614,55.0787],[-133.035,55.085],[-133.0942,55.0881],[-133.0794,55.0997],[-132.9711,55.0639],[-133.0106,55.0867],[-133.0217,55.1147],[-133.0095,55.1231],[-133.0263,55.1388],[-133.1128,55.1553],[-133.0589,55.1692],[-133.0745,55.1919],[-133.1067,55.19],[-133.085,55.1981],[-133.0956,55.2167],[-133.1322,55.2042],[-133.0995,55.2219],[-133.1122,55.23],[-133.1011,55.2372]]],[[[-132.8622,54.9758],[-132.8761,54.9675],[-132.8489,54.9594],[-132.8622,54.9758]]],[[[-132.4806,54.9642],[-132.495,54.9688],[-132.4928,54.9508],[-132.4806,54.9642]]],[[[-132.8419,54.9887],[-132.8533,54.9908],[-132.8242,54.9799],[-132.8419,54.9887]]],[[[-132.8978,55.0617],[-132.9167,55.065],[-132.9072,55.0522],[-132.8978,55.0617]]],[[[-132.9233,55.0742],[-132.9383,55.0683],[-132.9173,55.0427],[-132.9233,55.0742]]],[[[-132.8328,55.1994],[-132.8973,55.1547],[-132.8744,55.1261],[-132.8861,55.1161],[-132.878,55.1004],[-132.8288,55.0836],[-132.8072,55.0933],[-132.8444,55.0641],[-132.8755,55.0614],[-132.8517,55.0514],[-132.8828,55.0578],[-132.8758,55.0484],[-132.8932,55.0361],[-132.8098,55.0081],[-132.8083,55.0422],[-132.7533,54.9881],[-132.7483,55.0115],[-132.6894,55.0208],[-132.6828,55.0471],[-132.6994,55.0811],[-132.7172,55.0823],[-132.7106,55.1008],[-132.73,55.1072],[-132.6967,55.1064],[-132.688,55.1245],[-132.7207,55.1413],[-132.7339,55.13],[-132.7759,55.1638],[-132.826,55.1749],[-132.8109,55.1776],[-132.8328,55.1994]]],[[[-131.2392,55.0303],[-131.281,55.0179],[-131.2557,55.0131],[-131.2392,55.0303]]],[[[-131.2011,55.1078],[-131.24,55.0917],[-131.2456,55.0733],[-131.195,55.0433],[-131.1944,55.0706],[-131.175,55.0874],[-131.2011,55.1078]]],[[[-131.553,55.282],[-131.57,55.2843],[-131.5211,55.2528],[-131.5915,55.2732],[-131.605,55.2142],[-131.5678,55.1758],[-131.607,55.1765],[-131.5619,55.1658],[-131.5314,55.1381],[-131.5444,55.1178],[-131.5966,55.1241],[-131.6128,55.1007],[-131.5911,55.0873],[-131.623,55.0534],[-131.6183,55.0389],[-131.6485,55.0353],[-131.645,55.0233],[-131.6133,55.0169],[-131.6028,54.9964],[-131.5883,55.0158],[-131.5429,55.0269],[-131.5348,55.0615],[-131.5742,55.0725],[-131.548,55.0947],[-131.4923,55.0121],[-131.3807,55.0159],[-131.3563,55.0403],[-131.3509,55.0715],[-131.3757,55.0909],[-131.3589,55.1027],[-131.3855,55.1147],[-131.3618,55.1098],[-131.3515,55.1233],[-131.3978,55.1969],[-131.3885,55.2009],[-131.4663,55.2248],[-131.4928,55.2469],[-131.4783,55.2514],[-131.553,55.282]]],[[[-131.3702,55.1868],[-131.3861,55.1953],[-131.3521,55.1635],[-131.3267,55.1685],[-131.3702,55.1868]]],[[[-131.448,55.2641],[-131.4601,55.2647],[-131.4275,55.2386],[-131.3972,55.2401],[-131.448,55.2641]]],[[[-131.0311,55.3053],[-131.0461,55.2995],[-131.0328,55.2853],[-131.0311,55.3053]]],[[[-131.83,55.4205],[-131.8551,55.4207],[-131.8317,55.3758],[-131.8811,55.3793],[-131.8535,55.3537],[-131.8693,55.3122],[-131.8292,55.1899],[-131.8069,55.1842],[-131.801,55.1625],[-131.7855,55.1661],[-131.7933,55.1528],[-131.78,55.1392],[-131.7465,55.129],[-131.7411,55.1561],[-131.7568,55.152],[-131.723,55.1693],[-131.7285,55.1901],[-131.7122,55.1894],[-131.75,55.2167],[-131.742,55.2292],[-131.7711,55.2617],[-131.6911,55.2239],[-131.6888,55.2519],[-131.6701,55.2585],[-131.6889,55.2728],[-131.6915,55.3053],[-131.6373,55.2798],[-131.6169,55.2935],[-131.83,55.4205]]],[[[-131.6428,55.3334],[-131.6609,55.3331],[-131.5949,55.3065],[-131.6428,55.3334]]],[[[-130.9451,55.374],[-130.9678,55.3811],[-130.9836,55.3667],[-130.9695,55.3162],[-130.9306,55.3379],[-130.9451,55.374]]],[[[-130.907,55.4523],[-130.9029,55.4637],[-130.9238,55.4289],[-130.8998,55.4013],[-130.907,55.4523]]],[[[-132.9839,55.1609],[-132.981,55.1721],[-132.9953,55.1702],[-132.9839,55.1609]]],[[[-132.8801,55.2266],[-132.9348,55.2143],[-132.9328,55.1939],[-132.9515,55.1834],[-132.9259,55.1716],[-132.8977,55.1931],[-132.89,55.1692],[-132.88,55.1975],[-132.8922,55.2059],[-132.8672,55.2186],[-132.8801,55.2266]]],[[[-132.1868,55.4048],[-132.213,55.4027],[-132.1756,55.3994],[-132.1868,55.4048]]],[[[-132.121,55.4469],[-132.1474,55.4439],[-132.1095,55.4422],[-132.121,55.4469]]],[[[-133.1357,55.3902],[-133.1154,55.3991],[-133.1616,55.3939],[-133.1357,55.3902]]],[[[-133.0972,55.4353],[-133.1222,55.4414],[-133.105,55.4269],[-133.0972,55.4353]]],[[[-133.1567,55.4909],[-133.1711,55.5041],[-133.1929,55.496],[-133.1689,55.4753],[-133.1567,55.4909]]],[[[-133.5278,54.8344],[-133.5489,54.8317],[-133.5373,54.8285],[-133.55,54.7858],[-133.5233,54.7631],[-133.5094,54.7942],[-133.5278,54.8344]]],[[[-133.5678,55.4206],[-133.5932,55.4316],[-133.6144,55.4192],[-133.6051,55.4083],[-133.6187,55.3854],[-133.6389,55.3964],[-133.6787,55.3767],[-133.6222,55.3639],[-133.6517,55.3394],[-133.6406,55.3259],[-133.6685,55.3285],[-133.6928,55.3069],[-133.6544,55.3128],[-133.6734,55.2939],[-133.6689,55.2769],[-133.6133,55.2369],[-133.5913,55.2927],[-133.6011,55.3006],[-133.5692,55.3339],[-133.6011,55.3492],[-133.6178,55.3342],[-133.5989,55.3683],[-133.5839,55.3717],[-133.5794,55.3494],[-133.5433,55.3345],[-133.5105,55.3631],[-133.5578,55.3797],[-133.4944,55.3658],[-133.4592,55.3789],[-133.4711,55.4122],[-133.5678,55.4206]]],[[[-133.6455,55.4215],[-133.6139,55.4404],[-133.6483,55.4389],[-133.6659,55.4217],[-133.6455,55.4215]]],[[[-133.0,55.2669],[-133.0495,55.2681],[-133.0345,55.2481],[-133.0069,55.2511],[-133.0211,55.2644],[-132.9884,55.2621],[-133.0,55.2669]]],[[[-133.3325,55.3453],[-133.3931,55.3427],[-133.3861,55.3236],[-133.4693,55.3153],[-133.4522,55.311],[-133.4622,55.3029],[-133.4522,55.2875],[-133.4017,55.2858],[-133.4714,55.2692],[-133.4544,55.2172],[-133.4124,55.2075],[-133.3888,55.2291],[-133.3579,55.2251],[-133.336,55.2031],[-133.2722,55.2136],[-133.2529,55.2221],[-133.23,55.2687],[-133.2043,55.2746],[-133.25,55.2769],[-133.2722,55.2942],[-133.2733,55.2772],[-133.2928,55.2925],[-133.3033,55.2764],[-133.34,55.2789],[-133.2966,55.3072],[-133.3325,55.3453]]],[[[-133.0847,55.3817],[-133.0689,55.3851],[-133.1049,55.3845],[-133.0847,55.3817]]],[[[-133.4099,55.4123],[-133.4383,55.4237],[-133.4433,55.3835],[-133.4189,55.3839],[-133.4099,55.4123]]],[[[-133.2318,55.4443],[-133.2978,55.4456],[-133.3256,55.4075],[-133.2522,55.4067],[-133.2318,55.4443]]],[[[-133.3967,55.5636],[-133.4439,55.5597],[-133.4561,55.5309],[-133.3639,55.4508],[-133.2798,55.5035],[-133.2852,55.5354],[-133.3228,55.5417],[-133.3369,55.5682],[-133.3967,55.5636]]],[[[-133.4623,55.5072],[-133.527,55.5294],[-133.5378,55.4894],[-133.6232,55.4505],[-133.5383,55.4281],[-133.45,55.44],[-133.425,55.4628],[-133.4623,55.5072]]],[[[-133.725,55.5525],[-133.73,55.5631],[-133.7596,55.5341],[-133.7111,55.5186],[-133.7702,55.5],[-133.7594,55.4864],[-133.7788,55.4889],[-133.7811,55.4702],[-133.8172,55.4561],[-133.8261,55.4369],[-133.7373,55.4723],[-133.6653,55.4384],[-133.6422,55.4511],[-133.6317,55.4908],[-133.5865,55.5052],[-133.5863,55.5404],[-133.6211,55.5547],[-133.6352,55.5309],[-133.6633,55.5578],[-133.725,55.5525]]],[[[-133.6996,55.5989],[-133.7307,55.6045],[-133.7162,55.5805],[-133.693,55.5835],[-133.6996,55.5989]]],[[[-133.605,55.5909],[-133.6,55.6059],[-133.6388,55.5973],[-133.6231,55.5834],[-133.605,55.5909]]],[[[-133.6399,55.6097],[-133.6561,55.6255],[-133.6457,55.6186],[-133.6602,55.6125],[-133.6399,55.6097]]],[[[-133.1344,55.5701],[-133.1194,55.6089],[-133.1578,55.5691],[-133.1522,55.5183],[-133.1136,55.5663],[-133.1344,55.5701]]],[[[-133.0889,55.5861],[-133.1128,55.5968],[-133.1199,55.5796],[-133.1061,55.5633],[-133.0889,55.5861]]],[[[-133.5689,55.6459],[-133.5994,55.6453],[-133.5887,55.6182],[-133.5467,55.6451],[-133.5689,55.6459]]],[[[-133.4289,55.6475],[-133.4045,55.635],[-133.4183,55.6547],[-133.4289,55.6475]]],[[[-133.4026,55.7203],[-133.4244,55.7172],[-133.4044,55.7083],[-133.4026,55.7203]]],[[[-133.5894,55.6847],[-133.6111,55.6831],[-133.552,55.6523],[-133.5428,55.6687],[-133.5894,55.6847]]],[[[-133.5583,55.8333],[-133.5988,55.8297],[-133.5894,55.7964],[-133.6194,55.8309],[-133.6532,55.8247],[-133.6594,55.8053],[-133.68,55.8061],[-133.6535,55.7933],[-133.7007,55.7803],[-133.645,55.7292],[-133.532,55.6927],[-133.4923,55.7071],[-133.4872,55.7324],[-133.5461,55.7775],[-133.5139,55.7692],[-133.5089,55.7875],[-133.489,55.7583],[-133.4161,55.74],[-133.3366,55.7597],[-133.3377,55.7893],[-133.3106,55.7955],[-133.3467,55.8072],[-133.3222,55.7942],[-133.3594,55.8003],[-133.3472,55.7886],[-133.365,55.7797],[-133.4013,55.7963],[-133.4894,55.7875],[-133.4904,55.8086],[-133.5583,55.8333]]],[[[-133.6764,55.8599],[-133.6817,55.8822],[-133.6979,55.8623],[-133.6844,55.8506],[-133.6764,55.8599]]],[[[-133.2956,55.9153],[-133.3528,55.8761],[-133.3362,55.8471],[-133.3622,55.845],[-133.26,55.7721],[-133.2163,55.8229],[-133.2239,55.8631],[-133.2476,55.885],[-133.2867,55.8625],[-133.2925,55.8794],[-133.27,55.8839],[-133.281,55.8877],[-133.2701,55.9035],[-133.2956,55.9153]]],[[[-133.3493,55.8855],[-133.3335,55.8995],[-133.3556,55.8975],[-133.3493,55.8855]]],[[[-133.3077,55.9325],[-133.3239,55.9578],[-133.34,55.9533],[-133.3278,55.9328],[-133.3405,55.9131],[-133.3167,55.9114],[-133.3077,55.9325]]],[[[-133.4869,55.8794],[-133.4922,55.8931],[-133.5132,55.888],[-133.4869,55.8794]]],[[[-133.6911,55.8842],[-133.7081,55.8889],[-133.7005,55.8754],[-133.6911,55.8842]]],[[[-133.8694,55.9373],[-133.9442,55.9171],[-133.9447,55.8935],[-133.9067,55.8442],[-133.8678,55.8461],[-133.8439,55.8675],[-133.8683,55.8786],[-133.8392,55.8897],[-133.8568,55.8979],[-133.8449,55.9041],[-133.8694,55.9373]]],[[[-133.4422,55.9969],[-133.4922,55.9928],[-133.4661,55.9828],[-133.5061,55.9489],[-133.4706,55.9483],[-133.4483,55.9309],[-133.4349,55.9562],[-133.3745,55.9922],[-133.3931,55.9982],[-133.4016,55.9769],[-133.4117,55.9964],[-133.4139,55.9836],[-133.4422,55.9969]]],[[[-133.4878,56.1686],[-133.5017,56.1642],[-133.4909,56.1546],[-133.5725,56.132],[-133.5033,56.1297],[-133.4828,56.1489],[-133.4878,56.1686]]],[[[-133.5333,56.1815],[-133.5558,56.1835],[-133.5338,56.1562],[-133.5333,56.1815]]],[[[-133.6022,56.3561],[-133.6322,56.3531],[-133.5842,56.2988],[-133.596,56.2853],[-133.6059,56.2933],[-133.5906,56.2995],[-133.6339,56.3236],[-133.6549,56.3287],[-133.6655,56.3141],[-133.6506,56.2964],[-133.6406,56.3123],[-133.635,56.2978],[-133.62,56.3031],[-133.6611,56.2845],[-133.6279,56.2478],[-133.6382,56.2118],[-133.6055,56.2044],[-133.5866,56.1786],[-133.5191,56.1991],[-133.5212,56.1856],[-133.4683,56.1764],[-133.479,56.1729],[-133.465,56.1548],[-133.41,56.1652],[-133.526,56.1179],[-133.6245,56.1424],[-133.645,56.1228],[-133.6328,56.1081],[-133.5259,56.0963],[-133.5018,56.0802],[-133.6361,56.0859],[-133.6975,56.071],[-133.6967,56.0509],[-133.8092,55.9668],[-133.8011,55.9206],[-133.7683,55.9281],[-133.745,55.9131],[-133.7306,55.9239],[-133.7147,55.8928],[-133.6822,55.9195],[-133.6378,55.92],[-133.6283,55.9319],[-133.6628,55.9522],[-133.6316,55.9695],[-133.6128,55.9389],[-133.5956,55.9667],[-133.5205,55.9933],[-133.488,56.0248],[-133.4883,56.0469],[-133.4764,56.0041],[-133.3938,56.0171],[-133.3761,56.0345],[-133.3817,56.0156],[-133.3628,56.0],[-133.3734,55.997],[-133.3507,55.9915],[-133.4311,55.9559],[-133.4144,55.9295],[-133.4422,55.9133],[-133.425,55.9023],[-133.405,55.9186],[-133.4178,55.9075],[-133.3844,55.8947],[-133.3728,55.9253],[-133.3894,55.9311],[-133.3861,55.9539],[-133.339,55.9851],[-133.3052,55.9861],[-133.3111,56.0064],[-133.3515,55.9962],[-133.3133,56.0089],[-133.3221,56.0159],[-133.2878,56.0156],[-133.3212,56.0941],[-133.3827,56.0845],[-133.3061,56.0914],[-133.2875,56.148],[-133.38,56.1572],[-133.2858,56.1603],[-133.2689,56.1417],[-133.2924,56.0833],[-133.2619,56.0503],[-133.2533,56.0192],[-133.2688,55.9847],[-133.2436,55.9567],[-133.285,55.9564],[-133.2528,55.9125],[-133.2683,55.9309],[-133.2878,55.9231],[-133.2683,55.9237],[-133.2399,55.8833],[-133.2044,55.8794],[-133.2193,55.8685],[-133.1944,55.8573],[-133.1598,55.8727],[-133.1956,55.8841],[-133.1322,55.8804],[-133.1495,55.8841],[-133.1556,55.8608],[-133.1733,55.8553],[-133.1472,55.8453],[-133.1724,55.8401],[-133.1589,55.8353],[-133.1611,55.8114],[-133.223,55.7888],[-133.2583,55.7464],[-133.3133,55.7384],[-133.3264,55.7626],[-133.3483,55.7461],[-133.3256,55.7336],[-133.3361,55.7189],[-133.3178,55.7275],[-133.3423,55.7063],[-133.3871,55.7351],[-133.3921,55.6957],[-133.3522,55.6911],[-133.3722,55.6725],[-133.3909,55.6824],[-133.3928,55.6655],[-133.4132,55.6673],[-133.3868,55.6221],[-133.4061,55.6164],[-133.3778,55.6189],[-133.2716,55.5756],[-133.1983,55.5889],[-133.1711,55.58],[-133.1861,55.5887],[-133.1756,55.6017],[-133.1384,55.6],[-133.1378,55.613],[-133.1092,55.6186],[-133.0717,55.6233],[-133.0418,55.6087],[-132.9964,55.6377],[-132.9328,55.6239],[-133.0011,55.6264],[-133.0363,55.5997],[-133.0772,55.5953],[-133.0667,55.6022],[-133.1104,55.6131],[-133.1078,55.6011],[-133.0767,55.5992],[-133.0906,55.5753],[-133.0817,55.5603],[-133.0994,55.5619],[-133.0995,55.5428],[-133.1105,55.5549],[-133.1061,55.5367],[-133.1427,55.4889],[-133.1278,55.48],[-133.156,55.4766],[-133.0896,55.4496],[-132.9956,55.4525],[-133.0876,55.4296],[-133.0361,55.4164],[-133.0555,55.4059],[-133.0226,55.3799],[-132.8844,55.3536],[-133.0406,55.3425],[-133.1027,55.3753],[-133.149,55.3814],[-133.1606,55.3617],[-133.185,55.3819],[-133.2255,55.3828],[-133.275,55.3589],[-133.2306,55.3523],[-133.2822,55.3503],[-133.2339,55.3094],[-133.2462,55.292],[-133.1939,55.2781],[-133.1357,55.2841],[-133.1039,55.2597],[-133.0928,55.2708],[-133.1065,55.2836],[-133.0667,55.2731],[-133.086,55.2661],[-132.9172,55.2769],[-133.0464,55.2328],[-133.0417,55.2094],[-133.0161,55.2031],[-132.9739,55.2278],[-132.9695,55.212],[-132.9478,55.2095],[-132.9247,55.2298],[-132.8818,55.2305],[-132.8861,55.2511],[-132.8595,55.2567],[-132.8689,55.2686],[-132.8228,55.28],[-132.8372,55.2651],[-132.8228,55.2425],[-132.8355,55.2289],[-132.8267,55.2019],[-132.6678,55.1375],[-132.629,55.1723],[-132.6989,55.2417],[-132.6766,55.2398],[-132.67,55.2759],[-132.6062,55.2883],[-132.5461,55.2773],[-132.6567,55.2679],[-132.6577,55.2349],[-132.6326,55.2118],[-132.6061,55.2147],[-132.6295,55.2053],[-132.5772,55.1683],[-132.6292,55.1109],[-132.6364,55.0544],[-132.6244,55.0531],[-132.5844,55.1186],[-132.5561,55.1286],[-132.5606,55.1142],[-132.5233,55.1147],[-132.5689,55.0695],[-132.5061,55.0561],[-132.4811,55.0843],[-132.4906,55.06],[-132.4783,55.0531],[-132.5906,55.0383],[-132.5912,55.0159],[-132.5473,55.0218],[-132.5789,54.992],[-132.54,54.9881],[-132.5935,54.97],[-132.6115,54.9922],[-132.6163,54.9699],[-132.5627,54.9342],[-132.5294,54.9327],[-132.5111,54.9547],[-132.5382,54.9553],[-132.5,54.9603],[-132.5047,55.001],[-132.4739,54.9789],[-132.4656,54.9911],[-132.4561,54.9842],[-132.4715,54.9719],[-132.4717,54.9403],[-132.527,54.9189],[-132.4927,54.8952],[-132.4667,54.9109],[-132.4478,54.9039],[-132.4461,54.9203],[-132.415,54.9064],[-132.4339,54.9467],[-132.42,55.0467],[-132.3833,55.0873],[-132.4072,55.0455],[-132.3946,55.0175],[-132.4115,55.0056],[-132.4111,54.9678],[-132.3556,54.9256],[-132.4062,54.9527],[-132.4039,54.9296],[-132.3605,54.917],[-132.3755,54.8935],[-132.3378,54.8906],[-132.3567,54.8797],[-132.3439,54.8741],[-132.3161,54.8861],[-132.3122,54.9042],[-132.2955,54.8969],[-132.3283,54.8746],[-132.2939,54.8683],[-132.365,54.8714],[-132.3,54.8364],[-132.2956,54.8559],[-132.2856,54.8317],[-132.32,54.8356],[-132.344,54.8263],[-132.3328,54.8178],[-132.3656,54.8186],[-132.3733,54.8008],[-132.31,54.7986],[-132.3078,54.7803],[-132.2756,54.8156],[-132.2472,54.8217],[-132.2444,54.7997],[-132.2289,54.8017],[-132.2372,54.7889],[-132.2689,54.8003],[-132.2728,54.7825],[-132.2844,54.7789],[-132.2872,54.7942],[-132.3095,54.7769],[-132.3278,54.7431],[-132.3139,54.75],[-132.3022,54.73],[-132.3178,54.7222],[-132.2788,54.7123],[-132.2878,54.7258],[-132.2497,54.7381],[-132.2355,54.7723],[-132.2222,54.7581],[-132.2409,54.7481],[-132.2283,54.7402],[-132.2415,54.726],[-132.2022,54.7259],[-132.1961,54.7061],[-132.1655,54.7081],[-132.165,54.6908],[-132.1178,54.7017],[-132.1178,54.6861],[-132.0856,54.6853],[-132.1639,54.7436],[-132.0896,54.7012],[-132.0139,54.6917],[-132.0183,54.7123],[-131.9945,54.7404],[-132.0189,54.7603],[-131.9967,54.7719],[-132.0206,54.7841],[-131.9545,54.7914],[-132.0472,54.7959],[-132.0866,54.8155],[-131.9543,54.7987],[-131.9628,54.8175],[-132.0028,54.8286],[-131.9612,54.8348],[-132.03,54.8723],[-132.0589,54.8389],[-132.0406,54.8709],[-132.075,54.86],[-132.0414,54.8781],[-132.1128,54.8997],[-131.9722,54.9009],[-131.9922,54.925],[-131.9772,54.9225],[-131.9794,54.938],[-132.0278,54.9336],[-131.9989,54.9478],[-131.9728,54.9375],[-131.9833,54.9472],[-131.9661,54.9603],[-131.98,54.9694],[-132.0689,54.9511],[-132.0528,54.9733],[-132.0297,54.9669],[-132.0011,54.9825],[-132.0278,54.9887],[-131.98,54.9825],[-131.9991,55.0145],[-131.9783,55.0358],[-132.0464,55.0326],[-132.0372,55.0276],[-132.0927,55.0087],[-132.1055,54.9881],[-132.0928,54.9706],[-132.1111,54.9764],[-132.1058,55.0017],[-132.1178,55.0036],[-132.1239,54.9839],[-132.1306,54.9964],[-132.1444,54.9839],[-132.1344,54.9711],[-132.2105,54.9175],[-132.2111,54.9339],[-132.1585,54.9739],[-132.1633,54.9898],[-132.3111,54.9825],[-132.2272,54.9981],[-132.2777,55.0269],[-132.2397,55.0189],[-132.2715,55.0505],[-132.232,55.0325],[-132.2119,55.0031],[-132.0856,55.0378],[-132.0902,55.054],[-132.1461,55.0656],[-132.0839,55.0686],[-132.1028,55.0953],[-132.1783,55.1264],[-132.0885,55.1087],[-132.076,55.0797],[-131.9961,55.1078],[-132.012,55.1229],[-132.1033,55.1206],[-132.0346,55.1261],[-132.0296,55.1533],[-131.985,55.1683],[-131.9755,55.1836],[-131.9928,55.2136],[-131.9789,55.2161],[-132.0022,55.2467],[-131.9972,55.2664],[-132.0283,55.2798],[-132.0623,55.2624],[-132.0746,55.2238],[-132.0906,55.2222],[-132.0856,55.2067],[-132.1023,55.1942],[-132.1422,55.2017],[-132.1427,55.1861],[-132.1161,55.1839],[-132.1939,55.1506],[-132.1471,55.1836],[-132.1525,55.2127],[-132.2273,55.2207],[-132.2553,55.2057],[-132.2444,55.1802],[-132.275,55.2156],[-132.239,55.2379],[-132.2755,55.243],[-132.277,55.2202],[-132.2943,55.2225],[-132.3387,55.1867],[-132.3331,55.1313],[-132.355,55.1322],[-132.3535,55.1863],[-132.2906,55.2447],[-132.3666,55.2539],[-132.4022,55.2411],[-132.4733,55.2583],[-132.2605,55.2502],[-132.2789,55.2625],[-132.155,55.2367],[-132.0939,55.2667],[-132.0955,55.2827],[-132.1294,55.2997],[-132.1733,55.2914],[-132.1261,55.3072],[-132.1461,55.3117],[-132.1583,55.3353],[-132.1471,55.3399],[-132.1783,55.3606],[-132.1628,55.37],[-132.195,55.3719],[-132.2094,55.3561],[-132.2305,55.3705],[-132.2195,55.3786],[-132.245,55.3823],[-132.229,55.3901],[-132.2606,55.4067],[-132.2528,55.4144],[-132.2752,55.4197],[-132.3294,55.4119],[-132.3191,55.4005],[-132.3626,55.4077],[-132.3649,55.343],[-132.3461,55.3314],[-132.3589,55.3264],[-132.3816,55.3975],[-132.4119,55.4056],[-132.3947,55.4141],[-132.4572,55.4169],[-132.4783,55.3914],[-132.4644,55.3797],[-132.4909,55.3911],[-132.5077,55.3712],[-132.4744,55.3417],[-132.4622,55.3211],[-132.4728,55.3164],[-132.4828,55.3431],[-132.5244,55.365],[-132.475,55.4233],[-132.3661,55.4343],[-132.3539,55.4575],[-132.3589,55.4444],[-132.325,55.4372],[-132.2805,55.4436],[-132.3222,55.4803],[-132.3972,55.4742],[-132.4122,55.5155],[-132.4933,55.4953],[-132.5029,55.5077],[-132.5211,55.4886],[-132.5211,55.5203],[-132.555,55.5064],[-132.5678,55.4742],[-132.6303,55.4666],[-132.6657,55.4187],[-132.7439,55.3603],[-132.6684,55.4273],[-132.6678,55.4542],[-132.6883,55.46],[-132.6678,55.4853],[-132.6372,55.4791],[-132.5854,55.4986],[-132.54,55.5503],[-132.5228,55.5517],[-132.5775,55.5608],[-132.5823,55.5719],[-132.5663,55.5758],[-132.5795,55.5906],[-132.5278,55.5983],[-132.5539,55.6053],[-132.5572,55.6256],[-132.4217,55.5395],[-132.2447,55.4909],[-132.1761,55.4506],[-132.1428,55.4572],[-132.1433,55.4706],[-132.1822,55.5059],[-132.2642,55.5406],[-132.3006,55.5325],[-132.3278,55.5939],[-132.36,55.5961],[-132.3461,55.6242],[-132.3884,55.6693],[-132.4177,55.6677],[-132.4245,55.6273],[-132.4542,55.611],[-132.446,55.6679],[-132.4928,55.6636],[-132.4878,55.6403],[-132.5088,55.6655],[-132.5789,55.6881],[-132.5367,55.6911],[-132.4961,55.6656],[-132.4594,55.6833],[-132.485,55.7097],[-132.4517,55.7014],[-132.4444,55.7201],[-132.4599,55.7174],[-132.4516,55.7286],[-132.4928,55.7586],[-132.4694,55.7831],[-132.5448,55.8497],[-132.5822,55.8631],[-132.5672,55.8647],[-132.5828,55.8808],[-132.6169,55.8874],[-132.6011,55.8881],[-132.6164,55.9083],[-132.715,55.9584],[-132.7346,55.9842],[-132.8272,56.0228],[-132.8489,56.0],[-132.835,56.0116],[-132.8578,56.0323],[-132.9306,56.0122],[-132.9225,56.0451],[-132.9372,56.0613],[-132.9689,56.058],[-132.9674,56.0174],[-132.9422,56.0136],[-132.9694,55.9975],[-132.9832,56.0517],[-132.9911,56.0411],[-133.0203,56.0556],[-133.0703,56.0343],[-133.095,56.0469],[-133.145,56.1253],[-133.1086,56.0962],[-133.0882,56.1069],[-133.0883,56.1286],[-133.068,56.1131],[-133.0773,56.1318],[-133.0467,56.1525],[-133.0379,56.1827],[-133.0622,56.1931],[-133.0478,56.2003],[-133.0573,56.2145],[-133.0928,56.1764],[-133.0635,56.2194],[-133.0713,56.2431],[-133.107,56.2443],[-133.1259,56.2659],[-133.1398,56.2588],[-133.1178,56.2752],[-133.1439,56.2792],[-133.1511,56.3033],[-133.1678,56.2819],[-133.1694,56.3006],[-133.1502,56.3069],[-133.1739,56.3277],[-133.2732,56.3359],[-133.33,56.301],[-133.3024,56.2764],[-133.3429,56.2669],[-133.3294,56.2859],[-133.3461,56.3139],[-133.3256,56.3109],[-133.3333,56.3205],[-133.3152,56.3319],[-133.4328,56.3269],[-133.6022,56.3561]]],[[[-132.6033,56.0369],[-132.6222,56.0245],[-132.6056,56.0245],[-132.6078,56.0108],[-132.5939,56.0219],[-132.6033,56.0369]]],[[[-132.8394,56.0328],[-132.8494,56.0264],[-132.8344,56.0236],[-132.8394,56.0328]]],[[[-132.3472,55.5047],[-132.3817,55.5028],[-132.3193,55.49],[-132.3472,55.5047]]],[[[-131.7775,55.5362],[-131.8288,55.5313],[-131.8368,55.4927],[-131.7844,55.5019],[-131.7667,55.5224],[-131.7775,55.5362]]],[[[-131.4885,55.4941],[-131.5088,55.4791],[-131.4729,55.4962],[-131.4885,55.4941]]],[[[-131.7045,55.5627],[-131.7289,55.5576],[-131.7231,55.5357],[-131.7045,55.5627]]],[[[-131.2521,55.9681],[-131.37,55.9559],[-131.3806,55.935],[-131.459,55.9357],[-131.5428,55.9072],[-131.5836,55.9144],[-131.6,55.8996],[-131.5575,55.8818],[-131.5706,55.8756],[-131.5567,55.849],[-131.4369,55.8442],[-131.4613,55.8299],[-131.7094,55.8367],[-131.7007,55.7882],[-131.6783,55.7989],[-131.6308,55.7837],[-131.5531,55.7916],[-131.5554,55.8108],[-131.5383,55.8172],[-131.49,55.7875],[-131.5461,55.7669],[-131.582,55.7812],[-131.6166,55.7628],[-131.671,55.7701],[-131.7205,55.7473],[-131.7328,55.7289],[-131.6991,55.6965],[-131.6581,55.7118],[-131.6564,55.7278],[-131.6239,55.7294],[-131.6423,55.7075],[-131.6267,55.6942],[-131.7045,55.6863],[-131.7238,55.6345],[-131.617,55.5876],[-131.644,55.5956],[-131.6627,55.5811],[-131.6288,55.5847],[-131.656,55.5675],[-131.6472,55.5364],[-131.6861,55.5658],[-131.7182,55.5168],[-131.8343,55.4563],[-131.7431,55.3989],[-131.72,55.4066],[-131.7382,55.3841],[-131.698,55.3544],[-131.533,55.2941],[-131.5222,55.3257],[-131.4661,55.3751],[-131.54,55.4756],[-131.5164,55.5087],[-131.4596,55.5153],[-131.4599,55.4991],[-131.4928,55.4781],[-131.4867,55.4571],[-131.4722,55.4675],[-131.4901,55.4458],[-131.4427,55.3815],[-131.4244,55.3781],[-131.4846,55.3262],[-131.4574,55.3441],[-131.4076,55.3465],[-131.3968,55.3573],[-131.4119,55.3713],[-131.3253,55.4299],[-131.3139,55.4553],[-131.3671,55.5902],[-131.3564,55.6485],[-131.3377,55.5449],[-131.289,55.4657],[-131.2911,55.4311],[-131.2772,55.4333],[-131.3278,55.3892],[-131.3211,55.3747],[-131.3871,55.3689],[-131.3857,55.3419],[-131.4838,55.3],[-131.4606,55.2772],[-131.4066,55.2621],[-131.3683,55.2742],[-131.3435,55.2608],[-131.3433,55.2864],[-131.3278,55.2653],[-131.2998,55.2763],[-131.2538,55.3296],[-131.2922,55.3823],[-131.2521,55.3995],[-131.2366,55.3819],[-131.2355,55.4092],[-131.1989,55.3917],[-131.1904,55.3616],[-131.2405,55.2871],[-131.327,55.2452],[-131.2928,55.2372],[-131.2593,55.205],[-131.185,55.1908],[-131.1537,55.1999],[-131.1477,55.2297],[-131.1051,55.2325],[-131.1012,55.2475],[-131.0643,55.2602],[-131.0494,55.3053],[-131.06,55.3264],[-131.021,55.3501],[-131.0298,55.4085],[-130.9946,55.3798],[-130.9722,55.3891],[-130.978,55.4243],[-130.9917,55.4269],[-130.9819,55.4983],[-130.9944,55.4994],[-130.9728,55.5256],[-130.9894,55.5373],[-130.9836,55.5661],[-130.9757,55.5748],[-130.9472,55.5536],[-130.9289,55.5761],[-130.9363,55.588],[-130.9705,55.5833],[-130.9744,55.5973],[-130.9588,55.5895],[-130.9397,55.6198],[-130.9491,55.6541],[-130.9738,55.7058],[-131.0419,55.7668],[-131.07,55.7664],[-131.0433,55.7833],[-131.0711,55.8278],[-131.2521,55.9681]]],[[[-130.6101,56.2637],[-130.7818,56.3671],[-131.087,56.4061],[-131.4716,56.5527],[-131.5813,56.6123],[-131.8354,56.5991],[-131.8604,56.7029],[-131.9009,56.7535],[-131.8731,56.8063],[-132.1231,56.8739],[-132.0448,57.0451],[-132.3687,57.0917],[-132.2478,57.2111],[-132.3692,57.3499],[-132.5539,57.4967],[-132.7512,57.6961],[-132.869,57.8397],[-133.0696,58.0001],[-133.172,58.1538],[-133.3487,58.2795],[-133.4599,58.3885],[-133.38,58.4318],[-133.6995,58.6091],[-133.841,58.7299],[-134.258,58.8609],[-134.3363,58.9236],[-134.3134,58.9621],[-134.4074,58.979],[-134.382,59.0388],[-134.4827,59.131],[-134.5655,59.1308],[-134.6789,59.1921],[-134.7007,59.2489],[-134.9598,59.281],[-135.0335,59.3502],[-134.9924,59.3878],[-135.1006,59.4278],[-135.0279,59.4746],[-135.0289,59.5636],[-135.1175,59.6231],[-135.1572,59.6258],[-135.2198,59.6629],[-135.2337,59.6961],[-135.4796,59.7981],[-135.9476,59.6634],[-136.1953,59.6388],[-136.3535,59.5999],[-136.2414,59.5591],[-136.2363,59.5267],[-136.3085,59.4635],[-136.3963,59.4474],[-136.464,59.463],[-136.4578,59.2814],[-136.485,59.2763],[-136.582,59.1655],[-136.8247,59.1598],[-137.2827,59.0001],[-137.4515,58.9085],[-137.526,58.9066],[-137.5,58.9849],[-137.6074,59.2435],[-138.6092,59.76],[-138.6563,59.7992],[-138.7058,59.9062],[-139.0421,59.9916],[-139.177,60.0829],[-139.0485,60.3259],[-139.0521,60.3537],[-139.6801,60.3357],[-139.9741,60.1845],[-140.448,60.308],[-140.5203,60.2191],[-141.0016,60.3051],[-141.0063,69.6479],[-141.2104,69.6813],[-141.2109,69.663],[-141.2464,69.6297],[-141.35,69.6271],[-141.3974,69.638],[-141.5339,69.7286],[-141.675,69.7708],[-141.75,69.7625],[-141.7807,69.7766],[-141.7401,69.7828],[-141.8729,69.8021],[-141.9078,69.7943],[-141.9,69.8042],[-141.9292,69.7896],[-142.0104,69.7958],[-142.0354,69.8146],[-142.0682,69.8109],[-142.0604,69.8208],[-142.1016,69.7974],[-142.0838,69.7891],[-142.0958,69.7792],[-142.112,69.8016],[-142.0901,69.8224],[-142.1599,69.8203],[-142.0776,69.8339],[-142.0922,69.8432],[-142.15,69.8292],[-142.1401,69.837],[-142.1687,69.8458],[-142.2396,69.8458],[-142.2818,69.8828],[-142.3391,69.8859],[-142.338,69.9099],[-142.4078,69.913],[-142.3797,69.9287],[-142.5125,69.9625],[-142.5807,69.9589],[-142.587,69.9849],[-142.5672,69.9891],[-142.6354,70.0146],[-142.8667,70.0563],[-143.0,70.0563],[-143.0042,70.0771],[-143.1062,70.0771],[-143.2104,70.1104],[-143.2437,70.0979],[-143.2599,70.1141],[-143.2807,70.1036],[-143.263,70.0964],[-143.2974,70.0974],[-143.2896,70.0792],[-143.3099,70.0901],[-143.2922,70.1078],[-143.3313,70.1083],[-143.3172,70.1026],[-143.35,70.0896],[-143.65,70.0729],[-143.7016,70.0839],[-143.688,70.0953],[-143.7083,70.1],[-143.8042,70.0687],[-143.8854,70.075],[-143.8979,70.0583],[-143.9646,70.0563],[-143.9875,70.0792],[-143.9995,70.0714],[-143.9797,70.0505],[-143.9932,70.0484],[-143.9588,70.038],[-144.0224,70.0474],[-144.0109,70.0349],[-144.0245,70.0266],[-144.0172,69.9838],[-144.0396,69.9625],[-144.0276,69.9818],[-144.0391,69.9995],[-144.0276,70.0162],[-144.0391,70.0182],[-144.0234,70.037],[-144.0729,70.0521],[-144.0896,70.0375],[-144.4875,70.0167],[-144.6167,69.9667],[-144.8292,69.9833],[-144.9625,69.9583],[-145.025,69.9812],[-145.2771,69.9854],[-145.2088,70.0266],[-145.3,70.0104],[-145.4333,70.0313],[-145.4833,70.0583],[-145.6479,70.0292],[-145.6995,70.0349],[-145.6318,70.0495],[-145.7167,70.0583],[-145.7667,70.0458],[-145.7401,70.063],[-145.7766,70.0693],[-145.7646,70.0729],[-145.6146,70.0542],[-145.5734,70.0745],[-145.8104,70.1375],[-145.8542,70.1625],[-145.8724,70.1474],[-145.8547,70.1318],[-145.8786,70.1255],[-145.8443,70.1214],[-145.9271,70.1062],[-145.8901,70.1203],[-146.1292,70.1479],[-146.1172,70.1516],[-146.1687,70.1646],[-146.4312,70.1833],[-146.7104,70.1687],[-146.825,70.1771],[-146.9458,70.15],[-147.0667,70.1458],[-147.1708,70.1521],[-147.325,70.1896],[-147.6771,70.1979],[-147.8245,70.2255],[-147.7984,70.2297],[-147.8104,70.2396],[-147.8828,70.2338],[-147.8047,70.2443],[-147.788,70.2693],[-147.7958,70.2813],[-147.8458,70.2646],[-147.8437,70.275],[-147.9203,70.2682],[-147.9089,70.263],[-147.9667,70.2229],[-147.963,70.2391],[-147.9953,70.2401],[-147.9443,70.2526],[-147.9682,70.2682],[-147.8943,70.287],[-147.9812,70.2896],[-147.9995,70.2818],[-147.9422,70.2797],[-148.0833,70.2562],[-148.0255,70.2714],[-148.0766,70.2849],[-148.0213,70.3037],[-148.0708,70.3104],[-148.0979,70.2917],[-148.0838,70.3037],[-148.1099,70.3099],[-148.0734,70.3203],[-148.1313,70.3083],[-148.1172,70.3151],[-148.1271,70.3271],[-148.1875,70.3292],[-148.1734,70.3109],[-148.2042,70.3229],[-148.2146,70.3104],[-148.2479,70.3375],[-148.3391,70.3057],[-148.338,70.2797],[-148.4062,70.2771],[-148.3755,70.2995],[-148.4542,70.3125],[-148.4932,70.3005],[-148.4911,70.3182],[-148.4609,70.3328],[-148.4932,70.3349],[-148.4672,70.3474],[-148.5536,70.3422],[-148.5557,70.3536],[-148.5234,70.3609],[-148.5391,70.3641],[-148.4984,70.3703],[-148.5479,70.375],[-148.5813,70.3958],[-148.7437,70.4083],[-148.8661,70.3901],[-148.8318,70.4005],[-148.8562,70.4083],[-148.9229,70.3958],[-148.8797,70.4287],[-148.9542,70.4063],[-148.963,70.4266],[-149.0328,70.4401],[-149.0255,70.4537],[-149.1625,70.4854],[-149.2958,70.4833],[-149.3375,70.4979],[-149.3255,70.4901],[-149.3562,70.475],[-149.4062,70.4896],[-149.4667,70.4812],[-149.4214,70.4922],[-149.4646,70.5146],[-149.5396,70.4896],[-149.6583,70.5062],[-149.7271,70.5],[-149.762,70.4912],[-149.7521,70.4771],[-149.8646,70.5042],[-150.1042,70.4208],[-150.2479,70.4271],[-150.4792,70.3917],[-150.5125,70.3708],[-150.5849,70.3641],[-150.5729,70.3521],[-150.5958,70.3604],[-150.6562,70.3458],[-150.6839,70.3193],[-150.7432,70.3141],[-150.7484,70.2859],[-150.8078,70.2641],[-150.7833,70.2479],[-150.7953,70.2641],[-150.7755,70.2662],[-150.763,70.2443],[-150.7896,70.2333],[-150.8245,70.2536],[-150.8089,70.2151],[-150.9036,70.1787],[-150.9286,70.1536],[-150.8838,70.1464],[-150.9271,70.15],[-151.0141,70.1266],[-150.9505,70.1151],[-150.9917,70.0896],[-151.0432,70.0953],[-151.0172,70.088],[-151.0557,70.087],[-151.1037,70.0557],[-151.063,70.0391],[-151.075,70.0188],[-151.1203,70.0443],[-151.1083,70.0542],[-151.3625,70.0396],[-151.4109,70.0828],[-151.4745,70.0797],[-151.4422,70.0859],[-151.4563,70.0917],[-151.5453,70.0828],[-151.5745,70.0505],[-151.5443,70.0422],[-151.5667,70.0417],[-151.587,70.0516],[-151.5578,70.0828],[-151.4729,70.0938],[-151.4047,70.087],[-151.3521,70.0458],[-151.3297,70.0505],[-151.3537,70.0589],[-151.3391,70.0661],[-151.3062,70.0646],[-151.2964,70.0568],[-151.3266,70.0443],[-151.2812,70.0396],[-151.2021,70.0625],[-151.1375,70.05],[-151.05,70.1021],[-150.9859,70.0964],[-150.9797,70.1099],[-151.0396,70.1271],[-151.1182,70.1307],[-150.9297,70.1609],[-150.9245,70.1807],[-150.8359,70.2172],[-150.8578,70.2599],[-150.7693,70.2963],[-150.7641,70.3245],[-150.7297,70.338],[-150.7411,70.3745],[-150.6422,70.3901],[-150.6453,70.412],[-150.6255,70.4182],[-150.6687,70.4354],[-150.7016,70.4234],[-150.6958,70.4354],[-150.6422,70.4391],[-150.7771,70.475],[-150.8203,70.4589],[-150.7917,70.4437],[-150.7755,70.4495],[-150.7995,70.4578],[-150.7526,70.4516],[-150.787,70.4401],[-150.7547,70.4349],[-150.7505,70.413],[-150.8203,70.4068],[-150.7271,70.4],[-150.6771,70.4229],[-150.6693,70.4089],[-150.6995,70.4057],[-150.7021,70.3917],[-150.7557,70.4016],[-150.7542,70.3875],[-150.6984,70.3859],[-150.7708,70.3875],[-150.8083,70.3604],[-150.9141,70.3818],[-150.813,70.3839],[-150.8453,70.4068],[-150.8338,70.412],[-150.8661,70.4089],[-150.8458,70.4271],[-150.7964,70.4234],[-150.8286,70.4339],[-150.8068,70.4443],[-150.837,70.4526],[-150.8229,70.4563],[-150.8938,70.4458],[-150.9146,70.4625],[-150.9349,70.4568],[-150.9089,70.4505],[-150.95,70.4563],[-150.9667,70.4375],[-150.9995,70.4453],[-150.9839,70.4432],[-150.9953,70.4339],[-150.9833,70.425],[-150.9547,70.4307],[-150.9912,70.3932],[-150.9729,70.3729],[-151.0078,70.3818],[-150.9964,70.3995],[-151.0349,70.3964],[-150.9672,70.413],[-150.9797,70.4224],[-151.0417,70.4396],[-151.0703,70.4349],[-151.0646,70.4187],[-151.1057,70.4287],[-151.0672,70.4141],[-151.0891,70.3953],[-151.0505,70.3599],[-151.0724,70.3276],[-150.9964,70.3182],[-151.0229,70.2979],[-151.0328,70.3099],[-151.0213,70.3141],[-151.0786,70.3276],[-151.0651,70.362],[-151.1141,70.3859],[-151.0984,70.4099],[-151.1333,70.425],[-151.1953,70.4141],[-151.1807,70.3818],[-151.1338,70.3745],[-151.1443,70.363],[-151.2078,70.362],[-151.1755,70.3557],[-151.1979,70.35],[-151.2458,70.3729],[-151.2724,70.3682],[-151.2609,70.3641],[-151.2688,70.3542],[-151.3078,70.3536],[-151.2672,70.3474],[-151.2896,70.3458],[-151.3286,70.3557],[-151.2797,70.363],[-151.3182,70.3703],[-151.2672,70.3891],[-151.3104,70.4063],[-151.3557,70.3995],[-151.3495,70.3859],[-151.3167,70.3833],[-151.4292,70.3729],[-151.437,70.3828],[-151.3568,70.4036],[-151.5625,70.4375],[-151.8875,70.4313],[-151.9187,70.4417],[-151.9646,70.425],[-151.9766,70.4328],[-151.9422,70.4516],[-151.9974,70.4464],[-151.9187,70.475],[-151.7651,70.4901],[-151.8641,70.5036],[-151.7839,70.5068],[-151.7651,70.5203],[-151.8016,70.5286],[-151.7875,70.5417],[-151.7646,70.525],[-151.7422,70.5339],[-151.7604,70.5458],[-151.9812,70.5625],[-152.0849,70.5474],[-152.0625,70.5333],[-152.1229,70.55],[-152.225,70.5375],[-152.4391,70.5495],[-152.4172,70.5432],[-152.425,70.5333],[-152.5479,70.55],[-152.6562,70.5396],[-152.6724,70.5474],[-152.613,70.5547],[-152.6432,70.5714],[-152.6292,70.5813],[-152.6026,70.5787],[-152.6245,70.5682],[-152.6104,70.5625],[-152.5167,70.5813],[-152.25,70.5708],[-152.1979,70.5833],[-152.1,70.5646],[-152.0609,70.5755],[-152.3042,70.6042],[-152.3542,70.5958],[-152.4245,70.6088],[-152.45,70.6333],[-152.5021,70.6188],[-152.5188,70.6333],[-152.5641,70.6339],[-152.5234,70.6401],[-152.5312,70.6604],[-152.4896,70.6312],[-152.4672,70.6401],[-152.4849,70.6891],[-152.3818,70.7151],[-152.4224,70.7297],[-152.3797,70.738],[-152.4036,70.7474],[-152.3646,70.7354],[-152.2974,70.7849],[-152.2443,70.7943],[-152.2474,70.8057],[-152.2005,70.7995],[-152.2229,70.825],[-152.5833,70.8812],[-152.6703,70.8766],[-152.6193,70.8516],[-152.6172,70.8339],[-152.6536,70.8266],[-152.6714,70.788],[-152.7161,70.8182],[-152.6682,70.7422],[-152.6068,70.7557],[-152.65,70.7354],[-152.6953,70.7464],[-152.7401,70.8161],[-152.7828,70.8109],[-152.7443,70.8213],[-152.7464,70.8557],[-152.7713,70.8724],[-152.8161,70.8453],[-152.7734,70.8276],[-152.8167,70.8396],[-152.8646,70.8313],[-152.8234,70.8453],[-152.9391,70.8526],[-152.9641,70.8662],[-152.9026,70.8745],[-152.9396,70.8938],[-152.9937,70.8875],[-153.0479,70.9042],[-153.0604,70.8875],[-153.1313,70.8938],[-153.1432,70.9141],[-153.113,70.913],[-153.1292,70.9208],[-153.5057,70.8828],[-153.4854,70.8708],[-153.7104,70.8896],[-153.9333,70.8771],[-153.9984,70.8172],[-154.1562,70.7688],[-154.2682,70.7818],[-154.2318,70.7859],[-154.2417,70.7958],[-154.3042,70.7917],[-154.2339,70.8037],[-154.3167,70.8208],[-154.3286,70.8182],[-154.3229,70.8],[-154.3318,70.8161],[-154.362,70.8151],[-154.3464,70.8234],[-154.3562,70.8313],[-154.4578,70.8203],[-154.4417,70.8146],[-154.5917,70.8167],[-154.6516,70.8443],[-154.6276,70.8484],[-154.6338,70.8599],[-154.6979,70.8667],[-154.6943,70.8505],[-154.7063,70.85],[-154.7807,70.8807],[-154.6109,70.9068],[-154.6172,70.9411],[-154.6578,70.9474],[-154.613,70.9526],[-154.612,70.9724],[-154.5734,70.9953],[-154.6625,71.0354],[-154.687,71.0318],[-154.6651,71.0266],[-154.6589,71.0068],[-154.7063,71.0021],[-154.7266,71.0286],[-154.6922,71.0339],[-154.6963,71.0453],[-154.7516,71.0505],[-154.7255,71.0578],[-154.8125,71.0854],[-154.8729,71.0771],[-154.8891,71.0859],[-154.8813,71.1],[-154.937,71.0953],[-154.9047,71.0807],[-154.8922,71.0568],[-154.9646,71.05],[-154.9661,71.0339],[-154.8708,71.0354],[-154.8745,71.0599],[-154.8417,71.0729],[-154.8641,71.0443],[-154.7339,71.0328],[-154.7255,70.963],[-154.7583,70.9437],[-154.8208,70.975],[-154.8474,70.9766],[-154.8542,70.9604],[-154.8693,70.9807],[-154.9245,70.9912],[-154.8318,70.9432],[-154.8578,70.913],[-154.8193,70.9099],[-154.813,70.8901],[-154.8313,70.8875],[-154.8401,70.9036],[-154.8932,70.9151],[-154.8693,70.9234],[-154.8797,70.9349],[-154.9391,70.9422],[-154.9641,70.9943],[-154.8875,71.0125],[-154.8562,71.0042],[-154.8609,71.0245],[-154.9167,71.0292],[-154.9604,71.0083],[-154.9609,71.0307],[-154.9964,71.0474],[-155.0141,71.0432],[-155.0104,71.0313],[-155.0328,71.038],[-155.0255,71.0495],[-155.0495,71.087],[-155.0193,71.1057],[-155.0667,71.1292],[-155.1057,71.1255],[-155.0401,71.1099],[-155.0661,71.1036],[-155.0609,71.0839],[-155.0766,71.0672],[-155.0505,71.0641],[-155.0604,71.0417],[-155.0797,71.0661],[-155.1328,71.0818],[-155.1458,71.1042],[-155.2453,71.0807],[-155.225,71.0667],[-155.2641,71.0661],[-155.1568,71.0182],[-155.1505,70.9984],[-155.1693,70.9797],[-155.2141,70.9797],[-155.2625,71.0146],[-155.2724,70.988],[-155.2547,70.9734],[-155.2807,70.9776],[-155.2859,71.0036],[-155.3062,71.0062],[-155.3724,70.9912],[-155.4474,70.9495],[-155.4229,70.9146],[-155.4474,70.9151],[-155.4604,70.9458],[-155.512,70.9391],[-155.4797,70.9057],[-155.4828,70.8693],[-155.4599,70.8484],[-155.3125,70.8521],[-155.2234,70.8224],[-155.3078,70.8161],[-155.2547,70.8068],[-155.3271,70.8104],[-155.313,70.788],[-155.3604,70.7833],[-155.3818,70.8078],[-155.4849,70.8297],[-155.4776,70.837],[-155.5042,70.8562],[-155.587,70.838],[-155.5229,70.8271],[-155.4979,70.8375],[-155.5182,70.8234],[-155.463,70.813],[-155.4979,70.8146],[-155.5,70.8021],[-155.5333,70.8292],[-155.5896,70.8313],[-155.5818,70.8193],[-155.5995,70.8151],[-155.5526,70.8078],[-155.5875,70.8021],[-155.6896,70.8313],[-155.8104,70.8333],[-155.875,70.8271],[-155.9182,70.8037],[-155.8714,70.763],[-156.0,70.7479],[-155.9505,70.7797],[-156.012,70.7943],[-155.9875,70.8021],[-155.9724,70.7818],[-155.9547,70.7859],[-155.9787,70.7963],[-155.9672,70.8057],[-155.9839,70.8224],[-156.1333,70.8167],[-156.1214,70.8245],[-156.1495,70.8255],[-156.1474,70.837],[-156.0312,70.8292],[-156.0474,70.8411],[-155.9276,70.8557],[-156.1953,70.8599],[-156.1417,70.8812],[-156.1375,70.8667],[-156.088,70.8745],[-156.1037,70.8651],[-156.0854,70.8583],[-155.9958,70.8625],[-155.9818,70.8786],[-156.0036,70.8849],[-155.9708,70.8812],[-155.9687,70.8938],[-156.0729,70.8833],[-156.0672,70.8953],[-156.1037,70.9057],[-156.0276,70.9057],[-156.1062,70.9125],[-156.1453,70.8974],[-156.1109,70.8943],[-156.1625,70.8917],[-156.1484,70.9057],[-156.1729,70.9104],[-156.1932,70.9057],[-156.1714,70.8932],[-156.187,70.8912],[-156.1693,70.8849],[-156.1797,70.8672],[-156.2141,70.8693],[-156.1859,70.887],[-156.2437,70.9],[-156.2682,70.8964],[-156.238,70.8859],[-156.2786,70.8891],[-156.2547,70.8786],[-156.2745,70.8714],[-156.2188,70.8792],[-156.2328,70.8703],[-156.2193,70.8651],[-156.2958,70.8583],[-156.3266,70.8651],[-156.3188,70.8771],[-156.2797,70.8734],[-156.3078,70.8912],[-156.2354,70.9021],[-156.2349,70.9182],[-156.2193,70.9203],[-156.2979,70.9229],[-156.3729,70.9042],[-156.4187,70.9125],[-156.4411,70.9057],[-156.4151,70.887],[-156.4375,70.875],[-156.4891,70.8922],[-156.4484,70.9057],[-156.5057,70.9057],[-156.3583,70.9104],[-156.1625,70.9729],[-156.1109,70.9484],[-156.175,70.9167],[-155.9854,70.9187],[-156.0042,70.95],[-156.1078,70.9557],[-155.8188,70.9625],[-155.7896,70.9833],[-155.7271,70.9833],[-155.6974,71.0203],[-155.5838,71.0526],[-155.6141,71.0599],[-155.5172,71.0734],[-155.513,71.0974],[-155.5688,71.1396],[-155.6062,71.1188],[-155.6557,71.1234],[-155.6276,71.1318],[-155.6557,71.138],[-155.6453,71.1516],[-155.6172,71.1495],[-155.6224,71.1339],[-155.6083,71.1312],[-155.5693,71.1505],[-155.6016,71.1547],[-155.5672,71.1568],[-155.5771,71.1667],[-155.6375,71.1771],[-155.6458,71.1583],[-155.6662,71.1651],[-155.6625,71.1813],[-155.7,71.1667],[-155.7354,71.1896],[-155.7792,71.1792],[-155.7713,71.1891],[-155.7937,71.1937],[-155.8917,71.1771],[-155.9208,71.2104],[-155.9432,71.2057],[-155.9521,71.1833],[-156.1271,71.1604],[-156.0484,71.1839],[-156.0339,71.2016],[-156.1203,71.2214],[-156.0792,71.2375],[-156.2542,71.2625],[-156.4333,71.2583],[-156.4109,71.2703],[-156.4354,71.2875],[-156.462,71.2849],[-156.4463,71.2714],[-156.4625,71.2667],[-156.475,71.2875],[-156.5599,71.288],[-156.5318,71.2974],[-156.5682,71.3068],[-156.5568,71.312],[-156.5708,71.3333],[-156.6708,71.3292],[-156.6807,71.3255],[-156.6651,71.313],[-156.6849,71.3078],[-156.6714,71.3026],[-156.7703,71.2974],[-156.7276,71.2953],[-156.7333,71.2813],[-156.8099,71.287],[-156.8703,71.2536],[-156.8547,71.2505],[-156.9349,71.2245],[-157.062,71.1536],[-157.0292,71.1312],[-156.9458,71.125],[-156.9255,71.1088],[-157.0333,71.125],[-157.0234,71.1172],[-157.0688,71.1042],[-157.0828,71.112],[-157.0422,71.1182],[-157.0771,71.1458],[-157.2943,71.0193],[-157.3266,71.0141],[-157.3151,71.0068],[-157.7771,70.8708],[-158.0604,70.825],[-158.6208,70.7854],[-158.9021,70.7917],[-159.0604,70.8146],[-159.0625,70.8],[-158.9443,70.7797],[-159.0021,70.7625],[-159.0542,70.7708],[-159.1875,70.7521],[-159.2563,70.7708],[-159.2703,70.7599],[-159.2641,70.7359],[-159.1693,70.6828],[-159.1542,70.6583],[-159.2214,70.7037],[-159.2578,70.7089],[-159.2672,70.7307],[-159.3453,70.738],[-159.3047,70.7464],[-159.313,70.7724],[-159.3396,70.775],[-159.3359,70.763],[-159.3938,70.7479],[-159.3609,70.7641],[-159.4083,70.7625],[-159.4495,70.7849],[-159.3833,70.7771],[-159.3401,70.788],[-159.3438,70.8063],[-159.1193,70.8203],[-159.1703,70.8359],[-159.1526,70.8401],[-159.1687,70.8521],[-159.3708,70.8438],[-159.6854,70.7771],[-160.1078,70.6078],[-159.9812,70.6354],[-159.8917,70.6125],[-159.8109,70.5828],[-159.8286,70.5766],[-159.8203,70.538],[-159.7547,70.5141],[-159.7271,70.4854],[-159.6229,70.4875],[-159.6,70.5062],[-159.5359,70.5026],[-159.5375,70.5167],[-159.3401,70.512],[-159.4078,70.4953],[-159.4208,70.4792],[-159.4339,70.4995],[-159.4854,70.5021],[-159.5854,70.4646],[-159.6729,70.4542],[-159.75,70.4646],[-159.7609,70.487],[-159.7812,70.4896],[-159.7995,70.4786],[-159.7922,70.4526],[-159.8599,70.4307],[-159.8484,70.4234],[-159.8786,70.3839],[-159.8255,70.3557],[-159.8213,70.3359],[-159.8661,70.2839],[-159.838,70.2714],[-159.8417,70.2979],[-159.8193,70.2828],[-159.8411,70.2568],[-159.7547,70.2141],[-159.7745,70.2109],[-159.7474,70.1734],[-159.6734,70.1495],[-159.6828,70.1276],[-159.5833,70.1146],[-159.6849,70.1151],[-159.6859,70.1495],[-159.7745,70.1839],[-159.7713,70.2037],[-159.8411,70.2338],[-159.8297,70.2412],[-159.862,70.2547],[-159.863,70.2766],[-159.8974,70.2714],[-159.8776,70.2911],[-159.9099,70.2943],[-159.9005,70.2995],[-159.9224,70.3172],[-159.8984,70.3349],[-159.9583,70.3729],[-160.2099,70.2797],[-160.1089,70.3339],[-160.1495,70.3411],[-160.0833,70.3458],[-160.038,70.3693],[-160.0474,70.3786],[-159.9797,70.4109],[-159.9787,70.4411],[-159.9047,70.4745],[-159.9375,70.4833],[-160.0458,70.4604],[-160.1828,70.4599],[-160.0583,70.4708],[-160.0516,70.4932],[-160.0292,70.5021],[-159.913,70.5109],[-159.8984,70.5266],[-159.9391,70.5318],[-159.9047,70.5422],[-159.9208,70.5813],[-160.025,70.5792],[-160.0583,70.5625],[-160.1292,70.5625],[-160.1193,70.5703],[-160.138,70.5807],[-160.1687,70.5792],[-160.2536,70.5432],[-160.2359,70.5359],[-160.2688,70.5396],[-160.3807,70.5016],[-160.3917,70.4854],[-160.6786,70.4036],[-160.7208,70.3771],[-160.9787,70.3141],[-160.9354,70.2896],[-161.012,70.2984],[-160.9797,70.3078],[-161.0203,70.313],[-161.0047,70.3182],[-161.0208,70.325],[-161.1042,70.2896],[-161.3208,70.2458],[-161.6104,70.2438],[-161.6245,70.237],[-161.6172,70.2214],[-161.7266,70.1974],[-161.6901,70.1859],[-161.7833,70.1833],[-161.8375,70.15],[-162.0125,70.1583],[-162.0703,70.1432],[-162.0547,70.1172],[-162.0995,70.1255],[-162.0776,70.137],[-162.1078,70.1432],[-162.0713,70.1547],[-162.0813,70.1625],[-162.0443,70.163],[-162.0599,70.1713],[-162.0458,70.1792],[-161.9792,70.1833],[-161.9146,70.1604],[-161.8458,70.1604],[-161.8193,70.1807],[-161.862,70.2099],[-161.7318,70.2109],[-161.7417,70.2229],[-161.8646,70.2292],[-161.8833,70.2438],[-161.663,70.2422],[-161.6979,70.2667],[-161.7729,70.2729],[-161.7713,70.2568],[-161.8,70.2562],[-161.8432,70.2714],[-161.8026,70.2755],[-161.8213,70.2891],[-161.8766,70.2995],[-161.8229,70.3],[-161.7812,70.2813],[-161.763,70.2839],[-161.7766,70.2953],[-161.7604,70.3042],[-161.6609,70.2859],[-161.6687,70.2937],[-161.7958,70.3208],[-161.9125,70.3187],[-161.937,70.3005],[-161.9089,70.2922],[-161.937,70.2953],[-161.9318,70.2818],[-161.9682,70.2703],[-162.0026,70.2359],[-162.2057,70.1682],[-162.2026,70.1526],[-162.2682,70.1286],[-162.2588,70.1214],[-162.3411,70.1057],[-162.3474,70.0922],[-162.3172,70.0797],[-162.3917,70.0958],[-162.388,70.0755],[-162.4682,70.0578],[-162.4807,70.0484],[-162.3901,70.0547],[-162.4578,70.0432],[-162.4588,69.9922],[-162.5359,69.938],[-162.7474,69.8641],[-162.8224,69.8307],[-162.8213,69.8193],[-162.8938,69.8104],[-162.9828,69.7703],[-162.8984,69.7443],[-162.9396,69.7354],[-162.9536,69.7432],[-162.9339,69.7474],[-163.0078,69.7557],[-163.0286,69.7276],[-162.9172,69.6943],[-162.9792,69.6687],[-163.0391,69.6849],[-163.0453,69.6526],[-163.0151,69.6495],[-163.0495,69.6495],[-163.0318,69.6318],[-163.0896,69.65],[-163.1224,69.6182],[-163.0958,69.6042],[-163.0672,69.613],[-163.0771,69.6188],[-163.0505,69.612],[-163.1141,69.5943],[-163.0255,69.5578],[-163.013,69.5391],[-163.0453,69.5286],[-163.0213,69.5109],[-163.0578,69.4786],[-163.0464,69.4714],[-163.0724,69.4693],[-163.0693,69.4807],[-163.087,69.4849],[-163.0651,69.4661],[-163.0807,69.4401],[-163.0609,69.4328],[-163.087,69.4349],[-163.1016,69.3943],[-163.0859,69.3797],[-163.1245,69.3662],[-163.1234,69.3422],[-163.1974,69.3078],[-163.2161,69.287],[-163.2047,69.2818],[-163.3036,69.2703],[-163.3422,69.2401],[-163.4661,69.1911],[-163.4953,69.1661],[-163.4672,69.1661],[-163.488,69.1484],[-163.9312,68.9917],[-164.0958,68.9625],[-164.1396,68.9417],[-164.2833,68.925],[-164.6,68.9167],[-165.1812,68.8646],[-165.6375,68.8438],[-166.2125,68.8792],[-166.2245,68.8651],[-166.1854,68.7792],[-166.2016,68.7182],[-166.1922,68.6943],[-166.2287,68.6495],[-166.213,68.6412],[-166.2307,68.6057],[-166.2193,68.5714],[-166.2995,68.5141],[-166.3005,68.463],[-166.362,68.4099],[-166.3255,68.3995],[-166.3255,68.3839],[-166.4125,68.4021],[-166.4026,68.388],[-166.4417,68.3938],[-166.4505,68.3776],[-166.537,68.362],[-166.513,68.3495],[-166.5208,68.3396],[-166.7479,68.3562],[-166.8286,68.3432],[-166.2479,68.3187],[-166.1714,68.2849],[-166.1245,68.238],[-166.0958,68.2438],[-166.0505,68.2266],[-166.0661,68.213],[-166.0151,68.2016],[-166.0161,68.1797],[-165.9563,68.1333],[-165.8813,68.1104],[-165.3667,68.0396],[-164.9266,67.8734],[-164.8193,67.8516],[-164.8224,67.8401],[-164.7896,67.825],[-164.7563,67.8187],[-164.7682,67.8287],[-164.725,67.8354],[-164.663,67.8161],[-164.6849,67.8026],[-164.6172,67.7953],[-164.6245,67.7839],[-164.5964,67.7807],[-164.6182,67.7807],[-164.6078,67.7672],[-164.5443,67.7536],[-164.5536,67.7464],[-164.5292,67.7354],[-164.4776,67.7349],[-164.5036,67.7297],[-164.4625,67.7063],[-164.4401,67.7161],[-164.4417,67.6979],[-164.2734,67.6953],[-164.2891,67.6818],[-164.2047,67.6557],[-164.2245,67.6443],[-164.1479,67.6417],[-164.1026,67.6182],[-164.0995,67.5964],[-164.0297,67.5724],[-164.0307,67.5568],[-163.9766,67.5109],[-163.8922,67.4912],[-163.9307,67.4672],[-163.8703,67.4151],[-163.8167,67.4187],[-163.7547,67.3891],[-163.8203,67.3526],[-163.7974,67.3068],[-163.7526,67.2703],[-163.7641,67.263],[-163.7411,67.1964],[-163.7193,67.1932],[-163.737,67.1839],[-163.6417,67.1854],[-163.5875,67.1563],[-163.4609,67.1307],[-163.438,67.1162],[-163.4453,67.1068],[-163.4151,67.0984],[-163.4229,67.0833],[-163.4708,67.1062],[-163.5224,67.1047],[-163.5,67.1146],[-163.6917,67.1208],[-163.6859,67.1307],[-163.7391,67.1474],[-163.7432,67.1255],[-163.6938,67.1062],[-163.2896,67.0604],[-163.2995,67.0745],[-163.2625,67.0833],[-163.1583,67.0458],[-162.9458,67.0188],[-162.9578,67.0245],[-162.9193,67.0391],[-162.9641,67.0411],[-162.8,67.0396],[-162.7104,67.0563],[-162.6943,67.0495],[-162.7078,67.0401],[-162.6463,67.0224],[-162.662,67.0109],[-162.5109,66.9818],[-162.5234,67.0016],[-162.5412,66.9984],[-162.5161,67.0286],[-162.4766,67.0537],[-162.4359,67.0568],[-162.3651,67.1432],[-162.4042,67.1563],[-162.5896,67.1292],[-162.6141,67.1578],[-162.4714,67.2161],[-162.5479,67.225],[-162.6021,67.2583],[-162.7,67.2521],[-162.7375,67.2646],[-162.7953,67.2505],[-162.7604,67.2688],[-162.7021,67.2562],[-162.6375,67.2667],[-162.5797,67.2578],[-162.5437,67.2292],[-162.4588,67.2161],[-162.562,67.1828],[-162.587,67.1578],[-162.5745,67.1422],[-162.525,67.1333],[-162.4646,67.1542],[-162.3255,67.1557],[-162.412,67.0849],[-162.3922,67.0776],[-162.4349,67.0474],[-162.4318,67.0339],[-162.4474,67.0276],[-162.438,67.0391],[-162.45,67.0458],[-162.5016,67.0224],[-162.5042,67.0062],[-162.4443,67.0224],[-162.4974,66.9995],[-162.4833,66.9833],[-162.2375,66.9938],[-162.1625,67.0188],[-161.8646,67.05],[-161.7396,67.0292],[-161.7229,67.0083],[-161.7083,67.025],[-161.6521,67.0208],[-161.6557,67.0089],[-161.6193,67.0099],[-161.5833,66.9833],[-161.5193,66.987],[-161.4734,66.9495],[-161.4859,66.9255],[-161.6438,66.9521],[-161.6479,66.9396],[-161.7057,66.9411],[-161.7078,66.9276],[-161.6859,66.9234],[-161.7828,66.8912],[-161.7912,66.8776],[-161.7786,66.863],[-161.7276,66.8464],[-161.7792,66.8583],[-161.7974,66.8203],[-161.7839,66.813],[-161.862,66.8037],[-161.8422,66.7932],[-161.8599,66.7797],[-161.8401,66.7672],[-161.8526,66.7359],[-161.8807,66.7172],[-161.7078,66.6297],[-161.5234,66.5807],[-161.537,66.5609],[-161.463,66.5599],[-161.5286,66.5557],[-161.4755,66.5411],[-161.4812,66.5271],[-161.2437,66.5333],[-161.2068,66.5578],[-161.2245,66.5651],[-161.213,66.5724],[-161.2724,66.5797],[-161.2547,66.5818],[-161.262,66.5891],[-161.1854,66.5792],[-161.2036,66.5953],[-161.1396,66.6354],[-160.9729,66.6417],[-160.9438,66.6562],[-160.7917,66.6604],[-160.8016,66.6526],[-160.7339,66.6328],[-160.6896,66.5979],[-160.525,66.5792],[-160.5088,66.5932],[-160.5271,66.6083],[-160.4354,66.6208],[-160.3542,66.6104],[-160.3083,66.6458],[-160.2713,66.638],[-160.3016,66.6495],[-160.2583,66.6521],[-160.2745,66.6453],[-160.2604,66.6396],[-160.2042,66.6687],[-160.1797,66.6641],[-160.2016,66.6526],[-160.1797,66.6484],[-160.2182,66.6464],[-160.1854,66.6312],[-160.1214,66.6443],[-160.1432,66.6536],[-160.1141,66.6703],[-160.0708,66.675],[-160.0234,66.6578],[-160.0745,66.6349],[-160.0443,66.6349],[-160.0417,66.6229],[-160.0745,66.6297],[-160.0354,66.6146],[-160.0307,66.637],[-159.9964,66.6297],[-160.0349,66.6474],[-159.9937,66.6792],[-159.9776,66.6661],[-159.9911,66.663],[-159.9672,66.662],[-159.9828,66.6464],[-159.9521,66.6375],[-159.9297,66.6526],[-159.9578,66.6589],[-159.9438,66.6813],[-159.8443,66.6641],[-159.8599,66.6536],[-159.8479,66.6479],[-159.8005,66.6589],[-159.8229,66.6813],[-159.6583,66.6958],[-159.6359,66.6807],[-159.7578,66.6703],[-159.7495,66.6526],[-159.7063,66.6625],[-159.6963,66.6484],[-159.7958,66.6083],[-159.8328,66.6109],[-159.7964,66.6214],[-159.8453,66.6318],[-159.8255,66.6516],[-159.8578,66.6453],[-159.8766,66.6245],[-159.8589,66.6214],[-159.9016,66.6203],[-159.888,66.6047],[-159.9125,66.5729],[-159.9599,66.5755],[-159.9995,66.6026],[-159.9651,66.6109],[-159.9911,66.6151],[-159.9875,66.6271],[-160.0292,66.6062],[-160.1021,66.6229],[-160.1104,66.6042],[-160.1766,66.6286],[-160.1453,66.6026],[-160.0984,66.5995],[-160.1125,66.5917],[-160.2542,66.6188],[-160.2974,66.6099],[-160.2713,66.5943],[-160.3182,66.5953],[-160.2688,66.5646],[-160.2526,66.5828],[-160.2729,66.5917],[-160.2109,66.5682],[-160.2208,66.55],[-160.2417,66.5708],[-160.2557,66.5589],[-160.2432,66.538],[-160.1984,66.5286],[-160.212,66.513],[-160.1755,66.5162],[-160.2078,66.4984],[-160.1672,66.4922],[-160.2036,66.4932],[-160.2016,66.4797],[-160.1562,66.4771],[-160.1417,66.4604],[-160.0234,66.4724],[-160.0453,66.4661],[-160.0172,66.4495],[-160.0339,66.4193],[-160.1625,66.4375],[-160.1547,66.4537],[-160.1833,66.4583],[-160.212,66.4432],[-160.1901,66.4339],[-160.212,66.4234],[-160.1797,66.4193],[-160.2099,66.4203],[-160.2151,66.3964],[-160.2479,66.3812],[-160.4833,66.375],[-160.5458,66.3562],[-160.7667,66.3604],[-160.8979,66.4125],[-160.962,66.4172],[-161.0651,66.4849],[-161.1682,66.4984],[-161.1771,66.5333],[-161.2661,66.512],[-161.3229,66.4771],[-161.5833,66.4396],[-161.9099,66.5443],[-161.9922,66.6099],[-162.0474,66.6255],[-162.0318,66.6328],[-162.0724,66.6484],[-162.0672,66.6807],[-162.0828,66.6911],[-162.0339,66.7234],[-162.0109,66.7568],[-162.0109,66.7724],[-162.0266,66.7755],[-162.0151,66.7786],[-162.0625,66.775],[-162.1266,66.8026],[-162.237,66.8714],[-162.3005,66.937],[-162.4125,66.9167],[-162.4729,66.9479],[-162.4974,66.9349],[-162.5026,66.9089],[-162.5974,66.8995],[-162.6099,66.8859],[-162.5589,66.8943],[-162.6203,66.8599],[-162.5088,66.7766],[-162.4943,66.7536],[-162.5016,66.7338],[-162.3396,66.725],[-162.3375,66.7396],[-162.3083,66.7229],[-162.2849,66.7516],[-162.2609,66.7557],[-162.287,66.7172],[-162.1714,66.687],[-162.113,66.6453],[-162.0932,66.6068],[-161.9922,66.5787],[-161.8818,66.5182],[-161.8661,66.4609],[-161.7547,66.4287],[-161.8271,66.4375],[-161.8724,66.4245],[-161.8828,66.4089],[-161.8672,66.4047],[-161.8891,66.3974],[-161.9391,66.3234],[-161.9005,66.3359],[-161.9162,66.3474],[-161.9,66.3562],[-161.6917,66.3979],[-161.5354,66.4021],[-161.4187,66.3771],[-161.3833,66.3833],[-161.1047,66.3287],[-161.0672,66.2911],[-161.0786,66.288],[-160.9901,66.2328],[-160.988,66.2047],[-161.0161,66.2016],[-160.9964,66.1974],[-160.9984,66.1839],[-161.0724,66.1787],[-161.0583,66.1583],[-161.0151,66.1734],[-161.0516,66.1536],[-161.0443,66.1422],[-161.0625,66.1521],[-161.0828,66.1391],[-161.0464,66.1297],[-161.1807,66.0995],[-161.1484,66.0828],[-161.1729,66.0646],[-161.163,66.0828],[-161.2036,66.0932],[-161.1193,66.1151],[-161.1396,66.1229],[-161.0984,66.1234],[-161.1078,66.1453],[-161.0818,66.1599],[-161.1037,66.1828],[-161.0776,66.1922],[-161.0849,66.2141],[-161.0609,66.2286],[-161.2104,66.2063],[-161.312,66.2193],[-161.3479,66.2583],[-161.4979,66.2583],[-161.5578,66.237],[-161.6422,66.1401],[-161.712,66.0932],[-161.7026,66.0818],[-161.7214,66.0589],[-161.8245,66.0036],[-161.7755,65.9734],[-161.85,65.9563],[-161.9036,65.9672],[-161.8693,66.0005],[-161.8859,66.0162],[-161.9583,66.0062],[-161.9172,66.0245],[-162.0292,66.0687],[-162.1,66.0625],[-162.1354,66.075],[-162.2563,66.0396],[-162.3854,66.0229],[-162.4521,66.0563],[-162.5167,66.0354],[-162.6146,66.0375],[-162.6432,66.0266],[-162.6646,65.9896],[-162.6828,66.0224],[-162.6568,66.0453],[-162.7521,66.0958],[-162.8583,66.0792],[-162.9479,66.0896],[-163.1375,66.0521],[-163.3062,66.0687],[-163.3313,66.0854],[-163.4937,66.0833],[-163.6271,66.0542],[-163.7396,66.0604],[-163.7276,66.0672],[-163.7375,66.0708],[-163.7583,66.0583],[-163.7464,66.0745],[-163.8537,66.1276],[-163.8979,66.1937],[-163.9266,66.1932],[-163.9234,66.1797],[-163.9646,66.1583],[-163.9708,66.1917],[-164.0,66.1771],[-164.1995,66.187],[-163.9333,66.2146],[-163.8255,66.2714],[-163.838,66.3037],[-163.8807,66.3213],[-163.8547,66.3609],[-163.8724,66.387],[-163.8474,66.4182],[-163.7609,66.4547],[-163.7255,66.5099],[-163.7557,66.5255],[-163.7521,66.5542],[-163.7703,66.5537],[-163.7625,66.5417],[-163.8146,66.5563],[-163.8583,66.5479],[-163.937,66.5724],[-163.6089,66.5599],[-163.7396,66.5854],[-163.8979,66.5938],[-164.4042,66.5813],[-164.6979,66.5417],[-164.7099,66.5339],[-164.6818,66.538],[-164.7276,66.5109],[-164.9286,66.4495],[-164.9297,66.4318],[-164.9911,66.4141],[-165.0036,66.3943],[-164.9901,66.388],[-165.0146,66.3792],[-165.0537,66.3964],[-165.0422,66.4287],[-165.1167,66.4354],[-165.2224,66.4182],[-165.2083,66.4125],[-165.4396,66.4021],[-165.6995,66.337],[-165.8453,66.2662],[-165.8766,66.2349],[-165.8437,66.2104],[-165.6958,66.2042],[-165.5833,66.1646],[-165.5083,66.1583],[-165.4542,66.125],[-165.5312,66.1458],[-165.6896,66.0958],[-165.8729,66.1125],[-166.0188,66.1042],[-166.0917,66.1083],[-166.0797,66.1141],[-166.1432,66.1297],[-166.1474,66.1432],[-166.1193,66.1505],[-166.1333,66.1563],[-166.2646,66.1667],[-166.7245,66.0516],[-166.7849,66.0224],[-166.7755,66.0089],[-166.8016,65.9953],[-166.7818,65.9891],[-166.8036,65.987],[-166.7958,65.9729],[-166.887,65.9776],[-166.825,66.0042],[-166.8375,66.0062],[-166.9766,65.9703],[-166.9849,65.9589],[-166.9438,65.9583],[-166.8526,65.9213],[-166.9896,65.8979],[-167.0354,65.8688],[-167.175,65.8375],[-167.2245,65.8609],[-167.2276,65.8766],[-167.2766,65.8839],[-167.2443,65.8984],[-167.2604,65.9021],[-167.5307,65.8224],[-167.4729,65.8229],[-167.4849,65.8151],[-167.4401,65.8037],[-167.587,65.7911],[-167.5505,65.7807],[-167.5641,65.7766],[-167.5562,65.7688],[-167.4859,65.7599],[-167.4995,65.7495],[-167.4922,65.7318],[-167.5167,65.7229],[-167.7271,65.7],[-167.8062,65.7125],[-167.7964,65.6943],[-167.8318,65.6693],[-168.0,65.625],[-168.0599,65.6297],[-168.0703,65.6432],[-168.0589,65.6578],[-168.0891,65.663],[-168.0505,65.663],[-168.037,65.6849],[-167.9708,65.7104],[-167.8651,65.7297],[-167.8771,65.7438],[-167.8354,65.7521],[-167.8453,65.7401],[-167.8125,65.7396],[-167.7214,65.7755],[-167.7396,65.7771],[-168.0807,65.6932],[-168.1245,65.6453],[-168.0682,65.5755],[-167.8813,65.55],[-167.4083,65.4021],[-167.0354,65.3875],[-166.9542,65.3708],[-166.8188,65.3771],[-166.5125,65.3375],[-166.3979,65.3083],[-166.3792,65.3187],[-166.1479,65.2875],[-166.0359,65.2474],[-166.0328,65.2276],[-166.0088,65.2161],[-166.0245,65.1922],[-165.9146,65.1687],[-165.912,65.1505],[-165.8458,65.1333],[-165.8297,65.1391],[-165.8703,65.1589],[-165.8703,65.1807],[-165.8375,65.1896],[-165.7292,65.1917],[-165.7349,65.1818],[-165.6943,65.1787],[-165.6687,65.1583],[-165.6463,65.1651],[-165.6438,65.1833],[-165.6255,65.1713],[-165.6474,65.1693],[-165.6167,65.1604],[-165.6125,65.175],[-165.5292,65.1833],[-165.4729,65.1604],[-165.4255,65.1672],[-165.437,65.1932],[-165.4187,65.2125],[-165.3464,65.2016],[-165.3307,65.1797],[-165.3089,65.1787],[-165.3286,65.1766],[-165.3193,65.1651],[-165.3557,65.163],[-165.3401,65.187],[-165.3974,65.1932],[-165.3734,65.1787],[-165.3953,65.163],[-165.3651,65.1526],[-165.5682,65.0974],[-165.6495,65.0578],[-165.6479,65.0437],[-165.737,65.0568],[-165.7312,65.0729],[-165.7771,65.0667],[-165.8516,65.0839],[-165.8932,65.1047],[-165.8943,65.1224],[-165.9516,65.1443],[-165.9359,65.1599],[-165.9583,65.1521],[-165.9714,65.1703],[-166.0349,65.1859],[-166.0193,65.2161],[-166.0422,65.2307],[-166.1292,65.2292],[-166.2479,65.2583],[-166.3771,65.2542],[-166.4495,65.2349],[-166.4724,65.2203],[-166.4547,65.1818],[-166.5172,65.1339],[-166.5453,65.1307],[-166.5359,65.1172],[-166.6641,65.1078],[-166.6375,65.075],[-166.7161,65.0901],[-166.6771,65.1062],[-166.825,65.1125],[-166.8458,65.1292],[-166.8359,65.113],[-166.862,65.0943],[-166.7005,65.0537],[-166.6797,65.0203],[-166.7,64.9958],[-166.6807,64.9818],[-166.5417,64.9417],[-166.5536,64.9537],[-166.5063,64.95],[-166.4578,64.9151],[-166.4172,64.9141],[-166.4109,64.8984],[-166.4245,64.8922],[-166.3776,64.8807],[-166.4016,64.8568],[-166.3755,64.8151],[-166.4745,64.7911],[-166.4526,64.7453],[-166.4724,64.737],[-166.4588,64.7307],[-166.4682,64.7193],[-166.3911,64.6401],[-166.2661,64.5943],[-165.4167,64.5021],[-165.0104,64.4333],[-164.8547,64.4589],[-164.9474,64.4838],[-164.9026,64.4964],[-164.9229,64.525],[-164.8818,64.4974],[-164.8995,64.4776],[-164.875,64.475],[-164.7521,64.5146],[-164.6187,64.5062],[-164.4979,64.5437],[-164.3042,64.5687],[-164.1417,64.5708],[-163.9687,64.5521],[-163.9458,64.5687],[-163.9021,64.5604],[-163.8833,64.5729],[-163.7833,64.575],[-163.5813,64.5625],[-163.3521,64.5146],[-163.337,64.4922],[-163.2547,64.4745],[-163.1911,64.4068],[-163.1479,64.3979],[-163.1068,64.4089],[-163.0901,64.4401],[-163.1057,64.4484],[-163.0995,64.4599],[-163.0339,64.4776],[-163.0432,64.4912],[-163.0276,64.5078],[-163.1479,64.5062],[-163.1755,64.5349],[-163.2625,64.5417],[-163.3797,64.5974],[-163.4016,64.5943],[-163.4026,64.6099],[-163.4432,64.612],[-163.4234,64.6214],[-163.4307,64.6286],[-163.4,64.6292],[-163.4245,64.6255],[-163.3562,64.5875],[-163.2818,64.6026],[-163.2912,64.6078],[-163.2437,64.6354],[-163.1354,64.6458],[-163.1234,64.6401],[-163.1432,64.6151],[-163.0339,64.5849],[-163.0109,64.5641],[-163.0245,64.5443],[-162.9458,64.5479],[-162.9057,64.513],[-162.8338,64.4891],[-162.8297,64.4776],[-162.862,64.4703],[-162.8537,64.4443],[-162.8005,64.4078],[-162.8037,64.3359],[-162.7792,64.325],[-162.7391,64.3578],[-162.6318,64.3839],[-162.6432,64.4057],[-162.6026,64.4443],[-162.6182,64.4682],[-162.5453,64.5307],[-162.2359,64.6193],[-162.2182,64.6536],[-162.1708,64.6813],[-161.8896,64.7042],[-161.8505,64.7245],[-161.9062,64.7083],[-161.9474,64.7141],[-161.8771,64.7479],[-161.6734,64.7839],[-161.7271,64.7813],[-161.7297,64.7974],[-161.7912,64.8068],[-161.7745,64.837],[-161.7547,64.8349],[-161.7661,64.8068],[-161.6958,64.8083],[-161.6474,64.7755],[-161.5542,64.7604],[-161.5312,64.7396],[-161.5188,64.7542],[-161.3672,64.7776],[-161.3557,64.812],[-161.2995,64.8516],[-161.213,64.8818],[-161.1932,64.9224],[-161.1229,64.9313],[-161.0562,64.9104],[-161.0188,64.9167],[-161.0099,64.9328],[-160.9651,64.938],[-160.9807,64.9547],[-160.9703,64.9703],[-160.9276,64.9734],[-160.9349,64.9995],[-160.9089,64.9912],[-160.9193,64.9672],[-160.9724,64.9557],[-160.9568,64.9432],[-160.9687,64.9271],[-161.0458,64.9062],[-161.1333,64.9271],[-161.1495,64.913],[-161.0891,64.8734],[-160.9521,64.825],[-160.8734,64.8328],[-160.8995,64.8214],[-160.7776,64.7182],[-160.788,64.6172],[-160.8974,64.5807],[-160.975,64.5354],[-161.087,64.5391],[-161.0604,64.5208],[-160.9964,64.5162],[-161.0333,64.4958],[-161.25,64.4917],[-161.3896,64.5313],[-161.4661,64.5057],[-161.463,64.4901],[-161.4807,64.4786],[-161.4714,64.4464],[-161.5286,64.4141],[-161.5125,64.3896],[-161.4708,64.4187],[-161.3568,64.4318],[-161.3703,64.4318],[-161.3667,64.4437],[-161.3443,64.4297],[-161.3932,64.4193],[-161.3313,64.4021],[-161.2021,64.4167],[-161.1943,64.4068],[-161.2292,64.4104],[-161.2682,64.3922],[-161.1839,64.3828],[-161.163,64.3693],[-161.1938,64.3562],[-161.2349,64.3734],[-161.0828,64.2901],[-161.0109,64.2828],[-160.9568,64.2453],[-160.9484,64.2255],[-160.9599,64.2214],[-160.9422,64.2057],[-160.9557,64.1339],[-160.9359,64.1307],[-160.9474,64.1286],[-160.938,64.1151],[-160.9516,64.0839],[-160.9286,64.0401],[-160.8401,63.9474],[-160.7995,63.8797],[-160.7255,63.8703],[-160.7807,63.8661],[-160.7464,63.8516],[-160.7745,63.8516],[-160.7526,63.8286],[-160.7609,63.7714],[-160.9276,63.6359],[-160.9833,63.6125],[-161.012,63.6203],[-161.0359,63.5755],[-161.1099,63.5516],[-161.1005,63.5339],[-161.1349,63.5286],[-161.1359,63.5005],[-161.4292,63.4542],[-161.5,63.4688],[-161.5229,63.45],[-161.5792,63.4458],[-161.6729,63.4646],[-161.8062,63.4375],[-161.9521,63.4479],[-161.9729,63.4313],[-162.0188,63.4458],[-162.0312,63.4313],[-162.1667,63.4188],[-162.1599,63.4328],[-162.0797,63.4464],[-162.0828,63.4661],[-162.0521,63.4604],[-162.0495,63.4766],[-162.0193,63.4828],[-162.0911,63.5026],[-162.0771,63.5104],[-162.3021,63.5375],[-162.2859,63.5224],[-162.2932,63.5089],[-162.2651,63.4932],[-162.2693,63.4797],[-162.3828,63.4286],[-162.3484,63.4255],[-162.3938,63.4229],[-162.4182,63.4036],[-162.3109,63.3901],[-162.4021,63.4],[-162.4245,63.3891],[-162.4203,63.3568],[-162.388,63.3339],[-162.4203,63.3339],[-162.4062,63.3521],[-162.462,63.3464],[-162.4359,63.3547],[-162.4599,63.3641],[-162.4787,63.3453],[-162.4755,63.3255],[-162.5057,63.3286],[-162.4984,63.313],[-162.5307,63.3141],[-162.5297,63.2922],[-162.5557,63.2932],[-162.525,63.2833],[-162.513,63.2953],[-162.5109,63.2734],[-162.5771,63.2771],[-162.612,63.2578],[-162.5943,63.2526],[-162.6958,63.2125],[-162.812,63.2078],[-162.837,63.1953],[-162.8338,63.1672],[-162.8547,63.1464],[-162.9766,63.1057],[-163.0359,63.0609],[-163.0833,63.0417],[-163.0974,63.0495],[-163.1042,63.0354],[-163.1833,63.0458],[-163.1714,63.0401],[-163.2354,63.0271],[-163.2688,63.0375],[-163.2693,63.0255],[-163.2958,63.0229],[-163.288,63.0349],[-163.3036,63.037],[-163.3161,63.0193],[-163.2839,63.0078],[-163.2958,63.0],[-163.3646,63.0396],[-163.462,63.0422],[-163.3651,63.0536],[-163.4229,63.0771],[-163.4578,63.0568],[-163.4234,63.0828],[-163.5042,63.1104],[-163.5807,63.0911],[-163.6109,63.0547],[-163.6516,63.0432],[-163.6047,63.0339],[-163.7187,63.0292],[-163.7912,62.9943],[-163.7912,63.0141],[-163.7172,63.0422],[-163.737,63.0443],[-163.7328,63.0536],[-163.7109,63.062],[-163.7182,63.0526],[-163.6979,63.0396],[-163.6089,63.0755],[-163.6245,63.1005],[-163.6109,63.1161],[-163.6932,63.1193],[-163.6526,63.1193],[-163.6297,63.1432],[-163.6682,63.1484],[-163.7375,63.2125],[-163.8313,63.2083],[-163.8474,63.1974],[-163.8417,63.1813],[-163.8537,63.1953],[-163.8276,63.2182],[-164.0729,63.2625],[-164.2724,63.2391],[-164.2625,63.2271],[-164.3167,63.2417],[-164.4245,63.2078],[-164.5307,63.1557],[-164.5391,63.1464],[-164.5213,63.1318],[-164.5583,63.1437],[-164.5828,63.1193],[-164.5276,63.0891],[-164.5578,63.0839],[-164.5271,63.0708],[-164.4964,63.0818],[-164.5245,63.0901],[-164.5083,63.0917],[-164.3297,63.0453],[-164.3005,63.0182],[-164.3007,62.9833],[-164.35,63.0187],[-164.4787,63.0286],[-164.4583,63.0042],[-164.4875,63.0271],[-164.6583,63.0271],[-164.712,63.0057],[-164.7682,62.9578],[-164.7443,62.9401],[-164.7729,62.95],[-164.7912,62.9391],[-164.8318,62.8526],[-164.862,62.8224],[-164.8068,62.7995],[-164.8167,62.7958],[-164.7,62.7896],[-164.6646,62.7583],[-164.5458,62.7792],[-164.4214,62.7562],[-164.425,62.733],[-164.5078,62.7453],[-164.5047,62.7172],[-164.6401,62.6339],[-164.7203,62.612],[-164.7047,62.6057],[-164.7146,62.6],[-164.8349,62.5766],[-164.8578,62.5578],[-164.8458,62.5438],[-164.7776,62.5349],[-164.8026,62.4984],[-164.8307,62.4974],[-164.8333,62.4771],[-164.7839,62.4859],[-164.7932,62.5078],[-164.7792,62.5208],[-164.763,62.5078],[-164.7786,62.4901],[-164.6979,62.4729],[-164.6599,62.512],[-164.6109,62.5068],[-164.6266,62.5401],[-164.6151,62.5432],[-164.6005,62.5109],[-164.6474,62.5016],[-164.6682,62.4651],[-164.6354,62.45],[-164.5755,62.4557],[-164.5484,62.4214],[-164.6417,62.4188],[-164.6839,62.3755],[-164.7453,62.3672],[-164.7641,62.3766],[-164.7229,62.3729],[-164.6734,62.3964],[-164.6547,62.4193],[-164.6724,62.4245],[-164.6047,62.4307],[-164.6938,62.4354],[-164.7604,62.4667],[-164.825,62.4646],[-164.837,62.4443],[-164.8495,62.4547],[-164.8401,62.4661],[-164.8729,62.4729],[-164.8766,62.4932],[-164.8401,62.5214],[-164.8542,62.5333],[-164.9583,62.525],[-165.0437,62.5375],[-165.1724,62.4849],[-165.1609,62.4776],[-165.1812,62.4833],[-165.2349,62.4578],[-165.3266,62.3766],[-165.3417,62.3458],[-165.3234,62.3318],[-165.3453,62.3401],[-165.3464,62.3599],[-165.3724,62.3516],[-165.5755,62.1984],[-165.6432,62.1703],[-165.6401,62.1589],[-165.7057,62.1411],[-165.7599,62.0807],[-165.7703,61.9984],[-165.7307,61.9089],[-165.6354,61.85],[-165.5833,61.8479],[-165.525,61.875],[-165.4818,61.838],[-165.5479,61.8604],[-165.5833,61.8438],[-165.725,61.8417],[-165.7812,61.8125],[-165.8021,61.825],[-165.9625,61.8312],[-166.0995,61.8099],[-166.0099,61.7214],[-165.9646,61.7229],[-165.9208,61.6979],[-165.8458,61.7042],[-165.8599,61.6859],[-165.7688,61.6854],[-165.7208,61.7021],[-165.6943,61.6859],[-165.7245,61.6891],[-165.7411,61.6672],[-165.6687,61.6875],[-165.6438,61.6708],[-165.638,61.6807],[-165.6578,61.687],[-165.6109,61.6901],[-165.6453,61.6984],[-165.6286,61.7161],[-165.5526,61.7172],[-165.5625,61.725],[-165.4943,61.7047],[-165.5911,61.7141],[-165.5953,61.7005],[-165.5568,61.6901],[-165.5807,61.6849],[-165.5818,61.6609],[-165.6141,61.6641],[-165.6141,61.6484],[-165.5568,61.6401],[-165.5401,61.6641],[-165.562,61.6766],[-165.5354,61.6854],[-165.488,61.6672],[-165.512,61.6682],[-165.5172,61.6464],[-165.537,61.6516],[-165.5437,61.6375],[-165.5875,61.6437],[-165.6229,61.6271],[-165.6349,61.6411],[-165.6214,61.6557],[-165.6604,61.6604],[-165.6589,61.6339],[-165.6833,61.6396],[-165.6984,61.6109],[-165.7349,61.6099],[-165.6797,61.5943],[-165.7771,61.5896],[-165.7912,61.6161],[-165.7417,61.6042],[-165.7516,61.612],[-165.6943,61.6214],[-165.6995,61.6391],[-165.6693,61.6516],[-165.8125,61.6833],[-165.8276,61.6651],[-165.862,61.6609],[-165.8292,61.65],[-165.8,61.6646],[-165.7818,61.6526],[-165.8349,61.6432],[-165.8396,61.625],[-165.8974,61.6422],[-165.8547,61.6422],[-165.8687,61.6625],[-166.0479,61.6479],[-166.1037,61.637],[-166.0667,61.6271],[-166.1104,61.6271],[-166.1286,61.6307],[-166.1005,61.6328],[-166.162,61.6484],[-166.1484,61.6547],[-166.1479,61.6917],[-166.1682,61.6536],[-166.1505,61.6339],[-166.1703,61.637],[-166.1849,61.5839],[-166.1432,61.5068],[-166.0646,61.4896],[-166.0547,61.4974],[-166.0849,61.5224],[-165.9687,61.5479],[-165.8354,61.5271],[-165.7703,61.4818],[-165.7318,61.4828],[-165.7599,61.4786],[-165.7828,61.4516],[-165.7786,61.4359],[-165.7479,61.425],[-165.7474,61.437],[-165.7026,61.4411],[-165.6984,61.4214],[-165.7203,61.4234],[-165.6625,61.3958],[-165.5901,61.4068],[-165.575,61.4313],[-165.5193,61.4297],[-165.5328,61.4432],[-165.5193,61.4453],[-165.5057,61.4214],[-165.4818,61.4193],[-165.5729,61.4271],[-165.5651,61.4109],[-165.5838,61.4005],[-165.6417,61.3979],[-165.6521,61.3833],[-165.6812,61.4021],[-165.7245,61.388],[-165.7193,61.4141],[-165.762,61.4172],[-165.8021,61.4479],[-165.8453,61.4411],[-165.8354,61.4292],[-165.8833,61.4542],[-165.9036,61.438],[-165.9042,61.4562],[-165.9578,61.4172],[-165.938,61.4182],[-165.9536,61.4036],[-165.9438,61.3937],[-165.9229,61.4229],[-165.8734,61.412],[-165.9036,61.412],[-165.9,61.4021],[-165.9187,61.4167],[-165.9266,61.4005],[-165.8932,61.3443],[-165.85,61.3104],[-165.8026,61.313],[-165.7901,61.3214],[-165.7979,61.3333],[-165.7891,61.3172],[-165.7318,61.3047],[-165.7557,61.3109],[-165.7661,61.3245],[-165.7547,61.3266],[-165.7724,61.3339],[-165.7609,61.3391],[-165.787,61.363],[-165.7401,61.3703],[-165.7193,61.3589],[-165.7578,61.3359],[-165.7359,61.3286],[-165.7245,61.3026],[-165.6943,61.3036],[-165.6542,61.2708],[-165.6068,61.2786],[-165.6578,61.3172],[-165.6557,61.3307],[-165.5771,61.3375],[-165.5208,61.3042],[-165.4964,61.3276],[-165.5057,61.3328],[-165.4547,61.3453],[-165.4505,61.3359],[-165.4932,61.3266],[-165.5188,61.3021],[-165.5854,61.3333],[-165.6516,61.3245],[-165.5901,61.2714],[-165.6641,61.2536],[-165.6338,61.2411],[-165.6662,61.2391],[-165.6443,61.212],[-165.662,61.2068],[-165.6266,61.1172],[-165.4854,61.0833],[-165.438,61.0859],[-165.4276,61.1078],[-165.462,61.1141],[-165.4375,61.1167],[-165.4193,61.1057],[-165.4307,61.0922],[-165.4146,61.0771],[-165.3693,61.0818],[-165.3807,61.1057],[-165.363,61.1161],[-165.3766,61.1224],[-165.3172,61.1568],[-165.387,61.1776],[-165.3995,61.1974],[-165.3818,61.1922],[-165.3953,61.2005],[-165.3828,61.2141],[-165.3401,61.2214],[-165.3203,61.2516],[-165.2896,61.2646],[-165.2088,61.2589],[-165.237,61.2734],[-165.2151,61.3245],[-165.2458,61.3063],[-165.2828,61.3109],[-165.2932,61.3224],[-165.2568,61.3432],[-165.2828,61.3516],[-165.1797,61.363],[-165.212,61.4099],[-165.1859,61.4026],[-165.1766,61.4286],[-165.1479,61.4354],[-165.0937,61.4167],[-165.0568,61.4286],[-165.087,61.4141],[-165.063,61.4078],[-165.0807,61.3974],[-165.0688,61.3854],[-165.1349,61.4047],[-165.0922,61.4141],[-165.1557,61.4182],[-165.1807,61.3839],[-165.1359,61.3776],[-165.1901,61.3443],[-165.2266,61.3432],[-165.2109,61.3453],[-165.1984,61.3224],[-165.2141,61.2839],[-165.188,61.2682],[-165.1859,61.2464],[-165.2854,61.2542],[-165.362,61.1901],[-165.2922,61.1786],[-165.2417,61.1437],[-165.2312,61.1563],[-165.2266,61.1422],[-165.1771,61.1375],[-165.1255,61.1547],[-165.1557,61.1932],[-165.0693,61.2109],[-165.1224,61.2214],[-165.1391,61.2359],[-165.137,61.2578],[-165.0776,61.2703],[-165.0745,61.2318],[-165.0542,61.2229],[-165.0151,61.2536],[-165.0521,61.2208],[-165.0911,61.2318],[-165.0776,61.2339],[-165.088,61.2682],[-165.1286,61.2516],[-165.1037,61.2193],[-165.0568,61.2068],[-165.1432,61.1932],[-165.1234,61.1828],[-165.1161,61.1505],[-165.088,61.1443],[-165.1438,61.1437],[-165.1849,61.1151],[-165.1333,61.0958],[-165.1182,61.1141],[-165.0838,61.1141],[-165.1037,61.0932],[-165.0958,61.0854],[-165.0547,61.0984],[-165.0495,61.1182],[-165.0312,61.1104],[-165.013,61.1234],[-165.0349,61.137],[-164.9875,61.1333],[-164.9911,61.1495],[-164.9547,61.1578],[-164.988,61.1443],[-164.9812,61.1312],[-165.0245,61.1349],[-165.0068,61.1255],[-165.0484,61.0964],[-165.1,61.0771],[-165.1224,61.087],[-165.0083,61.0479],[-164.9839,61.0526],[-165.0078,61.0797],[-164.9979,61.1042],[-165.0,61.0896],[-164.9417,61.1125],[-164.8687,61.0958],[-164.8458,61.1167],[-164.7771,61.0979],[-164.7693,61.1057],[-164.7995,61.1297],[-164.7812,61.1479],[-164.7526,61.1432],[-164.7479,61.1271],[-164.663,61.1255],[-164.7328,61.1661],[-164.6984,61.1755],[-164.7042,61.1896],[-164.6896,61.1646],[-164.6234,61.1818],[-164.6068,61.2203],[-164.6417,61.2083],[-164.6297,61.2141],[-164.6536,61.2109],[-164.6604,61.2292],[-164.7208,61.2229],[-164.7349,61.2474],[-164.7104,61.2417],[-164.6833,61.2583],[-164.6547,61.2401],[-164.6854,61.2521],[-164.7016,61.2411],[-164.6953,61.2297],[-164.6167,61.2396],[-164.6453,61.2234],[-164.6062,61.2271],[-164.5964,61.213],[-164.6214,61.1755],[-164.7203,61.1661],[-164.6484,61.1214],[-164.7542,61.1208],[-164.7792,61.1417],[-164.787,61.1297],[-164.7609,61.0964],[-164.8516,61.0911],[-164.8401,61.0776],[-164.862,61.063],[-164.8453,61.0526],[-164.8297,61.0609],[-164.8354,61.0771],[-164.7922,61.0703],[-164.8042,61.0542],[-164.8026,61.0682],[-164.8286,61.0703],[-164.8349,61.0505],[-164.8068,61.0474],[-164.8271,61.0354],[-164.8766,61.0484],[-164.8724,61.0703],[-164.8505,61.0807],[-164.9021,61.0812],[-164.9453,61.1016],[-164.9359,61.0922],[-164.9536,61.0839],[-164.9339,61.0734],[-164.9516,61.0599],[-164.938,61.0453],[-164.9474,61.0276],[-164.9109,61.0203],[-164.9432,61.0068],[-164.9089,60.9943],[-164.9453,60.9922],[-164.9578,61.0057],[-164.9443,61.0161],[-164.9583,61.0208],[-165.0182,61.0057],[-165.0083,61.0],[-165.05,61.0083],[-165.038,60.9984],[-165.0562,60.9938],[-165.0703,61.0047],[-165.0583,61.0125],[-165.1271,61.0125],[-165.1911,60.9745],[-165.1714,60.9641],[-165.187,60.962],[-165.1807,60.9443],[-165.0437,60.9083],[-164.9208,60.9562],[-164.8422,60.937],[-164.7979,60.8958],[-164.7661,60.9224],[-164.7104,60.9354],[-164.5792,60.9333],[-164.5589,60.8984],[-164.587,60.8651],[-164.5396,60.8479],[-164.3687,60.875],[-164.2688,60.8563],[-164.15,60.8833],[-164.088,60.8776],[-164.1307,60.9068],[-164.1359,60.937],[-164.1604,60.9437],[-164.1526,60.9359],[-164.1734,60.9234],[-164.2021,60.9229],[-164.2391,60.9339],[-164.2276,60.9432],[-164.2391,60.9474],[-164.1958,60.9604],[-164.138,60.9505],[-164.1255,60.9589],[-164.1432,60.9609],[-164.1276,60.9734],[-164.137,60.9807],[-164.1062,60.9729],[-164.1099,60.987],[-164.0151,61.0068],[-164.0786,61.0245],[-164.0125,61.0458],[-163.9901,61.0453],[-163.9932,61.0109],[-163.9734,61.0036],[-163.9766,60.9818],[-163.9234,60.9516],[-163.9599,60.9474],[-163.9557,60.9339],[-163.8938,60.9396],[-163.8818,60.9276],[-163.9292,60.9313],[-163.9672,60.8943],[-164.0375,60.8917],[-164.0703,60.8734],[-163.9505,60.8609],[-163.9766,60.8828],[-163.9172,60.8818],[-163.8786,60.9307],[-163.813,60.9443],[-163.8083,60.9688],[-163.7901,60.9589],[-163.8099,60.9766],[-163.7734,60.9714],[-163.7875,61.0021],[-163.7995,60.9953],[-163.7901,60.988],[-163.8432,60.9786],[-163.8193,60.9682],[-163.8234,60.9547],[-163.8849,60.9359],[-163.9036,60.9526],[-163.888,60.9724],[-163.9536,60.9818],[-163.9339,60.9828],[-163.9641,61.0109],[-163.9276,61.0182],[-163.9062,60.9771],[-163.8875,61.0],[-163.8464,60.9797],[-163.8484,61.0078],[-163.8854,61.0042],[-163.937,61.0276],[-163.8984,61.038],[-163.9349,61.0557],[-163.8922,61.062],[-163.9292,61.0625],[-163.9318,61.0766],[-163.9687,61.0854],[-164.0182,61.0724],[-164.0109,61.0568],[-164.0349,61.063],[-164.0203,61.0911],[-163.9958,61.0958],[-163.8875,61.0896],[-163.8755,61.0839],[-163.8891,61.0714],[-163.8672,61.0589],[-163.8891,61.0599],[-163.8911,61.0276],[-163.8229,61.0104],[-163.8266,61.0286],[-163.7901,61.0297],[-163.8432,61.0401],[-163.8401,61.062],[-163.8641,61.0693],[-163.8443,61.0911],[-163.887,61.1026],[-163.8943,61.1266],[-163.937,61.1255],[-163.9141,61.1911],[-163.7729,61.2292],[-163.7193,61.2109],[-163.7771,61.1937],[-163.6958,61.1979],[-163.7161,61.2099],[-163.6521,61.2104],[-163.5562,61.2396],[-163.513,61.2286],[-163.513,61.2109],[-163.5599,61.212],[-163.5213,61.2026],[-163.6313,61.1958],[-163.6786,61.1807],[-163.7042,61.1479],[-163.7703,61.1495],[-163.7359,61.1318],[-163.8078,61.1307],[-163.8161,61.1214],[-163.7979,61.1146],[-163.7359,61.1234],[-163.762,61.112],[-163.7464,61.1005],[-163.7953,61.087],[-163.7776,61.0672],[-163.812,61.0693],[-163.8057,61.0547],[-163.7729,61.0583],[-163.7724,61.0464],[-163.7359,61.037],[-163.7828,61.0286],[-163.7443,61.0203],[-163.7766,61.0005],[-163.6526,60.9891],[-163.6714,60.9651],[-163.7245,60.9599],[-163.6922,60.9391],[-163.7161,60.9297],[-163.5958,60.9188],[-163.5859,60.9245],[-163.6037,60.9328],[-163.5896,60.9354],[-163.5505,60.9266],[-163.5771,60.9167],[-163.4833,60.9146],[-163.4609,60.8974],[-163.5375,60.9],[-163.5672,60.8755],[-163.5995,60.8786],[-163.5958,60.8667],[-163.6604,60.8729],[-163.6771,60.8583],[-163.7437,60.8688],[-163.7724,60.8891],[-163.7578,60.8609],[-163.7109,60.8578],[-163.7536,60.8443],[-163.6776,60.8443],[-163.7,60.8542],[-163.6776,60.8495],[-163.6766,60.8318],[-163.6417,60.8292],[-163.6458,60.8604],[-163.5792,60.8708],[-163.5771,60.8479],[-163.5359,60.8609],[-163.5682,60.8703],[-163.4937,60.8688],[-163.4479,60.8917],[-163.4234,60.8828],[-163.4391,60.8672],[-163.3896,60.8688],[-163.363,60.8516],[-163.3917,60.8312],[-163.4328,60.8318],[-163.3479,60.8125],[-163.2901,60.8224],[-163.3036,60.8172],[-163.2776,60.7964],[-163.3354,60.7792],[-163.35,60.7917],[-163.3875,60.7667],[-163.412,60.787],[-163.3734,60.8057],[-163.4146,60.7979],[-163.4333,60.8229],[-163.4787,60.8141],[-163.4297,60.7984],[-163.4912,60.7932],[-163.487,60.7839],[-163.4089,60.7786],[-163.4312,60.7625],[-163.4787,60.7766],[-163.462,60.7547],[-163.4151,60.7536],[-163.4495,60.7474],[-163.4089,60.7224],[-163.4172,60.6964],[-163.4807,60.6557],[-163.4443,60.6464],[-163.4792,60.6396],[-163.4896,60.6521],[-163.5578,60.6203],[-163.538,60.613],[-163.5667,60.6188],[-163.7271,60.5646],[-163.7729,60.5729],[-163.7932,60.5797],[-163.8141,60.6047],[-163.8026,60.6141],[-163.8203,60.6234],[-163.8182,60.6474],[-163.7859,60.6651],[-163.8161,60.6932],[-163.7734,60.7276],[-163.7818,60.7495],[-163.8562,60.7542],[-163.8703,60.7724],[-163.8276,60.7661],[-163.9125,60.7854],[-164.037,60.7516],[-164.0932,60.7099],[-164.0838,60.6943],[-164.0953,60.6859],[-164.0797,60.6776],[-164.0995,60.6786],[-164.1026,60.6589],[-164.2682,60.6432],[-164.3672,60.5505],[-164.5036,60.5536],[-164.512,60.5443],[-164.4234,60.5203],[-164.4193,60.4818],[-164.5188,60.4562],[-164.5646,60.4604],[-164.5083,60.4625],[-164.4297,60.4922],[-164.4651,60.5266],[-164.5286,60.5401],[-164.4859,60.5672],[-164.5161,60.5818],[-164.5036,60.5953],[-164.4563,60.5687],[-164.4401,60.5745],[-164.4599,60.5891],[-164.4375,60.5875],[-164.4146,60.5667],[-164.3297,60.6193],[-164.3245,60.6453],[-164.2912,60.6703],[-164.2068,60.6818],[-164.2432,60.7047],[-164.2318,60.7286],[-164.2703,60.7276],[-164.2568,60.7474],[-164.2703,60.7661],[-164.2568,60.7766],[-164.3667,60.8042],[-164.4042,60.7958],[-164.4687,60.825],[-164.6729,60.8167],[-164.6953,60.8339],[-164.6911,60.862],[-164.6338,60.8964],[-164.6625,60.9063],[-164.7745,60.8766],[-164.7359,60.8682],[-164.7271,60.8521],[-164.7771,60.8729],[-164.8604,60.8521],[-164.9292,60.9208],[-164.9557,60.8859],[-164.8714,60.8536],[-164.8599,60.8276],[-164.8255,60.8099],[-164.8453,60.7891],[-164.8318,60.7839],[-164.8495,60.788],[-164.8338,60.8057],[-164.8687,60.8271],[-164.8849,60.8161],[-164.8771,60.8042],[-164.9,60.8146],[-164.9937,60.7854],[-165.0307,60.7911],[-165.0161,60.7484],[-164.9651,60.737],[-164.9849,60.7349],[-164.963,60.7266],[-164.9797,60.7047],[-165.0641,60.6849],[-165.0964,60.6526],[-165.1516,60.6474],[-165.1797,60.6193],[-165.2453,60.6099],[-165.2464,60.5901],[-165.2672,60.5776],[-165.3687,60.5771],[-165.4182,60.5495],[-165.3703,60.5068],[-165.2646,60.4917],[-165.1875,60.4979],[-165.0604,60.5458],[-164.9755,60.5411],[-164.9526,60.5161],[-164.9641,60.5026],[-164.9339,60.5089],[-164.9891,60.5016],[-165.0005,60.4755],[-165.0562,60.4562],[-165.1391,60.4422],[-165.0141,60.3609],[-164.8646,60.3063],[-164.7063,60.2938],[-164.6297,60.3422],[-164.6328,60.3682],[-164.613,60.3766],[-164.6266,60.3661],[-164.6214,60.3339],[-164.6453,60.3307],[-164.6682,60.3036],[-164.6604,60.2833],[-164.6255,60.2974],[-164.6432,60.2911],[-164.6474,60.2776],[-164.6276,60.2693],[-164.6536,60.2682],[-164.6516,60.2505],[-164.4417,60.1688],[-164.413,60.1755],[-164.4125,60.1917],[-164.3651,60.187],[-164.3542,60.1563],[-164.2943,60.1786],[-164.3109,60.1484],[-164.3729,60.1396],[-164.3974,60.1464],[-164.3589,60.1589],[-164.3813,60.1854],[-164.4375,60.1625],[-164.4995,60.1734],[-164.3828,60.0776],[-164.3526,60.0766],[-164.3432,60.0568],[-164.0992,59.9953],[-164.211,59.9434],[-164.1622,59.8681],[-164.0928,59.8307],[-163.8901,59.8021],[-163.681,59.7976],[-163.3114,59.8242],[-163.0738,59.8652],[-162.913,59.9232],[-162.7427,59.9595],[-162.7344,59.9789],[-162.7579,59.9962],[-162.7484,60.012],[-162.7849,60.0151],[-162.8286,60.0484],[-162.7839,60.0526],[-162.7734,60.0693],[-162.7839,60.0911],[-162.8224,60.1089],[-162.7964,60.1214],[-162.8182,60.1234],[-162.8188,60.1417],[-162.7713,60.1224],[-162.8078,60.1026],[-162.738,60.0995],[-162.7661,60.063],[-162.7359,60.0432],[-162.7359,60.0234],[-162.7807,60.0234],[-162.7276,60.0161],[-162.738,59.9999],[-162.6256,59.9731],[-162.5154,59.9893],[-162.4797,60.0318],[-162.4995,60.1328],[-162.4547,60.1714],[-162.4568,60.1932],[-162.5599,60.2193],[-162.5854,60.2417],[-162.6479,60.2375],[-162.7057,60.2641],[-162.5797,60.2526],[-162.5443,60.2776],[-162.5557,60.2911],[-162.5359,60.3047],[-162.5682,60.3224],[-162.5276,60.3234],[-162.4922,60.3568],[-162.5078,60.3661],[-162.4688,60.3563],[-162.413,60.3755],[-162.4172,60.3953],[-162.4516,60.413],[-162.4484,60.4411],[-162.487,60.4516],[-162.4401,60.4411],[-162.4307,60.4089],[-162.4026,60.4151],[-162.3797,60.4401],[-162.3786,60.4724],[-162.3234,60.5005],[-162.3286,60.5161],[-162.262,60.612],[-162.2208,60.6333],[-162.1172,60.6505],[-162.1047,60.6828],[-162.1911,60.7328],[-162.1651,60.737],[-162.1578,60.7151],[-162.0943,60.6932],[-162.0818,60.6797],[-162.0974,60.6609],[-162.034,60.6646],[-162.0318,60.6318],[-162.0813,60.6417],[-162.2141,60.5786],[-162.2224,60.5609],[-162.2,60.5521],[-162.1568,60.5609],[-162.2182,60.5516],[-162.2172,60.5089],[-162.2828,60.4682],[-162.2734,60.4526],[-162.2953,60.4599],[-162.312,60.3953],[-162.3026,60.388],[-162.3234,60.3568],[-162.4021,60.3208],[-162.4432,60.3203],[-162.4276,60.3109],[-162.4578,60.2953],[-162.3682,60.2484],[-162.3297,60.2516],[-162.3516,60.238],[-162.3021,60.2125],[-162.3328,60.2141],[-162.313,60.1964],[-162.3391,60.1839],[-162.3062,60.1771],[-162.2932,60.1953],[-162.2693,60.1911],[-162.2568,60.1672],[-162.3687,60.1667],[-162.3182,60.1109],[-162.2734,60.1078],[-162.2974,60.0984],[-162.2646,60.0583],[-162.2443,60.0724],[-162.2745,60.0922],[-162.2661,60.1203],[-162.2005,60.1516],[-162.2536,60.1818],[-162.2672,60.2057],[-162.2995,60.2099],[-162.2187,60.2042],[-162.1589,60.2203],[-162.2167,60.1937],[-162.2557,60.1953],[-162.1943,60.1641],[-162.162,60.1234],[-162.1187,60.1146],[-162.1026,60.1266],[-162.1146,60.1104],[-162.1682,60.1214],[-162.1792,60.1375],[-162.2203,60.1203],[-162.2349,60.088],[-162.2141,60.0297],[-162.1732,59.9873],[-162.1348,59.9691],[-162.1324,59.9835],[-162.0814,59.9365],[-162.0972,59.9137],[-162.088,59.8868],[-161.9655,59.7998],[-161.9692,59.7871],[-161.8784,59.6948],[-161.8886,59.6899],[-161.8681,59.635],[-161.7081,59.5],[-161.7365,59.4698],[-161.7928,59.4769],[-161.8367,59.4246],[-161.8255,59.4176],[-161.8515,59.4315],[-161.8916,59.3948],[-161.9588,59.3722],[-161.9675,59.2981],[-161.9448,59.2892],[-161.9631,59.2736],[-161.9604,59.2433],[-162.0188,59.2287],[-162.0495,59.261],[-161.9944,59.3331],[-162.0606,59.2685],[-161.996,59.1632],[-161.9526,59.1343],[-161.975,59.1404],[-161.8869,59.0719],[-161.8232,59.0486],[-161.8462,59.0253],[-161.7885,58.9682],[-161.7891,58.8917],[-161.7583,58.7966],[-161.8027,58.7402],[-161.8671,58.7145],[-161.8444,58.6893],[-161.8691,58.6674],[-161.8353,58.6785],[-161.8533,58.6673],[-161.9445,58.6492],[-161.9415,58.6771],[-161.9577,58.6675],[-161.995,58.6822],[-162.1709,58.6513],[-162.1379,58.6365],[-162.0137,58.6223],[-161.8223,58.6291],[-161.7514,58.5787],[-161.7717,58.5519],[-161.7123,58.553],[-161.6319,58.5985],[-161.5587,58.6025],[-161.5189,58.6315],[-161.3056,58.6792],[-161.388,58.6617],[-161.3659,58.7191],[-161.2903,58.7719],[-161.1792,58.7844],[-161.0017,58.8486],[-160.9632,58.8768],[-160.8956,58.8869],[-160.8252,58.8447],[-160.8348,58.8139],[-160.778,58.8922],[-160.6976,58.9349],[-160.3585,59.0738],[-160.295,59.0745],[-160.3439,59.0538],[-160.2808,59.0225],[-160.256,58.9868],[-160.3342,58.9474],[-160.2966,58.9504],[-160.2871,58.9326],[-160.2647,58.9443],[-160.2487,58.8906],[-160.1473,58.9352],[-160.1605,58.9237],[-160.1602,58.863],[-160.0965,58.8571],[-160.0905,58.8792],[-160.0056,58.8795],[-159.9754,58.8424],[-159.9944,58.8365],[-159.9124,58.7685],[-159.802,58.8027],[-159.7893,58.8187],[-159.817,58.8415],[-159.8073,58.8527],[-159.7635,58.8314],[-159.7493,58.8556],[-159.7679,58.8753],[-159.7321,58.9133],[-159.7713,58.9336],[-159.6323,58.9353],[-159.595,58.9561],[-159.6172,58.933],[-159.5906,58.9041],[-159.5938,58.8876],[-159.6455,58.8392],[-159.4547,58.8103],[-159.4973,58.8189],[-159.4133,58.7799],[-159.3176,58.6961],[-159.1758,58.5392],[-159.0825,58.4607],[-159.0656,58.4254],[-158.8886,58.391],[-158.7893,58.4155],[-158.6999,58.4901],[-158.762,58.5021],[-158.7757,58.5561],[-158.8098,58.5824],[-158.8642,58.6932],[-158.8957,58.7126],[-158.9048,58.7387],[-158.8552,58.7238],[-158.8039,58.736],[-158.7746,58.7751],[-158.7977,58.8151],[-158.7774,58.8494],[-158.7822,58.8824],[-158.7217,58.8734],[-158.6198,58.9147],[-158.5861,58.9646],[-158.5409,58.996],[-158.5314,59.0255],[-158.432,59.0538],[-158.4411,59.0768],[-158.3252,59.0506],[-158.3128,59.0241],[-158.3745,59.0362],[-158.4297,59.0163],[-158.4431,58.9793],[-158.4184,58.9684],[-158.4928,58.952],[-158.4888,58.9176],[-158.5097,58.8585],[-158.5664,58.841],[-158.5583,58.821],[-158.571,58.8056],[-158.3961,58.7609],[-158.353,58.7309],[-158.3334,58.6635],[-158.3141,58.6461],[-158.185,58.6117],[-158.0872,58.6202],[-157.8636,58.6751],[-157.3156,58.8351],[-157.1821,58.8491],[-157.0686,58.8889],[-157.0375,58.9161],[-157.0372,58.9519],[-157.0165,58.9677],[-156.9232,58.9923],[-156.8927,58.9786],[-156.9687,58.9571],[-156.9878,58.9182],[-156.9702,58.8999],[-157.0194,58.8719],[-157.0044,58.8224],[-157.0683,58.769],[-157.0599,58.7226],[-156.9806,58.7201],[-157.0935,58.704],[-157.2597,58.6171],[-157.3641,58.5303],[-157.4162,58.5211],[-157.4668,58.4885],[-157.4586,58.5024],[-157.5424,58.3825],[-157.5522,58.3082],[-157.5466,58.2931],[-157.53,58.2948],[-157.5444,58.2781],[-157.5129,58.2491],[-157.4372,58.2059],[-157.3654,58.2308],[-157.4045,58.179],[-157.437,58.1662],[-157.5242,58.1629],[-157.5291,58.1906],[-157.5534,58.1385],[-157.5654,58.1286],[-157.5546,58.1534],[-157.5874,58.1275],[-157.6651,57.7935],[-157.7086,57.7039],[-157.7131,57.6363],[-157.6902,57.6081],[-157.6049,57.6064],[-157.5762,57.5305],[-157.5899,57.4962],[-157.6556,57.4883],[-157.654,57.5093],[-157.6959,57.5519],[-157.6853,57.5623],[-157.7509,57.5334],[-157.7609,57.5372],[-157.7298,57.555],[-157.7871,57.5426],[-157.9276,57.474],[-158.0017,57.408],[-158.1064,57.3742],[-158.0903,57.3583],[-158.2571,57.3126],[-158.3596,57.2629],[-158.5435,57.1295],[-158.6789,57.0053],[-158.6985,56.9705],[-158.6799,56.9341],[-158.6996,56.9],[-158.6754,56.8945],[-158.6747,56.8567],[-158.6502,56.8347],[-158.6865,56.783],[-158.7093,56.7948],[-158.7313,56.7917],[-158.7364,56.7752],[-158.7459,56.7895],[-158.7955,56.7801],[-158.8946,56.8026],[-158.9556,56.8427],[-158.9859,56.831],[-158.8454,56.8864],[-158.8882,56.8844],[-159.0537,56.8006],[-159.2885,56.7125],[-159.8338,56.5445],[-159.991,56.4492],[-160.0912,56.4045],[-160.154,56.3964],[-160.255,56.3237],[-160.3452,56.2839],[-160.3845,56.2548],[-160.4773,56.0861],[-160.5286,56.0417],[-160.4995,56.0569],[-160.5012,56.0441],[-160.5789,55.9943],[-160.5754,55.9766],[-160.5573,55.9941],[-160.5327,55.9885],[-160.5233,55.9673],[-160.5772,55.9107],[-160.5107,55.9433],[-160.4747,55.9155],[-160.4129,55.9071],[-160.3189,55.8603],[-160.235,55.848],[-160.2166,55.8321],[-160.3129,55.8182],[-160.2621,55.7717],[-160.2386,55.7842],[-160.2444,55.7691],[-160.3559,55.7743],[-160.3948,55.8044],[-160.4552,55.7832],[-160.4705,55.8075],[-160.4582,55.8367],[-160.5206,55.8675],[-160.6691,55.8572],[-160.7831,55.8831],[-160.7485,55.8169],[-160.756,55.7827],[-160.6913,55.7661],[-160.6521,55.7273],[-160.6812,55.7269],[-160.6617,55.709],[-160.6741,55.6941],[-160.7072,55.7364],[-160.7529,55.7499],[-160.7799,55.7403],[-160.7767,55.7238],[-160.7997,55.7101],[-160.7901,55.7232],[-160.8927,55.8045],[-160.9439,55.8145],[-160.9463,55.85],[-160.9269,55.8793],[-160.9969,55.8683],[-161.0182,55.8951],[-161.0117,55.9137],[-160.9631,55.9417],[-160.8913,55.9507],[-160.8517,55.9282],[-160.8553,55.9771],[-160.8734,56.0],[-160.9396,55.9896],[-161.0517,55.9416],[-161.1248,55.9645],[-161.1486,55.9521],[-161.3246,55.9567],[-161.3577,55.9457],[-161.3827,55.9115],[-161.3622,55.9545],[-161.1164,56.0102],[-161.1875,56.0083],[-161.7946,55.8911],[-161.9559,55.8045],[-162.0494,55.785],[-162.1221,55.7396],[-162.2556,55.6891],[-162.5114,55.4925],[-162.6306,55.4294],[-162.6246,55.4085],[-162.5902,55.447],[-162.5049,55.4597],[-162.5197,55.4205],[-162.4656,55.3686],[-162.5058,55.3773],[-162.5803,55.3473],[-162.6432,55.3687],[-162.6411,55.3885],[-162.6662,55.3561],[-162.6992,55.3493],[-162.6862,55.3428],[-162.7223,55.3117],[-162.7772,55.2957],[-162.7923,55.3017],[-162.7626,55.3078],[-162.7871,55.3116],[-162.8374,55.2656],[-162.8592,55.2785],[-162.8914,55.2678],[-162.8808,55.2571],[-162.9068,55.2428],[-162.8541,55.2441],[-162.8356,55.2207],[-162.8527,55.2153],[-162.8651,55.1811],[-162.9552,55.1604],[-162.9687,55.1749],[-163.0852,55.1751],[-163.0112,55.2177],[-163.0207,55.2273],[-162.9937,55.2333],[-162.9987,55.2448],[-163.1048,55.1799],[-163.1652,55.1712],[-163.3248,55.0981],[-163.3358,55.0807],[-163.2948,55.1055],[-163.3114,55.0793],[-163.279,55.0362],[-163.2919,54.9664],[-163.2218,54.9349],[-163.2278,54.9231],[-163.3368,54.9443],[-163.3346,54.9132],[-163.2954,54.9278],[-163.2636,54.9147],[-163.3155,54.9002],[-163.3295,54.866],[-163.3879,54.8489],[-163.3451,54.8001],[-163.2396,54.8277],[-163.1262,54.9037],[-163.0305,54.9436],[-163.0478,54.9697],[-163.2078,55.0228],[-163.2152,55.057],[-163.1902,55.0731],[-163.2182,55.0626],[-163.217,55.0911],[-163.23,55.0915],[-163.2077,55.0985],[-163.2058,55.0749],[-163.1763,55.085],[-163.1965,55.0962],[-163.1951,55.1223],[-163.1693,55.1344],[-163.1637,55.1191],[-163.0979,55.1153],[-163.1614,55.0947],[-163.0568,55.1003],[-162.9969,55.0745],[-162.9463,55.0228],[-162.9189,55.0256],[-162.91,55.0026],[-162.9548,55.0159],[-162.9615,54.9945],[-162.8775,54.9313],[-162.832,54.9204],[-162.8133,54.9366],[-162.7672,54.93],[-162.7172,54.9488],[-162.7104,54.9833],[-162.6709,54.9997],[-162.6781,55.0326],[-162.6379,55.053],[-162.6063,55.0136],[-162.6675,55.0129],[-162.5502,54.9557],[-162.6042,55.0861],[-162.6174,55.0905],[-162.623,55.0629],[-162.6398,55.0685],[-162.6226,55.0914],[-162.6254,55.1385],[-162.5945,55.1249],[-162.5851,55.1347],[-162.646,55.196],[-162.6431,55.1857],[-162.6917,55.1913],[-162.7164,55.211],[-162.7173,55.2379],[-162.6633,55.2758],[-162.688,55.2746],[-162.6321,55.3033],[-162.5574,55.2867],[-162.6275,55.2707],[-162.5101,55.2463],[-162.4939,55.1695],[-162.479,55.1576],[-162.4035,55.1147],[-162.3512,55.1041],[-162.3994,55.0969],[-162.4554,55.1221],[-162.5234,55.1113],[-162.5017,55.0733],[-162.4138,55.0325],[-162.3339,55.0393],[-162.2953,55.0823],[-162.3105,55.0551],[-162.3033,55.0365],[-162.263,55.0181],[-162.2209,55.0258],[-162.1885,55.0603],[-162.2069,55.0763],[-162.1998,55.0871],[-162.229,55.1037],[-162.214,55.1221],[-162.1671,55.1537],[-162.1006,55.1552],[-162.0807,55.1705],[-162.1117,55.141],[-162.1024,55.1259],[-162.1323,55.1111],[-162.0497,55.0697],[-161.9674,55.0982],[-161.9403,55.1212],[-161.9614,55.1582],[-162.0472,55.1761],[-161.9925,55.1839],[-162.0401,55.2223],[-162.001,55.2409],[-161.9502,55.2363],[-161.8939,55.2276],[-161.9219,55.2155],[-161.9531,55.2263],[-161.8952,55.2043],[-161.878,55.2239],[-161.9027,55.2521],[-161.8811,55.2529],[-161.8736,55.2325],[-161.8615,55.2673],[-161.6815,55.4076],[-161.6933,55.4435],[-161.6838,55.4843],[-161.6893,55.5015],[-161.6994,55.4882],[-161.7033,55.5099],[-161.6301,55.5638],[-161.6808,55.5665],[-161.6272,55.5755],[-161.5749,55.6173],[-161.4574,55.6301],[-161.3552,55.611],[-161.3744,55.5659],[-161.4913,55.4842],[-161.4716,55.4826],[-161.4695,55.4623],[-161.5081,55.3791],[-161.4995,55.3619],[-161.3409,55.3843],[-161.3121,55.3773],[-161.318,55.3591],[-161.2539,55.3475],[-160.9878,55.4447],[-160.9445,55.5085],[-160.8999,55.5243],[-160.8222,55.5097],[-160.8395,55.4939],[-160.8329,55.4708],[-160.79,55.4549],[-160.663,55.4618],[-160.6444,55.4845],[-160.65,55.5129],[-160.7657,55.5298],[-160.7681,55.5471],[-160.6493,55.5462],[-160.6095,55.5759],[-160.6031,55.5939],[-160.6145,55.5962],[-160.589,55.6063],[-160.5692,55.6054],[-160.5949,55.5728],[-160.5306,55.4757],[-160.4964,55.4754],[-160.4598,55.4987],[-160.4403,55.5489],[-160.463,55.5789],[-160.4329,55.5625],[-160.3799,55.6011],[-160.35,55.6049],[-160.4191,55.6329],[-160.4116,55.6589],[-160.2746,55.6335],[-160.2347,55.6417],[-160.2466,55.6579],[-160.1221,55.6615],[-160.1288,55.7197],[-160.1434,55.7313],[-160.1013,55.7019],[-160.0495,55.693],[-160.0916,55.7182],[-160.0099,55.7195],[-160.0483,55.763],[-160.0241,55.7858],[-159.9947,55.7931],[-159.9632,55.7729],[-159.9543,55.8164],[-159.8665,55.7803],[-159.8408,55.8003],[-159.8493,55.8401],[-159.8079,55.8548],[-159.7058,55.8449],[-159.5802,55.8009],[-159.6248,55.7927],[-159.6707,55.7338],[-159.6181,55.6969],[-159.6975,55.6569],[-159.6048,55.6404],[-159.6287,55.618],[-159.6218,55.6036],[-159.7193,55.6123],[-159.7365,55.5962],[-159.6753,55.6027],[-159.7265,55.5686],[-159.6272,55.5794],[-159.5912,55.5607],[-159.6125,55.5903],[-159.5899,55.6255],[-159.5322,55.6465],[-159.5258,55.6933],[-159.5459,55.7055],[-159.4893,55.7627],[-159.4949,55.8539],[-159.5101,55.8385],[-159.5443,55.8673],[-159.5238,55.884],[-159.4557,55.8965],[-159.4629,55.8243],[-159.4155,55.7847],[-159.3878,55.7956],[-159.4053,55.824],[-159.3941,55.8549],[-159.3694,55.8669],[-159.3278,55.8763],[-159.3047,55.8558],[-159.2602,55.8909],[-159.1656,55.8855],[-159.1542,55.9026],[-159.082,55.9184],[-159.0038,55.8871],[-158.9977,55.9212],[-158.9534,55.9319],[-158.907,55.9267],[-158.9056,55.9127],[-158.8487,55.9935],[-158.855,56.0046],[-158.8342,56.0159],[-158.7861,55.9865],[-158.761,56.0],[-158.7754,56.0146],[-158.7351,56.0138],[-158.7197,55.9815],[-158.6919,55.978],[-158.743,55.9597],[-158.7242,55.9508],[-158.6929,55.9651],[-158.6633,55.9486],[-158.6457,55.9597],[-158.6837,55.9772],[-158.6299,55.9843],[-158.6296,56.0],[-158.645,56.0],[-158.6394,56.0187],[-158.6706,56.0041],[-158.6544,56.0304],[-158.717,56.0321],[-158.7233,56.048],[-158.6663,56.0519],[-158.6474,56.0877],[-158.6935,56.1053],[-158.6717,56.1369],[-158.7217,56.1513],[-158.6504,56.1439],[-158.6408,56.137],[-158.6573,56.1137],[-158.6118,56.1203],[-158.5538,56.1674],[-158.6166,56.1993],[-158.5714,56.1863],[-158.457,56.1905],[-158.5184,56.1841],[-158.4982,56.1803],[-158.5146,56.1754],[-158.4899,56.1599],[-158.535,56.155],[-158.5554,56.1347],[-158.5485,56.1159],[-158.5916,56.1095],[-158.5931,56.0805],[-158.5503,56.0781],[-158.5911,56.0682],[-158.5988,56.0461],[-158.5852,56.0353],[-158.493,56.0675],[-158.5558,56.0359],[-158.5458,56.0089],[-158.4931,55.9787],[-158.4854,56.0],[-158.5064,56.0279],[-158.4902,56.0354],[-158.4249,55.9909],[-158.4115,56.0],[-158.4113,56.0433],[-158.455,56.053],[-158.4511,56.0278],[-158.4894,56.0487],[-158.4623,56.0713],[-158.4963,56.0919],[-158.485,56.1095],[-158.447,56.1131],[-158.4233,56.0677],[-158.4002,56.0604],[-158.4067,56.1065],[-158.4324,56.1316],[-158.4544,56.1282],[-158.4052,56.1249],[-158.3919,56.1635],[-158.4052,56.1643],[-158.387,56.1835],[-158.3758,56.1301],[-158.3481,56.1223],[-158.3372,56.1548],[-158.1947,56.1889],[-158.1811,56.2092],[-158.1562,56.2102],[-158.1625,56.2226],[-158.1181,56.2367],[-158.181,56.2338],[-158.2445,56.1981],[-158.3433,56.1762],[-158.3017,56.207],[-158.3505,56.2175],[-158.3942,56.2013],[-158.3788,56.2247],[-158.4022,56.2345],[-158.3055,56.2345],[-158.2007,56.2833],[-158.2943,56.3083],[-158.3437,56.2695],[-158.2975,56.3118],[-158.3471,56.3213],[-158.4014,56.2939],[-158.4133,56.3285],[-158.4491,56.2932],[-158.4315,56.3227],[-158.4396,56.3415],[-158.5084,56.3253],[-158.5643,56.2869],[-158.5586,56.2639],[-158.529,56.2491],[-158.6463,56.263],[-158.6366,56.2738],[-158.6634,56.2638],[-158.5856,56.3231],[-158.5134,56.3493],[-158.493,56.3391],[-158.5117,56.3707],[-158.4057,56.4512],[-158.3311,56.4821],[-158.2475,56.4604],[-158.1328,56.4606],[-158.1173,56.4897],[-158.1585,56.5042],[-158.1233,56.5205],[-157.8666,56.4711],[-157.8221,56.5012],[-157.8338,56.5403],[-157.8195,56.5561],[-157.9148,56.5715],[-158.1378,56.5345],[-158.1304,56.5508],[-158.0638,56.5727],[-158.0289,56.6013],[-157.9911,56.5943],[-157.9438,56.6347],[-157.8407,56.6449],[-157.7713,56.6797],[-157.7387,56.6739],[-157.6824,56.6073],[-157.4624,56.6235],[-157.4542,56.6364],[-157.4798,56.6716],[-157.5474,56.6729],[-157.5674,56.7055],[-157.5236,56.7583],[-157.4058,56.7623],[-157.4211,56.7996],[-157.4578,56.8025],[-157.4747,56.8238],[-157.4381,56.8589],[-157.386,56.862],[-157.2033,56.7642],[-157.1491,56.7832],[-157.1398,56.8042],[-157.1627,56.8359],[-157.1922,56.8375],[-157.1872,56.8547],[-157.0861,56.8189],[-157.0358,56.8889],[-156.9931,56.9115],[-156.936,56.9156],[-156.94,56.9507],[-156.9181,56.964],[-156.8929,56.9638],[-156.8469,56.9019],[-156.8089,56.9025],[-156.7939,56.9605],[-156.7542,56.9996],[-156.7857,57.0252],[-156.7747,57.0367],[-156.7198,57.037],[-156.6754,56.9938],[-156.6587,57.0032],[-156.5606,56.9771],[-156.5598,57.0131],[-156.6232,57.0585],[-156.5704,57.0501],[-156.6156,57.0787],[-156.5535,57.0435],[-156.4984,57.0613],[-156.4937,57.1066],[-156.4839,57.0738],[-156.4477,57.0805],[-156.4919,57.1181],[-156.4081,57.1272],[-156.3389,57.1761],[-156.4079,57.2245],[-156.3877,57.2504],[-156.3402,57.2521],[-156.3224,57.2898],[-156.3633,57.3113],[-156.3564,57.3224],[-156.5431,57.2799],[-156.5577,57.288],[-156.5415,57.323],[-156.4806,57.3419],[-156.4972,57.3172],[-156.4437,57.3631],[-156.4148,57.3654],[-156.3342,57.4189],[-156.2169,57.4367],[-156.2034,57.4759],[-156.1387,57.4687],[-156.1046,57.4842],[-156.1394,57.4579],[-156.1116,57.4365],[-156.0255,57.4335],[-156.017,57.4466],[-156.037,57.464],[-156.0506,57.5147],[-156.1037,57.5208],[-156.0322,57.52],[-156.0412,57.5643],[-155.9342,57.5297],[-155.8265,57.5747],[-155.8253,57.5546],[-155.7959,57.5403],[-155.735,57.5398],[-155.7293,57.5775],[-155.745,57.5953],[-155.7289,57.6139],[-155.7817,57.6386],[-155.7379,57.6292],[-155.5962,57.6584],[-155.5845,57.6862],[-155.6395,57.704],[-155.6124,57.7509],[-155.6132,57.7911],[-155.5421,57.7838],[-155.4683,57.7441],[-155.4209,57.7447],[-155.3789,57.7089],[-155.3048,57.7233],[-155.2931,57.7587],[-155.3672,57.7866],[-155.2892,57.7983],[-155.3239,57.7939],[-155.3408,57.8235],[-155.236,57.826],[-155.2211,57.8441],[-155.2574,57.8631],[-155.2511,57.8722],[-155.2103,57.8682],[-155.1989,57.8454],[-155.188,57.8601],[-155.091,57.8727],[-155.0688,57.9042],[-155.1374,57.9444],[-155.047,57.9565],[-155.0254,57.9951],[-155.0502,58.0066],[-155.0318,58.0244],[-154.9664,58.0129],[-154.9679,58.0282],[-154.93,58.0327],[-154.9361,58.0154],[-154.8747,58.0278],[-154.8114,57.9999],[-154.7771,58.0024],[-154.7332,58.017],[-154.7184,58.0581],[-154.6796,58.0678],[-154.6523,58.062],[-154.6471,58.0329],[-154.5844,58.0203],[-154.5417,58.0602],[-154.5621,58.0821],[-154.5471,58.0886],[-154.6047,58.0996],[-154.619,58.118],[-154.6081,58.129],[-154.5382,58.106],[-154.5652,58.1027],[-154.544,58.0926],[-154.5308,58.1048],[-154.4828,58.083],[-154.4541,58.0913],[-154.4644,58.1628],[-154.498,58.2025],[-154.4421,58.1759],[-154.4449,58.1568],[-154.4193,58.1302],[-154.3805,58.1151],[-154.3701,58.1046],[-154.3828,58.0966],[-154.3466,58.0969],[-154.3435,58.0827],[-154.3152,58.0923],[-154.343,58.1274],[-154.3374,58.1599],[-154.2724,58.1305],[-154.22,58.1351],[-154.3033,58.1932],[-154.2649,58.1789],[-154.2818,58.2009],[-154.2351,58.1855],[-154.178,58.1917],[-154.1775,58.2134],[-154.1514,58.2124],[-154.1537,58.2368],[-154.2472,58.2524],[-154.1291,58.2681],[-154.1113,58.2861],[-154.1901,58.3229],[-154.2128,58.3111],[-154.1945,58.3059],[-154.2077,58.2914],[-154.224,58.2888],[-154.2242,58.3032],[-154.2602,58.2969],[-154.261,58.2736],[-154.3529,58.2455],[-154.3438,58.2672],[-154.355,58.2873],[-154.1822,58.3384],[-154.2169,58.3495],[-154.2039,58.3548],[-154.0999,58.3432],[-154.1049,58.3582],[-154.0492,58.3575],[-154.0074,58.3752],[-153.9881,58.3918],[-154.0725,58.4041],[-154.057,58.4137],[-154.0878,58.4305],[-154.0711,58.4368],[-154.0783,58.4646],[-154.1002,58.4776],[-153.9238,58.5014],[-153.9119,58.5126],[-153.9454,58.5106],[-153.9581,58.5245],[-153.9278,58.5205],[-153.9164,58.5525],[-153.8777,58.5693],[-153.9074,58.581],[-153.901,58.6097],[-153.6842,58.6098],[-153.5943,58.6318],[-153.5644,58.6821],[-153.4551,58.7055],[-153.3945,58.7473],[-153.3559,58.8395],[-153.3244,58.8532],[-153.2847,58.8363],[-153.2537,58.8603],[-153.3582,58.8582],[-153.2901,58.8735],[-153.3296,58.8858],[-153.3268,58.9226],[-153.3678,58.9238],[-153.4008,58.9451],[-153.4074,58.9694],[-153.4844,58.9987],[-153.5463,58.9829],[-153.6286,59.0106],[-153.6996,59.0755],[-153.7578,59.0553],[-153.8071,59.074],[-153.8644,59.0553],[-154.0682,59.0741],[-154.1647,59.0184],[-154.2005,59.0511],[-154.1838,59.0651],[-154.2053,59.0668],[-154.1706,59.0892],[-154.201,59.0911],[-154.1739,59.1031],[-154.1794,59.1219],[-154.2562,59.1151],[-154.2708,59.12],[-154.2524,59.1282],[-154.2668,59.1421],[-154.2187,59.1527],[-154.2407,59.1668],[-154.171,59.1808],[-154.1801,59.1948],[-154.1292,59.1993],[-154.1456,59.2499],[-154.122,59.2977],[-153.9611,59.355],[-153.9493,59.363],[-153.9717,59.3655],[-153.9205,59.4149],[-153.7293,59.4409],[-153.7459,59.4474],[-153.7072,59.4677],[-153.7256,59.5006],[-153.8054,59.5378],[-153.8729,59.544],[-153.8244,59.5526],[-153.7894,59.5473],[-153.782,59.5309],[-153.7231,59.5525],[-153.5925,59.5537],[-153.5542,59.5972],[-153.5629,59.6074],[-153.6098,59.6151],[-153.6239,59.6318],[-153.6821,59.6233],[-153.7123,59.6365],[-153.6333,59.6449],[-153.6286,59.6826],[-153.604,59.6965],[-153.6051,59.6563],[-153.5658,59.6249],[-153.4798,59.6447],[-153.4462,59.6982],[-153.4599,59.786],[-153.3843,59.7309],[-153.345,59.7241],[-153.3833,59.7135],[-153.3779,59.6969],[-153.3938,59.6651],[-153.4246,59.6512],[-153.4211,59.6378],[-153.3136,59.6267],[-153.304,59.6342],[-153.3197,59.6668],[-153.2915,59.6716],[-153.2538,59.6328],[-153.2179,59.635],[-153.157,59.6566],[-153.1371,59.6824],[-153.0592,59.6904],[-152.9938,59.8083],[-153.0038,59.829],[-153.0294,59.8349],[-153.0943,59.8335],[-153.1476,59.8091],[-153.2148,59.8265],[-153.287,59.8112],[-153.2831,59.8305],[-153.2222,59.8651],[-153.1412,59.86],[-153.0068,59.8868],[-152.8146,59.8798],[-152.7069,59.9201],[-152.6832,59.9717],[-152.6089,60.0068],[-152.5713,60.0547],[-152.5755,60.0828],[-152.6536,60.1339],[-152.6734,60.1641],[-152.7354,60.1896],[-152.7328,60.1734],[-152.7464,60.1932],[-152.8953,60.2401],[-152.9172,60.2911],[-153.0479,60.2917],[-153.0849,60.2786],[-153.0984,60.2464],[-153.1146,60.2646],[-153.1495,60.2422],[-153.1411,60.2641],[-153.0437,60.2958],[-152.9417,60.3021],[-152.9005,60.2932],[-152.8828,60.2505],[-152.8417,60.2354],[-152.7604,60.2292],[-152.6687,60.2],[-152.6354,60.2229],[-152.5547,60.2172],[-152.5057,60.2661],[-152.388,60.2984],[-152.3891,60.3286],[-152.3693,60.3359],[-152.3703,60.3516],[-152.2401,60.3859],[-152.3161,60.4214],[-152.3349,60.4703],[-152.2349,60.5453],[-152.1151,60.5755],[-152.2417,60.6271],[-152.3604,60.6333],[-152.4391,60.6182],[-152.3479,60.6396],[-152.2229,60.6312],[-152.0937,60.5792],[-152.0464,60.6401],[-152.0578,60.6464],[-152.0464,60.6484],[-152.0578,60.6589],[-152.0505,60.6891],[-152.087,60.6995],[-152.0401,60.6911],[-152.0453,60.6589],[-152.0292,60.65],[-151.9109,60.7005],[-151.9141,60.7224],[-151.8917,60.7083],[-151.838,60.7276],[-151.8792,60.7583],[-151.8167,60.7167],[-151.713,60.7109],[-151.7026,60.7307],[-151.7953,60.8276],[-151.7807,60.8599],[-151.7146,60.8958],[-151.7453,60.9245],[-151.7187,60.9063],[-151.6792,60.9083],[-151.5974,60.9557],[-151.4922,60.988],[-151.4875,61.0083],[-151.4667,60.9938],[-151.3437,61.0104],[-151.2792,61.0375],[-151.163,61.0464],[-151.0495,61.1599],[-150.9505,61.1922],[-150.9312,61.2208],[-150.9354,61.2],[-150.8667,61.2062],[-150.8318,61.2151],[-150.8396,61.2271],[-150.8005,61.2276],[-150.8167,61.2458],[-150.7833,61.2313],[-150.7464,61.2401],[-150.7375,61.2583],[-150.7229,61.2479],[-150.6818,61.2609],[-150.6609,61.2964],[-150.6745,61.3245],[-150.6234,61.3505],[-150.6266,61.3724],[-150.5979,61.3604],[-150.5453,61.4078],[-150.4672,61.4068],[-150.5005,61.4661],[-150.5349,61.4672],[-150.587,61.4984],[-150.5724,61.5307],[-150.4901,61.5568],[-150.4859,61.587],[-150.6286,61.663],[-150.6766,61.7089],[-150.6463,61.737],[-150.6953,61.7318],[-150.7214,61.8016],[-150.7578,61.8089],[-150.7901,61.8578],[-150.8266,61.8651],[-150.8276,61.887],[-150.9438,61.9021],[-150.9646,61.9229],[-151.0208,61.9188],[-151.0255,61.9349],[-151.1161,61.9651],[-151.1234,61.9807],[-151.2333,61.9896],[-151.2432,62.0078],[-151.2208,61.9896],[-151.113,61.9849],[-151.1099,61.9693],[-151.0047,61.9328],[-151.0188,61.9208],[-150.9583,61.9271],[-150.9417,61.9063],[-150.8213,61.8891],[-150.763,61.8578],[-150.7786,61.8464],[-150.7297,61.8266],[-150.737,61.8109],[-150.6901,61.787],[-150.7036,61.7693],[-150.6839,61.7599],[-150.6891,61.7339],[-150.6359,61.7453],[-150.6662,61.713],[-150.587,61.6401],[-150.4964,61.6016],[-150.4729,61.5729],[-150.4588,61.5766],[-150.4661,61.5693],[-150.4276,61.5755],[-150.3901,61.6109],[-150.3849,61.6474],[-150.3047,61.6776],[-150.3167,61.6958],[-150.2859,61.7068],[-150.2932,61.7411],[-150.2536,61.7766],[-150.1984,61.7964],[-150.2161,61.8172],[-150.2005,61.8339],[-150.2078,61.8453],[-150.1151,61.9193],[-150.1599,61.9682],[-150.1375,62.0062],[-150.1453,62.0182],[-150.1234,62.0318],[-150.1224,62.0766],[-150.0818,62.0953],[-150.1891,62.1682],[-150.1214,62.1984],[-150.1682,62.2495],[-150.138,62.2609],[-150.1328,62.2911],[-150.113,62.2932],[-150.1328,62.2943],[-150.1562,62.3354],[-150.212,62.3526],[-150.2474,62.388],[-150.2437,62.4458],[-150.2297,62.4161],[-150.2411,62.4005],[-150.212,62.363],[-150.1521,62.3458],[-150.162,62.3786],[-150.1359,62.3849],[-150.1557,62.3672],[-150.1338,62.3495],[-150.137,62.3339],[-150.1109,62.3286],[-150.1224,62.3193],[-150.1047,62.3057],[-150.1068,62.2818],[-150.1266,62.2599],[-150.1151,62.2484],[-150.1391,62.2318],[-150.1151,62.2245],[-150.1068,62.1984],[-150.1745,62.1672],[-150.113,62.1474],[-150.1182,62.1297],[-150.0672,62.0995],[-150.1182,62.0307],[-150.0859,61.9766],[-150.0922,61.9505],[-150.1057,61.9526],[-150.0917,61.9771],[-150.1068,61.9932],[-150.137,61.9724],[-150.1078,61.9359],[-150.0818,61.9359],[-150.1849,61.8307],[-150.1651,61.8078],[-150.1807,61.7901],[-150.1651,61.7672],[-150.1807,61.7589],[-150.1734,61.7724],[-150.1958,61.7917],[-150.2766,61.7432],[-150.2688,61.7167],[-150.2047,61.7193],[-150.25,61.7208],[-150.2912,61.6974],[-150.2964,61.6714],[-150.3682,61.6286],[-150.3745,61.6172],[-150.3568,61.6026],[-150.3838,61.5818],[-150.5286,61.537],[-150.5464,61.5026],[-150.5661,61.5161],[-150.5724,61.4901],[-150.5292,61.4938],[-150.5266,61.4797],[-150.4859,61.4703],[-150.4547,61.4099],[-150.5099,61.3859],[-150.4484,61.3568],[-150.4937,61.3708],[-150.562,61.3391],[-150.5557,61.288],[-150.5307,61.2693],[-150.5188,61.2813],[-150.4708,61.25],[-150.3062,61.2583],[-150.3349,61.2766],[-150.2755,61.2734],[-150.2953,61.2943],[-150.2792,61.3063],[-150.2651,61.2734],[-150.2896,61.2583],[-150.0771,61.2542],[-149.9812,61.2375],[-149.9193,61.2651],[-149.9162,61.3349],[-149.888,61.3651],[-149.8995,61.3786],[-149.8068,61.4005],[-149.7328,61.4599],[-149.6646,61.4646],[-149.5979,61.4917],[-149.5776,61.4839],[-149.6057,61.4651],[-149.5604,61.4729],[-149.5437,61.4979],[-149.4964,61.4995],[-149.5417,61.4896],[-149.4687,61.4667],[-149.4417,61.4854],[-149.2563,61.4979],[-149.2443,61.4922],[-149.2641,61.4859],[-149.2146,61.4792],[-149.1443,61.5026],[-149.1562,61.5125],[-149.0333,61.5042],[-148.9479,61.5229],[-148.8188,61.4854],[-148.7172,61.4807],[-148.7307,61.4755],[-148.6984,61.4661],[-148.6995,61.4443],[-148.6651,61.437],[-148.6786,61.4255],[-148.6375,61.425],[-148.6089,61.4068],[-148.687,61.4234],[-148.7417,61.4625],[-148.85,61.4646],[-148.975,61.5104],[-149.0896,61.4875],[-149.1562,61.4979],[-149.1953,61.4807],[-149.1854,61.4729],[-149.3813,61.4667],[-149.5562,61.4],[-149.7016,61.3807],[-149.7161,61.3703],[-149.7068,61.3297],[-149.7307,61.3286],[-149.7068,61.3109],[-149.7396,61.325],[-149.8161,61.312],[-149.9224,61.212],[-149.9047,61.2005],[-150.0188,61.2021],[-150.0729,61.1583],[-149.963,61.1266],[-149.9703,61.1172],[-149.8359,61.0724],[-149.7328,61.0151],[-149.6042,60.9833],[-149.4917,60.9833],[-149.3734,60.9453],[-149.3604,60.925],[-149.1875,60.9458],[-149.0776,60.9057],[-149.0016,60.8464],[-148.9714,60.8453],[-148.9974,60.8391],[-148.9896,60.8187],[-149.0213,60.8495],[-149.0536,60.8484],[-149.0443,60.8557],[-149.0713,60.887],[-149.1146,60.9021],[-149.1292,60.8875],[-149.1932,60.9016],[-149.175,60.8854],[-149.4125,60.9063],[-149.4229,60.8917],[-149.5625,60.9333],[-149.6479,60.9229],[-149.6839,60.9474],[-149.7729,60.9646],[-149.8437,60.9667],[-149.9271,60.9313],[-150.0016,60.9266],[-149.9729,60.9021],[-149.9958,60.9208],[-150.0495,60.9203],[-150.0047,60.9016],[-150.0125,60.8854],[-149.9984,60.8693],[-150.0229,60.8625],[-150.0104,60.875],[-150.0255,60.9016],[-150.0917,60.9146],[-150.1062,60.9021],[-150.1068,60.9161],[-150.175,60.925],[-150.1974,60.9151],[-150.1901,60.9266],[-150.262,60.9443],[-150.3297,61.0141],[-150.3833,61.0375],[-150.687,60.9536],[-151.025,60.7958],[-151.2417,60.775],[-151.2797,60.7464],[-151.4057,60.7203],[-151.3974,60.6839],[-151.3422,60.6307],[-151.3266,60.5776],[-151.2688,60.5479],[-151.2193,60.5474],[-151.2453,60.5349],[-151.2375,60.5229],[-151.188,60.5359],[-151.2396,60.5187],[-151.2578,60.5349],[-151.2359,60.5453],[-151.2682,60.537],[-151.2974,60.3891],[-151.2839,60.3797],[-151.3146,60.3854],[-151.3766,60.3661],[-151.3818,60.2818],[-151.413,60.2151],[-151.6224,60.0891],[-151.7289,60.005],[-151.7593,59.9185],[-151.8054,59.8835],[-151.82,59.8408],[-151.8721,59.7799],[-151.8586,59.7391],[-151.6451,59.6473],[-151.5304,59.6419],[-151.4259,59.6],[-151.4137,59.6043],[-151.4977,59.637],[-151.4369,59.6701],[-151.2975,59.7014],[-151.1165,59.7843],[-151.0007,59.8019],[-150.9912,59.7971],[-151.0108,59.7882],[-150.9251,59.7927],[-151.0583,59.7368],[-151.0286,59.7228],[-151.0373,59.7157],[-151.0775,59.7229],[-151.1245,59.6957],[-151.1207,59.6674],[-151.206,59.6359],[-151.2153,59.6464],[-151.2075,59.6178],[-151.1775,59.6011],[-151.1938,59.5913],[-151.2816,59.5991],[-151.2796,59.5716],[-151.3225,59.5786],[-151.2486,59.5677],[-151.267,59.5597],[-151.2523,59.5492],[-151.3045,59.5591],[-151.3163,59.5464],[-151.3599,59.556],[-151.3598,59.5721],[-151.3949,59.5466],[-151.3775,59.5435],[-151.4504,59.5447],[-151.4648,59.5146],[-151.4081,59.5152],[-151.4806,59.508],[-151.4519,59.4844],[-151.4587,59.4721],[-151.5359,59.4737],[-151.5036,59.4518],[-151.592,59.4751],[-151.5642,59.4849],[-151.5741,59.4891],[-151.7088,59.4739],[-151.7216,59.4314],[-151.6896,59.3928],[-151.7476,59.4309],[-151.7469,59.4569],[-151.8925,59.4288],[-151.9123,59.4005],[-151.8493,59.3684],[-151.965,59.3457],[-151.9944,59.3052],[-151.9818,59.2579],[-151.9647,59.2484],[-151.938,59.2576],[-151.8179,59.2424],[-151.9243,59.2316],[-151.8247,59.2042],[-151.8314,59.213],[-151.7076,59.2256],[-151.7232,59.2167],[-151.7093,59.2037],[-151.7655,59.2109],[-151.7686,59.1798],[-151.7402,59.1573],[-151.5934,59.1629],[-151.5806,59.1749],[-151.6371,59.1878],[-151.5992,59.1894],[-151.5779,59.2077],[-151.5262,59.1955],[-151.4673,59.2117],[-151.5832,59.2296],[-151.4539,59.2373],[-151.4454,59.2567],[-151.4275,59.2537],[-151.4462,59.2743],[-151.4061,59.2528],[-151.4123,59.2802],[-151.3959,59.2514],[-151.3123,59.2117],[-151.2908,59.2204],[-151.3058,59.2469],[-151.2631,59.2249],[-151.2517,59.2025],[-151.2243,59.2278],[-151.1631,59.2047],[-151.1066,59.2279],[-151.1143,59.2551],[-151.3353,59.3105],[-151.237,59.2997],[-151.2151,59.3106],[-151.1639,59.2867],[-151.1375,59.2976],[-151.0945,59.2694],[-151.0454,59.3254],[-151.0291,59.323],[-151.0542,59.3042],[-151.0395,59.2747],[-150.9818,59.2787],[-151.007,59.2663],[-150.9898,59.2563],[-151.0296,59.2502],[-151.0156,59.2312],[-151.026,59.2211],[-150.9671,59.2001],[-151.01,59.2197],[-151.0022,59.2343],[-150.9419,59.2381],[-150.8949,59.2717],[-150.9203,59.3008],[-150.9621,59.3118],[-150.8886,59.3192],[-150.8452,59.3459],[-150.8629,59.3556],[-150.7706,59.3768],[-150.7471,59.4243],[-150.7074,59.4353],[-150.6674,59.4195],[-150.5923,59.4429],[-150.5991,59.4571],[-150.6639,59.4733],[-150.5888,59.4712],[-150.5845,59.4952],[-150.6202,59.5203],[-150.6501,59.5212],[-150.6726,59.5484],[-150.612,59.5415],[-150.5657,59.5848],[-150.5694,59.5972],[-150.512,59.604],[-150.5174,59.5892],[-150.4969,59.5799],[-150.5768,59.5294],[-150.5273,59.5232],[-150.5615,59.5089],[-150.5224,59.4993],[-150.4842,59.5282],[-150.4866,59.4953],[-150.5274,59.4664],[-150.4822,59.4635],[-150.4383,59.5146],[-150.4209,59.5647],[-150.4357,59.5787],[-150.3879,59.568],[-150.2387,59.7313],[-150.2213,59.7266],[-150.2294,59.704],[-150.2909,59.6422],[-150.2684,59.6288],[-150.3266,59.5928],[-150.3032,59.58],[-150.3614,59.5383],[-150.3012,59.5117],[-150.3303,59.5282],[-150.3691,59.5249],[-150.3433,59.5039],[-150.3854,59.496],[-150.3475,59.4861],[-150.3927,59.4797],[-150.4013,59.4653],[-150.3243,59.4713],[-150.3168,59.4908],[-150.3002,59.479],[-150.2989,59.5005],[-150.2544,59.4902],[-150.2358,59.5035],[-150.2708,59.5322],[-150.2408,59.5275],[-150.2222,59.5438],[-150.2177,59.5211],[-150.1796,59.5381],[-150.2112,59.5597],[-150.2094,59.5821],[-150.1764,59.5838],[-150.195,59.5712],[-150.1683,59.5613],[-150.0919,59.5801],[-150.1469,59.6001],[-150.1645,59.622],[-150.1462,59.628],[-150.1129,59.605],[-150.0906,59.65],[-150.1449,59.6919],[-150.0631,59.66],[-150.039,59.6128],[-150.003,59.6407],[-150.0139,59.6627],[-149.9468,59.6554],[-149.9222,59.687],[-149.9289,59.7253],[-149.9722,59.719],[-149.9717,59.7498],[-150.0676,59.782],[-150.0311,59.7897],[-150.0367,59.7988],[-149.978,59.7698],[-149.9133,59.7674],[-149.8881,59.7369],[-149.8559,59.7372],[-149.8427,59.7128],[-149.8208,59.7151],[-149.8321,59.6989],[-149.7703,59.7045],[-149.831,59.685],[-149.7915,59.6792],[-149.7965,59.6575],[-149.774,59.6616],[-149.783,59.6532],[-149.7425,59.6401],[-149.7654,59.6857],[-149.7283,59.6952],[-149.7495,59.6962],[-149.7401,59.718],[-149.7768,59.7434],[-149.7643,59.7647],[-149.7929,59.7653],[-149.7746,59.7758],[-149.793,59.7889],[-149.7665,59.7928],[-149.8224,59.8347],[-149.8743,59.85],[-149.8008,59.8484],[-149.7549,59.8222],[-149.7513,59.8973],[-149.743,59.879],[-149.7238,59.8839],[-149.7503,59.9411],[-149.7337,59.9535],[-149.6894,59.9469],[-149.6706,59.908],[-149.6478,59.8968],[-149.6713,59.8719],[-149.6264,59.8772],[-149.6744,59.8409],[-149.6434,59.8281],[-149.6755,59.8222],[-149.6592,59.8182],[-149.6724,59.8119],[-149.6559,59.8066],[-149.6646,59.7905],[-149.6166,59.7957],[-149.6618,59.7745],[-149.6427,59.7609],[-149.6064,59.7839],[-149.618,59.7647],[-149.5829,59.7523],[-149.6194,59.7549],[-149.6151,59.7445],[-149.6494,59.7373],[-149.6221,59.7248],[-149.5857,59.7432],[-149.5919,59.7154],[-149.5513,59.7269],[-149.5561,59.7151],[-149.5315,59.7037],[-149.525,59.7354],[-149.5525,59.7308],[-149.5671,59.7515],[-149.5392,59.7557],[-149.5563,59.7729],[-149.5432,59.7802],[-149.5957,59.7662],[-149.6046,59.8084],[-149.6311,59.8195],[-149.5978,59.8542],[-149.5831,59.8487],[-149.5912,59.8726],[-149.5644,59.8813],[-149.569,59.9026],[-149.5242,59.928],[-149.4702,59.9182],[-149.4418,59.9779],[-149.4017,59.9841],[-149.3963,60.0016],[-149.4474,60.0339],[-149.4354,60.0687],[-149.4474,60.0911],[-149.4318,60.1005],[-149.4432,60.1161],[-149.425,60.125],[-149.363,60.1203],[-149.3641,60.0901],[-149.3359,60.0703],[-149.3286,60.0068],[-149.306,60.0095],[-149.3373,59.9919],[-149.3373,59.9714],[-149.3067,59.9786],[-149.3124,59.9376],[-149.366,59.938],[-149.3488,59.908],[-149.3792,59.9031],[-149.3411,59.8963],[-149.3113,59.9352],[-149.3191,59.9171],[-149.3012,59.9059],[-149.3121,59.8928],[-149.3028,59.8686],[-149.2469,59.9075],[-149.2893,59.9132],[-149.2369,59.9402],[-149.2613,59.949],[-149.2226,59.9749],[-149.2371,59.9824],[-149.2196,60.0007],[-149.1818,60.0026],[-149.1682,60.037],[-149.1438,60.0313],[-149.0562,60.0583],[-149.0339,60.0339],[-149.1136,59.9928],[-149.1312,59.9643],[-149.0787,59.9533],[-149.0349,59.9776],[-149.037,59.9495],[-149.009,59.9462],[-148.9437,59.9712],[-148.8835,59.9252],[-148.8458,59.9242],[-148.8005,59.9546],[-148.7582,59.956],[-148.806,59.9709],[-148.8028,59.9926],[-148.7979,59.9751],[-148.7816,59.9841],[-148.7303,59.9373],[-148.657,59.9522],[-148.6848,59.9261],[-148.648,59.9149],[-148.5669,59.9559],[-148.5941,59.9725],[-148.5533,59.9697],[-148.5443,60.0057],[-148.5557,60.0286],[-148.5375,60.0313],[-148.4957,60.0],[-148.5009,59.9788],[-148.4802,59.9703],[-148.4692,59.9813],[-148.4595,59.9629],[-148.4884,59.9565],[-148.4367,59.9483],[-148.4103,59.981],[-148.4165,60.0004],[-148.3984,60.0057],[-148.4453,60.0266],[-148.4068,60.0276],[-148.3943,60.0495],[-148.4099,60.0578],[-148.3797,60.0609],[-148.3849,60.0807],[-148.3672,60.087],[-148.3932,60.1057],[-148.3505,60.138],[-148.3599,60.1495],[-148.3359,60.1734],[-148.3432,60.1828],[-148.3213,60.1807],[-148.3271,60.1625],[-148.2755,60.1641],[-148.3016,60.1172],[-148.2417,60.1146],[-148.1214,60.1651],[-148.1307,60.187],[-148.0859,60.213],[-148.1453,60.2349],[-148.1463,60.2068],[-148.2146,60.1437],[-148.1859,60.2099],[-148.2271,60.2229],[-148.2995,60.2047],[-148.2516,60.237],[-148.1859,60.2443],[-148.2312,60.2562],[-148.2807,60.2432],[-148.3464,60.1943],[-148.4536,60.1755],[-148.3422,60.2297],[-148.3734,60.2578],[-148.412,60.2609],[-148.4036,60.2807],[-148.3443,60.2849],[-148.3411,60.2526],[-148.3255,60.2464],[-148.3182,60.262],[-148.2088,60.3005],[-148.2109,60.3307],[-148.2333,60.3479],[-148.2724,60.3193],[-148.2547,60.3484],[-148.2682,60.3599],[-148.225,60.3625],[-148.2182,60.3464],[-148.1667,60.3354],[-148.125,60.3604],[-148.1703,60.4036],[-148.0958,60.3708],[-148.0813,60.3812],[-148.1016,60.4161],[-148.0604,60.3854],[-147.9901,60.4109],[-148.0245,60.4214],[-148.0224,60.4328],[-147.9625,60.4167],[-147.938,60.4411],[-147.9646,60.4646],[-147.9672,60.4484],[-147.9958,60.4417],[-147.988,60.4557],[-148.0953,60.4526],[-147.9839,60.4734],[-147.9625,60.5],[-148.0141,60.5172],[-148.0005,60.5328],[-148.0292,60.5438],[-148.0911,60.5214],[-148.0786,60.5453],[-148.0396,60.5604],[-148.0703,60.5609],[-148.0818,60.5932],[-148.1021,60.5958],[-148.1578,60.5682],[-148.1682,60.538],[-148.1526,60.4984],[-148.1953,60.4901],[-148.1792,60.5167],[-148.1917,60.5563],[-148.2255,60.5172],[-148.2516,60.5099],[-148.2271,60.4625],[-148.2771,60.4292],[-148.2891,60.4349],[-148.263,60.4484],[-148.2693,60.487],[-148.3667,60.45],[-148.3599,60.4849],[-148.3297,60.4953],[-148.3995,60.4922],[-148.3693,60.5099],[-148.4349,60.513],[-148.4432,60.5224],[-148.4297,60.5286],[-148.4542,60.5417],[-148.7036,60.438],[-148.712,60.462],[-148.5229,60.5646],[-148.4146,60.5833],[-148.4349,60.5609],[-148.3833,60.5396],[-148.3437,60.5646],[-148.3682,60.5401],[-148.325,60.5292],[-148.2516,60.5953],[-148.188,60.6099],[-148.2443,60.6911],[-148.2833,60.6854],[-148.2547,60.7026],[-148.2536,60.7453],[-148.2312,60.7625],[-148.2745,60.7516],[-148.2943,60.7214],[-148.3307,60.7036],[-148.3578,60.6682],[-148.3464,60.6505],[-148.3828,60.6516],[-148.4312,60.6125],[-148.4234,60.637],[-148.4516,60.6516],[-148.3838,60.6797],[-148.4,60.6979],[-148.3901,60.7036],[-148.4224,60.7161],[-148.3672,60.7318],[-148.3672,60.7495],[-148.3854,60.7438],[-148.3938,60.7583],[-148.3693,60.7682],[-148.4021,60.7771],[-148.4479,60.75],[-148.512,60.7661],[-148.5786,60.7307],[-148.588,60.6984],[-148.6812,60.6458],[-148.6797,60.6641],[-148.712,60.6599],[-148.6755,60.6797],[-148.6849,60.6891],[-148.6703,60.7182],[-148.5583,60.775],[-148.4588,60.7839],[-148.4526,60.8036],[-148.5125,60.8021],[-148.5646,60.7792],[-148.5484,60.7995],[-148.6771,60.7729],[-148.7125,60.7729],[-148.7141,60.7849],[-148.6021,60.825],[-148.5208,60.8229],[-148.5104,60.8375],[-148.338,60.8047],[-148.3359,60.8182],[-148.4099,60.8474],[-148.3771,60.8604],[-148.3068,60.8339],[-148.2901,60.8599],[-148.3078,60.8609],[-148.2984,60.8766],[-148.3161,60.9099],[-148.2875,60.8917],[-148.2672,60.912],[-148.3266,60.9536],[-148.3125,60.9625],[-148.2563,60.9354],[-148.2318,60.9422],[-148.2432,60.9557],[-148.2109,60.9589],[-148.1984,60.9755],[-148.2078,60.987],[-148.1797,60.9964],[-148.1651,61.0661],[-148.287,61.0453],[-148.3838,60.9776],[-148.4411,60.9714],[-148.3609,61.0359],[-148.4016,61.0422],[-148.4036,61.0557],[-148.3,61.0646],[-148.3021,61.0854],[-148.1979,61.0833],[-148.1786,61.1161],[-148.1417,61.1292],[-148.1255,61.1193],[-148.1479,61.0979],[-148.1172,61.0661],[-148.1161,61.038],[-148.0797,61.0349],[-148.0849,61.0068],[-148.0589,61.013],[-148.0047,61.0526],[-147.9807,61.1078],[-147.8213,61.2026],[-147.7146,61.2917],[-147.7083,61.2792],[-147.6922,61.2849],[-147.7021,61.2667],[-147.6667,61.2771],[-147.7542,61.2083],[-147.6151,61.2276],[-147.7578,61.1849],[-147.9307,61.0786],[-147.9068,61.0651],[-147.9474,61.0307],[-147.9443,61.013],[-147.9932,60.9807],[-147.9943,60.9609],[-148.0349,60.9536],[-148.062,60.9297],[-148.0354,60.9354],[-148.0104,60.9167],[-147.9276,60.9036],[-147.9432,60.8943],[-147.9151,60.8849],[-147.9078,60.8484],[-147.8583,60.8208],[-147.7984,60.8453],[-147.8328,60.8224],[-147.8188,60.8125],[-147.7708,60.8104],[-147.7641,60.8286],[-147.7484,60.8276],[-147.7713,60.8557],[-147.8271,60.875],[-147.7839,60.8734],[-147.7693,60.9036],[-147.8099,60.9161],[-147.7563,60.9146],[-147.7578,60.9307],[-147.7375,60.9396],[-147.7125,60.9333],[-147.7307,60.9036],[-147.713,60.9016],[-147.7245,60.8839],[-147.6547,60.8891],[-147.6724,60.8682],[-147.6568,60.8599],[-147.6682,60.8422],[-147.6047,60.8484],[-147.5964,60.8599],[-147.6141,60.8703],[-147.588,60.8766],[-147.6375,60.8896],[-147.5964,60.8984],[-147.6141,60.9172],[-147.5943,60.9359],[-147.6005,60.9495],[-147.6875,60.9521],[-147.6214,60.9651],[-147.5964,60.9995],[-147.6438,60.9958],[-147.6766,61.0141],[-147.5922,61.013],[-147.6016,61.0286],[-147.5505,61.0901],[-147.5682,61.137],[-147.5125,61.1583],[-147.4859,61.1599],[-147.5245,61.1516],[-147.4943,61.1464],[-147.5349,61.137],[-147.5328,61.1234],[-147.5078,61.0776],[-147.463,61.063],[-147.5286,61.0536],[-147.5172,61.0443],[-147.5286,61.0172],[-147.513,61.013],[-147.5193,60.9922],[-147.5412,60.987],[-147.5276,60.9234],[-147.5474,60.9047],[-147.5188,60.8958],[-147.4943,60.9089],[-147.5099,60.9245],[-147.4734,60.987],[-147.4953,61.012],[-147.4667,60.9917],[-147.4125,61.0167],[-147.4005,61.0026],[-147.4432,60.9974],[-147.4703,60.9547],[-147.4479,60.9417],[-147.4271,60.9542],[-147.4411,60.9578],[-147.3838,60.9766],[-147.3953,60.9672],[-147.3838,60.9609],[-147.4536,60.9214],[-147.3859,60.9234],[-147.4495,60.8984],[-147.4146,60.8917],[-147.3917,60.9083],[-147.3667,60.8833],[-147.3005,60.9068],[-147.3307,60.9286],[-147.2854,60.9167],[-147.2505,60.9276],[-147.2912,60.9849],[-147.2729,61.0021],[-147.2661,60.9776],[-147.2401,60.9839],[-147.2312,61.0125],[-147.2068,60.9953],[-147.2245,60.9609],[-147.2104,60.9437],[-147.1839,60.9474],[-147.1812,60.9313],[-147.1359,60.9443],[-147.1766,60.9849],[-147.1255,60.9859],[-147.0937,61.0229],[-147.0849,60.9984],[-147.0354,60.9917],[-146.9937,61.0271],[-146.9839,61.0089],[-146.9953,61.0005],[-146.9651,60.9932],[-146.9828,60.9786],[-146.9714,60.9693],[-147.0474,60.9422],[-146.9625,60.9313],[-146.9089,60.9484],[-146.7922,61.0318],[-146.8042,61.0479],[-146.7953,61.0661],[-146.7734,61.062],[-146.7667,61.0438],[-146.7021,61.0542],[-146.6516,61.1057],[-146.5922,61.1318],[-146.662,61.1526],[-146.65,61.1583],[-146.6026,61.1536],[-146.5672,61.1328],[-146.5708,61.1208],[-146.3,61.1333],[-146.2661,61.1089],[-146.2359,61.1078],[-146.2495,61.0964],[-146.1297,61.0651],[-146.2354,61.0896],[-146.6208,61.0812],[-146.6557,61.0526],[-146.5646,61.0375],[-146.5578,61.0193],[-146.4839,61.0005],[-146.6687,61.0313],[-146.7161,60.9672],[-146.6833,60.9479],[-146.6208,60.9521],[-146.5547,60.9339],[-146.6021,60.9188],[-146.6542,60.9396],[-146.7,60.9292],[-146.7333,60.9562],[-146.7536,60.9557],[-146.7516,60.9422],[-146.7359,60.937],[-146.7349,60.9089],[-146.6984,60.8953],[-146.6891,60.8672],[-146.6708,60.8604],[-146.6313,60.8854],[-146.6109,60.8661],[-146.6349,60.8432],[-146.6333,60.8167],[-146.587,60.8516],[-146.5271,60.8563],[-146.5312,60.8438],[-146.5682,60.8495],[-146.5505,60.8359],[-146.5703,60.8255],[-146.5396,60.8104],[-146.4729,60.8104],[-146.3875,60.8417],[-146.3818,60.8318],[-146.4162,60.8151],[-146.3562,60.8167],[-146.2901,60.838],[-146.2229,60.8833],[-146.0922,60.8318],[-146.2417,60.8396],[-146.2474,60.8193],[-146.1922,60.8172],[-146.4375,60.7771],[-146.4375,60.7562],[-146.4604,60.7708],[-146.5474,60.7703],[-146.4958,60.7396],[-146.5208,60.7333],[-146.5521,60.7458],[-146.575,60.7292],[-146.5797,60.7536],[-146.6042,60.7583],[-146.6266,60.7453],[-146.6271,60.7167],[-146.6953,60.7411],[-146.6568,60.712],[-146.6536,60.6859],[-146.5354,60.6917],[-146.4896,60.6688],[-146.4417,60.6937],[-146.413,60.6901],[-146.3297,60.7401],[-146.3203,60.7661],[-146.2771,60.7771],[-146.3057,60.7536],[-146.3099,60.7172],[-146.2437,60.7146],[-146.2276,60.7214],[-146.2287,60.7432],[-146.1854,60.7562],[-146.1734,60.7526],[-146.1995,60.7359],[-146.1583,60.725],[-146.0838,60.7609],[-146.0562,60.7979],[-146.0422,60.7891],[-146.0516,60.7568],[-146.0193,60.7422],[-146.0641,60.7474],[-146.0568,60.7359],[-146.0932,60.7203],[-146.0776,60.7089],[-146.1187,60.7125],[-146.1745,60.6932],[-146.262,60.6516],[-146.2641,60.6339],[-146.2521,60.6229],[-146.15,60.6312],[-145.9109,60.7005],[-145.9021,60.7146],[-145.9026,60.6984],[-145.9995,60.6411],[-146.0057,60.6172],[-145.9443,60.6214],[-145.8995,60.6745],[-145.8562,60.6896],[-145.8401,60.6818],[-145.887,60.6557],[-145.8734,60.6453],[-145.8828,60.6401],[-145.8146,60.6542],[-145.8266,60.6464],[-145.8109,60.638],[-145.8771,60.6104],[-145.6104,60.6708],[-145.6162,60.6589],[-145.6026,60.6568],[-145.6703,60.6286],[-145.7588,60.538],[-145.9141,60.4891],[-145.9391,60.4672],[-145.9271,60.4521],[-145.8562,60.4458],[-145.6875,60.4688],[-145.5646,60.4354],[-145.5458,60.4437],[-145.537,60.4255],[-145.5021,60.4167],[-145.3813,60.4229],[-145.5083,60.3979],[-145.4646,60.3792],[-145.3583,60.3812],[-145.4411,60.3776],[-145.3125,60.3354],[-145.1505,60.3984],[-145.1536,60.4099],[-145.0901,60.438],[-145.0182,60.5203],[-144.8859,60.5485],[-144.8651,60.5693],[-144.8641,60.6099],[-144.7693,60.6359],[-144.8307,60.6516],[-144.7734,60.6547],[-144.7682,60.6766],[-144.6833,60.7021],[-144.6714,60.6943],[-144.7042,60.675],[-144.6542,60.6667],[-144.6505,60.6786],[-144.6667,60.675],[-144.662,60.6974],[-144.6443,60.6953],[-144.6422,60.6797],[-144.6432,60.7141],[-144.5713,60.7214],[-144.6057,60.7349],[-144.5333,60.7604],[-144.5318,60.7422],[-144.5776,60.7068],[-144.6266,60.6932],[-144.6104,60.6729],[-144.6172,60.6464],[-144.6687,60.6563],[-144.7083,60.6458],[-144.7443,60.6703],[-144.7641,60.6661],[-144.7588,60.6109],[-144.8109,60.563],[-144.8328,60.5661],[-144.8255,60.5464],[-144.8375,60.5458],[-144.8229,60.5292],[-144.8307,60.5193],[-144.7797,60.4953],[-144.8036,60.4641],[-144.7943,60.4547],[-144.8266,60.4453],[-144.8464,60.4089],[-144.9599,60.3026],[-144.9536,60.288],[-144.9104,60.2792],[-144.8854,60.2917],[-144.7625,60.2813],[-144.7312,60.2604],[-144.7,60.2687],[-144.7245,60.2526],[-144.675,60.2313],[-144.712,60.2172],[-144.5896,60.1792],[-144.5146,60.1917],[-144.4687,60.1667],[-144.3729,60.1667],[-144.2292,60.1792],[-144.2026,60.1901],[-144.1958,60.2125],[-144.2047,60.1818],[-144.3057,60.163],[-144.2568,60.1641],[-144.2891,60.1422],[-144.1026,60.0974],[-144.0234,60.0432],[-144.2125,60.0417],[-144.2479,60.0229],[-144.0292,60.0208],[-143.8899,59.9893],[-143.6292,60.0438],[-143.4687,60.0604],[-143.3542,60.0542],[-143.3375,60.0729],[-143.35,60.0792],[-143.3083,60.0563],[-143.1604,60.0625],[-143.1083,60.0667],[-143.1141,60.0828],[-143.0833,60.0792],[-143.0375,60.1],[-142.975,60.0812],[-142.7458,60.1125],[-142.7516,60.1005],[-142.7339,60.1026],[-142.7766,60.0964],[-142.5021,60.0938],[-142.5036,60.0797],[-142.4292,60.0625],[-141.9396,60.0125],[-141.7118,59.9489],[-141.4297,60.0],[-141.3693,60.0255],[-141.4104,60.0625],[-141.5307,60.0776],[-141.5104,60.0917],[-141.4463,60.087],[-141.4797,60.1161],[-141.5245,60.1214],[-141.5307,60.1391],[-141.4609,60.1245],[-141.4458,60.1083],[-141.4255,60.1214],[-141.4391,60.1286],[-141.3979,60.1375],[-141.3901,60.1276],[-141.4099,60.1234],[-141.3818,60.1161],[-141.3953,60.1068],[-141.3672,60.1099],[-141.3458,60.0854],[-141.1839,60.1234],[-141.1625,60.1542],[-141.1807,60.162],[-141.1562,60.1729],[-141.1375,60.1542],[-141.1505,60.1214],[-141.1911,60.112],[-141.1958,60.0979],[-141.2266,60.1016],[-141.3146,60.0542],[-141.2636,60.0038],[-141.2715,59.9939],[-141.2357,59.9975],[-141.287,59.9723],[-141.2092,59.9761],[-141.2801,59.9633],[-141.2994,59.934],[-141.393,59.9203],[-141.3938,59.9319],[-141.4631,59.8853],[-141.4728,59.9108],[-141.4275,59.9174],[-141.4733,59.9198],[-141.4845,59.8964],[-141.4331,59.8675],[-141.1158,59.806],[-141.1326,59.8026],[-140.8964,59.7397],[-140.8689,59.7387],[-140.8459,59.7578],[-140.8622,59.7333],[-140.3049,59.694],[-139.9507,59.7865],[-140.0007,59.7792],[-139.987,59.7837],[-140.0623,59.7949],[-140.0854,59.7758],[-140.1239,59.7927],[-140.0748,59.8075],[-140.1046,59.8122],[-140.154,59.7906],[-140.1319,59.778],[-140.2312,59.7674],[-140.248,59.806],[-140.1671,59.8037],[-140.0714,59.8297],[-140.0938,59.8449],[-140.0035,59.8328],[-139.9606,59.792],[-139.7804,59.8287],[-139.7727,59.8442],[-139.8257,59.8187],[-139.7899,59.8363],[-139.7736,59.8684],[-139.7121,59.9188],[-139.6064,59.9461],[-139.5941,59.9963],[-139.5505,60.0214],[-139.5574,60.04],[-139.5208,60.0458],[-139.5286,60.0026],[-139.4169,60.0],[-139.4133,59.9781],[-139.2529,59.8602],[-139.0434,59.8523],[-138.9684,59.8171],[-138.9144,59.8122],[-138.9628,59.8014],[-139.0231,59.8363],[-139.095,59.8425],[-139.3006,59.8194],[-139.2711,59.7789],[-139.3211,59.755],[-139.3222,59.7331],[-139.2711,59.6925],[-139.2767,59.6633],[-139.2283,59.6061],[-139.2489,59.6014],[-139.2617,59.5722],[-139.3022,59.5617],[-139.3595,59.5978],[-139.2805,59.62],[-139.3394,59.7108],[-139.3516,59.7647],[-139.3345,59.8216],[-139.3,59.8524],[-139.4403,59.9813],[-139.4722,59.9973],[-139.5043,59.988],[-139.5349,59.9366],[-139.6289,59.9022],[-139.637,59.8731],[-139.5947,59.8193],[-139.5839,59.7781],[-139.5422,59.7367],[-139.4712,59.7015],[-139.5211,59.6858],[-139.5622,59.6485],[-139.5861,59.6486],[-139.6061,59.6142],[-139.5827,59.6074],[-139.6554,59.5747],[-139.6387,59.5676],[-139.6744,59.5697],[-139.7079,59.5981],[-139.698,59.6112],[-139.6906,59.5917],[-139.6717,59.5939],[-139.6739,59.6114],[-139.6967,59.6197],[-139.7228,59.6025],[-139.6939,59.5836],[-139.7144,59.5725],[-139.7094,59.5586],[-139.7355,59.5689],[-139.7533,59.5558],[-139.7345,59.5464],[-139.8239,59.5453],[-139.8328,59.5406],[-139.8117,59.5356],[-139.8239,59.5333],[-139.8561,59.5431],[-139.8061,59.5494],[-139.8428,59.5575],[-139.8567,59.5353],[-139.4544,59.4061],[-139.3506,59.4025],[-139.35,59.3897],[-139.4011,59.3839],[-139.3861,59.3731],[-139.5952,59.444],[-139.365,59.3611],[-139.3275,59.3537],[-139.3717,59.3836],[-139.295,59.3883],[-139.2461,59.3608],[-139.2456,59.3419],[-139.1806,59.3378],[-139.1967,59.3228],[-138.8938,59.2388],[-138.6267,59.1281],[-138.6154,59.127],[-138.649,59.1405],[-138.6234,59.1526],[-138.5912,59.1399],[-138.5739,59.1553],[-138.5794,59.1403],[-138.5656,59.1392],[-138.6051,59.1223],[-138.4339,59.0958],[-138.391,59.1036],[-138.4086,59.0972],[-138.3322,59.08],[-138.3183,59.0736],[-138.5058,59.1029],[-138.2356,59.0369],[-138.0167,58.9286],[-137.9333,58.8692],[-137.925,58.8367],[-137.9478,58.8067],[-137.9406,58.7911],[-137.8739,58.7594],[-137.8414,58.7743],[-137.8468,58.759],[-137.875,58.7575],[-137.69,58.6669],[-137.6683,58.6136],[-137.675,58.6236],[-137.6167,58.6467],[-137.495,58.675],[-137.4632,58.6569],[-137.6572,58.61],[-137.5761,58.5917],[-137.3978,58.5064],[-137.16,58.4239],[-137.095,58.3814],[-137.0128,58.4106],[-136.9176,58.3993],[-136.9067,58.3886],[-136.9306,58.3794],[-136.8919,58.3849],[-136.9133,58.3475],[-136.8922,58.3411],[-136.8711,58.3467],[-136.8694,58.3836],[-136.8633,58.3669],[-136.8406,58.365],[-136.8521,58.3209],[-136.8761,58.3114],[-136.8228,58.3078],[-136.8017,58.3219],[-136.8183,58.3353],[-136.8078,58.3497],[-136.7994,58.3311],[-136.7655,58.3333],[-136.7936,58.315],[-136.7914,58.2921],[-136.7617,58.2858],[-136.7417,58.305],[-136.7372,58.2858],[-136.6791,58.2982],[-136.6778,58.2728],[-136.7041,58.2818],[-136.7325,58.2595],[-136.68,58.21],[-136.6544,58.2122],[-136.6239,58.2403],[-136.6467,58.21],[-136.5951,58.2175],[-136.5894,58.2389],[-136.5673,58.2455],[-136.57,58.2817],[-136.6111,58.3067],[-136.5967,58.3322],[-136.5633,58.3231],[-136.54,58.3292],[-136.5589,58.3364],[-136.5444,58.3392],[-136.485,58.2994],[-136.4378,58.315],[-136.3914,58.297],[-136.3683,58.3036],[-136.3622,58.3483],[-136.3886,58.3683],[-136.4339,58.3653],[-136.4061,58.3667],[-136.4114,58.3806],[-136.485,58.3964],[-136.4967,58.3702],[-136.476,58.337],[-136.4922,58.3258],[-136.5017,58.3462],[-136.5938,58.3919],[-136.5237,58.3742],[-136.4985,58.389],[-136.4911,58.4067],[-136.5294,58.4528],[-136.4702,58.4028],[-136.4178,58.3975],[-136.3706,58.3704],[-136.3198,58.3696],[-136.3172,58.3872],[-136.2763,58.3662],[-136.3057,58.3323],[-136.2828,58.315],[-136.2028,58.3422],[-136.1004,58.3457],[-136.0656,58.3691],[-136.0756,58.3739],[-136.0506,58.3697],[-136.0383,58.3831],[-136.0578,58.3944],[-136.0633,58.4336],[-136.0871,58.4474],[-136.0721,58.4674],[-136.1019,58.4774],[-136.0992,58.513],[-136.132,58.5272],[-136.1378,58.505],[-136.1439,58.5219],[-136.2355,58.5089],[-136.2244,58.5236],[-136.1842,58.517],[-136.1972,58.5225],[-136.172,58.5274],[-136.1845,58.5366],[-136.1664,58.5519],[-136.1405,58.5472],[-136.1789,58.5733],[-136.18,58.5592],[-136.2028,58.5681],[-136.1926,58.5847],[-136.2172,58.5805],[-136.2269,58.6022],[-136.1979,58.5971],[-136.2045,58.6133],[-136.2811,58.6569],[-136.3306,58.6653],[-136.3111,58.6219],[-136.3456,58.6474],[-136.3816,58.6322],[-136.3556,58.59],[-136.4148,58.6229],[-136.4567,58.6125],[-136.4717,58.5864],[-136.5211,58.5936],[-136.5233,58.6081],[-136.4891,58.6082],[-136.3496,58.6867],[-136.4074,58.7244],[-136.4972,58.7369],[-136.4883,58.7487],[-136.5144,58.7549],[-136.5244,58.7461],[-136.5117,58.7378],[-136.5143,58.7077],[-136.4506,58.665],[-136.5294,58.7042],[-136.5439,58.75],[-136.6167,58.7631],[-136.5773,58.771],[-136.6387,58.7913],[-136.6544,58.8161],[-136.6397,58.8347],[-136.5606,58.7719],[-136.5556,58.7917],[-136.5083,58.7769],[-136.4883,58.7945],[-136.5617,58.8324],[-136.6639,58.8422],[-136.7467,58.8772],[-136.7991,58.8782],[-136.8161,58.8439],[-136.8178,58.8661],[-136.8422,58.8831],[-137.0139,58.9042],[-137.1,58.8347],[-137.1289,58.8422],[-137.0597,58.8862],[-137.0456,58.9147],[-136.9328,58.9178],[-136.9139,58.9394],[-136.9444,58.9719],[-137.0018,58.9976],[-137.0067,59.0174],[-137.0433,59.0206],[-137.0678,59.0458],[-137.0606,59.0597],[-137.0311,59.0618],[-136.8754,58.9629],[-136.7103,58.918],[-136.6683,58.8925],[-136.6301,58.8903],[-136.6236,58.9032],[-136.7106,59.0081],[-136.5886,58.9074],[-136.5622,58.9642],[-136.5205,58.967],[-136.5328,58.9214],[-136.4883,58.8369],[-136.4255,58.8175],[-136.3988,58.8312],[-136.2842,58.828],[-136.4003,58.8225],[-136.3221,58.7788],[-136.2155,58.7498],[-136.1425,58.779],[-136.154,58.797],[-136.106,58.8639],[-136.1387,58.9044],[-136.11,58.9142],[-136.1243,58.9345],[-136.2456,58.9186],[-136.3517,58.9394],[-136.1521,58.9443],[-136.1619,58.9747],[-136.1411,58.9798],[-136.1628,58.9962],[-136.1533,59.0061],[-136.2072,59.0572],[-136.2917,59.0517],[-136.3828,59.0894],[-136.2872,59.0653],[-136.1844,59.0728],[-136.1619,59.0397],[-136.1072,59.0339],[-136.1461,59.0308],[-136.1112,59.0102],[-136.1155,58.977],[-136.0994,58.9756],[-136.1181,58.9607],[-136.0536,58.9175],[-136.0683,58.8866],[-136.0598,58.8537],[-135.9872,58.8614],[-135.92,58.905],[-135.8356,58.9092],[-135.7889,58.8928],[-135.9417,58.8578],[-135.9539,58.8647],[-135.9093,58.8743],[-135.9444,58.8775],[-136.0887,58.8189],[-135.9796,58.7203],[-136.0144,58.715],[-135.9683,58.7086],[-135.99,58.6914],[-135.9522,58.7022],[-135.9533,58.6732],[-135.9106,58.6165],[-135.8344,58.5992],[-135.9094,58.5703],[-135.9358,58.5882],[-135.9211,58.5608],[-135.877,58.5695],[-135.8774,58.5488],[-135.8567,58.5694],[-135.8489,58.5006],[-135.8653,58.5237],[-135.8832,58.4989],[-135.8678,58.4793],[-135.8383,58.4801],[-135.8977,58.4488],[-135.9187,58.3803],[-135.7411,58.3967],[-135.7378,58.4094],[-135.72,58.3919],[-135.62,58.4269],[-135.475,58.3756],[-135.4579,58.4075],[-135.5155,58.4756],[-135.4943,58.4734],[-135.4787,58.4502],[-135.484,58.475],[-135.5178,58.5044],[-135.4972,58.5033],[-135.4529,58.4561],[-135.4525,58.4277],[-135.3978,58.3254],[-135.314,58.2459],[-135.2222,58.2361],[-135.1422,58.206],[-135.1513,58.2155],[-135.1389,58.2239],[-135.09,58.24],[-135.1071,58.2658],[-135.0906,58.2747],[-135.101,58.2945],[-135.0817,58.3128],[-135.0535,58.2903],[-135.0535,58.3464],[-135.0928,58.4352],[-135.1376,58.4868],[-135.1203,58.4914],[-135.1308,58.5102],[-135.1739,58.5422],[-135.1651,58.5634],[-135.2389,58.6192],[-135.2096,58.6145],[-135.2183,58.6292],[-135.2056,58.6317],[-135.1689,58.6231],[-135.1448,58.5772],[-135.1394,58.6172],[-135.1565,58.6367],[-135.1851,58.6348],[-135.1577,58.6389],[-135.1974,58.6956],[-135.227,58.7178],[-135.2472,58.7086],[-135.2328,58.7325],[-135.2385,58.7647],[-135.2635,58.7825],[-135.24,58.7817],[-135.3195,58.8523],[-135.3403,58.8891],[-135.325,58.915],[-135.38,58.9247],[-135.3705,58.9344],[-135.4022,58.9728],[-135.3892,58.9841],[-135.4019,59.0109],[-135.3761,59.0249],[-135.4006,59.0353],[-135.3822,59.1017],[-135.4406,59.1132],[-135.4721,59.1545],[-135.4691,59.1739],[-135.5178,59.2081],[-135.4756,59.2269],[-135.4521,59.2189],[-135.3849,59.1731],[-135.4011,59.1736],[-135.3772,59.1571],[-135.37,59.1127],[-135.3083,59.0817],[-135.2949,59.0931],[-135.3463,59.1444],[-135.3511,59.1564],[-135.3291,59.1544],[-135.3644,59.2103],[-135.4404,59.2294],[-135.4263,59.2445],[-135.4431,59.2766],[-135.5545,59.318],[-135.5317,59.325],[-135.4413,59.2944],[-135.4333,59.3269],[-135.4153,59.2974],[-135.4292,59.296],[-135.4006,59.2877],[-135.3645,59.4866],[-135.3478,59.4972],[-135.3499,59.4631],[-135.3356,59.4786],[-135.3372,59.4531],[-135.3218,59.4479],[-135.3587,59.3718],[-135.3731,59.2637],[-135.3161,59.2017],[-135.2751,59.2057],[-135.2781,59.1733],[-135.233,59.125],[-135.2036,59.0704],[-135.204,59.0296],[-135.1772,58.9992],[-135.1756,58.9367],[-135.148,58.8987],[-135.1403,58.8737],[-135.1533,58.8551],[-135.1383,58.8306],[-135.0267,58.7309],[-135.0332,58.7503],[-135.0158,58.7599],[-135.0322,58.7897],[-135.0039,58.7764],[-134.994,58.7939],[-134.9356,58.7875],[-134.9302,58.7328],[-134.9466,58.7046],[-134.9055,58.6603],[-134.9363,58.6816],[-134.9903,58.6765],[-134.9385,58.6266],[-134.941,58.6113],[-134.8144,58.5253],[-134.841,58.5135],[-134.7878,58.495],[-134.7578,58.4212],[-134.771,58.4139],[-134.7491,58.3959],[-134.775,58.3911],[-134.7267,58.3717],[-134.6467,58.3867],[-134.6533,58.3503],[-134.6367,58.3409],[-134.6111,58.3582],[-134.6102,58.3395],[-134.5094,58.3475],[-134.2284,58.2082],[-134.1494,58.2006],[-134.1375,58.229],[-134.1019,58.2451],[-134.1467,58.2725],[-134.145,58.3039],[-134.0578,58.3325],[-134.0383,58.3978],[-134.0541,58.4083],[-134.0333,58.4031],[-133.9828,58.4292],[-133.9678,58.4639],[-133.985,58.4897],[-133.9722,58.5006],[-133.9262,58.4999],[-133.9511,58.48],[-133.9317,58.4489],[-133.9422,58.4267],[-134.0161,58.4012],[-133.9839,58.3119],[-134.0056,58.2925],[-134.0816,58.2794],[-134.0545,58.2379],[-134.0846,58.214],[-134.0884,58.1844],[-134.053,58.1242],[-134.0822,58.1231],[-134.0667,58.1175],[-134.0533,58.0639],[-134.0133,58.075],[-134.0283,58.0593],[-134.0138,58.0428],[-133.9619,58.0374],[-133.9905,58.0277],[-133.8888,57.9741],[-133.786,58.009],[-133.8172,58.0517],[-133.7956,58.0481],[-133.7872,58.0708],[-133.7572,58.0856],[-133.7612,58.104],[-133.73,58.1092],[-133.7422,58.1367],[-133.71,58.1381],[-133.7161,58.1272],[-133.6936,58.1164],[-133.7761,58.0639],[-133.7553,58.0246],[-133.7117,57.9953],[-133.6417,58.0242],[-133.706,57.9785],[-133.6806,57.9308],[-133.7283,57.95],[-133.7619,57.9954],[-133.8533,57.9517],[-133.7239,57.8037],[-133.6736,57.7866],[-133.6322,57.7914],[-133.64,57.8097],[-133.625,57.8081],[-133.6355,57.8231],[-133.6258,57.8401],[-133.6483,57.8625],[-133.6494,57.8875],[-133.6035,57.8608],[-133.6053,57.9096],[-133.5887,57.927],[-133.4173,57.9227],[-133.32,57.8875],[-133.2867,57.9067],[-133.1972,57.8861],[-133.1572,57.9068],[-133.1811,57.8903],[-133.1095,57.8494],[-133.2911,57.893],[-133.3144,57.8744],[-133.3928,57.9058],[-133.5744,57.9178],[-133.5798,57.8311],[-133.5556,57.7789],[-133.595,57.7722],[-133.5439,57.7683],[-133.4247,57.7225],[-133.3297,57.6634],[-133.2794,57.6611],[-133.2157,57.6221],[-133.1789,57.6153],[-133.1807,57.6395],[-133.1678,57.6381],[-133.1789,57.6067],[-133.0564,57.5222],[-133.0067,57.5381],[-133.0206,57.5244],[-132.9575,57.5074],[-132.8379,57.5063],[-132.8933,57.4942],[-133.0687,57.5094],[-133.2241,57.6022],[-133.3898,57.6593],[-133.5276,57.6876],[-133.5789,57.7372],[-133.5894,57.7114],[-133.6509,57.7165],[-133.6528,57.6817],[-133.6661,57.6772],[-133.6522,57.6692],[-133.6757,57.6512],[-133.6496,57.6373],[-133.674,57.628],[-133.615,57.5769],[-133.5621,57.5617],[-133.4794,57.5847],[-133.3445,57.595],[-133.4504,57.5856],[-133.4857,57.5694],[-133.499,57.541],[-133.5167,57.5442],[-133.5218,57.4688],[-133.4589,57.4328],[-133.4778,57.4303],[-133.4673,57.4219],[-133.4323,57.4267],[-133.4519,57.438],[-133.445,57.4467],[-133.395,57.4219],[-133.3489,57.4461],[-133.37,57.41],[-133.4055,57.4056],[-133.4299,57.4214],[-133.4224,57.4007],[-133.473,57.3873],[-133.4602,57.3592],[-133.3978,57.3383],[-133.2345,57.3213],[-133.1828,57.3397],[-133.1163,57.333],[-133.1422,57.3092],[-133.1869,57.3277],[-133.1917,57.3114],[-133.2567,57.2928],[-133.2178,57.2514],[-133.2614,57.2898],[-133.4997,57.2927],[-133.4868,57.2823],[-133.5258,57.279],[-133.5112,57.2648],[-133.5336,57.2605],[-133.4995,57.2272],[-133.505,57.2107],[-133.5756,57.185],[-133.3079,57.1063],[-133.2699,57.1193],[-133.251,57.1797],[-133.2361,57.1728],[-133.2438,57.1365],[-133.1971,57.1387],[-133.2148,57.1587],[-133.1728,57.1773],[-133.1569,57.1598],[-133.1329,57.1618],[-133.1317,57.1419],[-133.1744,57.1457],[-133.1551,57.123],[-133.1862,57.092],[-133.0789,57.0825],[-133.0262,57.0555],[-133.0116,57.0644],[-132.9967,57.0104],[-132.9851,57.0541],[-132.9048,57.0254],[-132.8737,57.03],[-132.8713,57.0754],[-132.8083,57.1017],[-132.8155,57.0797],[-132.7917,57.0787],[-132.8362,57.0619],[-132.7829,57.0021],[-132.7889,56.9717],[-132.8117,56.9619],[-132.8721,57.0014],[-132.8904,56.9961],[-132.8506,56.9761],[-132.8899,56.9941],[-132.955,56.9925],[-132.9114,56.9629],[-132.8861,56.9222],[-132.8096,56.892],[-132.79,56.8433],[-132.5271,56.7481],[-132.5067,56.7879],[-132.4539,56.7853],[-132.4428,56.82],[-132.3661,56.8253],[-132.4267,56.8115],[-132.4396,56.8018],[-132.4339,56.7803],[-132.495,56.7701],[-132.4917,56.7456],[-132.5183,56.7295],[-132.5405,56.7353],[-132.5295,56.7247],[-132.5572,56.7148],[-132.4329,56.6661],[-132.5402,56.6873],[-132.5311,56.6717],[-132.5682,56.6428],[-132.5656,56.6286],[-132.4822,56.6289],[-132.5221,56.6182],[-132.4834,56.6033],[-132.3511,56.6367],[-132.325,56.6306],[-132.3433,56.6042],[-132.3305,56.6039],[-132.3679,56.5928],[-132.3592,56.5277],[-132.2893,56.4844],[-132.2658,56.4895],[-132.2113,56.4607],[-132.1747,56.3788],[-132.1614,56.3784],[-132.1664,56.4051],[-132.1209,56.365],[-132.0622,56.377],[-132.0155,56.3547],[-132.0078,56.3647],[-132.0033,56.3517],[-131.9933,56.3739],[-131.98,56.37],[-131.9906,56.3406],[-131.98,56.3011],[-131.9244,56.2331],[-131.5728,56.1964],[-131.5578,56.2253],[-131.5183,56.2239],[-131.5694,56.1847],[-131.6132,56.1951],[-131.5944,56.1819],[-131.6017,56.1697],[-131.6389,56.1911],[-131.7106,56.1867],[-131.7639,56.2056],[-131.825,56.1914],[-131.8733,56.2033],[-131.8944,56.1819],[-131.9728,56.1739],[-131.9817,56.0753],[-131.96,56.0578],[-131.9822,56.0611],[-131.9574,55.9971],[-131.93,55.9761],[-131.9678,55.9958],[-131.967,55.9601],[-132.0124,55.9673],[-132.0672,55.9439],[-132.0709,55.9242],[-132.0389,55.8875],[-132.0978,55.8477],[-132.01,55.7875],[-132.0782,55.8103],[-132.1844,55.8037],[-132.1926,55.7404],[-132.1755,55.7303],[-132.287,55.7617],[-132.2248,55.7026],[-132.1851,55.5879],[-131.9839,55.4981],[-131.9556,55.5036],[-131.965,55.5208],[-131.9367,55.5353],[-131.9389,55.5677],[-131.9711,55.5928],[-131.9367,55.5913],[-132.0362,55.6782],[-131.8937,55.5999],[-131.8978,55.6258],[-131.8583,55.6319],[-131.8366,55.6719],[-131.8178,55.67],[-131.8871,55.7455],[-131.8252,55.7188],[-131.7957,55.7548],[-131.8011,55.7673],[-131.777,55.7813],[-131.7664,55.8213],[-131.8905,55.8435],[-131.9194,55.8644],[-131.8376,55.8732],[-131.8282,55.8899],[-131.8111,55.8758],[-131.7457,55.8843],[-131.8404,55.9272],[-131.8439,55.9489],[-131.8289,55.9255],[-131.7365,55.8881],[-131.6311,55.9341],[-131.6195,55.985],[-131.6144,55.9378],[-131.5172,55.9755],[-131.5235,56.0047],[-131.5125,55.977],[-131.4222,56.0058],[-131.3932,55.9601],[-131.3441,55.9673],[-131.2969,55.9959],[-131.1584,56.0343],[-131.0883,56.0851],[-131.0767,56.0664],[-131.1042,56.0485],[-131.0805,56.0469],[-131.2165,55.9831],[-131.1933,55.9673],[-131.1772,55.9881],[-131.1867,55.9539],[-131.1519,55.9312],[-131.1322,55.9481],[-131.1417,55.9278],[-131.0777,55.8849],[-131.0038,55.8052],[-130.9298,55.8098],[-130.9694,55.7809],[-130.9069,55.7122],[-130.7027,55.7551],[-130.7433,55.7482],[-130.7544,55.7275],[-130.7689,55.7364],[-130.7938,55.7186],[-130.858,55.7185],[-130.9015,55.6985],[-130.8771,55.5611],[-130.8595,55.5536],[-130.8285,55.5503],[-130.8004,55.5783],[-130.7096,55.5992],[-130.7044,55.6353],[-130.6418,55.6595],[-130.6482,55.6383],[-130.7005,55.6306],[-130.6761,55.5478],[-130.7067,55.5959],[-130.7521,55.5795],[-130.7517,55.5675],[-130.8012,55.5589],[-130.7766,55.5253],[-130.8076,55.5485],[-130.8717,55.5437],[-130.8728,55.4869],[-130.9004,55.4673],[-130.8935,55.4149],[-130.8761,55.3842],[-130.8728,55.3147],[-130.8507,55.3028],[-130.785,55.3181],[-130.7246,55.3059],[-130.6175,55.3887],[-130.6125,55.3742],[-130.6872,55.3224],[-130.6222,55.2997],[-130.6887,55.3072],[-130.8538,55.2874],[-130.9272,55.301],[-130.9861,55.2461],[-131.094,55.1914],[-131.0818,55.1888],[-131.0914,55.1813],[-131.0761,55.1675],[-131.0876,55.1641],[-131.0716,55.1227],[-130.9939,55.0853],[-130.9025,55.1025],[-130.8344,55.135],[-130.835,55.1592],[-130.8211,55.1445],[-130.8205,55.1967],[-130.8167,55.1401],[-130.7951,55.1025],[-130.7645,55.0939],[-130.7411,55.1025],[-130.7136,55.1518],[-130.5761,55.2358],[-130.5605,55.2705],[-130.48,55.3289],[-130.5594,55.2339],[-130.6877,55.1527],[-130.7094,55.1212],[-130.6564,55.1185],[-130.5256,55.1528],[-130.6521,55.1127],[-130.7155,55.1105],[-130.7193,55.0873],[-130.6894,55.0183],[-130.734,55.0892],[-130.7949,55.0721],[-130.785,55.0314],[-130.8313,55.118],[-130.9893,55.0669],[-130.9594,55.0631],[-130.9937,55.0495],[-130.9778,55.0375],[-131.0071,55.0293],[-131.0133,54.9983],[-130.9956,54.9981],[-130.9659,54.9613],[-130.9205,54.9817],[-130.9272,54.9678],[-130.9539,54.9672],[-130.9406,54.9306],[-130.9784,54.9233],[-130.9633,54.9214],[-130.9489,54.8898],[-130.9539,54.8572],[-130.9325,54.8464],[-130.9467,54.8169],[-130.86,54.7681],[-130.7911,54.7879],[-130.7873,54.8212],[-130.8038,54.8453],[-130.765,54.8239],[-130.766,54.8109],[-130.7361,54.8214],[-130.7611,54.9408],[-130.7483,54.9617],[-130.7278,54.8989],[-130.7317,54.8558],[-130.7133,54.8283],[-130.72,54.8533],[-130.706,54.8312],[-130.6983,54.8389],[-130.6913,54.7969],[-130.7111,54.8169],[-130.7271,54.792],[-130.7188,54.8075],[-130.7322,54.8181],[-130.7417,54.8008],[-130.7284,54.7978],[-130.7412,54.7919],[-130.7204,54.7649],[-130.6661,54.7703],[-130.6355,54.7931],[-130.6461,54.8064],[-130.6333,54.82],[-130.6555,54.8472],[-130.6983,54.855],[-130.6672,54.9056],[-130.6794,54.9384],[-130.66,54.9389],[-130.6461,54.9644],[-130.6006,54.9722],[-130.6622,54.9367],[-130.6539,54.9008],[-130.6806,54.8681],[-130.6322,54.8167],[-130.4639,54.9106],[-130.4733,54.8861],[-130.4855,54.8978],[-130.525,54.8668],[-130.4971,54.8335],[-130.4814,54.8376],[-130.4806,54.8506],[-130.3706,54.9067],[-130.2661,54.9948],[-130.215,55.0794],[-130.1689,55.1219],[-130.1561,55.1653],[-130.1433,55.1615],[-130.0998,55.2103],[-130.1128,55.2525],[-130.0772,55.2231],[-129.9942,55.2902],[-130.0448,55.3509],[-130.0539,55.4425],[-130.1405,55.5525],[-130.15,55.5979],[-130.125,55.6428],[-130.1246,55.6795],[-130.1739,55.7153],[-130.1611,55.7259],[-130.1762,55.7581],[-130.1378,55.8191],[-130.0917,55.8277],[-130.0316,55.9063],[-130.0105,55.9081],[-130.0216,55.9117],[-130.003,56.0079],[-130.1054,56.1227],[-130.2459,56.0963],[-130.4255,56.1417],[-130.4682,56.2433],[-130.6101,56.2637]],[[-139.4899,59.4235],[-139.4619,59.4063],[-139.5335,59.4321],[-139.4899,59.4235]],[[-152.5755,60.2005],[-152.6078,60.2161],[-152.5776,60.2203],[-152.5755,60.2005]]],[[[-131.6861,55.8619],[-131.7156,55.8553],[-131.662,55.8569],[-131.6861,55.8619]]],[[[-133.0374,56.1183],[-133.063,56.1215],[-133.0567,56.1083],[-133.081,56.088],[-133.0728,56.0663],[-133.0509,56.0551],[-132.9805,56.0625],[-132.9795,56.0813],[-133.0167,56.1172],[-133.0374,56.1183]]],[[[-132.0288,56.0889],[-132.0639,56.0567],[-132.0506,56.0331],[-132.0655,56.0503],[-132.07,56.03],[-132.0356,56.0208],[-132.0331,55.975],[-131.9822,56.0147],[-132.01,56.0779],[-132.0288,56.0889]]],[[[-132.1039,56.0314],[-132.1105,56.0444],[-132.1183,56.0358],[-132.1039,56.0314]]],[[[-132.42,56.3478],[-132.5348,56.3362],[-132.5489,56.3219],[-132.5318,56.3113],[-132.5748,56.2951],[-132.6021,56.2389],[-132.6995,56.2303],[-132.7165,56.2161],[-132.6811,56.2031],[-132.71,56.1933],[-132.6638,56.136],[-132.726,56.1708],[-132.7131,56.1591],[-132.7223,56.143],[-132.6361,56.0317],[-132.6191,56.0561],[-132.6075,56.0512],[-132.6167,56.0828],[-132.5344,56.0556],[-132.5431,56.0783],[-132.5606,56.0667],[-132.555,56.0889],[-132.6015,56.1476],[-132.5894,56.1583],[-132.535,56.0742],[-132.4802,56.0658],[-132.4658,56.1716],[-132.4728,56.1167],[-132.4527,56.0608],[-132.4851,56.0366],[-132.475,56.0167],[-132.4472,56.0133],[-132.4412,56.0299],[-132.4011,56.0156],[-132.3917,56.0354],[-132.3766,56.0328],[-132.3872,56.0128],[-132.4382,55.9975],[-132.4344,55.98],[-132.4633,55.9797],[-132.4234,55.9617],[-132.4499,55.9561],[-132.4018,55.9505],[-132.352,55.9124],[-132.2898,55.92],[-132.2751,55.9367],[-132.2389,55.9222],[-132.2158,55.9359],[-132.2,55.9875],[-132.2156,56.0442],[-132.168,56.0457],[-132.2214,56.0686],[-132.2395,56.12],[-132.2612,56.1361],[-132.2286,56.1207],[-132.2205,56.0835],[-132.1936,56.0868],[-132.1841,56.0737],[-132.1471,56.0739],[-132.1436,56.0981],[-132.1256,56.0787],[-132.1019,56.1049],[-132.1877,56.1683],[-132.2606,56.1867],[-132.2401,56.1924],[-132.2996,56.1947],[-132.3256,56.1792],[-132.3194,56.1928],[-132.3698,56.2271],[-132.4244,56.1875],[-132.472,56.1976],[-132.506,56.1875],[-132.5033,56.1992],[-132.4103,56.2131],[-132.3978,56.2513],[-132.381,56.2561],[-132.3944,56.2805],[-132.3781,56.3085],[-132.42,56.3478]]],[[[-132.8809,56.1272],[-132.9137,56.1099],[-132.8945,56.1002],[-132.8978,56.1169],[-132.877,56.1147],[-132.8809,56.1272]]],[[[-132.8585,56.119],[-132.8711,56.1267],[-132.8733,56.1133],[-132.8585,56.119]]],[[[-132.9028,56.1372],[-132.9241,56.148],[-132.9415,56.1252],[-132.9206,56.1105],[-132.8743,56.1342],[-132.9028,56.1372]]],[[[-132.9954,56.1843],[-133.0117,56.1786],[-133.0039,56.1573],[-132.9706,56.1528],[-132.9954,56.1843]]],[[[-132.9695,56.1994],[-132.9867,56.1989],[-132.9511,56.1914],[-132.9695,56.1994]]],[[[-131.8235,55.8545],[-131.842,55.8519],[-131.8139,55.8514],[-131.8235,55.8545]]],[[[-132.3216,55.8747],[-132.3361,55.8723],[-132.3233,55.8503],[-132.325,55.8694],[-132.3072,55.8633],[-132.3216,55.8747]]],[[[-132.37,55.9036],[-132.3972,55.905],[-132.385,55.8919],[-132.4006,55.8829],[-132.3772,55.8717],[-132.3722,55.85],[-132.3372,55.8628],[-132.3506,55.8719],[-132.3406,55.8925],[-132.37,55.9036]]],[[[-132.3178,55.9067],[-132.3461,55.9089],[-132.3206,55.8878],[-132.3011,55.9],[-132.3178,55.9067]]],[[[-132.3696,55.9171],[-132.3854,55.9165],[-132.3608,55.9114],[-132.3696,55.9171]]],[[[-132.1918,56.0399],[-132.2105,56.0381],[-132.1889,55.9822],[-132.2028,55.9564],[-132.1804,55.9263],[-132.1561,55.9267],[-132.1305,55.9581],[-132.1699,55.9879],[-132.1562,56.0087],[-132.1918,56.0399]]],[[[-131.6233,55.9036],[-131.6958,55.8683],[-131.5902,55.8535],[-131.5901,55.8755],[-131.6233,55.9036]]],[[[-131.6333,55.9083],[-131.6628,55.9089],[-131.6894,55.8808],[-131.6333,55.9083]]],[[[-131.4224,55.991],[-131.4605,55.9903],[-131.6156,55.9256],[-131.5094,55.9186],[-131.4083,55.9589],[-131.4224,55.991]]],[[[-132.3683,56.4867],[-132.395,56.4839],[-132.38,56.4445],[-132.3427,56.4117],[-132.3644,56.3722],[-132.3394,56.3395],[-132.3653,56.2844],[-132.3312,56.2365],[-132.1583,56.1672],[-132.1628,56.1792],[-132.1494,56.1559],[-132.1294,56.1653],[-132.1517,56.1794],[-132.1342,56.1765],[-132.0738,56.1158],[-132.0597,56.1231],[-132.0616,56.1484],[-132.024,56.1355],[-132.0144,56.17],[-132.0538,56.2292],[-132.0044,56.1886],[-131.9223,56.2031],[-132.0204,56.3467],[-132.0905,56.3714],[-132.1394,56.3392],[-132.1728,56.3503],[-132.237,56.3971],[-132.2344,56.4216],[-132.2549,56.4504],[-132.3683,56.4867]]],[[[-134.2639,55.9281],[-134.3022,55.9075],[-134.3157,55.9222],[-134.3152,55.9037],[-134.3339,55.9292],[-134.3667,55.913],[-134.3362,55.8821],[-134.2834,55.8751],[-134.3406,55.8589],[-134.3446,55.8402],[-134.2749,55.8225],[-134.2722,55.8443],[-134.1159,55.9137],[-134.1734,55.9215],[-134.1936,55.8995],[-134.2269,55.9084],[-134.2296,55.8928],[-134.2456,55.8987],[-134.2561,55.8833],[-134.2639,55.9281]]],[[[-133.9451,56.3041],[-133.965,56.2908],[-133.9322,56.2839],[-133.9451,56.3041]]],[[[-134.2406,56.3781],[-134.2517,56.3808],[-134.2361,56.3647],[-134.2406,56.3781]]],[[[-134.0772,56.4317],[-134.0883,56.4289],[-134.0766,56.4195],[-134.0772,56.4317]]],[[[-133.7908,56.4097],[-133.8077,56.4221],[-133.8243,56.413],[-133.8072,56.3941],[-133.7805,56.3992],[-133.7908,56.4097]]],[[[-134.1112,56.4559],[-134.125,56.4577],[-134.1105,56.4421],[-134.1007,56.4527],[-134.1112,56.4559]]],[[[-134.2011,56.4601],[-134.21,56.4663],[-134.1961,56.4456],[-134.2011,56.4601]]],[[[-134.2456,56.9358],[-134.2756,56.9328],[-134.1574,56.887],[-134.1278,56.847],[-134.3196,56.908],[-134.3561,56.8942],[-134.3559,56.8807],[-134.284,56.8157],[-134.3456,56.8347],[-134.382,56.8655],[-134.3779,56.8561],[-134.4154,56.8554],[-134.4229,56.8331],[-134.3898,56.7733],[-134.4011,56.7261],[-134.3444,56.725],[-134.3911,56.7133],[-134.3694,56.6792],[-134.3272,56.6633],[-134.3361,56.6575],[-134.3216,56.6437],[-134.2309,56.6872],[-134.213,56.6716],[-134.2589,56.6461],[-134.2944,56.6458],[-134.2777,56.6253],[-134.2956,56.6233],[-134.285,56.6072],[-134.2625,56.6028],[-134.2587,56.6165],[-134.1923,56.6341],[-134.1955,56.6195],[-134.1726,56.6117],[-134.2932,56.5846],[-134.321,56.5533],[-134.25,56.56],[-134.1916,56.5451],[-134.1939,56.5211],[-134.1495,56.5025],[-134.1389,56.4775],[-134.1222,56.4914],[-134.1322,56.5033],[-134.1086,56.4977],[-134.1056,56.5369],[-134.0917,56.5328],[-134.0839,56.5511],[-134.0744,56.5133],[-134.0508,56.5035],[-134.0616,56.4953],[-134.0383,56.4931],[-134.0428,56.4742],[-134.0739,56.4903],[-134.095,56.4808],[-134.0683,56.4625],[-134.0922,56.4519],[-134.0444,56.4181],[-134.0417,56.3819],[-134.0606,56.365],[-134.0526,56.3421],[-134.0667,56.3647],[-134.0594,56.3889],[-134.0817,56.3806],[-134.0794,56.3997],[-134.0989,56.3964],[-134.1306,56.4192],[-134.148,56.4174],[-134.1289,56.4053],[-134.1389,56.3964],[-134.1255,56.3781],[-134.1478,56.385],[-134.1756,56.3656],[-134.1533,56.3978],[-134.1847,56.4489],[-134.2006,56.4347],[-134.1844,56.4119],[-134.25,56.4264],[-134.2286,56.3633],[-134.2613,56.371],[-134.299,56.3417],[-134.2728,56.3156],[-134.2967,56.31],[-134.3006,56.2856],[-134.2344,56.2931],[-134.2422,56.3108],[-134.1839,56.3281],[-134.1728,56.2959],[-134.1555,56.2911],[-134.2083,56.3094],[-134.2321,56.2717],[-134.2108,56.2395],[-134.2461,56.2753],[-134.2786,56.2576],[-134.2561,56.2258],[-134.2628,56.2119],[-134.2461,56.2047],[-134.2647,56.1621],[-134.2439,56.1761],[-134.2055,56.1531],[-134.2639,56.1303],[-134.2122,56.105],[-134.2367,56.0689],[-134.1567,56.0508],[-134.18,56.0306],[-134.136,56.0009],[-134.1106,56.0491],[-134.1537,56.0887],[-134.1217,56.07],[-134.0911,56.0895],[-134.1128,56.1058],[-134.1039,56.1431],[-134.1718,56.1333],[-134.1672,56.1459],[-134.1886,56.153],[-134.1768,56.1606],[-134.1994,56.1809],[-134.1417,56.1633],[-134.0972,56.1744],[-134.0967,56.2206],[-134.125,56.2281],[-134.1095,56.2322],[-134.1184,56.2475],[-134.1062,56.2572],[-134.1068,56.2318],[-134.0752,56.2387],[-134.0797,56.3122],[-134.068,56.3188],[-134.0423,56.2686],[-134.0583,56.2164],[-134.0357,56.1897],[-134.0091,56.1885],[-134.0348,56.1845],[-134.0131,56.17],[-134.0343,56.1549],[-134.044,56.1085],[-133.9942,56.0803],[-133.9577,56.0947],[-133.9514,56.1261],[-133.9621,56.131],[-133.9311,56.1467],[-133.9472,56.1531],[-133.9308,56.1614],[-133.944,56.1874],[-133.9711,56.1973],[-133.9513,56.1922],[-133.9561,56.2051],[-133.9226,56.2132],[-133.9067,56.1992],[-133.8808,56.2221],[-133.9189,56.2779],[-133.9664,56.2828],[-133.9774,56.2509],[-133.9915,56.2532],[-133.9761,56.3022],[-133.9967,56.3064],[-133.9721,56.3252],[-133.9822,56.3622],[-133.875,56.275],[-133.8516,56.2877],[-133.8672,56.3036],[-133.8311,56.3233],[-133.8707,56.3633],[-133.9272,56.3769],[-133.9125,56.3907],[-133.9198,56.4045],[-133.8754,56.3935],[-133.892,56.4284],[-133.9415,56.4336],[-133.8874,56.4435],[-133.8355,56.4305],[-133.8444,56.4453],[-133.8689,56.4522],[-133.8766,56.481],[-133.9511,56.4881],[-133.9839,56.5069],[-133.8904,56.5094],[-133.8939,56.5226],[-133.8717,56.5233],[-133.88,56.5419],[-133.8616,56.5452],[-133.885,56.5575],[-133.8557,56.5571],[-133.8458,56.5744],[-133.8988,56.6085],[-133.92,56.6008],[-133.9411,56.6142],[-133.8421,56.608],[-133.8251,56.5908],[-133.805,56.6],[-133.7778,56.5578],[-133.7384,56.5591],[-133.6904,56.6026],[-133.7278,56.6231],[-133.715,56.6295],[-133.7306,56.6397],[-133.7089,56.6428],[-133.7361,56.6728],[-133.7706,56.6795],[-133.7272,56.7762],[-133.7898,56.7887],[-133.8261,56.7786],[-133.8127,56.8019],[-133.8745,56.8109],[-133.8937,56.8057],[-133.8925,56.7905],[-133.8689,56.7827],[-133.8642,56.7518],[-133.8783,56.7406],[-133.8611,56.7475],[-133.8844,56.7139],[-133.9194,56.7142],[-133.943,56.6653],[-133.9833,56.6325],[-134.0393,56.6454],[-133.9634,56.6598],[-133.9479,56.6935],[-133.9602,56.7091],[-133.9078,56.7597],[-133.9272,56.76],[-133.9447,56.8054],[-133.9771,56.7882],[-134.0086,56.7957],[-134.0022,56.8078],[-133.9652,56.8037],[-133.965,56.8244],[-133.9995,56.8236],[-134.0226,56.8816],[-134.2456,56.9358]]],[[[-133.822,56.4958],[-133.8421,56.4915],[-133.8189,56.4689],[-133.7881,56.4539],[-133.7738,56.4647],[-133.822,56.4958]]],[[[-135.2244,56.7306],[-135.2167,56.7409],[-135.2472,56.735],[-135.2789,56.6997],[-135.2217,56.7047],[-135.2244,56.7306]]],[[[-135.2933,56.755],[-135.3194,56.7456],[-135.3061,56.735],[-135.319,56.7276],[-135.2728,56.7518],[-135.3078,56.7428],[-135.2823,56.7545],[-135.2933,56.755]]],[[[-134.315,56.8423],[-134.325,56.8445],[-134.3038,56.8377],[-134.315,56.8423]]],[[[-135.33,56.7783],[-135.3628,56.7606],[-135.3378,56.7736],[-135.3339,56.7631],[-135.33,56.7783]]],[[[-133.7144,56.7328],[-133.7263,56.7497],[-133.7245,56.7325],[-133.7401,56.7275],[-133.7083,56.7217],[-133.7161,56.7432],[-133.7144,56.7328]]],[[[-133.1906,57.1242],[-133.2088,57.1174],[-133.1939,57.0986],[-133.1817,57.1011],[-133.1906,57.1242]]],[[[-133.725,56.8025],[-133.78,56.7983],[-133.76,56.79],[-133.7335,56.8031],[-133.7507,56.7954],[-133.7339,56.7861],[-133.7134,56.7973],[-133.725,56.8025]]],[[[-133.8678,57.0963],[-134.0083,57.0728],[-134.0339,57.0589],[-134.0179,57.0411],[-134.0274,57.0281],[-134.0594,57.025],[-133.8922,56.9484],[-133.8783,56.9322],[-133.9302,56.9443],[-133.8728,56.9103],[-133.8506,56.9092],[-133.8964,56.931],[-133.8511,56.9214],[-133.8145,56.8964],[-133.8244,56.8931],[-133.7378,56.8947],[-133.8118,56.8756],[-133.8981,56.9018],[-133.8729,56.8591],[-133.835,56.8648],[-133.859,56.8609],[-133.8667,56.8436],[-133.8283,56.8559],[-133.8137,56.8467],[-133.8311,56.8486],[-133.8333,56.8344],[-133.7533,56.8264],[-133.7736,56.8059],[-133.6936,56.8354],[-133.7092,56.8502],[-133.6824,56.8575],[-133.6839,56.8319],[-133.7,56.8259],[-133.6628,56.7959],[-133.712,56.7883],[-133.6827,56.7714],[-133.7092,56.7541],[-133.6974,56.7496],[-133.7069,56.721],[-133.6916,56.7178],[-133.71,56.6933],[-133.7311,56.6919],[-133.7116,56.6859],[-133.7323,56.6812],[-133.7094,56.6689],[-133.7022,56.6375],[-133.678,56.6332],[-133.6777,56.6086],[-133.6505,56.5995],[-133.7005,56.5671],[-133.659,56.5665],[-133.6754,56.533],[-133.6714,56.4614],[-133.6533,56.435],[-133.4324,56.4506],[-133.4194,56.4589],[-133.4372,56.4778],[-133.4072,56.4708],[-133.4309,56.4802],[-133.4317,56.4978],[-133.3672,56.4909],[-133.3583,56.4728],[-133.3263,56.4661],[-133.3,56.48],[-133.2584,56.4747],[-133.2347,56.4531],[-133.2267,56.4681],[-133.2211,56.4481],[-133.2022,56.4464],[-133.11,56.4883],[-133.1361,56.5128],[-133.0846,56.5273],[-133.0971,56.5693],[-133.1813,56.6159],[-133.1183,56.5961],[-133.0963,56.602],[-133.11,56.6159],[-133.0995,56.6155],[-133.2421,56.6592],[-133.2394,56.6419],[-133.2564,56.6414],[-133.2595,56.668],[-133.2289,56.6706],[-133.2355,56.6889],[-133.2169,56.7065],[-133.2499,56.7498],[-133.3028,56.73],[-133.3427,56.7647],[-133.3228,56.7861],[-133.37,56.8445],[-133.3011,56.7961],[-133.2944,56.8068],[-133.3122,56.8406],[-133.3055,56.8575],[-133.3339,56.8597],[-133.3312,56.8824],[-133.3033,56.8578],[-133.2777,56.7931],[-133.2755,56.8136],[-133.2578,56.8067],[-133.1945,56.7142],[-133.055,56.6339],[-133.0389,56.6108],[-133.0072,56.6022],[-132.9743,56.6157],[-132.9323,56.6587],[-132.9594,56.6969],[-132.9552,56.7319],[-132.9842,56.7653],[-132.9869,56.7972],[-133.0317,56.8375],[-132.9817,56.8128],[-132.9433,56.8264],[-132.9406,56.8522],[-132.9923,56.9375],[-133.0861,56.9961],[-133.3173,57.013],[-133.3254,57.0043],[-133.2637,56.938],[-133.2749,56.9225],[-133.297,56.9353],[-133.3202,56.9837],[-133.3366,56.983],[-133.3263,56.9929],[-133.3494,57.0],[-133.3371,57.0119],[-133.4062,57.0083],[-133.5974,57.059],[-133.8678,57.0963]]],[[[-132.9974,56.2431],[-133.0017,56.2142],[-132.9134,56.2064],[-132.9314,56.2308],[-132.9974,56.2431]]],[[[-132.9594,56.2725],[-132.9956,56.2778],[-133.006,56.2553],[-132.9672,56.2492],[-132.9594,56.2725]]],[[[-132.8955,56.4575],[-132.9527,56.4531],[-132.9585,56.4264],[-132.976,56.4389],[-133.012,56.4245],[-133.0692,56.3565],[-133.0663,56.3309],[-132.9594,56.2953],[-132.8706,56.2322],[-132.6572,56.2769],[-132.6562,56.3141],[-132.6833,56.3464],[-132.6223,56.3889],[-132.6405,56.3944],[-132.6325,56.4212],[-132.718,56.4565],[-132.8128,56.4406],[-132.8955,56.4575]]],[[[-132.479,56.4382],[-132.5066,56.4375],[-132.5561,56.4042],[-132.5617,56.3583],[-132.5014,56.3524],[-132.4386,56.3903],[-132.4022,56.3836],[-132.4052,56.4078],[-132.479,56.4382]]],[[[-132.6198,56.4884],[-132.655,56.4803],[-132.6044,56.4489],[-132.5783,56.4528],[-132.6198,56.4884]]],[[[-132.575,56.5029],[-132.5808,56.5137],[-132.618,56.5076],[-132.5913,56.4874],[-132.558,56.4957],[-132.575,56.5029]]],[[[-132.453,56.5436],[-132.476,56.5435],[-132.4763,56.5161],[-132.4388,56.5239],[-132.453,56.5436]]],[[[-132.401,56.6034],[-132.4527,56.5956],[-132.4544,56.5656],[-132.4094,56.5847],[-132.401,56.6034]]],[[[-133.0653,56.4685],[-133.0982,56.4659],[-133.0553,56.46],[-133.0653,56.4685]]],[[[-132.9817,56.5914],[-133.074,56.5798],[-133.0724,56.5525],[-133.0441,56.5204],[-132.9845,56.5114],[-132.9777,56.5232],[-132.995,56.545],[-132.9729,56.5392],[-132.9635,56.5559],[-132.9817,56.5914]]],[[[-132.5245,56.5367],[-132.5183,56.5596],[-132.5307,56.563],[-132.5667,56.5258],[-132.5245,56.5367]]],[[[-132.9322,56.8217],[-132.9819,56.8002],[-132.9322,56.7239],[-132.9428,56.7106],[-132.9344,56.6725],[-132.9005,56.6394],[-132.9455,56.6318],[-132.9751,56.6023],[-132.9521,56.5097],[-132.8149,56.4938],[-132.738,56.5055],[-132.7234,56.5128],[-132.7289,56.525],[-132.7522,56.5455],[-132.7791,56.5426],[-132.75,56.5514],[-132.7484,56.5673],[-132.7229,56.5376],[-132.6812,56.5295],[-132.6505,56.5531],[-132.5425,56.5838],[-132.5433,56.607],[-132.5973,56.6115],[-132.6255,56.6411],[-132.62,56.6678],[-132.6396,56.6609],[-132.6393,56.6736],[-132.6897,56.6856],[-132.6837,56.6997],[-132.7368,56.7125],[-132.7653,56.7556],[-132.8193,56.7918],[-132.9153,56.8041],[-132.9322,56.8217]]],[[[-132.5517,56.6664],[-132.5389,56.6727],[-132.5686,56.6725],[-132.5517,56.6664]]],[[[-132.5888,56.6625],[-132.5757,56.6637],[-132.5773,56.6808],[-132.5902,56.6803],[-132.5888,56.6625]]],[[[-132.8389,57.0201],[-132.8606,57.0003],[-132.8167,56.9733],[-132.8389,57.0201]]],[[[-135.0011,58.5039],[-135.0305,58.5189],[-135.005,58.4844],[-134.9382,58.4726],[-134.9698,58.501],[-135.0011,58.5039]]],[[[-134.9071,58.5668],[-134.9243,58.5703],[-134.8953,58.5557],[-134.9071,58.5668]]],[[[-135.8589,58.9025],[-135.93,58.8922],[-135.905,58.8789],[-135.8572,58.8889],[-135.8589,58.9025]]],[[[-135.2989,58.9447],[-135.3089,58.9825],[-135.3502,59.0188],[-135.3322,58.9342],[-135.3061,58.9008],[-135.3128,58.9206],[-135.2978,58.9225],[-135.3125,58.9392],[-135.2989,58.9447]]],[[[-135.249,59.0192],[-135.2628,59.0225],[-135.2489,59.0054],[-135.249,59.0192]]],[[[-135.2822,59.051],[-135.2713,59.0491],[-135.2854,59.0632],[-135.2822,59.051]]],[[[-136.1533,58.7675],[-136.1661,58.7644],[-136.1572,58.7494],[-136.1533,58.7675]]],[[[-136.5061,58.7739],[-136.5183,58.7744],[-136.4728,58.7589],[-136.5061,58.7739]]],[[[-136.4583,58.7783],[-136.4833,58.7761],[-136.4364,58.7605],[-136.4583,58.7783]]],[[[-136.5655,58.8797],[-136.5519,58.8832],[-136.569,58.8978],[-136.5787,58.8893],[-136.5655,58.8797]]],[[[-136.8333,58.9469],[-136.8633,58.9358],[-136.7886,58.9066],[-136.815,58.9281],[-136.8105,58.9416],[-136.8333,58.9469]]],[[[-139.7172,59.6342],[-139.8033,59.5869],[-139.7961,59.5689],[-139.7739,59.5614],[-139.7911,59.5739],[-139.7633,59.5772],[-139.7733,59.595],[-139.7383,59.5803],[-139.7511,59.6042],[-139.7156,59.5786],[-139.7355,59.5925],[-139.7306,59.6094],[-139.7606,59.6075],[-139.7172,59.6342]]],[[[-139.5145,59.707],[-139.5046,59.7187],[-139.5622,59.7392],[-139.5983,59.7175],[-139.5145,59.707]]],[[[-140.0,59.7911],[-139.9712,59.7953],[-140.0491,59.8014],[-140.0,59.7911]]],[[[-144.1963,60.0016],[-144.2633,60.0026],[-144.3141,59.9822],[-144.3333,59.9911],[-144.3342,59.9767],[-144.3991,59.9416],[-144.4362,59.9393],[-144.5696,59.8518],[-144.6057,59.8019],[-144.4332,59.8981],[-144.1963,60.0016]]],[[[-139.53,59.97],[-139.55,59.9714],[-139.5344,59.9594],[-139.53,59.97]]],[[[-150.3874,59.3538],[-150.435,59.3463],[-150.3781,59.3446],[-150.3874,59.3538]]],[[[-150.6888,59.4156],[-150.7052,59.4169],[-150.7109,59.4007],[-150.6854,59.3942],[-150.7044,59.3841],[-150.6953,59.3746],[-150.7475,59.3491],[-150.7342,59.3354],[-150.7726,59.3319],[-150.7487,59.3214],[-150.7751,59.3069],[-150.7014,59.308],[-150.7324,59.2936],[-150.7175,59.29],[-150.674,59.31],[-150.6528,59.3429],[-150.617,59.3527],[-150.6098,59.3682],[-150.6274,59.3901],[-150.603,59.3826],[-150.6118,59.3935],[-150.6888,59.4156]]],[[[-150.3742,59.3762],[-150.3638,59.3826],[-150.4411,59.3689],[-150.3783,59.3582],[-150.3742,59.3762]]],[[[-150.3165,59.4616],[-150.3517,59.4576],[-150.3473,59.437],[-150.3674,59.4507],[-150.3823,59.4456],[-150.3749,59.4382],[-150.4023,59.4455],[-150.3937,59.432],[-150.4188,59.4377],[-150.3992,59.4238],[-150.4225,59.4245],[-150.4126,59.4165],[-150.4265,59.4097],[-150.4047,59.407],[-150.4345,59.3975],[-150.3929,59.3839],[-150.3771,59.4061],[-150.392,59.4294],[-150.3591,59.4359],[-150.3697,59.4231],[-150.3431,59.4156],[-150.3316,59.4413],[-150.3029,59.4234],[-150.3129,59.4149],[-150.2952,59.4167],[-150.3074,59.4408],[-150.2861,59.4595],[-150.3305,59.4486],[-150.3165,59.4616]]],[[[-151.4821,59.5283],[-151.5157,59.5219],[-151.4897,59.5122],[-151.4821,59.5283]]],[[[-149.6235,59.6135],[-149.6455,59.6136],[-149.6302,59.6069],[-149.648,59.5991],[-149.6291,59.5973],[-149.6235,59.6135]]],[[[-149.5994,59.6445],[-149.6036,59.6547],[-149.624,59.6392],[-149.5949,59.63],[-149.5994,59.6445]]],[[[-149.8044,59.6551],[-149.8457,59.6764],[-149.7603,59.6086],[-149.8044,59.6551]]],[[[-149.6344,59.6463],[-149.6196,59.6653],[-149.6438,59.6514],[-149.6344,59.6463]]],[[[-149.6549,59.6869],[-149.6641,59.6976],[-149.6692,59.6668],[-149.652,59.6611],[-149.6669,59.6411],[-149.6473,59.6476],[-149.6549,59.6869]]],[[[-152.5884,60.175],[-152.6167,60.1813],[-152.6438,60.1646],[-152.5589,60.0943],[-152.5484,60.1141],[-152.5884,60.175]]],[[[-146.2941,59.4647],[-146.3057,59.47],[-146.3936,59.4037],[-146.3344,59.4042],[-146.2866,59.4501],[-146.2941,59.4647]]],[[[-145.1583,60.3104],[-145.1667,60.3229],[-145.1953,60.3068],[-145.1583,60.3104]]],[[[-149.7219,59.905],[-149.7146,59.9199],[-149.7287,59.9139],[-149.7219,59.905]]],[[[-144.3979,60.1521],[-144.4271,60.1521],[-144.3557,60.0943],[-144.3213,60.1151],[-144.3401,60.1432],[-144.3979,60.1521]]],[[[-144.8313,60.2354],[-144.8703,60.2297],[-144.7625,60.2292],[-144.8313,60.2354]]],[[[-144.7396,60.2458],[-144.7458,60.2583],[-144.7745,60.2495],[-144.7396,60.2458]]],[[[-145.0516,60.3547],[-145.038,60.3641],[-145.0724,60.3536],[-145.087,60.3255],[-145.0516,60.3547]]],[[[-145.0917,60.3792],[-145.0838,60.3932],[-145.162,60.337],[-145.1401,60.3224],[-145.137,60.2964],[-145.1109,60.3026],[-145.1187,60.3333],[-145.0917,60.3792]]],[[[-147.9917,60.3708],[-148.0453,60.3703],[-148.0229,60.3542],[-148.0583,60.3688],[-148.0911,60.3599],[-148.0859,60.3401],[-148.1557,60.3109],[-148.1083,60.2792],[-148.0193,60.2818],[-147.9917,60.3708]]],[[[-147.6875,60.4917],[-147.6979,60.5104],[-147.7203,60.4995],[-147.7109,60.4755],[-147.7245,60.4714],[-147.6922,60.4641],[-147.7141,60.462],[-147.7088,60.4276],[-147.7437,60.4396],[-147.7854,60.4167],[-147.7688,60.475],[-147.7828,60.4807],[-147.8005,60.4422],[-147.8266,60.4391],[-147.8172,60.4255],[-147.8516,60.3859],[-147.8021,60.4021],[-147.7958,60.3875],[-147.7672,60.412],[-147.7818,60.3797],[-147.8682,60.362],[-147.8276,60.3557],[-147.8068,60.3359],[-147.8625,60.3438],[-147.8786,60.3224],[-147.8437,60.3125],[-147.7646,60.3438],[-147.7318,60.3193],[-147.8099,60.3016],[-147.8042,60.2833],[-147.8313,60.2979],[-147.8557,60.2839],[-147.8521,60.3],[-147.9016,60.2849],[-147.8891,60.2672],[-147.8484,60.2672],[-147.9036,60.262],[-147.8901,60.2422],[-147.912,60.2255],[-147.8479,60.2167],[-147.7964,60.2391],[-147.7839,60.2276],[-147.8141,60.213],[-147.788,60.2026],[-147.825,60.2083],[-147.8453,60.1922],[-147.7818,60.1828],[-147.7953,60.1672],[-147.7625,60.1542],[-147.7443,60.1828],[-147.7641,60.2016],[-147.7172,60.2026],[-147.6963,60.2411],[-147.7354,60.2354],[-147.7641,60.262],[-147.7172,60.2651],[-147.7203,60.2828],[-147.6609,60.3151],[-147.6974,60.3318],[-147.6932,60.3474],[-147.6708,60.3292],[-147.6463,60.3339],[-147.6193,60.3786],[-147.6562,60.3875],[-147.6708,60.3729],[-147.6792,60.3854],[-147.6979,60.3604],[-147.7193,60.3828],[-147.7516,60.3828],[-147.6089,60.4255],[-147.6516,60.4505],[-147.6234,60.4609],[-147.6297,60.4766],[-147.6708,60.4583],[-147.6875,60.4917]]],[[[-146.5328,60.4734],[-146.6203,60.4786],[-146.6641,60.4391],[-146.638,60.4255],[-146.6891,60.4203],[-146.7068,60.388],[-146.7245,60.387],[-146.7208,60.3417],[-146.6042,60.3729],[-146.6083,60.3521],[-146.5042,60.3667],[-146.4922,60.3557],[-146.5318,60.3297],[-146.5625,60.3312],[-146.6974,60.2786],[-146.6828,60.2547],[-146.6187,60.2354],[-146.3938,60.3271],[-146.3083,60.3458],[-146.2458,60.3354],[-146.1984,60.3464],[-146.1812,60.3708],[-146.1021,60.3729],[-146.0833,60.4021],[-146.1828,60.3984],[-146.1151,60.4068],[-146.1354,60.4313],[-146.3625,60.4062],[-146.3589,60.4432],[-146.375,60.45],[-146.3547,60.4589],[-146.3609,60.4724],[-146.3854,60.4688],[-146.3917,60.4813],[-146.4792,60.4521],[-146.5,60.4708],[-146.5578,60.4609],[-146.5328,60.4734]]],[[[-145.9542,60.3854],[-145.9443,60.3911],[-145.9641,60.3911],[-145.9542,60.3854]]],[[[-145.8792,60.3937],[-145.9391,60.3901],[-145.7833,60.3563],[-145.7484,60.3672],[-145.7625,60.3729],[-145.7542,60.3896],[-145.7917,60.375],[-145.8792,60.3937]]],[[[-145.1583,60.3812],[-145.1276,60.3953],[-145.1891,60.3693],[-145.1583,60.3812]]],[[[-145.9526,60.4578],[-145.938,60.4547],[-145.9458,60.4688],[-145.9526,60.4578]]],[[[-144.875,60.5],[-144.8609,60.5161],[-144.8911,60.5099],[-144.8859,60.4964],[-144.9042,60.4792],[-144.8813,60.4583],[-144.8484,60.4734],[-144.875,60.5]]],[[[-144.9021,60.5313],[-144.9229,60.5396],[-144.9604,60.5167],[-145.0141,60.5099],[-145.0286,60.4859],[-144.9917,60.4938],[-144.9818,60.4818],[-145.0412,60.4536],[-145.0536,60.4318],[-145.0234,60.4286],[-145.0312,60.4104],[-144.9172,60.4276],[-144.9089,60.437],[-144.9208,60.4292],[-144.9266,60.4411],[-144.9104,60.475],[-144.9255,60.5016],[-144.9771,60.4833],[-144.9411,60.5099],[-144.8755,60.5234],[-144.9078,60.5193],[-144.9021,60.5313]]],[[[-147.6578,60.4901],[-147.6375,60.4917],[-147.6521,60.5021],[-147.6578,60.4901]]],[[[-147.6245,60.5276],[-147.65,60.5396],[-147.662,60.5234],[-147.6089,60.4839],[-147.6026,60.4995],[-147.6245,60.5276]]],[[[-147.3813,60.5208],[-147.3953,60.5172],[-147.3193,60.5266],[-147.3813,60.5208]]],[[[-144.975,60.5187],[-144.9563,60.5229],[-144.9891,60.5224],[-144.975,60.5187]]],[[[-145.7937,60.5792],[-145.8,60.5917],[-145.9,60.5875],[-145.9578,60.5766],[-145.9417,60.5563],[-145.9979,60.5667],[-146.0,60.5542],[-146.1224,60.5286],[-146.0708,60.5021],[-146.1708,60.5271],[-146.2833,60.5167],[-146.3203,60.4995],[-146.3307,60.463],[-146.1854,60.4562],[-146.0896,60.475],[-146.0375,60.5042],[-145.8047,60.5568],[-145.8203,60.5661],[-145.7792,60.5771],[-145.7937,60.5792]]],[[[-147.5542,60.5604],[-147.5609,60.5766],[-147.5766,60.5745],[-147.5734,60.5505],[-147.5953,60.5557],[-147.6,60.5417],[-147.6089,60.562],[-147.6245,60.5589],[-147.6161,60.5359],[-147.5833,60.5229],[-147.5766,60.5411],[-147.5589,60.5359],[-147.5542,60.5604]]],[[[-145.775,60.6083],[-145.787,60.6026],[-145.7646,60.6104],[-145.775,60.6083]]],[[[-147.3146,60.6646],[-147.3354,60.675],[-147.3276,60.663],[-147.3891,60.6422],[-147.3458,60.6271],[-147.3047,60.6589],[-147.3146,60.6646]]],[[[-147.4268,60.6846],[-147.4479,60.6958],[-147.4807,60.6828],[-147.4401,60.6682],[-147.4557,60.6568],[-147.4339,60.6557],[-147.4995,60.6516],[-147.4339,60.6474],[-147.4787,60.6193],[-147.4359,60.6234],[-147.3859,60.6526],[-147.4005,60.6828],[-147.4268,60.6846]]],[[[-148.1849,60.7432],[-148.1505,60.7557],[-148.212,60.7557],[-148.1963,60.738],[-148.2453,60.713],[-148.2078,60.6714],[-148.1818,60.6641],[-148.1786,60.6401],[-148.1625,60.6292],[-148.0922,60.6609],[-148.1047,60.7016],[-148.1766,60.7089],[-148.1109,60.7068],[-148.1224,60.712],[-148.1005,60.7172],[-148.1068,60.7391],[-148.1849,60.7432]]],[[[-148.6474,60.6984],[-148.6479,60.6875],[-148.6234,60.7182],[-148.6474,60.6984]]],[[[-147.3646,60.6937],[-147.3646,60.7104],[-147.4167,60.6979],[-147.3875,60.6833],[-147.3646,60.6937]]],[[[-147.938,60.7182],[-147.9583,60.7479],[-147.9787,60.738],[-147.9463,60.6984],[-148.012,60.7224],[-147.9943,60.712],[-147.9995,60.688],[-147.9693,60.687],[-147.9312,60.6563],[-147.9245,60.6849],[-147.8604,60.6771],[-147.8443,60.6922],[-147.9146,60.7354],[-147.9307,60.737],[-147.9172,60.7109],[-147.938,60.7182]]],[[[-147.4099,60.7203],[-147.3818,60.737],[-147.4812,60.725],[-147.4099,60.7203]]],[[[-151.9057,60.5068],[-151.9479,60.5104],[-151.9463,60.4964],[-151.9724,60.487],[-151.9526,60.4599],[-151.9703,60.4214],[-151.8901,60.438],[-151.8953,60.4641],[-151.8359,60.4818],[-151.9057,60.5068]]],[[[-146.7375,60.8708],[-146.7661,60.8786],[-146.7422,60.8536],[-146.7625,60.8458],[-146.7734,60.8641],[-146.7932,60.8641],[-146.8141,60.8432],[-146.8141,60.8151],[-146.7896,60.8042],[-146.7151,60.8151],[-146.7307,60.8411],[-146.7005,60.8474],[-146.7375,60.8708]]],[[[-148.0151,60.9141],[-148.05,60.9271],[-148.1057,60.9078],[-148.0464,60.8901],[-148.1161,60.8724],[-148.1297,60.8318],[-148.1474,60.8245],[-148.1411,60.7964],[-148.0818,60.788],[-148.1042,60.8],[-148.0937,60.8021],[-148.0562,60.7854],[-148.0396,60.8021],[-148.0453,60.7839],[-148.0292,60.7813],[-147.9859,60.7943],[-147.9896,60.8292],[-147.9583,60.8021],[-147.9151,60.813],[-147.9234,60.837],[-147.9849,60.8651],[-147.9479,60.8542],[-147.9297,60.8745],[-148.0151,60.9141]]],[[[-147.2083,60.8917],[-147.2245,60.8859],[-147.2125,60.9042],[-147.225,60.9063],[-147.3141,60.8755],[-147.2292,60.8646],[-147.2172,60.8672],[-147.2245,60.8786],[-147.1812,60.8812],[-147.1849,60.8589],[-147.1375,60.8521],[-147.0734,60.8901],[-147.1646,60.8708],[-147.1214,60.9016],[-147.1625,60.8854],[-147.1958,60.9021],[-147.2083,60.8917]]],[[[-147.025,60.9792],[-147.0432,60.9849],[-147.0641,60.9568],[-147.025,60.9792]]],[[[-150.163,61.1578],[-150.1646,61.1729],[-150.2125,61.1708],[-150.2422,61.1359],[-150.2766,61.1255],[-150.2271,61.125],[-150.163,61.1578]]],[[[-150.5833,61.3688],[-150.6349,61.337],[-150.637,61.3255],[-150.6109,61.3266],[-150.6292,61.3146],[-150.6068,61.2901],[-150.6417,61.3],[-150.6182,61.2776],[-150.588,61.2901],[-150.6016,61.2995],[-150.5797,61.3255],[-150.5932,61.3526],[-150.5833,61.3688]]],[[[-150.5182,61.3745],[-150.5286,61.363],[-150.5047,61.3714],[-150.5182,61.3745]]],[[[-150.5182,61.3786],[-150.5354,61.3979],[-150.5745,61.3651],[-150.5562,61.3583],[-150.5182,61.3786]]],[[[-144.8089,60.5943],[-144.8203,60.5859],[-144.7984,60.5953],[-144.8089,60.5943]]],[[[-144.8146,60.5979],[-144.7984,60.612],[-144.8542,60.5958],[-144.8354,60.5833],[-144.8146,60.5979]]],[[[-149.0818,61.4932],[-149.0526,61.5036],[-149.1354,61.4958],[-149.0818,61.4932]]],[[[-145.975,70.1354],[-145.9588,70.137],[-145.9849,70.1391],[-145.975,70.1354]]],[[[-144.0667,70.0687],[-144.0937,70.0708],[-144.1099,70.0547],[-144.0667,70.0687]]],[[[-143.6187,70.1292],[-143.7328,70.1255],[-143.6734,70.0974],[-143.675,70.0854],[-143.5964,70.1234],[-143.6187,70.1292]]],[[[-144.2208,70.1813],[-144.2458,70.1896],[-144.3411,70.1713],[-144.2068,70.1776],[-144.2208,70.1813]]],[[[-147.2667,70.1917],[-147.2547,70.1932],[-147.287,70.1901],[-147.2667,70.1917]]],[[[-146.0604,70.1854],[-146.0505,70.1891],[-146.0703,70.1911],[-146.0604,70.1854]]],[[[-147.1922,70.2214],[-147.2167,70.2312],[-147.2088,70.2214],[-147.2536,70.213],[-147.1922,70.2214]]],[[[-147.8979,70.2771],[-147.912,70.2714],[-147.888,70.2755],[-147.8979,70.2771]]],[[[-147.9974,70.2953],[-147.9859,70.2995],[-148.0141,70.2922],[-147.9974,70.2953]]],[[[-147.9812,70.3125],[-147.9672,70.3141],[-147.9932,70.3161],[-147.9812,70.3125]]],[[[-148.0901,70.3287],[-148.1286,70.3349],[-148.0609,70.3234],[-148.0901,70.3287]]],[[[-148.8167,70.4063],[-148.8266,70.4026],[-148.8047,70.4047],[-148.8167,70.4063]]],[[[-150.5063,70.4042],[-150.5807,70.3818],[-150.4859,70.4026],[-150.5063,70.4042]]],[[[-150.4432,70.4099],[-150.4578,70.4047],[-150.4276,70.4089],[-150.4432,70.4099]]],[[[-150.3432,70.4182],[-150.3578,70.413],[-150.3047,70.4245],[-150.3432,70.4182]]],[[[-150.4787,70.438],[-150.4911,70.4516],[-150.4729,70.4646],[-150.5229,70.4354],[-150.6057,70.4224],[-150.6328,70.388],[-150.4787,70.438]]],[[[-151.1401,70.4307],[-151.1193,70.437],[-151.1578,70.4349],[-151.1401,70.4307]]],[[[-150.388,70.4339],[-150.3755,70.4391],[-150.3995,70.4297],[-150.388,70.4339]]],[[[-151.0104,70.4313],[-151.0026,70.4391],[-151.0328,70.4391],[-151.0104,70.4313]]],[[[-135.3605,56.8019],[-135.3739,56.7933],[-135.3594,56.7667],[-135.34,56.7831],[-135.3605,56.8019]]],[[[-135.3765,56.8026],[-135.4052,56.7789],[-135.3861,56.7778],[-135.3765,56.8026]]],[[[-135.3876,56.8232],[-135.4073,56.8278],[-135.4171,56.8085],[-135.3795,56.8142],[-135.3876,56.8232]]],[[[-135.4406,56.8306],[-135.4611,56.8297],[-135.4578,56.8111],[-135.4406,56.8306]]],[[[-135.4627,56.8397],[-135.4939,56.8217],[-135.4733,56.82],[-135.4627,56.8397]]],[[[-135.5433,56.8642],[-135.5667,56.8528],[-135.5456,56.8475],[-135.5428,56.8297],[-135.5017,56.8564],[-135.5433,56.8642]]],[[[-135.4126,57.5579],[-135.4506,57.5575],[-135.5057,57.5182],[-135.551,57.5093],[-135.5329,57.4511],[-135.5621,57.4473],[-135.5703,57.4377],[-135.5525,57.427],[-135.5766,57.4267],[-135.5683,57.4183],[-135.6319,57.3992],[-135.6086,57.3854],[-135.6008,57.4035],[-135.5674,57.3809],[-135.4839,57.3664],[-135.4917,57.3552],[-135.6576,57.3751],[-135.6883,57.3711],[-135.6925,57.3535],[-135.6339,57.3127],[-135.5564,57.2857],[-135.6061,57.2923],[-135.5517,57.2344],[-135.4995,57.2561],[-135.3456,57.2473],[-135.3728,57.231],[-135.3711,57.2003],[-135.4218,57.1632],[-135.3929,57.1438],[-135.3446,57.1733],[-135.3633,57.1881],[-135.2839,57.1742],[-135.285,57.1639],[-135.3722,57.1497],[-135.402,57.0983],[-135.3389,57.0472],[-135.2724,57.0319],[-135.2039,57.0456],[-135.1234,56.987],[-135.1444,56.9811],[-135.2254,57.0342],[-135.2544,57.0145],[-135.22,57.0019],[-135.2878,57.0156],[-135.3017,57.0133],[-135.2872,57.0005],[-135.2456,57.005],[-135.3119,56.9913],[-135.2172,56.9472],[-135.3039,56.9847],[-135.3867,56.9856],[-135.3589,56.9769],[-135.385,56.9742],[-135.3817,56.9497],[-135.402,56.9485],[-135.3535,56.9351],[-135.2939,56.8867],[-135.3178,56.9001],[-135.3094,56.8842],[-135.3206,56.8864],[-135.3489,56.9117],[-135.3417,56.8872],[-135.3184,56.8795],[-135.3968,56.8884],[-135.3758,56.8669],[-135.3939,56.8517],[-135.3672,56.8397],[-135.3779,56.8164],[-135.3233,56.827],[-135.3228,56.8133],[-135.3567,56.8094],[-135.295,56.7925],[-135.3133,56.7839],[-135.275,56.7883],[-135.3092,56.777],[-135.1974,56.8128],[-135.1968,56.8473],[-135.1878,56.8192],[-135.1205,56.8483],[-135.1394,56.8331],[-135.105,56.8273],[-135.153,56.8276],[-135.1844,56.8053],[-135.1832,56.789],[-135.1911,56.8075],[-135.2689,56.7767],[-135.2816,56.7553],[-135.2389,56.755],[-135.3039,56.7231],[-135.2075,56.7519],[-135.1822,56.7845],[-135.1678,56.7664],[-135.1867,56.7547],[-135.105,56.79],[-135.0856,56.8128],[-135.0196,56.8195],[-135.0828,56.8075],[-135.0962,56.7865],[-135.2117,56.7303],[-135.1689,56.6961],[-135.1939,56.7086],[-135.2301,56.6863],[-135.1889,56.6644],[-135.1778,56.6683],[-135.1979,56.6761],[-135.1483,56.6897],[-135.0328,56.7783],[-135.0211,56.7523],[-134.9937,56.7564],[-135.0972,56.7169],[-135.1417,56.6786],[-135.1533,56.6475],[-135.1272,56.6492],[-135.1379,56.611],[-135.1189,56.5942],[-135.0361,56.6211],[-134.9817,56.7245],[-134.9541,56.7169],[-134.9767,56.7164],[-135.0099,56.6383],[-134.9794,56.6297],[-134.9772,56.6147],[-134.8294,56.7433],[-134.8883,56.6861],[-134.8543,56.6827],[-134.8922,56.6761],[-134.8893,56.6462],[-134.915,56.6488],[-134.9691,56.6032],[-134.9404,56.5745],[-135.0079,56.6017],[-134.9845,56.5692],[-135.0216,56.5987],[-135.0585,56.5689],[-135.0111,56.5397],[-135.0489,56.5539],[-135.0622,56.5311],[-135.0216,56.5161],[-135.035,56.5169],[-135.0087,56.4633],[-134.9733,56.5019],[-134.985,56.4736],[-134.9433,56.4745],[-134.9855,56.47],[-134.9933,56.4559],[-134.9645,56.4145],[-134.9009,56.4514],[-134.9164,56.4263],[-134.952,56.4139],[-134.9352,56.4031],[-134.9567,56.3897],[-134.9339,56.3742],[-134.9122,56.3886],[-134.9215,56.3609],[-134.8867,56.3519],[-134.9039,56.3486],[-134.902,56.3226],[-134.8778,56.3017],[-134.8678,56.3328],[-134.855,56.3156],[-134.865,56.3128],[-134.8517,56.3119],[-134.8567,56.3242],[-134.8422,56.3222],[-134.8067,56.382],[-134.8301,56.3456],[-134.8144,56.3403],[-134.8472,56.3025],[-134.8067,56.3179],[-134.843,56.2883],[-134.8111,56.2723],[-134.8289,56.26],[-134.815,56.2539],[-134.77,56.2829],[-134.8078,56.2354],[-134.7629,56.2335],[-134.7837,56.2259],[-134.7383,56.2126],[-134.6933,56.2317],[-134.7079,56.2175],[-134.6878,56.1994],[-134.7119,56.1827],[-134.6711,56.1606],[-134.6422,56.2289],[-134.6511,56.2483],[-134.6239,56.2561],[-134.6416,56.2745],[-134.6828,56.2455],[-134.6783,56.2786],[-134.6472,56.2947],[-134.6828,56.2911],[-134.64,56.2995],[-134.6361,56.3261],[-134.755,56.2905],[-134.6461,56.3464],[-134.6311,56.3723],[-134.6355,56.3875],[-134.6506,56.3811],[-134.6394,56.3895],[-134.7322,56.3813],[-134.6416,56.3923],[-134.6372,56.4172],[-134.6628,56.4322],[-134.7556,56.4386],[-134.6494,56.4355],[-134.6389,56.4769],[-134.6817,56.5394],[-134.7622,56.5403],[-134.7389,56.5513],[-134.6689,56.5419],[-134.6797,56.6313],[-134.6482,56.5463],[-134.6306,56.5473],[-134.63,56.6258],[-134.6155,56.6361],[-134.6311,56.6553],[-134.6173,56.6636],[-134.6328,56.6742],[-134.6289,56.7087],[-134.6467,56.7086],[-134.6294,56.725],[-134.6728,56.7317],[-134.6905,56.7095],[-134.7544,56.7081],[-134.6377,56.7389],[-134.6538,56.7639],[-134.7494,56.7873],[-134.6611,56.7749],[-134.6645,56.8073],[-134.69,56.8378],[-134.795,56.8683],[-134.7042,56.8391],[-134.6967,56.8653],[-134.7109,56.8772],[-134.696,56.8789],[-134.695,56.8975],[-134.745,56.9236],[-134.7156,56.9231],[-134.7255,56.9483],[-134.7472,56.9506],[-134.7363,56.9693],[-134.761,56.9719],[-134.7378,56.9858],[-134.7464,57.0211],[-134.7711,57.0275],[-134.7505,57.0331],[-134.7696,57.0447],[-134.7571,57.0483],[-134.7635,57.0687],[-134.7826,57.081],[-134.8277,57.0746],[-134.8348,57.0872],[-134.7788,57.0939],[-134.79,57.1225],[-134.8139,57.1297],[-134.7949,57.1409],[-134.8359,57.1331],[-134.8133,57.1436],[-134.8183,57.1533],[-134.8522,57.1311],[-134.8711,57.1383],[-134.8483,57.1353],[-134.7994,57.1633],[-134.8728,57.2189],[-134.8409,57.2223],[-134.8437,57.241],[-134.89,57.2397],[-134.8372,57.2469],[-134.8628,57.2717],[-134.9294,57.2597],[-134.9576,57.3087],[-134.9982,57.29],[-134.9906,57.2669],[-135.0104,57.2625],[-135.0107,57.2905],[-134.9506,57.3273],[-135.0728,57.3428],[-135.0259,57.3513],[-134.9095,57.3297],[-134.9661,57.3819],[-134.843,57.3138],[-134.8291,57.2927],[-134.8333,57.3086],[-134.8108,57.2996],[-134.8036,57.3409],[-134.84,57.3889],[-134.8306,57.415],[-134.9539,57.4286],[-134.9973,57.4198],[-135.0128,57.3998],[-135.1642,57.4454],[-135.2178,57.4222],[-135.2057,57.4449],[-135.1594,57.46],[-135.225,57.4889],[-135.2944,57.4637],[-135.2805,57.4762],[-135.2956,57.4847],[-135.3488,57.4741],[-135.4049,57.4394],[-135.4167,57.4586],[-135.2911,57.5095],[-135.3462,57.5485],[-135.4126,57.5579]]],[[[-135.4333,56.8897],[-135.4545,56.8919],[-135.4394,56.8783],[-135.4333,56.8897]]],[[[-133.9354,56.8666],[-133.9183,56.8669],[-133.9489,56.8878],[-133.9354,56.8666]]],[[[-134.0939,56.9031],[-134.1067,56.9031],[-134.0794,56.901],[-134.0939,56.9031]]],[[[-134.0628,56.9106],[-134.0728,56.9125],[-134.0311,56.8961],[-134.0628,56.9106]]],[[[-134.0021,56.9217],[-134.0272,56.9278],[-133.9906,56.9142],[-134.0021,56.9217]]],[[[-134.1187,56.927],[-134.1367,56.9308],[-134.1122,56.9189],[-134.1187,56.927]]],[[[-134.1011,56.9347],[-134.1144,56.9358],[-134.0606,56.9264],[-134.1011,56.9347]]],[[[-134.1398,56.9538],[-134.1428,56.9428],[-134.11,56.9392],[-134.1398,56.9538]]],[[[-133.5349,57.2484],[-133.5461,57.2399],[-133.515,57.2114],[-133.5349,57.2484]]],[[[-133.8442,57.3072],[-133.8682,57.2964],[-133.8506,57.2747],[-133.8442,57.3072]]],[[[-133.48,57.3007],[-133.4638,57.3021],[-133.4915,57.3049],[-133.48,57.3007]]],[[[-135.348,56.9996],[-135.3661,56.9997],[-135.3383,56.9969],[-135.348,56.9996]]],[[[-135.4452,57.1133],[-135.464,57.1165],[-135.4673,57.093],[-135.4361,57.0873],[-135.4452,57.1133]]],[[[-135.358,57.0552],[-135.3744,57.0537],[-135.3467,57.0403],[-135.358,57.0552]]],[[[-135.5507,57.1698],[-135.5755,57.1786],[-135.5894,57.1556],[-135.5507,57.1698]]],[[[-135.7624,57.3439],[-135.7805,57.3393],[-135.7859,57.3148],[-135.7817,57.3306],[-135.8002,57.3412],[-135.8644,57.3303],[-135.825,57.3025],[-135.8595,57.2665],[-135.8322,57.2506],[-135.877,57.2231],[-135.8379,57.2249],[-135.8028,57.2536],[-135.8361,57.1661],[-135.7311,57.1689],[-135.7491,57.1589],[-135.7389,57.1441],[-135.76,57.1413],[-135.76,57.1163],[-135.8457,57.0888],[-135.8456,57.0158],[-135.8623,56.9986],[-135.8501,56.9933],[-135.638,57.0103],[-135.6277,57.0345],[-135.5989,57.0469],[-135.6028,57.0689],[-135.5639,57.0944],[-135.5757,57.1103],[-135.5629,57.1486],[-135.5994,57.1456],[-135.5911,57.1583],[-135.6178,57.178],[-135.6012,57.1978],[-135.6578,57.2464],[-135.5685,57.2283],[-135.5756,57.2559],[-135.6261,57.3025],[-135.6875,57.3219],[-135.6643,57.2644],[-135.6872,57.2798],[-135.7032,57.3284],[-135.7305,57.3387],[-135.74,57.3225],[-135.7624,57.3439]]],[[[-135.5208,57.2199],[-135.545,57.2259],[-135.5417,57.1713],[-135.5578,57.1556],[-135.509,57.1407],[-135.526,57.1561],[-135.4511,57.1692],[-135.5208,57.2199]]],[[[-134.27,57.17],[-134.2905,57.1627],[-134.2512,57.1661],[-134.27,57.17]]],[[[-135.4688,57.2505],[-135.515,57.2264],[-135.4556,57.1853],[-135.4189,57.1786],[-135.4361,57.1886],[-135.4005,57.2133],[-135.3894,57.2436],[-135.4688,57.2505]]],[[[-134.8844,57.2916],[-134.8988,57.2944],[-134.9078,57.2769],[-134.8867,57.2695],[-134.8744,57.2833],[-134.8844,57.2916]]],[[[-135.8866,57.4147],[-135.91,57.4061],[-135.8661,57.4058],[-135.8866,57.4147]]],[[[-136.0467,57.5367],[-136.0582,57.54],[-136.0367,57.5303],[-136.0467,57.5367]]],[[[-136.0639,57.5658],[-136.0863,57.5618],[-136.0378,57.5439],[-136.0639,57.5658]]],[[[-135.5363,57.609],[-135.5719,57.6053],[-135.5108,57.5951],[-135.5363,57.609]]],[[[-136.2078,57.6313],[-136.2206,57.6333],[-136.2061,57.6181],[-136.2078,57.6313]]],[[[-136.1917,57.6383],[-136.21,57.6378],[-136.1855,57.6219],[-136.1917,57.6383]]],[[[-134.1774,58.156],[-134.2075,58.1668],[-134.3311,58.1431],[-134.295,58.1024],[-134.3438,58.1473],[-134.5592,58.1949],[-134.5757,58.1757],[-134.6926,58.1596],[-134.7094,58.2282],[-134.8017,58.2951],[-134.8047,58.3218],[-134.8648,58.3457],[-134.8945,58.3787],[-134.8703,58.3223],[-134.887,58.3218],[-134.9309,58.3973],[-134.9598,58.405],[-134.9704,58.3698],[-134.9431,58.2713],[-134.9168,58.2432],[-134.9089,58.2583],[-134.8768,58.2566],[-134.9182,58.2259],[-134.8959,58.1916],[-134.8561,58.1762],[-134.785,58.0966],[-134.7694,58.115],[-134.7711,58.1672],[-134.7421,58.1894],[-134.7267,58.175],[-134.7639,58.1611],[-134.7617,58.0981],[-134.8099,58.0452],[-134.7671,57.9991],[-134.758,57.9738],[-134.7727,57.9711],[-134.7428,57.9417],[-134.7593,57.942],[-134.7056,57.8317],[-134.7097,57.7824],[-134.7345,57.7415],[-134.6961,57.6861],[-134.7056,57.6825],[-134.6778,57.6113],[-134.6118,57.5624],[-134.5796,57.5062],[-134.4872,57.5458],[-134.3967,57.5631],[-134.3676,57.5519],[-134.3528,57.5653],[-134.3828,57.5742],[-134.3489,57.5767],[-134.3639,57.5481],[-134.4283,57.5317],[-134.454,57.5056],[-134.3972,57.4931],[-134.4667,57.4975],[-134.4361,57.5289],[-134.4494,57.54],[-134.4878,57.5275],[-134.4594,57.5283],[-134.4756,57.5214],[-134.505,57.5286],[-134.4643,57.5441],[-134.5683,57.5067],[-134.499,57.5165],[-134.5339,57.4928],[-134.5506,57.5031],[-134.5394,57.5119],[-134.5617,57.4976],[-134.5215,57.4879],[-134.5072,57.465],[-134.6066,57.5136],[-134.4686,57.3843],[-134.3244,57.3928],[-134.3966,57.3774],[-134.3182,57.3394],[-134.3711,57.3414],[-134.4133,57.3739],[-134.4878,57.3725],[-134.5308,57.3896],[-134.5283,57.4064],[-134.5808,57.401],[-134.5684,57.3812],[-134.575,57.3397],[-134.5047,57.3427],[-134.5214,57.3315],[-134.4483,57.3072],[-134.4826,57.319],[-134.5461,57.3111],[-134.6206,57.2728],[-134.5433,57.2279],[-134.5922,57.2236],[-134.6389,57.2503],[-134.6536,57.2309],[-134.6401,57.1755],[-134.6014,57.1656],[-134.6389,57.1367],[-134.6217,57.1269],[-134.6385,57.1101],[-134.61,57.0469],[-134.6191,57.0153],[-134.571,57.0395],[-134.5706,57.0153],[-134.5494,57.0456],[-134.5483,57.0219],[-134.5244,57.0372],[-134.4821,57.0263],[-134.5022,57.0347],[-134.4828,57.0314],[-134.4804,57.0497],[-134.3745,57.0919],[-134.4083,57.1122],[-134.3789,57.1122],[-134.384,57.1306],[-134.3283,57.1236],[-134.3542,57.1597],[-134.3042,57.1353],[-134.2774,57.1428],[-134.3028,57.1683],[-134.3028,57.2506],[-134.2812,57.2352],[-134.2849,57.1763],[-134.2385,57.1821],[-134.2307,57.17],[-134.1557,57.2075],[-134.1486,57.2636],[-134.125,57.2628],[-134.1199,57.2413],[-134.1059,57.2494],[-134.0945,57.2831],[-134.1306,57.3064],[-134.1599,57.305],[-134.1258,57.3191],[-134.1728,57.3303],[-134.159,57.358],[-134.2023,57.3847],[-134.1967,57.3967],[-134.1111,57.3503],[-134.1228,57.3369],[-134.1034,57.3479],[-134.1185,57.3351],[-134.1078,57.3213],[-134.0878,57.3311],[-134.0852,57.3688],[-134.0607,57.3334],[-133.9808,57.3042],[-133.8624,57.3677],[-133.9079,57.4458],[-133.9222,57.4269],[-133.9032,57.4142],[-133.9444,57.4367],[-133.9861,57.4134],[-133.9992,57.4182],[-133.9688,57.4499],[-133.9881,57.4607],[-134.1105,57.4642],[-134.0588,57.4795],[-134.0939,57.4986],[-134.0857,57.5122],[-133.9072,57.4686],[-133.9333,57.4819],[-133.9155,57.481],[-133.9276,57.4951],[-133.9117,57.4897],[-133.9448,57.5348],[-133.8383,57.4347],[-133.885,57.4764],[-133.853,57.4607],[-133.8866,57.5061],[-133.9383,57.5469],[-133.9368,57.6134],[-133.9773,57.6401],[-134.0057,57.6373],[-133.9922,57.6469],[-134.0106,57.656],[-134.0945,57.6475],[-134.0878,57.67],[-134.0461,57.6789],[-134.1172,57.7297],[-134.2435,57.8736],[-134.2872,57.8542],[-134.2967,57.8261],[-134.3072,57.8317],[-134.2811,57.9175],[-134.3428,57.9972],[-134.2355,57.9681],[-134.3278,58.0403],[-134.2627,58.0213],[-134.3178,58.0794],[-134.3154,58.0957],[-134.2794,58.0675],[-134.259,58.0723],[-134.1633,57.9928],[-134.2517,58.0392],[-134.1611,57.9583],[-134.1206,57.8672],[-134.0317,57.8175],[-134.0154,57.7898],[-134.0206,57.7639],[-133.9989,57.7492],[-134.0076,57.7313],[-133.9722,57.6881],[-133.8561,57.6228],[-133.8392,57.5778],[-133.8033,57.5773],[-133.809,57.6276],[-133.8941,57.6847],[-133.8926,57.7183],[-133.8748,57.7321],[-133.9052,57.7694],[-133.9006,57.8064],[-134.0055,57.892],[-133.9922,57.9122],[-134.0987,57.9826],[-134.099,58.0175],[-134.1883,58.0796],[-134.1924,58.1071],[-134.2296,58.122],[-134.1701,58.1264],[-134.1774,58.156]]],[[[-134.2017,57.8917],[-134.2184,57.8914],[-134.1717,57.8447],[-134.195,57.8481],[-134.1894,57.8342],[-134.1196,57.7714],[-134.1033,57.776],[-134.1142,57.8073],[-134.2017,57.8917]]],[[[-134.2667,57.8861],[-134.2534,57.8823],[-134.2633,57.8962],[-134.2667,57.8861]]],[[[-134.0456,57.7731],[-134.0494,57.7897],[-134.0561,57.7731],[-134.0456,57.7731]]],[[[-135.7039,57.7067],[-135.72,57.7064],[-135.64,57.6456],[-135.62,57.6381],[-135.5895,57.6581],[-135.7039,57.7067]]],[[[-135.8933,57.9978],[-135.4137,57.8591],[-135.3158,57.807],[-135.2025,57.7765],[-135.0256,57.7784],[-134.9483,57.8055],[-135.0089,57.8297],[-134.9954,57.8399],[-135.0333,57.8428],[-135.0382,57.8615],[-135.0741,57.8783],[-135.1572,57.9],[-135.1756,57.9189],[-135.165,57.9178],[-135.2195,57.9386],[-135.2203,57.9537],[-135.0297,57.899],[-134.9367,57.8467],[-134.9995,57.8892],[-134.9226,57.9232],[-134.9195,57.9484],[-134.9417,57.9703],[-134.9142,57.9763],[-134.935,58.0233],[-134.9661,58.0457],[-135.126,58.0639],[-135.0756,58.07],[-135.1161,58.0914],[-135.2978,58.0894],[-135.3445,58.1092],[-135.3211,58.1181],[-135.4063,58.1442],[-135.4672,58.1311],[-135.4183,58.1],[-135.4489,58.1022],[-135.4367,58.09],[-135.4711,58.0828],[-135.4911,58.0903],[-135.5139,58.0644],[-135.5451,58.0619],[-135.5904,57.9924],[-135.6531,57.9853],[-135.6433,57.9661],[-135.6567,57.9486],[-135.6772,57.9494],[-135.656,57.9575],[-135.6642,57.9726],[-135.7452,57.992],[-135.7983,57.9806],[-135.8099,57.9919],[-135.7768,57.9873],[-135.7961,57.9911],[-135.7371,58.0105],[-135.6869,57.9908],[-135.637,57.9957],[-135.6228,58.0233],[-135.6922,58.0281],[-135.7039,58.0344],[-135.6539,58.0264],[-135.6956,58.0458],[-135.6473,58.0353],[-135.7278,58.0517],[-135.6097,58.0542],[-135.5833,58.0842],[-135.5378,58.1013],[-135.5184,58.1268],[-135.5239,58.1533],[-135.4943,58.1706],[-135.5277,58.1876],[-135.5483,58.1792],[-135.5717,58.2072],[-135.6222,58.2123],[-135.646,58.2326],[-135.7322,58.2386],[-135.7965,58.2876],[-135.9115,58.244],[-135.9708,58.2096],[-135.9883,58.1828],[-136.0756,58.2167],[-136.1665,58.2206],[-136.1394,58.2128],[-136.2027,58.1773],[-136.1688,58.1372],[-136.1871,58.1042],[-136.1167,58.0692],[-136.2017,58.0941],[-136.2029,58.1453],[-136.2372,58.1544],[-136.246,58.1866],[-136.2728,58.1978],[-136.284,58.2238],[-136.3226,58.2101],[-136.354,58.2238],[-136.3647,58.2113],[-136.3201,58.1551],[-136.2667,58.1461],[-136.3039,58.1415],[-136.2703,58.1029],[-136.3694,58.1497],[-136.4511,58.1144],[-136.4227,58.0782],[-136.3528,58.0494],[-136.1403,57.8967],[-136.0228,57.8392],[-136.1104,57.8704],[-136.3539,58.0028],[-136.3767,57.9661],[-136.3611,57.9339],[-136.2783,57.9036],[-136.3644,57.9236],[-136.4322,57.8431],[-136.4172,57.8361],[-136.4261,57.8231],[-136.41,57.8164],[-136.3745,57.8436],[-136.3745,57.8319],[-136.3529,57.8317],[-136.3667,57.8272],[-136.3617,57.8061],[-136.3344,57.8033],[-136.3494,57.7869],[-136.3178,57.7972],[-136.3283,57.7873],[-136.2951,57.7629],[-136.2233,57.7956],[-136.2533,57.7767],[-136.2378,57.7519],[-136.2006,57.7831],[-136.2144,57.7411],[-136.1928,57.7353],[-136.1889,57.7472],[-136.1557,57.7089],[-136.1161,57.7117],[-136.1577,57.7081],[-136.1481,57.7013],[-136.1046,57.6889],[-136.1394,57.6786],[-136.1339,57.6564],[-136.1618,57.6697],[-136.1511,57.6556],[-136.1621,57.6423],[-136.1056,57.615],[-136.1067,57.6509],[-136.0839,57.6681],[-136.095,57.6594],[-136.0794,57.6239],[-136.045,57.6473],[-135.9794,57.625],[-136.0142,57.6268],[-136.0317,57.5975],[-136.0,57.595],[-136.0094,57.5878],[-136.0572,57.6036],[-136.0339,57.6039],[-136.0266,57.6314],[-136.0389,57.638],[-136.0655,57.6055],[-136.0805,57.6231],[-136.1005,57.6114],[-136.068,57.5913],[-136.0571,57.599],[-136.0245,57.5569],[-135.9992,57.5541],[-135.951,57.5803],[-136.0023,57.6023],[-135.9209,57.5855],[-135.9178,57.5703],[-135.9595,57.5707],[-136.0,57.5428],[-135.9743,57.5346],[-135.9333,57.5567],[-135.9686,57.5291],[-135.9228,57.5245],[-135.8843,57.4881],[-135.8244,57.4723],[-135.8417,57.4626],[-135.8194,57.4639],[-135.8128,57.4442],[-136.0,57.5295],[-136.0333,57.5192],[-135.9728,57.4817],[-135.9683,57.4633],[-135.9144,57.4475],[-135.8861,57.4211],[-135.8597,57.4257],[-135.84,57.3892],[-135.7766,57.3881],[-135.713,57.3664],[-135.6626,57.3811],[-135.6482,57.3907],[-135.6755,57.4069],[-135.6313,57.4076],[-135.5926,57.4278],[-135.6411,57.4494],[-135.5556,57.4527],[-135.5473,57.4793],[-135.5922,57.5203],[-135.573,57.5237],[-135.5685,57.5507],[-135.6209,57.5666],[-135.6811,57.5472],[-135.619,57.5788],[-135.5799,57.5698],[-135.5563,57.5842],[-135.5705,57.5955],[-135.6628,57.6305],[-135.6878,57.6206],[-135.6786,57.6408],[-135.7056,57.6589],[-135.8155,57.6511],[-135.7427,57.6746],[-135.7422,57.6873],[-135.7094,57.6789],[-135.7489,57.7025],[-135.7495,57.7128],[-135.7222,57.7078],[-135.7283,57.72],[-135.7911,57.7381],[-135.8194,57.7538],[-135.8211,57.7703],[-135.1789,57.5211],[-135.0886,57.4655],[-135.0247,57.4547],[-134.8656,57.4633],[-134.9944,57.5447],[-134.8926,57.4933],[-134.8804,57.5064],[-134.8461,57.4795],[-134.8384,57.5036],[-134.8278,57.4981],[-134.8578,57.5308],[-134.86,57.6045],[-134.8908,57.6483],[-134.9368,57.6688],[-134.8998,57.6631],[-134.9229,57.6779],[-134.9033,57.6942],[-134.9397,57.7625],[-135.0216,57.7439],[-135.1105,57.76],[-135.12,57.7386],[-135.2083,57.7278],[-135.2189,57.7033],[-135.2361,57.7072],[-135.2444,57.7322],[-135.2724,57.7385],[-135.4367,57.7358],[-135.3245,57.7493],[-135.3624,57.7752],[-135.4311,57.7711],[-135.3723,57.7897],[-135.4406,57.8286],[-135.5178,57.8431],[-135.5922,57.8225],[-135.5144,57.8567],[-135.5622,57.8737],[-135.6522,57.8583],[-135.5739,57.88],[-135.702,57.9215],[-135.7455,57.9095],[-135.7257,57.9153],[-135.7467,57.9364],[-135.7756,57.9181],[-135.7789,57.9358],[-135.8183,57.94],[-135.8034,57.9528],[-135.8205,57.9695],[-135.8933,57.9978]]],[[[-136.2611,57.7637],[-136.3056,57.7647],[-136.3189,57.7508],[-136.2756,57.7272],[-136.2561,57.7464],[-136.2611,57.7637]]],[[[-134.5924,57.4723],[-134.6133,57.4736],[-134.5652,57.4676],[-134.5924,57.4723]]],[[[-136.4802,58.1015],[-136.5539,58.0861],[-136.5461,58.0711],[-136.5694,58.0183],[-136.5294,58.0103],[-136.5339,57.9874],[-136.5622,57.9786],[-136.5525,57.9709],[-136.5696,57.9569],[-136.5489,57.9369],[-136.5751,57.927],[-136.5379,57.9097],[-136.5261,57.9283],[-136.5007,57.9275],[-136.5239,57.9019],[-136.4672,57.8928],[-136.4783,57.8617],[-136.4478,57.8706],[-136.4644,57.8489],[-136.4533,57.8419],[-136.3772,57.9295],[-136.3878,57.9675],[-136.3761,57.9958],[-136.3365,58.0096],[-136.4293,58.057],[-136.4802,58.1015]]],[[[-136.1906,57.7161],[-136.2067,57.7097],[-136.2011,57.6939],[-136.2605,57.6795],[-136.1811,57.64],[-136.1689,57.6747],[-136.1333,57.6911],[-136.1906,57.7161]]],[[[-136.2451,57.722],[-136.2856,57.7164],[-136.2628,57.6892],[-136.2294,57.7036],[-136.2451,57.722]]],[[[-136.0389,58.2139],[-136.0683,58.2158],[-136.0183,58.2028],[-136.0389,58.2139]]],[[[-136.035,58.2953],[-136.048,58.3183],[-136.1577,58.2792],[-136.0903,58.2582],[-136.0362,58.2744],[-136.035,58.2953]]],[[[-136.4007,58.1734],[-136.4132,58.1762],[-136.384,58.158],[-136.4007,58.1734]]],[[[-136.3883,58.1983],[-136.3861,58.2092],[-136.4072,58.1942],[-136.3883,58.1983]]],[[[-136.3634,58.2508],[-136.3745,58.25],[-136.3439,58.2386],[-136.3634,58.2508]]],[[[-136.307,58.2697],[-136.3657,58.2628],[-136.3134,58.2293],[-136.2864,58.2461],[-136.3071,58.2574],[-136.2801,58.2661],[-136.307,58.2697]]],[[[-136.3915,58.2713],[-136.4072,58.2678],[-136.3761,58.2564],[-136.3915,58.2713]]],[[[-135.622,58.3795],[-135.733,58.368],[-135.6882,58.3339],[-135.6491,58.3257],[-135.535,58.3389],[-135.622,58.3795]]],[[[-135.9125,58.4937],[-135.9557,58.4924],[-135.9012,58.4841],[-135.8997,58.4719],[-135.9666,58.459],[-135.939,58.4501],[-135.8611,58.4677],[-135.9125,58.4937]]],[[[-135.9511,58.4806],[-135.9656,58.4964],[-135.9995,58.4822],[-135.9728,58.4608],[-135.94,58.4739],[-135.9511,58.4806]]],[[[-135.9944,58.5214],[-136.0282,58.5083],[-136.0,58.5078],[-135.9944,58.5214]]],[[[-135.881,58.5333],[-135.9004,58.535],[-135.8942,58.5236],[-135.881,58.5333]]],[[[-136.5022,58.3015],[-136.5194,58.3092],[-136.4783,58.2819],[-136.5022,58.3015]]],[[[-136.22,58.6733],[-136.2471,58.6591],[-136.2065,58.6335],[-136.22,58.6733]]],[[[-135.9583,58.5551],[-135.9483,58.5531],[-135.9711,58.5597],[-135.9583,58.5551]]],[[[-136.1167,58.6051],[-136.1536,58.5975],[-136.0943,58.5612],[-136.0914,58.582],[-136.1167,58.6051]]],[[[-135.9404,58.582],[-135.9372,58.5938],[-135.9522,58.5847],[-135.9404,58.582]]],[[[-134.0078,57.2892],[-134.0289,57.2903],[-133.9907,57.2846],[-134.0078,57.2892]]],[[[-133.8173,57.3099],[-133.8361,57.3077],[-133.8217,57.2878],[-133.8047,57.2959],[-133.8173,57.3099]]],[[[-133.4532,57.6977],[-133.4418,57.6979],[-133.4751,57.71],[-133.4532,57.6977]]],[[[-134.1517,57.9192],[-134.1697,57.9305],[-134.1417,57.8975],[-134.1517,57.9192]]],[[[-134.2661,57.9553],[-134.2858,57.9542],[-134.2466,57.9086],[-134.2039,57.9053],[-134.1944,57.9283],[-134.175,57.9097],[-134.2017,57.9397],[-134.2661,57.9553]]],[[[-134.1257,58.1034],[-134.1492,58.0976],[-134.1026,58.088],[-134.1257,58.1034]]],[[[-135.12,58.2108],[-135.1333,58.2133],[-135.1111,58.2017],[-135.12,58.2108]]],[[[-135.0684,58.2076],[-135.0917,58.2344],[-135.0797,58.2068],[-135.1161,58.2203],[-135.0537,58.1902],[-135.0684,58.2076]]],[[[-134.7427,58.3336],[-134.7326,58.3304],[-134.7533,58.3461],[-134.7427,58.3336]]],[[[-134.7029,58.3514],[-134.6911,58.3479],[-134.6956,58.3619],[-134.7029,58.3514]]],[[[-134.5178,58.3395],[-134.5842,58.3434],[-134.69,58.3008],[-134.5861,58.23],[-134.5072,58.2167],[-134.46,58.2294],[-134.3222,58.1944],[-134.255,58.1978],[-134.5178,58.3395]]],[[[-134.9118,58.4854],[-134.9258,58.4869],[-134.9226,58.4712],[-134.8416,58.3712],[-134.8076,58.3737],[-134.9118,58.4854]]],[[[-153.3515,57.7457],[-153.3705,57.7454],[-153.368,57.7191],[-153.3197,57.712],[-153.3515,57.7457]]],[[[-153.4659,57.9696],[-153.5059,57.9665],[-153.535,57.9282],[-153.4469,57.8757],[-153.3261,57.8493],[-153.3264,57.824],[-153.2679,57.8181],[-153.2657,57.8006],[-153.2043,57.7976],[-153.2221,57.8496],[-153.2826,57.9043],[-153.4659,57.9696]]],[[[-152.4123,57.968],[-152.4877,57.9551],[-152.4722,57.9485],[-152.523,57.9138],[-152.4988,57.9226],[-152.369,57.8838],[-152.3224,57.9002],[-152.3362,57.9205],[-152.4274,57.9298],[-152.4096,57.9426],[-152.4367,57.9572],[-152.4123,57.968]]],[[[-153.0486,57.958],[-153.0658,57.9598],[-153.0227,57.9512],[-153.0486,57.958]]],[[[-152.7238,57.9755],[-152.7218,57.9868],[-152.8237,57.9753],[-152.8638,57.9567],[-152.7771,57.9208],[-152.7376,57.9402],[-152.7486,57.9675],[-152.7238,57.9755]]],[[[-154.4833,58.0639],[-154.516,58.0632],[-154.5022,58.0494],[-154.46,58.0594],[-154.4833,58.0639]]],[[[-152.8994,58.0],[-152.9293,58.0028],[-152.8812,57.9883],[-152.8994,58.0]]],[[[-153.2591,58.1436],[-153.3206,58.1375],[-153.3414,58.1171],[-153.3359,58.1018],[-153.4206,58.0597],[-153.3663,58.038],[-153.2306,58.05],[-153.285,58.0856],[-153.275,58.0872],[-153.2261,58.0617],[-153.2022,58.0292],[-153.0589,57.9883],[-152.9132,57.9816],[-152.9383,58.0083],[-153.0269,58.0343],[-153.0487,58.0277],[-153.0908,58.089],[-153.1733,58.0907],[-153.2591,58.1436]]],[[[-151.8218,58.2651],[-151.8672,58.2539],[-151.8775,58.2427],[-151.8662,58.2284],[-151.894,58.2155],[-151.8956,58.19],[-151.8673,58.1655],[-151.8086,58.1864],[-151.7952,58.207],[-151.7887,58.2502],[-151.8218,58.2651]]],[[[-152.6501,58.4766],[-152.675,58.47],[-152.6733,58.4194],[-152.6964,58.4148],[-152.7261,58.4622],[-152.7981,58.4062],[-152.8889,58.4083],[-152.8678,58.3861],[-152.8241,58.3798],[-152.8372,58.3711],[-152.778,58.3671],[-152.7266,58.3423],[-152.7936,58.3501],[-152.8083,58.3372],[-152.749,58.3183],[-152.7767,58.3085],[-152.7706,58.2753],[-152.7211,58.2617],[-152.7621,58.2632],[-152.7633,58.2433],[-152.7913,58.2807],[-152.8802,58.2879],[-152.8906,58.2645],[-153.0449,58.3064],[-153.1044,58.2603],[-153.0725,58.2365],[-153.0072,58.2212],[-153.0038,58.2059],[-152.9294,58.1931],[-152.8506,58.1547],[-152.9817,58.1928],[-153.0011,58.1862],[-152.9956,58.1694],[-153.0167,58.1985],[-153.063,58.1932],[-153.1732,58.2161],[-153.2098,58.2006],[-153.2222,58.1595],[-153.1507,58.1056],[-153.0375,58.1138],[-153.0767,58.0961],[-153.02,58.0453],[-152.9461,58.0327],[-152.8613,57.9924],[-152.798,57.9889],[-152.7539,58.0258],[-152.8076,58.0779],[-152.7641,58.0831],[-152.7593,58.0558],[-152.7061,58.0494],[-152.6278,58.0769],[-152.6009,58.132],[-152.61,58.1661],[-152.595,58.1675],[-152.5956,58.2011],[-152.585,58.1858],[-152.5728,58.1961],[-152.5739,58.2186],[-152.5556,58.21],[-152.5711,58.1875],[-152.5544,58.1753],[-152.5678,58.1717],[-152.5522,58.1386],[-152.5672,58.1336],[-152.5694,58.1044],[-152.5456,58.0831],[-152.5217,58.1158],[-152.4532,58.1266],[-152.4462,58.1444],[-152.3967,58.1181],[-152.3578,58.1281],[-152.3406,58.1006],[-152.3172,58.1261],[-152.2714,58.1252],[-152.2652,58.134],[-152.3033,58.1547],[-152.3411,58.1556],[-152.3111,58.1572],[-152.3283,58.165],[-152.3206,58.1742],[-152.3706,58.1911],[-152.3572,58.2011],[-152.2889,58.1769],[-152.29,58.2019],[-152.3283,58.2064],[-152.3306,58.2186],[-152.3094,58.2208],[-152.3233,58.2458],[-152.2644,58.2378],[-152.2889,58.2608],[-152.2517,58.245],[-152.2544,58.2719],[-152.2356,58.25],[-152.2456,58.2417],[-152.2061,58.2125],[-152.2203,58.1916],[-152.1845,58.1705],[-152.1431,58.1766],[-152.1394,58.1567],[-152.1144,58.1595],[-152.1124,58.1475],[-152.0522,58.1754],[-152.0596,58.1913],[-152.047,58.202],[-152.0,58.2061],[-151.9723,58.2287],[-151.9916,58.2424],[-151.9646,58.2594],[-151.983,58.2822],[-151.9678,58.2897],[-151.9615,58.3304],[-151.9851,58.3526],[-152.0567,58.2677],[-152.0721,58.2719],[-152.0571,58.3096],[-152.0839,58.3081],[-152.1378,58.2175],[-152.1439,58.2839],[-152.1128,58.3253],[-152.1228,58.3381],[-152.0889,58.3719],[-152.1267,58.3725],[-152.1128,58.385],[-152.1228,58.3961],[-152.1739,58.3725],[-152.1842,58.352],[-152.2056,58.3533],[-152.1989,58.3367],[-152.2328,58.3631],[-152.2389,58.3403],[-152.2655,58.3528],[-152.255,58.3633],[-152.2833,58.385],[-152.2361,58.3741],[-152.2456,58.3903],[-152.2778,58.3944],[-152.2628,58.4106],[-152.306,58.4278],[-152.3121,58.4087],[-152.2878,58.3886],[-152.3578,58.4233],[-152.3422,58.3917],[-152.3678,58.3808],[-152.3554,58.3484],[-152.3933,58.3569],[-152.365,58.3261],[-152.4266,58.3009],[-152.4006,58.3194],[-152.405,58.3472],[-152.4394,58.3747],[-152.4532,58.3722],[-152.4472,58.3508],[-152.4864,58.334],[-152.4953,58.3724],[-152.469,58.4021],[-152.4975,58.3917],[-152.4884,58.4063],[-152.537,58.4099],[-152.4806,58.4611],[-152.5133,58.4672],[-152.5569,58.4516],[-152.5776,58.4688],[-152.6067,58.4467],[-152.6208,58.4511],[-152.6105,58.4751],[-152.6501,58.4766]]],[[[-152.8822,58.3383],[-152.9383,58.3319],[-152.9055,58.3058],[-152.775,58.2819],[-152.8206,58.3278],[-152.8822,58.3383]]],[[[-152.3183,58.4311],[-152.3394,58.4306],[-152.3211,58.4197],[-152.3183,58.4311]]],[[[-152.6061,58.5528],[-152.6676,58.5412],[-152.64,58.5244],[-152.6031,58.5416],[-152.6061,58.5528]]],[[[-152.3335,58.6281],[-152.4003,58.6266],[-152.4572,58.5581],[-152.4472,58.5797],[-152.4867,58.5875],[-152.4391,58.5846],[-152.4244,58.6092],[-152.4469,58.6251],[-152.4661,58.6303],[-152.4572,58.62],[-152.4814,58.6098],[-152.4583,58.5972],[-152.4916,58.6032],[-152.5311,58.5844],[-152.5119,58.575],[-152.5567,58.5594],[-152.5256,58.5967],[-152.55,58.6014],[-152.5652,58.5857],[-152.5469,58.6107],[-152.5717,58.6206],[-152.5875,58.6018],[-152.6176,58.602],[-152.5917,58.5736],[-152.6394,58.5878],[-152.6283,58.5753],[-152.6717,58.5681],[-152.6472,58.5681],[-152.6544,58.5525],[-152.6089,58.5628],[-152.6261,58.5803],[-152.5637,58.5742],[-152.5892,58.5596],[-152.5689,58.5489],[-152.575,58.54],[-152.5951,58.5502],[-152.6567,58.5147],[-152.632,58.5081],[-152.6572,58.5069],[-152.51,58.4703],[-152.415,58.4894],[-152.4094,58.5047],[-152.4404,58.4946],[-152.4028,58.5283],[-152.39,58.5128],[-152.3856,58.5283],[-152.3597,58.53],[-152.3819,58.5463],[-152.3379,58.5883],[-152.3595,58.5861],[-152.3353,58.616],[-152.3562,58.6245],[-152.3335,58.6281]]],[[[-153.5616,58.5961],[-153.5484,58.5988],[-153.5545,58.6114],[-153.5783,58.5971],[-153.5616,58.5961]]],[[[-152.2267,57.7837],[-152.2557,57.7893],[-152.2693,57.7781],[-152.249,57.7791],[-152.3115,57.7537],[-152.2152,57.783],[-152.2267,57.7837]]],[[[-152.3259,57.7915],[-152.3603,57.7811],[-152.3546,57.7598],[-152.3193,57.7708],[-152.3105,57.7811],[-152.3259,57.7915]]],[[[-151.9675,58.9222],[-152.0242,58.9132],[-151.9544,58.916],[-151.9675,58.9222]]],[[[-152.0326,58.9486],[-152.0655,58.9447],[-152.0783,58.9136],[-152.055,58.9092],[-152.0528,58.9242],[-152.0028,58.9408],[-152.0326,58.9486]]],[[[-152.3067,58.9608],[-152.3217,58.9606],[-152.2956,58.9508],[-152.3111,58.9225],[-152.3606,58.9151],[-152.2778,58.9056],[-152.1528,58.9408],[-152.2483,58.9383],[-152.3067,58.9608]]],[[[-151.7933,59.1594],[-151.7983,59.1772],[-151.8178,59.1783],[-151.8859,59.156],[-151.8083,59.1344],[-151.7928,59.1386],[-151.7933,59.1594]]],[[[-151.683,59.1286],[-151.7262,59.115],[-151.6611,59.0954],[-151.6379,59.1113],[-151.683,59.1286]]],[[[-151.5081,59.1459],[-151.5282,59.1473],[-151.5233,59.1303],[-151.4443,59.1046],[-151.4292,59.1159],[-151.4312,59.1345],[-151.5081,59.1459]]],[[[-153.77,59.0762],[-153.7933,59.0792],[-153.7477,59.0723],[-153.77,59.0762]]],[[[-153.4244,59.4095],[-153.522,59.3876],[-153.5135,59.3778],[-153.5528,59.3681],[-153.5424,59.3586],[-153.5521,59.3344],[-153.5153,59.32],[-153.4143,59.3215],[-153.3405,59.3576],[-153.3889,59.4104],[-153.4244,59.4095]]],[[[-153.5389,59.3895],[-153.5786,59.3723],[-153.524,59.3854],[-153.5389,59.3895]]],[[[-148.2522,59.9381],[-148.1643,59.9356],[-148.1023,59.953],[-147.9922,60.0286],[-148.0286,60.0266],[-148.1165,59.9661],[-148.1669,59.9592],[-148.1903,59.9808],[-148.23,59.9768],[-148.195,59.9707],[-148.222,59.9512],[-148.1827,59.9525],[-148.2522,59.9381]]],[[[-147.8276,60.0661],[-147.8703,60.0703],[-147.9339,60.0193],[-147.9828,60.0016],[-147.9614,60.0004],[-148.0112,59.9901],[-148.0639,59.9496],[-148.0308,59.9396],[-147.9179,59.9706],[-147.8193,60.0464],[-147.8276,60.0661]]],[[[-147.9641,60.1255],[-147.9609,60.1453],[-147.9766,60.1536],[-147.9984,60.0984],[-148.0391,60.1099],[-148.038,60.0943],[-148.1182,60.0474],[-148.1151,60.0234],[-148.1396,60.0125],[-148.1239,60.0004],[-148.1608,59.9969],[-148.1305,59.9855],[-148.0484,60.0401],[-148.0661,60.0505],[-148.0495,60.0599],[-148.0021,60.0708],[-147.9812,60.0604],[-147.8859,60.1026],[-147.9125,60.1292],[-147.9536,60.1224],[-147.9646,60.1063],[-147.9641,60.1255]]],[[[-147.0875,60.3667],[-147.1313,60.375],[-147.212,60.3453],[-147.212,60.3255],[-147.1651,60.3161],[-147.212,60.2911],[-147.1854,60.2708],[-147.2161,60.263],[-147.188,60.2484],[-147.2833,60.2125],[-147.3161,60.2182],[-147.3,60.2104],[-147.3151,60.188],[-147.3745,60.1536],[-147.3672,60.138],[-147.3984,60.113],[-147.5557,60.0495],[-147.5734,60.0234],[-147.6578,60.0016],[-147.6061,60.0004],[-147.7068,59.9923],[-147.6682,59.9703],[-147.7007,59.95],[-147.7547,59.9525],[-147.8273,59.9036],[-147.8017,59.888],[-147.7483,59.8967],[-147.7531,59.8786],[-147.8943,59.8615],[-147.9179,59.8335],[-147.8969,59.8053],[-147.9332,59.7805],[-147.8457,59.7707],[-147.7689,59.8042],[-147.6934,59.8011],[-147.6562,59.82],[-147.6671,59.8299],[-147.6391,59.8491],[-147.5728,59.8522],[-147.5516,59.8355],[-147.4533,59.8695],[-147.4563,59.9044],[-147.5126,59.913],[-147.5142,59.9373],[-147.4338,59.9675],[-147.3794,59.9543],[-147.362,59.9649],[-147.3947,59.9773],[-147.3958,60.0004],[-147.4314,60.0004],[-147.3797,60.0016],[-147.362,60.0453],[-147.2078,60.1453],[-146.9588,60.2526],[-146.9172,60.288],[-146.9151,60.3036],[-146.9521,60.3063],[-147.1141,60.2609],[-147.0891,60.2891],[-147.0005,60.3339],[-147.1411,60.3359],[-147.0875,60.3667]]],[[[-148.0474,60.1786],[-148.0479,60.2],[-148.0807,60.187],[-148.0859,60.1359],[-148.1104,60.1188],[-148.113,60.1495],[-148.1292,60.1542],[-148.1568,60.1318],[-148.2891,60.0995],[-148.2891,60.088],[-148.2333,60.0792],[-148.1854,60.0875],[-148.1953,60.0776],[-148.1833,60.0687],[-148.2688,60.0604],[-148.2953,60.0443],[-148.188,60.0359],[-148.3141,60.0276],[-148.2292,60.0125],[-148.1463,60.0359],[-148.1432,60.0557],[-148.0838,60.1047],[-148.1016,60.1161],[-148.0755,60.1297],[-148.0474,60.1786]]],[[[-148.0026,60.1724],[-148.0307,60.1786],[-148.0432,60.1505],[-148.0255,60.1484],[-148.0026,60.1724]]],[[[-149.511,59.7825],[-149.5331,59.7821],[-149.522,59.763],[-149.4989,59.7761],[-149.511,59.7825]]],[[[-149.3929,59.8672],[-149.4257,59.8515],[-149.3708,59.8378],[-149.3633,59.8556],[-149.3929,59.8672]]],[[[-151.9646,60.4104],[-151.9729,60.4208],[-152.0078,60.4057],[-152.0068,60.3693],[-152.0745,60.3599],[-152.0807,60.3401],[-151.9547,60.3672],[-151.9833,60.3937],[-151.9646,60.4104]]],[[[-147.9182,60.2474],[-147.9151,60.2599],[-147.937,60.2599],[-147.9495,60.2255],[-147.9182,60.2474]]],[[[-147.3729,60.2625],[-147.3443,60.2734],[-147.3464,60.2995],[-147.487,60.262],[-147.4797,60.2505],[-147.4974,60.2359],[-147.4812,60.225],[-147.3729,60.2625]]],[[[-145.1807,60.3401],[-145.1714,60.3578],[-145.2771,60.3354],[-145.287,60.3214],[-145.2146,60.3021],[-145.1714,60.3276],[-145.1807,60.3401]]],[[[-179.0874,51.2956],[-179.1111,51.3019],[-179.147,51.2793],[-179.1311,51.2144],[-179.0569,51.2495],[-179.0761,51.259],[-179.0874,51.2956]]],[[[-178.9567,51.3969],[-178.9711,51.4028],[-178.9939,51.3842],[-178.9739,51.3644],[-178.9922,51.3442],[-178.9911,51.3061],[-178.95,51.3325],[-178.9561,51.3478],[-178.9067,51.3394],[-178.9161,51.3567],[-178.9055,51.3614],[-178.9567,51.3969]]],[[[-178.8378,51.5742],[-178.8628,51.5761],[-178.8211,51.5408],[-178.7328,51.5419],[-178.7561,51.5614],[-178.8378,51.5742]]],[[[-179.0445,51.5853],[-179.0603,51.5889],[-179.06,51.5722],[-179.0328,51.5692],[-179.0445,51.5853]]],[[[-178.5683,51.5989],[-178.58,51.6083],[-178.6105,51.5958],[-178.5922,51.5814],[-178.5683,51.5989]]],[[[-178.6472,51.6125],[-178.6878,51.5989],[-178.635,51.5858],[-178.6105,51.6103],[-178.6472,51.6125]]],[[[-176.6228,51.6736],[-176.64,51.6744],[-176.6394,51.6569],[-176.6228,51.6736]]],[[[-176.5995,51.6975],[-176.61,51.6972],[-176.5983,51.6844],[-176.5995,51.6975]]],[[[-176.5171,51.7304],[-176.5467,51.7],[-176.5194,51.705],[-176.5347,51.7144],[-176.5171,51.7304]]],[[[-176.5128,51.7403],[-176.5261,51.7347],[-176.5067,51.7306],[-176.5128,51.7403]]],[[[-178.0833,51.915],[-178.1992,51.908],[-178.2294,51.8708],[-178.095,51.8158],[-178.0589,51.78],[-178.02,51.7917],[-177.9611,51.7742],[-177.9494,51.7511],[-177.9611,51.7203],[-178.0496,51.7023],[-178.1122,51.7089],[-178.1067,51.6911],[-178.1223,51.6758],[-178.0856,51.6606],[-178.04,51.6706],[-178.0365,51.652],[-178.0244,51.658],[-178.0056,51.6397],[-177.965,51.6492],[-177.9361,51.5958],[-177.8933,51.6028],[-177.9278,51.6456],[-177.92,51.6728],[-177.8967,51.6814],[-177.905,51.69],[-177.8672,51.6764],[-177.8289,51.6933],[-177.835,51.7061],[-177.8106,51.7022],[-177.8417,51.7314],[-177.8067,51.7617],[-177.7778,51.7658],[-177.8211,51.7875],[-177.7594,51.8086],[-177.6515,51.8166],[-177.6222,51.8311],[-177.6139,51.8539],[-177.7446,51.8256],[-177.791,51.8453],[-177.8489,51.8247],[-177.8673,51.8296],[-177.8572,51.8441],[-177.8739,51.8556],[-177.8853,51.8422],[-177.9233,51.8544],[-177.9011,51.8792],[-177.9544,51.9025],[-177.9514,51.916],[-178.0833,51.915]]],[[[-178.8014,51.8339],[-178.86,51.8197],[-178.8733,51.7817],[-178.8139,51.746],[-178.7561,51.7525],[-178.7332,51.7807],[-178.7414,51.8018],[-178.8014,51.8339]]],[[[-176.5656,51.9984],[-176.6172,51.9944],[-176.6315,51.9608],[-176.6628,51.9517],[-176.7229,51.9681],[-176.7911,51.9569],[-176.8072,51.9175],[-176.7122,51.8497],[-176.7628,51.8544],[-176.7644,51.8692],[-176.7894,51.8411],[-176.7809,51.8136],[-176.705,51.7881],[-176.8078,51.7792],[-176.8089,51.7942],[-176.8433,51.795],[-176.8661,51.8267],[-176.8755,51.81],[-176.915,51.8061],[-176.9078,51.7956],[-176.9222,51.7875],[-176.8828,51.7619],[-176.8228,51.7719],[-176.8678,51.7572],[-176.8433,51.7503],[-176.8528,51.7389],[-176.8306,51.7394],[-176.8861,51.7439],[-176.8628,51.7331],[-176.8667,51.7217],[-176.8994,51.6967],[-176.9311,51.7028],[-176.9528,51.6775],[-176.9728,51.6769],[-176.9883,51.655],[-176.9744,51.6364],[-176.9961,51.6294],[-176.9889,51.6064],[-176.9344,51.5914],[-176.8339,51.7222],[-176.8194,51.7219],[-176.8222,51.6939],[-176.8389,51.6814],[-176.8156,51.6592],[-176.8272,51.6539],[-176.8052,51.6456],[-176.8356,51.6394],[-176.8061,51.6086],[-176.7565,51.6396],[-176.7233,51.6247],[-176.7267,51.6789],[-176.6939,51.6886],[-176.6711,51.6742],[-176.6644,51.7089],[-176.6428,51.6858],[-176.6089,51.6936],[-176.6217,51.7064],[-176.6021,51.7135],[-176.5806,51.6875],[-176.5083,51.7617],[-176.475,51.7456],[-176.4772,51.7275],[-176.425,51.7406],[-176.4194,51.7606],[-176.4422,51.7708],[-176.4267,51.7797],[-176.4422,51.7875],[-176.4156,51.7867],[-176.435,51.8003],[-176.4333,51.845],[-176.4511,51.8289],[-176.4633,51.8517],[-176.5033,51.8506],[-176.519,51.8354],[-176.5078,51.8133],[-176.5494,51.8448],[-176.6294,51.8308],[-176.5883,51.8586],[-176.6544,51.8539],[-176.6255,51.8669],[-176.6206,51.9008],[-176.5726,51.9143],[-176.5922,51.9369],[-176.5806,51.9517],[-176.56,51.9331],[-176.5711,51.9144],[-176.5533,51.9083],[-176.5444,51.9281],[-176.5661,51.9494],[-176.5528,51.9708],[-176.5656,51.9984]]],[[[-177.1433,51.9422],[-177.1978,51.9311],[-177.2061,51.8188],[-177.2296,51.8029],[-177.3905,51.7706],[-177.4055,51.7547],[-177.4657,51.7592],[-177.4639,51.7483],[-177.5128,51.7436],[-177.5172,51.7261],[-177.5411,51.7208],[-177.64,51.7411],[-177.7106,51.7019],[-177.69,51.7056],[-177.6939,51.6878],[-177.6706,51.6828],[-177.6737,51.6608],[-177.6489,51.6517],[-177.635,51.6578],[-177.6428,51.6886],[-177.6211,51.6881],[-177.6333,51.6931],[-177.6167,51.7042],[-177.4894,51.6981],[-177.3978,51.7336],[-177.3244,51.7119],[-177.3296,51.6866],[-177.2994,51.6975],[-177.3006,51.6836],[-177.2756,51.6778],[-177.2283,51.7058],[-177.2006,51.7003],[-177.2011,51.7278],[-177.1916,51.7033],[-177.1433,51.7044],[-177.15,51.7206],[-177.1328,51.7172],[-177.1183,51.7375],[-177.1356,51.7553],[-177.1111,51.77],[-177.1367,51.8064],[-177.1328,51.83],[-177.065,51.8611],[-177.0744,51.885],[-177.0467,51.9015],[-177.1433,51.9422]]],[[[-176.2894,51.8696],[-176.4006,51.8683],[-176.4267,51.8536],[-176.4222,51.8367],[-176.3978,51.832],[-176.4184,51.8236],[-176.4072,51.7781],[-176.3939,51.7744],[-176.4017,51.7358],[-176.3605,51.7483],[-176.3506,51.7264],[-176.32,51.7347],[-176.3283,51.7594],[-176.2933,51.7403],[-176.2967,51.7694],[-176.265,51.7806],[-176.2879,51.7927],[-176.2728,51.7917],[-176.2817,51.8044],[-176.2683,51.8211],[-176.3183,51.8106],[-176.3105,51.8294],[-176.3544,51.8269],[-176.2889,51.8381],[-176.2894,51.8696]]],[[[-176.8209,51.8061],[-176.8404,51.807],[-176.8058,51.7992],[-176.8209,51.8061]]],[[[-176.1722,51.8817],[-176.215,51.8806],[-176.2056,51.8397],[-176.2383,51.8283],[-176.2161,51.81],[-176.1756,51.8083],[-176.1844,51.7903],[-176.1596,51.7698],[-176.1461,51.7761],[-176.1667,51.7983],[-176.1483,51.8292],[-176.1417,51.8017],[-176.0982,51.7917],[-176.09,51.8033],[-176.1212,51.8286],[-176.0546,51.816],[-176.0371,51.829],[-176.0204,51.8155],[-176.03,51.8061],[-175.9978,51.8033],[-176.0167,51.8111],[-176.03,51.8444],[-176.0694,51.8542],[-176.1417,51.8369],[-176.1343,51.8563],[-176.1722,51.8817]]],[[[-175.9878,51.9094],[-176.1194,51.8872],[-175.9633,51.8461],[-175.9544,51.8939],[-175.9861,51.8814],[-176.0217,51.8889],[-175.9878,51.9094]]],[[[-177.4276,51.9203],[-177.4535,51.9268],[-177.4691,51.9002],[-177.4539,51.8878],[-177.4183,51.901],[-177.4276,51.9203]]],[[[-175.7928,51.9564],[-175.8783,51.9431],[-175.8172,51.9192],[-175.7612,51.9173],[-175.7839,51.9278],[-175.7928,51.9564]]],[[[-176.0289,51.9358],[-176.0367,51.9544],[-176.0578,51.9308],[-176.0289,51.9358]]],[[[-176.1556,51.9549],[-176.1717,51.9486],[-176.1433,51.9453],[-176.1556,51.9549]]],[[[-175.7106,51.9725],[-175.7456,51.9686],[-175.7398,51.9388],[-175.7233,51.9317],[-175.7106,51.9519],[-175.6489,51.9633],[-175.7106,51.9725]]],[[[-176.0009,51.9625],[-176.0211,51.9594],[-176.0044,51.9444],[-175.9916,51.9556],[-176.0009,51.9625]]],[[[-176.0883,51.9543],[-176.1389,51.9586],[-176.1252,51.9469],[-176.0883,51.9543]]],[[[-175.8692,51.994],[-175.8911,51.9964],[-175.8911,51.9819],[-175.905,51.9961],[-175.9639,51.9853],[-175.8833,51.9631],[-175.8794,51.9819],[-175.8061,51.9864],[-175.8692,51.994]]],[[[-174.4778,52.0289],[-174.495,52.0322],[-174.5022,52.0117],[-174.4761,52.0144],[-174.4778,52.0289]]],[[[-176.1382,52.1136],[-176.1555,52.1159],[-176.2086,52.0754],[-176.2018,52.0387],[-176.1795,52.0177],[-176.1889,51.9986],[-176.1,51.9967],[-176.0867,51.9711],[-176.0472,51.9694],[-176.0211,51.9831],[-176.0617,52.0036],[-176.0454,52.0083],[-176.0501,52.0193],[-175.9724,52.0356],[-176.009,52.0446],[-176.0083,52.0753],[-176.0365,52.0815],[-176.0551,52.1073],[-176.1382,52.1136]]],[[[-173.5144,52.1522],[-173.5711,52.1425],[-173.5788,52.1274],[-173.6006,52.1547],[-173.5928,52.1375],[-173.6372,52.1517],[-173.6856,52.1381],[-173.6783,52.1239],[-173.7017,52.1367],[-173.7161,52.1247],[-173.7706,52.1342],[-173.8044,52.1086],[-173.7994,52.0883],[-173.8372,52.1061],[-173.8289,52.1281],[-173.8661,52.1089],[-173.8639,52.1192],[-173.9011,52.1119],[-173.8772,52.1353],[-173.8889,52.1419],[-173.9839,52.1231],[-174.0556,52.1294],[-174.0128,52.0992],[-173.98,52.105],[-173.9589,52.0758],[-173.9417,52.0881],[-173.9394,52.0536],[-173.8289,52.0408],[-173.7139,52.0542],[-173.6876,52.0719],[-173.6861,52.0503],[-173.5639,52.0567],[-173.5706,52.0356],[-173.4967,52.0203],[-173.4789,52.0264],[-173.4933,52.0347],[-173.4783,52.055],[-173.3956,52.0278],[-173.4055,52.0567],[-173.3878,52.0583],[-173.3789,52.0381],[-173.285,52.0519],[-173.2772,52.0664],[-173.1528,52.0592],[-173.0956,52.0794],[-173.0289,52.075],[-172.9543,52.0937],[-173.0353,52.1016],[-173.0711,52.0889],[-173.1228,52.11],[-173.15,52.0942],[-173.1889,52.1108],[-173.2361,52.0936],[-173.2728,52.1097],[-173.3072,52.1022],[-173.3108,52.0872],[-173.3248,52.0997],[-173.3534,52.0856],[-173.3806,52.1172],[-173.4093,52.1008],[-173.4294,52.1175],[-173.4533,52.1042],[-173.4772,52.1186],[-173.5083,52.1017],[-173.5206,52.1183],[-173.5489,52.1161],[-173.5144,52.1522]]],[[[-175.4928,52.1753],[-175.515,52.1856],[-175.5293,52.1739],[-175.5033,52.1603],[-175.4928,52.1753]]],[[[-174.1405,52.4133],[-174.2785,52.402],[-174.2817,52.3781],[-174.3283,52.3786],[-174.3212,52.3392],[-174.3589,52.3133],[-174.4606,52.3183],[-174.4247,52.2912],[-174.3752,52.2929],[-174.3789,52.2821],[-174.3595,52.2782],[-174.3144,52.2872],[-174.3561,52.3125],[-174.32,52.3372],[-174.2933,52.3367],[-174.3311,52.3092],[-174.3117,52.2922],[-174.2605,52.2963],[-174.3106,52.2844],[-174.2406,52.2756],[-174.23,52.2511],[-174.2783,52.2308],[-174.2833,52.2072],[-174.2978,52.2267],[-174.3178,52.2033],[-174.3322,52.2111],[-174.3372,52.1819],[-174.36,52.2128],[-174.3978,52.2217],[-174.4667,52.2122],[-174.405,52.1819],[-174.4156,52.1683],[-174.4467,52.1647],[-174.4761,52.1858],[-174.5038,52.1699],[-174.5594,52.1814],[-174.5617,52.1544],[-174.5,52.1381],[-174.6028,52.1408],[-174.6,52.1233],[-174.6172,52.1197],[-174.5849,52.1006],[-174.6311,52.1142],[-174.635,52.1008],[-174.7106,52.1033],[-174.7122,52.1167],[-174.7367,52.1214],[-174.7544,52.115],[-174.7372,52.0978],[-174.7683,52.0956],[-174.7728,52.0806],[-174.8706,52.1047],[-174.8928,52.0797],[-174.9067,52.1178],[-174.9306,52.1022],[-174.9172,52.0769],[-174.9733,52.0839],[-174.965,52.0689],[-174.9933,52.0597],[-175.0009,52.0771],[-175.0315,52.0786],[-175.0467,52.0586],[-175.03,52.0264],[-175.0633,52.0503],[-175.1289,52.0281],[-175.1117,52.0472],[-175.1422,52.0596],[-175.199,52.0493],[-175.1894,52.0353],[-175.2361,52.0308],[-175.2589,52.0458],[-175.3011,52.0183],[-175.3414,52.0224],[-175.3222,52.0072],[-175.2768,52.0194],[-175.0943,52.0008],[-175.0878,52.0117],[-175.0159,52.007],[-175.0183,52.0339],[-174.98,52.0172],[-174.9672,52.0375],[-174.904,52.0351],[-174.8898,52.0495],[-174.8247,52.0274],[-174.789,52.0323],[-174.7361,52.0053],[-174.69,52.02],[-174.7148,52.0337],[-174.6906,52.0344],[-174.6978,52.0606],[-174.6483,52.0231],[-174.6017,52.0486],[-174.5817,52.0364],[-174.5922,52.0517],[-174.5567,52.035],[-174.5333,52.0422],[-174.5689,52.0719],[-174.4906,52.0403],[-174.5378,52.0842],[-174.5311,52.0972],[-174.5072,52.0706],[-174.4606,52.0803],[-174.4484,52.0474],[-174.4122,52.0353],[-174.4072,52.0569],[-174.3861,52.0611],[-174.3972,52.0778],[-174.3767,52.0811],[-174.3978,52.0931],[-174.3633,52.1],[-174.4378,52.0967],[-174.4417,52.1083],[-174.3483,52.1083],[-174.3156,52.1264],[-174.3067,52.1181],[-174.3194,52.1128],[-174.2839,52.1136],[-174.2811,52.0967],[-174.2195,52.0922],[-174.2128,52.1197],[-174.1728,52.1069],[-174.1344,52.1275],[-174.1,52.0983],[-174.0783,52.1292],[-174.1875,52.1874],[-174.2006,52.22],[-174.1783,52.2344],[-174.0607,52.2244],[-173.9872,52.3125],[-174.0155,52.3428],[-174.0039,52.3581],[-174.1405,52.4133]]],[[[-175.1268,52.2245],[-175.1421,52.2261],[-175.1367,52.2142],[-175.1268,52.2245]]],[[[-172.4055,52.3836],[-172.4539,52.3908],[-172.58,52.3517],[-172.5722,52.3389],[-172.6212,52.3011],[-172.6339,52.2642],[-172.5311,52.2461],[-172.5144,52.2642],[-172.4444,52.2833],[-172.4106,52.2758],[-172.295,52.3253],[-172.3233,52.3653],[-172.3761,52.3667],[-172.4055,52.3836]]],[[[-171.2417,52.5269],[-171.3113,52.5011],[-171.3058,52.4503],[-171.2362,52.4484],[-171.2099,52.469],[-171.1937,52.4936],[-171.2417,52.5269]]],[[[-171.1208,52.582],[-171.1508,52.585],[-171.1768,52.5602],[-171.1176,52.5576],[-171.1208,52.582]]],[[[-170.6544,52.6981],[-170.7277,52.682],[-170.7511,52.6506],[-170.8211,52.635],[-170.8467,52.5589],[-170.79,52.5432],[-170.7049,52.5986],[-170.6083,52.6012],[-170.5552,52.6527],[-170.5733,52.6819],[-170.6544,52.6981]]],[[[-170.1178,52.7898],[-170.1721,52.7845],[-170.1878,52.7219],[-170.085,52.7181],[-170.0587,52.7333],[-170.0525,52.7726],[-170.1178,52.7898]]],[[[-169.7548,52.8925],[-169.8589,52.8831],[-169.8711,52.875],[-169.8622,52.8567],[-169.8839,52.8497],[-169.9845,52.8586],[-170.0133,52.8311],[-169.9595,52.7871],[-169.9061,52.7942],[-169.859,52.8286],[-169.8039,52.8056],[-169.7753,52.8099],[-169.7389,52.7756],[-169.7061,52.7742],[-169.7115,52.8028],[-169.6716,52.8163],[-169.69,52.8322],[-169.6677,52.8645],[-169.7548,52.8925]]],[[[-170.0411,52.9228],[-170.0857,52.9241],[-170.1255,52.8972],[-170.0517,52.8564],[-169.9988,52.8756],[-169.9928,52.9131],[-170.0411,52.9228]]],[[[-168.4533,52.9836],[-168.4867,52.9803],[-168.4439,52.9789],[-168.4533,52.9836]]],[[[-169.6767,53.0314],[-169.7465,53.0243],[-169.7478,52.9936],[-169.7646,52.9781],[-169.7461,52.9517],[-169.6967,52.9572],[-169.6844,52.9903],[-169.6611,52.9978],[-169.6767,53.0314]]],[[[-168.9039,53.0],[-168.9,53.0131],[-168.9222,52.995],[-168.9039,53.0]]],[[[-169.7528,53.0772],[-169.7765,53.0821],[-169.8011,53.0558],[-169.7472,53.0458],[-169.7394,53.0639],[-169.7528,53.0772]]],[[[-167.9944,53.5642],[-168.1583,53.5481],[-168.3456,53.4789],[-168.4078,53.4219],[-168.3844,53.3806],[-168.4111,53.3402],[-168.4372,53.3308],[-168.37,53.3161],[-168.3661,53.2919],[-168.3405,53.2942],[-168.3445,53.2614],[-168.4322,53.2539],[-168.4828,53.2753],[-168.5356,53.2497],[-168.6144,53.2736],[-168.6411,53.24],[-168.6944,53.2272],[-168.71,53.2053],[-168.7649,53.1831],[-168.7762,53.1605],[-168.7989,53.1586],[-168.8072,53.1081],[-168.7617,53.0803],[-168.7856,53.0458],[-168.8078,53.0422],[-168.8028,53.0228],[-168.8628,53.0178],[-168.8745,53.0036],[-168.8605,52.9833],[-168.8711,52.9603],[-168.8511,52.9531],[-168.8617,52.9397],[-168.9594,52.9378],[-168.9733,52.9144],[-168.9517,52.8989],[-168.9672,52.8792],[-169.0689,52.8667],[-169.0511,52.855],[-169.0672,52.836],[-169.1172,52.8225],[-169.0522,52.8303],[-169.0244,52.8622],[-168.9911,52.8558],[-168.8167,52.9244],[-168.7872,52.9042],[-168.7561,52.9067],[-168.7861,52.9486],[-168.7254,52.9436],[-168.7056,52.9656],[-168.6839,52.9486],[-168.6856,52.9683],[-168.6494,52.9736],[-168.5889,53.0272],[-168.5244,53.0275],[-168.515,53.0492],[-168.4972,53.0464],[-168.4978,53.0325],[-168.4167,53.1097],[-168.3617,53.1325],[-168.3778,53.1653],[-168.3422,53.1528],[-168.3428,53.1844],[-168.3078,53.1956],[-168.3339,53.2042],[-168.296,53.2305],[-168.2483,53.2539],[-168.1143,53.2741],[-168.1067,53.2903],[-168.0022,53.3172],[-167.8413,53.3861],[-167.8591,53.4389],[-167.7893,53.4883],[-167.7912,53.5211],[-167.937,53.5263],[-167.9944,53.5642]]],[[[-166.1095,53.8478],[-166.2167,53.8294],[-166.2072,53.8097],[-166.2306,53.7769],[-166.2472,53.8136],[-166.2778,53.7808],[-166.3011,53.7986],[-166.3,53.7503],[-166.2489,53.7144],[-166.2078,53.7072],[-166.2211,53.7314],[-166.1833,53.7281],[-166.1594,53.7467],[-166.1944,53.7717],[-166.1144,53.7747],[-166.1322,53.7875],[-166.1117,53.7933],[-166.1422,53.8092],[-166.0856,53.8403],[-166.1095,53.8478]]],[[[-166.1489,53.9972],[-166.1972,53.9895],[-166.1961,53.9606],[-166.1165,53.9539],[-166.073,53.9698],[-166.1489,53.9972]]],[[[-166.3572,53.9936],[-166.3776,54.0074],[-166.4172,53.9603],[-166.3772,53.9619],[-166.3572,53.9936]]],[[[-165.3462,54.09],[-165.4824,54.0739],[-165.3364,54.0697],[-165.2897,54.0385],[-165.2833,54.0625],[-165.2351,54.0626],[-165.2644,54.0917],[-165.3462,54.09]]],[[[-164.98,54.1329],[-165.0078,54.1339],[-164.9717,54.1183],[-165.0235,54.1234],[-165.0277,54.1083],[-165.0511,54.1244],[-165.0839,54.1295],[-165.0983,54.1155],[-165.144,54.1311],[-165.1577,54.1105],[-165.1975,54.1171],[-165.2244,54.1008],[-165.1522,54.0731],[-165.1314,54.0863],[-165.0409,54.0637],[-164.9557,54.0727],[-164.9217,54.1079],[-164.9228,54.1297],[-164.98,54.1329]]],[[[-165.5139,54.0622],[-165.5742,54.0409],[-165.5513,54.0245],[-165.4828,54.0431],[-165.5139,54.0622]]],[[[-165.9283,54.2125],[-165.9367,54.2264],[-165.9822,54.2206],[-166.0239,54.1914],[-166.0672,54.1845],[-166.0861,54.1739],[-166.0783,54.1539],[-166.1171,54.1226],[-166.0522,54.0758],[-166.0622,54.0617],[-166.05,54.0447],[-165.9739,54.0711],[-165.9017,54.06],[-165.9005,54.0385],[-165.8805,54.0333],[-165.8433,54.0825],[-165.7669,54.0645],[-165.6756,54.0939],[-165.6567,54.12],[-165.6723,54.1309],[-165.7383,54.1125],[-165.8194,54.1264],[-165.7272,54.1444],[-165.8028,54.1675],[-165.7978,54.1826],[-165.8311,54.16],[-165.8644,54.1658],[-165.88,54.1825],[-165.8678,54.2115],[-165.9283,54.2125]]],[[[-164.9078,54.1459],[-164.9228,54.1456],[-164.903,54.137],[-164.9078,54.1459]]],[[[-162.8306,54.4283],[-162.8622,54.4242],[-162.7572,54.3717],[-162.7717,54.3931],[-162.7911,54.3858],[-162.7789,54.3919],[-162.7959,54.409],[-162.8433,54.4244],[-162.8306,54.4283]]],[[[-162.4818,54.3744],[-162.52,54.3742],[-162.4494,54.3619],[-162.4818,54.3744]]],[[[-162.4601,54.4172],[-162.4833,54.4083],[-162.4328,54.3714],[-162.3978,54.3778],[-162.3883,54.3664],[-162.3511,54.3867],[-162.4006,54.3836],[-162.4111,54.3978],[-162.3999,54.4091],[-162.4601,54.4172]]],[[[-162.3644,54.6467],[-162.3811,54.6353],[-162.3767,54.6211],[-162.3605,54.6275],[-162.3644,54.6467]]],[[[-162.7939,54.4916],[-162.8283,54.4769],[-162.8117,54.4642],[-162.8311,54.46],[-162.8383,54.4389],[-162.8261,54.4506],[-162.7805,54.4128],[-162.6978,54.3878],[-162.6739,54.3953],[-162.6105,54.3672],[-162.6533,54.3887],[-162.6013,54.3825],[-162.6183,54.3911],[-162.6078,54.3983],[-162.5468,54.3765],[-162.5328,54.3842],[-162.5622,54.4045],[-162.5445,54.4164],[-162.605,54.4417],[-162.585,54.4501],[-162.6394,54.4461],[-162.6428,54.4589],[-162.6678,54.4458],[-162.6689,54.4614],[-162.6961,54.4525],[-162.7,54.4673],[-162.7939,54.4916]]],[[[-162.2871,54.9803],[-162.3239,54.9836],[-162.3706,54.9656],[-162.3866,54.9406],[-162.4367,54.9286],[-162.4166,54.8925],[-162.4278,54.8831],[-162.3194,54.8278],[-162.2733,54.8433],[-162.2672,54.8658],[-162.2328,54.885],[-162.2317,54.9406],[-162.2483,54.9722],[-162.2871,54.9803]]],[[[-160.0422,54.9469],[-160.0583,54.9514],[-160.0471,54.9331],[-160.0422,54.9469]]],[[[-161.8989,55.0236],[-161.9161,55.0158],[-161.8728,54.9833],[-161.8608,54.9979],[-161.8989,55.0236]]],[[[-161.9589,55.0764],[-161.9661,55.0631],[-161.9333,55.0381],[-161.9589,55.0764]]],[[[-159.8244,55.0342],[-159.8427,55.0569],[-159.8622,55.0436],[-159.8317,55.0108],[-159.8111,55.015],[-159.8244,55.0342]]],[[[-159.7817,55.0867],[-159.8089,55.0917],[-159.83,55.0672],[-159.7523,55.0659],[-159.7817,55.0867]]],[[[-159.8689,55.2844],[-159.8905,55.2889],[-159.9106,55.2556],[-159.945,55.2506],[-159.9094,55.2242],[-159.9322,55.2211],[-159.9291,55.2062],[-159.9677,55.2133],[-159.9539,55.1594],[-160.0259,55.2033],[-160.065,55.2014],[-160.0389,55.1669],[-159.9928,55.1545],[-160.0216,55.1445],[-159.9979,55.133],[-160.0161,55.1214],[-159.9688,55.1211],[-160.0128,55.1006],[-160.0273,55.1169],[-160.0563,55.1123],[-160.0567,55.1335],[-160.1095,55.1611],[-160.13,55.1461],[-160.1245,55.1333],[-160.0577,55.0873],[-160.1594,55.1209],[-160.2005,55.1095],[-160.0983,55.0687],[-160.1678,55.0733],[-160.176,55.0508],[-160.0957,55.0519],[-160.0819,55.0375],[-160.1171,55.0299],[-160.1061,55.0219],[-160.1897,54.9649],[-160.1739,54.9469],[-160.1906,54.9322],[-160.2567,54.9336],[-160.2461,54.9278],[-160.2533,54.8938],[-160.2356,54.8894],[-160.2264,54.8637],[-160.1911,54.8778],[-160.2055,54.89],[-160.18,54.9033],[-160.1856,54.9342],[-160.1247,54.9458],[-160.1159,54.9829],[-159.99,55.0461],[-160.0128,55.0624],[-160.0068,55.0755],[-159.9316,55.0663],[-159.9422,55.0867],[-159.9759,55.0992],[-159.9483,55.1008],[-159.9472,55.1261],[-159.8696,55.0944],[-159.8472,55.1097],[-159.8661,55.1372],[-159.8289,55.1272],[-159.8116,55.1797],[-159.8617,55.175],[-159.8783,55.1283],[-159.884,55.1451],[-159.9123,55.1468],[-159.8783,55.2069],[-159.9072,55.2253],[-159.8633,55.2264],[-159.8417,55.2445],[-159.8689,55.2844]]],[[[-161.5927,55.1078],[-161.6116,55.1167],[-161.593,55.0914],[-161.6128,55.0706],[-161.5816,55.0567],[-161.5444,55.0653],[-161.5522,55.0878],[-161.5927,55.1078]]],[[[-161.8919,55.1079],[-161.9261,55.11],[-161.8861,55.0853],[-161.8655,55.0895],[-161.8622,55.1019],[-161.8919,55.1079]]],[[[-161.81,55.175],[-161.8956,55.1656],[-161.9044,55.1408],[-161.8905,55.1256],[-161.8239,55.1139],[-161.8172,55.0986],[-161.79,55.1461],[-161.8133,55.1567],[-161.7828,55.1617],[-161.755,55.13],[-161.8006,55.0817],[-161.7395,55.0519],[-161.7072,55.0809],[-161.6829,55.0694],[-161.6761,55.0933],[-161.6339,55.1053],[-161.6416,55.1275],[-161.7283,55.1397],[-161.7372,55.1495],[-161.7221,55.1572],[-161.81,55.175]]],[[[-161.3386,55.2198],[-161.4133,55.2214],[-161.4439,55.1978],[-161.3394,55.1587],[-161.329,55.1895],[-161.3489,55.2097],[-161.3266,55.2173],[-161.3386,55.2198]]],[[[-161.5349,55.2567],[-161.6617,55.2456],[-161.6967,55.2056],[-161.6294,55.1914],[-161.5894,55.2114],[-161.5628,55.2033],[-161.5244,55.2503],[-161.5349,55.2567]]],[[[-162.9647,55.2669],[-162.9531,55.2792],[-162.9834,55.255],[-162.9647,55.2669]]],[[[-159.5744,54.8245],[-159.5898,54.8324],[-159.6067,54.8133],[-159.5828,54.7736],[-159.5972,54.7586],[-159.52,54.7581],[-159.5106,54.7891],[-159.5744,54.8245]]],[[[-159.7064,54.8371],[-159.7454,54.8413],[-159.8256,54.8139],[-159.7743,54.7922],[-159.7488,54.8175],[-159.703,54.8154],[-159.7166,54.8242],[-159.6939,54.8337],[-159.7064,54.8371]]],[[[-159.2726,54.9457],[-159.3278,54.9278],[-159.2655,54.9228],[-159.3138,54.9175],[-159.3006,54.9114],[-159.3261,54.8856],[-159.305,54.8639],[-159.2494,54.8709],[-159.2,54.9097],[-159.2083,54.9281],[-159.2639,54.9244],[-159.2726,54.9457]]],[[[-159.4433,55.0614],[-159.4594,55.0639],[-159.4339,55.05],[-159.4567,55.0453],[-159.48,55.0115],[-159.4067,55.0344],[-159.4233,55.0253],[-159.4239,55.0036],[-159.3992,54.9944],[-159.3994,54.9778],[-159.4459,54.988],[-159.455,54.9703],[-159.4383,54.9561],[-159.4578,54.9414],[-159.3289,54.9769],[-159.3612,55.015],[-159.3978,55.0256],[-159.385,55.0459],[-159.3461,55.0339],[-159.3439,55.0577],[-159.4433,55.0614]]],[[[-159.3082,55.0619],[-159.3356,55.0611],[-159.2924,55.0517],[-159.3082,55.0619]]],[[[-159.7098,55.1235],[-159.7305,55.1253],[-159.7522,55.0961],[-159.7116,55.0947],[-159.7217,55.1028],[-159.7098,55.1235]]],[[[-159.5125,55.2395],[-159.5239,55.2531],[-159.5329,55.2159],[-159.5522,55.2058],[-159.5739,55.2195],[-159.5889,55.2117],[-159.5633,55.1656],[-159.6078,55.1722],[-159.5378,55.1487],[-159.5928,55.1378],[-159.5556,55.1023],[-159.6528,55.1328],[-159.6589,55.1233],[-159.6316,55.1039],[-159.5956,55.0925],[-159.6444,55.0828],[-159.6494,55.0428],[-159.6356,55.0373],[-159.63,55.0605],[-159.6123,55.0659],[-159.6267,55.0522],[-159.5706,55.0453],[-159.5789,55.0803],[-159.5678,55.0861],[-159.5167,55.0422],[-159.4836,55.0565],[-159.5239,55.0661],[-159.5166,55.0744],[-159.5328,55.0842],[-159.5203,55.1107],[-159.5426,55.1277],[-159.5122,55.1225],[-159.4958,55.1371],[-159.5261,55.1461],[-159.4926,55.1577],[-159.5008,55.1732],[-159.53,55.1647],[-159.5289,55.1891],[-159.5433,55.1919],[-159.5072,55.2178],[-159.5125,55.2395]]],[[[-159.6561,55.1855],[-159.6722,55.1831],[-159.6467,55.1692],[-159.6561,55.1855]]],[[[-160.6967,55.4005],[-160.7299,55.4079],[-160.8022,55.3809],[-160.8505,55.3228],[-160.8352,55.3118],[-160.8668,55.3208],[-160.8378,55.3006],[-160.8611,55.2747],[-160.8355,55.2508],[-160.8555,55.2059],[-160.8083,55.1669],[-160.8256,55.1178],[-160.7952,55.1327],[-160.7677,55.1872],[-160.7236,55.1992],[-160.6892,55.1963],[-160.6711,55.1672],[-160.629,55.1642],[-160.6144,55.1475],[-160.543,55.1592],[-160.5403,55.1297],[-160.5242,55.1293],[-160.496,55.1662],[-160.55,55.1856],[-160.4917,55.1758],[-160.4555,55.1903],[-160.4955,55.1997],[-160.4957,55.2233],[-160.5714,55.2347],[-160.5265,55.2453],[-160.5699,55.2755],[-160.5799,55.3047],[-160.564,55.3337],[-160.5281,55.343],[-160.5206,55.3772],[-160.5739,55.3889],[-160.6178,55.3514],[-160.5982,55.3212],[-160.6211,55.3309],[-160.6741,55.3026],[-160.7003,55.3214],[-160.6643,55.3396],[-160.669,55.3226],[-160.6456,55.3821],[-160.6967,55.4005]]],[[[-160.3632,55.3603],[-160.4233,55.3381],[-160.4922,55.3583],[-160.4983,55.3322],[-160.5294,55.3189],[-160.4739,55.2889],[-160.3911,55.2869],[-160.3811,55.2586],[-160.3339,55.2432],[-160.308,55.3041],[-160.317,55.3372],[-160.3531,55.3328],[-160.3281,55.3557],[-160.3632,55.3603]]],[[[-160.0456,55.3299],[-160.0613,55.3463],[-160.1183,55.3314],[-160.1049,55.3111],[-160.0343,55.3051],[-160.0253,55.3236],[-160.0456,55.3299]]],[[[-159.3398,55.7737],[-159.3722,55.772],[-159.4038,55.7148],[-159.3283,55.7637],[-159.3398,55.7737]]],[[[-160.239,55.4582],[-160.3227,55.4458],[-160.3488,55.4203],[-160.3164,55.3914],[-160.2493,55.4142],[-160.1463,55.3793],[-160.157,55.4204],[-160.1358,55.4495],[-160.2038,55.4389],[-160.2252,55.447],[-160.213,55.4554],[-160.239,55.4582]]],[[[-160.0647,55.5095],[-160.0493,55.5031],[-160.0404,55.5162],[-160.0647,55.5095]]],[[[-160.3761,55.5503],[-160.4083,55.5469],[-160.3777,55.5344],[-160.3589,55.5444],[-160.3761,55.5503]]],[[[-159.3128,55.8117],[-159.3506,55.8089],[-159.3694,55.7914],[-159.3344,55.7877],[-159.3078,55.7455],[-159.2727,55.7745],[-159.2944,55.78],[-159.2915,55.798],[-159.3128,55.8117]]],[[[-159.3493,55.8291],[-159.3739,55.8317],[-159.3539,55.8192],[-159.3493,55.8291]]],[[[-158.7982,55.8911],[-158.8733,55.8783],[-158.9008,55.8225],[-158.8866,55.8071],[-158.8389,55.8092],[-158.8772,55.8225],[-158.8158,55.868],[-158.7938,55.8607],[-158.7987,55.8443],[-158.6994,55.8335],[-158.7475,55.8522],[-158.7495,55.8764],[-158.7982,55.8911]]],[[[-159.1316,55.8706],[-159.1494,55.8775],[-159.19,55.8403],[-159.1161,55.8242],[-159.0835,55.8347],[-159.1128,55.8461],[-159.0934,55.8588],[-159.1316,55.8706]]],[[[-156.6893,56.0569],[-156.6989,56.0697],[-156.7144,56.0589],[-156.6977,56.0462],[-156.7534,56.0364],[-156.7005,56.0068],[-156.6757,56.0093],[-156.6893,56.0569]]],[[[-156.6503,56.0771],[-156.6679,56.0816],[-156.6417,56.0683],[-156.6503,56.0771]]],[[[-158.0889,56.1492],[-158.1593,56.143],[-158.1156,56.1332],[-158.0889,56.1492]]],[[[-155.5606,55.8978],[-155.5856,55.9142],[-155.6206,55.9097],[-155.6667,55.8542],[-155.755,55.8222],[-155.7256,55.8069],[-155.7278,55.7747],[-155.5867,55.7625],[-155.5639,55.7897],[-155.5867,55.8458],[-155.5606,55.8978]]],[[[-154.4828,56.6011],[-154.55,56.5897],[-154.6917,56.525],[-154.7672,56.4644],[-154.7939,56.4225],[-154.7633,56.4028],[-154.7317,56.4039],[-154.6189,56.4764],[-154.4661,56.5167],[-154.4683,56.5278],[-154.4767,56.5161],[-154.5111,56.5228],[-154.5005,56.5228],[-154.5089,56.5461],[-154.5294,56.5389],[-154.5333,56.5515],[-154.5289,56.5928],[-154.4519,56.5939],[-154.4828,56.6011]]],[[[-153.87,56.5583],[-154.0317,56.5553],[-154.0433,56.5292],[-154.0646,56.5486],[-154.1367,56.5056],[-153.9513,56.5049],[-153.8843,56.5325],[-153.87,56.5583]]],[[[-154.085,56.6147],[-154.2433,56.6128],[-154.3317,56.5733],[-154.3644,56.5428],[-154.3625,56.5277],[-154.3433,56.5092],[-154.2311,56.4925],[-154.1443,56.5087],[-154.1706,56.5169],[-154.1533,56.5117],[-154.12,56.5419],[-154.1044,56.5422],[-154.1128,56.5286],[-154.0711,56.5469],[-154.1,56.5581],[-154.0844,56.5828],[-154.0406,56.5564],[-154.085,56.6147]]],[[[-156.7752,56.2242],[-156.765,56.2271],[-156.7971,56.224],[-156.8087,56.1726],[-156.8036,56.1539],[-156.7743,56.1468],[-156.7627,56.1786],[-156.7917,56.1964],[-156.7752,56.2242]]],[[[-157.7244,56.2811],[-157.7471,56.2767],[-157.7243,56.2698],[-157.7244,56.2811]]],[[[-158.5768,56.2873],[-158.6022,56.2886],[-158.6068,56.2731],[-158.5768,56.2873]]],[[[-157.8306,56.3706],[-157.9072,56.3442],[-157.8233,56.3069],[-157.7944,56.3261],[-157.8211,56.3459],[-157.8044,56.3567],[-157.8306,56.3706]]],[[[-157.7177,56.5053],[-157.7322,56.5105],[-157.7361,56.4803],[-157.7055,56.4961],[-157.7177,56.5053]]],[[[-157.2422,56.5823],[-157.3333,56.5414],[-157.3294,56.5272],[-157.1516,56.5273],[-157.1155,56.5525],[-156.9722,56.5367],[-157.0883,56.5837],[-157.2422,56.5823]]],[[[-154.4311,56.5908],[-154.4472,56.5933],[-154.4456,56.5736],[-154.4222,56.5586],[-154.4619,56.5427],[-154.3928,56.5533],[-154.42,56.5833],[-154.3983,56.5769],[-154.4044,56.5853],[-154.4311,56.5908]]],[[[-154.0467,56.7281],[-154.1372,56.7039],[-154.0183,56.6861],[-154.0183,56.7167],[-154.0467,56.7281]]],[[[-153.9311,56.7256],[-153.9489,56.7219],[-153.9206,56.7273],[-153.9311,56.7256]]],[[[-153.8944,56.7228],[-153.8732,56.7391],[-153.9079,56.7281],[-153.8944,56.7228]]],[[[-153.8414,56.7456],[-153.8306,56.7494],[-153.8706,56.7422],[-153.8414,56.7456]]],[[[-156.8635,56.7953],[-156.8794,56.7931],[-156.8377,56.7831],[-156.8635,56.7953]]],[[[-154.1528,56.9281],[-154.2039,56.9219],[-154.1944,56.9106],[-154.1528,56.9281]]],[[[-153.5455,56.909],[-153.6189,56.8986],[-153.5898,56.8868],[-153.5455,56.909]]],[[[-154.1172,56.9636],[-154.1478,56.9633],[-154.1494,56.9419],[-154.1172,56.9636]]],[[[-156.4787,57.0117],[-156.491,57.011],[-156.4639,57.0],[-156.4787,57.0117]]],[[[-156.4907,57.0364],[-156.517,57.0288],[-156.4792,57.0276],[-156.4907,57.0364]]],[[[-156.28,57.3675],[-156.3091,57.3647],[-156.288,57.3535],[-156.28,57.3675]]],[[[-153.2133,57.2039],[-153.2179,57.2141],[-153.2776,57.2058],[-153.2892,57.1898],[-153.2727,57.1892],[-153.3851,57.114],[-153.3334,57.1089],[-153.401,57.0811],[-153.3926,57.061],[-153.2773,57.1057],[-153.3206,57.0894],[-153.3626,57.0473],[-153.3004,57.0396],[-153.3212,57.0433],[-153.3478,57.0078],[-153.3053,56.9911],[-153.2355,57.0043],[-153.1957,57.0401],[-153.2196,57.0619],[-153.2152,57.0787],[-153.1764,57.0967],[-153.0915,57.0968],[-153.091,57.1084],[-153.0156,57.1213],[-153.0356,57.1272],[-153.0277,57.1385],[-152.9961,57.119],[-152.9122,57.1262],[-152.8686,57.1508],[-152.8754,57.1668],[-152.9155,57.1651],[-152.9707,57.1898],[-153.0635,57.1697],[-153.0913,57.111],[-153.1011,57.1273],[-153.0625,57.1904],[-153.2132,57.1358],[-153.1611,57.1859],[-153.1829,57.1999],[-153.2262,57.1838],[-153.2133,57.2039]]],[[[-153.2523,57.997],[-153.3061,57.9879],[-153.2671,57.9538],[-153.1663,57.9153],[-153.0406,57.8183],[-153.2349,57.8944],[-153.1796,57.7972],[-153.2032,57.7342],[-153.1795,57.708],[-153.1905,57.703],[-153.2241,57.734],[-153.2075,57.7916],[-153.3381,57.8037],[-153.4768,57.8417],[-153.4859,57.8313],[-153.4604,57.7899],[-153.3313,57.7493],[-153.3099,57.7187],[-153.3224,57.7023],[-153.3528,57.7027],[-153.4201,57.7675],[-153.4889,57.7744],[-153.5059,57.7352],[-153.4998,57.7441],[-153.43,57.695],[-153.5189,57.7176],[-153.4883,57.6171],[-153.5472,57.7056],[-153.5561,57.7382],[-153.5402,57.7668],[-153.5718,57.8323],[-153.6725,57.8614],[-153.6332,57.859],[-153.6199,57.8836],[-153.7087,57.8832],[-153.7268,57.9002],[-153.7888,57.8677],[-153.847,57.8717],[-153.8538,57.8468],[-153.9353,57.8032],[-153.9367,57.7317],[-153.9056,57.7013],[-153.8011,57.6964],[-153.6329,57.6565],[-153.5583,57.5962],[-153.6078,57.6008],[-153.6117,57.5903],[-153.6446,57.6336],[-153.7416,57.6497],[-153.8682,57.6502],[-153.8798,57.633],[-153.7828,57.5663],[-153.6741,57.5338],[-153.7427,57.5352],[-153.8166,57.5572],[-153.8329,57.5687],[-153.8248,57.5768],[-153.8473,57.5745],[-153.803,57.514],[-153.8232,57.5164],[-153.8122,57.4136],[-153.7483,57.325],[-153.633,57.2903],[-153.6255,57.2742],[-153.779,57.3205],[-153.8326,57.3861],[-153.8943,57.4205],[-153.9267,57.5334],[-153.9958,57.5423],[-154.0039,57.5308],[-154.1039,57.5258],[-153.9755,57.5517],[-153.9845,57.5464],[-153.9713,57.5655],[-153.9801,57.621],[-154.0106,57.6472],[-154.1994,57.6644],[-154.2328,57.6633],[-154.2622,57.6419],[-154.3511,57.6394],[-154.3439,57.6253],[-154.455,57.5719],[-154.3961,57.56],[-154.5178,57.5766],[-154.53,57.5403],[-154.51,57.5489],[-154.5228,57.5367],[-154.4906,57.5261],[-154.5078,57.5222],[-154.5122,57.4997],[-154.5194,57.5219],[-154.5522,57.5322],[-154.5311,57.5397],[-154.63,57.5078],[-154.6617,57.4611],[-154.65,57.4725],[-154.6348,57.4557],[-154.6558,57.4607],[-154.7206,57.4233],[-154.6972,57.4183],[-154.6917,57.3933],[-154.7411,57.3547],[-154.706,57.3785],[-154.7195,57.3608],[-154.6939,57.3453],[-154.7672,57.3694],[-154.7883,57.3622],[-154.7994,57.3458],[-154.7414,57.3182],[-154.7583,57.3064],[-154.7489,57.2931],[-154.7936,57.2859],[-154.7347,57.2715],[-154.6894,57.2853],[-154.6728,57.2772],[-154.6822,57.2663],[-154.6211,57.2704],[-154.5811,57.2481],[-154.5256,57.1664],[-154.515,57.0331],[-154.5283,56.9922],[-154.3967,56.9633],[-154.3622,56.9397],[-154.3311,56.9614],[-154.2744,56.9553],[-154.2922,56.94],[-154.3556,56.9492],[-154.3589,56.9361],[-154.305,56.9053],[-154.3111,56.8419],[-154.2256,56.8758],[-154.2444,56.8886],[-154.2983,56.8517],[-154.3051,56.9127],[-154.2867,56.9075],[-154.29,56.8669],[-154.2533,56.8811],[-154.2561,56.9047],[-154.2239,56.8947],[-154.2106,56.9058],[-154.2567,56.9392],[-154.1811,56.9428],[-154.2061,56.9303],[-154.1944,56.9292],[-154.1533,56.9489],[-154.1472,56.9786],[-154.1806,56.9928],[-154.1511,57.0019],[-154.1498,57.0322],[-154.1172,57.0272],[-154.0961,57.1214],[-154.2939,57.1136],[-154.3144,57.0847],[-154.3789,57.0497],[-154.4656,57.0686],[-154.4839,57.0964],[-154.4744,57.1242],[-154.3978,57.1217],[-154.36,57.1469],[-154.2572,57.1438],[-154.2289,57.1614],[-154.0767,57.122],[-153.9512,57.1217],[-154.055,57.0908],[-154.1122,57.0539],[-154.0972,57.0336],[-154.1417,56.9972],[-154.0856,56.9639],[-153.9727,57.0641],[-153.8818,57.1171],[-153.821,57.1287],[-153.8037,57.1585],[-153.7406,57.1393],[-153.9209,57.0629],[-153.9093,57.0506],[-153.967,56.9964],[-153.975,56.958],[-153.885,56.9658],[-153.8524,57.0296],[-153.8509,57.0153],[-153.8217,57.0134],[-153.8595,56.9833],[-153.858,56.9609],[-153.7628,56.9947],[-153.8417,56.9681],[-153.844,56.945],[-153.8741,56.9272],[-153.9621,56.9086],[-154.0089,56.86],[-154.0806,56.8406],[-154.1506,56.7469],[-154.0433,56.7644],[-154.0167,56.7428],[-153.9767,56.7434],[-153.8985,56.7667],[-153.8961,56.7883],[-153.8691,56.7926],[-153.8344,56.8366],[-153.7994,56.8478],[-153.7707,56.8318],[-153.7733,56.8447],[-153.694,56.8582],[-153.6844,56.881],[-153.755,56.8586],[-153.7739,56.8678],[-153.6915,56.9112],[-153.7025,56.9421],[-153.6833,56.9519],[-153.6975,56.9515],[-153.6892,56.9695],[-153.6783,56.9569],[-153.6878,56.9411],[-153.6698,56.9309],[-153.5875,56.9356],[-153.5981,56.9542],[-153.5533,56.9697],[-153.5406,57.0009],[-153.6339,57.0158],[-153.6707,57.0076],[-153.6323,57.0241],[-153.6028,57.0127],[-153.6076,57.0239],[-153.5786,57.0484],[-153.7061,57.0634],[-153.6586,57.0719],[-153.6754,57.0768],[-153.6662,57.091],[-153.573,57.0927],[-153.4932,57.0664],[-153.4848,57.0981],[-153.515,57.1278],[-153.4897,57.1703],[-153.5436,57.1609],[-153.5318,57.1684],[-153.5406,57.1771],[-153.4729,57.1754],[-153.486,57.14],[-153.4563,57.1101],[-153.3602,57.17],[-153.3894,57.2078],[-153.3259,57.1915],[-153.3023,57.2163],[-153.2587,57.2157],[-153.2623,57.2309],[-153.1184,57.2073],[-153.0477,57.2165],[-152.9407,57.2569],[-153.015,57.3014],[-153.0985,57.287],[-153.2054,57.3054],[-153.1674,57.3127],[-153.1543,57.3571],[-153.1456,57.3219],[-153.0983,57.3106],[-152.9974,57.3446],[-152.9584,57.3287],[-152.8761,57.3528],[-152.8651,57.3453],[-152.9161,57.3205],[-152.8834,57.2899],[-152.8428,57.3025],[-152.8606,57.2734],[-152.8187,57.2645],[-152.7432,57.3129],[-152.7102,57.3017],[-152.7069,57.2759],[-152.602,57.3579],[-152.6004,57.383],[-152.626,57.4058],[-152.7232,57.4196],[-152.744,57.4485],[-152.8164,57.4717],[-152.9528,57.4689],[-153.0521,57.4281],[-152.9934,57.4642],[-153.0265,57.4741],[-152.8878,57.485],[-152.9213,57.5036],[-152.9536,57.5004],[-152.9677,57.5105],[-152.9511,57.5133],[-152.959,57.5224],[-152.8166,57.4952],[-152.7426,57.5075],[-152.7194,57.4778],[-152.6856,57.4657],[-152.6091,57.4754],[-152.5888,57.444],[-152.5622,57.4531],[-152.5199,57.4333],[-152.4772,57.4677],[-152.4489,57.4519],[-152.4917,57.4229],[-152.4246,57.4372],[-152.3456,57.4213],[-152.3186,57.4316],[-152.3262,57.4681],[-152.2952,57.5169],[-152.1561,57.5891],[-152.1665,57.6029],[-152.1544,57.6205],[-152.3087,57.6183],[-152.3269,57.6265],[-152.3157,57.6361],[-152.4488,57.5852],[-152.4695,57.6014],[-152.4242,57.6427],[-152.4401,57.6501],[-152.3941,57.687],[-152.4738,57.6496],[-152.5184,57.6465],[-152.4723,57.6732],[-152.4768,57.7074],[-152.4431,57.7255],[-152.5698,57.6951],[-152.5581,57.719],[-152.51,57.7375],[-152.5257,57.7211],[-152.513,57.7207],[-152.4485,57.7782],[-152.4069,57.7861],[-152.4186,57.772],[-152.4009,57.7757],[-152.3251,57.8219],[-152.3532,57.8204],[-152.3505,57.8393],[-152.4263,57.8148],[-152.4466,57.8398],[-152.4004,57.8557],[-152.4575,57.8705],[-152.4707,57.8965],[-152.5317,57.911],[-152.559,57.8905],[-152.5908,57.9259],[-152.6419,57.9068],[-152.6214,57.8791],[-152.6181,57.837],[-152.635,57.8397],[-152.6402,57.8691],[-152.6709,57.8692],[-152.6363,57.8769],[-152.6404,57.8903],[-152.7102,57.8644],[-152.7315,57.8169],[-152.785,57.8587],[-152.8308,57.8414],[-152.8483,57.8247],[-152.8546,57.7819],[-152.8438,57.729],[-152.8605,57.7222],[-152.908,57.7557],[-152.9155,57.7729],[-152.8923,57.7953],[-152.9123,57.8195],[-152.8448,57.8669],[-152.88,57.8656],[-152.7971,57.8995],[-152.803,57.9129],[-152.9369,57.9486],[-153.0141,57.9418],[-152.9878,57.9381],[-152.9995,57.9275],[-152.9861,57.9142],[-153.0061,57.914],[-153.1989,57.9682],[-153.2523,57.997]]],[[[-152.2671,57.3901],[-152.2899,57.3939],[-152.3155,57.3652],[-152.2732,57.3711],[-152.2552,57.3844],[-152.2671,57.3901]]],[[[-153.8335,57.5326],[-153.8728,57.5531],[-153.8723,57.5136],[-153.8904,57.5098],[-153.8738,57.4483],[-153.837,57.4289],[-153.8252,57.481],[-153.8335,57.5326]]],[[[-153.986,57.6514],[-154.0106,57.655],[-153.9905,57.6398],[-153.986,57.6514]]],[[[-166.8644,53.455],[-166.8824,53.4591],[-166.88,53.4278],[-166.8644,53.455]]],[[[-166.6476,54.0133],[-166.6806,54.0172],[-166.7105,53.9984],[-166.7472,54.0143],[-166.8455,53.977],[-166.8843,53.9889],[-166.9806,53.9569],[-167.0039,53.9633],[-167.0344,53.9342],[-167.0861,53.9175],[-167.1095,53.8711],[-167.1576,53.8586],[-167.1529,53.8282],[-167.0862,53.8147],[-167.0927,53.7901],[-167.0283,53.7558],[-166.9611,53.7772],[-166.8633,53.7517],[-166.8772,53.7367],[-166.7689,53.7356],[-166.6911,53.7161],[-166.7967,53.7161],[-166.7389,53.7017],[-166.7594,53.6911],[-166.8332,53.7077],[-166.7933,53.6553],[-166.7889,53.6258],[-166.8267,53.6625],[-166.8617,53.6269],[-166.8583,53.6794],[-166.8961,53.7164],[-167.0167,53.715],[-167.0543,53.7006],[-167.0722,53.6665],[-167.0093,53.6421],[-166.9961,53.6211],[-167.0524,53.633],[-167.0387,53.5954],[-167.0551,53.6195],[-167.1061,53.6344],[-167.1632,53.6153],[-167.165,53.6014],[-167.1276,53.5669],[-167.1374,53.5507],[-167.0898,53.5255],[-166.991,53.5425],[-166.9699,53.5288],[-167.043,53.527],[-167.0735,53.5101],[-167.1861,53.5272],[-167.1562,53.4953],[-167.1865,53.489],[-167.1539,53.4689],[-167.2115,53.4627],[-167.2974,53.482],[-167.2891,53.472],[-167.3043,53.4652],[-167.2612,53.453],[-167.2976,53.4516],[-167.2869,53.4319],[-167.3446,53.4558],[-167.3281,53.4058],[-167.3937,53.4498],[-167.3847,53.4159],[-167.3978,53.4129],[-167.4718,53.4479],[-167.4869,53.4202],[-167.5562,53.4149],[-167.5243,53.3993],[-167.5192,53.4102],[-167.4844,53.3795],[-167.5828,53.4081],[-167.5817,53.3938],[-167.6074,53.3941],[-167.5912,53.3721],[-167.6221,53.3843],[-167.639,53.372],[-167.6439,53.3929],[-167.6662,53.377],[-167.6922,53.3882],[-167.8154,53.3154],[-167.8551,53.3101],[-167.8061,53.2958],[-167.8011,53.2778],[-167.6788,53.2626],[-167.6593,53.2324],[-167.6567,53.2472],[-167.6105,53.2461],[-167.6228,53.2577],[-167.601,53.2872],[-167.4923,53.2577],[-167.4958,53.279],[-167.4435,53.3059],[-167.4555,53.3211],[-167.3839,53.3435],[-167.3712,53.3306],[-167.3049,53.335],[-167.2921,53.3724],[-167.1714,53.3972],[-167.1392,53.426],[-167.1151,53.4157],[-167.0563,53.4294],[-167.0582,53.4557],[-167.0154,53.4763],[-167.0038,53.4733],[-167.0427,53.4484],[-166.9839,53.454],[-166.9995,53.43],[-166.9822,53.4221],[-166.9376,53.4761],[-166.9494,53.4619],[-166.9189,53.4669],[-166.9317,53.4444],[-166.8967,53.4342],[-166.8741,53.4913],[-166.875,53.4714],[-166.8489,53.4603],[-166.8417,53.4753],[-166.8461,53.4525],[-166.8094,53.4331],[-166.8061,53.4714],[-166.7483,53.4411],[-166.7606,53.4569],[-166.7411,53.4675],[-166.7439,53.4836],[-166.792,53.5133],[-166.7711,53.5269],[-166.7989,53.5569],[-166.7728,53.5649],[-166.7706,53.5375],[-166.7379,53.5064],[-166.6929,53.5052],[-166.6622,53.4836],[-166.6472,53.5061],[-166.72,53.54],[-166.7117,53.5589],[-166.6994,53.5369],[-166.6383,53.5214],[-166.6644,53.5986],[-166.5856,53.5331],[-166.6011,53.5623],[-166.5743,53.5568],[-166.5633,53.6056],[-166.5089,53.5789],[-166.5237,53.6068],[-166.5556,53.6178],[-166.5317,53.6272],[-166.5433,53.6506],[-166.5089,53.6308],[-166.5027,53.6532],[-166.4494,53.6343],[-166.425,53.66],[-166.4009,53.6521],[-166.4111,53.6772],[-166.3822,53.6692],[-166.3767,53.6861],[-166.3618,53.6656],[-166.3472,53.6819],[-166.3156,53.6734],[-166.2744,53.6864],[-166.2861,53.6956],[-166.2633,53.7036],[-166.2672,53.7219],[-166.3335,53.7318],[-166.3167,53.7539],[-166.3439,53.787],[-166.3828,53.76],[-166.3745,53.7219],[-166.3739,53.7364],[-166.4022,53.7348],[-166.4,53.7522],[-166.4189,53.7625],[-166.46,53.7492],[-166.4661,53.7092],[-166.49,53.6919],[-166.4938,53.7291],[-166.5239,53.7192],[-166.5272,53.6967],[-166.5506,53.6842],[-166.5378,53.7139],[-166.6021,53.7072],[-166.5494,53.7344],[-166.6217,53.7383],[-166.4794,53.7731],[-166.5494,53.7853],[-166.4589,53.7892],[-166.4106,53.8078],[-166.4333,53.8267],[-166.3861,53.8314],[-166.3857,53.8457],[-166.3548,53.8562],[-166.3482,53.889],[-166.3211,53.8667],[-166.2439,53.8769],[-166.2505,53.8994],[-166.2217,53.9022],[-166.2056,53.9319],[-166.2328,53.9405],[-166.2461,53.9178],[-166.2866,53.9122],[-166.2617,53.9183],[-166.2489,53.9408],[-166.275,53.9831],[-166.3367,53.9461],[-166.3711,53.9433],[-166.3811,53.9597],[-166.42,53.9444],[-166.44,53.9542],[-166.4439,53.9033],[-166.5472,53.8744],[-166.5256,53.8892],[-166.5372,53.8978],[-166.5022,53.9156],[-166.5305,53.9239],[-166.5668,53.8766],[-166.5446,53.8731],[-166.5482,53.8608],[-166.6083,53.8271],[-166.6161,53.8347],[-166.575,53.8789],[-166.6328,53.8733],[-166.6221,53.9013],[-166.6483,53.925],[-166.6253,53.9508],[-166.5894,53.9603],[-166.6476,54.0133]]],[[[-169.6097,56.6075],[-169.7889,56.6131],[-169.7511,56.5875],[-169.6822,56.5789],[-169.6639,56.5472],[-169.6144,56.5331],[-169.5671,56.5329],[-169.4642,56.597],[-169.6097,56.6075]]],[[[-170.1526,57.1877],[-170.0914,57.2343],[-170.0945,57.2474],[-170.2259,57.2119],[-170.3032,57.2205],[-170.3932,57.2063],[-170.4214,57.1701],[-170.3417,57.1407],[-170.2929,57.1481],[-170.2989,57.1352],[-170.2756,57.1249],[-170.2894,57.1281],[-170.2777,57.1158],[-170.3003,57.1089],[-170.289,57.103],[-170.2476,57.1366],[-170.1731,57.1551],[-170.1526,57.1877]]],[[[-172.9208,60.6042],[-172.9516,60.6057],[-172.9974,60.5745],[-172.9818,60.5672],[-173.0412,60.5599],[-173.0339,60.5484],[-173.0661,60.4984],[-172.9255,60.4745],[-172.737,60.3651],[-172.6714,60.3536],[-172.6083,60.3208],[-172.4687,60.3417],[-172.3437,60.3354],[-172.2917,60.2958],[-172.2214,60.3109],[-172.4,60.3875],[-172.5578,60.3849],[-172.5297,60.3786],[-172.5458,60.3646],[-172.6141,60.3776],[-172.6104,60.3917],[-172.5672,60.387],[-172.7682,60.4464],[-172.8766,60.4984],[-172.9328,60.5589],[-172.9109,60.588],[-172.9208,60.6042]]],[[[-164.79,54.2253],[-164.8828,54.1979],[-164.7646,54.2094],[-164.7678,54.2256],[-164.79,54.2253]]],[[[-165.6244,54.2983],[-165.6383,54.2955],[-165.6303,54.2789],[-165.6789,54.2647],[-165.6879,54.2421],[-165.669,54.2283],[-165.6135,54.2445],[-165.5848,54.2341],[-165.6371,54.1953],[-165.5921,54.1774],[-165.6372,54.1391],[-165.6105,54.1153],[-165.5594,54.1055],[-165.5368,54.1277],[-165.5583,54.1344],[-165.554,54.1441],[-165.4785,54.1571],[-165.4931,54.1682],[-165.4761,54.1807],[-165.4024,54.1743],[-165.3849,54.1947],[-165.4076,54.2117],[-165.5227,54.2191],[-165.572,54.2046],[-165.5337,54.2358],[-165.5736,54.2507],[-165.475,54.2933],[-165.5674,54.2901],[-165.5978,54.264],[-165.6037,54.2869],[-165.5839,54.2806],[-165.6244,54.2983]]],[[[-166.1057,60.3651],[-166.1229,60.3896],[-166.2146,60.3625],[-166.2182,60.3766],[-166.1859,60.3849],[-166.2312,60.3729],[-166.2729,60.3833],[-166.4104,60.3312],[-166.3922,60.3578],[-166.4792,60.3833],[-166.4995,60.3672],[-166.4937,60.3812],[-166.5745,60.3516],[-166.563,60.3193],[-166.5896,60.3021],[-166.6375,60.325],[-166.6875,60.3146],[-166.7042,60.325],[-166.6984,60.3047],[-166.7354,60.3104],[-166.7401,60.2964],[-166.7766,60.2932],[-166.7568,60.2714],[-166.7854,60.2917],[-166.8161,60.2786],[-166.8286,60.2693],[-166.7964,60.2339],[-166.8562,60.2021],[-166.8792,60.2125],[-166.9438,60.1937],[-166.9438,60.2229],[-167.0271,60.2083],[-167.1042,60.2313],[-167.1562,60.2188],[-167.2021,60.2333],[-167.2458,60.2167],[-167.3146,60.2313],[-167.3917,60.2],[-167.4557,60.2089],[-167.338,60.1266],[-167.3307,60.0651],[-167.2667,60.0604],[-167.2667,60.0771],[-167.1641,60.0089],[-167.0226,60.0],[-167.0376,59.9948],[-166.8954,59.9591],[-166.7519,59.8929],[-166.675,59.8844],[-166.613,59.8527],[-166.5251,59.8524],[-166.499,59.8679],[-166.5048,59.8489],[-166.3917,59.8515],[-166.2375,59.7995],[-166.2004,59.7758],[-166.1926,59.7515],[-166.0874,59.7631],[-166.0819,59.7788],[-166.1344,59.8213],[-166.0296,59.867],[-165.9553,59.8817],[-165.8922,59.8717],[-165.7468,59.9084],[-165.7798,59.9145],[-165.7602,59.9205],[-165.7165,59.8943],[-165.6222,59.9052],[-165.5597,59.9312],[-165.5885,59.9502],[-165.5344,59.9816],[-165.63,59.9635],[-165.625,59.9747],[-165.6536,59.9961],[-165.6298,60.0186],[-165.6794,60.0313],[-165.6759,60.0561],[-165.7245,60.0568],[-165.6672,60.0984],[-165.6693,60.1224],[-165.6891,60.1339],[-165.6776,60.1516],[-165.7453,60.1672],[-165.7214,60.163],[-165.6839,60.2005],[-165.7287,60.2422],[-165.6755,60.2672],[-165.6974,60.2797],[-165.6901,60.2932],[-165.8729,60.3396],[-165.9937,60.3083],[-166.0854,60.3187],[-166.0932,60.3307],[-166.0672,60.3411],[-166.1057,60.3651]]],[[[-164.6521,60.8375],[-164.6359,60.8411],[-164.662,60.8432],[-164.6521,60.8375]]],[[[-164.9797,61.0766],[-164.9792,61.0875],[-164.9932,61.0786],[-164.9797,61.0766]]],[[[-165.1057,61.0995],[-165.0964,61.1057],[-165.1141,61.1099],[-165.1057,61.0995]]],[[[-165.2354,61.3292],[-165.2214,61.3349],[-165.2724,61.3214],[-165.2354,61.3292]]],[[[-160.8038,55.9065],[-160.8188,55.9528],[-160.8605,55.9111],[-160.9394,55.8961],[-160.8038,55.9065]]],[[[-160.9944,56.015],[-161.019,56.0023],[-160.9839,56.0178],[-160.9944,56.015]]],[[[-162.4911,55.3814],[-162.5106,55.3867],[-162.4806,55.3769],[-162.4911,55.3814]]],[[[-163.7622,55.0478],[-163.8961,55.0364],[-164.0572,54.9623],[-164.1294,54.9697],[-164.2011,54.9308],[-164.1694,54.9358],[-164.1833,54.9186],[-164.2061,54.9283],[-164.31,54.8889],[-164.32,54.8925],[-164.3006,54.8981],[-164.3583,54.8989],[-164.4328,54.9328],[-164.5083,54.9114],[-164.5544,54.8878],[-164.5561,54.8475],[-164.6227,54.782],[-164.6978,54.6717],[-164.7477,54.6439],[-164.8036,54.6421],[-164.9289,54.5997],[-164.9478,54.5756],[-164.94,54.5364],[-164.905,54.5086],[-164.8994,54.4914],[-164.9139,54.4823],[-164.8828,54.4734],[-164.8478,54.42],[-164.7533,54.3942],[-164.6478,54.3883],[-164.4494,54.4211],[-164.3751,54.452],[-164.335,54.4821],[-164.3239,54.5123],[-164.3438,54.5211],[-164.328,54.5403],[-164.2061,54.5959],[-164.0667,54.624],[-163.8189,54.6361],[-163.5868,54.6105],[-163.4989,54.6525],[-163.4208,54.6557],[-163.4089,54.6921],[-163.4256,54.72],[-163.3766,54.7483],[-163.3261,54.7459],[-163.3266,54.7223],[-163.285,54.6958],[-163.2511,54.7109],[-163.2616,54.6953],[-163.2267,54.6931],[-163.223,54.6759],[-163.195,54.6989],[-163.1178,54.6972],[-163.1161,54.6847],[-163.1572,54.6678],[-163.0622,54.6578],[-163.0444,54.6717],[-163.0519,54.6929],[-163.0967,54.6897],[-163.1,54.7295],[-163.16,54.7692],[-163.1866,54.7769],[-163.2244,54.7553],[-163.3228,54.7503],[-163.3722,54.7864],[-163.3744,54.8242],[-163.415,54.8589],[-163.395,54.895],[-163.4222,54.9456],[-163.4417,54.9714],[-163.5417,55.0261],[-163.5287,55.0453],[-163.4489,55.0295],[-163.4583,55.0417],[-163.7622,55.0478]]],[[[-163.1261,55.4311],[-163.1683,55.4314],[-163.1755,55.4153],[-163.1257,55.397],[-163.1261,55.4311]]],[[[-162.7917,60.0375],[-162.8016,60.0339],[-162.7505,60.0453],[-162.7917,60.0375]]],[[[-162.7849,60.0474],[-162.8203,60.0443],[-162.8062,60.0354],[-162.7849,60.0474]]],[[[-162.7557,60.0891],[-162.7464,60.0953],[-162.7807,60.0932],[-162.7557,60.0891]]],[[[-159.9749,58.6117],[-159.996,58.6103],[-159.9793,58.5912],[-159.9575,58.5994],[-159.9749,58.6117]]],[[[-160.2794,58.7153],[-160.3036,58.7281],[-160.3178,58.6889],[-160.2706,58.6611],[-160.2739,58.6358],[-160.2455,58.6662],[-160.2767,58.6736],[-160.2794,58.7153]]],[[[-160.6878,58.8139],[-160.7422,58.7983],[-160.7633,58.7747],[-161.0621,58.7003],[-161.0536,58.6897],[-161.0797,58.6383],[-161.0724,58.6055],[-161.0862,58.5865],[-161.0735,58.5736],[-161.0854,58.5534],[-160.963,58.5511],[-160.8839,58.5803],[-160.6878,58.8139]]],[[[-160.4245,58.6788],[-160.3814,58.7111],[-160.4043,58.7494],[-160.4399,58.6897],[-160.4245,58.6788]]],[[[-160.2104,58.8484],[-160.2347,58.851],[-160.1824,58.8208],[-160.2104,58.8484]]],[[[-164.1946,59.8011],[-164.1524,59.7833],[-164.2242,59.8266],[-164.1946,59.8011]]],[[[-164.245,59.8461],[-164.226,59.8357],[-164.2572,59.8775],[-164.2576,59.8646],[-164.2728,59.8781],[-164.245,59.8461]]],[[[-164.3183,59.9061],[-164.3089,59.8992],[-164.3272,59.9161],[-164.3183,59.9061]]],[[[-163.45,60.8375],[-163.5036,60.8255],[-163.4854,60.8083],[-163.4787,60.8307],[-163.45,60.8375]]],[[[-163.5745,60.837],[-163.5974,60.8432],[-163.5797,60.8328],[-163.5932,60.8307],[-163.5833,60.8167],[-163.5651,60.8255],[-163.5745,60.837]]],[[[-163.7849,60.8807],[-163.8208,60.8875],[-163.9141,60.8547],[-163.7792,60.8458],[-163.7693,60.8557],[-163.7932,60.863],[-163.7755,60.8693],[-163.7849,60.8807]]],[[[-163.8276,60.9026],[-163.813,60.9036],[-163.8599,60.9036],[-163.8276,60.9026]]],[[[-164.9859,60.8693],[-165.0099,60.8682],[-165.0203,60.8339],[-164.9984,60.8234],[-165.012,60.8172],[-164.8901,60.838],[-164.9859,60.8693]]],[[[-163.7287,60.9547],[-163.7599,60.9599],[-163.7484,60.9443],[-163.7745,60.9359],[-163.7484,60.9318],[-163.7495,60.9516],[-163.7287,60.9547]]],[[[-164.0104,60.9708],[-163.9984,60.9745],[-164.0245,60.963],[-163.9922,60.963],[-164.0104,60.9708]]],[[[-164.0234,60.987],[-164.0109,60.9995],[-164.037,60.9911],[-164.0234,60.987]]],[[[-163.7599,60.9974],[-163.7641,60.988],[-163.7464,60.9964],[-163.7599,60.9974]]],[[[-163.8609,61.1724],[-163.8771,61.1833],[-163.9141,61.1589],[-163.8896,61.1521],[-163.8609,61.1724]]],[[[-162.4599,60.2307],[-162.4729,60.2604],[-162.5141,60.2474],[-162.4599,60.2307]]],[[[-163.5286,63.1245],[-163.5729,63.1292],[-163.6057,63.1047],[-163.5286,63.1245]]],[[[-164.4708,63.0687],[-164.5766,63.0703],[-164.5005,63.0536],[-164.5208,63.0396],[-164.3547,63.0276],[-164.3859,63.0578],[-164.4708,63.0687]]],[[[-164.5859,63.0953],[-164.6057,63.1057],[-164.6349,63.0755],[-164.5943,63.0797],[-164.5859,63.0953]]],[[[-163.6,63.1271],[-163.5797,63.1432],[-163.6141,63.1214],[-163.6,63.1271]]],[[[-153.9954,58.4549],[-153.9854,58.4575],[-154.015,58.4506],[-153.9954,58.4549]]],[[[-154.0609,70.8099],[-154.0813,70.8208],[-154.0891,70.8026],[-154.0609,70.8099]]],[[[-159.9521,66.6188],[-159.9297,66.6245],[-159.9828,66.6172],[-159.9521,66.6188]]],[[[-160.213,66.6234],[-160.2474,66.6193],[-160.1839,66.6214],[-160.213,66.6234]]],[[[-160.0995,66.6255],[-160.0776,66.6286],[-160.1161,66.6307],[-160.0995,66.6255]]],[[[-150.3911,61.6016],[-150.3896,61.5896],[-150.3651,61.6099],[-150.3911,61.6016]]],[[[-150.7484,61.8224],[-150.7479,61.8104],[-150.7354,61.8229],[-150.7484,61.8224]]],[[[-150.8703,70.1995],[-150.8807,70.1922],[-150.8464,70.2037],[-150.8703,70.1995]]],[[[-150.65,70.3604],[-150.6089,70.3807],[-150.7328,70.3682],[-150.7083,70.3396],[-150.6005,70.3745],[-150.65,70.3604]]],[[[-159.7859,66.6349],[-159.7958,66.6479],[-159.8286,66.6391],[-159.7755,66.6297],[-159.7859,66.6349]]],[[[-159.9047,66.6286],[-159.9182,66.6474],[-159.9224,66.6297],[-159.9047,66.6286]]],[[[-159.9042,66.6562],[-159.8901,66.6599],[-159.9182,66.6578],[-159.9042,66.6562]]],[[[-155.6708,70.8417],[-155.6828,70.838],[-155.6609,70.8359],[-155.6708,70.8417]]],[[[-153.9776,70.8547],[-154.0453,70.8422],[-154.0021,70.825],[-154.012,70.8349],[-154.0016,70.8516],[-153.9776,70.8547]]],[[[-159.2146,70.8667],[-159.2328,70.863],[-159.1297,70.8724],[-159.2146,70.8667]]],[[[-152.7495,70.8776],[-152.7786,70.8807],[-152.7359,70.8693],[-152.7495,70.8776]]],[[[-153.0571,70.9125],[-153.1141,70.9026],[-153.0688,70.9],[-153.0571,70.9125]]],[[[-163.1328,69.3797],[-163.1578,69.3932],[-163.1911,69.3505],[-163.1667,69.3688],[-163.1745,69.3547],[-163.1401,69.3547],[-163.1193,69.3714],[-163.1328,69.3797]]],[[[-163.1542,69.4042],[-163.1359,69.4026],[-163.1359,69.4161],[-163.1542,69.4042]]],[[[-163.1229,69.4437],[-163.1453,69.4495],[-163.1338,69.4359],[-163.1474,69.4213],[-163.1068,69.4151],[-163.1245,69.4255],[-163.1068,69.4339],[-163.1229,69.4437]]],[[[-162.8687,69.8187],[-162.8786,69.8151],[-162.8547,69.8151],[-162.8687,69.8187]]],[[[-159.8828,70.2974],[-159.8651,70.2963],[-159.8932,70.3057],[-159.8828,70.2974]]],[[[-165.7271,61.4313],[-165.713,61.4349],[-165.7411,61.4297],[-165.7271,61.4313]]],[[[-165.5693,61.688],[-165.6,61.6917],[-165.5875,61.6792],[-165.5693,61.688]]],[[[-166.1245,61.7505],[-166.1453,61.7557],[-166.1172,61.7359],[-166.1245,61.7505]]],[[[-173.0578,60.6578],[-173.075,60.7021],[-173.1161,60.6599],[-173.0422,60.6276],[-173.0578,60.6578]]],[[[-165.9542,62.0396],[-165.9724,62.0474],[-165.9641,62.0234],[-165.9484,62.0255],[-165.9542,62.0396]]],[[[-164.8938,62.5667],[-164.9932,62.5526],[-164.8693,62.538],[-164.8734,62.562],[-164.8938,62.5667]]],[[[-165.0229,62.5854],[-165.0458,62.5958],[-165.0745,62.5818],[-165.0229,62.5854]]],[[[-164.9797,62.6203],[-165.0104,62.6333],[-165.0286,62.6109],[-165.0,62.5854],[-164.9463,62.5984],[-164.9797,62.6203]]],[[[-164.9078,62.6182],[-164.9109,62.6307],[-164.9391,62.6286],[-164.8922,62.6026],[-164.9078,62.6182]]],[[[-164.8984,62.662],[-164.9271,62.6729],[-164.9411,62.6547],[-164.9328,62.638],[-164.9005,62.6328],[-164.9036,62.6172],[-164.8807,62.5984],[-164.8109,62.6026],[-164.8443,62.6536],[-164.862,62.662],[-164.8604,62.6417],[-164.8714,62.662],[-164.8911,62.6599],[-164.8833,62.65],[-164.8984,62.662]]],[[[-164.8505,62.6745],[-164.8687,62.6854],[-164.8849,62.6734],[-164.8505,62.6745]]],[[[-164.8083,62.7896],[-164.8724,62.7828],[-164.8526,62.7516],[-164.8599,62.7339],[-164.813,62.7255],[-164.8703,62.7276],[-164.7797,62.7057],[-164.8661,62.7141],[-164.8401,62.7036],[-164.8016,62.6151],[-164.775,62.6083],[-164.6172,62.6839],[-164.6328,62.687],[-164.5713,62.6984],[-164.4964,62.763],[-164.5458,62.7708],[-164.6812,62.7521],[-164.7167,62.7875],[-164.8083,62.7896]]],[[[-164.5583,63.0521],[-164.6099,63.0443],[-164.5813,63.0333],[-164.5547,63.0401],[-164.5583,63.0521]]],[[[-171.6536,63.7734],[-171.6667,63.7854],[-171.7411,63.7786],[-171.7109,63.7745],[-171.7047,63.7495],[-171.7557,63.6974],[-171.738,63.6547],[-171.7953,63.6266],[-171.7839,63.6172],[-171.7964,63.5943],[-171.8286,63.5807],[-171.8417,63.5417],[-171.825,63.5187],[-171.8432,63.4859],[-171.8172,63.4599],[-171.8203,63.438],[-171.8068,63.4318],[-171.8182,63.4297],[-171.7609,63.3995],[-171.7432,63.3714],[-171.5646,63.3396],[-171.5458,63.3187],[-171.5042,63.3271],[-171.4333,63.3083],[-171.3234,63.3359],[-171.2818,63.3609],[-171.2932,63.3693],[-171.2833,63.3833],[-171.0604,63.4333],[-170.9354,63.4354],[-170.9172,63.438],[-170.9328,63.4422],[-170.9208,63.45],[-170.8521,63.4562],[-170.8495,63.4359],[-170.812,63.4172],[-170.6958,63.4021],[-170.6708,63.4125],[-170.6313,63.3812],[-170.5943,63.4057],[-170.6557,63.4026],[-170.6313,63.4167],[-170.6495,63.4245],[-170.6021,63.4188],[-170.5833,63.4333],[-170.5583,63.4146],[-170.5849,63.3964],[-170.5557,63.3734],[-170.4714,63.3599],[-170.3167,63.2875],[-170.2297,63.2745],[-170.2182,63.1839],[-170.1021,63.1896],[-170.0443,63.1745],[-170.0042,63.1437],[-169.9062,63.1458],[-169.8557,63.1172],[-169.8109,63.112],[-169.7807,63.0839],[-169.7505,63.0786],[-169.7661,63.0745],[-169.7599,63.0568],[-169.7068,63.0516],[-169.7109,63.0109],[-169.7745,63.0057],[-169.75,62.9875],[-169.7234,62.9953],[-169.7578,62.9609],[-169.6479,62.9375],[-169.6182,62.9703],[-169.5318,62.9776],[-169.5828,63.0276],[-169.5724,63.0578],[-169.4234,63.1109],[-169.3286,63.1828],[-169.0833,63.2],[-168.9521,63.1604],[-168.875,63.1583],[-168.7214,63.2318],[-168.7214,63.2599],[-168.737,63.2682],[-168.6901,63.2922],[-168.8062,63.3],[-168.8813,63.3292],[-169.0042,63.3417],[-169.2417,63.3333],[-169.3792,63.3563],[-169.475,63.3438],[-169.5578,63.3609],[-169.5693,63.3995],[-169.6521,63.4292],[-169.8062,63.4208],[-169.9375,63.4688],[-170.05,63.4729],[-170.0703,63.5036],[-170.038,63.5224],[-170.0724,63.5422],[-170.0568,63.5536],[-170.1005,63.612],[-170.1786,63.6234],[-170.2088,63.6536],[-170.2896,63.6875],[-170.4771,63.6958],[-170.5328,63.6849],[-170.5359,63.6672],[-170.5625,63.6583],[-170.6375,63.6688],[-170.8901,63.5714],[-170.9542,63.5625],[-171.175,63.5875],[-171.1693,63.5995],[-171.2271,63.6125],[-171.4917,63.5875],[-171.5109,63.612],[-171.5391,63.612],[-171.4797,63.6495],[-171.5146,63.6417],[-171.5172,63.6578],[-171.5396,63.6604],[-171.6016,63.637],[-171.6005,63.6172],[-171.6208,63.6063],[-171.6786,63.6203],[-171.563,63.6661],[-171.6453,63.6984],[-171.6495,63.7391],[-171.6338,63.7495],[-171.6536,63.7734]]],[[[-166.1995,64.4849],[-166.2266,64.4912],[-166.2104,64.475],[-166.1995,64.4849]]],[[[-162.3807,63.6234],[-162.4312,63.6333],[-162.5021,63.6125],[-162.5542,63.6333],[-162.6,63.6042],[-162.6208,63.6188],[-162.6828,63.5911],[-162.6932,63.5755],[-162.6714,63.5693],[-162.6911,63.5589],[-162.5708,63.5417],[-162.5745,63.5599],[-162.5083,63.5729],[-162.5703,63.5526],[-162.4875,63.5396],[-162.4292,63.5417],[-162.4062,63.5583],[-162.3813,63.5396],[-162.3484,63.5422],[-162.3703,63.5661],[-162.3464,63.5911],[-162.3849,63.6068],[-162.3807,63.6234]]],[[[-161.3057,64.113],[-161.2979,64.1396],[-161.3182,64.1266],[-161.3057,64.113]]],[[[-162.875,67.0062],[-162.9078,67.0099],[-162.8213,66.9964],[-162.875,67.0062]]],[[[-161.7937,66.0417],[-161.8062,66.0521],[-161.8224,66.0401],[-161.7937,66.0417]]],[[[-161.738,66.0693],[-161.7417,66.0792],[-161.7745,66.0609],[-161.738,66.0693]]],[[[-161.7266,66.0891],[-161.7391,66.0818],[-161.7151,66.0911],[-161.7266,66.0891]]],[[[-168.0875,64.9667],[-168.05,64.9604],[-168.0484,64.9745],[-168.0875,64.9667]]],[[[-166.8641,65.1286],[-166.8766,65.1349],[-166.887,65.1109],[-166.8641,65.1286]]],[[[-166.9203,65.1589],[-166.9495,65.1661],[-166.9333,65.1417],[-166.9203,65.1589]]],[[[-168.9036,65.7547],[-168.9026,65.7662],[-168.9208,65.7667],[-168.9516,65.7526],[-168.9146,65.7375],[-168.8922,65.7443],[-168.9036,65.7547]]],[[[-167.663,65.7839],[-167.6484,65.7911],[-167.7182,65.7786],[-167.7245,65.7589],[-167.7026,65.7609],[-167.737,65.7422],[-167.6839,65.7401],[-167.6734,65.7724],[-167.7099,65.7766],[-167.663,65.7839]]],[[[-169.0417,65.8146],[-169.0911,65.812],[-169.1182,65.7589],[-169.075,65.7417],[-169.0443,65.7526],[-168.9964,65.8026],[-169.0417,65.8146]]],[[[-167.6229,65.7958],[-167.5422,65.8161],[-167.6458,65.7937],[-167.6229,65.7958]]],[[[-166.9136,65.2274],[-166.8484,65.2443],[-166.8484,65.2766],[-166.9136,65.2274]]],[[[-166.7875,65.3458],[-166.8286,65.3443],[-166.7464,65.3359],[-166.7875,65.3458]]],[[[-166.625,65.3313],[-166.6391,65.3255],[-166.5984,65.3349],[-166.625,65.3313]]],[[[-166.8016,66.0391],[-166.7839,66.0401],[-166.788,66.0557],[-166.8286,66.0359],[-166.8016,66.0391]]],[[[-166.7432,66.0641],[-166.7318,66.0682],[-166.7641,66.063],[-166.7432,66.0641]]],[[[-166.7187,66.0792],[-166.7307,66.0714],[-166.7088,66.0755],[-166.7187,66.0792]]],[[[-166.6958,66.0854],[-166.7099,66.0797],[-166.6839,66.087],[-166.6958,66.0854]]],[[[-166.6016,66.1057],[-166.5443,66.1266],[-166.6266,66.1047],[-166.6016,66.1057]]],[[[-167.2125,65.8896],[-167.1943,65.8995],[-167.2474,65.888],[-167.2125,65.8896]]],[[[-167.0188,65.9792],[-166.9422,66.0057],[-167.2411,65.9089],[-167.2146,65.9063],[-167.0188,65.9792]]],[[[-166.8849,66.0245],[-166.8974,66.0193],[-166.8526,66.0328],[-166.8849,66.0245]]],[[[-166.5057,66.1328],[-166.4943,66.1412],[-166.5224,66.137],[-166.5057,66.1328]]],[[[-166.4583,66.1458],[-166.4151,66.162],[-166.4828,66.1474],[-166.4583,66.1458]]],[[[-166.2646,66.1917],[-166.2318,66.2016],[-166.4162,66.1651],[-166.3729,66.1625],[-166.2646,66.1917]]],[[[-166.1833,66.2083],[-166.1667,66.2104],[-166.2328,66.2047],[-166.1833,66.2083]]],[[[-166.1538,66.2239],[-166.1359,66.2172],[-166.1026,66.2432],[-166.1538,66.2239]]],[[[-166.0646,66.2562],[-166.0786,66.2526],[-166.0276,66.2599],[-166.0646,66.2562]]],[[[-165.9203,66.2901],[-165.9005,66.2974],[-166.0203,66.2651],[-165.9625,66.2625],[-165.9203,66.2901]]],[[[-165.8833,66.3],[-165.8401,66.3141],[-165.9016,66.3016],[-165.8833,66.3]]],[[[-165.6432,66.3599],[-165.762,66.3359],[-165.6276,66.362],[-165.6432,66.3599]]],[[[-164.9021,66.4958],[-164.8422,66.5162],[-165.437,66.4109],[-164.9021,66.4958]]],[[[-164.8146,66.5229],[-164.8286,66.5172],[-164.7734,66.5286],[-164.8146,66.5229]]],[[[-164.7578,66.5276],[-164.7318,66.5349],[-164.7703,66.5307],[-164.7578,66.5276]]],[[[-165.5562,66.3812],[-165.5172,66.3912],[-165.612,66.3714],[-165.5896,66.3625],[-165.5562,66.3812]]],[[[-166.2307,68.2734],[-166.2193,68.2745],[-166.2516,68.2828],[-166.2307,68.2734]]],[[[-166.6203,68.3828],[-166.6349,68.3797],[-166.5297,68.3932],[-166.6203,68.3828]]],[[[-161.8089,66.2193],[-161.8411,66.2224],[-161.825,66.2104],[-161.8089,66.2193]]],[[[-161.8776,66.2984],[-161.863,66.3141],[-161.9016,66.3099],[-161.9036,66.2672],[-161.8318,66.2672],[-161.8776,66.2984]]],[[[-162.3354,67.1521],[-162.3661,67.1536],[-162.3479,67.1417],[-162.3354,67.1521]]],[[[-162.0583,70.1604],[-162.0682,70.1568],[-162.0484,70.1589],[-162.0583,70.1604]]],[[[-162.4151,70.1484],[-162.4307,70.1443],[-162.3984,70.1464],[-162.3401,70.1828],[-162.4151,70.1484]]],[[[-161.225,70.3063],[-161.2412,70.3026],[-161.2109,70.3047],[-161.225,70.3063]]],[[[-150.3333,70.4333],[-150.3313,70.4437],[-150.3578,70.437],[-150.3333,70.4333]]],[[[-150.3542,70.4771],[-150.4661,70.4599],[-150.4526,70.4318],[-150.4703,70.4234],[-150.4547,70.4193],[-150.487,70.4089],[-150.413,70.4255],[-150.4479,70.4208],[-150.4214,70.437],[-150.4516,70.437],[-150.3609,70.4505],[-150.3745,70.462],[-150.3443,70.4734],[-150.3542,70.4771]]],[[[-150.5349,70.4943],[-150.6542,70.4938],[-150.6745,70.4849],[-150.6771,70.4604],[-150.6891,70.4672],[-150.6833,70.4938],[-150.7479,70.4938],[-150.7724,70.4776],[-150.6313,70.4354],[-150.563,70.4453],[-150.6037,70.4349],[-150.575,70.4292],[-150.4839,70.4714],[-150.5047,70.4953],[-150.5349,70.4943]]],[[[-150.4563,70.4917],[-150.4974,70.4953],[-150.4583,70.4771],[-150.4563,70.4917]]],[[[-150.2854,70.4375],[-150.3307,70.4297],[-150.2651,70.4359],[-150.2854,70.4375]]],[[[-149.4708,70.5521],[-149.4609,70.5537],[-149.4891,70.5557],[-149.4708,70.5521]]],[[[-155.9526,70.8766],[-155.9339,70.8693],[-155.9599,70.8891],[-155.9526,70.8766]]],[[[-159.0042,70.8812],[-158.9609,70.8912],[-159.0182,70.8849],[-159.0042,70.8812]]],[[[-158.9307,70.8953],[-158.9578,70.8922],[-158.888,70.8995],[-158.9307,70.8953]]],[[[-155.6505,70.9297],[-155.6214,70.9578],[-155.7057,70.9474],[-155.6505,70.9297]]],[[[-154.9583,71.0958],[-154.9932,71.0943],[-154.938,71.0839],[-154.9583,71.0958]]],[[[-155.0479,71.1396],[-155.0578,71.138],[-155.0359,71.1359],[-155.0479,71.1396]]]]}},{"type":"Feature","properties":{"gid":"USA.3_1","name":"亚利桑那州","nameEn":"Arizona","nameLocal":"Arizona","type":"州","typeEn":"State","groupZh":"州","area":295473.0,"iso":"US-AZ","engtype":"State","capital":"菲尼克斯","pop":7158104,"blurb":"沙漠高原州，大峡谷所在。"},"geometry":{"type":"Polygon","coordinates":[[[-110.7562,31.3329],[-109.05,31.3328],[-109.0449,36.9986],[-114.051,37.0],[-114.0487,36.1951],[-114.1228,36.113],[-114.116,36.0964],[-114.1474,36.0305],[-114.2241,36.0145],[-114.2581,36.0232],[-114.2719,36.0467],[-114.3162,36.0628],[-114.3053,36.078],[-114.3214,36.102],[-114.3967,36.1473],[-114.44,36.1273],[-114.4661,36.1427],[-114.5044,36.1283],[-114.5108,36.1528],[-114.5729,36.1509],[-114.6122,36.1328],[-114.6298,36.1421],[-114.7552,36.0851],[-114.7236,36.03],[-114.7453,35.9846],[-114.7319,35.9445],[-114.6627,35.8719],[-114.7059,35.853],[-114.6966,35.8314],[-114.7128,35.8086],[-114.6958,35.7597],[-114.7046,35.705],[-114.6822,35.6831],[-114.6885,35.6491],[-114.6553,35.6081],[-114.6759,35.5827],[-114.6594,35.5354],[-114.6805,35.5005],[-114.6017,35.3438],[-114.5707,35.18],[-114.5794,35.1307],[-114.6492,35.107],[-114.6037,35.0677],[-114.6352,35.0353],[-114.6347,34.8802],[-114.5857,34.839],[-114.5495,34.7699],[-114.4708,34.7152],[-114.4217,34.6135],[-114.434,34.596],[-114.3789,34.5304],[-114.383,34.4588],[-114.3354,34.4544],[-114.2225,34.3685],[-114.1802,34.356],[-114.1378,34.3081],[-114.1295,34.2672],[-114.1611,34.2619],[-114.245,34.1819],[-114.4149,34.1096],[-114.4326,34.0879],[-114.4389,34.0226],[-114.5315,33.9407],[-114.5055,33.9085],[-114.5237,33.9016],[-114.5002,33.8796],[-114.5283,33.8562],[-114.4908,33.7062],[-114.5295,33.6742],[-114.513,33.6628],[-114.5278,33.6554],[-114.5221,33.6134],[-114.539,33.5935],[-114.5247,33.5579],[-114.5917,33.5004],[-114.6342,33.4235],[-114.7223,33.4095],[-114.6976,33.3446],[-114.7288,33.3023],[-114.6701,33.2647],[-114.6871,33.2463],[-114.6714,33.221],[-114.6757,33.1634],[-114.7036,33.0882],[-114.6887,33.0858],[-114.6607,33.0333],[-114.6442,33.0495],[-114.6144,33.0286],[-114.5666,33.0389],[-114.5094,33.0254],[-114.4918,32.9745],[-114.4663,32.9697],[-114.479,32.9321],[-114.4611,32.9098],[-114.466,32.8462],[-114.5261,32.7971],[-114.5372,32.7509],[-114.6139,32.7291],[-114.7024,32.7433],[-114.7655,32.6435],[-114.807,32.6227],[-114.8123,32.5572],[-114.792,32.5574],[-114.8136,32.4939],[-111.075,31.3324],[-110.7562,31.3329]]]}},{"type":"Feature","properties":{"gid":"USA.4_1","name":"阿肯色州","nameEn":"Arkansas","nameLocal":"Arkansas","type":"州","typeEn":"State","groupZh":"州","area":137669.0,"iso":"US-AR","engtype":"State","capital":"小石城","pop":3011530,"blurb":"中南部州，沃尔玛总部与阿肯色河。"},"geometry":{"type":"Polygon","coordinates":[[[-91.9071,33.008],[-91.1631,33.0045],[-91.1558,33.0255],[-91.1291,33.0353],[-91.1245,33.0608],[-91.1991,33.1056],[-91.2037,33.1219],[-91.181,33.1426],[-91.1368,33.1287],[-91.0923,33.137],[-91.0918,33.2193],[-91.0591,33.2408],[-91.0452,33.2714],[-91.0729,33.2865],[-91.0988,33.2382],[-91.1125,33.2459],[-91.1444,33.335],[-91.0573,33.4406],[-91.0884,33.4572],[-91.1117,33.3937],[-91.1493,33.3799],[-91.1899,33.3874],[-91.2061,33.4121],[-91.1317,33.4292],[-91.1172,33.456],[-91.1685,33.4988],[-91.1689,33.4522],[-91.183,33.4385],[-91.2349,33.4377],[-91.1833,33.5098],[-91.2308,33.5612],[-91.1522,33.5821],[-91.1311,33.6054],[-91.1363,33.6228],[-91.228,33.6734],[-91.2085,33.7007],[-91.1615,33.7049],[-91.0928,33.6572],[-91.0313,33.6802],[-91.0487,33.7097],[-91.1181,33.7076],[-91.1458,33.7301],[-91.143,33.773],[-91.1291,33.7826],[-91.0175,33.7629],[-90.9897,33.7788],[-91.0041,33.8014],[-91.0462,33.8144],[-91.0719,33.8546],[-91.0073,33.9283],[-91.0865,33.9585],[-91.0857,33.9785],[-91.018,34.0018],[-90.996,33.9639],[-90.978,33.9617],[-90.9632,33.9689],[-90.9867,34.0191],[-90.8878,34.0268],[-90.8701,34.091],[-90.9407,34.101],[-90.9599,34.1292],[-90.9103,34.1653],[-90.8379,34.1411],[-90.8074,34.1735],[-90.8359,34.1908],[-90.9132,34.1965],[-90.9352,34.2236],[-90.9319,34.2434],[-90.8524,34.2126],[-90.831,34.2726],[-90.753,34.2909],[-90.746,34.3301],[-90.7696,34.3554],[-90.7633,34.3694],[-90.6802,34.3721],[-90.6929,34.328],[-90.6635,34.3159],[-90.6604,34.3784],[-90.5758,34.4156],[-90.5683,34.441],[-90.5909,34.4982],[-90.5401,34.5507],[-90.5801,34.6081],[-90.5878,34.6785],[-90.5473,34.6913],[-90.5582,34.6469],[-90.5328,34.6298],[-90.464,34.6858],[-90.566,34.7162],[-90.5637,34.7401],[-90.54,34.7527],[-90.5464,34.7913],[-90.5111,34.7955],[-90.5031,34.7674],[-90.5174,34.7337],[-90.4715,34.7303],[-90.4467,34.7463],[-90.4726,34.7952],[-90.4598,34.8243],[-90.4852,34.8811],[-90.4416,34.887],[-90.4165,34.8286],[-90.348,34.8599],[-90.311,34.8466],[-90.3035,34.8738],[-90.2525,34.898],[-90.2423,34.9203],[-90.2486,34.9494],[-90.3055,34.9851],[-90.3053,35.0263],[-90.2757,35.0397],[-90.2007,35.0303],[-90.1701,35.1253],[-90.1426,35.1371],[-90.09,35.1203],[-90.0675,35.1421],[-90.1146,35.18],[-90.1151,35.1977],[-90.0762,35.2103],[-90.0873,35.2427],[-90.1518,35.2558],[-90.1674,35.2756],[-90.1564,35.3012],[-90.1083,35.309],[-90.1079,35.3428],[-90.0751,35.3847],[-90.1261,35.4158],[-90.1444,35.4092],[-90.1401,35.3766],[-90.1697,35.3756],[-90.1709,35.4187],[-90.1086,35.4777],[-90.0849,35.479],[-90.0707,35.4672],[-90.0716,35.4109],[-90.0541,35.3893],[-90.0314,35.3946],[-90.0479,35.4103],[-90.019,35.4625],[-90.0491,35.5113],[-90.0362,35.5515],[-89.988,35.5594],[-89.9549,35.524],[-89.919,35.5139],[-89.9103,35.5467],[-89.9439,35.5624],[-89.9543,35.5915],[-89.8622,35.6322],[-89.8523,35.6521],[-89.8661,35.6703],[-89.8955,35.655],[-89.9281,35.661],[-89.9565,35.695],[-89.9527,35.738],[-89.906,35.7598],[-89.8752,35.7416],[-89.8186,35.7568],[-89.7817,35.8061],[-89.7065,35.8172],[-89.7074,35.8386],[-89.7706,35.8619],[-89.7677,35.8896],[-89.7132,35.9061],[-89.6656,35.8834],[-89.6444,35.9047],[-89.6587,35.9271],[-89.7204,35.9674],[-89.7169,36.0015],[-90.3773,35.9951],[-90.3173,36.0907],[-90.2384,36.1382],[-90.2217,36.1811],[-90.1284,36.2305],[-90.1171,36.2626],[-90.068,36.2978],[-90.0815,36.3234],[-90.0669,36.3862],[-90.1441,36.4231],[-90.1349,36.4407],[-90.1589,36.4801],[-90.1536,36.4963],[-94.6182,36.4984],[-94.4307,35.4],[-94.4863,33.6411],[-94.4479,33.6404],[-94.468,33.5981],[-94.4283,33.5903],[-94.4092,33.568],[-94.3788,33.584],[-94.4038,33.5592],[-94.385,33.5442],[-94.3546,33.5468],[-94.347,33.5684],[-94.315,33.5508],[-94.2873,33.5827],[-94.2949,33.5607],[-94.2805,33.5569],[-94.2423,33.59],[-94.2552,33.5606],[-94.2346,33.5519],[-94.1929,33.5564],[-94.2178,33.5805],[-94.1756,33.5904],[-94.1439,33.581],[-94.1502,33.5667],[-94.1283,33.5526],[-94.0863,33.5757],[-94.0575,33.5643],[-94.0736,33.5532],[-94.0445,33.5505],[-94.0456,33.0206],[-91.9071,33.008]]]}},{"type":"Feature","properties":{"gid":"USA.5_1","name":"加利福尼亚州","nameEn":"California","nameLocal":"California","type":"州","typeEn":"State","groupZh":"州","area":409473.0,"iso":"US-CA","engtype":"State","capital":"萨克拉门托","pop":39555703,"blurb":"人口第一大州，硅谷与好莱坞所在。"},"geometry":{"type":"MultiPolygon","coordinates":[[[[-116.2188,32.6092],[-114.7192,32.718],[-114.6985,32.745],[-114.6139,32.7291],[-114.5265,32.758],[-114.5289,32.7933],[-114.466,32.8462],[-114.4611,32.9098],[-114.479,32.9321],[-114.4663,32.9697],[-114.4918,32.9745],[-114.5142,33.029],[-114.5666,33.0389],[-114.6144,33.0286],[-114.6442,33.0495],[-114.6607,33.0333],[-114.6887,33.0858],[-114.7036,33.0882],[-114.6757,33.1634],[-114.6714,33.221],[-114.6871,33.2463],[-114.6701,33.2647],[-114.7288,33.3023],[-114.6976,33.3446],[-114.7242,33.4046],[-114.6342,33.4235],[-114.5917,33.5004],[-114.5247,33.5579],[-114.539,33.5935],[-114.5221,33.6134],[-114.5278,33.6554],[-114.513,33.6628],[-114.5295,33.6742],[-114.4908,33.7062],[-114.5253,33.816],[-114.5284,33.8598],[-114.4994,33.8745],[-114.5237,33.9016],[-114.5055,33.9085],[-114.5329,33.9316],[-114.5254,33.9531],[-114.4389,34.0226],[-114.4188,34.1063],[-114.2259,34.1929],[-114.1611,34.2619],[-114.1306,34.2652],[-114.1378,34.3081],[-114.1802,34.356],[-114.2225,34.3685],[-114.3354,34.4544],[-114.383,34.4588],[-114.3789,34.5304],[-114.434,34.596],[-114.4217,34.6135],[-114.4708,34.7152],[-114.5495,34.7699],[-114.5857,34.839],[-114.632,34.8734],[-114.6329,35.0021],[-114.9352,35.2469],[-116.2954,36.3122],[-117.5108,37.2281],[-118.8591,38.2047],[-120.0009,39.0005],[-120.0003,41.9953],[-122.3503,42.0098],[-124.2117,41.9997],[-124.2111,41.9503],[-124.1956,41.9142],[-124.1786,41.9136],[-124.2,41.9161],[-124.2044,41.9414],[-124.2164,41.8547],[-124.2544,41.7706],[-124.1953,41.7358],[-124.1929,41.7494],[-124.17,41.7436],[-124.1475,41.7186],[-124.1392,41.6661],[-124.1,41.6025],[-124.1025,41.5697],[-124.0683,41.5456],[-124.0822,41.5108],[-124.0617,41.4414],[-124.1078,41.2233],[-124.1408,41.1464],[-124.1656,41.1389],[-124.1539,41.0539],[-124.1356,41.0553],[-124.1125,41.0287],[-124.1217,40.9758],[-124.1693,40.8557],[-124.226,40.7704],[-124.2403,40.7692],[-124.2211,40.7597],[-124.1951,40.788],[-124.1492,40.8733],[-124.0881,40.8529],[-124.0833,40.8322],[-124.1236,40.8064],[-124.1451,40.8105],[-124.1264,40.8022],[-124.1836,40.8008],[-124.1978,40.7528],[-124.2228,40.7406],[-124.2156,40.6758],[-124.2679,40.6985],[-124.2287,40.7452],[-124.245,40.7653],[-124.2355,40.7553],[-124.3885,40.5102],[-124.4098,40.438],[-124.3694,40.3853],[-124.3487,40.3185],[-124.361,40.2574],[-124.1873,40.1303],[-124.1105,40.1043],[-124.0805,40.0664],[-124.0754,40.0247],[-124.0368,40.0139],[-123.9304,39.9094],[-123.904,39.8593],[-123.8498,39.8286],[-123.8327,39.7247],[-123.7946,39.6901],[-123.7881,39.5975],[-123.7582,39.5455],[-123.7678,39.5506],[-123.805,39.4895],[-123.8271,39.3487],[-123.8008,39.3189],[-123.81,39.304],[-123.7839,39.3033],[-123.8029,39.2781],[-123.7698,39.2273],[-123.7713,39.1949],[-123.72,39.1336],[-123.6917,39.0508],[-123.7086,38.9792],[-123.73,38.9542],[-123.7445,38.9571],[-123.7283,38.9183],[-123.6569,38.8694],[-123.6028,38.8069],[-123.4411,38.6989],[-123.3333,38.5644],[-123.1306,38.4523],[-123.0647,38.3536],[-123.0789,38.3228],[-123.0661,38.3025],[-123.0517,38.3003],[-123.0572,38.3358],[-123.0389,38.3231],[-123.0542,38.3058],[-123.0358,38.3131],[-123.0039,38.2966],[-122.9711,38.2583],[-122.9702,38.2326],[-122.9259,38.2103],[-122.865,38.1194],[-122.8272,38.0918],[-122.8933,38.1325],[-122.9953,38.2407],[-122.95,38.1639],[-122.9578,38.1203],[-122.939,38.1266],[-122.9467,38.1092],[-122.9599,38.1191],[-123.0239,37.9944],[-122.9637,37.9898],[-122.9839,38.0044],[-122.9358,38.0325],[-122.9594,38.0533],[-122.9483,38.05],[-122.9575,38.0681],[-122.945,38.0606],[-122.9333,38.0831],[-122.9203,38.0633],[-122.9325,38.0358],[-122.9136,38.0333],[-122.9078,38.0483],[-122.9086,38.0342],[-122.8894,38.0297],[-122.9214,38.0303],[-122.8306,38.0028],[-122.725,37.9017],[-122.684,37.9044],[-122.6747,37.9131],[-122.6972,37.9322],[-122.6844,37.9297],[-122.6542,37.9075],[-122.6797,37.9053],[-122.5269,37.8322],[-122.5293,37.8148],[-122.4714,37.8353],[-122.4781,37.8592],[-122.5247,37.8961],[-122.4983,37.8775],[-122.5019,37.8933],[-122.4881,37.8947],[-122.4592,37.8619],[-122.4378,37.8808],[-122.5075,37.9425],[-122.48,37.9419],[-122.4953,37.9689],[-122.4467,37.9864],[-122.5,38.0158],[-122.4847,38.1003],[-122.5122,38.1306],[-122.4986,38.1125],[-122.4433,38.1164],[-122.3978,38.1453],[-122.3139,38.1092],[-122.2742,38.0661],[-122.2456,38.0794],[-122.2311,38.0652],[-122.1883,38.07],[-122.1625,38.0436],[-122.1339,38.0419],[-122.0664,38.1086],[-122.0617,38.1386],[-122.0075,38.1408],[-121.9842,38.1142],[-122.0194,38.0962],[-121.9733,38.0736],[-121.9122,38.0835],[-121.9355,38.0524],[-121.9021,38.0495],[-121.8654,38.0724],[-121.7996,38.0628],[-121.7432,38.0906],[-121.6806,38.1701],[-121.6597,38.1755],[-121.7068,38.0871],[-121.7896,38.0589],[-121.7856,38.0328],[-121.8081,38.0378],[-121.8046,38.055],[-121.8399,38.062],[-121.8236,38.026],[-121.7831,38.0209],[-121.7016,38.0501],[-121.672,38.0965],[-121.6764,38.0611],[-121.7292,38.0222],[-121.8124,38.0178],[-121.8903,38.0433],[-122.0267,38.0586],[-122.1481,38.0217],[-122.1903,38.0531],[-122.2411,38.0586],[-122.3,38.0103],[-122.3331,38.0011],[-122.3667,38.0128],[-122.3599,37.9889],[-122.3956,37.9697],[-122.3964,37.9542],[-122.4297,37.965],[-122.4003,37.9294],[-122.4099,37.9198],[-122.3878,37.9208],[-122.3917,37.9083],[-122.3633,37.9039],[-122.3633,37.9172],[-122.3114,37.8956],[-122.3275,37.8886],[-122.3086,37.8714],[-122.3247,37.8739],[-122.3017,37.8581],[-122.2986,37.8407],[-122.3158,37.8381],[-122.2958,37.8294],[-122.3417,37.8033],[-122.2425,37.7753],[-122.3314,37.7972],[-122.3308,37.7808],[-122.2089,37.7514],[-122.2097,37.7317],[-122.2242,37.7478],[-122.2614,37.7417],[-122.2175,37.6997],[-122.2052,37.6954],[-122.2148,37.7072],[-122.2042,37.7121],[-122.1907,37.7036],[-122.1525,37.6556],[-122.1464,37.5833],[-122.1075,37.5003],[-122.0581,37.4964],[-122.0497,37.4658],[-121.9792,37.4606],[-122.0388,37.4555],[-122.0397,37.4408],[-122.0086,37.4308],[-122.0183,37.4222],[-122.0626,37.4291],[-122.0656,37.4489],[-122.1178,37.465],[-122.1354,37.494],[-122.1714,37.485],[-122.1656,37.4997],[-122.1828,37.5203],[-122.2039,37.52],[-122.1781,37.5053],[-122.1803,37.4889],[-122.2108,37.4919],[-122.2069,37.5097],[-122.1936,37.5067],[-122.2047,37.5181],[-122.2175,37.5064],[-122.2012,37.5396],[-122.2243,37.5434],[-122.2475,37.5092],[-122.2297,37.5519],[-122.2463,37.5506],[-122.2622,37.5744],[-122.2928,37.5703],[-122.3156,37.5914],[-122.375,37.6047],[-122.3547,37.6142],[-122.3892,37.6319],[-122.3736,37.6633],[-122.3918,37.6666],[-122.3783,37.6747],[-122.3932,37.7074],[-122.3569,37.7294],[-122.3742,37.7339],[-122.3842,37.7872],[-122.4089,37.8117],[-122.4781,37.8121],[-122.4853,37.7906],[-122.5153,37.7811],[-122.4936,37.6275],[-122.5017,37.5986],[-122.5209,37.5935],[-122.5181,37.5219],[-122.4989,37.4947],[-122.4708,37.5008],[-122.4483,37.4758],[-122.4431,37.4332],[-122.4009,37.3586],[-122.4197,37.2414],[-122.4058,37.1972],[-122.3658,37.1703],[-122.3375,37.1176],[-122.2878,37.1047],[-122.2231,37.0242],[-122.1065,36.9556],[-122.0267,36.9494],[-122.0142,36.9639],[-121.9759,36.9531],[-121.9393,36.9779],[-121.9108,36.9711],[-121.8663,36.9366],[-121.8122,36.8531],[-121.8017,36.8567],[-121.7881,36.805],[-121.8375,36.635],[-121.8859,36.6008],[-121.9386,36.6403],[-121.9772,36.5797],[-121.9292,36.5508],[-121.9259,36.525],[-121.955,36.5183],[-121.9042,36.3931],[-121.9078,36.3564],[-121.8928,36.3411],[-121.9041,36.3066],[-121.8542,36.2796],[-121.8378,36.2486],[-121.6772,36.1633],[-121.573,36.0226],[-121.5028,36.0],[-121.4684,35.9264],[-121.4667,35.8881],[-121.3333,35.7823],[-121.2892,35.6633],[-121.1719,35.6382],[-121.0986,35.5453],[-121.0059,35.4617],[-120.8872,35.434],[-120.8645,35.3892],[-120.8708,35.3628],[-120.8594,35.3717],[-120.8281,35.3381],[-120.8636,35.3172],[-120.8617,35.3633],[-120.898,35.2717],[-120.897,35.2445],[-120.8617,35.21],[-120.7514,35.155],[-120.7506,35.177],[-120.7132,35.1755],[-120.6388,35.1334],[-120.6358,35.0178],[-120.6723,34.903],[-120.6458,34.8997],[-120.6105,34.8581],[-120.6386,34.7564],[-120.6019,34.6936],[-120.5842,34.6911],[-120.6036,34.69],[-120.6525,34.5756],[-120.6239,34.5533],[-120.5819,34.5569],[-120.5147,34.5253],[-120.4725,34.4486],[-120.4533,34.4417],[-120.2967,34.4706],[-120.1417,34.4733],[-120.007,34.4603],[-119.8783,34.4064],[-119.7953,34.4183],[-119.7092,34.395],[-119.6739,34.4178],[-119.5614,34.4147],[-119.4592,34.3739],[-119.3137,34.2761],[-119.2753,34.2714],[-119.2159,34.146],[-119.1283,34.1006],[-119.1069,34.095],[-119.0925,34.0994],[-119.12,34.1072],[-119.0928,34.1094],[-118.9536,34.0475],[-118.8525,34.0336],[-118.8075,34.0005],[-118.7403,34.0331],[-118.5695,34.0417],[-118.5247,34.0297],[-118.4569,33.9653],[-118.4474,33.9799],[-118.4544,33.9623],[-118.3913,33.8379],[-118.3939,33.805],[-118.4286,33.7742],[-118.411,33.7403],[-118.2675,33.7028],[-118.25,33.7089],[-118.2836,33.7111],[-118.2711,33.7214],[-118.2733,33.7525],[-118.2869,33.7539],[-118.2769,33.7661],[-118.2672,33.7531],[-118.2511,33.7637],[-118.2753,33.7378],[-118.2475,33.7139],[-118.2375,33.7286],[-118.2506,33.7278],[-118.2499,33.7525],[-118.2176,33.744],[-118.2452,33.749],[-118.2197,33.7625],[-118.1892,33.7322],[-118.2058,33.7656],[-118.1144,33.7522],[-118.1286,33.7681],[-118.1119,33.7531],[-118.1203,33.7367],[-118.1019,33.7275],[-118.0758,33.7425],[-118.0814,33.7297],[-118.0361,33.6883],[-118.0664,33.7217],[-118.1008,33.7267],[-118.085,33.7286],[-118.0068,33.6527],[-117.9314,33.6053],[-117.8819,33.5953],[-117.9281,33.6194],[-117.9072,33.6125],[-117.8869,33.6289],[-117.8889,33.6469],[-117.8681,33.6511],[-117.9044,33.6169],[-117.8986,33.605],[-117.7822,33.5406],[-117.7142,33.4594],[-117.6767,33.4608],[-117.5936,33.3847],[-117.5108,33.3381],[-117.407,33.235],[-117.4064,33.2092],[-117.4003,33.2197],[-117.3147,33.0869],[-117.2716,33.0906],[-117.3122,33.0839],[-117.2803,33.01],[-117.2633,33.0075],[-117.2789,33.0005],[-117.2514,32.8744],[-117.2794,32.8475],[-117.2811,32.8214],[-117.2558,32.7928],[-117.26,32.7578],[-117.2454,32.7606],[-117.2504,32.7901],[-117.2088,32.7875],[-117.2119,32.7658],[-117.2586,32.7561],[-117.2219,32.7589],[-117.2592,32.75],[-117.2558,32.6997],[-117.2396,32.6653],[-117.2361,32.7155],[-117.2081,32.7399],[-117.2139,32.7283],[-117.2006,32.7281],[-117.2139,32.7242],[-117.1772,32.727],[-117.1744,32.7095],[-117.1253,32.6806],[-117.0967,32.6195],[-117.1144,32.6111],[-117.0914,32.5978],[-117.1054,32.5889],[-117.1155,32.5995],[-117.1216,32.5881],[-117.1536,32.6775],[-117.1742,32.6803],[-117.1668,32.6979],[-117.2004,32.7147],[-117.2283,32.6961],[-117.16,32.6634],[-117.1361,32.6145],[-117.1239,32.5309],[-116.2188,32.6092]],[[-117.2153,32.7767],[-117.2289,32.7706],[-117.2158,32.7892],[-117.2153,32.7767]]],[[[-118.5892,33.0294],[-118.6061,33.0322],[-118.6068,33.0155],[-118.5888,33.0102],[-118.5013,32.8521],[-118.4264,32.7992],[-118.3908,32.8251],[-118.3492,32.8199],[-118.4919,32.9292],[-118.5674,33.0277],[-118.5892,33.0294]]],[[[-119.5224,33.2815],[-119.5791,33.2778],[-119.5461,33.2317],[-119.4381,33.2206],[-119.4598,33.2563],[-119.5224,33.2815]]],[[[-118.6029,33.4786],[-118.5639,33.4346],[-118.5156,33.4217],[-118.5022,33.4348],[-118.473,33.3833],[-118.4892,33.3572],[-118.4656,33.3256],[-118.3784,33.3208],[-118.3261,33.2986],[-118.3053,33.3092],[-118.3106,33.3367],[-118.3681,33.3897],[-118.3717,33.41],[-118.4769,33.4481],[-118.4986,33.4417],[-118.5364,33.4775],[-118.6029,33.4786]]],[[[-119.0289,33.4889],[-119.0503,33.4811],[-119.0428,33.4658],[-119.0289,33.4889]]],[[[-119.4317,34.0156],[-119.445,34.0139],[-119.3803,34.0094],[-119.4317,34.0156]]],[[[-119.9125,34.0767],[-119.93,34.0589],[-119.8764,34.0322],[-119.8881,34.0069],[-119.8741,33.98],[-119.8187,33.9595],[-119.7208,33.9589],[-119.6542,33.9875],[-119.5603,33.9956],[-119.52,34.0342],[-119.5862,34.0539],[-119.6331,34.0128],[-119.6847,34.02],[-119.7572,34.0592],[-119.8098,34.0511],[-119.9125,34.0767]]],[[[-120.0513,34.0371],[-120.2506,34.0017],[-120.222,33.9878],[-120.1693,33.917],[-120.1123,33.8945],[-119.9676,33.9424],[-119.9814,33.9798],[-120.0466,34.0],[-120.0513,34.0371]]],[[[-120.3654,34.0746],[-120.3946,34.0507],[-120.418,34.0589],[-120.4539,34.0275],[-120.3069,34.0197],[-120.3317,34.0495],[-120.3586,34.0497],[-120.3654,34.0746]]],[[[-122.4262,37.8703],[-122.4462,37.8606],[-122.4186,37.8525],[-122.4262,37.8703]]],[[[-121.8718,38.0442],[-121.8378,38.0314],[-121.8548,38.0611],[-121.8718,38.0442]]],[[[-122.0333,38.0933],[-122.0225,38.0761],[-121.9989,38.0808],[-122.0333,38.0933]]]]}},{"type":"Feature","properties":{"gid":"USA.6_1","name":"科罗拉多州","nameEn":"Colorado","nameLocal":"Colorado","type":"州","typeEn":"State","groupZh":"州","area":269510.5,"iso":"US-CO","engtype":"State","capital":"丹佛","pop":5775326,"blurb":"落基山州，平均海拔全美最高。"},"geometry":{"type":"Polygon","coordinates":[[[-105.7574,36.997],[-102.0423,36.9922],[-102.0504,41.0019],[-109.049,41.0],[-109.0608,38.3521],[-109.0409,38.1603],[-109.0449,36.9986],[-105.7574,36.997]]]}},{"type":"Feature","properties":{"gid":"USA.7_1","name":"康涅狄格州","nameEn":"Connecticut","nameLocal":"Connecticut","type":"州","typeEn":"State","groupZh":"州","area":12845.1,"iso":"US-CT","engtype":"State","capital":"哈特福德","pop":3607750,"blurb":"新英格兰南部，保险业与康涅狄格河。"},"geometry":{"type":"MultiPolygon","coordinates":[[[[-72.5403,41.2603],[-72.5228,41.2703],[-72.5072,41.2564],[-72.4506,41.2794],[-72.3997,41.2786],[-72.3881,41.2608],[-72.3439,41.2689],[-72.3728,41.2742],[-72.3486,41.2819],[-72.3681,41.2936],[-72.3531,41.3106],[-72.3311,41.2806],[-72.3117,41.2894],[-72.3244,41.2783],[-72.2617,41.2828],[-72.2525,41.3081],[-72.2311,41.2967],[-72.2189,41.3133],[-72.205,41.2856],[-72.1831,41.3322],[-72.1942,41.3681],[-72.1739,41.3419],[-72.1728,41.31],[-72.1481,41.3244],[-72.1442,41.3025],[-72.1117,41.2992],[-72.0889,41.3186],[-72.1081,41.4006],[-72.1028,41.45],[-72.0897,41.4392],[-72.0717,41.4644],[-72.0956,41.4975],[-72.0831,41.4944],[-72.0786,41.5222],[-72.0669,41.4667],[-72.0542,41.4842],[-72.0936,41.4303],[-72.075,41.3189],[-72.0553,41.3189],[-72.0603,41.3372],[-72.0447,41.3225],[-72.0381,41.3461],[-72.0422,41.32],[-72.0297,41.3119],[-72.0242,41.3336],[-72.0056,41.3064],[-72.0108,41.3258],[-71.9898,41.316],[-71.9681,41.3516],[-71.9551,41.3272],[-71.9356,41.3516],[-71.9212,41.3281],[-71.9062,41.3502],[-71.9059,41.3274],[-71.8825,41.3524],[-71.8607,41.3225],[-71.8329,41.3408],[-71.8438,41.4035],[-71.7977,41.4187],[-71.7898,41.5689],[-71.7991,42.0238],[-72.7574,42.0362],[-72.7686,42.0043],[-72.8182,41.9979],[-72.8155,42.0377],[-73.4901,42.0497],[-73.5523,41.2933],[-73.4838,41.2136],[-73.7297,41.1009],[-73.657,41.0119],[-73.6606,40.9889],[-73.6425,41.0097],[-73.6267,41.0019],[-73.6281,41.0192],[-73.6007,41.0183],[-73.5856,41.0494],[-73.595,41.0125],[-73.575,41.0269],[-73.5669,41.0175],[-73.5833,41.0006],[-73.5469,41.023],[-73.5456,41.0425],[-73.5219,41.0206],[-73.523,41.0376],[-73.4978,41.0475],[-73.5072,41.0603],[-73.4888,41.0405],[-73.4777,41.061],[-73.4783,41.0361],[-73.4472,41.0717],[-73.4336,41.0554],[-73.4208,41.0811],[-73.4077,41.0716],[-73.4094,41.1147],[-73.399,41.0828],[-73.3817,41.1019],[-73.3661,41.0974],[-73.3789,41.1068],[-73.3686,41.1289],[-73.3719,41.1089],[-73.3538,41.1025],[-73.2769,41.1361],[-73.285,41.1278],[-73.262,41.118],[-73.2172,41.1583],[-73.2166,41.1419],[-73.1789,41.1647],[-73.1856,41.1816],[-73.1377,41.1484],[-73.1032,41.1511],[-73.1119,41.17],[-73.0558,41.2183],[-73.0353,41.2236],[-73.0388,41.2022],[-73.014,41.2048],[-72.9356,41.26],[-72.9375,41.2814],[-72.8919,41.3028],[-72.8883,41.3204],[-72.9075,41.2906],[-72.8936,41.2419],[-72.7569,41.2692],[-72.7058,41.2597],[-72.7067,41.2436],[-72.6633,41.2717],[-72.5808,41.2719],[-72.5447,41.2483],[-72.5403,41.2603]]],[[[-71.9608,41.3411],[-71.9747,41.3381],[-71.9694,41.3208],[-71.9608,41.3411]]]]}},{"type":"Feature","properties":{"gid":"USA.8_1","name":"特拉华州","nameEn":"Delaware","nameLocal":"Delaware","type":"州","typeEn":"State","groupZh":"州","area":5219.3,"iso":"US-DE","engtype":"State","capital":"多佛","pop":989950,"blurb":"面积小但公司注册数量全美第一。"},"geometry":{"type":"MultiPolygon","coordinates":[[[[-75.0961,38.8239],[-75.1069,38.8325],[-75.0914,38.8133],[-75.0961,38.8239]]],[[[-75.3244,38.9508],[-75.3119,38.9689],[-75.3401,39.0186],[-75.4155,39.0703],[-75.4017,39.0692],[-75.4148,39.1597],[-75.3971,39.1895],[-75.4169,39.2032],[-75.3957,39.1896],[-75.3941,39.2035],[-75.4053,39.2228],[-75.4337,39.2158],[-75.4038,39.2268],[-75.4048,39.2426],[-75.42,39.2333],[-75.4273,39.244],[-75.4172,39.235],[-75.4047,39.2575],[-75.4389,39.3133],[-75.5036,39.3374],[-75.4672,39.3722],[-75.5676,39.4797],[-75.5617,39.4974],[-75.5268,39.5006],[-75.5322,39.5441],[-75.5105,39.5729],[-75.5546,39.6051],[-75.5574,39.6323],[-75.5137,39.6703],[-75.4617,39.7627],[-75.4053,39.7972],[-75.5307,39.8401],[-75.6775,39.8156],[-75.7875,39.7231],[-75.702,38.5614],[-75.6214,38.6264],[-75.6686,38.5872],[-75.6728,38.5644],[-75.7019,38.5597],[-75.6942,38.4593],[-75.1237,38.4495],[-75.0994,38.4325],[-75.0847,38.4506],[-75.1011,38.4672],[-75.0502,38.4494],[-75.0622,38.6069],[-75.0789,38.6044],[-75.0631,38.5828],[-75.0747,38.5775],[-75.0717,38.5925],[-75.095,38.5753],[-75.0925,38.5561],[-75.1167,38.5914],[-75.2222,38.5575],[-75.1814,38.5822],[-75.2869,38.5942],[-75.1833,38.5922],[-75.1575,38.6028],[-75.1631,38.6164],[-75.0983,38.6194],[-75.1039,38.635],[-75.1732,38.6392],[-75.1478,38.6481],[-75.1875,38.6586],[-75.17,38.6569],[-75.1822,38.6678],[-75.1306,38.6417],[-75.1253,38.6512],[-75.1656,38.7056],[-75.12,38.6844],[-75.1208,38.6956],[-75.0783,38.6936],[-75.0722,38.6292],[-75.0867,38.6111],[-75.0628,38.6092],[-75.0667,38.6628],[-75.092,38.8017],[-75.1119,38.7828],[-75.1625,38.7881],[-75.3042,38.9136],[-75.3169,38.9356],[-75.2972,38.9372],[-75.3244,38.9508]]]]}},{"type":"Feature","properties":{"gid":"USA.9_1","name":"哥伦比亚特区","nameEn":"District of Columbia","nameLocal":"District of Columbia","type":"联邦区","typeEn":"Federal District","groupZh":"联邦区","area":169.8,"iso":"US-DC","engtype":"Federal District","capital":"华盛顿","pop":689544,"blurb":"联邦首都区，白宫与国会所在地。"},"geometry":{"type":"Polygon","coordinates":[[[-77.0164,38.8093],[-76.9097,38.8925],[-77.0415,38.9951],[-77.1205,38.9337],[-77.0318,38.8533],[-77.0164,38.8597],[-77.0283,38.819],[-77.0164,38.8093]]]}},{"type":"Feature","properties":{"gid":"USA.10_1","name":"佛罗里达州","nameEn":"Florida","nameLocal":"Florida","type":"州","typeEn":"State","groupZh":"州","area":147342.2,"iso":"US-FL","engtype":"State","capital":"塔拉哈西","pop":21538207,"blurb":"伸入大西洋与墨西哥湾的半岛，度假与航天。"},"geometry":{"type":"MultiPolygon","coordinates":[[[[-81.7951,24.5932],[-81.8118,24.5451],[-81.7529,24.5521],[-81.7496,24.569],[-81.7246,24.5605],[-81.7393,24.5904],[-81.7518,24.5724],[-81.7707,24.5699],[-81.774,24.5849],[-81.7712,24.5693],[-81.7937,24.5654],[-81.7951,24.5932]]],[[[-81.6596,24.6157],[-81.6854,24.5843],[-81.7043,24.604],[-81.7187,24.5579],[-81.6443,24.5818],[-81.6596,24.6157]]],[[[-81.5623,24.6926],[-81.5837,24.6499],[-81.5515,24.6279],[-81.5696,24.6338],[-81.5621,24.6218],[-81.571,24.6068],[-81.5849,24.6179],[-81.5826,24.6024],[-81.6018,24.6162],[-81.581,24.6554],[-81.6173,24.6507],[-81.5963,24.6401],[-81.6271,24.6324],[-81.6271,24.6168],[-81.604,24.6246],[-81.6254,24.6151],[-81.6151,24.6076],[-81.634,24.5913],[-81.6265,24.581],[-81.614,24.5977],[-81.6038,24.5857],[-81.5101,24.6257],[-81.5157,24.6593],[-81.5623,24.6926]]],[[[-81.6901,24.6801],[-81.7032,24.6774],[-81.6974,24.6671],[-81.6901,24.6801]]],[[[-81.4126,24.6704],[-81.4251,24.6468],[-81.4062,24.6426],[-81.4126,24.6704]]],[[[-81.4557,24.6943],[-81.4685,24.6754],[-81.4504,24.6777],[-81.4651,24.6701],[-81.4521,24.6699],[-81.4637,24.6621],[-81.4449,24.656],[-81.4474,24.6393],[-81.4352,24.6532],[-81.4557,24.6943]]],[[[-81.3938,24.7446],[-81.4015,24.7235],[-81.371,24.6688],[-81.3757,24.6515],[-81.3393,24.6593],[-81.3471,24.6374],[-81.3676,24.6343],[-81.3335,24.639],[-81.3557,24.6896],[-81.3485,24.7029],[-81.3938,24.7446]]],[[[-81.339,24.7051],[-81.3118,24.6735],[-81.3184,24.7007],[-81.339,24.7051]]],[[[-81.0297,24.7304],[-81.0418,24.7435],[-81.0676,24.7199],[-81.1249,24.7068],[-81.0832,24.7121],[-81.1165,24.6979],[-81.0788,24.689],[-81.0676,24.7149],[-81.0297,24.7304]]],[[[-80.9182,24.7782],[-80.8868,24.7893],[-80.9546,24.7704],[-80.9818,24.7468],[-80.9885,24.7601],[-80.9912,24.7441],[-81.0301,24.7221],[-80.9182,24.7782]]],[[[-81.3048,24.7549],[-81.3146,24.7505],[-81.2993,24.7438],[-81.3048,24.7549]]],[[[-81.4318,24.7593],[-81.4068,24.729],[-81.4032,24.7546],[-81.4129,24.7457],[-81.4318,24.7593]]],[[[-81.4379,24.8051],[-81.4643,24.786],[-81.446,24.7476],[-81.4557,24.7829],[-81.4379,24.8051]]],[[[-81.4615,24.801],[-81.4765,24.7982],[-81.4737,24.7799],[-81.4615,24.801]]],[[[-81.2907,24.8267],[-81.3015,24.8163],[-81.281,24.8013],[-81.2907,24.8267]]],[[[-81.5174,24.7096],[-81.5212,24.6701],[-81.5062,24.6549],[-81.479,24.6593],[-81.4776,24.6446],[-81.4782,24.6821],[-81.5174,24.7096]]],[[[-81.4499,24.746],[-81.4546,24.7221],[-81.4262,24.6882],[-81.4149,24.6982],[-81.4204,24.6813],[-81.3979,24.6587],[-81.3987,24.6791],[-81.3857,24.6507],[-81.3946,24.6896],[-81.4224,24.7001],[-81.4499,24.746]]],[[[-81.486,24.7154],[-81.4674,24.6804],[-81.4623,24.6963],[-81.486,24.7154]]],[[[-81.3269,24.7476],[-81.3254,24.7285],[-81.3001,24.7138],[-81.3269,24.7476]]],[[[-81.591,24.7214],[-81.5935,24.7104],[-81.574,24.7229],[-81.591,24.7214]]],[[[-81.5554,24.7601],[-81.5738,24.7499],[-81.5462,24.7499],[-81.5554,24.7601]]],[[[-81.4893,24.7938],[-81.5054,24.7807],[-81.4863,24.7788],[-81.4871,24.7565],[-81.4768,24.7804],[-81.4893,24.7938]]],[[[-81.6746,25.8762],[-81.6974,25.8704],[-81.6804,25.8457],[-81.6746,25.8762]]],[[[-81.7057,25.8932],[-81.6985,25.8724],[-81.6804,25.8782],[-81.7057,25.8932]]],[[[-81.8735,26.4046],[-81.8854,26.3951],[-81.861,26.379],[-81.8735,26.4046]]],[[[-82.1237,24.5968],[-82.1457,24.5863],[-82.1346,24.5938],[-82.1071,24.5576],[-82.1001,24.5824],[-82.1237,24.5968]]],[[[-81.3596,25.7962],[-81.3623,25.7823],[-81.3401,25.7857],[-81.3596,25.7962]]],[[[-81.3791,25.7979],[-81.3896,25.7904],[-81.3649,25.7821],[-81.3791,25.7979]]],[[[-81.3961,25.8035],[-81.4007,25.7926],[-81.3957,25.809],[-81.3876,25.8001],[-81.3951,25.8132],[-81.383,25.8209],[-81.3682,25.8032],[-81.3687,25.8141],[-81.3968,25.8277],[-81.3961,25.8035]]],[[[-81.4132,25.8007],[-81.3949,25.8313],[-81.4212,25.8535],[-81.4561,25.8605],[-81.4829,25.8421],[-81.4604,25.8179],[-81.4449,25.831],[-81.4571,25.8393],[-81.4232,25.8479],[-81.4407,25.8296],[-81.4163,25.841],[-81.4076,25.8232],[-81.4385,25.8246],[-81.424,25.8071],[-81.4185,25.8205],[-81.4132,25.8007]]],[[[-81.5535,25.8971],[-81.5612,25.8621],[-81.5504,25.8607],[-81.551,25.8832],[-81.5326,25.8782],[-81.5468,25.8496],[-81.5301,25.8818],[-81.5535,25.8971]]],[[[-81.6597,25.899],[-81.6851,25.8882],[-81.6693,25.8815],[-81.6597,25.899]]],[[[-82.7223,27.5289],[-82.7447,27.5381],[-82.6886,27.4443],[-82.6988,27.497],[-82.7223,27.5289]]],[[[-82.7131,27.6461],[-82.725,27.6209],[-82.742,27.6438],[-82.7369,27.6121],[-82.7008,27.6289],[-82.6944,27.6406],[-82.7135,27.6268],[-82.7131,27.6461]]],[[[-82.7617,27.7814],[-82.7828,27.7807],[-82.7561,27.7381],[-82.7617,27.7814]]],[[[-82.7211,27.6933],[-82.7315,27.6752],[-82.7158,27.6511],[-82.7211,27.6933]]],[[[-82.7447,27.7444],[-82.7595,27.7569],[-82.7371,27.6825],[-82.7253,27.7072],[-82.7447,27.7444]]],[[[-82.8294,27.9639],[-82.8494,27.8633],[-82.8267,27.8197],[-82.7831,27.7825],[-82.7792,27.8008],[-82.8215,27.819],[-82.8492,27.8692],[-82.8294,27.9639]]],[[[-82.8158,27.9928],[-82.8225,27.9769],[-82.8075,27.9667],[-82.8158,27.9928]]],[[[-82.8136,28.0287],[-82.8183,28.0476],[-82.8213,27.9642],[-82.8258,28.0189],[-82.8144,28.0036],[-82.8136,28.0287]]],[[[-82.3688,26.9426],[-82.4314,27.0469],[-82.3379,26.9301],[-82.3146,26.8732],[-82.3382,26.8988],[-82.3374,26.8863],[-82.2826,26.8163],[-82.3018,26.8474],[-82.261,26.8329],[-82.2374,26.8024],[-82.2057,26.8201],[-82.2149,26.7982],[-82.184,26.7893],[-82.1643,26.8249],[-82.1732,26.7963],[-82.1618,26.7812],[-82.1479,26.8018],[-82.1835,26.9365],[-82.2363,26.9657],[-82.2953,27.0503],[-82.2661,27.0097],[-82.2697,27.0208],[-82.2368,27.001],[-82.2318,26.9715],[-82.1971,26.9632],[-82.1865,26.9813],[-82.1532,26.924],[-82.1149,26.951],[-82.1207,26.9654],[-82.0596,26.9496],[-82.0532,26.9654],[-82.0049,26.9754],[-81.9949,27.0001],[-81.994,26.9665],[-81.984,26.9962],[-81.9737,26.9796],[-81.9996,26.9574],[-82.0971,26.9151],[-82.0918,26.8915],[-82.0601,26.8793],[-82.0515,26.8054],[-82.0901,26.6779],[-82.0468,26.609],[-82.0582,26.5485],[-82.0407,26.5246],[-82.0165,26.529],[-81.9943,26.4982],[-82.0074,26.4904],[-82.0088,26.5026],[-82.0115,26.4835],[-81.9457,26.474],[-81.9199,26.4415],[-81.9121,26.4635],[-81.9062,26.439],[-81.8832,26.4385],[-81.8704,26.459],[-81.8832,26.4854],[-81.8546,26.4451],[-81.8374,26.3476],[-81.876,26.3863],[-81.8248,26.2904],[-81.8015,26.091],[-81.7593,25.9996],[-81.7515,25.9924],[-81.7701,26.051],[-81.7412,26.0238],[-81.7135,26.0421],[-81.744,26.0141],[-81.7162,25.9932],[-81.7396,25.9749],[-81.711,25.986],[-81.709,25.9646],[-81.6988,25.9801],[-81.6926,25.9671],[-81.668,25.9726],[-81.6665,25.9565],[-81.7001,25.9604],[-81.6349,25.9387],[-81.636,25.9104],[-81.6221,25.9254],[-81.6326,25.896],[-81.6151,25.9068],[-81.6148,25.9324],[-81.5871,25.9413],[-81.6193,25.9129],[-81.5771,25.9237],[-81.5793,25.9051],[-81.6118,25.9157],[-81.6113,25.896],[-81.5787,25.8971],[-81.589,25.8799],[-81.5582,25.8993],[-81.5315,25.8943],[-81.5293,25.8507],[-81.5199,25.8696],[-81.4965,25.8632],[-81.5199,25.8615],[-81.5251,25.8443],[-81.5129,25.839],[-81.5126,25.8504],[-81.5088,25.8335],[-81.5104,25.8568],[-81.4871,25.8607],[-81.5029,25.849],[-81.4871,25.844],[-81.484,25.8601],[-81.4723,25.8627],[-81.4785,25.8487],[-81.456,25.8613],[-81.5099,25.8774],[-81.4793,25.8907],[-81.4784,25.9057],[-81.4754,25.8899],[-81.4587,25.8932],[-81.4737,25.889],[-81.4579,25.8668],[-81.3913,25.8543],[-81.3621,25.8096],[-81.3365,25.834],[-81.3404,25.7946],[-81.3112,25.786],[-81.3765,25.7668],[-81.3368,25.7591],[-81.346,25.7215],[-81.3032,25.6932],[-81.2885,25.7082],[-81.2757,25.6999],[-81.2862,25.6649],[-81.2681,25.6671],[-81.2743,25.6388],[-81.2629,25.6474],[-81.2471,25.6324],[-81.234,25.6026],[-81.2435,25.5912],[-81.2204,25.5757],[-81.234,25.5724],[-81.2265,25.5577],[-81.1877,25.5549],[-81.2107,25.5171],[-81.2012,25.4946],[-81.1804,25.4751],[-81.1646,25.489],[-81.1599,25.4743],[-81.1421,25.4801],[-81.1685,25.4588],[-81.1546,25.4279],[-81.129,25.431],[-81.1532,25.4249],[-81.1363,25.4151],[-81.1507,25.4135],[-81.1485,25.3857],[-81.1076,25.3763],[-81.124,25.3718],[-81.106,25.3565],[-81.1149,25.351],[-81.0624,25.3515],[-81.0371,25.3229],[-81.0001,25.3368],[-81.0024,25.3157],[-80.9851,25.3304],[-80.9999,25.3324],[-80.9901,25.3477],[-80.9799,25.3254],[-80.9621,25.3338],[-80.9671,25.3043],[-80.9496,25.3143],[-80.9571,25.2968],[-80.941,25.2713],[-80.9262,25.2846],[-80.9401,25.2485],[-80.9163,25.2379],[-80.9274,25.2565],[-80.9157,25.2704],[-80.9043,25.2529],[-80.9265,25.2118],[-80.9976,25.2115],[-81.0699,25.2551],[-81.0676,25.279],[-81.0921,25.2763],[-81.0799,25.2833],[-81.0888,25.311],[-81.1219,25.3307],[-81.1457,25.3268],[-81.1718,25.2235],[-81.1424,25.1835],[-81.0821,25.1435],[-81.1074,25.144],[-81.1387,25.1835],[-81.1413,25.1571],[-81.0835,25.1165],[-80.9004,25.1396],[-80.8979,25.1626],[-80.8788,25.1729],[-80.8468,25.1774],[-80.8257,25.1604],[-80.8065,25.1838],[-80.7946,25.1771],[-80.8007,25.1429],[-80.7826,25.1654],[-80.7776,25.1374],[-80.769,25.1615],[-80.7226,25.1449],[-80.7476,25.1596],[-80.7304,25.1669],[-80.7054,25.1399],[-80.6782,25.1741],[-80.6526,25.1638],[-80.6726,25.1387],[-80.634,25.1763],[-80.6624,25.1751],[-80.6518,25.1918],[-80.606,25.2029],[-80.6104,25.1821],[-80.626,25.1851],[-80.6121,25.176],[-80.5821,25.2104],[-80.5652,25.2093],[-80.5776,25.201],[-80.5651,25.1924],[-80.5621,25.2124],[-80.5357,25.199],[-80.5401,25.2129],[-80.524,25.2218],[-80.4979,25.1996],[-80.4662,25.2121],[-80.4387,25.1799],[-80.4358,25.2027],[-80.456,25.2215],[-80.4916,25.2281],[-80.4464,25.2447],[-80.4171,25.1959],[-80.3914,25.1903],[-80.3873,25.2047],[-80.4082,25.2057],[-80.4315,25.2461],[-80.3969,25.2723],[-80.4009,25.2873],[-80.3785,25.2971],[-80.371,25.3235],[-80.3426,25.3232],[-80.3054,25.3854],[-80.3299,25.399],[-80.3176,25.4382],[-80.3368,25.4557],[-80.3407,25.4904],[-80.3026,25.5688],[-80.3071,25.6124],[-80.2718,25.6393],[-80.2557,25.6793],[-80.2657,25.6885],[-80.2501,25.6887],[-80.2407,25.7243],[-80.204,25.7477],[-80.1562,25.7282],[-80.1782,25.686],[-80.1546,25.6685],[-80.1474,25.724],[-80.1599,25.7326],[-80.1407,25.7463],[-80.149,25.7574],[-80.1724,25.7507],[-80.1632,25.7388],[-80.2004,25.749],[-80.1829,25.7785],[-80.1449,25.7665],[-80.1846,25.7804],[-80.1849,25.8105],[-80.1385,25.8093],[-80.151,25.791],[-80.1798,25.7893],[-80.146,25.789],[-80.1304,25.7643],[-80.1218,25.8988],[-80.1393,25.889],[-80.1413,25.8724],[-80.1243,25.8713],[-80.1432,25.8635],[-80.129,25.8593],[-80.1721,25.8526],[-80.1304,25.9063],[-80.1307,25.9293],[-80.1212,25.8999],[-80.1076,26.0918],[-80.1146,26.081],[-80.1199,26.0987],[-80.1049,26.0954],[-80.0413,26.5454],[-80.0351,26.7721],[-80.0465,26.7043],[-80.0382,26.5951],[-80.0537,26.5287],[-80.0515,26.7754],[-80.0312,26.7735],[-80.0321,26.8029],[-80.0715,26.9437],[-80.0893,26.946],[-80.0649,26.8351],[-80.0543,26.829],[-80.0526,26.8418],[-80.0393,26.8251],[-80.0449,26.7832],[-80.0862,26.9399],[-80.1204,26.9424],[-80.1115,26.951],[-80.1357,26.9737],[-80.1018,26.9515],[-80.1121,26.9801],[-80.0982,26.9513],[-80.0799,26.9479],[-80.12,27.0592],[-80.071,26.9446],[-80.1575,27.1629],[-80.1775,27.1622],[-80.1408,27.1053],[-80.1801,27.1641],[-80.1956,27.1467],[-80.2144,27.2036],[-80.2578,27.2017],[-80.2589,27.1565],[-80.2686,27.2047],[-80.3228,27.2403],[-80.3234,27.254],[-80.2928,27.2408],[-80.2611,27.2028],[-80.2567,27.215],[-80.2135,27.2175],[-80.1864,27.177],[-80.3158,27.4273],[-80.389,27.6847],[-80.49,27.8531],[-80.5053,27.8297],[-80.4936,27.8691],[-80.745,28.3981],[-80.7341,28.4033],[-80.7489,28.4089],[-80.7819,28.5086],[-80.7645,28.5286],[-80.7803,28.5289],[-80.7978,28.5589],[-80.8506,28.7975],[-80.7972,28.7719],[-80.8069,28.7603],[-80.7739,28.7533],[-80.7463,28.7057],[-80.7286,28.705],[-80.7556,28.7058],[-80.7717,28.6819],[-80.7847,28.6903],[-80.7781,28.6525],[-80.8028,28.6494],[-80.7642,28.6425],[-80.7842,28.6219],[-80.7661,28.6072],[-80.7261,28.6042],[-80.7289,28.5281],[-80.7598,28.5282],[-80.7286,28.5253],[-80.7192,28.4069],[-80.732,28.4033],[-80.7192,28.4019],[-80.7161,28.3561],[-80.6044,28.1425],[-80.6617,28.2608],[-80.6847,28.3639],[-80.6728,28.3703],[-80.6567,28.2997],[-80.6608,28.3556],[-80.6441,28.3567],[-80.6644,28.3714],[-80.6635,28.4015],[-80.648,28.4048],[-80.6631,28.4075],[-80.66,28.4328],[-80.6392,28.5042],[-80.6147,28.5158],[-80.6056,28.5528],[-80.6067,28.585],[-80.6211,28.5936],[-80.5872,28.5744],[-80.6017,28.5272],[-80.5858,28.4986],[-80.6106,28.5119],[-80.5864,28.4958],[-80.6036,28.4211],[-80.6454,28.4057],[-80.6091,28.3861],[-80.6156,28.3586],[-80.6429,28.3581],[-80.6119,28.3486],[-80.6439,28.3158],[-80.6189,28.3106],[-80.6281,28.2975],[-80.6119,28.3039],[-80.6119,28.1672],[-80.5229,27.9929],[-80.5108,27.9359],[-80.4791,27.9118],[-80.4752,27.875],[-80.4578,27.8728],[-80.4564,27.8486],[-80.4281,27.8206],[-80.4414,27.805],[-80.3847,27.7231],[-80.3831,27.6992],[-80.3864,27.7236],[-80.3978,27.7217],[-80.3806,27.6783],[-80.3684,27.6799],[-80.3727,27.6526],[-80.3367,27.5944],[-80.327,27.5506],[-80.3372,27.5443],[-80.3186,27.5331],[-80.3283,27.5042],[-80.3185,27.4828],[-80.3044,27.495],[-80.3225,27.4731],[-80.2903,27.4728],[-80.3842,27.7424],[-80.5342,28.02],[-80.5831,28.1506],[-80.6081,28.3103],[-80.5908,28.4078],[-80.6314,28.4094],[-80.585,28.4119],[-80.5253,28.4517],[-80.5747,28.5847],[-80.71,28.7564],[-80.9107,29.0719],[-80.9042,29.0363],[-80.9158,29.0236],[-80.8969,28.9922],[-80.8831,29.0006],[-80.8947,28.9956],[-80.8889,28.9758],[-80.8336,28.9408],[-80.7681,28.8422],[-80.7758,28.8178],[-80.7539,28.8197],[-80.7667,28.8136],[-80.7514,28.8153],[-80.7228,28.7714],[-80.7364,28.7628],[-80.7119,28.7567],[-80.6494,28.6767],[-80.6578,28.6678],[-80.6364,28.6564],[-80.6856,28.6706],[-80.7669,28.7572],[-80.918,29.0188],[-80.9097,29.0514],[-80.9506,29.0867],[-80.968,29.0817],[-80.9606,29.0519],[-80.9712,29.0776],[-80.9892,29.073],[-80.9758,29.0947],[-80.9497,29.0975],[-80.9747,29.1436],[-80.9781,29.1286],[-81.0855,29.3543],[-81.0875,29.3431],[-81.1,29.3531],[-81.0869,29.3767],[-81.1503,29.5169],[-81.032,29.2537],[-80.9475,29.0953],[-80.9208,29.0789],[-81.0622,29.3389],[-81.2521,29.7683],[-81.2757,29.9013],[-81.2953,29.91],[-81.3894,30.2936],[-81.3972,30.3786],[-81.3767,30.4017],[-81.4139,30.4211],[-81.412,30.4855],[-81.4567,30.5125],[-81.436,30.5245],[-81.4445,30.5769],[-81.4287,30.6938],[-81.4017,30.7092],[-81.4667,30.6928],[-81.5015,30.7286],[-81.5295,30.7249],[-81.5265,30.7459],[-81.5397,30.7497],[-81.5273,30.7335],[-81.5382,30.714],[-81.5777,30.7351],[-81.5689,30.7259],[-81.6055,30.7323],[-81.6094,30.7172],[-81.6251,30.7367],[-81.6528,30.7315],[-81.6615,30.754],[-81.6827,30.7493],[-81.675,30.74],[-81.7205,30.7469],[-81.766,30.7762],[-81.7803,30.7623],[-81.8094,30.7913],[-81.8689,30.7956],[-81.902,30.8298],[-81.9107,30.8175],[-81.9516,30.8264],[-81.9729,30.7806],[-82.0196,30.7897],[-82.0162,30.7627],[-82.0418,30.7508],[-82.0515,30.6577],[-82.0089,30.5716],[-82.0197,30.4747],[-82.0446,30.4115],[-82.0359,30.3766],[-82.0671,30.3571],[-82.1618,30.3591],[-82.2048,30.4053],[-82.2015,30.48],[-82.24,30.5387],[-82.2213,30.5687],[-84.8665,30.7116],[-84.8935,30.7481],[-84.9164,30.7542],[-84.938,30.8269],[-84.9276,30.8441],[-84.9367,30.8872],[-84.9819,30.9346],[-84.9796,30.962],[-85.0023,30.9752],[-85.0035,31.0021],[-87.6012,31.0004],[-87.5921,30.9539],[-87.6372,30.867],[-87.5488,30.782],[-87.5285,30.7411],[-87.4082,30.6749],[-87.397,30.6125],[-87.4478,30.5159],[-87.4269,30.4686],[-87.4003,30.4525],[-87.3678,30.4586],[-87.3408,30.4303],[-87.3981,30.4003],[-87.4256,30.4025],[-87.4253,30.3742],[-87.4408,30.3653],[-87.4278,30.3525],[-87.4122,30.3722],[-87.4144,30.3461],[-87.4419,30.3239],[-87.4231,30.3228],[-87.4983,30.3128],[-87.4011,30.309],[-87.3064,30.3451],[-87.2645,30.3444],[-87.2642,30.3742],[-87.3356,30.3653],[-87.2824,30.3734],[-87.2836,30.3842],[-87.2714,30.3731],[-87.241,30.3963],[-87.2683,30.4],[-87.26,30.4144],[-87.2425,30.3989],[-87.2094,30.4011],[-87.1758,30.4266],[-87.1497,30.4911],[-87.1891,30.5341],[-87.169,30.5433],[-87.1881,30.5619],[-87.1864,30.5847],[-87.1527,30.5768],[-87.1421,30.5532],[-87.1072,30.5481],[-87.1328,30.5322],[-87.0931,30.5228],[-87.1025,30.4454],[-87.0682,30.4473],[-87.0378,30.5391],[-87.0016,30.5698],[-87.0283,30.595],[-87.0339,30.63],[-87.0328,30.6097],[-86.9835,30.5724],[-87.0029,30.5491],[-86.9914,30.5228],[-87.01,30.5242],[-87.0178,30.5029],[-86.8765,30.4394],[-86.9356,30.4547],[-87.0147,30.4034],[-87.0865,30.3991],[-87.1442,30.3689],[-87.2028,30.3611],[-87.1842,30.3442],[-86.9497,30.3953],[-86.7786,30.41],[-86.5908,30.4034],[-86.5917,30.4272],[-86.6375,30.4325],[-86.6019,30.4261],[-86.5914,30.4425],[-86.6131,30.4509],[-86.5882,30.476],[-86.5961,30.4531],[-86.5758,30.4553],[-86.5858,30.4328],[-86.5575,30.4297],[-86.5364,30.4542],[-86.4919,30.4617],[-86.478,30.4819],[-86.5022,30.5011],[-86.4853,30.5045],[-86.4983,30.5217],[-86.4673,30.4847],[-86.4544,30.5111],[-86.4189,30.5076],[-86.4483,30.4967],[-86.4208,30.4514],[-86.255,30.4867],[-86.2211,30.475],[-86.2003,30.4969],[-86.205,30.4764],[-86.1881,30.4547],[-86.1342,30.4718],[-86.1617,30.4528],[-86.1658,30.4083],[-86.153,30.4308],[-86.1236,30.4291],[-86.1386,30.4214],[-86.115,30.4125],[-86.1247,30.3989],[-86.1044,30.3905],[-86.1125,30.3728],[-86.1653,30.3825],[-86.1679,30.402],[-86.1786,30.3895],[-86.2481,30.4286],[-86.2683,30.4156],[-86.2296,30.3996],[-86.2456,30.39],[-86.3017,30.3969],[-86.3136,30.4233],[-86.3287,30.3828],[-86.4882,30.418],[-86.4867,30.4056],[-86.4969,30.4144],[-86.5161,30.3967],[-86.4883,30.3894],[-86.5097,30.3897],[-86.5025,30.3819],[-86.275,30.3578],[-86.0528,30.3008],[-86.0648,30.2945],[-85.9914,30.2686],[-85.9992,30.2839],[-85.9628,30.2808],[-85.955,30.2658],[-85.9886,30.2661],[-85.83,30.1897],[-85.7342,30.1222],[-85.7261,30.1303],[-85.7758,30.1631],[-85.7242,30.1349],[-85.71,30.1464],[-85.7517,30.1719],[-85.7422,30.2161],[-85.7703,30.2242],[-85.7625,30.2417],[-85.7986,30.2531],[-85.8217,30.2264],[-85.8492,30.2325],[-85.8458,30.2764],[-85.8642,30.3011],[-85.845,30.2844],[-85.8156,30.285],[-85.8081,30.2992],[-85.7803,30.2867],[-85.7631,30.3133],[-85.73,30.2789],[-85.7197,30.2339],[-85.6997,30.2636],[-85.6617,30.2672],[-85.6486,30.2886],[-85.6469,30.2628],[-85.6239,30.2803],[-85.6036,30.2722],[-85.5892,30.3425],[-85.5731,30.3281],[-85.5836,30.3067],[-85.5525,30.2719],[-85.5786,30.3014],[-85.5936,30.2731],[-85.5858,30.2581],[-85.6053,30.2669],[-85.6031,30.2425],[-85.6139,30.2561],[-85.6792,30.2497],[-85.6817,30.2197],[-85.7364,30.1875],[-85.7336,30.1767],[-85.6714,30.16],[-85.6469,30.1347],[-85.6358,30.1361],[-85.6406,30.1561],[-85.6331,30.1361],[-85.5931,30.1244],[-85.6047,30.1042],[-85.5681,30.1192],[-85.5586,30.1586],[-85.5597,30.1208],[-85.505,30.1361],[-85.5242,30.1233],[-85.5242,30.0953],[-85.4881,30.0961],[-85.4944,30.0633],[-85.4783,30.0306],[-85.4556,30.0308],[-85.4292,30.0811],[-85.4367,30.0586],[-85.3928,30.0525],[-85.3928,30.0267],[-85.4261,30.045],[-85.4397,30.0239],[-85.4128,30.0258],[-85.4725,30.0056],[-85.4697,30.0194],[-85.5383,30.0589],[-85.5328,30.0789],[-85.5875,30.1],[-85.5877,30.0892],[-85.6111,30.1019],[-85.6178,30.0925],[-85.6297,30.1053],[-85.6167,30.1028],[-85.62,30.1236],[-85.6503,30.1156],[-85.6697,30.1422],[-85.6869,30.1228],[-85.5975,30.0636],[-85.6139,30.0656],[-85.5497,30.0061],[-85.5869,30.0556],[-85.4696,29.9713],[-85.5001,29.9845],[-85.4928,29.9736],[-85.4566,29.9633],[-85.5283,29.9929],[-85.51,29.9722],[-85.4017,29.9358],[-85.3178,29.8389],[-85.3016,29.8002],[-85.3084,29.7035],[-85.3132,29.6877],[-85.3628,29.6794],[-85.41,29.805],[-85.3844,29.8769],[-85.4167,29.8436],[-85.3953,29.7344],[-85.3517,29.6636],[-85.3045,29.6838],[-85.2372,29.6762],[-85.2214,29.6856],[-85.2613,29.6844],[-85.1147,29.717],[-84.9906,29.715],[-84.9789,29.7303],[-84.9549,29.7278],[-84.9886,29.7469],[-84.9594,29.7394],[-84.9245,29.7611],[-84.9153,29.7753],[-84.9344,29.7948],[-84.8859,29.7846],[-84.8928,29.808],[-84.8733,29.7969],[-84.855,29.8131],[-84.9014,29.74],[-84.8878,29.7225],[-84.5239,29.9136],[-84.4928,29.9094],[-84.4444,29.9297],[-84.3599,29.9039],[-84.4408,29.9161],[-84.4237,29.9028],[-84.3467,29.8975],[-84.3386,29.9472],[-84.441,29.9613],[-84.4402,29.9983],[-84.3417,29.9707],[-84.37,30.0114],[-84.3725,29.9911],[-84.3903,29.9942],[-84.3847,30.0369],[-84.3619,30.0161],[-84.3458,30.0793],[-84.2978,30.0572],[-84.28,30.0719],[-84.2767,30.0603],[-84.2706,30.1119],[-84.2653,30.0992],[-84.2431,30.1058],[-84.2386,30.0856],[-84.2122,30.0919],[-84.2006,30.125],[-84.2131,30.1542],[-84.1942,30.0994],[-84.1797,30.0919],[-84.1636,30.1086],[-84.179,30.0728],[-84.1364,30.0814],[-84.1325,30.1028],[-84.1164,30.0867],[-83.9997,30.1069],[-83.9961,30.0825],[-83.9797,30.115],[-83.9892,30.0772],[-83.9538,30.067],[-83.9336,30.04],[-83.9203,30.0478],[-83.9253,30.0347],[-83.8521,30.0068],[-83.8289,29.9822],[-83.7833,29.9847],[-83.6806,29.9226],[-83.5867,29.82],[-83.5848,29.7594],[-83.5672,29.7625],[-83.5483,29.7283],[-83.4922,29.7119],[-83.4839,29.6881],[-83.3897,29.6711],[-83.4144,29.6639],[-83.3975,29.6036],[-83.4084,29.5923],[-83.4008,29.5178],[-83.3122,29.4738],[-83.2953,29.4368],[-83.2744,29.4397],[-83.279,29.4271],[-83.2383,29.4345],[-83.2177,29.4192],[-83.2005,29.3742],[-83.1889,29.3767],[-83.2022,29.3711],[-83.1711,29.3667],[-83.1847,29.3544],[-83.1542,29.3225],[-83.1664,29.2939],[-83.1308,29.2903],[-83.1064,29.2684],[-83.0808,29.2869],[-83.0956,29.2675],[-83.0764,29.2706],[-83.0753,29.2455],[-83.0489,29.2347],[-83.0775,29.2253],[-83.0636,29.2156],[-83.0711,29.1917],[-83.0586,29.1919],[-83.0592,29.175],[-83.05,29.1884],[-83.0447,29.1633],[-83.0281,29.165],[-83.0367,29.1419],[-83.0456,29.1569],[-83.0658,29.1503],[-83.0531,29.1264],[-83.0178,29.1428],[-83.0092,29.1581],[-83.0306,29.1525],[-83.0105,29.1738],[-82.8328,29.1542],[-82.7961,29.1747],[-82.8092,29.125],[-82.7858,29.1125],[-82.8231,29.0992],[-82.8181,29.0875],[-82.8031,29.0942],[-82.8172,29.075],[-82.7867,29.0786],[-82.7553,29.0519],[-82.7586,29.0347],[-82.74,29.0217],[-82.7747,29.0025],[-82.7269,28.9961],[-82.7236,28.9628],[-82.7836,28.9419],[-82.7181,28.9525],[-82.6892,28.9261],[-82.5967,28.8972],[-82.6001,28.8781],[-82.6169,28.9033],[-82.6557,28.902],[-82.6319,28.8878],[-82.6392,28.87],[-82.6506,28.8878],[-82.6635,28.8817],[-82.6414,28.8519],[-82.6533,28.8436],[-82.6514,28.8578],[-82.6772,28.8725],[-82.6942,28.8567],[-82.7116,28.8741],[-82.733,28.8537],[-82.7187,28.8259],[-82.6839,28.8294],[-82.7097,28.8256],[-82.7017,28.8069],[-82.6831,28.8186],[-82.7133,28.8022],[-82.6861,28.7994],[-82.6897,28.7572],[-82.6403,28.7619],[-82.6608,28.7494],[-82.6541,28.74],[-82.6876,28.7377],[-82.6756,28.725],[-82.695,28.7242],[-82.6893,28.7101],[-82.6633,28.7154],[-82.634,28.697],[-82.6258,28.7133],[-82.6135,28.7066],[-82.6242,28.7178],[-82.6097,28.7147],[-82.6575,28.6708],[-82.6489,28.6638],[-82.6689,28.6672],[-82.657,28.6361],[-82.6675,28.6197],[-82.6583,28.6325],[-82.6506,28.6208],[-82.6642,28.6056],[-82.6437,28.5841],[-82.6581,28.5681],[-82.6478,28.5708],[-82.651,28.5518],[-82.6635,28.5513],[-82.6411,28.5331],[-82.6681,28.5278],[-82.655,28.5142],[-82.6767,28.5006],[-82.6647,28.4853],[-82.6842,28.465],[-82.6687,28.4426],[-82.6974,28.4206],[-82.6867,28.4075],[-82.7078,28.4028],[-82.7033,28.3689],[-82.736,28.3059],[-82.7184,28.3053],[-82.7367,28.3],[-82.7263,28.2898],[-82.7444,28.2783],[-82.7392,28.2569],[-82.7631,28.2408],[-82.7514,28.2292],[-82.7987,28.1866],[-82.7686,28.1606],[-82.7695,28.1476],[-82.8008,28.1708],[-82.7758,28.1097],[-82.7839,28.0808],[-82.7703,28.0856],[-82.7797,28.0564],[-82.8272,28.0633],[-82.8369,28.0899],[-82.8306,28.0612],[-82.7861,28.0481],[-82.7919,27.9881],[-82.8489,27.8736],[-82.8325,27.8354],[-82.7703,27.7992],[-82.7786,27.8636],[-82.7442,27.7724],[-82.7569,27.7589],[-82.7428,27.77],[-82.7481,27.7478],[-82.6939,27.7367],[-82.6988,27.7197],[-82.68,27.7138],[-82.6782,27.6943],[-82.6768,27.7061],[-82.6381,27.7039],[-82.6272,27.7211],[-82.6269,27.7411],[-82.6399,27.7382],[-82.6227,27.7448],[-82.6331,27.7989],[-82.6109,27.79],[-82.5881,27.8156],[-82.6103,27.8411],[-82.5894,27.8281],[-82.5962,27.8642],[-82.6147,27.8631],[-82.5822,27.8791],[-82.61,27.8734],[-82.6375,27.8892],[-82.6281,27.9111],[-82.6495,27.8954],[-82.655,27.9108],[-82.7283,27.9369],[-82.7164,27.9575],[-82.6522,27.9658],[-82.6947,27.9625],[-82.6917,27.9758],[-82.7042,27.9656],[-82.6754,28.0052],[-82.6957,28.0365],[-82.6655,28.0285],[-82.6644,27.9996],[-82.6414,28.0194],[-82.6219,27.9928],[-82.5694,27.9725],[-82.6489,27.9664],[-82.5594,27.9697],[-82.5406,27.9478],[-82.5492,27.9408],[-82.5275,27.9356],[-82.5422,27.8914],[-82.5297,27.8773],[-82.555,27.8496],[-82.5455,27.858],[-82.5339,27.8325],[-82.4733,27.8217],[-82.4904,27.9182],[-82.4619,27.9375],[-82.4622,27.9097],[-82.4481,27.9072],[-82.4589,27.9406],[-82.4494,27.9281],[-82.4439,27.9433],[-82.4358,27.9039],[-82.4338,27.9401],[-82.4153,27.9506],[-82.3764,27.9472],[-82.4292,27.9308],[-82.42,27.9211],[-82.4347,27.8975],[-82.4119,27.8967],[-82.4031,27.8539],[-82.3092,27.8725],[-82.3984,27.8528],[-82.3878,27.8203],[-82.4125,27.8035],[-82.3997,27.8006],[-82.4817,27.7428],[-82.482,27.7196],[-82.4539,27.7035],[-82.4931,27.7197],[-82.5197,27.6944],[-82.5671,27.6263],[-82.5703,27.6093],[-82.559,27.6176],[-82.5533,27.5981],[-82.5772,27.6061],[-82.5778,27.5833],[-82.6311,27.5928],[-82.5937,27.5778],[-82.602,27.5564],[-82.5597,27.5747],[-82.6023,27.5256],[-82.6061,27.5444],[-82.6461,27.5314],[-82.5631,27.5072],[-82.4694,27.5331],[-82.4736,27.5186],[-82.505,27.521],[-82.5231,27.5047],[-82.5149,27.4819],[-82.5334,27.5038],[-82.5786,27.4961],[-82.6649,27.5227],[-82.6819,27.5147],[-82.6671,27.4974],[-82.6855,27.5116],[-82.6869,27.4861],[-82.6469,27.5033],[-82.6411,27.4737],[-82.6928,27.4753],[-82.6542,27.4522],[-82.6629,27.4453],[-82.58,27.4162],[-82.5415,27.3304],[-82.5411,27.27],[-82.5022,27.2272],[-82.4653,27.1161],[-82.4419,27.1272],[-82.4575,27.1128],[-82.4489,27.1069],[-82.4669,27.1117],[-82.4478,27.0647],[-82.3421,26.8951],[-82.3688,26.9426]],[[-87.3122,30.3228],[-87.5544,30.2722],[-87.4519,30.2964],[-87.4394,30.3122],[-87.4089,30.3008],[-87.3122,30.3228]]],[[[-82.5478,27.3042],[-82.5689,27.2758],[-82.5244,27.2331],[-82.4661,27.1136],[-82.5053,27.2167],[-82.5544,27.29],[-82.5478,27.3042]]],[[[-82.58,27.3307],[-82.5733,27.3386],[-82.5868,27.3191],[-82.5658,27.2975],[-82.58,27.3307]]],[[[-82.6359,27.3875],[-82.6902,27.4413],[-82.5824,27.3342],[-82.6359,27.3875]]],[[[-82.6719,27.6453],[-82.6653,27.6319],[-82.6773,27.6594],[-82.6719,27.6453]]],[[[-82.6061,27.5697],[-82.6328,27.5492],[-82.6092,27.5508],[-82.6061,27.5697]]],[[[-82.4242,27.8811],[-82.4358,27.8836],[-82.4372,27.8642],[-82.4242,27.8811]]],[[[-82.6715,28.7047],[-82.6823,28.7033],[-82.6603,28.7022],[-82.6715,28.7047]]],[[[-82.6649,28.9152],[-82.6949,28.9105],[-82.6389,28.9055],[-82.6649,28.9152]]],[[[-85.0789,29.6175],[-85.0981,29.6251],[-85.0471,29.5874],[-84.9611,29.6122],[-85.0261,29.5965],[-85.0789,29.6175]]],[[[-85.1122,29.6877],[-85.1498,29.6769],[-85.103,29.6688],[-85.2222,29.6787],[-85.1118,29.63],[-85.075,29.6741],[-85.1122,29.6877]]],[[[-84.6928,29.7628],[-84.775,29.7089],[-84.7692,29.6997],[-84.9217,29.6481],[-84.9578,29.6125],[-84.7842,29.6867],[-84.6928,29.7628]]],[[[-84.5731,29.8153],[-84.5744,29.8294],[-84.6247,29.7897],[-84.6742,29.7833],[-84.6242,29.7883],[-84.5731,29.8153]]],[[[-84.345,30.0517],[-84.3625,30.0256],[-84.3528,30.0128],[-84.3292,30.04],[-84.345,30.0517]]],[[[-85.7133,30.1197],[-85.727,30.1177],[-85.6206,30.0669],[-85.7133,30.1197]]],[[[-86.8561,30.3786],[-86.7279,30.3941],[-86.5172,30.3903],[-86.7547,30.4011],[-87.1291,30.3358],[-87.1508,30.3447],[-87.2108,30.3225],[-87.3019,30.33],[-87.2703,30.3167],[-87.2086,30.3205],[-86.8561,30.3786]]],[[[-80.7905,24.8429],[-80.849,24.8029],[-80.7949,24.8107],[-80.7876,24.8251],[-80.8107,24.826],[-80.7793,24.8393],[-80.7905,24.8429]]],[[[-80.9126,24.7778],[-80.9232,24.7649],[-80.9065,24.7682],[-80.9126,24.7778]]],[[[-81.0488,25.2877],[-81.0735,25.2818],[-81.0496,25.2429],[-81.0343,25.2524],[-81.0624,25.269],[-81.0488,25.2877]]],[[[-81.0057,25.2732],[-81.0462,25.2374],[-80.9676,25.2185],[-80.9638,25.2321],[-80.9851,25.2285],[-80.9793,25.2429],[-80.9893,25.2349],[-80.9965,25.2549],[-81.016,25.2529],[-81.0057,25.2732]]],[[[-80.9454,25.2704],[-80.9554,25.2621],[-80.944,25.2554],[-80.9454,25.2704]]],[[[-81.0576,25.3063],[-81.0724,25.3043],[-81.0563,25.2926],[-81.0712,25.2979],[-81.0743,25.2849],[-81.0321,25.2921],[-81.0576,25.3063]]],[[[-81.0558,25.3293],[-81.0665,25.3063],[-81.0382,25.3213],[-81.0558,25.3293]]],[[[-81.1315,25.3424],[-81.1521,25.3246],[-81.1221,25.3321],[-81.0857,25.3174],[-81.0982,25.3382],[-81.1315,25.3424]]],[[[-81.1032,25.3474],[-81.1185,25.3454],[-81.0896,25.3446],[-81.1032,25.3474]]],[[[-80.6471,24.9132],[-80.7671,24.836],[-80.566,24.9557],[-80.474,25.0607],[-80.4226,25.1065],[-80.3999,25.106],[-80.3557,25.1579],[-80.3676,25.161],[-80.3496,25.1693],[-80.3679,25.1699],[-80.2579,25.3349],[-80.2785,25.3338],[-80.329,25.2854],[-80.3647,25.2863],[-80.3314,25.2667],[-80.3524,25.2047],[-80.3814,25.1997],[-80.3763,25.1829],[-80.4034,25.1407],[-80.4228,25.1399],[-80.4217,25.1199],[-80.4416,25.1227],[-80.4329,25.1079],[-80.4471,25.0907],[-80.4782,25.1026],[-80.4818,25.0876],[-80.4607,25.0785],[-80.5182,25.0121],[-80.5451,25.014],[-80.5587,24.9713],[-80.5974,24.9668],[-80.5985,24.9482],[-80.6243,24.9474],[-80.6471,24.9132]]],[[[-80.4309,25.1509],[-80.4612,25.1615],[-80.4364,25.1367],[-80.4309,25.1509]]],[[[-80.6449,25.1382],[-80.6385,25.119],[-80.6588,25.1057],[-80.6426,25.0721],[-80.6465,25.1026],[-80.6315,25.119],[-80.6449,25.1382]]],[[[-80.2613,25.3513],[-80.2765,25.3354],[-80.254,25.3365],[-80.2613,25.3513]]],[[[-80.2404,25.3979],[-80.2588,25.3601],[-80.2396,25.3499],[-80.229,25.3832],[-80.2404,25.3979]]],[[[-80.1774,25.4843],[-80.2288,25.3913],[-80.2051,25.4115],[-80.1774,25.4843]]],[[[-80.1958,27.2554],[-80.2902,27.4704],[-80.316,27.4609],[-80.2914,27.4596],[-80.2968,27.4337],[-80.2644,27.3961],[-80.2579,27.3515],[-80.2467,27.3542],[-80.2592,27.3481],[-80.2378,27.3394],[-80.2269,27.2833],[-80.1926,27.2451],[-80.1893,27.2079],[-80.1661,27.1994],[-80.1692,27.1711],[-80.1534,27.1691],[-80.1958,27.2554]]],[[[-80.4239,27.79],[-80.4339,27.7836],[-80.4211,27.7675],[-80.4239,27.79]]],[[[-80.7706,28.7686],[-80.7778,28.7789],[-80.7656,28.7597],[-80.7706,28.7686]]],[[[-80.8375,28.9403],[-80.8517,28.9339],[-80.8386,28.9194],[-80.8375,28.9403]]],[[[-81.9499,26.4657],[-81.9682,26.464],[-81.8821,26.404],[-81.9499,26.4657]]],[[[-82.1965,26.5515],[-82.1837,26.4821],[-82.1279,26.4368],[-82.0715,26.4215],[-82.014,26.4524],[-82.0621,26.4693],[-82.0876,26.4432],[-82.0668,26.4657],[-82.0932,26.4546],[-82.1687,26.4935],[-82.1807,26.4868],[-82.1965,26.5515]]],[[[-82.2179,26.606],[-82.2235,26.5899],[-82.206,26.571],[-82.2179,26.606]]],[[[-82.1588,26.7068],[-82.1837,26.686],[-82.1746,26.6932],[-82.1813,26.6804],[-82.1418,26.6446],[-82.0979,26.5079],[-82.0943,26.489],[-82.1068,26.4871],[-82.0576,26.4935],[-82.0954,26.5871],[-82.0693,26.5799],[-82.0682,26.621],[-82.0835,26.6388],[-82.1121,26.6338],[-82.1118,26.6813],[-82.1588,26.7068]]],[[[-82.2465,26.7062],[-82.2618,26.6801],[-82.2221,26.6129],[-82.2465,26.7062]]],[[[-82.2643,26.7865],[-82.2824,26.811],[-82.2604,26.7165],[-82.2474,26.7671],[-82.2604,26.7638],[-82.2643,26.7865]]],[[[-82.191,26.7815],[-82.2068,26.7715],[-82.1685,26.776],[-82.191,26.7815]]],[[[-80.8356,28.9161],[-80.8444,28.9067],[-80.835,28.9144],[-80.8289,28.9019],[-80.8356,28.9161]]],[[[-80.8612,28.9296],[-80.8653,28.94],[-80.8483,28.8958],[-80.8612,28.9296]]],[[[-81.7276,25.9735],[-81.7504,25.9588],[-81.7288,25.9079],[-81.704,25.9243],[-81.7071,25.9085],[-81.6924,25.9093],[-81.6865,25.9365],[-81.6757,25.9115],[-81.6913,25.9024],[-81.6485,25.904],[-81.6497,25.9177],[-81.6732,25.9104],[-81.6665,25.9265],[-81.6635,25.9124],[-81.6435,25.9212],[-81.6552,25.9426],[-81.6904,25.9535],[-81.6749,25.9332],[-81.7276,25.9735]]],[[[-81.9979,26.9662],[-81.9996,26.9765],[-82.0126,26.964],[-81.9979,26.9662]]],[[[-81.7687,26.0415],[-81.7588,26.0154],[-81.744,26.0149],[-81.7687,26.0415]]]]}},{"type":"Feature","properties":{"gid":"USA.11_1","name":"佐治亚州","nameEn":"Georgia","nameLocal":"Georgia","type":"州","typeEn":"State","groupZh":"州","area":152564.2,"iso":"US-GA","engtype":"State","capital":"亚特兰大","pop":10713861,"blurb":"深南部州，亚特兰大是东南交通枢纽。"},"geometry":{"type":"MultiPolygon","coordinates":[[[[-82.0687,30.359],[-82.0359,30.3766],[-82.0446,30.4115],[-82.009,30.5634],[-82.0532,30.6751],[-82.0418,30.7508],[-82.0151,30.765],[-82.0196,30.7897],[-81.9761,30.7784],[-81.9553,30.8243],[-81.9107,30.8175],[-81.902,30.8298],[-81.8803,30.8017],[-81.8094,30.7913],[-81.7803,30.7623],[-81.766,30.7762],[-81.7205,30.7469],[-81.675,30.74],[-81.6827,30.7493],[-81.6647,30.7549],[-81.647,30.7287],[-81.6267,30.7371],[-81.6094,30.7172],[-81.6055,30.7323],[-81.5724,30.7346],[-81.5415,30.7127],[-81.5273,30.7335],[-81.5397,30.7497],[-81.5265,30.7459],[-81.5295,30.7249],[-81.5003,30.73],[-81.4892,30.7614],[-81.4997,30.7886],[-81.4917,30.8131],[-81.4783,30.8],[-81.4781,30.8214],[-81.4692,30.7734],[-81.4802,30.7307],[-81.4528,30.713],[-81.405,30.7172],[-81.449,30.72],[-81.4611,30.7589],[-81.4064,30.9003],[-81.4092,30.9751],[-81.4331,30.9356],[-81.4814,30.9114],[-81.469,30.9227],[-81.5039,30.925],[-81.5131,30.9658],[-81.4925,30.9792],[-81.4913,31.0057],[-81.5106,30.9944],[-81.5675,31.0067],[-81.5085,30.9956],[-81.4943,31.0088],[-81.4894,30.9839],[-81.455,31.0133],[-81.4747,31.0075],[-81.4756,31.0244],[-81.5006,31.0269],[-81.4851,31.0225],[-81.4841,31.0377],[-81.4586,31.0478],[-81.4264,31.0431],[-81.4347,31.0842],[-81.4969,31.115],[-81.4875,31.1247],[-81.4539,31.1097],[-81.4361,31.1314],[-81.4625,31.1811],[-81.4333,31.2137],[-81.4467,31.2211],[-81.4382,31.2388],[-81.4457,31.2213],[-81.4353,31.2197],[-81.421,31.2483],[-81.3979,31.2491],[-81.4144,31.2822],[-81.4056,31.2659],[-81.3867,31.2755],[-81.411,31.2927],[-81.3717,31.3233],[-81.3886,31.3378],[-81.3286,31.3367],[-81.3333,31.3903],[-81.3764,31.4147],[-81.392,31.4033],[-81.3425,31.4444],[-81.3719,31.4433],[-81.3408,31.4503],[-81.3492,31.47],[-81.3378,31.4503],[-81.3261,31.4562],[-81.3384,31.4763],[-81.3228,31.4853],[-81.3422,31.4917],[-81.3406,31.5075],[-81.3611,31.5053],[-81.3453,31.5139],[-81.3253,31.49],[-81.2914,31.5239],[-81.325,31.4978],[-81.3075,31.485],[-81.2781,31.5078],[-81.3013,31.4975],[-81.2878,31.5147],[-81.2644,31.5153],[-81.1892,31.5742],[-81.1783,31.5575],[-81.1659,31.5634],[-81.1301,31.63],[-81.1461,31.6325],[-81.1342,31.6385],[-81.1308,31.6965],[-81.2383,31.6831],[-81.205,31.6836],[-81.189,31.7019],[-81.2133,31.7128],[-81.2164,31.6972],[-81.2103,31.7142],[-81.2315,31.7128],[-81.2214,31.7281],[-81.2564,31.7458],[-81.2713,31.7299],[-81.2713,31.7403],[-81.2369,31.7561],[-81.1609,31.7277],[-81.1749,31.7725],[-81.2036,31.7728],[-81.1929,31.7791],[-81.2025,31.7905],[-81.1804,31.8344],[-81.1518,31.843],[-81.145,31.8614],[-81.1239,31.86],[-81.1106,31.8776],[-81.0894,31.8603],[-81.0911,31.8858],[-81.1378,31.8933],[-81.1189,31.9125],[-81.13,31.9211],[-81.1028,31.8939],[-81.1017,31.9167],[-81.0703,31.8758],[-81.0285,31.89],[-81.0181,31.9089],[-80.9922,31.8845],[-80.9892,31.9019],[-80.9908,31.8839],[-81.0058,31.8931],[-80.9969,31.8744],[-80.9731,31.8883],[-81.0,31.8564],[-80.9335,31.9074],[-80.9872,31.9108],[-80.9939,31.9189],[-80.9778,31.9169],[-80.99,31.9297],[-81.0278,31.9258],[-81.0028,31.9312],[-81.0087,31.9438],[-81.0011,31.9304],[-80.9833,31.9381],[-81.0136,31.9639],[-81.0086,32.0073],[-81.0494,32.0302],[-81.0148,32.0741],[-80.9716,32.0741],[-81.0008,32.0981],[-81.0599,32.088],[-81.1183,32.1175],[-81.1153,32.1488],[-81.1301,32.166],[-81.1104,32.1734],[-81.1143,32.1944],[-81.1559,32.2424],[-81.1202,32.2875],[-81.1284,32.3395],[-81.1441,32.3522],[-81.1566,32.3428],[-81.2033,32.4265],[-81.1868,32.466],[-81.2337,32.5031],[-81.2347,32.5193],[-81.27,32.5334],[-81.2789,32.5579],[-81.348,32.5718],[-81.4175,32.6317],[-81.3942,32.6526],[-81.4065,32.6929],[-81.426,32.7036],[-81.4055,32.7439],[-81.4291,32.771],[-81.4164,32.7776],[-81.4287,32.7833],[-81.4207,32.8321],[-81.4579,32.8465],[-81.451,32.8711],[-81.4777,32.8806],[-81.4641,32.8984],[-81.48,32.8988],[-81.5085,32.9533],[-81.4915,33.0105],[-81.509,33.0107],[-81.5115,33.0288],[-81.5439,33.0482],[-81.5642,33.0469],[-81.5617,33.0597],[-81.6115,33.0807],[-81.6109,33.0939],[-81.6466,33.0937],[-81.7545,33.1517],[-81.7679,33.2159],[-81.8039,33.2128],[-81.8511,33.2485],[-81.8467,33.2662],[-81.8291,33.2613],[-81.8617,33.2887],[-81.8494,33.3082],[-81.8817,33.3064],[-81.9001,33.3346],[-81.9116,33.3218],[-81.9106,33.3463],[-81.9395,33.3464],[-81.9457,33.371],[-81.9254,33.3737],[-81.9454,33.4051],[-81.9135,33.4386],[-81.9259,33.4626],[-81.9862,33.4875],[-82.0511,33.5662],[-82.1875,33.6235],[-82.2491,33.75],[-82.3091,33.8072],[-82.4281,33.8693],[-82.5143,33.9395],[-82.5624,33.9551],[-82.6465,34.0943],[-82.7173,34.1521],[-82.7519,34.2726],[-82.8329,34.3661],[-82.8819,34.4785],[-83.0022,34.4733],[-83.04,34.4887],[-83.1362,34.5631],[-83.1659,34.6067],[-83.2366,34.6167],[-83.3033,34.67],[-83.3403,34.6812],[-83.3534,34.728],[-83.3191,34.7586],[-83.304,34.8184],[-83.2692,34.8222],[-83.2386,34.8805],[-83.2038,34.8836],[-83.1571,34.9312],[-83.1142,34.9387],[-83.1253,34.953],[-83.1139,34.9533],[-83.1052,35.002],[-83.6216,34.9871],[-85.6055,34.9855],[-85.1856,32.8619],[-85.1574,32.8489],[-85.1681,32.8086],[-85.1253,32.7789],[-85.1453,32.7604],[-85.1151,32.7368],[-85.1149,32.6962],[-85.0917,32.6633],[-85.1059,32.6439],[-85.085,32.6357],[-85.075,32.5885],[-85.0048,32.5172],[-84.9961,32.4561],[-84.9662,32.4301],[-84.9824,32.4057],[-84.9722,32.393],[-84.9894,32.3872],[-84.9743,32.3774],[-85.0083,32.3291],[-84.8935,32.2646],[-84.9279,32.2505],[-84.9295,32.2215],[-84.977,32.2161],[-84.968,32.1973],[-85.0159,32.1806],[-85.0645,32.1315],[-85.0522,32.0912],[-85.0597,32.019],[-85.0862,31.9407],[-85.1175,31.9124],[-85.1148,31.8962],[-85.1368,31.8912],[-85.1445,31.7818],[-85.1227,31.7341],[-85.128,31.7002],[-85.0663,31.6252],[-85.0454,31.5443],[-85.0974,31.3637],[-85.0934,31.2992],[-85.1171,31.2776],[-85.1007,31.2304],[-85.1099,31.1935],[-85.0984,31.163],[-85.0325,31.0975],[-85.0023,30.9752],[-84.9807,30.9648],[-84.9819,30.9346],[-84.9367,30.8872],[-84.9276,30.8441],[-84.938,30.8269],[-84.9143,30.751],[-84.8968,30.7508],[-84.8665,30.7116],[-82.2213,30.5687],[-82.24,30.5387],[-82.2025,30.4835],[-82.2079,30.4163],[-82.1915,30.3797],[-82.1661,30.3598],[-82.0687,30.359]],[[-81.3161,31.3925],[-81.295,31.3684],[-81.3322,31.3672],[-81.3161,31.3925]],[[-81.2417,31.7456],[-81.2228,31.7314],[-81.2544,31.7439],[-81.2417,31.7456]],[[-81.1594,31.8358],[-81.1836,31.7981],[-81.1633,31.7808],[-81.2015,31.7881],[-81.1794,31.8336],[-81.1594,31.8358]],[[-80.9775,31.9253],[-80.9751,31.9134],[-80.9878,31.9228],[-80.9775,31.9253]]],[[[-81.4625,30.9699],[-81.5078,30.9619],[-81.5,30.9233],[-81.4669,30.9245],[-81.4436,30.9464],[-81.4506,30.9664],[-81.4649,30.9298],[-81.4524,30.9667],[-81.4625,30.9699]]],[[[-81.4572,31.0281],[-81.4781,31.0278],[-81.475,31.0089],[-81.4572,31.0281]]],[[[-81.4086,31.1194],[-81.44,31.0914],[-81.4219,31.0517],[-81.4311,31.0125],[-81.4035,31.0633],[-81.4086,31.1194]]],[[[-81.4178,31.1806],[-81.4289,31.1597],[-81.41,31.1717],[-81.4178,31.1806]]],[[[-81.4289,31.2083],[-81.4617,31.1789],[-81.4425,31.1625],[-81.4382,31.1855],[-81.4386,31.1506],[-81.4289,31.2083]]],[[[-81.3374,31.2919],[-81.3805,31.2933],[-81.3953,31.205],[-81.4181,31.1894],[-81.41,31.1367],[-81.3688,31.1452],[-81.3104,31.2141],[-81.3258,31.2322],[-81.3276,31.2164],[-81.3505,31.2208],[-81.3421,31.2085],[-81.3544,31.1994],[-81.3521,31.2219],[-81.3274,31.2184],[-81.3368,31.2488],[-81.3142,31.2671],[-81.3374,31.2919]]],[[[-81.3653,31.3125],[-81.3853,31.3139],[-81.3952,31.2937],[-81.3827,31.2831],[-81.3748,31.301],[-81.3565,31.3013],[-81.3181,31.2872],[-81.3131,31.2532],[-81.3319,31.2482],[-81.2954,31.2158],[-81.2704,31.2594],[-81.2827,31.2896],[-81.3653,31.3125]]],[[[-81.3028,31.3139],[-81.3142,31.315],[-81.2944,31.2928],[-81.3028,31.3139]]],[[[-81.3571,31.3294],[-81.3726,31.329],[-81.3306,31.3232],[-81.3571,31.3294]]],[[[-81.3167,31.3675],[-81.3369,31.3603],[-81.325,31.3322],[-81.2858,31.3239],[-81.285,31.3469],[-81.3131,31.3399],[-81.2866,31.3486],[-81.2923,31.3658],[-81.3167,31.3675]]],[[[-81.3181,31.4031],[-81.3289,31.3958],[-81.3056,31.3861],[-81.3181,31.4031]]],[[[-81.3361,31.4267],[-81.3462,31.442],[-81.3741,31.4249],[-81.3666,31.4009],[-81.3346,31.393],[-81.3178,31.4111],[-81.3308,31.4292],[-81.3467,31.4058],[-81.3361,31.4267]]],[[[-81.3194,31.4544],[-81.3381,31.4464],[-81.3172,31.4306],[-81.3061,31.4436],[-81.3194,31.4544]]],[[[-81.1942,31.5358],[-81.2361,31.53],[-81.2597,31.4978],[-81.2944,31.4878],[-81.3078,31.4233],[-81.2978,31.4183],[-81.2723,31.4756],[-81.3,31.4111],[-81.2794,31.3783],[-81.2228,31.4581],[-81.2289,31.4714],[-81.2081,31.4844],[-81.2194,31.4953],[-81.2061,31.4847],[-81.2331,31.4453],[-81.1744,31.515],[-81.1942,31.5358]]],[[[-81.2953,31.4783],[-81.3281,31.4758],[-81.3053,31.4489],[-81.2953,31.4783]]],[[[-81.215,31.7264],[-81.2243,31.7199],[-81.19,31.706],[-81.215,31.7264]]],[[[-81.1206,31.8497],[-81.1399,31.8489],[-81.1588,31.8235],[-81.1176,31.8217],[-81.1095,31.8312],[-81.1222,31.8388],[-81.1072,31.8467],[-81.1203,31.8381],[-81.1,31.84],[-81.1148,31.8211],[-81.1436,31.8131],[-81.1201,31.7961],[-81.146,31.8197],[-81.1757,31.8164],[-81.1803,31.7939],[-81.1651,31.7905],[-81.1622,31.8117],[-81.1726,31.7963],[-81.1496,31.7719],[-81.1463,31.7968],[-81.1464,31.7728],[-81.1605,31.7772],[-81.1715,31.7572],[-81.1513,31.7464],[-81.1455,31.764],[-81.1386,31.72],[-81.0339,31.8136],[-81.0461,31.8253],[-81.0997,31.7886],[-81.0558,31.8192],[-81.1206,31.8497]]],[[[-81.3867,31.2489],[-81.3942,31.2589],[-81.4208,31.2458],[-81.433,31.2265],[-81.4158,31.2253],[-81.4239,31.1915],[-81.3967,31.2053],[-81.4,31.2383],[-81.3867,31.2489]]],[[[-81.0735,31.8578],[-81.0625,31.8464],[-81.0581,31.8567],[-81.0735,31.8578]]],[[[-81.0092,31.9036],[-81.0558,31.8775],[-81.0019,31.8689],[-81.0092,31.9036]]],[[[-81.1164,31.8992],[-81.1266,31.897],[-81.1081,31.8919],[-81.1164,31.8992]]],[[[-80.9583,31.9644],[-80.9849,31.9517],[-80.9568,31.9487],[-80.9583,31.9644]]],[[[-80.8578,31.9944],[-80.9261,31.9939],[-80.9283,31.9425],[-80.8961,31.9697],[-80.8992,31.9528],[-80.8642,31.9703],[-80.8578,31.9944]]],[[[-81.0092,32.0711],[-81.0481,32.0278],[-81.0031,32.0094],[-81.0019,31.9567],[-80.9622,31.9667],[-80.9891,31.9792],[-80.9614,31.9783],[-80.959,31.9962],[-80.9664,31.9764],[-80.9369,31.9656],[-80.9325,31.9911],[-80.9469,32.0017],[-80.9318,31.9929],[-80.9245,32.0091],[-80.9646,32.0418],[-80.9822,32.0376],[-80.9778,32.058],[-81.0092,32.0711]]],[[[-80.9775,32.0661],[-80.9904,32.0638],[-80.9242,32.0125],[-80.9171,31.9882],[-80.9228,32.0222],[-80.9117,32.0081],[-80.9214,31.9961],[-80.8764,31.9927],[-80.8609,32.0054],[-80.8478,31.9892],[-80.8422,32.0242],[-80.9111,32.0239],[-80.9775,32.0661]]],[[[-80.9642,32.0697],[-80.9464,32.0464],[-80.8817,32.0232],[-80.9642,32.0697]],[[-80.9217,32.0565],[-80.8854,32.0396],[-80.92,32.0419],[-80.9322,32.0517],[-80.9217,32.0565]]]]}},{"type":"Feature","properties":{"gid":"USA.12_1","name":"夏威夷州","nameEn":"Hawaii","nameLocal":"Hawaii","type":"州","typeEn":"State","groupZh":"州","area":16752.8,"iso":"US-HI","engtype":"State","capital":"檀香山","pop":1455267,"blurb":"太平洋火山群岛州，唯一的全岛州。"},"geometry":{"type":"MultiPolygon","coordinates":[[[[-155.875,20.0919],[-155.8234,20.0276],[-155.8319,19.975],[-155.8895,19.93],[-155.9212,19.8554],[-155.9725,19.8489],[-156.0394,19.7878],[-156.062,19.7278],[-156.0248,19.6774],[-156.0314,19.6521],[-155.9956,19.6397],[-155.9753,19.6046],[-155.96,19.5136],[-155.9481,19.4833],[-155.9203,19.4769],[-155.9292,19.4589],[-155.8861,19.3439],[-155.9169,19.1561],[-155.9072,19.0797],[-155.8789,19.0333],[-155.7978,19.0097],[-155.7108,18.9569],[-155.6864,18.9372],[-155.6822,18.9103],[-155.6378,18.9347],[-155.6183,18.9692],[-155.6,18.9683],[-155.5536,19.0447],[-155.5558,19.0783],[-155.504,19.1357],[-155.4523,19.1474],[-155.2936,19.2634],[-155.1918,19.2556],[-154.9967,19.3364],[-154.8206,19.4769],[-154.8111,19.5261],[-154.9031,19.5689],[-154.9444,19.6022],[-154.9469,19.6233],[-154.98,19.6376],[-154.9781,19.6883],[-155.0022,19.7364],[-155.0856,19.7261],[-155.0917,19.8653],[-155.1778,19.9497],[-155.2746,20.0165],[-155.4961,20.1128],[-155.5561,20.1289],[-155.593,20.1208],[-155.7303,20.2022],[-155.7311,20.2195],[-155.7694,20.2458],[-155.8369,20.2672],[-155.8825,20.2575],[-155.9033,20.2131],[-155.875,20.0919]]],[[[-156.5683,20.6039],[-156.6778,20.5556],[-156.7011,20.5239],[-156.6728,20.5008],[-156.5983,20.5238],[-156.5857,20.5085],[-156.5443,20.5121],[-156.5334,20.5346],[-156.554,20.5402],[-156.5391,20.5767],[-156.5683,20.6039]]],[[[-156.5986,21.0305],[-156.6669,21.0065],[-156.6973,20.927],[-156.6871,20.882],[-156.6233,20.8081],[-156.5366,20.7743],[-156.4988,20.7969],[-156.4631,20.7812],[-156.4414,20.6631],[-156.453,20.6361],[-156.4125,20.5828],[-156.2972,20.5822],[-156.1927,20.6283],[-156.1361,20.6186],[-156.1108,20.6396],[-156.0472,20.6508],[-155.9872,20.7083],[-155.9789,20.7653],[-156.0019,20.7947],[-156.0844,20.8289],[-156.1131,20.8261],[-156.1311,20.8597],[-156.1656,20.8614],[-156.2281,20.9308],[-156.3294,20.9456],[-156.4739,20.8908],[-156.525,20.9642],[-156.5239,20.9878],[-156.5986,21.0305]]],[[[-156.9791,20.9263],[-157.0347,20.9228],[-157.0625,20.8897],[-156.995,20.8367],[-156.9922,20.7808],[-156.9661,20.7328],[-156.8925,20.7331],[-156.8349,20.7609],[-156.8054,20.808],[-156.8284,20.8558],[-156.9005,20.9151],[-156.9791,20.9263]]],[[[-156.9134,21.1667],[-156.9433,21.1727],[-156.9706,21.2158],[-157.0,21.1789],[-157.2544,21.2245],[-157.2508,21.1775],[-157.2919,21.1428],[-157.3114,21.1014],[-157.2499,21.0837],[-157.0598,21.0995],[-156.8743,21.0465],[-156.7753,21.0825],[-156.7098,21.1564],[-156.7686,21.1768],[-156.9134,21.1667]]],[[[-157.8797,21.3136],[-157.8853,21.3029],[-157.8696,21.2999],[-157.8797,21.3136]]],[[[-157.9803,21.7108],[-158.0378,21.6808],[-158.1177,21.5804],[-158.283,21.5756],[-158.2303,21.5349],[-158.2317,21.4825],[-158.1897,21.4453],[-158.1774,21.4014],[-158.1417,21.3764],[-158.1071,21.2961],[-157.9792,21.3153],[-157.9744,21.3389],[-158.0214,21.3589],[-158.0207,21.3728],[-157.9717,21.3417],[-157.9921,21.3866],[-157.9692,21.3692],[-157.96,21.3871],[-157.9344,21.3748],[-157.9425,21.3528],[-157.9683,21.3489],[-157.9499,21.3035],[-157.9068,21.3037],[-157.9192,21.3126],[-157.8931,21.3311],[-157.8914,21.3147],[-157.8662,21.3106],[-157.8685,21.2953],[-157.8143,21.256],[-157.7178,21.2828],[-157.7107,21.2601],[-157.6914,21.2633],[-157.6492,21.3095],[-157.6947,21.3343],[-157.7059,21.38],[-157.7425,21.4113],[-157.7225,21.4592],[-157.7733,21.4572],[-157.7778,21.4439],[-157.7578,21.4353],[-157.7814,21.4114],[-157.8161,21.4544],[-157.8397,21.4562],[-157.8519,21.5035],[-157.8356,21.5095],[-157.838,21.535],[-157.8525,21.5569],[-157.8755,21.5573],[-157.9209,21.6268],[-157.9125,21.6502],[-157.9803,21.7108]]],[[[-160.0855,22.0015],[-160.1113,21.9941],[-160.1285,21.9513],[-160.187,21.9258],[-160.2294,21.8856],[-160.2475,21.8417],[-160.2328,21.7911],[-160.2027,21.7789],[-160.1544,21.8673],[-160.0672,21.8935],[-160.0758,21.9556],[-160.0478,21.9831],[-160.0855,22.0015]]],[[[-159.4018,22.235],[-159.4292,22.2157],[-159.487,22.23],[-159.5049,22.2025],[-159.5813,22.2233],[-159.6598,22.1719],[-159.7223,22.1531],[-159.746,22.0968],[-159.7839,22.0695],[-159.7856,22.0147],[-159.7564,21.9786],[-159.6664,21.9524],[-159.6044,21.8923],[-159.5915,21.9039],[-159.4441,21.868],[-159.419,21.8821],[-159.3463,21.9371],[-159.348,21.9535],[-159.3617,21.9511],[-159.3305,21.9595],[-159.3362,22.0451],[-159.292,22.128],[-159.3146,22.1859],[-159.4018,22.235]]]]}},{"type":"Feature","properties":{"gid":"USA.13_1","name":"爱达荷州","nameEn":"Idaho","nameLocal":"Idaho","type":"州","typeEn":"State","groupZh":"州","area":215923.5,"iso":"US-ID","engtype":"State","capital":"博伊西","pop":1839123,"blurb":"落基山区州，马铃薯产量全国第一。"},"geometry":{"type":"Polygon","coordinates":[[[-112.164,42.0017],[-111.0463,42.0005],[-111.0487,44.4772],[-111.1119,44.4909],[-111.1331,44.5339],[-111.1872,44.5717],[-111.2285,44.5803],[-111.2408,44.6126],[-111.2175,44.622],[-111.2549,44.6509],[-111.274,44.6482],[-111.2686,44.6695],[-111.3244,44.7271],[-111.3582,44.7295],[-111.3822,44.7538],[-111.411,44.7129],[-111.435,44.7223],[-111.4829,44.7077],[-111.4717,44.668],[-111.4908,44.6442],[-111.5156,44.6421],[-111.5051,44.6295],[-111.5225,44.5971],[-111.5092,44.5645],[-111.4685,44.5556],[-111.4654,44.5406],[-111.5118,44.5356],[-111.5809,44.5615],[-111.6167,44.5491],[-111.7012,44.5587],[-111.8223,44.5111],[-111.8693,44.5662],[-112.1049,44.524],[-112.2862,44.5691],[-112.3174,44.5392],[-112.3558,44.533],[-112.3584,44.4928],[-112.3834,44.4493],[-112.4669,44.4789],[-112.5045,44.4645],[-112.5423,44.4856],[-112.6651,44.4881],[-112.7149,44.5056],[-112.7769,44.4858],[-112.8284,44.444],[-112.8378,44.423],[-112.8149,44.3811],[-112.8508,44.3581],[-112.8876,44.4032],[-112.9462,44.4151],[-113.0073,44.4565],[-113.0242,44.4937],[-113.0094,44.527],[-113.0481,44.5473],[-113.0381,44.5649],[-113.0858,44.6042],[-113.0516,44.6369],[-113.0684,44.6775],[-113.1007,44.7006],[-113.1041,44.7306],[-113.1374,44.7594],[-113.1347,44.7754],[-113.2475,44.8229],[-113.3444,44.788],[-113.3568,44.8204],[-113.4233,44.8405],[-113.456,44.87],[-113.4969,44.9428],[-113.4462,44.9586],[-113.4386,45.0078],[-113.4514,45.0553],[-113.5216,45.0873],[-113.5081,45.1118],[-113.5728,45.126],[-113.5674,45.142],[-113.5926,45.1593],[-113.5906,45.1806],[-113.6874,45.2579],[-113.6822,45.2797],[-113.7385,45.3308],[-113.7336,45.3901],[-113.7746,45.4088],[-113.7593,45.4255],[-113.7802,45.4521],[-113.7586,45.4842],[-113.7714,45.5192],[-113.8339,45.5196],[-113.8006,45.5912],[-113.8537,45.6212],[-113.9025,45.6192],[-113.895,45.6461],[-113.9336,45.6942],[-114.0144,45.6952],[-114.0255,45.6775],[-114.0163,45.653],[-114.0646,45.6288],[-114.0895,45.5902],[-114.1962,45.5364],[-114.2473,45.5467],[-114.2715,45.484],[-114.335,45.4587],[-114.3729,45.4952],[-114.4268,45.5135],[-114.462,45.563],[-114.5647,45.5615],[-114.538,45.6081],[-114.5624,45.6388],[-114.5049,45.6611],[-114.4951,45.7014],[-114.5655,45.7773],[-114.5074,45.8469],[-114.4356,45.8629],[-114.4097,45.8522],[-114.386,45.8863],[-114.4307,45.9346],[-114.4056,45.958],[-114.4128,45.9773],[-114.48,45.9947],[-114.4753,46.0258],[-114.5057,46.0326],[-114.4691,46.0652],[-114.4603,46.0945],[-114.4767,46.1155],[-114.5177,46.1246],[-114.5244,46.1471],[-114.5073,46.1688],[-114.4469,46.1739],[-114.4509,46.2359],[-114.4709,46.2593],[-114.4291,46.2878],[-114.4203,46.3914],[-114.3737,46.4393],[-114.4033,46.4989],[-114.3446,46.5173],[-114.3253,46.6526],[-114.3705,46.6697],[-114.4406,46.6576],[-114.4679,46.633],[-114.5419,46.6521],[-114.6128,46.6379],[-114.6418,46.6673],[-114.6266,46.7099],[-114.6702,46.7399],[-114.7639,46.6977],[-114.7868,46.7128],[-114.7659,46.7458],[-114.7712,46.7637],[-114.8659,46.8109],[-114.8999,46.8034],[-114.9463,46.8623],[-114.9233,46.9152],[-115.0105,46.9739],[-115.0499,46.9707],[-115.0804,47.0395],[-115.1331,47.0739],[-115.1406,47.1019],[-115.2963,47.1886],[-115.2931,47.2206],[-115.3189,47.2387],[-115.3201,47.2581],[-115.5029,47.2873],[-115.5955,47.3742],[-115.6519,47.3841],[-115.725,47.4258],[-115.7597,47.4256],[-115.7186,47.4518],[-115.6454,47.4591],[-115.6349,47.4746],[-115.6865,47.485],[-115.7094,47.5174],[-115.7008,47.5322],[-115.7536,47.5453],[-115.6898,47.5926],[-115.6973,47.6269],[-115.7321,47.6491],[-115.7254,47.7],[-115.7749,47.7179],[-115.799,47.7553],[-115.8314,47.7523],[-115.8537,47.8254],[-115.8831,47.8474],[-115.9003,47.8425],[-116.0215,47.9645],[-116.0471,47.973],[-116.0507,49.0004],[-117.0294,48.9996],[-117.0426,48.0459],[-117.0323,46.4131],[-117.0608,46.3574],[-116.987,46.2957],[-116.9587,46.2396],[-116.9631,46.2032],[-116.9218,46.1711],[-116.9544,46.1058],[-116.9811,46.0874],[-116.9438,46.0646],[-116.866,45.9152],[-116.789,45.8586],[-116.7833,45.8269],[-116.7092,45.8257],[-116.6623,45.7812],[-116.5924,45.7793],[-116.5467,45.7521],[-116.5341,45.6925],[-116.4616,45.6093],[-116.481,45.5772],[-116.5203,45.5553],[-116.5521,45.5057],[-116.5505,45.4697],[-116.667,45.3271],[-116.6688,45.2828],[-116.6898,45.2619],[-116.7284,45.145],[-116.7776,45.1012],[-116.7958,45.0606],[-116.8413,45.0287],[-116.8529,44.9793],[-116.8273,44.9803],[-116.848,44.9638],[-116.8328,44.9335],[-116.8552,44.8816],[-116.9352,44.783],[-117.0574,44.7302],[-117.1473,44.5352],[-117.2216,44.4845],[-117.213,44.4282],[-117.2402,44.3893],[-117.1898,44.339],[-117.2181,44.3018],[-117.192,44.2712],[-117.146,44.2574],[-117.1097,44.2801],[-117.052,44.2329],[-117.0297,44.25],[-116.9803,44.2448],[-116.9664,44.1964],[-116.8928,44.1648],[-116.9196,44.1076],[-116.9719,44.0845],[-116.9678,44.0501],[-116.9346,44.0268],[-116.936,43.9916],[-116.9771,43.964],[-116.9605,43.9542],[-116.9596,43.9198],[-116.9826,43.8669],[-117.0203,43.8594],[-117.0084,43.8429],[-117.0323,43.8298],[-117.021,43.8228],[-117.0293,42.0003],[-113.8526,41.9898],[-112.164,42.0017]]]}},{"type":"Feature","properties":{"gid":"USA.14_1","name":"伊利诺伊州","nameEn":"Illinois","nameLocal":"Illinois","type":"州","typeEn":"State","groupZh":"州","area":149978.1,"iso":"US-IL","engtype":"State","capital":"斯普林菲尔德","pop":12821741,"blurb":"中西部州，芝加哥是五大湖都会。"},"geometry":{"type":"Polygon","coordinates":[[[-89.1799,37.0274],[-89.1771,37.059],[-89.0797,37.1717],[-88.9872,37.2287],[-88.9152,37.2236],[-88.7954,37.1819],[-88.7328,37.1423],[-88.6179,37.1143],[-88.5427,37.0671],[-88.4659,37.0771],[-88.425,37.1543],[-88.5133,37.279],[-88.4687,37.3954],[-88.4169,37.4246],[-88.3596,37.407],[-88.2928,37.4504],[-88.1023,37.4731],[-88.07,37.4956],[-88.0736,37.5317],[-88.1335,37.5836],[-88.1565,37.6591],[-88.1182,37.7105],[-88.0531,37.7445],[-88.0352,37.7698],[-88.031,37.8098],[-88.0711,37.8077],[-88.0838,37.829],[-88.0331,37.8274],[-88.0251,37.8417],[-88.0625,37.8598],[-88.0897,37.8995],[-88.0129,37.8973],[-88.0185,37.9137],[-88.0688,37.9249],[-88.03,37.9308],[-88.0321,37.959],[-88.011,37.9732],[-88.0251,38.0103],[-88.0092,38.0313],[-88.0426,38.0431],[-87.9613,38.0716],[-87.961,38.1017],[-88.0078,38.0848],[-88.0157,38.0985],[-87.915,38.1603],[-87.9764,38.1994],[-87.9864,38.2591],[-87.9604,38.2418],[-87.9344,38.2952],[-87.9091,38.2971],[-87.9092,38.2696],[-87.8707,38.313],[-87.8625,38.2834],[-87.8431,38.2793],[-87.8236,38.3445],[-87.7445,38.4109],[-87.7307,38.4486],[-87.7507,38.4694],[-87.648,38.508],[-87.6695,38.5458],[-87.6389,38.5921],[-87.6145,38.5893],[-87.6271,38.6047],[-87.6194,38.6412],[-87.5933,38.6684],[-87.5279,38.6896],[-87.4971,38.7431],[-87.498,38.7676],[-87.5145,38.7709],[-87.4992,38.7884],[-87.5261,38.8189],[-87.5294,38.8515],[-87.5533,38.8632],[-87.5356,38.8817],[-87.5442,38.8964],[-87.5176,38.9052],[-87.5272,38.9163],[-87.5132,38.9554],[-87.5774,38.989],[-87.5651,38.9946],[-87.5764,39.0022],[-87.5713,39.0589],[-87.6173,39.0863],[-87.6135,39.1057],[-87.6505,39.1095],[-87.6313,39.1201],[-87.6552,39.1364],[-87.5748,39.2162],[-87.5713,39.2543],[-87.5934,39.2499],[-87.599,39.3016],[-87.6181,39.308],[-87.582,39.3405],[-87.5304,39.3516],[-87.524,41.7603],[-87.2071,41.7607],[-87.069,42.3391],[-87.0181,42.4947],[-90.0718,42.5095],[-90.636,42.5094],[-90.6513,42.4981],[-90.6403,42.4682],[-90.5655,42.4385],[-90.4162,42.3282],[-90.4258,42.2791],[-90.3849,42.2225],[-90.2162,42.1587],[-90.1984,42.1301],[-90.1638,42.1185],[-90.1657,42.0568],[-90.1395,42.0041],[-90.166,41.9596],[-90.1525,41.9127],[-90.1843,41.8124],[-90.3094,41.7463],[-90.3444,41.6502],[-90.3427,41.5948],[-90.4115,41.568],[-90.4643,41.5232],[-90.5887,41.5145],[-90.6613,41.4598],[-90.8494,41.4539],[-90.9263,41.424],[-90.9898,41.4317],[-91.0455,41.4164],[-91.0742,41.3107],[-91.1142,41.2443],[-91.0514,41.1684],[-90.992,41.1578],[-90.9486,41.0985],[-90.9582,40.9403],[-91.0894,40.8235],[-91.1233,40.6704],[-91.1856,40.638],[-91.2591,40.6358],[-91.3384,40.611],[-91.4092,40.5619],[-91.4101,40.543],[-91.3643,40.5],[-91.3801,40.435],[-91.3654,40.3993],[-91.4484,40.3586],[-91.5049,40.2375],[-91.5115,40.1292],[-91.4929,40.0309],[-91.4205,39.9291],[-91.4446,39.8906],[-91.4415,39.8579],[-91.363,39.7925],[-91.3662,39.7285],[-91.1801,39.5992],[-91.1531,39.5482],[-91.0996,39.5368],[-91.0348,39.4474],[-90.942,39.4057],[-90.7324,39.2574],[-90.705,39.1423],[-90.6812,39.1031],[-90.7131,39.0513],[-90.6758,38.9908],[-90.6611,38.9281],[-90.6269,38.8924],[-90.5532,38.873],[-90.4476,38.9688],[-90.2554,38.9224],[-90.1141,38.8508],[-90.1218,38.8012],[-90.212,38.7234],[-90.1814,38.6618],[-90.1845,38.616],[-90.2505,38.5469],[-90.2897,38.4397],[-90.3565,38.367],[-90.3731,38.288],[-90.3564,38.2264],[-90.2238,38.1003],[-90.1267,38.0606],[-90.1089,38.0308],[-89.995,37.9619],[-89.94,37.9703],[-89.9247,37.9594],[-89.9747,37.9268],[-89.9432,37.8774],[-89.9,37.8712],[-89.8418,37.9044],[-89.7983,37.8809],[-89.7865,37.8513],[-89.7397,37.8467],[-89.6738,37.8027],[-89.6609,37.7852],[-89.6662,37.7513],[-89.5152,37.6892],[-89.5159,37.6389],[-89.4763,37.5895],[-89.5204,37.5815],[-89.518,37.5437],[-89.441,37.4394],[-89.4231,37.3832],[-89.4331,37.3475],[-89.5098,37.3131],[-89.518,37.2767],[-89.4989,37.2536],[-89.4604,37.2484],[-89.4579,37.1869],[-89.3772,37.0912],[-89.3805,37.0418],[-89.2796,36.9878],[-89.2586,37.019],[-89.3092,37.0625],[-89.2504,37.0633],[-89.202,37.0175],[-89.1885,36.9736],[-89.1339,36.9839],[-89.1799,37.0274]]]}},{"type":"Feature","properties":{"gid":"USA.15_1","name":"印第安纳州","nameEn":"Indiana","nameLocal":"Indiana","type":"州","typeEn":"State","groupZh":"州","area":94147.3,"iso":"US-IN","engtype":"State","capital":"印第安纳波利斯","pop":6786605,"blurb":"五大湖以南农业与制造州，印第安纳波利斯 500 赛车场。"},"geometry":{"type":"Polygon","coordinates":[[[-87.4917,37.9151],[-87.446,37.9416],[-87.3943,37.9392],[-87.225,37.8494],[-87.1673,37.8387],[-87.133,37.7874],[-87.107,37.7833],[-87.0658,37.8083],[-87.0443,37.8947],[-87.0263,37.9109],[-86.9126,37.9409],[-86.8206,37.9984],[-86.7963,37.9874],[-86.7311,37.8927],[-86.6547,37.9086],[-86.6673,37.8555],[-86.644,37.8402],[-86.6015,37.8639],[-86.5932,37.9168],[-86.5082,37.9289],[-86.5246,37.974],[-86.5179,38.0376],[-86.4526,38.0494],[-86.4315,38.0729],[-86.4619,38.1167],[-86.4368,38.1248],[-86.3988,38.1049],[-86.3765,38.1275],[-86.3232,38.1383],[-86.3238,38.1547],[-86.3716,38.1701],[-86.359,38.1979],[-86.2758,38.1432],[-86.2813,38.0887],[-86.2603,38.0514],[-86.1781,38.0109],[-86.0928,38.0077],[-86.04,37.9604],[-86.0296,37.9913],[-85.9398,38.0089],[-85.9224,38.0257],[-85.9028,38.0926],[-85.9044,38.1676],[-85.8456,38.2267],[-85.8282,38.2743],[-85.7829,38.2887],[-85.7432,38.2689],[-85.6913,38.2907],[-85.6498,38.3307],[-85.6098,38.4342],[-85.5047,38.4645],[-85.4689,38.5086],[-85.4235,38.5313],[-85.4153,38.562],[-85.4551,38.6967],[-85.4339,38.7289],[-85.2628,38.7377],[-85.214,38.6955],[-85.1747,38.6879],[-84.9923,38.7777],[-84.8152,38.7869],[-84.83,38.8284],[-84.793,38.8591],[-84.7877,38.8823],[-84.8767,38.9146],[-84.8324,38.9741],[-84.8931,39.054],[-84.8191,39.1069],[-84.8076,41.7605],[-87.524,41.7603],[-87.5304,39.3516],[-87.582,39.3405],[-87.6181,39.308],[-87.599,39.3016],[-87.5934,39.2499],[-87.5713,39.2543],[-87.5748,39.2162],[-87.6552,39.1364],[-87.6313,39.1201],[-87.6505,39.1095],[-87.6135,39.1057],[-87.6173,39.0863],[-87.5713,39.0589],[-87.5764,39.0022],[-87.5651,38.9946],[-87.5774,38.989],[-87.5132,38.9554],[-87.5272,38.9163],[-87.5176,38.9052],[-87.5442,38.8964],[-87.5356,38.8817],[-87.5533,38.8632],[-87.5294,38.8515],[-87.5261,38.8189],[-87.4992,38.7884],[-87.5145,38.7709],[-87.498,38.7676],[-87.4971,38.7431],[-87.5279,38.6896],[-87.5933,38.6684],[-87.6194,38.6412],[-87.6271,38.6047],[-87.6145,38.5893],[-87.6389,38.5921],[-87.6695,38.5458],[-87.648,38.508],[-87.7507,38.4694],[-87.7307,38.4486],[-87.7445,38.4109],[-87.8236,38.3445],[-87.8431,38.2793],[-87.8625,38.2834],[-87.8707,38.313],[-87.9092,38.2696],[-87.9091,38.2971],[-87.9344,38.2952],[-87.9604,38.2418],[-87.9864,38.2591],[-87.9764,38.1994],[-87.915,38.1603],[-88.0157,38.0985],[-88.0078,38.0848],[-87.961,38.1017],[-87.9552,38.0813],[-88.0426,38.0431],[-88.0092,38.0313],[-88.0251,38.0103],[-88.011,37.9732],[-88.0321,37.959],[-88.03,37.9308],[-88.0688,37.9249],[-88.0185,37.9137],[-88.0129,37.8973],[-88.0897,37.8995],[-88.0239,37.8357],[-88.0836,37.8251],[-88.0711,37.8077],[-88.0333,37.8111],[-87.9547,37.7733],[-87.908,37.8103],[-87.9119,37.8457],[-87.9409,37.8802],[-87.898,37.9279],[-87.8177,37.8762],[-87.6794,37.9021],[-87.6665,37.8871],[-87.6828,37.8464],[-87.6525,37.8253],[-87.6102,37.8355],[-87.5878,37.8666],[-87.6279,37.9235],[-87.6011,37.9708],[-87.5807,37.9661],[-87.5539,37.928],[-87.5114,37.9067],[-87.4917,37.9151]]]}},{"type":"Feature","properties":{"gid":"USA.16_1","name":"艾奥瓦州","nameEn":"Iowa","nameLocal":"Iowa","type":"州","typeEn":"State","groupZh":"州","area":145448.2,"iso":"US-IA","engtype":"State","capital":"得梅因","pop":3190582,"blurb":"玉米与生猪带核心州。"},"geometry":{"type":"Polygon","coordinates":[[[-91.2197,40.6388],[-91.1856,40.638],[-91.1196,40.6744],[-91.0894,40.8235],[-90.9645,40.925],[-90.9531,40.9567],[-90.9506,41.1024],[-90.9981,41.1626],[-91.0514,41.1684],[-91.1142,41.2443],[-91.0742,41.3107],[-91.0455,41.4164],[-90.9898,41.4317],[-90.9263,41.424],[-90.8494,41.4539],[-90.6613,41.4598],[-90.5935,41.5126],[-90.5526,41.5254],[-90.4706,41.5204],[-90.4115,41.568],[-90.3498,41.5883],[-90.3179,41.736],[-90.1843,41.8124],[-90.1525,41.9127],[-90.166,41.9596],[-90.1393,42.0083],[-90.1644,42.0509],[-90.1672,42.1225],[-90.1984,42.1301],[-90.2162,42.1587],[-90.3785,42.2176],[-90.4242,42.2739],[-90.4162,42.3282],[-90.4762,42.3823],[-90.6485,42.4744],[-90.6347,42.5241],[-90.706,42.6356],[-90.9542,42.6872],[-91.0632,42.7523],[-91.0775,42.8373],[-91.1047,42.8824],[-91.1444,42.9104],[-91.1756,43.0415],[-91.1785,43.123],[-91.0621,43.256],[-91.1004,43.3118],[-91.2112,43.3599],[-91.199,43.4015],[-91.2316,43.4552],[-91.22,43.5023],[-96.5974,43.5021],[-96.5819,43.4773],[-96.5965,43.4422],[-96.5199,43.3916],[-96.5315,43.3009],[-96.5788,43.2987],[-96.5834,43.2761],[-96.5517,43.2564],[-96.5659,43.2386],[-96.5585,43.2257],[-96.474,43.2199],[-96.4641,43.1509],[-96.4366,43.1272],[-96.4617,43.0655],[-96.5202,43.0405],[-96.4923,43.012],[-96.5152,42.9849],[-96.4985,42.9596],[-96.5372,42.9187],[-96.5268,42.8924],[-96.5466,42.872],[-96.5404,42.8519],[-96.5597,42.828],[-96.5769,42.8363],[-96.5896,42.7987],[-96.6326,42.7681],[-96.6171,42.7557],[-96.6357,42.7364],[-96.628,42.7077],[-96.5391,42.6593],[-96.5167,42.6312],[-96.5316,42.6132],[-96.5091,42.6132],[-96.485,42.5768],[-96.4995,42.5636],[-96.4792,42.557],[-96.4774,42.5294],[-96.4926,42.5215],[-96.4754,42.4962],[-96.3863,42.4787],[-96.3834,42.4383],[-96.4149,42.4088],[-96.4186,42.352],[-96.3307,42.2587],[-96.3224,42.2324],[-96.3585,42.212],[-96.3474,42.1669],[-96.2686,42.1149],[-96.2777,42.0586],[-96.2698,42.0429],[-96.224,42.034],[-96.2367,41.9961],[-96.192,42.0087],[-96.1811,41.9823],[-96.1335,41.97],[-96.1381,41.9206],[-96.1595,41.9023],[-96.1111,41.8516],[-96.1053,41.8203],[-96.0661,41.7966],[-96.1033,41.7359],[-96.0726,41.7033],[-96.1093,41.6999],[-96.1199,41.6837],[-96.093,41.6461],[-96.1148,41.6063],[-96.074,41.5734],[-96.0934,41.5398],[-96.0529,41.5172],[-96.0067,41.5457],[-95.9873,41.5152],[-96.0138,41.4801],[-95.915,41.4488],[-95.9366,41.3937],[-95.9258,41.3692],[-95.9542,41.3438],[-95.8823,41.3165],[-95.8725,41.2953],[-95.9075,41.2728],[-95.9031,41.297],[-95.9268,41.2993],[-95.9093,41.2306],[-95.9278,41.1972],[-95.8411,41.1748],[-95.8801,41.1557],[-95.8603,41.0869],[-95.8823,41.0605],[-95.8584,41.0336],[-95.8684,41.0043],[-95.8311,40.9815],[-95.8372,40.9324],[-95.8093,40.8972],[-95.8481,40.859],[-95.8371,40.7762],[-95.8883,40.736],[-95.8424,40.6771],[-95.7755,40.6471],[-95.7482,40.6035],[-95.7651,40.5856],[-94.2285,40.5706],[-91.7284,40.614],[-91.6904,40.5854],[-91.6833,40.5553],[-91.6189,40.5372],[-91.6174,40.5096],[-91.572,40.4657],[-91.5245,40.4572],[-91.5263,40.4146],[-91.4579,40.3745],[-91.3654,40.3993],[-91.3801,40.435],[-91.3643,40.5],[-91.4131,40.5471],[-91.4057,40.567],[-91.3384,40.611],[-91.2197,40.6388]]]}},{"type":"Feature","properties":{"gid":"USA.17_1","name":"堪萨斯州","nameEn":"Kansas","nameLocal":"Kansas","type":"州","typeEn":"State","groupZh":"州","area":213086.2,"iso":"US-KS","engtype":"State","capital":"托皮卡","pop":2937986,"blurb":"大平原小麦州，「美国粮仓」。"},"geometry":{"type":"Polygon","coordinates":[[[-96.5414,37.0008],[-94.619,37.0],[-94.6083,39.1204],[-94.5931,39.1489],[-94.6506,39.1557],[-94.674,39.1824],[-94.7486,39.1723],[-94.7872,39.2075],[-94.8365,39.2203],[-94.8323,39.2556],[-94.9026,39.3125],[-94.9085,39.345],[-94.8838,39.3722],[-94.8893,39.3888],[-94.9434,39.3919],[-94.9876,39.4454],[-95.0399,39.4651],[-95.0566,39.5037],[-95.1103,39.545],[-95.108,39.5786],[-95.0505,39.5902],[-95.0549,39.6261],[-95.031,39.6631],[-94.9717,39.6896],[-94.9649,39.742],[-94.8931,39.7257],[-94.8661,39.7433],[-94.8713,39.7715],[-94.9189,39.7629],[-94.9349,39.7762],[-94.8843,39.7992],[-94.8787,39.8158],[-94.8897,39.8343],[-94.9352,39.8487],[-94.9364,39.895],[-95.0111,39.9012],[-95.0416,39.8667],[-95.098,39.8654],[-95.1363,39.8806],[-95.1511,39.9078],[-95.2032,39.9058],[-95.2063,39.9411],[-95.2468,39.948],[-95.308,39.9999],[-95.3397,40.0006],[-102.0485,40.0039],[-102.0423,36.9922],[-96.5414,37.0008]]]}},{"type":"Feature","properties":{"gid":"USA.18_1","name":"肯塔基州","nameEn":"Kentucky","nameLocal":"Kentucky","type":"州","typeEn":"State","groupZh":"州","area":104432.0,"iso":"US-KY","engtype":"State","capital":"法兰克福","pop":4506287,"blurb":"波本威士忌与赛马之乡。"},"geometry":{"type":"MultiPolygon","coordinates":[[[[-89.5624,36.5228],[-89.5417,36.5003],[-89.4873,36.4999],[-89.4695,36.5411],[-89.4858,36.5728],[-89.5411,36.5803],[-89.5709,36.5624],[-89.5624,36.5228]]],[[[-89.3193,36.6223],[-89.3562,36.6324],[-89.3777,36.6179],[-89.4196,36.498],[-88.0571,36.4967],[-88.0326,36.5367],[-88.0707,36.6792],[-87.8505,36.6651],[-87.8534,36.6353],[-86.5913,36.6544],[-86.5637,36.6351],[-86.5095,36.6539],[-85.5074,36.6151],[-85.2626,36.6283],[-83.6902,36.5838],[-83.648,36.6229],[-83.5296,36.6648],[-83.4221,36.67],[-83.3354,36.7041],[-83.1374,36.7438],[-83.1331,36.7845],[-83.0699,36.8528],[-83.0067,36.847],[-82.8736,36.8958],[-82.8556,36.953],[-82.8653,36.9786],[-82.7198,37.0484],[-82.7206,37.1205],[-82.5005,37.2255],[-82.3438,37.2719],[-81.9642,37.544],[-82.0115,37.5345],[-82.0419,37.5477],[-82.0438,37.5309],[-82.0763,37.5567],[-82.1293,37.5525],[-82.1431,37.5686],[-82.125,37.5844],[-82.1767,37.6226],[-82.1746,37.6501],[-82.189,37.6465],[-82.1855,37.629],[-82.2069,37.6256],[-82.2349,37.6618],[-82.3021,37.6783],[-82.2966,37.7032],[-82.3315,37.7423],[-82.3119,37.765],[-82.3311,37.766],[-82.3232,37.7739],[-82.3846,37.8171],[-82.4007,37.8113],[-82.4201,37.8853],[-82.4637,37.9139],[-82.4737,37.9037],[-82.4815,37.9271],[-82.5015,37.9316],[-82.4635,37.9824],[-82.5179,38.0014],[-82.5495,38.0718],[-82.637,38.1407],[-82.6394,38.1689],[-82.6105,38.1728],[-82.5956,38.2092],[-82.6091,38.2376],[-82.5737,38.2594],[-82.5724,38.3231],[-82.5958,38.3525],[-82.6046,38.4602],[-82.7188,38.5551],[-82.7894,38.5608],[-82.8471,38.5935],[-82.884,38.7523],[-83.0295,38.7237],[-83.0577,38.6925],[-83.1109,38.6708],[-83.1519,38.6206],[-83.2468,38.6278],[-83.2959,38.5964],[-83.3607,38.6551],[-83.4605,38.6713],[-83.5206,38.7024],[-83.6217,38.6811],[-83.6422,38.6361],[-83.6678,38.6263],[-83.7674,38.6539],[-83.7888,38.6989],[-83.8369,38.7175],[-83.8686,38.7611],[-83.9597,38.7873],[-84.0775,38.7728],[-84.2185,38.8097],[-84.2383,38.8947],[-84.291,38.9578],[-84.3127,39.0152],[-84.4252,39.0533],[-84.4369,39.1037],[-84.4553,39.12],[-84.5052,39.0938],[-84.5449,39.0982],[-84.6159,39.0725],[-84.7453,39.1472],[-84.8922,39.0604],[-84.8324,38.9741],[-84.8767,38.9146],[-84.7877,38.8823],[-84.793,38.8591],[-84.83,38.8284],[-84.8152,38.7869],[-84.9923,38.7777],[-85.1747,38.6879],[-85.214,38.6955],[-85.2628,38.7377],[-85.4339,38.7289],[-85.4551,38.6967],[-85.4153,38.562],[-85.4235,38.5313],[-85.4689,38.5086],[-85.5047,38.4645],[-85.6098,38.4342],[-85.6498,38.3307],[-85.6913,38.2907],[-85.7432,38.2689],[-85.7829,38.2887],[-85.8282,38.2743],[-85.8456,38.2267],[-85.9044,38.1676],[-85.9028,38.0926],[-85.9224,38.0257],[-85.9398,38.0089],[-86.0296,37.9913],[-86.04,37.9604],[-86.0928,38.0077],[-86.1781,38.0109],[-86.2603,38.0514],[-86.2813,38.0887],[-86.2758,38.1432],[-86.359,38.1979],[-86.3716,38.1701],[-86.3238,38.1547],[-86.3232,38.1383],[-86.3765,38.1275],[-86.3988,38.1049],[-86.4368,38.1248],[-86.4619,38.1167],[-86.4315,38.0729],[-86.4526,38.0494],[-86.5179,38.0376],[-86.5246,37.974],[-86.5082,37.9289],[-86.5932,37.9168],[-86.6015,37.8639],[-86.644,37.8402],[-86.6673,37.8555],[-86.6547,37.9086],[-86.7311,37.8927],[-86.7963,37.9874],[-86.8206,37.9984],[-86.9126,37.9409],[-87.0263,37.9109],[-87.0443,37.8947],[-87.0658,37.8083],[-87.107,37.7833],[-87.133,37.7874],[-87.1673,37.8387],[-87.225,37.8494],[-87.4166,37.9442],[-87.5114,37.9067],[-87.6011,37.9708],[-87.6279,37.9235],[-87.5878,37.8666],[-87.6379,37.8254],[-87.6784,37.8338],[-87.6665,37.8871],[-87.6794,37.9021],[-87.8177,37.8762],[-87.8824,37.9261],[-87.9051,37.9243],[-87.9409,37.8802],[-87.9119,37.8457],[-87.9086,37.809],[-87.9557,37.7731],[-88.027,37.799],[-88.0531,37.7445],[-88.1182,37.7105],[-88.1552,37.6645],[-88.1335,37.5836],[-88.068,37.5203],[-88.0771,37.4841],[-88.2928,37.4504],[-88.3596,37.407],[-88.4117,37.4259],[-88.4687,37.3954],[-88.5133,37.279],[-88.425,37.1543],[-88.4659,37.0771],[-88.5427,37.0671],[-88.6233,37.1166],[-88.7328,37.1423],[-88.7954,37.1819],[-88.9037,37.2199],[-89.0071,37.2232],[-89.0797,37.1717],[-89.1798,37.0508],[-89.1702,37.0105],[-89.1091,36.9756],[-89.1006,36.9541],[-89.1311,36.8588],[-89.1798,36.8332],[-89.1719,36.7986],[-89.1301,36.7869],[-89.1196,36.7637],[-89.1271,36.7528],[-89.1744,36.7586],[-89.1999,36.7369],[-89.166,36.6636],[-89.1982,36.633],[-89.2075,36.5874],[-89.2289,36.5677],[-89.2749,36.5717],[-89.3193,36.6223]]]]}},{"type":"Feature","properties":{"gid":"USA.19_1","name":"路易斯安那州","nameEn":"Louisiana","nameLocal":"Louisiana","type":"州","typeEn":"State","groupZh":"州","area":120604.6,"iso":"US-LA","engtype":"State","capital":"巴吞鲁日","pop":4657894,"blurb":"密西西比河口，法语与克里奥尔文化。"},"geometry":{"type":"MultiPolygon","coordinates":[[[[-90.7119,29.0567],[-90.7669,29.0458],[-90.7,29.0556],[-90.7119,29.0567]]],[[[-90.8275,29.0864],[-90.8519,29.0747],[-90.8361,29.0658],[-90.8275,29.0864]]],[[[-90.8367,29.1117],[-90.845,29.1039],[-90.8258,29.11],[-90.8367,29.1117]]],[[[-90.8211,29.1167],[-90.8167,29.1289],[-90.8456,29.1153],[-90.8211,29.1167]]],[[[-90.7461,29.1392],[-90.7589,29.1261],[-90.7442,29.1169],[-90.7461,29.1392]]],[[[-90.8592,29.1147],[-90.8756,29.1078],[-90.8569,29.0903],[-90.845,29.1081],[-90.8592,29.1147]]],[[[-90.8556,29.1325],[-90.8672,29.1253],[-90.8486,29.1247],[-90.8556,29.1325]]],[[[-91.0167,29.1968],[-91.0206,29.1783],[-91.0078,29.1858],[-91.0167,29.1968]]],[[[-90.7914,29.1453],[-90.8128,29.1419],[-90.8106,29.1222],[-90.7866,29.1272],[-90.7914,29.1453]]],[[[-90.3169,29.0708],[-90.3369,29.0603],[-90.2986,29.0689],[-90.3169,29.0708]]],[[[-90.0794,29.1942],[-90.095,29.1814],[-90.1014,29.21],[-90.1353,29.2078],[-90.1297,29.2219],[-90.0972,29.2106],[-90.1061,29.2283],[-90.09,29.2328],[-90.1147,29.2431],[-90.0986,29.2386],[-90.1356,29.3144],[-90.1253,29.3269],[-90.1622,29.3692],[-90.1428,29.3536],[-90.145,29.3728],[-90.1303,29.3739],[-90.1039,29.34],[-90.0981,29.3572],[-90.0344,29.2928],[-90.0561,29.3383],[-90.0779,29.3475],[-90.0594,29.3556],[-90.0614,29.3425],[-90.055,29.3561],[-90.0458,29.3394],[-90.045,29.3708],[-90.03,29.3811],[-90.0583,29.3772],[-90.0603,29.3567],[-90.0753,29.3683],[-90.0519,29.3831],[-90.0711,29.3986],[-90.0564,29.4211],[-90.0689,29.4406],[-90.0828,29.435],[-90.0653,29.4494],[-90.1439,29.4519],[-90.1589,29.4819],[-90.1872,29.4622],[-90.2011,29.5003],[-90.2322,29.4986],[-90.2283,29.5189],[-90.1969,29.5183],[-90.2281,29.5358],[-90.1897,29.5736],[-90.1572,29.5744],[-90.1747,29.5619],[-90.1561,29.5469],[-90.1617,29.5353],[-90.1283,29.5525],[-90.0894,29.5239],[-90.0944,29.5389],[-90.0575,29.5319],[-90.0808,29.5236],[-90.0417,29.4931],[-90.0086,29.4931],[-89.9797,29.4578],[-89.9197,29.4594],[-89.9336,29.4644],[-89.9261,29.5111],[-89.9106,29.4789],[-89.8817,29.4864],[-89.8975,29.4694],[-89.8597,29.4864],[-89.8597,29.4733],[-89.8144,29.4586],[-89.8183,29.4433],[-89.8356,29.4531],[-89.8436,29.4344],[-89.8269,29.435],[-89.8447,29.4233],[-89.8119,29.4328],[-89.815,29.3958],[-89.7826,29.4172],[-89.7761,29.4017],[-89.7247,29.4408],[-89.7325,29.49],[-89.7131,29.4603],[-89.7122,29.4711],[-89.6916,29.467],[-89.6842,29.4408],[-89.6603,29.4383],[-89.6692,29.4169],[-89.6083,29.3872],[-89.5944,29.3556],[-89.5933,29.3686],[-89.5392,29.3553],[-89.4875,29.32],[-89.5047,29.3136],[-89.475,29.2842],[-89.4967,29.2808],[-89.4725,29.2611],[-89.4975,29.2597],[-89.4957,29.2339],[-89.4634,29.2487],[-89.4878,29.2318],[-89.4475,29.1819],[-89.4275,29.1775],[-89.4472,29.1936],[-89.4164,29.2125],[-89.3961,29.1925],[-89.3872,29.2239],[-89.3689,29.2133],[-89.3608,29.2322],[-89.3553,29.2069],[-89.3817,29.2047],[-89.3644,29.1864],[-89.3494,29.225],[-89.3586,29.2364],[-89.3503,29.2183],[-89.3439,29.2294],[-89.3517,29.1569],[-89.3244,29.2011],[-89.3384,29.2047],[-89.3381,29.2258],[-89.33,29.2089],[-89.3181,29.2239],[-89.2997,29.2197],[-89.2717,29.1711],[-89.2814,29.1589],[-89.2703,29.1311],[-89.3067,29.1186],[-89.2946,29.0894],[-89.3128,29.0867],[-89.3203,29.0572],[-89.3439,29.0572],[-89.3325,29.0456],[-89.3528,29.0425],[-89.335,29.0314],[-89.2631,29.13],[-89.2756,29.0933],[-89.2647,29.0722],[-89.2531,29.075],[-89.2564,29.0908],[-89.2706,29.0881],[-89.2581,29.1225],[-89.2619,29.1083],[-89.2336,29.0942],[-89.2117,29.0406],[-89.1492,28.9961],[-89.1553,29.0294],[-89.1733,29.0403],[-89.1503,29.0406],[-89.151,29.073],[-89.1181,29.0742],[-89.1081,29.0931],[-89.1421,29.1291],[-89.1081,29.1114],[-89.0913,29.1198],[-89.0692,29.0897],[-89.0636,29.1189],[-89.0411,29.1358],[-89.0642,29.1238],[-89.1019,29.1351],[-89.1144,29.1578],[-89.0986,29.1725],[-89.0911,29.1575],[-89.0939,29.1772],[-89.0767,29.1831],[-89.0797,29.17],[-89.0669,29.1839],[-89.0508,29.1706],[-89.0552,29.1955],[-89.0261,29.2142],[-89.0953,29.1875],[-89.1135,29.2021],[-89.1317,29.1797],[-89.1162,29.2194],[-89.1347,29.2203],[-89.128,29.2382],[-89.1544,29.2292],[-89.1561,29.2394],[-89.1214,29.2364],[-89.1167,29.2533],[-89.1653,29.2389],[-89.1186,29.2569],[-89.1597,29.2503],[-89.1311,29.2542],[-89.1497,29.2575],[-89.1389,29.2858],[-89.1589,29.2875],[-89.1744,29.3214],[-89.1906,29.3167],[-89.1997,29.3444],[-89.2056,29.3203],[-89.2128,29.3314],[-89.2286,29.3039],[-89.2517,29.3044],[-89.2442,29.2683],[-89.2272,29.2689],[-89.2642,29.2564],[-89.2658,29.2053],[-89.2906,29.2564],[-89.3103,29.2544],[-89.3292,29.2836],[-89.3167,29.2828],[-89.3311,29.2931],[-89.3217,29.3007],[-89.2847,29.2978],[-89.2608,29.3086],[-89.2708,29.3219],[-89.2528,29.3236],[-89.2686,29.3286],[-89.2542,29.3311],[-89.2678,29.3511],[-89.2983,29.3492],[-89.3042,29.3842],[-89.3064,29.36],[-89.3383,29.3544],[-89.3522,29.3253],[-89.4061,29.3597],[-89.3914,29.36],[-89.3828,29.3886],[-89.3972,29.3742],[-89.4033,29.3892],[-89.4056,29.3758],[-89.4447,29.3753],[-89.4423,29.3879],[-89.4703,29.4014],[-89.5311,29.3733],[-89.5275,29.3842],[-89.5761,29.4094],[-89.5586,29.4242],[-89.5408,29.4039],[-89.5422,29.4297],[-89.5657,29.4417],[-89.5494,29.4494],[-89.5419,29.4353],[-89.5217,29.4561],[-89.5467,29.4489],[-89.5728,29.4764],[-89.5764,29.4647],[-89.5903,29.4953],[-89.6269,29.4717],[-89.6383,29.4925],[-89.6519,29.4875],[-89.6365,29.4962],[-89.6525,29.5],[-89.6487,29.5156],[-89.6958,29.5236],[-89.6761,29.5361],[-89.7092,29.5625],[-89.6925,29.5728],[-89.7197,29.5817],[-89.7336,29.5986],[-89.7208,29.6022],[-89.7392,29.6075],[-89.7306,29.6153],[-89.7622,29.6292],[-89.7361,29.6208],[-89.7506,29.6344],[-89.7261,29.6392],[-89.6928,29.6133],[-89.6736,29.6347],[-89.6222,29.6036],[-89.6294,29.6303],[-89.6664,29.6344],[-89.6431,29.6472],[-89.6761,29.6653],[-89.6625,29.6725],[-89.6697,29.6942],[-89.6208,29.6589],[-89.5647,29.6586],[-89.5769,29.6703],[-89.4903,29.6286],[-89.5303,29.6633],[-89.5511,29.6611],[-89.5539,29.6786],[-89.5683,29.6664],[-89.6203,29.6797],[-89.5919,29.7033],[-89.6189,29.6997],[-89.6592,29.7258],[-89.6464,29.7328],[-89.6517,29.7661],[-89.6372,29.7544],[-89.6325,29.77],[-89.6158,29.7681],[-89.6083,29.7308],[-89.5817,29.7583],[-89.5606,29.7364],[-89.5417,29.7551],[-89.5258,29.7425],[-89.5439,29.7708],[-89.5222,29.7392],[-89.4722,29.7267],[-89.4731,29.715],[-89.4853,29.7206],[-89.4589,29.6853],[-89.4269,29.6778],[-89.4408,29.6992],[-89.4308,29.7011],[-89.4014,29.6839],[-89.4731,29.7347],[-89.4703,29.7811],[-89.425,29.7306],[-89.4394,29.7664],[-89.4764,29.7964],[-89.4619,29.8086],[-89.4931,29.8228],[-89.5028,29.8056],[-89.5467,29.8039],[-89.5278,29.8089],[-89.5175,29.8494],[-89.5094,29.8297],[-89.4642,29.825],[-89.4347,29.7997],[-89.4358,29.7822],[-89.4142,29.7878],[-89.4183,29.7519],[-89.3936,29.7906],[-89.3417,29.7817],[-89.4211,29.8142],[-89.4078,29.8347],[-89.4397,29.8542],[-89.4256,29.8519],[-89.4167,29.8719],[-89.445,29.8864],[-89.4308,29.9142],[-89.46,29.9283],[-89.4019,29.9456],[-89.4053,29.9614],[-89.4219,29.9631],[-89.4286,29.9433],[-89.4342,29.9603],[-89.4247,29.9536],[-89.42,29.9719],[-89.4522,29.9503],[-89.4569,29.9714],[-89.4575,29.9564],[-89.4797,29.9531],[-89.4628,29.9625],[-89.4756,29.9875],[-89.4556,29.9786],[-89.4356,29.9928],[-89.49,29.9822],[-89.5072,29.9972],[-89.5,30.0179],[-89.4586,29.9939],[-89.4461,30.0228],[-89.4178,30.0306],[-89.4839,30.0789],[-89.4908,30.0383],[-89.5797,29.9922],[-89.57,29.9625],[-89.5931,29.9167],[-89.5908,29.8853],[-89.6314,29.8639],[-89.69,29.8669],[-89.7389,29.9017],[-89.7486,29.9283],[-89.7142,29.9467],[-89.7244,29.9564],[-89.8147,29.9325],[-89.8392,29.9431],[-89.8528,29.9769],[-89.8583,30.0067],[-89.8192,30.0447],[-89.7706,30.0475],[-89.7211,30.0236],[-89.7297,30.0603],[-89.685,30.0758],[-89.6817,30.1067],[-89.6411,30.1492],[-89.5867,30.1506],[-89.5617,30.1778],[-89.5247,30.1847],[-89.5351,30.196],[-89.5748,30.1831],[-89.6147,30.222],[-89.6452,30.2914],[-89.6307,30.34],[-89.6837,30.4063],[-89.6897,30.459],[-89.772,30.5189],[-89.8293,30.6208],[-89.8178,30.6362],[-89.8508,30.6618],[-89.8432,30.7153],[-89.8221,30.7396],[-89.8303,30.7824],[-89.809,30.7892],[-89.8177,30.7985],[-89.8012,30.8215],[-89.7848,30.8181],[-89.7904,30.8496],[-89.7684,30.8645],[-89.7726,30.8961],[-89.7459,30.9185],[-89.7561,30.9424],[-89.7275,30.9673],[-89.7344,31.0034],[-91.6397,30.9998],[-91.5775,31.0324],[-91.562,31.0561],[-91.6256,31.122],[-91.5965,31.1896],[-91.654,31.2568],[-91.627,31.2698],[-91.5536,31.2653],[-91.5189,31.2845],[-91.5138,31.3181],[-91.5489,31.3461],[-91.5451,31.3834],[-91.5709,31.3776],[-91.5789,31.4104],[-91.5446,31.431],[-91.5167,31.3712],[-91.4806,31.3765],[-91.4712,31.4045],[-91.5125,31.447],[-91.5241,31.5225],[-91.4445,31.5464],[-91.4066,31.5793],[-91.4211,31.5971],[-91.4948,31.5894],[-91.5191,31.627],[-91.4985,31.6464],[-91.4388,31.6131],[-91.4141,31.6163],[-91.3967,31.6387],[-91.397,31.7167],[-91.3768,31.7458],[-91.2635,31.7511],[-91.2782,31.7707],[-91.3703,31.7599],[-91.3393,31.8415],[-91.3033,31.8574],[-91.2797,31.815],[-91.2526,31.8174],[-91.2486,31.8352],[-91.2715,31.8578],[-91.184,31.9167],[-91.1756,31.9725],[-91.0966,31.9919],[-91.0817,32.013],[-91.091,32.0379],[-91.1563,32.0533],[-91.1579,32.075],[-91.1346,32.0832],[-91.1066,32.0539],[-91.0774,32.0483],[-91.0805,32.0839],[-91.0382,32.1001],[-91.0057,32.1407],[-91.0021,32.1617],[-91.0583,32.1807],[-91.053,32.1237],[-91.1635,32.1366],[-91.1746,32.1584],[-91.1644,32.1972],[-91.0841,32.2272],[-91.0591,32.2193],[-91.0463,32.2399],[-91.0142,32.2295],[-90.9927,32.202],[-90.9797,32.2913],[-90.9499,32.2839],[-90.9188,32.3033],[-90.8782,32.3664],[-90.8858,32.3757],[-90.9175,32.3404],[-91.0015,32.3566],[-91.0068,32.3757],[-90.9674,32.4207],[-90.9707,32.4406],[-91.0612,32.4416],[-91.1148,32.4873],[-91.1141,32.5197],[-91.0934,32.5484],[-91.0397,32.4943],[-91.0071,32.4831],[-90.9876,32.4932],[-91.0796,32.5583],[-91.007,32.6067],[-91.0162,32.642],[-91.0367,32.6387],[-91.0555,32.6075],[-91.1119,32.5906],[-91.1333,32.5935],[-91.1549,32.6316],[-91.0542,32.7136],[-91.0705,32.734],[-91.1463,32.7429],[-91.1656,32.7613],[-91.1455,32.8427],[-91.1028,32.8602],[-91.064,32.9052],[-91.0916,32.9778],[-91.1098,32.9877],[-91.1332,32.9774],[-91.1323,32.9169],[-91.1679,32.9005],[-91.1994,32.9094],[-91.2126,32.9303],[-91.1631,33.0045],[-94.0456,33.0206],[-94.0419,31.9939],[-94.0233,31.9912],[-93.9735,31.9244],[-93.9234,31.9085],[-93.9257,31.888],[-93.8989,31.895],[-93.8717,31.8152],[-93.8242,31.7756],[-93.837,31.7503],[-93.8141,31.705],[-93.7952,31.7023],[-93.8269,31.6642],[-93.8126,31.6483],[-93.835,31.5878],[-93.7841,31.5287],[-93.7133,31.5115],[-93.7526,31.484],[-93.7504,31.4706],[-93.7034,31.4559],[-93.71,31.442],[-93.6938,31.4373],[-93.705,31.4156],[-93.6739,31.3975],[-93.6734,31.3684],[-93.6398,31.3719],[-93.6679,31.3524],[-93.6895,31.3066],[-93.6177,31.2645],[-93.6174,31.2343],[-93.5978,31.2304],[-93.5951,31.1716],[-93.5339,31.1846],[-93.5492,31.1528],[-93.5398,31.1197],[-93.5642,31.0944],[-93.5208,31.0657],[-93.5326,31.0541],[-93.5087,31.0307],[-93.5759,31.0052],[-93.5729,30.9719],[-93.5347,30.9571],[-93.5274,30.9379],[-93.5734,30.8865],[-93.5564,30.8274],[-93.5956,30.7642],[-93.6147,30.7584],[-93.6309,30.6797],[-93.6918,30.6309],[-93.6802,30.595],[-93.713,30.5891],[-93.7397,30.5397],[-93.7057,30.5117],[-93.716,30.4816],[-93.6989,30.4414],[-93.7268,30.4304],[-93.7573,30.3899],[-93.7637,30.3317],[-93.706,30.2797],[-93.7204,30.209],[-93.702,30.1727],[-93.7085,30.1484],[-93.6892,30.1396],[-93.7228,30.0872],[-93.7349,30.0897],[-93.7006,30.0597],[-93.72,30.0653],[-93.7426,30.0231],[-93.7901,29.9873],[-93.8345,29.888],[-93.9308,29.8062],[-93.8349,29.6923],[-93.8229,29.644],[-93.8304,29.6979],[-93.7192,29.7401],[-93.4684,29.7698],[-93.3467,29.7617],[-93.3428,29.7439],[-93.3442,29.7621],[-93.3394,29.7447],[-93.3339,29.7647],[-93.2255,29.777],[-92.9819,29.7203],[-92.6609,29.5941],[-92.5611,29.5747],[-92.5759,29.5838],[-92.5594,29.5892],[-92.5514,29.5728],[-92.2836,29.5333],[-92.1496,29.5846],[-92.0462,29.5845],[-92.0704,29.6],[-92.0376,29.618],[-92.0079,29.6141],[-92.0353,29.6322],[-92.1073,29.6127],[-92.1366,29.6672],[-92.1037,29.6992],[-92.1661,29.6989],[-92.2157,29.7485],[-92.1444,29.7875],[-92.1108,29.7422],[-91.9822,29.7958],[-91.9741,29.8329],[-91.9372,29.8161],[-91.8856,29.8358],[-91.8255,29.8239],[-91.8219,29.8],[-91.8271,29.7772],[-91.8369,29.7722],[-91.8503,29.7964],[-91.88,29.7561],[-91.8533,29.7425],[-91.8797,29.7108],[-91.8575,29.7053],[-91.7716,29.7464],[-91.6333,29.7431],[-91.6152,29.7592],[-91.6272,29.6608],[-91.6172,29.6536],[-91.6475,29.635],[-91.5522,29.6335],[-91.5251,29.5523],[-91.5427,29.5247],[-91.4316,29.5416],[-91.4127,29.4919],[-91.3971,29.5129],[-91.3567,29.5158],[-91.3491,29.4964],[-91.3181,29.4881],[-91.3335,29.4855],[-91.2658,29.4786],[-91.2581,29.445],[-91.2164,29.4331],[-91.2081,29.4036],[-91.2196,29.3973],[-91.1994,29.375],[-91.1264,29.3333],[-91.1192,29.3056],[-91.1333,29.2814],[-91.1167,29.2575],[-91.1361,29.2331],[-91.0932,29.1907],[-91.0581,29.185],[-91.0361,29.2281],[-91.0125,29.2408],[-91.0283,29.2019],[-91.0061,29.2181],[-90.9922,29.2008],[-91.0083,29.1986],[-91.0109,29.1748],[-90.965,29.1806],[-90.979,29.1946],[-90.9569,29.2033],[-90.9392,29.1967],[-90.9702,29.189],[-90.9425,29.175],[-90.9119,29.2114],[-90.9394,29.1661],[-90.9144,29.1464],[-90.8847,29.1497],[-90.8906,29.1294],[-90.8756,29.1186],[-90.8711,29.1398],[-90.8667,29.1272],[-90.8428,29.1411],[-90.8692,29.1458],[-90.8461,29.1586],[-90.8625,29.1672],[-90.8506,29.1658],[-90.8522,29.18],[-90.8147,29.15],[-90.8096,29.1869],[-90.7902,29.1771],[-90.7933,29.1894],[-90.7728,29.1806],[-90.7772,29.1911],[-90.7697,29.1675],[-90.7822,29.1683],[-90.7894,29.1367],[-90.7586,29.1478],[-90.7575,29.1283],[-90.7261,29.1461],[-90.7067,29.1983],[-90.6958,29.1864],[-90.6839,29.1972],[-90.6936,29.2211],[-90.6792,29.2244],[-90.6744,29.21],[-90.6772,29.2472],[-90.6461,29.2597],[-90.6408,29.2242],[-90.6354,29.2461],[-90.6122,29.2142],[-90.6047,29.2231],[-90.6318,29.2505],[-90.6269,29.2736],[-90.6153,29.2669],[-90.63,29.28],[-90.6142,29.2772],[-90.6108,29.3125],[-90.6011,29.2994],[-90.6022,29.3128],[-90.5781,29.3194],[-90.5581,29.3044],[-90.5317,29.33],[-90.5336,29.3081],[-90.4792,29.2911],[-90.4447,29.3519],[-90.3911,29.3008],[-90.3972,29.2639],[-90.3847,29.2778],[-90.3724,29.265],[-90.3776,29.2914],[-90.3517,29.3164],[-90.355,29.3417],[-90.3308,29.3175],[-90.3447,29.2881],[-90.3078,29.2722],[-90.275,29.1975],[-90.2589,29.2022],[-90.2586,29.1559],[-90.2455,29.1486],[-90.2728,29.1414],[-90.2347,29.1292],[-90.2325,29.1067],[-90.2506,29.1076],[-90.2294,29.0797],[-90.0839,29.1672],[-90.0478,29.2153],[-90.0744,29.2097],[-90.0794,29.1942]]],[[[-89.9506,29.2686],[-89.9883,29.2594],[-89.9644,29.26],[-90.0444,29.2006],[-89.9506,29.2686]]],[[[-89.9711,29.2831],[-89.9822,29.2817],[-89.9683,29.2714],[-89.9711,29.2831]]],[[[-90.1147,29.3258],[-90.1014,29.2994],[-90.1128,29.3158],[-90.1017,29.3233],[-90.1147,29.3258]]],[[[-89.9825,29.3203],[-89.9733,29.3003],[-89.9697,29.3172],[-89.9825,29.3203]]],[[[-90.0903,29.3392],[-90.1019,29.3389],[-90.0936,29.3269],[-90.0808,29.3336],[-90.0903,29.3392]]],[[[-90.8028,29.1661],[-90.7969,29.1517],[-90.8111,29.1472],[-90.7836,29.1681],[-90.8028,29.1661]]],[[[-90.5769,29.2408],[-90.5881,29.2397],[-90.5725,29.2272],[-90.5769,29.2408]]],[[[-91.2389,29.3522],[-91.2365,29.3723],[-91.2661,29.3606],[-91.2767,29.3294],[-91.3078,29.305],[-91.3458,29.3155],[-91.2792,29.2494],[-91.1327,29.2186],[-91.1364,29.25],[-91.1692,29.2347],[-91.1556,29.2572],[-91.2033,29.2672],[-91.202,29.2998],[-91.1957,29.2853],[-91.185,29.2953],[-91.2389,29.3522]]],[[[-91.1664,29.3244],[-91.1925,29.31],[-91.1847,29.2703],[-91.1714,29.2739],[-91.1664,29.3244]]],[[[-91.3117,29.4261],[-91.3339,29.4192],[-91.3341,29.3919],[-91.3336,29.4156],[-91.3278,29.3967],[-91.3281,29.4217],[-91.3247,29.4114],[-91.3117,29.4261]]],[[[-89.8856,29.3219],[-89.9058,29.3153],[-89.8639,29.3081],[-89.8856,29.3219]]],[[[-89.8122,29.3569],[-89.8397,29.3433],[-89.8428,29.3183],[-89.7992,29.3425],[-89.8125,29.3419],[-89.8017,29.3525],[-89.8122,29.3569]]],[[[-89.7019,29.3817],[-89.7331,29.3694],[-89.7189,29.3306],[-89.7467,29.3356],[-89.7558,29.3217],[-89.7611,29.3492],[-89.7733,29.3278],[-89.8208,29.3158],[-89.7383,29.3064],[-89.7356,29.3233],[-89.7342,29.3067],[-89.6836,29.2938],[-89.6422,29.3311],[-89.6667,29.3267],[-89.6486,29.3397],[-89.6664,29.3494],[-89.6403,29.3456],[-89.6464,29.3639],[-89.6322,29.3594],[-89.6503,29.3769],[-89.6556,29.3597],[-89.6653,29.37],[-89.6628,29.3533],[-89.6808,29.3581],[-89.6803,29.3389],[-89.6842,29.3675],[-89.7064,29.3411],[-89.7222,29.3619],[-89.7019,29.3817]]],[[[-89.7356,29.3572],[-89.7469,29.3469],[-89.7353,29.3433],[-89.7356,29.3572]]],[[[-89.9953,29.3706],[-90.0131,29.3589],[-90.0075,29.3422],[-89.9853,29.3475],[-90.0094,29.3553],[-89.9953,29.3706]]],[[[-90.1336,29.3653],[-90.1264,29.3522],[-90.1394,29.3542],[-90.115,29.335],[-90.1336,29.3653]]],[[[-90.0472,29.4519],[-90.0642,29.4478],[-90.0519,29.4222],[-90.0364,29.4286],[-90.0456,29.4136],[-90.0261,29.4281],[-90.0469,29.4294],[-90.0472,29.4519]]],[[[-89.775,29.3978],[-89.7883,29.3908],[-89.7806,29.3781],[-89.775,29.3978]]],[[[-89.7614,29.405],[-89.7703,29.3997],[-89.7561,29.3944],[-89.7614,29.405]]],[[[-89.6803,29.4242],[-89.6875,29.4094],[-89.6694,29.3906],[-89.6453,29.3897],[-89.6519,29.4064],[-89.6844,29.4094],[-89.6803,29.4242]]],[[[-89.2744,29.0878],[-89.3718,28.972],[-89.2872,29.0472],[-89.3039,29.0544],[-89.2542,29.0636],[-89.2744,29.0878]]],[[[-89.0214,29.2053],[-89.0478,29.1936],[-89.0058,29.1784],[-89.0261,29.1883],[-89.0214,29.2053]]],[[[-89.3431,29.0331],[-89.393,28.9845],[-89.42,28.9283],[-89.3431,29.0331]]],[[[-89.3864,29.1381],[-89.4064,29.1286],[-89.3911,29.1228],[-89.3864,29.1381]]],[[[-89.3683,29.1733],[-89.3661,29.1836],[-89.3975,29.1536],[-89.3683,29.1733]]],[[[-89.4172,29.2006],[-89.4211,29.1689],[-89.4031,29.1917],[-89.4172,29.2006]]],[[[-89.5475,29.2567],[-89.5439,29.2667],[-89.5589,29.2639],[-89.5708,29.2478],[-89.6031,29.2625],[-89.6097,29.2497],[-89.5583,29.2556],[-89.5572,29.2403],[-89.5181,29.2328],[-89.5169,29.2519],[-89.4972,29.2564],[-89.5108,29.2619],[-89.53,29.2386],[-89.5569,29.2431],[-89.5475,29.2567]]],[[[-89.6213,29.2785],[-89.6349,29.283],[-89.6193,29.2639],[-89.6213,29.2785]]],[[[-89.5939,29.3406],[-89.5969,29.3556],[-89.6111,29.3472],[-89.5958,29.3428],[-89.6014,29.3297],[-89.5939,29.3406]]],[[[-89.5778,29.3608],[-89.5892,29.3364],[-89.5519,29.3364],[-89.5778,29.3608]]],[[[-89.6231,29.5],[-89.6372,29.5011],[-89.6297,29.4842],[-89.6231,29.5]]],[[[-89.5279,29.4176],[-89.5351,29.4254],[-89.5367,29.4056],[-89.5279,29.4176]]],[[[-89.5697,29.5483],[-89.6108,29.5297],[-89.5858,29.5256],[-89.5969,29.5378],[-89.5746,29.5317],[-89.5697,29.5483]]],[[[-89.6333,29.5669],[-89.6222,29.5722],[-89.645,29.565],[-89.6333,29.5669]]],[[[-89.6167,29.6006],[-89.6311,29.6022],[-89.6111,29.5861],[-89.6167,29.6006]]],[[[-89.6258,29.6497],[-89.6411,29.6492],[-89.6069,29.6436],[-89.6258,29.6497]]],[[[-89.4531,29.6833],[-89.4631,29.6617],[-89.4433,29.6717],[-89.4531,29.6833]]],[[[-89.423,29.706],[-89.3874,29.6798],[-89.4311,29.7122],[-89.423,29.706]]],[[[-89.5283,29.6817],[-89.5536,29.6806],[-89.5347,29.665],[-89.5283,29.6817]]],[[[-89.5197,29.7058],[-89.5361,29.7044],[-89.5317,29.6864],[-89.5075,29.6919],[-89.5197,29.7058]]],[[[-89.5872,29.7247],[-89.5867,29.7392],[-89.5994,29.7264],[-89.5872,29.7247]]],[[[-89.6278,29.7556],[-89.6186,29.75],[-89.6303,29.7656],[-89.6278,29.7556]]],[[[-89.2411,29.8828],[-89.2606,29.8844],[-89.2542,29.8733],[-89.2411,29.8828]]],[[[-88.8447,29.8061],[-88.8397,29.8192],[-88.8681,29.7914],[-88.88,29.7503],[-88.8447,29.8061]]],[[[-88.8325,29.8442],[-88.8286,29.86],[-88.8411,29.8233],[-88.8325,29.8442]]],[[[-89.3589,29.7992],[-89.2858,29.7633],[-89.2942,29.7992],[-89.3042,29.7817],[-89.3072,29.7933],[-89.3306,29.7825],[-89.3589,29.7992]]],[[[-89.3622,29.8247],[-89.3994,29.8183],[-89.3456,29.8144],[-89.3622,29.8247]]],[[[-89.3239,29.8425],[-89.3406,29.8378],[-89.3125,29.8236],[-89.3239,29.8425]]],[[[-89.2908,29.8686],[-89.3408,29.8661],[-89.3147,29.8528],[-89.3069,29.8617],[-89.3192,29.8633],[-89.2922,29.8672],[-89.2736,29.8508],[-89.2861,29.8506],[-89.2706,29.8519],[-89.2728,29.8697],[-89.2908,29.8686]]],[[[-89.2422,29.9467],[-89.3042,29.9147],[-89.2325,29.9303],[-89.2422,29.9467]]],[[[-89.2711,29.9742],[-89.3003,29.9411],[-89.2789,29.9492],[-89.2911,29.9536],[-89.2711,29.9742]]],[[[-89.2469,29.9922],[-89.2669,29.9809],[-89.2586,29.9706],[-89.2469,29.9922]]],[[[-89.2511,29.9481],[-89.2381,29.9625],[-89.2669,29.9428],[-89.2511,29.9481]]],[[[-88.8272,29.9636],[-88.839,29.9583],[-88.825,29.9394],[-88.8261,29.8808],[-88.8414,29.8631],[-88.8275,29.8656],[-88.8181,29.9077],[-88.8272,29.9636]]],[[[-89.2122,30.0103],[-89.2264,29.9992],[-89.2042,30.0006],[-89.2122,30.0103]]],[[[-89.5242,29.7306],[-89.5567,29.7308],[-89.5481,29.7156],[-89.5242,29.7306]]],[[[-89.3781,29.9089],[-89.4103,29.8967],[-89.3997,29.8811],[-89.4197,29.8909],[-89.4044,29.8714],[-89.4192,29.8781],[-89.4128,29.8611],[-89.3947,29.8531],[-89.4186,29.8242],[-89.3556,29.8489],[-89.3553,29.8725],[-89.3292,29.8706],[-89.3422,29.8841],[-89.3642,29.8747],[-89.344,29.909],[-89.3994,29.8667],[-89.4069,29.8786],[-89.3936,29.8725],[-89.3803,29.8981],[-89.3694,29.8917],[-89.3781,29.9089]]],[[[-89.3803,29.9339],[-89.4186,29.9219],[-89.3969,29.9114],[-89.3803,29.9339]]],[[[-89.3942,29.9611],[-89.4059,29.9535],[-89.3992,29.9289],[-89.3803,29.9397],[-89.3942,29.9611]]],[[[-89.3803,30.0506],[-89.4064,30.0469],[-89.3897,30.0333],[-89.4192,30.0392],[-89.4,30.0028],[-89.4105,30.0242],[-89.3747,30.0328],[-89.3803,30.0506]]],[[[-89.4219,30.1464],[-89.4436,30.145],[-89.4467,30.1306],[-89.4269,30.13],[-89.4219,30.1464]]],[[[-89.3603,29.9786],[-89.3633,29.9475],[-89.3522,29.9617],[-89.3631,29.9728],[-89.3506,29.9722],[-89.3603,29.9786]]],[[[-89.2611,30.0497],[-89.2786,30.0433],[-89.2753,30.0222],[-89.2611,30.0497]]],[[[-89.2475,30.1086],[-89.2456,30.1214],[-89.2938,30.0956],[-89.2739,30.0858],[-89.2928,30.0844],[-89.2794,30.0664],[-89.3028,30.0856],[-89.3208,30.0614],[-89.3419,30.0594],[-89.3339,30.0364],[-89.3105,30.0656],[-89.2486,30.06],[-89.2663,30.0805],[-89.2475,30.1086]]],[[[-89.2236,30.0803],[-89.2411,30.0467],[-89.2261,30.0208],[-89.2286,30.0392],[-89.2147,30.0486],[-89.2133,30.0264],[-89.1908,30.0528],[-89.2089,30.0622],[-89.2264,30.0514],[-89.2236,30.0803]]],[[[-89.2364,30.095],[-89.2508,30.0892],[-89.2461,30.0722],[-89.2333,30.0758],[-89.2392,30.0889],[-89.2261,30.0853],[-89.2364,30.095]]],[[[-90.0019,29.4544],[-90.0206,29.4583],[-90.0183,29.4433],[-90.0011,29.4422],[-90.0019,29.4544]]],[[[-89.7006,29.4431],[-89.7153,29.4475],[-89.7558,29.4089],[-89.74,29.4222],[-89.7275,29.3892],[-89.6772,29.385],[-89.7006,29.4431]]],[[[-89.7164,29.4631],[-89.7267,29.4667],[-89.72,29.4458],[-89.7164,29.4631]]],[[[-89.8647,29.4722],[-89.8811,29.4636],[-89.8706,29.45],[-89.8647,29.4722]]],[[[-89.6658,29.5308],[-89.6825,29.5247],[-89.6653,29.5153],[-89.6658,29.5308]]],[[[-90.0528,29.4731],[-90.0642,29.4703],[-90.0183,29.46],[-90.0528,29.4731]]],[[[-90.0453,29.4925],[-90.0433,29.4769],[-90.0161,29.4736],[-90.0453,29.4925]]],[[[-90.0756,29.5078],[-90.1178,29.4964],[-90.1011,29.4906],[-90.0975,29.4669],[-90.0814,29.4778],[-90.0939,29.4975],[-90.0539,29.4808],[-90.0558,29.5019],[-90.0756,29.5078]]],[[[-91.2862,29.4196],[-91.2831,29.4294],[-91.2942,29.4092],[-91.2862,29.4196]]],[[[-91.3314,29.4356],[-91.3539,29.4361],[-91.3367,29.4375],[-91.3447,29.4222],[-91.3314,29.4356]]],[[[-91.2883,29.435],[-91.2931,29.4483],[-91.3108,29.4328],[-91.2883,29.435]]],[[[-91.2625,29.4564],[-91.2703,29.4692],[-91.2825,29.4536],[-91.2824,29.4154],[-91.2673,29.4334],[-91.2767,29.4489],[-91.2569,29.4383],[-91.2625,29.4564]]],[[[-91.2867,29.4692],[-91.2812,29.4781],[-91.3264,29.4644],[-91.3531,29.4378],[-91.2867,29.4692]]],[[[-91.4547,29.5046],[-91.4514,29.5147],[-91.469,29.5073],[-91.4547,29.5046]]],[[[-91.4336,29.5342],[-91.476,29.5189],[-91.4672,29.5106],[-91.4336,29.5342]]],[[[-91.8983,29.6336],[-91.9278,29.6353],[-91.9228,29.6219],[-91.94,29.6092],[-91.9825,29.6147],[-91.9819,29.6014],[-91.9894,29.6119],[-92.0331,29.5775],[-91.8217,29.4742],[-91.7672,29.4894],[-91.7681,29.5253],[-91.7054,29.569],[-91.7361,29.5628],[-91.7333,29.5831],[-91.7583,29.5578],[-91.7482,29.5738],[-91.7746,29.5675],[-91.7844,29.5944],[-91.8158,29.5789],[-91.8067,29.5539],[-91.8264,29.5703],[-91.8056,29.5997],[-91.8442,29.6292],[-91.8983,29.6336]]],[[[-92.1392,29.7783],[-92.2044,29.7533],[-92.1672,29.7408],[-92.1761,29.7589],[-92.1525,29.7538],[-92.1311,29.7664],[-92.1392,29.7783]]],[[[-89.65,29.5839],[-89.6661,29.575],[-89.6436,29.5717],[-89.65,29.5839]]],[[[-89.6781,29.5811],[-89.7047,29.5844],[-89.6681,29.5758],[-89.6781,29.5811]]],[[[-89.7231,29.6256],[-89.7317,29.6192],[-89.7172,29.6147],[-89.7231,29.6256]]]]}},{"type":"Feature","properties":{"gid":"USA.20_1","name":"缅因州","nameEn":"Maine","nameLocal":"Maine","type":"州","typeEn":"State","groupZh":"州","area":83856.3,"iso":"US-ME","engtype":"State","capital":"奥古斯塔","pop":1363218,"blurb":"新英格兰最北，龙虾与森林。"},"geometry":{"type":"MultiPolygon","coordinates":[[[[-70.3536,43.535],[-70.3281,43.5403],[-70.3492,43.5578],[-70.3386,43.5489],[-70.33,43.565],[-70.3348,43.5473],[-70.3133,43.5269],[-70.2728,43.5625],[-70.2444,43.5522],[-70.1972,43.565],[-70.2265,43.6503],[-70.2758,43.6319],[-70.3106,43.6586],[-70.2789,43.64],[-70.2422,43.6594],[-70.2403,43.6706],[-70.2755,43.6753],[-70.2444,43.6883],[-70.2556,43.6908],[-70.2467,43.7189],[-70.2431,43.6936],[-70.2169,43.7058],[-70.1942,43.7703],[-70.1772,43.7775],[-70.1728,43.7617],[-70.1411,43.7892],[-70.1758,43.7978],[-70.1142,43.7997],[-70.1197,43.815],[-70.0963,43.8431],[-70.0788,43.8427],[-70.1017,43.8094],[-70.0619,43.8283],[-70.0714,43.8081],[-70.0197,43.8611],[-69.9844,43.8675],[-70.0269,43.8227],[-69.9482,43.8621],[-70.0428,43.7483],[-70.0431,43.7369],[-70.0242,43.7628],[-70.0327,43.7443],[-70.0153,43.7541],[-70.0152,43.7397],[-69.9742,43.8079],[-69.9596,43.8129],[-69.97,43.7956],[-69.9594,43.7989],[-69.9375,43.8608],[-69.9306,43.8408],[-69.8614,43.9347],[-69.8908,43.8697],[-69.8767,43.8553],[-69.8852,43.8692],[-69.8728,43.8797],[-69.8719,43.8544],[-69.8647,43.8817],[-69.8539,43.8794],[-69.8722,43.8347],[-69.8666,43.825],[-69.8481,43.8364],[-69.8664,43.8078],[-69.8454,43.8048],[-69.8761,43.7936],[-69.8609,43.7603],[-69.8697,43.7428],[-69.8453,43.7553],[-69.8378,43.7286],[-69.85,43.7194],[-69.8519,43.7386],[-69.8553,43.7044],[-69.8339,43.7008],[-69.8314,43.7225],[-69.7783,43.7444],[-69.7842,43.7556],[-69.8031,43.7442],[-69.7858,43.7678],[-69.8136,43.8286],[-69.7976,43.8439],[-69.7972,43.8764],[-69.8311,43.8667],[-69.8092,43.9256],[-69.8175,43.9506],[-69.8331,43.9358],[-69.8302,43.9791],[-69.9175,43.9117],[-69.9652,43.9195],[-69.9172,43.9128],[-69.8853,43.9517],[-69.8811,44.0061],[-69.92,43.9704],[-69.8958,44.0081],[-69.8797,44.0075],[-69.8836,43.9894],[-69.8656,43.9819],[-69.8547,44.0083],[-69.8268,44.0029],[-69.8299,44.0168],[-69.8084,44.0233],[-69.8303,43.9817],[-69.815,43.9919],[-69.8233,43.9703],[-69.8039,43.9094],[-69.7967,43.9314],[-69.7604,43.8878],[-69.7556,43.9214],[-69.7408,43.8988],[-69.7253,43.9536],[-69.7215,43.9329],[-69.7013,43.9415],[-69.6714,43.9794],[-69.6765,43.9961],[-69.6315,44.02],[-69.6061,44.065],[-69.6194,44.0242],[-69.6018,44.037],[-69.5983,44.0154],[-69.5856,44.0336],[-69.5964,44.0119],[-69.5864,44.0094],[-69.5987,43.998],[-69.6099,44.0341],[-69.6376,44.0163],[-69.6427,43.9936],[-69.6578,43.9958],[-69.6713,43.9272],[-69.6447,43.9489],[-69.6622,43.8786],[-69.6825,43.87],[-69.6497,43.8361],[-69.6267,43.85],[-69.6216,43.8269],[-69.6153,43.8503],[-69.5911,43.8611],[-69.6036,43.8131],[-69.5832,43.8236],[-69.5881,43.8367],[-69.5789,43.8225],[-69.5726,43.8526],[-69.5918,43.8739],[-69.5744,43.9156],[-69.6014,43.9089],[-69.5911,43.9544],[-69.5471,43.9995],[-69.5464,44.025],[-69.5281,44.0286],[-69.5425,44.0178],[-69.5353,44.0],[-69.5711,43.9664],[-69.5814,43.9359],[-69.5625,43.9278],[-69.5664,43.8769],[-69.5812,43.8864],[-69.5608,43.8617],[-69.5442,43.9217],[-69.545,43.9067],[-69.53,43.9114],[-69.5378,43.8784],[-69.5144,43.8856],[-69.5097,43.9042],[-69.5068,43.8847],[-69.5258,43.8719],[-69.5144,43.8311],[-69.4593,43.903],[-69.46,43.9456],[-69.4314,43.9911],[-69.4196,43.9798],[-69.39,44.0106],[-69.411,44.0201],[-69.4084,44.0435],[-69.3962,44.0323],[-69.3861,44.0528],[-69.3886,44.026],[-69.3706,44.0347],[-69.375,44.0629],[-69.3941,44.0669],[-69.3767,44.0942],[-69.3844,44.0762],[-69.35,44.0646],[-69.3409,44.0431],[-69.3711,44.0199],[-69.3459,44.028],[-69.3682,43.9662],[-69.3503,43.9836],[-69.3448,43.9688],[-69.3225,43.9725],[-69.3139,44.0003],[-69.3175,43.9894],[-69.3036,43.99],[-69.2853,44.0153],[-69.3092,43.9833],[-69.3067,43.9536],[-69.2753,43.9717],[-69.2883,43.9769],[-69.2772,43.9972],[-69.2641,43.9794],[-69.2436,44.0175],[-69.2173,44.0174],[-69.1857,44.0731],[-69.166,44.0705],[-69.2229,44.0054],[-69.2075,44.0086],[-69.2131,43.9958],[-69.2516,43.9838],[-69.2644,43.9667],[-69.2539,43.955],[-69.2761,43.9528],[-69.2606,43.9167],[-69.23,43.9422],[-69.2111,43.9319],[-69.1908,43.9589],[-69.2156,43.9608],[-69.1907,43.9791],[-69.1914,44.0013],[-69.1775,43.9786],[-69.1675,44.0041],[-69.1589,43.9933],[-69.1228,44.0069],[-69.1136,44.0328],[-69.1372,44.0328],[-69.126,44.0503],[-69.1454,44.0779],[-69.1269,44.0412],[-69.1067,44.0494],[-69.0994,44.0343],[-69.0472,44.0856],[-69.0571,44.0953],[-69.1042,44.0784],[-69.1076,44.1098],[-69.0786,44.1183],[-69.0756,44.1338],[-69.0921,44.134],[-69.0743,44.1843],[-69.0533,44.1724],[-69.0605,44.2071],[-69.0456,44.2094],[-69.0031,44.2953],[-68.9797,44.2944],[-68.9539,44.3239],[-68.9558,44.3694],[-69.0331,44.4525],[-68.9861,44.4258],[-68.9456,44.4275],[-68.9214,44.4572],[-68.8997,44.4519],[-68.8969,44.4669],[-68.8828,44.4592],[-68.8497,44.4839],[-68.8394,44.4769],[-68.8617,44.45],[-68.8428,44.4517],[-68.8092,44.4683],[-68.8256,44.4681],[-68.8333,44.4894],[-68.7886,44.4992],[-68.7825,44.4481],[-68.7975,44.4511],[-68.8161,44.4281],[-68.8225,44.4075],[-68.8085,44.4043],[-68.8208,44.3828],[-68.7961,44.3853],[-68.7881,44.4],[-68.8031,44.3994],[-68.7361,44.4342],[-68.7261,44.4567],[-68.7394,44.4672],[-68.7267,44.4706],[-68.7067,44.4528],[-68.7214,44.4492],[-68.7294,44.4153],[-68.6686,44.3878],[-68.665,44.3697],[-68.6778,44.3597],[-68.6858,44.3936],[-68.7594,44.4247],[-68.7806,44.3886],[-68.7558,44.3615],[-68.7975,44.3794],[-68.7878,44.3703],[-68.8201,44.3532],[-68.8278,44.3119],[-68.7933,44.3081],[-68.7919,44.3283],[-68.7733,44.3189],[-68.7694,44.3431],[-68.7669,44.3247],[-68.7494,44.3494],[-68.7536,44.3317],[-68.7322,44.3378],[-68.6889,44.2964],[-68.6306,44.2858],[-68.6094,44.3061],[-68.6261,44.28],[-68.5228,44.2283],[-68.5288,44.2497],[-68.5558,44.2611],[-68.5542,44.2764],[-68.5189,44.2609],[-68.5303,44.2997],[-68.5486,44.2911],[-68.5661,44.3131],[-68.5453,44.3589],[-68.5678,44.3856],[-68.5633,44.4028],[-68.5847,44.4122],[-68.5289,44.3983],[-68.5222,44.4161],[-68.4975,44.4167],[-68.4814,44.4556],[-68.4825,44.3867],[-68.4589,44.385],[-68.4686,44.4817],[-68.5036,44.4936],[-68.4375,44.4825],[-68.4228,44.4964],[-68.4281,44.3964],[-68.3922,44.4178],[-68.3922,44.4361],[-68.3753,44.4233],[-68.3539,44.4444],[-68.3536,44.495],[-68.3456,44.4536],[-68.2697,44.4581],[-68.2947,44.4719],[-68.2672,44.4717],[-68.2686,44.495],[-68.3228,44.5058],[-68.3039,44.5194],[-68.3206,44.5372],[-68.2781,44.5108],[-68.2669,44.53],[-68.2544,44.5122],[-68.2689,44.5043],[-68.2622,44.49],[-68.225,44.4647],[-68.2125,44.5159],[-68.2939,44.5603],[-68.2661,44.5589],[-68.2689,44.5744],[-68.2461,44.5894],[-68.2075,44.5733],[-68.2353,44.5792],[-68.2567,44.5544],[-68.2367,44.53],[-68.1814,44.5119],[-68.2014,44.5108],[-68.1803,44.475],[-68.1931,44.4711],[-68.1617,44.4733],[-68.1688,44.5053],[-68.1333,44.4864],[-68.1447,44.4811],[-68.0961,44.4675],[-68.12,44.4575],[-68.1144,44.4075],[-68.0928,44.3711],[-68.0936,44.3886],[-68.0778,44.3878],[-68.0764,44.3472],[-68.0591,44.3329],[-68.0443,44.3403],[-68.0456,44.361],[-68.0256,44.3577],[-68.0332,44.3739],[-68.0221,44.3796],[-68.0376,44.3865],[-68.0154,44.3857],[-68.0249,44.4083],[-68.0058,44.4129],[-67.9844,44.384],[-67.9588,44.401],[-67.9739,44.4064],[-67.9819,44.4491],[-68.0067,44.4544],[-68.0092,44.4239],[-68.0289,44.4844],[-67.9928,44.46],[-67.9786,44.4831],[-67.9917,44.5028],[-67.9679,44.5041],[-67.9722,44.4719],[-67.9375,44.4094],[-67.9253,44.4192],[-67.9367,44.4492],[-67.9239,44.4517],[-67.9354,44.4793],[-67.9202,44.469],[-67.9053,44.4925],[-67.9114,44.4757],[-67.8922,44.4456],[-67.9114,44.4614],[-67.9147,44.42],[-67.8981,44.3942],[-67.8759,44.4554],[-67.8936,44.4875],[-67.8624,44.496],[-67.8689,44.4647],[-67.8492,44.4945],[-67.894,44.5524],[-67.8545,44.5272],[-67.8422,44.5442],[-67.8623,44.5504],[-67.8456,44.552],[-67.8479,44.564],[-67.8132,44.5417],[-67.8158,44.5612],[-67.8411,44.5667],[-67.8528,44.5883],[-67.8325,44.5689],[-67.8226,44.5926],[-67.8055,44.5636],[-67.7999,44.6],[-67.7881,44.6009],[-67.8012,44.616],[-67.7813,44.5983],[-67.783,44.5529],[-67.8056,44.5425],[-67.7874,44.5196],[-67.7898,44.5465],[-67.7683,44.5469],[-67.7508,44.6149],[-67.7266,44.6197],[-67.7431,44.6132],[-67.7428,44.5571],[-67.7599,44.5495],[-67.7287,44.5237],[-67.7442,44.5219],[-67.7428,44.4967],[-67.7222,44.5192],[-67.7281,44.4967],[-67.7056,44.4997],[-67.6985,44.5187],[-67.7161,44.5177],[-67.6903,44.5436],[-67.675,44.5353],[-67.6589,44.5709],[-67.6228,44.5505],[-67.6365,44.5508],[-67.6425,44.5389],[-67.6263,44.5389],[-67.6425,44.5256],[-67.5715,44.5295],[-67.5604,44.54],[-67.5705,44.5748],[-67.5467,44.5973],[-67.5916,44.6208],[-67.5435,44.6279],[-67.5673,44.6612],[-67.5273,44.6396],[-67.5334,44.621],[-67.5059,44.644],[-67.4929,44.6076],[-67.4636,44.625],[-67.4775,44.6081],[-67.459,44.5959],[-67.4291,44.6141],[-67.4482,44.6309],[-67.4488,44.6714],[-67.4283,44.6625],[-67.4308,44.6352],[-67.4208,44.6527],[-67.4173,44.6275],[-67.4284,44.6267],[-67.4093,44.5945],[-67.3916,44.6255],[-67.3665,44.6261],[-67.3803,44.6433],[-67.3684,44.6557],[-67.3905,44.6683],[-67.3767,44.6767],[-67.4053,44.6817],[-67.3957,44.7109],[-67.4524,44.7227],[-67.3818,44.7193],[-67.39,44.6957],[-67.3656,44.6861],[-67.3528,44.69],[-67.3661,44.6933],[-67.3586,44.7025],[-67.299,44.7055],[-67.3069,44.6637],[-67.3211,44.6742],[-67.3311,44.6614],[-67.2997,44.6545],[-67.2757,44.6232],[-67.2543,44.6299],[-67.2709,44.6645],[-67.2427,44.6667],[-67.2456,44.6428],[-67.2294,44.6349],[-67.189,44.6442],[-67.2113,44.6557],[-67.1548,44.6676],[-67.0964,44.7314],[-67.1179,44.7391],[-67.0735,44.7409],[-67.0675,44.7694],[-67.0203,44.7692],[-66.98,44.81],[-66.9489,44.8136],[-66.9875,44.8139],[-66.9967,44.8425],[-66.9819,44.8622],[-67.0178,44.8464],[-67.0183,44.8861],[-67.063,44.9067],[-67.0242,44.8511],[-67.0633,44.8228],[-67.0528,44.8569],[-67.0761,44.8511],[-67.0611,44.8673],[-67.1048,44.8945],[-67.0856,44.8628],[-67.1128,44.8692],[-67.0858,44.8472],[-67.1183,44.8444],[-67.1147,44.8736],[-67.1339,44.8775],[-67.1289,44.8207],[-67.1669,44.8008],[-67.1492,44.825],[-67.1619,44.8439],[-67.1489,44.8381],[-67.1496,44.8623],[-67.1942,44.8853],[-67.1797,44.9025],[-67.2219,44.9061],[-67.2072,44.9175],[-67.1805,44.9084],[-67.1842,44.9181],[-67.1328,44.8811],[-67.1325,44.9008],[-67.1105,44.9005],[-67.1736,44.9453],[-67.1111,44.9217],[-67.1442,44.9472],[-67.1367,44.9561],[-67.1144,44.9394],[-67.102,44.9537],[-67.0981,44.9236],[-67.0719,44.915],[-67.0709,44.9342],[-67.05,44.9373],[-67.0583,44.9623],[-67.0294,44.9372],[-67.0458,44.9275],[-67.0158,44.9233],[-67.02,44.8981],[-67.0019,44.9059],[-66.9947,44.8914],[-66.9844,44.9128],[-67.0628,44.9717],[-67.05,44.98],[-67.0834,45.0312],[-67.1053,45.0333],[-67.098,45.0436],[-67.1176,45.0576],[-67.1076,45.0828],[-67.1633,45.1583],[-67.2315,45.1634],[-67.2808,45.1917],[-67.3022,45.1451],[-67.354,45.1373],[-67.4297,45.1947],[-67.4663,45.2477],[-67.4776,45.2873],[-67.4215,45.3783],[-67.474,45.4237],[-67.4932,45.4709],[-67.4516,45.5111],[-67.4186,45.5039],[-67.4374,45.5338],[-67.4257,45.5785],[-67.4566,45.6053],[-67.5785,45.6003],[-67.641,45.6265],[-67.6443,45.6168],[-67.6736,45.6278],[-67.7279,45.6889],[-67.7261,45.6725],[-67.7499,45.6697],[-67.8029,45.696],[-67.8085,45.7233],[-67.7825,45.7309],[-67.8034,45.7982],[-67.7617,45.8276],[-67.8033,45.8787],[-67.7535,45.9195],[-67.781,45.9457],[-67.7836,47.0632],[-67.8794,47.102],[-67.958,47.2003],[-68.1412,47.2994],[-68.1576,47.3248],[-68.2359,47.3547],[-68.3457,47.3576],[-68.3793,47.3425],[-68.3805,47.2874],[-68.5804,47.2869],[-68.6124,47.246],[-68.7352,47.2346],[-68.8975,47.1766],[-69.0473,47.2533],[-69.044,47.4258],[-69.2218,47.4576],[-69.9971,46.6958],[-70.0572,46.4147],[-70.0953,46.4081],[-70.1291,46.3694],[-70.1953,46.3434],[-70.292,46.1909],[-70.2386,46.1456],[-70.2508,46.0979],[-70.283,46.0999],[-70.2996,46.0836],[-70.3085,46.0635],[-70.2901,46.0614],[-70.3142,46.0208],[-70.3144,45.9665],[-70.2755,45.9709],[-70.2405,45.9483],[-70.2607,45.9253],[-70.262,45.8895],[-70.3455,45.8508],[-70.4188,45.7933],[-70.3965,45.7263],[-70.5613,45.6627],[-70.6853,45.5684],[-70.6817,45.5529],[-70.7184,45.5159],[-70.7158,45.4876],[-70.6317,45.4233],[-70.6367,45.384],[-70.714,45.3925],[-70.7545,45.4277],[-70.7961,45.4294],[-70.8233,45.403],[-70.8066,45.3211],[-70.8353,45.2945],[-70.8423,45.243],[-70.8687,45.231],[-70.8929,45.2439],[-70.9126,45.3003],[-70.9472,45.3402],[-71.0096,45.3462],[-71.0118,45.3226],[-71.0818,45.3064],[-71.031,44.6575],[-70.9743,43.5724],[-70.9533,43.5496],[-70.974,43.4782],[-70.9635,43.44],[-70.986,43.4087],[-70.9744,43.3521],[-70.9335,43.3358],[-70.9011,43.3036],[-70.9075,43.2924],[-70.8123,43.2247],[-70.8322,43.1458],[-70.8175,43.1236],[-70.7367,43.0744],[-70.7192,43.0847],[-70.7317,43.1125],[-70.7103,43.0914],[-70.7172,43.08],[-70.6761,43.0678],[-70.6333,43.1286],[-70.6906,43.1387],[-70.7089,43.1594],[-70.6894,43.1394],[-70.6386,43.1322],[-70.6227,43.1345],[-70.6164,43.1663],[-70.5928,43.165],[-70.6096,43.1757],[-70.5753,43.2219],[-70.5969,43.2483],[-70.5631,43.3211],[-70.5153,43.3454],[-70.4589,43.3419],[-70.4365,43.3548],[-70.4439,43.3681],[-70.4294,43.3661],[-70.4203,43.3967],[-70.3961,43.3939],[-70.3792,43.4283],[-70.333,43.4471],[-70.4472,43.4925],[-70.3809,43.4631],[-70.3856,43.4953],[-70.3536,43.535]]],[[[-70.1824,43.6695],[-70.2007,43.6523],[-70.1807,43.6537],[-70.1824,43.6695]]],[[[-70.0913,43.6974],[-70.0932,43.7105],[-70.1188,43.6858],[-70.0913,43.6974]]],[[[-70.1339,43.7025],[-70.1689,43.6897],[-70.1692,43.6758],[-70.1339,43.7025]]],[[[-70.1025,43.7411],[-70.0956,43.7594],[-70.1283,43.7453],[-70.1393,43.7256],[-70.1283,43.7081],[-70.1025,43.7411]]],[[[-70.0528,43.7503],[-70.0444,43.7644],[-70.0628,43.7419],[-70.0528,43.7503]]],[[[-69.5453,43.8611],[-69.5661,43.8556],[-69.5558,43.8319],[-69.5453,43.8611]]],[[[-69.7958,43.9044],[-69.8072,43.8825],[-69.7934,43.8797],[-69.7881,43.8408],[-69.8028,43.8164],[-69.7883,43.8072],[-69.7609,43.8839],[-69.7958,43.9044]]],[[[-69.6674,43.9135],[-69.6647,43.9272],[-69.6841,43.8763],[-69.6674,43.8852],[-69.6674,43.9135]]],[[[-68.8861,43.8717],[-68.9031,43.8703],[-68.9089,43.8497],[-68.8827,43.8563],[-68.8861,43.8717]]],[[[-69.4294,43.9482],[-69.4422,43.9094],[-69.4194,43.9372],[-69.4294,43.9482]]],[[[-69.3006,43.9486],[-69.2919,43.9564],[-69.3201,43.9439],[-69.3006,43.9486]]],[[[-69.3826,43.9975],[-69.3958,43.996],[-69.3925,43.9697],[-69.3826,43.9975]]],[[[-68.615,44.0875],[-68.6539,44.0622],[-68.6597,44.0486],[-68.6392,44.0456],[-68.6603,44.0225],[-68.6553,44.0028],[-68.6186,44.0236],[-68.6106,44.0131],[-68.5986,44.0669],[-68.6011,44.0867],[-68.615,44.0875]]],[[[-68.4967,44.11],[-68.5044,44.1292],[-68.5189,44.1152],[-68.5036,44.0959],[-68.4967,44.11]]],[[[-68.3458,44.1258],[-68.3747,44.1177],[-68.3679,44.0987],[-68.3429,44.1102],[-68.3458,44.1258]]],[[[-68.336,44.1781],[-68.3494,44.1867],[-68.3547,44.1756],[-68.336,44.1781]]],[[[-68.3216,44.2045],[-68.3371,44.2064],[-68.3273,44.1949],[-68.3216,44.2045]]],[[[-68.257,44.2577],[-68.2751,44.2591],[-68.2752,44.2375],[-68.2404,44.2401],[-68.257,44.2577]]],[[[-68.6661,44.1367],[-68.6703,44.1486],[-68.6828,44.1392],[-68.6661,44.1367]]],[[[-68.4083,44.1783],[-68.4253,44.1914],[-68.4231,44.1739],[-68.4536,44.1592],[-68.4472,44.1778],[-68.4664,44.1844],[-68.4758,44.1622],[-68.4894,44.1694],[-68.5039,44.1511],[-68.4861,44.1419],[-68.4575,44.1608],[-68.4475,44.1333],[-68.4433,44.1578],[-68.4203,44.1278],[-68.3847,44.1562],[-68.4083,44.1783]]],[[[-68.635,44.1944],[-68.6478,44.1897],[-68.6136,44.1819],[-68.635,44.1944]]],[[[-68.5833,44.2136],[-68.6008,44.1925],[-68.5686,44.1881],[-68.5833,44.2136]]],[[[-68.6011,44.2158],[-68.6539,44.2083],[-68.6214,44.1992],[-68.6275,44.2111],[-68.6011,44.2158]]],[[[-68.6578,44.2694],[-68.6767,44.2794],[-68.6975,44.2475],[-68.6789,44.2189],[-68.7047,44.2347],[-68.7328,44.2217],[-68.7089,44.2103],[-68.72,44.1658],[-68.6969,44.1825],[-68.7078,44.1661],[-68.6917,44.1647],[-68.7078,44.1567],[-68.6703,44.15],[-68.64,44.1597],[-68.65,44.1772],[-68.6203,44.1772],[-68.6583,44.1881],[-68.6589,44.2111],[-68.6819,44.2081],[-68.6289,44.2189],[-68.6314,44.2358],[-68.6036,44.23],[-68.6253,44.2589],[-68.6578,44.2694]]],[[[-68.944,44.2649],[-68.9525,44.2725],[-68.9669,44.2508],[-68.9453,44.2489],[-68.944,44.2649]]],[[[-68.8661,44.3719],[-68.8808,44.3933],[-68.9114,44.3647],[-68.9044,44.3481],[-68.9197,44.3303],[-68.9011,44.325],[-68.9044,44.3122],[-68.9439,44.2808],[-68.9278,44.2903],[-68.9158,44.2794],[-68.9306,44.2311],[-68.8869,44.3025],[-68.9017,44.3072],[-68.8933,44.3436],[-68.8711,44.3444],[-68.8661,44.3719]]],[[[-68.7403,44.2683],[-68.7581,44.27],[-68.7303,44.2628],[-68.7403,44.2683]]],[[[-68.7153,44.2997],[-68.7444,44.3008],[-68.6922,44.2739],[-68.6886,44.2872],[-68.7153,44.2997]]],[[[-68.4789,44.2769],[-68.4927,44.2825],[-68.4688,44.2655],[-68.4789,44.2769]]],[[[-68.4969,44.365],[-68.5053,44.3847],[-68.52,44.3781],[-68.5331,44.3306],[-68.4908,44.3114],[-68.4783,44.3239],[-68.4969,44.365]]],[[[-67.5824,44.5124],[-67.6068,44.4983],[-67.5878,44.4469],[-67.5613,44.4713],[-67.5898,44.4853],[-67.5763,44.4875],[-67.5919,44.4936],[-67.5824,44.5124]]],[[[-67.5252,44.4904],[-67.5482,44.49],[-67.5317,44.479],[-67.5252,44.4904]]],[[[-67.8084,44.5102],[-67.8201,44.511],[-67.8169,44.4955],[-67.7976,44.4828],[-67.8084,44.5102]]],[[[-67.5365,44.5147],[-67.5636,44.5087],[-67.5111,44.4941],[-67.5365,44.5147]]],[[[-67.6092,44.5194],[-67.6195,44.5041],[-67.6019,44.5086],[-67.6092,44.5194]]],[[[-67.6507,44.5497],[-67.6605,44.5616],[-67.664,44.5361],[-67.6481,44.5353],[-67.6507,44.5497]]],[[[-67.5022,44.5648],[-67.5183,44.5603],[-67.4894,44.5597],[-67.5022,44.5648]]],[[[-67.8277,44.5288],[-67.8332,44.5394],[-67.8303,44.5167],[-67.8277,44.5288]]],[[[-67.5098,44.5939],[-67.5331,44.5799],[-67.5421,44.5894],[-67.5324,44.5628],[-67.5158,44.5657],[-67.5137,44.5847],[-67.4817,44.5779],[-67.5098,44.5939]]],[[[-67.2906,44.6187],[-67.3235,44.6096],[-67.3084,44.5965],[-67.2691,44.6107],[-67.2906,44.6187]]],[[[-68.8622,44.0417],[-68.8747,44.0403],[-68.8497,44.0283],[-68.8622,44.0417]]],[[[-68.8672,44.1204],[-68.8983,44.1239],[-68.9125,44.0967],[-68.8981,44.1154],[-68.9033,44.0867],[-68.8797,44.1],[-68.8844,44.0783],[-68.86,44.0689],[-68.8808,44.0614],[-68.87,44.0506],[-68.8475,44.0386],[-68.8614,44.0556],[-68.8411,44.0419],[-68.825,44.0575],[-68.8378,44.0364],[-68.8261,44.0472],[-68.8294,44.0322],[-68.8178,44.0317],[-68.7747,44.0642],[-68.7872,44.0956],[-68.8011,44.0778],[-68.8433,44.0794],[-68.8303,44.0903],[-68.8686,44.1019],[-68.8672,44.1204]]],[[[-68.8956,44.0805],[-68.9072,44.0842],[-68.8958,44.0683],[-68.8956,44.0805]]],[[[-68.8339,44.1167],[-68.8439,44.1308],[-68.8547,44.1086],[-68.8289,44.0903],[-68.8031,44.1128],[-68.8339,44.1167]]],[[[-68.8214,44.1833],[-68.8464,44.185],[-68.8844,44.1506],[-68.9078,44.1542],[-68.9436,44.1103],[-68.8869,44.1456],[-68.8719,44.1461],[-68.8928,44.1314],[-68.8733,44.1261],[-68.8569,44.1275],[-68.861,44.1473],[-68.8194,44.1444],[-68.8067,44.1581],[-68.8214,44.1833]]],[[[-69.7508,43.8706],[-69.7556,43.8822],[-69.7831,43.7961],[-69.7764,43.7556],[-69.7536,43.7717],[-69.7575,43.7511],[-69.7206,43.7822],[-69.7219,43.8183],[-69.7147,43.8103],[-69.7074,43.828],[-69.7306,43.8481],[-69.7503,43.8044],[-69.7261,43.8578],[-69.7395,43.8786],[-69.7508,43.8706]]],[[[-69.6644,43.8474],[-69.69,43.8231],[-69.6542,43.7861],[-69.6486,43.8309],[-69.6644,43.8474]]],[[[-69.8774,43.8299],[-69.8816,43.8416],[-69.876,43.8181],[-69.8774,43.8299]]],[[[-69.7031,43.845],[-69.7136,43.8486],[-69.7104,43.8366],[-69.7031,43.845]]],[[[-69.8942,43.8539],[-69.9208,43.8536],[-69.9319,43.8075],[-69.9339,43.8403],[-69.9423,43.8328],[-69.9525,43.8158],[-69.9425,43.8014],[-69.9744,43.7758],[-70.0055,43.7123],[-69.9461,43.7919],[-69.9499,43.7663],[-69.9364,43.7747],[-69.9158,43.8278],[-69.8997,43.8167],[-69.9181,43.7964],[-69.8942,43.775],[-69.879,43.8164],[-69.8942,43.8539]]],[[[-70.1336,43.7692],[-70.1261,43.7772],[-70.1594,43.7497],[-70.1406,43.7503],[-70.1336,43.7692]]],[[[-69.6693,43.9591],[-69.6567,43.9897],[-69.7133,43.9],[-69.7231,43.9089],[-69.7383,43.8944],[-69.7269,43.8972],[-69.7203,43.8528],[-69.6994,43.8722],[-69.6693,43.9591]]],[[[-68.2199,44.2628],[-68.2403,44.2653],[-68.241,44.2524],[-68.2117,44.2558],[-68.2199,44.2628]]],[[[-68.2567,44.2697],[-68.2456,44.2744],[-68.2708,44.2753],[-68.2567,44.2697]]],[[[-68.3097,44.4431],[-68.3694,44.4208],[-68.3492,44.4031],[-68.3983,44.3758],[-68.39,44.3547],[-68.4108,44.3556],[-68.4214,44.3358],[-68.4067,44.3403],[-68.4092,44.3224],[-68.4317,44.3097],[-68.4236,44.2839],[-68.4061,44.2825],[-68.42,44.2742],[-68.4044,44.2533],[-68.3767,44.2553],[-68.3656,44.2264],[-68.3469,44.2631],[-68.3372,44.2214],[-68.2905,44.2495],[-68.2992,44.2672],[-68.3253,44.2711],[-68.3097,44.2767],[-68.3276,44.2902],[-68.3097,44.2989],[-68.3286,44.3675],[-68.3231,44.3544],[-68.3058,44.3589],[-68.2944,44.2867],[-68.2794,44.2875],[-68.2831,44.3019],[-68.2306,44.2875],[-68.1731,44.3281],[-68.1969,44.3869],[-68.2506,44.4147],[-68.2494,44.4344],[-68.3097,44.4431]]],[[[-68.1336,44.3808],[-68.1311,44.4047],[-68.1492,44.3872],[-68.1336,44.3808]]],[[[-67.8642,44.4505],[-67.8761,44.4401],[-67.8546,44.4177],[-67.8642,44.4505]]],[[[-68.1328,44.4344],[-68.1297,44.4492],[-68.1431,44.4278],[-68.1328,44.4344]]],[[[-68.42,44.3639],[-68.4336,44.3714],[-68.4572,44.3447],[-68.4406,44.3214],[-68.42,44.3639]]],[[[-68.8711,44.4483],[-68.8869,44.4536],[-68.8861,44.4303],[-68.8711,44.4483]]]]}},{"type":"Feature","properties":{"gid":"USA.21_1","name":"马里兰州","nameEn":"Maryland","nameLocal":"Maryland","type":"州","typeEn":"State","groupZh":"州","area":25525.8,"iso":"US-MD","engtype":"State","capital":"安纳波利斯","pop":6181640,"blurb":"环绕切萨皮克湾，紧邻首都。"},"geometry":{"type":"MultiPolygon","coordinates":[[[[-76.025,38.035],[-76.0417,38.0317],[-76.0475,38.0106],[-76.023,38.0147],[-75.9956,37.9719],[-75.9811,37.9919],[-75.9864,38.0225],[-76.025,38.035]]],[[[-75.8533,38.0369],[-75.8725,38.0336],[-75.8622,38.0122],[-75.8694,38.0219],[-75.8964,37.9742],[-75.8675,37.9783],[-75.8717,37.9936],[-75.8411,38.0253],[-75.8533,38.0369]]],[[[-76.0314,38.0003],[-76.0506,37.9874],[-76.0253,37.9217],[-76.0161,37.9469],[-76.0314,37.9697],[-76.0064,37.9683],[-75.9983,37.9447],[-75.9894,37.9617],[-76.0314,38.0003]]],[[[-76.0322,38.1172],[-76.0481,38.1081],[-76.0336,38.0864],[-76.0564,38.0914],[-76.0131,38.0717],[-76.0078,38.0919],[-76.0322,38.1172]]],[[[-76.0148,38.1318],[-76.0319,38.1197],[-76.0217,38.1081],[-76.0148,38.1318]]],[[[-75.8689,38.0797],[-75.8742,38.0614],[-75.8597,38.06],[-75.8689,38.0797]]],[[[-75.804,38.2559],[-75.7732,38.2735],[-75.7624,38.3069],[-75.7253,38.3425],[-75.636,38.3419],[-75.6,38.3781],[-75.6279,38.3407],[-75.7224,38.3419],[-75.7611,38.3061],[-75.7522,38.2814],[-75.7103,38.2655],[-75.6944,38.2761],[-75.6911,38.2644],[-75.7678,38.2835],[-75.802,38.2533],[-75.8611,38.2328],[-75.8117,38.2336],[-75.8258,38.2339],[-75.8203,38.2125],[-75.8372,38.2186],[-75.8822,38.1878],[-75.8883,38.204],[-75.9519,38.1775],[-75.9297,38.1622],[-75.9481,38.1689],[-75.9589,38.1361],[-75.9333,38.1256],[-75.9206,38.1356],[-75.9389,38.155],[-75.9061,38.1519],[-75.9067,38.1372],[-75.8833,38.1544],[-75.8696,38.1342],[-75.8545,38.1423],[-75.8561,38.1694],[-75.8493,38.1443],[-75.8378,38.1603],[-75.8187,38.1478],[-75.8136,38.1656],[-75.8211,38.1439],[-75.8079,38.1406],[-75.7792,38.1647],[-75.745,38.1653],[-75.7873,38.146],[-75.7687,38.1331],[-75.8097,38.1357],[-75.8192,38.1219],[-75.8279,38.1333],[-75.8403,38.1036],[-75.8303,38.0981],[-75.8522,38.0975],[-75.8428,38.1128],[-75.8661,38.0986],[-75.8592,38.0869],[-75.8719,38.09],[-75.8547,38.0694],[-75.8331,38.075],[-75.8132,38.0594],[-75.7885,38.0752],[-75.7971,38.0912],[-75.7484,38.0875],[-75.7726,38.0927],[-75.781,38.0793],[-75.7575,38.0742],[-75.8037,38.0499],[-75.7831,38.0397],[-75.8061,38.0528],[-75.8314,38.0408],[-75.8169,38.0222],[-75.8401,38.0307],[-75.8644,37.9803],[-75.8517,37.9558],[-75.8922,37.9558],[-75.8906,37.9122],[-75.8556,37.9228],[-75.8706,37.9378],[-75.8417,37.9353],[-75.8481,37.9247],[-75.8211,37.9392],[-75.8189,37.9669],[-75.8075,37.9553],[-75.7786,37.9736],[-75.7469,37.9697],[-75.7478,37.9881],[-75.7367,37.9633],[-75.7103,37.9886],[-75.7122,37.9764],[-75.6564,37.9536],[-75.6237,37.9955],[-75.3775,38.0175],[-75.3811,38.0389],[-75.3558,38.0325],[-75.3594,38.0842],[-75.3372,38.0819],[-75.3328,38.1064],[-75.2944,38.1033],[-75.2975,38.1256],[-75.2656,38.1636],[-75.2539,38.1889],[-75.2633,38.2056],[-75.2481,38.2081],[-75.2452,38.2307],[-75.1856,38.2633],[-75.2042,38.235],[-75.1939,38.2367],[-75.1922,38.2081],[-75.19,38.2275],[-75.1522,38.2472],[-75.141,38.2838],[-75.0956,38.3294],[-75.0958,38.3511],[-75.1178,38.3675],[-75.1317,38.3294],[-75.1339,38.3558],[-75.1658,38.3567],[-75.1375,38.3564],[-75.1244,38.3728],[-75.1536,38.3803],[-75.1333,38.3725],[-75.1239,38.385],[-75.1603,38.4075],[-75.1958,38.4042],[-75.1736,38.4092],[-75.1906,38.4283],[-75.1825,38.4139],[-75.1109,38.403],[-75.1119,38.3886],[-75.0958,38.4039],[-75.1114,38.4294],[-75.1303,38.4281],[-75.1142,38.4339],[-75.1237,38.4495],[-75.6942,38.4593],[-75.705,38.56],[-75.7444,38.5369],[-75.7619,38.5056],[-75.8225,38.4806],[-75.8094,38.4689],[-75.8353,38.4472],[-75.8158,38.435],[-75.8492,38.4039],[-75.8333,38.3861],[-75.8642,38.3778],[-75.8542,38.3539],[-75.9188,38.2645],[-75.8915,38.2275],[-75.8706,38.2589],[-75.8717,38.2434],[-75.804,38.2559]],[[-75.3228,38.0569],[-75.3317,38.0383],[-75.3572,38.0372],[-75.3228,38.0569]]],[[[-75.2514,38.032],[-75.1875,38.1094],[-75.1302,38.2585],[-75.1892,38.1661],[-75.1989,38.1003],[-75.2253,38.0911],[-75.2194,38.0711],[-75.2425,38.0717],[-75.2264,38.0647],[-75.2458,38.0611],[-75.2381,38.0425],[-75.2603,38.0244],[-75.2514,38.032]]],[[[-75.0503,38.4439],[-75.0719,38.4475],[-75.0644,38.4025],[-75.0881,38.3247],[-75.0503,38.4439]]],[[[-75.7053,38.5611],[-75.7875,39.7231],[-79.4774,39.7216],[-79.4872,39.2067],[-79.4708,39.2034],[-79.3427,39.2964],[-79.2929,39.3005],[-79.2526,39.3562],[-79.2135,39.364],[-79.1752,39.3982],[-79.1617,39.3882],[-79.1564,39.4177],[-79.1436,39.4053],[-79.1091,39.432],[-79.1004,39.477],[-79.0446,39.4807],[-78.9562,39.4407],[-78.9564,39.4627],[-78.8911,39.5244],[-78.8744,39.5241],[-78.8458,39.5652],[-78.8147,39.5639],[-78.8263,39.5867],[-78.797,39.6096],[-78.7982,39.6328],[-78.7697,39.649],[-78.7759,39.6249],[-78.7322,39.6172],[-78.7721,39.6056],[-78.7594,39.5835],[-78.7371,39.5877],[-78.6803,39.5442],[-78.592,39.5385],[-78.5601,39.5204],[-78.4664,39.5202],[-78.459,39.552],[-78.4178,39.5482],[-78.4559,39.5882],[-78.395,39.5838],[-78.4306,39.6233],[-78.375,39.6093],[-78.38,39.6284],[-78.355,39.6278],[-78.3551,39.6416],[-78.2674,39.6187],[-78.2245,39.6615],[-78.23,39.675],[-78.1794,39.6976],[-78.0744,39.6663],[-78.0036,39.6014],[-77.9553,39.6093],[-77.941,39.5872],[-77.9388,39.6216],[-77.891,39.6005],[-77.8822,39.6183],[-77.8354,39.6048],[-77.8357,39.572],[-77.8857,39.5576],[-77.8628,39.5168],[-77.8257,39.5307],[-77.8413,39.4986],[-77.7658,39.4983],[-77.7977,39.4802],[-77.778,39.4625],[-77.797,39.4615],[-77.7841,39.4457],[-77.8015,39.4405],[-77.756,39.4277],[-77.7395,39.404],[-77.757,39.3395],[-77.624,39.3063],[-77.5645,39.3064],[-77.5367,39.2651],[-77.4564,39.2284],[-77.476,39.1908],[-77.514,39.1723],[-77.5246,39.1428],[-77.4564,39.0752],[-77.297,39.0517],[-77.2457,39.026],[-77.2482,38.9918],[-77.2345,38.9798],[-77.1548,38.9674],[-77.1205,38.9337],[-77.0415,38.9951],[-76.9097,38.8925],[-77.0252,38.802],[-77.0134,38.7883],[-77.0303,38.7727],[-77.0262,38.7535],[-77.006,38.7444],[-77.0284,38.7395],[-77.0214,38.7214],[-77.0368,38.7094],[-77.0008,38.6939],[-77.0444,38.7022],[-77.1009,38.6854],[-77.1158,38.6647],[-77.0989,38.6332],[-77.182,38.6018],[-77.2099,38.5674],[-77.1244,38.59],[-77.1569,38.5892],[-77.1719,38.5653],[-77.2453,38.5408],[-77.2258,38.5481],[-77.2552,38.5253],[-77.2736,38.4829],[-77.2495,38.3823],[-77.2067,38.3597],[-77.1367,38.3915],[-77.1201,38.4437],[-77.1528,38.4528],[-77.1519,38.4369],[-77.1872,38.4314],[-77.1528,38.4378],[-77.1567,38.4519],[-77.1367,38.4644],[-77.1381,38.4461],[-77.087,38.458],[-77.1082,38.4322],[-77.1099,38.4088],[-77.0915,38.4076],[-77.0419,38.4443],[-77.0591,38.4515],[-77.0233,38.4996],[-77.0326,38.4694],[-76.988,38.3947],[-76.9773,38.3428],[-76.9325,38.3389],[-76.9408,38.3289],[-76.8956,38.3064],[-76.8964,38.2962],[-76.922,38.311],[-76.9241,38.2905],[-76.85,38.2658],[-76.8342,38.2735],[-76.8442,38.2914],[-76.8675,38.2908],[-76.8459,38.2987],[-76.8761,38.3344],[-76.8564,38.3589],[-76.9262,38.3865],[-76.9328,38.4167],[-76.923,38.3865],[-76.8719,38.3888],[-76.8378,38.3511],[-76.8042,38.3578],[-76.8409,38.337],[-76.8023,38.2806],[-76.8053,38.2523],[-76.79,38.2518],[-76.7892,38.2664],[-76.7775,38.2281],[-76.7461,38.2272],[-76.7618,38.2403],[-76.7319,38.2458],[-76.7456,38.2644],[-76.7211,38.2545],[-76.7175,38.2871],[-76.7367,38.2933],[-76.7257,38.3121],[-76.6994,38.2686],[-76.7185,38.2331],[-76.699,38.2404],[-76.6906,38.2733],[-76.69,38.2609],[-76.6655,38.2584],[-76.633,38.2786],[-76.6505,38.2898],[-76.6272,38.2844],[-76.6297,38.2625],[-76.6869,38.234],[-76.5806,38.2158],[-76.5211,38.1434],[-76.53,38.1347],[-76.5017,38.1383],[-76.4736,38.1025],[-76.4694,38.1178],[-76.5261,38.1681],[-76.5025,38.1661],[-76.5119,38.1617],[-76.4814,38.148],[-76.4943,38.1415],[-76.4651,38.1287],[-76.4778,38.1653],[-76.4507,38.1584],[-76.46,38.1697],[-76.442,38.1908],[-76.4783,38.2186],[-76.4517,38.2114],[-76.4295,38.1939],[-76.4386,38.1606],[-76.4089,38.1634],[-76.4413,38.1508],[-76.4209,38.106],[-76.4172,38.1361],[-76.405,38.1173],[-76.3892,38.1361],[-76.396,38.1243],[-76.3833,38.1228],[-76.4055,38.1072],[-76.375,38.095],[-76.3528,38.0533],[-76.3286,38.0514],[-76.3536,38.065],[-76.3272,38.0611],[-76.3219,38.0375],[-76.3406,38.1194],[-76.3522,38.1031],[-76.3439,38.1183],[-76.3622,38.1139],[-76.3528,38.1493],[-76.3386,38.1206],[-76.32,38.1383],[-76.3703,38.1947],[-76.3992,38.2569],[-76.39,38.2939],[-76.3733,38.2989],[-76.4004,38.3098],[-76.454,38.2877],[-76.4817,38.3069],[-76.475,38.3225],[-76.4969,38.3197],[-76.5,38.3397],[-76.5126,38.3269],[-76.5053,38.3456],[-76.5321,38.3547],[-76.4978,38.3428],[-76.5031,38.3603],[-76.5358,38.3836],[-76.5622,38.3758],[-76.5519,38.3886],[-76.5864,38.3903],[-76.6692,38.4544],[-76.6636,38.4775],[-76.6872,38.4817],[-76.6717,38.4931],[-76.7028,38.4989],[-76.6736,38.5148],[-76.7058,38.5453],[-76.6772,38.5433],[-76.6872,38.5792],[-76.6739,38.6175],[-76.6944,38.6367],[-76.6844,38.6603],[-76.7017,38.6683],[-76.6883,38.6789],[-76.7037,38.6907],[-76.6981,38.7331],[-76.685,38.7386],[-76.7156,38.7778],[-76.7064,38.7928],[-76.7131,38.7761],[-76.6958,38.7711],[-76.6833,38.7389],[-76.7011,38.7117],[-76.6864,38.6814],[-76.7003,38.6681],[-76.6822,38.6608],[-76.6919,38.6381],[-76.6708,38.6153],[-76.6731,38.5667],[-76.6494,38.5664],[-76.6686,38.5392],[-76.6539,38.5294],[-76.6654,38.5089],[-76.645,38.4686],[-76.6081,38.4467],[-76.5964,38.4783],[-76.5883,38.455],[-76.6025,38.4336],[-76.5519,38.4256],[-76.5538,38.4016],[-76.5417,38.4306],[-76.5422,38.4097],[-76.5233,38.4124],[-76.5064,38.3892],[-76.4872,38.4008],[-76.4819,38.4419],[-76.4782,38.4061],[-76.4989,38.3867],[-76.4808,38.3597],[-76.4708,38.3733],[-76.4817,38.3319],[-76.4558,38.3162],[-76.4494,38.3483],[-76.4467,38.3344],[-76.4308,38.3394],[-76.4525,38.3231],[-76.4214,38.3192],[-76.3861,38.3631],[-76.3811,38.3856],[-76.4917,38.4817],[-76.5175,38.5347],[-76.5258,38.7244],[-76.5506,38.7328],[-76.5636,38.7708],[-76.5353,38.7783],[-76.5344,38.7969],[-76.5106,38.8008],[-76.4908,38.8367],[-76.4953,38.8522],[-76.5256,38.8511],[-76.5253,38.8247],[-76.5391,38.8381],[-76.5492,38.8265],[-76.5425,38.8628],[-76.5189,38.8699],[-76.5242,38.8817],[-76.5533,38.8767],[-76.54,38.9003],[-76.5256,38.8883],[-76.5322,38.9025],[-76.5158,38.8972],[-76.5278,38.8942],[-76.51,38.8689],[-76.4894,38.8878],[-76.4936,38.9031],[-76.5097,38.8983],[-76.5089,38.9192],[-76.5292,38.9328],[-76.5481,38.9208],[-76.5353,38.9383],[-76.5618,38.952],[-76.5875,38.9356],[-76.5722,38.9533],[-76.6061,38.9772],[-76.5817,38.96],[-76.5731,38.9769],[-76.5738,38.9584],[-76.5461,38.9511],[-76.5375,38.965],[-76.5319,38.9456],[-76.5006,38.9236],[-76.485,38.9333],[-76.4681,38.9078],[-76.4731,38.9228],[-76.4583,38.9167],[-76.47,38.9353],[-76.4506,38.9411],[-76.4739,38.9469],[-76.4636,38.9486],[-76.4936,38.9972],[-76.5133,38.9897],[-76.5036,39.0014],[-76.5406,39.0169],[-76.5327,39.0276],[-76.5786,39.0306],[-76.5569,39.0453],[-76.5808,39.0575],[-76.5759,39.0682],[-76.6176,39.0794],[-76.5487,39.0671],[-76.5201,39.02],[-76.4708,38.9825],[-76.46,38.9914],[-76.4542,38.9747],[-76.4626,39.0104],[-76.4353,38.9958],[-76.435,39.0161],[-76.4228,38.9864],[-76.395,39.0144],[-76.4368,39.0526],[-76.4589,39.0481],[-76.4524,39.0568],[-76.4811,39.0672],[-76.4894,39.0561],[-76.5336,39.0875],[-76.5358,39.1064],[-76.5037,39.078],[-76.4403,39.0925],[-76.4478,39.1031],[-76.4239,39.0867],[-76.4307,39.132],[-76.4428,39.1175],[-76.4731,39.125],[-76.4394,39.1353],[-76.4781,39.167],[-76.5194,39.1433],[-76.5004,39.1611],[-76.5122,39.1728],[-76.5492,39.1467],[-76.5303,39.1592],[-76.5481,39.1633],[-76.5267,39.1625],[-76.5166,39.1833],[-76.5536,39.2175],[-76.5733,39.2186],[-76.5728,39.1775],[-76.5994,39.1536],[-76.5803,39.1853],[-76.6089,39.1825],[-76.5756,39.1917],[-76.5892,39.2128],[-76.5586,39.2339],[-76.5824,39.2515],[-76.6142,39.2417],[-76.63,39.2601],[-76.6239,39.2739],[-76.6099,39.2566],[-76.5796,39.2612],[-76.6064,39.2819],[-76.5853,39.2833],[-76.5647,39.2561],[-76.5383,39.2531],[-76.5403,39.2644],[-76.5381,39.2433],[-76.5119,39.2283],[-76.4953,39.2441],[-76.5042,39.2556],[-76.4794,39.2556],[-76.4814,39.2728],[-76.4724,39.2614],[-76.5011,39.2086],[-76.4621,39.2057],[-76.4617,39.2267],[-76.4381,39.2183],[-76.4419,39.1954],[-76.3979,39.2373],[-76.4517,39.2444],[-76.4505,39.2722],[-76.5003,39.3061],[-76.4347,39.2887],[-76.4369,39.2539],[-76.4061,39.2469],[-76.3998,39.2782],[-76.3818,39.2853],[-76.4136,39.2842],[-76.3997,39.2987],[-76.4275,39.3017],[-76.419,39.3107],[-76.44,39.3211],[-76.4267,39.316],[-76.4242,39.3289],[-76.4106,39.3078],[-76.4056,39.3314],[-76.4031,39.3089],[-76.3822,39.3106],[-76.3829,39.2978],[-76.3653,39.3116],[-76.3878,39.3267],[-76.3592,39.3272],[-76.3393,39.304],[-76.3302,39.3156],[-76.3831,39.3423],[-76.3564,39.3344],[-76.3603,39.3519],[-76.3317,39.3347],[-76.3383,39.3736],[-76.3583,39.3816],[-76.3742,39.3692],[-76.4131,39.3858],[-76.3097,39.3872],[-76.3066,39.3611],[-76.3231,39.3567],[-76.2956,39.3494],[-76.2969,39.3022],[-76.2822,39.2998],[-76.2563,39.338],[-76.2862,39.3686],[-76.2691,39.388],[-76.2811,39.3972],[-76.2653,39.3925],[-76.2842,39.4119],[-76.2561,39.4108],[-76.2483,39.4333],[-76.2831,39.4358],[-76.2796,39.4486],[-76.2506,39.4497],[-76.2194,39.4753],[-76.2397,39.4392],[-76.2225,39.4281],[-76.2543,39.3773],[-76.2279,39.35],[-76.1861,39.3805],[-76.2286,39.3808],[-76.2283,39.4092],[-76.2225,39.3883],[-76.1768,39.3932],[-76.1792,39.3781],[-76.1624,39.404],[-76.1024,39.4348],[-76.0964,39.4719],[-76.1335,39.4887],[-76.1342,39.5025],[-76.1211,39.4903],[-76.0832,39.5427],[-76.0925,39.5564],[-76.0476,39.5461],[-76.0569,39.5561],[-76.0339,39.5669],[-76.0365,39.5519],[-76.0053,39.5386],[-76.0,39.5611],[-75.9467,39.5953],[-76.005,39.4489],[-75.9311,39.5006],[-75.9394,39.5167],[-75.9008,39.5129],[-75.8405,39.5837],[-75.83,39.5669],[-75.8488,39.5657],[-75.8814,39.5269],[-75.8619,39.5139],[-75.9156,39.5033],[-75.9253,39.4878],[-75.8925,39.4861],[-75.8664,39.4614],[-75.8123,39.4678],[-75.8614,39.4558],[-75.8269,39.4419],[-75.8872,39.4718],[-75.945,39.4747],[-75.9561,39.4633],[-75.9419,39.4528],[-75.9664,39.4627],[-76.0014,39.4256],[-75.9917,39.4082],[-76.0103,39.4128],[-76.0418,39.3902],[-75.983,39.3738],[-75.9186,39.3936],[-75.9464,39.3744],[-75.8969,39.3762],[-75.8857,39.3618],[-75.8253,39.3777],[-75.8539,39.3566],[-75.9161,39.3639],[-75.9166,39.3485],[-75.9296,39.3692],[-75.949,39.3503],[-75.946,39.3659],[-75.9658,39.3725],[-75.9828,39.3608],[-75.9722,39.3432],[-75.9922,39.372],[-76.0314,39.3494],[-76.0428,39.3608],[-76.0237,39.3631],[-76.0358,39.3683],[-76.1109,39.3722],[-76.1369,39.3442],[-76.0858,39.3186],[-76.1292,39.3339],[-76.145,39.3253],[-76.1183,39.3117],[-76.1469,39.3147],[-76.1456,39.3347],[-76.1708,39.3318],[-76.1869,39.3135],[-76.1686,39.2891],[-76.1572,39.2944],[-76.17,39.2814],[-76.1581,39.2742],[-76.1801,39.2919],[-76.2006,39.28],[-76.2061,39.2631],[-76.1819,39.2369],[-76.2146,39.2679],[-76.2738,39.1681],[-76.2781,39.1479],[-76.2628,39.165],[-76.2653,39.1433],[-76.2403,39.1697],[-76.2542,39.1592],[-76.2456,39.1411],[-76.2628,39.1403],[-76.2392,39.1317],[-76.2369,39.1142],[-76.2475,39.1164],[-76.2269,39.0531],[-76.2218,39.0805],[-76.2103,39.0561],[-76.2033,39.0854],[-76.2261,39.1164],[-76.1944,39.0895],[-76.1726,39.1118],[-76.1908,39.16],[-76.1742,39.1764],[-76.1784,39.1413],[-76.163,39.1268],[-76.1466,39.1362],[-76.1443,39.1648],[-76.1232,39.1645],[-76.1468,39.1595],[-76.1433,39.1439],[-76.1267,39.1453],[-76.1651,39.1188],[-76.1692,39.0956],[-76.1439,39.1056],[-76.1425,39.0864],[-76.1031,39.0839],[-76.0717,39.0558],[-76.1056,39.0812],[-76.1506,39.0792],[-76.1589,39.0654],[-76.1451,39.0547],[-76.1644,39.0572],[-76.1394,39.0367],[-76.1674,39.049],[-76.167,39.063],[-76.1837,39.0466],[-76.1749,39.027],[-76.1581,39.0297],[-76.1703,39.0242],[-76.1639,38.9986],[-76.1494,39.0103],[-76.1461,38.9972],[-76.1731,38.9956],[-76.2019,38.9631],[-76.2468,38.9743],[-76.2156,38.9567],[-76.2372,38.9583],[-76.2347,38.9419],[-76.2086,38.9444],[-76.2039,38.8939],[-76.1789,38.9233],[-76.2056,38.8528],[-76.1947,38.8839],[-76.1744,38.8933],[-76.1628,38.9611],[-76.1528,38.9444],[-76.1647,38.9083],[-76.1356,38.9119],[-76.1058,38.8878],[-76.1111,38.9236],[-76.1019,38.8872],[-76.0811,38.8889],[-76.0806,38.9022],[-76.0644,38.8856],[-76.1217,38.8803],[-76.1183,38.8619],[-76.1606,38.8797],[-76.1611,38.8631],[-76.1431,38.8611],[-76.1622,38.8492],[-76.1688,38.8619],[-76.1933,38.8589],[-76.1942,38.8336],[-76.1739,38.8417],[-76.1997,38.8017],[-76.1672,38.8181],[-76.1906,38.8011],[-76.1858,38.785],[-76.1575,38.7972],[-76.1772,38.7867],[-76.1619,38.7744],[-76.1281,38.7944],[-76.13,38.8278],[-76.1117,38.8394],[-76.1256,38.8081],[-76.1023,38.8104],[-76.1203,38.7981],[-76.103,38.795],[-76.1394,38.7856],[-76.1781,38.7439],[-76.1867,38.7678],[-76.2211,38.7897],[-76.2122,38.8058],[-76.2628,38.8272],[-76.2597,38.8439],[-76.2683,38.8356],[-76.2536,38.8625],[-76.3022,38.8256],[-76.3428,38.75],[-76.3393,38.6704],[-76.3422,38.6867],[-76.3229,38.6801],[-76.3342,38.7103],[-76.3128,38.7314],[-76.3256,38.7369],[-76.3131,38.7456],[-76.3183,38.7683],[-76.2903,38.7758],[-76.2978,38.7897],[-76.2778,38.7767],[-76.2864,38.8022],[-76.2717,38.7944],[-76.2597,38.8178],[-76.27,38.7733],[-76.3042,38.7519],[-76.2983,38.7194],[-76.2714,38.709],[-76.2864,38.7304],[-76.2547,38.7367],[-76.2861,38.7372],[-76.29,38.7547],[-76.2435,38.7499],[-76.2614,38.7808],[-76.2436,38.8044],[-76.2575,38.7842],[-76.2497,38.7686],[-76.2325,38.7639],[-76.2269,38.7811],[-76.2242,38.7506],[-76.2003,38.7364],[-76.2044,38.7531],[-76.1898,38.7472],[-76.1883,38.7242],[-76.2089,38.7336],[-76.2158,38.7194],[-76.2222,38.7367],[-76.2389,38.7361],[-76.2281,38.6986],[-76.2272,38.715],[-76.2011,38.7108],[-76.2197,38.6972],[-76.2008,38.6722],[-76.1683,38.7336],[-76.1666,38.7086],[-76.1503,38.7072],[-76.1544,38.7239],[-76.1358,38.7356],[-76.1456,38.7433],[-76.1217,38.7428],[-76.1267,38.7653],[-76.0953,38.7683],[-76.1169,38.7381],[-76.0831,38.7331],[-76.1364,38.7311],[-76.1422,38.7125],[-76.0922,38.7136],[-76.1339,38.7097],[-76.1411,38.6964],[-76.1158,38.6953],[-76.1267,38.6894],[-76.1639,38.7],[-76.1775,38.6756],[-76.1614,38.6772],[-76.1617,38.6617],[-76.1078,38.6778],[-76.1322,38.6572],[-76.1542,38.6594],[-76.1475,38.6372],[-76.1197,38.6292],[-76.115,38.6483],[-76.0922,38.6536],[-76.1094,38.6425],[-76.1129,38.6133],[-76.0933,38.6319],[-76.0422,38.5867],[-76.0289,38.6178],[-76.0169,38.5983],[-76.0381,38.5886],[-76.0258,38.5786],[-75.9875,38.6106],[-75.9924,38.6293],[-75.9517,38.6736],[-75.9977,38.6974],[-76.0145,38.7331],[-75.9967,38.7367],[-76.0008,38.7558],[-75.9691,38.7792],[-75.8591,38.8256],[-75.8669,38.8419],[-75.8419,38.8668],[-75.8328,38.9114],[-75.8414,38.8564],[-75.8646,38.8416],[-75.8564,38.8256],[-75.9305,38.7969],[-75.998,38.7553],[-75.9931,38.7369],[-76.0142,38.7292],[-75.9664,38.6831],[-75.9358,38.6803],[-75.9612,38.6361],[-75.9328,38.6325],[-75.9702,38.6315],[-75.9753,38.6167],[-75.9536,38.6106],[-75.9759,38.6064],[-75.9703,38.585],[-76.0,38.5844],[-76.0236,38.5575],[-76.0903,38.5925],[-76.1097,38.5708],[-76.1406,38.6056],[-76.1794,38.5981],[-76.1686,38.6286],[-76.2122,38.6006],[-76.2392,38.6117],[-76.2356,38.6272],[-76.2683,38.6069],[-76.2858,38.6269],[-76.2731,38.6019],[-76.2612,38.6048],[-76.2642,38.5861],[-76.2808,38.5694],[-76.2897,38.5831],[-76.3052,38.5727],[-76.2731,38.5422],[-76.27,38.5769],[-76.2439,38.5378],[-76.2592,38.5642],[-76.2478,38.5653],[-76.2544,38.5928],[-76.2381,38.5956],[-76.2356,38.5406],[-76.2197,38.5886],[-76.2164,38.5658],[-76.2006,38.5858],[-76.2089,38.5586],[-76.1836,38.5625],[-76.1828,38.5864],[-76.1533,38.5736],[-76.175,38.5717],[-76.1806,38.5486],[-76.2092,38.5508],[-76.2072,38.5364],[-76.1389,38.5422],[-76.1436,38.5297],[-76.1303,38.5283],[-76.1742,38.5297],[-76.1589,38.4997],[-76.1833,38.5064],[-76.1806,38.5272],[-76.1944,38.5189],[-76.2222,38.5397],[-76.2131,38.5133],[-76.23,38.5261],[-76.2386,38.5094],[-76.2469,38.5236],[-76.2561,38.4925],[-76.2831,38.4839],[-76.2764,38.4517],[-76.3036,38.4781],[-76.2922,38.4744],[-76.2867,38.5039],[-76.3277,38.4993],[-76.3344,38.4825],[-76.2822,38.4144],[-76.2789,38.3828],[-76.2292,38.3503],[-76.2247,38.3078],[-76.2072,38.3003],[-76.2297,38.3228],[-76.2194,38.3175],[-76.2233,38.3358],[-76.2108,38.3289],[-76.2356,38.3658],[-76.2247,38.395],[-76.2175,38.3653],[-76.2068,38.3811],[-76.1681,38.3319],[-76.1603,38.3464],[-76.1544,38.3204],[-76.1831,38.3369],[-76.1961,38.3167],[-76.1739,38.3247],[-76.1319,38.3084],[-76.1489,38.2717],[-76.124,38.2802],[-76.13,38.3019],[-76.1066,38.303],[-76.1149,38.2911],[-76.0744,38.2686],[-76.1056,38.26],[-76.0758,38.2553],[-76.0339,38.2184],[-76.0579,38.2499],[-76.0406,38.2503],[-76.0328,38.2689],[-76.0511,38.2747],[-76.0272,38.2817],[-76.0622,38.3044],[-76.0072,38.3544],[-76.0358,38.3581],[-76.0137,38.3541],[-76.0111,38.3769],[-75.9508,38.3458],[-75.9711,38.3189],[-76.0181,38.3089],[-75.9547,38.2464],[-75.9717,38.2333],[-75.9489,38.2378],[-75.9411,38.2469],[-75.9594,38.2625],[-75.9379,38.275],[-75.9404,38.3061],[-75.9108,38.3433],[-75.8634,38.3592],[-75.8708,38.3775],[-75.8572,38.3903],[-75.8433,38.3881],[-75.8531,38.4056],[-75.8236,38.4308],[-75.8383,38.4472],[-75.8178,38.4653],[-75.8261,38.4794],[-75.7581,38.5131],[-75.7681,38.5578],[-75.8244,38.6042],[-75.8161,38.6358],[-75.8225,38.6033],[-75.7658,38.5578],[-75.7628,38.5292],[-75.7053,38.5611]]],[[[-76.2543,38.3409],[-76.2657,38.3406],[-76.2575,38.3239],[-76.2543,38.3409]]],[[[-76.0609,38.2033],[-76.0715,38.2029],[-76.0608,38.1896],[-76.0878,38.1919],[-76.0886,38.1617],[-76.0569,38.1736],[-76.0548,38.1503],[-76.0319,38.1486],[-76.0431,38.1661],[-76.0226,38.1778],[-76.0609,38.2033]]],[[[-76.1667,38.2931],[-76.2044,38.2942],[-76.1728,38.2478],[-76.1297,38.2342],[-76.1785,38.2589],[-76.1827,38.2797],[-76.1667,38.2931]]],[[[-76.3008,39.0306],[-76.3183,39.0262],[-76.335,38.9711],[-76.3617,38.9408],[-76.3731,38.8372],[-76.3419,38.8561],[-76.3436,38.8733],[-76.3403,38.8561],[-76.3306,38.8636],[-76.3453,38.9253],[-76.3183,38.9111],[-76.3148,38.9342],[-76.3372,38.9564],[-76.3144,38.9433],[-76.3203,38.9617],[-76.3086,38.9539],[-76.3019,38.9756],[-76.3117,38.9306],[-76.2986,38.9017],[-76.2833,38.9614],[-76.2869,38.9358],[-76.2717,38.9425],[-76.2611,38.92],[-76.2481,38.9239],[-76.2632,38.9369],[-76.2522,38.9542],[-76.2747,38.9611],[-76.2594,38.955],[-76.2658,38.965],[-76.2442,38.9797],[-76.2806,38.9772],[-76.3008,39.0306]]],[[[-76.1275,38.8789],[-76.105,38.8847],[-76.1319,38.9067],[-76.1642,38.9039],[-76.1897,38.8708],[-76.1703,38.8694],[-76.1542,38.8908],[-76.1275,38.8789]]],[[[-76.0783,39.4747],[-76.0944,39.4761],[-76.0939,39.445],[-76.0775,39.472],[-76.0819,39.4378],[-76.06,39.4497],[-76.0783,39.4747]]],[[[-76.2192,39.0533],[-76.2426,39.0291],[-76.2109,39.0083],[-76.2097,39.0225],[-76.1997,39.0128],[-76.2158,39.0231],[-76.2192,39.0533]]],[[[-76.4347,39.0875],[-76.4461,39.0844],[-76.4314,39.0619],[-76.4214,39.0792],[-76.4347,39.0875]]],[[[-76.3514,39.2472],[-76.3436,39.2569],[-76.3569,39.2622],[-76.3864,39.2486],[-76.3697,39.2369],[-76.3514,39.2472]]],[[[-76.265,39.2839],[-76.26,39.2928],[-76.2722,39.2744],[-76.265,39.2839]]]]}},{"type":"Feature","properties":{"gid":"USA.22_1","name":"马萨诸塞州","nameEn":"Massachusetts","nameLocal":"Massachusetts","type":"州","typeEn":"State","groupZh":"州","area":20940.1,"iso":"US-MA","engtype":"State","capital":"波士顿","pop":7033112,"blurb":"新英格兰核心，哈佛与麻省理工所在。"},"geometry":{"type":"MultiPolygon","coordinates":[[[[-70.5974,41.4797],[-70.7005,41.4341],[-70.7744,41.3497],[-70.8377,41.3455],[-70.7752,41.3013],[-70.7344,41.3372],[-70.6505,41.3463],[-70.6677,41.368],[-70.6594,41.3591],[-70.6505,41.3733],[-70.6521,41.3572],[-70.6377,41.3708],[-70.6474,41.3466],[-70.4508,41.3487],[-70.451,41.4204],[-70.4738,41.4013],[-70.4508,41.4138],[-70.4535,41.3824],[-70.4683,41.3855],[-70.4641,41.4019],[-70.5077,41.3877],[-70.4674,41.3505],[-70.5033,41.3505],[-70.5049,41.397],[-70.5715,41.4189],[-70.5591,41.4349],[-70.5471,41.4163],[-70.5639,41.4704],[-70.603,41.4319],[-70.5899,41.4497],[-70.5974,41.4797]]],[[[-70.2714,41.3094],[-70.2439,41.2864],[-70.2458,41.3064],[-70.2714,41.3094]]],[[[-70.0458,41.3897],[-70.0236,41.3681],[-70.0344,41.3356],[-70.0833,41.2989],[-70.1022,41.3106],[-70.0814,41.2939],[-70.0144,41.3464],[-69.9986,41.3297],[-70.0319,41.3158],[-70.0108,41.3067],[-70.0225,41.2944],[-70.0233,41.3056],[-70.0633,41.2961],[-70.0882,41.2778],[-70.1039,41.2986],[-70.1972,41.2967],[-70.2011,41.2728],[-70.2294,41.2825],[-70.1681,41.255],[-70.1436,41.2631],[-70.1608,41.255],[-70.1142,41.2414],[-69.9719,41.2469],[-69.9631,41.2827],[-70.0458,41.3897]]],[[[-69.9817,41.6175],[-70.0139,41.5517],[-70.0061,41.5406],[-69.9875,41.5542],[-69.9817,41.6175]]],[[[-70.5292,41.5636],[-70.5439,41.5525],[-70.5286,41.5472],[-70.5292,41.5636]]],[[[-70.4086,41.6261],[-70.4319,41.6067],[-70.4025,41.6069],[-70.4086,41.6261]]],[[[-70.5425,41.8286],[-70.5256,41.8578],[-70.5472,41.9094],[-70.5364,41.9272],[-70.5844,41.9515],[-70.6205,41.9426],[-70.6486,41.9808],[-70.6317,41.9483],[-70.6468,41.9503],[-70.7106,42.0014],[-70.6878,42.0178],[-70.6689,42.0086],[-70.6683,42.0453],[-70.65,42.0464],[-70.6681,42.0525],[-70.6486,42.0558],[-70.6131,42.0139],[-70.6397,41.9942],[-70.5983,42.0049],[-70.6433,42.0508],[-70.6408,42.0924],[-70.7044,42.1639],[-70.7408,42.1614],[-70.7129,42.1627],[-70.7133,42.2],[-70.7265,42.1997],[-70.7144,42.2058],[-70.7486,42.2217],[-70.7677,42.2589],[-70.7753,42.2431],[-70.8508,42.2675],[-70.885,42.3118],[-70.9233,42.3033],[-70.8863,42.304],[-70.8778,42.2797],[-70.8908,42.2764],[-70.8564,42.2656],[-70.8822,42.2744],[-70.8838,42.246],[-70.9153,42.2657],[-70.9158,42.2542],[-70.9258,42.2639],[-70.9669,42.2453],[-70.985,42.2556],[-70.9578,42.25],[-70.9647,42.2597],[-70.9456,42.2633],[-70.9542,42.2817],[-70.9867,42.2642],[-71.0228,42.2886],[-70.9542,42.3311],[-70.9869,42.3069],[-71.0389,42.3017],[-71.045,42.2759],[-71.0453,42.3133],[-71.0319,42.3158],[-71.0478,42.3278],[-71.0108,42.3406],[-71.0414,42.3393],[-71.0231,42.3469],[-71.0538,42.3486],[-71.0519,42.3698],[-71.1075,42.3517],[-71.1283,42.3728],[-71.1092,42.3531],[-71.0494,42.3722],[-71.0492,42.3842],[-71.0948,42.4011],[-71.075,42.4017],[-71.0731,42.4168],[-71.0697,42.3894],[-71.0286,42.3848],[-71.0081,42.4011],[-71.0428,42.3817],[-71.0406,42.3642],[-70.9844,42.3492],[-70.9989,42.3783],[-71.0142,42.3739],[-71.0075,42.3851],[-70.9511,42.3433],[-70.9472,42.3539],[-70.9697,42.3594],[-70.9656,42.3892],[-70.9911,42.4053],[-70.9603,42.4411],[-70.9961,42.4319],[-70.9444,42.4572],[-70.9369,42.4169],[-70.9091,42.4145],[-70.9064,42.4258],[-70.9386,42.4392],[-70.9358,42.4567],[-70.9192,42.4681],[-70.8947,42.46],[-70.8303,42.5028],[-70.8525,42.4931],[-70.8399,42.511],[-70.8531,42.5222],[-70.8875,42.4984],[-70.8861,42.5211],[-70.8649,42.534],[-70.8961,42.5267],[-70.8989,42.5421],[-70.9278,42.5444],[-70.9153,42.5469],[-70.9256,42.56],[-70.8789,42.5389],[-70.7733,42.5744],[-70.7783,42.5578],[-70.7325,42.5789],[-70.6983,42.5767],[-70.6756,42.608],[-70.65,42.6139],[-70.6611,42.5793],[-70.6336,42.6006],[-70.6328,42.6192],[-70.591,42.6384],[-70.5961,42.6617],[-70.6225,42.6617],[-70.6189,42.6881],[-70.6449,42.69],[-70.6822,42.6623],[-70.6667,42.6503],[-70.6736,42.6272],[-70.6789,42.6442],[-70.6898,42.6308],[-70.6781,42.6147],[-70.707,42.6114],[-70.6808,42.6458],[-70.6906,42.6564],[-70.7189,42.6641],[-70.7417,42.6497],[-70.7347,42.6422],[-70.7606,42.6417],[-70.7719,42.6617],[-70.7475,42.6683],[-70.7806,42.6731],[-70.7286,42.6622],[-70.7436,42.6803],[-70.8014,42.6947],[-70.8231,42.6817],[-70.8069,42.6992],[-70.7881,42.6958],[-70.8014,42.7111],[-70.8317,42.6983],[-70.8153,42.7128],[-70.8319,42.7242],[-70.82,42.7292],[-70.8408,42.7308],[-70.8147,42.7277],[-70.8236,42.7558],[-70.8667,42.7597],[-70.8164,42.7558],[-70.8142,42.7733],[-70.799,42.7219],[-70.7705,42.7053],[-70.805,42.7797],[-70.8044,42.8167],[-70.8352,42.7983],[-70.8644,42.8118],[-70.8265,42.8278],[-70.8032,42.8186],[-70.8167,42.8716],[-70.8512,42.8613],[-70.9085,42.8866],[-71.0319,42.858],[-71.066,42.8063],[-71.1333,42.8215],[-71.1684,42.8084],[-71.1891,42.7907],[-71.1843,42.7375],[-71.2461,42.7436],[-71.2968,42.6978],[-73.2675,42.7452],[-73.5084,42.0858],[-73.4981,42.0496],[-72.8155,42.0377],[-72.8182,41.9979],[-72.7686,42.0043],[-72.7574,42.0362],[-72.7077,42.0371],[-72.5848,42.0248],[-72.5263,42.035],[-71.7991,42.0238],[-71.7979,42.0089],[-71.3797,42.0191],[-71.3824,41.8915],[-71.3386,41.8983],[-71.3443,41.8174],[-71.3259,41.7793],[-71.1939,41.7046],[-71.1445,41.7385],[-71.1176,41.8188],[-71.1062,41.7774],[-71.1989,41.6783],[-71.1332,41.6595],[-71.1427,41.6109],[-71.1206,41.4956],[-71.0942,41.5032],[-71.1161,41.5455],[-71.0873,41.5241],[-71.0658,41.5276],[-71.0785,41.5685],[-71.0691,41.5994],[-71.0699,41.563],[-71.0451,41.5139],[-71.0832,41.5064],[-71.0531,41.5017],[-71.0398,41.4808],[-71.0157,41.5093],[-70.9844,41.5092],[-70.986,41.5432],[-70.9543,41.5127],[-70.9458,41.5386],[-70.9275,41.5389],[-70.9502,41.5851],[-70.9642,41.5861],[-70.9547,41.5942],[-70.9353,41.5792],[-70.9256,41.6142],[-70.8996,41.5927],[-70.9094,41.6344],[-70.8701,41.6254],[-70.8542,41.5822],[-70.8417,41.5944],[-70.8658,41.6347],[-70.8172,41.6233],[-70.8183,41.6369],[-70.8081,41.6244],[-70.8038,41.6407],[-70.8281,41.6514],[-70.81,41.6577],[-70.7642,41.6414],[-70.7633,41.6817],[-70.7442,41.6747],[-70.7641,41.7141],[-70.716,41.6767],[-70.7282,41.7048],[-70.712,41.7086],[-70.7558,41.7414],[-70.7417,41.7589],[-70.744,41.7324],[-70.7225,41.7228],[-70.7314,41.7375],[-70.7097,41.7436],[-70.725,41.7519],[-70.7083,41.7514],[-70.7208,41.7647],[-70.695,41.7658],[-70.7106,41.7614],[-70.6975,41.7408],[-70.7092,41.7314],[-70.6543,41.7149],[-70.6739,41.6917],[-70.6492,41.7186],[-70.6575,41.7269],[-70.6411,41.7242],[-70.6722,41.74],[-70.6547,41.7411],[-70.6581,41.7539],[-70.6358,41.7342],[-70.6239,41.7642],[-70.6031,41.7622],[-70.6256,41.7364],[-70.555,41.7756],[-70.4958,41.7772],[-70.5425,41.8286]]],[[[-70.1936,42.0808],[-70.2457,42.0622],[-70.1888,42.0195],[-70.1669,42.0339],[-70.1897,42.0247],[-70.1889,42.0481],[-70.1478,42.0611],[-70.0964,42.0334],[-70.0789,41.9928],[-70.0636,41.9967],[-70.0792,41.9908],[-70.065,41.875],[-70.0608,41.9358],[-70.0593,41.9245],[-70.0239,41.9303],[-70.0319,41.9186],[-70.0161,41.9061],[-69.9945,41.9148],[-70.0019,41.8956],[-70.0244,41.8989],[-69.9956,41.8889],[-70.0097,41.8753],[-70.0019,41.8078],[-70.0528,41.7761],[-70.1978,41.7506],[-70.2603,41.7123],[-70.3015,41.7086],[-70.3306,41.7072],[-70.3536,41.7253],[-70.2728,41.7247],[-70.4139,41.7444],[-70.4961,41.7753],[-70.5569,41.7728],[-70.6364,41.7242],[-70.6333,41.7142],[-70.6164,41.725],[-70.6178,41.7003],[-70.6611,41.6833],[-70.6286,41.6936],[-70.6175,41.6706],[-70.6544,41.6659],[-70.615,41.6575],[-70.6502,41.6456],[-70.6333,41.6344],[-70.6465,41.6351],[-70.6521,41.6101],[-70.6369,41.6067],[-70.6522,41.6046],[-70.6333,41.5733],[-70.6871,41.5227],[-70.6556,41.515],[-70.6346,41.5382],[-70.5747,41.5464],[-70.5639,41.5767],[-70.5697,41.55],[-70.5522,41.5747],[-70.5489,41.5506],[-70.5436,41.5733],[-70.5444,41.5564],[-70.5119,41.5864],[-70.5158,41.5683],[-70.5014,41.5753],[-70.5167,41.5592],[-70.4936,41.5686],[-70.5272,41.5483],[-70.4839,41.5546],[-70.4508,41.585],[-70.4753,41.5853],[-70.4583,41.6128],[-70.4633,41.5967],[-70.4458,41.5904],[-70.4056,41.6494],[-70.3914,41.6272],[-70.4078,41.6225],[-70.3881,41.6111],[-70.3992,41.6064],[-70.3492,41.6356],[-70.2736,41.6319],[-70.2767,41.6503],[-70.2403,41.6369],[-70.2695,41.6256],[-70.261,41.61],[-70.1975,41.6442],[-70.1672,41.69],[-70.1589,41.67],[-70.1942,41.6475],[-70.0122,41.6731],[-69.9851,41.6568],[-69.9883,41.6725],[-69.9615,41.6696],[-69.9806,41.6575],[-69.9633,41.6531],[-69.9454,41.7036],[-69.9977,41.7206],[-69.9667,41.7383],[-69.9622,41.7603],[-69.98,41.7586],[-69.9653,41.7742],[-69.958,41.7613],[-69.9381,41.7744],[-69.933,41.683],[-69.9353,41.8],[-69.9511,41.7939],[-69.9597,41.8144],[-69.9856,41.7892],[-69.9661,41.8128],[-69.9475,41.8111],[-69.9572,41.8258],[-69.9458,41.8469],[-70.0069,41.9839],[-70.0664,42.0453],[-70.1936,42.0808]]],[[[-70.8044,41.26],[-70.8317,41.2583],[-70.8061,41.2497],[-70.8044,41.26]]],[[[-70.7117,41.5142],[-70.7858,41.4781],[-70.8053,41.4498],[-70.7106,41.4924],[-70.6986,41.5089],[-70.7117,41.5142]]],[[[-70.8523,41.4376],[-70.8566,41.45],[-70.9061,41.4239],[-70.8667,41.4219],[-70.8523,41.4376]]],[[[-70.8161,41.4558],[-70.8414,41.4494],[-70.8094,41.4436],[-70.8161,41.4558]]],[[[-70.8278,41.6025],[-70.8408,41.5964],[-70.8219,41.5825],[-70.8278,41.6025]]],[[[-70.9218,41.4293],[-70.9519,41.4119],[-70.9076,41.4216],[-70.9317,41.425],[-70.9218,41.4293]]],[[[-70.9258,42.3014],[-70.9508,42.2892],[-70.9378,42.2842],[-70.9258,42.3014]]]]}},{"type":"Feature","properties":{"gid":"USA.23_1","name":"密歇根州","nameEn":"Michigan","nameLocal":"Michigan","type":"州","typeEn":"State","groupZh":"州","area":249548.2,"iso":"US-MI","engtype":"State","capital":"兰辛","pop":10079362,"blurb":"五大湖包围的汽车工业州，底特律。"},"geometry":{"type":"MultiPolygon","coordinates":[[[[-84.4979,41.705],[-83.484,41.7328],[-83.4637,41.7464],[-83.4711,41.7602],[-83.4446,41.7618],[-83.459,41.7854],[-83.4463,41.7937],[-83.4222,41.7381],[-83.438,41.813],[-83.3556,41.8796],[-83.3617,41.8952],[-83.3369,41.8842],[-83.3128,41.9376],[-83.2533,41.9434],[-83.249,41.9688],[-83.2646,41.9801],[-83.2463,41.9751],[-83.2068,41.9995],[-83.2046,42.0344],[-83.1887,42.0309],[-83.1984,42.0856],[-83.1853,42.0885],[-83.1857,42.1194],[-83.1413,42.2191],[-83.1471,42.2397],[-83.1181,42.2758],[-83.0525,42.326],[-82.9274,42.3448],[-82.8683,42.3276],[-82.8661,42.3649],[-82.828,42.3735],[-82.6624,42.5412],[-82.633,42.557],[-82.5849,42.5555],[-82.506,42.6383],[-82.4665,42.7607],[-82.4782,42.8031],[-82.4592,42.9124],[-82.4113,42.9707],[-82.4243,42.9983],[-82.1229,43.5884],[-82.5254,45.3409],[-83.5921,45.8187],[-83.4356,45.9965],[-83.5711,46.1026],[-83.6544,46.1194],[-83.7567,46.1015],[-83.8258,46.1165],[-83.9036,46.0585],[-83.9548,46.0562],[-84.0035,46.1199],[-84.005,46.1506],[-84.0726,46.1875],[-84.1046,46.2389],[-84.1173,46.3148],[-84.1065,46.3215],[-84.1431,46.4051],[-84.1099,46.5021],[-84.1293,46.5313],[-84.2089,46.5391],[-84.2666,46.4947],[-84.3711,46.5083],[-84.4429,46.4897],[-84.4764,46.4532],[-84.5561,46.4597],[-84.7638,46.6349],[-84.8434,46.8873],[-86.4874,47.5661],[-87.8649,48.1137],[-88.3709,48.3042],[-88.689,48.2415],[-89.3391,47.9699],[-89.4877,48.0109],[-90.4187,46.567],[-90.3966,46.5422],[-90.3544,46.5403],[-90.3313,46.5555],[-90.3123,46.5435],[-90.3141,46.5197],[-90.2168,46.5055],[-90.1614,46.434],[-90.1178,46.3366],[-89.0854,46.1365],[-88.8325,46.0294],[-88.6833,46.0144],[-88.6648,45.9891],[-88.6195,45.9884],[-88.6066,46.0184],[-88.5839,46.0077],[-88.5178,46.0197],[-88.488,45.9927],[-88.4649,46.0026],[-88.4173,45.9795],[-88.3761,45.9911],[-88.3262,45.9592],[-88.1968,45.9536],[-88.098,45.9168],[-88.1037,45.8893],[-88.0728,45.8721],[-88.1349,45.8225],[-88.1275,45.8086],[-88.0641,45.7809],[-87.9971,45.7967],[-87.9919,45.7732],[-87.9641,45.7601],[-87.8775,45.7536],[-87.7841,45.6822],[-87.8297,45.653],[-87.7827,45.6095],[-87.7928,45.5666],[-87.8364,45.5624],[-87.81,45.5444],[-87.7856,45.4929],[-87.8598,45.4398],[-87.8534,45.4073],[-87.891,45.3551],[-87.8746,45.3659],[-87.8523,45.3413],[-87.7601,45.3493],[-87.6955,45.3887],[-87.6606,45.3698],[-87.6543,45.3361],[-87.6942,45.2942],[-87.7441,45.1934],[-87.7388,45.1732],[-87.6859,45.1442],[-87.6604,45.1078],[-87.4373,45.0778],[-87.4035,45.2045],[-87.3075,45.243],[-87.1797,45.3424],[-87.0963,45.442],[-86.7605,45.444],[-86.2496,45.2338],[-86.5085,45.0665],[-86.613,44.9683],[-86.7029,44.8527],[-86.8627,44.5335],[-87.0814,43.8869],[-87.1482,43.571],[-87.1527,43.3831],[-87.0181,42.4947],[-87.069,42.3391],[-87.2071,41.7607],[-84.8076,41.7605],[-84.8067,41.6958],[-84.4979,41.705]]],[[[-83.1651,42.0905],[-83.1518,42.0913],[-83.141,42.1228],[-83.1417,42.1982],[-83.1735,42.1277],[-83.1651,42.0905]]]]}},{"type":"Feature","properties":{"gid":"USA.24_1","name":"明尼苏达州","nameEn":"Minnesota","nameLocal":"Minnesota","type":"州","typeEn":"State","groupZh":"州","area":224772.6,"iso":"US-MN","engtype":"State","capital":"圣保罗","pop":5706733,"blurb":"万湖之州，密西西比河源头。"},"geometry":{"type":"Polygon","coordinates":[[[-94.4263,48.7034],[-94.452,48.6928],[-94.5351,48.7023],[-94.6476,48.7577],[-94.6823,48.8088],[-94.6785,48.8808],[-94.748,49.0975],[-94.7915,49.1786],[-94.8254,49.2947],[-94.8154,49.321],[-94.9561,49.3694],[-95.0534,49.3529],[-95.1497,49.3833],[-95.1514,49.0],[-97.2348,48.9952],[-97.2331,48.9475],[-97.1921,48.8923],[-97.1969,48.8797],[-97.1788,48.8741],[-97.1885,48.8646],[-97.1738,48.836],[-97.189,48.8142],[-97.1575,48.8069],[-97.1772,48.7983],[-97.1626,48.8006],[-97.1707,48.792],[-97.1467,48.7785],[-97.1533,48.7544],[-97.1364,48.7465],[-97.1372,48.7241],[-97.0935,48.684],[-97.1108,48.6301],[-97.1521,48.6094],[-97.1381,48.604],[-97.1533,48.5946],[-97.1447,48.5815],[-97.1612,48.5791],[-97.1488,48.5682],[-97.1744,48.561],[-97.1414,48.5528],[-97.1676,48.5471],[-97.1409,48.5326],[-97.1507,48.5193],[-97.1269,48.5178],[-97.1517,48.5073],[-97.1316,48.488],[-97.1597,48.4761],[-97.1265,48.473],[-97.1469,48.4701],[-97.1268,48.4545],[-97.1472,48.4386],[-97.1241,48.4406],[-97.1432,48.4291],[-97.1233,48.4173],[-97.1521,48.4173],[-97.131,48.4049],[-97.1615,48.3917],[-97.1354,48.3818],[-97.1565,48.3671],[-97.1286,48.3389],[-97.1402,48.3271],[-97.1189,48.3235],[-97.137,48.3105],[-97.1146,48.2942],[-97.1339,48.2941],[-97.1206,48.2796],[-97.144,48.2675],[-97.1233,48.2615],[-97.146,48.2431],[-97.1215,48.2242],[-97.1497,48.2193],[-97.12,48.2086],[-97.1375,48.2147],[-97.1467,48.1643],[-97.1234,48.1601],[-97.1464,48.144],[-97.124,48.1396],[-97.1227,48.1056],[-97.0723,48.0461],[-97.0542,47.9454],[-97.0202,47.9202],[-97.02,47.8741],[-96.9762,47.8246],[-96.9892,47.8071],[-96.9359,47.767],[-96.9202,47.725],[-96.9296,47.7169],[-96.8864,47.6716],[-96.8884,47.6357],[-96.8512,47.5881],[-96.869,47.5655],[-96.8521,47.5646],[-96.8631,47.557],[-96.8474,47.5393],[-96.8642,47.5402],[-96.8705,47.5229],[-96.8448,47.5147],[-96.8678,47.48],[-96.8519,47.4787],[-96.8539,47.4316],[-96.8689,47.4184],[-96.8395,47.3979],[-96.8516,47.3737],[-96.8394,47.3708],[-96.8537,47.3674],[-96.8314,47.3276],[-96.8452,47.3166],[-96.8481,47.2711],[-96.8365,47.2681],[-96.8479,47.263],[-96.8305,47.2344],[-96.8468,47.2206],[-96.8289,47.2017],[-96.8431,47.1937],[-96.8237,47.1839],[-96.821,47.1633],[-96.8377,47.1538],[-96.8219,47.1274],[-96.8375,47.1235],[-96.8175,47.1102],[-96.8269,47.0481],[-96.8111,47.0407],[-96.8383,47.0082],[-96.8224,47.0038],[-96.8206,46.9694],[-96.7974,46.9683],[-96.7918,46.9303],[-96.7546,46.9253],[-96.784,46.8685],[-96.7755,46.8413],[-96.8018,46.8125],[-96.7814,46.7616],[-96.7973,46.6312],[-96.7535,46.5873],[-96.7376,46.4801],[-96.7122,46.4586],[-96.7198,46.4378],[-96.646,46.3528],[-96.6022,46.3298],[-96.6031,46.2704],[-96.585,46.2484],[-96.5992,46.2302],[-96.557,46.0908],[-96.5772,46.0308],[-96.5577,45.9425],[-96.5806,45.8276],[-96.6674,45.735],[-96.8303,45.6567],[-96.8546,45.6075],[-96.6934,45.4229],[-96.6087,45.4094],[-96.5059,45.3698],[-96.4519,45.3022],[-96.4541,43.5026],[-91.22,43.5023],[-91.2417,43.5448],[-91.2329,43.5881],[-91.2644,43.6182],[-91.2738,43.6622],[-91.2475,43.7796],[-91.3212,43.8906],[-91.4345,43.9975],[-91.5927,44.0347],[-91.7095,44.1058],[-91.7255,44.131],[-91.8119,44.1605],[-91.8885,44.2241],[-91.8981,44.2757],[-91.925,44.2916],[-91.9165,44.3178],[-91.9686,44.3656],[-92.0862,44.4113],[-92.2203,44.4405],[-92.2847,44.4821],[-92.3046,44.5296],[-92.3382,44.5508],[-92.5448,44.5686],[-92.5622,44.5974],[-92.6175,44.6148],[-92.6218,44.6375],[-92.7056,44.6977],[-92.8054,44.7473],[-92.766,44.8308],[-92.775,44.8982],[-92.7534,44.9237],[-92.7645,45.0265],[-92.8019,45.0647],[-92.7415,45.1172],[-92.764,45.1895],[-92.752,45.2196],[-92.7604,45.2845],[-92.7036,45.3262],[-92.6981,45.3617],[-92.6468,45.403],[-92.644,45.4376],[-92.724,45.5132],[-92.7256,45.5411],[-92.7502,45.5586],[-92.8808,45.5744],[-92.8854,45.6379],[-92.8649,45.7175],[-92.7849,45.762],[-92.7545,45.8088],[-92.7625,45.8302],[-92.6714,45.9152],[-92.5508,45.9508],[-92.5272,45.9814],[-92.4672,45.9748],[-92.422,46.0211],[-92.3547,46.011],[-92.3335,46.0566],[-92.2899,46.0706],[-92.2883,46.6679],[-92.2714,46.6535],[-92.208,46.6521],[-92.1781,46.6875],[-92.2029,46.7047],[-92.1501,46.7173],[-92.1107,46.7508],[-92.021,46.7059],[-91.4743,46.9336],[-90.6631,47.3025],[-89.958,47.2912],[-89.4877,48.0109],[-89.5809,47.9951],[-89.5514,48.0078],[-89.7604,48.0236],[-89.8739,47.998],[-89.9743,48.0441],[-90.069,48.1105],[-90.3466,48.0983],[-90.5679,48.1058],[-90.5561,48.1201],[-90.5756,48.1228],[-90.6375,48.1059],[-90.733,48.11],[-90.778,48.1508],[-90.7754,48.165],[-90.7984,48.1681],[-90.8399,48.2459],[-90.8861,48.2466],[-91.0885,48.1769],[-91.2544,48.0815],[-91.4013,48.0573],[-91.4773,48.0801],[-91.5562,48.0804],[-91.5694,48.0856],[-91.552,48.1017],[-91.5598,48.1094],[-91.5954,48.1028],[-91.6911,48.1273],[-91.6962,48.1838],[-91.721,48.2007],[-91.8623,48.2112],[-91.8922,48.2365],[-91.9833,48.261],[-91.9994,48.278],[-91.9998,48.321],[-92.0548,48.3591],[-92.2715,48.3519],[-92.3052,48.3194],[-92.2701,48.2454],[-92.3643,48.2338],[-92.4748,48.3733],[-92.4566,48.4003],[-92.4665,48.435],[-92.5068,48.4504],[-92.6527,48.4408],[-92.6882,48.4639],[-92.6962,48.492],[-92.6276,48.5019],[-92.6354,48.5426],[-92.7268,48.5391],[-92.9527,48.6313],[-93.1798,48.6228],[-93.2564,48.6425],[-93.4636,48.592],[-93.4679,48.5466],[-93.7518,48.5198],[-93.7955,48.5306],[-93.817,48.6146],[-93.8505,48.6316],[-94.2053,48.6535],[-94.257,48.7035],[-94.4263,48.7034]]]}},{"type":"Feature","properties":{"gid":"USA.25_1","name":"密西西比州","nameEn":"Mississippi","nameLocal":"Mississippi","type":"州","typeEn":"State","groupZh":"州","area":123690.4,"iso":"US-MS","engtype":"State","capital":"杰克逊","pop":2961264,"blurb":"深南部农业州，布鲁斯音乐发源。"},"geometry":{"type":"MultiPolygon","coordinates":[[[[-89.0731,30.2275],[-89.0675,30.2489],[-89.0836,30.2272],[-89.1533,30.2303],[-89.0814,30.2211],[-89.1125,30.2153],[-89.0883,30.215],[-89.0944,30.2047],[-89.0731,30.2275]]],[[[-89.5362,30.1959],[-89.4975,30.1814],[-89.4666,30.1935],[-89.4642,30.1744],[-89.4453,30.1872],[-89.4206,30.2533],[-89.3242,30.3114],[-89.3325,30.34],[-89.3772,30.3378],[-89.3503,30.3708],[-89.3131,30.3755],[-89.3111,30.3604],[-89.2733,30.3633],[-89.2869,30.355],[-89.2479,30.3449],[-89.2906,30.3314],[-89.2962,30.3097],[-89.2836,30.3036],[-89.1039,30.3617],[-89.0906,30.3486],[-89.0833,30.3686],[-89.0044,30.3875],[-88.8564,30.3903],[-88.8606,30.4072],[-88.9125,30.4211],[-89.0247,30.4061],[-88.9881,30.4297],[-89.0214,30.4444],[-89.0058,30.4292],[-88.9661,30.4531],[-88.9915,30.4348],[-88.9763,30.4167],[-88.8481,30.4339],[-88.8419,30.4092],[-88.7753,30.3861],[-88.8119,30.3858],[-88.7382,30.3446],[-88.6125,30.3732],[-88.62,30.4114],[-88.6025,30.4269],[-88.6039,30.4],[-88.57,30.4003],[-88.5647,30.3786],[-88.5439,30.3875],[-88.5625,30.3794],[-88.5653,30.3441],[-88.5124,30.3374],[-88.5042,30.3191],[-88.4552,30.329],[-88.4456,30.3647],[-88.4256,30.3547],[-88.4092,30.3694],[-88.41,30.3444],[-88.3931,30.351],[-88.4138,30.3803],[-88.3959,30.3842],[-88.472,31.9],[-88.098,34.8964],[-88.1525,34.9269],[-88.1996,34.9978],[-90.3098,34.9966],[-90.2486,34.9494],[-90.2423,34.9203],[-90.2525,34.898],[-90.3035,34.8738],[-90.311,34.8466],[-90.348,34.8599],[-90.4181,34.829],[-90.4383,34.883],[-90.4647,34.8929],[-90.4867,34.8713],[-90.461,34.8289],[-90.4726,34.7952],[-90.449,34.7422],[-90.4879,34.7278],[-90.5219,34.7359],[-90.5049,34.7819],[-90.5173,34.8023],[-90.5464,34.7913],[-90.54,34.7527],[-90.5637,34.7401],[-90.566,34.7162],[-90.464,34.6858],[-90.5328,34.6298],[-90.5582,34.6469],[-90.5473,34.6913],[-90.5878,34.6785],[-90.5801,34.6081],[-90.5401,34.5507],[-90.5909,34.4982],[-90.5683,34.441],[-90.5758,34.4156],[-90.6604,34.3784],[-90.6635,34.3159],[-90.6929,34.328],[-90.6802,34.3721],[-90.7633,34.3694],[-90.7696,34.3554],[-90.746,34.3301],[-90.753,34.2909],[-90.831,34.2726],[-90.8524,34.2126],[-90.9319,34.2434],[-90.9352,34.2236],[-90.9132,34.1965],[-90.8359,34.1908],[-90.8074,34.1735],[-90.8379,34.1411],[-90.9103,34.1653],[-90.9599,34.1292],[-90.9407,34.101],[-90.8701,34.091],[-90.8878,34.0268],[-90.9867,34.0191],[-90.9632,33.9689],[-90.978,33.9617],[-90.996,33.9639],[-91.018,34.0018],[-91.0857,33.9785],[-91.0865,33.9585],[-91.0073,33.9283],[-91.0719,33.8546],[-91.0462,33.8144],[-91.0041,33.8014],[-90.9897,33.7788],[-91.0175,33.7629],[-91.1291,33.7826],[-91.143,33.773],[-91.1458,33.7301],[-91.1181,33.7076],[-91.0487,33.7097],[-91.0313,33.6802],[-91.0872,33.6569],[-91.1615,33.7049],[-91.2262,33.6852],[-91.2188,33.6605],[-91.1839,33.655],[-91.1311,33.6054],[-91.1522,33.5821],[-91.2308,33.5612],[-91.1833,33.5098],[-91.2349,33.4377],[-91.183,33.4385],[-91.1689,33.4522],[-91.1766,33.4964],[-91.1261,33.4744],[-91.1172,33.456],[-91.1317,33.4292],[-91.2086,33.4063],[-91.1493,33.3799],[-91.1051,33.4],[-91.0919,33.4558],[-91.0619,33.4505],[-91.0572,33.4273],[-91.1386,33.3507],[-91.1439,33.3139],[-91.0988,33.2382],[-91.0767,33.2847],[-91.0452,33.2714],[-91.0591,33.2408],[-91.0918,33.2193],[-91.0923,33.137],[-91.1368,33.1287],[-91.181,33.1426],[-91.2037,33.1219],[-91.1222,33.0517],[-91.199,32.9676],[-91.2094,32.9184],[-91.1742,32.901],[-91.1388,32.9095],[-91.1283,32.9601],[-91.1391,32.9705],[-91.1098,32.9877],[-91.0849,32.9683],[-91.064,32.9052],[-91.1028,32.8602],[-91.1455,32.8427],[-91.1656,32.7613],[-91.1463,32.7429],[-91.0705,32.734],[-91.0542,32.7136],[-91.1549,32.6316],[-91.1333,32.5935],[-91.1119,32.5906],[-91.0555,32.6075],[-91.0298,32.6433],[-91.0102,32.6366],[-91.007,32.6067],[-91.0796,32.5583],[-90.9956,32.5096],[-90.9893,32.4901],[-91.0397,32.4943],[-91.0934,32.5484],[-91.1141,32.5197],[-91.1114,32.479],[-91.05,32.4381],[-91.0018,32.4499],[-90.9707,32.4406],[-90.9674,32.4207],[-91.0068,32.3757],[-91.0015,32.3566],[-90.9175,32.3404],[-90.8858,32.3757],[-90.8782,32.3664],[-90.9188,32.3033],[-90.9499,32.2839],[-90.9797,32.2913],[-90.9927,32.202],[-91.0142,32.2295],[-91.0463,32.2399],[-91.0591,32.2193],[-91.0841,32.2272],[-91.1644,32.1972],[-91.1746,32.1584],[-91.1635,32.1366],[-91.053,32.1237],[-91.0583,32.1807],[-91.0021,32.1617],[-91.0057,32.1407],[-91.0382,32.1001],[-91.0805,32.0839],[-91.0774,32.0483],[-91.1066,32.0539],[-91.1346,32.0832],[-91.1579,32.075],[-91.1563,32.0533],[-91.091,32.0379],[-91.0817,32.013],[-91.0966,31.9919],[-91.1756,31.9725],[-91.184,31.9167],[-91.2715,31.8578],[-91.2486,31.8352],[-91.2526,31.8174],[-91.2797,31.815],[-91.3033,31.8574],[-91.3393,31.8415],[-91.3703,31.7599],[-91.2782,31.7707],[-91.2635,31.7511],[-91.3768,31.7458],[-91.397,31.7167],[-91.3967,31.6387],[-91.4141,31.6163],[-91.4388,31.6131],[-91.4985,31.6464],[-91.5191,31.627],[-91.4948,31.5894],[-91.4211,31.5971],[-91.4066,31.5793],[-91.4445,31.5464],[-91.5241,31.5225],[-91.5125,31.447],[-91.4712,31.4045],[-91.4806,31.3765],[-91.5167,31.3712],[-91.5446,31.431],[-91.5789,31.4104],[-91.5709,31.3776],[-91.5451,31.3834],[-91.5489,31.3461],[-91.5138,31.3181],[-91.5189,31.2845],[-91.5536,31.2653],[-91.627,31.2698],[-91.654,31.2568],[-91.5965,31.1896],[-91.6256,31.122],[-91.562,31.0561],[-91.5775,31.0324],[-91.6397,30.9998],[-89.7344,31.0034],[-89.7275,30.9673],[-89.7561,30.9424],[-89.7459,30.9185],[-89.7726,30.8961],[-89.7684,30.8645],[-89.7904,30.8496],[-89.7848,30.8181],[-89.8012,30.8215],[-89.8177,30.7985],[-89.809,30.7892],[-89.8303,30.7824],[-89.8221,30.7396],[-89.8432,30.7153],[-89.8508,30.6618],[-89.8178,30.6362],[-89.8293,30.6208],[-89.772,30.5189],[-89.6897,30.459],[-89.6837,30.4063],[-89.6307,30.34],[-89.6452,30.2914],[-89.6148,30.2222],[-89.5748,30.1831],[-89.5362,30.1959]]],[[[-88.5031,30.2153],[-88.4565,30.1973],[-88.4005,30.212],[-88.4572,30.2012],[-88.5031,30.2153]]],[[[-88.7087,30.2509],[-88.7784,30.2446],[-88.5674,30.2261],[-88.7087,30.2509]]],[[[-88.4061,30.3614],[-88.4178,30.3589],[-88.4069,30.3492],[-88.4061,30.3614]]],[[[-88.5906,30.3994],[-88.6068,30.3817],[-88.5697,30.3447],[-88.5658,30.3897],[-88.5906,30.3994]]]]}},{"type":"Feature","properties":{"gid":"USA.26_1","name":"密苏里州","nameEn":"Missouri","nameLocal":"Missouri","type":"州","typeEn":"State","groupZh":"州","area":180525.9,"iso":"US-MO","engtype":"State","capital":"杰斐逊城","pop":6154913,"blurb":"密苏里河与密西西比河交汇处。"},"geometry":{"type":"Polygon","coordinates":[[[-90.1259,35.9979],[-89.7169,36.0015],[-89.6834,36.038],[-89.6729,36.0905],[-89.607,36.1184],[-89.5886,36.1418],[-89.6985,36.2309],[-89.6993,36.2461],[-89.6083,36.2409],[-89.5409,36.2663],[-89.6199,36.3286],[-89.6042,36.3446],[-89.5362,36.3399],[-89.5179,36.3602],[-89.5515,36.4414],[-89.5204,36.4754],[-89.5624,36.5228],[-89.5709,36.5624],[-89.5352,36.5814],[-89.4858,36.5728],[-89.4695,36.5411],[-89.4944,36.4698],[-89.4749,36.4564],[-89.4238,36.4905],[-89.3689,36.6268],[-89.3248,36.6268],[-89.2585,36.5645],[-89.2161,36.5767],[-89.1982,36.633],[-89.166,36.6636],[-89.1999,36.7369],[-89.1744,36.7586],[-89.121,36.758],[-89.1301,36.7869],[-89.1719,36.7986],[-89.1798,36.8332],[-89.1311,36.8588],[-89.1016,36.9631],[-89.1262,36.9837],[-89.1885,36.9736],[-89.202,37.0175],[-89.2504,37.0633],[-89.3092,37.0625],[-89.2586,37.019],[-89.2796,36.9878],[-89.3805,37.0418],[-89.3772,37.0912],[-89.4579,37.1869],[-89.4604,37.2484],[-89.4989,37.2536],[-89.5157,37.2721],[-89.5098,37.3131],[-89.4331,37.3475],[-89.4231,37.3832],[-89.441,37.4394],[-89.518,37.5437],[-89.5204,37.5815],[-89.4763,37.5895],[-89.5159,37.6389],[-89.5152,37.6892],[-89.6662,37.7513],[-89.6609,37.7852],[-89.6738,37.8027],[-89.7397,37.8467],[-89.7865,37.8513],[-89.7983,37.8809],[-89.8418,37.9044],[-89.9,37.8712],[-89.9432,37.8774],[-89.9747,37.9268],[-89.9247,37.9594],[-89.9991,37.964],[-90.1089,38.0308],[-90.1267,38.0606],[-90.2306,38.1049],[-90.2792,38.1652],[-90.3498,38.2141],[-90.373,38.278],[-90.3698,38.3319],[-90.3467,38.3829],[-90.2897,38.4397],[-90.2505,38.5469],[-90.1845,38.616],[-90.1814,38.6618],[-90.212,38.7234],[-90.1218,38.8012],[-90.1118,38.8471],[-90.2554,38.9224],[-90.4476,38.9688],[-90.5532,38.873],[-90.6225,38.889],[-90.6611,38.9281],[-90.6758,38.9908],[-90.7131,39.0513],[-90.6812,39.1031],[-90.705,39.1423],[-90.7324,39.2574],[-90.942,39.4057],[-91.0348,39.4474],[-91.0996,39.5368],[-91.1531,39.5482],[-91.1801,39.5992],[-91.3662,39.7285],[-91.3652,39.7965],[-91.445,39.8652],[-91.4192,39.9245],[-91.4929,40.0309],[-91.5115,40.1292],[-91.4926,40.2724],[-91.459,40.3455],[-91.4204,40.378],[-91.4609,40.375],[-91.5239,40.4123],[-91.5245,40.4572],[-91.572,40.4657],[-91.6174,40.5096],[-91.6189,40.5372],[-91.6833,40.5553],[-91.6904,40.5854],[-91.7284,40.614],[-94.2285,40.5706],[-95.7735,40.5782],[-95.7602,40.528],[-95.7083,40.5216],[-95.6866,40.5607],[-95.6555,40.5465],[-95.6612,40.5173],[-95.699,40.5052],[-95.6928,40.4693],[-95.6577,40.4416],[-95.6588,40.4087],[-95.6223,40.3408],[-95.657,40.3107],[-95.5618,40.2973],[-95.5526,40.2617],[-95.4769,40.243],[-95.4789,40.1857],[-95.3933,40.1216],[-95.4212,40.0591],[-95.4113,40.0357],[-95.3147,40.0124],[-95.306,39.988],[-95.253,39.9519],[-95.2063,39.9411],[-95.2032,39.9058],[-95.1511,39.9078],[-95.1363,39.8806],[-95.098,39.8654],[-95.0416,39.8667],[-95.0111,39.9012],[-94.933,39.8917],[-94.9352,39.8487],[-94.8897,39.8343],[-94.8786,39.8112],[-94.9349,39.7762],[-94.9189,39.7629],[-94.8713,39.7715],[-94.8661,39.7433],[-94.8931,39.7257],[-94.9649,39.742],[-94.9717,39.6896],[-95.031,39.6631],[-95.0549,39.6261],[-95.0505,39.5902],[-95.108,39.5786],[-95.1103,39.545],[-95.0566,39.5037],[-95.0399,39.4651],[-94.9876,39.4454],[-94.9434,39.3919],[-94.8893,39.3888],[-94.8838,39.3722],[-94.9085,39.345],[-94.9026,39.3125],[-94.8323,39.2556],[-94.8365,39.2203],[-94.7872,39.2075],[-94.7486,39.1723],[-94.674,39.1824],[-94.6506,39.1557],[-94.5931,39.1489],[-94.6083,39.1204],[-94.6182,36.4984],[-90.1536,36.4963],[-90.1589,36.4801],[-90.1349,36.4407],[-90.1441,36.4231],[-90.0669,36.3862],[-90.0815,36.3234],[-90.068,36.2978],[-90.1171,36.2626],[-90.1284,36.2305],[-90.2217,36.1811],[-90.2384,36.1382],[-90.3173,36.0907],[-90.3773,35.9951],[-90.1259,35.9979]]]}},{"type":"Feature","properties":{"gid":"USA.27_1","name":"蒙大拿州","nameEn":"Montana","nameLocal":"Montana","type":"州","typeEn":"State","groupZh":"州","area":379903.4,"iso":"US-MT","engtype":"State","capital":"海伦娜","pop":1084221,"blurb":"大平原与落基山交汇，冰川国家公园。"},"geometry":{"type":"Polygon","coordinates":[[[-111.6402,44.5522],[-111.5809,44.5615],[-111.5118,44.5356],[-111.4654,44.5406],[-111.4685,44.5556],[-111.5092,44.5645],[-111.5225,44.5971],[-111.5051,44.6295],[-111.5156,44.6421],[-111.4908,44.6442],[-111.4717,44.668],[-111.4829,44.7077],[-111.435,44.7223],[-111.411,44.7129],[-111.3948,44.7486],[-111.3775,44.7537],[-111.2963,44.7017],[-111.2686,44.6695],[-111.274,44.6482],[-111.2549,44.6509],[-111.2175,44.622],[-111.2408,44.6126],[-111.2285,44.5803],[-111.1872,44.5717],[-111.1331,44.5339],[-111.1119,44.4909],[-111.0487,44.4772],[-111.053,44.9999],[-104.0397,44.9986],[-104.0496,49.0005],[-116.0507,49.0004],[-116.0471,47.973],[-116.0215,47.9645],[-115.9003,47.8425],[-115.8831,47.8474],[-115.8537,47.8254],[-115.8314,47.7523],[-115.799,47.7553],[-115.7749,47.7179],[-115.7254,47.7],[-115.7321,47.6491],[-115.6973,47.6269],[-115.6898,47.5926],[-115.7536,47.5453],[-115.7008,47.5322],[-115.7094,47.5174],[-115.6865,47.485],[-115.6349,47.4746],[-115.6454,47.4591],[-115.7186,47.4518],[-115.7597,47.4256],[-115.725,47.4258],[-115.6519,47.3841],[-115.5955,47.3742],[-115.5029,47.2873],[-115.3201,47.2581],[-115.3189,47.2387],[-115.2931,47.2206],[-115.2963,47.1886],[-115.1406,47.1019],[-115.1331,47.0739],[-115.0804,47.0395],[-115.0499,46.9707],[-115.0105,46.9739],[-114.9233,46.9152],[-114.9463,46.8623],[-114.8999,46.8034],[-114.8659,46.8109],[-114.7712,46.7637],[-114.7659,46.7458],[-114.7868,46.7128],[-114.7639,46.6977],[-114.6702,46.7399],[-114.6266,46.7099],[-114.6418,46.6673],[-114.6128,46.6379],[-114.5419,46.6521],[-114.4679,46.633],[-114.4406,46.6576],[-114.3705,46.6697],[-114.324,46.6498],[-114.3446,46.5173],[-114.4033,46.4989],[-114.3737,46.4393],[-114.4203,46.3914],[-114.4291,46.2878],[-114.4709,46.2593],[-114.4509,46.2359],[-114.4469,46.1739],[-114.5073,46.1688],[-114.5244,46.1471],[-114.5177,46.1246],[-114.4767,46.1155],[-114.4603,46.0945],[-114.4691,46.0652],[-114.5057,46.0326],[-114.4753,46.0258],[-114.48,45.9947],[-114.4128,45.9773],[-114.4056,45.958],[-114.4307,45.9346],[-114.386,45.8863],[-114.4097,45.8522],[-114.4356,45.8629],[-114.5074,45.8469],[-114.5655,45.7773],[-114.4951,45.7014],[-114.5049,45.6611],[-114.5624,45.6388],[-114.538,45.6081],[-114.5647,45.5615],[-114.462,45.563],[-114.4268,45.5135],[-114.3729,45.4952],[-114.335,45.4587],[-114.2715,45.484],[-114.2473,45.5467],[-114.1962,45.5364],[-114.0895,45.5902],[-114.0646,45.6288],[-114.0163,45.653],[-114.0255,45.6775],[-114.0144,45.6952],[-113.9336,45.6942],[-113.895,45.6461],[-113.9025,45.6192],[-113.8537,45.6212],[-113.8006,45.5912],[-113.8339,45.5196],[-113.7714,45.5192],[-113.7586,45.4842],[-113.7802,45.4521],[-113.7593,45.4255],[-113.7746,45.4088],[-113.7336,45.3901],[-113.7385,45.3308],[-113.6822,45.2797],[-113.6874,45.2579],[-113.5906,45.1806],[-113.5926,45.1593],[-113.5674,45.142],[-113.5728,45.126],[-113.5081,45.1118],[-113.5216,45.0873],[-113.4514,45.0553],[-113.4386,45.0078],[-113.4462,44.9586],[-113.4969,44.9428],[-113.456,44.87],[-113.4233,44.8405],[-113.3568,44.8204],[-113.3444,44.788],[-113.2475,44.8229],[-113.1347,44.7754],[-113.1374,44.7594],[-113.1041,44.7306],[-113.1007,44.7006],[-113.0684,44.6775],[-113.0516,44.6369],[-113.0858,44.6042],[-113.0381,44.5649],[-113.0481,44.5473],[-113.0094,44.527],[-113.0242,44.4937],[-113.0073,44.4565],[-112.9462,44.4151],[-112.8876,44.4032],[-112.8508,44.3581],[-112.8149,44.3811],[-112.8378,44.423],[-112.8264,44.4465],[-112.7827,44.483],[-112.7207,44.5055],[-112.6651,44.4881],[-112.5423,44.4856],[-112.5045,44.4645],[-112.4669,44.4789],[-112.3873,44.449],[-112.3584,44.4928],[-112.3558,44.533],[-112.3174,44.5392],[-112.2862,44.5691],[-112.1049,44.524],[-111.8693,44.5662],[-111.8223,44.5111],[-111.7012,44.5587],[-111.6402,44.5522]]]}},{"type":"Feature","properties":{"gid":"USA.28_1","name":"内布拉斯加州","nameEn":"Nebraska","nameLocal":"Nebraska","type":"州","typeEn":"State","groupZh":"州","area":200105.0,"iso":"US-NE","engtype":"State","capital":"林肯","pop":1961980,"blurb":"大平原农业州，奥马哈是巴菲特总部所在。"},"geometry":{"type":"Polygon","coordinates":[[[-96.2381,40.0014],[-95.308,39.9999],[-95.3488,40.0293],[-95.4155,40.0411],[-95.4212,40.0591],[-95.3933,40.1216],[-95.4789,40.1857],[-95.4769,40.243],[-95.5526,40.2617],[-95.5618,40.2973],[-95.657,40.3107],[-95.6223,40.3408],[-95.6588,40.4087],[-95.6577,40.4416],[-95.6928,40.4693],[-95.699,40.5052],[-95.6612,40.5173],[-95.6555,40.5465],[-95.6866,40.5607],[-95.7083,40.5216],[-95.7666,40.5314],[-95.7735,40.5782],[-95.7509,40.609],[-95.7755,40.6471],[-95.8424,40.6771],[-95.8518,40.7021],[-95.8862,40.7244],[-95.8814,40.7506],[-95.833,40.7849],[-95.8481,40.859],[-95.8093,40.8972],[-95.8372,40.9324],[-95.8311,40.9815],[-95.8684,41.0043],[-95.8584,41.0336],[-95.8823,41.0605],[-95.8603,41.0869],[-95.8801,41.1557],[-95.8411,41.1748],[-95.9278,41.1972],[-95.9093,41.2306],[-95.9295,41.2944],[-95.9053,41.3],[-95.9053,41.2729],[-95.8782,41.2843],[-95.8728,41.3044],[-95.9542,41.3438],[-95.9258,41.3692],[-95.9369,41.3904],[-95.915,41.4488],[-95.9242,41.4609],[-96.0138,41.4801],[-95.9873,41.5152],[-96.0067,41.5457],[-96.0529,41.5172],[-96.0934,41.5398],[-96.074,41.5734],[-96.1148,41.6063],[-96.093,41.6461],[-96.1199,41.6837],[-96.1093,41.6999],[-96.0726,41.7033],[-96.1033,41.7359],[-96.0661,41.7966],[-96.1053,41.8203],[-96.1111,41.8516],[-96.1595,41.9023],[-96.1381,41.9206],[-96.1335,41.97],[-96.1811,41.9823],[-96.192,42.0087],[-96.2367,41.9961],[-96.224,42.034],[-96.2698,42.0429],[-96.2777,42.0586],[-96.2686,42.1149],[-96.3474,42.1669],[-96.3585,42.212],[-96.3224,42.2324],[-96.3307,42.2587],[-96.4186,42.352],[-96.4149,42.4088],[-96.3834,42.4383],[-96.3863,42.4787],[-96.4192,42.4916],[-96.4924,42.4815],[-96.551,42.5218],[-96.6173,42.5095],[-96.628,42.5502],[-96.7132,42.6091],[-96.6838,42.6496],[-96.693,42.6605],[-96.7909,42.6658],[-96.8148,42.7043],[-96.8778,42.7276],[-96.9595,42.7192],[-96.9842,42.7612],[-97.1317,42.7725],[-97.1447,42.7959],[-97.2098,42.8093],[-97.2193,42.8465],[-97.3559,42.8736],[-97.4475,42.8456],[-97.4808,42.8683],[-97.5898,42.8424],[-97.6232,42.8647],[-97.6688,42.8311],[-97.7132,42.8609],[-97.7736,42.8364],[-97.8392,42.8684],[-97.8757,42.8573],[-97.8922,42.8154],[-97.9346,42.7801],[-98.0341,42.764],[-98.1465,42.84],[-98.1876,42.8414],[-98.4523,42.9363],[-98.5001,42.9977],[-104.0527,43.0028],[-104.0528,41.0017],[-102.0504,41.0019],[-102.0485,40.0039],[-96.2381,40.0014]]]}},{"type":"Feature","properties":{"gid":"USA.29_1","name":"内华达州","nameEn":"Nevada","nameLocal":"Nevada","type":"州","typeEn":"State","groupZh":"州","area":286326.5,"iso":"US-NV","engtype":"State","capital":"卡森城","pop":3105593,"blurb":"沙漠州，拉斯维加斯与内华达山脉。"},"geometry":{"type":"Polygon","coordinates":[[[-114.0489,36.7121],[-114.0404,41.9934],[-120.0003,41.9953],[-120.0009,39.0005],[-118.4701,37.9269],[-117.275,37.053],[-115.648,35.8111],[-114.6329,35.0021],[-114.6352,35.0353],[-114.6037,35.0677],[-114.6492,35.107],[-114.5794,35.1307],[-114.5707,35.18],[-114.6017,35.3438],[-114.6805,35.5005],[-114.6594,35.5354],[-114.6759,35.5827],[-114.6553,35.6081],[-114.6885,35.6491],[-114.6822,35.6831],[-114.7046,35.705],[-114.6958,35.7597],[-114.7128,35.8086],[-114.6966,35.8314],[-114.7059,35.853],[-114.6627,35.8719],[-114.7319,35.9445],[-114.7453,35.9846],[-114.7236,36.03],[-114.753,36.0919],[-114.5729,36.1509],[-114.5074,36.1518],[-114.5044,36.1283],[-114.4661,36.1427],[-114.44,36.1273],[-114.3967,36.1473],[-114.3214,36.102],[-114.3053,36.078],[-114.3162,36.0628],[-114.2719,36.0467],[-114.2581,36.0232],[-114.2241,36.0145],[-114.1474,36.0305],[-114.116,36.0964],[-114.1228,36.113],[-114.0487,36.1951],[-114.0489,36.7121]]]}},{"type":"Feature","properties":{"gid":"USA.30_1","name":"新罕布什尔州","nameEn":"New Hampshire","nameLocal":"New Hampshire","type":"州","typeEn":"State","groupZh":"州","area":23955.4,"iso":"US-NH","engtype":"State","capital":"康科德","pop":1377573,"blurb":"新英格兰州，白山与「花岗岩州」。"},"geometry":{"type":"Polygon","coordinates":[[[-70.8361,42.8654],[-70.8153,42.8628],[-70.8098,42.8924],[-70.8333,42.8767],[-70.8239,42.8979],[-70.8378,42.8994],[-70.8225,42.901],[-70.8431,42.9142],[-70.8089,42.895],[-70.795,42.9389],[-70.7108,43.0425],[-70.7306,43.0564],[-70.7131,43.0547],[-70.7078,43.0711],[-70.73,43.0725],[-70.7436,43.0531],[-70.7367,43.0614],[-70.7525,43.0656],[-70.7386,43.0719],[-70.7667,43.0919],[-70.8106,43.1178],[-70.8581,43.1219],[-70.8606,43.0719],[-70.8456,43.0792],[-70.8339,43.0433],[-70.8794,43.0606],[-70.9278,43.04],[-70.9061,43.0686],[-70.9147,43.0767],[-70.8786,43.0853],[-70.8823,43.0978],[-70.8642,43.0911],[-70.87,43.1217],[-70.9131,43.1342],[-70.8527,43.1293],[-70.8633,43.1711],[-70.8461,43.1278],[-70.8267,43.1203],[-70.8264,43.1758],[-70.8458,43.1897],[-70.8278,43.1794],[-70.8115,43.2219],[-70.9075,43.2924],[-70.9011,43.3036],[-70.9335,43.3358],[-70.9744,43.3521],[-70.9879,43.3873],[-70.9635,43.44],[-70.974,43.4782],[-70.9533,43.5496],[-70.9743,43.5724],[-71.031,44.6575],[-71.082,45.3087],[-71.1664,45.2464],[-71.23,45.2503],[-71.2839,45.3023],[-71.3603,45.2686],[-71.3785,45.2352],[-71.4374,45.2362],[-71.4132,45.2202],[-71.4103,45.1938],[-71.4284,45.127],[-71.4891,45.0754],[-71.5101,45.0156],[-71.4677,45.0163],[-71.5286,45.0026],[-71.5428,44.9837],[-71.4969,44.9075],[-71.5497,44.8627],[-71.578,44.7893],[-71.6339,44.75],[-71.5849,44.657],[-71.5477,44.628],[-71.563,44.6009],[-71.5373,44.5867],[-71.5971,44.5591],[-71.575,44.5357],[-71.5957,44.5189],[-71.5801,44.5011],[-71.6431,44.4745],[-71.6627,44.4386],[-71.7033,44.4138],[-71.7956,44.3949],[-71.8196,44.352],[-71.9802,44.3322],[-72.0282,44.3178],[-72.0612,44.2837],[-72.052,44.2409],[-72.0693,44.1921],[-72.0428,44.1553],[-72.0389,44.1279],[-72.056,44.1069],[-72.0343,44.0993],[-72.0463,44.0865],[-72.0369,44.0788],[-72.0707,44.0573],[-72.092,44.0093],[-72.1067,44.0115],[-72.1127,43.9691],[-72.0904,43.9651],[-72.1855,43.8604],[-72.1826,43.8057],[-72.2043,43.7703],[-72.297,43.7071],[-72.3289,43.6007],[-72.3776,43.5725],[-72.3979,43.513],[-72.3803,43.4874],[-72.4141,43.3741],[-72.3893,43.3543],[-72.4062,43.3365],[-72.3951,43.3137],[-72.4381,43.2468],[-72.4538,43.1464],[-72.4346,43.1183],[-72.4387,43.0843],[-72.4675,43.0539],[-72.445,43.0075],[-72.4689,42.9748],[-72.53,42.9552],[-72.5257,42.917],[-72.5563,42.8615],[-72.5109,42.7672],[-72.4796,42.7651],[-72.4566,42.7276],[-71.2968,42.6978],[-71.2461,42.7436],[-71.1843,42.7375],[-71.1891,42.7907],[-71.1333,42.8215],[-71.066,42.8063],[-71.0363,42.8558],[-70.9166,42.8867],[-70.8361,42.8654]]]}},{"type":"Feature","properties":{"gid":"USA.31_1","name":"新泽西州","nameEn":"New Jersey","nameLocal":"New Jersey","type":"州","typeEn":"State","groupZh":"州","area":19632.6,"iso":"US-NJ","engtype":"State","capital":"特伦顿","pop":9289024,"blurb":"紧邻纽约与费城的走廊州。"},"geometry":{"type":"MultiPolygon","coordinates":[[[[-74.8025,39.0303],[-74.8118,39.0063],[-74.8317,39.0054],[-74.8419,38.9722],[-74.8711,38.9614],[-74.8622,38.9361],[-74.7869,39.0014],[-74.8025,39.0303]]],[[[-74.7108,39.1128],[-74.7608,39.1011],[-74.7669,39.0789],[-74.7533,39.0669],[-74.7783,39.0331],[-74.7108,39.1128]]],[[[-74.5411,39.3336],[-74.5586,39.307],[-74.5314,39.3144],[-74.5411,39.3336]]],[[[-74.515,39.3397],[-74.5383,39.3333],[-74.5288,39.3223],[-74.515,39.3397]]],[[[-74.4858,39.3728],[-74.4961,39.3561],[-74.4652,39.3627],[-74.4858,39.3728]]],[[[-74.6789,39.295],[-74.6533,39.2894],[-74.6256,39.3225],[-74.6194,39.3036],[-74.5692,39.3031],[-74.5464,39.3242],[-74.5611,39.3408],[-74.5461,39.3472],[-74.5421,39.3345],[-74.5195,39.3578],[-74.5181,39.3864],[-74.4492,39.3611],[-74.4557,39.3763],[-74.445,39.3619],[-74.5103,39.3419],[-74.537,39.3033],[-74.4078,39.3642],[-74.4224,39.3858],[-74.4524,39.3783],[-74.4397,39.3953],[-74.4878,39.395],[-74.4848,39.416],[-74.4436,39.4586],[-74.4094,39.4222],[-74.3917,39.4434],[-74.4139,39.4772],[-74.3785,39.4832],[-74.4158,39.5189],[-74.4069,39.5597],[-74.393,39.5384],[-74.3089,39.5378],[-74.3344,39.5147],[-74.3072,39.5094],[-74.2981,39.5381],[-74.341,39.564],[-74.3369,39.5794],[-74.2829,39.6132],[-74.2623,39.605],[-74.2711,39.6172],[-74.2544,39.6239],[-74.2539,39.6481],[-74.2181,39.6449],[-74.2161,39.6711],[-74.1894,39.677],[-74.2008,39.6839],[-74.1839,39.7061],[-74.1606,39.7032],[-74.1881,39.7231],[-74.1658,39.7208],[-74.164,39.7366],[-74.1969,39.7442],[-74.1925,39.7647],[-74.1609,39.8214],[-74.175,39.8261],[-74.129,39.8596],[-74.1569,39.8705],[-74.1314,39.8733],[-74.1347,39.8972],[-74.1054,39.9305],[-74.1956,39.9489],[-74.1162,39.9448],[-74.1128,39.9915],[-74.1475,39.9961],[-74.107,40.0107],[-74.1339,40.0294],[-74.0865,40.0124],[-74.0576,40.0493],[-74.1034,40.047],[-74.1314,40.0647],[-74.1073,40.0539],[-74.0492,40.0658],[-74.0586,40.0088],[-74.0855,39.9645],[-74.0783,39.9461],[-74.0924,39.9434],[-74.0794,39.9322],[-74.0961,39.7831],[-74.1214,39.79],[-74.0967,39.7642],[-74.0333,40.1014],[-74.0764,40.0892],[-74.1006,40.1236],[-74.0767,40.0942],[-74.0492,40.1164],[-74.0339,40.1047],[-74.0269,40.1669],[-74.0108,40.1839],[-74.0253,40.1856],[-74.0097,40.1878],[-73.9759,40.3031],[-73.9818,40.4439],[-74.0017,40.4728],[-74.0183,40.4733],[-73.9808,40.4139],[-73.9767,40.3419],[-73.9972,40.3358],[-73.9833,40.3256],[-74.0461,40.3169],[-73.9764,40.3683],[-73.9802,40.3821],[-74.0119,40.3791],[-74.0847,40.3422],[-74.0656,40.3667],[-74.0166,40.3837],[-74.0214,40.3936],[-73.9812,40.3869],[-73.9883,40.4072],[-74.0669,40.4275],[-74.0497,40.4564],[-74.0689,40.4283],[-74.1349,40.4566],[-74.1584,40.4473],[-74.18,40.4586],[-74.2086,40.4364],[-74.2842,40.4931],[-74.25,40.5208],[-74.2533,40.5517],[-74.215,40.5642],[-74.2019,40.6336],[-74.1414,40.6686],[-74.1608,40.6881],[-74.1353,40.6892],[-74.1539,40.6986],[-74.1288,40.6921],[-74.1193,40.7311],[-74.1061,40.7192],[-74.0764,40.7456],[-74.1128,40.7614],[-74.0992,40.7767],[-74.0906,40.7631],[-74.0639,40.8058],[-74.0344,40.8106],[-74.0303,40.8497],[-74.0303,40.8126],[-74.0889,40.7794],[-74.0944,40.7528],[-74.0736,40.7444],[-74.0939,40.735],[-74.1456,40.6453],[-74.0861,40.6533],[-74.1061,40.6703],[-74.0691,40.6623],[-74.0958,40.6747],[-74.0664,40.6667],[-74.0794,40.6886],[-74.0243,40.7144],[-74.013,40.759],[-73.9214,40.9083],[-73.8936,40.9965],[-74.6955,41.3576],[-74.7937,41.3219],[-74.8594,41.2459],[-74.8834,41.1812],[-74.9915,41.0926],[-74.9691,41.089],[-75.035,41.0358],[-75.1326,40.9903],[-75.137,40.9742],[-75.0537,40.8656],[-75.0943,40.847],[-75.0843,40.823],[-75.109,40.7935],[-75.1339,40.7754],[-75.1677,40.7792],[-75.1959,40.7543],[-75.1826,40.7332],[-75.2039,40.6927],[-75.1777,40.677],[-75.1992,40.6514],[-75.1903,40.5742],[-75.1096,40.5725],[-75.0662,40.5402],[-75.0606,40.4205],[-74.9688,40.401],[-74.9411,40.3419],[-74.8836,40.3092],[-74.8374,40.2478],[-74.7759,40.2183],[-74.7229,40.1562],[-74.7867,40.1229],[-74.8261,40.1269],[-74.8662,40.0855],[-74.9382,40.0685],[-75.1265,39.9622],[-75.1384,39.9444],[-75.1327,39.9],[-75.1488,39.8843],[-75.2712,39.8498],[-75.3371,39.8484],[-75.4144,39.8033],[-75.4053,39.7972],[-75.4617,39.7627],[-75.5137,39.6703],[-75.5574,39.6323],[-75.5546,39.6051],[-75.5105,39.5729],[-75.5322,39.5441],[-75.5268,39.5006],[-75.5617,39.4974],[-75.5676,39.4797],[-75.4672,39.3722],[-75.416,39.3963],[-75.3866,39.3565],[-75.3251,39.3413],[-75.288,39.2908],[-75.2715,39.3426],[-75.2833,39.3028],[-75.2511,39.3],[-75.2406,39.2743],[-75.178,39.2432],[-75.1671,39.203],[-75.1372,39.1812],[-75.1265,39.1953],[-75.1411,39.2024],[-75.1058,39.2156],[-75.1168,39.2227],[-75.1078,39.2368],[-75.1087,39.2187],[-75.0903,39.2106],[-75.0286,39.2186],[-75.032,39.2327],[-75.0033,39.2408],[-75.0278,39.1943],[-74.9814,39.2031],[-74.9814,39.1917],[-74.9686,39.2006],[-74.9404,39.1852],[-74.9297,39.2011],[-74.9247,39.1803],[-74.8856,39.1725],[-74.8954,39.104],[-74.9644,38.9686],[-74.9286,38.9639],[-74.9647,38.9661],[-74.9629,38.9301],[-74.865,38.9361],[-74.9047,38.9489],[-74.8761,38.9537],[-74.8775,38.9692],[-74.8594,38.9744],[-74.8672,38.9881],[-74.8339,38.9908],[-74.8525,39.0081],[-74.8023,39.0354],[-74.8261,39.0503],[-74.8153,39.0664],[-74.8006,39.0706],[-74.785,39.0431],[-74.7619,39.0603],[-74.7961,39.0928],[-74.7778,39.1089],[-74.7333,39.1103],[-74.7561,39.1347],[-74.7211,39.1203],[-74.717,39.1358],[-74.7489,39.1489],[-74.7297,39.1572],[-74.7353,39.1364],[-74.7056,39.1458],[-74.711,39.1206],[-74.6496,39.2004],[-74.6964,39.1881],[-74.6778,39.1786],[-74.6983,39.1594],[-74.71,39.1844],[-74.6553,39.2275],[-74.645,39.2111],[-74.5517,39.2917],[-74.6269,39.2533],[-74.6202,39.2873],[-74.6789,39.295]]],[[[-74.3969,39.4153],[-74.4019,39.3969],[-74.3803,39.405],[-74.3969,39.4153]]],[[[-74.3277,39.4423],[-74.3553,39.4378],[-74.3572,39.4158],[-74.3814,39.4192],[-74.3761,39.4044],[-74.4203,39.3864],[-74.4045,39.3737],[-74.3277,39.4423]]],[[[-74.3853,39.4353],[-74.395,39.4175],[-74.3675,39.4336],[-74.3853,39.4353]]],[[[-74.3147,39.4871],[-74.3617,39.4875],[-74.3581,39.4683],[-74.3789,39.4794],[-74.3508,39.4664],[-74.3714,39.4669],[-74.3667,39.4381],[-74.3242,39.4522],[-74.3147,39.4871]]],[[[-74.1189,39.7706],[-74.1417,39.752],[-74.1161,39.7481],[-74.1442,39.6919],[-74.2925,39.5064],[-74.2373,39.5583],[-74.0922,39.7573],[-74.1056,39.765],[-74.1147,39.7511],[-74.1189,39.7706]]],[[[-74.1926,39.6622],[-74.2011,39.6467],[-74.1828,39.6578],[-74.1926,39.6622]]],[[[-74.3033,39.5592],[-74.3119,39.5489],[-74.2942,39.5439],[-74.3033,39.5592]]]]}},{"type":"Feature","properties":{"gid":"USA.32_1","name":"新墨西哥州","nameEn":"New Mexico","nameLocal":"New Mexico","type":"州","typeEn":"State","groupZh":"州","area":315272.8,"iso":"US-NM","engtype":"State","capital":"圣菲","pop":2117492,"blurb":"西南部高原州，普韦布洛与核试验史。"},"geometry":{"type":"Polygon","coordinates":[[[-107.0006,31.784],[-106.5291,31.7838],[-106.544,31.8081],[-106.5994,31.8254],[-106.6009,31.8441],[-106.636,31.8694],[-106.6458,31.8988],[-106.6147,31.9196],[-106.6304,31.9272],[-106.6143,31.9535],[-106.6384,31.9832],[-106.6193,32.0012],[-103.0642,31.9996],[-103.0427,34.0007],[-103.0408,36.5005],[-103.0007,36.5013],[-103.0009,36.999],[-109.0449,36.9986],[-109.05,31.3328],[-108.2085,31.3334],[-108.2084,31.7838],[-107.0006,31.784]]]}},{"type":"Feature","properties":{"gid":"USA.33_1","name":"纽约州","nameEn":"New York","nameLocal":"New York","type":"州","typeEn":"State","groupZh":"州","area":134928.5,"iso":"US-NY","engtype":"State","capital":"奥尔巴尼","pop":20203696,"blurb":"人口大州，纽约市是全球金融中心。"},"geometry":{"type":"MultiPolygon","coordinates":[[[[-73.6133,40.5955],[-73.7558,40.5844],[-73.5744,40.5933],[-73.6133,40.5955]]],[[[-73.4298,40.6083],[-73.2497,40.6417],[-73.3238,40.6467],[-73.4917,40.5992],[-73.4992,40.6139],[-73.5754,40.5748],[-73.4298,40.6083]]],[[[-73.5322,40.6214],[-73.5525,40.6225],[-73.5472,40.6014],[-73.5247,40.6044],[-73.5322,40.6214]]],[[[-73.4832,40.6262],[-73.4962,40.6159],[-73.4712,40.6243],[-73.4832,40.6262]]],[[[-73.4208,40.6203],[-73.4164,40.6308],[-73.4381,40.6297],[-73.4208,40.6203]]],[[[-73.4483,40.6536],[-73.3801,40.6579],[-73.3013,40.6879],[-73.2807,40.685],[-73.2661,40.6611],[-73.2887,40.649],[-73.2455,40.6442],[-73.2731,40.6903],[-73.2242,40.7239],[-73.2222,40.7067],[-73.2032,40.7226],[-73.2017,40.7078],[-73.1485,40.6984],[-73.1319,40.7211],[-73.1567,40.7264],[-73.1549,40.7424],[-73.1533,40.7266],[-73.1031,40.7185],[-73.0357,40.7297],[-73.0206,40.7486],[-72.9453,40.7408],[-72.8947,40.7714],[-72.8694,40.7392],[-72.8119,40.7637],[-72.8324,40.8023],[-72.8085,40.7776],[-72.8094,40.7915],[-72.7755,40.7828],[-72.7733,40.7962],[-72.7544,40.7837],[-72.7643,40.7919],[-72.7449,40.7878],[-72.7538,40.8009],[-72.7327,40.8003],[-72.7285,40.8231],[-72.713,40.8001],[-72.6652,40.8076],[-72.6452,40.7964],[-72.7402,40.7812],[-72.753,40.7626],[-72.4771,40.8398],[-72.59,40.8117],[-72.5733,40.8469],[-72.5503,40.8392],[-72.5417,40.8683],[-72.52,40.8458],[-72.5261,40.8564],[-72.5021,40.8468],[-72.4933,40.8831],[-72.4381,40.8839],[-72.4358,40.8622],[-72.4225,40.8792],[-72.4128,40.8683],[-72.4738,40.8389],[-72.3294,40.8899],[-72.3539,40.9058],[-72.3369,40.9058],[-72.3361,40.9208],[-72.3177,40.8942],[-72.2305,40.9289],[-72.2369,40.9481],[-72.221,40.9315],[-71.9037,41.04],[-71.8564,41.0709],[-71.9035,41.0855],[-71.9361,41.0774],[-71.9075,41.0597],[-71.9133,41.0481],[-71.9378,41.0758],[-71.9568,41.073],[-71.9639,41.0419],[-71.9936,41.0474],[-72.0956,40.9914],[-72.1514,41.0214],[-72.1358,41.0369],[-72.1594,41.0539],[-72.1872,41.035],[-72.1828,41.0014],[-72.2042,41.0283],[-72.1842,41.0258],[-72.1883,41.035],[-72.2422,41.045],[-72.2619,41.0411],[-72.2408,41.0417],[-72.2508,41.0025],[-72.2608,41.0133],[-72.3115,40.999],[-72.2981,41.0186],[-72.3114,41.0403],[-72.3303,41.0364],[-72.3222,40.9997],[-72.3667,40.9964],[-72.3767,41.0197],[-72.3628,40.9914],[-72.3953,40.9542],[-72.4403,40.9469],[-72.4514,40.9178],[-72.4944,40.8947],[-72.5683,40.9181],[-72.5806,40.8994],[-72.6,40.9167],[-72.6186,40.9044],[-72.6144,40.9192],[-72.6436,40.9183],[-72.6197,40.9228],[-72.6186,40.9386],[-72.5753,40.9339],[-72.5025,40.9911],[-72.4708,40.9897],[-72.4722,41.0214],[-72.4497,41.015],[-72.4564,41.0014],[-72.4333,40.9844],[-72.4483,41.0228],[-72.4281,41.0397],[-72.3903,41.03],[-72.3842,41.0492],[-72.4233,41.0636],[-72.3743,41.0769],[-72.3801,41.092],[-72.339,41.1146],[-72.3314,41.1373],[-72.2841,41.127],[-72.2815,41.1458],[-72.2609,41.1368],[-72.2479,41.1483],[-72.3049,41.1106],[-72.2603,41.1292],[-72.2337,41.1609],[-72.3536,41.1403],[-72.3967,41.0964],[-72.4452,41.0868],[-72.4789,41.0514],[-72.6369,40.9814],[-72.778,40.9652],[-73.0426,40.9653],[-73.02,40.9628],[-73.0333,40.9513],[-73.08,40.9736],[-73.0921,40.9719],[-73.0749,40.9709],[-73.0675,40.9502],[-73.0953,40.9583],[-73.1022,40.945],[-73.1083,40.9683],[-73.1181,40.9495],[-73.1275,40.9594],[-73.0933,40.9703],[-73.1585,40.9679],[-73.1444,40.9551],[-73.1475,40.9236],[-73.1693,40.8949],[-73.1819,40.9138],[-73.1488,40.9296],[-73.2323,40.9072],[-73.1944,40.88],[-73.2367,40.9092],[-73.3219,40.9295],[-73.345,40.9208],[-73.3942,40.9556],[-73.4069,40.9161],[-73.3792,40.9403],[-73.3794,40.9254],[-73.352,40.9226],[-73.3536,40.8958],[-73.3628,40.8886],[-73.3747,40.9133],[-73.3692,40.8875],[-73.3957,40.9088],[-73.4333,40.906],[-73.4206,40.8864],[-73.4467,40.9006],[-73.4344,40.9079],[-73.4839,40.9094],[-73.4286,40.9198],[-73.4369,40.935],[-73.4853,40.9473],[-73.4968,40.9236],[-73.4647,40.8589],[-73.4961,40.8957],[-73.5097,40.8925],[-73.5064,40.8719],[-73.5414,40.8769],[-73.5483,40.902],[-73.5689,40.8842],[-73.5771,40.902],[-73.5281,40.9136],[-73.5339,40.8867],[-73.5214,40.8864],[-73.5075,40.9078],[-73.5217,40.9186],[-73.6328,40.9027],[-73.6557,40.8749],[-73.6522,40.8042],[-73.6508,40.8283],[-73.6764,40.8575],[-73.7297,40.8664],[-73.7289,40.8344],[-73.6997,40.8344],[-73.7114,40.7975],[-73.7217,40.8224],[-73.7535,40.8382],[-73.7658,40.8121],[-73.7464,40.7825],[-73.7556,40.7666],[-73.7788,40.797],[-73.8533,40.7949],[-73.8482,40.7609],[-73.8769,40.7939],[-73.8925,40.7967],[-73.8717,40.7858],[-73.8873,40.7739],[-73.9127,40.7898],[-73.9606,40.7442],[-73.9728,40.7025],[-73.9942,40.7047],[-74.0194,40.6797],[-74.0045,40.6658],[-74.0419,40.6237],[-73.9911,40.5814],[-74.0119,40.5744],[-73.9901,40.5709],[-73.8797,40.5793],[-73.8825,40.6047],[-73.9095,40.6028],[-73.8892,40.612],[-73.9145,40.6299],[-73.8833,40.6272],[-73.8569,40.6525],[-73.8369,40.6447],[-73.8228,40.6583],[-73.7836,40.6297],[-73.8011,40.6119],[-73.7908,40.6078],[-73.7449,40.6358],[-73.7703,40.6175],[-73.7569,40.61],[-73.7739,40.6129],[-73.7716,40.5984],[-73.778,40.61],[-73.9266,40.5617],[-73.941,40.5422],[-73.8211,40.5822],[-73.6884,40.5928],[-73.7079,40.6124],[-73.6947,40.6231],[-73.6789,40.6072],[-73.6881,40.6248],[-73.6765,40.6285],[-73.6539,40.6208],[-73.6633,40.5961],[-73.6384,40.6],[-73.6156,40.6279],[-73.5741,40.6239],[-73.5664,40.6419],[-73.5725,40.6231],[-73.5552,40.6153],[-73.5588,40.6386],[-73.5433,40.6461],[-73.509,40.6401],[-73.5017,40.6144],[-73.4854,40.6499],[-73.4483,40.6536]]],[[[-74.0791,40.6478],[-74.1919,40.6397],[-74.2058,40.58],[-74.1819,40.5779],[-74.1786,40.5945],[-74.1786,40.5792],[-74.2486,40.5439],[-74.2516,40.4981],[-74.1316,40.5466],[-74.1356,40.5301],[-74.0751,40.5793],[-74.0527,40.6014],[-74.0791,40.6478]]],[[[-73.8214,40.6322],[-73.8339,40.6383],[-73.8378,40.6153],[-73.8197,40.61],[-73.8369,40.5892],[-73.8095,40.6001],[-73.8214,40.6322]]],[[[-73.7822,40.8495],[-73.7916,40.8579],[-73.7856,40.8367],[-73.7822,40.8495]]],[[[-73.9347,40.8808],[-74.013,40.759],[-74.0172,40.7016],[-73.9769,40.7114],[-73.9717,40.7433],[-73.9281,40.7986],[-73.9289,40.7817],[-73.8971,40.8058],[-73.8728,40.7975],[-73.8708,40.8142],[-73.8487,40.8043],[-73.84,40.8195],[-73.8342,40.8044],[-73.7905,40.8048],[-73.813,40.8258],[-73.8206,40.8842],[-73.8003,40.8478],[-73.7836,40.8775],[-73.8047,40.8678],[-73.7663,40.897],[-73.7654,40.9159],[-73.7255,40.9273],[-73.7367,40.9444],[-73.6936,40.9558],[-73.6961,40.9392],[-73.6617,40.9658],[-73.6575,40.9828],[-73.6736,40.9694],[-73.657,41.0119],[-73.7297,41.1009],[-73.4838,41.2136],[-73.5523,41.2933],[-73.4923,41.9865],[-73.4901,42.0497],[-73.5084,42.0858],[-73.2675,42.7452],[-73.2916,42.8041],[-73.2789,42.8337],[-73.2461,43.5339],[-73.2581,43.5617],[-73.2975,43.5793],[-73.3056,43.627],[-73.3751,43.6233],[-73.3991,43.5696],[-73.4326,43.5893],[-73.4317,43.6439],[-73.3555,43.772],[-73.3933,43.8209],[-73.3761,43.8437],[-73.3783,43.8758],[-73.4101,43.9351],[-73.4107,44.0189],[-73.4434,44.0526],[-73.3927,44.1912],[-73.3163,44.2541],[-73.3374,44.3638],[-73.2947,44.4384],[-73.3055,44.4932],[-73.376,44.5775],[-73.3899,44.618],[-73.3634,44.6957],[-73.3645,44.7409],[-73.3356,44.7903],[-73.3832,44.8415],[-73.3411,44.9199],[-73.3384,44.961],[-73.3542,44.9832],[-73.3442,45.0103],[-74.1501,44.9912],[-74.6699,45.006],[-74.7334,44.9905],[-74.8262,45.0158],[-74.9922,44.9777],[-75.0683,44.9322],[-75.3011,44.8465],[-75.3094,44.8269],[-75.5283,44.699],[-75.7674,44.5205],[-75.824,44.431],[-75.9106,44.3715],[-76.1629,44.2816],[-76.1656,44.241],[-76.2018,44.2185],[-76.3157,44.1987],[-76.3543,44.1344],[-76.4411,44.0944],[-76.7983,43.6314],[-78.6812,43.6336],[-79.2028,43.451],[-79.0566,43.2488],[-79.0435,43.1417],[-79.0701,43.12],[-79.0586,43.1056],[-79.0748,43.0813],[-79.0017,43.0582],[-79.0236,43.0102],[-79.0072,42.9834],[-78.9124,42.9554],[-78.9009,42.8993],[-78.8598,42.8398],[-78.8557,42.7817],[-78.9186,42.7382],[-79.0491,42.6893],[-79.0661,42.6438],[-79.106,42.6199],[-79.1469,42.556],[-79.3545,42.4918],[-79.4195,42.4517],[-79.4352,42.4225],[-79.7625,42.2686],[-79.7624,41.9985],[-75.3545,41.9992],[-75.3144,41.9521],[-75.2787,41.9391],[-75.2591,41.8653],[-75.1717,41.8717],[-75.1615,41.8527],[-75.1158,41.8443],[-75.1088,41.823],[-75.0729,41.8125],[-75.102,41.7798],[-75.0646,41.7682],[-75.0537,41.7478],[-75.0499,41.7153],[-75.0679,41.7093],[-75.0446,41.6189],[-75.0729,41.6054],[-75.0192,41.553],[-75.003,41.5092],[-74.9844,41.5055],[-74.9835,41.4808],[-74.9311,41.4818],[-74.8932,41.4391],[-74.7408,41.4298],[-74.7392,41.4025],[-74.6955,41.3576],[-73.8936,40.9965],[-73.9347,40.8808]]],[[[-72.7555,40.7637],[-72.7955,40.7648],[-73.055,40.6689],[-73.3114,40.6233],[-73.0822,40.6587],[-72.7555,40.7637]]],[[[-72.3297,41.1058],[-72.3484,41.095],[-72.3422,41.0852],[-72.3841,41.0722],[-72.3731,41.0518],[-72.3438,41.0418],[-72.3661,41.0634],[-72.3557,41.0662],[-72.3503,41.0486],[-72.3434,41.0621],[-72.3242,41.0422],[-72.3106,41.0542],[-72.2706,41.0269],[-72.2825,41.0681],[-72.3132,41.0636],[-72.3234,41.089],[-72.2998,41.0815],[-72.3297,41.1058]]],[[[-72.1161,41.1114],[-72.1308,41.1236],[-72.1425,41.0967],[-72.1039,41.0878],[-72.0989,41.05],[-72.0817,41.0717],[-72.094,41.0882],[-72.0772,41.0997],[-72.1161,41.1114]]],[[[-72.1658,41.1872],[-72.2122,41.1744],[-72.1981,41.1644],[-72.1658,41.1872]]],[[[-71.9236,41.2913],[-71.9911,41.2816],[-72.0056,41.2594],[-72.0211,41.2767],[-72.0387,41.25],[-71.9236,41.2913]]]]}},{"type":"Feature","properties":{"gid":"USA.34_1","name":"北卡罗来纳州","nameEn":"North Carolina","nameLocal":"North Carolina","type":"州","typeEn":"State","groupZh":"州","area":127733.8,"iso":"US-NC","engtype":"State","capital":"罗利","pop":10441392,"blurb":"东南海岸州，研究三角园区。"},"geometry":{"type":"MultiPolygon","coordinates":[[[[-77.8142,34.1808],[-77.8439,34.1678],[-77.8339,34.16],[-77.8536,34.155],[-77.8647,34.1289],[-77.8142,34.1808]]],[[[-77.8042,34.2178],[-77.815,34.215],[-77.8006,34.2067],[-77.8042,34.2178]]],[[[-77.7806,34.2472],[-77.7958,34.2336],[-77.7872,34.2217],[-77.8075,34.2219],[-77.7894,34.2178],[-77.8108,34.1872],[-77.774,34.2364],[-77.7806,34.2472]]],[[[-77.7369,34.2919],[-77.7611,34.2725],[-77.7519,34.2636],[-77.7814,34.2506],[-77.7628,34.2575],[-77.7708,34.2403],[-77.7183,34.2897],[-77.7369,34.2919]]],[[[-77.7228,34.2983],[-77.7158,34.3125],[-77.7325,34.2956],[-77.7228,34.2983]]],[[[-77.6797,34.3503],[-77.7158,34.3231],[-77.7119,34.3017],[-77.6686,34.3422],[-77.6797,34.3503]]],[[[-77.4903,34.4689],[-77.4808,34.4725],[-77.5039,34.4642],[-77.4903,34.4689]]],[[[-77.5239,34.4533],[-77.54,34.4306],[-77.5919,34.4122],[-77.5525,34.4242],[-77.6583,34.3456],[-77.4983,34.4536],[-77.3455,34.5244],[-77.3429,34.5413],[-77.3567,34.5508],[-77.3478,34.5422],[-77.3647,34.5189],[-77.5239,34.4533]]],[[[-77.2383,34.5933],[-77.3169,34.5422],[-77.3497,34.5521],[-77.335,34.5322],[-77.2383,34.5933]]],[[[-77.2067,34.6161],[-77.2303,34.5978],[-77.1794,34.6197],[-77.2067,34.6161]]],[[[-77.1831,34.6339],[-77.2092,34.6219],[-77.1961,34.6147],[-77.1831,34.6339]]],[[[-77.1289,34.6739],[-77.1503,34.6439],[-77.1531,34.6589],[-77.1792,34.6419],[-77.1756,34.6281],[-77.1597,34.6325],[-77.1711,34.6225],[-77.1233,34.6392],[-77.1392,34.6578],[-77.1217,34.6675],[-77.1414,34.6625],[-77.1289,34.6739]]],[[[-76.6486,34.6858],[-76.6619,34.6892],[-76.5681,34.6589],[-76.5364,34.6308],[-76.5239,34.6389],[-76.6486,34.6858]]],[[[-76.5725,34.7128],[-76.5869,34.7131],[-76.585,34.7011],[-76.5258,34.685],[-76.5431,34.6994],[-76.5211,34.7089],[-76.5469,34.7106],[-76.5508,34.6981],[-76.5725,34.7128]]],[[[-76.3217,34.8478],[-76.3742,34.8203],[-76.4194,34.7553],[-76.4389,34.7631],[-76.4261,34.7478],[-76.4406,34.7481],[-76.4408,34.7317],[-76.5033,34.6725],[-76.5294,34.6142],[-76.555,34.6286],[-76.545,34.5997],[-76.5328,34.5933],[-76.4669,34.6992],[-76.3217,34.8478]]],[[[-76.7483,34.7118],[-77.0647,34.6675],[-77.1029,34.6495],[-76.8392,34.6922],[-76.6772,34.6964],[-76.7483,34.7118]]],[[[-77.1551,34.7658],[-77.1293,34.7649],[-77.1015,34.7173],[-77.0746,34.7101],[-77.0903,34.7094],[-77.0967,34.6808],[-77.1128,34.6819],[-77.0878,34.673],[-76.9047,34.7322],[-76.6953,34.7153],[-76.6981,34.7297],[-76.725,34.7269],[-76.6964,34.7522],[-76.7678,34.7558],[-76.7225,34.7886],[-76.6875,34.7714],[-76.685,34.7931],[-76.6589,34.7475],[-76.6717,34.7336],[-76.6617,34.7225],[-76.6789,34.7311],[-76.6908,34.7139],[-76.6811,34.7058],[-76.6756,34.7206],[-76.6358,34.6994],[-76.6156,34.7069],[-76.6339,34.7222],[-76.6136,34.7769],[-76.6214,34.8156],[-76.5928,34.7711],[-76.5656,34.7917],[-76.5636,34.7664],[-76.5897,34.7528],[-76.5747,34.7403],[-76.5797,34.7228],[-76.5514,34.7344],[-76.5433,34.7197],[-76.5236,34.7319],[-76.5169,34.7186],[-76.4986,34.7317],[-76.5219,34.7575],[-76.4986,34.7628],[-76.5156,34.7711],[-76.4994,34.7728],[-76.5125,34.7906],[-76.475,34.8033],[-76.4928,34.7786],[-76.4778,34.7642],[-76.4492,34.8128],[-76.4622,34.8275],[-76.4433,34.8158],[-76.4281,34.8347],[-76.4139,34.8294],[-76.4014,34.8908],[-76.3933,34.8569],[-76.3464,34.8742],[-76.3139,34.9058],[-76.3447,34.9069],[-76.335,34.9219],[-76.3597,34.9297],[-76.3281,34.9369],[-76.2978,34.9239],[-76.2981,34.9383],[-76.2797,34.9419],[-76.2911,34.9536],[-76.2764,34.9547],[-76.3161,35.015],[-76.2978,34.995],[-76.2975,35.01],[-76.3667,35.0356],[-76.3261,35.0183],[-76.3192,35.0036],[-76.3551,35.0211],[-76.3161,34.9572],[-76.3817,34.9789],[-76.3703,34.9556],[-76.385,34.9597],[-76.3811,34.9344],[-76.4061,34.9364],[-76.4042,34.9631],[-76.4472,34.9389],[-76.4425,34.9144],[-76.4672,34.9628],[-76.4331,34.9628],[-76.4336,34.98],[-76.4222,34.9783],[-76.425,35.0012],[-76.4411,35.0],[-76.438,35.0249],[-76.423,35.0278],[-76.4359,35.0584],[-76.4687,35.0756],[-76.4773,35.0587],[-76.4547,35.0497],[-76.4707,35.043],[-76.4547,35.035],[-76.46,35.0228],[-76.4862,35.0388],[-76.4933,35.0203],[-76.4764,35.0122],[-76.497,35.0086],[-76.4747,34.9844],[-76.4886,34.9608],[-76.4992,34.955],[-76.4918,34.9851],[-76.5186,34.9792],[-76.5037,34.9899],[-76.518,35.0037],[-76.5572,34.9997],[-76.5533,34.9844],[-76.5644,34.9981],[-76.5797,34.9749],[-76.5242,34.9322],[-76.5447,34.9236],[-76.5183,34.8892],[-76.5461,34.9172],[-76.5647,34.9114],[-76.5494,34.93],[-76.5892,34.9453],[-76.5902,34.9783],[-76.6302,34.9887],[-76.6769,34.9679],[-76.6498,34.9363],[-76.6336,34.9381],[-76.6596,34.9147],[-76.6342,34.8972],[-76.6611,34.9097],[-76.6769,34.8969],[-76.658,34.9351],[-76.7069,34.9546],[-76.7248,34.9292],[-76.752,34.9221],[-76.7617,34.8594],[-76.7629,34.9037],[-76.7803,34.8944],[-76.7608,34.9154],[-76.8122,34.9392],[-76.8969,34.9528],[-76.9147,34.9022],[-76.9092,34.9427],[-76.9261,34.94],[-76.9086,34.9594],[-76.8933,34.9544],[-76.9752,35.0016],[-76.9887,35.0433],[-77.0375,35.1006],[-77.0583,35.0703],[-77.1264,35.0758],[-77.1416,35.0619],[-77.1247,35.0839],[-77.07,35.0739],[-77.035,35.1033],[-77.0781,35.1486],[-77.0619,35.1519],[-77.0308,35.1342],[-76.9876,35.0664],[-76.9701,35.0572],[-76.9829,35.08],[-76.9538,35.0569],[-76.9381,35.0886],[-76.9462,35.0458],[-76.9172,35.0605],[-76.9329,35.0336],[-76.8725,35.0025],[-76.8667,35.0263],[-76.8657,35.0015],[-76.8039,34.9639],[-76.7558,34.9944],[-76.785,35.0228],[-76.7736,35.0061],[-76.7575,35.01],[-76.7558,34.9917],[-76.7131,35.0047],[-76.7023,35.0223],[-76.7367,35.0242],[-76.7169,35.0269],[-76.7264,35.0394],[-76.7027,35.0255],[-76.7106,35.0464],[-76.6979,35.0451],[-76.6955,35.0228],[-76.6415,35.0521],[-76.6453,35.0626],[-76.6012,35.0714],[-76.5953,35.0925],[-76.6561,35.0833],[-76.6314,35.0917],[-76.6386,35.1094],[-76.6269,35.0919],[-76.5914,35.1097],[-76.5892,35.0956],[-76.5701,35.0985],[-76.5822,35.1205],[-76.5599,35.1136],[-76.5367,35.1504],[-76.5794,35.1747],[-76.5858,35.1547],[-76.5671,35.1585],[-76.575,35.1369],[-76.5583,35.1358],[-76.5856,35.1494],[-76.6134,35.1205],[-76.5952,35.1544],[-76.6141,35.1516],[-76.6034,35.1568],[-76.614,35.1628],[-76.6383,35.1481],[-76.6339,35.1613],[-76.6539,35.1681],[-76.6664,35.1448],[-76.69,35.1459],[-76.6874,35.1341],[-76.7267,35.1372],[-76.7178,35.1172],[-76.7336,35.1272],[-76.724,35.1457],[-76.7389,35.1471],[-76.6802,35.1589],[-76.6706,35.1728],[-76.6829,35.1817],[-76.6693,35.1742],[-76.6492,35.1925],[-76.6644,35.2028],[-76.6358,35.1744],[-76.5989,35.1881],[-76.6261,35.2058],[-76.587,35.2016],[-76.6113,35.2207],[-76.5944,35.2153],[-76.59,35.2417],[-76.55,35.2422],[-76.496,35.2171],[-76.5306,35.2536],[-76.5142,35.2522],[-76.5099,35.2676],[-76.5042,35.24],[-76.4793,35.2471],[-76.4972,35.2633],[-76.4672,35.2606],[-76.4774,35.287],[-76.5003,35.2781],[-76.5,35.3136],[-76.4852,35.3139],[-76.5283,35.3197],[-76.5113,35.3007],[-76.5265,35.3069],[-76.5339,35.2883],[-76.5334,35.308],[-76.5458,35.3058],[-76.5351,35.3147],[-76.5806,35.3214],[-76.5475,35.3278],[-76.5758,35.3308],[-76.6121,35.3204],[-76.6125,35.2958],[-76.5786,35.2922],[-76.6106,35.2911],[-76.5894,35.2681],[-76.6181,35.2831],[-76.6578,35.2794],[-76.6739,35.2906],[-76.6184,35.2899],[-76.6428,35.2986],[-76.6237,35.3048],[-76.622,35.3238],[-76.6508,35.3258],[-76.6222,35.3389],[-76.6807,35.3501],[-76.7064,35.3197],[-76.6963,35.346],[-76.7128,35.3505],[-76.7576,35.3305],[-76.7633,35.3139],[-76.7779,35.323],[-76.7879,35.3167],[-76.7755,35.2967],[-76.789,35.3219],[-76.7356,35.3554],[-76.6931,35.3625],[-76.8147,35.3983],[-76.8169,35.3703],[-76.8203,35.3825],[-76.8575,35.3692],[-76.822,35.3863],[-76.8256,35.4101],[-76.9262,35.4488],[-76.97,35.4352],[-76.9639,35.4017],[-76.9839,35.4708],[-77.0722,35.5139],[-77.0214,35.4986],[-77.0605,35.5415],[-77.1133,35.5592],[-77.0389,35.5367],[-76.9786,35.4837],[-76.957,35.4842],[-76.9578,35.4972],[-76.9476,35.4754],[-76.9111,35.4803],[-76.9313,35.4727],[-76.8333,35.4481],[-76.8028,35.5128],[-76.8154,35.4718],[-76.7903,35.4758],[-76.8189,35.4534],[-76.8047,35.4384],[-76.7583,35.4193],[-76.7094,35.4381],[-76.6781,35.4161],[-76.6673,35.4205],[-76.6764,35.4403],[-76.6624,35.4258],[-76.6494,35.4442],[-76.63,35.4242],[-76.6525,35.4278],[-76.655,35.4068],[-76.576,35.3881],[-76.5846,35.414],[-76.5967,35.4044],[-76.5937,35.4378],[-76.6261,35.4606],[-76.6049,35.4578],[-76.5985,35.4819],[-76.6377,35.5127],[-76.68,35.4844],[-76.7194,35.4997],[-76.7253,35.5189],[-76.6847,35.4975],[-76.6284,35.5199],[-76.6375,35.5393],[-76.6928,35.5533],[-76.6626,35.5443],[-76.6497,35.5772],[-76.6608,35.5573],[-76.6179,35.5335],[-76.5808,35.5497],[-76.5877,35.5413],[-76.5568,35.5295],[-76.537,35.5286],[-76.5286,35.5468],[-76.533,35.5322],[-76.4863,35.5373],[-76.4725,35.5578],[-76.5193,35.5855],[-76.4392,35.555],[-76.4669,35.5397],[-76.473,35.5137],[-76.4464,35.4989],[-76.4784,35.5119],[-76.4889,35.4892],[-76.4962,35.5043],[-76.5865,35.5085],[-76.5523,35.4639],[-76.5361,35.4878],[-76.4975,35.4603],[-76.5346,35.4735],[-76.5458,35.4497],[-76.5644,35.4501],[-76.5322,35.4325],[-76.5283,35.445],[-76.5008,35.4192],[-76.5324,35.4272],[-76.5319,35.4014],[-76.4989,35.404],[-76.5025,35.389],[-76.4702,35.3726],[-76.4833,35.4089],[-76.4667,35.4002],[-76.4553,35.4136],[-76.467,35.4184],[-76.4467,35.4238],[-76.4574,35.3965],[-76.4377,35.3886],[-76.4436,35.4031],[-76.4204,35.4183],[-76.4336,35.4253],[-76.4087,35.4295],[-76.4347,35.4433],[-76.4231,35.4575],[-76.4383,35.4581],[-76.3994,35.4589],[-76.4172,35.4466],[-76.3891,35.4273],[-76.3814,35.4011],[-76.3963,35.4012],[-76.3613,35.3652],[-76.42,35.3748],[-76.4222,35.3629],[-76.3989,35.3617],[-76.403,35.3493],[-76.3856,35.363],[-76.3446,35.3505],[-76.36,35.3797],[-76.3447,35.393],[-76.3594,35.405],[-76.3517,35.4136],[-76.3139,35.3883],[-76.3206,35.3699],[-76.2847,35.3667],[-76.3019,35.3519],[-76.2588,35.3439],[-76.2603,35.3761],[-76.2361,35.3906],[-76.2539,35.3711],[-76.2267,35.3608],[-76.2217,35.341],[-76.1694,35.3461],[-76.1578,35.3271],[-76.1389,35.3581],[-76.0705,35.3713],[-76.0624,35.384],[-76.0839,35.391],[-76.0522,35.4208],[-76.0597,35.4362],[-76.0283,35.4304],[-76.033,35.4131],[-76.0217,35.4117],[-76.0196,35.4412],[-75.9961,35.465],[-76.0104,35.4767],[-75.9625,35.4956],[-75.9903,35.5172],[-75.9617,35.5167],[-75.9448,35.5381],[-75.9133,35.5444],[-75.9247,35.5478],[-75.9169,35.5636],[-75.8818,35.5751],[-75.8992,35.6017],[-75.8825,35.6247],[-75.8911,35.6439],[-75.8636,35.6286],[-75.8729,35.6124],[-75.8553,35.5848],[-75.8167,35.5964],[-75.8119,35.5847],[-75.8358,35.5706],[-75.7622,35.585],[-75.7844,35.5945],[-75.7339,35.6308],[-75.7795,35.6875],[-75.7648,35.706],[-75.736,35.6814],[-75.7169,35.6938],[-75.742,35.7733],[-75.7281,35.8244],[-75.7736,35.8747],[-75.7481,35.8606],[-75.7827,35.9332],[-75.8127,35.9388],[-75.8058,35.9552],[-75.8335,35.9695],[-75.8617,35.9772],[-75.8496,35.9626],[-75.8733,35.9439],[-75.8107,35.9217],[-75.9108,35.9272],[-75.8939,35.895],[-75.8522,35.8939],[-75.8672,35.8844],[-75.8625,35.8683],[-75.8842,35.8911],[-75.9036,35.8853],[-75.9042,35.9106],[-75.9247,35.9092],[-75.9175,35.9206],[-75.9308,35.9269],[-75.9854,35.8891],[-75.9828,35.7716],[-76.0056,35.6769],[-76.0342,35.6458],[-76.0589,35.6714],[-76.1082,35.6639],[-76.1408,35.7019],[-76.1656,35.6958],[-76.1406,35.7033],[-76.0953,35.6744],[-76.04,35.6772],[-76.0425,35.7],[-76.0601,35.7078],[-76.0469,35.7367],[-76.0575,35.7667],[-76.0781,35.7563],[-76.1228,35.7789],[-76.1036,35.7992],[-76.0817,35.769],[-76.0622,35.7819],[-76.0656,35.7667],[-76.0539,35.7708],[-76.0628,35.8514],[-76.0961,35.8655],[-76.1008,35.8856],[-76.0917,35.8675],[-76.0572,35.8628],[-76.0133,35.9236],[-76.0406,35.9299],[-76.0694,35.9075],[-76.1114,35.9483],[-76.1275,35.945],[-76.1074,35.9502],[-76.0699,35.9221],[-76.0542,35.9289],[-76.0677,35.9388],[-76.0619,35.9578],[-76.0169,35.9464],[-76.024,35.9694],[-76.0543,35.9874],[-76.1725,35.9939],[-76.2703,35.9726],[-76.3153,35.9459],[-76.2549,35.9172],[-76.3494,35.9419],[-76.3839,35.9331],[-76.3746,35.9553],[-76.4003,35.9822],[-76.5492,35.9409],[-76.7364,35.9367],[-76.6818,35.9912],[-76.6869,36.0069],[-76.71,36.0045],[-76.7061,36.0424],[-76.7243,36.0563],[-76.7263,36.0962],[-76.7555,36.1517],[-76.7505,36.2094],[-76.6987,36.2717],[-76.7094,36.2983],[-76.6972,36.3078],[-76.6723,36.272],[-76.7152,36.2138],[-76.7224,36.1539],[-76.7056,36.1117],[-76.689,36.1104],[-76.6919,36.0661],[-76.6522,36.0357],[-76.6077,36.0561],[-76.5802,36.0106],[-76.5145,36.0064],[-76.4631,36.0231],[-76.4087,36.0675],[-76.4885,36.0858],[-76.4797,36.0951],[-76.4198,36.0775],[-76.4221,36.1085],[-76.4043,36.0788],[-76.3038,36.0951],[-76.3809,36.1227],[-76.4649,36.1852],[-76.4775,36.2169],[-76.4663,36.1975],[-76.3922,36.1739],[-76.3729,36.1384],[-76.34,36.1405],[-76.236,36.099],[-76.1931,36.1065],[-76.284,36.1776],[-76.2856,36.2168],[-76.1879,36.1254],[-76.1198,36.1321],[-76.1564,36.1565],[-76.099,36.1345],[-76.0615,36.146],[-76.0844,36.1793],[-76.0794,36.1971],[-76.152,36.2165],[-76.1209,36.2213],[-76.1375,36.2528],[-76.2183,36.2983],[-76.1822,36.3213],[-76.2171,36.3278],[-76.231,36.3718],[-76.2154,36.3286],[-76.1804,36.3224],[-76.2167,36.2994],[-76.1322,36.2913],[-76.0806,36.238],[-76.0531,36.2334],[-76.0181,36.187],[-75.912,36.1649],[-75.9694,36.2119],[-75.9889,36.2017],[-75.9814,36.2183],[-75.9604,36.2017],[-75.9506,36.2098],[-75.968,36.2644],[-75.9503,36.2848],[-75.973,36.2997],[-75.994,36.2934],[-75.9725,36.3034],[-76.0025,36.3058],[-76.0358,36.3542],[-75.9962,36.3133],[-75.9644,36.3228],[-75.9629,36.2909],[-75.9367,36.2917],[-75.9593,36.2601],[-75.9385,36.2699],[-75.9469,36.2567],[-75.9194,36.245],[-75.9076,36.2077],[-75.8636,36.1614],[-75.8632,36.1215],[-75.7958,36.0714],[-75.7983,36.1172],[-75.8533,36.21],[-75.8283,36.1911],[-75.8722,36.2534],[-75.8575,36.2572],[-75.8617,36.2742],[-75.9297,36.3644],[-75.9153,36.3867],[-75.9247,36.4258],[-75.9446,36.412],[-75.9302,36.3898],[-75.9597,36.399],[-75.9441,36.3621],[-76.0017,36.4247],[-75.9802,36.4322],[-75.9616,36.417],[-75.9714,36.4375],[-76.0119,36.4473],[-76.0405,36.5022],[-76.0804,36.4993],[-76.0933,36.5253],[-76.1465,36.5341],[-76.1527,36.5504],[-80.2775,36.5433],[-81.6758,36.589],[-81.7081,36.5348],[-81.6969,36.4686],[-81.739,36.4072],[-81.709,36.3387],[-81.7689,36.3404],[-81.7962,36.3596],[-81.9059,36.3015],[-82.032,36.1211],[-82.1264,36.1046],[-82.1498,36.1467],[-82.2125,36.1587],[-82.2686,36.1257],[-82.3526,36.1172],[-82.407,36.0871],[-82.4603,36.0071],[-82.5605,35.9554],[-82.6076,35.9695],[-82.614,36.0018],[-82.5899,36.0319],[-82.6404,36.0644],[-82.7772,35.9946],[-82.8016,35.9281],[-82.8648,35.9517],[-82.9174,35.9286],[-82.8964,35.8757],[-82.9184,35.8673],[-82.9177,35.8413],[-82.9896,35.7746],[-83.0743,35.7894],[-83.1622,35.7626],[-83.1835,35.7299],[-83.25,35.7203],[-83.3,35.6562],[-83.3444,35.6627],[-83.3963,35.6235],[-83.4489,35.6078],[-83.4985,35.5635],[-83.5812,35.565],[-83.606,35.5802],[-83.7626,35.5647],[-83.8242,35.5264],[-83.8787,35.5197],[-83.9034,35.4833],[-83.9617,35.4615],[-84.0193,35.4122],[-84.0085,35.3743],[-84.0339,35.3503],[-84.0361,35.3182],[-84.0205,35.2992],[-84.0453,35.2774],[-84.1284,35.2428],[-84.1859,35.2428],[-84.2279,35.2678],[-84.2893,35.2257],[-84.321,34.989],[-83.1052,35.002],[-82.7808,35.0865],[-82.7773,35.0675],[-82.7547,35.0687],[-82.6903,35.1032],[-82.6799,35.127],[-82.6332,35.1258],[-82.5527,35.1637],[-82.5285,35.1572],[-82.4808,35.1768],[-82.4414,35.1665],[-82.3905,35.2161],[-82.3714,35.1814],[-82.2861,35.198],[-81.0448,35.1494],[-81.0521,35.1335],[-81.0344,35.1072],[-81.0586,35.067],[-81.0419,35.0432],[-80.9312,35.1049],[-80.7828,34.9349],[-80.796,34.8175],[-79.6753,34.8046],[-78.5782,33.8825],[-78.5938,33.8736],[-78.5719,33.8769],[-78.5669,33.8647],[-78.3714,33.9189],[-78.1706,33.9297],[-78.1417,33.9256],[-78.2356,33.9147],[-78.0154,33.8886],[-78.0553,33.9194],[-78.1119,33.9228],[-78.1031,33.9328],[-78.1061,33.9228],[-78.0185,33.9156],[-77.9853,33.9347],[-77.9758,33.9722],[-77.9539,33.975],[-77.9403,34.0781],[-77.9619,34.1778],[-77.9253,34.1272],[-77.9178,34.0525],[-77.8914,34.0594],[-77.8423,34.1822],[-77.8578,34.1925],[-77.84,34.175],[-77.83,34.2119],[-77.7875,34.2456],[-77.8133,34.2565],[-77.7872,34.2488],[-77.7704,34.2663],[-77.7991,34.2754],[-77.7611,34.2742],[-77.7415,34.3004],[-77.7547,34.3044],[-77.7381,34.303],[-77.6783,34.3703],[-77.6678,34.3636],[-77.5939,34.4128],[-77.6123,34.4187],[-77.6056,34.4336],[-77.5911,34.4189],[-77.5738,34.4251],[-77.5769,34.4383],[-77.5531,34.4294],[-77.5373,34.4603],[-77.468,34.4981],[-77.3682,34.5238],[-77.3725,34.5372],[-77.3903,34.5333],[-77.3615,34.5521],[-77.3968,34.5779],[-77.4244,34.5642],[-77.4136,34.5706],[-77.4528,34.6044],[-77.4284,34.6235],[-77.3977,34.611],[-77.3706,34.639],[-77.4124,34.6997],[-77.4325,34.6849],[-77.4442,34.7639],[-77.4149,34.717],[-77.3615,34.7299],[-77.3506,34.7475],[-77.355,34.7275],[-77.3985,34.717],[-77.3646,34.6811],[-77.3444,34.6908],[-77.3781,34.6747],[-77.3183,34.6372],[-77.3395,34.6372],[-77.4037,34.5847],[-77.3792,34.5783],[-77.3687,34.5908],[-77.3603,34.5699],[-77.3401,34.5732],[-77.3407,34.5531],[-77.3172,34.5461],[-77.2125,34.6228],[-77.2044,34.6394],[-77.2164,34.6508],[-77.2019,34.6342],[-77.1526,34.6624],[-77.1881,34.6997],[-77.146,34.6695],[-77.1164,34.6872],[-77.115,34.7148],[-77.1362,34.729],[-77.1294,34.755],[-77.1551,34.7658]],[[-77.1197,34.6769],[-77.1058,34.6697],[-77.1303,34.6792],[-77.1197,34.6769]],[[-76.0351,36.5461],[-76.0261,36.5158],[-76.0558,36.512],[-76.1533,36.54],[-76.1509,36.5504],[-76.0351,36.5461]]],[[[-78.3903,33.8983],[-78.5733,33.8658],[-78.5414,33.8611],[-78.5444,33.8481],[-78.4808,33.8733],[-78.4914,33.8764],[-78.3903,33.8983]]],[[[-77.9503,33.9219],[-77.9567,33.8919],[-77.9886,33.8939],[-77.9731,33.8792],[-77.9917,33.8889],[-78.0017,33.8572],[-77.9614,33.8433],[-77.9503,33.9219]]],[[[-77.9697,33.9203],[-77.985,33.9153],[-77.9728,33.9153],[-77.9836,33.8986],[-77.96,33.9039],[-77.9697,33.9203]]],[[[-78.0342,33.9164],[-78.0486,33.9155],[-78.0343,33.9032],[-78.0242,33.9142],[-78.0342,33.9164]]],[[[-77.8769,34.0728],[-77.8922,34.0375],[-77.8914,34.0569],[-77.9214,34.0483],[-77.9218,33.9725],[-77.9449,33.959],[-77.9281,33.9561],[-77.9467,33.92],[-77.8769,34.0728]]],[[[-77.5975,34.4011],[-77.6494,34.3697],[-77.6367,34.3644],[-77.5975,34.4011]]],[[[-76.0492,35.0703],[-76.0839,35.0356],[-76.0807,35.0619],[-76.0817,35.045],[-76.28,34.8828],[-76.0394,35.0539],[-76.0492,35.0703]]],[[[-76.2903,35.0086],[-76.2728,34.9867],[-76.2767,35.0019],[-76.2647,35.0019],[-76.2903,35.0086]]],[[[-76.0617,35.0722],[-76.0769,35.0686],[-76.0701,35.0571],[-76.0519,35.0647],[-76.0617,35.0722]]],[[[-76.5806,35.2361],[-76.5922,35.2171],[-76.5818,35.2032],[-76.5269,35.1848],[-76.5211,35.2058],[-76.5499,35.2221],[-76.5727,35.2142],[-76.5606,35.2233],[-76.5806,35.2361]]],[[[-75.5186,35.2769],[-75.5958,35.2697],[-75.6372,35.2281],[-75.6694,35.2186],[-75.6822,35.2328],[-75.7028,35.2092],[-75.7553,35.1922],[-75.6028,35.2333],[-75.5294,35.2239],[-75.5186,35.2769]]],[[[-75.7768,35.1896],[-75.9568,35.1164],[-75.9828,35.1202],[-76.0078,35.0761],[-75.7768,35.1896]]],[[[-75.8639,35.9719],[-75.9469,35.9592],[-75.9192,35.9356],[-75.8639,35.9719]]],[[[-75.5258,35.7689],[-75.5092,35.7053],[-75.4815,35.6735],[-75.4939,35.665],[-75.4685,35.5829],[-75.5131,35.2989],[-75.4611,35.585],[-75.4896,35.709],[-75.5258,35.7689]]],[[[-76.2734,35.3295],[-76.2828,35.3146],[-76.2692,35.3098],[-76.2734,35.3295]]],[[[-75.7044,35.9386],[-75.7267,35.9328],[-75.6617,35.8686],[-75.6619,35.8242],[-75.6208,35.8075],[-75.6158,35.8389],[-75.6422,35.8694],[-75.6136,35.8492],[-75.6281,35.8836],[-75.6461,35.91],[-75.665,35.8989],[-75.6597,35.9194],[-75.7044,35.9386]]],[[[-75.7711,36.2267],[-75.8684,36.5505],[-75.8972,36.5528],[-75.8844,36.5417],[-75.9019,36.5348],[-75.9014,36.5133],[-75.8758,36.5173],[-75.8788,36.4843],[-75.8985,36.4652],[-75.8717,36.4742],[-75.8751,36.4431],[-75.8434,36.4222],[-75.8494,36.375],[-75.8302,36.3715],[-75.8211,36.2914],[-75.7853,36.2489],[-75.8117,36.2661],[-75.8117,36.2461],[-75.774,36.2273],[-75.7448,36.1392],[-75.7375,36.0425],[-75.6973,36.0588],[-75.6686,35.9731],[-75.6408,35.9611],[-75.6047,35.9142],[-75.6236,35.8933],[-75.6025,35.9033],[-75.6097,35.8794],[-75.6008,35.8842],[-75.5708,35.8089],[-75.5422,35.7803],[-75.5708,35.8642],[-75.7711,36.2267]]],[[[-75.6903,36.0206],[-75.7011,36.0086],[-75.7239,36.0239],[-75.7297,36.0072],[-75.6867,35.9961],[-75.6903,36.0206]]],[[[-75.9819,36.5486],[-76.0152,36.5553],[-75.9962,36.5287],[-75.9664,36.5202],[-75.9886,36.494],[-75.9748,36.486],[-75.9592,36.5053],[-75.9268,36.4827],[-75.9017,36.4878],[-75.9092,36.5508],[-75.9168,36.5403],[-75.9819,36.5486]]],[[[-75.8394,36.3317],[-75.8528,36.3217],[-75.8336,36.2928],[-75.8211,36.3094],[-75.8394,36.3317]]]]}},{"type":"Feature","properties":{"gid":"USA.35_1","name":"北达科他州","nameEn":"North Dakota","nameLocal":"North Dakota","type":"州","typeEn":"State","groupZh":"州","area":182732.9,"iso":"US-ND","engtype":"State","capital":"俾斯麦","pop":779136,"blurb":"大平原北部，页岩油与小麦。"},"geometry":{"type":"Polygon","coordinates":[[[-104.0445,46.0979],[-104.0443,45.9438],[-96.5613,45.9356],[-96.5772,46.0308],[-96.5552,46.0731],[-96.5992,46.2302],[-96.585,46.2484],[-96.6031,46.2704],[-96.6022,46.3298],[-96.646,46.3528],[-96.7198,46.4378],[-96.7122,46.4586],[-96.7376,46.4801],[-96.7535,46.5873],[-96.7745,46.5975],[-96.8026,46.6564],[-96.7815,46.7372],[-96.8018,46.8125],[-96.7755,46.8413],[-96.784,46.8685],[-96.7546,46.9253],[-96.7918,46.9303],[-96.7974,46.9683],[-96.8206,46.9694],[-96.8224,47.0038],[-96.8383,47.0082],[-96.8111,47.0407],[-96.8269,47.0481],[-96.8175,47.1102],[-96.8375,47.1235],[-96.8219,47.1274],[-96.8377,47.1538],[-96.821,47.1633],[-96.8237,47.1839],[-96.8431,47.1937],[-96.8289,47.2017],[-96.8468,47.2206],[-96.8305,47.2344],[-96.8479,47.263],[-96.8365,47.2681],[-96.8481,47.2711],[-96.8452,47.3166],[-96.8314,47.3276],[-96.8537,47.3674],[-96.8394,47.3708],[-96.8516,47.3737],[-96.8395,47.3979],[-96.8689,47.4184],[-96.8539,47.4316],[-96.8519,47.4787],[-96.8678,47.48],[-96.8453,47.5066],[-96.8717,47.5257],[-96.8474,47.5393],[-96.8631,47.557],[-96.8521,47.5646],[-96.869,47.5655],[-96.8531,47.5977],[-96.8884,47.6357],[-96.8864,47.6716],[-96.9296,47.7169],[-96.9202,47.725],[-96.9359,47.767],[-96.9892,47.8071],[-96.9762,47.8246],[-97.02,47.8741],[-97.0202,47.9202],[-97.0542,47.9454],[-97.0723,48.0461],[-97.1227,48.1056],[-97.124,48.1396],[-97.1464,48.144],[-97.1234,48.1601],[-97.1467,48.1643],[-97.1375,48.2147],[-97.12,48.2086],[-97.1497,48.2193],[-97.1215,48.2242],[-97.146,48.2431],[-97.1233,48.2615],[-97.144,48.2675],[-97.1206,48.2796],[-97.1339,48.2941],[-97.1146,48.2942],[-97.137,48.3105],[-97.1189,48.3235],[-97.1402,48.3271],[-97.1286,48.3389],[-97.1565,48.3671],[-97.1354,48.3818],[-97.1615,48.3917],[-97.131,48.4049],[-97.1521,48.4173],[-97.1233,48.4173],[-97.1432,48.4291],[-97.1241,48.4406],[-97.1472,48.4386],[-97.1268,48.4545],[-97.1469,48.4701],[-97.1265,48.473],[-97.1597,48.4761],[-97.1316,48.488],[-97.1517,48.5073],[-97.1269,48.5178],[-97.1507,48.5193],[-97.1409,48.5326],[-97.1676,48.5471],[-97.1414,48.5528],[-97.1744,48.561],[-97.1488,48.5682],[-97.1612,48.5791],[-97.1447,48.5815],[-97.1533,48.5946],[-97.1381,48.604],[-97.1521,48.6094],[-97.1108,48.6301],[-97.0935,48.684],[-97.1372,48.7241],[-97.1364,48.7465],[-97.1533,48.7544],[-97.1467,48.7785],[-97.1707,48.792],[-97.1626,48.8006],[-97.1772,48.7983],[-97.1575,48.8069],[-97.189,48.8142],[-97.1738,48.836],[-97.1885,48.8646],[-97.1788,48.8741],[-97.1969,48.8797],[-97.1921,48.8923],[-97.2331,48.9475],[-97.2295,49.0],[-104.0496,49.0],[-104.0445,46.0979]]]}},{"type":"Feature","properties":{"gid":"USA.36_1","name":"俄亥俄州","nameEn":"Ohio","nameLocal":"Ohio","type":"州","typeEn":"State","groupZh":"州","area":119912.6,"iso":"US-OH","engtype":"State","capital":"哥伦布","pop":11799445,"blurb":"中西部工业州，五大湖与俄亥俄河。"},"geometry":{"type":"Polygon","coordinates":[[[-83.3191,38.6086],[-83.2959,38.5964],[-83.2468,38.6278],[-83.1519,38.6206],[-83.1109,38.6708],[-83.0577,38.6925],[-83.0295,38.7237],[-82.977,38.7249],[-82.8934,38.7544],[-82.8699,38.735],[-82.8784,38.6911],[-82.8471,38.5935],[-82.7928,38.5618],[-82.6958,38.5424],[-82.6521,38.4912],[-82.6115,38.4718],[-82.5813,38.4093],[-82.53,38.4045],[-82.3304,38.4452],[-82.2882,38.5806],[-82.2622,38.5974],[-82.1973,38.592],[-82.173,38.6085],[-82.1892,38.6818],[-82.1814,38.7112],[-82.2173,38.7882],[-82.1472,38.8353],[-82.1392,38.8987],[-82.0361,39.0248],[-82.003,39.0262],[-81.9759,38.9938],[-81.9315,38.9874],[-81.8995,38.9318],[-81.9281,38.8975],[-81.9058,38.8779],[-81.8543,38.8939],[-81.8236,38.946],[-81.7641,38.9245],[-81.7791,38.9638],[-81.7623,39.0167],[-81.8106,39.0799],[-81.7446,39.0959],[-81.752,39.1819],[-81.7214,39.2159],[-81.6912,39.2232],[-81.6863,39.2657],[-81.6504,39.2784],[-81.5675,39.2682],[-81.5531,39.3441],[-81.4531,39.4093],[-81.4176,39.3977],[-81.3716,39.3408],[-81.273,39.3831],[-81.2159,39.3871],[-81.1824,39.4309],[-81.127,39.448],[-81.0866,39.4989],[-80.9857,39.5782],[-80.9312,39.6141],[-80.8783,39.6226],[-80.8614,39.6917],[-80.8286,39.7126],[-80.8668,39.7689],[-80.8253,39.8023],[-80.8253,39.8465],[-80.7883,39.8697],[-80.8033,39.916],[-80.7551,39.9107],[-80.7634,39.9485],[-80.7374,39.9772],[-80.7371,40.0787],[-80.7076,40.105],[-80.7014,40.1612],[-80.6528,40.2462],[-80.6172,40.2691],[-80.5991,40.322],[-80.6069,40.376],[-80.6294,40.3945],[-80.6131,40.4066],[-80.5956,40.4753],[-80.6644,40.5875],[-80.6235,40.6208],[-80.576,40.6156],[-80.5191,40.6385],[-80.5181,41.9782],[-80.2028,42.0922],[-80.1766,42.1046],[-80.1463,42.152],[-80.1121,42.1654],[-80.0848,42.1632],[-80.0843,42.1514],[-80.1348,42.1427],[-80.1603,42.1144],[-80.0312,42.1557],[-79.882,42.2271],[-79.8296,42.2353],[-79.4352,42.4225],[-79.4195,42.4517],[-79.3545,42.4918],[-79.1469,42.556],[-79.106,42.6199],[-79.0661,42.6438],[-79.0491,42.6893],[-78.9186,42.7382],[-78.8557,42.7817],[-78.8598,42.8398],[-78.9009,42.8993],[-78.9124,42.9554],[-78.9223,42.9616],[-78.9061,42.9056],[-78.9369,42.831],[-80.0733,42.3926],[-81.2606,42.2055],[-82.4077,41.6769],[-82.6812,41.6773],[-83.0678,41.8626],[-83.1466,42.0332],[-83.1231,42.1205],[-83.1332,42.173],[-83.1228,42.2301],[-83.0847,42.2978],[-82.997,42.3302],[-83.0662,42.3208],[-83.1471,42.2397],[-83.1413,42.2191],[-83.1857,42.1194],[-83.1853,42.0885],[-83.1984,42.0856],[-83.1887,42.0309],[-83.2046,42.0344],[-83.2068,41.9995],[-83.2463,41.9751],[-83.2646,41.9801],[-83.249,41.9688],[-83.2533,41.9434],[-83.3128,41.9376],[-83.3369,41.8842],[-83.3617,41.8952],[-83.3556,41.8796],[-83.438,41.813],[-83.426,41.7364],[-83.4463,41.7937],[-83.459,41.7854],[-83.4446,41.7618],[-83.4711,41.7602],[-83.4637,41.7464],[-83.484,41.7328],[-84.8067,41.6958],[-84.8191,39.1069],[-84.7453,39.1472],[-84.6159,39.0725],[-84.5449,39.0982],[-84.5052,39.0938],[-84.4553,39.12],[-84.4369,39.1037],[-84.4252,39.0533],[-84.3127,39.0152],[-84.291,38.9578],[-84.2383,38.8947],[-84.2295,38.8235],[-84.206,38.8033],[-84.0775,38.7728],[-83.9597,38.7873],[-83.8686,38.7611],[-83.8369,38.7175],[-83.7888,38.6989],[-83.7674,38.6539],[-83.6678,38.6263],[-83.6422,38.6361],[-83.6217,38.6811],[-83.5206,38.7024],[-83.4605,38.6713],[-83.3607,38.6551],[-83.33,38.6386],[-83.3191,38.6086]],[[-83.1451,42.1145],[-83.1518,42.0913],[-83.1721,42.0927],[-83.1609,42.1728],[-83.1417,42.1982],[-83.1451,42.1145]]]}},{"type":"Feature","properties":{"gid":"USA.37_1","name":"俄克拉何马州","nameEn":"Oklahoma","nameLocal":"Oklahoma","type":"州","typeEn":"State","groupZh":"州","area":181141.1,"iso":"US-OK","engtype":"State","capital":"俄克拉何马城","pop":3959354,"blurb":"大平原南部，石油与风能。"},"geometry":{"type":"Polygon","coordinates":[[[-96.611,33.8964],[-96.5863,33.8887],[-96.6201,33.859],[-96.617,33.843],[-96.5708,33.8184],[-96.5273,33.8185],[-96.502,33.7741],[-96.4241,33.7772],[-96.3448,33.6858],[-96.3196,33.6957],[-96.292,33.7679],[-96.2315,33.7475],[-96.1857,33.7549],[-96.1628,33.7921],[-96.1788,33.8122],[-96.1481,33.8176],[-96.1455,33.8391],[-96.0989,33.83],[-96.0995,33.8495],[-96.049,33.8367],[-96.0263,33.8566],[-96.0204,33.8408],[-95.9949,33.8536],[-96.0028,33.8717],[-95.9846,33.8532],[-95.9417,33.8623],[-95.9353,33.8873],[-95.8385,33.8362],[-95.8115,33.8606],[-95.7721,33.8436],[-95.7534,33.8563],[-95.7538,33.8928],[-95.6985,33.8848],[-95.6639,33.9079],[-95.6343,33.9078],[-95.5971,33.9415],[-95.5603,33.9302],[-95.5406,33.8795],[-95.5073,33.8972],[-95.5044,33.8754],[-95.464,33.8873],[-95.4551,33.8711],[-95.3764,33.8686],[-95.3367,33.8736],[-95.3302,33.8897],[-95.2919,33.8722],[-95.2767,33.9115],[-95.2669,33.887],[-95.2547,33.893],[-95.2512,33.935],[-95.2191,33.9598],[-95.1239,33.9347],[-95.1253,33.9064],[-95.0808,33.9202],[-95.0966,33.8899],[-95.0732,33.8844],[-95.0752,33.9079],[-95.0611,33.9033],[-95.0586,33.8792],[-95.0324,33.8609],[-94.9702,33.8618],[-94.9516,33.8113],[-94.9267,33.811],[-94.9189,33.8268],[-94.918,33.7864],[-94.8667,33.7441],[-94.8292,33.7403],[-94.8217,33.7687],[-94.801,33.7381],[-94.7651,33.7627],[-94.7577,33.7476],[-94.7857,33.7326],[-94.7509,33.7338],[-94.7596,33.7104],[-94.7365,33.6913],[-94.7192,33.6972],[-94.7351,33.7155],[-94.703,33.7045],[-94.708,33.6873],[-94.643,33.7018],[-94.6449,33.6735],[-94.6639,33.6752],[-94.6648,33.6619],[-94.639,33.6646],[-94.6276,33.6828],[-94.6005,33.6629],[-94.5884,33.6855],[-94.5763,33.6625],[-94.5887,33.6446],[-94.5458,33.6597],[-94.5699,33.6278],[-94.5283,33.6417],[-94.5264,33.6152],[-94.4885,33.6279],[-94.4307,35.4],[-94.6182,36.4984],[-94.619,37.0],[-103.0009,36.999],[-103.0007,36.5013],[-100.0038,36.4998],[-100.0014,34.5583],[-99.9487,34.5803],[-99.9213,34.5728],[-99.7054,34.384],[-99.6074,34.3717],[-99.5668,34.417],[-99.4071,34.3749],[-99.3837,34.4068],[-99.3863,34.4476],[-99.3704,34.4578],[-99.3204,34.4152],[-99.267,34.397],[-99.2125,34.3366],[-99.1897,34.2156],[-99.1273,34.2194],[-99.1235,34.202],[-99.0814,34.2108],[-99.048,34.1983],[-98.9875,34.2218],[-98.9704,34.202],[-98.9523,34.2135],[-98.8728,34.1682],[-98.8665,34.1503],[-98.8298,34.162],[-98.755,34.1255],[-98.6887,34.1339],[-98.6481,34.1644],[-98.5999,34.161],[-98.5498,34.1332],[-98.5598,34.1216],[-98.486,34.0615],[-98.4149,34.0849],[-98.3673,34.1558],[-98.1693,34.1139],[-98.1077,34.153],[-98.0922,34.1218],[-98.1215,34.0773],[-98.0818,34.0403],[-98.1051,34.0347],[-98.0871,34.0047],[-97.9487,33.9869],[-97.9736,33.9433],[-97.9541,33.9182],[-97.9846,33.9007],[-97.9647,33.8834],[-97.8729,33.8525],[-97.8379,33.8587],[-97.7841,33.8905],[-97.7797,33.9133],[-97.7589,33.9193],[-97.7628,33.9341],[-97.7203,33.9437],[-97.6752,33.9901],[-97.5897,33.9538],[-97.5849,33.9003],[-97.4974,33.9178],[-97.4614,33.9051],[-97.4498,33.8858],[-97.4573,33.8354],[-97.4183,33.8173],[-97.3706,33.8217],[-97.3412,33.872],[-97.3213,33.8608],[-97.3113,33.8876],[-97.2568,33.8645],[-97.2388,33.9032],[-97.2116,33.9124],[-97.1837,33.896],[-97.166,33.8516],[-97.2026,33.8178],[-97.1939,33.768],[-97.1654,33.7313],[-97.1234,33.7163],[-97.0874,33.7412],[-97.092,33.8032],[-97.0462,33.8233],[-97.0853,33.8531],[-97.0325,33.8399],[-96.9837,33.8859],[-96.9922,33.9544],[-96.9723,33.9398],[-96.9195,33.9575],[-96.8698,33.8565],[-96.7966,33.8697],[-96.7586,33.8267],[-96.7017,33.8405],[-96.6709,33.9151],[-96.611,33.8964]]]}},{"type":"Feature","properties":{"gid":"USA.38_1","name":"俄勒冈州","nameEn":"Oregon","nameLocal":"Oregon","type":"州","typeEn":"State","groupZh":"州","area":250876.8,"iso":"US-OR","engtype":"State","capital":"塞勒姆","pop":4237282,"blurb":"太平洋西北，森林与波特兰。"},"geometry":{"type":"MultiPolygon","coordinates":[[[[-120.2719,41.9948],[-117.0293,42.0003],[-117.021,43.8228],[-117.0323,43.8298],[-117.0084,43.8429],[-117.0203,43.8594],[-116.9826,43.8669],[-116.9596,43.9198],[-116.9605,43.9542],[-116.9771,43.964],[-116.936,43.9916],[-116.9346,44.0268],[-116.9678,44.0501],[-116.9719,44.0845],[-116.9196,44.1076],[-116.8928,44.1648],[-116.9664,44.1964],[-116.9803,44.2448],[-117.0297,44.25],[-117.052,44.2329],[-117.1097,44.2801],[-117.146,44.2574],[-117.192,44.2712],[-117.2181,44.3018],[-117.1898,44.339],[-117.2402,44.3893],[-117.213,44.4282],[-117.2216,44.4845],[-117.1473,44.5352],[-117.0574,44.7302],[-116.9352,44.783],[-116.8552,44.8816],[-116.8328,44.9335],[-116.848,44.9638],[-116.8273,44.9803],[-116.8529,44.9793],[-116.8413,45.0287],[-116.7958,45.0606],[-116.7776,45.1012],[-116.7284,45.145],[-116.6898,45.2619],[-116.6688,45.2828],[-116.667,45.3271],[-116.5505,45.4697],[-116.5521,45.5057],[-116.5203,45.5553],[-116.481,45.5772],[-116.4616,45.6093],[-116.5341,45.6925],[-116.5467,45.7521],[-116.5924,45.7793],[-116.6623,45.7812],[-116.7092,45.8257],[-116.7833,45.8269],[-116.789,45.8586],[-116.866,45.9152],[-116.8763,45.9539],[-116.9125,45.9972],[-118.9857,46.0036],[-119.0284,45.9679],[-119.185,45.9265],[-119.3019,45.9377],[-119.5059,45.9054],[-119.586,45.9243],[-119.6699,45.859],[-119.978,45.8253],[-120.15,45.7709],[-120.2233,45.7254],[-120.4809,45.6955],[-120.5625,45.7435],[-120.631,45.7478],[-120.9011,45.6453],[-120.9442,45.6598],[-121.0699,45.6561],[-121.1288,45.6133],[-121.1763,45.6064],[-121.2094,45.6669],[-121.3141,45.7022],[-121.4183,45.6928],[-121.5342,45.7267],[-121.7104,45.6958],[-121.8202,45.7085],[-121.9737,45.6319],[-122.2117,45.5646],[-122.3072,45.5616],[-122.3912,45.5865],[-122.4386,45.5799],[-122.6459,45.6129],[-122.7517,45.6587],[-122.7682,45.6836],[-122.7587,45.7688],[-122.7883,45.815],[-122.7779,45.8719],[-122.8047,45.9095],[-122.7851,45.9506],[-122.83,45.9795],[-122.8753,46.0383],[-122.8723,46.0809],[-122.9084,46.0995],[-122.8934,46.1034],[-122.9459,46.1025],[-123.0514,46.1693],[-123.1595,46.1938],[-123.2931,46.1535],[-123.4074,46.2135],[-123.4572,46.2687],[-123.4976,46.2738],[-123.5111,46.2698],[-123.505,46.2386],[-123.5438,46.2347],[-123.5852,46.2035],[-123.5547,46.2028],[-123.5956,46.1848],[-123.7256,46.1706],[-123.7497,46.1756],[-123.7569,46.2133],[-123.7786,46.1964],[-123.8656,46.1892],[-123.8119,46.1694],[-123.8041,46.1188],[-123.785,46.0975],[-123.8136,46.1144],[-123.8225,46.1683],[-123.855,46.1572],[-123.8761,46.1219],[-123.8613,46.158],[-123.9016,46.1678],[-123.9064,46.1823],[-123.9131,46.1714],[-123.9095,46.1823],[-123.9526,46.2078],[-123.9828,46.2039],[-124.0019,46.2383],[-124.0756,46.2347],[-124.0092,46.2236],[-123.9448,46.1093],[-123.9283,46.0144],[-123.9169,46.0139],[-123.9389,45.9766],[-123.9973,45.9454],[-123.9611,45.901],[-123.9633,45.8156],[-123.984,45.7666],[-123.9428,45.727],[-123.945,45.6563],[-123.933,45.6917],[-123.9079,45.7092],[-123.888,45.7002],[-123.8784,45.7322],[-123.8917,45.7149],[-123.883,45.69],[-123.9248,45.6891],[-123.9295,45.6615],[-123.9449,45.6552],[-123.9659,45.5705],[-123.8965,45.5593],[-123.9072,45.5473],[-123.8746,45.4988],[-123.8965,45.4802],[-123.875,45.458],[-123.9421,45.5064],[-123.9579,45.5024],[-123.9345,45.5571],[-123.9644,45.5677],[-123.9503,45.5649],[-123.9545,45.5188],[-123.9799,45.4866],[-123.9314,45.4037],[-123.9633,45.3731],[-123.9581,45.4319],[-123.9731,45.3548],[-124.0097,45.3378],[-123.9728,45.3361],[-123.9619,45.2797],[-123.9392,45.2889],[-123.9608,45.26],[-123.9639,45.2734],[-123.9806,45.2176],[-123.9694,45.1611],[-123.9594,45.2089],[-123.9332,45.1719],[-123.9405,45.1627],[-123.9542,45.1806],[-123.9841,45.1005],[-124.0122,45.0772],[-124.0175,45.0505],[-124.005,45.0392],[-124.0263,44.9297],[-124.0064,44.8989],[-124.0285,44.893],[-124.0253,44.9253],[-124.0746,44.7979],[-124.0572,44.7367],[-124.0814,44.675],[-124.0575,44.6596],[-124.0647,44.6214],[-124.083,44.6116],[-124.0602,44.6173],[-124.0828,44.6081],[-124.067,44.6046],[-124.0717,44.5222],[-124.1158,44.2869],[-124.1503,43.8747],[-124.1993,43.689],[-124.2186,43.6714],[-124.1933,43.6711],[-124.2208,43.6667],[-124.2086,43.6617],[-124.2286,43.5689],[-124.2994,43.4128],[-124.3478,43.3592],[-124.3212,43.3619],[-124.2775,43.4192],[-124.2367,43.4311],[-124.2317,43.4546],[-124.1942,43.4672],[-124.2214,43.4333],[-124.1903,43.4208],[-124.1997,43.4063],[-124.1849,43.3763],[-124.1533,43.3653],[-124.1703,43.3611],[-124.1739,43.3786],[-124.1761,43.3597],[-124.1811,43.3742],[-124.21,43.3739],[-124.2185,43.4225],[-124.2314,43.4253],[-124.2317,43.4078],[-124.2406,43.4242],[-124.2639,43.4144],[-124.3156,43.3532],[-124.3189,43.3394],[-124.3044,43.3414],[-124.321,43.3301],[-124.3103,43.2967],[-124.3188,43.3065],[-124.3204,43.2878],[-124.3212,43.3478],[-124.3775,43.3442],[-124.4025,43.3075],[-124.3814,43.2689],[-124.4361,43.1147],[-124.4533,43.0153],[-124.5397,42.8525],[-124.5667,42.8414],[-124.5273,42.8022],[-124.5138,42.7324],[-124.4739,42.7333],[-124.4528,42.6761],[-124.4136,42.6592],[-124.4012,42.6259],[-124.4082,42.5944],[-124.39,42.57],[-124.4353,42.4389],[-124.4328,42.3222],[-124.411,42.3066],[-124.4144,42.2519],[-124.3614,42.1808],[-124.3523,42.1005],[-124.2911,42.0419],[-124.2708,42.0456],[-124.2117,41.9997],[-124.1285,41.9974],[-122.3503,42.0098],[-120.2719,41.9948]],[[-123.4258,46.1824],[-123.4235,46.2062],[-123.3286,46.1528],[-123.3718,46.1515],[-123.4258,46.1824]],[[-122.8762,46.0654],[-122.8955,46.0883],[-122.8748,46.0795],[-122.8762,46.0654]],[[-122.7897,45.9505],[-122.8012,45.9411],[-122.805,45.9566],[-122.7897,45.9505]],[[-122.4129,45.5816],[-122.3982,45.5782],[-122.4385,45.5776],[-122.4129,45.5816]]],[[[-124.0217,46.29],[-124.0356,46.2806],[-124.0044,46.2647],[-124.0217,46.29]]],[[[-123.6356,46.2031],[-123.6728,46.1958],[-123.6544,46.1839],[-123.6356,46.2031]]],[[[-123.5981,46.2075],[-123.6133,46.1928],[-123.5922,46.1881],[-123.5981,46.2075]]],[[[-123.5722,46.2253],[-123.6114,46.2139],[-123.5889,46.2211],[-123.6006,46.2144],[-123.5858,46.2094],[-123.5722,46.2253]]]]}},{"type":"Feature","properties":{"gid":"USA.39_1","name":"宾夕法尼亚州","nameEn":"Pennsylvania","nameLocal":"Pennsylvania","type":"州","typeEn":"State","groupZh":"州","area":117065.0,"iso":"US-PA","engtype":"State","capital":"哈里斯堡","pop":13002753,"blurb":"独立宣言签署地，费城与匹兹堡。"},"geometry":{"type":"Polygon","coordinates":[[[-75.4877,39.8314],[-75.4144,39.8033],[-75.3371,39.8484],[-75.2712,39.8498],[-75.1488,39.8843],[-75.1327,39.9],[-75.1384,39.9444],[-75.1265,39.9622],[-74.9382,40.0685],[-74.8662,40.0855],[-74.8261,40.1269],[-74.7867,40.1229],[-74.7229,40.1562],[-74.7759,40.2183],[-74.8374,40.2478],[-74.8836,40.3092],[-74.9411,40.3419],[-74.9688,40.401],[-75.0606,40.4205],[-75.0662,40.5402],[-75.1096,40.5725],[-75.1903,40.5742],[-75.1992,40.6514],[-75.1777,40.677],[-75.2039,40.6927],[-75.1826,40.7332],[-75.1959,40.7543],[-75.1677,40.7792],[-75.1339,40.7754],[-75.109,40.7935],[-75.0843,40.823],[-75.0943,40.847],[-75.0537,40.8656],[-75.137,40.9742],[-75.1326,40.9903],[-75.035,41.0358],[-74.9691,41.089],[-74.9915,41.0926],[-74.8834,41.1812],[-74.8594,41.2459],[-74.7937,41.3219],[-74.69,41.3639],[-74.7376,41.4003],[-74.7408,41.4298],[-74.8932,41.4391],[-74.9311,41.4818],[-74.9859,41.483],[-74.9844,41.5055],[-75.003,41.5092],[-75.0192,41.553],[-75.0729,41.6054],[-75.0446,41.6189],[-75.0679,41.7093],[-75.0499,41.7153],[-75.0537,41.7478],[-75.0646,41.7682],[-75.102,41.7798],[-75.0729,41.8125],[-75.1088,41.823],[-75.1158,41.8443],[-75.1615,41.8527],[-75.1717,41.8717],[-75.2591,41.8653],[-75.2787,41.9391],[-75.3385,41.9715],[-75.3483,41.9969],[-79.7624,41.9985],[-79.7625,42.2679],[-80.1603,42.1144],[-80.1348,42.1427],[-80.0843,42.1514],[-80.0848,42.1632],[-80.1121,42.1654],[-80.1463,42.152],[-80.1766,42.1046],[-80.2028,42.0922],[-80.5181,41.9782],[-80.5171,39.7212],[-75.7723,39.7231],[-75.7378,39.775],[-75.6661,39.82],[-75.5769,39.8399],[-75.4877,39.8314]]]}},{"type":"Feature","properties":{"gid":"USA.40_1","name":"罗得岛州","nameEn":"Rhode Island","nameLocal":"Rhode Island","type":"州","typeEn":"State","groupZh":"州","area":2851.3,"iso":"US-RI","engtype":"State","capital":"普罗维登斯","pop":1097357,"blurb":"面积最小的州，新英格兰。"},"geometry":{"type":"MultiPolygon","coordinates":[[[[-71.576,41.2305],[-71.5885,41.1969],[-71.5754,41.2027],[-71.5696,41.1883],[-71.5929,41.1991],[-71.6057,41.1827],[-71.6129,41.1569],[-71.5996,41.1469],[-71.5448,41.158],[-71.5668,41.1852],[-71.5548,41.2163],[-71.576,41.2305]]],[[[-71.8367,41.3708],[-71.8276,41.3388],[-71.8858,41.3058],[-71.7147,41.3305],[-71.5504,41.3749],[-71.4804,41.3608],[-71.4498,41.4474],[-71.4354,41.4416],[-71.4217,41.4711],[-71.4228,41.5496],[-71.4479,41.5782],[-71.4019,41.5932],[-71.416,41.6055],[-71.4031,41.6132],[-71.416,41.6222],[-71.4049,41.625],[-71.4092,41.6631],[-71.446,41.6686],[-71.4473,41.6899],[-71.4042,41.6917],[-71.376,41.6671],[-71.3661,41.7116],[-71.3488,41.7162],[-71.3802,41.7271],[-71.3838,41.7929],[-71.4047,41.8179],[-71.375,41.8583],[-71.388,41.8083],[-71.3604,41.7493],[-71.3046,41.7061],[-71.2947,41.7215],[-71.3192,41.7638],[-71.3051,41.7433],[-71.2811,41.7465],[-71.3066,41.6548],[-71.2801,41.6693],[-71.2587,41.6479],[-71.2389,41.671],[-71.2566,41.7128],[-71.24,41.6974],[-71.2277,41.7151],[-71.3406,41.7997],[-71.3386,41.8983],[-71.3824,41.8915],[-71.3797,42.0191],[-71.7979,42.0089],[-71.7977,41.4187],[-71.8406,41.4094],[-71.8367,41.3708]]],[[[-71.3806,41.4774],[-71.3591,41.4819],[-71.3712,41.5732],[-71.3934,41.5242],[-71.3806,41.491],[-71.4014,41.4883],[-71.4003,41.4488],[-71.3806,41.4774]]],[[[-71.2438,41.4995],[-71.229,41.5317],[-71.2447,41.5889],[-71.2397,41.617],[-71.2194,41.6274],[-71.2248,41.6519],[-71.2747,41.6207],[-71.3124,41.5255],[-71.3278,41.5178],[-71.3193,41.4782],[-71.3647,41.4579],[-71.309,41.451],[-71.2966,41.4841],[-71.2647,41.4886],[-71.2458,41.4718],[-71.2438,41.4995]]],[[[-71.1768,41.6682],[-71.1989,41.6783],[-71.2057,41.6646],[-71.2092,41.5629],[-71.2215,41.5607],[-71.1956,41.4526],[-71.1206,41.4956],[-71.1427,41.6109],[-71.1332,41.6595],[-71.1768,41.6682]]],[[[-71.3356,41.6017],[-71.327,41.5804],[-71.2981,41.6148],[-71.3434,41.6649],[-71.3527,41.6353],[-71.33,41.6258],[-71.3356,41.6017]]]]}},{"type":"Feature","properties":{"gid":"USA.41_1","name":"南卡罗来纳州","nameEn":"South Carolina","nameLocal":"South Carolina","type":"州","typeEn":"State","groupZh":"州","area":79941.4,"iso":"US-SC","engtype":"State","capital":"哥伦比亚","pop":5118250,"blurb":"东南海岸州，查尔斯顿与海群岛。"},"geometry":{"type":"MultiPolygon","coordinates":[[[[-80.7253,32.2697],[-80.7569,32.2253],[-80.7836,32.2227],[-80.7706,32.2075],[-80.7908,32.1719],[-80.7181,32.1925],[-80.7826,32.1786],[-80.8258,32.1106],[-80.7391,32.1466],[-80.6675,32.2144],[-80.7253,32.2697]]],[[[-80.7511,32.2722],[-80.7761,32.2581],[-80.7875,32.2236],[-80.7517,32.2412],[-80.7511,32.2722]]],[[[-80.9117,32.0795],[-80.9219,32.0605],[-80.9082,32.0515],[-80.8826,32.0797],[-80.9117,32.0795]]],[[[-80.9375,32.0567],[-80.9192,32.0492],[-80.9277,32.088],[-80.9593,32.0747],[-80.9375,32.0567]]],[[[-80.8906,32.0878],[-80.9114,32.0828],[-80.8797,32.0858],[-80.8906,32.0878]]],[[[-80.8378,32.1469],[-80.895,32.1258],[-80.9033,32.0922],[-80.8735,32.0824],[-80.8408,32.1194],[-80.8378,32.1469]]],[[[-80.8889,32.1544],[-80.9286,32.1211],[-80.9006,32.1142],[-80.8786,32.1508],[-80.8889,32.1544]]],[[[-80.8179,32.1997],[-80.8425,32.2081],[-80.8644,32.1653],[-80.8321,32.1537],[-80.8222,32.1817],[-80.8197,32.1686],[-80.7897,32.1892],[-80.8179,32.1997]]],[[[-80.8444,32.3831],[-80.8164,32.4169],[-80.8527,32.5344],[-80.825,32.525],[-80.8116,32.494],[-80.7883,32.4967],[-80.7939,32.534],[-80.7513,32.5471],[-80.5849,32.5007],[-80.5126,32.5222],[-80.5015,32.5123],[-80.4863,32.5351],[-80.4651,32.5196],[-80.4138,32.5357],[-80.422,32.5542],[-80.3947,32.5672],[-80.3892,32.6164],[-80.3328,32.6433],[-80.2784,32.6292],[-80.2401,32.6657],[-80.2436,32.6806],[-80.2539,32.6678],[-80.2489,32.6836],[-80.2226,32.6899],[-80.2294,32.71],[-80.2145,32.7002],[-80.2014,32.7192],[-80.18,32.7175],[-80.1632,32.7482],[-80.1381,32.7485],[-80.1183,32.7867],[-80.0022,32.7672],[-80.0077,32.7292],[-79.9872,32.7178],[-79.9853,32.6939],[-80.0028,32.6843],[-80.0129,32.6391],[-79.9906,32.6347],[-79.9594,32.6536],[-79.9714,32.6394],[-79.9064,32.6683],[-79.8872,32.688],[-79.9244,32.7019],[-79.892,32.6961],[-79.8697,32.7398],[-79.895,32.7239],[-79.8792,32.7508],[-79.9711,32.7681],[-79.9248,32.7741],[-79.9308,32.8181],[-79.9061,32.8164],[-79.9108,32.7853],[-79.8875,32.7886],[-79.86,32.7664],[-79.7573,32.8083],[-79.7483,32.8336],[-79.7783,32.8036],[-79.7947,32.8158],[-79.765,32.85],[-79.7511,32.8392],[-79.7925,32.8156],[-79.7522,32.8219],[-79.7628,32.8311],[-79.7367,32.8464],[-79.7614,32.8569],[-79.7416,32.8708],[-79.7256,32.8633],[-79.7333,32.8508],[-79.7024,32.8783],[-79.6978,32.8508],[-79.5775,32.9085],[-79.5753,32.9331],[-79.6061,32.9231],[-79.6179,32.9502],[-79.5649,33.0176],[-79.5087,33.0389],[-79.488,33.0039],[-79.4228,33.0156],[-79.4303,33.0308],[-79.4053,33.0353],[-79.4322,33.0564],[-79.4219,33.0697],[-79.3719,33.0475],[-79.3644,33.0762],[-79.275,33.125],[-79.2467,33.125],[-79.1831,33.1906],[-79.1406,33.1894],[-79.1811,33.1922],[-79.1942,33.2083],[-79.1894,33.1908],[-79.2106,33.2439],[-79.2789,33.2747],[-79.2931,33.2978],[-79.2906,33.3667],[-79.2783,33.3517],[-79.2667,33.3678],[-79.2481,33.3606],[-79.2725,33.3055],[-79.1958,33.2958],[-79.1806,33.2081],[-79.1514,33.2036],[-79.1742,33.2092],[-79.1822,33.2431],[-79.16,33.3178],[-79.1753,33.3103],[-79.1731,33.3267],[-79.1403,33.3978],[-79.1281,33.4167],[-79.1139,33.4089],[-79.0,33.5456],[-78.9119,33.6111],[-78.9362,33.6414],[-78.7404,33.7878],[-78.6009,33.8444],[-78.5469,33.8456],[-78.5776,33.8736],[-78.6083,33.8692],[-78.5782,33.8825],[-79.6753,34.8046],[-80.796,34.8175],[-80.7828,34.9349],[-80.9312,35.1049],[-81.0419,35.0432],[-81.0586,35.067],[-81.0344,35.1072],[-81.0521,35.1335],[-81.0448,35.1494],[-82.2861,35.198],[-82.3714,35.1814],[-82.3905,35.2161],[-82.4414,35.1665],[-82.4808,35.1768],[-82.5285,35.1572],[-82.5527,35.1637],[-82.6332,35.1258],[-82.6799,35.127],[-82.6903,35.1032],[-82.7547,35.0687],[-82.7773,35.0675],[-82.7808,35.0865],[-83.1052,35.002],[-83.1139,34.9533],[-83.1253,34.953],[-83.1142,34.9387],[-83.1571,34.9312],[-83.2038,34.8836],[-83.2386,34.8805],[-83.2692,34.8222],[-83.3029,34.8198],[-83.2993,34.8066],[-83.3211,34.7913],[-83.3191,34.7586],[-83.3534,34.728],[-83.3403,34.6812],[-83.3033,34.67],[-83.2366,34.6167],[-83.1659,34.6067],[-83.1362,34.5631],[-83.04,34.4887],[-83.0022,34.4733],[-82.8819,34.4785],[-82.8329,34.3661],[-82.7519,34.2726],[-82.7173,34.1521],[-82.6465,34.0943],[-82.5624,33.9551],[-82.5143,33.9395],[-82.4281,33.8693],[-82.3091,33.8072],[-82.2491,33.75],[-82.1875,33.6235],[-82.0511,33.5662],[-81.9862,33.4875],[-81.9259,33.4626],[-81.9135,33.4386],[-81.9454,33.4051],[-81.9254,33.3737],[-81.9457,33.371],[-81.9395,33.3464],[-81.9106,33.3463],[-81.9116,33.3218],[-81.9001,33.3346],[-81.8817,33.3064],[-81.8494,33.3082],[-81.8617,33.2887],[-81.8291,33.2613],[-81.8467,33.2662],[-81.8511,33.2485],[-81.8039,33.2128],[-81.7679,33.2159],[-81.7545,33.1517],[-81.6466,33.0937],[-81.6109,33.0939],[-81.6115,33.0807],[-81.5617,33.0597],[-81.5642,33.0469],[-81.5439,33.0482],[-81.5115,33.0288],[-81.509,33.0107],[-81.4915,33.0105],[-81.5085,32.9533],[-81.48,32.8988],[-81.4641,32.8984],[-81.4777,32.8806],[-81.451,32.8711],[-81.4579,32.8465],[-81.4207,32.8321],[-81.4287,32.7833],[-81.4164,32.7776],[-81.4291,32.771],[-81.4055,32.7439],[-81.426,32.7036],[-81.4065,32.6929],[-81.3942,32.6526],[-81.4175,32.6317],[-81.348,32.5718],[-81.2789,32.5579],[-81.27,32.5334],[-81.2347,32.5193],[-81.2337,32.5031],[-81.1868,32.466],[-81.2033,32.4265],[-81.1566,32.3428],[-81.1441,32.3522],[-81.1284,32.3395],[-81.1202,32.2875],[-81.1559,32.2424],[-81.1143,32.1944],[-81.1104,32.1734],[-81.1301,32.166],[-81.1153,32.1488],[-81.1183,32.1175],[-81.0599,32.088],[-81.0236,32.0999],[-80.9716,32.0741],[-80.935,32.0914],[-80.915,32.0842],[-80.8967,32.1067],[-80.9297,32.1213],[-80.8947,32.1428],[-80.9019,32.1567],[-80.8775,32.1522],[-80.8931,32.1356],[-80.8828,32.1316],[-80.8525,32.1522],[-80.8661,32.1675],[-80.8443,32.2088],[-80.8872,32.1803],[-80.8728,32.1944],[-80.8786,32.2128],[-80.7908,32.2028],[-80.8051,32.2249],[-80.7597,32.2767],[-80.7772,32.2822],[-80.7656,32.2914],[-80.7856,32.3194],[-80.8233,32.2875],[-80.8774,32.3028],[-80.894,32.3444],[-80.9225,32.3047],[-80.8924,32.3458],[-80.8732,32.3186],[-80.8062,32.2964],[-80.8009,32.3406],[-80.8444,32.3831]],[[-79.4053,33.0289],[-79.4097,33.0153],[-79.4269,33.0231],[-79.4053,33.0289]],[[-80.8211,32.4092],[-80.8117,32.3855],[-80.8372,32.3986],[-80.8211,32.4092]]],[[[-80.745,32.5397],[-80.7794,32.5281],[-80.7897,32.4822],[-80.8102,32.476],[-80.8008,32.44],[-80.765,32.3725],[-80.6675,32.2975],[-80.6689,32.3505],[-80.7231,32.3864],[-80.7228,32.4008],[-80.7056,32.3958],[-80.7022,32.4333],[-80.6927,32.4188],[-80.7211,32.3839],[-80.6886,32.3697],[-80.6773,32.3807],[-80.6869,32.4218],[-80.6631,32.4329],[-80.667,32.4488],[-80.7097,32.4497],[-80.6903,32.46],[-80.6986,32.4889],[-80.6828,32.5],[-80.7331,32.5256],[-80.7264,32.5139],[-80.6958,32.5256],[-80.745,32.5397]]],[[[-80.4769,32.3433],[-80.505,32.3425],[-80.5857,32.276],[-80.5083,32.3033],[-80.5082,32.3155],[-80.4995,32.3054],[-80.4536,32.3225],[-80.4664,32.3386],[-80.4883,32.3239],[-80.4769,32.3433]]],[[[-80.4939,32.3617],[-80.515,32.3536],[-80.51,32.3433],[-80.4833,32.3492],[-80.4939,32.3617]]],[[[-80.434,32.4118],[-80.4796,32.38],[-80.4783,32.3661],[-80.4908,32.37],[-80.4565,32.3356],[-80.4295,32.393],[-80.4513,32.3768],[-80.4253,32.4021],[-80.434,32.4118]]],[[[-80.5158,32.3497],[-80.5447,32.3439],[-80.5562,32.3135],[-80.5103,32.3389],[-80.5158,32.3497]]],[[[-80.6203,32.5022],[-80.6775,32.5019],[-80.6908,32.4764],[-80.6483,32.4333],[-80.6777,32.4239],[-80.6722,32.3669],[-80.6549,32.355],[-80.6408,32.3794],[-80.6067,32.37],[-80.5983,32.3867],[-80.6058,32.3692],[-80.6308,32.3739],[-80.6481,32.3586],[-80.6451,32.2822],[-80.6258,32.2803],[-80.6253,32.2942],[-80.6236,32.2811],[-80.6465,32.264],[-80.6319,32.2566],[-80.562,32.318],[-80.5953,32.325],[-80.5482,32.3271],[-80.5536,32.3439],[-80.5365,32.3601],[-80.5489,32.3614],[-80.5042,32.3928],[-80.4775,32.4014],[-80.4676,32.3887],[-80.4557,32.4058],[-80.4789,32.4453],[-80.5043,32.4354],[-80.5254,32.451],[-80.5365,32.436],[-80.5313,32.4496],[-80.5576,32.4568],[-80.5685,32.4523],[-80.5507,32.4374],[-80.5754,32.4207],[-80.5832,32.4287],[-80.5557,32.4446],[-80.6035,32.4443],[-80.5969,32.4175],[-80.6158,32.4242],[-80.6206,32.4033],[-80.6306,32.4203],[-80.6086,32.4414],[-80.619,32.4771],[-80.5985,32.4865],[-80.6203,32.5022]]],[[[-80.4819,32.4757],[-80.5,32.4798],[-80.5134,32.4644],[-80.5445,32.4774],[-80.5381,32.4602],[-80.5109,32.4587],[-80.4835,32.4603],[-80.4819,32.4757]]],[[[-80.5553,32.4842],[-80.6175,32.4761],[-80.6058,32.4572],[-80.575,32.4725],[-80.5739,32.4585],[-80.5531,32.4661],[-80.5674,32.4826],[-80.5553,32.4842]]],[[[-80.0964,32.7158],[-80.2186,32.6911],[-80.2122,32.6753],[-80.2385,32.6769],[-80.2366,32.6562],[-80.265,32.6221],[-80.2308,32.6092],[-80.205,32.6481],[-80.229,32.6147],[-80.2155,32.5871],[-80.1583,32.6067],[-80.1673,32.6303],[-80.1422,32.6625],[-80.0767,32.6978],[-80.0964,32.7158]]],[[[-80.0983,32.7833],[-80.1263,32.7773],[-80.1368,32.7484],[-80.1705,32.7355],[-80.1589,32.7047],[-80.1014,32.7186],[-80.0744,32.7],[-80.1561,32.6442],[-80.1567,32.6064],[-80.2039,32.5867],[-80.1776,32.5593],[-80.1321,32.5965],[-80.144,32.5798],[-79.9917,32.6119],[-80.0264,32.6375],[-80.1169,32.6039],[-80.1094,32.6144],[-80.1356,32.6156],[-80.0225,32.642],[-79.9903,32.6939],[-79.9892,32.7168],[-80.0116,32.7306],[-80.0073,32.7658],[-80.0983,32.7833]]],[[[-80.1683,32.7267],[-80.1864,32.7108],[-80.1725,32.7086],[-80.1683,32.7267]]],[[[-79.8147,32.7808],[-79.8658,32.765],[-79.8464,32.7548],[-79.8147,32.7808]]],[[[-79.7408,32.8258],[-79.8111,32.7764],[-79.7192,32.8128],[-79.7408,32.8258]]],[[[-79.7072,32.8517],[-79.7264,32.8475],[-79.7256,32.8281],[-79.7014,32.8408],[-79.7072,32.8517]]],[[[-79.3983,33.025],[-79.4022,33.0069],[-79.3664,33.0119],[-79.3983,33.025]]],[[[-79.4011,33.0586],[-79.4153,33.0478],[-79.4017,33.0278],[-79.3644,33.0272],[-79.4011,33.0586]]],[[[-79.3347,33.0711],[-79.3333,33.0833],[-79.3444,33.055],[-79.36,33.0531],[-79.3611,33.0159],[-79.3347,33.0711]]],[[[-79.2658,33.2703],[-79.2461,33.2614],[-79.275,33.2842],[-79.2658,33.2703]]],[[[-80.5241,32.4953],[-80.5471,32.4947],[-80.5033,32.4758],[-80.5241,32.4953]]],[[[-80.4022,32.5347],[-80.4146,32.4707],[-80.3888,32.4785],[-80.3897,32.5153],[-80.3863,32.4871],[-80.3602,32.5],[-80.4022,32.5347]]],[[[-80.4792,32.5214],[-80.5006,32.5094],[-80.4578,32.4986],[-80.4792,32.5214]]],[[[-80.4128,32.5264],[-80.4253,32.5347],[-80.4639,32.5175],[-80.4447,32.5033],[-80.4225,32.5236],[-80.4456,32.5103],[-80.4222,32.4947],[-80.4128,32.5264]]],[[[-80.3311,32.6328],[-80.3853,32.615],[-80.3864,32.5683],[-80.4112,32.5475],[-80.3642,32.52],[-80.3414,32.5414],[-80.345,32.5645],[-80.3156,32.5514],[-80.3003,32.5672],[-80.3148,32.5509],[-80.3392,32.5553],[-80.3547,32.5339],[-80.3358,32.4775],[-80.1935,32.562],[-80.2225,32.5711],[-80.2364,32.5583],[-80.2047,32.5725],[-80.2703,32.6133],[-80.3281,32.6036],[-80.2986,32.6133],[-80.3311,32.6328]]],[[[-80.2742,32.6147],[-80.2978,32.6211],[-80.2928,32.6042],[-80.2742,32.6147]]],[[[-79.2253,33.2964],[-79.2344,33.2853],[-79.2222,33.2781],[-79.2253,33.2964]]],[[[-80.8233,32.3906],[-80.8417,32.3933],[-80.7933,32.3453],[-80.7938,32.3791],[-80.8233,32.3906]]]]}},{"type":"Feature","properties":{"gid":"USA.42_1","name":"南达科他州","nameEn":"South Dakota","nameLocal":"South Dakota","type":"州","typeEn":"State","groupZh":"州","area":199074.2,"iso":"US-SD","engtype":"State","capital":"皮尔","pop":886656,"blurb":"大平原州，拉什莫尔山总统像。"},"geometry":{"type":"Polygon","coordinates":[[[-97.6688,42.8311],[-97.6135,42.8656],[-97.5898,42.8424],[-97.4808,42.8683],[-97.4414,42.8465],[-97.3559,42.8736],[-97.249,42.8557],[-97.2193,42.8465],[-97.2098,42.8093],[-97.1447,42.7959],[-97.1317,42.7725],[-96.9842,42.7612],[-96.9595,42.7192],[-96.8778,42.7276],[-96.8148,42.7043],[-96.7909,42.6658],[-96.693,42.6605],[-96.6838,42.6496],[-96.7132,42.6091],[-96.628,42.5502],[-96.6173,42.5095],[-96.551,42.5218],[-96.4924,42.4815],[-96.45,42.4895],[-96.4918,42.5137],[-96.4792,42.557],[-96.4995,42.5636],[-96.485,42.5768],[-96.5091,42.6132],[-96.5316,42.6132],[-96.5167,42.6312],[-96.5391,42.6593],[-96.628,42.7077],[-96.6357,42.7364],[-96.6171,42.7557],[-96.6326,42.7681],[-96.5896,42.7987],[-96.5769,42.8363],[-96.5597,42.828],[-96.5404,42.8519],[-96.5466,42.872],[-96.5268,42.8924],[-96.5372,42.9187],[-96.4985,42.9596],[-96.5152,42.9849],[-96.4923,43.012],[-96.5202,43.0405],[-96.4617,43.0655],[-96.4366,43.1272],[-96.4641,43.1509],[-96.474,43.2199],[-96.5585,43.2257],[-96.5659,43.2386],[-96.5517,43.2564],[-96.5834,43.2761],[-96.5788,43.2987],[-96.5315,43.3009],[-96.5199,43.3916],[-96.5965,43.4422],[-96.5819,43.4773],[-96.5974,43.5021],[-96.4541,43.5026],[-96.4519,45.3022],[-96.5059,45.3698],[-96.6087,45.4094],[-96.6934,45.4229],[-96.8546,45.6075],[-96.8303,45.6567],[-96.6674,45.735],[-96.5891,45.8167],[-96.5613,45.9356],[-104.0443,45.9438],[-104.0534,43.0028],[-98.5001,42.9977],[-98.4523,42.9363],[-98.1876,42.8414],[-98.1465,42.84],[-98.0341,42.764],[-97.9346,42.7801],[-97.8566,42.8654],[-97.8269,42.8685],[-97.7736,42.8364],[-97.721,42.8625],[-97.6688,42.8311]]]}},{"type":"Feature","properties":{"gid":"USA.43_1","name":"田纳西州","nameEn":"Tennessee","nameLocal":"Tennessee","type":"州","typeEn":"State","groupZh":"州","area":109157.3,"iso":"US-TN","engtype":"State","capital":"纳什维尔","pop":6912319,"blurb":"乡村音乐之乡，田纳西河谷。"},"geometry":{"type":"Polygon","coordinates":[[[-87.6104,35.0049],[-85.4742,34.9845],[-84.321,34.989],[-84.2893,35.2257],[-84.2279,35.2678],[-84.1859,35.2428],[-84.1284,35.2428],[-84.0453,35.2774],[-84.0205,35.2992],[-84.0361,35.3182],[-84.0339,35.3503],[-84.0085,35.3743],[-84.0193,35.4122],[-83.9617,35.4615],[-83.9034,35.4833],[-83.8787,35.5197],[-83.8242,35.5264],[-83.7626,35.5647],[-83.606,35.5802],[-83.5812,35.565],[-83.4985,35.5635],[-83.4489,35.6078],[-83.3963,35.6235],[-83.3444,35.6627],[-83.3,35.6562],[-83.25,35.7203],[-83.1835,35.7299],[-83.1622,35.7626],[-83.0743,35.7894],[-82.9896,35.7746],[-82.9177,35.8413],[-82.9184,35.8673],[-82.8964,35.8757],[-82.9174,35.9286],[-82.8648,35.9517],[-82.8016,35.9281],[-82.7772,35.9946],[-82.6404,36.0644],[-82.5899,36.0319],[-82.614,36.0018],[-82.6076,35.9695],[-82.5605,35.9554],[-82.4603,36.0071],[-82.407,36.0871],[-82.3526,36.1172],[-82.2686,36.1257],[-82.2125,36.1587],[-82.1498,36.1467],[-82.1264,36.1046],[-82.032,36.1211],[-81.9059,36.3015],[-81.7962,36.3596],[-81.7689,36.3404],[-81.709,36.3387],[-81.739,36.4072],[-81.6969,36.4686],[-81.7081,36.5348],[-81.6475,36.6125],[-81.9233,36.6166],[-81.9352,36.595],[-83.6748,36.6012],[-83.6925,36.5839],[-85.2626,36.6283],[-85.5074,36.6151],[-86.5095,36.6539],[-86.5637,36.6351],[-86.5913,36.6544],[-87.8534,36.6353],[-87.8505,36.6651],[-88.0707,36.6792],[-88.0326,36.5367],[-88.0571,36.4967],[-89.2992,36.5078],[-89.4196,36.498],[-89.4749,36.4564],[-89.4944,36.4698],[-89.4873,36.4999],[-89.5417,36.5003],[-89.5204,36.4709],[-89.5515,36.4414],[-89.5179,36.3602],[-89.5362,36.3399],[-89.6042,36.3446],[-89.6199,36.3286],[-89.6016,36.3037],[-89.5456,36.2791],[-89.5436,36.2583],[-89.6083,36.2409],[-89.6888,36.2513],[-89.7023,36.2385],[-89.5886,36.1418],[-89.607,36.1184],[-89.6729,36.0905],[-89.6834,36.038],[-89.7214,35.9878],[-89.7162,35.9625],[-89.6587,35.9271],[-89.6504,35.8909],[-89.6763,35.8857],[-89.7132,35.9061],[-89.7531,35.8974],[-89.7706,35.8619],[-89.7074,35.8386],[-89.7065,35.8172],[-89.7817,35.8061],[-89.8186,35.7568],[-89.8752,35.7416],[-89.906,35.7598],[-89.9527,35.738],[-89.9565,35.695],[-89.9281,35.661],[-89.8955,35.655],[-89.8661,35.6703],[-89.8523,35.6521],[-89.8622,35.6322],[-89.9543,35.5915],[-89.9439,35.5624],[-89.9103,35.5467],[-89.9101,35.5196],[-89.9549,35.524],[-89.988,35.5594],[-90.0362,35.5515],[-90.0491,35.5113],[-90.019,35.4625],[-90.0479,35.4103],[-90.0314,35.3946],[-90.0633,35.3999],[-90.0707,35.4672],[-90.0991,35.4804],[-90.1709,35.4187],[-90.1798,35.3862],[-90.1406,35.3762],[-90.1444,35.4092],[-90.1261,35.4158],[-90.0751,35.3847],[-90.1079,35.3428],[-90.1083,35.309],[-90.1564,35.3012],[-90.1674,35.2756],[-90.1518,35.2558],[-90.0873,35.2427],[-90.0762,35.2103],[-90.1151,35.1977],[-90.1146,35.18],[-90.0668,35.1505],[-90.0699,35.1372],[-90.0978,35.1196],[-90.1604,35.132],[-90.1827,35.1086],[-90.2007,35.0303],[-90.2937,35.0371],[-90.3108,35.0015],[-87.6104,35.0049]]]}},{"type":"Feature","properties":{"gid":"USA.44_1","name":"得克萨斯州","nameEn":"Texas","nameLocal":"Texas","type":"州","typeEn":"State","groupZh":"州","area":686481.9,"iso":"US-TX","engtype":"State","capital":"奥斯汀","pop":29149498,"blurb":"面积与人口第二大州，能源与航天。"},"geometry":{"type":"MultiPolygon","coordinates":[[[[-97.2946,26.2888],[-97.3074,26.2838],[-97.2887,26.2732],[-97.2946,26.2888]]],[[[-97.2613,26.4287],[-97.3096,26.5263],[-97.3318,26.5407],[-97.3362,26.5076],[-97.279,26.4343],[-97.1971,26.2499],[-97.1732,26.0765],[-97.1551,26.0682],[-97.2215,26.4013],[-97.2438,26.3957],[-97.2613,26.4287]]],[[[-97.3515,26.3687],[-97.3351,26.3813],[-97.3804,26.4804],[-97.361,26.3979],[-97.3971,26.4635],[-97.4115,26.4326],[-97.4074,26.4796],[-97.4268,26.4557],[-97.4499,26.4574],[-97.4226,26.4635],[-97.416,26.4743],[-97.4337,26.4893],[-97.4157,26.4754],[-97.4071,26.496],[-97.4154,26.5524],[-97.4465,26.6101],[-97.4782,26.8054],[-97.5593,26.8421],[-97.556,26.8585],[-97.5368,26.856],[-97.5565,26.8626],[-97.5482,26.8968],[-97.4693,26.8412],[-97.5154,26.8404],[-97.506,26.8496],[-97.5204,26.8535],[-97.5224,26.8396],[-97.4704,26.8385],[-97.4768,26.8218],[-97.5196,26.8274],[-97.5163,26.8151],[-97.4704,26.8146],[-97.4796,26.8846],[-97.4635,26.8782],[-97.4693,26.9276],[-97.4565,26.9424],[-97.4824,26.9426],[-97.4879,26.9654],[-97.4957,26.9124],[-97.5326,26.9207],[-97.5415,26.9096],[-97.5454,26.9293],[-97.5146,26.9287],[-97.5529,26.9349],[-97.5524,26.9735],[-97.5246,26.9924],[-97.4707,26.9685],[-97.4518,26.984],[-97.4667,27.0683],[-97.4944,27.0903],[-97.4844,27.1069],[-97.46,27.0972],[-97.4519,27.1147],[-97.4483,27.0914],[-97.4471,27.1701],[-97.4222,27.262],[-97.5316,27.2289],[-97.6311,27.2425],[-97.6485,27.2762],[-97.7284,27.2584],[-97.7713,27.2816],[-97.7247,27.2689],[-97.6633,27.2865],[-97.6548,27.3043],[-97.7044,27.3156],[-97.6837,27.3258],[-97.6969,27.3575],[-97.7283,27.375],[-97.7111,27.3781],[-97.7342,27.4164],[-97.7656,27.4328],[-97.7364,27.4247],[-97.7356,27.4381],[-97.6956,27.3814],[-97.6858,27.4003],[-97.6586,27.3292],[-97.6327,27.3237],[-97.6369,27.3004],[-97.6102,27.2846],[-97.5767,27.3136],[-97.5969,27.2994],[-97.6163,27.3134],[-97.6322,27.3342],[-97.6269,27.355],[-97.6061,27.3133],[-97.5686,27.3392],[-97.5678,27.3178],[-97.5322,27.341],[-97.5271,27.3512],[-97.5424,27.347],[-97.5325,27.3592],[-97.5117,27.3625],[-97.5097,27.3867],[-97.5031,27.3692],[-97.4738,27.3988],[-97.5033,27.4255],[-97.5369,27.4083],[-97.5308,27.4003],[-97.5544,27.4094],[-97.5313,27.4225],[-97.5406,27.4728],[-97.5789,27.4708],[-97.5388,27.4749],[-97.5261,27.5264],[-97.5397,27.5425],[-97.5247,27.5267],[-97.5397,27.4581],[-97.5283,27.4283],[-97.491,27.4335],[-97.5183,27.4631],[-97.5028,27.4567],[-97.4944,27.4697],[-97.4881,27.4494],[-97.4719,27.4489],[-97.4864,27.4439],[-97.467,27.4046],[-97.4866,27.3845],[-97.4761,27.3681],[-97.4867,27.3325],[-97.4669,27.3489],[-97.4569,27.3247],[-97.4903,27.3347],[-97.5039,27.3242],[-97.4972,27.3116],[-97.4786,27.2994],[-97.4116,27.3226],[-97.3115,27.5937],[-97.2762,27.6608],[-97.2618,27.6576],[-97.2687,27.6779],[-97.2431,27.6897],[-97.3044,27.7094],[-97.2982,27.6823],[-97.3419,27.6306],[-97.3792,27.6358],[-97.3455,27.6339],[-97.3147,27.6881],[-97.3882,27.7701],[-97.3928,27.8111],[-97.4769,27.8178],[-97.5231,27.8442],[-97.465,27.8172],[-97.3925,27.8125],[-97.3781,27.8361],[-97.4786,27.8253],[-97.5144,27.8531],[-97.5158,27.8711],[-97.4926,27.8825],[-97.4795,27.8601],[-97.4578,27.8658],[-97.4592,27.8783],[-97.4483,27.8678],[-97.3377,27.8833],[-97.3544,27.85],[-97.2644,27.8802],[-97.2089,27.8182],[-97.1879,27.8248],[-97.1428,27.8936],[-97.1106,27.8889],[-97.1386,27.9008],[-97.0503,28.0244],[-97.0253,28.0322],[-97.0367,28.077],[-97.0206,28.1052],[-97.0533,28.1183],[-97.0479,28.0997],[-97.1331,28.0494],[-97.1175,28.0344],[-97.1397,28.0272],[-97.1475,27.9994],[-97.1814,27.9711],[-97.1917,27.9708],[-97.1568,28.0049],[-97.1577,28.0477],[-97.2117,28.0731],[-97.2219,28.0706],[-97.2039,28.0606],[-97.2403,28.0606],[-97.2625,28.0786],[-97.2364,28.0625],[-97.2414,28.0783],[-97.2217,28.0772],[-97.1514,28.1389],[-97.1735,28.1354],[-97.1822,28.1617],[-97.1443,28.1715],[-97.1422,28.1417],[-97.0324,28.1881],[-97.0263,28.2061],[-97.0067,28.1918],[-97.0272,28.1503],[-96.9781,28.125],[-96.9725,28.1733],[-96.9458,28.1963],[-96.9853,28.2161],[-96.9161,28.2694],[-96.9423,28.2184],[-96.9206,28.2008],[-96.9514,28.1686],[-96.9453,28.1489],[-96.9653,28.1256],[-96.9322,28.1237],[-96.9075,28.1511],[-96.925,28.1142],[-96.8836,28.1433],[-96.8597,28.175],[-96.8813,28.1683],[-96.7953,28.2283],[-96.7903,28.2481],[-96.7917,28.2308],[-96.7767,28.2444],[-96.8097,28.29],[-96.7915,28.3135],[-96.792,28.3601],[-96.8594,28.4142],[-96.8375,28.4325],[-96.7832,28.4004],[-96.7642,28.4131],[-96.7936,28.4584],[-96.815,28.4467],[-96.8289,28.4597],[-96.8087,28.4786],[-96.7933,28.4819],[-96.7478,28.4089],[-96.7073,28.4056],[-96.7081,28.3564],[-96.6874,28.3277],[-96.6681,28.3369],[-96.6789,28.3228],[-96.6541,28.3262],[-96.6261,28.3419],[-96.6408,28.3456],[-96.6108,28.3486],[-96.6694,28.3142],[-96.5756,28.3589],[-96.6189,28.32],[-96.5604,28.3704],[-96.4149,28.4371],[-96.4233,28.4214],[-96.4001,28.428],[-96.3939,28.4433],[-96.4165,28.4647],[-96.5674,28.5828],[-96.5972,28.5836],[-96.5925,28.5672],[-96.6394,28.5731],[-96.6428,28.5858],[-96.6114,28.5875],[-96.6222,28.621],[-96.6106,28.6414],[-96.6641,28.6946],[-96.6636,28.7239],[-96.6453,28.7114],[-96.5861,28.725],[-96.5806,28.6978],[-96.5583,28.6917],[-96.5756,28.6678],[-96.5642,28.6433],[-96.5494,28.6453],[-96.5633,28.6358],[-96.5183,28.6404],[-96.5161,28.6581],[-96.4955,28.6282],[-96.5136,28.6153],[-96.4841,28.6085],[-96.462,28.6369],[-96.4722,28.6722],[-96.4625,28.6683],[-96.4348,28.6032],[-96.4608,28.5828],[-96.4794,28.5961],[-96.4883,28.5694],[-96.3808,28.62],[-96.4171,28.6307],[-96.4063,28.6659],[-96.4235,28.6825],[-96.4047,28.7269],[-96.4342,28.71],[-96.4481,28.7628],[-96.4281,28.7389],[-96.4328,28.7172],[-96.4069,28.7361],[-96.3897,28.7296],[-96.3955,28.6806],[-96.3602,28.6595],[-96.3611,28.6267],[-96.3042,28.6459],[-96.3013,28.6742],[-96.2627,28.6937],[-96.2672,28.7206],[-96.2556,28.7172],[-96.2589,28.6872],[-96.2831,28.6719],[-96.2069,28.6969],[-96.2052,28.729],[-96.1681,28.7631],[-96.1567,28.7622],[-96.1866,28.7324],[-96.1912,28.6882],[-96.2378,28.6442],[-96.2114,28.6144],[-96.1794,28.63],[-96.1539,28.6172],[-96.1792,28.5944],[-96.0375,28.6521],[-96.0039,28.6425],[-95.9947,28.6575],[-96.0042,28.6328],[-95.9744,28.6567],[-95.9942,28.5994],[-96.1444,28.5444],[-96.2043,28.5044],[-96.2364,28.5025],[-96.3353,28.4381],[-96.3131,28.4167],[-96.3119,28.4344],[-96.2253,28.4881],[-95.9836,28.5922],[-95.9719,28.6269],[-95.9785,28.5966],[-95.8067,28.6678],[-95.6614,28.7445],[-95.6592,28.7578],[-95.8691,28.6498],[-95.9608,28.6253],[-95.9271,28.6997],[-95.7864,28.7486],[-95.7256,28.7406],[-95.6725,28.7631],[-95.6542,28.7503],[-95.4394,28.8689],[-95.4422,28.8538],[-95.3853,28.8672],[-95.3183,28.9242],[-95.2889,28.93],[-95.2706,28.9636],[-95.1228,29.0708],[-95.1322,29.081],[-95.1413,29.0668],[-95.1672,29.0714],[-95.1685,29.0456],[-95.2411,29.0012],[-95.2264,29.0311],[-95.2106,29.0281],[-95.2189,29.0488],[-95.1722,29.0808],[-95.1947,29.0827],[-95.1931,29.1019],[-95.2178,29.0906],[-95.2094,29.0817],[-95.2285,29.0835],[-95.2217,29.0917],[-95.1743,29.1124],[-95.1641,29.0751],[-95.1384,29.0767],[-95.1667,29.1149],[-95.1565,29.1949],[-95.1817,29.1884],[-95.2189,29.2161],[-95.1372,29.1889],[-95.1136,29.1958],[-95.12,29.1739],[-95.1003,29.1759],[-95.0358,29.2133],[-94.9947,29.2619],[-95.0061,29.2808],[-94.9933,29.2831],[-94.9914,29.2661],[-94.9494,29.2972],[-94.945,29.3217],[-94.905,29.3022],[-94.9289,29.2969],[-94.9,29.3017],[-94.8744,29.2883],[-94.8797,29.2791],[-94.8322,29.2861],[-94.9258,29.2528],[-94.9139,29.2406],[-94.9547,29.2306],[-94.9428,29.2228],[-94.9675,29.212],[-94.9578,29.2028],[-94.9789,29.2103],[-94.9698,29.194],[-94.9911,29.2008],[-94.9849,29.1869],[-95.0125,29.1858],[-95.0125,29.1706],[-95.0935,29.1223],[-95.1185,29.086],[-94.7271,29.332],[-94.6886,29.3271],[-94.7311,29.3378],[-94.7595,29.3193],[-94.7512,29.3345],[-94.7664,29.3378],[-94.7947,29.3096],[-94.8702,29.2904],[-94.8983,29.3038],[-94.9066,29.3557],[-94.8644,29.3713],[-94.8833,29.3785],[-94.9002,29.3582],[-94.8861,29.3893],[-94.8094,29.3657],[-94.886,29.3914],[-94.8913,29.4338],[-94.9661,29.4842],[-94.9257,29.4707],[-94.9099,29.4977],[-94.9805,29.5127],[-95.0142,29.5389],[-95.0211,29.5531],[-94.9822,29.6022],[-95.0247,29.6117],[-94.9973,29.6152],[-95.0155,29.6385],[-94.981,29.6765],[-95.0089,29.6814],[-94.9894,29.6843],[-95.0014,29.6969],[-95.0535,29.7067],[-95.0503,29.7285],[-95.0701,29.7532],[-95.0956,29.7586],[-95.0994,29.7841],[-95.0614,29.7931],[-95.0914,29.7997],[-95.0953,29.8253],[-95.0575,29.8006],[-95.0639,29.7792],[-95.0439,29.7755],[-95.053,29.7452],[-95.0303,29.7458],[-95.0181,29.7086],[-95.014,29.7221],[-95.0004,29.7161],[-95.0158,29.7044],[-94.9967,29.7133],[-94.9436,29.6985],[-94.9097,29.6549],[-94.871,29.6729],[-94.8542,29.7166],[-94.8126,29.7593],[-94.7399,29.7879],[-94.7413,29.7727],[-94.7306,29.7894],[-94.7169,29.7593],[-94.7094,29.7785],[-94.7116,29.7607],[-94.6961,29.7564],[-94.7103,29.7375],[-94.6969,29.7502],[-94.6967,29.7294],[-94.6889,29.7533],[-94.7,29.6429],[-94.7513,29.5496],[-94.7899,29.5477],[-94.7761,29.5282],[-94.5622,29.5746],[-94.5225,29.5407],[-94.4655,29.554],[-94.4944,29.5129],[-94.6816,29.4538],[-94.7816,29.366],[-94.7506,29.3702],[-94.6896,29.3463],[-94.6777,29.3454],[-94.7498,29.3706],[-94.7294,29.3699],[-94.6598,29.4381],[-94.1188,29.6527],[-93.9725,29.6829],[-93.8385,29.6778],[-93.8302,29.6548],[-93.8512,29.7085],[-93.9308,29.8062],[-93.8345,29.888],[-93.7901,29.9873],[-93.7426,30.0231],[-93.72,30.0653],[-93.7006,30.0597],[-93.7349,30.0897],[-93.7228,30.0872],[-93.6892,30.1396],[-93.7085,30.1484],[-93.702,30.1727],[-93.7204,30.209],[-93.706,30.2797],[-93.7637,30.3317],[-93.7573,30.3899],[-93.7268,30.4304],[-93.6989,30.4414],[-93.716,30.4816],[-93.7057,30.5117],[-93.7397,30.5397],[-93.713,30.5891],[-93.6802,30.595],[-93.6918,30.6309],[-93.6309,30.6797],[-93.6147,30.7584],[-93.5956,30.7642],[-93.5564,30.8274],[-93.5734,30.8865],[-93.5274,30.9379],[-93.5347,30.9571],[-93.5729,30.9719],[-93.5759,31.0052],[-93.5087,31.0307],[-93.5326,31.0541],[-93.5208,31.0657],[-93.5642,31.0944],[-93.5398,31.1197],[-93.5492,31.1528],[-93.5339,31.1846],[-93.5951,31.1716],[-93.5978,31.2304],[-93.6174,31.2343],[-93.6177,31.2645],[-93.6895,31.3066],[-93.6679,31.3524],[-93.6398,31.3719],[-93.6734,31.3684],[-93.6739,31.3975],[-93.705,31.4156],[-93.6938,31.4373],[-93.71,31.442],[-93.7034,31.4559],[-93.7504,31.4706],[-93.7526,31.484],[-93.7133,31.5115],[-93.7841,31.5287],[-93.835,31.5878],[-93.8126,31.6483],[-93.8269,31.6642],[-93.7952,31.7023],[-93.8141,31.705],[-93.837,31.7503],[-93.8242,31.7756],[-93.8717,31.8152],[-93.8989,31.895],[-93.9257,31.888],[-93.9234,31.9085],[-93.9735,31.9244],[-94.0233,31.9912],[-94.0419,31.9939],[-94.0445,33.5505],[-94.0736,33.5532],[-94.0575,33.5643],[-94.0863,33.5757],[-94.1283,33.5526],[-94.1502,33.5667],[-94.1439,33.581],[-94.1756,33.5904],[-94.2178,33.5805],[-94.1929,33.5564],[-94.2346,33.5519],[-94.2552,33.5606],[-94.2423,33.59],[-94.2805,33.5569],[-94.2949,33.5607],[-94.2873,33.5827],[-94.315,33.5508],[-94.347,33.5684],[-94.3546,33.5468],[-94.385,33.5442],[-94.4038,33.5592],[-94.3788,33.584],[-94.4092,33.568],[-94.4283,33.5903],[-94.4704,33.5998],[-94.4524,33.6453],[-94.5264,33.6152],[-94.5194,33.6402],[-94.5699,33.6278],[-94.5458,33.6597],[-94.5887,33.6446],[-94.5763,33.6625],[-94.5884,33.6855],[-94.6005,33.6629],[-94.6276,33.6828],[-94.6596,33.661],[-94.6705,33.6691],[-94.6449,33.6735],[-94.643,33.7018],[-94.708,33.6873],[-94.703,33.7045],[-94.7351,33.7155],[-94.7192,33.6972],[-94.7365,33.6913],[-94.7596,33.7104],[-94.7509,33.7338],[-94.7857,33.7326],[-94.7577,33.7476],[-94.7651,33.7627],[-94.801,33.7381],[-94.8217,33.7687],[-94.8292,33.7403],[-94.8667,33.7441],[-94.918,33.7864],[-94.9189,33.8268],[-94.9267,33.811],[-94.9516,33.8113],[-94.9702,33.8618],[-95.0324,33.8609],[-95.0586,33.8792],[-95.0611,33.9033],[-95.0752,33.9079],[-95.0732,33.8844],[-95.0966,33.8899],[-95.0808,33.9202],[-95.1253,33.9064],[-95.1239,33.9347],[-95.2257,33.9605],[-95.2512,33.935],[-95.2547,33.893],[-95.2669,33.887],[-95.2767,33.9115],[-95.2919,33.8722],[-95.3302,33.8897],[-95.3367,33.8736],[-95.3764,33.8686],[-95.4551,33.8711],[-95.464,33.8873],[-95.5044,33.8754],[-95.5073,33.8972],[-95.5406,33.8795],[-95.5603,33.9302],[-95.5971,33.9415],[-95.6343,33.9078],[-95.6639,33.9079],[-95.6985,33.8848],[-95.7538,33.8928],[-95.7534,33.8563],[-95.7721,33.8436],[-95.8115,33.8606],[-95.8385,33.8362],[-95.9353,33.8873],[-95.9417,33.8623],[-95.9846,33.8532],[-96.0028,33.8717],[-95.9949,33.8536],[-96.0204,33.8408],[-96.0263,33.8566],[-96.049,33.8367],[-96.0995,33.8495],[-96.0989,33.83],[-96.1455,33.8391],[-96.1481,33.8176],[-96.1788,33.8122],[-96.1628,33.7921],[-96.1857,33.7549],[-96.2315,33.7475],[-96.292,33.7679],[-96.3196,33.6957],[-96.3448,33.6858],[-96.4241,33.7772],[-96.502,33.7741],[-96.5273,33.8185],[-96.5708,33.8184],[-96.617,33.843],[-96.6222,33.8558],[-96.59,33.8961],[-96.6709,33.9151],[-96.7017,33.8405],[-96.7586,33.8267],[-96.7966,33.8697],[-96.8698,33.8565],[-96.9195,33.9575],[-96.9723,33.9398],[-96.9894,33.9552],[-96.9837,33.8859],[-97.0325,33.8399],[-97.0853,33.8531],[-97.0462,33.8233],[-97.092,33.8032],[-97.0874,33.7412],[-97.1234,33.7163],[-97.1654,33.7313],[-97.1939,33.768],[-97.2026,33.8178],[-97.166,33.8516],[-97.1837,33.896],[-97.2116,33.9124],[-97.2388,33.9032],[-97.2568,33.8645],[-97.3113,33.8876],[-97.3213,33.8608],[-97.3412,33.872],[-97.3706,33.8217],[-97.4183,33.8173],[-97.4573,33.8354],[-97.4498,33.8858],[-97.4614,33.9051],[-97.4974,33.9178],[-97.5849,33.9003],[-97.5897,33.9538],[-97.6752,33.9901],[-97.7203,33.9437],[-97.7628,33.9341],[-97.7589,33.9193],[-97.7797,33.9133],[-97.7841,33.8905],[-97.8379,33.8587],[-97.8729,33.8525],[-97.9647,33.8834],[-97.9846,33.9007],[-97.9541,33.9182],[-97.9736,33.9433],[-97.9487,33.9869],[-98.0871,34.0047],[-98.1051,34.0347],[-98.0818,34.0403],[-98.1215,34.0773],[-98.0922,34.1218],[-98.1077,34.153],[-98.1693,34.1139],[-98.3673,34.1558],[-98.4149,34.0849],[-98.486,34.0615],[-98.5598,34.1216],[-98.5498,34.1332],[-98.5999,34.161],[-98.6481,34.1644],[-98.6887,34.1339],[-98.755,34.1255],[-98.8298,34.162],[-98.8665,34.1503],[-98.8728,34.1682],[-98.9523,34.2135],[-98.9704,34.202],[-98.9875,34.2218],[-99.048,34.1983],[-99.0814,34.2108],[-99.1235,34.202],[-99.1273,34.2194],[-99.1897,34.2156],[-99.2125,34.3366],[-99.267,34.397],[-99.3204,34.4152],[-99.3704,34.4578],[-99.3863,34.4476],[-99.3837,34.4068],[-99.4071,34.3749],[-99.5668,34.417],[-99.6074,34.3717],[-99.6968,34.3806],[-99.9213,34.5728],[-99.9487,34.5803],[-100.0014,34.5583],[-100.0038,36.4998],[-103.0408,36.5005],[-103.0427,34.0007],[-103.0642,31.9996],[-106.6193,32.0012],[-106.6384,31.9832],[-106.6143,31.9535],[-106.6304,31.9272],[-106.6147,31.9196],[-106.6458,31.8988],[-106.636,31.8694],[-106.6009,31.8441],[-106.5994,31.8254],[-106.5394,31.8047],[-106.4904,31.7486],[-106.4507,31.7642],[-106.3816,31.7324],[-106.2081,31.4676],[-106.0802,31.3985],[-106.0048,31.3927],[-105.9541,31.3645],[-105.9382,31.3183],[-105.8694,31.2886],[-105.7823,31.1963],[-105.7726,31.1662],[-105.7431,31.1646],[-105.6041,31.0833],[-105.5576,30.99],[-105.5027,30.9678],[-105.4915,30.9423],[-105.4001,30.8894],[-105.4012,30.8532],[-105.3398,30.84],[-105.3165,30.8109],[-105.2912,30.8258],[-105.2564,30.7944],[-105.2155,30.8058],[-105.2168,30.7835],[-105.1956,30.7922],[-105.1748,30.7675],[-105.1659,30.7795],[-105.1617,30.7524],[-105.1188,30.7497],[-105.0619,30.6858],[-105.0069,30.6858],[-104.9717,30.61],[-104.9224,30.6034],[-104.8665,30.4941],[-104.8686,30.4417],[-104.848,30.4155],[-104.8592,30.3904],[-104.8166,30.3751],[-104.8113,30.3327],[-104.762,30.3014],[-104.7632,30.2746],[-104.7068,30.2342],[-104.6873,30.1799],[-104.6973,30.1354],[-104.6862,30.0848],[-104.7066,30.0506],[-104.6858,29.9898],[-104.6938,29.976],[-104.6808,29.9773],[-104.685,29.9566],[-104.6735,29.956],[-104.6838,29.9291],[-104.5667,29.7721],[-104.5702,29.7523],[-104.5509,29.7413],[-104.5609,29.7365],[-104.5308,29.6905],[-104.5444,29.6816],[-104.5368,29.6682],[-104.5086,29.6328],[-104.4968,29.6394],[-104.4658,29.6184],[-104.4507,29.5817],[-104.3993,29.5721],[-104.3845,29.5422],[-104.3552,29.5406],[-104.3365,29.5199],[-104.3136,29.5318],[-104.2368,29.4971],[-104.2308,29.479],[-104.2091,29.4814],[-104.2175,29.4561],[-104.1414,29.3779],[-104.1078,29.3736],[-104.0379,29.3199],[-103.9762,29.2967],[-103.7833,29.2655],[-103.7824,29.2269],[-103.7426,29.2223],[-103.7186,29.1809],[-103.6501,29.1567],[-103.5541,29.1585],[-103.4707,29.0851],[-103.4723,29.0666],[-103.4508,29.0728],[-103.4334,29.0438],[-103.3909,29.0346],[-103.3865,29.0214],[-103.358,29.019],[-103.3448,29.0454],[-103.3306,29.0432],[-103.34,29.0218],[-103.3079,29.025],[-103.3153,29.009],[-103.2864,29.0006],[-103.2863,28.9767],[-103.2671,28.996],[-103.2505,28.9803],[-103.2279,28.9917],[-103.154,28.9714],[-103.1139,28.9868],[-103.1007,29.0603],[-103.0857,29.0534],[-103.0765,29.0909],[-103.0338,29.1012],[-102.9943,29.1799],[-102.9508,29.1735],[-102.9437,29.1911],[-102.9172,29.1915],[-102.912,29.2192],[-102.8944,29.2086],[-102.8674,29.2237],[-102.8715,29.2416],[-102.9058,29.2585],[-102.8835,29.3478],[-102.8392,29.3589],[-102.8447,29.3746],[-102.812,29.4],[-102.8328,29.4091],[-102.8304,29.444],[-102.8005,29.4867],[-102.8083,29.5226],[-102.771,29.5484],[-102.7685,29.5947],[-102.7402,29.5979],[-102.7414,29.6346],[-102.6933,29.6767],[-102.6986,29.6971],[-102.6741,29.7445],[-102.6303,29.734],[-102.5741,29.7546],[-102.568,29.7715],[-102.548,29.7446],[-102.5133,29.7654],[-102.5174,29.7838],[-102.4872,29.7869],[-102.3879,29.7611],[-102.3625,29.848],[-102.3163,29.88],[-102.2651,29.8677],[-102.2603,29.8531],[-102.2464,29.8642],[-102.2232,29.8405],[-102.1963,29.8363],[-102.187,29.8488],[-102.1801,29.8265],[-102.1435,29.8033],[-102.0727,29.7866],[-102.0491,29.7855],[-102.0356,29.804],[-101.9867,29.7971],[-101.9755,29.8157],[-101.9296,29.7827],[-101.8528,29.8077],[-101.8236,29.7873],[-101.8173,29.8115],[-101.8044,29.78],[-101.7753,29.7891],[-101.7101,29.7618],[-101.6623,29.7712],[-101.6439,29.7541],[-101.6262,29.7704],[-101.5749,29.7693],[-101.57,29.796],[-101.5441,29.8115],[-101.5367,29.7581],[-101.4637,29.7893],[-101.4461,29.7498],[-101.4026,29.7713],[-101.416,29.7469],[-101.373,29.6997],[-101.3607,29.6487],[-101.3477,29.662],[-101.3016,29.6485],[-101.305,29.5773],[-101.2789,29.5877],[-101.2685,29.6297],[-101.2479,29.6195],[-101.243,29.5662],[-101.2586,29.5224],[-101.1856,29.518],[-101.1476,29.4745],[-101.0601,29.4585],[-101.0108,29.3692],[-100.8862,29.3074],[-100.8759,29.2795],[-100.8142,29.2639],[-100.767,29.1957],[-100.7728,29.1684],[-100.6749,29.1007],[-100.6457,28.9878],[-100.6515,28.9429],[-100.6297,28.9226],[-100.6409,28.9146],[-100.601,28.9016],[-100.5745,28.8281],[-100.5476,28.8262],[-100.5351,28.8047],[-100.5334,28.7588],[-100.5074,28.7402],[-100.5002,28.6617],[-100.4472,28.6421],[-100.4472,28.6092],[-100.3985,28.5851],[-100.411,28.5498],[-100.3883,28.5147],[-100.3339,28.4993],[-100.3684,28.4767],[-100.3377,28.4425],[-100.3427,28.3864],[-100.2866,28.3122],[-100.2908,28.275],[-100.2555,28.2384],[-100.2211,28.2332],[-100.2095,28.1913],[-100.0862,28.1462],[-100.053,28.0851],[-100.0182,28.0657],[-99.9905,27.9936],[-99.9315,27.9803],[-99.9373,27.9409],[-99.8937,27.8998],[-99.9041,27.8737],[-99.8768,27.8408],[-99.8755,27.7968],[-99.8508,27.7939],[-99.8362,27.7632],[-99.8128,27.7737],[-99.7999,27.7396],[-99.7691,27.7306],[-99.7105,27.6574],[-99.6901,27.6688],[-99.6659,27.6586],[-99.6555,27.6293],[-99.5959,27.6398],[-99.5771,27.6183],[-99.5842,27.6035],[-99.5544,27.6141],[-99.5134,27.5693],[-99.5282,27.4982],[-99.4934,27.4976],[-99.4788,27.4795],[-99.4953,27.4466],[-99.4876,27.411],[-99.5045,27.3388],[-99.5381,27.3165],[-99.4946,27.3038],[-99.4909,27.2627],[-99.462,27.2684],[-99.4418,27.2508],[-99.4262,27.1761],[-99.4425,27.1068],[-99.4287,27.0926],[-99.4521,27.0611],[-99.4453,27.0218],[-99.4088,27.0099],[-99.3813,26.9793],[-99.3878,26.9431],[-99.3285,26.9195],[-99.3248,26.8767],[-99.2699,26.845],[-99.2408,26.7475],[-99.209,26.7247],[-99.2033,26.6662],[-99.1733,26.6226],[-99.1711,26.5419],[-99.1045,26.4995],[-99.0916,26.4756],[-99.1132,26.4312],[-99.0868,26.4014],[-99.0363,26.4135],[-99.0107,26.3923],[-98.9737,26.4011],[-98.9414,26.3696],[-98.9267,26.3946],[-98.8982,26.3553],[-98.8046,26.3676],[-98.7839,26.3281],[-98.7341,26.3201],[-98.7527,26.2994],[-98.7008,26.2864],[-98.7191,26.2723],[-98.6599,26.2512],[-98.6726,26.2379],[-98.633,26.2448],[-98.6477,26.2613],[-98.6171,26.2479],[-98.5947,26.2596],[-98.5621,26.2242],[-98.5574,26.2476],[-98.5368,26.2274],[-98.5218,26.2354],[-98.5248,26.2212],[-98.5006,26.2223],[-98.5043,26.2084],[-98.4782,26.2043],[-98.4809,26.2199],[-98.4448,26.2243],[-98.4426,26.1989],[-98.387,26.1577],[-98.3598,26.1725],[-98.3521,26.1511],[-98.3356,26.1657],[-98.3348,26.1369],[-98.3059,26.1032],[-98.3038,26.1258],[-98.2661,26.1207],[-98.2882,26.1043],[-98.1952,26.0533],[-98.1768,26.0753],[-98.149,26.0506],[-98.1367,26.0729],[-98.0962,26.0597],[-98.0811,26.0713],[-98.0733,26.0364],[-98.0387,26.042],[-98.0279,26.067],[-98.0115,26.0562],[-97.9802,26.0672],[-97.9704,26.0536],[-97.8614,26.07],[-97.8614,26.0551],[-97.8359,26.0485],[-97.8011,26.0602],[-97.7911,26.0336],[-97.768,26.0473],[-97.7635,26.0268],[-97.7171,26.0252],[-97.7071,26.0377],[-97.6945,26.0228],[-97.6626,26.0381],[-97.6683,26.0201],[-97.6399,26.024],[-97.6486,26.0098],[-97.6184,26.0023],[-97.6343,25.9895],[-97.6028,25.9584],[-97.5679,25.9525],[-97.5838,25.9338],[-97.5373,25.9308],[-97.523,25.8882],[-97.4983,25.8991],[-97.4976,25.881],[-97.4585,25.8863],[-97.4446,25.8678],[-97.4539,25.8559],[-97.4222,25.8402],[-97.4087,25.8622],[-97.4026,25.8381],[-97.3691,25.8507],[-97.3599,25.8737],[-97.3763,25.8791],[-97.362,25.8875],[-97.3745,25.9088],[-97.3483,25.9311],[-97.3286,25.9183],[-97.3204,25.9327],[-97.2808,25.9353],[-97.2875,25.9597],[-97.2538,25.9485],[-97.1469,25.9633],[-97.1518,26.014],[-97.1629,26.0151],[-97.151,26.0624],[-97.1815,26.0499],[-97.1551,26.0043],[-97.1654,26.0104],[-97.1913,25.9837],[-97.1585,25.9954],[-97.1504,25.9574],[-97.2018,25.9763],[-97.2138,25.9662],[-97.2274,25.9968],[-97.1849,26.0462],[-97.2246,26.0238],[-97.189,26.0446],[-97.201,26.0754],[-97.2632,26.084],[-97.2954,26.1063],[-97.2979,26.1221],[-97.2776,26.1179],[-97.3087,26.1588],[-97.2974,26.2032],[-97.319,26.2276],[-97.3349,26.2171],[-97.3293,26.2371],[-97.3087,26.2279],[-97.2946,26.2588],[-97.3288,26.2451],[-97.3138,26.2724],[-97.3443,26.2676],[-97.3535,26.3332],[-97.3671,26.3418],[-97.3349,26.3521],[-97.3532,26.3151],[-97.3276,26.3574],[-97.3574,26.3563],[-97.3307,26.3643],[-97.3343,26.3765],[-97.3515,26.3687]],[[-95.7475,28.7472],[-95.7281,28.7386],[-95.7742,28.7481],[-95.7475,28.7472]],[[-95.0777,29.7814],[-95.0812,29.7664],[-95.0992,29.7672],[-95.0777,29.7814]]],[[[-97.2682,26.5621],[-97.3071,26.5601],[-97.2771,26.5443],[-97.2618,26.5065],[-97.2682,26.5621]]],[[[-97.2896,26.599],[-97.3707,26.9001],[-97.3791,27.058],[-97.365,27.205],[-97.2814,27.4628],[-97.1981,27.6311],[-97.0475,27.8336],[-97.0572,27.8422],[-97.1358,27.8247],[-97.0928,27.8161],[-97.1653,27.7219],[-97.1625,27.7367],[-97.1842,27.6953],[-97.1761,27.6833],[-97.185,27.6944],[-97.1967,27.6839],[-97.1925,27.6492],[-97.2025,27.6556],[-97.2153,27.6386],[-97.2119,27.6167],[-97.2314,27.6317],[-97.2567,27.6006],[-97.2481,27.5792],[-97.3628,27.3594],[-97.3536,27.3058],[-97.3725,27.2967],[-97.3608,27.2706],[-97.3839,27.2664],[-97.3742,27.2564],[-97.391,27.2117],[-97.3781,27.1983],[-97.395,27.1219],[-97.3854,26.9546],[-97.3976,26.9396],[-97.4129,26.9679],[-97.4199,26.9588],[-97.3879,26.8943],[-97.4035,26.889],[-97.4118,26.906],[-97.4185,26.8951],[-97.3854,26.8513],[-97.3812,26.8101],[-97.3696,26.814],[-97.3743,26.7732],[-97.344,26.731],[-97.3565,26.7371],[-97.356,26.7193],[-97.3082,26.6424],[-97.3024,26.6149],[-97.3201,26.6329],[-97.2954,26.6018],[-97.3049,26.5951],[-97.2913,26.5924],[-97.2949,26.5715],[-97.3324,26.5626],[-97.2688,26.5649],[-97.2896,26.599]]],[[[-97.2276,26.4093],[-97.2588,26.5071],[-97.2465,26.4801],[-97.2574,26.4735],[-97.2401,26.4554],[-97.2426,26.4082],[-97.2276,26.4093]]],[[[-97.4408,27.0753],[-97.4297,27.1744],[-97.4701,26.8118],[-97.4318,26.7821],[-97.4285,26.806],[-97.4543,26.8235],[-97.4135,26.8188],[-97.4638,26.8349],[-97.4568,26.8754],[-97.4104,26.8729],[-97.4565,26.884],[-97.4535,26.911],[-97.4374,26.9121],[-97.4535,26.9168],[-97.4422,27.0592],[-97.4256,27.0714],[-97.4408,27.0753]]],[[[-97.0484,27.8415],[-96.9731,27.9444],[-96.8523,28.0624],[-96.9106,28.0753],[-96.8825,28.0775],[-96.8897,28.0861],[-96.855,28.0649],[-96.8317,28.115],[-96.8478,28.1106],[-96.8856,28.1431],[-96.8797,28.1267],[-96.9031,28.1119],[-96.8792,28.1072],[-96.9258,28.0878],[-96.9719,28.0094],[-96.9469,28.0183],[-96.9594,28.0258],[-96.9367,28.0422],[-96.9142,28.0339],[-96.943,28.0304],[-96.9294,28.0289],[-96.9358,28.0147],[-96.9551,28.015],[-96.9758,27.9892],[-96.9619,28.0111],[-96.9744,28.0061],[-96.9739,27.9689],[-97.0297,27.9128],[-97.0164,27.9039],[-97.0311,27.9117],[-97.0456,27.891],[-97.0484,27.8415]]],[[[-97.0933,27.8761],[-97.1022,27.8814],[-97.0958,27.8669],[-97.1103,27.8561],[-97.0814,27.8553],[-97.1089,27.8383],[-97.0608,27.8453],[-97.0933,27.8761]]],[[[-97.0747,27.9158],[-97.0656,27.9072],[-97.0892,27.8742],[-97.0658,27.8744],[-97.0822,27.8678],[-97.0622,27.8514],[-97.0528,27.8994],[-97.0747,27.9158]]],[[[-97.4728,27.0928],[-97.4833,27.0939],[-97.4719,27.0828],[-97.4728,27.0928]]],[[[-97.4925,27.3069],[-97.5458,27.2858],[-97.5066,27.2756],[-97.5111,27.2856],[-97.4836,27.2967],[-97.4925,27.3069]]],[[[-96.84,28.1858],[-96.8247,28.2019],[-96.8586,28.1731],[-96.84,28.1858]]],[[[-96.4067,28.3969],[-96.4456,28.3717],[-96.4117,28.3719],[-96.4404,28.3429],[-96.5353,28.32],[-96.5675,28.2797],[-96.5853,28.2828],[-96.5553,28.3019],[-96.6039,28.2872],[-96.5933,28.2792],[-96.6494,28.2519],[-96.6553,28.2278],[-96.7025,28.2161],[-96.6878,28.2119],[-96.7035,28.1985],[-96.8164,28.1753],[-96.8197,28.1417],[-96.8083,28.1508],[-96.802,28.1402],[-96.8488,28.0646],[-96.6369,28.2208],[-96.4261,28.3265],[-96.3997,28.3567],[-96.4253,28.3569],[-96.4039,28.365],[-96.4067,28.3969]]],[[[-96.4925,28.395],[-96.4819,28.4025],[-96.5286,28.3786],[-96.4925,28.395]]],[[[-96.4308,28.3914],[-96.4203,28.4047],[-96.4514,28.3858],[-96.4308,28.3914]]],[[[-96.3244,28.4203],[-96.3472,28.4292],[-96.3908,28.3911],[-96.3325,28.4247],[-96.3178,28.4125],[-96.3244,28.4203]]],[[[-96.4042,28.4194],[-96.4311,28.4208],[-96.4103,28.4189],[-96.4175,28.4014],[-96.4042,28.4194]]],[[[-96.2086,28.6103],[-96.2356,28.6006],[-96.2269,28.5797],[-96.1711,28.6078],[-96.2153,28.5975],[-96.2086,28.6103]]],[[[-94.8053,29.3503],[-94.8225,29.3444],[-94.8217,29.3128],[-94.7814,29.3236],[-94.7767,29.3367],[-94.8053,29.3503]]],[[[-94.5583,29.53],[-94.585,29.5197],[-94.6044,29.4842],[-94.6694,29.4778],[-94.705,29.4392],[-94.5117,29.5186],[-94.5583,29.53]]],[[[-95.0322,29.7275],[-95.0439,29.7163],[-95.0289,29.7076],[-95.0322,29.7275]]],[[[-97.2558,27.8725],[-97.2681,27.8697],[-97.2386,27.8397],[-97.2558,27.8725]]]]}},{"type":"Feature","properties":{"gid":"USA.45_1","name":"犹他州","nameEn":"Utah","nameLocal":"Utah","type":"州","typeEn":"State","groupZh":"州","area":219629.5,"iso":"US-UT","engtype":"State","capital":"盐湖城","pop":3271601,"blurb":"摩门教中心，大盐湖与拱门国家公园。"},"geometry":{"type":"Polygon","coordinates":[[[-110.0011,36.9992],[-109.0449,36.9986],[-109.0409,38.1603],[-109.0608,38.3521],[-109.049,41.0],[-111.0456,40.9978],[-111.0463,42.0005],[-114.0404,41.9934],[-114.051,37.0],[-110.0011,36.9992]]]}},{"type":"Feature","properties":{"gid":"USA.46_1","name":"佛蒙特州","nameEn":"Vermont","nameLocal":"Vermont","type":"州","typeEn":"State","groupZh":"州","area":24933.1,"iso":"US-VT","engtype":"State","capital":"蒙彼利埃","pop":643077,"blurb":"新英格兰乡村州，枫糖之乡。"},"geometry":{"type":"Polygon","coordinates":[[[-72.9302,42.738],[-72.4566,42.7276],[-72.4796,42.7651],[-72.5109,42.7672],[-72.5564,42.8692],[-72.5257,42.917],[-72.53,42.9552],[-72.4689,42.9748],[-72.445,43.0075],[-72.4675,43.0539],[-72.4387,43.0843],[-72.4346,43.1183],[-72.4538,43.1464],[-72.4381,43.2468],[-72.3951,43.3137],[-72.4062,43.3365],[-72.3893,43.3543],[-72.4141,43.3741],[-72.3803,43.4874],[-72.3979,43.513],[-72.3776,43.5725],[-72.3289,43.6007],[-72.297,43.7071],[-72.2043,43.7703],[-72.1826,43.8057],[-72.1855,43.8604],[-72.0904,43.9651],[-72.1127,43.9691],[-72.1067,44.0115],[-72.092,44.0093],[-72.0707,44.0573],[-72.0374,44.0774],[-72.0463,44.0865],[-72.0343,44.0993],[-72.056,44.1069],[-72.0389,44.1279],[-72.0428,44.1553],[-72.0693,44.1921],[-72.052,44.2409],[-72.0599,44.2861],[-72.0282,44.3178],[-71.9802,44.3322],[-71.8196,44.352],[-71.7956,44.3949],[-71.7033,44.4138],[-71.6627,44.4386],[-71.6431,44.4745],[-71.5796,44.502],[-71.5957,44.5189],[-71.575,44.5357],[-71.5971,44.5591],[-71.5373,44.5867],[-71.563,44.6009],[-71.5477,44.628],[-71.5849,44.657],[-71.6339,44.75],[-71.578,44.7893],[-71.5497,44.8627],[-71.4969,44.9075],[-71.5428,44.9837],[-71.5357,44.9985],[-71.4677,45.0163],[-73.3442,45.0103],[-73.3542,44.9832],[-73.3384,44.961],[-73.3411,44.9199],[-73.3832,44.8415],[-73.3356,44.7903],[-73.3645,44.7409],[-73.3634,44.6957],[-73.3899,44.618],[-73.376,44.5775],[-73.3055,44.4932],[-73.2947,44.4384],[-73.3374,44.3638],[-73.3163,44.2541],[-73.3927,44.1912],[-73.4434,44.0526],[-73.4107,44.0189],[-73.4101,43.9351],[-73.3783,43.8758],[-73.3761,43.8437],[-73.3933,43.8209],[-73.3555,43.772],[-73.4317,43.6439],[-73.4326,43.5893],[-73.3991,43.5696],[-73.3751,43.6233],[-73.3056,43.627],[-73.2975,43.5793],[-73.2581,43.5617],[-73.2461,43.5339],[-73.2789,42.8337],[-73.2916,42.8041],[-73.2754,42.7456],[-72.9302,42.738]]]}},{"type":"Feature","properties":{"gid":"USA.47_1","name":"弗吉尼亚州","nameEn":"Virginia","nameLocal":"Virginia","type":"州","typeEn":"State","groupZh":"州","area":103358.1,"iso":"US-VA","engtype":"State","capital":"里士满","pop":8631419,"blurb":"大西洋沿岸州，五角大楼与历史殖民城。"},"geometry":{"type":"MultiPolygon","coordinates":[[[[-76.4003,36.8163],[-76.4038,36.8331],[-76.3409,36.8602],[-76.3616,36.8854],[-76.3372,36.88],[-76.355,36.9242],[-76.3853,36.9244],[-76.3903,36.8959],[-76.4422,36.9064],[-76.4557,36.8838],[-76.4955,36.8803],[-76.5212,36.8553],[-76.5118,36.8476],[-76.5562,36.8308],[-76.5627,36.7885],[-76.5627,36.8372],[-76.4831,36.897],[-76.4919,36.9217],[-76.535,36.8894],[-76.4963,36.9244],[-76.51,36.9497],[-76.4866,36.9387],[-76.4861,36.9561],[-76.56,37.0036],[-76.5797,37.0],[-76.5872,37.029],[-76.6639,37.0472],[-76.657,37.1088],[-76.6686,37.1672],[-76.6822,37.1706],[-76.6637,37.173],[-76.6856,37.197],[-76.7146,37.1489],[-76.7364,37.1462],[-76.7939,37.1892],[-76.8103,37.1764],[-76.8042,37.2072],[-76.9,37.1992],[-76.9808,37.2408],[-77.0114,37.2325],[-77.0239,37.2028],[-77.0119,37.2336],[-76.9853,37.2447],[-77.0036,37.3017],[-77.0639,37.2603],[-77.0842,37.2725],[-77.0936,37.3081],[-77.1911,37.285],[-77.2225,37.3133],[-77.2539,37.2908],[-77.2706,37.3097],[-77.2308,37.3275],[-77.1278,37.3094],[-77.0728,37.3275],[-77.0733,37.2725],[-77.0156,37.3125],[-76.9906,37.3036],[-76.9847,37.2767],[-76.9404,37.2369],[-76.9178,37.2339],[-76.8817,37.2567],[-76.8686,37.2419],[-76.8202,37.243],[-76.753,37.19],[-76.7347,37.2028],[-76.7581,37.2152],[-76.6466,37.219],[-76.6125,37.1703],[-76.597,37.1801],[-76.6283,37.1261],[-76.5638,37.0781],[-76.55,37.0811],[-76.5697,37.1256],[-76.5425,37.0881],[-76.5283,37.08],[-76.5222,37.0911],[-76.5265,37.0629],[-76.4647,37.0277],[-76.4173,36.9596],[-76.3484,37.0065],[-76.345,37.035],[-76.3244,37.0522],[-76.342,37.0209],[-76.3181,37.0126],[-76.2958,37.0358],[-76.3153,37.0108],[-76.3033,37.0023],[-76.2702,37.0878],[-76.2848,37.1047],[-76.3066,37.094],[-76.3033,37.0681],[-76.3194,37.098],[-76.3638,37.0513],[-76.3368,37.0911],[-76.3799,37.1105],[-76.3642,37.1203],[-76.3444,37.0997],[-76.2938,37.1264],[-76.3417,37.1506],[-76.3378,37.1683],[-76.3503,37.1702],[-76.3753,37.1608],[-76.3529,37.1594],[-76.35,37.1475],[-76.3698,37.1524],[-76.3622,37.1353],[-76.4,37.161],[-76.4122,37.1397],[-76.425,37.1459],[-76.425,37.1289],[-76.4461,37.1353],[-76.4068,37.1724],[-76.4519,37.1783],[-76.4283,37.1928],[-76.3936,37.1742],[-76.3939,37.1994],[-76.4483,37.2061],[-76.4175,37.208],[-76.4206,37.2233],[-76.4706,37.205],[-76.5533,37.2683],[-76.6339,37.2969],[-76.6164,37.3053],[-76.66,37.3667],[-76.7447,37.44],[-76.7631,37.4825],[-76.8056,37.5008],[-76.7895,37.5409],[-76.7797,37.5128],[-76.7372,37.4864],[-76.7114,37.4444],[-76.6839,37.4542],[-76.7031,37.4494],[-76.69,37.4219],[-76.662,37.4181],[-76.575,37.315],[-76.5672,37.3319],[-76.5678,37.3158],[-76.5511,37.3117],[-76.5594,37.2986],[-76.5331,37.2956],[-76.5058,37.2461],[-76.4722,37.2614],[-76.4808,37.2531],[-76.4633,37.2497],[-76.3865,37.2638],[-76.4053,37.2719],[-76.3758,37.282],[-76.3979,37.3136],[-76.4501,37.2991],[-76.4442,37.2825],[-76.4722,37.2833],[-76.4547,37.2952],[-76.4717,37.3036],[-76.4383,37.3147],[-76.4864,37.3114],[-76.4711,37.3197],[-76.4839,37.3422],[-76.4643,37.3192],[-76.4439,37.3328],[-76.4331,37.322],[-76.4363,37.3334],[-76.4168,37.3209],[-76.4028,37.3372],[-76.4451,37.3658],[-76.4447,37.3531],[-76.4861,37.3667],[-76.4706,37.3656],[-76.4613,37.3868],[-76.4956,37.4014],[-76.4942,37.4139],[-76.4085,37.3697],[-76.4159,37.4086],[-76.4592,37.4167],[-76.4432,37.4555],[-76.4429,37.4226],[-76.4044,37.4183],[-76.4121,37.4428],[-76.3933,37.3914],[-76.3506,37.3694],[-76.3469,37.4132],[-76.3667,37.4286],[-76.3539,37.4489],[-76.3581,37.4214],[-76.33,37.4256],[-76.3467,37.4042],[-76.3267,37.3861],[-76.3365,37.3612],[-76.3208,37.3439],[-76.3017,37.3517],[-76.3144,37.3394],[-76.2772,37.31],[-76.2726,37.3553],[-76.315,37.3728],[-76.2588,37.3616],[-76.2469,37.395],[-76.2676,37.3955],[-76.2542,37.3918],[-76.2522,37.436],[-76.2624,37.4527],[-76.2727,37.441],[-76.2765,37.4647],[-76.2791,37.4515],[-76.3058,37.4612],[-76.2792,37.4737],[-76.3036,37.4891],[-76.3472,37.4853],[-76.3276,37.4895],[-76.3623,37.5228],[-76.4047,37.5282],[-76.4221,37.5067],[-76.4694,37.5131],[-76.4645,37.5264],[-76.5061,37.5308],[-76.5485,37.5676],[-76.4467,37.5189],[-76.4315,37.5294],[-76.4219,37.5128],[-76.4047,37.5416],[-76.3361,37.5427],[-76.3313,37.5254],[-76.34,37.5464],[-76.2987,37.5613],[-76.3331,37.5699],[-76.3453,37.5572],[-76.3408,37.5718],[-76.4396,37.5835],[-76.4235,37.5908],[-76.4386,37.5917],[-76.4332,37.6127],[-76.5331,37.6122],[-76.5667,37.6386],[-76.5897,37.6206],[-76.5972,37.63],[-76.5772,37.6264],[-76.5669,37.6417],[-76.6,37.6569],[-76.5744,37.657],[-76.6308,37.6836],[-76.5796,37.6716],[-76.5896,37.6954],[-76.6069,37.6955],[-76.5998,37.7207],[-76.6297,37.7222],[-76.627,37.7483],[-76.6748,37.7551],[-76.6815,37.7807],[-76.7234,37.7884],[-76.7945,37.8955],[-76.8886,37.9525],[-76.8784,37.9706],[-76.9286,37.9831],[-76.9319,37.9944],[-76.9108,38.0019],[-76.9392,38.0325],[-76.9164,38.0294],[-76.93,38.0732],[-76.9814,38.0831],[-76.9996,38.1079],[-77.0348,38.0896],[-77.06,38.106],[-77.0603,38.15],[-77.0866,38.1337],[-77.0994,38.1544],[-77.1158,38.1338],[-77.1389,38.1624],[-77.1725,38.1558],[-77.2031,38.1872],[-77.1209,38.1752],[-77.1139,38.1569],[-77.0941,38.1724],[-77.0771,38.1557],[-77.054,38.1616],[-77.0428,38.1115],[-76.9889,38.115],[-76.9845,38.0892],[-76.9284,38.0764],[-76.8966,37.9895],[-76.8571,37.9728],[-76.8411,37.9838],[-76.8522,37.9811],[-76.8432,37.9409],[-76.7982,37.9245],[-76.7654,37.879],[-76.7278,37.8667],[-76.7408,37.8568],[-76.7262,37.8362],[-76.694,37.8223],[-76.6592,37.8439],[-76.6797,37.8242],[-76.6513,37.796],[-76.6383,37.8072],[-76.6486,37.8194],[-76.6344,37.8003],[-76.5989,37.8106],[-76.6347,37.7894],[-76.5978,37.7872],[-76.6186,37.7839],[-76.6001,37.7723],[-76.5775,37.78],[-76.5686,37.7344],[-76.5428,37.7186],[-76.5366,37.665],[-76.5097,37.6425],[-76.4689,37.7042],[-76.4602,37.6835],[-76.4425,37.6833],[-76.4719,37.6661],[-76.4541,37.6496],[-76.427,37.6703],[-76.4344,37.6556],[-76.4061,37.6553],[-76.4389,37.6528],[-76.4297,37.6412],[-76.3617,37.6092],[-76.3639,37.6244],[-76.3042,37.6319],[-76.2906,37.6258],[-76.3067,37.6211],[-76.2808,37.615],[-76.3077,37.6416],[-76.3206,37.627],[-76.3608,37.6336],[-76.3325,37.6328],[-76.3331,37.6469],[-76.3606,37.6536],[-76.3375,37.6642],[-76.3672,37.6822],[-76.3338,37.6703],[-76.325,37.6757],[-76.3504,37.6993],[-76.3028,37.6897],[-76.345,37.7486],[-76.335,37.7597],[-76.3072,37.73],[-76.3233,37.7653],[-76.2853,37.7828],[-76.3081,37.7881],[-76.3222,37.8031],[-76.3086,37.7975],[-76.3075,37.8098],[-76.3275,37.8192],[-76.2834,37.8219],[-76.2833,37.8567],[-76.2803,37.8383],[-76.2658,37.8386],[-76.2829,37.8133],[-76.2657,37.817],[-76.2378,37.8886],[-76.25,37.8706],[-76.2539,37.8892],[-76.2869,37.8706],[-76.2775,37.8858],[-76.2983,37.88],[-76.3226,37.9111],[-76.29,37.8903],[-76.2675,37.8919],[-76.2778,37.9069],[-76.26,37.8928],[-76.2555,37.9033],[-76.3442,37.9474],[-76.3567,37.9303],[-76.35,37.9494],[-76.375,37.9556],[-76.3878,37.9456],[-76.3803,37.92],[-76.3944,37.9208],[-76.3872,37.9569],[-76.4136,37.9646],[-76.4203,37.9481],[-76.4178,37.9672],[-76.4453,37.9717],[-76.4434,37.9869],[-76.4647,37.985],[-76.4565,37.9688],[-76.476,37.9667],[-76.4881,37.9361],[-76.4858,37.955],[-76.5006,37.9556],[-76.4625,37.98],[-76.4961,37.9881],[-76.5064,37.9753],[-76.5102,37.9945],[-76.4633,38.0044],[-76.5364,38.0261],[-76.5369,37.9775],[-76.5431,38.0092],[-76.5694,37.9981],[-76.5421,38.0226],[-76.5718,38.0256],[-76.5861,38.0067],[-76.5792,38.0378],[-76.5497,38.0297],[-76.5692,38.0461],[-76.5575,38.045],[-76.5596,38.0617],[-76.5458,38.039],[-76.5209,38.0457],[-76.5621,38.0882],[-76.581,38.0958],[-76.5907,38.0789],[-76.5824,38.0974],[-76.6189,38.1145],[-76.6001,38.1138],[-76.6123,38.1487],[-76.6428,38.1489],[-76.6326,38.1293],[-76.6481,38.0939],[-76.6725,38.1011],[-76.6427,38.1096],[-76.6457,38.1289],[-76.6569,38.1208],[-76.6658,38.1489],[-76.7016,38.1598],[-76.7221,38.137],[-76.7064,38.1453],[-76.7069,38.1315],[-76.6878,38.1283],[-76.7129,38.1365],[-76.7031,38.1111],[-76.7334,38.0943],[-76.7006,38.0658],[-76.7521,38.1023],[-76.7184,38.1073],[-76.7229,38.1304],[-76.7492,38.1319],[-76.7758,38.1672],[-76.8398,38.1638],[-76.9044,38.1922],[-76.9204,38.1734],[-76.9064,38.1933],[-76.9164,38.1994],[-77.0042,38.2036],[-76.963,38.2125],[-76.9775,38.2436],[-76.9688,38.2512],[-76.9607,38.2313],[-76.9573,38.2424],[-76.9812,38.2746],[-77.0292,38.2667],[-77.0014,38.2808],[-77.0299,38.311],[-77.0601,38.3157],[-77.0521,38.2933],[-77.0725,38.2847],[-77.0553,38.2942],[-77.0714,38.3074],[-77.0551,38.3217],[-77.0597,38.3386],[-77.0389,38.3193],[-77.0147,38.3322],[-77.0135,38.3748],[-77.0418,38.4001],[-77.0947,38.3637],[-77.1389,38.3672],[-77.1634,38.3453],[-77.237,38.3312],[-77.3658,38.3503],[-77.3017,38.3581],[-77.3308,38.3694],[-77.2872,38.3528],[-77.375,38.4403],[-77.3113,38.3971],[-77.3233,38.4651],[-77.2829,38.5267],[-77.3114,38.5565],[-77.2864,38.5455],[-77.2861,38.5303],[-77.2764,38.5372],[-77.2574,38.5609],[-77.2828,38.59],[-77.2464,38.5926],[-77.2753,38.6078],[-77.2503,38.6053],[-77.2475,38.6337],[-77.2242,38.6453],[-77.2578,38.6836],[-77.2235,38.658],[-77.181,38.6506],[-77.2153,38.6372],[-77.2027,38.6178],[-77.1311,38.6354],[-77.1504,38.6659],[-77.1889,38.6825],[-77.1561,38.6917],[-77.1334,38.6737],[-77.129,38.7052],[-77.1034,38.6976],[-77.0462,38.7145],[-77.0559,38.7918],[-77.0383,38.7925],[-77.0457,38.8397],[-77.0318,38.8533],[-77.1488,38.9646],[-77.2447,38.9868],[-77.2508,39.0295],[-77.3273,39.0611],[-77.4532,39.0729],[-77.4847,39.111],[-77.5176,39.1238],[-77.5151,39.1704],[-77.476,39.1908],[-77.4606,39.2317],[-77.5367,39.2651],[-77.5645,39.3064],[-77.7197,39.3253],[-77.8299,39.1343],[-78.3473,39.4666],[-78.3599,39.4087],[-78.3462,39.3868],[-78.3651,39.3601],[-78.3392,39.35],[-78.4167,39.2612],[-78.4036,39.2384],[-78.4352,39.2003],[-78.404,39.1672],[-78.5716,39.0333],[-78.5523,39.0189],[-78.6007,38.966],[-78.6259,38.9831],[-78.7143,38.9048],[-78.7225,38.9323],[-78.7813,38.8923],[-78.866,38.7631],[-78.9976,38.8489],[-79.0262,38.7938],[-79.0547,38.7868],[-79.0873,38.7144],[-79.0934,38.6588],[-79.1277,38.6531],[-79.2072,38.4969],[-79.2785,38.4225],[-79.3177,38.4143],[-79.4746,38.4574],[-79.5361,38.552],[-79.6481,38.5906],[-79.6685,38.5529],[-79.6633,38.5145],[-79.6947,38.4921],[-79.6914,38.4319],[-79.7274,38.3858],[-79.7274,38.3616],[-79.7613,38.3545],[-79.8075,38.3093],[-79.7882,38.2686],[-79.9178,38.1839],[-79.9178,38.154],[-79.9415,38.1313],[-79.9272,38.1064],[-79.9992,37.9973],[-80.1648,37.8752],[-80.2258,37.8035],[-80.2201,37.78],[-80.2565,37.7558],[-80.2552,37.725],[-80.3074,37.6895],[-80.2215,37.6282],[-80.326,37.5667],[-80.3127,37.5463],[-80.3338,37.5368],[-80.2821,37.5344],[-80.3066,37.505],[-80.4727,37.427],[-80.4936,37.4419],[-80.5026,37.4789],[-80.55,37.4729],[-80.7709,37.3729],[-80.8575,37.4304],[-80.8824,37.3848],[-80.8504,37.3495],[-80.8985,37.3171],[-80.9595,37.294],[-80.9886,37.3024],[-81.1222,37.2759],[-81.2276,37.2345],[-81.3612,37.3364],[-81.42,37.2724],[-81.4957,37.2555],[-81.5599,37.208],[-81.6755,37.2028],[-81.7406,37.2397],[-81.7598,37.2737],[-81.8504,37.2873],[-81.8656,37.3188],[-81.9262,37.3605],[-81.9357,37.4379],[-81.9953,37.4714],[-81.9282,37.5141],[-81.9673,37.5372],[-82.3438,37.2719],[-82.5005,37.2255],[-82.7206,37.1205],[-82.7198,37.0484],[-82.8653,36.9786],[-82.8556,36.953],[-82.8736,36.8958],[-83.0067,36.847],[-83.0699,36.8528],[-83.1331,36.7845],[-83.1374,36.7438],[-83.3354,36.7041],[-83.4221,36.67],[-83.5296,36.6648],[-83.6748,36.6012],[-81.9352,36.595],[-81.9233,36.6166],[-81.6475,36.6125],[-81.6758,36.589],[-80.2775,36.5433],[-76.1527,36.5504],[-76.1598,36.572],[-76.1509,36.5504],[-76.0358,36.5508],[-76.0619,36.5953],[-76.0495,36.617],[-76.0778,36.7039],[-76.0481,36.6192],[-76.0587,36.5964],[-76.013,36.5505],[-75.9838,36.5504],[-75.9928,36.6353],[-75.9686,36.6683],[-75.9633,36.6522],[-75.9639,36.6673],[-75.9521,36.6615],[-75.9506,36.6792],[-75.9572,36.6661],[-75.9754,36.6736],[-75.9508,36.7008],[-75.9722,36.7111],[-75.9434,36.7223],[-75.9118,36.6214],[-75.8879,36.5926],[-75.8828,36.5642],[-75.8994,36.5694],[-75.8998,36.5546],[-75.8686,36.5508],[-76.0015,36.9262],[-76.0383,36.9317],[-76.0906,36.9081],[-76.0572,36.8771],[-76.071,36.8726],[-76.0659,36.8379],[-76.0712,36.877],[-76.0957,36.8924],[-76.1121,36.8578],[-76.1311,36.8553],[-76.1085,36.8721],[-76.1164,36.8875],[-76.0894,36.8978],[-76.0961,36.9088],[-76.1755,36.9302],[-76.1636,36.9136],[-76.1821,36.9123],[-76.1789,36.9297],[-76.2775,36.9692],[-76.2992,36.9653],[-76.2714,36.9605],[-76.2875,36.944],[-76.331,36.9606],[-76.3254,36.902],[-76.3187,36.9137],[-76.2853,36.9103],[-76.2896,36.8934],[-76.2591,36.892],[-76.2725,36.8953],[-76.2738,36.8747],[-76.3123,36.9038],[-76.3308,36.8744],[-76.2916,36.8431],[-76.2296,36.8403],[-76.2283,36.8558],[-76.2252,36.8393],[-76.1958,36.8289],[-76.2391,36.8353],[-76.2436,36.8131],[-76.2349,36.8273],[-76.2469,36.8361],[-76.294,36.8357],[-76.2867,36.8069],[-76.3068,36.7803],[-76.2942,36.7758],[-76.297,36.74],[-76.2497,36.7236],[-76.3092,36.7339],[-76.2972,36.7742],[-76.3106,36.7797],[-76.2913,36.8212],[-76.3149,36.8581],[-76.4003,36.8163]]],[[[-75.8653,37.2892],[-75.8936,37.2847],[-75.8972,37.2472],[-75.9214,37.235],[-75.9047,37.2261],[-75.9114,37.1522],[-75.8969,37.1764],[-75.8956,37.1556],[-75.8744,37.1478],[-75.8986,37.1422],[-75.9222,37.1117],[-75.8944,37.1189],[-75.8258,37.1794],[-75.8478,37.1783],[-75.8017,37.2006],[-75.8092,37.2119],[-75.8633,37.1933],[-75.8819,37.1694],[-75.8664,37.1961],[-75.8706,37.2097],[-75.8869,37.2053],[-75.8833,37.23],[-75.8475,37.2706],[-75.8778,37.2828],[-75.8653,37.2892]]],[[[-75.8078,37.2361],[-75.8447,37.2156],[-75.8092,37.215],[-75.8078,37.2361]]],[[[-75.7953,37.28],[-75.8022,37.2953],[-75.8111,37.2406],[-75.7953,37.28]]],[[[-75.9637,36.5532],[-75.9218,36.5506],[-75.9206,36.5643],[-75.9669,36.5605],[-75.9514,36.5753],[-75.9825,36.5647],[-75.9637,36.5532]]],[[[-75.9383,36.6401],[-75.949,36.6322],[-75.9294,36.6267],[-75.9383,36.6401]]],[[[-75.9289,36.6706],[-75.9306,36.6875],[-75.9488,36.6483],[-75.9295,36.6543],[-75.9289,36.6706]]],[[[-75.8303,37.285],[-75.8486,37.2747],[-75.8281,37.2703],[-75.8303,37.285]]],[[[-75.7275,37.3458],[-75.7261,37.3614],[-75.7528,37.3303],[-75.7628,37.3417],[-75.7603,37.3156],[-75.7939,37.3017],[-75.7714,37.3006],[-75.7275,37.3458]]],[[[-75.6619,37.4606],[-75.7106,37.4406],[-75.6931,37.4319],[-75.7269,37.3683],[-75.6619,37.4606]]],[[[-75.8133,37.4722],[-75.7575,37.4975],[-75.7411,37.4764],[-75.7231,37.4867],[-75.7156,37.4556],[-75.6847,37.4567],[-75.6836,37.4864],[-75.7194,37.4803],[-75.6986,37.4953],[-75.7142,37.4958],[-75.7064,37.5039],[-75.7533,37.5072],[-75.7128,37.5558],[-75.7144,37.5389],[-75.6958,37.5269],[-75.7164,37.5097],[-75.6769,37.5247],[-75.6867,37.4975],[-75.6581,37.4867],[-75.5967,37.5733],[-75.6172,37.5783],[-75.6689,37.5294],[-75.6886,37.5564],[-75.6353,37.5647],[-75.6961,37.5717],[-75.6947,37.5906],[-75.6742,37.5986],[-75.6694,37.5778],[-75.625,37.5689],[-75.6292,37.5883],[-75.6672,37.6089],[-75.6631,37.6317],[-75.6181,37.6653],[-75.6397,37.64],[-75.6053,37.62],[-75.5853,37.6786],[-75.615,37.6925],[-75.6083,37.7078],[-75.58,37.7442],[-75.5531,37.7417],[-75.5019,37.8178],[-75.4247,37.8756],[-75.4267,37.8944],[-75.4644,37.8839],[-75.4111,37.9158],[-75.4322,37.9211],[-75.4186,37.9344],[-75.4364,37.9633],[-75.4275,37.9864],[-75.3775,38.0175],[-75.6237,37.9955],[-75.6472,37.9735],[-75.6425,37.9358],[-75.7142,37.9378],[-75.7431,37.9128],[-75.7378,37.9008],[-75.7583,37.9006],[-75.6572,37.9053],[-75.6986,37.8914],[-75.67,37.8772],[-75.6883,37.8586],[-75.6522,37.8592],[-75.6711,37.8556],[-75.6814,37.8428],[-75.6689,37.8364],[-75.6881,37.8264],[-75.7092,37.845],[-75.705,37.8147],[-75.7222,37.8206],[-75.7239,37.8067],[-75.7003,37.8047],[-75.7131,37.7953],[-75.7025,37.7856],[-75.7431,37.7869],[-75.7433,37.7528],[-75.7544,37.7919],[-75.7794,37.7922],[-75.77,37.8036],[-75.8167,37.79],[-75.7808,37.7811],[-75.8025,37.7622],[-75.7722,37.7697],[-75.7578,37.7397],[-75.7886,37.7569],[-75.8322,37.7275],[-75.8178,37.7372],[-75.7561,37.7117],[-75.7975,37.7244],[-75.8061,37.7089],[-75.8111,37.7228],[-75.8372,37.7136],[-75.8208,37.6983],[-75.8442,37.6997],[-75.8531,37.6781],[-75.7994,37.6667],[-75.8253,37.6536],[-75.8308,37.6678],[-75.8678,37.6689],[-75.8808,37.6583],[-75.8694,37.6503],[-75.8908,37.6494],[-75.8828,37.62],[-75.8353,37.6342],[-75.8769,37.6147],[-75.8714,37.5978],[-75.9058,37.6267],[-75.9261,37.5961],[-75.885,37.5753],[-75.9183,37.5861],[-75.9411,37.5653],[-75.88,37.5519],[-75.8289,37.5675],[-75.8492,37.5508],[-75.9356,37.5469],[-75.9631,37.475],[-75.9231,37.4892],[-75.8928,37.5244],[-75.9047,37.5094],[-75.89,37.495],[-75.9206,37.485],[-75.8933,37.4825],[-75.9392,37.4767],[-75.9106,37.4581],[-75.9431,37.4722],[-75.9653,37.4625],[-75.9806,37.4028],[-75.9369,37.4394],[-75.9525,37.4247],[-75.9303,37.4153],[-75.9575,37.4206],[-75.9753,37.4056],[-75.9444,37.3847],[-75.9886,37.3825],[-75.9694,37.3633],[-75.9889,37.3675],[-76.0168,37.324],[-76.0212,37.2974],[-75.9921,37.3332],[-75.9733,37.3181],[-75.9881,37.3117],[-75.9781,37.3056],[-76.0031,37.3075],[-76.026,37.2628],[-76.0048,37.2338],[-75.9867,37.2589],[-75.9952,37.2381],[-75.9825,37.2342],[-76.01,37.2308],[-76.0136,37.2088],[-75.9764,37.1547],[-75.9772,37.0875],[-75.9422,37.0892],[-75.9686,37.1169],[-75.9336,37.1303],[-75.9381,37.2008],[-75.9203,37.208],[-75.9344,37.2369],[-75.9161,37.3069],[-75.9158,37.2906],[-75.9006,37.2886],[-75.8936,37.3169],[-75.9058,37.3339],[-75.8619,37.3925],[-75.8269,37.3856],[-75.7903,37.4031],[-75.8197,37.4233],[-75.8133,37.4722]],[[-75.6508,37.6203],[-75.6456,37.6064],[-75.6592,37.6044],[-75.6508,37.6203]]],[[[-75.8531,37.3656],[-75.9003,37.2933],[-75.8672,37.3006],[-75.8328,37.3367],[-75.8647,37.3364],[-75.8531,37.3656]]],[[[-76.2878,37.514],[-76.3131,37.4891],[-76.2736,37.484],[-76.2878,37.514]]],[[[-75.6114,37.6111],[-75.6228,37.5997],[-75.6128,37.5808],[-75.6114,37.6111]]],[[[-75.3142,37.9811],[-75.3292,37.9831],[-75.3928,37.9264],[-75.3914,37.9461],[-75.4164,37.9383],[-75.4044,37.9153],[-75.3933,37.9206],[-75.4072,37.8994],[-75.3186,37.9433],[-75.3461,37.9444],[-75.3142,37.9811]],[[-75.2448,38.0251],[-75.3553,37.8675],[-75.3753,37.8569],[-75.4042,37.8756],[-75.3539,37.8739],[-75.345,37.8867],[-75.3819,37.8922],[-75.3808,37.9136],[-75.3425,37.9192],[-75.2897,37.9772],[-75.3028,37.9742],[-75.2953,37.9903],[-75.3083,37.9936],[-75.2448,38.0251]]],[[[-75.993,37.8489],[-75.9992,37.8186],[-75.98,37.8025],[-75.9947,37.8128],[-75.9836,37.8217],[-75.9969,37.8425],[-75.9814,37.8342],[-75.993,37.8489]]]]}},{"type":"Feature","properties":{"gid":"USA.48_1","name":"华盛顿州","nameEn":"Washington","nameLocal":"Washington","type":"州","typeEn":"State","groupZh":"州","area":174430.4,"iso":"US-WA","engtype":"State","capital":"奥林匹亚","pop":7707519,"blurb":"太平洋西北州，波音与微软、亚马逊。"},"geometry":{"type":"MultiPolygon","coordinates":[[[[-122.2786,45.561],[-122.2117,45.5646],[-121.9737,45.6319],[-121.8202,45.7085],[-121.7104,45.6958],[-121.5342,45.7267],[-121.4183,45.6928],[-121.3141,45.7022],[-121.2094,45.6669],[-121.1763,45.6064],[-121.1288,45.6133],[-121.0699,45.6561],[-120.9442,45.6598],[-120.9011,45.6453],[-120.631,45.7478],[-120.5625,45.7435],[-120.4809,45.6955],[-120.2233,45.7254],[-120.15,45.7709],[-119.978,45.8253],[-119.6699,45.859],[-119.586,45.9243],[-119.5059,45.9054],[-119.3019,45.9377],[-119.185,45.9265],[-119.0284,45.9679],[-118.9857,46.0036],[-116.9125,45.9972],[-116.9448,46.0661],[-116.9811,46.0874],[-116.9544,46.1058],[-116.9218,46.1711],[-116.9631,46.2032],[-116.9587,46.2396],[-116.987,46.2957],[-117.0608,46.3574],[-117.0323,46.4131],[-117.0426,48.0459],[-117.0294,48.9998],[-122.7577,49.0025],[-122.7663,48.9913],[-122.7402,48.9825],[-122.7353,48.9619],[-122.7833,48.9698],[-122.774,48.9916],[-122.823,48.9425],[-122.7472,48.9314],[-122.7514,48.9111],[-122.7941,48.8934],[-122.7579,48.8598],[-122.7192,48.8494],[-122.7101,48.7868],[-122.6989,48.8037],[-122.6472,48.7847],[-122.6728,48.7318],[-122.6502,48.7156],[-122.6006,48.7711],[-122.5614,48.7781],[-122.4954,48.7567],[-122.4903,48.7425],[-122.52,48.7133],[-122.5072,48.6898],[-122.4974,48.7012],[-122.4902,48.6714],[-122.5116,48.6674],[-122.4261,48.6],[-122.4436,48.5711],[-122.4669,48.5656],[-122.4575,48.5542],[-122.4892,48.5575],[-122.496,48.5762],[-122.5606,48.583],[-122.5029,48.5624],[-122.4747,48.4603],[-122.5372,48.4669],[-122.5683,48.5094],[-122.5814,48.4919],[-122.5717,48.4656],[-122.585,48.4661],[-122.605,48.5222],[-122.7033,48.4933],[-122.6569,48.4717],[-122.6553,48.4547],[-122.6792,48.4397],[-122.6575,48.4083],[-122.6153,48.4133],[-122.5472,48.4525],[-122.5592,48.4214],[-122.5331,48.3747],[-122.4847,48.3714],[-122.4643,48.3583],[-122.4908,48.3703],[-122.5089,48.3606],[-122.4156,48.3344],[-122.3747,48.3008],[-122.3972,48.25],[-122.4656,48.2706],[-122.4794,48.2522],[-122.5311,48.2497],[-122.5372,48.1839],[-122.5114,48.1331],[-122.49,48.1206],[-122.4677,48.1299],[-122.3881,48.0638],[-122.3564,48.0564],[-122.4783,48.1758],[-122.4772,48.2047],[-122.4619,48.1933],[-122.4415,48.2097],[-122.4486,48.2325],[-122.3922,48.2303],[-122.3689,48.2147],[-122.3764,48.195],[-122.3533,48.1879],[-122.3708,48.1648],[-122.3686,48.1353],[-122.3433,48.0977],[-122.2728,48.0527],[-122.2897,48.0517],[-122.2378,48.0303],[-122.2111,48.0447],[-122.1764,48.0372],[-122.1497,48.0167],[-122.175,48.0353],[-122.2068,48.0312],[-122.1772,48.0056],[-122.2158,48.0181],[-122.2344,47.9817],[-122.2189,47.9886],[-122.2231,47.9761],[-122.3066,47.9498],[-122.3373,47.8499],[-122.3954,47.8066],[-122.3994,47.78],[-122.3736,47.7266],[-122.4112,47.6769],[-122.3667,47.6561],[-122.4103,47.6716],[-122.4358,47.6619],[-122.3369,47.6008],[-122.3443,47.5737],[-122.3461,47.5906],[-122.3592,47.5744],[-122.3849,47.5953],[-122.4209,47.5761],[-122.4,47.5546],[-122.3986,47.5169],[-122.3614,47.4847],[-122.3821,47.4509],[-122.3548,47.4415],[-122.3285,47.3995],[-122.324,47.3504],[-122.429,47.3193],[-122.4447,47.3013],[-122.3618,47.2611],[-122.4105,47.2828],[-122.3756,47.2547],[-122.4175,47.2782],[-122.4106,47.2497],[-122.4293,47.2681],[-122.4319,47.2417],[-122.4514,47.2778],[-122.548,47.3174],[-122.5298,47.2831],[-122.5837,47.2029],[-122.5772,47.1853],[-122.6142,47.1683],[-122.6256,47.1427],[-122.685,47.0978],[-122.7194,47.0993],[-122.7272,47.0858],[-122.728,47.1017],[-122.7858,47.127],[-122.8149,47.1781],[-122.8274,47.1617],[-122.8264,47.0953],[-122.8525,47.1275],[-122.8403,47.1331],[-122.842,47.1641],[-122.9077,47.1403],[-122.8872,47.1142],[-122.905,47.0242],[-122.9358,47.0817],[-122.9258,47.1467],[-122.9409,47.1056],[-123.0063,47.0732],[-122.9867,47.0403],[-123.0166,47.0664],[-122.9881,47.1044],[-122.9564,47.107],[-122.9569,47.1358],[-122.9198,47.1659],[-122.9373,47.1818],[-122.9815,47.1374],[-123.0011,47.1455],[-123.0259,47.1095],[-123.0864,47.0981],[-123.0613,47.1198],[-123.0226,47.1234],[-123.0172,47.1478],[-123.0414,47.1542],[-123.0864,47.1356],[-122.9628,47.1695],[-122.9388,47.1988],[-123.0919,47.2108],[-123.0183,47.2614],[-123.048,47.235],[-123.0325,47.2214],[-123.0698,47.2106],[-122.9353,47.2057],[-122.9276,47.2804],[-122.8673,47.3153],[-122.846,47.3114],[-122.8326,47.3296],[-122.8272,47.4056],[-122.8069,47.3583],[-122.7822,47.3694],[-122.7969,47.3472],[-122.7669,47.3408],[-122.7903,47.3371],[-122.7877,47.2989],[-122.8308,47.244],[-122.7905,47.1883],[-122.7719,47.1875],[-122.7721,47.1685],[-122.7497,47.1771],[-122.749,47.2205],[-122.7432,47.2066],[-122.7212,47.2214],[-122.7187,47.2504],[-122.7359,47.2481],[-122.7367,47.265],[-122.7558,47.2561],[-122.7488,47.2738],[-122.7661,47.2698],[-122.7281,47.3287],[-122.7353,47.3453],[-122.6931,47.3547],[-122.6992,47.3692],[-122.692,47.3596],[-122.6412,47.3796],[-122.6275,47.4097],[-122.6247,47.3719],[-122.6696,47.3432],[-122.6508,47.3294],[-122.6882,47.3097],[-122.6803,47.2983],[-122.6963,47.285],[-122.6008,47.2723],[-122.6124,47.2989],[-122.5902,47.2802],[-122.5977,47.2618],[-122.5765,47.2572],[-122.5482,47.2856],[-122.5931,47.3367],[-122.5847,47.3442],[-122.572,47.3269],[-122.5385,47.376],[-122.5508,47.4256],[-122.5314,47.4291],[-122.5319,47.4697],[-122.4957,47.5101],[-122.5467,47.5249],[-122.5326,47.5646],[-122.5546,47.5902],[-122.6077,47.5469],[-122.6964,47.5286],[-122.621,47.5643],[-122.666,47.5827],[-122.6679,47.6033],[-122.6725,47.5803],[-122.6788,47.5931],[-122.6681,47.5694],[-122.685,47.5769],[-122.6873,47.6069],[-122.7094,47.6123],[-122.6916,47.6483],[-122.6522,47.5908],[-122.615,47.5678],[-122.5923,47.5947],[-122.5921,47.6378],[-122.6179,47.651],[-122.614,47.7007],[-122.6486,47.71],[-122.6621,47.7281],[-122.6524,47.7446],[-122.6276,47.7084],[-122.5896,47.6902],[-122.549,47.7331],[-122.5558,47.7619],[-122.5539,47.7464],[-122.5125,47.7434],[-122.4699,47.7575],[-122.5059,47.7951],[-122.4823,47.8154],[-122.5063,47.8319],[-122.5264,47.9128],[-122.5894,47.9214],[-122.6135,47.9408],[-122.6171,47.9257],[-122.5822,47.9058],[-122.5928,47.9064],[-122.564,47.8224],[-122.5811,47.8144],[-122.5805,47.8579],[-122.608,47.8569],[-122.7407,47.736],[-122.7532,47.6678],[-122.8341,47.6378],[-122.8269,47.655],[-122.8529,47.6483],[-122.8689,47.6264],[-122.9155,47.6218],[-122.9229,47.5978],[-122.9637,47.5848],[-123.0678,47.4582],[-123.0528,47.4514],[-123.0837,47.4434],[-123.1194,47.39],[-123.112,47.3741],[-123.0467,47.3756],[-123.0503,47.3633],[-123.0292,47.3595],[-122.9773,47.3963],[-122.8443,47.4343],[-122.9116,47.3895],[-123.0293,47.351],[-123.1014,47.358],[-123.1187,47.3391],[-123.1592,47.3537],[-123.1136,47.463],[-123.0578,47.5014],[-123.0385,47.5503],[-122.982,47.615],[-122.9261,47.6512],[-122.9047,47.6464],[-122.9034,47.6639],[-122.9211,47.6606],[-122.8895,47.6878],[-122.8836,47.731],[-122.8723,47.7444],[-122.852,47.7382],[-122.8694,47.7939],[-122.8561,47.8267],[-122.8448,47.804],[-122.8539,47.7814],[-122.8309,47.7841],[-122.8158,47.8094],[-122.8215,47.839],[-122.8053,47.8531],[-122.7895,47.7855],[-122.8322,47.6918],[-122.7846,47.6873],[-122.7715,47.6934],[-122.7835,47.7218],[-122.7563,47.7508],[-122.7479,47.803],[-122.6864,47.8325],[-122.693,47.8678],[-122.6367,47.8661],[-122.6269,47.8886],[-122.6231,47.8772],[-122.6119,47.8872],[-122.6474,47.8953],[-122.6586,47.9304],[-122.6992,47.9153],[-122.6817,47.9222],[-122.6764,47.9589],[-122.6946,47.956],[-122.6786,47.9678],[-122.7181,47.9881],[-122.7264,48.0258],[-122.7516,48.0278],[-122.8008,48.0867],[-122.7487,48.117],[-122.7623,48.1302],[-122.7542,48.1447],[-122.8385,48.1363],[-122.8845,48.1061],[-122.8922,48.0764],[-122.827,48.0442],[-122.8399,48.002],[-122.8872,47.9914],[-122.857,48.0172],[-122.8742,48.0475],[-122.927,48.0651],[-122.9153,48.0958],[-123.0414,48.0808],[-123.0083,48.0692],[-123.0039,48.0231],[-123.0452,48.0581],[-123.0524,48.0831],[-123.0408,48.0864],[-123.0623,48.1182],[-123.1267,48.1542],[-123.1831,48.1469],[-123.1011,48.1853],[-123.1511,48.1739],[-123.2408,48.1172],[-123.3339,48.1128],[-123.4647,48.1336],[-123.4047,48.1419],[-123.5036,48.1319],[-123.5553,48.1511],[-123.5939,48.135],[-123.7039,48.1672],[-123.8633,48.1542],[-123.9794,48.165],[-124.0495,48.1776],[-124.1091,48.2013],[-124.1056,48.2186],[-124.2368,48.2623],[-124.275,48.2545],[-124.3844,48.285],[-124.5646,48.3676],[-124.6292,48.3731],[-124.5944,48.3778],[-124.6008,48.3869],[-124.7311,48.3825],[-124.6595,48.327],[-124.665,48.3],[-124.6878,48.2872],[-124.6836,48.2569],[-124.7078,48.2431],[-124.6908,48.2186],[-124.7,48.1906],[-124.7342,48.1647],[-124.6872,48.0978],[-124.6969,48.0628],[-124.6711,47.9836],[-124.6783,47.9657],[-124.6108,47.8711],[-124.5818,47.8756],[-124.5397,47.8342],[-124.4969,47.8225],[-124.481,47.7671],[-124.455,47.7667],[-124.4247,47.7369],[-124.3586,47.545],[-124.3405,47.5362],[-124.3549,47.5369],[-124.3203,47.3558],[-124.2956,47.3425],[-124.2819,47.3022],[-124.2339,47.2847],[-124.1811,47.1381],[-124.1808,46.9269],[-124.1356,46.9439],[-124.1047,46.9339],[-124.1303,46.9461],[-124.1508,47.0189],[-124.1213,47.0414],[-124.0292,47.0299],[-124.0054,47.0038],[-124.0142,46.9853],[-123.9328,46.98],[-123.9462,46.9679],[-123.8775,46.9763],[-123.8368,46.9601],[-123.8061,46.9711],[-124.0464,46.8942],[-124.0647,46.8626],[-124.0256,46.8719],[-124.0428,46.8631],[-124.0122,46.8439],[-124.0247,46.8383],[-124.0475,46.8583],[-124.0894,46.8642],[-124.0922,46.8986],[-124.1114,46.9133],[-124.1586,46.9064],[-124.1311,46.9],[-124.0867,46.7381],[-123.9708,46.7036],[-123.9906,46.715],[-123.9781,46.7156],[-123.9881,46.7239],[-123.9775,46.7389],[-123.9153,46.7261],[-123.9111,46.7458],[-123.8872,46.7508],[-123.8369,46.71],[-123.9263,46.6723],[-123.9206,46.65],[-123.9403,46.6386],[-123.8981,46.5956],[-123.9603,46.6365],[-123.9586,46.6115],[-123.8947,46.5486],[-123.8925,46.5139],[-123.9236,46.5114],[-123.9436,46.4864],[-123.9023,46.4333],[-123.9231,46.4329],[-123.9356,46.4575],[-123.9217,46.4222],[-123.9525,46.4019],[-123.9611,46.3608],[-123.9664,46.3792],[-124.0147,46.3811],[-124.0311,46.4936],[-124.0236,46.5842],[-124.0503,46.6228],[-124.0364,46.6333],[-124.0578,46.6533],[-124.0692,46.6436],[-124.0594,46.3956],[-124.0728,46.2733],[-124.0883,46.2639],[-124.0594,46.2814],[-124.0378,46.2653],[-124.0514,46.2947],[-123.9975,46.3128],[-123.9236,46.2514],[-123.8733,46.2406],[-123.8054,46.2836],[-123.7676,46.2731],[-123.7485,46.2921],[-123.7283,46.2883],[-123.7075,46.3192],[-123.7024,46.3041],[-123.6836,46.3078],[-123.6689,46.267],[-123.4572,46.2687],[-123.4074,46.2135],[-123.2931,46.1535],[-123.1595,46.1938],[-123.0514,46.1693],[-122.9459,46.1025],[-122.8934,46.1034],[-122.9084,46.0995],[-122.8723,46.0809],[-122.8753,46.0383],[-122.83,45.9795],[-122.7851,45.9506],[-122.8047,45.9095],[-122.7779,45.8719],[-122.7883,45.815],[-122.7587,45.7688],[-122.7682,45.6836],[-122.745,45.6533],[-122.6459,45.6129],[-122.2786,45.561]]],[[[-122.4533,47.5013],[-122.4768,47.5102],[-122.4806,47.4836],[-122.5132,47.4529],[-122.5277,47.3967],[-122.5186,47.3337],[-122.4916,47.3321],[-122.4844,47.3803],[-122.4465,47.3888],[-122.4661,47.3914],[-122.4613,47.4014],[-122.4394,47.4061],[-122.4316,47.3893],[-122.4732,47.3615],[-122.4624,47.3433],[-122.3737,47.3883],[-122.4379,47.4081],[-122.4337,47.4659],[-122.4606,47.4867],[-122.4533,47.5013]]],[[[-122.6911,47.1841],[-122.7079,47.1869],[-122.7288,47.1687],[-122.7197,47.1567],[-122.7419,47.1531],[-122.7029,47.1243],[-122.6936,47.1302],[-122.7093,47.1453],[-122.6746,47.1512],[-122.6736,47.1739],[-122.6911,47.1841]]],[[[-122.6764,47.2258],[-122.7039,47.2314],[-122.7269,47.2053],[-122.6795,47.1914],[-122.6433,47.2],[-122.6764,47.2258]]],[[[-122.6516,47.2709],[-122.6699,47.274],[-122.6129,47.2203],[-122.5903,47.2283],[-122.6285,47.2671],[-122.6516,47.2709]]],[[[-122.4872,47.5442],[-122.5059,47.5443],[-122.4891,47.5294],[-122.4872,47.5442]]],[[[-122.5339,47.7056],[-122.5566,47.7185],[-122.5596,47.6747],[-122.5925,47.6631],[-122.5739,47.6442],[-122.5736,47.594],[-122.5499,47.604],[-122.5064,47.5746],[-122.4795,47.5847],[-122.5181,47.5958],[-122.4982,47.597],[-122.4998,47.6171],[-122.5386,47.625],[-122.4919,47.6203],[-122.4898,47.6329],[-122.5173,47.653],[-122.4998,47.6608],[-122.5062,47.703],[-122.5479,47.6923],[-122.5339,47.7056]]],[[[-122.317,48.016],[-122.3346,48.0191],[-122.3025,48.0058],[-122.317,48.016]]],[[[-122.602,48.4102],[-122.6647,48.4017],[-122.6705,48.3603],[-122.77,48.2242],[-122.6927,48.1812],[-122.6794,48.1544],[-122.6104,48.1529],[-122.5986,48.1098],[-122.6139,48.0728],[-122.5936,48.0479],[-122.6072,48.0309],[-122.544,47.9973],[-122.5466,47.9672],[-122.4814,47.9961],[-122.4463,47.962],[-122.4308,47.9139],[-122.3878,47.9267],[-122.3964,47.9114],[-122.3783,47.9054],[-122.3492,47.959],[-122.3767,48.0345],[-122.4316,48.0453],[-122.4917,48.0972],[-122.5214,48.0975],[-122.5103,48.0383],[-122.5405,48.0164],[-122.546,48.0758],[-122.5717,48.1027],[-122.5579,48.1169],[-122.5672,48.1478],[-122.6057,48.2082],[-122.6482,48.2277],[-122.7211,48.2142],[-122.7339,48.2292],[-122.657,48.2456],[-122.6628,48.2773],[-122.6431,48.2893],[-122.6291,48.2677],[-122.6236,48.2922],[-122.5844,48.2979],[-122.5583,48.272],[-122.505,48.2984],[-122.5172,48.3219],[-122.5974,48.3565],[-122.5793,48.3744],[-122.602,48.4102]]],[[[-122.6895,48.1028],[-122.7292,48.0922],[-122.6903,48.0541],[-122.7033,48.0522],[-122.6906,48.0306],[-122.6997,48.0212],[-122.7256,48.0869],[-122.7481,48.0714],[-122.7336,48.0344],[-122.6881,48.0081],[-122.6685,48.031],[-122.6842,48.0486],[-122.6895,48.1028]]],[[[-122.6417,48.5878],[-122.6522,48.5306],[-122.5733,48.5289],[-122.5783,48.5481],[-122.6417,48.5878]]],[[[-123.0612,46.1677],[-123.0738,46.1711],[-123.0506,46.1643],[-123.0612,46.1677]]],[[[-123.3707,46.1871],[-123.4235,46.2062],[-123.4283,46.1942],[-123.3718,46.1515],[-123.3286,46.1528],[-123.3707,46.1871]]],[[[-123.9789,46.4947],[-123.9932,46.4876],[-123.9906,46.4619],[-124.0053,46.4597],[-123.9656,46.4333],[-123.9661,46.4083],[-123.9417,46.4108],[-123.9431,46.4644],[-123.9778,46.4739],[-123.9789,46.4947]]],[[[-122.8049,45.9557],[-122.8012,45.9411],[-122.7903,45.9473],[-122.8049,45.9557]]],[[[-122.885,46.0708],[-122.876,46.057],[-122.8748,46.0795],[-122.8955,46.0883],[-122.885,46.0708]]],[[[-122.9239,47.2242],[-122.9244,47.1944],[-122.8922,47.1678],[-122.9239,47.2242]]],[[[-122.8472,47.3003],[-122.9194,47.2761],[-122.9253,47.2328],[-122.8919,47.2047],[-122.8797,47.1625],[-122.8406,47.2078],[-122.8711,47.2469],[-122.8711,47.2797],[-122.8472,47.3003]]],[[[-122.9192,48.1297],[-122.9467,48.1192],[-122.9086,48.1261],[-122.9192,48.1297]]],[[[-123.1406,48.6236],[-123.1711,48.5972],[-123.1372,48.6028],[-123.1572,48.5932],[-123.1494,48.5794],[-123.1706,48.5881],[-123.1561,48.5685],[-123.1769,48.5672],[-123.1515,48.5144],[-123.0945,48.4819],[-123.0652,48.4898],[-123.0657,48.4732],[-123.0368,48.458],[-122.9617,48.4511],[-122.9614,48.4649],[-123.0025,48.4678],[-123.0217,48.494],[-123.0156,48.5211],[-122.9832,48.5145],[-122.9735,48.5276],[-123.0203,48.5381],[-123.0063,48.5534],[-123.1018,48.5984],[-123.1021,48.6198],[-123.1406,48.6236]]],[[[-123.15,48.647],[-123.1641,48.6479],[-123.1058,48.6336],[-123.15,48.647]]],[[[-123.1514,48.6692],[-123.1647,48.6697],[-123.1345,48.6591],[-123.1514,48.6692]]],[[[-123.2054,48.6887],[-123.2371,48.6835],[-123.2025,48.6628],[-123.1795,48.6653],[-123.2042,48.6761],[-123.1672,48.6628],[-123.1631,48.675],[-123.2054,48.6887]]],[[[-122.5787,48.6481],[-122.5863,48.6609],[-122.5933,48.6517],[-122.5787,48.6481]]],[[[-122.7097,48.6067],[-122.7391,48.5725],[-122.72,48.5627],[-122.7216,48.5403],[-122.6846,48.5436],[-122.6965,48.5532],[-122.6686,48.5694],[-122.7097,48.6067]]],[[[-122.8078,48.5869],[-122.8322,48.5728],[-122.8093,48.5312],[-122.7697,48.5593],[-122.8078,48.5869]]],[[[-122.6714,48.6265],[-122.6984,48.6172],[-122.6569,48.6098],[-122.6714,48.6265]]],[[[-122.6968,48.7382],[-122.7155,48.7492],[-122.7196,48.7171],[-122.6916,48.7111],[-122.6734,48.68],[-122.6084,48.6403],[-122.618,48.6708],[-122.6968,48.7382]]],[[[-122.6209,48.7209],[-122.619,48.7067],[-122.6496,48.7118],[-122.6156,48.6939],[-122.6054,48.7018],[-122.6209,48.7209]]],[[[-122.8376,48.7493],[-122.8486,48.7469],[-122.8262,48.746],[-122.8376,48.7493]]],[[[-122.8825,48.5695],[-122.9198,48.5511],[-122.9136,48.5108],[-122.9361,48.5003],[-122.9178,48.5164],[-122.9328,48.5167],[-122.9457,48.4656],[-122.8631,48.4408],[-122.889,48.4368],[-122.8772,48.4297],[-122.8919,48.4203],[-122.8401,48.4317],[-122.8127,48.4212],[-122.8002,48.4474],[-122.8189,48.4576],[-122.8195,48.4783],[-122.8459,48.4463],[-122.8446,48.4604],[-122.8615,48.4605],[-122.8513,48.4813],[-122.8737,48.5048],[-122.8572,48.5381],[-122.8761,48.5436],[-122.8656,48.5611],[-122.8825,48.5542],[-122.8825,48.5695]]],[[[-122.7956,48.5249],[-122.8399,48.5122],[-122.8161,48.4983],[-122.8183,48.4808],[-122.7829,48.5114],[-122.7956,48.5249]]],[[[-122.9658,48.5925],[-123.0175,48.5797],[-122.9488,48.5467],[-122.9485,48.5611],[-122.9028,48.5792],[-122.9215,48.5873],[-122.9364,48.5735],[-122.9658,48.5925]]],[[[-123.1803,48.6072],[-123.1804,48.6213],[-123.2021,48.5881],[-123.1864,48.5973],[-123.1768,48.5851],[-123.1803,48.6072]]],[[[-122.8847,48.7119],[-122.9483,48.7122],[-122.9481,48.6944],[-123.0302,48.6307],[-123.0277,48.6117],[-123.0059,48.621],[-122.9778,48.5997],[-122.9872,48.6431],[-122.9544,48.6284],[-122.9482,48.5975],[-122.8738,48.5947],[-122.8633,48.6123],[-122.9108,48.6547],[-122.9231,48.6856],[-122.9094,48.6939],[-122.8855,48.6901],[-122.8818,48.6532],[-122.83,48.6214],[-122.8293,48.6008],[-122.7989,48.6014],[-122.8091,48.6177],[-122.7978,48.6324],[-122.7414,48.6606],[-122.8847,48.7119]]],[[[-122.8967,48.7692],[-122.9202,48.7606],[-122.8839,48.7481],[-122.912,48.7624],[-122.8853,48.7639],[-122.8967,48.7692]]],[[[-123.008,48.7184],[-123.0717,48.6994],[-123.0293,48.6783],[-123.005,48.6939],[-123.008,48.7184]]],[[[-123.0356,48.9994],[-123.0917,49.0033],[-123.085,48.9719],[-123.0217,48.9759],[-123.0356,48.9994]]]]}},{"type":"Feature","properties":{"gid":"USA.49_1","name":"西弗吉尼亚州","nameEn":"West Virginia","nameLocal":"West Virginia","type":"州","typeEn":"State","groupZh":"州","area":62689.0,"iso":"US-WV","engtype":"State","capital":"查尔斯顿","pop":1793759,"blurb":"阿巴拉契亚山州，煤炭与峡谷。"},"geometry":{"type":"Polygon","coordinates":[[[-81.7482,37.2622],[-81.7406,37.2397],[-81.6788,37.2032],[-81.5599,37.208],[-81.4957,37.2555],[-81.42,37.2724],[-81.3612,37.3364],[-81.2276,37.2345],[-81.1222,37.2759],[-80.9886,37.3024],[-80.9595,37.294],[-80.8985,37.3171],[-80.8504,37.3495],[-80.8824,37.3848],[-80.8575,37.4304],[-80.7709,37.3729],[-80.55,37.4729],[-80.5026,37.4789],[-80.4936,37.4419],[-80.4727,37.427],[-80.3066,37.505],[-80.2821,37.5344],[-80.3338,37.5368],[-80.3127,37.5463],[-80.326,37.5667],[-80.2215,37.6282],[-80.3074,37.6895],[-80.2552,37.725],[-80.2565,37.7558],[-80.2201,37.78],[-80.2258,37.8035],[-80.1648,37.8752],[-79.9992,37.9973],[-79.9272,38.1064],[-79.9415,38.1313],[-79.9178,38.154],[-79.9178,38.1839],[-79.7882,38.2686],[-79.8075,38.3093],[-79.7613,38.3545],[-79.7274,38.3616],[-79.7274,38.3858],[-79.6914,38.4319],[-79.6947,38.4921],[-79.6633,38.5145],[-79.6685,38.5529],[-79.6481,38.5906],[-79.5361,38.552],[-79.4746,38.4574],[-79.3177,38.4143],[-79.2785,38.4225],[-79.2072,38.4969],[-79.1277,38.6531],[-79.0934,38.6588],[-79.0873,38.7144],[-79.0547,38.7868],[-79.0262,38.7938],[-78.9976,38.8489],[-78.866,38.7631],[-78.7813,38.8923],[-78.7225,38.9323],[-78.7143,38.9048],[-78.6259,38.9831],[-78.6007,38.966],[-78.5523,39.0189],[-78.5716,39.0333],[-78.404,39.1672],[-78.4352,39.2003],[-78.4036,39.2384],[-78.4167,39.2612],[-78.3392,39.35],[-78.3651,39.3601],[-78.3462,39.3868],[-78.3599,39.4087],[-78.3473,39.4666],[-77.8299,39.1343],[-77.7197,39.3253],[-77.7577,39.3405],[-77.7503,39.3838],[-77.7352,39.3909],[-77.7516,39.424],[-77.8015,39.4405],[-77.7841,39.4457],[-77.797,39.4615],[-77.778,39.4625],[-77.7977,39.4802],[-77.7658,39.4983],[-77.8445,39.5002],[-77.8286,39.5322],[-77.8659,39.5198],[-77.8857,39.5576],[-77.8346,39.5731],[-77.8394,39.6069],[-77.8822,39.6183],[-77.891,39.6005],[-77.9388,39.6216],[-77.941,39.5872],[-77.9553,39.6093],[-78.0036,39.6014],[-78.0744,39.6663],[-78.1692,39.6972],[-78.23,39.675],[-78.2245,39.6615],[-78.2674,39.6187],[-78.3551,39.6416],[-78.355,39.6278],[-78.38,39.6284],[-78.375,39.6093],[-78.4306,39.6233],[-78.395,39.5838],[-78.4559,39.5882],[-78.4178,39.5482],[-78.459,39.552],[-78.4524,39.54],[-78.4702,39.5185],[-78.6803,39.5442],[-78.7352,39.5868],[-78.7646,39.5871],[-78.7721,39.6056],[-78.7322,39.6172],[-78.7759,39.6249],[-78.7697,39.649],[-78.7982,39.6328],[-78.797,39.6096],[-78.8263,39.5867],[-78.8147,39.5639],[-78.8458,39.5652],[-78.8744,39.5241],[-78.8911,39.5244],[-78.9564,39.4627],[-78.9562,39.4407],[-79.0446,39.4807],[-79.1004,39.477],[-79.1091,39.432],[-79.1436,39.4053],[-79.1564,39.4177],[-79.1617,39.3882],[-79.1956,39.3897],[-79.2135,39.364],[-79.2544,39.3548],[-79.2929,39.3005],[-79.331,39.3025],[-79.4253,39.2249],[-79.4872,39.2067],[-79.4774,39.7216],[-80.5171,39.7212],[-80.5191,40.6385],[-80.576,40.6156],[-80.6036,40.6264],[-80.6311,40.6168],[-80.6653,40.5829],[-80.5956,40.4753],[-80.6131,40.4066],[-80.6294,40.3945],[-80.6069,40.376],[-80.5991,40.322],[-80.6172,40.2691],[-80.6528,40.2462],[-80.7014,40.1612],[-80.7076,40.105],[-80.7371,40.0787],[-80.7374,39.9772],[-80.7634,39.9485],[-80.7551,39.9107],[-80.8033,39.916],[-80.7883,39.8697],[-80.8253,39.8465],[-80.8253,39.8023],[-80.8668,39.7689],[-80.8286,39.7126],[-80.8614,39.6917],[-80.8783,39.6226],[-80.9312,39.6141],[-80.9857,39.5782],[-81.0866,39.4989],[-81.127,39.448],[-81.1824,39.4309],[-81.2159,39.3871],[-81.273,39.3831],[-81.3716,39.3408],[-81.4176,39.3977],[-81.4531,39.4093],[-81.5531,39.3441],[-81.5675,39.2682],[-81.6504,39.2784],[-81.6863,39.2657],[-81.6912,39.2232],[-81.7214,39.2159],[-81.752,39.1819],[-81.7446,39.0959],[-81.8106,39.0799],[-81.7623,39.0167],[-81.7791,38.9638],[-81.7641,38.9245],[-81.8236,38.946],[-81.8543,38.8939],[-81.9058,38.8779],[-81.9281,38.8975],[-81.8995,38.9318],[-81.9315,38.9874],[-81.9759,38.9938],[-82.003,39.0262],[-82.0361,39.0248],[-82.1392,38.8987],[-82.1472,38.8353],[-82.2173,38.7882],[-82.1814,38.7112],[-82.1758,38.6043],[-82.2126,38.5907],[-82.2622,38.5974],[-82.2882,38.5806],[-82.3304,38.4452],[-82.5391,38.4034],[-82.5928,38.4186],[-82.5958,38.3525],[-82.5724,38.3231],[-82.5737,38.2594],[-82.6091,38.2376],[-82.5956,38.2092],[-82.6105,38.1728],[-82.6394,38.1689],[-82.637,38.1407],[-82.5495,38.0718],[-82.5179,38.0014],[-82.4635,37.9824],[-82.5015,37.9316],[-82.4815,37.9271],[-82.4737,37.9037],[-82.4637,37.9139],[-82.4201,37.8853],[-82.4007,37.8113],[-82.3846,37.8171],[-82.3232,37.7739],[-82.3311,37.766],[-82.3119,37.765],[-82.3315,37.7423],[-82.2966,37.7032],[-82.3021,37.6783],[-82.2349,37.6618],[-82.2069,37.6256],[-82.1855,37.629],[-82.189,37.6465],[-82.1746,37.6501],[-82.1767,37.6226],[-82.125,37.5844],[-82.1431,37.5686],[-82.1293,37.5525],[-82.0763,37.5567],[-82.0438,37.5309],[-82.0419,37.5477],[-82.0115,37.5345],[-81.9687,37.5478],[-81.9419,37.5153],[-81.9289,37.5188],[-81.9953,37.4714],[-81.9357,37.4379],[-81.9262,37.3605],[-81.8656,37.3188],[-81.8504,37.2873],[-81.7482,37.2622]]]}},{"type":"Feature","properties":{"gid":"USA.50_1","name":"威斯康星州","nameEn":"Wisconsin","nameLocal":"Wisconsin","type":"州","typeEn":"State","groupZh":"州","area":168991.2,"iso":"US-WI","engtype":"State","capital":"麦迪逊","pop":5894323,"blurb":"五大湖畔乳业州，密尔沃基啤酒。"},"geometry":{"type":"Polygon","coordinates":[[[-88.1971,42.4981],[-87.0181,42.4947],[-87.1527,43.3831],[-87.1482,43.571],[-87.0814,43.8869],[-86.8627,44.5335],[-86.7029,44.8527],[-86.613,44.9683],[-86.5085,45.0665],[-86.2496,45.2338],[-86.7605,45.444],[-87.0963,45.442],[-87.1797,45.3424],[-87.3075,45.243],[-87.4035,45.2045],[-87.4373,45.0778],[-87.6604,45.1078],[-87.6859,45.1442],[-87.7388,45.1732],[-87.7441,45.1934],[-87.6942,45.2942],[-87.6543,45.3361],[-87.6606,45.3698],[-87.6955,45.3887],[-87.7601,45.3493],[-87.8523,45.3413],[-87.8746,45.3659],[-87.891,45.3551],[-87.8534,45.4073],[-87.8598,45.4398],[-87.7856,45.4929],[-87.81,45.5444],[-87.8364,45.5624],[-87.7928,45.5666],[-87.7827,45.6095],[-87.8297,45.653],[-87.7841,45.6822],[-87.8775,45.7536],[-87.9641,45.7601],[-87.9919,45.7732],[-87.9971,45.7967],[-88.0641,45.7809],[-88.1275,45.8086],[-88.1349,45.8225],[-88.0728,45.8721],[-88.1037,45.8893],[-88.098,45.9168],[-88.1968,45.9536],[-88.3262,45.9592],[-88.3761,45.9911],[-88.4173,45.9795],[-88.4649,46.0026],[-88.488,45.9927],[-88.5178,46.0197],[-88.5839,46.0077],[-88.6066,46.0184],[-88.6195,45.9884],[-88.6648,45.9891],[-88.6833,46.0144],[-88.8325,46.0294],[-89.0854,46.1365],[-90.1178,46.3366],[-90.1614,46.434],[-90.2168,46.5055],[-90.3141,46.5197],[-90.3123,46.5435],[-90.3313,46.5555],[-90.3895,46.5375],[-90.4187,46.567],[-89.958,47.2912],[-90.6631,47.3025],[-91.4743,46.9336],[-92.021,46.7059],[-92.1107,46.7508],[-92.1501,46.7173],[-92.2029,46.7047],[-92.1781,46.6875],[-92.208,46.6521],[-92.2714,46.6535],[-92.2883,46.6679],[-92.2899,46.0706],[-92.3335,46.0566],[-92.3547,46.011],[-92.422,46.0211],[-92.4672,45.9748],[-92.5272,45.9814],[-92.5508,45.9508],[-92.6714,45.9152],[-92.7625,45.8302],[-92.7545,45.8088],[-92.7849,45.762],[-92.8685,45.7064],[-92.8854,45.6379],[-92.8808,45.5744],[-92.7502,45.5586],[-92.7256,45.5411],[-92.724,45.5132],[-92.644,45.4376],[-92.6468,45.403],[-92.6981,45.3617],[-92.7036,45.3262],[-92.7604,45.2845],[-92.752,45.2196],[-92.764,45.1895],[-92.7415,45.1172],[-92.8019,45.0647],[-92.7645,45.0265],[-92.7534,44.9237],[-92.775,44.8982],[-92.766,44.8308],[-92.8061,44.7483],[-92.7056,44.6977],[-92.6218,44.6375],[-92.6175,44.6148],[-92.5622,44.5974],[-92.5448,44.5686],[-92.3382,44.5508],[-92.3046,44.5296],[-92.2847,44.4821],[-92.2203,44.4405],[-92.0862,44.4113],[-91.9686,44.3656],[-91.9218,44.327],[-91.925,44.2916],[-91.8981,44.2757],[-91.8903,44.2282],[-91.8643,44.197],[-91.8028,44.156],[-91.7255,44.131],[-91.7095,44.1058],[-91.5927,44.0347],[-91.4373,43.9991],[-91.3212,43.8906],[-91.246,43.7752],[-91.2738,43.6622],[-91.2672,43.6233],[-91.2318,43.5844],[-91.2417,43.5448],[-91.2176,43.5132],[-91.2316,43.4552],[-91.199,43.4015],[-91.2112,43.3599],[-91.1004,43.3118],[-91.0621,43.256],[-91.1755,43.1374],[-91.1782,43.0655],[-91.1444,42.9104],[-91.1047,42.8824],[-91.0775,42.8373],[-91.0517,42.7397],[-90.9542,42.6872],[-90.7134,42.64],[-90.6395,42.5371],[-90.6415,42.5093],[-88.1971,42.4981]]]}},{"type":"Feature","properties":{"gid":"USA.51_1","name":"怀俄明州","nameEn":"Wyoming","nameLocal":"Wyoming","type":"州","typeEn":"State","groupZh":"州","area":252907.8,"iso":"US-WY","engtype":"State","capital":"夏延","pop":576872,"blurb":"人口最少的州，黄石与落基山。"},"geometry":{"type":"Polygon","coordinates":[[[-111.046,41.379],[-111.0456,40.9978],[-104.0528,41.0017],[-104.0571,44.9987],[-111.053,44.9999],[-111.046,41.379]]]}}]}