{"type":"FeatureCollection","features":[{"type":"Feature","properties":{"gid":"ESP.1.1_1","provZh":"安达卢西亚","name2":"Almería","type2":"Provincia","engtype2":"Province"},"geometry":{"type":"Polygon","coordinates":[[[-2.526,36.8237],[-2.5015,36.8243],[-2.4812,36.834],[-2.464,36.8254],[-2.4754,36.834],[-2.4712,36.8354],[-2.4257,36.8104],[-2.4037,36.8268],[-2.3674,36.8415],[-2.3293,36.8363],[-2.2812,36.8126],[-2.194,36.721],[-2.1207,36.7326],[-2.1143,36.7376],[-2.1224,36.7451],[-2.1065,36.7515],[-2.1057,36.7635],[-2.0829,36.7643],[-2.0601,36.7774],[-2.061,36.8085],[-2.0479,36.8112],[-2.0507,36.8157],[-2.0243,36.8351],[-2.0021,36.8363],[-1.9957,36.8501],[-2.0054,36.8593],[-2.0035,36.8818],[-1.9918,36.8937],[-1.9813,36.9026],[-1.9676,36.8982],[-1.9413,36.9357],[-1.9065,36.936],[-1.8954,36.9482],[-1.9007,36.9746],[-1.8946,36.9765],[-1.901,36.9793],[-1.9012,36.9876],[-1.8801,37.011],[-1.876,37.0363],[-1.8654,37.0418],[-1.8493,37.0693],[-1.8504,37.0926],[-1.8451,37.1085],[-1.8326,37.1207],[-1.8218,37.1796],[-1.8157,37.1818],[-1.8171,37.1915],[-1.8032,37.2232],[-1.7938,37.234],[-1.776,37.2382],[-1.7576,37.2646],[-1.7071,37.3051],[-1.6765,37.3537],[-1.6537,37.3537],[-1.646,37.371],[-1.6304,37.3729],[-1.737,37.4427],[-1.8117,37.4516],[-1.8089,37.4335],[-1.8452,37.4549],[-1.8646,37.4866],[-1.9539,37.5883],[-1.9556,37.601],[-1.9767,37.6188],[-1.9817,37.6368],[-1.9874,37.6452],[-1.9927,37.6433],[-2.0118,37.6735],[-2.0076,37.7198],[-1.9957,37.7281],[-2.0087,37.775],[-1.9952,37.8414],[-1.9744,37.8685],[-1.9946,37.8805],[-1.9988,37.8762],[-2.0044,37.8807],[-2.0217,37.8686],[-2.0703,37.8845],[-2.0845,37.8724],[-2.108,37.8815],[-2.1064,37.8862],[-2.1231,37.9005],[-2.1719,37.8887],[-2.2076,37.9166],[-2.2507,37.8972],[-2.2653,37.881],[-2.2884,37.8852],[-2.2962,37.8598],[-2.2893,37.8315],[-2.3014,37.8103],[-2.2935,37.7923],[-2.3001,37.7898],[-2.2911,37.7896],[-2.2764,37.7769],[-2.3074,37.7233],[-2.3065,37.7103],[-2.3132,37.7114],[-2.3232,37.6939],[-2.3257,37.6721],[-2.3199,37.6481],[-2.3088,37.6358],[-2.3157,37.6222],[-2.3391,37.6232],[-2.3453,37.6293],[-2.3637,37.6215],[-2.3912,37.6325],[-2.3887,37.618],[-2.3759,37.6123],[-2.3678,37.5916],[-2.3748,37.5779],[-2.3674,37.5631],[-2.3742,37.5574],[-2.3556,37.547],[-2.3584,37.5223],[-2.3811,37.523],[-2.3971,37.5134],[-2.4116,37.525],[-2.4159,37.516],[-2.4342,37.5095],[-2.4562,37.5095],[-2.4619,37.4987],[-2.4574,37.4909],[-2.5141,37.4796],[-2.5689,37.4458],[-2.5772,37.4291],[-2.6355,37.3942],[-2.6431,37.376],[-2.6352,37.3655],[-2.6372,37.3434],[-2.6547,37.3403],[-2.6508,37.3124],[-2.6655,37.2851],[-2.6616,37.2667],[-2.6674,37.2496],[-2.6575,37.229],[-2.66,37.212],[-2.6924,37.2172],[-2.7329,37.2374],[-2.7399,37.2288],[-2.7589,37.2268],[-2.7721,37.2393],[-2.7789,37.2627],[-2.8148,37.2709],[-2.8193,37.2784],[-2.8453,37.2793],[-2.8747,37.2318],[-2.8809,37.1871],[-2.8952,37.1671],[-2.9293,37.1561],[-2.9305,37.1398],[-2.9469,37.1222],[-2.9428,37.1112],[-2.9489,37.0966],[-3.0002,37.095],[-3.0149,37.1133],[-3.0263,37.1166],[-3.0161,37.0522],[-2.9986,37.0122],[-2.9824,37.006],[-2.9764,36.9774],[-2.9901,36.9584],[-3.0221,36.9541],[-3.0316,36.9441],[-3.0312,36.9246],[-3.0558,36.9119],[-3.0688,36.9157],[-3.0696,36.8997],[-3.0432,36.8792],[-3.0289,36.8445],[-3.0427,36.8319],[-3.0738,36.8247],[-3.1401,36.7878],[-3.1284,36.7507],[-3.0212,36.7471],[-2.9754,36.7382],[-2.9243,36.7518],[-2.8943,36.7357],[-2.8488,36.6949],[-2.8187,36.7062],[-2.7993,36.7018],[-2.794,36.6976],[-2.7979,36.6951],[-2.7865,36.694],[-2.7721,36.6815],[-2.6996,36.6824],[-2.6437,36.7046],[-2.6149,36.7329],[-2.6029,36.7696],[-2.5757,36.8043],[-2.5651,36.814],[-2.526,36.8237]]]}},{"type":"Feature","properties":{"gid":"ESP.1.2_1","provZh":"安达卢西亚","name2":"Cádiz","type2":"Provincia","engtype2":"Province"},"geometry":{"type":"Polygon","coordinates":[[[-5.8412,36.1282],[-5.8246,36.1021],[-5.8157,36.1001],[-5.8126,36.0887],[-5.8046,36.0893],[-5.7968,36.0774],[-5.7774,36.0887],[-5.7226,36.061],[-5.7093,36.0582],[-5.6893,36.069],[-5.6451,36.0499],[-5.6201,36.0313],[-5.6085,36.0112],[-5.6137,36.0035],[-5.609,35.9996],[-5.6043,36.0099],[-5.6029,36.0057],[-5.601,36.011],[-5.5671,36.0171],[-5.4863,36.054],[-5.4643,36.0499],[-5.4307,36.0704],[-5.4254,36.0829],[-5.4401,36.086],[-5.4446,36.0938],[-5.4399,36.1029],[-5.4307,36.1049],[-5.4429,36.1204],[-5.434,36.1207],[-5.4299,36.1407],[-5.4318,36.1285],[-5.439,36.1271],[-5.436,36.1479],[-5.4412,36.1463],[-5.4432,36.1315],[-5.4471,36.1418],[-5.4429,36.159],[-5.426,36.1768],[-5.419,36.1724],[-5.4115,36.1815],[-5.3987,36.1801],[-5.4001,36.1763],[-5.386,36.1804],[-5.3804,36.1765],[-5.3832,36.1696],[-5.3387,36.1549],[-5.3204,36.2229],[-5.3068,36.244],[-5.2971,36.2451],[-5.2787,36.2801],[-5.294,36.2965],[-5.2762,36.2829],[-5.2696,36.2993],[-5.2521,36.311],[-5.2594,36.3224],[-5.2775,36.3371],[-5.3199,36.3251],[-5.3229,36.3322],[-5.315,36.3434],[-5.3347,36.37],[-5.3348,36.3949],[-5.347,36.4187],[-5.3571,36.4239],[-5.3553,36.4338],[-5.3952,36.4693],[-5.404,36.4946],[-5.4097,36.4966],[-5.4133,36.5207],[-5.4322,36.5343],[-5.4615,36.5372],[-5.4651,36.5279],[-5.474,36.5366],[-5.4928,36.5361],[-5.5162,36.5009],[-5.5241,36.4977],[-5.5599,36.5035],[-5.5719,36.5126],[-5.6081,36.5123],[-5.6116,36.5416],[-5.595,36.5509],[-5.5434,36.5384],[-5.5369,36.5272],[-5.522,36.5318],[-5.5019,36.5476],[-5.4894,36.5705],[-5.4607,36.5888],[-5.4558,36.6196],[-5.4384,36.6142],[-5.3789,36.6326],[-5.3337,36.6724],[-5.3239,36.6734],[-5.3302,36.6789],[-5.3187,36.6901],[-5.3273,36.6946],[-5.3245,36.724],[-5.3124,36.7345],[-5.2908,36.7752],[-5.3197,36.7868],[-5.3264,36.8053],[-5.3406,36.8194],[-5.3324,36.8386],[-5.3056,36.8582],[-5.3014,36.8697],[-5.2696,36.8842],[-5.2666,36.8758],[-5.225,36.8563],[-5.2219,36.8428],[-5.1703,36.8236],[-5.1339,36.8386],[-5.1123,36.8739],[-5.1097,36.8894],[-5.1024,36.8918],[-5.1049,36.898],[-5.0866,36.9051],[-5.11,36.9594],[-5.0954,36.9683],[-5.1123,36.9765],[-5.115,36.989],[-5.1422,37.0039],[-5.1625,36.9814],[-5.2059,36.9627],[-5.2258,36.9419],[-5.2349,36.9412],[-5.3001,37.0138],[-5.302,37.0374],[-5.3378,37.0111],[-5.3452,36.9974],[-5.3595,36.9925],[-5.3606,36.9852],[-5.3932,36.9722],[-5.4134,36.9535],[-5.4127,36.9407],[-5.4388,36.9353],[-5.4601,36.9752],[-5.4353,36.991],[-5.4209,37.0112],[-5.4335,37.0525],[-5.5108,37.0336],[-5.4949,37.0113],[-5.4729,36.9953],[-5.4696,36.984],[-5.4817,36.9722],[-5.4933,36.9709],[-5.5022,36.9583],[-5.5121,36.9577],[-5.5244,36.9377],[-5.5456,36.9304],[-5.5507,36.9231],[-5.5337,36.8935],[-5.5829,36.9149],[-5.588,36.9469],[-5.6057,36.9509],[-5.61,36.9416],[-5.6184,36.9405],[-5.626,36.9545],[-5.6495,36.9543],[-5.6678,36.976],[-5.6945,36.9568],[-5.696,36.9353],[-5.7169,36.9195],[-5.8048,36.9255],[-5.8454,36.9152],[-5.8598,36.9],[-5.8764,36.8947],[-5.8934,36.8516],[-5.8909,36.8422],[-5.9252,36.8531],[-5.9527,36.8531],[-5.973,36.8442],[-6.1043,36.8573],[-6.1554,36.8854],[-6.2308,36.8981],[-6.2536,36.8939],[-6.2781,36.9109],[-6.3309,36.8988],[-6.3451,36.8891],[-6.3538,36.8383],[-6.3422,36.8031],[-6.3465,36.7912],[-6.3979,36.7615],[-6.409,36.7613],[-6.4196,36.7457],[-6.4285,36.7496],[-6.4426,36.7382],[-6.4313,36.7051],[-6.3982,36.6585],[-6.3937,36.634],[-6.3584,36.6157],[-6.3424,36.6265],[-6.3354,36.6255],[-6.331,36.6146],[-6.3299,36.6251],[-6.2976,36.6168],[-6.2768,36.6007],[-6.2651,36.5793],[-6.2543,36.5774],[-6.2493,36.584],[-6.2304,36.5876],[-6.2385,36.579],[-6.2274,36.5812],[-6.2232,36.5682],[-6.2293,36.5265],[-6.2176,36.5299],[-6.2093,36.549],[-6.2068,36.5607],[-6.2143,36.5713],[-6.2057,36.5638],[-6.2187,36.5265],[-6.256,36.5293],[-6.2565,36.5207],[-6.2474,36.5187],[-6.249,36.5049],[-6.2087,36.5088],[-6.1965,36.5221],[-6.1993,36.5276],[-6.1749,36.5224],[-6.1718,36.5129],[-6.1882,36.5018],[-6.1796,36.4874],[-6.189,36.4985],[-6.1996,36.5004],[-6.1965,36.4863],[-6.2129,36.481],[-6.2126,36.4699],[-6.2287,36.4629],[-6.2471,36.4657],[-6.2596,36.4754],[-6.266,36.4899],[-6.2546,36.5007],[-6.2685,36.5068],[-6.2801,36.526],[-6.2721,36.5371],[-6.2796,36.5304],[-6.2913,36.5321],[-6.279,36.5421],[-6.2862,36.5432],[-6.3088,36.5324],[-6.2865,36.5213],[-6.2485,36.4441],[-6.246,36.4479],[-6.2332,36.4362],[-6.2171,36.3924],[-6.211,36.399],[-6.2151,36.4249],[-6.2063,36.4424],[-6.1965,36.4429],[-6.1879,36.4349],[-6.1838,36.4412],[-6.1849,36.4338],[-6.2023,36.4388],[-6.2099,36.426],[-6.2085,36.4043],[-6.1951,36.404],[-6.2043,36.4038],[-6.2099,36.3851],[-6.179,36.3654],[-6.1437,36.2968],[-6.1149,36.2943],[-6.0871,36.2707],[-6.0757,36.2385],[-6.0349,36.1807],[-6.021,36.1862],[-5.9771,36.1765],[-5.9454,36.1871],[-5.9329,36.1815],[-5.9196,36.1865],[-5.8765,36.1604],[-5.8412,36.1282]]]}},{"type":"Feature","properties":{"gid":"ESP.1.3_1","provZh":"安达卢西亚","name2":"Córdoba","type2":"Provincia","engtype2":"Province"},"geometry":{"type":"MultiPolygon","coordinates":[[[[-4.248,37.2692],[-4.2364,37.2972],[-4.2363,37.3359],[-4.2092,37.3525],[-4.158,37.3422],[-4.1456,37.3617],[-4.1022,37.3902],[-4.0981,37.4002],[-4.0362,37.4061],[-4.0007,37.4021],[-4.0188,37.4198],[-4.048,37.468],[-4.0726,37.4734],[-4.0872,37.486],[-4.0597,37.5055],[-4.0853,37.5136],[-4.0979,37.5116],[-4.0974,37.5277],[-4.1091,37.5333],[-4.114,37.547],[-4.1222,37.5469],[-4.12,37.5532],[-4.1453,37.5633],[-4.1499,37.5744],[-4.1599,37.5745],[-4.1616,37.5893],[-4.1703,37.5888],[-4.163,37.5993],[-4.1737,37.6101],[-4.1875,37.6166],[-4.2083,37.6108],[-4.2211,37.6225],[-4.2181,37.6266],[-4.228,37.6396],[-4.1642,37.6815],[-4.1834,37.7071],[-4.2384,37.7198],[-4.2244,37.7618],[-4.2078,37.7697],[-4.2065,37.7788],[-4.2866,37.7966],[-4.2747,37.9028],[-4.2623,37.9151],[-4.2588,37.9348],[-4.2642,37.9735],[-4.2843,38.0039],[-4.2821,38.0228],[-4.2598,38.0223],[-4.2688,38.0398],[-4.2501,38.0391],[-4.2405,38.0464],[-4.2417,38.0535],[-4.2504,38.048],[-4.2522,38.0621],[-4.2468,38.0698],[-4.2348,38.0638],[-4.234,38.0745],[-4.2267,38.0799],[-4.2325,38.083],[-4.2218,38.083],[-4.2278,38.0914],[-4.2143,38.0892],[-4.222,38.103],[-4.2181,38.1105],[-4.2036,38.108],[-4.1935,38.1274],[-4.1746,38.1319],[-4.1612,38.1446],[-4.1686,38.182],[-4.2006,38.2131],[-4.1958,38.2375],[-4.2039,38.2464],[-4.2164,38.2467],[-4.2083,38.2668],[-4.2147,38.2695],[-4.2101,38.3015],[-4.2274,38.3011],[-4.2267,38.3083],[-4.2386,38.3155],[-4.2332,38.3266],[-4.2378,38.3261],[-4.2373,38.3416],[-4.2557,38.3402],[-4.2763,38.3509],[-4.2872,38.3428],[-4.3219,38.3628],[-4.3319,38.3607],[-4.3886,38.3859],[-4.4063,38.3832],[-4.4351,38.4023],[-4.4529,38.4009],[-4.4712,38.426],[-4.5006,38.4455],[-4.5132,38.4641],[-4.5344,38.4695],[-4.5414,38.4819],[-4.5583,38.4766],[-4.5657,38.4908],[-4.5859,38.4928],[-4.5936,38.4864],[-4.6085,38.4947],[-4.6222,38.5235],[-4.6671,38.5478],[-4.703,38.5526],[-4.7073,38.572],[-4.7333,38.5747],[-4.7874,38.5971],[-4.8187,38.5959],[-4.8351,38.6075],[-4.8601,38.614],[-4.8671,38.6299],[-4.8688,38.681],[-4.8769,38.6861],[-4.9361,38.6814],[-5.0045,38.6951],[-5.0003,38.7012],[-5.0079,38.7152],[-5.0246,38.7265],[-5.0468,38.7291],[-5.1007,38.7077],[-5.1183,38.716],[-5.1665,38.7117],[-5.1844,38.7197],[-5.1676,38.6817],[-5.1856,38.6742],[-5.179,38.6657],[-5.1849,38.6594],[-5.1975,38.667],[-5.1993,38.6564],[-5.2079,38.6679],[-5.2146,38.6486],[-5.2238,38.6565],[-5.2223,38.6489],[-5.2374,38.6377],[-5.2473,38.6399],[-5.2449,38.6321],[-5.2539,38.6332],[-5.2541,38.6261],[-5.2932,38.6091],[-5.3097,38.5941],[-5.3095,38.5773],[-5.3716,38.5836],[-5.3756,38.5683],[-5.3859,38.5668],[-5.3897,38.5622],[-5.3833,38.5574],[-5.3927,38.5528],[-5.3829,38.5411],[-5.4071,38.5433],[-5.4035,38.5361],[-5.4159,38.5302],[-5.4103,38.52],[-5.4158,38.5207],[-5.4188,38.5125],[-5.4277,38.5147],[-5.4345,38.5044],[-5.4584,38.4992],[-5.4692,38.4849],[-5.4794,38.4847],[-5.4843,38.4634],[-5.491,38.4665],[-5.5038,38.4567],[-5.5196,38.4632],[-5.568,38.4334],[-5.5844,38.4003],[-5.5849,38.3859],[-5.5667,38.3772],[-5.5655,38.3669],[-5.5595,38.3676],[-5.5668,38.3626],[-5.5755,38.3296],[-5.5559,38.3183],[-5.5443,38.2823],[-5.5258,38.2641],[-5.5299,38.2552],[-5.5237,38.2492],[-5.5207,38.2108],[-5.5388,38.1998],[-5.5366,38.1919],[-5.5436,38.1849],[-5.5357,38.1687],[-5.5388,38.1617],[-5.5495,38.1611],[-5.56,38.1486],[-5.5739,38.1507],[-5.5855,38.1404],[-5.5816,38.1155],[-5.5572,38.108],[-5.5387,38.0938],[-5.5395,38.0822],[-5.4954,38.0424],[-5.4889,38.0281],[-5.493,37.9958],[-5.4817,37.9898],[-5.4742,37.9754],[-5.4155,37.9437],[-5.4241,37.927],[-5.4165,37.9286],[-5.422,37.9184],[-5.4136,37.9015],[-5.4219,37.8889],[-5.4148,37.8699],[-5.3447,37.8401],[-5.3393,37.8315],[-5.3448,37.8279],[-5.3498,37.7943],[-5.3308,37.7857],[-5.3293,37.7783],[-5.3099,37.7743],[-5.3184,37.7593],[-5.3047,37.7305],[-5.3108,37.7086],[-5.3075,37.6993],[-5.3195,37.7012],[-5.327,37.6916],[-5.3385,37.7063],[-5.3615,37.698],[-5.375,37.6779],[-5.384,37.6813],[-5.3881,37.6978],[-5.4118,37.6835],[-5.4124,37.664],[-5.4062,37.6586],[-5.3971,37.6624],[-5.3936,37.6568],[-5.4143,37.6461],[-5.3813,37.6112],[-5.3595,37.6051],[-5.3582,37.5856],[-5.3436,37.5874],[-5.3234,37.6141],[-5.2744,37.6253],[-5.1766,37.6806],[-5.1499,37.6609],[-5.1339,37.6685],[-5.1078,37.6626],[-5.1131,37.6882],[-5.1296,37.6988],[-5.1081,37.7004],[-5.0933,37.675],[-5.0978,37.6703],[-5.0705,37.6607],[-5.0914,37.68],[-5.0857,37.6886],[-5.0889,37.6947],[-5.0743,37.701],[-5.0725,37.7077],[-5.0476,37.7182],[-4.9997,37.7066],[-4.9826,37.6763],[-4.9714,37.6724],[-4.9536,37.6525],[-4.958,37.6217],[-4.9738,37.5999],[-4.9652,37.6109],[-4.94,37.6213],[-4.9316,37.6174],[-4.9349,37.583],[-4.9302,37.5757],[-4.9375,37.5719],[-4.9314,37.5631],[-4.9358,37.5512],[-4.9319,37.5459],[-4.9488,37.522],[-4.9338,37.5199],[-4.9344,37.5115],[-4.9275,37.5125],[-4.931,37.5056],[-4.9245,37.5004],[-4.9059,37.4999],[-4.916,37.4927],[-4.9153,37.4849],[-4.9048,37.4899],[-4.91,37.4803],[-4.9044,37.4682],[-4.8752,37.4505],[-4.8846,37.438],[-4.8401,37.4349],[-4.8375,37.4233],[-4.8497,37.4107],[-4.8259,37.3791],[-4.8148,37.3778],[-4.8235,37.3688],[-4.822,37.3582],[-4.7821,37.3285],[-4.78,37.3354],[-4.7663,37.3379],[-4.7486,37.3309],[-4.73,37.3353],[-4.7259,37.3419],[-4.7328,37.3428],[-4.722,37.3471],[-4.725,37.3526],[-4.7195,37.3583],[-4.7038,37.3508],[-4.7034,37.3453],[-4.6869,37.3414],[-4.6848,37.33],[-4.6718,37.335],[-4.6792,37.3296],[-4.6696,37.3258],[-4.6694,37.319],[-4.6813,37.3234],[-4.6839,37.3158],[-4.6792,37.3088],[-4.6585,37.3047],[-4.6657,37.2987],[-4.6605,37.2945],[-4.6747,37.3018],[-4.6759,37.2909],[-4.6808,37.2904],[-4.6617,37.2831],[-4.6452,37.2469],[-4.6136,37.2551],[-4.6142,37.2432],[-4.5964,37.2257],[-4.6022,37.2093],[-4.5761,37.2092],[-4.561,37.2193],[-4.5336,37.2121],[-4.4992,37.2304],[-4.4979,37.2234],[-4.4893,37.2311],[-4.491,37.2386],[-4.4807,37.2383],[-4.4777,37.2443],[-4.4856,37.252],[-4.4769,37.2574],[-4.4668,37.2511],[-4.4615,37.2548],[-4.4677,37.2579],[-4.456,37.2593],[-4.4467,37.2764],[-4.4334,37.274],[-4.4178,37.2824],[-4.4064,37.2742],[-4.3796,37.2753],[-4.3773,37.2418],[-4.3849,37.2383],[-4.3724,37.2159],[-4.3449,37.2141],[-4.3225,37.2046],[-4.3321,37.1912],[-4.3275,37.1844],[-4.2954,37.1994],[-4.2552,37.2296],[-4.2631,37.2604],[-4.248,37.2692]]],[[[-5.0247,37.5955],[-5.0335,37.6208],[-5.0264,37.6352],[-5.0311,37.6415],[-5.0467,37.632],[-5.0537,37.6424],[-5.084,37.6481],[-5.0848,37.6438],[-5.04,37.6259],[-5.0478,37.6082],[-5.0309,37.6106],[-5.0251,37.594],[-5.0171,37.5936],[-5.0247,37.5955]]]]}},{"type":"Feature","properties":{"gid":"ESP.1.4_1","provZh":"安达卢西亚","name2":"Granada","type2":"Provincia","engtype2":"Province"},"geometry":{"type":"Polygon","coordinates":[[[-3.3512,36.7285],[-3.339,36.7382],[-3.3048,36.7379],[-3.261,36.7532],[-3.2112,36.7449],[-3.1849,36.7499],[-3.1668,36.7435],[-3.1429,36.7435],[-3.1284,36.7507],[-3.1401,36.7878],[-3.0738,36.8247],[-3.0427,36.8319],[-3.0289,36.8445],[-3.0432,36.8792],[-3.0696,36.8997],[-3.0688,36.9157],[-3.0558,36.9119],[-3.0312,36.9246],[-3.0316,36.9441],[-3.0221,36.9541],[-2.9901,36.9584],[-2.9764,36.9774],[-2.9824,37.006],[-2.9986,37.0122],[-3.0161,37.0522],[-3.0263,37.1166],[-3.0149,37.1133],[-3.0002,37.095],[-2.9489,37.0966],[-2.9428,37.1112],[-2.9469,37.1222],[-2.9305,37.1398],[-2.9293,37.1561],[-2.8952,37.1671],[-2.8809,37.1871],[-2.8747,37.2318],[-2.8453,37.2793],[-2.8193,37.2784],[-2.8148,37.2709],[-2.7789,37.2627],[-2.7721,37.2393],[-2.7589,37.2268],[-2.7399,37.2288],[-2.7329,37.2374],[-2.6924,37.2172],[-2.66,37.212],[-2.6575,37.229],[-2.6674,37.2496],[-2.6616,37.2667],[-2.6655,37.2851],[-2.6508,37.3124],[-2.6547,37.3403],[-2.6372,37.3434],[-2.6352,37.3655],[-2.6431,37.376],[-2.6355,37.3942],[-2.5772,37.4291],[-2.5689,37.4458],[-2.5141,37.4796],[-2.4574,37.4909],[-2.4619,37.4987],[-2.4562,37.5095],[-2.4342,37.5095],[-2.4159,37.516],[-2.4116,37.525],[-2.3971,37.5134],[-2.3811,37.523],[-2.3584,37.5223],[-2.3556,37.547],[-2.3742,37.5574],[-2.3674,37.5631],[-2.3748,37.5779],[-2.3678,37.5916],[-2.3759,37.6123],[-2.3887,37.618],[-2.3912,37.6325],[-2.3637,37.6215],[-2.3453,37.6293],[-2.3391,37.6232],[-2.3157,37.6222],[-2.3088,37.6358],[-2.3199,37.6481],[-2.3257,37.6721],[-2.3232,37.6939],[-2.3132,37.7114],[-2.3065,37.7103],[-2.3074,37.7233],[-2.2764,37.7769],[-2.2911,37.7896],[-2.3001,37.7898],[-2.2935,37.7923],[-2.3014,37.8103],[-2.2893,37.8315],[-2.2948,37.8764],[-2.2884,37.8852],[-2.2653,37.881],[-2.2507,37.8972],[-2.2076,37.9166],[-2.2378,37.9285],[-2.2768,37.9601],[-2.2976,37.9903],[-2.2984,38.0022],[-2.3415,38.026],[-2.373,38.0233],[-2.4233,38.0337],[-2.432,38.0434],[-2.4719,38.0564],[-2.4806,38.0532],[-2.5043,38.0684],[-2.5653,38.0836],[-2.5733,38.0743],[-2.6062,38.0619],[-2.5958,38.0532],[-2.5976,38.0072],[-2.6056,37.9978],[-2.6704,37.9614],[-2.6942,37.9745],[-2.7228,37.9625],[-2.743,37.9358],[-2.7671,37.9194],[-2.7742,37.9256],[-2.785,37.9171],[-2.8061,37.881],[-2.8195,37.8762],[-2.8199,37.852],[-2.8288,37.8372],[-2.8726,37.7921],[-2.8802,37.76],[-2.89,37.7615],[-2.9037,37.7512],[-2.9071,37.7292],[-2.9006,37.7232],[-2.9014,37.6893],[-2.8839,37.6814],[-2.9021,37.6657],[-2.9778,37.634],[-2.9739,37.6229],[-2.9843,37.6143],[-2.9781,37.6028],[-3.0515,37.6182],[-3.0578,37.6067],[-3.0916,37.5966],[-3.0996,37.6055],[-3.1249,37.6106],[-3.172,37.6429],[-3.2156,37.6442],[-3.2334,37.638],[-3.2624,37.6392],[-3.261,37.6336],[-3.2968,37.588],[-3.3572,37.5764],[-3.3787,37.5642],[-3.3992,37.5641],[-3.4368,37.5739],[-3.4611,37.5984],[-3.4794,37.6011],[-3.5064,37.6173],[-3.536,37.5974],[-3.5363,37.5808],[-3.627,37.5286],[-3.6843,37.5177],[-3.73,37.4876],[-3.7761,37.4765],[-3.7756,37.4879],[-3.7855,37.4909],[-3.7924,37.4825],[-3.7864,37.4783],[-3.7916,37.4662],[-3.8082,37.4599],[-3.8021,37.4534],[-3.8259,37.4141],[-3.8253,37.4025],[-3.8434,37.3854],[-3.8823,37.3875],[-3.9121,37.3784],[-3.9508,37.3784],[-3.9813,37.3875],[-4.0007,37.4021],[-4.0858,37.4038],[-4.1271,37.3783],[-4.158,37.3422],[-4.2092,37.3525],[-4.2363,37.3359],[-4.2364,37.2972],[-4.248,37.2692],[-4.2631,37.2604],[-4.2552,37.2296],[-4.2954,37.1994],[-4.3275,37.1844],[-4.2869,37.1196],[-4.2804,37.0549],[-4.2699,37.0271],[-4.2724,37.0149],[-4.2518,37.023],[-4.2312,37.017],[-4.2232,37.0124],[-4.2153,36.9918],[-4.1665,36.9571],[-4.0998,36.9527],[-4.0919,36.9333],[-4.0536,36.915],[-4.0473,36.9036],[-4.014,36.8988],[-3.9991,36.8899],[-3.9707,36.8921],[-3.9294,36.8829],[-3.9185,36.8681],[-3.8904,36.8676],[-3.8675,36.8507],[-3.8422,36.8582],[-3.8271,36.8556],[-3.796,36.8316],[-3.7952,36.821],[-3.7864,36.8124],[-3.768,36.802],[-3.7669,36.7847],[-3.7822,36.7645],[-3.7729,36.7313],[-3.7643,36.7287],[-3.751,36.7382],[-3.7285,36.719],[-3.726,36.729],[-3.7162,36.7329],[-3.6754,36.7296],[-3.6579,36.7463],[-3.6026,36.744],[-3.5796,36.7235],[-3.554,36.7146],[-3.5385,36.7229],[-3.5149,36.7238],[-3.4821,36.6968],[-3.4685,36.6935],[-3.4199,36.6937],[-3.4035,36.7068],[-3.3651,36.7137],[-3.3512,36.7285]]]}},{"type":"Feature","properties":{"gid":"ESP.1.5_1","provZh":"安达卢西亚","name2":"Huelva","type2":"Provincia","engtype2":"Province"},"geometry":{"type":"MultiPolygon","coordinates":[[[[-6.3422,36.8031],[-6.3517,36.8253],[-6.3531,36.855],[-6.3451,36.8891],[-6.3309,36.8988],[-6.3787,36.9347],[-6.3637,36.9458],[-6.3539,36.9863],[-6.3862,37.0744],[-6.3765,37.0976],[-6.3562,37.1107],[-6.3599,37.1173],[-6.3422,37.123],[-6.3595,37.1384],[-6.336,37.1696],[-6.3504,37.1806],[-6.3532,37.199],[-6.3451,37.2183],[-6.3597,37.2381],[-6.3488,37.2661],[-6.3369,37.2748],[-6.3427,37.2812],[-6.3329,37.2991],[-6.3438,37.3131],[-6.3844,37.3375],[-6.3459,37.3657],[-6.3619,37.3759],[-6.3555,37.3859],[-6.3541,37.3973],[-6.3618,37.4014],[-6.3561,37.4122],[-6.3125,37.4187],[-6.3054,37.4263],[-6.3065,37.4351],[-6.3324,37.4645],[-6.34,37.4872],[-6.3561,37.4965],[-6.3696,37.5286],[-6.3663,37.5358],[-6.3923,37.5541],[-6.4023,37.58],[-6.3935,37.5854],[-6.402,37.5989],[-6.3941,37.6041],[-6.395,37.611],[-6.4431,37.6234],[-6.4813,37.6211],[-6.4847,37.6161],[-6.5135,37.6252],[-6.5279,37.6158],[-6.5384,37.6267],[-6.5295,37.6368],[-6.5365,37.6405],[-6.536,37.651],[-6.5254,37.6641],[-6.5022,37.6668],[-6.5013,37.6887],[-6.4929,37.689],[-6.4793,37.711],[-6.4733,37.7091],[-6.4829,37.7208],[-6.4736,37.7253],[-6.4501,37.7189],[-6.3899,37.7477],[-6.3109,37.7649],[-6.2784,37.7584],[-6.2519,37.7631],[-6.2445,37.7478],[-6.2541,37.7474],[-6.2523,37.7428],[-6.2219,37.7397],[-6.2169,37.7437],[-6.2198,37.7545],[-6.2056,37.766],[-6.2154,37.7913],[-6.2023,37.8055],[-6.1875,37.8099],[-6.1673,37.7928],[-6.1534,37.7949],[-6.1339,37.7878],[-6.1381,37.7951],[-6.1263,37.7972],[-6.1218,37.8171],[-6.1417,37.8549],[-6.1589,37.8541],[-6.1639,37.8628],[-6.1249,37.9048],[-6.1378,37.909],[-6.1446,37.9204],[-6.164,37.9177],[-6.1691,37.9094],[-6.184,37.9282],[-6.1801,37.941],[-6.1961,37.9491],[-6.2011,37.9619],[-6.2396,37.9591],[-6.2524,37.9716],[-6.3032,37.9783],[-6.3292,37.9983],[-6.346,38.0024],[-6.359,38.0167],[-6.3671,38.0489],[-6.3883,38.0481],[-6.4138,38.0586],[-6.4523,38.056],[-6.4442,38.0461],[-6.4657,38.0353],[-6.4737,38.0244],[-6.4653,38.011],[-6.4785,38.0081],[-6.4916,38.0095],[-6.4949,38.0191],[-6.5456,38.0281],[-6.5822,38.0209],[-6.587,38.0268],[-6.5804,38.0528],[-6.6223,38.0972],[-6.6416,38.0976],[-6.6492,38.09],[-6.6536,38.0965],[-6.6609,38.0925],[-6.6898,38.1],[-6.6917,38.095],[-6.7153,38.0926],[-6.7196,38.1006],[-6.7284,38.1],[-6.735,38.0935],[-6.7319,38.0901],[-6.7581,38.0927],[-6.7699,38.0997],[-6.7648,38.106],[-6.7735,38.1047],[-6.7696,38.112],[-6.8082,38.1112],[-6.8157,38.1201],[-6.7994,38.1438],[-6.795,38.1785],[-6.8222,38.1738],[-6.8483,38.1772],[-6.9014,38.2013],[-6.9223,38.2003],[-6.9315,38.2083],[-6.9692,38.1663],[-6.9684,38.1593],[-6.9522,38.1528],[-6.959,38.1501],[-6.958,38.137],[-6.9649,38.132],[-6.9706,38.1105],[-6.9878,38.102],[-6.9898,38.0556],[-7.0021,38.0447],[-7.002,38.0224],[-7.025,38.0247],[-7.0468,38.0143],[-7.0635,38.0196],[-7.0672,38.0336],[-7.0828,38.0337],[-7.0987,38.0438],[-7.1283,38.0295],[-7.1291,38.0108],[-7.1207,38.0046],[-7.1735,37.9928],[-7.187,38.0027],[-7.2023,38.0034],[-7.2267,37.9881],[-7.2457,37.9922],[-7.2624,37.9799],[-7.2497,37.9669],[-7.2483,37.9545],[-7.2578,37.9331],[-7.2551,37.9227],[-7.2619,37.9243],[-7.2736,37.8991],[-7.2822,37.8977],[-7.2835,37.8689],[-7.3244,37.8158],[-7.3661,37.7927],[-7.3967,37.764],[-7.4076,37.7672],[-7.4214,37.7589],[-7.4187,37.7438],[-7.4286,37.741],[-7.4394,37.7004],[-7.4478,37.6975],[-7.4438,37.6886],[-7.4523,37.6774],[-7.4436,37.6646],[-7.4556,37.6622],[-7.4544,37.6464],[-7.4672,37.6494],[-7.4636,37.6419],[-7.471,37.6349],[-7.4703,37.625],[-7.4823,37.6241],[-7.4797,37.6184],[-7.4888,37.604],[-7.5038,37.6048],[-7.4965,37.5947],[-7.5013,37.578],[-7.5155,37.5688],[-7.5075,37.5668],[-7.5067,37.5574],[-7.5194,37.5595],[-7.5227,37.5531],[-7.5126,37.5385],[-7.5117,37.5249],[-7.4922,37.5222],[-7.4841,37.4983],[-7.4638,37.4872],[-7.4688,37.4685],[-7.4567,37.4524],[-7.4575,37.4293],[-7.4455,37.4194],[-7.4627,37.409],[-7.4405,37.391],[-7.4363,37.3614],[-7.4448,37.3465],[-7.439,37.3269],[-7.4422,37.3113],[-7.4217,37.2738],[-7.4336,37.2501],[-7.4135,37.2254],[-7.4073,37.1834],[-7.3801,37.1718],[-7.3507,37.1774],[-7.3326,37.1851],[-7.3393,37.1926],[-7.3318,37.2035],[-7.3607,37.2035],[-7.3315,37.2062],[-7.3376,37.211],[-7.3237,37.206],[-7.3221,37.211],[-7.3112,37.201],[-7.3179,37.2076],[-7.3296,37.2057],[-7.336,37.1901],[-7.3312,37.1865],[-7.3315,37.1932],[-7.2749,37.2026],[-7.1882,37.209],[-7.064,37.2062],[-7.1285,37.2135],[-7.1576,37.2101],[-7.1704,37.2157],[-7.1751,37.2226],[-7.1682,37.2304],[-7.1629,37.2612],[-7.1718,37.2629],[-7.1769,37.2765],[-7.1704,37.2632],[-7.161,37.2651],[-7.1662,37.2371],[-7.1571,37.2432],[-7.1524,37.236],[-7.1568,37.2265],[-7.1676,37.2249],[-7.1626,37.214],[-7.0843,37.2149],[-7.0341,37.2057],[-6.9518,37.1718],[-6.9485,37.1638],[-6.9479,37.1715],[-6.9735,37.2029],[-6.9963,37.209],[-7.0082,37.2193],[-6.9993,37.2185],[-6.9938,37.209],[-6.9779,37.2082],[-6.9821,37.2151],[-6.9807,37.2096],[-6.9938,37.2099],[-7.004,37.2207],[-7.0151,37.2121],[-7.0232,37.2163],[-7.0151,37.2251],[-7.0165,37.2346],[-6.994,37.2491],[-6.9956,37.2574],[-6.9843,37.249],[-7.0012,37.2285],[-6.984,37.2185],[-7.0004,37.2301],[-6.9832,37.2487],[-6.9876,37.2568],[-6.971,37.2435],[-6.9737,37.2332],[-6.9657,37.2171],[-6.9579,37.216],[-6.966,37.2571],[-6.9846,37.269],[-6.9946,37.2599],[-6.9893,37.2565],[-7.0018,37.2574],[-6.9862,37.2699],[-6.9729,37.264],[-6.9826,37.2762],[-6.9676,37.2651],[-6.9793,37.3095],[-6.9682,37.2768],[-6.9612,37.2835],[-6.961,37.2974],[-6.9585,37.2893],[-6.9543,37.2957],[-6.9607,37.2779],[-6.9551,37.2899],[-6.9543,37.2793],[-6.9643,37.264],[-6.9535,37.2188],[-6.9426,37.2121],[-6.9215,37.2376],[-6.9179,37.2349],[-6.8946,37.2546],[-6.8682,37.2912],[-6.8596,37.2938],[-6.876,37.269],[-6.8637,37.2732],[-6.9401,37.2057],[-6.934,37.1991],[-6.9374,37.1954],[-6.9307,37.1957],[-6.9362,37.1924],[-6.9301,37.1843],[-6.8751,37.1488],[-6.8368,37.1363],[-6.8318,37.1285],[-6.826,37.1315],[-6.7799,37.1151],[-6.6546,37.0532],[-6.5201,36.9768],[-6.4474,36.9057],[-6.3965,36.8093],[-6.3699,36.7962],[-6.3488,36.7967],[-6.3422,36.8031]]],[[[-6.9688,37.2171],[-6.9751,37.2101],[-6.9585,37.1835],[-6.916,37.1635],[-6.9371,37.1835],[-6.9457,37.2055],[-6.9688,37.2171]]],[[[-7.1582,37.234],[-7.166,37.2349],[-7.1662,37.2276],[-7.1568,37.2274],[-7.1582,37.234]]],[[[-6.9812,37.2471],[-6.9871,37.2471],[-6.999,37.2296],[-6.9876,37.2302],[-6.9768,37.2121],[-6.9707,37.2201],[-6.974,37.2421],[-6.9812,37.2471]]],[[[-6.879,37.2665],[-6.8785,37.2718],[-6.8932,37.2524],[-6.879,37.2665]]]]}},{"type":"Feature","properties":{"gid":"ESP.1.6_1","provZh":"安达卢西亚","name2":"Jaén","type2":"Provincia","engtype2":"Province"},"geometry":{"type":"Polygon","coordinates":[[[-4.0309,37.4433],[-4.0188,37.4198],[-3.9813,37.3875],[-3.9508,37.3784],[-3.9121,37.3784],[-3.8823,37.3875],[-3.8434,37.3854],[-3.8253,37.4025],[-3.8259,37.4141],[-3.8021,37.4534],[-3.8082,37.4599],[-3.7916,37.4662],[-3.7864,37.4783],[-3.7924,37.4825],[-3.7855,37.4909],[-3.7756,37.4879],[-3.7761,37.4765],[-3.73,37.4876],[-3.6843,37.5177],[-3.627,37.5286],[-3.5363,37.5808],[-3.536,37.5974],[-3.5064,37.6173],[-3.4794,37.6011],[-3.4611,37.5984],[-3.4368,37.5739],[-3.3992,37.5641],[-3.3787,37.5642],[-3.3572,37.5764],[-3.2968,37.588],[-3.261,37.6336],[-3.2624,37.6392],[-3.2334,37.638],[-3.2156,37.6442],[-3.172,37.6429],[-3.1249,37.6106],[-3.0996,37.6055],[-3.0916,37.5966],[-3.0578,37.6067],[-3.0515,37.6182],[-2.9781,37.6028],[-2.9843,37.6143],[-2.9739,37.6229],[-2.9778,37.634],[-2.9021,37.6657],[-2.8839,37.6814],[-2.9014,37.6893],[-2.9006,37.7232],[-2.9071,37.7292],[-2.9037,37.7512],[-2.89,37.7615],[-2.8802,37.76],[-2.8726,37.7921],[-2.8288,37.8372],[-2.8199,37.852],[-2.8195,37.8762],[-2.8061,37.881],[-2.785,37.9171],[-2.7742,37.9256],[-2.7671,37.9194],[-2.743,37.9358],[-2.7228,37.9625],[-2.6942,37.9745],[-2.6704,37.9614],[-2.6056,37.9978],[-2.5976,38.0072],[-2.5958,38.0532],[-2.6062,38.0619],[-2.5393,38.0929],[-2.5202,38.1078],[-2.5128,38.1265],[-2.4985,38.1317],[-2.474,38.1558],[-2.4684,38.1728],[-2.4462,38.1852],[-2.4454,38.2046],[-2.4536,38.2183],[-2.4406,38.2324],[-2.4463,38.2443],[-2.4364,38.2599],[-2.4365,38.2722],[-2.4407,38.2851],[-2.485,38.3003],[-2.4791,38.3492],[-2.4923,38.3713],[-2.4833,38.3979],[-2.5348,38.4063],[-2.55,38.4031],[-2.5714,38.414],[-2.5769,38.4343],[-2.5689,38.4419],[-2.5673,38.4607],[-2.5767,38.4765],[-2.5665,38.4905],[-2.5926,38.5108],[-2.6185,38.5126],[-2.6726,38.4967],[-2.7024,38.5011],[-2.7676,38.5329],[-2.7805,38.5094],[-2.7869,38.5157],[-2.7914,38.5038],[-2.8065,38.5031],[-2.8125,38.4917],[-2.8323,38.4861],[-2.831,38.4765],[-2.8375,38.4844],[-2.84,38.4773],[-2.8498,38.4805],[-2.8546,38.4785],[-2.8512,38.4743],[-2.8608,38.4752],[-2.8606,38.4702],[-2.8801,38.4627],[-2.8777,38.4571],[-2.8841,38.4585],[-2.8814,38.4527],[-2.9057,38.4699],[-2.9635,38.4715],[-2.9768,38.4549],[-2.9934,38.4501],[-2.9921,38.429],[-3.0024,38.4083],[-3.0649,38.4783],[-3.1301,38.4388],[-3.2799,38.4604],[-3.3052,38.4793],[-3.3264,38.4821],[-3.3749,38.4753],[-3.3803,38.4506],[-3.3766,38.4396],[-3.4094,38.4241],[-3.4247,38.4068],[-3.4725,38.398],[-3.5283,38.4087],[-3.5351,38.4394],[-3.5672,38.4521],[-3.583,38.4515],[-3.5857,38.4056],[-3.5981,38.3985],[-3.6204,38.394],[-3.7299,38.4244],[-3.7396,38.414],[-3.7648,38.4244],[-3.7855,38.4253],[-3.8299,38.4128],[-3.8305,38.3929],[-3.8542,38.3752],[-3.9124,38.3691],[-4.0063,38.3681],[-4.0581,38.3789],[-4.1284,38.3795],[-4.1448,38.3865],[-4.156,38.3814],[-4.2554,38.4018],[-4.2675,38.3984],[-4.2764,38.3909],[-4.2785,38.3775],[-4.2688,38.3472],[-4.2557,38.3402],[-4.2373,38.3416],[-4.2378,38.3261],[-4.2332,38.3266],[-4.2386,38.3155],[-4.2267,38.3083],[-4.2274,38.3011],[-4.2101,38.3015],[-4.2147,38.2695],[-4.2083,38.2668],[-4.2164,38.2467],[-4.2039,38.2464],[-4.1958,38.2375],[-4.2006,38.2131],[-4.1686,38.182],[-4.1612,38.1446],[-4.1746,38.1319],[-4.1935,38.1274],[-4.2036,38.108],[-4.2181,38.1105],[-4.222,38.103],[-4.2143,38.0892],[-4.2278,38.0914],[-4.2218,38.083],[-4.2325,38.083],[-4.2267,38.0799],[-4.234,38.0745],[-4.2348,38.0638],[-4.2468,38.0698],[-4.2522,38.0621],[-4.2504,38.048],[-4.2417,38.0535],[-4.2405,38.0464],[-4.2501,38.0391],[-4.2688,38.0398],[-4.2598,38.0223],[-4.2821,38.0228],[-4.2843,38.0039],[-4.2642,37.9735],[-4.2588,37.9348],[-4.2623,37.9151],[-4.2747,37.9028],[-4.2866,37.7966],[-4.2065,37.7788],[-4.2078,37.7697],[-4.2244,37.7618],[-4.2384,37.7198],[-4.1834,37.7071],[-4.1642,37.6815],[-4.228,37.6396],[-4.2181,37.6266],[-4.2211,37.6225],[-4.2083,37.6108],[-4.1875,37.6166],[-4.1737,37.6101],[-4.163,37.5993],[-4.1703,37.5888],[-4.1616,37.5893],[-4.1599,37.5745],[-4.1499,37.5744],[-4.1453,37.5633],[-4.12,37.5532],[-4.1222,37.5469],[-4.114,37.547],[-4.1091,37.5333],[-4.0974,37.5277],[-4.0979,37.5116],[-4.0853,37.5136],[-4.0597,37.5055],[-4.0872,37.486],[-4.0726,37.4734],[-4.048,37.468],[-4.0309,37.4433]]]}},{"type":"Feature","properties":{"gid":"ESP.1.7_1","provZh":"安达卢西亚","name2":"Málaga","type2":"Provincia","engtype2":"Province"},"geometry":{"type":"Polygon","coordinates":[[[-5.3199,36.3251],[-5.2775,36.3371],[-5.2471,36.3104],[-5.2218,36.3737],[-5.1776,36.414],[-5.1571,36.4115],[-5.1407,36.4265],[-5.1101,36.4326],[-5.0813,36.451],[-5.0601,36.4499],[-5.0335,36.4615],[-5.006,36.4593],[-4.9776,36.4779],[-4.9532,36.4837],[-4.9346,36.5001],[-4.8596,36.5076],[-4.7393,36.4829],[-4.694,36.4904],[-4.6771,36.5037],[-4.639,36.5062],[-4.6035,36.5632],[-4.5601,36.5801],[-4.539,36.5785],[-4.5188,36.5951],[-4.5104,36.5937],[-4.4879,36.6326],[-4.4554,36.6649],[-4.431,36.7068],[-4.421,36.7079],[-4.4168,36.7176],[-4.4146,36.7118],[-4.3949,36.7229],[-4.3276,36.7113],[-4.1787,36.7154],[-4.1093,36.7249],[-4.0837,36.7451],[-4.0649,36.7487],[-3.9968,36.7393],[-3.9568,36.7262],[-3.921,36.741],[-3.8843,36.7407],[-3.8443,36.7535],[-3.7915,36.746],[-3.7776,36.7368],[-3.7822,36.7645],[-3.7669,36.7847],[-3.768,36.802],[-3.7864,36.8124],[-3.7952,36.821],[-3.796,36.8316],[-3.8271,36.8556],[-3.8422,36.8582],[-3.8675,36.8507],[-3.8904,36.8676],[-3.9185,36.8681],[-3.9294,36.8829],[-3.9707,36.8921],[-3.9991,36.8899],[-4.014,36.8988],[-4.0473,36.9036],[-4.0536,36.915],[-4.0919,36.9333],[-4.0998,36.9527],[-4.1665,36.9571],[-4.2153,36.9918],[-4.2232,37.0124],[-4.2312,37.017],[-4.2518,37.023],[-4.2724,37.0149],[-4.2699,37.0271],[-4.2804,37.0549],[-4.2869,37.1196],[-4.3321,37.1912],[-4.3225,37.2046],[-4.3449,37.2141],[-4.3724,37.2159],[-4.3849,37.2383],[-4.3773,37.2418],[-4.3759,37.2573],[-4.3833,37.2774],[-4.4064,37.2742],[-4.4178,37.2824],[-4.4334,37.274],[-4.4439,37.278],[-4.456,37.2593],[-4.4677,37.2579],[-4.4615,37.2548],[-4.4668,37.2511],[-4.4769,37.2574],[-4.4856,37.252],[-4.4777,37.2443],[-4.4807,37.2383],[-4.491,37.2386],[-4.4893,37.2311],[-4.4979,37.2234],[-4.4992,37.2304],[-4.5393,37.2113],[-4.561,37.2193],[-4.5761,37.2092],[-4.6022,37.2093],[-4.5964,37.2257],[-4.6142,37.2432],[-4.6136,37.2551],[-4.6452,37.2469],[-4.6586,37.2578],[-4.6909,37.2519],[-4.6994,37.2568],[-4.7139,37.2529],[-4.7196,37.2597],[-4.7356,37.2449],[-4.7178,37.2399],[-4.7322,37.2262],[-4.7271,37.2111],[-4.7111,37.2069],[-4.7085,37.1977],[-4.7602,37.1771],[-4.7615,37.171],[-4.7797,37.1667],[-4.7813,37.1593],[-4.791,37.1602],[-4.7941,37.1535],[-4.8011,37.1606],[-4.7991,37.1723],[-4.8063,37.1712],[-4.8273,37.187],[-4.8192,37.1921],[-4.8258,37.2007],[-4.8537,37.1986],[-4.8588,37.1907],[-4.8566,37.1736],[-4.8754,37.1582],[-4.8807,37.1632],[-4.8975,37.1561],[-4.896,37.1674],[-4.905,37.1819],[-4.9077,37.1748],[-4.925,37.1707],[-4.9395,37.1757],[-4.9425,37.1576],[-4.9032,37.1388],[-4.9082,37.1147],[-4.9225,37.1033],[-4.9463,37.0966],[-4.9882,37.0646],[-5.0258,37.0519],[-5.0278,37.0441],[-5.0328,37.049],[-5.053,37.0306],[-5.0828,37.0315],[-5.1121,37.0191],[-5.1227,37.0277],[-5.1422,37.0039],[-5.115,36.989],[-5.1123,36.9765],[-5.0954,36.9683],[-5.11,36.9594],[-5.0866,36.9051],[-5.1049,36.898],[-5.1024,36.8918],[-5.1097,36.8894],[-5.1123,36.8739],[-5.1339,36.8386],[-5.1703,36.8236],[-5.2219,36.8428],[-5.225,36.8563],[-5.2666,36.8758],[-5.2696,36.8842],[-5.3014,36.8697],[-5.3056,36.8582],[-5.3324,36.8386],[-5.3406,36.8194],[-5.3264,36.8053],[-5.3197,36.7868],[-5.2908,36.7752],[-5.3124,36.7345],[-5.3245,36.724],[-5.3273,36.6946],[-5.3187,36.6901],[-5.3302,36.6789],[-5.3239,36.6734],[-5.3337,36.6724],[-5.3789,36.6326],[-5.4384,36.6142],[-5.4558,36.6196],[-5.4607,36.5888],[-5.4894,36.5705],[-5.5019,36.5476],[-5.522,36.5318],[-5.5369,36.5272],[-5.5399,36.5365],[-5.5741,36.5483],[-5.5996,36.5507],[-5.6101,36.5446],[-5.6081,36.5123],[-5.5719,36.5126],[-5.5599,36.5035],[-5.5241,36.4977],[-5.4906,36.5368],[-5.474,36.5366],[-5.4651,36.5279],[-5.4615,36.5372],[-5.4322,36.5343],[-5.4133,36.5207],[-5.4097,36.4966],[-5.404,36.4946],[-5.3952,36.4693],[-5.3553,36.4338],[-5.3571,36.4239],[-5.347,36.4187],[-5.3348,36.3949],[-5.3347,36.37],[-5.315,36.3434],[-5.3229,36.3322],[-5.3199,36.3251]]]}},{"type":"Feature","properties":{"gid":"ESP.1.8_1","provZh":"安达卢西亚","name2":"Sevilla","type2":"Provincia","engtype2":"Province"},"geometry":{"type":"Polygon","coordinates":[[[-6.2085,36.8934],[-6.1554,36.8854],[-6.1043,36.8573],[-5.973,36.8442],[-5.9527,36.8531],[-5.9252,36.8531],[-5.8909,36.8422],[-5.8934,36.8516],[-5.8764,36.8947],[-5.8598,36.9],[-5.8454,36.9152],[-5.8048,36.9255],[-5.7169,36.9195],[-5.696,36.9353],[-5.6945,36.9568],[-5.6678,36.976],[-5.6495,36.9543],[-5.626,36.9545],[-5.6184,36.9405],[-5.61,36.9416],[-5.6057,36.9509],[-5.588,36.9469],[-5.5829,36.9149],[-5.5337,36.8935],[-5.5507,36.9231],[-5.5456,36.9304],[-5.5244,36.9377],[-5.5121,36.9577],[-5.5022,36.9583],[-5.4933,36.9709],[-5.4817,36.9722],[-5.4696,36.984],[-5.4729,36.9953],[-5.4949,37.0113],[-5.5108,37.0336],[-5.4335,37.0525],[-5.4209,37.0112],[-5.4353,36.991],[-5.4601,36.9752],[-5.4388,36.9353],[-5.4127,36.9407],[-5.4134,36.9535],[-5.3932,36.9722],[-5.3606,36.9852],[-5.3595,36.9925],[-5.3452,36.9974],[-5.3378,37.0111],[-5.302,37.0374],[-5.3001,37.0138],[-5.2349,36.9412],[-5.2258,36.9419],[-5.2059,36.9627],[-5.1625,36.9814],[-5.1227,37.0277],[-5.1121,37.0191],[-5.0828,37.0315],[-5.053,37.0306],[-5.0328,37.049],[-5.0278,37.0441],[-5.0258,37.0519],[-4.9882,37.0646],[-4.9463,37.0966],[-4.9225,37.1033],[-4.9082,37.1147],[-4.9032,37.1388],[-4.9425,37.1576],[-4.9395,37.1757],[-4.925,37.1707],[-4.9077,37.1748],[-4.905,37.1819],[-4.896,37.1674],[-4.8975,37.1561],[-4.8807,37.1632],[-4.8754,37.1582],[-4.8566,37.1736],[-4.8588,37.1907],[-4.8537,37.1986],[-4.8258,37.2007],[-4.8192,37.1921],[-4.8273,37.187],[-4.8063,37.1712],[-4.7991,37.1723],[-4.8011,37.1606],[-4.7941,37.1535],[-4.791,37.1602],[-4.7813,37.1593],[-4.7797,37.1667],[-4.7615,37.171],[-4.7602,37.1771],[-4.7085,37.1977],[-4.7111,37.2069],[-4.7271,37.2111],[-4.7322,37.2262],[-4.7178,37.2399],[-4.7356,37.2449],[-4.7333,37.2501],[-4.7196,37.2597],[-4.7139,37.2529],[-4.6532,37.2559],[-4.6539,37.2719],[-4.6617,37.2831],[-4.6808,37.2904],[-4.6759,37.2909],[-4.6747,37.3018],[-4.6605,37.2945],[-4.6657,37.2987],[-4.6585,37.3047],[-4.6792,37.3088],[-4.6839,37.3158],[-4.6813,37.3234],[-4.6694,37.319],[-4.6696,37.3258],[-4.6792,37.3296],[-4.6718,37.335],[-4.6848,37.33],[-4.6869,37.3414],[-4.7034,37.3453],[-4.7171,37.3584],[-4.725,37.3526],[-4.722,37.3471],[-4.7328,37.3428],[-4.7259,37.3419],[-4.73,37.3353],[-4.7486,37.3309],[-4.7663,37.3379],[-4.78,37.3354],[-4.7821,37.3285],[-4.822,37.3582],[-4.8235,37.3688],[-4.8148,37.3778],[-4.8259,37.3791],[-4.8497,37.4107],[-4.8375,37.4233],[-4.8401,37.4349],[-4.8846,37.438],[-4.8752,37.4505],[-4.9044,37.4682],[-4.91,37.4803],[-4.9048,37.4899],[-4.9153,37.4849],[-4.916,37.4927],[-4.9059,37.4999],[-4.9245,37.5004],[-4.931,37.5056],[-4.9275,37.5125],[-4.9344,37.5115],[-4.9338,37.5199],[-4.9488,37.522],[-4.9319,37.5459],[-4.9358,37.5512],[-4.9314,37.5631],[-4.9375,37.5719],[-4.9302,37.5757],[-4.9349,37.583],[-4.9316,37.6174],[-4.94,37.6213],[-4.9652,37.6109],[-4.9738,37.5999],[-4.958,37.6217],[-4.9536,37.6525],[-4.9714,37.6724],[-4.9826,37.6763],[-4.9997,37.7066],[-5.0476,37.7182],[-5.0725,37.7077],[-5.0743,37.701],[-5.0889,37.6947],[-5.0857,37.6886],[-5.0914,37.68],[-5.0705,37.6607],[-5.0978,37.6703],[-5.0933,37.675],[-5.1081,37.7004],[-5.1296,37.6988],[-5.1131,37.6882],[-5.1078,37.6626],[-5.1339,37.6685],[-5.1499,37.6609],[-5.1766,37.6806],[-5.2744,37.6253],[-5.3234,37.6141],[-5.3436,37.5874],[-5.3582,37.5856],[-5.3595,37.6051],[-5.3813,37.6112],[-5.4143,37.6461],[-5.3936,37.6568],[-5.3971,37.6624],[-5.4062,37.6586],[-5.4124,37.664],[-5.4118,37.6835],[-5.3881,37.6978],[-5.384,37.6813],[-5.375,37.6779],[-5.3615,37.698],[-5.3385,37.7063],[-5.327,37.6916],[-5.3195,37.7012],[-5.3075,37.6993],[-5.3108,37.7086],[-5.3047,37.7305],[-5.3184,37.7593],[-5.3099,37.7743],[-5.3293,37.7783],[-5.3308,37.7857],[-5.3498,37.7943],[-5.3448,37.8279],[-5.3393,37.8315],[-5.3447,37.8401],[-5.4148,37.8699],[-5.4219,37.8889],[-5.4136,37.9015],[-5.422,37.9184],[-5.4165,37.9286],[-5.4241,37.927],[-5.4155,37.9437],[-5.4521,37.9672],[-5.4692,37.971],[-5.493,37.9958],[-5.4898,38.0336],[-5.5395,38.0822],[-5.5387,38.0938],[-5.5572,38.108],[-5.5816,38.1155],[-5.5847,38.1317],[-5.6333,38.1381],[-5.6935,38.0838],[-5.7348,38.0863],[-5.7387,38.1328],[-5.7153,38.1338],[-5.6946,38.1504],[-5.7057,38.1694],[-5.6949,38.1711],[-5.6841,38.1571],[-5.6885,38.1819],[-5.6988,38.1809],[-5.6946,38.1865],[-5.7141,38.1863],[-5.728,38.1974],[-5.7485,38.1904],[-5.7572,38.1806],[-5.7816,38.1859],[-5.7998,38.1745],[-5.817,38.1777],[-5.823,38.1699],[-5.8514,38.1719],[-5.8565,38.1615],[-5.8774,38.1554],[-5.8808,38.1322],[-5.9128,38.1227],[-5.9264,38.1044],[-5.9292,38.0892],[-5.9107,38.0782],[-5.9089,38.0629],[-5.9192,38.0498],[-5.9341,38.0469],[-5.9326,38.0315],[-5.9536,37.9954],[-5.9934,37.9996],[-6.017,37.9911],[-6.0312,37.9977],[-6.0522,37.9967],[-6.0777,37.9846],[-6.1152,37.9818],[-6.1773,37.9461],[-6.184,37.9282],[-6.1691,37.9094],[-6.164,37.9177],[-6.1446,37.9204],[-6.1378,37.909],[-6.1249,37.9048],[-6.1639,37.8628],[-6.1589,37.8541],[-6.1417,37.8549],[-6.1218,37.8171],[-6.1263,37.7972],[-6.1381,37.7951],[-6.1339,37.7878],[-6.1534,37.7949],[-6.1673,37.7928],[-6.1875,37.8099],[-6.2023,37.8055],[-6.2154,37.7913],[-6.2056,37.766],[-6.2198,37.7545],[-6.2169,37.7437],[-6.2219,37.7397],[-6.2523,37.7428],[-6.2541,37.7474],[-6.2445,37.7478],[-6.2519,37.7631],[-6.2784,37.7584],[-6.3109,37.7649],[-6.3899,37.7477],[-6.4501,37.7189],[-6.4736,37.7253],[-6.4829,37.7208],[-6.4733,37.7091],[-6.4793,37.711],[-6.4929,37.689],[-6.5013,37.6887],[-6.5022,37.6668],[-6.5254,37.6641],[-6.536,37.651],[-6.5365,37.6405],[-6.5295,37.6368],[-6.5384,37.6267],[-6.5279,37.6158],[-6.5135,37.6252],[-6.4847,37.6161],[-6.4813,37.6211],[-6.4431,37.6234],[-6.395,37.611],[-6.3941,37.6041],[-6.402,37.5989],[-6.3935,37.5854],[-6.4023,37.58],[-6.3923,37.5541],[-6.3663,37.5358],[-6.3696,37.5286],[-6.3561,37.4965],[-6.34,37.4872],[-6.3324,37.4645],[-6.3065,37.4351],[-6.3054,37.4263],[-6.3125,37.4187],[-6.3561,37.4122],[-6.3618,37.4014],[-6.3541,37.3973],[-6.3555,37.3859],[-6.3619,37.3759],[-6.3459,37.3657],[-6.3844,37.3375],[-6.3438,37.3131],[-6.3329,37.2991],[-6.3427,37.2812],[-6.3369,37.2748],[-6.3488,37.2661],[-6.3597,37.2381],[-6.3451,37.2183],[-6.3532,37.199],[-6.3504,37.1806],[-6.336,37.1696],[-6.3595,37.1384],[-6.3422,37.123],[-6.3599,37.1173],[-6.3562,37.1107],[-6.3765,37.0976],[-6.3854,37.0837],[-6.3798,37.0484],[-6.3539,36.9863],[-6.3637,36.9458],[-6.3787,36.9347],[-6.3309,36.8988],[-6.2781,36.9109],[-6.2536,36.8939],[-6.2308,36.8981],[-6.2085,36.8934]],[[-5.0299,37.6322],[-5.0335,37.6208],[-5.0245,37.5949],[-5.018,37.5921],[-5.0269,37.5962],[-5.0309,37.6106],[-5.0478,37.6082],[-5.04,37.6259],[-5.0848,37.6438],[-5.084,37.6481],[-5.0537,37.6424],[-5.0467,37.632],[-5.0311,37.6415],[-5.0299,37.6322]]]}},{"type":"Feature","properties":{"gid":"ESP.2.1_1","provZh":"阿拉贡","name2":"Huesca","type2":"Provincia","engtype2":"Province"},"geometry":{"type":"Polygon","coordinates":[[[-0.0257,41.3921],[-0.0239,41.3969],[-0.0029,41.3879],[0.0097,41.3605],[0.0793,41.3558],[0.0934,41.35],[0.1063,41.3508],[0.131,41.3889],[0.1574,41.3978],[0.1646,41.4068],[0.1809,41.3946],[0.1993,41.4034],[0.2191,41.4036],[0.2366,41.4261],[0.2451,41.4287],[0.3089,41.4189],[0.335,41.4082],[0.3554,41.4518],[0.3446,41.4631],[0.3421,41.484],[0.3979,41.4913],[0.447,41.5423],[0.4304,41.5653],[0.4359,41.5849],[0.4285,41.6024],[0.4021,41.5927],[0.3496,41.5995],[0.3459,41.6219],[0.358,41.6317],[0.3263,41.6622],[0.326,41.6747],[0.3421,41.6966],[0.3687,41.7142],[0.3693,41.7247],[0.3848,41.7403],[0.3955,41.732],[0.3987,41.7578],[0.4697,41.7656],[0.4833,41.8015],[0.5155,41.8224],[0.5424,41.8204],[0.5534,41.8351],[0.5574,41.8542],[0.5801,41.8509],[0.5801,41.8635],[0.6073,41.8723],[0.6083,41.8783],[0.5928,41.8844],[0.601,41.9086],[0.5949,41.918],[0.6075,41.9193],[0.5625,41.9327],[0.5619,41.9382],[0.587,41.9668],[0.6044,41.9607],[0.6238,41.9918],[0.6386,41.9946],[0.642,41.9821],[0.6466,41.9968],[0.6573,42.0016],[0.6639,42.0146],[0.657,42.0149],[0.6517,42.0263],[0.6568,42.0404],[0.6712,42.0474],[0.6688,42.0612],[0.6996,42.107],[0.6959,42.152],[0.714,42.1634],[0.6986,42.1727],[0.7026,42.1901],[0.7142,42.21],[0.7149,42.2248],[0.735,42.2522],[0.7449,42.3012],[0.7646,42.3225],[0.7437,42.3263],[0.7404,42.3369],[0.7713,42.3507],[0.7233,42.3656],[0.7461,42.3848],[0.7382,42.3997],[0.726,42.4053],[0.7359,42.414],[0.7102,42.4364],[0.7085,42.4589],[0.6905,42.4876],[0.698,42.4864],[0.7005,42.4959],[0.7133,42.4873],[0.7395,42.5052],[0.7193,42.5128],[0.7216,42.5252],[0.7351,42.5401],[0.7496,42.535],[0.7409,42.545],[0.7586,42.5722],[0.7675,42.6113],[0.7084,42.6212],[0.6983,42.6293],[0.6951,42.6587],[0.6805,42.6663],[0.6601,42.691],[0.6162,42.6958],[0.597,42.7055],[0.5888,42.6955],[0.5774,42.6937],[0.5259,42.7021],[0.5162,42.6917],[0.4768,42.6996],[0.422,42.6903],[0.3961,42.6939],[0.3923,42.7119],[0.3604,42.7237],[0.3277,42.7053],[0.3209,42.6832],[0.295,42.6734],[0.2635,42.6938],[0.2669,42.7028],[0.2596,42.7158],[0.227,42.7174],[0.206,42.7293],[0.176,42.7356],[0.1623,42.7224],[0.1421,42.7219],[0.1151,42.7108],[0.0794,42.7147],[0.0583,42.697],[0.0153,42.7008],[0.0007,42.6852],[-0.0577,42.6937],[-0.0688,42.7161],[-0.1105,42.7254],[-0.1232,42.7504],[-0.1595,42.7807],[-0.1586,42.7957],[-0.1779,42.7853],[-0.1896,42.7871],[-0.2374,42.8077],[-0.2433,42.8231],[-0.2533,42.8192],[-0.2729,42.8273],[-0.2785,42.8358],[-0.313,42.8475],[-0.3249,42.8342],[-0.3474,42.8354],[-0.365,42.8163],[-0.3925,42.8001],[-0.4146,42.8054],[-0.4449,42.796],[-0.4929,42.8167],[-0.5025,42.8275],[-0.5241,42.8113],[-0.5231,42.7987],[-0.5297,42.7915],[-0.5444,42.7906],[-0.551,42.7777],[-0.5677,42.7809],[-0.5676,42.8044],[-0.6004,42.8025],[-0.6023,42.8301],[-0.6355,42.8526],[-0.6562,42.8588],[-0.6794,42.8829],[-0.6984,42.879],[-0.7278,42.8925],[-0.735,42.9117],[-0.7275,42.9193],[-0.7534,42.9245],[-0.7898,42.9186],[-0.8191,42.9007],[-0.8192,42.8892],[-0.8136,42.8882],[-0.8185,42.8694],[-0.8568,42.8469],[-0.8514,42.8076],[-0.86,42.7986],[-0.8475,42.7859],[-0.8733,42.759],[-0.9005,42.7605],[-0.8968,42.7357],[-0.9068,42.7266],[-0.9043,42.7122],[-0.9225,42.7008],[-0.9015,42.7019],[-0.8801,42.694],[-0.8799,42.6881],[-0.8931,42.6623],[-0.9276,42.6562],[-0.9046,42.6129],[-0.9146,42.6023],[-0.9048,42.6008],[-0.9086,42.5871],[-0.9248,42.588],[-0.9341,42.5727],[-0.9216,42.5712],[-0.9186,42.5553],[-0.8993,42.56],[-0.8951,42.5509],[-0.8966,42.5399],[-0.9164,42.5373],[-0.9334,42.5059],[-0.9132,42.5038],[-0.893,42.5099],[-0.8903,42.4904],[-0.897,42.4791],[-0.8796,42.4697],[-0.8777,42.4617],[-0.8819,42.4571],[-0.8963,42.4604],[-0.9063,42.4498],[-0.8962,42.4438],[-0.9056,42.4365],[-0.8842,42.4211],[-0.842,42.4074],[-0.836,42.3959],[-0.8153,42.395],[-0.8216,42.3846],[-0.8442,42.3843],[-0.8427,42.3664],[-0.8559,42.3396],[-0.8873,42.3084],[-0.889,42.2867],[-0.918,42.2555],[-0.8892,42.2406],[-0.8911,42.2631],[-0.8769,42.2817],[-0.8581,42.2748],[-0.8439,42.2828],[-0.8131,42.2645],[-0.7913,42.2952],[-0.7721,42.3454],[-0.7718,42.362],[-0.7809,42.3767],[-0.7779,42.3913],[-0.7364,42.3699],[-0.7449,42.3612],[-0.7351,42.3534],[-0.7446,42.3387],[-0.7289,42.2977],[-0.7485,42.2775],[-0.7519,42.2636],[-0.7593,42.2637],[-0.7615,42.2145],[-0.7589,42.2047],[-0.7505,42.2006],[-0.7597,42.1779],[-0.7516,42.1729],[-0.7595,42.1711],[-0.7474,42.1559],[-0.7585,42.1454],[-0.7535,42.1314],[-0.7607,42.1295],[-0.7534,42.1249],[-0.758,42.1152],[-0.7545,42.1076],[-0.7626,42.102],[-0.7549,42.0906],[-0.7701,42.0872],[-0.7607,42.0795],[-0.7661,42.073],[-0.7628,42.0681],[-0.7761,42.0563],[-0.7947,42.0551],[-0.8048,42.0739],[-0.8047,42.0965],[-0.8281,42.0826],[-0.8449,42.0586],[-0.8554,42.0532],[-0.8489,42.042],[-0.8507,42.0262],[-0.8849,42.0036],[-0.7782,41.9574],[-0.737,41.9533],[-0.7244,41.9608],[-0.6578,41.9575],[-0.6301,41.9125],[-0.5951,41.8989],[-0.6033,41.8828],[-0.5552,41.8713],[-0.5427,41.858],[-0.529,41.8535],[-0.5167,41.8368],[-0.512,41.7844],[-0.5007,41.7613],[-0.5039,41.7462],[-0.5193,41.7294],[-0.4894,41.7317],[-0.4449,41.7037],[-0.4285,41.7055],[-0.3745,41.6881],[-0.3662,41.6799],[-0.3623,41.6378],[-0.3125,41.6241],[-0.3023,41.6079],[-0.2459,41.5738],[-0.2395,41.5726],[-0.2057,41.6023],[-0.1564,41.59],[-0.1673,41.5811],[-0.1574,41.5684],[-0.1566,41.5353],[-0.1348,41.5224],[-0.1049,41.4855],[-0.0844,41.4315],[-0.0727,41.3772],[-0.0494,41.3605],[-0.0079,41.3478],[-0.0292,41.3778],[-0.0257,41.3921]]]}},{"type":"Feature","properties":{"gid":"ESP.2.2_1","provZh":"阿拉贡","name2":"Teruel","type2":"Provincia","engtype2":"Province"},"geometry":{"type":"Polygon","coordinates":[[[-0.8299,39.9068],[-0.8462,39.9477],[-0.8357,39.96],[-0.8414,39.969],[-0.8379,39.9766],[-0.7778,39.9983],[-0.7672,40.0101],[-0.7622,40.0413],[-0.7536,40.0466],[-0.7475,40.0379],[-0.7188,40.0387],[-0.7028,40.0466],[-0.6829,40.0443],[-0.6272,40.0762],[-0.6231,40.0696],[-0.6135,40.07],[-0.6286,40.1021],[-0.6065,40.1283],[-0.5784,40.1381],[-0.5793,40.1476],[-0.5692,40.1592],[-0.5721,40.1815],[-0.5578,40.2009],[-0.5441,40.2517],[-0.5292,40.2394],[-0.4945,40.2288],[-0.4699,40.2402],[-0.4638,40.2339],[-0.428,40.2438],[-0.3836,40.2649],[-0.3828,40.2783],[-0.4001,40.2942],[-0.3901,40.3057],[-0.3789,40.31],[-0.3662,40.3051],[-0.3685,40.3121],[-0.3631,40.3166],[-0.3529,40.3134],[-0.3497,40.328],[-0.3431,40.3254],[-0.3406,40.34],[-0.3045,40.3627],[-0.2823,40.3651],[-0.2852,40.3863],[-0.3473,40.444],[-0.3326,40.4591],[-0.2728,40.4737],[-0.2797,40.4835],[-0.2747,40.4969],[-0.2881,40.5096],[-0.2976,40.5058],[-0.3018,40.516],[-0.2901,40.544],[-0.2998,40.5774],[-0.2943,40.584],[-0.2932,40.6111],[-0.3115,40.6115],[-0.322,40.6029],[-0.3602,40.6155],[-0.3704,40.6136],[-0.3796,40.6236],[-0.3707,40.6508],[-0.3815,40.6616],[-0.378,40.6674],[-0.3561,40.6777],[-0.3288,40.6803],[-0.3069,40.6595],[-0.2936,40.674],[-0.2359,40.6911],[-0.2335,40.7086],[-0.2392,40.7181],[-0.224,40.7542],[-0.213,40.7581],[-0.1971,40.7845],[-0.1649,40.7887],[-0.1445,40.7855],[-0.1438,40.7687],[-0.1257,40.7529],[-0.0647,40.7274],[-0.0307,40.7226],[-0.0177,40.7312],[0.0158,40.7285],[0.0284,40.7132],[0.0265,40.695],[0.0422,40.691],[0.0727,40.7143],[0.1125,40.7272],[0.1414,40.7185],[0.1639,40.7236],[0.1708,40.7329],[0.1592,40.7506],[0.1754,40.7412],[0.1753,40.755],[0.1902,40.7503],[0.212,40.7675],[0.23,40.7675],[0.2336,40.787],[0.2578,40.8003],[0.2652,40.8138],[0.2783,40.8211],[0.2508,40.8563],[0.2554,40.8746],[0.239,40.8849],[0.2501,40.896],[0.2539,40.9197],[0.2743,40.9366],[0.2717,40.9448],[0.2935,40.9706],[0.2811,40.9749],[0.2811,40.9872],[0.2685,40.9983],[0.2743,41.0072],[0.2589,41.0139],[0.261,41.0189],[0.2799,41.0198],[0.2462,41.0413],[0.2343,41.0346],[0.2331,41.0471],[0.2178,41.0437],[0.2302,41.0539],[0.2182,41.0629],[0.2204,41.0715],[0.1673,41.0708],[0.1459,41.0631],[0.1183,41.0768],[0.0725,41.0794],[0.0576,41.0751],[0.0519,41.0548],[0.037,41.0466],[-0.0048,41.097],[-0.0122,41.1203],[-0.0257,41.1281],[-0.0382,41.1291],[-0.0784,41.1506],[-0.1035,41.1496],[-0.1224,41.1567],[-0.1803,41.1879],[-0.2252,41.19],[-0.2431,41.2098],[-0.2686,41.215],[-0.318,41.2576],[-0.3237,41.2553],[-0.323,41.2456],[-0.3372,41.2414],[-0.3779,41.2655],[-0.4058,41.2724],[-0.4287,41.2941],[-0.4207,41.3118],[-0.4701,41.3183],[-0.4799,41.346],[-0.5024,41.3541],[-0.5506,41.3455],[-0.5589,41.3543],[-0.5817,41.3481],[-0.5818,41.3214],[-0.5655,41.3033],[-0.5448,41.3006],[-0.5271,41.2882],[-0.5081,41.2558],[-0.5096,41.2383],[-0.5315,41.2278],[-0.5484,41.2678],[-0.6052,41.3233],[-0.6297,41.3118],[-0.6254,41.2482],[-0.6427,41.2384],[-0.6692,41.2369],[-0.6099,41.1917],[-0.6408,41.171],[-0.665,41.146],[-0.6719,41.13],[-0.6939,41.1123],[-0.7121,41.1218],[-0.7277,41.1439],[-0.7614,41.1697],[-0.7648,41.1589],[-0.7805,41.1474],[-0.7885,41.1079],[-0.8285,41.0964],[-0.8598,41.108],[-0.8836,41.1301],[-0.8832,41.1488],[-0.8914,41.1452],[-0.8905,41.1256],[-0.9153,41.1052],[-0.9125,41.093],[-0.9449,41.0753],[-0.9572,41.0764],[-0.9818,41.0922],[-0.9985,41.0952],[-1.0005,41.1147],[-0.9724,41.1535],[-1.0008,41.134],[-1.0393,41.1347],[-1.0612,41.1517],[-1.1047,41.1677],[-1.117,41.1555],[-1.1131,41.1428],[-1.1215,41.1349],[-1.1739,41.1237],[-1.1924,41.127],[-1.2099,41.1388],[-1.2546,41.1226],[-1.2713,41.1033],[-1.2532,41.0773],[-1.2709,41.0548],[-1.2814,41.0559],[-1.2874,41.0489],[-1.3541,41.0575],[-1.3601,41.0716],[-1.3523,41.0819],[-1.3557,41.0885],[-1.3781,41.0731],[-1.4052,41.0663],[-1.41,41.0579],[-1.4048,41.0506],[-1.4167,41.0438],[-1.4111,41.0351],[-1.4222,41.0272],[-1.4763,41.0149],[-1.4593,41.0068],[-1.4469,40.9766],[-1.4714,40.958],[-1.4729,40.9488],[-1.5053,40.9641],[-1.5152,40.9547],[-1.5579,40.9393],[-1.5835,40.9418],[-1.5895,40.9362],[-1.6174,40.9437],[-1.6078,40.9276],[-1.6259,40.8987],[-1.6202,40.8795],[-1.5887,40.845],[-1.5704,40.8301],[-1.5567,40.8288],[-1.5423,40.8112],[-1.5398,40.7607],[-1.562,40.7398],[-1.5533,40.7059],[-1.5356,40.687],[-1.5403,40.6814],[-1.5389,40.6581],[-1.5648,40.6148],[-1.5454,40.5952],[-1.5987,40.5621],[-1.6342,40.5798],[-1.6664,40.5821],[-1.678,40.591],[-1.6932,40.5777],[-1.6896,40.5665],[-1.7018,40.5382],[-1.6924,40.4868],[-1.7485,40.4629],[-1.7854,40.4132],[-1.7933,40.4179],[-1.8006,40.4142],[-1.8063,40.3983],[-1.7784,40.3921],[-1.7412,40.3496],[-1.7203,40.3409],[-1.6976,40.3213],[-1.7068,40.3136],[-1.7201,40.3185],[-1.7292,40.3032],[-1.7192,40.2771],[-1.71,40.2807],[-1.7105,40.2921],[-1.7003,40.3071],[-1.6903,40.3097],[-1.5404,40.1908],[-1.5108,40.2037],[-1.4744,40.1851],[-1.4391,40.197],[-1.4423,40.1576],[-1.4488,40.1454],[-1.4333,40.1395],[-1.4223,40.1424],[-1.3935,40.1344],[-1.3636,40.1386],[-1.357,40.1289],[-1.3197,40.1464],[-1.3229,40.1849],[-1.3149,40.2014],[-1.2982,40.2117],[-1.2843,40.1715],[-1.2524,40.1433],[-1.2442,40.146],[-1.2506,40.1239],[-1.2449,40.1162],[-1.2072,40.1102],[-1.1497,40.1148],[-1.1334,40.0974],[-1.1118,40.0928],[-1.0721,40.0605],[-1.0717,40.0511],[-1.0842,40.0362],[-1.1361,40.0151],[-1.1651,40.0101],[-1.1634,40.0002],[-1.1473,39.9886],[-1.1423,39.9719],[-1.1302,39.9703],[-1.1217,39.9609],[-1.1238,39.966],[-1.105,39.975],[-1.0921,39.9678],[-1.0859,39.9764],[-1.0715,39.9797],[-1.0252,39.9746],[-0.9913,39.9819],[-0.9318,39.9561],[-0.9204,39.9644],[-0.9026,39.9319],[-0.9138,39.918],[-0.9096,39.8986],[-0.9002,39.8919],[-0.9125,39.8724],[-0.8885,39.8521],[-0.8674,39.8468],[-0.8291,39.8709],[-0.7976,39.8811],[-0.8045,39.8921],[-0.8299,39.9068]]]}},{"type":"Feature","properties":{"gid":"ESP.2.3_1","provZh":"阿拉贡","name2":"Zaragoza","type2":"Provincia","engtype2":"Province"},"geometry":{"type":"Polygon","coordinates":[[[-1.654,40.969],[-1.6174,40.9437],[-1.5895,40.9362],[-1.5835,40.9418],[-1.5579,40.9393],[-1.5152,40.9547],[-1.5053,40.9641],[-1.4729,40.9488],[-1.4714,40.958],[-1.4469,40.9766],[-1.4593,41.0068],[-1.4763,41.0149],[-1.4222,41.0272],[-1.4111,41.0351],[-1.4167,41.0438],[-1.4048,41.0506],[-1.41,41.0579],[-1.4052,41.0663],[-1.3781,41.0731],[-1.3557,41.0885],[-1.3523,41.0819],[-1.3601,41.0716],[-1.3541,41.0575],[-1.2874,41.0489],[-1.2814,41.0559],[-1.2709,41.0548],[-1.2532,41.0773],[-1.2713,41.1033],[-1.2546,41.1226],[-1.2099,41.1388],[-1.1924,41.127],[-1.1739,41.1237],[-1.1215,41.1349],[-1.1131,41.1428],[-1.117,41.1555],[-1.1047,41.1677],[-1.0612,41.1517],[-1.0393,41.1347],[-1.0008,41.134],[-0.9724,41.1535],[-1.0005,41.1147],[-0.9985,41.0952],[-0.9818,41.0922],[-0.9572,41.0764],[-0.9449,41.0753],[-0.9125,41.093],[-0.9153,41.1052],[-0.8905,41.1256],[-0.8914,41.1452],[-0.8832,41.1488],[-0.8836,41.1301],[-0.8598,41.108],[-0.8285,41.0964],[-0.7885,41.1079],[-0.7805,41.1474],[-0.7648,41.1589],[-0.7614,41.1697],[-0.7277,41.1439],[-0.7121,41.1218],[-0.6939,41.1123],[-0.6719,41.13],[-0.665,41.146],[-0.6408,41.171],[-0.6099,41.1917],[-0.6692,41.2369],[-0.6427,41.2384],[-0.6254,41.2482],[-0.6297,41.3118],[-0.6052,41.3233],[-0.5484,41.2678],[-0.5315,41.2278],[-0.5096,41.2383],[-0.5081,41.2558],[-0.5271,41.2882],[-0.5448,41.3006],[-0.5655,41.3033],[-0.5818,41.3214],[-0.5817,41.3481],[-0.5677,41.3539],[-0.5589,41.3543],[-0.5506,41.3455],[-0.5024,41.3541],[-0.4799,41.346],[-0.4701,41.3183],[-0.4207,41.3118],[-0.4287,41.2941],[-0.4058,41.2724],[-0.3779,41.2655],[-0.3372,41.2414],[-0.323,41.2456],[-0.3237,41.2553],[-0.318,41.2576],[-0.2686,41.215],[-0.2431,41.2098],[-0.2252,41.19],[-0.1803,41.1879],[-0.1224,41.1567],[-0.1035,41.1496],[-0.0784,41.1506],[-0.0382,41.1291],[-0.0257,41.1281],[-0.0122,41.1203],[-0.0048,41.097],[0.037,41.0466],[0.0519,41.0548],[0.0576,41.0751],[0.0725,41.0794],[0.1183,41.0768],[0.1459,41.0631],[0.1673,41.0708],[0.2204,41.0715],[0.2201,41.0829],[0.2012,41.0847],[0.2009,41.1027],[0.209,41.1169],[0.2013,41.1268],[0.2199,41.1324],[0.214,41.1373],[0.2479,41.1302],[0.2562,41.1437],[0.253,41.1502],[0.2731,41.1488],[0.292,41.1564],[0.3034,41.1644],[0.3224,41.2253],[0.3313,41.2227],[0.3413,41.2311],[0.36,41.2255],[0.3646,41.2387],[0.3813,41.2365],[0.3737,41.2494],[0.3857,41.2789],[0.3657,41.304],[0.3683,41.3186],[0.3486,41.3298],[0.3738,41.3504],[0.36,41.3705],[0.32,41.3949],[0.335,41.4082],[0.3089,41.4189],[0.2451,41.4287],[0.2366,41.4261],[0.2191,41.4036],[0.1993,41.4034],[0.1809,41.3946],[0.1646,41.4068],[0.1574,41.3978],[0.131,41.3889],[0.1063,41.3508],[0.0097,41.3605],[-0.0029,41.3879],[-0.0239,41.3969],[-0.0292,41.3778],[-0.0079,41.3478],[-0.0494,41.3605],[-0.0727,41.3772],[-0.0844,41.4315],[-0.1049,41.4855],[-0.1348,41.5224],[-0.1566,41.5353],[-0.1574,41.5684],[-0.1673,41.5811],[-0.1564,41.59],[-0.2057,41.6023],[-0.2395,41.5726],[-0.2459,41.5738],[-0.3023,41.6079],[-0.3125,41.6241],[-0.3623,41.6378],[-0.3662,41.6799],[-0.3745,41.6881],[-0.4285,41.7055],[-0.4449,41.7037],[-0.4894,41.7317],[-0.5193,41.7294],[-0.5039,41.7462],[-0.5007,41.7613],[-0.512,41.7844],[-0.5167,41.8368],[-0.529,41.8535],[-0.5427,41.858],[-0.5552,41.8713],[-0.6033,41.8828],[-0.5951,41.8989],[-0.6301,41.9125],[-0.6578,41.9575],[-0.7244,41.9608],[-0.737,41.9533],[-0.7782,41.9574],[-0.8849,42.0036],[-0.8507,42.0262],[-0.8489,42.042],[-0.8554,42.0532],[-0.8449,42.0586],[-0.8281,42.0826],[-0.8047,42.0965],[-0.8048,42.0739],[-0.7947,42.0551],[-0.7761,42.0563],[-0.7628,42.0681],[-0.7661,42.073],[-0.7607,42.0795],[-0.7701,42.0872],[-0.7549,42.0906],[-0.7626,42.102],[-0.7545,42.1076],[-0.758,42.1152],[-0.7534,42.1249],[-0.7607,42.1295],[-0.7535,42.1314],[-0.7585,42.1454],[-0.7474,42.1559],[-0.7595,42.1711],[-0.7516,42.1729],[-0.7597,42.1779],[-0.7505,42.2006],[-0.7589,42.2047],[-0.7615,42.2145],[-0.7593,42.2637],[-0.7519,42.2636],[-0.7485,42.2775],[-0.7289,42.2977],[-0.7446,42.3387],[-0.7351,42.3534],[-0.7449,42.3612],[-0.7364,42.3699],[-0.7779,42.3913],[-0.7809,42.3767],[-0.7718,42.362],[-0.7721,42.3454],[-0.7913,42.2952],[-0.8131,42.2645],[-0.8439,42.2828],[-0.8581,42.2748],[-0.8769,42.2817],[-0.8911,42.2631],[-0.8892,42.2406],[-0.918,42.2555],[-0.889,42.2867],[-0.8873,42.3084],[-0.8559,42.3396],[-0.8427,42.3664],[-0.8442,42.3843],[-0.8216,42.3846],[-0.8153,42.395],[-0.836,42.3959],[-0.842,42.4074],[-0.8842,42.4211],[-0.9056,42.4365],[-0.8962,42.4438],[-0.9063,42.4498],[-0.8963,42.4604],[-0.8819,42.4571],[-0.8777,42.4617],[-0.8796,42.4697],[-0.897,42.4791],[-0.8903,42.4904],[-0.893,42.5099],[-0.9132,42.5038],[-0.9334,42.5059],[-0.9164,42.5373],[-0.8966,42.5399],[-0.8951,42.5509],[-0.8993,42.56],[-0.9186,42.5553],[-0.9216,42.5712],[-0.9341,42.5727],[-0.9248,42.588],[-0.9086,42.5871],[-0.9048,42.6008],[-0.9146,42.6023],[-0.9046,42.6129],[-0.9276,42.6562],[-0.8931,42.6623],[-0.8799,42.6881],[-0.8801,42.694],[-0.9015,42.7019],[-0.9225,42.7008],[-0.9043,42.7122],[-0.9068,42.7266],[-0.8968,42.7357],[-0.9011,42.7427],[-0.923,42.744],[-0.9358,42.7343],[-0.9486,42.7115],[-0.9692,42.7037],[-1.0279,42.7001],[-1.0392,42.6916],[-1.0325,42.6756],[-1.0396,42.6642],[-1.0386,42.6483],[-1.0694,42.6416],[-1.1524,42.6476],[-1.1576,42.6105],[-1.1708,42.6171],[-1.1787,42.6151],[-1.18,42.6079],[-1.1581,42.5996],[-1.2019,42.5782],[-1.2028,42.5497],[-1.2183,42.5492],[-1.2261,42.5422],[-1.2647,42.5568],[-1.2881,42.5228],[-1.2934,42.511],[-1.2875,42.5086],[-1.2867,42.4985],[-1.2751,42.4958],[-1.2727,42.4824],[-1.2813,42.4645],[-1.3152,42.4492],[-1.3415,42.4239],[-1.3429,42.4081],[-1.3597,42.3784],[-1.3506,42.3701],[-1.3362,42.372],[-1.329,42.3554],[-1.399,42.2913],[-1.3898,42.2785],[-1.4174,42.2118],[-1.4133,42.2022],[-1.3952,42.1907],[-1.3917,42.1796],[-1.3988,42.1262],[-1.3667,42.107],[-1.3649,42.0926],[-1.3522,42.0731],[-1.3105,42.0723],[-1.3048,42.043],[-1.3395,42.018],[-1.3743,41.962],[-1.386,41.957],[-1.3822,41.9433],[-1.4035,41.9351],[-1.4107,41.919],[-1.4217,41.9131],[-1.4532,41.9157],[-1.4739,41.9246],[-1.5017,41.9243],[-1.5061,41.9159],[-1.5233,41.9099],[-1.5583,41.9138],[-1.5962,41.9271],[-1.6168,41.9515],[-1.6541,41.9654],[-1.6636,41.96],[-1.676,41.9665],[-1.6862,41.9535],[-1.7152,41.957],[-1.7343,41.9639],[-1.7668,41.9958],[-1.7923,41.9897],[-1.8103,41.998],[-1.8336,41.9951],[-1.8471,42.008],[-1.8513,41.9981],[-1.844,41.9873],[-1.8651,41.9776],[-1.8547,41.9592],[-1.8572,41.9095],[-1.8387,41.889],[-1.8399,41.8753],[-1.8321,41.8633],[-1.8225,41.8654],[-1.8175,41.8534],[-1.8185,41.83],[-1.8529,41.7896],[-1.8253,41.7784],[-1.8211,41.7661],[-1.8026,41.7512],[-1.8092,41.7367],[-1.7877,41.7341],[-1.7753,41.7248],[-1.7849,41.717],[-1.7868,41.6994],[-1.812,41.6865],[-1.8062,41.6643],[-1.8589,41.6615],[-1.8739,41.638],[-1.8788,41.6411],[-1.8978,41.6324],[-1.923,41.5983],[-1.9844,41.6071],[-1.9933,41.6001],[-1.9936,41.5771],[-1.9673,41.5461],[-1.9781,41.5267],[-1.981,41.4864],[-1.9532,41.4625],[-1.9487,41.4296],[-1.9536,41.4243],[-1.9365,41.4199],[-1.9378,41.4074],[-1.9818,41.4023],[-2.0096,41.3858],[-2.0292,41.3842],[-2.0423,41.389],[-2.0435,41.3972],[-2.0347,41.4044],[-2.0356,41.4269],[-2.1015,41.4458],[-2.1167,41.425],[-2.1206,41.39],[-2.116,41.3821],[-2.1498,41.3559],[-2.1631,41.3554],[-2.1566,41.3374],[-2.1704,41.3188],[-2.1736,41.2881],[-2.1634,41.2832],[-2.1462,41.1844],[-2.0798,41.171],[-2.0773,41.1631],[-2.0516,41.1469],[-2.0476,41.1527],[-2.0084,41.1564],[-1.959,41.1725],[-1.9483,41.1669],[-1.9324,41.1386],[-1.8905,41.1333],[-1.8692,41.1079],[-1.8025,41.0892],[-1.7577,41.0551],[-1.7593,41.0482],[-1.7471,41.0339],[-1.654,40.969]]]}},{"type":"Feature","properties":{"gid":"ESP.3.1_1","provZh":"坎塔布里亚","name2":"Cantabria","type2":"Provincia","engtype2":"Province"},"geometry":{"type":"MultiPolygon","coordinates":[[[[-3.9363,42.9081],[-3.9296,42.9147],[-3.9457,42.9094],[-3.9728,42.9117],[-3.9877,42.9258],[-3.9908,42.9308],[-3.974,42.9686],[-3.9607,42.9924],[-3.9454,43.0057],[-3.9092,43.0161],[-3.8907,43.0418],[-3.851,43.0391],[-3.8498,43.048],[-3.8317,43.0638],[-3.8507,43.077],[-3.8469,43.0844],[-3.8263,43.0806],[-3.8101,43.0866],[-3.7895,43.0781],[-3.7569,43.085],[-3.7559,43.0991],[-3.7046,43.1162],[-3.651,43.181],[-3.6124,43.1695],[-3.6035,43.1496],[-3.5855,43.1545],[-3.4869,43.1332],[-3.4176,43.1334],[-3.4334,43.171],[-3.4326,43.2055],[-3.4487,43.2361],[-3.4184,43.241],[-3.4134,43.2499],[-3.3989,43.2458],[-3.3829,43.2705],[-3.3401,43.278],[-3.3429,43.2944],[-3.3324,43.3019],[-3.3236,43.2924],[-3.2949,43.3007],[-3.2911,43.2903],[-3.2794,43.29],[-3.2252,43.3089],[-3.2183,43.2868],[-3.2095,43.2835],[-3.1932,43.2984],[-3.1573,43.3013],[-3.1496,43.3194],[-3.1532,43.3532],[-3.1796,43.358],[-3.2001,43.376],[-3.2121,43.3749],[-3.2171,43.3821],[-3.2085,43.3821],[-3.2268,43.3879],[-3.2204,43.3915],[-3.2229,43.3968],[-3.3065,43.4101],[-3.3157,43.4074],[-3.3199,43.3899],[-3.3257,43.4026],[-3.3235,43.4201],[-3.3368,43.4126],[-3.344,43.4165],[-3.3651,43.4121],[-3.371,43.4171],[-3.4121,43.4196],[-3.4229,43.4099],[-3.4407,43.419],[-3.4493,43.4338],[-3.4529,43.4018],[-3.4629,43.391],[-3.4346,43.3782],[-3.4285,43.3671],[-3.4376,43.3682],[-3.4351,43.3768],[-3.4549,43.3865],[-3.4649,43.3849],[-3.4657,43.3743],[-3.4787,43.3699],[-3.4676,43.3763],[-3.4654,43.3907],[-3.4757,43.4154],[-3.4849,43.4254],[-3.4907,43.4221],[-3.5026,43.4301],[-3.5049,43.4243],[-3.5199,43.4249],[-3.5087,43.4368],[-3.4999,43.4285],[-3.4882,43.4279],[-3.4885,43.4479],[-3.474,43.4418],[-3.4729,43.4624],[-3.4613,43.451],[-3.4632,43.4396],[-3.4376,43.4362],[-3.4254,43.4437],[-3.4274,43.4585],[-3.4463,43.4671],[-3.4618,43.4615],[-3.4771,43.4699],[-3.511,43.4738],[-3.5174,43.4785],[-3.5113,43.4935],[-3.5201,43.4971],[-3.5296,43.4968],[-3.5243,43.4938],[-3.5324,43.4896],[-3.534,43.4949],[-3.5451,43.4907],[-3.5415,43.486],[-3.5468,43.4835],[-3.5501,43.4882],[-3.5401,43.494],[-3.5399,43.5032],[-3.5504,43.5096],[-3.5712,43.5093],[-3.5851,43.5015],[-3.5865,43.4876],[-3.5932,43.4843],[-3.5879,43.4782],[-3.5951,43.4849],[-3.5796,43.5079],[-3.5854,43.5149],[-3.5976,43.5132],[-3.6146,43.4954],[-3.6157,43.5015],[-3.6196,43.4965],[-3.6443,43.4993],[-3.6868,43.4751],[-3.7015,43.4799],[-3.7235,43.4732],[-3.7265,43.4596],[-3.7471,43.456],[-3.7521,43.4357],[-3.7385,43.4326],[-3.7346,43.4376],[-3.7371,43.4315],[-3.7574,43.4313],[-3.7615,43.4357],[-3.7551,43.4474],[-3.7712,43.4487],[-3.7782,43.4332],[-3.7907,43.4324],[-3.7799,43.4215],[-3.7951,43.4188],[-3.7993,43.4118],[-3.8074,43.4171],[-3.814,43.4021],[-3.8051,43.3963],[-3.7751,43.4043],[-3.8096,43.3946],[-3.8218,43.4115],[-3.8232,43.4065],[-3.8287,43.411],[-3.8115,43.4168],[-3.8043,43.4293],[-3.8293,43.4332],[-3.814,43.4393],[-3.8262,43.444],[-3.8149,43.444],[-3.8201,43.4487],[-3.8021,43.4613],[-3.7629,43.4679],[-3.7876,43.4765],[-3.7779,43.4851],[-3.7868,43.4865],[-3.784,43.4921],[-3.8124,43.4946],[-3.8318,43.4879],[-3.838,43.4787],[-3.8457,43.484],[-3.8618,43.4757],[-3.8765,43.4768],[-3.8763,43.481],[-3.8896,43.4735],[-3.894,43.4774],[-3.9326,43.4682],[-3.9454,43.4712],[-3.9718,43.4446],[-3.9549,43.4451],[-3.9521,43.4365],[-3.9585,43.4429],[-3.9843,43.4301],[-3.9885,43.4335],[-3.9849,43.446],[-4.0013,43.4388],[-4.0224,43.4488],[-4.0238,43.4415],[-4.034,43.4407],[-4.0312,43.4362],[-4.0365,43.434],[-4.0443,43.436],[-4.0413,43.4421],[-4.0471,43.4457],[-4.0471,43.4379],[-4.0546,43.4343],[-4.0768,43.431],[-4.0818,43.439],[-4.1174,43.4174],[-4.1515,43.4126],[-4.1746,43.4012],[-4.1804,43.4057],[-4.2101,43.4015],[-4.221,43.3937],[-4.2324,43.4015],[-4.2721,43.3943],[-4.274,43.3893],[-4.2932,43.3949],[-4.3271,43.3904],[-4.3387,43.3968],[-4.3396,43.4065],[-4.3813,43.3901],[-4.4124,43.3988],[-4.4593,43.3918],[-4.5004,43.3982],[-4.5122,43.3932],[-4.5105,43.3806],[-4.5208,43.3661],[-4.5344,43.3683],[-4.5307,43.3587],[-4.5387,43.3554],[-4.5342,43.3512],[-4.5394,43.3439],[-4.5223,43.3357],[-4.527,43.3276],[-4.5185,43.294],[-4.5234,43.2781],[-4.5477,43.2686],[-4.5552,43.2881],[-4.5802,43.2896],[-4.6065,43.3005],[-4.636,43.2764],[-4.6318,43.2676],[-4.706,43.2668],[-4.7309,43.2573],[-4.7216,43.2295],[-4.7319,43.2209],[-4.7282,43.2167],[-4.736,43.2089],[-4.7337,43.1904],[-4.7383,43.1863],[-4.7778,43.192],[-4.8054,43.1821],[-4.8174,43.184],[-4.819,43.1789],[-4.8409,43.1807],[-4.8516,43.1728],[-4.8347,43.1582],[-4.8438,43.146],[-4.8426,43.1333],[-4.8513,43.1259],[-4.8168,43.0926],[-4.7664,43.0745],[-4.766,43.0556],[-4.7439,43.0564],[-4.7341,43.047],[-4.7432,43.0281],[-4.7369,43.021],[-4.7196,43.0172],[-4.7087,43.025],[-4.6903,43.0263],[-4.6381,43.0166],[-4.606,43.0357],[-4.5905,43.0258],[-4.5742,43.0269],[-4.5584,43.0195],[-4.5208,43.0473],[-4.4958,43.0384],[-4.4756,43.0387],[-4.461,43.0607],[-4.398,43.0348],[-4.3743,43.006],[-4.3721,42.9946],[-4.3472,42.9721],[-4.2894,42.9691],[-4.2459,42.9594],[-4.2384,42.9543],[-4.2366,42.9171],[-4.2225,42.9109],[-4.2305,42.8967],[-4.2234,42.875],[-4.2256,42.8589],[-4.2188,42.8505],[-4.1993,42.8447],[-4.1811,42.8587],[-4.1442,42.8686],[-4.1489,42.8657],[-4.1452,42.8622],[-4.126,42.8566],[-4.1284,42.8462],[-4.1404,42.829],[-4.1565,42.8378],[-4.1654,42.8282],[-4.1785,42.8262],[-4.1854,42.8173],[-4.1826,42.8103],[-4.1498,42.7893],[-4.1226,42.7946],[-4.0984,42.7912],[-4.094,42.7733],[-4.0853,42.7722],[-4.0813,42.7614],[-4.0458,42.7666],[-4.0501,42.7798],[-4.0437,42.7888],[-4.0298,42.7883],[-4.0328,42.8012],[-4.0141,42.8064],[-4.0207,42.8193],[-4.011,42.8304],[-4.0035,42.8314],[-4.0,42.8241],[-3.9996,42.769],[-3.9815,42.7683],[-3.9788,42.7581],[-3.9465,42.7619],[-3.9487,42.7675],[-3.9305,42.7745],[-3.9109,42.7684],[-3.9096,42.7864],[-3.8995,42.7907],[-3.8944,42.8045],[-3.8633,42.7864],[-3.8216,42.8003],[-3.816,42.8105],[-3.8164,42.8359],[-3.8337,42.8521],[-3.8253,42.8686],[-3.8367,42.8788],[-3.8637,42.8898],[-3.874,42.8751],[-3.8684,42.8567],[-3.8801,42.8514],[-3.9154,42.8609],[-3.8974,42.8803],[-3.9243,42.8892],[-3.8929,42.8873],[-3.8991,42.9041],[-3.9105,42.9109],[-3.9077,42.9145],[-3.8908,42.9026],[-3.8685,42.8991],[-3.8589,42.9037],[-3.8534,42.9181],[-3.8335,42.918],[-3.8299,42.9277],[-3.8395,42.9398],[-3.867,42.9548],[-3.8701,42.9497],[-3.8873,42.9487],[-3.8912,42.9255],[-3.9114,42.9234],[-3.9335,42.8996],[-3.9363,42.9081]],[[-4.0948,42.824],[-4.0884,42.8185],[-4.089,42.7999],[-4.101,42.7939],[-4.1124,42.8223],[-4.107,42.8277],[-4.0948,42.824]],[[-4.1745,42.8116],[-4.1823,42.8203],[-4.161,42.8184],[-4.161,42.8131],[-4.1745,42.8116]]],[[[-3.2697,43.2021],[-3.265,43.2062],[-3.2713,43.2175],[-3.2663,43.2228],[-3.2689,43.2341],[-3.2515,43.2475],[-3.2494,43.2596],[-3.2669,43.2669],[-3.3046,43.2587],[-3.3056,43.2526],[-3.2927,43.2411],[-3.2979,43.2067],[-3.285,43.1977],[-3.2697,43.2021]]]]}},{"type":"Feature","properties":{"gid":"ESP.4.1_1","provZh":"卡斯蒂利亚-拉曼恰","name2":"Albacete","type2":"Provincia","engtype2":"Province"},"geometry":{"type":"Polygon","coordinates":[[[-2.5512,38.0841],[-2.5216,38.0698],[-2.5043,38.0684],[-2.4806,38.0532],[-2.4719,38.0564],[-2.432,38.0434],[-2.4233,38.0337],[-2.373,38.0233],[-2.3415,38.026],[-2.3298,38.0654],[-2.2615,38.113],[-2.2455,38.1483],[-2.222,38.1775],[-2.2134,38.2018],[-2.169,38.2265],[-2.1136,38.2382],[-2.0839,38.2651],[-2.0637,38.2976],[-2.0489,38.3058],[-2.0209,38.3004],[-2.0001,38.284],[-1.986,38.2817],[-1.9075,38.298],[-1.8542,38.3303],[-1.8218,38.3363],[-1.8109,38.3514],[-1.7842,38.3562],[-1.7969,38.365],[-1.7957,38.3703],[-1.7711,38.3649],[-1.7713,38.3786],[-1.7548,38.3734],[-1.7434,38.3813],[-1.7181,38.3641],[-1.7024,38.3749],[-1.6875,38.3659],[-1.6815,38.3499],[-1.6923,38.3468],[-1.6925,38.3375],[-1.6726,38.322],[-1.6699,38.3124],[-1.6286,38.3094],[-1.6006,38.3154],[-1.5893,38.3112],[-1.5618,38.3241],[-1.5375,38.3459],[-1.4783,38.3764],[-1.4748,38.4089],[-1.4807,38.4809],[-1.4984,38.5321],[-1.4873,38.5632],[-1.4523,38.5818],[-1.443,38.6364],[-1.4477,38.6494],[-1.4222,38.6768],[-1.3835,38.6999],[-1.3667,38.7043],[-1.3429,38.6775],[-1.2867,38.7053],[-1.2494,38.7384],[-1.1839,38.7544],[-1.12,38.7379],[-1.1159,38.7102],[-1.0337,38.6566],[-0.9624,38.657],[-0.9324,38.6776],[-0.9157,38.696],[-0.9458,38.7368],[-0.9614,38.7748],[-0.9289,38.7839],[-0.9327,38.8113],[-0.9248,38.8234],[-0.9356,38.856],[-0.9245,38.8918],[-0.9408,38.8997],[-0.9565,38.9202],[-0.9593,38.9446],[-0.9993,38.9495],[-1.0134,38.9392],[-1.0362,38.9343],[-1.1466,38.9294],[-1.1608,38.9548],[-1.2265,39.0247],[-1.2667,39.051],[-1.2656,39.0755],[-1.2557,39.0841],[-1.2557,39.1062],[-1.2404,39.1138],[-1.2269,39.1517],[-1.197,39.1768],[-1.1808,39.2119],[-1.1747,39.2793],[-1.1618,39.3054],[-1.1649,39.3105],[-1.1976,39.3136],[-1.2074,39.326],[-1.2233,39.3161],[-1.2442,39.3216],[-1.2471,39.3286],[-1.2501,39.3225],[-1.2737,39.3332],[-1.298,39.3312],[-1.2991,39.3378],[-1.3124,39.3431],[-1.3334,39.3407],[-1.3304,39.3357],[-1.3362,39.334],[-1.3522,39.3398],[-1.3674,39.3561],[-1.3851,39.3543],[-1.3837,39.3663],[-1.4077,39.3658],[-1.3961,39.3743],[-1.4076,39.3717],[-1.4141,39.3802],[-1.4259,39.3791],[-1.4236,39.364],[-1.4322,39.3648],[-1.428,39.3708],[-1.4322,39.3776],[-1.4442,39.3618],[-1.455,39.3609],[-1.4492,39.3787],[-1.4681,39.3834],[-1.4631,39.3874],[-1.4532,39.3834],[-1.4578,39.3897],[-1.4522,39.3907],[-1.4527,39.3987],[-1.4622,39.4],[-1.4672,39.3904],[-1.4771,39.3948],[-1.4667,39.4012],[-1.4701,39.4072],[-1.4885,39.4011],[-1.484,39.4229],[-1.5556,39.4019],[-1.6268,39.361],[-1.6965,39.3375],[-1.7165,39.325],[-1.7392,39.3212],[-1.7626,39.302],[-1.7698,39.2805],[-1.8451,39.2861],[-1.887,39.3048],[-1.9368,39.304],[-1.9897,39.2937],[-1.9947,39.3094],[-2.0289,39.3381],[-2.0203,39.3519],[-2.0443,39.3592],[-2.0962,39.3589],[-2.0736,39.3211],[-2.077,39.3077],[-2.0509,39.2667],[-2.1684,39.2811],[-2.1786,39.2783],[-2.1818,39.2693],[-2.2188,39.2615],[-2.2886,39.2267],[-2.3025,39.2519],[-2.3018,39.2636],[-2.3211,39.2838],[-2.3501,39.2782],[-2.361,39.2466],[-2.374,39.2328],[-2.511,39.3422],[-2.5294,39.3276],[-2.5508,39.3235],[-2.5926,39.3392],[-2.6192,39.3402],[-2.6349,39.3268],[-2.6917,39.3179],[-2.7422,39.3182],[-2.7233,39.2777],[-2.7231,39.2648],[-2.8426,39.1345],[-2.8311,39.1053],[-2.8049,39.079],[-2.8098,39.0239],[-2.8322,39.0233],[-2.8439,38.9875],[-2.8707,38.9657],[-2.8828,38.9385],[-2.8761,38.9255],[-2.8576,38.9274],[-2.8357,38.906],[-2.7924,38.9056],[-2.7906,38.8916],[-2.7618,38.8804],[-2.7511,38.8484],[-2.7526,38.8148],[-2.7344,38.7953],[-2.7322,38.7819],[-2.6973,38.7834],[-2.6629,38.7536],[-2.6434,38.7464],[-2.6378,38.7347],[-2.6555,38.6715],[-2.6688,38.6493],[-2.6824,38.6442],[-2.6997,38.6254],[-2.7175,38.6252],[-2.7285,38.6163],[-2.7636,38.6279],[-2.75,38.6156],[-2.7654,38.5739],[-2.7467,38.5468],[-2.762,38.5328],[-2.7024,38.5011],[-2.6726,38.4967],[-2.6185,38.5126],[-2.5926,38.5108],[-2.5665,38.4905],[-2.5767,38.4765],[-2.5673,38.4607],[-2.5689,38.4419],[-2.5769,38.4343],[-2.5714,38.414],[-2.55,38.4031],[-2.5348,38.4063],[-2.4833,38.3979],[-2.4923,38.3713],[-2.4791,38.3492],[-2.485,38.3003],[-2.4407,38.2851],[-2.4365,38.2722],[-2.4364,38.2599],[-2.4463,38.2443],[-2.4406,38.2324],[-2.4536,38.2183],[-2.4454,38.2046],[-2.4462,38.1852],[-2.4684,38.1728],[-2.474,38.1558],[-2.4985,38.1317],[-2.5128,38.1265],[-2.5202,38.1078],[-2.5512,38.0841]]]}},{"type":"Feature","properties":{"gid":"ESP.4.2_1","provZh":"卡斯蒂利亚-拉曼恰","name2":"Ciudad Real","type2":"Provincia","engtype2":"Province"},"geometry":{"type":"MultiPolygon","coordinates":[[[[-4.2897,38.3474],[-4.2872,38.3428],[-4.2763,38.3509],[-4.2688,38.3472],[-4.2785,38.3775],[-4.2764,38.3909],[-4.2554,38.4018],[-4.156,38.3814],[-4.1448,38.3865],[-4.1284,38.3795],[-4.0581,38.3789],[-3.9618,38.3661],[-3.8542,38.3752],[-3.8305,38.3929],[-3.8299,38.4128],[-3.7855,38.4253],[-3.7648,38.4244],[-3.7396,38.414],[-3.7299,38.4244],[-3.6204,38.394],[-3.5857,38.4056],[-3.583,38.4515],[-3.5424,38.4457],[-3.5351,38.4394],[-3.5283,38.4087],[-3.4725,38.398],[-3.4531,38.4002],[-3.4247,38.4068],[-3.4094,38.4241],[-3.3766,38.4396],[-3.3803,38.4506],[-3.3749,38.4753],[-3.3264,38.4821],[-3.3052,38.4793],[-3.2799,38.4604],[-3.1301,38.4388],[-3.0649,38.4783],[-3.0024,38.4083],[-2.9921,38.429],[-2.9934,38.4501],[-2.9768,38.4549],[-2.9635,38.4715],[-2.9057,38.4699],[-2.8814,38.4527],[-2.8841,38.4585],[-2.8777,38.4571],[-2.8801,38.4627],[-2.8606,38.4702],[-2.8608,38.4752],[-2.8512,38.4743],[-2.8546,38.4785],[-2.8498,38.4805],[-2.84,38.4773],[-2.8375,38.4844],[-2.831,38.4765],[-2.8323,38.4861],[-2.8125,38.4917],[-2.8065,38.5031],[-2.7914,38.5038],[-2.7869,38.5157],[-2.7805,38.5094],[-2.7799,38.5161],[-2.7703,38.5203],[-2.7737,38.5283],[-2.7467,38.5468],[-2.7654,38.5739],[-2.75,38.6156],[-2.7636,38.6279],[-2.7285,38.6163],[-2.7175,38.6252],[-2.6997,38.6254],[-2.6824,38.6442],[-2.6688,38.6493],[-2.6555,38.6715],[-2.6378,38.7347],[-2.6434,38.7464],[-2.6629,38.7536],[-2.6973,38.7834],[-2.7322,38.7819],[-2.7344,38.7953],[-2.7526,38.8148],[-2.7511,38.8484],[-2.7618,38.8804],[-2.7906,38.8916],[-2.7924,38.9056],[-2.8357,38.906],[-2.8576,38.9274],[-2.8761,38.9255],[-2.8828,38.9385],[-2.8707,38.9657],[-2.8439,38.9875],[-2.8322,39.0233],[-2.8098,39.0239],[-2.8049,39.079],[-2.8311,39.1053],[-2.8426,39.1345],[-2.722,39.2687],[-2.772,39.3696],[-2.7759,39.3948],[-2.793,39.3978],[-2.813,39.3824],[-2.8281,39.3569],[-2.8456,39.3493],[-2.8608,39.3472],[-2.8646,39.3569],[-2.8823,39.3509],[-2.8965,39.3668],[-2.8864,39.3843],[-2.8705,39.3844],[-2.8701,39.3911],[-2.8858,39.4056],[-2.8896,39.4219],[-2.9,39.425],[-2.8973,39.4301],[-2.9042,39.4342],[-2.9034,39.4262],[-2.9142,39.447],[-2.9317,39.4528],[-2.9276,39.4708],[-2.9552,39.4549],[-2.9567,39.4472],[-2.9776,39.4447],[-2.9947,39.4514],[-2.9995,39.4417],[-3.0148,39.4451],[-3.0225,39.457],[-3.0695,39.4503],[-3.1001,39.4754],[-3.1433,39.4956],[-3.1572,39.4961],[-3.1844,39.488],[-3.1851,39.4742],[-3.2941,39.4709],[-3.3157,39.4337],[-3.309,39.3992],[-3.3495,39.4083],[-3.4102,39.4046],[-3.4704,39.3722],[-3.4768,39.3432],[-3.5249,39.315],[-3.5325,39.3042],[-3.567,39.2994],[-3.5865,39.3077],[-3.6801,39.2983],[-3.688,39.2849],[-3.7224,39.2696],[-3.7656,39.2933],[-3.7928,39.2923],[-3.8127,39.2862],[-3.8416,39.2596],[-3.8572,39.2585],[-3.8759,39.2621],[-3.9004,39.2795],[-3.9654,39.2982],[-3.9584,39.3072],[-3.9661,39.3165],[-3.9721,39.3522],[-4.0012,39.3515],[-4.0733,39.3654],[-4.0858,39.3495],[-4.1043,39.3411],[-4.1204,39.3626],[-4.148,39.3628],[-4.1278,39.4089],[-4.118,39.4569],[-4.1085,39.4602],[-4.0812,39.4517],[-4.068,39.4571],[-4.0587,39.4722],[-4.0676,39.4858],[-4.068,39.5018],[-4.0597,39.5219],[-4.03,39.522],[-4.0417,39.5754],[-4.1245,39.5636],[-4.1586,39.5768],[-4.1931,39.4954],[-4.242,39.4779],[-4.3205,39.4834],[-4.3771,39.496],[-4.4211,39.507],[-4.4435,39.5231],[-4.453,39.5173],[-4.4615,39.4786],[-4.4832,39.4884],[-4.5006,39.5186],[-4.5111,39.5221],[-4.5016,39.5351],[-4.4821,39.5388],[-4.5253,39.5615],[-4.5347,39.5381],[-4.531,39.5316],[-4.5426,39.544],[-4.5609,39.5337],[-4.5545,39.5108],[-4.5678,39.4973],[-4.5902,39.4998],[-4.6183,39.4847],[-4.6139,39.4853],[-4.6115,39.4602],[-4.618,39.4544],[-4.6876,39.4503],[-4.6862,39.4415],[-4.6694,39.4245],[-4.6942,39.3736],[-4.7041,39.3645],[-4.7099,39.3458],[-4.7066,39.3277],[-4.7609,39.3208],[-4.7336,39.2526],[-4.7134,39.2443],[-4.7081,39.2099],[-4.6651,39.1861],[-4.6492,39.172],[-4.6489,39.1649],[-4.7424,39.1945],[-4.7735,39.1895],[-4.8102,39.1994],[-4.8211,39.1809],[-4.8313,39.1761],[-4.8314,39.1642],[-4.8451,39.1614],[-4.8535,39.1517],[-4.8571,39.1227],[-4.8696,39.1135],[-4.8743,39.099],[-4.8583,39.0769],[-4.8257,39.0626],[-4.8327,39.0462],[-4.8491,39.0455],[-4.8609,39.0318],[-4.875,39.032],[-4.9361,39.0568],[-4.9624,39.0587],[-4.9336,38.9756],[-4.9181,38.9571],[-4.905,38.9633],[-4.8935,38.96],[-4.8916,38.9529],[-4.8429,38.9451],[-4.8437,38.9402],[-4.831,38.9356],[-4.841,38.9202],[-4.8477,38.8821],[-4.9148,38.8875],[-4.9434,38.8544],[-4.9607,38.7898],[-4.9727,38.7609],[-4.9899,38.7398],[-5.0039,38.733],[-5.0468,38.7291],[-5.0246,38.7265],[-5.0079,38.7152],[-5.0003,38.7012],[-5.0045,38.6951],[-4.9361,38.6814],[-4.8769,38.6861],[-4.8688,38.681],[-4.8671,38.6299],[-4.8601,38.614],[-4.8351,38.6075],[-4.8187,38.5959],[-4.7874,38.5971],[-4.7333,38.5747],[-4.7073,38.572],[-4.703,38.5526],[-4.6671,38.5478],[-4.6222,38.5235],[-4.6085,38.4947],[-4.5936,38.4864],[-4.5859,38.4928],[-4.5657,38.4908],[-4.5583,38.4766],[-4.5414,38.4819],[-4.5344,38.4695],[-4.5132,38.4641],[-4.5006,38.4455],[-4.4712,38.426],[-4.4529,38.4009],[-4.4351,38.4023],[-4.4063,38.3832],[-4.3886,38.3859],[-4.2897,38.3474]]],[[[-4.7404,39.4562],[-4.7498,39.4684],[-4.7427,39.4876],[-4.7624,39.514],[-4.8109,39.5298],[-4.863,39.5562],[-4.9081,39.4937],[-4.9406,39.3951],[-4.9006,39.3742],[-4.8708,39.3683],[-4.8612,39.3793],[-4.8445,39.3796],[-4.8106,39.3965],[-4.7756,39.3969],[-4.7553,39.4157],[-4.7536,39.4254],[-4.7661,39.4239],[-4.7672,39.433],[-4.7404,39.4562]]]]}},{"type":"Feature","properties":{"gid":"ESP.4.3_1","provZh":"卡斯蒂利亚-拉曼恰","name2":"Cuenca","type2":"Provincia","engtype2":"Province"},"geometry":{"type":"Polygon","coordinates":[[[-2.1786,39.2783],[-2.0509,39.2667],[-2.077,39.3077],[-2.0736,39.3211],[-2.0962,39.3589],[-2.0443,39.3592],[-2.0203,39.3519],[-2.0289,39.3381],[-1.9947,39.3094],[-1.9897,39.2937],[-1.9368,39.304],[-1.887,39.3048],[-1.8451,39.2861],[-1.7698,39.2805],[-1.7626,39.302],[-1.7392,39.3212],[-1.7165,39.325],[-1.6965,39.3375],[-1.6268,39.361],[-1.5556,39.4019],[-1.5051,39.418],[-1.4963,39.4289],[-1.5115,39.4351],[-1.5141,39.4288],[-1.5208,39.4315],[-1.5155,39.4391],[-1.5245,39.4431],[-1.5184,39.449],[-1.5288,39.4553],[-1.5138,39.458],[-1.513,39.4708],[-1.5034,39.4801],[-1.5125,39.4833],[-1.505,39.4882],[-1.5124,39.4963],[-1.5036,39.4915],[-1.4991,39.5005],[-1.5071,39.5079],[-1.5011,39.5159],[-1.5069,39.5207],[-1.5009,39.5345],[-1.506,39.5401],[-1.5032,39.5472],[-1.5208,39.5489],[-1.5031,39.5521],[-1.5043,39.5639],[-1.462,39.5766],[-1.4179,39.655],[-1.3685,39.6896],[-1.3128,39.6705],[-1.2795,39.6779],[-1.2619,39.6989],[-1.2754,39.737],[-1.2149,39.8088],[-1.2108,39.8382],[-1.1999,39.8595],[-1.1958,39.914],[-1.2089,39.9282],[-1.2081,39.9438],[-1.1423,39.9719],[-1.1473,39.9886],[-1.1634,40.0002],[-1.1651,40.0101],[-1.248,39.9951],[-1.3357,40.0167],[-1.3643,40.0122],[-1.3768,40.0165],[-1.3831,40.039],[-1.4202,40.0935],[-1.4075,40.1014],[-1.4427,40.1181],[-1.4562,40.131],[-1.4423,40.1576],[-1.4391,40.197],[-1.4744,40.1851],[-1.5108,40.2037],[-1.5404,40.1908],[-1.6903,40.3097],[-1.7003,40.3071],[-1.7105,40.2921],[-1.71,40.2807],[-1.7192,40.2771],[-1.7292,40.3032],[-1.7201,40.3185],[-1.7068,40.3136],[-1.6976,40.3213],[-1.7203,40.3409],[-1.7412,40.3496],[-1.7784,40.3921],[-1.8116,40.4],[-1.8363,40.4274],[-1.8443,40.419],[-1.853,40.4235],[-1.865,40.4547],[-1.8608,40.4648],[-1.8728,40.473],[-1.8877,40.5057],[-1.8814,40.5175],[-1.8994,40.5408],[-1.909,40.5413],[-1.9044,40.5465],[-1.9236,40.592],[-1.9535,40.6],[-1.9649,40.6114],[-1.9658,40.592],[-1.9855,40.5854],[-2.0345,40.601],[-2.0574,40.6183],[-2.0575,40.6241],[-2.0841,40.6353],[-2.0911,40.6464],[-2.1569,40.6587],[-2.1703,40.6299],[-2.1897,40.6303],[-2.2137,40.6192],[-2.2256,40.6194],[-2.2745,40.6448],[-2.2947,40.6229],[-2.286,40.5922],[-2.2976,40.5729],[-2.3434,40.5694],[-2.3598,40.5807],[-2.354,40.5892],[-2.359,40.5969],[-2.3725,40.6072],[-2.3987,40.6138],[-2.4124,40.6021],[-2.4163,40.5806],[-2.3831,40.5536],[-2.3799,40.5436],[-2.4117,40.5256],[-2.4262,40.5407],[-2.4486,40.5245],[-2.4959,40.5088],[-2.5135,40.5158],[-2.5272,40.5443],[-2.5462,40.519],[-2.5287,40.4984],[-2.5444,40.4746],[-2.5219,40.4663],[-2.5045,40.4487],[-2.5154,40.4243],[-2.5416,40.4253],[-2.5463,40.4347],[-2.5658,40.4381],[-2.5854,40.4501],[-2.5986,40.4435],[-2.642,40.4487],[-2.6633,40.4361],[-2.6758,40.448],[-2.6851,40.4433],[-2.6763,40.4358],[-2.6844,40.4283],[-2.7017,40.4296],[-2.7039,40.4226],[-2.6807,40.4027],[-2.6906,40.3952],[-2.7044,40.4154],[-2.7174,40.4198],[-2.7119,40.4139],[-2.7168,40.4075],[-2.7279,40.4114],[-2.7196,40.4016],[-2.7228,40.3971],[-2.7599,40.4124],[-2.7698,40.4214],[-2.7599,40.4417],[-2.7809,40.4442],[-2.79,40.4317],[-2.7866,40.4268],[-2.7996,40.4233],[-2.798,40.4172],[-2.8072,40.4073],[-2.8044,40.3987],[-2.8102,40.3933],[-2.8058,40.391],[-2.8168,40.3638],[-2.8025,40.264],[-2.8214,40.2052],[-2.863,40.2001],[-2.8737,40.1736],[-2.913,40.1572],[-2.9469,40.1696],[-2.9881,40.2027],[-3.0061,40.2085],[-3.0103,40.1977],[-3.0197,40.1932],[-3.018,40.1762],[-3.0124,40.1742],[-3.0164,40.1525],[-3.0637,40.1683],[-3.0677,40.1575],[-3.0881,40.1628],[-3.0978,40.1535],[-3.0939,40.1388],[-3.0776,40.135],[-3.0678,40.1185],[-3.0564,40.1132],[-3.0532,40.0991],[-3.0607,40.0904],[-3.0886,40.0705],[-3.1178,40.0617],[-3.1613,40.0651],[-3.1701,40.0482],[-3.1425,39.985],[-3.0965,39.987],[-3.097,39.9335],[-3.1068,39.9164],[-3.1068,39.9032],[-3.1271,39.8747],[-3.0962,39.8691],[-3.0762,39.8557],[-3.0596,39.8375],[-3.0404,39.7876],[-3.0154,39.7648],[-2.9977,39.7189],[-2.9766,39.7029],[-2.9698,39.6897],[-2.9541,39.6864],[-2.9184,39.6457],[-2.9081,39.6424],[-2.9178,39.6231],[-2.9137,39.6138],[-2.9254,39.6018],[-2.9206,39.5592],[-2.935,39.5256],[-2.9345,39.4822],[-2.9276,39.4708],[-2.9317,39.4528],[-2.9142,39.447],[-2.9034,39.4262],[-2.9042,39.4342],[-2.8973,39.4301],[-2.9,39.425],[-2.8896,39.4219],[-2.8858,39.4056],[-2.8701,39.3911],[-2.8705,39.3844],[-2.8864,39.3843],[-2.8965,39.3668],[-2.8862,39.3533],[-2.8646,39.3569],[-2.8608,39.3472],[-2.8281,39.3569],[-2.813,39.3824],[-2.793,39.3978],[-2.7759,39.3948],[-2.772,39.3696],[-2.7422,39.3182],[-2.6917,39.3179],[-2.6349,39.3268],[-2.6192,39.3402],[-2.5926,39.3392],[-2.5508,39.3235],[-2.5294,39.3276],[-2.511,39.3422],[-2.374,39.2328],[-2.361,39.2466],[-2.3501,39.2782],[-2.3291,39.2861],[-2.3018,39.2636],[-2.3025,39.2519],[-2.2886,39.2267],[-2.2188,39.2615],[-2.1818,39.2693],[-2.1786,39.2783]]]}},{"type":"Feature","properties":{"gid":"ESP.4.4_1","provZh":"卡斯蒂利亚-拉曼恰","name2":"Guadalajara","type2":"Provincia","engtype2":"Province"},"geometry":{"type":"MultiPolygon","coordinates":[[[[-2.8189,40.2169],[-2.8025,40.264],[-2.8168,40.3638],[-2.8058,40.391],[-2.8102,40.3933],[-2.8044,40.3987],[-2.8072,40.4073],[-2.798,40.4172],[-2.7996,40.4233],[-2.7866,40.4268],[-2.79,40.4317],[-2.7809,40.4442],[-2.7599,40.4417],[-2.7698,40.4214],[-2.7599,40.4124],[-2.7228,40.3971],[-2.7196,40.4016],[-2.7279,40.4114],[-2.7168,40.4075],[-2.7119,40.4139],[-2.7174,40.4198],[-2.7044,40.4154],[-2.6906,40.3952],[-2.6807,40.4027],[-2.7039,40.4226],[-2.7017,40.4296],[-2.6844,40.4283],[-2.6763,40.4358],[-2.6851,40.4433],[-2.6758,40.448],[-2.6633,40.4361],[-2.642,40.4487],[-2.5986,40.4435],[-2.5854,40.4501],[-2.5658,40.4381],[-2.5463,40.4347],[-2.5416,40.4253],[-2.5154,40.4243],[-2.5045,40.4487],[-2.5219,40.4663],[-2.5444,40.4746],[-2.5287,40.4984],[-2.5462,40.519],[-2.5272,40.5443],[-2.5135,40.5158],[-2.4959,40.5088],[-2.4486,40.5245],[-2.4262,40.5407],[-2.4117,40.5256],[-2.3799,40.5436],[-2.3831,40.5536],[-2.4163,40.5806],[-2.4124,40.6021],[-2.3987,40.6138],[-2.3725,40.6072],[-2.3543,40.5927],[-2.3598,40.5807],[-2.3434,40.5694],[-2.2976,40.5729],[-2.286,40.5922],[-2.2947,40.6229],[-2.2745,40.6448],[-2.2256,40.6194],[-2.2137,40.6192],[-2.1897,40.6303],[-2.1703,40.6299],[-2.1569,40.6587],[-2.1337,40.6559],[-2.0911,40.6464],[-2.0841,40.6353],[-2.0575,40.6241],[-2.0574,40.6183],[-2.0345,40.601],[-1.9855,40.5854],[-1.9658,40.592],[-1.9649,40.6114],[-1.9535,40.6],[-1.9266,40.5941],[-1.9164,40.5828],[-1.9044,40.5465],[-1.909,40.5413],[-1.8994,40.5408],[-1.8814,40.5175],[-1.8877,40.5057],[-1.8728,40.473],[-1.8608,40.4648],[-1.865,40.4547],[-1.8564,40.4288],[-1.8443,40.419],[-1.8363,40.4274],[-1.8063,40.3983],[-1.8006,40.4142],[-1.7933,40.4179],[-1.7854,40.4132],[-1.7485,40.4629],[-1.6924,40.4868],[-1.7018,40.5382],[-1.6896,40.5665],[-1.6932,40.5777],[-1.678,40.591],[-1.6664,40.5821],[-1.6342,40.5798],[-1.5987,40.5621],[-1.5454,40.5952],[-1.5648,40.6148],[-1.5389,40.6581],[-1.5403,40.6814],[-1.5356,40.687],[-1.5533,40.7059],[-1.562,40.7398],[-1.5398,40.7607],[-1.5423,40.8112],[-1.5567,40.8288],[-1.5704,40.8301],[-1.5887,40.845],[-1.6202,40.8795],[-1.6259,40.8987],[-1.6078,40.9276],[-1.6174,40.9437],[-1.7471,41.0339],[-1.7593,41.0482],[-1.7577,41.0551],[-1.8025,41.0892],[-1.8692,41.1079],[-1.8905,41.1333],[-1.9324,41.1386],[-1.9483,41.1669],[-1.959,41.1725],[-2.0084,41.1564],[-2.0476,41.1527],[-2.0505,41.1259],[-2.0627,41.1131],[-2.0656,41.0958],[-2.0481,41.0784],[-2.0564,41.0697],[-2.0716,41.0725],[-2.0814,41.0864],[-2.1094,41.0976],[-2.1318,41.1181],[-2.1434,41.1026],[-2.1673,41.0954],[-2.1752,41.0838],[-2.2321,41.097],[-2.2635,41.0675],[-2.2844,41.0653],[-2.2935,41.0713],[-2.3233,41.0565],[-2.3553,41.0865],[-2.4188,41.0577],[-2.4297,41.0723],[-2.4694,41.0781],[-2.4803,41.1136],[-2.5088,41.1189],[-2.5169,41.1465],[-2.5364,41.1625],[-2.5418,41.1511],[-2.5755,41.1395],[-2.596,41.1516],[-2.5826,41.1644],[-2.5781,41.1793],[-2.6025,41.1887],[-2.6193,41.1833],[-2.622,41.188],[-2.6199,41.1954],[-2.6057,41.1936],[-2.5931,41.2009],[-2.5894,41.2245],[-2.6169,41.2194],[-2.6238,41.2237],[-2.6291,41.2152],[-2.6362,41.2238],[-2.6346,41.2319],[-2.6459,41.2402],[-2.6692,41.2371],[-2.7095,41.252],[-2.7167,41.2757],[-2.7609,41.274],[-2.7764,41.2575],[-2.7754,41.2501],[-2.8222,41.2566],[-2.8668,41.2745],[-2.864,41.2874],[-2.873,41.2985],[-2.8668,41.3131],[-2.8884,41.3252],[-2.9066,41.3276],[-2.9109,41.3212],[-2.9411,41.3139],[-2.94,41.306],[-2.9501,41.2926],[-3.0059,41.2844],[-3.0179,41.2891],[-3.0618,41.2734],[-3.1997,41.3044],[-3.2262,41.2981],[-3.2389,41.2879],[-3.2378,41.2794],[-3.2548,41.2577],[-3.259,41.2697],[-3.271,41.2752],[-3.2878,41.2659],[-3.2901,41.2579],[-3.3227,41.2618],[-3.3363,41.253],[-3.4097,41.2606],[-3.4151,41.2732],[-3.4106,41.2599],[-3.3994,41.2545],[-3.3979,41.2433],[-3.4062,41.2336],[-3.4024,41.2136],[-3.4441,41.2153],[-3.4668,41.1833],[-3.5006,41.1791],[-3.5158,41.1624],[-3.5397,41.165],[-3.5405,41.1505],[-3.4995,41.1237],[-3.488,41.0941],[-3.4755,41.0957],[-3.4485,41.0817],[-3.4258,41.0834],[-3.4382,41.0426],[-3.4289,41.0399],[-3.3945,41.0003],[-3.4181,40.9876],[-3.4166,40.9773],[-3.4349,40.9461],[-3.4336,40.9376],[-3.4471,40.9224],[-3.4445,40.9082],[-3.46,40.9083],[-3.4601,40.8986],[-3.4402,40.8919],[-3.4408,40.8761],[-3.4731,40.8644],[-3.4677,40.8565],[-3.4767,40.8515],[-3.4703,40.8443],[-3.4789,40.8385],[-3.4762,40.8263],[-3.4911,40.7994],[-3.5106,40.7886],[-3.4658,40.7843],[-3.4433,40.7608],[-3.4509,40.738],[-3.4341,40.7308],[-3.4674,40.6897],[-3.4559,40.6879],[-3.4418,40.6743],[-3.4271,40.6726],[-3.4259,40.6827],[-3.4151,40.6713],[-3.4049,40.6701],[-3.3999,40.6917],[-3.3932,40.6927],[-3.3728,40.6779],[-3.3654,40.6479],[-3.3388,40.6366],[-3.3174,40.6543],[-3.3233,40.6301],[-3.3375,40.6254],[-3.322,40.6122],[-3.3304,40.6073],[-3.3304,40.5974],[-3.3105,40.5796],[-3.2833,40.5715],[-3.2882,40.5583],[-3.2817,40.5524],[-3.2969,40.5373],[-3.2896,40.5317],[-3.2497,40.5437],[-3.2302,40.532],[-3.2318,40.5387],[-3.224,40.5267],[-3.2006,40.5147],[-3.202,40.4954],[-3.1953,40.4784],[-3.1986,40.4423],[-3.1725,40.4362],[-3.1559,40.4392],[-3.1475,40.4196],[-3.1304,40.4051],[-3.1356,40.39],[-3.1442,40.3875],[-3.1387,40.376],[-3.1533,40.3674],[-3.1415,40.3508],[-3.1561,40.3419],[-3.1533,40.3317],[-3.1824,40.3068],[-3.1835,40.2693],[-3.1961,40.2577],[-3.1956,40.2478],[-3.1731,40.234],[-3.1533,40.2641],[-3.1094,40.2852],[-3.0982,40.2751],[-3.099,40.2605],[-3.079,40.224],[-3.0832,40.2152],[-3.0792,40.2091],[-3.0883,40.2006],[-3.0785,40.1652],[-3.0677,40.1575],[-3.0637,40.1683],[-3.0164,40.1525],[-3.0124,40.1742],[-3.018,40.1762],[-3.0197,40.1932],[-3.0103,40.1977],[-3.0061,40.2085],[-2.9881,40.2027],[-2.9469,40.1696],[-2.913,40.1572],[-2.8737,40.1736],[-2.863,40.2001],[-2.8259,40.2023],[-2.8189,40.2169]]],[[[-3.3693,40.6303],[-3.3654,40.6393],[-3.3734,40.6412],[-3.382,40.6298],[-3.371,40.625],[-3.3693,40.6303]]]]}},{"type":"Feature","properties":{"gid":"ESP.4.5_1","provZh":"卡斯蒂利亚-拉曼恰","name2":"Toledo","type2":"Provincia","engtype2":"Province"},"geometry":{"type":"Polygon","coordinates":[[[-3.5865,39.3077],[-3.567,39.2994],[-3.5325,39.3042],[-3.5249,39.315],[-3.4768,39.3432],[-3.4704,39.3722],[-3.4102,39.4046],[-3.3495,39.4083],[-3.309,39.3992],[-3.3157,39.4337],[-3.2941,39.4709],[-3.1851,39.4742],[-3.1844,39.488],[-3.1433,39.4956],[-3.0961,39.4733],[-3.0695,39.4503],[-3.0225,39.457],[-3.0148,39.4451],[-2.9995,39.4417],[-2.9947,39.4514],[-2.9776,39.4447],[-2.9567,39.4472],[-2.9552,39.4549],[-2.9313,39.4715],[-2.935,39.5256],[-2.9206,39.5592],[-2.9254,39.6018],[-2.9137,39.6138],[-2.9178,39.6231],[-2.9081,39.6424],[-2.9184,39.6457],[-2.9541,39.6864],[-2.9698,39.6897],[-2.9766,39.7029],[-2.9977,39.7189],[-3.0154,39.7648],[-3.0404,39.7876],[-3.0596,39.8375],[-3.0762,39.8557],[-3.0962,39.8691],[-3.1271,39.8747],[-3.1068,39.9032],[-3.1068,39.9164],[-3.097,39.9335],[-3.0965,39.987],[-3.1425,39.985],[-3.1701,40.0482],[-3.1604,40.0694],[-3.1663,40.0913],[-3.1893,40.0827],[-3.2076,40.0638],[-3.201,40.0613],[-3.2049,40.059],[-3.2084,40.0632],[-3.2439,40.0536],[-3.2456,40.0595],[-3.2552,40.058],[-3.2575,40.0508],[-3.2656,40.057],[-3.2767,40.0474],[-3.3028,40.0537],[-3.3116,40.0687],[-3.3343,40.0816],[-3.3769,40.0752],[-3.3763,40.0498],[-3.3859,40.0516],[-3.3942,40.0455],[-3.3941,40.0355],[-3.4249,40.0471],[-3.4296,40.0388],[-3.4456,40.0374],[-3.4523,40.0502],[-3.4689,40.041],[-3.472,40.0461],[-3.4878,40.0415],[-3.4898,40.0476],[-3.507,40.0482],[-3.5152,40.0433],[-3.5198,40.0209],[-3.5896,40.0135],[-3.5945,40.0019],[-3.638,39.9888],[-3.631,39.9688],[-3.6349,39.9662],[-3.6619,39.9662],[-3.6977,39.947],[-3.7113,39.955],[-3.7448,39.9406],[-3.7559,39.9216],[-3.7786,39.9114],[-3.8038,39.8846],[-3.8146,39.8859],[-3.8343,39.8998],[-3.8695,39.9047],[-3.8763,39.9109],[-3.8692,39.9175],[-3.8758,39.9287],[-3.839,39.9422],[-3.837,39.9302],[-3.8317,39.9301],[-3.8247,39.9467],[-3.8081,39.9548],[-3.801,39.9465],[-3.7869,39.9465],[-3.7886,39.9542],[-3.7698,39.9588],[-3.7647,39.9664],[-3.7589,39.9579],[-3.7699,39.949],[-3.7552,39.95],[-3.7513,39.9566],[-3.7612,39.971],[-3.7394,39.9615],[-3.726,39.9665],[-3.7284,39.9731],[-3.7406,39.9707],[-3.7462,39.9808],[-3.7347,39.9771],[-3.7349,39.9851],[-3.7228,39.9878],[-3.7205,40.001],[-3.7003,40.0189],[-3.6869,40.0217],[-3.6791,40.016],[-3.6674,40.0285],[-3.6467,40.0352],[-3.636,40.0448],[-3.6367,40.052],[-3.6205,40.0561],[-3.6242,40.0638],[-3.617,40.0681],[-3.6278,40.0773],[-3.6094,40.0835],[-3.6043,40.0947],[-3.6142,40.0988],[-3.6064,40.109],[-3.6565,40.1255],[-3.6669,40.1435],[-3.6836,40.1325],[-3.7206,40.148],[-3.745,40.1327],[-3.7718,40.1396],[-3.7842,40.1627],[-3.806,40.1775],[-3.8102,40.1691],[-3.8173,40.1714],[-3.835,40.1613],[-3.8527,40.1697],[-3.8534,40.1798],[-3.8762,40.1911],[-3.9102,40.1898],[-3.9309,40.204],[-3.9383,40.2034],[-3.9492,40.1891],[-3.9561,40.1986],[-3.9529,40.2123],[-3.9923,40.2097],[-4.0259,40.2362],[-4.0236,40.2491],[-4.0515,40.2511],[-4.0711,40.2648],[-4.0804,40.2665],[-4.1041,40.2418],[-4.1311,40.2488],[-4.1436,40.245],[-4.1505,40.2494],[-4.144,40.2643],[-4.1636,40.2699],[-4.1702,40.2883],[-4.1913,40.297],[-4.2029,40.2885],[-4.2037,40.269],[-4.2264,40.2699],[-4.2316,40.2768],[-4.2457,40.2737],[-4.2711,40.2332],[-4.2958,40.2191],[-4.3062,40.2217],[-4.3108,40.2341],[-4.3215,40.2251],[-4.3353,40.2388],[-4.3481,40.2366],[-4.3451,40.2533],[-4.3586,40.2765],[-4.3568,40.3097],[-4.3811,40.3183],[-4.388,40.3013],[-4.384,40.2892],[-4.3989,40.2838],[-4.4274,40.2578],[-4.4356,40.2593],[-4.4373,40.2377],[-4.5143,40.2172],[-4.522,40.2024],[-4.5358,40.1996],[-4.5751,40.2071],[-4.5725,40.213],[-4.5789,40.2174],[-4.6168,40.2002],[-4.6539,40.1982],[-4.6627,40.2061],[-4.6866,40.211],[-4.6865,40.2358],[-4.6936,40.2411],[-4.6871,40.2496],[-4.7017,40.2572],[-4.7025,40.2636],[-4.694,40.2664],[-4.698,40.2822],[-4.7136,40.2808],[-4.712,40.276],[-4.7285,40.2705],[-4.7425,40.2753],[-4.7611,40.2609],[-4.8041,40.2751],[-4.8099,40.2594],[-4.8181,40.2548],[-4.8076,40.2353],[-4.8224,40.2295],[-4.8208,40.2234],[-4.8353,40.2125],[-4.862,40.2052],[-4.8782,40.1903],[-4.9246,40.17],[-4.918,40.1553],[-4.9253,40.136],[-4.9562,40.1334],[-4.9544,40.1211],[-5.0132,40.1111],[-5.0069,40.1312],[-5.0184,40.1591],[-5.07,40.1488],[-5.0889,40.1236],[-5.1013,40.127],[-5.142,40.0915],[-5.1539,40.0929],[-5.1715,40.0848],[-5.185,40.088],[-5.202,40.0829],[-5.2116,40.0927],[-5.2128,40.1069],[-5.2671,40.1111],[-5.3157,40.107],[-5.3386,40.1158],[-5.3689,40.1001],[-5.3737,40.0593],[-5.364,40.0261],[-5.365,39.9839],[-5.406,39.8777],[-5.3694,39.8884],[-5.3263,39.892],[-5.3107,39.8865],[-5.31,39.8802],[-5.2839,39.8639],[-5.2834,39.8572],[-5.3125,39.8243],[-5.3161,39.7728],[-5.3087,39.7604],[-5.2541,39.7526],[-5.206,39.7977],[-5.1668,39.7999],[-5.1583,39.7597],[-5.1743,39.7552],[-5.1737,39.7509],[-5.1377,39.715],[-5.1517,39.696],[-5.1563,39.6739],[-5.1487,39.6681],[-5.1623,39.6554],[-5.1614,39.6431],[-5.2065,39.5972],[-5.1459,39.5494],[-5.1237,39.5216],[-5.0838,39.4907],[-5.0588,39.4894],[-5.0077,39.4344],[-4.9496,39.3931],[-4.9406,39.3951],[-4.9029,39.5037],[-4.863,39.5562],[-4.8109,39.5298],[-4.7624,39.514],[-4.7513,39.5014],[-4.7427,39.4876],[-4.7498,39.4684],[-4.7404,39.4562],[-4.7678,39.429],[-4.7661,39.4239],[-4.7536,39.4254],[-4.7553,39.4157],[-4.6902,39.4518],[-4.618,39.4544],[-4.6115,39.4602],[-4.6139,39.4853],[-4.6183,39.4847],[-4.5902,39.4998],[-4.5678,39.4973],[-4.5545,39.5108],[-4.5609,39.5337],[-4.5426,39.544],[-4.531,39.5316],[-4.5347,39.5381],[-4.5253,39.5615],[-4.4821,39.5388],[-4.5016,39.5351],[-4.5111,39.5221],[-4.5006,39.5186],[-4.4832,39.4884],[-4.4615,39.4786],[-4.453,39.5173],[-4.4435,39.5231],[-4.4211,39.507],[-4.3771,39.496],[-4.3205,39.4834],[-4.242,39.4779],[-4.1931,39.4954],[-4.1586,39.5768],[-4.1245,39.5636],[-4.0417,39.5754],[-4.03,39.522],[-4.0597,39.5219],[-4.068,39.5018],[-4.0676,39.4858],[-4.0587,39.4722],[-4.068,39.4571],[-4.0812,39.4517],[-4.1085,39.4602],[-4.118,39.4569],[-4.1278,39.4089],[-4.148,39.3628],[-4.1204,39.3626],[-4.1043,39.3411],[-4.0858,39.3495],[-4.0733,39.3654],[-4.0012,39.3515],[-3.9721,39.3522],[-3.9661,39.3165],[-3.9584,39.3072],[-3.9654,39.2982],[-3.9004,39.2795],[-3.8759,39.2621],[-3.8572,39.2585],[-3.8416,39.2596],[-3.8127,39.2862],[-3.7928,39.2923],[-3.7656,39.2933],[-3.7224,39.2696],[-3.688,39.2849],[-3.6801,39.2983],[-3.5865,39.3077]]]}},{"type":"Feature","properties":{"gid":"ESP.5.1_1","provZh":"卡斯蒂利亚-莱昂","name2":"Ávila","type2":"Provincia","engtype2":"Province"},"geometry":{"type":"Polygon","coordinates":[[[-5.488,40.2047],[-5.4708,40.2079],[-5.468,40.2242],[-5.4397,40.2336],[-5.4297,40.2523],[-5.3949,40.2505],[-5.3431,40.2641],[-5.3582,40.2283],[-5.3696,40.2183],[-5.364,40.2033],[-5.3679,40.1641],[-5.3359,40.1158],[-5.3157,40.107],[-5.2671,40.1111],[-5.2128,40.1069],[-5.2116,40.0927],[-5.202,40.0829],[-5.142,40.0915],[-5.1013,40.127],[-5.0889,40.1236],[-5.07,40.1488],[-5.0338,40.1567],[-5.0184,40.1591],[-5.0069,40.1312],[-5.0132,40.1111],[-4.9544,40.1211],[-4.9562,40.1334],[-4.9253,40.136],[-4.918,40.1553],[-4.9246,40.17],[-4.8782,40.1903],[-4.862,40.2052],[-4.8353,40.2125],[-4.8208,40.2234],[-4.8224,40.2295],[-4.8076,40.2353],[-4.8181,40.2548],[-4.8099,40.2594],[-4.8041,40.2751],[-4.7611,40.2609],[-4.7425,40.2753],[-4.7285,40.2705],[-4.712,40.276],[-4.7136,40.2808],[-4.698,40.2822],[-4.694,40.2664],[-4.7025,40.2636],[-4.7017,40.2572],[-4.6871,40.2496],[-4.6936,40.2411],[-4.6865,40.2358],[-4.6866,40.211],[-4.6627,40.2061],[-4.6539,40.1982],[-4.6168,40.2002],[-4.5866,40.2163],[-4.5655,40.218],[-4.5589,40.234],[-4.5658,40.2397],[-4.5691,40.2572],[-4.5563,40.2645],[-4.5554,40.2771],[-4.529,40.2928],[-4.5464,40.3421],[-4.5263,40.3449],[-4.5267,40.3382],[-4.5043,40.3151],[-4.4854,40.3211],[-4.4554,40.3199],[-4.4536,40.333],[-4.4605,40.3403],[-4.4396,40.3503],[-4.4425,40.3857],[-4.4218,40.4064],[-4.4006,40.4114],[-4.3208,40.4107],[-4.3263,40.4136],[-4.3241,40.4244],[-4.3403,40.4291],[-4.3326,40.4487],[-4.3207,40.4515],[-4.3263,40.4602],[-4.3186,40.4594],[-4.3163,40.4654],[-4.3276,40.5075],[-4.3213,40.5321],[-4.3285,40.5348],[-4.3229,40.5511],[-4.2896,40.5644],[-4.2787,40.6042],[-4.2899,40.6084],[-4.2899,40.628],[-4.2723,40.6291],[-4.262,40.6056],[-4.2423,40.6023],[-4.2151,40.6049],[-4.1612,40.6234],[-4.173,40.6309],[-4.1679,40.6477],[-4.1735,40.6737],[-4.1602,40.6898],[-4.1836,40.698],[-4.2528,40.6895],[-4.275,40.6763],[-4.2565,40.6638],[-4.2574,40.6534],[-4.328,40.6473],[-4.3325,40.6371],[-4.4195,40.6334],[-4.422,40.6753],[-4.4346,40.7062],[-4.4268,40.7296],[-4.431,40.7424],[-4.4544,40.7545],[-4.4737,40.7747],[-4.4724,40.7821],[-4.4813,40.7916],[-4.4731,40.8],[-4.4937,40.8335],[-4.5463,40.8256],[-4.5588,40.8396],[-4.5498,40.8534],[-4.5315,40.8586],[-4.5352,40.8724],[-4.5595,40.8859],[-4.5524,40.9075],[-4.5592,40.9132],[-4.5583,40.9401],[-4.5667,40.9454],[-4.5663,40.9562],[-4.6066,40.9708],[-4.6171,41.0037],[-4.6382,41.0313],[-4.6812,41.0512],[-4.7002,41.0519],[-4.7131,41.0629],[-4.7164,41.0716],[-4.7071,41.0888],[-4.7178,41.09],[-4.7099,41.0993],[-4.7246,41.1234],[-4.7166,41.1326],[-4.722,41.1493],[-4.7861,41.1436],[-4.8134,41.1294],[-4.8188,41.1079],[-4.8149,41.1034],[-4.8555,41.1007],[-4.8636,41.094],[-4.9507,41.1407],[-4.9629,41.1401],[-4.9675,41.1523],[-4.9844,41.1522],[-4.9896,41.1608],[-5.0138,41.1642],[-5.0217,41.1535],[-5.0598,41.1386],[-5.1,41.1471],[-5.1113,41.135],[-5.1239,41.1356],[-5.1291,41.1054],[-5.1485,41.0921],[-5.1522,41.0819],[-5.1464,41.0436],[-5.1407,41.0372],[-5.1065,41.0295],[-5.0897,40.9966],[-5.0995,40.9896],[-5.0964,40.9785],[-5.1047,40.9603],[-5.1275,40.9541],[-5.112,40.9187],[-5.1154,40.9023],[-5.1299,40.9003],[-5.1637,40.8684],[-5.1688,40.84],[-5.1574,40.8241],[-5.1614,40.814],[-5.1775,40.8053],[-5.1843,40.7887],[-5.2189,40.773],[-5.2143,40.7578],[-5.2498,40.7429],[-5.2537,40.7343],[-5.2927,40.7103],[-5.3286,40.7054],[-5.337,40.6995],[-5.332,40.6946],[-5.3371,40.6893],[-5.3853,40.6715],[-5.3857,40.6633],[-5.3658,40.6488],[-5.3783,40.6455],[-5.3731,40.6388],[-5.3828,40.6208],[-5.4226,40.6053],[-5.4241,40.5975],[-5.4408,40.59],[-5.4475,40.5796],[-5.4995,40.5816],[-5.5008,40.5974],[-5.5161,40.5854],[-5.5182,40.5638],[-5.5286,40.5541],[-5.5246,40.5407],[-5.4379,40.5663],[-5.431,40.5672],[-5.4254,40.5566],[-5.4331,40.5342],[-5.4469,40.52],[-5.4502,40.4975],[-5.4618,40.4912],[-5.4654,40.4659],[-5.4824,40.4567],[-5.5097,40.4637],[-5.5184,40.452],[-5.5096,40.4385],[-5.5135,40.4238],[-5.5446,40.4231],[-5.5745,40.4443],[-5.5706,40.4565],[-5.561,40.4615],[-5.5608,40.4771],[-5.5897,40.4673],[-5.6227,40.4658],[-5.6564,40.4368],[-5.6911,40.422],[-5.6783,40.3867],[-5.6867,40.3764],[-5.6862,40.3554],[-5.6729,40.3485],[-5.7142,40.3253],[-5.7374,40.2941],[-5.6925,40.2921],[-5.6565,40.2702],[-5.6597,40.2574],[-5.6491,40.2497],[-5.6219,40.2459],[-5.6136,40.2333],[-5.6188,40.2239],[-5.6099,40.2155],[-5.5909,40.2153],[-5.5309,40.1947],[-5.488,40.2047]]]}},{"type":"Feature","properties":{"gid":"ESP.5.2_1","provZh":"卡斯蒂利亚-莱昂","name2":"Burgos","type2":"Provincia","engtype2":"Province"},"geometry":{"type":"MultiPolygon","coordinates":[[[[-3.6891,41.5406],[-3.6717,41.5604],[-3.6452,41.5721],[-3.6261,41.57],[-3.6168,41.5771],[-3.6087,41.5661],[-3.6007,41.5705],[-3.5726,41.5654],[-3.5745,41.5725],[-3.5664,41.58],[-3.5415,41.5776],[-3.5361,41.5865],[-3.5504,41.5966],[-3.5406,41.5978],[-3.5414,41.6082],[-3.5291,41.6126],[-3.5099,41.5972],[-3.4753,41.597],[-3.4684,41.589],[-3.4591,41.5896],[-3.4353,41.622],[-3.4404,41.6295],[-3.4352,41.6394],[-3.4297,41.6463],[-3.419,41.6441],[-3.4146,41.6648],[-3.3933,41.6906],[-3.3583,41.6934],[-3.3606,41.7216],[-3.3524,41.7292],[-3.3528,41.7379],[-3.3228,41.7409],[-3.3216,41.7492],[-3.3096,41.751],[-3.3072,41.7602],[-3.287,41.7601],[-3.2754,41.7687],[-3.2858,41.7882],[-3.2753,41.7943],[-3.2783,41.8149],[-3.2866,41.8054],[-3.2811,41.8229],[-3.2887,41.8286],[-3.2889,41.8425],[-3.279,41.8679],[-3.2895,41.8764],[-3.2837,41.8838],[-3.271,41.8788],[-3.2689,41.8691],[-3.2433,41.864],[-3.2467,41.8563],[-3.2343,41.8406],[-3.1944,41.8289],[-3.1982,41.8172],[-3.1885,41.8017],[-3.1713,41.793],[-3.1361,41.8119],[-3.1125,41.8507],[-3.0971,41.8614],[-3.1012,41.8773],[-3.0971,41.8811],[-3.0877,41.8763],[-3.0635,41.8834],[-3.0586,41.8913],[-3.0167,41.8869],[-3.008,41.9222],[-2.9984,41.9326],[-2.9707,41.9293],[-2.9599,41.9513],[-2.9675,41.958],[-2.9657,41.966],[-2.9505,41.9939],[-2.9321,42.018],[-2.9136,42.0228],[-2.9311,42.0868],[-3.0343,42.086],[-3.0589,42.127],[-3.0736,42.1358],[-3.0861,42.1355],[-3.0965,42.1694],[-3.1124,42.1758],[-3.1153,42.1883],[-3.1293,42.1995],[-3.1059,42.2118],[-3.1024,42.2322],[-3.0885,42.2457],[-3.0977,42.2631],[-3.0896,42.273],[-3.1066,42.3126],[-3.0958,42.3269],[-3.1106,42.3386],[-3.1092,42.3519],[-3.0636,42.3561],[-3.0632,42.3628],[-3.0848,42.3854],[-3.1043,42.3854],[-3.0957,42.4052],[-3.1013,42.4168],[-3.0903,42.4224],[-3.0781,42.4157],[-3.0826,42.3974],[-3.0576,42.3701],[-3.0531,42.3734],[-3.064,42.4043],[-3.0573,42.4171],[-3.0632,42.4249],[-3.0459,42.4451],[-3.0641,42.4709],[-3.0904,42.4779],[-3.0946,42.4881],[-3.0792,42.4991],[-3.0717,42.5277],[-3.0892,42.5383],[-3.1074,42.5288],[-3.1253,42.5331],[-3.1342,42.542],[-3.1037,42.5531],[-3.0823,42.574],[-3.0861,42.5822],[-3.0598,42.5892],[-3.0704,42.6214],[-3.0863,42.6277],[-3.081,42.6313],[-3.0841,42.6407],[-3.0407,42.64],[-3.018,42.6322],[-3.0047,42.6443],[-2.98,42.6353],[-2.9703,42.6411],[-2.9464,42.6393],[-2.916,42.6195],[-2.8927,42.6277],[-2.8939,42.6213],[-2.8821,42.6207],[-2.8762,42.631],[-2.858,42.6382],[-2.896,42.655],[-2.9006,42.6678],[-2.895,42.6793],[-2.9037,42.6864],[-2.9024,42.6936],[-2.9303,42.6996],[-2.9305,42.7082],[-2.9563,42.7104],[-2.9806,42.7038],[-2.9893,42.7193],[-3.0074,42.7232],[-3.0107,42.7284],[-3.0058,42.7324],[-3.0163,42.7339],[-3.0163,42.7405],[-3.0407,42.7385],[-3.0487,42.7486],[-3.0496,42.7656],[-3.0641,42.7601],[-3.0808,42.7672],[-3.0844,42.7571],[-3.1006,42.7672],[-3.1154,42.7593],[-3.1479,42.7567],[-3.1232,42.7893],[-3.1592,42.8046],[-3.1481,42.8145],[-3.1409,42.8363],[-3.1329,42.8373],[-3.1131,42.861],[-3.1051,42.8802],[-3.1133,42.8818],[-3.1149,42.8892],[-3.1256,42.8913],[-3.1387,42.8713],[-3.1607,42.8563],[-3.173,42.8572],[-3.1906,42.8694],[-3.2094,42.8442],[-3.2221,42.8386],[-3.2055,42.8274],[-3.2169,42.8265],[-3.2826,42.8755],[-3.2867,42.8851],[-3.2764,42.887],[-3.2772,42.9016],[-3.2485,42.9121],[-3.2353,42.9331],[-3.2355,42.9438],[-3.2247,42.9497],[-3.1447,42.9347],[-3.1495,42.9173],[-3.1318,42.9127],[-3.1265,42.904],[-3.1046,42.9101],[-3.0895,42.899],[-3.0189,42.9085],[-3.0048,42.927],[-2.9814,42.9388],[-2.996,42.9529],[-3.0196,42.955],[-3.0203,42.961],[-3.0406,42.9694],[-3.0448,42.9734],[-3.0369,42.9822],[-3.0602,43.0035],[-3.077,43.0085],[-3.0889,43.0016],[-3.1447,43.0068],[-3.1778,43.022],[-3.1702,43.0291],[-3.1418,43.0298],[-3.1474,43.0349],[-3.1403,43.0671],[-3.1581,43.074],[-3.1339,43.0972],[-3.1414,43.1106],[-3.152,43.1041],[-3.1817,43.1209],[-3.1614,43.1432],[-3.1667,43.1469],[-3.1618,43.1542],[-3.1413,43.1615],[-3.1574,43.1778],[-3.1875,43.1692],[-3.2078,43.1794],[-3.224,43.1701],[-3.2534,43.1986],[-3.2781,43.1944],[-3.3093,43.1725],[-3.3419,43.1668],[-3.3506,43.1543],[-3.371,43.1514],[-3.3888,43.14],[-3.4447,43.1315],[-3.5084,43.1366],[-3.5855,43.1545],[-3.6035,43.1496],[-3.6124,43.1695],[-3.651,43.181],[-3.7046,43.1162],[-3.7559,43.0991],[-3.7569,43.085],[-3.7895,43.0781],[-3.8101,43.0866],[-3.8263,43.0806],[-3.8469,43.0844],[-3.8507,43.077],[-3.8317,43.0638],[-3.8498,43.048],[-3.851,43.0391],[-3.8907,43.0418],[-3.9092,43.0161],[-3.9454,43.0057],[-3.9607,42.9924],[-3.974,42.9686],[-3.9908,42.9308],[-3.9728,42.9117],[-3.9457,42.9094],[-3.9296,42.9147],[-3.9375,42.904],[-3.9335,42.8996],[-3.9114,42.9234],[-3.8912,42.9255],[-3.8873,42.9487],[-3.8701,42.9497],[-3.867,42.9548],[-3.8395,42.9398],[-3.8299,42.9277],[-3.8335,42.918],[-3.8534,42.9181],[-3.8589,42.9037],[-3.8685,42.8991],[-3.8908,42.9026],[-3.9077,42.9145],[-3.9105,42.9109],[-3.8991,42.9041],[-3.8929,42.8873],[-3.9243,42.8892],[-3.8974,42.8803],[-3.9154,42.8609],[-3.8801,42.8514],[-3.8684,42.8567],[-3.874,42.8751],[-3.8637,42.8898],[-3.8253,42.8686],[-3.8341,42.8557],[-3.8164,42.8359],[-3.816,42.8105],[-3.8232,42.7988],[-3.8633,42.7864],[-3.8944,42.8045],[-3.8995,42.7907],[-3.9096,42.7864],[-3.9109,42.7684],[-3.9305,42.7745],[-3.9487,42.7675],[-3.9465,42.7619],[-3.9656,42.7586],[-3.9788,42.7581],[-3.9815,42.7683],[-3.9906,42.771],[-4.0024,42.7684],[-4.003,42.7633],[-4.0852,42.7641],[-4.0887,42.7517],[-4.1095,42.7339],[-4.1239,42.7361],[-4.1199,42.7451],[-4.1247,42.7516],[-4.1461,42.7521],[-4.1853,42.7362],[-4.2014,42.7176],[-4.2151,42.714],[-4.2185,42.7047],[-4.2488,42.6984],[-4.257,42.6881],[-4.2676,42.6943],[-4.2666,42.7053],[-4.2931,42.6909],[-4.2866,42.6864],[-4.2899,42.6792],[-4.276,42.673],[-4.2718,42.6563],[-4.2771,42.6432],[-4.2638,42.6179],[-4.2925,42.6059],[-4.2824,42.5867],[-4.2863,42.5831],[-4.2707,42.5814],[-4.3053,42.5708],[-4.2976,42.5604],[-4.3032,42.5553],[-4.2776,42.5447],[-4.2795,42.5338],[-4.2721,42.52],[-4.2861,42.512],[-4.2626,42.5118],[-4.247,42.4947],[-4.2506,42.4793],[-4.245,42.4718],[-4.2543,42.4684],[-4.2474,42.4671],[-4.2425,42.4562],[-4.3069,42.4533],[-4.317,42.4589],[-4.3353,42.4306],[-4.3283,42.4096],[-4.3309,42.3909],[-4.3215,42.3799],[-4.2759,42.3919],[-4.2726,42.3857],[-4.2737,42.3751],[-4.2803,42.3777],[-4.2764,42.365],[-4.2804,42.3638],[-4.2647,42.3525],[-4.2696,42.3392],[-4.2568,42.3245],[-4.265,42.3233],[-4.2618,42.3097],[-4.2518,42.31],[-4.2527,42.2906],[-4.2409,42.269],[-4.244,42.2594],[-4.2313,42.2561],[-4.2285,42.2495],[-4.2372,42.2367],[-4.2268,42.2295],[-4.2314,42.2084],[-4.2152,42.2069],[-4.1886,42.1764],[-4.1909,42.1639],[-4.206,42.154],[-4.2007,42.1502],[-4.2053,42.1346],[-4.1868,42.1264],[-4.1443,42.1294],[-4.142,42.1196],[-4.1209,42.1283],[-4.1037,42.1097],[-4.0561,42.1009],[-4.0603,42.0913],[-4.0774,42.0827],[-4.103,42.087],[-4.104,42.0616],[-4.0798,42.0368],[-4.0636,42.0436],[-4.0478,42.039],[-4.0458,42.0508],[-4.0392,42.0533],[-3.9962,42.045],[-3.9824,42.0513],[-3.971,42.0332],[-3.9798,42.0211],[-3.9852,42.0235],[-3.9947,42.0054],[-4.0147,41.9986],[-4.029,41.9766],[-4.0329,41.9541],[-3.9906,41.9597],[-3.9562,41.981],[-3.9101,41.997],[-3.8914,41.9966],[-3.8923,41.9576],[-3.9365,41.957],[-3.9521,41.9353],[-3.9813,41.9307],[-3.9806,41.9006],[-4.0375,41.8728],[-4.062,41.8769],[-4.0887,41.8706],[-4.0792,41.8484],[-4.088,41.8447],[-4.09,41.8309],[-4.0379,41.7898],[-4.0388,41.7727],[-4.0495,41.7682],[-4.0557,41.7407],[-4.069,41.7412],[-4.0763,41.7261],[-4.0529,41.7196],[-4.026,41.6924],[-4.0258,41.6595],[-4.0352,41.6206],[-4.0286,41.6144],[-4.0058,41.6194],[-4.0086,41.61],[-3.9928,41.6086],[-3.9806,41.5834],[-3.9637,41.5861],[-3.953,41.5734],[-3.8945,41.5521],[-3.8857,41.5323],[-3.8679,41.5325],[-3.8422,41.5006],[-3.834,41.4996],[-3.8238,41.4811],[-3.7876,41.4859],[-3.8031,41.4964],[-3.7991,41.509],[-3.8035,41.5267],[-3.7677,41.539],[-3.7697,41.4601],[-3.7441,41.4611],[-3.7394,41.4508],[-3.729,41.4576],[-3.7323,41.4699],[-3.7236,41.4792],[-3.729,41.4839],[-3.7282,41.5176],[-3.6915,41.5345],[-3.6891,41.5406]],[[-4.0341,42.0954],[-4.0334,42.107],[-4.0242,42.0811],[-4.0319,42.0786],[-4.0275,42.0878],[-4.0341,42.0954]],[[-4.0645,42.143],[-4.0621,42.1316],[-4.09,42.142],[-4.1027,42.1372],[-4.11,42.1432],[-4.1118,42.1586],[-4.0942,42.1577],[-4.0762,42.1678],[-4.0656,42.1635],[-4.0744,42.1561],[-4.0645,42.143]]],[[[-4.245,42.736],[-4.2607,42.7387],[-4.2631,42.7305],[-4.2513,42.7265],[-4.245,42.736]]],[[[-2.7187,42.7887],[-2.7315,42.7945],[-2.7729,42.794],[-2.8103,42.7915],[-2.8268,42.7844],[-2.8354,42.7963],[-2.8418,42.7762],[-2.8537,42.7682],[-2.8483,42.7633],[-2.8542,42.747],[-2.8684,42.7399],[-2.8467,42.7307],[-2.8552,42.7287],[-2.8516,42.7251],[-2.8289,42.719],[-2.8253,42.7089],[-2.7845,42.6989],[-2.7705,42.6766],[-2.7757,42.6702],[-2.7678,42.666],[-2.718,42.662],[-2.7053,42.6738],[-2.6663,42.6662],[-2.6591,42.6724],[-2.6348,42.6478],[-2.5848,42.6516],[-2.5649,42.6445],[-2.5519,42.6492],[-2.5491,42.6376],[-2.5173,42.6463],[-2.522,42.684],[-2.5393,42.6866],[-2.5483,42.6688],[-2.5777,42.6682],[-2.5941,42.69],[-2.6089,42.696],[-2.6003,42.7153],[-2.5899,42.7108],[-2.5726,42.7252],[-2.5583,42.7627],[-2.5893,42.7503],[-2.6023,42.7706],[-2.6437,42.7647],[-2.6533,42.7722],[-2.7187,42.7887]]]]}},{"type":"Feature","properties":{"gid":"ESP.5.3_1","provZh":"卡斯蒂利亚-莱昂","name2":"León","type2":"Provincia","engtype2":"Province"},"geometry":{"type":"Polygon","coordinates":[[[-5.6967,42.1208],[-5.6767,42.1203],[-5.6869,42.1382],[-5.6808,42.1417],[-5.6451,42.1321],[-5.6194,42.105],[-5.6242,42.0926],[-5.6383,42.0851],[-5.5884,42.0773],[-5.5834,42.066],[-5.5865,42.0509],[-5.5776,42.0654],[-5.5606,42.056],[-5.5493,42.0703],[-5.5433,42.0994],[-5.5269,42.1043],[-5.4984,42.0837],[-5.477,42.0564],[-5.4808,42.0524],[-5.4386,42.0315],[-5.4247,42.0356],[-5.4202,42.0292],[-5.412,42.0304],[-5.3762,42.0415],[-5.3711,42.0514],[-5.3743,42.0681],[-5.39,42.0898],[-5.3763,42.0995],[-5.3799,42.1128],[-5.3726,42.1183],[-5.3714,42.13],[-5.381,42.1507],[-5.3795,42.1633],[-5.3888,42.1754],[-5.3801,42.1979],[-5.3884,42.2053],[-5.388,42.2214],[-5.3611,42.2251],[-5.3074,42.1992],[-5.3018,42.2221],[-5.2868,42.2299],[-5.2655,42.2109],[-5.2414,42.2145],[-5.2277,42.2299],[-5.2539,42.2398],[-5.2364,42.2733],[-5.2302,42.2756],[-5.2283,42.2624],[-5.2202,42.2779],[-5.1978,42.2605],[-5.1826,42.2642],[-5.1781,42.2711],[-5.1641,42.2711],[-5.1442,42.2815],[-5.1119,42.3118],[-5.0936,42.3093],[-5.0861,42.2922],[-5.0778,42.2916],[-5.075,42.2789],[-5.0621,42.2779],[-5.0681,42.2612],[-5.0547,42.2575],[-5.0415,42.2675],[-5.0382,42.2971],[-4.9734,42.2887],[-4.9533,42.2971],[-4.9423,42.3275],[-4.9424,42.3465],[-4.982,42.3377],[-4.9834,42.3424],[-4.9724,42.3744],[-4.9644,42.3797],[-4.9447,42.3764],[-4.9462,42.3814],[-4.9332,42.3848],[-4.9113,42.3815],[-4.9031,42.3865],[-4.9142,42.4012],[-4.9147,42.4144],[-4.9049,42.4245],[-4.9098,42.4339],[-4.9239,42.4361],[-4.8999,42.4507],[-4.8879,42.537],[-4.9144,42.5447],[-4.9151,42.5602],[-4.9024,42.5779],[-4.9047,42.6031],[-4.8946,42.6238],[-4.9003,42.6692],[-4.8905,42.6928],[-4.8716,42.708],[-4.8912,42.7234],[-4.9158,42.7205],[-4.9184,42.7342],[-4.9363,42.7444],[-4.9355,42.7564],[-4.9205,42.7574],[-4.909,42.7794],[-4.8958,42.7851],[-4.9028,42.8093],[-4.8885,42.8411],[-4.9007,42.8516],[-4.8983,42.8631],[-4.8804,42.8659],[-4.8655,42.8605],[-4.8554,42.8917],[-4.8383,42.8953],[-4.8378,42.9067],[-4.8091,42.9303],[-4.8026,42.9495],[-4.8072,42.9677],[-4.7956,42.9738],[-4.7947,42.9866],[-4.7668,43.0015],[-4.7569,43.0155],[-4.7388,43.0184],[-4.7432,43.0281],[-4.7341,43.047],[-4.7439,43.0564],[-4.766,43.0556],[-4.7664,43.0745],[-4.8168,43.0926],[-4.8513,43.1259],[-4.8426,43.1333],[-4.8438,43.146],[-4.8351,43.1559],[-4.8388,43.1667],[-4.8516,43.1728],[-4.8391,43.1897],[-4.8616,43.2056],[-4.8601,43.2184],[-4.8735,43.2296],[-4.9074,43.2379],[-4.9194,43.2275],[-4.9422,43.2249],[-4.9965,43.1854],[-4.9968,43.1731],[-5.0208,43.1851],[-5.0758,43.1815],[-5.0784,43.1604],[-5.0948,43.143],[-5.091,43.1295],[-5.1016,43.1018],[-5.1406,43.1029],[-5.1477,43.1151],[-5.2201,43.0836],[-5.2684,43.0875],[-5.282,43.0774],[-5.3114,43.0841],[-5.3204,43.0793],[-5.3366,43.0819],[-5.3447,43.0942],[-5.369,43.0945],[-5.383,43.0872],[-5.3903,43.0493],[-5.4784,43.0549],[-5.4936,43.0213],[-5.5059,43.0286],[-5.5403,43.0183],[-5.57,43.0227],[-5.5745,43.0322],[-5.6366,43.0353],[-5.6717,43.0529],[-5.6932,43.0564],[-5.7283,43.0425],[-5.7356,43.0232],[-5.7482,43.0172],[-5.7664,42.986],[-5.7628,42.9711],[-5.8039,42.9626],[-5.8242,42.9681],[-5.843,42.9642],[-5.8638,42.9813],[-5.889,42.979],[-5.8871,42.994],[-5.9145,42.9927],[-5.9195,43.0028],[-5.9566,43.0186],[-5.9701,43.0413],[-5.967,43.0583],[-5.9891,43.0678],[-5.9963,43.0597],[-6.0201,43.0548],[-6.0521,43.068],[-6.0672,43.0657],[-6.0818,43.0757],[-6.0917,43.0669],[-6.0949,43.0488],[-6.0897,43.0381],[-6.0968,43.0306],[-6.1365,43.021],[-6.1783,43.0478],[-6.1942,43.0428],[-6.2138,43.0466],[-6.2267,43.0089],[-6.2647,43.0171],[-6.2851,43.0363],[-6.295,43.0269],[-6.3264,43.0313],[-6.333,43.0465],[-6.359,43.0595],[-6.3734,43.0411],[-6.3969,43.0383],[-6.3907,43.0258],[-6.3942,43.0166],[-6.411,43.0169],[-6.4074,42.9995],[-6.4249,42.9876],[-6.437,42.993],[-6.4463,42.9821],[-6.4772,42.9919],[-6.4729,42.9677],[-6.4335,42.9641],[-6.4415,42.9473],[-6.433,42.9397],[-6.4771,42.9339],[-6.4896,42.9202],[-6.5104,42.9287],[-6.5344,42.9221],[-6.5411,42.9125],[-6.6064,42.9161],[-6.6128,42.9245],[-6.6284,42.9195],[-6.6386,42.9254],[-6.6909,42.9223],[-6.7225,42.9175],[-6.7565,42.883],[-6.7736,42.8828],[-6.7678,42.8902],[-6.7705,42.8986],[-6.8009,42.9101],[-6.8479,42.9143],[-6.833,42.8978],[-6.8259,42.8769],[-6.8148,42.8708],[-6.8197,42.8673],[-6.8353,42.8736],[-6.8403,42.8781],[-6.8336,42.882],[-6.8711,42.8738],[-6.8402,42.8233],[-6.8691,42.8008],[-6.8644,42.7974],[-6.8673,42.7871],[-6.8906,42.7773],[-6.8961,42.7651],[-6.9355,42.7408],[-6.9468,42.7415],[-6.9593,42.755],[-6.9677,42.7475],[-6.9666,42.7387],[-6.9727,42.7379],[-6.9727,42.725],[-6.9836,42.7187],[-6.99,42.7266],[-7.0107,42.7236],[-7.0198,42.7102],[-7.0289,42.7105],[-7.045,42.6947],[-7.0154,42.6646],[-7.0125,42.6578],[-7.0213,42.6519],[-7.0042,42.6428],[-7.0177,42.6452],[-7.0469,42.6327],[-7.0454,42.6042],[-7.05,42.5979],[-7.034,42.5841],[-7.0546,42.5716],[-7.0626,42.5527],[-7.0688,42.5544],[-7.0641,42.5482],[-7.0708,42.5379],[-7.0618,42.5375],[-7.0597,42.5293],[-7.0769,42.5082],[-7.0456,42.5078],[-7.0285,42.4978],[-7.0008,42.5057],[-6.9789,42.4932],[-6.9599,42.5177],[-6.9321,42.5205],[-6.9164,42.5084],[-6.8766,42.4992],[-6.8599,42.4887],[-6.8409,42.4889],[-6.8372,42.4956],[-6.8226,42.4908],[-6.8253,42.4857],[-6.8085,42.4694],[-6.8222,42.4539],[-6.8216,42.4333],[-6.8145,42.4269],[-6.8247,42.4259],[-6.8208,42.4214],[-6.8311,42.4083],[-6.8434,42.4058],[-6.8207,42.3856],[-6.774,42.3788],[-6.7664,42.365],[-6.7577,42.3675],[-6.7338,42.3591],[-6.7406,42.3284],[-6.7339,42.318],[-6.7396,42.3212],[-6.736,42.311],[-6.741,42.2986],[-6.7658,42.271],[-6.7669,42.2574],[-6.7842,42.2536],[-6.759,42.2386],[-6.7347,42.2356],[-6.7331,42.224],[-6.7251,42.2234],[-6.7196,42.2133],[-6.7037,42.2094],[-6.6385,42.2173],[-6.6131,42.2032],[-6.5875,42.208],[-6.5259,42.2033],[-6.5059,42.194],[-6.5082,42.1843],[-6.4974,42.182],[-6.4781,42.1822],[-6.4597,42.1971],[-6.4421,42.1935],[-6.4278,42.2019],[-6.4101,42.1957],[-6.3815,42.2031],[-6.347,42.2005],[-6.3416,42.2051],[-6.3293,42.1998],[-6.3125,42.2066],[-6.2936,42.178],[-6.2518,42.173],[-6.254,42.167],[-6.2257,42.1619],[-6.2123,42.1481],[-6.1601,42.1658],[-6.1433,42.1588],[-6.1371,42.1647],[-6.1246,42.1589],[-6.0287,42.1576],[-5.9533,42.1237],[-5.948,42.1419],[-5.9115,42.1406],[-5.8973,42.1561],[-5.8809,42.1453],[-5.8847,42.1384],[-5.8667,42.1201],[-5.8447,42.1107],[-5.838,42.1188],[-5.8064,42.1305],[-5.8052,42.1246],[-5.7911,42.1273],[-5.78,42.1353],[-5.7551,42.1366],[-5.752,42.1213],[-5.7431,42.1134],[-5.6967,42.1208]],[[-5.3089,42.2521],[-5.3167,42.2495],[-5.3163,42.2411],[-5.3327,42.2387],[-5.337,42.2308],[-5.3459,42.251],[-5.3452,42.2678],[-5.3284,42.2741],[-5.3202,42.2672],[-5.3063,42.2716],[-5.3006,42.2653],[-5.3032,42.252],[-5.3089,42.2521]]]}},{"type":"Feature","properties":{"gid":"ESP.5.4_1","provZh":"卡斯蒂利亚-莱昂","name2":"Palencia","type2":"Provincia","engtype2":"Province"},"geometry":{"type":"MultiPolygon","coordinates":[[[[-4.1903,41.8016],[-4.1538,41.7962],[-4.1231,41.8073],[-4.0994,41.7744],[-4.0851,41.7791],[-4.0715,41.7706],[-4.0614,41.7747],[-4.0408,41.7683],[-4.0379,41.7898],[-4.09,41.8309],[-4.088,41.8447],[-4.0792,41.8484],[-4.0887,41.8706],[-4.0195,41.8785],[-3.9806,41.9006],[-3.9813,41.9307],[-3.9521,41.9353],[-3.9365,41.957],[-3.891,41.9605],[-3.8914,41.9966],[-3.9101,41.997],[-3.9562,41.981],[-3.9906,41.9597],[-4.0329,41.9541],[-4.029,41.9766],[-4.0147,41.9986],[-3.9947,42.0054],[-3.9852,42.0235],[-3.9798,42.0211],[-3.971,42.0332],[-3.9824,42.0513],[-3.9962,42.045],[-4.0392,42.0533],[-4.0458,42.0508],[-4.0478,42.039],[-4.0636,42.0436],[-4.0798,42.0368],[-4.104,42.0616],[-4.103,42.087],[-4.0774,42.0827],[-4.0603,42.0913],[-4.0561,42.1009],[-4.1037,42.1097],[-4.1209,42.1283],[-4.142,42.1196],[-4.1443,42.1294],[-4.1868,42.1264],[-4.2053,42.1346],[-4.2007,42.1502],[-4.206,42.154],[-4.1909,42.1639],[-4.1886,42.1764],[-4.2152,42.2069],[-4.2314,42.2084],[-4.2268,42.2295],[-4.2372,42.2367],[-4.2285,42.2495],[-4.2313,42.2561],[-4.244,42.2594],[-4.2409,42.269],[-4.2527,42.2906],[-4.2518,42.31],[-4.2618,42.3097],[-4.265,42.3233],[-4.2568,42.3245],[-4.2696,42.3392],[-4.2647,42.3525],[-4.2804,42.3638],[-4.2764,42.365],[-4.2803,42.3777],[-4.2737,42.3751],[-4.2726,42.3857],[-4.2759,42.3919],[-4.3215,42.3799],[-4.3309,42.3909],[-4.3283,42.4096],[-4.3353,42.4306],[-4.317,42.4589],[-4.3069,42.4533],[-4.2425,42.4562],[-4.2474,42.4671],[-4.2543,42.4684],[-4.245,42.4718],[-4.2506,42.4793],[-4.247,42.4947],[-4.2626,42.5118],[-4.2861,42.512],[-4.2721,42.52],[-4.2795,42.5338],[-4.2776,42.5447],[-4.3032,42.5553],[-4.2976,42.5604],[-4.3053,42.5708],[-4.2707,42.5814],[-4.2863,42.5831],[-4.2824,42.5867],[-4.2925,42.6059],[-4.2638,42.6179],[-4.2771,42.6432],[-4.2718,42.6563],[-4.276,42.673],[-4.2899,42.6792],[-4.2866,42.6864],[-4.2931,42.6909],[-4.2666,42.7053],[-4.2676,42.6943],[-4.257,42.6881],[-4.2488,42.6984],[-4.2185,42.7047],[-4.2151,42.714],[-4.2014,42.7176],[-4.1853,42.7362],[-4.1461,42.7521],[-4.1247,42.7516],[-4.1199,42.7451],[-4.1239,42.7361],[-4.1095,42.7339],[-4.0887,42.7517],[-4.0852,42.7641],[-4.0813,42.7614],[-4.0853,42.7722],[-4.094,42.7733],[-4.0984,42.7912],[-4.1226,42.7946],[-4.1498,42.7893],[-4.1826,42.8103],[-4.1854,42.8173],[-4.1785,42.8262],[-4.1654,42.8282],[-4.1565,42.8378],[-4.1404,42.829],[-4.1284,42.8462],[-4.126,42.8566],[-4.1452,42.8622],[-4.1489,42.8657],[-4.1442,42.8686],[-4.1811,42.8587],[-4.1993,42.8447],[-4.2188,42.8505],[-4.2256,42.8589],[-4.2234,42.875],[-4.2305,42.8967],[-4.2225,42.9109],[-4.2366,42.9171],[-4.2384,42.9543],[-4.2621,42.9652],[-4.3472,42.9721],[-4.3721,42.9946],[-4.3743,43.006],[-4.398,43.0348],[-4.4318,43.0457],[-4.4475,43.0585],[-4.463,43.06],[-4.4756,43.0387],[-4.4958,43.0384],[-4.5208,43.0473],[-4.5584,43.0195],[-4.5742,43.0269],[-4.5905,43.0258],[-4.606,43.0357],[-4.6381,43.0166],[-4.6994,43.0266],[-4.7196,43.0172],[-4.731,43.0222],[-4.7569,43.0155],[-4.7668,43.0015],[-4.7947,42.9866],[-4.7956,42.9738],[-4.8072,42.9677],[-4.8026,42.9495],[-4.8091,42.9303],[-4.8378,42.9067],[-4.8383,42.8953],[-4.8554,42.8917],[-4.8655,42.8605],[-4.8804,42.8659],[-4.8983,42.8631],[-4.9007,42.8516],[-4.8885,42.8411],[-4.9028,42.8093],[-4.8958,42.7851],[-4.909,42.7794],[-4.9205,42.7574],[-4.9355,42.7564],[-4.9363,42.7444],[-4.9184,42.7342],[-4.9158,42.7205],[-4.8912,42.7234],[-4.8716,42.708],[-4.8905,42.6928],[-4.9003,42.6692],[-4.8946,42.6238],[-4.9047,42.6031],[-4.9024,42.5779],[-4.9151,42.5602],[-4.9144,42.5447],[-4.8879,42.537],[-4.8999,42.4507],[-4.9239,42.4361],[-4.9098,42.4339],[-4.9049,42.4245],[-4.9147,42.4144],[-4.9142,42.4012],[-4.9031,42.3865],[-4.9724,42.3744],[-4.9841,42.3379],[-4.9424,42.3465],[-4.9423,42.3275],[-4.9533,42.2971],[-4.9734,42.2887],[-4.9866,42.2938],[-5.002,42.2891],[-5.0086,42.2614],[-5.0187,42.2538],[-5.0089,42.2422],[-5.0102,42.2281],[-5.0246,42.2199],[-5.0123,42.1897],[-5.0318,42.1736],[-5.0269,42.1539],[-5.0149,42.1568],[-4.9942,42.1449],[-4.9663,42.1557],[-4.9623,42.1496],[-4.9274,42.1502],[-4.9286,42.1183],[-4.9201,42.0965],[-4.912,42.0913],[-4.9177,42.0908],[-4.9041,42.0784],[-4.9276,42.0735],[-4.9496,42.051],[-4.9359,42.0179],[-4.9654,42.007],[-4.9754,41.9935],[-4.9714,41.989],[-4.976,41.9736],[-4.994,41.9626],[-5.0048,41.9379],[-4.987,41.9218],[-4.9836,41.91],[-4.9495,41.9338],[-4.9324,41.9266],[-4.9278,41.915],[-4.9117,41.9156],[-4.8897,41.9328],[-4.869,41.9317],[-4.8676,41.9176],[-4.8558,41.9156],[-4.8382,41.8985],[-4.8292,41.875],[-4.8137,41.863],[-4.7892,41.818],[-4.7583,41.8258],[-4.748,41.8405],[-4.7263,41.8545],[-4.7322,41.8618],[-4.7282,41.8688],[-4.6783,41.8998],[-4.6372,41.8881],[-4.6349,41.871],[-4.6294,41.8683],[-4.6327,41.8632],[-4.6037,41.8386],[-4.591,41.8368],[-4.582,41.8224],[-4.566,41.8126],[-4.5646,41.8184],[-4.548,41.819],[-4.5491,41.831],[-4.512,41.8233],[-4.5055,41.8268],[-4.5085,41.8323],[-4.4732,41.843],[-4.4782,41.8286],[-4.4611,41.8203],[-4.4873,41.8201],[-4.4923,41.7786],[-4.5011,41.7714],[-4.4542,41.7592],[-4.4421,41.7586],[-4.3916,41.7873],[-4.3176,41.7634],[-4.3067,41.7759],[-4.2865,41.7749],[-4.2602,41.8052],[-4.2474,41.8029],[-4.2359,41.814],[-4.215,41.7996],[-4.1903,41.8016]],[[-4.245,42.736],[-4.2513,42.7265],[-4.2631,42.7305],[-4.2607,42.7387],[-4.245,42.736]]],[[[-4.0242,42.0811],[-4.0334,42.107],[-4.0376,42.1026],[-4.0275,42.0878],[-4.0319,42.0786],[-4.0242,42.0811]]],[[[-4.0705,42.1558],[-4.0656,42.1635],[-4.0762,42.1678],[-4.0942,42.1577],[-4.1118,42.1586],[-4.11,42.1432],[-4.1027,42.1372],[-4.0813,42.1407],[-4.0621,42.1316],[-4.0705,42.1558]]],[[[-4.0317,42.7936],[-4.0298,42.7883],[-4.0437,42.7888],[-4.0501,42.7798],[-4.0458,42.7666],[-4.003,42.7633],[-3.9959,42.7862],[-4.0035,42.8314],[-4.0207,42.8193],[-4.0141,42.8064],[-4.0328,42.8012],[-4.0317,42.7936]]],[[[-4.0948,42.824],[-4.107,42.8277],[-4.1124,42.8223],[-4.101,42.7939],[-4.089,42.7999],[-4.0884,42.8185],[-4.0948,42.824]]],[[[-4.1669,42.8216],[-4.1823,42.8203],[-4.1745,42.8116],[-4.161,42.8131],[-4.1669,42.8216]]]]}},{"type":"Feature","properties":{"gid":"ESP.5.5_1","provZh":"卡斯蒂利亚-莱昂","name2":"Salamanca","type2":"Provincia","engtype2":"Province"},"geometry":{"type":"Polygon","coordinates":[[[-5.9377,40.2811],[-5.9171,40.2777],[-5.8841,40.3266],[-5.8549,40.3384],[-5.847,40.3281],[-5.8167,40.3509],[-5.7974,40.3533],[-5.7819,40.3125],[-5.8026,40.2976],[-5.793,40.2867],[-5.7578,40.2825],[-5.7374,40.2941],[-5.7142,40.3253],[-5.6729,40.3485],[-5.6862,40.3554],[-5.6867,40.3764],[-5.6783,40.3867],[-5.6911,40.422],[-5.6564,40.4368],[-5.6341,40.4604],[-5.5608,40.4771],[-5.561,40.4615],[-5.5706,40.4565],[-5.5745,40.4443],[-5.5446,40.4231],[-5.527,40.4224],[-5.511,40.428],[-5.5113,40.4435],[-5.5201,40.4479],[-5.5097,40.4637],[-5.4824,40.4567],[-5.4654,40.4659],[-5.4618,40.4912],[-5.4502,40.4975],[-5.4469,40.52],[-5.4331,40.5342],[-5.4254,40.5566],[-5.431,40.5672],[-5.4379,40.5663],[-5.5246,40.5407],[-5.5286,40.5541],[-5.5182,40.5638],[-5.5161,40.5854],[-5.5008,40.5974],[-5.4995,40.5816],[-5.4475,40.5796],[-5.4408,40.59],[-5.4241,40.5975],[-5.4226,40.6053],[-5.3828,40.6208],[-5.3731,40.6388],[-5.3783,40.6455],[-5.3658,40.6488],[-5.3857,40.6633],[-5.3853,40.6715],[-5.3371,40.6893],[-5.332,40.6946],[-5.337,40.6995],[-5.3286,40.7054],[-5.2927,40.7103],[-5.2537,40.7343],[-5.2498,40.7429],[-5.2143,40.7578],[-5.2189,40.773],[-5.1843,40.7887],[-5.1775,40.8053],[-5.1614,40.814],[-5.1574,40.8241],[-5.1688,40.84],[-5.1637,40.8684],[-5.1299,40.9003],[-5.1154,40.9023],[-5.112,40.9187],[-5.1275,40.9541],[-5.1047,40.9603],[-5.0964,40.9785],[-5.0995,40.9896],[-5.0897,40.9966],[-5.1065,41.0295],[-5.1407,41.0372],[-5.1482,41.048],[-5.1513,41.0853],[-5.1291,41.1054],[-5.1248,41.132],[-5.1361,41.144],[-5.1796,41.1673],[-5.1912,41.1621],[-5.2078,41.1668],[-5.2181,41.1596],[-5.2292,41.1898],[-5.2529,41.1998],[-5.2884,41.1956],[-5.2879,41.1773],[-5.2985,41.1621],[-5.2905,41.1468],[-5.2977,41.1259],[-5.3174,41.1188],[-5.3317,41.118],[-5.3302,41.1229],[-5.3407,41.1234],[-5.3569,41.1408],[-5.3869,41.1358],[-5.4017,41.1492],[-5.3965,41.163],[-5.4075,41.1856],[-5.418,41.1877],[-5.4768,41.1783],[-5.4697,41.1579],[-5.4842,41.1455],[-5.4851,41.1788],[-5.5063,41.1803],[-5.518,41.1949],[-5.565,41.217],[-5.5878,41.2024],[-5.6105,41.2138],[-5.6282,41.2145],[-5.6343,41.2319],[-5.6627,41.2458],[-5.6788,41.2319],[-5.7011,41.2344],[-5.7511,41.2259],[-5.7652,41.2158],[-5.7907,41.216],[-5.8086,41.2245],[-5.8351,41.2203],[-5.8778,41.2374],[-5.8976,41.2386],[-5.9134,41.2308],[-5.9212,41.2181],[-5.913,41.1783],[-5.9324,41.1661],[-5.9337,41.1515],[-5.944,41.1505],[-5.9531,41.1401],[-5.9631,41.146],[-5.9791,41.1746],[-6.0024,41.1531],[-6.0217,41.1553],[-6.0274,41.1791],[-6.0087,41.2005],[-6.0466,41.209],[-6.0619,41.221],[-6.0739,41.2113],[-6.1092,41.2126],[-6.1344,41.1904],[-6.1642,41.2077],[-6.2251,41.2277],[-6.268,41.2556],[-6.2988,41.2573],[-6.3176,41.2709],[-6.3475,41.2727],[-6.3721,41.2863],[-6.4146,41.276],[-6.4168,41.2828],[-6.4452,41.2839],[-6.4542,41.2921],[-6.4774,41.2876],[-6.4796,41.2942],[-6.4915,41.2853],[-6.4804,41.2735],[-6.5097,41.264],[-6.5226,41.2756],[-6.5471,41.258],[-6.5516,41.2456],[-6.5713,41.239],[-6.5846,41.241],[-6.5916,41.2552],[-6.5998,41.2435],[-6.6072,41.2494],[-6.6287,41.2428],[-6.6484,41.2475],[-6.6529,41.2353],[-6.6914,41.2096],[-6.6906,41.1959],[-6.6995,41.1924],[-6.6975,41.1846],[-6.7091,41.1726],[-6.7679,41.1348],[-6.7707,41.124],[-6.7542,41.104],[-6.7908,41.0565],[-6.809,41.0447],[-6.8089,41.0365],[-6.8685,41.0269],[-6.9161,41.0384],[-6.9313,41.0294],[-6.9316,41.0168],[-6.9216,41.0025],[-6.9088,40.9989],[-6.8591,40.9497],[-6.8476,40.9246],[-6.8489,40.9025],[-6.8303,40.8855],[-6.809,40.8824],[-6.8002,40.8486],[-6.8122,40.8421],[-6.826,40.8434],[-6.8169,40.7971],[-6.8257,40.7849],[-6.8312,40.7528],[-6.8247,40.7299],[-6.8108,40.7169],[-6.8132,40.7084],[-6.8017,40.6779],[-6.8056,40.6685],[-6.794,40.6613],[-6.8154,40.6182],[-6.8381,40.5942],[-6.8454,40.5659],[-6.8009,40.5503],[-6.8052,40.5359],[-6.7953,40.5114],[-6.8147,40.5016],[-6.8176,40.4901],[-6.8352,40.4754],[-6.8497,40.4515],[-6.8345,40.4077],[-6.781,40.3643],[-6.7939,40.3554],[-6.7941,40.3284],[-6.8246,40.3228],[-6.8639,40.2962],[-6.8648,40.2705],[-6.8467,40.2544],[-6.8066,40.2415],[-6.8,40.2421],[-6.802,40.2496],[-6.7814,40.2491],[-6.7555,40.2389],[-6.7517,40.2499],[-6.7181,40.2692],[-6.69,40.2427],[-6.6716,40.2632],[-6.5869,40.2707],[-6.5561,40.2908],[-6.5566,40.3064],[-6.5646,40.3146],[-6.5603,40.3291],[-6.5362,40.3473],[-6.4746,40.3701],[-6.4382,40.3728],[-6.4395,40.3816],[-6.4187,40.3993],[-6.3759,40.4002],[-6.3618,40.4071],[-6.3654,40.4224],[-6.3445,40.4428],[-6.2752,40.4585],[-6.2647,40.4709],[-6.2549,40.47],[-6.2398,40.4859],[-6.2312,40.4867],[-6.2013,40.4829],[-6.1803,40.4622],[-6.1576,40.457],[-6.1469,40.4361],[-6.116,40.4416],[-6.1294,40.4208],[-6.0973,40.4131],[-6.0648,40.3966],[-6.0852,40.3899],[-6.0724,40.3876],[-6.0862,40.378],[-6.0823,40.3632],[-6.1056,40.3568],[-6.0521,40.3416],[-6.0159,40.3403],[-6.0195,40.3226],[-6.0061,40.3061],[-5.9377,40.2811]]]}},{"type":"Feature","properties":{"gid":"ESP.5.6_1","provZh":"卡斯蒂利亚-莱昂","name2":"Segovia","type2":"Provincia","engtype2":"Province"},"geometry":{"type":"Polygon","coordinates":[[[-4.4346,40.7062],[-4.422,40.6753],[-4.4195,40.6334],[-4.3325,40.6371],[-4.328,40.6473],[-4.3196,40.6475],[-4.3247,40.6577],[-4.3173,40.6669],[-4.2903,40.6804],[-4.275,40.6763],[-4.2528,40.6895],[-4.1836,40.698],[-4.1602,40.6898],[-4.1449,40.6952],[-4.1348,40.7188],[-4.115,40.7423],[-4.0976,40.7481],[-4.0965,40.7647],[-4.07,40.7938],[-4.0213,40.7813],[-4.0024,40.7884],[-3.9796,40.7842],[-3.9796,40.7998],[-3.962,40.8221],[-3.9648,40.8385],[-3.9465,40.8648],[-3.9432,40.8887],[-3.9526,40.8935],[-3.9372,40.9159],[-3.9377,40.9272],[-3.9224,40.9299],[-3.9124,40.9503],[-3.895,40.967],[-3.8149,40.9863],[-3.7818,41.0002],[-3.7392,41.0539],[-3.695,41.0832],[-3.6767,41.0864],[-3.6136,41.1491],[-3.5834,41.1611],[-3.5158,41.1624],[-3.5006,41.1791],[-3.4668,41.1833],[-3.4441,41.2153],[-3.4024,41.2136],[-3.4062,41.2336],[-3.3979,41.2433],[-3.3994,41.2545],[-3.4106,41.2599],[-3.4151,41.2732],[-3.4097,41.2606],[-3.3363,41.253],[-3.3227,41.2618],[-3.2901,41.2579],[-3.2878,41.2659],[-3.271,41.2752],[-3.259,41.2697],[-3.2548,41.2577],[-3.2378,41.2794],[-3.2389,41.2879],[-3.2069,41.3068],[-3.2368,41.3185],[-3.2362,41.3303],[-3.2693,41.3415],[-3.2721,41.3527],[-3.281,41.3519],[-3.2882,41.3602],[-3.3292,41.3763],[-3.3505,41.3949],[-3.3416,41.417],[-3.346,41.429],[-3.3389,41.4529],[-3.3303,41.4607],[-3.3482,41.4565],[-3.3649,41.4676],[-3.3771,41.4643],[-3.4132,41.4761],[-3.424,41.4827],[-3.4244,41.5167],[-3.458,41.5368],[-3.4796,41.5209],[-3.5019,41.5292],[-3.5383,41.552],[-3.5415,41.5776],[-3.5529,41.5807],[-3.5709,41.5774],[-3.5726,41.5654],[-3.6007,41.5705],[-3.6087,41.5661],[-3.6168,41.5771],[-3.6261,41.57],[-3.6452,41.5721],[-3.6717,41.5604],[-3.6915,41.5345],[-3.7282,41.5176],[-3.729,41.4839],[-3.7236,41.4792],[-3.7323,41.4699],[-3.729,41.4576],[-3.7394,41.4508],[-3.7441,41.4611],[-3.7697,41.4601],[-3.7677,41.539],[-3.8035,41.5267],[-3.7991,41.509],[-3.8031,41.4964],[-3.7876,41.4859],[-3.8238,41.4811],[-3.834,41.4996],[-3.8422,41.5006],[-3.8679,41.5325],[-3.8857,41.5323],[-3.8945,41.5521],[-3.953,41.5734],[-3.9637,41.5861],[-3.9806,41.5834],[-3.9938,41.556],[-3.9998,41.5161],[-4.0273,41.5178],[-4.0579,41.4973],[-4.1364,41.477],[-4.1424,41.4699],[-4.1582,41.4821],[-4.2334,41.4557],[-4.2471,41.4623],[-4.261,41.4506],[-4.27,41.4613],[-4.3191,41.4533],[-4.3278,41.4448],[-4.3623,41.4499],[-4.3648,41.436],[-4.3767,41.4417],[-4.4074,41.4418],[-4.4681,41.4131],[-4.5145,41.4096],[-4.5152,41.3941],[-4.4839,41.3668],[-4.4958,41.3639],[-4.4966,41.3496],[-4.5044,41.3472],[-4.4938,41.3264],[-4.4705,41.3185],[-4.4677,41.2959],[-4.4714,41.2916],[-4.5,41.3009],[-4.5053,41.3113],[-4.5285,41.3211],[-4.5594,41.3022],[-4.5968,41.3206],[-4.6051,41.3131],[-4.6019,41.3027],[-4.5755,41.2837],[-4.5738,41.2752],[-4.5986,41.2642],[-4.6151,41.2414],[-4.6508,41.2214],[-4.6464,41.2083],[-4.6505,41.2001],[-4.6363,41.1906],[-4.6277,41.1708],[-4.6436,41.1681],[-4.6805,41.1857],[-4.7212,41.157],[-4.7166,41.1326],[-4.7246,41.1234],[-4.7099,41.0993],[-4.7178,41.09],[-4.7071,41.0888],[-4.7164,41.0716],[-4.7053,41.0542],[-4.6812,41.0512],[-4.6382,41.0313],[-4.6171,41.0037],[-4.6066,40.9708],[-4.5663,40.9562],[-4.5667,40.9454],[-4.5583,40.9401],[-4.5592,40.9132],[-4.5524,40.9075],[-4.5595,40.8859],[-4.5352,40.8724],[-4.5315,40.8586],[-4.5498,40.8534],[-4.5588,40.8396],[-4.5463,40.8256],[-4.4937,40.8335],[-4.4731,40.8],[-4.4813,40.7916],[-4.4724,40.7821],[-4.4737,40.7747],[-4.4544,40.7545],[-4.431,40.7424],[-4.4268,40.7296],[-4.4346,40.7062]]]}},{"type":"Feature","properties":{"gid":"ESP.5.7_1","provZh":"卡斯蒂利亚-莱昂","name2":"Soria","type2":"Provincia","engtype2":"Province"},"geometry":{"type":"Polygon","coordinates":[[[-2.4494,41.0777],[-2.4297,41.0723],[-2.4188,41.0577],[-2.3553,41.0865],[-2.3233,41.0565],[-2.2935,41.0713],[-2.2844,41.0653],[-2.2635,41.0675],[-2.2321,41.097],[-2.1752,41.0838],[-2.1673,41.0954],[-2.1434,41.1026],[-2.1318,41.1181],[-2.1094,41.0976],[-2.0814,41.0864],[-2.0716,41.0725],[-2.0564,41.0697],[-2.0481,41.0784],[-2.0656,41.0958],[-2.0627,41.1131],[-2.0505,41.1259],[-2.0516,41.1469],[-2.0773,41.1631],[-2.0798,41.171],[-2.1462,41.1844],[-2.1634,41.2832],[-2.1736,41.2881],[-2.1704,41.3188],[-2.1566,41.3374],[-2.1631,41.3554],[-2.1498,41.3559],[-2.116,41.3821],[-2.1206,41.39],[-2.1167,41.425],[-2.1015,41.4458],[-2.0356,41.4269],[-2.0347,41.4044],[-2.0435,41.3972],[-2.0423,41.389],[-2.0292,41.3842],[-2.0096,41.3858],[-1.9818,41.4023],[-1.9378,41.4074],[-1.9365,41.4199],[-1.9536,41.4243],[-1.9487,41.4296],[-1.9532,41.4625],[-1.981,41.4864],[-1.9781,41.5267],[-1.9673,41.5461],[-1.9936,41.5771],[-1.9933,41.6001],[-1.9844,41.6071],[-1.923,41.5983],[-1.8978,41.6324],[-1.8788,41.6411],[-1.8739,41.638],[-1.8589,41.6615],[-1.8062,41.6643],[-1.812,41.6865],[-1.7868,41.6994],[-1.7849,41.717],[-1.7753,41.7248],[-1.7877,41.7341],[-1.8092,41.7367],[-1.8026,41.7512],[-1.8211,41.7661],[-1.8253,41.7784],[-1.8529,41.7896],[-1.8185,41.83],[-1.8175,41.8534],[-1.8225,41.8654],[-1.8321,41.8633],[-1.8399,41.8753],[-1.8387,41.889],[-1.8572,41.9095],[-1.8565,41.9664],[-1.8775,41.9524],[-1.9066,41.9456],[-1.9151,41.9323],[-1.982,41.9193],[-2.0013,41.9385],[-2.0281,41.9531],[-2.0363,41.9394],[-2.0452,41.9501],[-2.0622,41.9544],[-2.0762,41.9509],[-2.1099,41.9579],[-2.124,41.9953],[-2.1076,42.0028],[-2.117,42.0215],[-2.1547,42.047],[-2.1619,42.0667],[-2.127,42.0809],[-2.1273,42.0972],[-2.1481,42.1045],[-2.2088,42.1047],[-2.224,42.0982],[-2.2378,42.1022],[-2.2588,42.0873],[-2.2695,42.0886],[-2.2817,42.1084],[-2.2821,42.1317],[-2.3321,42.146],[-2.4384,42.1373],[-2.4586,42.1153],[-2.4843,42.1063],[-2.5146,42.1145],[-2.5226,42.0829],[-2.5148,42.0689],[-2.5324,42.0552],[-2.549,42.0515],[-2.5512,42.0389],[-2.5798,41.9963],[-2.6266,42.0065],[-2.6597,42.0054],[-2.6735,41.9981],[-2.7057,42.0151],[-2.7461,42.0087],[-2.7575,42.0326],[-2.7084,42.0863],[-2.7067,42.1057],[-2.7284,42.1229],[-2.7463,42.1239],[-2.7511,42.1178],[-2.7748,42.1235],[-2.7915,42.1087],[-2.7901,42.0942],[-2.8033,42.0805],[-2.7949,42.0635],[-2.7979,42.0468],[-2.8126,42.0366],[-2.8236,42.041],[-2.8446,42.0345],[-2.8838,42.0095],[-2.9136,42.0228],[-2.9321,42.018],[-2.9657,41.966],[-2.9675,41.958],[-2.9599,41.9513],[-2.9707,41.9293],[-2.9984,41.9326],[-3.008,41.9222],[-3.0167,41.8869],[-3.0586,41.8913],[-3.0635,41.8834],[-3.0877,41.8763],[-3.0971,41.8811],[-3.1008,41.8563],[-3.1125,41.8507],[-3.1361,41.8119],[-3.1594,41.7986],[-3.1713,41.793],[-3.1885,41.8017],[-3.1982,41.8172],[-3.1944,41.8289],[-3.2343,41.8406],[-3.2467,41.8563],[-3.2433,41.864],[-3.2689,41.8691],[-3.271,41.8788],[-3.2837,41.8838],[-3.2895,41.8764],[-3.279,41.8679],[-3.2889,41.8425],[-3.2887,41.8286],[-3.2811,41.8229],[-3.2866,41.8054],[-3.2783,41.8149],[-3.2753,41.7943],[-3.2858,41.7882],[-3.2754,41.7687],[-3.287,41.7601],[-3.3072,41.7602],[-3.3096,41.751],[-3.3216,41.7492],[-3.3228,41.7409],[-3.3528,41.7379],[-3.3524,41.7292],[-3.3606,41.7216],[-3.3583,41.6934],[-3.3933,41.6906],[-3.4146,41.6648],[-3.419,41.6441],[-3.4297,41.6463],[-3.4352,41.6394],[-3.4404,41.6295],[-3.4353,41.622],[-3.4591,41.5896],[-3.4684,41.589],[-3.4753,41.597],[-3.5099,41.5972],[-3.5291,41.6126],[-3.5414,41.6082],[-3.5406,41.5978],[-3.5504,41.5966],[-3.5361,41.5865],[-3.5438,41.5721],[-3.5348,41.5487],[-3.4796,41.5209],[-3.458,41.5368],[-3.4206,41.5127],[-3.4264,41.4978],[-3.424,41.4827],[-3.4132,41.4761],[-3.3771,41.4643],[-3.3649,41.4676],[-3.3482,41.4565],[-3.3303,41.4607],[-3.3389,41.4529],[-3.346,41.429],[-3.3416,41.417],[-3.3505,41.3949],[-3.3292,41.3763],[-3.2882,41.3602],[-3.281,41.3519],[-3.2721,41.3527],[-3.2693,41.3415],[-3.2362,41.3303],[-3.2368,41.3185],[-3.2073,41.3042],[-3.1086,41.2879],[-3.1001,41.2801],[-3.0899,41.2834],[-3.0618,41.2734],[-3.0179,41.2891],[-3.0059,41.2844],[-2.9501,41.2926],[-2.94,41.306],[-2.9411,41.3139],[-2.9109,41.3212],[-2.9066,41.3276],[-2.8689,41.3171],[-2.873,41.2985],[-2.864,41.2874],[-2.8668,41.2745],[-2.8222,41.2566],[-2.7754,41.2501],[-2.7764,41.2575],[-2.7609,41.274],[-2.7167,41.2757],[-2.7095,41.252],[-2.6692,41.2371],[-2.6459,41.2402],[-2.6346,41.2319],[-2.6362,41.2238],[-2.6291,41.2152],[-2.6238,41.2237],[-2.6169,41.2194],[-2.5894,41.2245],[-2.5931,41.2009],[-2.6057,41.1936],[-2.6199,41.1954],[-2.622,41.188],[-2.6193,41.1833],[-2.6025,41.1887],[-2.5781,41.1793],[-2.5826,41.1644],[-2.596,41.1516],[-2.5755,41.1395],[-2.5418,41.1511],[-2.5364,41.1625],[-2.5169,41.1465],[-2.5088,41.1189],[-2.4803,41.1136],[-2.4694,41.0781],[-2.4494,41.0777]]]}},{"type":"Feature","properties":{"gid":"ESP.5.8_1","provZh":"卡斯蒂利亚-莱昂","name2":"Valladolid","type2":"Provincia","engtype2":"Province"},"geometry":{"type":"MultiPolygon","coordinates":[[[[-4.8808,41.1045],[-4.8636,41.094],[-4.8555,41.1007],[-4.8149,41.1034],[-4.8188,41.1079],[-4.8134,41.1294],[-4.8057,41.1352],[-4.7787,41.145],[-4.722,41.1493],[-4.7212,41.157],[-4.7022,41.1745],[-4.6805,41.1857],[-4.6436,41.1681],[-4.6277,41.1708],[-4.6363,41.1906],[-4.6505,41.2001],[-4.6464,41.2083],[-4.6508,41.2214],[-4.6151,41.2414],[-4.5986,41.2642],[-4.5738,41.2752],[-4.5755,41.2837],[-4.6019,41.3027],[-4.6051,41.3131],[-4.5968,41.3206],[-4.5594,41.3022],[-4.5285,41.3211],[-4.5053,41.3113],[-4.5,41.3009],[-4.4714,41.2916],[-4.4705,41.3185],[-4.4938,41.3264],[-4.5044,41.3472],[-4.4966,41.3496],[-4.4958,41.3639],[-4.4839,41.3668],[-4.5152,41.3941],[-4.5145,41.4096],[-4.4681,41.4131],[-4.4529,41.4237],[-4.4305,41.4286],[-4.4347,41.4305],[-4.4188,41.4398],[-4.3767,41.4417],[-4.3648,41.436],[-4.3623,41.4499],[-4.3278,41.4448],[-4.3191,41.4533],[-4.27,41.4613],[-4.261,41.4506],[-4.2471,41.4623],[-4.2334,41.4557],[-4.1582,41.4821],[-4.1424,41.4699],[-4.1364,41.477],[-4.0652,41.4947],[-4.0273,41.5178],[-3.9998,41.5161],[-3.9938,41.556],[-3.9806,41.5834],[-3.9928,41.6086],[-4.0086,41.61],[-4.0058,41.6194],[-4.0286,41.6144],[-4.0352,41.6206],[-4.0258,41.6595],[-4.026,41.6924],[-4.0529,41.7196],[-4.0763,41.7261],[-4.069,41.7412],[-4.0557,41.7407],[-4.0495,41.7682],[-4.0408,41.7683],[-4.0614,41.7747],[-4.0715,41.7706],[-4.0851,41.7791],[-4.0994,41.7744],[-4.1231,41.8073],[-4.1538,41.7962],[-4.1943,41.804],[-4.215,41.7996],[-4.2359,41.814],[-4.2474,41.8029],[-4.2602,41.8052],[-4.2865,41.7749],[-4.3067,41.7759],[-4.3176,41.7634],[-4.3916,41.7873],[-4.4468,41.7582],[-4.5011,41.7714],[-4.4923,41.7786],[-4.4873,41.8201],[-4.4611,41.8203],[-4.4782,41.8286],[-4.4732,41.843],[-4.5085,41.8323],[-4.5055,41.8268],[-4.512,41.8233],[-4.5491,41.831],[-4.548,41.819],[-4.5646,41.8184],[-4.566,41.8126],[-4.582,41.8224],[-4.591,41.8368],[-4.6037,41.8386],[-4.6327,41.8632],[-4.6294,41.8683],[-4.6349,41.871],[-4.6372,41.8881],[-4.6696,41.9005],[-4.7282,41.8688],[-4.7322,41.8618],[-4.7263,41.8545],[-4.748,41.8405],[-4.7583,41.8258],[-4.7892,41.818],[-4.8137,41.863],[-4.8292,41.875],[-4.8382,41.8985],[-4.8558,41.9156],[-4.8676,41.9176],[-4.869,41.9317],[-4.8897,41.9328],[-4.9117,41.9156],[-4.9278,41.915],[-4.9324,41.9266],[-4.9495,41.9338],[-4.9836,41.91],[-4.987,41.9218],[-5.0048,41.9379],[-5.005,41.9472],[-4.976,41.9736],[-4.9714,41.989],[-4.9754,41.9935],[-4.9654,42.007],[-4.9359,42.0179],[-4.9496,42.051],[-4.9276,42.0735],[-4.9041,42.0784],[-4.9177,42.0908],[-4.912,42.0913],[-4.9201,42.0965],[-4.9286,42.1183],[-4.9274,42.1502],[-4.9623,42.1496],[-4.9663,42.1557],[-4.9884,42.1444],[-5.0084,42.1486],[-5.0149,42.1568],[-5.0269,42.1539],[-5.0318,42.1736],[-5.0123,42.1897],[-5.0248,42.2173],[-5.0102,42.2281],[-5.0089,42.2422],[-5.0187,42.2538],[-5.0086,42.2614],[-5.002,42.2891],[-5.0382,42.2971],[-5.0415,42.2675],[-5.0547,42.2575],[-5.0681,42.2612],[-5.0621,42.2779],[-5.075,42.2789],[-5.0778,42.2916],[-5.0861,42.2922],[-5.0936,42.3093],[-5.1119,42.3118],[-5.1442,42.2815],[-5.1641,42.2711],[-5.1781,42.2711],[-5.1826,42.2642],[-5.1978,42.2605],[-5.2202,42.2779],[-5.2283,42.2624],[-5.2302,42.2756],[-5.2364,42.2733],[-5.2539,42.2398],[-5.2277,42.2299],[-5.2414,42.2145],[-5.2655,42.2109],[-5.2868,42.2299],[-5.3018,42.2221],[-5.3074,42.1992],[-5.3611,42.2251],[-5.3807,42.2254],[-5.3889,42.2179],[-5.3884,42.2053],[-5.3801,42.1979],[-5.3888,42.1754],[-5.3795,42.1633],[-5.381,42.1507],[-5.3714,42.13],[-5.3726,42.1183],[-5.3799,42.1128],[-5.3763,42.0995],[-5.39,42.0898],[-5.3743,42.0681],[-5.3711,42.0514],[-5.3763,42.0396],[-5.3488,42.0226],[-5.3254,42.0204],[-5.3031,41.9911],[-5.2805,41.9788],[-5.2604,41.9846],[-5.2545,41.9803],[-5.2852,41.9741],[-5.3066,41.9528],[-5.3351,41.9375],[-5.3208,41.9375],[-5.2936,41.9199],[-5.3103,41.8933],[-5.3064,41.8578],[-5.3294,41.8311],[-5.287,41.8277],[-5.2767,41.8229],[-5.2795,41.8134],[-5.3225,41.7882],[-5.3414,41.7892],[-5.3494,41.7809],[-5.3701,41.7778],[-5.3913,41.7605],[-5.3906,41.7526],[-5.3751,41.7198],[-5.3616,41.7288],[-5.3561,41.717],[-5.358,41.6997],[-5.3456,41.702],[-5.3383,41.6868],[-5.3281,41.6818],[-5.3194,41.6368],[-5.3288,41.6159],[-5.2704,41.6011],[-5.2678,41.59],[-5.293,41.5744],[-5.2725,41.5592],[-5.2725,41.5502],[-5.2477,41.5468],[-5.2288,41.5284],[-5.2337,41.5177],[-5.2416,41.5198],[-5.2618,41.5037],[-5.277,41.5063],[-5.2991,41.5002],[-5.3319,41.4759],[-5.3446,41.4792],[-5.3374,41.4613],[-5.3247,41.4553],[-5.3321,41.4502],[-5.3271,41.4472],[-5.3391,41.4256],[-5.3074,41.414],[-5.3329,41.3815],[-5.3345,41.3706],[-5.322,41.3263],[-5.3034,41.316],[-5.2965,41.2707],[-5.2916,41.2692],[-5.3021,41.2593],[-5.2949,41.2406],[-5.2979,41.226],[-5.2935,41.2262],[-5.3075,41.2248],[-5.3153,41.2119],[-5.3402,41.1941],[-5.3269,41.1776],[-5.3016,41.1854],[-5.2886,41.182],[-5.2884,41.1956],[-5.2424,41.1971],[-5.2292,41.1898],[-5.2181,41.1596],[-5.2078,41.1668],[-5.1912,41.1621],[-5.1796,41.1673],[-5.1361,41.144],[-5.1284,41.1324],[-5.1113,41.135],[-5.1,41.1471],[-5.0598,41.1386],[-5.0217,41.1535],[-5.0138,41.1642],[-4.9896,41.1608],[-4.9844,41.1522],[-4.9675,41.1523],[-4.9629,41.1401],[-4.9507,41.1407],[-4.8808,41.1045]]],[[[-5.4358,42.0084],[-5.4473,42.0136],[-5.4215,42.0307],[-5.4247,42.0356],[-5.4386,42.0315],[-5.4808,42.0524],[-5.477,42.0564],[-5.4984,42.0837],[-5.5208,42.0971],[-5.5183,42.0847],[-5.5015,42.0665],[-5.5076,42.0575],[-5.4864,42.0388],[-5.4926,42.0333],[-5.4727,42.0136],[-5.4716,42.0063],[-5.4883,41.9955],[-5.4847,41.9846],[-5.4382,41.9674],[-5.4311,42.0024],[-5.4358,42.0084]]],[[[-5.3454,42.2671],[-5.3459,42.251],[-5.337,42.2308],[-5.3327,42.2387],[-5.3163,42.2411],[-5.3167,42.2495],[-5.3032,42.252],[-5.3006,42.2653],[-5.3063,42.2716],[-5.3202,42.2672],[-5.3284,42.2741],[-5.3454,42.2671]]]]}},{"type":"Feature","properties":{"gid":"ESP.5.9_1","provZh":"卡斯蒂利亚-莱昂","name2":"Zamora","type2":"Provincia","engtype2":"Province"},"geometry":{"type":"Polygon","coordinates":[[[-5.3317,41.118],[-5.2977,41.1259],[-5.2905,41.1468],[-5.2985,41.1621],[-5.2879,41.1773],[-5.3016,41.1854],[-5.3312,41.1785],[-5.3277,41.1816],[-5.3402,41.1941],[-5.3153,41.2119],[-5.3075,41.2248],[-5.2935,41.2262],[-5.2979,41.226],[-5.2949,41.2406],[-5.3021,41.2593],[-5.2916,41.2692],[-5.2965,41.2707],[-5.3034,41.316],[-5.322,41.3263],[-5.3345,41.3706],[-5.3329,41.3815],[-5.3074,41.414],[-5.3391,41.4256],[-5.3271,41.4472],[-5.3321,41.4502],[-5.3247,41.4553],[-5.3374,41.4613],[-5.3446,41.4792],[-5.3319,41.4759],[-5.2991,41.5002],[-5.277,41.5063],[-5.2618,41.5037],[-5.2416,41.5198],[-5.2337,41.5177],[-5.2288,41.5284],[-5.2477,41.5468],[-5.2725,41.5502],[-5.2725,41.5592],[-5.293,41.5744],[-5.2678,41.59],[-5.2704,41.6011],[-5.3288,41.6159],[-5.3194,41.6368],[-5.3281,41.6818],[-5.3383,41.6868],[-5.3456,41.702],[-5.358,41.6997],[-5.3561,41.717],[-5.3616,41.7288],[-5.3751,41.7198],[-5.3913,41.7605],[-5.3701,41.7778],[-5.3494,41.7809],[-5.3414,41.7892],[-5.3225,41.7882],[-5.2795,41.8134],[-5.2767,41.8229],[-5.287,41.8277],[-5.3294,41.8311],[-5.3064,41.8578],[-5.3103,41.8933],[-5.2936,41.9199],[-5.3208,41.9375],[-5.3351,41.9375],[-5.3066,41.9528],[-5.2852,41.9741],[-5.2546,41.9816],[-5.2805,41.9788],[-5.3031,41.9911],[-5.3254,42.0204],[-5.3488,42.0226],[-5.3843,42.0421],[-5.4215,42.0307],[-5.4473,42.0136],[-5.4311,42.0024],[-5.4382,41.9674],[-5.463,41.9754],[-5.4847,41.9846],[-5.4883,41.9955],[-5.4716,42.0063],[-5.4727,42.0136],[-5.4926,42.0333],[-5.4864,42.0388],[-5.5076,42.0575],[-5.5015,42.0665],[-5.5269,42.1043],[-5.5433,42.0994],[-5.5493,42.0703],[-5.5606,42.056],[-5.5776,42.0654],[-5.5865,42.0509],[-5.5834,42.066],[-5.5884,42.0773],[-5.6341,42.0814],[-5.6383,42.0851],[-5.6242,42.0926],[-5.6194,42.105],[-5.6451,42.1321],[-5.6658,42.1369],[-5.6674,42.1421],[-5.6869,42.1382],[-5.6767,42.1203],[-5.7431,42.1134],[-5.752,42.1213],[-5.7551,42.1366],[-5.7699,42.1359],[-5.8052,42.1246],[-5.8064,42.1305],[-5.838,42.1188],[-5.8447,42.1107],[-5.8667,42.1201],[-5.8847,42.1384],[-5.8809,42.1453],[-5.8973,42.1561],[-5.9115,42.1406],[-5.948,42.1419],[-5.9533,42.1237],[-6.0287,42.1576],[-6.1246,42.1589],[-6.1371,42.1647],[-6.1433,42.1588],[-6.1601,42.1658],[-6.2123,42.1481],[-6.2257,42.1619],[-6.254,42.167],[-6.2518,42.173],[-6.2936,42.178],[-6.3125,42.2066],[-6.3293,42.1998],[-6.3416,42.2051],[-6.347,42.2005],[-6.3815,42.2031],[-6.4101,42.1957],[-6.4278,42.2019],[-6.4421,42.1935],[-6.4597,42.1971],[-6.4781,42.1822],[-6.4974,42.182],[-6.5082,42.1843],[-6.5059,42.194],[-6.5259,42.2033],[-6.5875,42.208],[-6.6131,42.2032],[-6.6385,42.2173],[-6.7037,42.2094],[-6.7331,42.224],[-6.7347,42.2356],[-6.7428,42.2402],[-6.759,42.2386],[-6.7874,42.2542],[-6.803,42.2387],[-6.787,42.2157],[-6.7966,42.209],[-6.8022,42.2184],[-6.8435,42.2283],[-6.8867,42.2143],[-6.8931,42.2072],[-6.8887,42.2018],[-6.9009,42.1896],[-6.9146,42.1894],[-6.9434,42.1722],[-6.9444,42.1417],[-6.9563,42.1294],[-6.9897,42.1213],[-6.9899,42.1025],[-7.0027,42.0963],[-7.0031,42.0839],[-7.0199,42.0831],[-7.0334,42.0742],[-7.0309,42.0633],[-7.0125,42.0527],[-6.9746,42.0551],[-6.973,42.0391],[-6.961,42.0272],[-6.9915,41.9859],[-6.9834,41.9729],[-6.9578,41.9689],[-6.9415,41.9439],[-6.892,41.9398],[-6.8695,41.9484],[-6.8488,41.9424],[-6.8216,41.946],[-6.81,41.9695],[-6.8113,41.9925],[-6.7687,41.9841],[-6.7506,41.9436],[-6.7,41.9333],[-6.6214,41.9397],[-6.5994,41.9483],[-6.5883,41.9675],[-6.5749,41.9608],[-6.5494,41.9445],[-6.546,41.9361],[-6.5712,41.8835],[-6.5155,41.8716],[-6.5257,41.8601],[-6.5224,41.8541],[-6.5322,41.8354],[-6.5274,41.8208],[-6.5358,41.8181],[-6.5333,41.814],[-6.5428,41.8055],[-6.5391,41.8013],[-6.547,41.795],[-6.5436,41.7785],[-6.5689,41.7436],[-6.556,41.7374],[-6.5553,41.7252],[-6.5488,41.7255],[-6.5549,41.721],[-6.5425,41.7011],[-6.5549,41.6986],[-6.5483,41.6856],[-6.4984,41.657],[-6.4573,41.6666],[-6.445,41.6848],[-6.3429,41.6735],[-6.283,41.6523],[-6.2544,41.633],[-6.2358,41.607],[-6.1969,41.5895],[-6.1891,41.5748],[-6.2117,41.5591],[-6.2174,41.5427],[-6.2369,41.5213],[-6.2577,41.5141],[-6.251,41.5002],[-6.2658,41.4982],[-6.2618,41.4868],[-6.284,41.479],[-6.2859,41.4665],[-6.3053,41.4497],[-6.2949,41.4352],[-6.31,41.4194],[-6.3333,41.4103],[-6.3172,41.3971],[-6.3169,41.3865],[-6.3499,41.3781],[-6.3599,41.3815],[-6.3661,41.3933],[-6.3883,41.3855],[-6.3935,41.3698],[-6.3768,41.3593],[-6.3921,41.3499],[-6.4153,41.3479],[-6.4265,41.3333],[-6.4181,41.3261],[-6.4338,41.3202],[-6.4376,41.3053],[-6.4493,41.2988],[-6.4688,41.3013],[-6.4796,41.2942],[-6.4789,41.2884],[-6.4652,41.2862],[-6.4542,41.2921],[-6.4452,41.2839],[-6.4168,41.2828],[-6.4146,41.276],[-6.3721,41.2863],[-6.3475,41.2727],[-6.3176,41.2709],[-6.2988,41.2573],[-6.268,41.2556],[-6.2251,41.2277],[-6.1642,41.2077],[-6.1344,41.1904],[-6.1092,41.2126],[-6.0739,41.2113],[-6.0619,41.221],[-6.0466,41.209],[-6.0087,41.2005],[-6.0274,41.1791],[-6.0217,41.1553],[-6.0024,41.1531],[-5.9791,41.1746],[-5.9631,41.146],[-5.9531,41.1401],[-5.944,41.1505],[-5.9337,41.1515],[-5.9324,41.1661],[-5.913,41.1783],[-5.9212,41.2181],[-5.9134,41.2308],[-5.8976,41.2386],[-5.8778,41.2374],[-5.8351,41.2203],[-5.8086,41.2245],[-5.7907,41.216],[-5.7652,41.2158],[-5.7511,41.2259],[-5.7011,41.2344],[-5.6788,41.2319],[-5.6675,41.2443],[-5.6568,41.2455],[-5.6343,41.2319],[-5.6282,41.2145],[-5.6105,41.2138],[-5.5878,41.2024],[-5.565,41.217],[-5.518,41.1949],[-5.5063,41.1803],[-5.4851,41.1788],[-5.4842,41.1455],[-5.4697,41.1579],[-5.4768,41.1783],[-5.4075,41.1856],[-5.3965,41.163],[-5.4001,41.1454],[-5.3837,41.1343],[-5.3569,41.1408],[-5.3407,41.1234],[-5.3302,41.1229],[-5.3317,41.118]]]}},{"type":"Feature","properties":{"gid":"ESP.6.1_1","provZh":"加泰罗尼亚","name2":"Barcelona","type2":"Provincia","engtype2":"Province"},"geometry":{"type":"MultiPolygon","coordinates":[[[[1.9985,41.2647],[2.0743,41.2771],[2.1129,41.2893],[2.134,41.3035],[2.1424,41.321],[2.151,41.3215],[2.1649,41.3407],[2.1568,41.3424],[2.1493,41.3315],[2.1454,41.336],[2.1707,41.3515],[2.1732,41.3638],[2.1807,41.3654],[2.1785,41.3749],[2.1863,41.3776],[2.186,41.366],[2.1729,41.3418],[2.1951,41.3835],[2.2343,41.4165],[2.2321,41.421],[2.2496,41.4454],[2.2738,41.4632],[2.381,41.4951],[2.441,41.529],[2.4451,41.526],[2.4629,41.5435],[2.5074,41.5563],[2.5521,41.5788],[2.561,41.5788],[2.5604,41.5743],[2.569,41.5829],[2.7774,41.6493],[2.7579,41.6792],[2.7699,41.6874],[2.7743,41.7003],[2.7658,41.7257],[2.7769,41.7355],[2.7448,41.735],[2.7248,41.7443],[2.6898,41.7415],[2.6818,41.7483],[2.6866,41.7413],[2.6806,41.7396],[2.6576,41.7477],[2.6563,41.7428],[2.6394,41.7429],[2.6375,41.7337],[2.6292,41.731],[2.569,41.7267],[2.5473,41.7191],[2.5376,41.7218],[2.5315,41.7386],[2.5156,41.7487],[2.5158,41.7621],[2.4899,41.7655],[2.4692,41.7778],[2.4722,41.7896],[2.4558,41.7842],[2.4438,41.7892],[2.4429,41.799],[2.4266,41.8046],[2.3543,41.8071],[2.3438,41.8217],[2.3449,41.8374],[2.326,41.8557],[2.3324,41.8635],[2.3245,41.8722],[2.328,41.8831],[2.3375,41.8892],[2.3553,41.8813],[2.3666,41.8802],[2.3697,41.8855],[2.3826,41.8715],[2.3965,41.886],[2.4044,41.8863],[2.4071,41.8957],[2.427,41.8961],[2.4433,41.888],[2.4812,41.916],[2.4801,41.9291],[2.4708,41.9393],[2.4625,41.9378],[2.4592,41.9444],[2.4422,41.9414],[2.437,41.948],[2.4415,41.9599],[2.4291,41.969],[2.4381,41.9734],[2.4416,41.9682],[2.4652,41.9668],[2.488,41.9847],[2.4688,41.9939],[2.4765,42.0013],[2.4829,41.9967],[2.4989,42.0015],[2.5033,42.0097],[2.4952,42.0117],[2.494,42.0212],[2.5062,42.0323],[2.4822,42.0493],[2.4954,42.0605],[2.4811,42.069],[2.4719,42.0645],[2.4667,42.0738],[2.4546,42.078],[2.4254,42.0625],[2.4172,42.0649],[2.395,42.0868],[2.4001,42.1022],[2.3799,42.1037],[2.366,42.1214],[2.3199,42.1159],[2.2949,42.1027],[2.3034,42.1125],[2.2983,42.1171],[2.2996,42.1342],[2.2916,42.1293],[2.27,42.1452],[2.2579,42.1388],[2.2151,42.1421],[2.2056,42.1335],[2.2119,42.1277],[2.2038,42.1319],[2.2011,42.1243],[2.1892,42.1248],[2.1876,42.134],[2.1814,42.1353],[2.1447,42.1314],[2.1259,42.1131],[2.1011,42.1238],[2.101,42.1402],[2.0923,42.1443],[2.061,42.1357],[2.0269,42.1526],[2.004,42.1495],[1.9908,42.1716],[1.9915,42.1826],[1.9659,42.1788],[1.9652,42.1991],[2.0073,42.1941],[1.998,42.1921],[2.0062,42.1838],[1.9956,42.1723],[2.0048,42.1621],[2.0228,42.1641],[2.037,42.179],[2.0605,42.1779],[2.0636,42.1916],[2.0525,42.1958],[2.0533,42.2196],[2.0302,42.2159],[2.0167,42.2327],[2.0248,42.2333],[2.0271,42.2533],[2.0699,42.2916],[2.0185,42.3103],[1.9838,42.2981],[1.9487,42.3157],[1.9433,42.3085],[1.9393,42.3165],[1.9031,42.3233],[1.8265,42.2993],[1.8045,42.3021],[1.7973,42.2948],[1.7407,42.2906],[1.7343,42.284],[1.6751,42.2859],[1.6703,42.2817],[1.6902,42.2771],[1.6951,42.2639],[1.6846,42.2565],[1.7042,42.2362],[1.681,42.2243],[1.6854,42.2208],[1.6804,42.2064],[1.7074,42.1901],[1.7215,42.1962],[1.7377,42.1895],[1.7391,42.1766],[1.7343,42.1594],[1.7206,42.1517],[1.7136,42.1541],[1.6986,42.1357],[1.6989,42.1285],[1.7117,42.1195],[1.7051,42.1067],[1.7225,42.0998],[1.7221,42.0911],[1.7076,42.0827],[1.6913,42.0871],[1.6897,42.0744],[1.6744,42.0592],[1.6719,42.041],[1.6786,42.0383],[1.6826,42.0499],[1.6925,42.0462],[1.6995,42.0296],[1.6725,42.0181],[1.666,42.0035],[1.6603,42.0067],[1.6647,42.0223],[1.6559,42.0209],[1.6479,42.0002],[1.6554,41.9935],[1.6579,42.0051],[1.662,41.9911],[1.6848,41.9949],[1.6975,41.9852],[1.6993,41.993],[1.6909,42.006],[1.6978,42.0147],[1.7069,42.0028],[1.718,41.9995],[1.713,41.992],[1.7192,41.9845],[1.6828,41.9674],[1.6695,41.9699],[1.6753,41.9826],[1.6501,41.9797],[1.6443,41.969],[1.6504,41.9448],[1.6427,41.9405],[1.653,41.9288],[1.6383,41.9272],[1.6159,41.906],[1.6005,41.9046],[1.5869,41.8886],[1.5764,41.8916],[1.569,41.88],[1.5834,41.8734],[1.6018,41.8843],[1.6191,41.8816],[1.6303,41.8588],[1.6265,41.8487],[1.6315,41.8447],[1.61,41.8361],[1.6155,41.8303],[1.6115,41.8178],[1.5933,41.812],[1.589,41.804],[1.5998,41.7891],[1.5936,41.778],[1.5814,41.7756],[1.5726,41.7822],[1.5612,41.7774],[1.5617,41.7702],[1.5483,41.7707],[1.5447,41.7576],[1.5307,41.7526],[1.5328,41.7636],[1.5104,41.7713],[1.5049,41.7879],[1.4825,41.791],[1.4877,41.7774],[1.4839,41.772],[1.4683,41.771],[1.4611,41.7767],[1.4735,41.7826],[1.4711,41.801],[1.4263,41.8019],[1.417,41.7947],[1.4216,41.7932],[1.403,41.7453],[1.4249,41.7328],[1.382,41.7058],[1.4004,41.7044],[1.3959,41.6961],[1.4042,41.6949],[1.4043,41.6862],[1.4234,41.6841],[1.4151,41.6746],[1.4254,41.6696],[1.4331,41.6514],[1.4502,41.6466],[1.4483,41.6361],[1.4303,41.6298],[1.4217,41.6348],[1.3917,41.6341],[1.3596,41.6136],[1.3934,41.5995],[1.4067,41.6005],[1.4071,41.5906],[1.3956,41.5848],[1.3929,41.5751],[1.4106,41.5755],[1.4197,41.5826],[1.4545,41.5692],[1.4311,41.5557],[1.4337,41.5505],[1.4467,41.5524],[1.4486,41.5371],[1.4087,41.535],[1.3996,41.5285],[1.3964,41.5129],[1.4461,41.4948],[1.452,41.4864],[1.474,41.4863],[1.4747,41.4795],[1.4846,41.4749],[1.4832,41.4579],[1.4685,41.444],[1.4757,41.4361],[1.4952,41.4356],[1.4751,41.4295],[1.4838,41.4222],[1.4902,41.4015],[1.4825,41.3986],[1.4731,41.3808],[1.5093,41.3945],[1.5368,41.3854],[1.5522,41.3681],[1.578,41.3625],[1.5788,41.3564],[1.5587,41.3432],[1.5658,41.3397],[1.5748,41.3152],[1.595,41.3094],[1.5882,41.294],[1.6121,41.2852],[1.6164,41.2931],[1.6368,41.296],[1.6278,41.2947],[1.6292,41.2828],[1.62,41.2771],[1.6275,41.2696],[1.6197,41.2537],[1.606,41.2504],[1.5943,41.259],[1.5702,41.2608],[1.5817,41.2372],[1.6026,41.2349],[1.6214,41.2232],[1.6311,41.2245],[1.641,41.2354],[1.6532,41.2074],[1.6413,41.2118],[1.6452,41.1957],[1.6543,41.1963],[1.6487,41.1926],[1.7218,41.2132],[1.7293,41.2076],[1.7359,41.2154],[1.7313,41.2057],[1.7388,41.2104],[1.7365,41.2163],[1.7843,41.2232],[1.814,41.236],[1.8246,41.2318],[1.8663,41.2363],[1.8693,41.2421],[1.9321,41.2626],[1.9985,41.2647]],[[1.6333,41.3135],[1.6425,41.313],[1.629,41.3107],[1.6333,41.3135]],[[1.7183,41.8929],[1.7249,41.8931],[1.7188,41.8824],[1.706,41.8894],[1.7118,41.8911],[1.7087,41.8969],[1.7183,41.8929]],[[2.0025,42.1256],[2.0204,42.1313],[2.0314,42.127],[2.0298,42.1213],[2.0197,42.1211],[2.0176,42.1103],[2.0076,42.1073],[2.0025,42.1256]]],[[[1.6879,42.1065],[1.6917,42.1129],[1.6449,42.1126],[1.6676,42.1049],[1.6879,42.1065]]]]}},{"type":"Feature","properties":{"gid":"ESP.6.2_1","provZh":"加泰罗尼亚","name2":"Girona","type2":"Provincia","engtype2":"Province"},"geometry":{"type":"MultiPolygon","coordinates":[[[[2.7769,41.7355],[2.7658,41.7257],[2.7743,41.7003],[2.7699,41.6874],[2.7579,41.6792],[2.7771,41.6506],[2.7929,41.6738],[2.8035,41.6735],[2.8312,41.6937],[2.9349,41.7146],[2.9337,41.7193],[2.9407,41.7196],[2.9776,41.7576],[3.0096,41.7718],[3.0321,41.7713],[3.0296,41.7796],[3.0443,41.7785],[3.0493,41.7907],[3.0565,41.7865],[3.071,41.8193],[3.0929,41.8329],[3.096,41.841],[3.1132,41.8485],[3.1307,41.8413],[3.146,41.8504],[3.1443,41.8582],[3.1724,41.8629],[3.1793,41.8671],[3.1829,41.8874],[3.1943,41.8937],[3.2026,41.8913],[3.2099,41.9018],[3.2082,41.9174],[3.2201,41.9215],[3.2157,41.9368],[3.2338,41.9496],[3.2299,41.9554],[3.234,41.9621],[3.2218,41.9746],[3.2104,41.9724],[3.1935,42.0229],[3.1707,42.0238],[3.1938,42.024],[3.196,42.0462],[3.1993,42.0526],[3.2118,42.054],[3.2126,42.069],[3.1985,42.0779],[3.2029,42.0824],[3.1826,42.1049],[3.1699,42.1051],[3.1768,42.1115],[3.1493,42.1215],[3.1401,42.1146],[3.1368,42.1271],[3.124,42.1279],[3.1113,42.1676],[3.1121,42.211],[3.1368,42.251],[3.1629,42.2649],[3.1799,42.2593],[3.1829,42.2451],[3.1971,42.2471],[3.2179,42.2321],[3.229,42.2401],[3.2285,42.2513],[3.2437,42.2496],[3.2488,42.2401],[3.2646,42.2371],[3.2665,42.2426],[3.2554,42.244],[3.2537,42.2526],[3.2818,42.254],[3.2879,42.2657],[3.2776,42.2876],[3.2924,42.2801],[3.2999,42.2849],[3.2968,42.2951],[3.2871,42.2924],[3.2921,42.2951],[3.2901,42.3065],[3.3007,42.3043],[3.3029,42.3107],[3.3226,42.3193],[3.3115,42.3251],[3.3099,42.3207],[3.3057,42.3285],[3.2876,42.3282],[3.2865,42.334],[3.2682,42.3404],[3.2499,42.3351],[3.2501,42.3299],[3.2304,42.3521],[3.2101,42.3446],[3.204,42.3476],[3.2026,42.3363],[3.1971,42.3349],[3.1857,42.3432],[3.1879,42.3518],[3.1632,42.3604],[3.1657,42.3743],[3.1588,42.3718],[3.1554,42.3812],[3.1674,42.3899],[3.1526,42.3935],[3.1649,42.4004],[3.1565,42.4068],[3.171,42.416],[3.1707,42.4246],[3.161,42.4282],[3.1743,42.4351],[3.1208,42.438],[3.1026,42.4266],[3.0858,42.4258],[3.0474,42.4568],[3.0409,42.4726],[3.0132,42.4664],[2.9868,42.4731],[2.9675,42.4655],[2.9471,42.4818],[2.9184,42.4562],[2.8708,42.4669],[2.8576,42.4542],[2.8399,42.459],[2.8277,42.4394],[2.8159,42.4379],[2.7993,42.4183],[2.7768,42.4117],[2.7519,42.4254],[2.724,42.4227],[2.6932,42.4064],[2.6739,42.4045],[2.6712,42.3869],[2.6529,42.3844],[2.6624,42.3659],[2.6752,42.3572],[2.6716,42.3408],[2.5668,42.3571],[2.5552,42.3527],[2.542,42.3339],[2.5261,42.3334],[2.4984,42.3426],[2.4832,42.3399],[2.4669,42.3595],[2.4355,42.3753],[2.4333,42.392],[2.3608,42.4029],[2.3106,42.4284],[2.2912,42.4229],[2.2571,42.4385],[2.2458,42.4286],[2.2068,42.4172],[2.1569,42.4234],[2.1244,42.4076],[2.1151,42.3944],[2.1164,42.3834],[2.0895,42.3737],[2.084,42.3622],[2.0235,42.3552],[2.0152,42.3474],[1.9858,42.3622],[1.9644,42.3826],[1.9552,42.4121],[1.9582,42.4236],[1.9412,42.4305],[1.9429,42.4445],[1.9338,42.4542],[1.9157,42.4462],[1.8908,42.4481],[1.881,42.459],[1.8562,42.4637],[1.8303,42.4832],[1.8052,42.4887],[1.7676,42.4868],[1.7466,42.4948],[1.7243,42.487],[1.7331,42.4738],[1.7263,42.4615],[1.7319,42.4404],[1.7695,42.4281],[1.7946,42.4309],[1.8071,42.4186],[1.8085,42.3938],[1.8001,42.378],[1.8061,42.3701],[1.83,42.3814],[1.8551,42.3697],[1.8446,42.3549],[1.8352,42.3556],[1.8398,42.3396],[1.8332,42.3268],[1.8426,42.3064],[1.9031,42.3233],[1.9393,42.3165],[1.9433,42.3085],[1.9487,42.3157],[1.9838,42.2981],[2.0185,42.3103],[2.0699,42.2916],[2.0271,42.2533],[2.0248,42.2333],[2.0167,42.2327],[2.0302,42.2159],[2.0533,42.2196],[2.0525,42.1958],[2.0636,42.1916],[2.0605,42.1779],[2.037,42.179],[2.0228,42.1641],[2.0048,42.1621],[1.9956,42.1723],[2.0062,42.1838],[1.998,42.1921],[2.0073,42.1941],[1.9652,42.1991],[1.9659,42.1788],[1.9915,42.1826],[1.9908,42.1716],[2.004,42.1495],[2.0269,42.1526],[2.061,42.1357],[2.0923,42.1443],[2.101,42.1402],[2.1011,42.1238],[2.1259,42.1131],[2.1447,42.1314],[2.1814,42.1353],[2.1876,42.134],[2.1892,42.1248],[2.2011,42.1243],[2.2038,42.1319],[2.2119,42.1277],[2.2056,42.1335],[2.2151,42.1421],[2.2579,42.1388],[2.27,42.1452],[2.2916,42.1293],[2.2996,42.1342],[2.2983,42.1171],[2.3034,42.1125],[2.2949,42.1027],[2.3199,42.1159],[2.366,42.1214],[2.3799,42.1037],[2.4001,42.1022],[2.395,42.0868],[2.4172,42.0649],[2.4254,42.0625],[2.4546,42.078],[2.4741,42.0637],[2.4904,42.0673],[2.4963,42.0589],[2.4822,42.0493],[2.5062,42.0323],[2.494,42.0212],[2.4952,42.0117],[2.5033,42.0097],[2.4989,42.0015],[2.4829,41.9967],[2.4765,42.0013],[2.4688,41.9939],[2.488,41.9847],[2.4724,41.9753],[2.4743,41.9694],[2.452,41.9661],[2.4381,41.9734],[2.4291,41.969],[2.4415,41.9599],[2.437,41.948],[2.4422,41.9414],[2.4592,41.9444],[2.4625,41.9378],[2.4708,41.9393],[2.4801,41.9291],[2.4812,41.916],[2.4433,41.888],[2.427,41.8961],[2.4071,41.8957],[2.4044,41.8863],[2.3965,41.886],[2.3826,41.8715],[2.3697,41.8855],[2.3666,41.8802],[2.3553,41.8813],[2.3375,41.8892],[2.328,41.8831],[2.3245,41.8722],[2.3324,41.8635],[2.326,41.8557],[2.3449,41.8374],[2.3438,41.8217],[2.3543,41.8071],[2.4266,41.8046],[2.4429,41.799],[2.4438,41.7892],[2.4558,41.7842],[2.4722,41.7896],[2.4692,41.7778],[2.4899,41.7655],[2.5158,41.7621],[2.5156,41.7487],[2.5315,41.7386],[2.5376,41.7218],[2.5473,41.7191],[2.569,41.7267],[2.6292,41.731],[2.6375,41.7337],[2.6394,41.7429],[2.6563,41.7428],[2.6576,41.7477],[2.6806,41.7396],[2.6866,41.7413],[2.6818,41.7483],[2.6898,41.7415],[2.7248,41.7443],[2.7448,41.735],[2.7769,41.7355]]],[[[2.0013,42.1203],[2.0076,42.1073],[2.0149,42.1084],[2.0197,42.1211],[2.0298,42.1213],[2.0314,42.127],[2.0204,42.1313],[2.0013,42.1203]]],[[[1.9767,42.4862],[1.9627,42.4768],[1.9602,42.4535],[2.0102,42.4492],[2.0128,42.4527],[1.9918,42.4626],[1.9866,42.4727],[1.9967,42.4867],[1.9804,42.4944],[1.9767,42.4862]]]]}},{"type":"Feature","properties":{"gid":"ESP.6.3_1","provZh":"加泰罗尼亚","name2":"Lleida","type2":"Provincia","engtype2":"Province"},"geometry":{"type":"MultiPolygon","coordinates":[[[[1.1751,42.7088],[1.1332,42.7283],[1.1292,42.7527],[1.078,42.7877],[1.0732,42.7824],[1.0441,42.7808],[1.0071,42.7902],[0.9845,42.7862],[0.9604,42.8052],[0.9355,42.7888],[0.9258,42.7897],[0.8583,42.8257],[0.8015,42.8405],[0.7788,42.8361],[0.7082,42.8613],[0.6783,42.8551],[0.6787,42.8483],[0.6592,42.8354],[0.6701,42.8244],[0.6652,42.8143],[0.6713,42.8059],[0.6449,42.7831],[0.6683,42.7748],[0.6419,42.7548],[0.6634,42.7498],[0.6802,42.7233],[0.6751,42.7172],[0.682,42.7091],[0.6763,42.6911],[0.66,42.6884],[0.6951,42.6587],[0.6983,42.6293],[0.7084,42.6212],[0.7675,42.6113],[0.7586,42.5722],[0.7409,42.545],[0.7496,42.535],[0.7351,42.5401],[0.7216,42.5252],[0.7193,42.5128],[0.7395,42.5052],[0.7133,42.4873],[0.7005,42.4959],[0.698,42.4864],[0.6905,42.4876],[0.7085,42.4589],[0.7102,42.4364],[0.7359,42.414],[0.726,42.4053],[0.7382,42.3997],[0.7461,42.3848],[0.7233,42.3656],[0.7713,42.3507],[0.7404,42.3369],[0.7437,42.3263],[0.7646,42.3225],[0.7449,42.3012],[0.735,42.2522],[0.7149,42.2248],[0.7142,42.21],[0.7026,42.1901],[0.6986,42.1727],[0.714,42.1634],[0.6959,42.152],[0.6996,42.107],[0.6688,42.0612],[0.6712,42.0474],[0.6568,42.0404],[0.6517,42.0263],[0.657,42.0149],[0.6639,42.0146],[0.6573,42.0016],[0.6466,41.9968],[0.642,41.9821],[0.6386,41.9946],[0.6238,41.9918],[0.6044,41.9607],[0.587,41.9668],[0.5619,41.9382],[0.5625,41.9327],[0.6075,41.9193],[0.5949,41.918],[0.601,41.9086],[0.5928,41.8844],[0.6083,41.8783],[0.6073,41.8723],[0.5801,41.8635],[0.5801,41.8509],[0.5574,41.8542],[0.5534,41.8351],[0.5424,41.8204],[0.5155,41.8224],[0.4833,41.8015],[0.4697,41.7656],[0.3987,41.7578],[0.3955,41.732],[0.3848,41.7403],[0.3693,41.7247],[0.3687,41.7142],[0.3282,41.6811],[0.3263,41.6622],[0.358,41.6317],[0.3459,41.6219],[0.3496,41.5995],[0.4021,41.5927],[0.4285,41.6024],[0.4359,41.5849],[0.4304,41.5653],[0.447,41.5423],[0.3979,41.4913],[0.3421,41.484],[0.3446,41.4631],[0.3554,41.4518],[0.3419,41.4138],[0.32,41.3949],[0.36,41.3705],[0.3738,41.3504],[0.3486,41.3298],[0.3683,41.3186],[0.3657,41.304],[0.3857,41.2789],[0.4332,41.2761],[0.4348,41.3206],[0.4613,41.3349],[0.4799,41.3235],[0.5033,41.2898],[0.5252,41.2902],[0.5456,41.323],[0.5545,41.3267],[0.5808,41.3201],[0.5968,41.2936],[0.6281,41.291],[0.6697,41.3096],[0.7516,41.3179],[0.7505,41.3248],[0.7613,41.3338],[0.8195,41.3288],[0.8322,41.3588],[0.8448,41.362],[0.8633,41.3381],[0.9118,41.3499],[0.9518,41.3518],[0.9643,41.3555],[0.9623,41.3681],[0.9726,41.3742],[0.9817,41.3922],[0.9917,41.3886],[1.0036,41.4049],[1.027,41.4098],[1.0465,41.4404],[1.0752,41.4599],[1.0374,41.48],[1.0477,41.4875],[1.0398,41.5011],[1.1122,41.467],[1.1306,41.4769],[1.181,41.4881],[1.1757,41.5016],[1.1647,41.5087],[1.1732,41.5315],[1.1647,41.5345],[1.1763,41.5338],[1.1679,41.5405],[1.2108,41.5486],[1.2199,41.5696],[1.2728,41.5722],[1.2942,41.5667],[1.3047,41.5717],[1.3717,41.5654],[1.3846,41.5565],[1.4035,41.5582],[1.3927,41.5798],[1.4071,41.5906],[1.4067,41.6005],[1.3934,41.5995],[1.3596,41.6136],[1.3917,41.6341],[1.4217,41.6348],[1.4303,41.6298],[1.4483,41.6361],[1.4502,41.6466],[1.4331,41.6514],[1.4254,41.6696],[1.4151,41.6746],[1.4234,41.6841],[1.4043,41.6862],[1.4042,41.6949],[1.3959,41.6961],[1.4004,41.7044],[1.382,41.7058],[1.4249,41.7328],[1.403,41.7453],[1.4216,41.7932],[1.417,41.7947],[1.4263,41.8019],[1.4711,41.801],[1.4735,41.7826],[1.4611,41.7767],[1.4683,41.771],[1.4839,41.772],[1.4877,41.7774],[1.4825,41.791],[1.5049,41.7879],[1.5104,41.7713],[1.5328,41.7636],[1.5307,41.7526],[1.5447,41.7576],[1.5483,41.7707],[1.5617,41.7702],[1.5612,41.7774],[1.5726,41.7822],[1.5814,41.7756],[1.5936,41.778],[1.5998,41.7891],[1.589,41.804],[1.5933,41.812],[1.6115,41.8178],[1.6155,41.8303],[1.61,41.8361],[1.6315,41.8447],[1.6265,41.8487],[1.6303,41.8588],[1.6191,41.8816],[1.6018,41.8843],[1.5834,41.8734],[1.569,41.88],[1.5764,41.8916],[1.5869,41.8886],[1.6005,41.9046],[1.6159,41.906],[1.6383,41.9272],[1.653,41.9288],[1.6427,41.9405],[1.6504,41.9448],[1.6443,41.969],[1.6501,41.9797],[1.6753,41.9826],[1.6695,41.9699],[1.6828,41.9674],[1.7192,41.9845],[1.713,41.992],[1.718,41.9995],[1.7069,42.0028],[1.6978,42.0147],[1.6909,42.006],[1.6993,41.993],[1.6975,41.9852],[1.6848,41.9949],[1.662,41.9911],[1.6579,42.0051],[1.6554,41.9935],[1.6479,42.0002],[1.6559,42.0209],[1.6647,42.0223],[1.6603,42.0067],[1.666,42.0035],[1.6725,42.0181],[1.6995,42.0296],[1.6925,42.0462],[1.6826,42.0499],[1.6786,42.0383],[1.6719,42.041],[1.6744,42.0592],[1.6897,42.0744],[1.6913,42.0871],[1.7076,42.0827],[1.7221,42.0911],[1.7225,42.0998],[1.7051,42.1067],[1.7117,42.1195],[1.6989,42.1285],[1.6986,42.1357],[1.7136,42.1541],[1.7206,42.1517],[1.7343,42.1594],[1.7391,42.1766],[1.7377,42.1895],[1.7215,42.1962],[1.7074,42.1901],[1.6804,42.2064],[1.6854,42.2208],[1.681,42.2243],[1.7042,42.2362],[1.6846,42.2565],[1.6951,42.2639],[1.6902,42.2771],[1.6703,42.2817],[1.7156,42.2881],[1.7343,42.284],[1.7407,42.2906],[1.7973,42.2948],[1.8045,42.3021],[1.8328,42.3013],[1.8426,42.3064],[1.8332,42.3268],[1.8398,42.3396],[1.8352,42.3556],[1.8446,42.3549],[1.8551,42.3697],[1.83,42.3814],[1.8061,42.3701],[1.8001,42.378],[1.8085,42.3938],[1.8053,42.4086],[1.811,42.4111],[1.8016,42.4249],[1.7946,42.4309],[1.7695,42.4281],[1.7319,42.4404],[1.7263,42.4615],[1.7331,42.4738],[1.7243,42.487],[1.7309,42.4925],[1.7263,42.5049],[1.7036,42.4898],[1.6789,42.4955],[1.6704,42.5042],[1.6559,42.4682],[1.63,42.4636],[1.5976,42.4676],[1.5809,42.45],[1.5612,42.4587],[1.5526,42.4335],[1.5123,42.4296],[1.4516,42.4375],[1.4441,42.4437],[1.4418,42.4535],[1.4475,42.4601],[1.4401,42.4644],[1.441,42.4755],[1.4192,42.4838],[1.4258,42.4935],[1.4434,42.4952],[1.4692,42.5108],[1.4539,42.5271],[1.4526,42.5382],[1.4437,42.5426],[1.4142,42.5377],[1.4262,42.5587],[1.4446,42.5667],[1.4273,42.5831],[1.4284,42.5878],[1.4407,42.5881],[1.442,42.5993],[1.4209,42.6249],[1.413,42.6526],[1.3871,42.6688],[1.3879,42.6873],[1.3518,42.7029],[1.3574,42.7194],[1.3259,42.7241],[1.3093,42.7179],[1.2519,42.7148],[1.2293,42.7277],[1.1751,42.7088]],[[1.6879,42.1065],[1.6676,42.1049],[1.6449,42.1126],[1.6917,42.1129],[1.6879,42.1065]]],[[[1.72,41.8954],[1.7087,41.8969],[1.7118,41.8911],[1.706,41.8894],[1.7188,41.8824],[1.7249,41.8931],[1.72,41.8954]]]]}},{"type":"Feature","properties":{"gid":"ESP.6.4_1","provZh":"加泰罗尼亚","name2":"Tarragona","type2":"Provincia","engtype2":"Province"},"geometry":{"type":"MultiPolygon","coordinates":[[[[0.449,40.5413],[0.5151,40.523],[0.5226,40.5426],[0.5346,40.5513],[0.5382,40.5671],[0.5468,40.5737],[0.5568,40.5715],[0.5485,40.5749],[0.5915,40.6138],[0.6035,40.6093],[0.5963,40.6146],[0.6026,40.6154],[0.601,40.6221],[0.6635,40.6263],[0.6929,40.6393],[0.7443,40.6362],[0.7112,40.5926],[0.6693,40.5924],[0.6774,40.5893],[0.6599,40.5854],[0.6651,40.5788],[0.6607,40.576],[0.6557,40.5874],[0.6613,40.5918],[0.6432,40.5838],[0.6568,40.5793],[0.6421,40.5793],[0.6432,40.5749],[0.6315,40.5782],[0.6363,40.5826],[0.6182,40.5865],[0.6132,40.5768],[0.596,40.5765],[0.6035,40.5612],[0.6185,40.554],[0.6704,40.5604],[0.704,40.581],[0.7568,40.6399],[0.8629,40.6893],[0.8788,40.7157],[0.8743,40.7318],[0.8304,40.7335],[0.7718,40.7915],[0.7262,40.7901],[0.7826,40.7724],[0.7707,40.764],[0.7335,40.7682],[0.7043,40.786],[0.6996,40.8021],[0.7418,40.8229],[0.7488,40.8429],[0.7932,40.8674],[0.8376,40.919],[0.851,40.9265],[0.8626,40.9471],[0.8754,40.9512],[0.9162,40.9893],[0.931,40.9882],[0.9529,41.0182],[0.9835,41.039],[1.0507,41.0649],[1.0632,41.0651],[1.0626,41.0604],[1.0676,41.0662],[1.0846,41.064],[1.1232,41.0749],[1.144,41.0726],[1.161,41.0557],[1.1724,41.0546],[1.1946,41.0907],[1.2085,41.0815],[1.1971,41.0924],[1.2143,41.1035],[1.2282,41.099],[1.2485,41.1087],[1.2279,41.096],[1.2215,41.0835],[1.2563,41.1124],[1.2713,41.1129],[1.2746,41.1193],[1.3007,41.129],[1.344,41.1246],[1.3737,41.1338],[1.4018,41.1321],[1.4046,41.1407],[1.4657,41.166],[1.5213,41.1799],[1.5265,41.176],[1.5321,41.1821],[1.6452,41.1957],[1.6413,41.2118],[1.6532,41.2074],[1.641,41.2354],[1.6311,41.2245],[1.6214,41.2232],[1.6026,41.2349],[1.5817,41.2372],[1.5702,41.2608],[1.5943,41.259],[1.606,41.2504],[1.6197,41.2537],[1.6275,41.2696],[1.62,41.2771],[1.6292,41.2828],[1.6278,41.2947],[1.6368,41.296],[1.6164,41.2931],[1.6121,41.2852],[1.5882,41.294],[1.595,41.3094],[1.5748,41.3152],[1.5658,41.3397],[1.5587,41.3432],[1.5788,41.3564],[1.578,41.3625],[1.5522,41.3681],[1.5368,41.3854],[1.5093,41.3945],[1.4731,41.3808],[1.4825,41.3986],[1.4902,41.4015],[1.4838,41.4222],[1.4751,41.4295],[1.4952,41.4356],[1.4757,41.4361],[1.4685,41.444],[1.4832,41.4579],[1.4846,41.4749],[1.4747,41.4795],[1.474,41.4863],[1.452,41.4864],[1.4461,41.4948],[1.3964,41.5129],[1.3996,41.5285],[1.4087,41.535],[1.4486,41.5371],[1.4467,41.5524],[1.4337,41.5505],[1.4311,41.5557],[1.4545,41.5692],[1.4197,41.5826],[1.4106,41.5755],[1.3929,41.5751],[1.4035,41.5582],[1.3919,41.5565],[1.3717,41.5654],[1.3047,41.5717],[1.2942,41.5667],[1.2728,41.5722],[1.2199,41.5696],[1.2108,41.5486],[1.1679,41.5405],[1.1763,41.5338],[1.1647,41.5345],[1.1732,41.5315],[1.1647,41.5087],[1.1757,41.5016],[1.181,41.4881],[1.1306,41.4769],[1.1122,41.467],[1.0398,41.5011],[1.0477,41.4875],[1.0374,41.48],[1.0752,41.4599],[1.0465,41.4404],[1.027,41.4098],[1.0036,41.4049],[0.9917,41.3886],[0.9817,41.3922],[0.9726,41.3742],[0.9623,41.3681],[0.9643,41.3555],[0.9449,41.35],[0.9118,41.3499],[0.8633,41.3381],[0.8448,41.362],[0.8322,41.3588],[0.8195,41.3288],[0.7613,41.3338],[0.7505,41.3248],[0.7516,41.3179],[0.6697,41.3096],[0.6281,41.291],[0.5968,41.2936],[0.5808,41.3201],[0.5545,41.3267],[0.5456,41.323],[0.5252,41.2902],[0.5033,41.2898],[0.4799,41.3235],[0.4613,41.3349],[0.4348,41.3206],[0.4332,41.2761],[0.3857,41.2789],[0.3737,41.2494],[0.3813,41.2365],[0.3646,41.2387],[0.36,41.2255],[0.3413,41.2311],[0.3313,41.2227],[0.3224,41.2253],[0.3034,41.1644],[0.2731,41.1488],[0.253,41.1502],[0.2562,41.1437],[0.2479,41.1302],[0.214,41.1373],[0.2199,41.1324],[0.2013,41.1268],[0.209,41.1169],[0.2009,41.1027],[0.2012,41.0847],[0.2201,41.0829],[0.2182,41.0629],[0.2302,41.0539],[0.2178,41.0437],[0.2331,41.0471],[0.2343,41.0346],[0.2462,41.0413],[0.2799,41.0198],[0.261,41.0189],[0.2589,41.0139],[0.2743,41.0072],[0.2685,40.9983],[0.2811,40.9872],[0.2811,40.9749],[0.2935,40.9706],[0.2717,40.9448],[0.2743,40.9366],[0.2539,40.9197],[0.2501,40.896],[0.239,40.8849],[0.2554,40.8746],[0.2508,40.8563],[0.2783,40.8211],[0.2652,40.8138],[0.2578,40.8003],[0.2336,40.787],[0.23,40.7675],[0.212,40.7675],[0.1902,40.7503],[0.1753,40.755],[0.1754,40.7412],[0.1592,40.7506],[0.1708,40.7329],[0.1911,40.7312],[0.1973,40.7242],[0.2262,40.7332],[0.2275,40.715],[0.236,40.7021],[0.2619,40.706],[0.2919,40.6886],[0.2683,40.6596],[0.2662,40.6442],[0.2789,40.6301],[0.2985,40.626],[0.3153,40.6143],[0.402,40.6024],[0.4046,40.5949],[0.4307,40.5797],[0.444,40.5782],[0.4335,40.5654],[0.4359,40.5499],[0.449,40.5413]]],[[[0.7315,40.7796],[0.7268,40.7776],[0.7451,40.7726],[0.7315,40.7796]]]]}},{"type":"Feature","properties":{"gid":"ESP.7.1_1","provZh":"休达与梅利利亚","name2":"Ceuta","type2":"Ciudad Autónoma","engtype2":"Autonomous City"},"geometry":{"type":"Polygon","coordinates":[[[-5.3849,35.9115],[-5.3774,35.8836],[-5.3412,35.8746],[-5.2782,35.8971],[-5.289,35.9071],[-5.3129,35.8901],[-5.3235,35.8971],[-5.3113,35.896],[-5.3204,35.8993],[-5.336,35.8943],[-5.3657,35.9182],[-5.3849,35.9115]]]}},{"type":"Feature","properties":{"gid":"ESP.7.2_1","provZh":"休达与梅利利亚","name2":"Melilla","type2":"Ciudad Autónoma","engtype2":"Autonomous City"},"geometry":{"type":"MultiPolygon","coordinates":[[[[-2.4401,35.1832],[-2.4451,35.1785],[-2.439,35.1746],[-2.4401,35.1832]]],[[[-2.9517,35.2828],[-2.9368,35.2804],[-2.9326,35.2918],[-2.9229,35.2901],[-2.9462,35.3063],[-2.9449,35.316],[-2.954,35.3227],[-2.9626,35.3],[-2.9517,35.2828]]]]}},{"type":"Feature","properties":{"gid":"ESP.8.1_1","provZh":"马德里自治区","name2":"Madrid","type2":"Provincia","engtype2":"Province"},"geometry":{"type":"MultiPolygon","coordinates":[[[[-3.8729,39.909],[-3.8658,39.9031],[-3.8343,39.8998],[-3.8038,39.8846],[-3.7786,39.9114],[-3.7559,39.9216],[-3.7448,39.9406],[-3.7113,39.955],[-3.6977,39.947],[-3.6619,39.9662],[-3.6349,39.9662],[-3.631,39.9688],[-3.638,39.9888],[-3.5945,40.0019],[-3.5896,40.0135],[-3.5198,40.0209],[-3.5152,40.0433],[-3.507,40.0482],[-3.4898,40.0476],[-3.4878,40.0415],[-3.472,40.0461],[-3.4689,40.041],[-3.4523,40.0502],[-3.4456,40.0374],[-3.4296,40.0388],[-3.4249,40.0471],[-3.3941,40.0355],[-3.3942,40.0455],[-3.3859,40.0516],[-3.3763,40.0498],[-3.3769,40.0752],[-3.3343,40.0816],[-3.3116,40.0687],[-3.3028,40.0537],[-3.2767,40.0474],[-3.2656,40.057],[-3.2575,40.0508],[-3.2552,40.058],[-3.2456,40.0595],[-3.2439,40.0536],[-3.2084,40.0632],[-3.2049,40.059],[-3.201,40.0613],[-3.2076,40.0638],[-3.1893,40.0827],[-3.1663,40.0913],[-3.1613,40.0651],[-3.1178,40.0617],[-3.0886,40.0705],[-3.0532,40.0991],[-3.0564,40.1132],[-3.0678,40.1185],[-3.0726,40.1306],[-3.0968,40.1425],[-3.0978,40.1535],[-3.0881,40.1628],[-3.0677,40.1575],[-3.0785,40.1652],[-3.0854,40.1865],[-3.0883,40.2006],[-3.0792,40.2091],[-3.0832,40.2152],[-3.079,40.224],[-3.099,40.2605],[-3.0982,40.2751],[-3.112,40.2856],[-3.1533,40.2641],[-3.1731,40.234],[-3.1956,40.2478],[-3.1961,40.2577],[-3.1835,40.2693],[-3.1824,40.3068],[-3.1533,40.3317],[-3.1561,40.3419],[-3.1415,40.3508],[-3.1533,40.3674],[-3.1387,40.376],[-3.1442,40.3875],[-3.1356,40.39],[-3.1304,40.4051],[-3.1475,40.4196],[-3.1559,40.4392],[-3.1725,40.4362],[-3.1986,40.4423],[-3.1953,40.4784],[-3.202,40.4954],[-3.2006,40.5147],[-3.224,40.5267],[-3.2318,40.5387],[-3.2302,40.532],[-3.2497,40.5437],[-3.2896,40.5317],[-3.2969,40.5373],[-3.2817,40.5524],[-3.2882,40.5583],[-3.2833,40.5715],[-3.3105,40.5796],[-3.3304,40.5974],[-3.3304,40.6073],[-3.322,40.6122],[-3.3375,40.6254],[-3.3233,40.6301],[-3.3174,40.6543],[-3.3388,40.6366],[-3.3654,40.6479],[-3.3728,40.6779],[-3.3932,40.6927],[-3.3999,40.6917],[-3.4049,40.6701],[-3.4151,40.6713],[-3.4259,40.6827],[-3.4271,40.6726],[-3.4418,40.6743],[-3.4559,40.6879],[-3.4674,40.6897],[-3.4341,40.7308],[-3.4509,40.738],[-3.4433,40.7608],[-3.4658,40.7843],[-3.5106,40.7886],[-3.4911,40.7994],[-3.4762,40.8263],[-3.4789,40.8385],[-3.4703,40.8443],[-3.4767,40.8515],[-3.4677,40.8565],[-3.4731,40.8644],[-3.4408,40.8761],[-3.4402,40.8919],[-3.4601,40.8986],[-3.46,40.9083],[-3.4445,40.9082],[-3.4471,40.9224],[-3.4336,40.9376],[-3.4349,40.9461],[-3.4166,40.9773],[-3.4181,40.9876],[-3.3945,41.0003],[-3.4289,41.0399],[-3.4382,41.0426],[-3.4258,41.0834],[-3.4485,41.0817],[-3.4755,41.0957],[-3.488,41.0941],[-3.4995,41.1237],[-3.5405,41.1505],[-3.5397,41.165],[-3.5834,41.1611],[-3.6136,41.1491],[-3.6767,41.0864],[-3.695,41.0832],[-3.7392,41.0539],[-3.7818,41.0002],[-3.8149,40.9863],[-3.895,40.967],[-3.9124,40.9503],[-3.9224,40.9299],[-3.9377,40.9272],[-3.9372,40.9159],[-3.9526,40.8935],[-3.9432,40.8887],[-3.9465,40.8648],[-3.9648,40.8385],[-3.962,40.8221],[-3.9796,40.7998],[-3.9796,40.7842],[-4.0024,40.7884],[-4.0213,40.7813],[-4.07,40.7938],[-4.0788,40.7889],[-4.0805,40.7769],[-4.0965,40.7647],[-4.0976,40.7481],[-4.115,40.7423],[-4.139,40.7127],[-4.1449,40.6952],[-4.1719,40.6796],[-4.1679,40.6477],[-4.173,40.6309],[-4.1612,40.6234],[-4.2151,40.6049],[-4.2423,40.6023],[-4.262,40.6056],[-4.2723,40.6291],[-4.2899,40.628],[-4.2899,40.6084],[-4.2787,40.6042],[-4.2896,40.5644],[-4.3229,40.5511],[-4.3285,40.5348],[-4.3213,40.5321],[-4.3276,40.5075],[-4.3163,40.4654],[-4.3186,40.4594],[-4.3263,40.4602],[-4.3207,40.4515],[-4.3326,40.4487],[-4.3403,40.4291],[-4.3241,40.4244],[-4.3263,40.4136],[-4.3208,40.4107],[-4.4006,40.4114],[-4.4218,40.4064],[-4.4425,40.3857],[-4.4396,40.3503],[-4.4605,40.3403],[-4.4536,40.333],[-4.4554,40.3199],[-4.4854,40.3211],[-4.5043,40.3151],[-4.5267,40.3382],[-4.5263,40.3449],[-4.5477,40.3394],[-4.529,40.2928],[-4.5554,40.2771],[-4.5563,40.2645],[-4.5691,40.2572],[-4.5658,40.2397],[-4.5589,40.234],[-4.5655,40.218],[-4.5789,40.2174],[-4.5725,40.213],[-4.5751,40.2071],[-4.5358,40.1996],[-4.522,40.2024],[-4.5143,40.2172],[-4.4373,40.2377],[-4.4356,40.2593],[-4.4274,40.2578],[-4.3989,40.2838],[-4.384,40.2892],[-4.388,40.3013],[-4.3811,40.3183],[-4.3568,40.3097],[-4.3586,40.2765],[-4.3451,40.2533],[-4.3481,40.2366],[-4.3353,40.2388],[-4.3215,40.2251],[-4.3108,40.2341],[-4.3062,40.2217],[-4.2958,40.2191],[-4.2711,40.2332],[-4.2457,40.2737],[-4.2316,40.2768],[-4.2264,40.2699],[-4.2037,40.269],[-4.2029,40.2885],[-4.1913,40.297],[-4.1702,40.2883],[-4.1636,40.2699],[-4.144,40.2643],[-4.1505,40.2494],[-4.1436,40.245],[-4.1311,40.2488],[-4.1041,40.2418],[-4.0804,40.2665],[-4.0711,40.2648],[-4.0515,40.2511],[-4.0236,40.2491],[-4.0259,40.2362],[-3.9923,40.2097],[-3.9529,40.2123],[-3.9561,40.1986],[-3.9492,40.1891],[-3.9383,40.2034],[-3.9309,40.204],[-3.9102,40.1898],[-3.8762,40.1911],[-3.8534,40.1798],[-3.8527,40.1697],[-3.835,40.1613],[-3.8173,40.1714],[-3.8102,40.1691],[-3.806,40.1775],[-3.7842,40.1627],[-3.7718,40.1396],[-3.745,40.1327],[-3.7206,40.148],[-3.6836,40.1325],[-3.6669,40.1435],[-3.6565,40.1255],[-3.6064,40.109],[-3.6142,40.0988],[-3.6043,40.0947],[-3.6094,40.0835],[-3.6278,40.0773],[-3.617,40.0681],[-3.6242,40.0638],[-3.6205,40.0561],[-3.6367,40.052],[-3.636,40.0448],[-3.6467,40.0352],[-3.6674,40.0285],[-3.6791,40.016],[-3.6869,40.0217],[-3.7003,40.0189],[-3.7205,40.001],[-3.7228,39.9878],[-3.7349,39.9851],[-3.7347,39.9771],[-3.7462,39.9808],[-3.7406,39.9707],[-3.7284,39.9731],[-3.726,39.9665],[-3.7394,39.9615],[-3.7612,39.971],[-3.7513,39.9566],[-3.7552,39.95],[-3.7699,39.949],[-3.7589,39.9579],[-3.7647,39.9664],[-3.7698,39.9588],[-3.7886,39.9542],[-3.7869,39.9465],[-3.801,39.9465],[-3.8081,39.9548],[-3.8247,39.9467],[-3.8317,39.9301],[-3.837,39.9302],[-3.839,39.9422],[-3.8517,39.9394],[-3.8758,39.9287],[-3.8692,39.9175],[-3.8729,39.909]],[[-3.3642,40.6351],[-3.371,40.625],[-3.382,40.6298],[-3.3734,40.6412],[-3.3642,40.6351]]],[[[-4.2574,40.6534],[-4.2565,40.6638],[-4.2855,40.6805],[-4.3173,40.6669],[-4.3247,40.6577],[-4.3196,40.6475],[-4.2574,40.6534]]]]}},{"type":"Feature","properties":{"gid":"ESP.9.1_1","provZh":"纳瓦拉","name2":"Navarra","type2":"Provincia","engtype2":"Province"},"geometry":{"type":"Polygon","coordinates":[[[-1.6109,41.9465],[-1.5962,41.9271],[-1.5583,41.9138],[-1.5233,41.9099],[-1.5061,41.9159],[-1.5017,41.9243],[-1.4182,41.9136],[-1.4035,41.9351],[-1.3822,41.9433],[-1.386,41.957],[-1.3743,41.962],[-1.3395,42.018],[-1.3048,42.043],[-1.3033,42.0518],[-1.3127,42.065],[-1.3105,42.0723],[-1.3522,42.0731],[-1.3649,42.0926],[-1.3667,42.107],[-1.3988,42.1262],[-1.3917,42.1796],[-1.3952,42.1907],[-1.4133,42.2022],[-1.4163,42.222],[-1.3998,42.2455],[-1.3913,42.2721],[-1.399,42.2913],[-1.329,42.3554],[-1.3362,42.372],[-1.3506,42.3701],[-1.3597,42.3784],[-1.3429,42.4081],[-1.3415,42.4239],[-1.3152,42.4492],[-1.2813,42.4645],[-1.2727,42.4824],[-1.2751,42.4958],[-1.2867,42.4985],[-1.2875,42.5086],[-1.2934,42.511],[-1.2881,42.5228],[-1.2647,42.5568],[-1.2261,42.5422],[-1.2183,42.5492],[-1.2028,42.5497],[-1.2019,42.5782],[-1.1581,42.5996],[-1.18,42.6079],[-1.1787,42.6151],[-1.1708,42.6171],[-1.1576,42.6105],[-1.1524,42.6476],[-1.0532,42.6424],[-1.0368,42.6516],[-1.0396,42.6642],[-1.0325,42.6756],[-1.0392,42.6916],[-1.0279,42.7001],[-0.9692,42.7037],[-0.9486,42.7115],[-0.9358,42.7343],[-0.923,42.744],[-0.9011,42.7427],[-0.9005,42.7605],[-0.8648,42.7634],[-0.8475,42.7859],[-0.86,42.7986],[-0.8514,42.8076],[-0.8568,42.8469],[-0.8185,42.8694],[-0.8136,42.8882],[-0.8192,42.8892],[-0.8191,42.9007],[-0.7832,42.9217],[-0.7268,42.9209],[-0.7336,42.9308],[-0.7333,42.9462],[-0.7435,42.9506],[-0.7528,42.967],[-0.7844,42.9643],[-0.8088,42.9515],[-0.8647,42.951],[-0.8975,42.9558],[-0.91,42.9638],[-0.9239,42.9546],[-0.9451,42.9535],[-0.9963,42.9749],[-1.0105,42.9911],[-1.072,42.9979],[-1.0864,43.0024],[-1.0836,43.0109],[-1.1068,43.0145],[-1.1133,43.0212],[-1.1414,43.0076],[-1.1456,43.0245],[-1.1738,43.0371],[-1.1811,43.0322],[-1.2124,43.0514],[-1.2305,43.0548],[-1.2475,43.0424],[-1.2636,43.0442],[-1.2722,43.0552],[-1.3085,43.0692],[-1.2995,43.0923],[-1.2705,43.1183],[-1.3321,43.1079],[-1.3452,43.093],[-1.3399,43.0811],[-1.3425,43.0545],[-1.3537,43.028],[-1.4414,43.0462],[-1.4734,43.0866],[-1.4157,43.1285],[-1.4137,43.1503],[-1.4029,43.1561],[-1.4019,43.1785],[-1.3849,43.1883],[-1.3846,43.2238],[-1.3786,43.2324],[-1.3842,43.2532],[-1.4132,43.2734],[-1.4383,43.2667],[-1.494,43.2824],[-1.5059,43.2933],[-1.5219,43.2934],[-1.5617,43.2884],[-1.5562,43.2798],[-1.5747,43.2505],[-1.608,43.2523],[-1.6216,43.2634],[-1.6302,43.2849],[-1.6239,43.304],[-1.6694,43.3142],[-1.6947,43.3118],[-1.7296,43.2939],[-1.7832,43.2868],[-1.7939,43.2765],[-1.7949,43.2469],[-1.8188,43.2389],[-1.8334,43.2246],[-1.8517,43.2267],[-1.8603,43.2122],[-1.8675,43.2304],[-1.8807,43.2281],[-1.8806,43.2206],[-1.8738,43.2203],[-1.8808,43.2179],[-1.8749,43.2108],[-1.8813,43.2123],[-1.8817,43.2068],[-1.8867,43.2144],[-1.8899,43.2074],[-1.9029,43.2112],[-1.9108,43.2272],[-1.9159,43.223],[-1.9109,43.2043],[-1.922,43.1867],[-1.9158,43.1647],[-1.9204,43.1501],[-1.9044,43.1438],[-1.9022,43.1355],[-1.9475,43.0975],[-1.9658,43.0952],[-1.9733,43.0916],[-1.9731,43.0846],[-2.0228,43.0652],[-2.0208,43.0466],[-2.0317,43.0317],[-2.0414,43.0297],[-2.0283,42.9988],[-2.0383,42.981],[-2.0952,42.9725],[-2.1037,42.9493],[-2.1176,42.9422],[-2.157,42.9423],[-2.1809,42.9351],[-2.1991,42.9512],[-2.2102,42.9499],[-2.2203,42.9332],[-2.2321,42.9318],[-2.2378,42.9214],[-2.2377,42.896],[-2.253,42.8928],[-2.2409,42.8856],[-2.2326,42.8438],[-2.2358,42.8345],[-2.2677,42.8134],[-2.2686,42.7951],[-2.281,42.7851],[-2.2624,42.7482],[-2.3039,42.7361],[-2.3168,42.7393],[-2.3237,42.7241],[-2.3128,42.7087],[-2.3168,42.6825],[-2.3093,42.6712],[-2.2935,42.6779],[-2.2893,42.6683],[-2.2933,42.6509],[-2.3321,42.6462],[-2.3472,42.6341],[-2.3819,42.6343],[-2.3721,42.6434],[-2.3816,42.6474],[-2.3762,42.6507],[-2.3945,42.6608],[-2.4157,42.6627],[-2.45,42.6472],[-2.4545,42.6349],[-2.471,42.6273],[-2.483,42.6122],[-2.5,42.6165],[-2.4906,42.5854],[-2.4622,42.5874],[-2.4532,42.5671],[-2.4211,42.6071],[-2.3967,42.5991],[-2.4,42.5891],[-2.3899,42.5491],[-2.401,42.5385],[-2.3922,42.5169],[-2.4237,42.5096],[-2.4207,42.4893],[-2.4156,42.4906],[-2.4001,42.4718],[-2.3767,42.4736],[-2.363,42.4617],[-2.3522,42.4656],[-2.3458,42.4514],[-2.3318,42.454],[-2.3364,42.4642],[-2.3319,42.4681],[-2.2974,42.4575],[-2.2932,42.46],[-2.2968,42.4681],[-2.288,42.4674],[-2.2737,42.4452],[-2.2645,42.4499],[-2.2379,42.4404],[-2.2411,42.4301],[-2.2142,42.4242],[-2.2162,42.4156],[-2.1867,42.4188],[-2.1764,42.4081],[-2.1584,42.4102],[-2.1517,42.4186],[-2.1112,42.4196],[-2.105,42.4159],[-2.1156,42.3995],[-2.0875,42.3836],[-2.0928,42.3758],[-2.0789,42.3688],[-2.0899,42.347],[-2.0699,42.3425],[-2.0455,42.359],[-2.0148,42.3693],[-2.0066,42.361],[-1.9955,42.3636],[-1.9786,42.3499],[-1.9695,42.3525],[-1.964,42.3337],[-1.9427,42.3353],[-1.932,42.3223],[-1.9185,42.327],[-1.9193,42.317],[-1.907,42.3085],[-1.9146,42.3009],[-1.8843,42.2878],[-1.8706,42.289],[-1.8663,42.276],[-1.8762,42.259],[-1.8726,42.253],[-1.8557,42.2497],[-1.8489,42.2589],[-1.8304,42.2445],[-1.8205,42.2492],[-1.8197,42.2329],[-1.7999,42.2228],[-1.7799,42.2243],[-1.7694,42.2144],[-1.7661,42.2217],[-1.7407,42.2123],[-1.7253,42.2145],[-1.7057,42.207],[-1.7042,42.192],[-1.6814,42.1924],[-1.679,42.1883],[-1.7008,42.1731],[-1.6933,42.158],[-1.6796,42.1517],[-1.7198,42.1334],[-1.7397,42.1497],[-1.7647,42.1504],[-1.779,42.1377],[-1.8216,42.1536],[-1.8324,42.1482],[-1.8402,42.1281],[-1.8927,42.085],[-1.9057,42.0671],[-1.9092,42.0591],[-1.9032,42.0545],[-1.9015,42.0297],[-1.8829,42.0263],[-1.872,42.0127],[-1.8648,42.0151],[-1.8552,42.0026],[-1.8471,42.008],[-1.8336,41.9951],[-1.8103,41.998],[-1.7923,41.9897],[-1.7668,41.9958],[-1.7343,41.9639],[-1.7152,41.957],[-1.6862,41.9535],[-1.676,41.9665],[-1.6636,41.96],[-1.6541,41.9654],[-1.6109,41.9465]]]}},{"type":"Feature","properties":{"gid":"ESP.10.1_1","provZh":"巴伦西亚自治区","name2":"Alicante","type2":"Provincia","engtype2":"Province"},"geometry":{"type":"MultiPolygon","coordinates":[[[[-0.7524,37.8876],[-0.7407,37.9093],[-0.719,37.9115],[-0.7207,37.9296],[-0.7157,37.9388],[-0.7046,37.9415],[-0.6968,37.9693],[-0.6879,37.9663],[-0.6899,37.9749],[-0.666,37.9757],[-0.6474,37.9996],[-0.6537,38.0349],[-0.6449,38.1113],[-0.6385,38.1368],[-0.6146,38.174],[-0.5951,38.189],[-0.5376,38.1871],[-0.5104,38.201],[-0.5071,38.2165],[-0.521,38.2899],[-0.5062,38.3326],[-0.4929,38.329],[-0.4946,38.334],[-0.4863,38.3329],[-0.4826,38.3424],[-0.4793,38.3368],[-0.4868,38.3293],[-0.4774,38.3365],[-0.476,38.3465],[-0.4449,38.3632],[-0.4285,38.354],[-0.4021,38.3526],[-0.4104,38.3679],[-0.4013,38.4121],[-0.391,38.4157],[-0.389,38.4279],[-0.3801,38.431],[-0.3751,38.4426],[-0.3029,38.4818],[-0.2371,38.4996],[-0.2235,38.5085],[-0.1732,38.5154],[-0.1476,38.5368],[-0.1115,38.5346],[-0.0965,38.5235],[-0.0487,38.5632],[-0.064,38.5715],[-0.0612,38.5832],[-0.0157,38.6265],[0.0149,38.6315],[0.031,38.6251],[0.0357,38.6362],[0.0482,38.6415],[0.0676,38.6404],[0.0721,38.6324],[0.0832,38.6312],[0.0732,38.6451],[0.0946,38.6696],[0.1151,38.6732],[0.1304,38.6862],[0.1462,38.6876],[0.1496,38.6799],[0.1571,38.699],[0.1826,38.7212],[0.1996,38.7251],[0.2024,38.7318],[0.2129,38.7324],[0.2188,38.726],[0.2188,38.731],[0.2321,38.7324],[0.2338,38.7457],[0.2268,38.7465],[0.2218,38.7576],[0.2254,38.7643],[0.2101,38.7607],[0.1893,38.7732],[0.1826,38.7951],[0.1993,38.8035],[0.1488,38.8318],[0.1243,38.8332],[0.1215,38.8426],[0.1193,38.8385],[0.1126,38.8429],[0.1257,38.8488],[0.1029,38.8482],[0.0546,38.8635],[0.0151,38.864],[-0.0149,38.8713],[-0.0374,38.8857],[-0.0247,38.8724],[-0.0341,38.8571],[-0.0421,38.8565],[-0.0706,38.8858],[-0.0896,38.8793],[-0.092,38.8716],[-0.102,38.8751],[-0.148,38.8585],[-0.155,38.8605],[-0.1608,38.8874],[-0.1976,38.8664],[-0.1963,38.8595],[-0.2305,38.8535],[-0.242,38.8606],[-0.2733,38.8641],[-0.2992,38.8817],[-0.3108,38.8815],[-0.3236,38.8635],[-0.3485,38.8614],[-0.3551,38.8498],[-0.3823,38.8346],[-0.4022,38.8398],[-0.404,38.8332],[-0.4599,38.8151],[-0.4618,38.8077],[-0.4744,38.8039],[-0.5352,38.8104],[-0.5952,38.7951],[-0.5842,38.7684],[-0.5656,38.7555],[-0.5315,38.7673],[-0.5208,38.7567],[-0.5074,38.7553],[-0.5071,38.743],[-0.5349,38.7331],[-0.5512,38.7171],[-0.5841,38.7086],[-0.618,38.6867],[-0.6286,38.6866],[-0.6425,38.7044],[-0.6434,38.7278],[-0.6778,38.7294],[-0.6887,38.7413],[-0.7071,38.7339],[-0.7171,38.7506],[-0.7332,38.7517],[-0.7349,38.7595],[-0.7614,38.7491],[-0.7837,38.7484],[-0.8066,38.7353],[-0.8346,38.7325],[-0.8354,38.7407],[-0.8616,38.7709],[-0.9042,38.7671],[-0.9132,38.7696],[-0.9148,38.7814],[-0.9289,38.7839],[-0.9614,38.7748],[-0.9458,38.7368],[-0.9157,38.696],[-0.9624,38.657],[-1.0261,38.6557],[-1.0015,38.5729],[-1.0262,38.5225],[-1.0139,38.4971],[-1.0681,38.4504],[-1.0941,38.4383],[-1.076,38.4317],[-1.085,38.4291],[-1.0883,38.4035],[-1.0844,38.3465],[-1.0281,38.3387],[-0.989,38.3206],[-0.9673,38.2722],[-0.9677,38.2559],[-0.9887,38.1996],[-1.0087,38.1669],[-1.0366,38.1374],[-1.0303,38.0971],[-1.0222,38.0752],[-0.966,38.0127],[-0.9213,37.9445],[-0.8414,37.8723],[-0.7708,37.8441],[-0.7621,37.8474],[-0.7524,37.8876]]],[[[-0.4801,38.1671],[-0.4876,38.1665],[-0.4638,38.1626],[-0.4801,38.1671]]]]}},{"type":"Feature","properties":{"gid":"ESP.10.2_1","provZh":"巴伦西亚自治区","name2":"Castellón","type2":"Provincia","engtype2":"Province"},"geometry":{"type":"MultiPolygon","coordinates":[[[[-0.3779,39.7999],[-0.3085,39.797],[-0.2765,39.7706],[-0.2711,39.7505],[-0.2609,39.7441],[-0.2339,39.7401],[-0.1885,39.7221],[-0.0879,39.8554],[-0.0785,39.8626],[-0.0674,39.8615],[-0.0693,39.8674],[-0.006,39.9146],[0.0085,39.9663],[0.0213,39.9668],[0.014,39.9685],[0.0196,39.9676],[0.0168,39.9735],[0.0287,39.9668],[0.0226,39.9793],[0.0493,40.0351],[0.0837,40.0571],[0.1201,40.0615],[0.1374,40.0818],[0.1471,40.0818],[0.1496,40.101],[0.1915,40.1715],[0.2243,40.1946],[0.264,40.2079],[0.2749,40.2396],[0.2888,40.2485],[0.2868,40.2532],[0.3257,40.2754],[0.3371,40.2929],[0.3504,40.2993],[0.3657,40.3246],[0.3993,40.3576],[0.4071,40.3557],[0.4035,40.3654],[0.4179,40.4012],[0.4337,40.4154],[0.436,40.4093],[0.4399,40.4263],[0.4665,40.4607],[0.476,40.4651],[0.4779,40.4582],[0.4774,40.4685],[0.5154,40.5229],[0.438,40.5471],[0.4335,40.5654],[0.444,40.5782],[0.4307,40.5797],[0.4046,40.5949],[0.402,40.6024],[0.3153,40.6143],[0.2985,40.626],[0.2789,40.6301],[0.2662,40.6442],[0.2683,40.6596],[0.2919,40.6886],[0.2619,40.706],[0.236,40.7021],[0.2275,40.715],[0.2262,40.7332],[0.1973,40.7242],[0.1911,40.7312],[0.1708,40.7329],[0.1639,40.7236],[0.1414,40.7185],[0.1125,40.7272],[0.0727,40.7143],[0.0422,40.691],[0.0265,40.695],[0.0284,40.7132],[0.0158,40.7285],[-0.0177,40.7312],[-0.0307,40.7226],[-0.0647,40.7274],[-0.1257,40.7529],[-0.1438,40.7687],[-0.1445,40.7855],[-0.1649,40.7887],[-0.1971,40.7845],[-0.213,40.7581],[-0.224,40.7542],[-0.2392,40.7181],[-0.2335,40.7086],[-0.2359,40.6911],[-0.2936,40.674],[-0.3069,40.6595],[-0.3288,40.6803],[-0.3561,40.6777],[-0.378,40.6674],[-0.3815,40.6616],[-0.3707,40.6508],[-0.3796,40.6236],[-0.3704,40.6136],[-0.3602,40.6155],[-0.322,40.6029],[-0.3115,40.6115],[-0.2932,40.6111],[-0.2943,40.584],[-0.2998,40.5774],[-0.2901,40.544],[-0.3018,40.516],[-0.2976,40.5058],[-0.2881,40.5096],[-0.2747,40.4969],[-0.2797,40.4835],[-0.2728,40.4737],[-0.3326,40.4591],[-0.3473,40.444],[-0.2852,40.3863],[-0.2823,40.3651],[-0.3045,40.3627],[-0.3406,40.34],[-0.3431,40.3254],[-0.3497,40.328],[-0.3529,40.3134],[-0.3631,40.3166],[-0.3685,40.3121],[-0.3662,40.3051],[-0.3789,40.31],[-0.3901,40.3057],[-0.4001,40.2942],[-0.3828,40.2783],[-0.3836,40.2649],[-0.428,40.2438],[-0.4638,40.2339],[-0.4699,40.2402],[-0.4945,40.2288],[-0.5292,40.2394],[-0.5441,40.2517],[-0.5578,40.2009],[-0.5721,40.1815],[-0.5692,40.1592],[-0.5793,40.1476],[-0.5784,40.1381],[-0.6065,40.1283],[-0.6286,40.1021],[-0.6135,40.07],[-0.6231,40.0696],[-0.6272,40.0762],[-0.6829,40.0443],[-0.7028,40.0466],[-0.7188,40.0387],[-0.7475,40.0379],[-0.7536,40.0466],[-0.7622,40.0413],[-0.7672,40.0101],[-0.7778,39.9983],[-0.7896,39.9899],[-0.8347,39.9794],[-0.8414,39.969],[-0.8357,39.96],[-0.8462,39.9477],[-0.8299,39.9068],[-0.7735,39.8698],[-0.7305,39.815],[-0.7125,39.8169],[-0.707,39.8352],[-0.691,39.8525],[-0.6561,39.836],[-0.6446,39.7916],[-0.6523,39.7541],[-0.631,39.7464],[-0.5882,39.7417],[-0.577,39.7732],[-0.5483,39.7958],[-0.5305,39.796],[-0.5137,39.7789],[-0.4982,39.7476],[-0.4561,39.7147],[-0.445,39.7189],[-0.439,39.7369],[-0.4095,39.7452],[-0.3947,39.7602],[-0.3869,39.7692],[-0.3917,39.7799],[-0.3884,39.7906],[-0.3779,39.7999]]],[[[0.6874,39.8988],[0.6826,39.8979],[0.6849,39.8929],[0.6907,39.8951],[0.6838,39.8957],[0.6874,39.8988]]]]}},{"type":"Feature","properties":{"gid":"ESP.10.3_1","provZh":"巴伦西亚自治区","name2":"Valencia","type2":"Provincia","engtype2":"Province"},"geometry":{"type":"MultiPolygon","coordinates":[[[[-0.4613,38.8105],[-0.4402,38.8239],[-0.404,38.8332],[-0.4022,38.8398],[-0.3823,38.8346],[-0.3551,38.8498],[-0.3485,38.8614],[-0.3236,38.8635],[-0.3108,38.8815],[-0.2992,38.8817],[-0.2733,38.8641],[-0.242,38.8606],[-0.2305,38.8535],[-0.1963,38.8595],[-0.1976,38.8664],[-0.1608,38.8874],[-0.155,38.8605],[-0.148,38.8585],[-0.102,38.8751],[-0.092,38.8716],[-0.0896,38.8793],[-0.0706,38.8858],[-0.0421,38.8565],[-0.0271,38.8621],[-0.0247,38.8724],[-0.1357,38.9696],[-0.1535,38.991],[-0.1482,38.9938],[-0.1593,38.9938],[-0.1513,38.9971],[-0.1874,39.0363],[-0.2368,39.1279],[-0.2324,39.1271],[-0.2415,39.156],[-0.2401,39.1743],[-0.216,39.1868],[-0.2232,39.1893],[-0.2926,39.3065],[-0.3343,39.4235],[-0.3657,39.4349],[-0.3315,39.426],[-0.3271,39.4418],[-0.3201,39.444],[-0.3304,39.4601],[-0.316,39.4474],[-0.3096,39.4501],[-0.324,39.4712],[-0.3162,39.5235],[-0.2812,39.5624],[-0.266,39.6046],[-0.2499,39.6257],[-0.214,39.6468],[-0.2157,39.6549],[-0.2087,39.6429],[-0.2101,39.6535],[-0.1946,39.6465],[-0.2143,39.6576],[-0.2015,39.6729],[-0.2018,39.6901],[-0.1888,39.7221],[-0.2339,39.7401],[-0.2609,39.7441],[-0.2711,39.7505],[-0.2765,39.7706],[-0.3085,39.797],[-0.3282,39.8015],[-0.3779,39.7999],[-0.3884,39.7906],[-0.3917,39.7799],[-0.3869,39.7692],[-0.3947,39.7602],[-0.4095,39.7452],[-0.439,39.7369],[-0.445,39.7189],[-0.4561,39.7147],[-0.4982,39.7476],[-0.5137,39.7789],[-0.5305,39.796],[-0.5483,39.7958],[-0.577,39.7732],[-0.5882,39.7417],[-0.631,39.7464],[-0.6523,39.7541],[-0.6446,39.7916],[-0.6561,39.836],[-0.691,39.8525],[-0.707,39.8352],[-0.7125,39.8169],[-0.7305,39.815],[-0.7735,39.8698],[-0.7937,39.8815],[-0.8291,39.8709],[-0.8635,39.8474],[-0.8885,39.8521],[-0.9125,39.8724],[-0.9002,39.8919],[-0.9096,39.8986],[-0.9138,39.918],[-0.9026,39.9319],[-0.9204,39.9644],[-0.9318,39.9561],[-0.9913,39.9819],[-1.0252,39.9746],[-1.0715,39.9797],[-1.0859,39.9764],[-1.0921,39.9678],[-1.105,39.975],[-1.1238,39.966],[-1.1217,39.9609],[-1.1302,39.9703],[-1.1423,39.9719],[-1.2039,39.9494],[-1.2089,39.9282],[-1.1958,39.914],[-1.1999,39.8595],[-1.2108,39.8382],[-1.2149,39.8088],[-1.2754,39.737],[-1.2619,39.6989],[-1.2795,39.6779],[-1.3128,39.6705],[-1.3685,39.6896],[-1.4179,39.655],[-1.462,39.5766],[-1.5043,39.5639],[-1.5031,39.5521],[-1.5208,39.5489],[-1.5032,39.5472],[-1.506,39.5401],[-1.5009,39.5345],[-1.5069,39.5207],[-1.5011,39.5159],[-1.5071,39.5079],[-1.4991,39.5005],[-1.5036,39.4915],[-1.5124,39.4963],[-1.505,39.4882],[-1.5125,39.4833],[-1.5034,39.4801],[-1.513,39.4708],[-1.5138,39.458],[-1.5288,39.4553],[-1.5184,39.449],[-1.5245,39.4431],[-1.5155,39.4391],[-1.5208,39.4315],[-1.5141,39.4288],[-1.5115,39.4351],[-1.4963,39.4289],[-1.5051,39.418],[-1.4984,39.4153],[-1.484,39.4229],[-1.4885,39.4011],[-1.4701,39.4072],[-1.4667,39.4012],[-1.4771,39.3948],[-1.4732,39.3912],[-1.4672,39.3904],[-1.4622,39.4],[-1.4527,39.3987],[-1.4522,39.3907],[-1.4578,39.3897],[-1.4532,39.3834],[-1.4631,39.3874],[-1.4681,39.3834],[-1.4492,39.3787],[-1.455,39.3609],[-1.4442,39.3618],[-1.4322,39.3776],[-1.428,39.3708],[-1.4322,39.3648],[-1.4236,39.364],[-1.4259,39.3791],[-1.4141,39.3802],[-1.4076,39.3717],[-1.3961,39.3743],[-1.4077,39.3658],[-1.3837,39.3663],[-1.3851,39.3543],[-1.3674,39.3561],[-1.3522,39.3398],[-1.3362,39.334],[-1.3304,39.3357],[-1.3334,39.3407],[-1.3124,39.3431],[-1.2991,39.3378],[-1.298,39.3312],[-1.2737,39.3332],[-1.2501,39.3225],[-1.2471,39.3286],[-1.2442,39.3216],[-1.2233,39.3161],[-1.2074,39.326],[-1.1976,39.3136],[-1.1649,39.3105],[-1.1618,39.3054],[-1.1747,39.2793],[-1.1808,39.2119],[-1.197,39.1768],[-1.2269,39.1517],[-1.2404,39.1138],[-1.2557,39.1062],[-1.2557,39.0841],[-1.2656,39.0755],[-1.2667,39.051],[-1.2265,39.0247],[-1.1608,38.9548],[-1.1466,38.9294],[-1.0362,38.9343],[-1.0134,38.9392],[-0.9993,38.9495],[-0.9593,38.9446],[-0.9565,38.9202],[-0.9408,38.8997],[-0.9245,38.8918],[-0.9356,38.856],[-0.9248,38.8234],[-0.9327,38.8113],[-0.9338,38.794],[-0.9289,38.7839],[-0.9148,38.7814],[-0.9132,38.7696],[-0.8616,38.7709],[-0.8354,38.7407],[-0.8346,38.7325],[-0.8066,38.7353],[-0.7837,38.7484],[-0.7614,38.7491],[-0.7349,38.7595],[-0.7332,38.7517],[-0.7171,38.7506],[-0.7071,38.7339],[-0.6887,38.7413],[-0.6778,38.7294],[-0.6434,38.7278],[-0.6425,38.7044],[-0.6286,38.6866],[-0.618,38.6867],[-0.5841,38.7086],[-0.5512,38.7171],[-0.5349,38.7331],[-0.5071,38.743],[-0.5074,38.7553],[-0.5208,38.7567],[-0.5315,38.7673],[-0.5656,38.7555],[-0.5842,38.7684],[-0.5952,38.7951],[-0.5352,38.8104],[-0.4744,38.8039],[-0.4613,38.8105]]],[[[-0.3251,39.434],[-0.3282,39.4279],[-0.3143,39.4224],[-0.3085,39.4301],[-0.3129,39.434],[-0.3093,39.4301],[-0.3143,39.4232],[-0.314,39.4307],[-0.3251,39.434]]],[[[-0.3024,39.4485],[-0.3085,39.4499],[-0.3132,39.4429],[-0.3043,39.4468],[-0.3035,39.4338],[-0.3024,39.4485]]],[[[-1.2757,40.0041],[-1.248,39.9951],[-1.1361,40.0151],[-1.0842,40.0362],[-1.0717,40.0511],[-1.0721,40.0605],[-1.1118,40.0928],[-1.1334,40.0974],[-1.1497,40.1148],[-1.2072,40.1102],[-1.2449,40.1162],[-1.2506,40.1239],[-1.2442,40.146],[-1.2524,40.1433],[-1.2843,40.1715],[-1.2982,40.2117],[-1.3149,40.2014],[-1.3229,40.1849],[-1.3197,40.1464],[-1.357,40.1289],[-1.3636,40.1386],[-1.3935,40.1344],[-1.4488,40.1454],[-1.4572,40.1351],[-1.4427,40.1181],[-1.4075,40.1014],[-1.4202,40.0935],[-1.3831,40.039],[-1.3768,40.0165],[-1.3643,40.0122],[-1.3357,40.0167],[-1.2757,40.0041]]]]}},{"type":"Feature","properties":{"gid":"ESP.11.1_1","provZh":"埃斯特雷马杜拉","name2":"Badajoz","type2":"Provincia","engtype2":"Province"},"geometry":{"type":"Polygon","coordinates":[[[-6.4657,38.0322],[-6.4442,38.0461],[-6.4523,38.056],[-6.4431,38.0592],[-6.3671,38.0489],[-6.359,38.0167],[-6.346,38.0024],[-6.3292,37.9983],[-6.3032,37.9783],[-6.2524,37.9716],[-6.2396,37.9591],[-6.2011,37.9619],[-6.1961,37.9491],[-6.1801,37.941],[-6.1677,37.9558],[-6.1544,37.9576],[-6.1492,37.9661],[-6.1152,37.9818],[-6.0777,37.9846],[-6.0522,37.9967],[-6.0312,37.9977],[-6.017,37.9911],[-5.9934,37.9996],[-5.9536,37.9954],[-5.9326,38.0315],[-5.9341,38.0469],[-5.9192,38.0498],[-5.9089,38.0629],[-5.9107,38.0782],[-5.9292,38.0892],[-5.9264,38.1044],[-5.9128,38.1227],[-5.8808,38.1322],[-5.8774,38.1554],[-5.8565,38.1615],[-5.8514,38.1719],[-5.823,38.1699],[-5.817,38.1777],[-5.7998,38.1745],[-5.7816,38.1859],[-5.7572,38.1806],[-5.7485,38.1904],[-5.728,38.1974],[-5.7141,38.1863],[-5.6946,38.1865],[-5.6988,38.1809],[-5.6885,38.1819],[-5.6841,38.1571],[-5.6949,38.1711],[-5.7057,38.1694],[-5.6946,38.1504],[-5.7153,38.1338],[-5.7307,38.1371],[-5.7406,38.1266],[-5.7348,38.0863],[-5.7103,38.0811],[-5.6935,38.0838],[-5.6333,38.1381],[-5.5847,38.1317],[-5.5855,38.1404],[-5.5739,38.1507],[-5.56,38.1486],[-5.5495,38.1611],[-5.5388,38.1617],[-5.5357,38.1687],[-5.5436,38.1849],[-5.5366,38.1919],[-5.5388,38.1998],[-5.5209,38.2072],[-5.5237,38.2492],[-5.5299,38.2552],[-5.5258,38.2641],[-5.5443,38.2823],[-5.5511,38.311],[-5.5755,38.3296],[-5.5668,38.3626],[-5.5595,38.3676],[-5.5655,38.3669],[-5.5667,38.3772],[-5.5849,38.3859],[-5.5844,38.4003],[-5.568,38.4334],[-5.5196,38.4632],[-5.5038,38.4567],[-5.491,38.4665],[-5.4843,38.4634],[-5.4794,38.4847],[-5.4692,38.4849],[-5.4584,38.4992],[-5.4345,38.5044],[-5.4277,38.5147],[-5.4188,38.5125],[-5.4158,38.5207],[-5.4103,38.52],[-5.4159,38.5302],[-5.4035,38.5361],[-5.4071,38.5433],[-5.3829,38.5411],[-5.3927,38.5528],[-5.3833,38.5574],[-5.3897,38.5622],[-5.3859,38.5668],[-5.3756,38.5683],[-5.3716,38.5836],[-5.3095,38.5773],[-5.3097,38.5941],[-5.2932,38.6091],[-5.2541,38.6261],[-5.2539,38.6332],[-5.2449,38.6321],[-5.2473,38.6399],[-5.2374,38.6377],[-5.2223,38.6489],[-5.2238,38.6565],[-5.2146,38.6486],[-5.2079,38.6679],[-5.1993,38.6564],[-5.1975,38.667],[-5.1849,38.6594],[-5.179,38.6657],[-5.1856,38.6742],[-5.1676,38.6817],[-5.1844,38.7197],[-5.1665,38.7117],[-5.1183,38.716],[-5.1007,38.7077],[-5.0387,38.7333],[-5.0039,38.733],[-4.9899,38.7398],[-4.9727,38.7609],[-4.9607,38.7898],[-4.9434,38.8544],[-4.9148,38.8875],[-4.8477,38.8821],[-4.8329,38.9393],[-4.8518,38.9473],[-4.8812,38.9492],[-4.905,38.9633],[-4.9181,38.9571],[-4.9336,38.9756],[-4.9624,39.0587],[-4.9361,39.0568],[-4.875,39.032],[-4.8609,39.0318],[-4.8491,39.0455],[-4.8327,39.0462],[-4.8257,39.0626],[-4.8583,39.0769],[-4.8743,39.099],[-4.8696,39.1135],[-4.8571,39.1227],[-4.8535,39.1517],[-4.8451,39.1614],[-4.8314,39.1642],[-4.8313,39.1761],[-4.8211,39.1809],[-4.8102,39.1994],[-4.7735,39.1895],[-4.7424,39.1945],[-4.6489,39.1649],[-4.6492,39.172],[-4.6651,39.1861],[-4.7081,39.2099],[-4.7134,39.2443],[-4.7336,39.2526],[-4.7609,39.3208],[-4.7066,39.3277],[-4.7099,39.3458],[-4.7041,39.3645],[-4.6942,39.3736],[-4.6694,39.4245],[-4.6862,39.4415],[-4.6876,39.4503],[-4.7553,39.4157],[-4.7756,39.3969],[-4.8106,39.3965],[-4.8445,39.3796],[-4.8612,39.3793],[-4.8708,39.3683],[-4.903,39.3752],[-4.932,39.388],[-4.9338,39.3954],[-4.9731,39.395],[-4.9695,39.3829],[-4.9841,39.3718],[-5.0088,39.3783],[-5.0195,39.3683],[-5.0537,39.3624],[-5.0905,39.3906],[-5.1136,39.3873],[-5.1117,39.3575],[-5.1234,39.3365],[-5.1718,39.3155],[-5.2475,39.3018],[-5.283,39.3195],[-5.3031,39.3196],[-5.3231,39.3314],[-5.3399,39.3333],[-5.3551,39.2603],[-5.347,39.2392],[-5.3533,39.2243],[-5.3671,39.213],[-5.3839,39.1742],[-5.4137,39.1567],[-5.4278,39.1625],[-5.4597,39.1584],[-5.4787,39.1781],[-5.5001,39.1876],[-5.5145,39.2097],[-5.528,39.1915],[-5.5507,39.2157],[-5.5566,39.2087],[-5.5641,39.2106],[-5.6131,39.1882],[-5.5764,39.1509],[-5.5835,39.1391],[-5.6008,39.1344],[-5.6019,39.1285],[-5.5835,39.1181],[-5.6037,39.1006],[-5.6458,39.1023],[-5.6708,39.0808],[-5.7015,39.0899],[-5.7551,39.1323],[-5.8103,39.1446],[-5.8192,39.1295],[-5.8163,39.1198],[-5.8339,39.1102],[-5.872,39.1043],[-5.9246,39.0832],[-5.9375,39.0838],[-5.9254,39.0939],[-5.9265,39.1046],[-5.9418,39.1087],[-5.982,39.0687],[-6.0096,39.0526],[-6.0185,39.1291],[-6.0785,39.0937],[-6.142,39.0316],[-6.1538,39.0536],[-6.1678,39.0589],[-6.203,39.0565],[-6.2307,39.0898],[-6.2952,39.0982],[-6.3118,39.1122],[-6.3074,39.1467],[-6.3214,39.1717],[-6.3193,39.1845],[-6.3273,39.1867],[-6.379,39.1628],[-6.4185,39.1669],[-6.4386,39.1759],[-6.491,39.1679],[-6.5402,39.1817],[-6.5386,39.1553],[-6.5741,39.1584],[-6.574,39.1677],[-6.5843,39.1711],[-6.58,39.1798],[-6.6333,39.1969],[-6.6451,39.1934],[-6.6596,39.1991],[-6.6809,39.1772],[-6.7505,39.194],[-6.7674,39.1884],[-6.7946,39.215],[-6.8007,39.2394],[-6.7788,39.2654],[-6.7617,39.2758],[-6.7466,39.3218],[-6.7971,39.3448],[-6.7909,39.3675],[-6.802,39.3895],[-6.8831,39.3828],[-6.9357,39.3968],[-6.9953,39.4246],[-7.0493,39.4367],[-7.0669,39.4143],[-7.0381,39.3965],[-7.0092,39.3885],[-7.0187,39.3831],[-7.0213,39.3713],[-7.0325,39.3676],[-7.0299,39.3509],[-7.0479,39.3335],[-7.044,39.3269],[-7.0503,39.3216],[-7.077,39.3102],[-7.0841,39.323],[-7.0826,39.3353],[-7.102,39.3464],[-7.0985,39.3591],[-7.079,39.3514],[-7.0629,39.3723],[-7.0738,39.3812],[-7.1188,39.3837],[-7.1542,39.3675],[-7.1777,39.3308],[-7.1684,39.3202],[-7.1553,39.3297],[-7.1551,39.3145],[-7.1696,39.3059],[-7.2037,39.2657],[-7.2321,39.2789],[-7.2465,39.2564],[-7.2415,39.2083],[-7.2079,39.1873],[-7.1347,39.1712],[-7.1329,39.161],[-7.1404,39.1502],[-7.1362,39.1447],[-7.1494,39.1216],[-7.144,39.1086],[-7.1053,39.0992],[-7.0962,39.1063],[-7.0388,39.1184],[-6.996,39.0993],[-6.9627,39.0608],[-6.9594,39.0545],[-6.9678,39.0395],[-6.9511,39.0236],[-7.0204,38.9401],[-7.0275,38.9229],[-7.0522,38.907],[-7.033,38.8788],[-7.0393,38.8647],[-7.0686,38.8542],[-7.0964,38.816],[-7.1286,38.8138],[-7.1638,38.7798],[-7.1965,38.7653],[-7.2124,38.745],[-7.2594,38.7242],[-7.2725,38.6384],[-7.2656,38.6273],[-7.2436,38.624],[-7.2601,38.6109],[-7.2639,38.5879],[-7.2757,38.5755],[-7.2844,38.5755],[-7.289,38.5581],[-7.3034,38.5431],[-7.3026,38.5211],[-7.3146,38.5139],[-7.3216,38.4783],[-7.3133,38.4741],[-7.3004,38.483],[-7.2986,38.4696],[-7.3133,38.4604],[-7.3151,38.4491],[-7.3303,38.4445],[-7.3359,38.4358],[-7.3171,38.4403],[-7.2999,38.426],[-7.2915,38.4277],[-7.2798,38.4197],[-7.2713,38.3948],[-7.2023,38.329],[-7.1697,38.2793],[-7.1506,38.2758],[-7.1534,38.2702],[-7.143,38.2617],[-7.1398,38.2355],[-7.1127,38.2063],[-7.1078,38.1878],[-7.0892,38.1786],[-7.0851,38.1692],[-7.0662,38.179],[-7.0663,38.1865],[-7.056,38.1853],[-7.0594,38.1777],[-7.0435,38.1873],[-7.0286,38.1825],[-7.0167,38.1972],[-7.0104,38.1958],[-7.0112,38.2045],[-6.9952,38.2038],[-6.9805,38.2113],[-6.972,38.2021],[-6.9566,38.217],[-6.9477,38.2177],[-6.9465,38.2117],[-6.9367,38.2207],[-6.9378,38.2069],[-6.9223,38.2003],[-6.9014,38.2013],[-6.858,38.1799],[-6.8222,38.1738],[-6.795,38.1785],[-6.7994,38.1438],[-6.8157,38.1201],[-6.8082,38.1112],[-6.7696,38.112],[-6.7735,38.1047],[-6.7648,38.106],[-6.7699,38.0997],[-6.7581,38.0927],[-6.7319,38.0901],[-6.735,38.0935],[-6.7284,38.1],[-6.7196,38.1006],[-6.7153,38.0926],[-6.6917,38.095],[-6.6898,38.1],[-6.6609,38.0925],[-6.6536,38.0965],[-6.6492,38.09],[-6.6416,38.0976],[-6.6223,38.0972],[-6.5804,38.0528],[-6.587,38.0268],[-6.5822,38.0209],[-6.5456,38.0281],[-6.4949,38.0191],[-6.4916,38.0095],[-6.4785,38.0081],[-6.4653,38.011],[-6.4737,38.0244],[-6.4657,38.0322]]]}},{"type":"Feature","properties":{"gid":"ESP.11.2_1","provZh":"埃斯特雷马杜拉","name2":"Cáceres","type2":"Provincia","engtype2":"Province"},"geometry":{"type":"Polygon","coordinates":[[[-5.9245,39.098],[-5.9375,39.0838],[-5.8339,39.1102],[-5.8163,39.1198],[-5.8192,39.1295],[-5.8103,39.1446],[-5.7551,39.1323],[-5.69,39.083],[-5.6708,39.0808],[-5.6458,39.1023],[-5.6037,39.1006],[-5.5835,39.1181],[-5.6019,39.1285],[-5.6008,39.1344],[-5.5835,39.1391],[-5.5764,39.1509],[-5.6131,39.1882],[-5.5641,39.2106],[-5.5566,39.2087],[-5.5507,39.2157],[-5.528,39.1915],[-5.5145,39.2097],[-5.5001,39.1876],[-5.4787,39.1781],[-5.4597,39.1584],[-5.4278,39.1625],[-5.4137,39.1567],[-5.3839,39.1742],[-5.3671,39.213],[-5.3533,39.2243],[-5.347,39.2392],[-5.3551,39.2603],[-5.3399,39.3333],[-5.3231,39.3314],[-5.3031,39.3196],[-5.283,39.3195],[-5.2475,39.3018],[-5.1502,39.321],[-5.1234,39.3365],[-5.1117,39.3575],[-5.1136,39.3873],[-5.0905,39.3906],[-5.0537,39.3624],[-5.0195,39.3683],[-5.0088,39.3783],[-4.9841,39.3718],[-4.9695,39.3829],[-4.9749,39.3938],[-4.9524,39.395],[-5.0077,39.4344],[-5.0588,39.4894],[-5.0838,39.4907],[-5.2065,39.5972],[-5.1614,39.6431],[-5.1623,39.6554],[-5.1487,39.6681],[-5.1563,39.6739],[-5.1517,39.696],[-5.1377,39.715],[-5.1737,39.7509],[-5.1743,39.7552],[-5.1583,39.7597],[-5.1668,39.7999],[-5.206,39.7977],[-5.2541,39.7526],[-5.3087,39.7604],[-5.3161,39.7728],[-5.3125,39.8243],[-5.2834,39.8572],[-5.2839,39.8639],[-5.31,39.8802],[-5.3107,39.8865],[-5.3263,39.892],[-5.3694,39.8884],[-5.406,39.8777],[-5.365,39.9839],[-5.364,40.0261],[-5.3737,40.0593],[-5.3689,40.1001],[-5.3359,40.1158],[-5.3679,40.1641],[-5.364,40.2033],[-5.3696,40.2183],[-5.3582,40.2283],[-5.3431,40.2641],[-5.3949,40.2505],[-5.4297,40.2523],[-5.4397,40.2336],[-5.468,40.2242],[-5.4708,40.2079],[-5.499,40.1989],[-5.541,40.1959],[-5.5909,40.2153],[-5.6099,40.2155],[-5.6188,40.2239],[-5.6136,40.2333],[-5.6219,40.2459],[-5.6491,40.2497],[-5.6597,40.2574],[-5.6565,40.2702],[-5.6925,40.2921],[-5.7374,40.2941],[-5.7649,40.2808],[-5.793,40.2867],[-5.8026,40.2976],[-5.7819,40.3125],[-5.7974,40.3533],[-5.8167,40.3509],[-5.847,40.3281],[-5.8549,40.3384],[-5.8841,40.3266],[-5.9171,40.2777],[-5.9377,40.2811],[-6.0061,40.3061],[-6.0195,40.3226],[-6.0159,40.3403],[-6.0521,40.3416],[-6.1056,40.3568],[-6.0823,40.3632],[-6.0862,40.378],[-6.0724,40.3876],[-6.0852,40.3899],[-6.0648,40.3966],[-6.0973,40.4131],[-6.1294,40.4208],[-6.116,40.4416],[-6.1469,40.4361],[-6.1558,40.4478],[-6.1524,40.4526],[-6.1803,40.4622],[-6.2013,40.4829],[-6.2398,40.4859],[-6.2752,40.4585],[-6.3445,40.4428],[-6.3654,40.4224],[-6.3618,40.4071],[-6.3759,40.4002],[-6.4187,40.3993],[-6.4395,40.3816],[-6.4382,40.3728],[-6.4746,40.3701],[-6.5362,40.3473],[-6.5603,40.3291],[-6.5646,40.3146],[-6.5566,40.3064],[-6.5561,40.2908],[-6.5869,40.2707],[-6.6716,40.2632],[-6.69,40.2427],[-6.7181,40.2692],[-6.7517,40.2499],[-6.7555,40.2389],[-6.7814,40.2491],[-6.802,40.2496],[-6.8,40.2421],[-6.8066,40.2415],[-6.8344,40.2476],[-6.8648,40.2705],[-6.8762,40.26],[-6.9073,40.2539],[-6.9514,40.2576],[-6.9633,40.2382],[-6.9791,40.2406],[-7.0127,40.2254],[-7.0189,40.1973],[-7.03,40.1864],[-7.0165,40.1765],[-7.022,40.1674],[-7.0143,40.1493],[-7.0212,40.144],[-7.009,40.1301],[-7.0131,40.1264],[-6.9933,40.1193],[-6.993,40.1125],[-6.9866,40.1191],[-6.9623,40.117],[-6.9608,40.1111],[-6.9542,40.1156],[-6.9483,40.11],[-6.9409,40.1125],[-6.943,40.104],[-6.9338,40.1035],[-6.9208,40.0871],[-6.9173,40.0661],[-6.8923,40.0602],[-6.8972,40.0521],[-6.8809,40.0417],[-6.8773,40.0182],[-6.8638,40.012],[-6.8738,40.0075],[-6.8739,39.9949],[-6.8867,39.9793],[-6.8796,39.9718],[-6.8885,39.961],[-6.885,39.9407],[-6.9066,39.9238],[-6.8995,39.9107],[-6.906,39.8903],[-6.9036,39.8707],[-6.9143,39.8588],[-6.9301,39.8536],[-6.9349,39.8386],[-6.9484,39.8275],[-6.9709,39.825],[-6.9872,39.81],[-6.9895,39.7947],[-6.9768,39.7723],[-6.9872,39.7632],[-6.9939,39.7403],[-6.9873,39.7276],[-6.9995,39.7142],[-7.0155,39.6704],[-7.065,39.658],[-7.1228,39.6638],[-7.1514,39.6531],[-7.2515,39.6668],[-7.2865,39.6607],[-7.3337,39.6408],[-7.3752,39.6508],[-7.403,39.6463],[-7.4555,39.6624],[-7.5417,39.6637],[-7.5276,39.6559],[-7.5274,39.6349],[-7.5101,39.6188],[-7.4994,39.5896],[-7.4612,39.5728],[-7.4465,39.5481],[-7.4303,39.5345],[-7.3907,39.5297],[-7.3904,39.5032],[-7.3791,39.4964],[-7.3819,39.4912],[-7.3625,39.4814],[-7.3478,39.488],[-7.3438,39.4781],[-7.323,39.4747],[-7.2957,39.4587],[-7.3086,39.4303],[-7.3014,39.4227],[-7.3026,39.4122],[-7.3229,39.382],[-7.3063,39.3563],[-7.3103,39.341],[-7.2689,39.3094],[-7.267,39.301],[-7.2037,39.2657],[-7.1696,39.3059],[-7.1551,39.3145],[-7.1553,39.3297],[-7.1684,39.3202],[-7.1766,39.3274],[-7.1771,39.3376],[-7.1613,39.3608],[-7.1371,39.3768],[-7.1043,39.386],[-7.0931,39.38],[-7.0738,39.3812],[-7.0629,39.3723],[-7.079,39.3514],[-7.0985,39.3591],[-7.102,39.3464],[-7.0826,39.3353],[-7.0841,39.323],[-7.077,39.3102],[-7.044,39.3269],[-7.0479,39.3335],[-7.0299,39.3509],[-7.0325,39.3676],[-7.0213,39.3713],[-7.0187,39.3831],[-7.0092,39.3885],[-7.0381,39.3965],[-7.0669,39.4143],[-7.0493,39.4367],[-6.9953,39.4246],[-6.9357,39.3968],[-6.8831,39.3828],[-6.802,39.3895],[-6.7909,39.3675],[-6.7971,39.3448],[-6.7466,39.3218],[-6.7617,39.2758],[-6.7788,39.2654],[-6.8007,39.2394],[-6.7946,39.215],[-6.7674,39.1884],[-6.7505,39.194],[-6.6809,39.1772],[-6.6596,39.1991],[-6.6451,39.1934],[-6.6333,39.1969],[-6.58,39.1798],[-6.5843,39.1711],[-6.574,39.1677],[-6.5741,39.1584],[-6.5386,39.1553],[-6.5402,39.1817],[-6.491,39.1679],[-6.4386,39.1759],[-6.4185,39.1669],[-6.379,39.1628],[-6.3273,39.1867],[-6.3193,39.1845],[-6.3214,39.1717],[-6.3074,39.1467],[-6.3118,39.1122],[-6.2952,39.0982],[-6.2307,39.0898],[-6.203,39.0565],[-6.1678,39.0589],[-6.1538,39.0536],[-6.142,39.0316],[-6.0785,39.0937],[-6.0185,39.1291],[-6.0096,39.0526],[-5.982,39.0687],[-5.9418,39.1087],[-5.9265,39.1046],[-5.9245,39.098]]]}},{"type":"Feature","properties":{"gid":"ESP.12.1_1","provZh":"加利西亚","name2":"A Coruña","type2":"Provincia","engtype2":"Province"},"geometry":{"type":"MultiPolygon","coordinates":[[[[-9.0143,42.4851],[-9.0207,42.4837],[-9.0221,42.4729],[-9.0099,42.4626],[-8.9987,42.469],[-9.0143,42.4851]]],[[[-9.0035,42.4985],[-9.0099,42.4993],[-9.0062,42.4943],[-9.0035,42.4985]]],[[[-8.9537,42.5843],[-8.9201,42.5865],[-8.9207,42.594],[-8.9321,42.5965],[-8.9371,42.6071],[-8.9301,42.6046],[-8.931,42.6135],[-8.9029,42.6324],[-8.8982,42.644],[-8.8738,42.6326],[-8.8879,42.6201],[-8.8876,42.6101],[-8.8757,42.614],[-8.8568,42.6063],[-8.8618,42.6146],[-8.8582,42.6268],[-8.8379,42.6321],[-8.861,42.6463],[-8.851,42.666],[-8.8399,42.6615],[-8.8424,42.6862],[-8.829,42.6662],[-8.8154,42.664],[-8.8249,42.646],[-8.7949,42.6368],[-8.7782,42.6418],[-8.7704,42.6518],[-8.7468,42.6507],[-8.744,42.6654],[-8.7266,42.6771],[-8.7299,42.6864],[-8.7172,42.7063],[-8.6775,42.7118],[-8.6762,42.7175],[-8.6548,42.7205],[-8.6508,42.7291],[-8.6238,42.7142],[-8.6163,42.7188],[-8.6065,42.7151],[-8.5998,42.7431],[-8.5545,42.7467],[-8.5564,42.7606],[-8.5333,42.7519],[-8.493,42.7564],[-8.4697,42.7436],[-8.4068,42.7542],[-8.4153,42.7642],[-8.4,42.7804],[-8.3913,42.7767],[-8.3921,42.7891],[-8.3542,42.7788],[-8.348,42.7885],[-8.3319,42.7942],[-8.3303,42.8273],[-8.3459,42.8322],[-8.3393,42.8406],[-8.3296,42.8421],[-8.3259,42.8312],[-8.3153,42.8459],[-8.3102,42.8304],[-8.2933,42.8296],[-8.2994,42.8189],[-8.2793,42.8109],[-8.274,42.813],[-8.2767,42.8216],[-8.2551,42.8364],[-8.2458,42.8334],[-8.2465,42.8278],[-8.2362,42.8328],[-8.2102,42.8237],[-8.2058,42.8322],[-8.2206,42.8443],[-8.2032,42.8443],[-8.1835,42.86],[-8.1379,42.843],[-8.12,42.8503],[-8.1162,42.8411],[-8.0887,42.8536],[-8.0716,42.8524],[-8.0601,42.8431],[-8.063,42.8361],[-8.0458,42.8315],[-8.0241,42.8471],[-7.9949,42.8506],[-7.9777,42.8774],[-7.956,42.8844],[-7.9353,42.9034],[-7.9432,42.9173],[-7.9161,42.9323],[-7.908,42.9512],[-7.9051,42.9854],[-7.9428,43.0676],[-7.9167,43.0882],[-7.9369,43.1118],[-7.9501,43.1772],[-7.9612,43.1898],[-7.9217,43.2694],[-7.9469,43.286],[-7.8876,43.3363],[-7.8814,43.3524],[-7.8854,43.3754],[-7.898,43.3897],[-7.8908,43.3984],[-7.8695,43.4082],[-7.8457,43.3994],[-7.8229,43.4007],[-7.8052,43.4266],[-7.8102,43.4283],[-7.8071,43.4373],[-7.7799,43.4489],[-7.7681,43.4876],[-7.757,43.4981],[-7.7617,43.5023],[-7.7581,43.5091],[-7.7443,43.512],[-7.7494,43.5196],[-7.7442,43.5299],[-7.7549,43.532],[-7.7478,43.5419],[-7.76,43.5482],[-7.7527,43.55],[-7.7568,43.5518],[-7.7436,43.5701],[-7.7486,43.5776],[-7.7278,43.583],[-7.7205,43.5793],[-7.7176,43.584],[-7.722,43.5853],[-7.7207,43.5989],[-7.7302,43.6028],[-7.7222,43.6081],[-7.7306,43.6105],[-7.7247,43.613],[-7.7353,43.6213],[-7.7181,43.6333],[-7.7169,43.6454],[-7.7012,43.644],[-7.6908,43.6546],[-7.7191,43.6873],[-7.7024,43.6863],[-7.6984,43.6956],[-7.7073,43.7028],[-7.7014,43.7066],[-7.7099,43.7101],[-7.6965,43.7154],[-7.7021,43.7207],[-7.701,43.7365],[-7.6874,43.7421],[-7.6885,43.756],[-7.676,43.761],[-7.6765,43.7696],[-7.6624,43.7774],[-7.6896,43.7915],[-7.6885,43.7765],[-7.7149,43.766],[-7.716,43.7557],[-7.7446,43.7449],[-7.7518,43.7485],[-7.7543,43.7418],[-7.7738,43.7401],[-7.7754,43.7343],[-7.794,43.736],[-7.8035,43.7215],[-7.8126,43.7268],[-7.8076,43.7168],[-7.8254,43.7157],[-7.8296,43.7088],[-7.8251,43.7012],[-7.8082,43.6954],[-7.8357,43.6976],[-7.8332,43.7049],[-7.861,43.7062],[-7.8687,43.6979],[-7.8443,43.6715],[-7.8821,43.6638],[-7.8968,43.6707],[-7.8832,43.6668],[-7.8715,43.6721],[-7.8715,43.681],[-7.8904,43.6868],[-7.8782,43.6871],[-7.8796,43.701],[-7.8699,43.7065],[-7.8774,43.7215],[-7.8635,43.7107],[-7.849,43.7096],[-7.8543,43.7257],[-7.8707,43.7307],[-7.8726,43.7368],[-7.8674,43.7396],[-7.8621,43.7337],[-7.8662,43.744],[-7.8587,43.7626],[-7.869,43.7746],[-7.8907,43.7635],[-7.906,43.769],[-7.9212,43.744],[-7.9507,43.7418],[-7.9468,43.7335],[-7.9515,43.7293],[-7.9996,43.7057],[-8.0335,43.7143],[-8.0624,43.7054],[-8.0668,43.6829],[-8.0754,43.6821],[-8.071,43.6743],[-8.0765,43.6607],[-8.0704,43.6549],[-8.0688,43.6593],[-8.0524,43.6576],[-8.0518,43.6493],[-8.0718,43.6488],[-8.0521,43.6396],[-8.0507,43.6332],[-8.0713,43.6407],[-8.0857,43.6387],[-8.0818,43.6526],[-8.0929,43.6671],[-8.0954,43.6535],[-8.1037,43.6526],[-8.1018,43.6449],[-8.1104,43.6499],[-8.1088,43.641],[-8.1157,43.6382],[-8.1229,43.6437],[-8.1276,43.6346],[-8.1388,43.6354],[-8.1604,43.6143],[-8.1821,43.614],[-8.1807,43.6226],[-8.1876,43.6218],[-8.1899,43.6129],[-8.1987,43.6124],[-8.1943,43.6065],[-8.2021,43.5971],[-8.2165,43.5921],[-8.2174,43.5821],[-8.2626,43.5563],[-8.284,43.5621],[-8.2962,43.5563],[-8.309,43.5693],[-8.3224,43.5651],[-8.324,43.5546],[-8.3151,43.5554],[-8.3143,43.5471],[-8.3037,43.5468],[-8.3057,43.541],[-8.2937,43.5335],[-8.3076,43.5232],[-8.3232,43.5257],[-8.3321,43.5129],[-8.319,43.4974],[-8.3251,43.4837],[-8.3482,43.4643],[-8.3407,43.4582],[-8.3174,43.4701],[-8.2985,43.4608],[-8.266,43.4674],[-8.2582,43.4893],[-8.2479,43.4932],[-8.2429,43.4896],[-8.2546,43.4851],[-8.256,43.4787],[-8.251,43.4846],[-8.241,43.4735],[-8.231,43.4807],[-8.236,43.4746],[-8.2249,43.4724],[-8.2113,43.4832],[-8.2082,43.4771],[-8.2001,43.4779],[-8.1915,43.481],[-8.1954,43.4888],[-8.171,43.4985],[-8.1735,43.5054],[-8.1668,43.5121],[-8.1535,43.5129],[-8.1693,43.4801],[-8.1924,43.476],[-8.1812,43.4726],[-8.1938,43.4718],[-8.1912,43.4651],[-8.2004,43.4604],[-8.2299,43.4565],[-8.2313,43.4632],[-8.2479,43.4607],[-8.2546,43.466],[-8.2685,43.4557],[-8.2735,43.4635],[-8.3124,43.4557],[-8.3035,43.4465],[-8.3168,43.4449],[-8.2979,43.4354],[-8.281,43.4368],[-8.2579,43.4193],[-8.2446,43.4171],[-8.2385,43.4201],[-8.2446,43.4238],[-8.2382,43.4299],[-8.2224,43.4274],[-8.2165,43.4182],[-8.1876,43.4246],[-8.174,43.4204],[-8.1729,43.4113],[-8.1521,43.4135],[-8.1499,43.421],[-8.1346,43.4243],[-8.1488,43.4196],[-8.1601,43.4049],[-8.1829,43.4135],[-8.2054,43.4093],[-8.2215,43.3921],[-8.2254,43.3846],[-8.2149,43.3782],[-8.2176,43.3676],[-8.2054,43.3621],[-8.2207,43.3535],[-8.2032,43.3393],[-8.214,43.339],[-8.2024,43.3218],[-8.2157,43.3037],[-8.2154,43.2915],[-8.2196,43.301],[-8.2107,43.3104],[-8.2143,43.3162],[-8.2057,43.3207],[-8.2101,43.3271],[-8.229,43.3424],[-8.2504,43.349],[-8.2524,43.3549],[-8.2446,43.3585],[-8.251,43.3613],[-8.2449,43.3621],[-8.2599,43.3701],[-8.2643,43.3826],[-8.2962,43.3854],[-8.2971,43.3979],[-8.3062,43.4057],[-8.3496,43.3976],[-8.3443,43.3913],[-8.3551,43.3901],[-8.3501,43.3854],[-8.356,43.381],[-8.3376,43.3782],[-8.3454,43.3724],[-8.3399,43.3676],[-8.3526,43.3568],[-8.3476,43.3479],[-8.3835,43.3399],[-8.3596,43.3162],[-8.3779,43.3237],[-8.3868,43.3368],[-8.3787,43.3574],[-8.3918,43.3585],[-8.3874,43.361],[-8.3918,43.364],[-8.4026,43.361],[-8.3846,43.3688],[-8.3996,43.3904],[-8.4121,43.3818],[-8.4035,43.3735],[-8.4087,43.3688],[-8.4385,43.3824],[-8.4465,43.3732],[-8.4599,43.371],[-8.4571,43.3607],[-8.4885,43.3529],[-8.4857,43.3585],[-8.4918,43.3613],[-8.5004,43.3535],[-8.4951,43.3499],[-8.5057,43.3285],[-8.5176,43.3274],[-8.5329,43.3151],[-8.556,43.3112],[-8.5904,43.3165],[-8.591,43.3218],[-8.6046,43.3179],[-8.6071,43.3235],[-8.6099,43.3146],[-8.6207,43.3171],[-8.7135,43.2893],[-8.726,43.2993],[-8.7421,43.2938],[-8.7863,43.3046],[-8.8024,43.3135],[-8.8068,43.3271],[-8.8274,43.3276],[-8.8307,43.3426],[-8.8393,43.346],[-8.8488,43.3354],[-8.8451,43.3201],[-8.8571,43.3226],[-8.8626,43.3176],[-8.8729,43.3235],[-8.8763,43.3126],[-8.8849,43.3207],[-8.9101,43.3221],[-8.914,43.3193],[-8.9076,43.2935],[-8.9279,43.2932],[-8.9299,43.2832],[-8.9524,43.2949],[-8.9918,43.2754],[-8.9782,43.2626],[-8.9512,43.2624],[-8.9521,43.2471],[-8.9357,43.2321],[-8.9407,43.2232],[-8.9215,43.2429],[-8.9124,43.2426],[-8.9332,43.2193],[-8.9457,43.2165],[-8.9438,43.2271],[-8.9526,43.2304],[-8.971,43.2238],[-8.9815,43.2293],[-8.9979,43.2157],[-9.0049,43.2207],[-8.999,43.2226],[-9.0037,43.2304],[-9.0124,43.2332],[-9.0107,43.2246],[-9.0201,43.2201],[-9.0187,43.2157],[-9.034,43.2143],[-9.0393,43.1951],[-9.0601,43.1835],[-9.074,43.1871],[-9.0915,43.1799],[-9.0879,43.1901],[-9.0982,43.194],[-9.109,43.186],[-9.1146,43.1943],[-9.1301,43.1982],[-9.1329,43.1929],[-9.1379,43.2018],[-9.1343,43.1912],[-9.154,43.1985],[-9.1501,43.1874],[-9.1585,43.1829],[-9.1751,43.1912],[-9.1804,43.1682],[-9.1896,43.1607],[-9.1993,43.1615],[-9.2004,43.1549],[-9.214,43.1646],[-9.2151,43.1515],[-9.2051,43.1418],[-9.2051,43.129],[-9.1976,43.1312],[-9.1926,43.1226],[-9.1826,43.1237],[-9.1662,43.1504],[-9.1651,43.1279],[-9.1507,43.1329],[-9.1418,43.1274],[-9.1379,43.1349],[-9.1321,43.1335],[-9.1412,43.1263],[-9.1593,43.1265],[-9.1662,43.1046],[-9.1846,43.1032],[-9.1824,43.0946],[-9.1885,43.089],[-9.1946,43.0907],[-9.1979,43.1043],[-9.214,43.1024],[-9.2174,43.1135],[-9.224,43.0985],[-9.221,43.0876],[-9.2379,43.0913],[-9.2435,43.0851],[-9.2479,43.0935],[-9.2568,43.0921],[-9.2504,43.0721],[-9.2599,43.0515],[-9.2701,43.0529],[-9.2724,43.0449],[-9.2851,43.0471],[-9.2912,43.0579],[-9.2999,43.0568],[-9.3018,43.0474],[-9.2879,43.0435],[-9.2793,43.0124],[-9.2521,43.0029],[-9.2615,43.0007],[-9.2624,42.9687],[-9.2849,42.9551],[-9.2829,42.9435],[-9.2879,42.9454],[-9.2982,42.9218],[-9.2826,42.9196],[-9.2746,42.9101],[-9.2821,42.8907],[-9.2743,42.8804],[-9.269,42.8807],[-9.2557,42.9085],[-9.2621,42.9071],[-9.2624,42.9207],[-9.2338,42.9263],[-9.2324,42.9415],[-9.2187,42.9426],[-9.2179,42.9313],[-9.2085,42.9271],[-9.209,42.916],[-9.1876,42.9149],[-9.1824,42.9188],[-9.191,42.9515],[-9.174,42.944],[-9.1624,42.9118],[-9.1274,42.9065],[-9.144,42.8957],[-9.1393,42.8874],[-9.1485,42.8835],[-9.1515,42.8696],[-9.1362,42.8457],[-9.1154,42.8457],[-9.1071,42.8301],[-9.1135,42.8115],[-9.1538,42.8021],[-9.1293,42.7832],[-9.1282,42.7707],[-9.1179,42.769],[-9.1179,42.7524],[-9.1037,42.7551],[-9.0935,42.7499],[-9.0913,42.7368],[-9.0771,42.7388],[-9.0804,42.7524],[-9.0757,42.7579],[-9.0582,42.759],[-9.0479,42.769],[-9.0635,42.7865],[-9.0424,42.7871],[-9.0179,42.8029],[-9.0118,42.7962],[-9.0151,42.7824],[-8.981,42.7785],[-8.9799,42.7943],[-8.9663,42.7871],[-8.9663,42.779],[-8.959,42.7793],[-8.9351,42.8051],[-8.9232,42.7971],[-8.9082,42.8021],[-8.8996,42.8249],[-8.9049,42.8285],[-8.8865,42.8162],[-8.8807,42.8176],[-8.8799,42.8274],[-8.8696,42.8285],[-8.8774,42.8265],[-8.8793,42.816],[-8.8965,42.814],[-8.9015,42.8015],[-8.8951,42.796],[-8.9001,42.7912],[-8.8912,42.7896],[-8.8915,42.7807],[-8.9101,42.7912],[-8.9235,42.7868],[-8.9404,42.7738],[-8.9396,42.7668],[-8.9496,42.7621],[-8.9568,42.7454],[-8.9693,42.739],[-8.9757,42.7451],[-8.9896,42.7415],[-8.9946,42.7287],[-9.0088,42.7274],[-9.0132,42.7096],[-9.026,42.709],[-9.0343,42.6954],[-9.0296,42.6924],[-9.0321,42.6776],[-9.0457,42.6629],[-9.0404,42.6413],[-9.0546,42.6237],[-9.0663,42.6199],[-9.0632,42.6071],[-9.081,42.5968],[-9.081,42.5815],[-9.0926,42.574],[-9.0738,42.5649],[-9.076,42.5715],[-9.0704,42.5743],[-9.0518,42.5749],[-9.0321,42.5515],[-9.0421,42.5351],[-9.0435,42.5182],[-9.0485,42.5171],[-9.0232,42.5165],[-9.0126,42.5235],[-9.0062,42.5135],[-9.0104,42.526],[-8.9982,42.529],[-8.9832,42.5435],[-8.9907,42.5638],[-8.9646,42.5676],[-8.9537,42.5843]]],[[[-9.1679,42.8665],[-9.1721,42.8676],[-9.1715,42.8596],[-9.1679,42.8665]]],[[[-9.1849,42.8832],[-9.1896,42.8807],[-9.1824,42.876],[-9.1849,42.8832]]],[[[-8.8376,43.3629],[-8.849,43.3599],[-8.8324,43.3526],[-8.8315,43.3599],[-8.8376,43.3629]]]]}},{"type":"Feature","properties":{"gid":"ESP.12.2_1","provZh":"加利西亚","name2":"Lugo","type2":"Provincia","engtype2":"Province"},"geometry":{"type":"Polygon","coordinates":[[[-7.0644,42.5379],[-7.0708,42.5379],[-7.0641,42.5482],[-7.0688,42.5544],[-7.0626,42.5527],[-7.0546,42.5716],[-7.034,42.5841],[-7.05,42.5979],[-7.0454,42.6042],[-7.0469,42.6327],[-7.0177,42.6452],[-7.0042,42.6428],[-7.0213,42.6519],[-7.0125,42.6578],[-7.0154,42.6646],[-7.045,42.6947],[-7.0289,42.7105],[-7.0198,42.7102],[-7.0107,42.7236],[-6.99,42.7266],[-6.9836,42.7187],[-6.9727,42.725],[-6.9727,42.7379],[-6.9666,42.7387],[-6.9677,42.7475],[-6.9593,42.755],[-6.9468,42.7415],[-6.9355,42.7408],[-6.8961,42.7651],[-6.8906,42.7773],[-6.8673,42.7871],[-6.8644,42.7974],[-6.8691,42.8008],[-6.8402,42.8233],[-6.8711,42.8738],[-6.8336,42.882],[-6.8403,42.8781],[-6.8353,42.8736],[-6.8197,42.8673],[-6.8148,42.8708],[-6.8259,42.8769],[-6.833,42.8978],[-6.8479,42.9143],[-6.824,42.915],[-6.8357,42.9163],[-6.8417,42.9282],[-6.8345,42.9409],[-6.8359,42.9577],[-6.8647,42.9838],[-6.8805,42.9913],[-6.9102,42.9901],[-6.9405,43.0114],[-6.9464,43.0324],[-6.957,43.0367],[-6.9643,43.0265],[-6.9619,43.0008],[-6.9559,42.9961],[-6.9636,42.9957],[-6.9621,42.9906],[-6.9836,43.004],[-6.9857,43.0142],[-6.997,43.0194],[-6.9968,43.0277],[-6.9871,43.0292],[-6.9818,43.0413],[-6.9723,43.0303],[-6.9645,43.0346],[-6.966,43.0613],[-6.9503,43.0682],[-6.9517,43.0762],[-6.938,43.0867],[-6.9155,43.0734],[-6.8938,43.0918],[-6.8712,43.0912],[-6.8555,43.1085],[-6.8275,43.1231],[-6.8214,43.1432],[-6.8388,43.1661],[-6.8558,43.1722],[-6.8617,43.1822],[-6.8716,43.1798],[-6.8681,43.19],[-6.8861,43.1667],[-6.8853,43.1568],[-6.902,43.1551],[-6.9193,43.141],[-6.9372,43.1393],[-6.9414,43.1318],[-6.9572,43.1354],[-6.9614,43.1456],[-6.9733,43.1495],[-6.9806,43.1668],[-6.965,43.187],[-6.9709,43.2042],[-7.0013,43.2072],[-7.0094,43.2228],[-7.0171,43.2216],[-7.0199,43.2132],[-7.0614,43.244],[-7.0714,43.2712],[-7.0596,43.3053],[-7.0785,43.3004],[-7.1011,43.3041],[-7.1151,43.3261],[-7.1306,43.3302],[-7.1274,43.3726],[-7.1389,43.3833],[-7.1594,43.3747],[-7.1766,43.3825],[-7.1774,43.3921],[-7.1821,43.392],[-7.1744,43.4053],[-7.1684,43.4035],[-7.1767,43.4146],[-7.1696,43.4221],[-7.1728,43.4304],[-7.1419,43.4307],[-7.1293,43.4237],[-7.1027,43.427],[-7.0978,43.4417],[-7.0853,43.4445],[-7.0902,43.4539],[-7.0482,43.4774],[-7.0557,43.4954],[-7.0496,43.5201],[-7.0354,43.5354],[-7.0404,43.5565],[-7.0918,43.5557],[-7.1171,43.5635],[-7.1196,43.5557],[-7.1704,43.556],[-7.1762,43.564],[-7.2374,43.5693],[-7.2454,43.5651],[-7.2426,43.5518],[-7.2607,43.549],[-7.2671,43.5407],[-7.2621,43.551],[-7.2515,43.5554],[-7.2618,43.5588],[-7.246,43.5765],[-7.2949,43.5924],[-7.2932,43.5979],[-7.3093,43.6174],[-7.3374,43.6318],[-7.3349,43.6368],[-7.3507,43.649],[-7.3463,43.6565],[-7.3562,43.6624],[-7.3576,43.6721],[-7.4037,43.6824],[-7.4168,43.6924],[-7.446,43.6938],[-7.4468,43.6996],[-7.4626,43.7021],[-7.4599,43.7126],[-7.471,43.7032],[-7.4782,43.7135],[-7.4585,43.7168],[-7.4899,43.7274],[-7.4901,43.7329],[-7.5149,43.7199],[-7.5168,43.7307],[-7.5271,43.7365],[-7.5349,43.7299],[-7.5576,43.7301],[-7.551,43.719],[-7.5588,43.7124],[-7.5854,43.7113],[-7.5768,43.6926],[-7.6032,43.6824],[-7.5954,43.6796],[-7.5999,43.6782],[-7.594,43.6693],[-7.6015,43.6579],[-7.5968,43.6688],[-7.6118,43.6724],[-7.614,43.6787],[-7.6132,43.6896],[-7.6051,43.6949],[-7.6051,43.7021],[-7.6149,43.7021],[-7.6063,43.7182],[-7.6293,43.7204],[-7.6349,43.7388],[-7.6296,43.7457],[-7.6379,43.7532],[-7.6499,43.751],[-7.6521,43.7429],[-7.6726,43.7471],[-7.6729,43.7357],[-7.6821,43.7299],[-7.6979,43.7332],[-7.689,43.7126],[-7.6904,43.7085],[-7.6921,43.7137],[-7.7071,43.711],[-7.7014,43.7066],[-7.7072,43.7012],[-7.6984,43.6956],[-7.7024,43.6863],[-7.7191,43.6873],[-7.6908,43.6546],[-7.7012,43.644],[-7.7169,43.6454],[-7.7181,43.6333],[-7.7353,43.6213],[-7.7247,43.613],[-7.7306,43.6105],[-7.7222,43.6081],[-7.7302,43.6028],[-7.7207,43.5989],[-7.722,43.5853],[-7.7176,43.584],[-7.7205,43.5793],[-7.7278,43.583],[-7.7486,43.5776],[-7.7436,43.5701],[-7.7568,43.5518],[-7.7527,43.55],[-7.76,43.5482],[-7.7478,43.5419],[-7.7549,43.532],[-7.7442,43.5299],[-7.7494,43.5196],[-7.7443,43.512],[-7.7581,43.5091],[-7.7617,43.5023],[-7.757,43.4981],[-7.7681,43.4876],[-7.7799,43.4489],[-7.8071,43.4373],[-7.8102,43.4283],[-7.8052,43.4266],[-7.8229,43.4007],[-7.8457,43.3994],[-7.8695,43.4082],[-7.8908,43.3984],[-7.898,43.3897],[-7.8854,43.3754],[-7.8814,43.3524],[-7.8876,43.3363],[-7.9469,43.286],[-7.9217,43.2694],[-7.9612,43.1898],[-7.9501,43.1772],[-7.9369,43.1118],[-7.9167,43.0882],[-7.9428,43.0676],[-7.9051,42.9854],[-7.908,42.9512],[-7.9161,42.9323],[-7.9432,42.9173],[-7.9353,42.9034],[-7.956,42.8844],[-7.9777,42.8774],[-7.9996,42.8489],[-7.9842,42.8423],[-7.9687,42.8496],[-7.9562,42.8397],[-7.9803,42.8113],[-7.9784,42.7789],[-7.9352,42.7397],[-7.8662,42.7206],[-7.8613,42.7062],[-7.8924,42.6776],[-7.8874,42.6609],[-7.8924,42.6296],[-7.9122,42.6009],[-7.9126,42.5917],[-7.9306,42.5786],[-7.9114,42.5561],[-7.8899,42.5502],[-7.8886,42.5381],[-7.9238,42.525],[-7.9014,42.5213],[-7.913,42.5084],[-7.8753,42.5109],[-7.8777,42.5026],[-7.8613,42.5041],[-7.845,42.4983],[-7.8419,42.4905],[-7.8194,42.4918],[-7.8067,42.4811],[-7.7644,42.4937],[-7.7481,42.48],[-7.7882,42.4735],[-7.7887,42.466],[-7.7811,42.4681],[-7.7526,42.451],[-7.739,42.4566],[-7.713,42.4524],[-7.6942,42.4279],[-7.662,42.423],[-7.6568,42.4152],[-7.6307,42.4066],[-7.6165,42.3842],[-7.5746,42.4048],[-7.5408,42.3844],[-7.501,42.3887],[-7.4657,42.4071],[-7.4474,42.407],[-7.3991,42.4355],[-7.3697,42.4213],[-7.3441,42.4296],[-7.3068,42.4294],[-7.2907,42.4146],[-7.2693,42.4149],[-7.2477,42.3899],[-7.2199,42.3872],[-7.2297,42.376],[-7.2308,42.3591],[-7.2175,42.3369],[-7.2025,42.3257],[-7.1904,42.364],[-7.1822,42.3656],[-7.182,42.376],[-7.1717,42.3792],[-7.1661,42.4044],[-7.147,42.4216],[-7.1516,42.4324],[-7.1122,42.4573],[-7.0999,42.4586],[-7.1001,42.4678],[-7.0762,42.4965],[-7.0769,42.5082],[-7.0597,42.5293],[-7.0644,42.5379]]]}},{"type":"Feature","properties":{"gid":"ESP.12.3_1","provZh":"加利西亚","name2":"Ourense","type2":"Provincia","engtype2":"Province"},"geometry":{"type":"Polygon","coordinates":[[[-7.4308,41.8337],[-7.4257,41.8294],[-7.4309,41.8229],[-7.4247,41.8165],[-7.4276,41.8074],[-7.3976,41.8264],[-7.3904,41.8423],[-7.3658,41.8528],[-7.3564,41.8405],[-7.3153,41.8425],[-7.2578,41.8659],[-7.232,41.8673],[-7.1967,41.88],[-7.182,41.9129],[-7.1735,41.9191],[-7.1895,41.9417],[-7.1821,41.9518],[-7.1877,41.9567],[-7.1866,41.9694],[-7.1782,41.9801],[-7.1584,41.9762],[-7.1414,41.9907],[-7.119,41.9866],[-7.0875,41.9735],[-7.0769,41.9519],[-7.0683,41.949],[-7.043,41.955],[-7.0062,41.9506],[-6.9834,41.9729],[-6.9902,41.9897],[-6.961,42.0272],[-6.973,42.0391],[-6.9746,42.0551],[-7.0125,42.0527],[-7.0309,42.0633],[-7.0334,42.0742],[-7.0199,42.0831],[-7.0031,42.0839],[-7.0027,42.0963],[-6.9899,42.1025],[-6.9897,42.1213],[-6.9563,42.1294],[-6.9444,42.1417],[-6.9434,42.1722],[-6.9146,42.1894],[-6.9009,42.1896],[-6.8887,42.2018],[-6.8931,42.2072],[-6.8867,42.2143],[-6.8435,42.2283],[-6.8022,42.2184],[-6.7966,42.209],[-6.787,42.2157],[-6.803,42.2387],[-6.7874,42.2542],[-6.7669,42.2574],[-6.7658,42.271],[-6.741,42.2986],[-6.736,42.311],[-6.7396,42.3212],[-6.7339,42.318],[-6.7406,42.3284],[-6.7338,42.3591],[-6.7577,42.3675],[-6.7664,42.365],[-6.774,42.3788],[-6.8207,42.3856],[-6.8434,42.4058],[-6.8311,42.4083],[-6.8208,42.4214],[-6.8247,42.4259],[-6.8145,42.4269],[-6.8216,42.4333],[-6.8222,42.4539],[-6.8085,42.4694],[-6.8253,42.4857],[-6.8226,42.4908],[-6.8372,42.4956],[-6.8409,42.4889],[-6.8599,42.4887],[-6.8766,42.4992],[-6.9164,42.5084],[-6.9321,42.5205],[-6.9599,42.5177],[-6.9789,42.4932],[-7.0008,42.5057],[-7.0285,42.4978],[-7.0456,42.5078],[-7.0769,42.5082],[-7.0762,42.4965],[-7.1001,42.4678],[-7.0999,42.4586],[-7.1122,42.4573],[-7.1516,42.4324],[-7.147,42.4216],[-7.1661,42.4044],[-7.1717,42.3792],[-7.182,42.376],[-7.1822,42.3656],[-7.1904,42.364],[-7.2025,42.3257],[-7.2175,42.3369],[-7.2308,42.3591],[-7.2297,42.376],[-7.2199,42.3872],[-7.2477,42.3899],[-7.2693,42.4149],[-7.2907,42.4146],[-7.3068,42.4294],[-7.3441,42.4296],[-7.3697,42.4213],[-7.3991,42.4355],[-7.4474,42.407],[-7.4657,42.4071],[-7.501,42.3887],[-7.5408,42.3844],[-7.5746,42.4048],[-7.6165,42.3842],[-7.6307,42.4066],[-7.6568,42.4152],[-7.662,42.423],[-7.6942,42.4279],[-7.713,42.4524],[-7.739,42.4566],[-7.7526,42.451],[-7.7811,42.4681],[-7.7887,42.466],[-7.7882,42.4735],[-7.7481,42.48],[-7.7644,42.4937],[-7.7733,42.4946],[-7.7996,42.48],[-7.8194,42.4918],[-7.8419,42.4905],[-7.845,42.4983],[-7.8613,42.5041],[-7.8777,42.5026],[-7.8753,42.5109],[-7.913,42.5084],[-7.9014,42.5213],[-7.9238,42.525],[-7.8886,42.5381],[-7.8899,42.5502],[-7.9114,42.5561],[-7.9278,42.5785],[-7.9647,42.5666],[-7.992,42.5725],[-8.0162,42.5427],[-8.0483,42.5549],[-8.0592,42.5487],[-8.0893,42.5577],[-8.1467,42.5487],[-8.1737,42.572],[-8.1863,42.5651],[-8.1841,42.5569],[-8.1992,42.5518],[-8.2174,42.5338],[-8.2393,42.5382],[-8.2636,42.5257],[-8.2746,42.5084],[-8.3026,42.4902],[-8.3121,42.4954],[-8.3403,42.4924],[-8.3419,42.4844],[-8.3525,42.4807],[-8.3662,42.4873],[-8.342,42.4659],[-8.3357,42.448],[-8.3381,42.4334],[-8.3145,42.381],[-8.3243,42.3692],[-8.3173,42.3563],[-8.3249,42.352],[-8.3245,42.345],[-8.3051,42.34],[-8.2846,42.3176],[-8.2618,42.315],[-8.2727,42.2824],[-8.2644,42.2528],[-8.2415,42.245],[-8.2329,42.2336],[-8.212,42.2358],[-8.2033,42.2445],[-8.1617,42.2441],[-8.1726,42.2328],[-8.1622,42.2273],[-8.1639,42.2221],[-8.1921,42.2091],[-8.1795,42.2099],[-8.1759,42.1857],[-8.161,42.1791],[-8.1741,42.1711],[-8.1806,42.1584],[-8.1995,42.1541],[-8.188,42.1436],[-8.1935,42.1291],[-8.1859,42.0982],[-8.1881,42.0739],[-8.1755,42.0653],[-8.1496,42.0793],[-8.1379,42.0758],[-8.1187,42.0823],[-8.0966,42.0723],[-8.0844,42.0473],[-8.086,42.0165],[-8.1278,42.0056],[-8.1407,41.9887],[-8.163,41.9827],[-8.1749,41.955],[-8.1979,41.9395],[-8.2168,41.9135],[-8.2153,41.8982],[-8.2013,41.8881],[-8.2,41.8737],[-8.1693,41.8765],[-8.1617,41.861],[-8.165,41.8181],[-8.1309,41.8089],[-8.1166,41.8127],[-8.0939,41.808],[-8.0576,41.8157],[-8.0387,41.83],[-8.014,41.829],[-7.9877,41.8692],[-7.9715,41.8764],[-7.9488,41.871],[-7.9212,41.8778],[-7.9063,41.9271],[-7.8847,41.9243],[-7.8848,41.8809],[-7.8922,41.8595],[-7.8728,41.8449],[-7.8663,41.8589],[-7.8415,41.8665],[-7.8452,41.8813],[-7.7869,41.8841],[-7.7635,41.899],[-7.7333,41.8923],[-7.7008,41.9077],[-7.6538,41.8812],[-7.5858,41.8819],[-7.5841,41.8757],[-7.6018,41.8665],[-7.6139,41.8297],[-7.5739,41.8297],[-7.5213,41.8419],[-7.5056,41.8508],[-7.5113,41.8653],[-7.4913,41.8712],[-7.4852,41.8613],[-7.4525,41.8651],[-7.4456,41.8578],[-7.4467,41.8433],[-7.4308,41.8337]]]}},{"type":"Feature","properties":{"gid":"ESP.12.4_1","provZh":"加利西亚","name2":"Pontevedra","type2":"Provincia","engtype2":"Province"},"geometry":{"type":"MultiPolygon","coordinates":[[[[-8.851,41.8771],[-8.8184,41.9113],[-8.7859,41.9173],[-8.7563,41.9331],[-8.7477,41.9431],[-8.7441,41.9659],[-8.6622,42.0026],[-8.6576,42.0301],[-8.6359,42.0479],[-8.5953,42.0569],[-8.5812,42.0519],[-8.546,42.0542],[-8.5264,42.0625],[-8.5281,42.0747],[-8.5198,42.0796],[-8.443,42.0824],[-8.4289,42.0723],[-8.4048,42.0804],[-8.3816,42.0764],[-8.3631,42.0904],[-8.3319,42.0838],[-8.3223,42.1017],[-8.3039,42.1039],[-8.2736,42.1241],[-8.2591,42.1213],[-8.2561,42.1346],[-8.2455,42.1398],[-8.2257,42.1329],[-8.2076,42.1405],[-8.2005,42.1537],[-8.1806,42.1584],[-8.1741,42.1711],[-8.1662,42.1727],[-8.1614,42.1809],[-8.1759,42.1857],[-8.1746,42.2038],[-8.1795,42.2099],[-8.1921,42.2091],[-8.1639,42.2221],[-8.1622,42.2273],[-8.1726,42.2328],[-8.1617,42.2441],[-8.2033,42.2445],[-8.212,42.2358],[-8.2329,42.2336],[-8.2415,42.245],[-8.2644,42.2528],[-8.2727,42.2824],[-8.2618,42.315],[-8.2846,42.3176],[-8.3051,42.34],[-8.3245,42.345],[-8.3249,42.352],[-8.3173,42.3563],[-8.3243,42.3692],[-8.3145,42.381],[-8.3381,42.4334],[-8.3357,42.448],[-8.342,42.4659],[-8.3662,42.4873],[-8.3525,42.4807],[-8.3419,42.4844],[-8.3403,42.4924],[-8.3121,42.4954],[-8.3026,42.4902],[-8.2746,42.5084],[-8.2636,42.5257],[-8.2393,42.5382],[-8.2174,42.5338],[-8.1992,42.5518],[-8.1841,42.5569],[-8.1863,42.5651],[-8.1737,42.572],[-8.1467,42.5487],[-8.0893,42.5577],[-8.0592,42.5487],[-8.0483,42.5549],[-8.0162,42.5427],[-7.992,42.5725],[-7.9647,42.5666],[-7.9191,42.5843],[-7.8924,42.6296],[-7.8874,42.6609],[-7.8924,42.6776],[-7.8613,42.7062],[-7.8662,42.7206],[-7.9352,42.7397],[-7.9784,42.7789],[-7.9803,42.8113],[-7.9562,42.8397],[-7.9687,42.8496],[-7.9842,42.8423],[-8.0134,42.8502],[-8.0458,42.8315],[-8.063,42.8361],[-8.0601,42.8431],[-8.0716,42.8524],[-8.0887,42.8536],[-8.1162,42.8411],[-8.12,42.8503],[-8.1379,42.843],[-8.1835,42.86],[-8.2032,42.8443],[-8.2206,42.8443],[-8.2058,42.8322],[-8.2102,42.8237],[-8.2362,42.8328],[-8.2465,42.8278],[-8.2458,42.8334],[-8.2551,42.8364],[-8.2767,42.8216],[-8.274,42.813],[-8.2793,42.8109],[-8.2994,42.8189],[-8.2933,42.8296],[-8.3102,42.8304],[-8.3153,42.8459],[-8.3259,42.8312],[-8.3296,42.8421],[-8.3455,42.8359],[-8.3425,42.8284],[-8.3303,42.8273],[-8.3319,42.7942],[-8.348,42.7885],[-8.3542,42.7788],[-8.3921,42.7891],[-8.3913,42.7767],[-8.4,42.7804],[-8.4153,42.7642],[-8.4068,42.7542],[-8.4697,42.7436],[-8.493,42.7564],[-8.5333,42.7519],[-8.5564,42.7606],[-8.5545,42.7467],[-8.5998,42.7431],[-8.6065,42.7151],[-8.6163,42.7188],[-8.6238,42.7142],[-8.6508,42.7291],[-8.6548,42.7205],[-8.6762,42.7175],[-8.6775,42.7118],[-8.7172,42.7063],[-8.7299,42.6864],[-8.729,42.666],[-8.7765,42.6171],[-8.766,42.6024],[-8.7715,42.5935],[-8.784,42.5976],[-8.7965,42.5863],[-8.7957,42.5801],[-8.8296,42.5754],[-8.8318,42.5621],[-8.819,42.5612],[-8.8251,42.5532],[-8.8304,42.5604],[-8.8365,42.554],[-8.8265,42.5407],[-8.8296,42.5196],[-8.8151,42.5249],[-8.8179,42.5024],[-8.8057,42.5004],[-8.8118,42.4918],[-8.8251,42.4957],[-8.831,42.4849],[-8.8293,42.4701],[-8.8213,42.4676],[-8.8207,42.4526],[-8.8335,42.4582],[-8.8354,42.4518],[-8.8387,42.4596],[-8.8482,42.454],[-8.8443,42.4565],[-8.8488,42.4599],[-8.869,42.4476],[-8.8721,42.4626],[-8.8557,42.4712],[-8.8585,42.4982],[-8.8899,42.4963],[-8.8918,42.489],[-8.8832,42.4882],[-8.9082,42.4746],[-8.9382,42.4793],[-8.936,42.4685],[-8.9451,42.4635],[-8.9293,42.449],[-8.9132,42.4629],[-8.8821,42.4554],[-8.8707,42.4351],[-8.8807,42.4307],[-8.8738,42.4265],[-8.8821,42.424],[-8.8818,42.4146],[-8.8682,42.4143],[-8.8587,42.3979],[-8.8479,42.3976],[-8.839,42.3838],[-8.8321,42.3896],[-8.8265,42.386],[-8.8185,42.394],[-8.824,42.3982],[-8.8168,42.396],[-8.8149,42.4012],[-8.7807,42.3957],[-8.7738,42.3879],[-8.7401,42.4137],[-8.714,42.4212],[-8.6954,42.4371],[-8.6896,42.4382],[-8.6854,42.4238],[-8.6751,42.4207],[-8.6712,42.4263],[-8.6565,42.4257],[-8.6515,42.4349],[-8.6554,42.4235],[-8.6888,42.4032],[-8.6987,42.4029],[-8.6915,42.4004],[-8.6974,42.3943],[-8.7015,42.3993],[-8.7101,42.3965],[-8.7299,42.3757],[-8.7368,42.376],[-8.7549,42.3404],[-8.7879,42.3271],[-8.7999,42.3318],[-8.7999,42.339],[-8.8374,42.3404],[-8.8274,42.3329],[-8.8235,42.3138],[-8.8182,42.314],[-8.8229,42.2818],[-8.8168,42.2788],[-8.8201,42.2743],[-8.8299,42.2776],[-8.8576,42.3093],[-8.8629,42.2682],[-8.8743,42.254],[-8.8638,42.2457],[-8.8551,42.2618],[-8.8363,42.2588],[-8.8271,42.2507],[-8.8143,42.2618],[-8.7924,42.2463],[-8.784,42.2626],[-8.7649,42.2582],[-8.7354,42.2729],[-8.7321,42.2865],[-8.7193,42.281],[-8.7171,42.2887],[-8.7113,42.276],[-8.6899,42.2799],[-8.676,42.2907],[-8.661,42.2907],[-8.6518,42.2982],[-8.6618,42.3121],[-8.6363,42.3262],[-8.6446,42.3382],[-8.6324,42.3537],[-8.6254,42.3457],[-8.5965,42.3462],[-8.6157,42.3399],[-8.6112,42.3265],[-8.6218,42.3088],[-8.614,42.2982],[-8.6213,42.291],[-8.614,42.2857],[-8.654,42.2885],[-8.669,42.279],[-8.676,42.2649],[-8.7035,42.2596],[-8.7126,42.241],[-8.7337,42.2404],[-8.7415,42.2274],[-8.7493,42.2263],[-8.751,42.2307],[-8.7426,42.2318],[-8.7532,42.2315],[-8.7512,42.2351],[-8.7629,42.2315],[-8.7543,42.2257],[-8.7751,42.2226],[-8.7804,42.2032],[-8.7949,42.1974],[-8.8001,42.2038],[-8.8051,42.2001],[-8.7965,42.194],[-8.8149,42.1893],[-8.8121,42.1815],[-8.824,42.1554],[-8.8504,42.1568],[-8.8474,42.1482],[-8.8207,42.1424],[-8.8168,42.1351],[-8.8274,42.1215],[-8.8149,42.1154],[-8.8363,42.1124],[-8.8526,42.1282],[-8.854,42.1224],[-8.8782,42.1113],[-8.9004,42.1126],[-8.8918,42.0824],[-8.8976,42.0674],[-8.8888,42.0557],[-8.8912,42.051],[-8.8854,42.0507],[-8.8888,42.0257],[-8.8835,42.0057],[-8.8771,42.0024],[-8.8882,41.9782],[-8.886,41.9207],[-8.8749,41.8993],[-8.8821,41.881],[-8.8735,41.8699],[-8.851,41.8771]]],[[[-8.9079,42.2071],[-8.9132,42.2057],[-8.9126,42.1949],[-8.8893,42.1907],[-8.9079,42.2071]]],[[[-8.9115,42.2504],[-8.9187,42.251],[-8.9071,42.2376],[-8.9093,42.219],[-8.9171,42.2174],[-8.9146,42.211],[-8.9001,42.2157],[-8.906,42.2232],[-8.8951,42.2274],[-8.9115,42.2504]]],[[[-8.9326,42.3485],[-8.9379,42.3485],[-8.9382,42.341],[-8.9326,42.3485]]],[[[-8.9199,42.3988],[-8.9321,42.3982],[-8.9354,42.3876],[-8.9462,42.3807],[-8.9404,42.3707],[-8.9496,42.3676],[-8.9454,42.3549],[-8.9362,42.3565],[-8.9199,42.3988]]],[[[-8.8415,42.4985],[-8.8457,42.5004],[-8.8529,42.4899],[-8.8524,42.4824],[-8.844,42.4849],[-8.8415,42.4985]]],[[[-8.8754,42.5743],[-8.8924,42.5679],[-8.8826,42.5579],[-8.8707,42.5604],[-8.8729,42.5451],[-8.8807,42.5404],[-8.8718,42.5324],[-8.8793,42.5351],[-8.8824,42.5293],[-8.8643,42.5251],[-8.8682,42.5435],[-8.8549,42.5465],[-8.8632,42.5515],[-8.856,42.5657],[-8.8712,42.564],[-8.8754,42.5743]]],[[[-8.7793,42.6213],[-8.791,42.6162],[-8.7837,42.6146],[-8.7793,42.6213]]],[[[-8.7079,42.4132],[-8.7124,42.4118],[-8.7085,42.4076],[-8.7079,42.4132]]]]}},{"type":"Feature","properties":{"gid":"ESP.13.1_1","provZh":"巴利阿里群岛","name2":"Baleares","type2":"Provincia","engtype2":"Province"},"geometry":{"type":"MultiPolygon","coordinates":[[[[1.4218,38.7924],[1.4188,38.7788],[1.4293,38.7799],[1.4346,38.7646],[1.4285,38.7388],[1.4054,38.7282],[1.3962,38.7354],[1.3799,38.7193],[1.3893,38.6999],[1.3801,38.6929],[1.3879,38.6662],[1.3854,38.6407],[1.4101,38.6499],[1.4463,38.6846],[1.4832,38.679],[1.526,38.6524],[1.571,38.6499],[1.5854,38.6621],[1.5826,38.6774],[1.5707,38.6918],[1.5615,38.6924],[1.5301,38.6735],[1.4863,38.6965],[1.4713,38.7201],[1.4732,38.7287],[1.4576,38.724],[1.4468,38.7337],[1.4235,38.7996],[1.4218,38.7924]]],[[[1.4787,38.7882],[1.4826,38.7985],[1.4771,38.8054],[1.4735,38.7982],[1.4787,38.7882]]],[[[1.2032,38.8699],[1.1951,38.871],[1.1876,38.8626],[1.2026,38.8638],[1.2032,38.8699]]],[[[1.4101,38.8907],[1.4229,38.9046],[1.4376,38.9021],[1.4424,38.9096],[1.4379,38.914],[1.4576,38.9032],[1.4546,38.9168],[1.4771,38.9126],[1.4882,38.9265],[1.5054,38.9324],[1.511,38.9468],[1.5293,38.9454],[1.5199,38.9529],[1.5321,38.9554],[1.534,38.9829],[1.5465,38.9829],[1.5515,38.9921],[1.5821,38.989],[1.5782,39.0018],[1.5874,39.0107],[1.5843,39.0157],[1.594,39.0149],[1.6065,39.0296],[1.6151,39.024],[1.6215,39.0271],[1.6168,39.0285],[1.6207,39.0363],[1.6085,39.0357],[1.6099,39.044],[1.5882,39.0624],[1.5921,39.0762],[1.5999,39.0732],[1.6121,39.081],[1.5985,39.0832],[1.6049,39.091],[1.5932,39.0982],[1.5587,39.0929],[1.5376,39.1068],[1.5424,39.1162],[1.5324,39.1188],[1.5138,39.1165],[1.5168,39.1096],[1.5074,39.1143],[1.5087,39.103],[1.4985,39.0996],[1.4899,39.1101],[1.4835,39.101],[1.4632,39.1037],[1.4401,39.0812],[1.4396,39.0879],[1.4243,39.0924],[1.4168,39.0779],[1.3882,39.0796],[1.3763,39.0629],[1.3657,39.0643],[1.3588,39.074],[1.3524,39.0649],[1.3443,39.066],[1.3426,39.0537],[1.3265,39.0537],[1.3257,39.0482],[1.2899,39.0282],[1.2915,39.014],[1.2985,39.0096],[1.2835,38.9971],[1.2979,38.9763],[1.3065,38.979],[1.3013,38.9685],[1.2835,38.9743],[1.2657,38.9696],[1.2685,38.9665],[1.2604,38.9715],[1.2446,38.9665],[1.2399,38.9679],[1.2435,38.9732],[1.2337,38.9693],[1.2288,38.9749],[1.2254,38.9646],[1.2146,38.9585],[1.2357,38.9385],[1.2204,38.9229],[1.2182,38.9151],[1.2238,38.9132],[1.2132,38.8971],[1.2243,38.8896],[1.2238,38.8707],[1.2407,38.8688],[1.2451,38.856],[1.2538,38.8574],[1.2718,38.8788],[1.2965,38.8763],[1.3051,38.8671],[1.2979,38.8638],[1.3015,38.8604],[1.3168,38.8671],[1.3196,38.8557],[1.3288,38.8668],[1.3443,38.8704],[1.3651,38.854],[1.371,38.8279],[1.3851,38.8421],[1.406,38.8296],[1.4024,38.8488],[1.4082,38.8701],[1.4032,38.876],[1.4101,38.8907]]],[[[1.2171,38.9715],[1.2137,38.9682],[1.2193,38.9663],[1.2171,38.9715]]],[[[1.2154,38.9949],[1.206,38.989],[1.2135,38.9754],[1.2193,38.9779],[1.2115,38.984],[1.2154,38.9949]]],[[[1.6424,39.0401],[1.6368,39.041],[1.6399,39.0346],[1.6507,39.0315],[1.6424,39.0401]]],[[[2.9538,39.1646],[2.946,39.1632],[2.9499,39.1496],[2.929,39.1551],[2.9371,39.1454],[2.9312,39.1429],[2.9165,39.161],[2.9207,39.1515],[2.9146,39.139],[2.9251,39.1385],[2.9201,39.1282],[2.9579,39.1271],[2.9538,39.1351],[2.9621,39.1415],[2.9568,39.1471],[2.9704,39.1476],[2.9765,39.1574],[2.9538,39.1646]]],[[[2.9707,39.189],[2.9615,39.1899],[2.9551,39.1821],[2.9663,39.1754],[2.9707,39.189]]],[[[2.9315,39.3635],[2.9574,39.3635],[2.9774,39.3521],[2.9915,39.3365],[2.9904,39.3268],[2.9837,39.324],[2.9862,39.3154],[2.9946,39.3121],[3.0035,39.3171],[3.014,39.3101],[3.0204,39.3032],[3.0174,39.2951],[3.0307,39.2893],[3.0299,39.2826],[3.0421,39.2799],[3.0496,39.2651],[3.0732,39.2682],[3.1179,39.3115],[3.1376,39.3162],[3.1471,39.3282],[3.1774,39.3288],[3.1924,39.3446],[3.1857,39.3501],[3.2154,39.3543],[3.2093,39.3568],[3.2113,39.3621],[3.2201,39.3565],[3.2324,39.3613],[3.2351,39.3674],[3.2285,39.3674],[3.2449,39.3774],[3.2543,39.4007],[3.2685,39.416],[3.2596,39.416],[3.2626,39.4246],[3.2674,39.4257],[3.2704,39.4135],[3.2751,39.4157],[3.2782,39.4574],[3.2968,39.4993],[3.3163,39.5204],[3.3401,39.534],[3.3365,39.541],[3.3404,39.5371],[3.3685,39.5504],[3.379,39.5762],[3.404,39.5788],[3.3871,39.5876],[3.3846,39.5957],[3.4032,39.6357],[3.4343,39.6321],[3.4407,39.656],[3.456,39.6554],[3.4565,39.7051],[3.4699,39.7124],[3.4749,39.7093],[3.479,39.7157],[3.4729,39.7212],[3.4521,39.7218],[3.4624,39.7382],[3.4615,39.7482],[3.4326,39.7449],[3.4046,39.764],[3.3799,39.7654],[3.3474,39.7896],[3.3351,39.784],[3.3357,39.769],[3.3263,39.7579],[3.2432,39.7296],[3.1529,39.7674],[3.1265,39.7915],[3.1165,39.8182],[3.1218,39.8354],[3.1293,39.8413],[3.1407,39.8321],[3.1746,39.8379],[3.196,39.8585],[3.184,39.8704],[3.1885,39.8815],[3.204,39.8899],[3.1904,39.8929],[3.1851,39.8838],[3.1468,39.8665],[3.1318,39.8696],[3.1032,39.8574],[3.0835,39.8749],[3.0796,39.9012],[3.0882,39.9029],[3.0838,39.9071],[3.0912,39.9107],[3.1076,39.9057],[3.111,39.899],[3.1099,39.9113],[3.1268,39.9157],[3.1315,39.9263],[3.1551,39.9226],[3.1782,39.9371],[3.2015,39.9429],[3.2143,39.9621],[3.1782,39.9512],[3.1735,39.9526],[3.1804,39.9613],[3.1649,39.9596],[3.1321,39.946],[3.1221,39.9318],[3.0968,39.9282],[3.101,39.9346],[3.094,39.9357],[3.079,39.924],[3.0596,39.9199],[3.0551,39.9221],[3.061,39.9324],[3.0385,39.9299],[3.0412,39.9374],[3.0329,39.9301],[3.0279,39.9349],[3.0021,39.9235],[2.9865,39.9093],[2.969,39.9099],[2.9513,39.9199],[2.9349,39.9035],[2.9032,39.8982],[2.8751,39.8787],[2.8532,39.8743],[2.8443,39.8618],[2.8154,39.8574],[2.8026,39.8626],[2.8001,39.8512],[2.7782,39.856],[2.7757,39.8399],[2.7649,39.8426],[2.7654,39.8354],[2.7554,39.8296],[2.7407,39.8329],[2.6988,39.811],[2.6887,39.7979],[2.6965,39.796],[2.694,39.791],[2.6829,39.7985],[2.6718,39.7949],[2.664,39.7749],[2.6449,39.7624],[2.6349,39.7651],[2.6271,39.7537],[2.619,39.7562],[2.6229,39.7485],[2.589,39.719],[2.5557,39.7001],[2.5268,39.7015],[2.4974,39.6843],[2.4624,39.6521],[2.4232,39.6387],[2.4215,39.6299],[2.3851,39.614],[2.3685,39.6146],[2.3471,39.5954],[2.3451,39.5846],[2.3535,39.5762],[2.3471,39.5632],[2.3665,39.5543],[2.3718,39.5438],[2.3893,39.5468],[2.3632,39.5315],[2.3876,39.5337],[2.3888,39.5204],[2.4049,39.5262],[2.4054,39.536],[2.4138,39.5388],[2.4232,39.5363],[2.4199,39.5229],[2.4568,39.5351],[2.4668,39.5185],[2.4807,39.5174],[2.4557,39.5051],[2.4674,39.4896],[2.479,39.4915],[2.4757,39.4851],[2.4812,39.4738],[2.4735,39.4649],[2.4907,39.4726],[2.5004,39.4607],[2.5213,39.4562],[2.5213,39.4746],[2.5371,39.4874],[2.534,39.5051],[2.5474,39.5113],[2.5379,39.5143],[2.5396,39.524],[2.5618,39.5318],[2.5907,39.531],[2.6057,39.5518],[2.6326,39.5446],[2.6393,39.5532],[2.6315,39.5457],[2.624,39.5496],[2.6326,39.5529],[2.6274,39.5557],[2.6329,39.5685],[2.6385,39.5654],[2.6343,39.5588],[2.6446,39.5649],[2.6724,39.5596],[2.7099,39.5343],[2.7282,39.5304],[2.749,39.5101],[2.7504,39.5021],[2.7218,39.4754],[2.7465,39.4421],[2.7415,39.4065],[2.7871,39.3626],[2.8063,39.3668],[2.8296,39.3557],[2.8438,39.3654],[2.8818,39.3657],[2.9137,39.3524],[2.9146,39.3585],[2.9315,39.3635]]],[[[2.3387,39.5971],[2.3087,39.584],[2.3032,39.571],[2.3193,39.5762],[2.3387,39.5971]]],[[[4.2899,39.8026],[4.2815,39.8007],[4.2965,39.7999],[4.2899,39.8026]]],[[[4.3015,39.8411],[4.3093,39.8493],[4.3015,39.874],[4.2899,39.8838],[4.2749,39.8849],[4.2762,39.8913],[4.2576,39.8946],[4.2946,39.889],[4.3096,39.879],[4.3104,39.8699],[4.3282,39.8771],[4.311,39.8804],[4.309,39.8996],[4.299,39.8979],[4.2932,39.911],[4.2865,39.9126],[4.2851,39.9251],[4.2749,39.9332],[4.2838,39.9446],[4.281,39.9512],[4.2663,39.949],[4.2707,39.9593],[4.2549,39.9638],[4.2657,39.9821],[4.2599,39.9818],[4.2549,39.9929],[4.2701,39.9965],[4.2507,40.0026],[4.2199,39.9971],[4.2179,40.0043],[4.2096,40.0032],[4.2132,40.0074],[4.2074,40.0135],[4.2082,40.0068],[4.2001,40.006],[4.209,39.9938],[4.2051,39.9885],[4.1985,40.0043],[4.2026,40.014],[4.1974,40.0113],[4.2026,40.0224],[4.194,40.0243],[4.1968,40.0307],[4.1915,40.0351],[4.1838,40.0218],[4.1687,40.0276],[4.1715,40.0363],[4.161,40.0321],[4.1646,40.056],[4.1732,40.0607],[4.1549,40.0682],[4.1363,40.0676],[4.1404,40.0349],[4.1346,40.0357],[4.1282,40.0262],[4.1207,40.0363],[4.1346,40.0629],[4.1263,40.0632],[4.1249,40.0552],[4.1096,40.0546],[4.104,40.0443],[4.0932,40.0615],[4.0996,40.0849],[4.0801,40.091],[4.0896,40.0824],[4.0893,40.0693],[4.084,40.0757],[4.0821,40.0682],[4.0749,40.0674],[4.0757,40.0596],[4.0588,40.0601],[4.054,40.051],[4.0276,40.066],[4.0157,40.0565],[3.9946,40.0588],[3.9793,40.051],[3.9599,40.0615],[3.9418,40.0563],[3.9324,40.0626],[3.9199,40.0568],[3.9204,40.0468],[3.9099,40.0485],[3.8993,40.0599],[3.8774,40.053],[3.8682,40.0576],[3.8371,40.0499],[3.8279,40.054],[3.8071,40.034],[3.8096,40.0265],[3.7915,40.0193],[3.7949,39.9993],[3.8299,39.9929],[3.834,39.9604],[3.8243,39.9524],[3.8232,39.9218],[3.8843,39.9215],[3.8965,39.9271],[3.8993,39.9218],[3.9118,39.9251],[3.9146,39.9318],[3.9313,39.9313],[3.9368,39.9382],[3.9474,39.9332],[3.9601,39.9379],[3.9618,39.9318],[3.9896,39.931],[4.0629,39.9049],[4.0985,39.8771],[4.1249,39.8674],[4.1321,39.8715],[4.1318,39.8643],[4.2076,39.8246],[4.2199,39.8271],[4.2196,39.8215],[4.2246,39.824],[4.241,39.8126],[4.2813,39.8104],[4.3001,39.8326],[4.3049,39.831],[4.3015,39.8411]]],[[[4.3037,39.881],[4.3015,39.8757],[4.3076,39.8713],[4.3037,39.881]]],[[[4.2787,39.9663],[4.2732,39.9562],[4.2846,39.9596],[4.2787,39.9663]]]]}},{"type":"Feature","properties":{"gid":"ESP.14.1_1","provZh":"加那利群岛","name2":"Las Palmas","type2":"Provincia","engtype2":"Province"},"geometry":{"type":"MultiPolygon","coordinates":[[[[-15.4476,27.7982],[-15.4326,27.7993],[-15.4224,27.8088],[-15.4224,27.8301],[-15.4132,27.8471],[-15.4001,27.8457],[-15.3982,27.8565],[-15.3849,27.8571],[-15.3862,27.8707],[-15.3799,27.8762],[-15.3932,27.8888],[-15.384,27.9271],[-15.3743,27.9354],[-15.3576,27.9307],[-15.3679,27.9457],[-15.3807,27.9507],[-15.3774,27.9629],[-15.3829,27.9732],[-15.3754,27.9771],[-15.3776,27.9874],[-15.3662,27.9918],[-15.3751,27.9965],[-15.3774,28.0068],[-15.3729,28.0088],[-15.3851,28.0168],[-15.3863,28.0304],[-15.4154,28.0474],[-15.4124,28.0526],[-15.4201,28.0607],[-15.4121,28.0754],[-15.416,28.0857],[-15.4107,28.1035],[-15.424,28.1215],[-15.4232,28.1293],[-15.4293,28.1296],[-15.4226,28.1413],[-15.4276,28.1463],[-15.421,28.1413],[-15.4179,28.1457],[-15.4168,28.1285],[-15.4157,28.1421],[-15.4118,28.1404],[-15.416,28.1465],[-15.4107,28.1429],[-15.4143,28.1482],[-15.4079,28.1576],[-15.4065,28.1485],[-15.4015,28.1649],[-15.404,28.1757],[-15.4218,28.1818],[-15.4438,28.1668],[-15.4335,28.1574],[-15.4312,28.1451],[-15.4438,28.1318],[-15.4674,28.1262],[-15.496,28.1474],[-15.4982,28.1426],[-15.5154,28.1471],[-15.5262,28.156],[-15.546,28.1468],[-15.599,28.1446],[-15.6126,28.1474],[-15.6374,28.1726],[-15.6693,28.1596],[-15.6774,28.1601],[-15.6835,28.1712],[-15.7101,28.1651],[-15.6965,28.1507],[-15.7049,28.1426],[-15.6993,28.1349],[-15.7093,28.1207],[-15.7074,28.1082],[-15.714,28.1035],[-15.7074,28.0943],[-15.711,28.0835],[-15.7351,28.0646],[-15.7401,28.0535],[-15.7674,28.046],[-15.7688,28.0368],[-15.7865,28.0218],[-15.8229,28.014],[-15.8176,28.0054],[-15.834,27.9707],[-15.8282,27.949],[-15.8318,27.9093],[-15.7882,27.8343],[-15.7668,27.8151],[-15.754,27.8143],[-15.7415,27.8001],[-15.7276,27.7954],[-15.7257,27.7879],[-15.7007,27.7704],[-15.6901,27.771],[-15.6824,27.7593],[-15.6862,27.7563],[-15.6746,27.7488],[-15.6593,27.7565],[-15.6285,27.7446],[-15.6196,27.7485],[-15.6001,27.734],[-15.569,27.7368],[-15.5632,27.7604],[-15.5335,27.7696],[-15.519,27.781],[-15.4476,27.7982]]],[[[-15.4076,28.1424],[-15.4068,28.1365],[-15.4071,28.1479],[-15.4076,28.1424]]],[[[-13.8579,28.4296],[-13.8618,28.4379],[-13.856,28.4438],[-13.8565,28.4621],[-13.8671,28.4804],[-13.8621,28.494],[-13.8421,28.5032],[-13.8324,28.5357],[-13.8382,28.5357],[-13.8371,28.5415],[-13.8238,28.5526],[-13.8296,28.5751],[-13.8221,28.5938],[-13.8332,28.6743],[-13.8299,28.6946],[-13.8404,28.7276],[-13.8657,28.734],[-13.8604,28.7399],[-13.8646,28.7465],[-13.8726,28.7451],[-13.8868,28.7576],[-13.9157,28.7476],[-13.9251,28.7529],[-13.936,28.7426],[-13.9415,28.7474],[-13.956,28.7363],[-13.9726,28.7321],[-13.9776,28.7363],[-13.9899,28.7246],[-13.9993,28.7257],[-14.0062,28.7124],[-14.0176,28.7151],[-14.021,28.696],[-14.0085,28.6738],[-14.0393,28.6151],[-14.0337,28.5929],[-14.0668,28.5518],[-14.0651,28.5435],[-14.0985,28.479],[-14.1474,28.4396],[-14.1499,28.4218],[-14.1593,28.4112],[-14.1557,28.3954],[-14.1624,28.3924],[-14.164,28.3674],[-14.1724,28.3624],[-14.1779,28.3465],[-14.2051,28.3282],[-14.2076,28.3013],[-14.2154,28.2882],[-14.209,28.2599],[-14.2154,28.226],[-14.2232,28.2146],[-14.3101,28.1474],[-14.3693,28.1171],[-14.4499,28.101],[-14.4551,28.1063],[-14.4807,28.1018],[-14.4915,28.1113],[-14.4999,28.1015],[-14.4932,28.084],[-14.5013,28.0818],[-14.5107,28.0665],[-14.4762,28.0771],[-14.3815,28.0521],[-14.3687,28.0546],[-14.3624,28.0474],[-14.331,28.0457],[-14.2857,28.084],[-14.219,28.1654],[-14.1957,28.1743],[-14.1671,28.174],[-14.1237,28.1912],[-14.1104,28.1885],[-14.0751,28.2013],[-14.0426,28.2021],[-14.0207,28.2115],[-14.0121,28.2071],[-13.9876,28.2274],[-13.9482,28.2271],[-13.9354,28.2329],[-13.9165,28.2524],[-13.9096,28.2738],[-13.9004,28.2746],[-13.8962,28.2876],[-13.9029,28.3024],[-13.8932,28.3143],[-13.8951,28.3237],[-13.8857,28.3246],[-13.8593,28.3926],[-13.8526,28.3913],[-13.8496,28.4212],[-13.8579,28.4296]]],[[[-13.8124,28.7632],[-13.8154,28.7668],[-13.836,28.7529],[-13.8318,28.739],[-13.8135,28.7365],[-13.8124,28.7632]]],[[[-13.6987,28.9176],[-13.6421,28.919],[-13.6335,28.929],[-13.6085,28.9337],[-13.5968,28.9496],[-13.5588,28.9574],[-13.5443,28.9518],[-13.5465,28.9587],[-13.5415,28.9574],[-13.5318,28.9726],[-13.5318,28.966],[-13.5279,28.9713],[-13.5268,28.9662],[-13.5246,28.9749],[-13.5076,28.986],[-13.4849,28.9924],[-13.4882,28.999],[-13.4804,28.9996],[-13.476,29.0135],[-13.4643,29.0187],[-13.4657,29.0557],[-13.4468,29.089],[-13.4482,29.101],[-13.4635,29.1157],[-13.4643,29.1282],[-13.4451,29.1474],[-13.4282,29.1537],[-13.4221,29.1649],[-13.4268,29.1685],[-13.4182,29.2021],[-13.4243,29.2104],[-13.4332,29.2107],[-13.439,29.2235],[-13.4657,29.2268],[-13.4701,29.2421],[-13.4771,29.2282],[-13.4971,29.219],[-13.4965,29.2082],[-13.5063,29.2035],[-13.5135,29.1779],[-13.5232,29.169],[-13.5251,29.141],[-13.5449,29.1199],[-13.5626,29.1162],[-13.5846,29.1346],[-13.5965,29.1368],[-13.6224,29.1274],[-13.631,29.1171],[-13.6401,29.1249],[-13.6585,29.1254],[-13.6601,29.114],[-13.681,29.1051],[-13.6882,29.0929],[-13.7001,29.0924],[-13.7076,29.0796],[-13.724,29.086],[-13.7524,29.0796],[-13.7624,29.0674],[-13.7946,29.0515],[-13.8174,29.0329],[-13.8307,29.0071],[-13.8343,28.9893],[-13.8285,28.9763],[-13.8354,28.9707],[-13.8304,28.9601],[-13.8351,28.951],[-13.8296,28.9304],[-13.8476,28.9163],[-13.8585,28.8974],[-13.8818,28.8874],[-13.8754,28.8751],[-13.8774,28.8593],[-13.8724,28.854],[-13.8549,28.8612],[-13.8399,28.8546],[-13.8296,28.8621],[-13.8115,28.8543],[-13.7993,28.8576],[-13.7854,28.8382],[-13.7485,28.874],[-13.739,28.9046],[-13.6987,28.9176]]],[[[-13.506,29.2904],[-13.516,29.2862],[-13.5149,29.2754],[-13.5249,29.2676],[-13.5215,29.2574],[-13.5296,29.2521],[-13.5274,29.2415],[-13.5487,29.2287],[-13.5443,29.2179],[-13.5226,29.2176],[-13.514,29.2263],[-13.501,29.2263],[-13.4868,29.2557],[-13.4712,29.2646],[-13.4812,29.2796],[-13.4954,29.2793],[-13.506,29.2904]]],[[[-13.5335,29.3043],[-13.5412,29.3035],[-13.5404,29.2876],[-13.5307,29.2904],[-13.5288,29.304],[-13.5335,29.3043]]],[[[-13.5026,29.4168],[-13.5237,29.4121],[-13.5313,29.4007],[-13.5304,29.3851],[-13.5063,29.3838],[-13.4918,29.3954],[-13.4854,29.404],[-13.5026,29.4168]]]]}},{"type":"Feature","properties":{"gid":"ESP.14.2_1","provZh":"加那利群岛","name2":"Santa Cruz de Tenerife","type2":"Provincia","engtype2":"Province"},"geometry":{"type":"MultiPolygon","coordinates":[[[[-17.2082,28.0238],[-17.1849,28.0293],[-17.1746,28.0393],[-17.1676,28.0351],[-17.1674,28.0426],[-17.1529,28.0549],[-17.1457,28.0535],[-17.1432,28.0626],[-17.1185,28.0746],[-17.1135,28.0871],[-17.0985,28.0951],[-17.106,28.1112],[-17.1024,28.1285],[-17.1132,28.1349],[-17.1104,28.1426],[-17.1187,28.1529],[-17.1554,28.1668],[-17.1554,28.1732],[-17.1649,28.1724],[-17.1676,28.1812],[-17.1829,28.1796],[-17.1963,28.1999],[-17.2449,28.2007],[-17.2521,28.2029],[-17.2596,28.2179],[-17.2776,28.2176],[-17.3085,28.2026],[-17.3182,28.2046],[-17.3471,28.1482],[-17.3421,28.1307],[-17.349,28.0976],[-17.3376,28.0826],[-17.3213,28.0757],[-17.3204,28.0571],[-17.2918,28.0465],[-17.2896,28.0376],[-17.2735,28.0357],[-17.2701,28.0246],[-17.2512,28.0251],[-17.2446,28.0196],[-17.2285,28.0263],[-17.2082,28.0238]]],[[[-17.9615,27.6912],[-17.9562,27.721],[-17.9429,27.7301],[-17.9299,27.7288],[-17.9093,27.7643],[-17.914,27.7704],[-17.8826,27.8029],[-17.8846,27.8174],[-17.9032,27.8376],[-17.9013,27.8421],[-17.9182,27.8485],[-17.9596,27.8418],[-17.9857,27.8221],[-17.9971,27.8251],[-17.9868,27.8104],[-17.9896,27.7999],[-18.0362,27.7632],[-18.0815,27.7537],[-18.114,27.7601],[-18.121,27.7707],[-18.1301,27.7724],[-18.1529,27.761],[-18.156,27.7529],[-18.1526,27.7324],[-18.1593,27.7304],[-18.1615,27.7185],[-18.1546,27.7085],[-18.0513,27.6926],[-18.0368,27.6857],[-18.0104,27.6499],[-17.9924,27.6385],[-17.9785,27.6385],[-17.9699,27.6474],[-17.9726,27.671],[-17.9615,27.6912]]],[[[-17.7935,28.5243],[-17.7874,28.5429],[-17.7599,28.569],[-17.7499,28.6215],[-17.7685,28.6774],[-17.7518,28.7065],[-17.7324,28.7201],[-17.724,28.7435],[-17.7482,28.7693],[-17.7774,28.839],[-17.8082,28.8449],[-17.8571,28.8335],[-17.8854,28.8435],[-17.8899,28.8401],[-17.9026,28.8465],[-17.906,28.8554],[-17.9207,28.8585],[-17.9299,28.8451],[-17.9454,28.8426],[-17.9535,28.8318],[-17.9688,28.8265],[-17.9715,28.8157],[-17.9796,28.8124],[-17.9779,28.8043],[-18.0074,28.7829],[-18.0099,28.749],[-17.9962,28.7446],[-17.9821,28.7293],[-17.9649,28.6679],[-17.939,28.6404],[-17.926,28.6149],[-17.9271,28.5963],[-17.9115,28.5862],[-17.8801,28.5401],[-17.8751,28.491],[-17.8571,28.4599],[-17.8429,28.4526],[-17.8329,28.4565],[-17.8174,28.494],[-17.7935,28.5243]]],[[[-16.8526,28.2738],[-16.8376,28.2604],[-16.846,28.2376],[-16.8376,28.2076],[-16.8199,28.1804],[-16.8057,28.1718],[-16.804,28.1574],[-16.7735,28.1132],[-16.7371,28.0863],[-16.7326,28.0674],[-16.7368,28.0557],[-16.7115,28.0476],[-16.7032,28.0051],[-16.6782,27.9979],[-16.666,28.0088],[-16.6396,28.0049],[-16.6254,28.0185],[-16.596,28.0287],[-16.5557,28.0326],[-16.546,28.0249],[-16.5401,28.0312],[-16.5415,28.0424],[-16.5218,28.0526],[-16.5026,28.0774],[-16.4924,28.079],[-16.4907,28.089],[-16.4635,28.1115],[-16.4621,28.121],[-16.4251,28.1501],[-16.4346,28.1574],[-16.4254,28.1663],[-16.4299,28.1735],[-16.4212,28.1951],[-16.4243,28.2038],[-16.3835,28.2724],[-16.3832,28.286],[-16.3618,28.3054],[-16.3599,28.3201],[-16.369,28.3557],[-16.3599,28.3799],[-16.3301,28.4024],[-16.3204,28.4001],[-16.3057,28.4107],[-16.2671,28.4496],[-16.254,28.451],[-16.2354,28.4857],[-16.2201,28.489],[-16.2249,28.4835],[-16.1849,28.5101],[-16.1579,28.5215],[-16.1429,28.5207],[-16.1329,28.5346],[-16.1251,28.5321],[-16.129,28.5379],[-16.1199,28.5576],[-16.1349,28.5818],[-16.1582,28.589],[-16.2224,28.5663],[-16.2724,28.5779],[-16.2779,28.5718],[-16.2849,28.5774],[-16.2913,28.5701],[-16.3151,28.5718],[-16.3243,28.5793],[-16.334,28.5721],[-16.3365,28.5565],[-16.3954,28.5413],[-16.4215,28.5176],[-16.4271,28.4912],[-16.4449,28.4743],[-16.4521,28.4771],[-16.4568,28.4593],[-16.4668,28.4601],[-16.4751,28.4538],[-16.4701,28.4493],[-16.4749,28.4418],[-16.494,28.4407],[-16.5135,28.4193],[-16.5549,28.4193],[-16.5726,28.4051],[-16.5982,28.4007],[-16.604,28.3943],[-16.6754,28.4015],[-16.6807,28.3913],[-16.6946,28.3954],[-16.7004,28.384],[-16.7201,28.3879],[-16.7249,28.3774],[-16.734,28.3829],[-16.7512,28.371],[-16.8101,28.3768],[-16.8332,28.3935],[-16.8749,28.3701],[-16.9179,28.3607],[-16.9243,28.3412],[-16.9079,28.3396],[-16.8962,28.3307],[-16.8932,28.3204],[-16.881,28.3132],[-16.8807,28.3029],[-16.871,28.2996],[-16.861,28.2776],[-16.8526,28.2738]]]]}},{"type":"Feature","properties":{"gid":"ESP.15.1_1","provZh":"拉里奥哈","name2":"La Rioja","type2":"Provincia","engtype2":"Province"},"geometry":{"type":"Polygon","coordinates":[[[-2.0862,41.9544],[-2.0452,41.9501],[-2.0363,41.9394],[-2.0281,41.9531],[-2.0013,41.9385],[-1.982,41.9193],[-1.9151,41.9323],[-1.9066,41.9456],[-1.8775,41.9524],[-1.8565,41.9664],[-1.8651,41.9776],[-1.844,41.9873],[-1.8513,41.9981],[-1.8471,42.008],[-1.8552,42.0026],[-1.8829,42.0263],[-1.9015,42.0297],[-1.9032,42.0545],[-1.9092,42.0591],[-1.8927,42.085],[-1.8402,42.1281],[-1.8381,42.142],[-1.8216,42.1536],[-1.7819,42.1377],[-1.7647,42.1504],[-1.7397,42.1497],[-1.7198,42.1334],[-1.7045,42.1393],[-1.6796,42.1517],[-1.6933,42.158],[-1.7008,42.1731],[-1.679,42.1883],[-1.6857,42.194],[-1.7042,42.192],[-1.7085,42.2097],[-1.7661,42.2217],[-1.773,42.215],[-1.7799,42.2243],[-1.7999,42.2228],[-1.8168,42.2295],[-1.8205,42.2492],[-1.8304,42.2445],[-1.8489,42.2589],[-1.8557,42.2497],[-1.8726,42.253],[-1.8762,42.259],[-1.8663,42.276],[-1.8706,42.289],[-1.8843,42.2878],[-1.9146,42.3009],[-1.907,42.3085],[-1.9193,42.317],[-1.9185,42.327],[-1.932,42.3223],[-1.9427,42.3353],[-1.964,42.3337],[-1.9695,42.3525],[-1.9786,42.3499],[-1.9955,42.3636],[-2.0066,42.361],[-2.0148,42.3693],[-2.0455,42.359],[-2.0699,42.3425],[-2.0899,42.347],[-2.0789,42.3688],[-2.0928,42.3758],[-2.0875,42.3836],[-2.1156,42.3995],[-2.105,42.4159],[-2.1112,42.4196],[-2.1517,42.4186],[-2.1584,42.4102],[-2.1764,42.4081],[-2.1867,42.4188],[-2.2162,42.4156],[-2.2142,42.4242],[-2.2411,42.4301],[-2.2379,42.4404],[-2.2645,42.4499],[-2.2737,42.4452],[-2.288,42.4674],[-2.2968,42.4681],[-2.2932,42.46],[-2.2974,42.4575],[-2.3319,42.4681],[-2.3364,42.4642],[-2.3318,42.454],[-2.3458,42.4514],[-2.3522,42.4656],[-2.363,42.4617],[-2.3767,42.4736],[-2.4001,42.4718],[-2.4156,42.4906],[-2.4385,42.4894],[-2.4491,42.4969],[-2.477,42.4868],[-2.5147,42.4901],[-2.518,42.4996],[-2.5053,42.5135],[-2.5097,42.5201],[-2.5378,42.494],[-2.5298,42.4839],[-2.5568,42.4851],[-2.5675,42.4941],[-2.578,42.483],[-2.5914,42.4826],[-2.5872,42.4741],[-2.5969,42.4729],[-2.6024,42.4795],[-2.5922,42.4918],[-2.6054,42.5035],[-2.6101,42.4959],[-2.6285,42.4956],[-2.6477,42.4833],[-2.6565,42.504],[-2.6773,42.5101],[-2.6757,42.5257],[-2.7054,42.5168],[-2.6914,42.5428],[-2.6805,42.5945],[-2.7063,42.5998],[-2.7407,42.6225],[-2.7637,42.6228],[-2.7737,42.6071],[-2.7776,42.5818],[-2.7983,42.5738],[-2.8034,42.5646],[-2.813,42.5696],[-2.8174,42.5577],[-2.8249,42.5549],[-2.8407,42.5816],[-2.8194,42.5921],[-2.8198,42.6145],[-2.8417,42.6086],[-2.848,42.6172],[-2.8428,42.6296],[-2.858,42.6382],[-2.8762,42.631],[-2.8821,42.6207],[-2.8939,42.6213],[-2.8927,42.6277],[-2.916,42.6195],[-2.9464,42.6393],[-2.9703,42.6411],[-2.98,42.6353],[-3.0047,42.6443],[-3.018,42.6322],[-3.0407,42.64],[-3.0841,42.6407],[-3.081,42.6313],[-3.0863,42.6277],[-3.0704,42.6214],[-3.0598,42.5892],[-3.0861,42.5822],[-3.0823,42.574],[-3.1037,42.5531],[-3.1342,42.542],[-3.1253,42.5331],[-3.1074,42.5288],[-3.0892,42.5383],[-3.0717,42.5277],[-3.0792,42.4991],[-3.0946,42.4881],[-3.0904,42.4779],[-3.0641,42.4709],[-3.0459,42.4451],[-3.0632,42.4249],[-3.0573,42.4171],[-3.064,42.4043],[-3.0531,42.3734],[-3.0644,42.3733],[-3.0826,42.3974],[-3.0781,42.4157],[-3.0903,42.4224],[-3.1013,42.4168],[-3.0957,42.4052],[-3.1043,42.3854],[-3.0848,42.3854],[-3.0632,42.3628],[-3.0636,42.3561],[-3.1092,42.3519],[-3.1106,42.3386],[-3.0958,42.3269],[-3.1066,42.3126],[-3.0896,42.273],[-3.0977,42.2631],[-3.0885,42.2457],[-3.1024,42.2322],[-3.1059,42.2118],[-3.1293,42.1995],[-3.1153,42.1883],[-3.1124,42.1758],[-3.0965,42.1694],[-3.0861,42.1355],[-3.0736,42.1358],[-3.0589,42.127],[-3.0343,42.086],[-2.9605,42.0844],[-2.9353,42.0894],[-2.9136,42.0228],[-2.8838,42.0095],[-2.8446,42.0345],[-2.8236,42.041],[-2.8126,42.0366],[-2.7979,42.0468],[-2.7949,42.0635],[-2.8033,42.0805],[-2.7901,42.0942],[-2.7915,42.1087],[-2.7748,42.1235],[-2.7511,42.1178],[-2.7463,42.1239],[-2.7284,42.1229],[-2.7067,42.1057],[-2.7075,42.0905],[-2.7575,42.0326],[-2.7461,42.0087],[-2.7057,42.0151],[-2.6735,41.9981],[-2.6597,42.0054],[-2.6266,42.0065],[-2.5798,41.9963],[-2.5512,42.0389],[-2.549,42.0515],[-2.5324,42.0552],[-2.5148,42.0689],[-2.5226,42.0829],[-2.5146,42.1145],[-2.4843,42.1063],[-2.4586,42.1153],[-2.4384,42.1373],[-2.3191,42.1452],[-2.2821,42.1317],[-2.2817,42.1084],[-2.2695,42.0886],[-2.2588,42.0873],[-2.2378,42.1022],[-2.224,42.0982],[-2.2088,42.1047],[-2.1481,42.1045],[-2.1273,42.0972],[-2.127,42.0809],[-2.1619,42.0667],[-2.1589,42.0559],[-2.1505,42.0422],[-2.117,42.0215],[-2.1076,42.0028],[-2.124,41.9953],[-2.116,41.9636],[-2.0862,41.9544]]]}},{"type":"Feature","properties":{"gid":"ESP.16.1_1","provZh":"巴斯克自治区","name2":"Álava","type2":"Provincia","engtype2":"Province"},"geometry":{"type":"Polygon","coordinates":[[[-2.5184,42.4984],[-2.5147,42.4901],[-2.477,42.4868],[-2.4491,42.4969],[-2.4385,42.4894],[-2.4207,42.4893],[-2.422,42.5117],[-2.3922,42.5169],[-2.401,42.5385],[-2.3899,42.5491],[-2.4,42.5891],[-2.3967,42.5991],[-2.4211,42.6071],[-2.4532,42.5671],[-2.4622,42.5874],[-2.4906,42.5854],[-2.5,42.6165],[-2.483,42.6122],[-2.471,42.6273],[-2.4545,42.6349],[-2.45,42.6472],[-2.4157,42.6627],[-2.3945,42.6608],[-2.3762,42.6507],[-2.3816,42.6474],[-2.3721,42.6434],[-2.3819,42.6343],[-2.3472,42.6341],[-2.3321,42.6462],[-2.2884,42.6551],[-2.2935,42.6779],[-2.3093,42.6712],[-2.3168,42.6825],[-2.3128,42.7087],[-2.3237,42.7241],[-2.3168,42.7393],[-2.3039,42.7361],[-2.2624,42.7482],[-2.281,42.7851],[-2.2686,42.7951],[-2.2677,42.8134],[-2.2358,42.8345],[-2.2326,42.8438],[-2.2409,42.8856],[-2.2507,42.8957],[-2.2895,42.9023],[-2.3023,42.9259],[-2.3391,42.9364],[-2.3548,42.95],[-2.3766,42.948],[-2.4099,42.9595],[-2.4541,42.9568],[-2.4789,42.9659],[-2.5003,42.9598],[-2.5353,42.9734],[-2.5425,42.9501],[-2.5511,42.9586],[-2.581,42.9642],[-2.6026,42.9822],[-2.593,42.987],[-2.6009,43.0014],[-2.5965,43.0092],[-2.5819,43.0081],[-2.5495,43.0198],[-2.5302,43.0448],[-2.5248,43.0444],[-2.5481,43.0751],[-2.541,43.0767],[-2.5466,43.0882],[-2.5924,43.0812],[-2.633,43.087],[-2.6616,43.0743],[-2.6612,43.0653],[-2.6337,43.0448],[-2.6336,43.0199],[-2.6668,43.0314],[-2.687,43.0216],[-2.7039,43.0311],[-2.7297,43.0239],[-2.7398,43.0341],[-2.7512,43.0265],[-2.7697,43.0268],[-2.7811,43.034],[-2.8219,43.035],[-2.8638,43.0519],[-2.8941,43.0464],[-2.9607,43.0931],[-2.9729,43.0954],[-2.9754,43.0995],[-2.9358,43.1362],[-2.9541,43.1597],[-2.9464,43.1709],[-2.973,43.1863],[-2.98,43.2018],[-3.0067,43.1966],[-3.0332,43.2168],[-3.04,43.2099],[-3.0165,43.2028],[-3.0214,43.1996],[-3.0186,43.1822],[-3.0269,43.1614],[-3.0659,43.1558],[-3.0747,43.1463],[-3.0936,43.1515],[-3.1113,43.1435],[-3.1382,43.1632],[-3.1618,43.1542],[-3.1667,43.1469],[-3.1614,43.1432],[-3.1817,43.1209],[-3.152,43.1041],[-3.1414,43.1106],[-3.1339,43.0972],[-3.1581,43.074],[-3.1403,43.0671],[-3.1474,43.0349],[-3.1418,43.0298],[-3.1702,43.0291],[-3.1778,43.022],[-3.1447,43.0068],[-3.0889,43.0016],[-3.077,43.0085],[-3.0602,43.0035],[-3.0369,42.9822],[-3.0448,42.9734],[-3.0406,42.9694],[-3.0203,42.961],[-3.0196,42.955],[-2.996,42.9529],[-2.9814,42.9388],[-3.0048,42.927],[-3.0189,42.9085],[-3.0895,42.899],[-3.1046,42.9101],[-3.1265,42.904],[-3.1318,42.9127],[-3.1495,42.9173],[-3.1447,42.9347],[-3.2247,42.9497],[-3.2355,42.9438],[-3.2353,42.9331],[-3.2485,42.9121],[-3.2772,42.9016],[-3.2764,42.887],[-3.2867,42.8851],[-3.2826,42.8755],[-3.2258,42.8301],[-3.2055,42.8274],[-3.2221,42.8386],[-3.2094,42.8442],[-3.1906,42.8694],[-3.173,42.8572],[-3.1607,42.8563],[-3.1387,42.8713],[-3.1256,42.8913],[-3.1189,42.8913],[-3.1051,42.8802],[-3.1082,42.8712],[-3.1329,42.8373],[-3.1409,42.8363],[-3.1481,42.8145],[-3.1592,42.8046],[-3.1232,42.7893],[-3.1479,42.7567],[-3.1154,42.7593],[-3.1006,42.7672],[-3.0844,42.7571],[-3.0808,42.7672],[-3.0641,42.7601],[-3.0496,42.7656],[-3.0487,42.7486],[-3.0407,42.7385],[-3.0163,42.7405],[-3.0163,42.7339],[-3.0058,42.7324],[-3.0107,42.7284],[-3.0074,42.7232],[-2.9893,42.7193],[-2.9806,42.7038],[-2.9563,42.7104],[-2.9305,42.7082],[-2.9303,42.6996],[-2.9024,42.6936],[-2.9037,42.6864],[-2.895,42.6793],[-2.9006,42.6678],[-2.896,42.655],[-2.8428,42.6296],[-2.848,42.6172],[-2.8417,42.6086],[-2.8198,42.6145],[-2.8194,42.5921],[-2.8407,42.5816],[-2.8249,42.5549],[-2.8174,42.5577],[-2.813,42.5696],[-2.8034,42.5646],[-2.7983,42.5738],[-2.7776,42.5818],[-2.7737,42.6071],[-2.7637,42.6228],[-2.7407,42.6225],[-2.7063,42.5998],[-2.6805,42.5945],[-2.6914,42.5428],[-2.7054,42.5168],[-2.6757,42.5257],[-2.6773,42.5101],[-2.6565,42.504],[-2.6477,42.4833],[-2.6285,42.4956],[-2.6101,42.4959],[-2.6054,42.5035],[-2.5922,42.4918],[-2.6024,42.4795],[-2.5969,42.4729],[-2.5872,42.4741],[-2.5914,42.4826],[-2.578,42.483],[-2.5675,42.4941],[-2.5568,42.4851],[-2.5298,42.4839],[-2.5378,42.494],[-2.5097,42.5201],[-2.5053,42.5135],[-2.5184,42.4984]],[[-2.6318,42.6492],[-2.6591,42.6724],[-2.6663,42.6662],[-2.7053,42.6738],[-2.718,42.662],[-2.7678,42.666],[-2.7757,42.6702],[-2.7705,42.6766],[-2.7845,42.6989],[-2.8253,42.7089],[-2.8289,42.719],[-2.8516,42.7251],[-2.8552,42.7287],[-2.8467,42.7307],[-2.8684,42.7399],[-2.8542,42.747],[-2.8483,42.7633],[-2.8537,42.7682],[-2.8418,42.7762],[-2.8354,42.7963],[-2.8268,42.7844],[-2.8103,42.7915],[-2.7315,42.7945],[-2.6437,42.7647],[-2.6023,42.7706],[-2.5893,42.7503],[-2.5583,42.7627],[-2.5726,42.7252],[-2.5899,42.7108],[-2.6003,42.7153],[-2.6089,42.696],[-2.5941,42.69],[-2.5777,42.6682],[-2.5483,42.6688],[-2.5393,42.6866],[-2.522,42.684],[-2.5173,42.6463],[-2.5491,42.6376],[-2.5519,42.6492],[-2.5649,42.6445],[-2.5848,42.6516],[-2.6318,42.6492]]]}},{"type":"Feature","properties":{"gid":"ESP.16.2_1","provZh":"巴斯克自治区","name2":"Guipúzcoa","type2":"Provincia","engtype2":"Province"},"geometry":{"type":"Polygon","coordinates":[[[-2.2355,42.9266],[-2.2155,42.9369],[-2.2102,42.9499],[-2.1923,42.949],[-2.1809,42.9351],[-2.157,42.9423],[-2.1176,42.9422],[-2.1037,42.9493],[-2.0952,42.9725],[-2.0383,42.981],[-2.0283,42.9988],[-2.0414,43.0297],[-2.0317,43.0317],[-2.0208,43.0466],[-2.0228,43.0652],[-1.9731,43.0846],[-1.9733,43.0916],[-1.9658,43.0952],[-1.9475,43.0975],[-1.9022,43.1355],[-1.9044,43.1438],[-1.9204,43.1501],[-1.9158,43.1647],[-1.922,43.1867],[-1.9109,43.2043],[-1.9159,43.223],[-1.9108,43.2272],[-1.9029,43.2112],[-1.8899,43.2074],[-1.8867,43.2144],[-1.8817,43.2068],[-1.8813,43.2123],[-1.8749,43.2108],[-1.8808,43.2179],[-1.8738,43.2203],[-1.8806,43.2206],[-1.8807,43.2281],[-1.8675,43.2304],[-1.8603,43.2122],[-1.8517,43.2267],[-1.8334,43.2246],[-1.8188,43.2389],[-1.7949,43.2469],[-1.7939,43.2765],[-1.7832,43.2868],[-1.7296,43.2939],[-1.7397,43.3152],[-1.7388,43.329],[-1.7496,43.332],[-1.753,43.3407],[-1.7866,43.3504],[-1.7982,43.3468],[-1.786,43.3626],[-1.7979,43.3801],[-1.7907,43.3932],[-1.8649,43.3724],[-1.8835,43.3493],[-1.9274,43.3354],[-1.9107,43.3193],[-1.9249,43.3229],[-1.9224,43.3285],[-1.9321,43.3357],[-1.9487,43.3321],[-1.9624,43.3376],[-1.9724,43.3354],[-1.9757,43.3251],[-1.9921,43.3265],[-1.9851,43.3199],[-1.9904,43.3149],[-2.0124,43.324],[-2.1085,43.3015],[-2.1274,43.2907],[-2.1293,43.2743],[-2.1332,43.2915],[-2.1518,43.2943],[-2.1779,43.2876],[-2.2024,43.3018],[-2.1971,43.306],[-2.2015,43.3115],[-2.2057,43.3046],[-2.2287,43.3112],[-2.2485,43.3001],[-2.2457,43.306],[-2.2882,43.2946],[-2.3424,43.3035],[-2.3535,43.2974],[-2.3568,43.304],[-2.3815,43.3079],[-2.3799,43.3135],[-2.4015,43.3221],[-2.4155,43.32],[-2.4286,43.3089],[-2.44,43.2881],[-2.4183,43.2681],[-2.439,43.2518],[-2.4366,43.2437],[-2.4632,43.2235],[-2.4941,43.2257],[-2.4977,43.2203],[-2.4994,43.2098],[-2.4868,43.2014],[-2.4924,43.1807],[-2.4848,43.1716],[-2.5097,43.1614],[-2.5006,43.1513],[-2.5035,43.1399],[-2.4962,43.1234],[-2.5013,43.1187],[-2.5051,43.0971],[-2.5011,43.0965],[-2.5138,43.0901],[-2.5259,43.0955],[-2.5466,43.0882],[-2.541,43.0767],[-2.5481,43.0751],[-2.5248,43.0444],[-2.5302,43.0448],[-2.5495,43.0198],[-2.5819,43.0081],[-2.5965,43.0092],[-2.6009,43.0014],[-2.593,42.987],[-2.6026,42.9822],[-2.581,42.9642],[-2.5511,42.9586],[-2.5453,42.9504],[-2.5353,42.9734],[-2.5003,42.9598],[-2.4789,42.9659],[-2.4541,42.9568],[-2.4099,42.9595],[-2.3766,42.948],[-2.3548,42.95],[-2.3391,42.9364],[-2.3023,42.9259],[-2.2895,42.9023],[-2.2507,42.8957],[-2.2377,42.896],[-2.2355,42.9266]]]}},{"type":"Feature","properties":{"gid":"ESP.16.3_1","provZh":"巴斯克自治区","name2":"Vizcaya","type2":"Provincia","engtype2":"Province"},"geometry":{"type":"Polygon","coordinates":[[[-2.9729,43.0954],[-2.9607,43.0931],[-2.8941,43.0464],[-2.8638,43.0519],[-2.8219,43.035],[-2.7811,43.034],[-2.7697,43.0268],[-2.7512,43.0265],[-2.7398,43.0341],[-2.7297,43.0239],[-2.7039,43.0311],[-2.687,43.0216],[-2.6668,43.0314],[-2.6336,43.0199],[-2.6337,43.0448],[-2.6612,43.0653],[-2.6616,43.0743],[-2.633,43.087],[-2.5924,43.0812],[-2.5259,43.0955],[-2.5138,43.0901],[-2.5011,43.0965],[-2.5051,43.0971],[-2.5013,43.1187],[-2.4962,43.1234],[-2.5035,43.1399],[-2.5006,43.1513],[-2.5097,43.1614],[-2.4848,43.1716],[-2.4924,43.1807],[-2.4868,43.2014],[-2.4994,43.2098],[-2.4977,43.2203],[-2.4941,43.2257],[-2.4632,43.2235],[-2.4366,43.2437],[-2.439,43.2518],[-2.4183,43.2681],[-2.44,43.2881],[-2.4368,43.2996],[-2.4124,43.3215],[-2.4279,43.3324],[-2.4601,43.336],[-2.4899,43.3651],[-2.501,43.3629],[-2.4988,43.3671],[-2.5101,43.3774],[-2.5451,43.3732],[-2.5637,43.3913],[-2.5782,43.3871],[-2.6021,43.3946],[-2.6196,43.3921],[-2.6354,43.4018],[-2.636,43.4121],[-2.6432,43.4154],[-2.6815,43.4101],[-2.684,43.3882],[-2.6771,43.3774],[-2.6835,43.3643],[-2.6996,43.4046],[-2.6971,43.4104],[-2.7168,43.4188],[-2.7093,43.4226],[-2.7188,43.4207],[-2.7218,43.4265],[-2.7385,43.4296],[-2.7521,43.4568],[-2.776,43.4457],[-2.7854,43.4487],[-2.8065,43.4313],[-2.8657,43.4304],[-2.8813,43.4365],[-2.9012,43.4321],[-2.9038,43.4388],[-2.9471,43.436],[-2.9557,43.4215],[-2.9446,43.4176],[-2.9457,43.409],[-2.9599,43.4154],[-2.9707,43.4129],[-2.9751,43.4032],[-3.0051,43.3821],[-3.0371,43.3732],[-3.0124,43.3465],[-3.0132,43.3413],[-3.0218,43.341],[-3.0101,43.3371],[-3.0187,43.326],[-3.0426,43.3387],[-3.0307,43.3368],[-3.0393,43.341],[-3.0318,43.341],[-3.0326,43.3462],[-3.0446,43.3435],[-3.0388,43.3499],[-3.0507,43.3418],[-3.0743,43.3543],[-3.0707,43.3618],[-3.0454,43.3593],[-3.0724,43.3629],[-3.079,43.3546],[-3.0904,43.3646],[-3.104,43.3643],[-3.0849,43.3782],[-3.1096,43.3646],[-3.1188,43.3429],[-3.129,43.3554],[-3.1532,43.3535],[-3.1496,43.3194],[-3.1573,43.3013],[-3.1932,43.2984],[-3.2095,43.2835],[-3.2183,43.2868],[-3.2252,43.3089],[-3.2794,43.29],[-3.2911,43.2903],[-3.2949,43.3007],[-3.3236,43.2924],[-3.3324,43.3019],[-3.3429,43.2944],[-3.3401,43.278],[-3.3829,43.2705],[-3.3989,43.2458],[-3.4134,43.2499],[-3.4184,43.241],[-3.4487,43.2361],[-3.4326,43.2055],[-3.4334,43.171],[-3.4176,43.1334],[-3.3506,43.1543],[-3.3419,43.1668],[-3.3093,43.1725],[-3.2781,43.1944],[-3.2534,43.1986],[-3.224,43.1701],[-3.2078,43.1794],[-3.1875,43.1692],[-3.1574,43.1778],[-3.1113,43.1435],[-3.0936,43.1515],[-3.0747,43.1463],[-3.0659,43.1558],[-3.0269,43.1614],[-3.0186,43.1822],[-3.0214,43.1996],[-3.0165,43.2028],[-3.04,43.2099],[-3.0272,43.217],[-3.0067,43.1966],[-2.98,43.2018],[-2.973,43.1863],[-2.9464,43.1709],[-2.9541,43.1597],[-2.9358,43.1362],[-2.9754,43.0995],[-2.9729,43.0954]],[[-3.2997,43.2489],[-3.3046,43.2587],[-3.2713,43.2663],[-3.2494,43.2596],[-3.2515,43.2475],[-3.2689,43.2341],[-3.2663,43.2228],[-3.2713,43.2175],[-3.265,43.2062],[-3.2697,43.2021],[-3.285,43.1977],[-3.2979,43.2067],[-3.2927,43.2411],[-3.2997,43.2489]]]}},{"type":"Feature","properties":{"gid":"ESP.17.1_1","provZh":"阿斯图里亚斯","name2":"Asturias","type2":"Provincia","engtype2":"Province"},"geometry":{"type":"Polygon","coordinates":[[[-6.5567,42.9138],[-6.5411,42.9125],[-6.5344,42.9221],[-6.5104,42.9287],[-6.4896,42.9202],[-6.4771,42.9339],[-6.433,42.9397],[-6.4415,42.9473],[-6.4335,42.9641],[-6.4729,42.9677],[-6.4788,42.9897],[-6.4463,42.9821],[-6.437,42.993],[-6.4249,42.9876],[-6.4074,42.9995],[-6.411,43.0169],[-6.3942,43.0166],[-6.3907,43.0258],[-6.3969,43.0383],[-6.3734,43.0411],[-6.359,43.0595],[-6.333,43.0465],[-6.3264,43.0313],[-6.295,43.0269],[-6.2851,43.0363],[-6.2647,43.0171],[-6.2267,43.0089],[-6.2138,43.0466],[-6.1942,43.0428],[-6.1783,43.0478],[-6.1365,43.021],[-6.0968,43.0306],[-6.0897,43.0381],[-6.0949,43.0488],[-6.0917,43.0669],[-6.0818,43.0757],[-6.0672,43.0657],[-6.0521,43.068],[-6.0201,43.0548],[-5.9963,43.0597],[-5.9891,43.0678],[-5.967,43.0583],[-5.9701,43.0413],[-5.9566,43.0186],[-5.9195,43.0028],[-5.9145,42.9927],[-5.8871,42.994],[-5.889,42.979],[-5.8638,42.9813],[-5.843,42.9642],[-5.8242,42.9681],[-5.8039,42.9626],[-5.7628,42.9711],[-5.7664,42.986],[-5.7482,43.0172],[-5.7356,43.0232],[-5.7283,43.0425],[-5.6932,43.0564],[-5.6717,43.0529],[-5.6366,43.0353],[-5.5745,43.0322],[-5.57,43.0227],[-5.5403,43.0183],[-5.5059,43.0286],[-5.4936,43.0213],[-5.4784,43.0549],[-5.3903,43.0493],[-5.383,43.0872],[-5.369,43.0945],[-5.3447,43.0942],[-5.3366,43.0819],[-5.3204,43.0793],[-5.3114,43.0841],[-5.282,43.0774],[-5.2684,43.0875],[-5.2201,43.0836],[-5.1477,43.1151],[-5.1406,43.1029],[-5.1016,43.1018],[-5.091,43.1295],[-5.0948,43.143],[-5.0784,43.1604],[-5.0758,43.1815],[-5.0208,43.1851],[-4.9968,43.1731],[-4.9965,43.1854],[-4.9638,43.2124],[-4.9519,43.2144],[-4.9422,43.2249],[-4.9194,43.2275],[-4.9074,43.2379],[-4.8935,43.2384],[-4.8672,43.2246],[-4.8601,43.2184],[-4.8616,43.2056],[-4.8391,43.1897],[-4.8409,43.1807],[-4.819,43.1789],[-4.8174,43.184],[-4.8054,43.1821],[-4.7778,43.192],[-4.7457,43.1841],[-4.7337,43.1904],[-4.736,43.2089],[-4.7216,43.2295],[-4.7309,43.2573],[-4.706,43.2668],[-4.6318,43.2676],[-4.636,43.2764],[-4.6065,43.3005],[-4.5802,43.2896],[-4.5552,43.2881],[-4.5477,43.2686],[-4.5234,43.2781],[-4.5185,43.294],[-4.527,43.3276],[-4.5223,43.3357],[-4.5394,43.3439],[-4.5342,43.3512],[-4.5387,43.3554],[-4.5307,43.3587],[-4.5344,43.3683],[-4.5208,43.3661],[-4.5105,43.3806],[-4.5122,43.3932],[-4.5346,43.4004],[-4.5565,43.3985],[-4.5596,43.3929],[-4.5812,43.3996],[-4.6538,43.401],[-4.7129,43.4118],[-4.7249,43.4193],[-4.7407,43.4179],[-4.7882,43.436],[-4.8262,43.4365],[-4.8393,43.4401],[-4.839,43.4465],[-4.874,43.4421],[-4.9263,43.4626],[-5.036,43.4607],[-5.0563,43.4693],[-5.0735,43.466],[-5.0854,43.4762],[-5.1157,43.4768],[-5.1226,43.4849],[-5.1712,43.4746],[-5.2151,43.4735],[-5.2501,43.5013],[-5.2624,43.4993],[-5.2701,43.5082],[-5.2651,43.5176],[-5.2988,43.5357],[-5.354,43.5304],[-5.3729,43.5399],[-5.3749,43.5337],[-5.3854,43.5326],[-5.3868,43.526],[-5.379,43.5243],[-5.3912,43.5224],[-5.3932,43.5135],[-5.4157,43.509],[-5.3954,43.5151],[-5.3996,43.5204],[-5.3865,43.5285],[-5.3876,43.5401],[-5.3987,43.5443],[-5.396,43.5501],[-5.4093,43.5543],[-5.4743,43.551],[-5.4943,43.5438],[-5.516,43.5521],[-5.5279,43.5451],[-5.569,43.5515],[-5.5976,43.5476],[-5.6199,43.5579],[-5.6279,43.5504],[-5.639,43.5524],[-5.6479,43.5454],[-5.6454,43.5401],[-5.6579,43.5421],[-5.6646,43.5507],[-5.6701,43.5415],[-5.6924,43.5432],[-5.6835,43.5588],[-5.696,43.5507],[-5.6924,43.5557],[-5.6999,43.5671],[-5.6924,43.5635],[-5.6832,43.5696],[-5.6965,43.5676],[-5.6982,43.5757],[-5.7168,43.5685],[-5.7585,43.586],[-5.7593,43.5949],[-5.7712,43.6012],[-5.7688,43.6071],[-5.791,43.614],[-5.7807,43.629],[-5.7937,43.6299],[-5.7946,43.6368],[-5.8093,43.629],[-5.8107,43.6424],[-5.8288,43.6404],[-5.8399,43.6615],[-5.8582,43.6557],[-5.8579,43.6382],[-5.866,43.6315],[-5.886,43.6226],[-5.8996,43.6285],[-5.9151,43.6243],[-5.9113,43.6157],[-5.9174,43.6037],[-5.946,43.5988],[-5.9446,43.5938],[-5.916,43.5904],[-5.9215,43.5885],[-5.9174,43.5593],[-5.9237,43.5885],[-5.9304,43.5921],[-5.9432,43.5932],[-5.9429,43.5857],[-5.9615,43.5774],[-5.9882,43.581],[-5.9951,43.5721],[-5.9976,43.5793],[-6.006,43.5774],[-6.0187,43.5876],[-6.076,43.5651],[-6.0751,43.5524],[-6.0804,43.5493],[-6.0765,43.5357],[-6.0874,43.5371],[-6.0763,43.539],[-6.0862,43.5501],[-6.0776,43.5654],[-6.1162,43.5549],[-6.1507,43.5699],[-6.1854,43.5632],[-6.1921,43.5693],[-6.1882,43.5807],[-6.2026,43.5726],[-6.2076,43.586],[-6.2207,43.5788],[-6.2265,43.5899],[-6.2435,43.5971],[-6.2457,43.584],[-6.2554,43.5782],[-6.2976,43.571],[-6.2954,43.5671],[-6.3035,43.5635],[-6.3393,43.5601],[-6.3554,43.551],[-6.3718,43.5524],[-6.3663,43.5593],[-6.3962,43.5601],[-6.4299,43.5526],[-6.4682,43.5707],[-6.476,43.5643],[-6.4718,43.5493],[-6.5226,43.551],[-6.5351,43.546],[-6.5418,43.5557],[-6.5974,43.5538],[-6.6029,43.5662],[-6.6163,43.5621],[-6.626,43.5751],[-6.6454,43.5665],[-6.6607,43.569],[-6.6776,43.5593],[-6.7104,43.5643],[-6.7251,43.5551],[-6.7243,43.5315],[-6.7293,43.5499],[-6.7254,43.5579],[-6.7451,43.5676],[-6.7585,43.5621],[-6.7651,43.5704],[-6.7743,43.569],[-6.7835,43.564],[-6.7829,43.5574],[-6.811,43.5546],[-6.824,43.5654],[-6.8501,43.5638],[-6.854,43.571],[-6.866,43.5671],[-6.8668,43.5715],[-6.8749,43.5629],[-6.8899,43.5713],[-6.9082,43.5679],[-6.9249,43.576],[-6.9307,43.571],[-6.946,43.5751],[-6.949,43.5654],[-6.9546,43.569],[-6.9737,43.5579],[-7.0293,43.5574],[-7.0218,43.5485],[-7.0301,43.5412],[-7.0076,43.5293],[-7.0135,43.5246],[-7.0321,43.5282],[-7.0429,43.5032],[-7.0338,43.4976],[-7.0457,43.4901],[-7.0463,43.4774],[-7.0779,43.4649],[-7.0902,43.4539],[-7.0853,43.4445],[-7.0978,43.4417],[-7.1027,43.427],[-7.1293,43.4237],[-7.1419,43.4307],[-7.1728,43.4304],[-7.1696,43.4221],[-7.1767,43.4146],[-7.1684,43.4035],[-7.1744,43.4053],[-7.1821,43.392],[-7.1774,43.3921],[-7.1766,43.3825],[-7.1561,43.3745],[-7.1369,43.3827],[-7.1274,43.3726],[-7.1306,43.3302],[-7.1151,43.3261],[-7.0973,43.3014],[-7.0596,43.3053],[-7.0714,43.2712],[-7.0651,43.2494],[-7.0199,43.2132],[-7.0171,43.2216],[-7.0094,43.2228],[-7.0013,43.2072],[-6.9709,43.2042],[-6.965,43.187],[-6.9806,43.1668],[-6.9733,43.1495],[-6.9614,43.1456],[-6.9572,43.1354],[-6.9414,43.1318],[-6.9372,43.1393],[-6.9193,43.141],[-6.902,43.1551],[-6.8853,43.1568],[-6.8861,43.1667],[-6.8681,43.19],[-6.8716,43.1798],[-6.8617,43.1822],[-6.8558,43.1722],[-6.8388,43.1661],[-6.8214,43.1432],[-6.8275,43.1231],[-6.8555,43.1085],[-6.8712,43.0912],[-6.8938,43.0918],[-6.9155,43.0734],[-6.938,43.0867],[-6.9517,43.0762],[-6.9503,43.0682],[-6.9679,43.0557],[-6.962,43.0524],[-6.9645,43.0346],[-6.9723,43.0303],[-6.9818,43.0413],[-6.9871,43.0292],[-6.9968,43.0277],[-6.997,43.0194],[-6.9857,43.0142],[-6.975,42.9963],[-6.9621,42.9906],[-6.9636,42.9957],[-6.9559,42.9961],[-6.9619,43.0008],[-6.9643,43.0265],[-6.957,43.0367],[-6.9464,43.0324],[-6.9405,43.0114],[-6.9102,42.9901],[-6.8805,42.9913],[-6.8647,42.9838],[-6.8359,42.9577],[-6.8345,42.9409],[-6.8417,42.9282],[-6.8357,42.9163],[-6.7705,42.8986],[-6.7678,42.8902],[-6.7736,42.8828],[-6.7565,42.883],[-6.7225,42.9175],[-6.6909,42.9223],[-6.6386,42.9254],[-6.6284,42.9195],[-6.6128,42.9245],[-6.6064,42.9161],[-6.5567,42.9138]]]}},{"type":"Feature","properties":{"gid":"ESP.18.1_1","provZh":"穆尔西亚","name2":"Murcia","type2":"Provincia","engtype2":"Province"},"geometry":{"type":"MultiPolygon","coordinates":[[[[-0.8432,37.5785],[-0.8204,37.5749],[-0.7829,37.594],[-0.7315,37.601],[-0.7179,37.6065],[-0.7015,37.6304],[-0.6865,37.6338],[-0.6979,37.6329],[-0.7107,37.6421],[-0.7335,37.6838],[-0.741,37.7129],[-0.7382,37.7363],[-0.7288,37.7468],[-0.7218,37.741],[-0.7462,37.7601],[-0.746,37.7693],[-0.7396,37.7721],[-0.7451,37.7846],[-0.7448,37.7799],[-0.7526,37.7813],[-0.7612,37.7888],[-0.7421,37.7538],[-0.7457,37.7474],[-0.739,37.7368],[-0.746,37.7057],[-0.734,37.676],[-0.7349,37.6635],[-0.7301,37.6624],[-0.7407,37.6596],[-0.724,37.6582],[-0.7276,37.6343],[-0.7424,37.6327],[-0.7504,37.6424],[-0.8054,37.6596],[-0.8576,37.714],[-0.8596,37.7229],[-0.8451,37.7482],[-0.8035,37.7771],[-0.7965,37.8099],[-0.7749,37.819],[-0.7735,37.8385],[-0.7649,37.8421],[-0.7662,37.8268],[-0.7607,37.8268],[-0.7643,37.8191],[-0.7538,37.7985],[-0.7543,37.7926],[-0.7626,37.7932],[-0.7538,37.7882],[-0.7479,37.7915],[-0.7579,37.8154],[-0.751,37.8232],[-0.7587,37.8268],[-0.7624,37.847],[-0.7816,37.8448],[-0.8035,37.859],[-0.8302,37.8643],[-0.9001,37.9232],[-0.9213,37.9445],[-0.966,38.0127],[-1.0222,38.0752],[-1.0366,38.1374],[-1.0087,38.1669],[-0.9887,38.1996],[-0.9677,38.2559],[-0.9673,38.2722],[-0.989,38.3206],[-1.0281,38.3387],[-1.0844,38.3465],[-1.0883,38.4035],[-1.085,38.4291],[-1.076,38.4317],[-1.0941,38.4383],[-1.0681,38.4504],[-1.0139,38.4971],[-1.0262,38.5225],[-1.0015,38.5729],[-1.0261,38.6557],[-1.045,38.662],[-1.1159,38.7102],[-1.12,38.7379],[-1.1839,38.7544],[-1.2494,38.7384],[-1.2867,38.7053],[-1.3429,38.6775],[-1.3667,38.7043],[-1.4022,38.6913],[-1.4222,38.6768],[-1.4477,38.6494],[-1.443,38.6364],[-1.4523,38.5818],[-1.4873,38.5632],[-1.4984,38.5321],[-1.4807,38.4809],[-1.4748,38.4089],[-1.4783,38.3764],[-1.5375,38.3459],[-1.5618,38.3241],[-1.5893,38.3112],[-1.6006,38.3154],[-1.6286,38.3094],[-1.6699,38.3124],[-1.6726,38.322],[-1.6925,38.3375],[-1.6923,38.3468],[-1.6815,38.3499],[-1.6875,38.3659],[-1.7024,38.3749],[-1.7181,38.3641],[-1.7434,38.3813],[-1.7548,38.3734],[-1.7713,38.3786],[-1.7711,38.3649],[-1.7957,38.3703],[-1.7969,38.365],[-1.7842,38.3562],[-1.8109,38.3514],[-1.8218,38.3363],[-1.8542,38.3303],[-1.9075,38.298],[-1.986,38.2817],[-2.0001,38.284],[-2.0209,38.3004],[-2.0489,38.3058],[-2.0637,38.2976],[-2.0839,38.2651],[-2.1136,38.2382],[-2.169,38.2265],[-2.2134,38.2018],[-2.222,38.1775],[-2.2455,38.1483],[-2.2615,38.113],[-2.3298,38.0654],[-2.3443,38.03],[-2.2984,38.0022],[-2.2976,37.9903],[-2.2768,37.9601],[-2.2587,37.95],[-2.2533,37.9396],[-2.1848,37.9037],[-2.1719,37.8887],[-2.1231,37.9005],[-2.1064,37.8862],[-2.108,37.8815],[-2.0845,37.8724],[-2.0703,37.8845],[-2.0217,37.8686],[-2.0044,37.8807],[-1.9988,37.8762],[-1.9946,37.8805],[-1.9744,37.8685],[-1.9952,37.8414],[-1.9994,37.8232],[-2.0087,37.775],[-1.9957,37.7281],[-2.0076,37.7198],[-2.0125,37.7009],[-2.0118,37.6735],[-1.9927,37.6433],[-1.9874,37.6452],[-1.9817,37.6368],[-1.9767,37.6188],[-1.9556,37.601],[-1.9539,37.5883],[-1.8646,37.4866],[-1.8452,37.4549],[-1.8089,37.4335],[-1.8117,37.4516],[-1.737,37.4427],[-1.6299,37.3737],[-1.6049,37.3954],[-1.5751,37.4018],[-1.576,37.4068],[-1.5599,37.4043],[-1.5576,37.4118],[-1.5482,37.4113],[-1.5179,37.4319],[-1.5032,37.4327],[-1.4974,37.4218],[-1.4821,37.4249],[-1.4763,37.431],[-1.4846,37.4365],[-1.4812,37.4535],[-1.4601,37.4863],[-1.4282,37.5032],[-1.4018,37.5068],[-1.3926,37.5246],[-1.3726,37.5318],[-1.3562,37.5507],[-1.3257,37.5627],[-1.2596,37.5571],[-1.2532,37.5604],[-1.2582,37.5657],[-1.2443,37.5771],[-1.2024,37.5735],[-1.1699,37.5593],[-1.1749,37.5504],[-1.1668,37.5421],[-1.1182,37.5335],[-1.1071,37.5351],[-1.1271,37.5524],[-1.1107,37.5677],[-1.0949,37.569],[-1.0746,37.5838],[-1.0176,37.5726],[-1.0082,37.5857],[-0.9843,37.5843],[-0.9932,37.6001],[-0.9763,37.5963],[-0.9754,37.5904],[-0.9837,37.5887],[-0.9768,37.5879],[-0.9757,37.5765],[-0.9507,37.5679],[-0.9604,37.5646],[-0.9682,37.5699],[-0.9601,37.5582],[-0.9196,37.5537],[-0.8787,37.5699],[-0.8785,37.5779],[-0.8432,37.5785]]],[[[-0.7701,37.7021],[-0.776,37.6951],[-0.7651,37.6904],[-0.7701,37.7021]]],[[[-0.7982,37.7027],[-0.804,37.701],[-0.7965,37.6954],[-0.7982,37.7027]]]]}}]}