{"type":"FeatureCollection","features":[{"type":"Feature","properties":{"gid":"JPN.1_1","name":"愛知県","romaji":"Aichi","type":"県","typeEn":"Prefecture","regionZh":"中部","regionEn":"Chubu","capitalZh":"名古屋市","pop":7542415,"area":5165.12,"nick":"丰田汽车大本营","blurb":"名古屋为核心，丰田总部与汽车产业聚集地，中部经济引擎；中部国际机场连通海外。"},"geometry":{"type":"MultiPolygon","coordinates":[[[[137.3307,34.6449],[137.4883,34.6749],[137.4801,34.7719],[137.4962,34.7832],[137.5019,34.8236],[137.5521,34.8452],[137.5899,34.8466],[137.5995,34.8654],[137.6416,34.8876],[137.6596,34.9369],[137.7066,34.9682],[137.708,35.0125],[137.7822,35.0958],[137.8059,35.1057],[137.8018,35.1255],[137.831,35.1493],[137.8049,35.1703],[137.8228,35.1933],[137.8208,35.2113],[137.7781,35.2002],[137.767,35.2165],[137.6881,35.2289],[137.6448,35.2058],[137.5811,35.1948],[137.5814,35.2163],[137.5491,35.25],[137.5651,35.2844],[137.5243,35.281],[137.4369,35.2226],[137.3869,35.2433],[137.3878,35.2564],[137.3452,35.2584],[137.349,35.2683],[137.3109,35.288],[137.279,35.2875],[137.2324,35.257],[137.1892,35.25],[137.1628,35.2794],[137.0833,35.2934],[137.0698,35.3066],[137.0745,35.3266],[137.0494,35.3353],[137.0509,35.3622],[136.991,35.3981],[136.9919,35.4218],[136.9167,35.3749],[136.8323,35.3541],[136.7677,35.3605],[136.6821,35.2368],[136.6709,35.1455],[136.7059,35.1175],[136.7365,35.0294],[136.7503,35.0353],[136.7944,35.0148],[136.7808,35.0333],[136.8006,35.0286],[136.809,35.0504],[136.812,35.0253],[136.8395,35.0297],[136.8344,35.0636],[136.8199,35.0643],[136.8078,35.0929],[136.785,35.0997],[136.7969,35.1035],[136.7836,35.1156],[136.8232,35.0776],[136.8392,35.0819],[136.8376,35.1164],[136.8492,35.0781],[136.8378,35.0517],[136.8449,35.0337],[136.8677,35.0928],[136.8911,35.0956],[136.8978,35.0844],[136.8694,35.0681],[136.8658,35.0494],[136.8828,35.0689],[136.9097,35.0683],[136.8862,35.0651],[136.8792,35.0472],[136.8961,35.0425],[136.8667,35.0397],[136.852,35.0164],[136.8697,35.0078],[136.8442,35.0072],[136.8547,35.0025],[136.8199,34.9659],[136.8289,34.9592],[136.8233,34.8981],[136.8668,34.8394],[136.8445,34.7564],[136.8883,34.7211],[136.9739,34.6961],[136.9664,34.7328],[136.9144,34.7717],[136.9261,34.8511],[136.9353,34.8486],[136.9281,34.8645],[136.9439,34.8658],[136.9411,34.8817],[136.9642,34.8756],[136.9494,34.8889],[136.9611,34.8867],[136.9722,34.9097],[136.9792,34.9831],[136.9831,34.8943],[136.9553,34.855],[136.9669,34.8492],[136.955,34.8497],[136.9558,34.8358],[136.9722,34.8281],[137.0,34.8694],[137.0249,34.8811],[137.0048,34.8695],[136.9787,34.824],[136.9908,34.8162],[137.012,34.8485],[136.9975,34.81],[137.0149,34.7911],[137.0243,34.805],[137.0146,34.7879],[137.0278,34.7783],[137.0487,34.7774],[137.0469,34.7966],[137.0526,34.7797],[137.0758,34.7861],[137.0869,34.7756],[137.1075,34.7911],[137.1706,34.7874],[137.1681,34.7678],[137.1774,34.7651],[137.1902,34.7767],[137.1898,34.8041],[137.2118,34.8042],[137.2231,34.8161],[137.216,34.8232],[137.2515,34.8051],[137.3019,34.81],[137.3306,34.7807],[137.3572,34.7882],[137.3392,34.7764],[137.3895,34.7719],[137.3222,34.7711],[137.3201,34.7329],[137.3593,34.7196],[137.3087,34.7246],[137.3085,34.7018],[137.3253,34.7014],[137.3074,34.6801],[137.2842,34.6787],[137.3013,34.6956],[137.3007,34.7279],[137.2847,34.731],[137.2618,34.7158],[137.2667,34.6975],[137.2539,34.702],[137.2499,34.689],[137.1328,34.639],[137.1032,34.6328],[137.1063,34.6431],[137.0858,34.6472],[137.0907,34.6568],[137.0656,34.6591],[137.0153,34.5798],[137.1415,34.5897],[137.3307,34.6449]]],[[[137.3263,34.7864],[137.3038,34.7927],[137.315,34.7801],[137.3263,34.7864]]],[[[137.0103,34.6781],[137.0075,34.6861],[136.9986,34.67],[137.0103,34.6781]]],[[[137.0411,34.7325],[137.0316,34.7224],[137.0436,34.7267],[137.0517,34.7153],[137.0545,34.7272],[137.0411,34.7325]]],[[[136.8072,35.0056],[136.8164,35.0014],[136.8214,35.0172],[136.8072,35.0056]]]]}},{"type":"Feature","properties":{"gid":"JPN.2_1","name":"秋田県","romaji":"Akita","type":"県","typeEn":"Prefecture","regionZh":"東北","regionEn":"Tohoku","capitalZh":"秋田市","pop":959502,"area":11636.28,"nick":"米与竿灯","blurb":"秋田米（小町）与比内鸡有名，秋田竿灯祭，男鹿生剥鬼，人口减少最快。"},"geometry":{"type":"MultiPolygon","coordinates":[[[[140.7084,38.9214],[140.7407,38.9482],[140.7768,38.9551],[140.7726,39.0007],[140.8128,39.0551],[140.8055,39.0708],[140.7562,39.0857],[140.7704,39.1241],[140.7566,39.1329],[140.7806,39.1657],[140.8112,39.1777],[140.7682,39.1952],[140.7853,39.2369],[140.7284,39.2675],[140.7016,39.297],[140.7093,39.3333],[140.6921,39.3459],[140.6791,39.3827],[140.6593,39.3862],[140.662,39.4119],[140.6849,39.4166],[140.6825,39.4484],[140.7222,39.4819],[140.7167,39.4912],[140.7442,39.5346],[140.7337,39.5629],[140.7995,39.6002],[140.8255,39.6468],[140.819,39.6891],[140.7853,39.7351],[140.8052,39.7407],[140.8469,39.7982],[140.7899,39.8239],[140.7864,39.8655],[140.8278,39.8831],[140.8528,39.8644],[140.8813,39.8716],[140.8499,39.9694],[140.8591,40.013],[140.8523,40.0741],[140.8788,40.092],[140.875,40.1349],[140.8862,40.1528],[140.8661,40.1717],[140.9584,40.2456],[140.9513,40.2965],[140.9765,40.3439],[140.9974,40.3542],[140.9833,40.4256],[140.875,40.4166],[140.8833,40.5079],[140.8208,40.4891],[140.8087,40.4473],[140.7728,40.4511],[140.6575,40.401],[140.5941,40.4336],[140.5432,40.401],[140.5323,40.4283],[140.51,40.4269],[140.4634,40.4536],[140.4441,40.4471],[140.4408,40.4756],[140.3947,40.4825],[140.3642,40.4753],[140.3385,40.4367],[140.1104,40.4345],[140.0718,40.4661],[140.0328,40.4525],[140.0197,40.4186],[140.0,40.4315],[139.9363,40.4279],[140.0252,40.3533],[140.0038,40.2237],[140.0247,40.2172],[139.9853,40.2018],[139.9919,40.176],[139.9514,40.0828],[139.907,40.0211],[139.8325,39.9647],[139.7986,39.9566],[139.7237,39.9813],[139.7008,40.0081],[139.6933,39.9953],[139.7016,39.961],[139.7216,39.9537],[139.7032,39.9454],[139.7049,39.9288],[139.7167,39.9092],[139.7348,39.9051],[139.7362,39.8798],[139.7539,39.8568],[139.7934,39.8677],[139.817,39.8573],[139.83,39.8686],[139.8606,39.8534],[139.8463,39.8649],[139.861,39.8667],[139.8476,39.8776],[139.8616,39.8963],[139.9068,39.9023],[139.9447,39.8912],[139.9586,39.9048],[139.9488,39.9405],[139.9212,39.9569],[139.9433,40.0039],[139.9283,40.0231],[139.9794,40.0692],[139.9703,40.0769],[139.9833,40.0939],[140.0563,40.0691],[140.0738,40.0402],[140.0714,39.9839],[140.0437,39.9356],[140.0569,39.9196],[140.0473,39.8751],[140.0169,39.9097],[139.9728,39.9204],[139.9558,39.898],[139.975,39.8838],[139.9491,39.8905],[140.0114,39.8414],[140.0412,39.7863],[140.0297,39.7697],[140.0432,39.7622],[140.0514,39.7719],[140.0852,39.7229],[140.0262,39.7647],[140.0547,39.7397],[140.0635,39.6382],[140.0449,39.498],[140.0158,39.3914],[140.0525,39.3941],[140.0139,39.3881],[139.9661,39.2939],[139.9185,39.2802],[139.8928,39.2131],[139.9042,39.1768],[139.8698,39.1191],[139.9972,39.1029],[140.0161,39.1211],[140.0658,39.1307],[140.0761,39.0843],[140.1121,39.077],[140.1525,39.0493],[140.1952,39.0581],[140.205,39.0558],[140.2043,39.0333],[140.2813,39.0274],[140.3088,39.012],[140.3324,39.0319],[140.3638,39.0227],[140.3815,38.9921],[140.4354,38.9889],[140.4649,38.9177],[140.5089,38.8921],[140.5421,38.8966],[140.568,38.8717],[140.6181,38.8911],[140.6575,38.8861],[140.7084,38.9214]]],[[[139.5599,39.2022],[139.5492,39.2073],[139.5426,39.1818],[139.5599,39.2022]]],[[[140.0194,39.9308],[140.0597,39.9658],[140.0686,40.0404],[140.0556,40.0592],[139.9897,40.0936],[139.9808,40.0658],[139.9336,40.0272],[139.9446,40.0015],[139.9234,39.9585],[139.9515,39.9408],[140.0194,39.9308]]]]}},{"type":"Feature","properties":{"gid":"JPN.3_1","name":"青森県","romaji":"Aomori","type":"県","typeEn":"Prefecture","regionZh":"東北","regionEn":"Tohoku","capitalZh":"青森市","pop":1237984,"area":9644.55,"nick":"苹果与睡魔","blurb":"日本最大苹果产地，青森睡魔祭著名，下北半岛与白神山地世界遗产。"},"geometry":{"type":"MultiPolygon","coordinates":[[[[140.9563,40.27],[140.9507,40.2593],[140.9817,40.2193],[141.0246,40.2176],[141.0802,40.2491],[141.1037,40.25],[141.1132,40.2586],[141.1058,40.2778],[141.1433,40.2974],[141.2206,40.3121],[141.3202,40.3698],[141.3546,40.328],[141.4058,40.363],[141.4122,40.355],[141.4762,40.3741],[141.5393,40.3443],[141.5846,40.3709],[141.59,40.4032],[141.6607,40.4271],[141.6847,40.4482],[141.5879,40.5215],[141.5761,40.5428],[141.542,40.5277],[141.5042,40.5311],[141.5322,40.5378],[141.5007,40.5396],[141.5125,40.5497],[141.4839,40.5603],[141.4936,40.5658],[141.4608,40.6044],[141.4125,40.7575],[141.3844,40.9714],[141.3989,41.0975],[141.3895,41.1669],[141.4417,41.3553],[141.4611,41.38],[141.4528,41.3958],[141.4639,41.4011],[141.4653,41.4292],[141.3617,41.3653],[141.3108,41.3511],[141.2655,41.3553],[141.1917,41.3878],[141.1119,41.4631],[141.0669,41.4822],[141.0,41.4864],[140.9136,41.5465],[140.8975,41.5254],[140.9087,41.4942],[140.8647,41.434],[140.836,41.4165],[140.8202,41.3466],[140.8003,41.3283],[140.8017,41.2927],[140.7789,41.2528],[140.78,41.2092],[140.7639,41.1952],[140.7638,41.1456],[140.811,41.1276],[140.8542,41.1611],[140.9459,41.1739],[140.98,41.1988],[141.0574,41.1829],[141.1517,41.2406],[141.1586,41.2619],[141.1436,41.2406],[141.1336,41.2433],[141.1594,41.2775],[141.1939,41.2911],[141.1778,41.2772],[141.2372,41.2375],[141.2786,41.1571],[141.2465,41.1059],[141.2189,40.9661],[141.1642,40.8911],[141.1333,40.8728],[141.1025,40.8728],[141.0647,40.9133],[140.9808,40.9306],[140.9902,40.9517],[140.9558,40.9885],[140.88,41.0094],[140.8744,40.972],[140.846,40.9473],[140.8737,40.9368],[140.8631,40.8844],[140.8027,40.835],[140.7352,40.8306],[140.6882,40.8764],[140.6513,41.0025],[140.6316,41.0994],[140.6372,41.1865],[140.6037,41.2141],[140.5486,41.2285],[140.4978,41.1897],[140.4637,41.1826],[140.3433,41.2611],[140.3217,41.1478],[140.3027,41.1312],[140.2578,41.1402],[140.249,41.1251],[140.2842,41.1222],[140.3192,41.0935],[140.3226,41.0378],[140.3388,41.052],[140.3509,41.039],[140.4018,41.0394],[140.4139,41.0252],[140.3741,41.0286],[140.3546,40.9966],[140.3214,41.0359],[140.3157,40.9476],[140.2936,40.8687],[140.2527,40.7934],[140.1953,40.7787],[140.1288,40.7401],[140.0665,40.7668],[140.0356,40.757],[140.0026,40.7399],[139.951,40.6705],[139.9361,40.6717],[139.9278,40.6428],[139.9008,40.6451],[139.8605,40.6158],[139.8592,40.6028],[139.8727,40.5819],[139.9179,40.5857],[139.9399,40.5528],[139.9496,40.4968],[139.9363,40.4279],[140.0,40.4315],[140.0197,40.4186],[140.0328,40.4525],[140.0614,40.4646],[140.0909,40.4596],[140.1104,40.4345],[140.1854,40.4395],[140.2268,40.4288],[140.2842,40.4431],[140.3385,40.4367],[140.3642,40.4753],[140.3947,40.4825],[140.4408,40.4756],[140.4441,40.4471],[140.4634,40.4536],[140.51,40.4269],[140.5323,40.4283],[140.5432,40.401],[140.5941,40.4336],[140.6575,40.401],[140.7728,40.4511],[140.8087,40.4473],[140.8208,40.4891],[140.8833,40.5079],[140.875,40.4166],[140.9833,40.4256],[140.9974,40.3542],[140.9765,40.3439],[140.9513,40.2965],[140.9563,40.27]]],[[[139.815,41.3647],[139.7936,41.3582],[139.8072,41.3529],[139.815,41.3647]]],[[[139.3733,41.5242],[139.3367,41.5228],[139.3387,41.4959],[139.3836,41.5072],[139.3733,41.5242]]]]}},{"type":"Feature","properties":{"gid":"JPN.4_1","name":"千葉県","romaji":"Chiba","type":"県","typeEn":"Prefecture","regionZh":"関東","regionEn":"Kanto","capitalZh":"千葉市","pop":6284480,"area":5156.61,"nick":"成田空港与房总","blurb":"成田国际机场所在地，东京湾沿岸为京叶工业带，房总半岛以海岸与农业闻名。"},"geometry":{"type":"MultiPolygon","coordinates":[[[[139.8242,34.9186],[139.8436,34.9019],[139.8875,34.8989],[139.9414,34.9167],[139.9642,34.9422],[139.9592,34.9664],[139.9851,35.0169],[140.0989,35.0744],[140.1051,35.1021],[140.1262,35.1193],[140.1825,35.1175],[140.1912,35.1274],[140.2014,35.1089],[140.2367,35.1167],[140.2577,35.1379],[140.2858,35.1339],[140.2991,35.1512],[140.3119,35.1475],[140.3109,35.1349],[140.3264,35.1391],[140.3498,35.1812],[140.3847,35.1878],[140.406,35.2383],[140.4079,35.2955],[140.3894,35.3051],[140.409,35.2968],[140.4152,35.306],[140.3925,35.3458],[140.3944,35.4169],[140.4575,35.5408],[140.4652,35.5365],[140.5305,35.6115],[140.6497,35.6862],[140.7041,35.7017],[140.7501,35.6928],[140.821,35.7132],[140.8651,35.6921],[140.8707,35.7189],[140.744,35.7825],[140.7095,35.8333],[140.6876,35.8456],[140.625,35.8565],[140.5674,35.8966],[140.5213,35.895],[140.4662,35.9165],[140.3643,35.895],[140.3208,35.8611],[140.2801,35.8704],[140.25,35.8541],[140.2065,35.8584],[140.1548,35.8416],[140.1251,35.8713],[140.0004,35.9068],[139.9474,35.9358],[139.9373,35.9652],[139.9009,35.9752],[139.8181,36.0583],[139.8012,36.0928],[139.78,36.0938],[139.7882,36.0645],[139.8161,36.0359],[139.8186,35.9931],[139.8436,35.9467],[139.8968,35.882],[139.8956,35.8157],[139.875,35.7943],[139.8924,35.7813],[139.8949,35.7465],[139.9522,35.6723],[139.9556,35.6856],[139.9864,35.6899],[139.9856,35.6645],[140.0026,35.6647],[139.9875,35.6543],[140.0138,35.6573],[140.0823,35.5974],[140.0832,35.6131],[140.0992,35.6052],[140.0891,35.5943],[140.1167,35.5963],[140.1121,35.5727],[140.1031,35.5872],[140.082,35.5887],[140.0858,35.5696],[140.1265,35.5687],[140.091,35.565],[140.1151,35.5517],[140.1158,35.5398],[140.112,35.5505],[140.0877,35.5521],[140.0978,35.5297],[140.0686,35.5482],[140.0808,35.5204],[140.0604,35.5432],[140.0378,35.5162],[140.0441,35.5099],[140.0252,35.5026],[140.0336,35.4936],[140.0112,35.4847],[140.022,35.4678],[140.0061,35.4796],[140.0,35.4664],[139.9894,35.47],[139.9899,35.4518],[139.9799,35.4742],[139.966,35.4686],[139.9721,35.4474],[139.9546,35.4438],[139.953,35.4531],[139.9648,35.453],[139.9532,35.457],[139.95,35.4422],[139.9036,35.4316],[139.896,35.4108],[139.9072,35.4156],[139.9055,35.3897],[139.9186,35.3884],[139.8984,35.3757],[139.9058,35.3695],[139.8886,35.3711],[139.8957,35.3585],[139.8463,35.3754],[139.8394,35.3665],[139.8581,35.3475],[139.8314,35.3528],[139.823,35.3438],[139.8395,35.3345],[139.8186,35.3163],[139.7843,35.3137],[139.8502,35.2878],[139.8474,35.2717],[139.8699,35.2381],[139.8703,35.2149],[139.8308,35.2038],[139.816,35.1723],[139.8393,35.1306],[139.8244,35.1015],[139.8426,35.0865],[139.819,35.0659],[139.8317,35.0432],[139.8105,35.038],[139.8528,35.0235],[139.8569,34.9928],[139.795,34.9733],[139.7528,34.9744],[139.7592,34.9581],[139.8197,34.9378],[139.8242,34.9186]]],[[[139.9764,35.6803],[139.9589,35.6742],[139.9794,35.6694],[139.9764,35.6803]]]]}},{"type":"Feature","properties":{"gid":"JPN.5_1","name":"愛媛県","romaji":"Ehime","type":"県","typeEn":"Prefecture","regionZh":"四国","regionEn":"Shikoku","capitalZh":"松山市","pop":1334841,"area":5678.33,"nick":"道后温泉与柑橘","blurb":"道后温泉为日本最古温泉之一，柑橘产量居前，濑户内海气候温和。"},"geometry":{"type":"MultiPolygon","coordinates":[[[[132.2659,33.1838],[132.267,33.1681],[132.3146,33.1505],[132.3047,33.1559],[132.3108,33.1639],[132.2896,33.162],[132.2944,33.18],[132.2769,33.1714],[132.2659,33.1838]]],[[[132.4704,33.0482],[132.4702,33.039],[132.4845,33.0466],[132.4844,33.0118],[132.4945,33.0177],[132.5058,33.0043],[132.5113,32.9765],[132.5543,32.9584],[132.4939,32.9642],[132.5049,32.9796],[132.4846,32.9806],[132.4695,32.9694],[132.5024,32.9552],[132.4925,32.9404],[132.4613,32.94],[132.4764,32.9036],[132.5225,32.9086],[132.5268,32.9204],[132.4975,32.9189],[132.5272,32.9328],[132.5053,32.9422],[132.5126,32.9497],[132.5678,32.9286],[132.5497,32.9456],[132.6017,32.9472],[132.5861,32.9388],[132.5985,32.9125],[132.6621,32.9226],[132.6649,32.9387],[132.6855,32.9431],[132.6861,33.0],[132.6757,33.0401],[132.6603,33.0534],[132.6703,33.0928],[132.6315,33.1293],[132.618,33.1666],[132.625,33.1791],[132.6353,33.1823],[132.6888,33.1318],[132.6985,33.1346],[132.7416,33.1934],[132.7719,33.2008],[132.7966,33.2715],[132.8578,33.2894],[132.9029,33.3181],[132.9006,33.3426],[132.8644,33.3641],[132.8528,33.3949],[132.835,33.4033],[132.8272,33.4432],[132.8095,33.4568],[132.8465,33.4742],[132.9567,33.4632],[133.0176,33.4776],[133.0652,33.5381],[133.0488,33.5722],[133.0819,33.6058],[133.071,33.6228],[133.08,33.6503],[133.122,33.6666],[133.125,33.6899],[133.144,33.6997],[133.1963,33.7908],[133.2234,33.7769],[133.25,33.7851],[133.2798,33.8277],[133.3282,33.8114],[133.3547,33.8285],[133.3951,33.823],[133.4205,33.8367],[133.5,33.8261],[133.5493,33.8769],[133.5856,33.8643],[133.6094,33.8783],[133.6632,33.8784],[133.6918,33.9166],[133.6919,33.9607],[133.678,33.9815],[133.6928,34.01],[133.5972,34.0413],[133.5732,34.0185],[133.5686,34.0262],[133.5564,34.0016],[133.5438,34.0061],[133.5523,33.995],[133.5436,33.9854],[133.5002,33.9691],[133.412,33.9907],[133.3596,33.9789],[133.3409,33.9928],[133.3363,33.9805],[133.3217,33.9948],[133.2899,33.974],[133.2826,33.9867],[133.27,33.9839],[133.2761,33.975],[133.263,33.9611],[133.2558,33.9805],[133.2545,33.956],[133.2006,33.9467],[133.1979,33.9328],[133.1955,33.9458],[133.1726,33.9394],[133.1759,33.9271],[133.1657,33.9374],[133.1517,33.9317],[133.1627,33.9124],[133.1356,33.9286],[133.1251,33.9054],[133.1267,33.9414],[133.1172,33.9239],[133.1165,33.943],[133.0923,33.9393],[133.0617,33.9762],[133.0344,34.0497],[133.0059,34.0672],[132.9787,34.1161],[132.9697,34.1063],[132.9421,34.1415],[132.9239,34.1161],[132.8919,34.1191],[132.927,34.1087],[132.9214,34.0664],[132.865,34.0594],[132.7666,33.9991],[132.7719,33.9627],[132.7549,33.911],[132.7328,33.8988],[132.7113,33.9064],[132.7006,33.8869],[132.7132,33.859],[132.6883,33.834],[132.6961,33.8102],[132.6845,33.8104],[132.7003,33.8047],[132.6889,33.7925],[132.7,33.7864],[132.7006,33.7613],[132.6482,33.6927],[132.5838,33.653],[132.4789,33.6155],[132.5146,33.5857],[132.4758,33.611],[132.4225,33.5475],[132.2773,33.4734],[132.2584,33.474],[132.2608,33.4505],[132.2419,33.4655],[132.2262,33.4594],[132.2247,33.4442],[132.1994,33.4558],[132.1939,33.4421],[132.1739,33.4466],[132.174,33.4267],[132.148,33.4342],[132.166,33.4115],[132.1547,33.4069],[132.1391,33.4209],[132.1352,33.4026],[132.1219,33.4205],[132.0129,33.3436],[132.0943,33.3875],[132.1204,33.3884],[132.1037,33.3614],[132.1529,33.3734],[132.1535,33.3891],[132.1818,33.4114],[132.2811,33.4473],[132.3006,33.4743],[132.317,33.4518],[132.3247,33.4728],[132.3533,33.4737],[132.3423,33.4849],[132.3515,33.4879],[132.3746,33.4598],[132.3965,33.4766],[132.4011,33.4678],[132.3877,33.4592],[132.4201,33.4624],[132.4075,33.4462],[132.3843,33.4426],[132.4156,33.4429],[132.4058,33.4239],[132.3964,33.4298],[132.3789,33.4164],[132.3928,33.4134],[132.3963,33.3979],[132.3783,33.3856],[132.3847,33.3618],[132.4187,33.3829],[132.4065,33.3602],[132.42,33.3557],[132.377,33.3378],[132.3705,33.3187],[132.4211,33.3031],[132.4319,33.3193],[132.4533,33.3086],[132.4864,33.3128],[132.4918,33.3253],[132.4986,33.3115],[132.5228,33.315],[132.5249,33.3044],[132.4836,33.2902],[132.4677,33.2543],[132.4834,33.2746],[132.5086,33.2588],[132.5419,33.2714],[132.5197,33.249],[132.553,33.2363],[132.5603,33.2217],[132.5407,33.2276],[132.5436,33.2136],[132.5003,33.2044],[132.5022,33.1939],[132.4903,33.1951],[132.5085,33.1935],[132.5147,33.1711],[132.4939,33.1838],[132.4862,33.1644],[132.4771,33.1702],[132.4832,33.1857],[132.4706,33.1766],[132.4578,33.1862],[132.4591,33.2106],[132.4471,33.2002],[132.4206,33.215],[132.4072,33.2062],[132.4304,33.2038],[132.4642,33.1715],[132.4333,33.1698],[132.4327,33.1537],[132.4252,33.1568],[132.444,33.1356],[132.4787,33.1412],[132.4999,33.1367],[132.5001,33.1228],[132.5238,33.1273],[132.5192,33.1172],[132.4872,33.1253],[132.4703,33.1146],[132.4677,33.1271],[132.4469,33.1242],[132.4806,33.0975],[132.4631,33.0924],[132.4701,33.0808],[132.4611,33.0761],[132.4726,33.0701],[132.4785,33.0837],[132.4841,33.0562],[132.4784,33.0644],[132.4493,33.0552],[132.4461,33.0653],[132.4325,33.0527],[132.4252,33.0672],[132.4041,33.0698],[132.3963,33.0279],[132.3782,33.0231],[132.3972,33.0139],[132.4175,33.0578],[132.452,33.0352],[132.4498,33.0475],[132.4704,33.0482]]],[[[132.4053,33.2047],[132.3894,33.1987],[132.4007,33.1844],[132.4186,33.1961],[132.4053,33.2047]]],[[[132.3798,33.2186],[132.347,33.207],[132.3578,33.1889],[132.3798,33.2186]]],[[[132.5209,33.2392],[132.5076,33.2286],[132.5194,33.2177],[132.5346,33.2254],[132.5209,33.2392]]],[[[132.7023,33.9252],[132.6606,33.9103],[132.6533,33.9],[132.6684,33.8973],[132.6639,33.8725],[132.6896,33.8757],[132.673,33.8959],[132.693,33.9043],[132.7023,33.9252]]],[[[132.3455,33.3956],[132.3353,33.3916],[132.3423,33.3804],[132.3455,33.3956]]],[[[132.5198,33.9888],[132.4957,33.9813],[132.493,33.9646],[132.5198,33.9888]]],[[[132.5637,33.9929],[132.5354,33.9876],[132.541,33.961],[132.5637,33.9929]]],[[[133.3703,34.0045],[133.3503,33.9969],[133.3624,33.9904],[133.3703,34.0045]]],[[[133.0406,34.195],[133.0203,34.1794],[133.0416,34.1521],[133.0264,34.1581],[133.015,34.1417],[133.0231,34.1256],[133.0147,34.1091],[133.0431,34.1131],[133.1111,34.17],[133.112,34.1788],[133.0853,34.1696],[133.0687,34.1916],[133.0406,34.195]]],[[[133.0022,34.1552],[132.9897,34.1514],[133.0094,34.1481],[133.0022,34.1552]]],[[[133.3178,34.1806],[133.3073,34.1809],[133.3283,34.1736],[133.3178,34.1806]]],[[[133.2741,34.1942],[133.2653,34.1968],[133.2685,34.1826],[133.2741,34.1942]]],[[[133.1979,34.2547],[133.1856,34.2516],[133.1806,34.2268],[133.1979,34.2547]]],[[[132.8804,34.1924],[132.8615,34.1938],[132.8811,34.1743],[132.8947,34.1852],[132.8804,34.1924]]],[[[132.9341,34.1845],[132.9204,34.2008],[132.9184,34.1862],[132.9341,34.1845]]],[[[133.1095,34.234],[133.0648,34.235],[133.0554,34.2094],[133.0828,34.1927],[133.0973,34.2042],[133.1097,34.1909],[133.1262,34.1953],[133.1195,34.2055],[133.1406,34.2213],[133.1097,34.2194],[133.1095,34.234]]],[[[133.1535,34.2236],[133.1583,34.2309],[133.1483,34.2162],[133.1535,34.2236]]],[[[133.022,34.2956],[132.9846,34.2904],[132.9847,34.2693],[132.9652,34.264],[132.9888,34.2625],[132.9956,34.2475],[132.9894,34.2232],[132.953,34.2217],[132.9416,34.2037],[132.9494,34.1929],[133.0586,34.2194],[133.0573,34.2585],[133.022,34.2956]]],[[[133.1536,34.2767],[133.1326,34.2654],[133.1334,34.2407],[133.1667,34.2562],[133.1536,34.2767]]],[[[133.2328,34.2876],[133.1987,34.2687],[133.2014,34.2399],[133.2192,34.2492],[133.2087,34.2571],[133.2371,34.277],[133.2328,34.2876]]],[[[133.1748,34.2843],[133.1654,34.2809],[133.1787,34.2558],[133.1877,34.2682],[133.1748,34.2843]]],[[[132.6752,33.9536],[132.6616,33.9741],[132.6487,33.9615],[132.6562,33.9509],[132.6752,33.9536]]],[[[132.6912,33.9759],[132.6867,33.9647],[132.6971,33.9655],[132.6912,33.9759]]],[[[132.6475,34.0072],[132.6444,34.0181],[132.5794,33.9698],[132.6001,33.9426],[132.6144,33.9569],[132.6416,33.9565],[132.6419,33.9702],[132.6301,33.9719],[132.6447,33.9811],[132.6475,34.0072]]]]}},{"type":"Feature","properties":{"gid":"JPN.6_1","name":"福井県","romaji":"Fukui","type":"県","typeEn":"Prefecture","regionZh":"中部","regionEn":"Chubu","capitalZh":"福井市","pop":766863,"area":4189.88,"nick":"若狭湾与恐龙","blurb":"若狭湾为「御食国」，胜山恐龙化石多发，东寻坊与永平寺曹洞宗大本山。"},"geometry":{"type":"Polygon","coordinates":[[[135.7774,35.362],[135.8125,35.3875],[135.8153,35.4084],[135.8486,35.4082],[135.8663,35.3916],[135.895,35.4032],[135.9479,35.518],[135.9872,35.486],[136.0104,35.4902],[136.0334,35.5264],[136.0991,35.5318],[136.1167,35.576],[136.1727,35.5628],[136.1796,35.5937],[136.1375,35.6666],[136.1534,35.6945],[136.1872,35.7],[136.2789,35.6611],[136.329,35.729],[136.3296,35.7693],[136.385,35.791],[136.4344,35.7717],[136.4883,35.7723],[136.5036,35.7511],[136.532,35.7829],[136.5734,35.7741],[136.5981,35.7921],[136.6242,35.7848],[136.6475,35.8032],[136.6687,35.7818],[136.7259,35.8021],[136.794,35.8011],[136.8027,35.8333],[136.8345,35.8523],[136.8192,35.9026],[136.7865,35.9244],[136.7929,35.9445],[136.7529,35.956],[136.7554,35.978],[136.7301,35.9931],[136.7427,36.0504],[136.7678,36.0655],[136.7571,36.0858],[136.6611,36.066],[136.6489,36.0915],[136.5548,36.1518],[136.5155,36.1439],[136.4936,36.1555],[136.4658,36.1344],[136.442,36.1362],[136.4088,36.1676],[136.3631,36.1625],[136.3421,36.1779],[136.3294,36.2291],[136.2429,36.2951],[136.1663,36.2499],[136.124,36.2504],[136.1356,36.2226],[136.1216,36.2016],[136.1336,36.2041],[136.1291,36.1916],[136.1098,36.1727],[136.1133,36.1921],[136.0939,36.1528],[136.0547,36.1283],[136.0293,36.0956],[136.012,36.0347],[135.958,35.982],[135.9983,35.933],[135.9944,35.8874],[136.0712,35.8247],[136.1,35.7781],[136.1006,35.7464],[136.0864,35.7392],[136.0989,35.7253],[136.0789,35.7036],[136.0867,35.6853],[136.0733,35.6608],[136.0442,35.6578],[136.0258,35.68],[136.045,35.6908],[136.0446,35.7051],[136.0228,35.7447],[136.0376,35.7391],[136.0328,35.7503],[136.0178,35.7638],[135.9546,35.7229],[135.9557,35.7027],[135.9699,35.7118],[135.9766,35.6948],[135.9634,35.6562],[135.9857,35.6431],[135.9792,35.6283],[135.9637,35.6218],[135.9502,35.6335],[135.9332,35.6118],[135.9128,35.6094],[135.9054,35.6241],[135.8676,35.6075],[135.8455,35.6357],[135.818,35.6438],[135.8146,35.6323],[135.8267,35.6355],[135.8239,35.6238],[135.8393,35.6197],[135.8276,35.6078],[135.8537,35.6025],[135.8576,35.5888],[135.8387,35.5621],[135.8015,35.5715],[135.8344,35.536],[135.7989,35.5246],[135.7664,35.5569],[135.7702,35.5436],[135.7545,35.5453],[135.7497,35.5667],[135.7144,35.5694],[135.688,35.545],[135.7168,35.5403],[135.7164,35.5206],[135.7392,35.5358],[135.7655,35.5351],[135.7182,35.4843],[135.701,35.4949],[135.6621,35.4936],[135.6416,35.4781],[135.5816,35.49],[135.626,35.4893],[135.6433,35.526],[135.6711,35.5234],[135.66,35.5461],[135.5653,35.4906],[135.5095,35.5017],[135.5167,35.5506],[135.4991,35.5533],[135.4962,35.5398],[135.5094,35.5353],[135.4803,35.5221],[135.4833,35.5342],[135.4684,35.5318],[135.4865,35.5572],[135.4733,35.5571],[135.4524,35.5199],[135.4789,35.5023],[135.4641,35.4607],[135.5306,35.4104],[135.5372,35.3742],[135.625,35.3664],[135.7015,35.3418],[135.7774,35.362]]]}},{"type":"Feature","properties":{"gid":"JPN.7_1","name":"福岡県","romaji":"Fukuoka","type":"県","typeEn":"Prefecture","regionZh":"九州","regionEn":"Kyushu","capitalZh":"福岡市","pop":5135214,"area":4978.51,"nick":"九州门户","blurb":"博多为核心，九州最大都市与对外窗口，拉面与祭典文化兴盛，是西日本最具活力的增长极。"},"geometry":{"type":"MultiPolygon","coordinates":[[[[130.885,33.1837],[130.8452,33.2039],[130.8467,33.2301],[130.8284,33.2381],[130.8344,33.2545],[130.8605,33.2658],[130.8678,33.293],[130.8532,33.3333],[130.8382,33.3403],[130.8619,33.3698],[130.8869,33.3752],[130.9023,33.4457],[130.9839,33.5044],[131.0309,33.5142],[131.0802,33.5028],[131.1773,33.5074],[131.1707,33.527],[131.1906,33.5493],[131.1754,33.5833],[131.1845,33.6178],[131.1678,33.6132],[131.1283,33.631],[131.0997,33.6192],[131.0738,33.656],[131.0609,33.6558],[131.0557,33.69],[131.0416,33.6897],[131.0289,33.7082],[131.0166,33.7506],[130.9792,33.7356],[131.0173,33.7679],[130.9916,33.7733],[131.0043,33.7822],[130.9977,33.7973],[130.9871,33.7873],[131.0011,33.8154],[130.9675,33.8096],[130.9565,33.8293],[130.9963,33.859],[130.9979,33.8683],[130.9826,33.8671],[130.9863,33.8823],[131.0042,33.8891],[130.9877,33.8995],[131.0139,33.9166],[131.0003,33.925],[131.0242,33.9567],[131.004,33.9697],[130.9632,33.9618],[130.9291,33.9054],[130.8892,33.8873],[130.878,33.8895],[130.8875,33.9022],[130.8644,33.8959],[130.8846,33.9048],[130.8715,33.9163],[130.849,33.9063],[130.8693,33.918],[130.8498,33.9171],[130.8606,33.9241],[130.8531,33.9293],[130.8236,33.9192],[130.8055,33.8757],[130.8027,33.8905],[130.7514,33.8686],[130.7436,33.8886],[130.7528,33.8779],[130.7992,33.8915],[130.8156,33.9024],[130.8072,33.9147],[130.8176,33.9255],[130.7785,33.9346],[130.7557,33.9201],[130.7583,33.9339],[130.7488,33.9238],[130.6998,33.9393],[130.6823,33.9366],[130.6815,33.9229],[130.6586,33.9091],[130.6629,33.8991],[130.6291,33.8828],[130.5242,33.8896],[130.5285,33.8733],[130.501,33.8531],[130.5064,33.8427],[130.4783,33.8578],[130.4726,33.817],[130.4444,33.815],[130.4477,33.7862],[130.4646,33.7864],[130.4707,33.7711],[130.4479,33.726],[130.4211,33.7187],[130.4007,33.6884],[130.3467,33.6622],[130.3173,33.6618],[130.3002,33.6892],[130.2856,33.6797],[130.2986,33.6602],[130.3562,33.6433],[130.3696,33.6654],[130.4305,33.6862],[130.4328,33.659],[130.4053,33.6514],[130.4356,33.635],[130.4073,33.6417],[130.4025,33.6052],[130.3861,33.6084],[130.3916,33.5976],[130.3813,33.594],[130.3731,33.6053],[130.3428,33.5847],[130.3397,33.5958],[130.3131,33.5979],[130.3049,33.5836],[130.2799,33.5803],[130.2453,33.5956],[130.2697,33.5958],[130.2752,33.6098],[130.2334,33.6159],[130.2245,33.6338],[130.2375,33.6489],[130.2088,33.667],[130.1993,33.6406],[130.1563,33.628],[130.1621,33.6117],[130.1474,33.5956],[130.1082,33.5966],[130.1078,33.5851],[130.0869,33.5808],[130.098,33.5639],[130.1208,33.574],[130.1346,33.567],[130.1164,33.5465],[130.1636,33.5608],[130.154,33.5376],[130.1247,33.5251],[130.1336,33.5204],[130.1268,33.5103],[130.1013,33.5159],[130.044,33.4949],[130.0373,33.4677],[130.0528,33.4659],[130.2736,33.4766],[130.36,33.4309],[130.3989,33.4239],[130.4305,33.3935],[130.481,33.4339],[130.5186,33.4443],[130.5394,33.4354],[130.5382,33.3395],[130.5125,33.341],[130.4864,33.3043],[130.3927,33.2436],[130.3628,33.1993],[130.3541,33.1469],[130.3833,33.1453],[130.3714,33.1214],[130.3969,33.1075],[130.3872,33.0955],[130.4084,33.0875],[130.4347,33.1128],[130.412,33.0815],[130.4253,33.0358],[130.4068,33.0165],[130.4234,33.0123],[130.4008,33.0064],[130.5093,33.0031],[130.5157,33.013],[130.5,33.0489],[130.5556,33.08],[130.5823,33.1127],[130.6583,33.1053],[130.6852,33.1666],[130.6933,33.1495],[130.7343,33.1511],[130.7802,33.1202],[130.8557,33.1061],[130.885,33.1837]]],[[[130.4977,33.9121],[130.487,33.9112],[130.508,33.896],[130.4977,33.9121]]],[[[131.0277,33.8405],[131.0316,33.8198],[131.0425,33.8213],[131.0345,33.858],[131.0242,33.8568],[131.0277,33.8405]]],[[[130.8312,33.9456],[130.7828,33.9392],[130.8122,33.9309],[130.8441,33.939],[130.8312,33.9456]]],[[[130.3054,33.6079],[130.3138,33.6226],[130.3009,33.6382],[130.2941,33.616],[130.3054,33.6079]]],[[[130.2328,33.6939],[130.2241,33.6914],[130.2336,33.6815],[130.2328,33.6939]]],[[[130.4497,33.9108],[130.4086,33.9114],[130.4055,33.8972],[130.4292,33.8867],[130.4497,33.9108]]],[[[130.3685,33.7663],[130.3622,33.7551],[130.3807,33.7582],[130.3685,33.7663]]],[[[130.1056,34.2494],[130.1028,34.2372],[130.1133,34.2469],[130.1056,34.2494]]]]}},{"type":"Feature","properties":{"gid":"JPN.8_1","name":"福島県","romaji":"Fukushima","type":"県","typeEn":"Prefecture","regionZh":"東北","regionEn":"Tohoku","capitalZh":"福島市","pop":1833152,"area":13782.76,"nick":"会津与双叶","blurb":"会津若松为历史城下町，2011 东日本大震灾与福岛核事故影响深远，农产丰富。"},"geometry":{"type":"Polygon","coordinates":[[[140.2653,36.9335],[140.307,36.9217],[140.3367,36.8858],[140.3686,36.8806],[140.3855,36.8333],[140.4167,36.8289],[140.4774,36.7926],[140.5389,36.8503],[140.5956,36.8703],[140.572,36.9234],[140.5793,36.9395],[140.5894,36.9421],[140.6185,36.9003],[140.7928,36.8578],[140.7908,36.8772],[140.8109,36.9042],[140.7936,36.9119],[140.8416,36.9089],[140.9028,36.9447],[140.9256,36.9358],[140.9695,36.9728],[140.9831,36.9953],[140.9744,37.0561],[141.0056,37.1446],[141.0034,37.2009],[141.0284,37.2372],[141.0175,37.2305],[141.0134,37.2516],[141.0256,37.3129],[141.0391,37.3191],[141.0285,37.3141],[141.0365,37.3192],[141.0259,37.3253],[141.0394,37.3638],[141.0359,37.4602],[141.0462,37.4798],[141.0347,37.4867],[141.0114,37.7411],[140.9892,37.7714],[140.9867,37.8231],[140.9772,37.8286],[140.9814,37.7811],[140.9639,37.7883],[140.9717,37.8156],[140.9494,37.8197],[140.9753,37.8272],[140.9653,37.8419],[140.9617,37.8306],[140.9506,37.8403],[140.9314,37.8918],[140.8962,37.8992],[140.8596,37.8881],[140.861,37.8008],[140.8543,37.792],[140.7739,37.7946],[140.7979,37.7789],[140.7901,37.7723],[140.7288,37.7831],[140.6968,37.8033],[140.6827,37.8333],[140.6943,37.8504],[140.6919,37.8793],[140.6635,37.8978],[140.6298,37.8962],[140.6219,37.9092],[140.5907,37.9063],[140.5731,37.9174],[140.5413,37.9021],[140.4875,37.8985],[140.469,37.9422],[140.4111,37.9699],[140.3893,37.9525],[140.3537,37.9471],[140.2833,37.9737],[140.2822,37.9316],[140.2679,37.905],[140.2702,37.8243],[140.2979,37.8079],[140.2303,37.7431],[140.1643,37.7535],[140.1267,37.7309],[140.0522,37.7759],[139.9898,37.7576],[139.9406,37.8251],[139.8918,37.8079],[139.8611,37.8235],[139.8134,37.8003],[139.7816,37.8276],[139.7413,37.8202],[139.6612,37.7513],[139.6251,37.6987],[139.6316,37.6889],[139.5543,37.6469],[139.5526,37.6175],[139.5738,37.576],[139.5693,37.5431],[139.5883,37.51],[139.4811,37.5],[139.4377,37.5113],[139.4171,37.5049],[139.4008,37.4568],[139.3665,37.4667],[139.2292,37.4451],[139.2004,37.408],[139.2346,37.3852],[139.2366,37.3426],[139.2175,37.29],[139.168,37.2333],[139.1979,37.2007],[139.2324,37.1942],[139.2562,37.1564],[139.2384,37.1043],[139.2596,37.0479],[139.2424,36.9297],[139.2687,36.938],[139.3855,36.9088],[139.4334,36.9265],[139.4691,36.968],[139.5379,36.9778],[139.5845,37.0081],[139.6164,37.0118],[139.6281,37.0295],[139.6682,37.0374],[139.6815,37.0544],[139.8233,37.0897],[139.8241,37.1198],[139.8696,37.1442],[139.9537,37.1512],[140.1059,37.118],[140.1457,37.0986],[140.1975,37.0589],[140.2092,37.0208],[140.2522,37.0229],[140.244,36.9471],[140.2653,36.9335]]]}},{"type":"Feature","properties":{"gid":"JPN.9_1","name":"岐阜県","romaji":"Gifu","type":"県","typeEn":"Prefecture","regionZh":"中部","regionEn":"Chubu","capitalZh":"岐阜市","pop":1978742,"area":10621.17,"nick":"飞驒高山与白川乡","blurb":"白川乡合掌造村落为世界遗产，飞驒高山保留江户町并，关原之战古战场。"},"geometry":{"type":"Polygon","coordinates":[[[136.6763,35.1701],[136.6821,35.2368],[136.7677,35.3605],[136.8323,35.3541],[136.9167,35.3749],[136.9919,35.4218],[136.991,35.3981],[137.0509,35.3622],[137.0494,35.3353],[137.0745,35.3266],[137.0698,35.3066],[137.0833,35.2934],[137.1628,35.2794],[137.1892,35.25],[137.2324,35.257],[137.279,35.2875],[137.3109,35.288],[137.349,35.2683],[137.3452,35.2584],[137.3878,35.2564],[137.3869,35.2433],[137.4369,35.2226],[137.5243,35.281],[137.5651,35.2844],[137.5647,35.3065],[137.6071,35.3333],[137.594,35.3865],[137.638,35.3984],[137.602,35.4389],[137.6349,35.4679],[137.6348,35.5058],[137.606,35.5281],[137.552,35.5151],[137.5363,35.538],[137.5396,35.5833],[137.5195,35.6141],[137.5399,35.6348],[137.5417,35.6552],[137.502,35.6841],[137.4615,35.758],[137.3988,35.7734],[137.3966,35.7946],[137.3436,35.795],[137.3293,35.8109],[137.3345,35.8333],[137.3645,35.8438],[137.3822,35.8876],[137.4405,35.9019],[137.4573,35.8882],[137.4785,35.8912],[137.5053,35.9349],[137.5274,35.9392],[137.5464,35.9769],[137.5968,36.0084],[137.6169,36.0731],[137.557,36.1038],[137.5575,36.1371],[137.5956,36.1666],[137.5978,36.1879],[137.5784,36.2104],[137.6493,36.285],[137.6538,36.3171],[137.6492,36.3389],[137.5967,36.3656],[137.5902,36.3866],[137.5429,36.3894],[137.5,36.4231],[137.4639,36.4095],[137.4068,36.4239],[137.3925,36.4556],[137.3242,36.4227],[137.3132,36.4245],[137.3115,36.4605],[137.2509,36.4585],[137.207,36.4343],[137.1945,36.4522],[137.1668,36.4514],[137.0957,36.3914],[137.0977,36.3808],[137.0612,36.3686],[137.0484,36.3213],[136.9782,36.2714],[136.9608,36.2745],[136.974,36.3047],[136.9566,36.3361],[136.9101,36.3574],[136.8922,36.3424],[136.8793,36.3667],[136.8404,36.3437],[136.8258,36.3001],[136.7961,36.2969],[136.8088,36.2729],[136.8476,36.2554],[136.8496,36.2394],[136.8017,36.1705],[136.7711,36.161],[136.7825,36.1307],[136.7591,36.0962],[136.7678,36.0655],[136.7427,36.0504],[136.7301,35.9931],[136.7554,35.978],[136.7529,35.956],[136.7929,35.9445],[136.7865,35.9244],[136.8251,35.8932],[136.8345,35.8523],[136.8027,35.8333],[136.794,35.8011],[136.7259,35.8021],[136.6687,35.7818],[136.6475,35.8032],[136.6242,35.7848],[136.5981,35.7921],[136.5734,35.7741],[136.532,35.7829],[136.5036,35.7511],[136.4883,35.7723],[136.4344,35.7717],[136.385,35.791],[136.3296,35.7693],[136.329,35.729],[136.2789,35.6611],[136.282,35.6351],[136.2924,35.6171],[136.3257,35.6142],[136.3197,35.5477],[136.3594,35.5359],[136.375,35.5563],[136.3841,35.5353],[136.4032,35.5272],[136.391,35.4903],[136.4229,35.4636],[136.4182,35.4219],[136.4454,35.3869],[136.4171,35.3686],[136.4154,35.3126],[136.399,35.2912],[136.3981,35.2524],[136.3818,35.2436],[136.418,35.2147],[136.4465,35.2157],[136.4624,35.2299],[136.5135,35.2364],[136.5303,35.2543],[136.5507,35.217],[136.625,35.1446],[136.6486,35.1486],[136.6492,35.1626],[136.6709,35.1455],[136.6763,35.1701]]]}},{"type":"Feature","properties":{"gid":"JPN.10_1","name":"群馬県","romaji":"Gunma","type":"県","typeEn":"Prefecture","regionZh":"関東","regionEn":"Kanto","capitalZh":"前橋市","pop":1939110,"area":6362.33,"nick":"温泉王国","blurb":"草津、伊香保等温泉众多，富冈制丝场为世界遗产，内陆工业县。"},"geometry":{"type":"Polygon","coordinates":[[[138.9445,36.0906],[138.9679,36.1226],[139.0455,36.1256],[139.0522,36.1496],[139.0668,36.1568],[139.0679,36.1949],[139.1303,36.2759],[139.1656,36.2737],[139.2516,36.2384],[139.375,36.2414],[139.4669,36.1861],[139.5857,36.2061],[139.622,36.1864],[139.6469,36.1936],[139.6625,36.2176],[139.6369,36.25],[139.6413,36.2617],[139.6222,36.2716],[139.5656,36.2639],[139.5294,36.2815],[139.4786,36.2698],[139.4221,36.3098],[139.4242,36.3333],[139.3706,36.3656],[139.3798,36.4048],[139.4406,36.4683],[139.4235,36.4996],[139.444,36.5488],[139.4857,36.5753],[139.468,36.6031],[139.406,36.6004],[139.3313,36.6306],[139.3404,36.6867],[139.3704,36.7228],[139.3563,36.7705],[139.408,36.8281],[139.3559,36.846],[139.3855,36.9088],[139.2687,36.938],[139.2424,36.9297],[139.2303,36.9586],[139.1834,36.9615],[139.178,36.9923],[139.1,37.0555],[139.0938,37.0167],[139.052,36.9871],[138.969,36.9756],[138.9779,36.8866],[138.9352,36.8909],[138.9203,36.8523],[138.933,36.8343],[138.8575,36.8089],[138.8247,36.81],[138.8334,36.7898],[138.8242,36.7608],[138.7897,36.7421],[138.7289,36.76],[138.7105,36.7343],[138.6979,36.741],[138.6192,36.7075],[138.5287,36.6925],[138.5282,36.6481],[138.4794,36.6417],[138.4308,36.5933],[138.4316,36.5526],[138.4158,36.5384],[138.401,36.4847],[138.4042,36.4316],[138.4676,36.4012],[138.4895,36.3984],[138.5,36.411],[138.5447,36.4007],[138.5669,36.4171],[138.6028,36.421],[138.6449,36.411],[138.6592,36.3638],[138.6561,36.303],[138.6034,36.2753],[138.6152,36.2295],[138.6368,36.2113],[138.635,36.178],[138.6125,36.1583],[138.5891,36.1718],[138.5811,36.1648],[138.6033,36.1334],[138.6361,36.1304],[138.6505,36.1026],[138.6335,36.0883],[138.653,36.0156],[138.6839,36.0075],[138.702,35.9862],[138.7309,35.9926],[138.7582,36.0313],[138.821,36.0324],[138.8672,36.0738],[138.9445,36.0906]]]}},{"type":"Feature","properties":{"gid":"JPN.11_1","name":"広島県","romaji":"Hiroshima","type":"県","typeEn":"Prefecture","regionZh":"中国","regionEn":"Chugoku","capitalZh":"広島市","pop":2799702,"area":8479.7,"nick":"和平与濑户内","blurb":"广岛市是和平纪念城市，濑户内海沿线工业与造船发达，宫岛严岛神社为世界遗产。"},"geometry":{"type":"MultiPolygon","coordinates":[[[[132.5378,34.0708],[132.5204,34.0505],[132.5343,34.047],[132.5378,34.0708]]],[[[132.3929,34.1749],[132.3821,34.1741],[132.3882,34.1498],[132.4134,34.15],[132.4128,34.1697],[132.3929,34.1749]]],[[[132.7148,34.2018],[132.6931,34.2014],[132.6861,34.1823],[132.7387,34.1731],[132.7391,34.158],[132.7643,34.1748],[132.7584,34.1931],[132.7148,34.2018]]],[[[132.6772,34.2021],[132.6563,34.196],[132.6447,34.1708],[132.6765,34.1748],[132.6772,34.2021]]],[[[132.7889,34.2791],[132.797,34.3115],[132.8131,34.3164],[132.8338,34.3152],[132.8465,34.2915],[132.914,34.3364],[132.9202,34.3253],[132.9505,34.3374],[133.0489,34.3297],[133.0522,34.342],[133.0791,34.345],[133.0902,34.3832],[133.031,34.3954],[133.0918,34.3864],[133.08,34.3968],[133.0889,34.3972],[133.1284,34.3825],[133.2345,34.4112],[133.2418,34.4415],[133.2528,34.4222],[133.2544,34.4417],[133.27,34.4326],[133.2723,34.4074],[133.2436,34.3994],[133.2449,34.3907],[133.281,34.4012],[133.2879,34.3844],[133.3457,34.3776],[133.3468,34.365],[133.3835,34.3809],[133.3872,34.4208],[133.4373,34.4316],[133.4084,34.4575],[133.4039,34.4797],[133.4146,34.4595],[133.4441,34.4449],[133.4436,34.4818],[133.4538,34.4762],[133.4584,34.5],[133.4482,34.5026],[133.4478,34.549],[133.3861,34.6184],[133.4053,34.6666],[133.3867,34.6765],[133.3633,34.7254],[133.3807,34.803],[133.2995,34.8866],[133.3119,34.9338],[133.2999,34.9532],[133.3232,35.0036],[133.251,35.0754],[133.2312,35.0647],[133.1442,35.0623],[133.144,35.0732],[133.1147,35.0825],[133.0426,35.0649],[132.993,35.098],[132.953,35.0723],[132.8947,35.1016],[132.8746,35.0985],[132.7538,34.9751],[132.7528,34.9595],[132.723,34.9449],[132.6922,34.9489],[132.6491,34.907],[132.6685,34.8874],[132.7032,34.8787],[132.7039,34.8422],[132.6839,34.8473],[132.6624,34.8289],[132.6144,34.8363],[132.5397,34.792],[132.4569,34.7975],[132.4445,34.8145],[132.4237,34.8087],[132.4274,34.7983],[132.4015,34.7802],[132.375,34.7978],[132.312,34.7923],[132.3012,34.7737],[132.2807,34.7936],[132.2407,34.7983],[132.2428,34.7767],[132.2155,34.7417],[132.1431,34.7065],[132.1363,34.6943],[132.1642,34.6801],[132.1289,34.6371],[132.1181,34.5625],[132.0863,34.5342],[132.0561,34.5268],[132.0409,34.5],[132.0566,34.4926],[132.0806,34.445],[132.0722,34.353],[132.126,34.3306],[132.1269,34.2944],[132.161,34.2258],[132.2292,34.2238],[132.2208,34.2337],[132.2318,34.2554],[132.2802,34.2831],[132.3191,34.323],[132.3204,34.3386],[132.3755,34.36],[132.3701,34.3695],[132.4192,34.3602],[132.4361,34.3822],[132.4259,34.3648],[132.4361,34.3603],[132.4535,34.3967],[132.4615,34.37],[132.4397,34.3525],[132.4528,34.3441],[132.4583,34.3627],[132.4628,34.3395],[132.4607,34.3521],[132.4791,34.3633],[132.4816,34.353],[132.498,34.3577],[132.493,34.3859],[132.5025,34.3547],[132.5419,34.373],[132.5188,34.3619],[132.5281,34.3539],[132.509,34.3533],[132.5094,34.3387],[132.5013,34.3491],[132.4915,34.3374],[132.504,34.3359],[132.4948,34.314],[132.5186,34.2819],[132.5148,34.2574],[132.5298,34.2543],[132.531,34.241],[132.5586,34.2377],[132.5311,34.2222],[132.5442,34.2096],[132.5378,34.1956],[132.5003,34.1814],[132.4931,34.155],[132.5059,34.1358],[132.4481,34.1092],[132.4611,34.0822],[132.4983,34.0908],[132.5039,34.1036],[132.5128,34.0908],[132.5336,34.1033],[132.5494,34.0836],[132.5414,34.0689],[132.5575,34.0694],[132.5478,34.0761],[132.5697,34.1142],[132.585,34.1058],[132.5927,34.1148],[132.5763,34.1278],[132.5392,34.1083],[132.5581,34.1497],[132.5314,34.1469],[132.5222,34.1572],[132.5475,34.1764],[132.5581,34.1719],[132.5358,34.1934],[132.5688,34.1979],[132.6281,34.2531],[132.6078,34.2184],[132.6185,34.2292],[132.6153,34.2143],[132.6353,34.2017],[132.668,34.2195],[132.6833,34.2101],[132.7005,34.2368],[132.7538,34.2386],[132.7718,34.2521],[132.7539,34.2586],[132.759,34.2707],[132.7461,34.2789],[132.7889,34.2791]],[[132.4481,34.3644],[132.4392,34.3592],[132.4514,34.3924],[132.4481,34.3644]]],[[[132.4915,34.2809],[132.4791,34.2958],[132.4753,34.283],[132.4353,34.2852],[132.4455,34.2662],[132.433,34.25],[132.4557,34.256],[132.4721,34.2427],[132.4733,34.2087],[132.4585,34.2305],[132.4391,34.2253],[132.4223,34.2577],[132.3723,34.2583],[132.423,34.18],[132.4301,34.1742],[132.4415,34.1951],[132.4574,34.1778],[132.4457,34.1788],[132.4502,34.1664],[132.4295,34.1286],[132.49,34.1425],[132.4722,34.1808],[132.491,34.2041],[132.4915,34.2809]]],[[[132.3375,34.3056],[132.2898,34.2876],[132.2627,34.2525],[132.273,34.2337],[132.3475,34.281],[132.3375,34.3056]]],[[[132.4447,34.3106],[132.4402,34.3255],[132.4142,34.3003],[132.4424,34.2964],[132.4447,34.3106]]],[[[132.487,34.3379],[132.4775,34.3463],[132.4817,34.3308],[132.487,34.3379]]],[[[132.8093,34.281],[132.7903,34.2727],[132.8031,34.2681],[132.8093,34.281]]],[[[133.0829,34.3272],[133.0653,34.3248],[133.0664,34.3036],[133.082,34.3034],[133.0829,34.3272]]],[[[133.1187,34.3573],[133.1047,34.3572],[133.1025,34.3255],[133.0948,34.3308],[133.1101,34.3173],[133.1263,34.3332],[133.1187,34.3573]]],[[[132.8526,34.1892],[132.8075,34.1781],[132.8025,34.1547],[132.8569,34.1661],[132.8689,34.1801],[132.8526,34.1892]]],[[[132.7804,34.1608],[132.8002,34.1751],[132.7863,34.1887],[132.7708,34.1745],[132.7804,34.1608]]],[[[132.9346,34.2827],[132.9006,34.2485],[132.888,34.2615],[132.8793,34.2483],[132.8389,34.2418],[132.8422,34.2231],[132.8642,34.206],[132.9207,34.2138],[132.9153,34.2351],[132.9322,34.2513],[132.9426,34.2772],[132.9346,34.2827]]],[[[132.8755,34.2684],[132.8637,34.2637],[132.8759,34.2547],[132.8755,34.2684]]],[[[133.1366,34.3152],[133.0892,34.3131],[133.0695,34.2617],[133.0935,34.2562],[133.1443,34.2849],[133.1503,34.2985],[133.1366,34.3152]]],[[[132.9183,34.2983],[132.9049,34.285],[132.9156,34.2788],[132.9261,34.2879],[132.9183,34.2983]]],[[[133.1588,34.3577],[133.1376,34.3462],[133.1348,34.3287],[133.1559,34.2985],[133.1956,34.2748],[133.2103,34.2969],[133.1937,34.2995],[133.2106,34.3186],[133.1968,34.3382],[133.1814,34.3319],[133.1763,34.3559],[133.1588,34.3577]]],[[[133.3204,34.3675],[133.2654,34.349],[133.2623,34.3329],[133.2852,34.3379],[133.288,34.3557],[133.3021,34.342],[133.3349,34.3546],[133.3427,34.3703],[133.3204,34.3675]]],[[[133.2652,34.3827],[133.259,34.3668],[133.2699,34.3608],[133.2793,34.3797],[133.2652,34.3827]]],[[[133.1705,34.3833],[133.1625,34.3913],[133.1519,34.382],[133.171,34.373],[133.1705,34.3833]]],[[[133.2249,34.4073],[133.1725,34.3929],[133.1741,34.3666],[133.2116,34.3564],[133.2397,34.3979],[133.2249,34.4073]]]]}},{"type":"Feature","properties":{"gid":"JPN.12_1","name":"北海道","romaji":"Hokkaido","type":"道","typeEn":"Circuit","regionZh":"北海道","regionEn":"Hokkaido","capitalZh":"札幌市","pop":5224614,"area":83424.44,"nick":"最北最大的道","blurb":"面积约占全国两成、人口稀少，以农业、乳业、滑雪与札幌冰雪节闻名，是如今唯一称「道」的行政区。"},"geometry":{"type":"MultiPolygon","coordinates":[[[[140.2115,41.4077],[140.2617,41.4821],[140.3612,41.5153],[140.4084,41.5163],[140.4296,41.5351],[140.4392,41.5537],[140.4283,41.5828],[140.4329,41.6517],[140.4449,41.6848],[140.4615,41.6974],[140.5271,41.7006],[140.6007,41.7414],[140.6223,41.8048],[140.6433,41.8176],[140.6851,41.8208],[140.7164,41.8067],[140.7271,41.7806],[140.7162,41.7667],[140.7016,41.7844],[140.6922,41.7637],[140.7014,41.7404],[140.7221,41.7441],[140.7367,41.7681],[140.7835,41.7742],[140.9247,41.7395],[140.9678,41.7095],[141.0533,41.7258],[141.1081,41.7842],[141.1561,41.7842],[141.1864,41.8028],[141.1831,41.8175],[141.1472,41.83],[141.1453,41.8564],[141.0778,41.8864],[141.0117,41.8931],[140.9595,41.9158],[140.9049,41.9868],[140.8221,42.033],[140.8027,42.0765],[140.7739,42.0847],[140.7594,42.1168],[140.7079,42.1384],[140.5864,42.1083],[140.5484,42.1136],[140.3936,42.22],[140.2921,42.2469],[140.2762,42.2804],[140.2772,42.3208],[140.3133,42.4163],[140.3868,42.52],[140.4718,42.5877],[140.533,42.5888],[140.5825,42.5665],[140.6461,42.5867],[140.7087,42.5831],[140.7708,42.54],[140.7715,42.5212],[140.7859,42.5174],[140.7795,42.4993],[140.7984,42.4999],[140.8728,42.4589],[140.9171,42.3691],[141.0078,42.3487],[140.9812,42.3425],[140.9888,42.3306],[140.9799,42.3232],[140.9497,42.3475],[140.9306,42.3364],[140.9472,42.3158],[141.003,42.3006],[141.0189,42.3287],[141.1264,42.4208],[141.2072,42.4542],[141.3433,42.5397],[141.4489,42.5881],[141.616,42.6226],[141.6231,42.644],[141.6353,42.6369],[141.6955,42.6568],[141.6304,42.6282],[141.7308,42.6258],[141.7826,42.6163],[141.8007,42.6008],[141.819,42.612],[141.8017,42.5852],[141.8235,42.6058],[141.9028,42.5762],[142.0071,42.5033],[142.0243,42.5127],[142.0131,42.5003],[142.0283,42.4841],[142.1908,42.4492],[142.2844,42.3719],[142.4053,42.309],[142.4481,42.3027],[142.4906,42.2667],[142.5834,42.2433],[142.6704,42.1917],[142.7595,42.1745],[142.8155,42.1411],[142.9642,42.1187],[143.0026,42.0846],[143.1352,42.0268],[143.1632,41.9827],[143.2487,41.9242],[143.2403,41.9478],[143.2486,41.985],[143.312,42.0544],[143.3158,42.1229],[143.3361,42.1864],[143.3081,42.2438],[143.3258,42.2856],[143.3223,42.3068],[143.3997,42.4314],[143.4753,42.5217],[143.4586,42.5339],[143.4783,42.5253],[143.5253,42.5744],[143.5169,42.5921],[143.5372,42.5983],[143.5267,42.6122],[143.5361,42.6072],[143.5369,42.6219],[143.5508,42.6056],[143.5278,42.5769],[143.6067,42.6492],[143.5992,42.6689],[143.6198,42.663],[143.6097,42.6517],[143.8741,42.8461],[144.0045,42.9197],[143.9907,42.9208],[143.9986,42.9284],[144.0061,42.9206],[144.1694,42.9844],[144.2726,43.003],[144.2723,43.0124],[144.3306,42.995],[144.3592,42.9986],[144.375,42.9792],[144.3617,42.9711],[144.4494,42.9434],[144.6311,42.9508],[144.7814,42.9336],[144.7232,42.9759],[144.7244,42.9911],[144.7845,43.0553],[144.8572,43.049],[144.8538,43.0808],[144.8387,43.077],[144.8692,43.1002],[144.8636,43.0723],[144.9091,43.0677],[144.95,43.0464],[144.9311,43.0204],[144.9163,43.0291],[144.9007,43.0164],[144.8492,43.0455],[144.8329,43.0341],[144.8317,43.0144],[144.8545,43.0119],[144.8774,42.985],[144.9736,42.9812],[145.032,43.0103],[145.0236,43.0206],[145.005,43.0138],[145.0297,43.0275],[145.0061,43.0292],[145.0145,43.0372],[144.9884,43.0582],[145.0153,43.0558],[145.0253,43.0317],[145.0497,43.0303],[145.0892,43.0476],[145.0832,43.0562],[145.0456,43.0494],[145.0714,43.0503],[145.0706,43.0781],[145.0866,43.0541],[145.1072,43.0797],[145.128,43.0766],[145.1262,43.0675],[145.1722,43.0753],[145.1133,43.0886],[145.1136,43.1222],[145.145,43.1444],[145.1694,43.15],[145.2089,43.1367],[145.2853,43.17],[145.4228,43.1889],[145.4856,43.1869],[145.5024,43.1748],[145.4951,43.159],[145.5164,43.1631],[145.5247,43.1736],[145.5088,43.1869],[145.5311,43.1853],[145.53,43.2086],[145.5572,43.2194],[145.5494,43.2308],[145.5656,43.2825],[145.5903,43.2783],[145.6097,43.3103],[145.6342,43.32],[145.6789,43.3111],[145.68,43.3231],[145.7064,43.335],[145.7486,43.3319],[145.8081,43.3656],[145.8173,43.3845],[145.758,43.3993],[145.7466,43.3797],[145.7337,43.3942],[145.7216,43.3837],[145.651,43.3916],[145.5661,43.3247],[145.5221,43.3069],[145.4935,43.267],[145.5106,43.27],[145.5325,43.2433],[145.5058,43.2164],[145.5139,43.2442],[145.4819,43.2733],[145.4603,43.2617],[145.3889,43.2617],[145.3308,43.2847],[145.3194,43.2817],[145.3308,43.2714],[145.3106,43.2742],[145.2911,43.2892],[145.3031,43.2944],[145.2933,43.3072],[145.33,43.3014],[145.3267,43.3125],[145.2825,43.3239],[145.2389,43.2992],[145.2383,43.3264],[145.2153,43.3444],[145.2406,43.3594],[145.2939,43.3586],[145.3081,43.3317],[145.3672,43.3128],[145.2856,43.3792],[145.2439,43.5278],[145.2222,43.5581],[145.2186,43.5878],[145.1956,43.5994],[145.1892,43.62],[145.1928,43.6283],[145.2531,43.6133],[145.1389,43.65],[145.0706,43.7453],[145.0614,43.8044],[145.0889,43.83],[145.0939,43.8897],[145.1417,43.9675],[145.2296,44.0455],[145.2599,44.133],[145.3292,44.1911],[145.348,44.2425],[145.3676,44.2582],[145.3361,44.3437],[145.2296,44.2523],[145.1921,44.1949],[145.0146,44.0997],[145.0037,44.0776],[144.9344,44.0418],[144.911,44.0045],[144.8469,43.9721],[144.8339,43.9509],[144.7511,43.9216],[144.6546,43.9106],[144.3601,43.9539],[144.4413,43.9335],[144.4302,43.9238],[144.4446,43.9192],[144.4363,43.9138],[144.4186,43.9316],[144.388,43.9253],[144.3701,43.9443],[144.3448,43.9419],[144.3614,43.9561],[144.2991,43.9816],[144.2806,44.0107],[144.289,44.0203],[144.2549,44.0382],[144.258,44.0852],[144.2431,44.1135],[144.1903,44.1049],[144.1924,44.0485],[144.1648,44.0226],[144.1166,44.008],[144.0976,44.0299],[144.1131,44.0893],[144.1851,44.1046],[144.1007,44.129],[144.0786,44.1215],[143.9924,44.1345],[143.7903,44.1792],[143.9661,44.1285],[143.9642,44.1363],[144.0082,44.1307],[143.9718,44.1318],[143.9577,44.0977],[143.9353,44.0827],[143.9066,44.0988],[143.9112,44.1094],[143.7904,44.0956],[143.7758,44.1078],[143.7585,44.0988],[143.7587,44.1139],[143.7429,44.1207],[143.7322,44.1043],[143.7066,44.1586],[143.6682,44.1791],[143.6699,44.1913],[143.6825,44.1995],[143.7805,44.1836],[143.5619,44.2511],[143.5457,44.2348],[143.5414,44.2555],[143.5593,44.2518],[143.516,44.2678],[143.5166,44.2492],[143.5005,44.2484],[143.487,44.2558],[143.5109,44.2696],[143.3794,44.3265],[143.3482,44.3705],[143.2686,44.4028],[143.2299,44.424],[143.2259,44.4386],[142.9853,44.5628],[142.927,44.6287],[142.7932,44.7162],[142.6586,44.8409],[142.6315,44.8879],[142.5858,44.9205],[142.5833,44.9614],[142.5391,44.9916],[142.532,45.0284],[142.5071,45.0408],[142.5021,45.0601],[142.4818,45.0617],[142.4106,45.1173],[142.1667,45.3414],[142.0518,45.3999],[142.0193,45.4529],[141.9698,45.4824],[141.9554,45.5156],[141.9357,45.5227],[141.8924,45.512],[141.8644,45.4406],[141.7958,45.4069],[141.7458,45.4135],[141.7183,45.3964],[141.6798,45.4037],[141.68,45.4211],[141.6423,45.4491],[141.6341,45.4033],[141.6564,45.3571],[141.641,45.3295],[141.6127,45.3121],[141.6181,45.2891],[141.5719,45.2376],[141.5687,45.1986],[141.7381,44.8972],[141.7844,44.7242],[141.7892,44.6014],[141.7668,44.5535],[141.7559,44.4492],[141.7081,44.3889],[141.7173,44.3719],[141.6939,44.3667],[141.6723,44.3238],[141.6475,44.3128],[141.6509,44.2797],[141.6743,44.2831],[141.653,44.2745],[141.6653,44.0256],[141.6379,43.9509],[141.6474,43.9449],[141.6318,43.9518],[141.6281,43.9215],[141.5599,43.8591],[141.52,43.8596],[141.494,43.8363],[141.4557,43.8347],[141.3811,43.802],[141.3295,43.725],[141.3521,43.6413],[141.3863,43.5889],[141.3587,43.5174],[141.4285,43.4153],[141.4237,43.3281],[141.3736,43.2688],[141.2998,43.2149],[141.3084,43.2122],[141.291,43.2051],[141.2935,43.1875],[141.2782,43.1989],[141.2358,43.1695],[141.1618,43.1439],[141.0118,43.1894],[141.0028,43.2069],[141.0209,43.2229],[141.015,43.2389],[140.9267,43.2277],[140.9184,43.212],[140.8758,43.2055],[140.8622,43.2183],[140.8504,43.1986],[140.7922,43.1947],[140.7745,43.2056],[140.7746,43.2269],[140.6441,43.2639],[140.646,43.2852],[140.6306,43.2972],[140.5794,43.3107],[140.5289,43.3594],[140.4986,43.3726],[140.4624,43.3714],[140.4711,43.3652],[140.4611,43.3456],[140.4297,43.3293],[140.3464,43.3335],[140.36,43.316],[140.3361,43.2823],[140.3437,43.2726],[140.328,43.2593],[140.3361,43.2547],[140.3256,43.2211],[140.3608,43.1783],[140.4314,43.1412],[140.5053,43.0361],[140.5286,43.0283],[140.5265,42.9988],[140.39,42.9221],[140.3485,42.8593],[140.3068,42.8281],[140.3034,42.7765],[140.2598,42.761],[140.228,42.8032],[140.1855,42.8242],[140.1429,42.7527],[140.0726,42.7254],[140.0474,42.6945],[139.8983,42.6803],[139.8686,42.6658],[139.8219,42.6114],[139.8536,42.4647],[139.8344,42.4011],[139.7808,42.3536],[139.7703,42.3292],[139.765,42.3061],[139.7853,42.2747],[139.7744,42.2592],[139.8147,42.2208],[139.8783,42.21],[139.9228,42.1331],[139.9889,42.1286],[140.0267,42.1123],[140.135,41.9736],[140.1263,41.9615],[140.1395,41.8936],[140.1311,41.8722],[140.1104,41.8634],[140.125,41.8597],[140.1242,41.8261],[140.1103,41.8036],[140.071,41.8072],[140.0689,41.7633],[140.0088,41.6915],[139.9822,41.6083],[139.9861,41.5514],[140.0285,41.462],[140.075,41.4246],[140.1319,41.4304],[140.1932,41.3984],[140.2115,41.4077]]],[[[139.5606,42.2494],[139.5364,42.2336],[139.4394,42.2192],[139.4017,42.1781],[139.423,42.1361],[139.4211,42.0706],[139.4508,42.0514],[139.452,42.065],[139.4961,42.0828],[139.5203,42.1361],[139.5167,42.1756],[139.5508,42.2103],[139.5606,42.2494]]],[[[145.6,43.2181],[145.5885,43.2069],[145.61,43.2097],[145.6,43.2181]]],[[[145.4289,43.2828],[145.4072,43.2819],[145.4656,43.2694],[145.4289,43.2828]]],[[[145.2864,43.6072],[145.2648,43.6117],[145.2452,43.593],[145.2736,43.6044],[145.2648,43.5965],[145.2928,43.6044],[145.2811,43.5917],[145.3242,43.5953],[145.3392,43.5864],[145.3417,43.5658],[145.2882,43.5606],[145.3178,43.5503],[145.3467,43.5592],[145.3394,43.5894],[145.2864,43.6072]]],[[[140.979,45.4547],[140.9665,45.4648],[140.9763,45.4475],[140.9622,45.4389],[140.9931,45.4267],[140.9805,45.4149],[140.9918,45.4084],[140.9817,45.38],[141.0228,45.3088],[141.0172,45.281],[141.0426,45.2739],[141.067,45.4244],[141.0335,45.4608],[141.0342,45.4403],[141.0111,45.4332],[140.979,45.4547]]],[[[141.3268,44.4402],[141.2925,44.4138],[141.327,44.4215],[141.3353,44.4328],[141.3268,44.4402]]],[[[141.4282,44.4441],[141.381,44.4327],[141.4246,44.4276],[141.4282,44.4441]]],[[[141.2479,45.1018],[141.2844,45.1087],[141.3277,45.149],[141.3244,45.1847],[141.2751,45.2343],[141.233,45.2344],[141.2326,45.2466],[141.1932,45.2595],[141.1384,45.2213],[141.1422,45.1906],[141.1264,45.1856],[141.1711,45.1332],[141.2292,45.0996],[141.2479,45.1018]]]]}},{"type":"Feature","properties":{"gid":"JPN.13_1","name":"兵庫県","romaji":"Hyōgo","type":"県","typeEn":"Prefecture","regionZh":"近畿","regionEn":"Kansai","capitalZh":"神戸市","pop":5465002,"area":8396.16,"nick":"神户港与姬路城","blurb":"神户为重要国际贸易港，姬路城是现存天守阁代表作；濑户内海与日本海两侧气候迥异。"},"geometry":{"type":"MultiPolygon","coordinates":[[[[134.8256,34.1777],[134.811,34.1566],[134.8306,34.1644],[134.8256,34.1777]]],[[[134.8594,34.2346],[134.9539,34.2692],[134.9444,34.2994],[134.9228,34.3101],[134.9154,34.3364],[134.8959,34.3492],[134.8964,34.4139],[134.9867,34.5119],[134.9944,34.5442],[135.0251,34.5744],[135.0036,34.6088],[134.9748,34.5969],[134.9356,34.5499],[134.8875,34.5319],[134.8392,34.4687],[134.8183,34.4692],[134.7979,34.4497],[134.73,34.3306],[134.7067,34.3211],[134.6872,34.3314],[134.6531,34.2917],[134.6761,34.2565],[134.6586,34.2403],[134.7024,34.2418],[134.7206,34.2553],[134.6994,34.2208],[134.7291,34.2082],[134.7318,34.1883],[134.7981,34.1969],[134.8594,34.2346]]],[[[134.8106,34.7472],[134.8108,34.7159],[134.8268,34.7062],[134.8444,34.7192],[134.8577,34.7119],[134.8406,34.6963],[134.8539,34.6942],[134.8605,34.7106],[134.8712,34.7011],[134.8578,34.6915],[134.89,34.6925],[134.9722,34.6425],[135.0177,34.6434],[135.0571,34.6242],[135.188,34.6509],[135.1783,34.6654],[135.1847,34.6829],[135.2031,34.6786],[135.2536,34.7061],[135.2885,34.7036],[135.2822,34.7119],[135.2938,34.7189],[135.3318,34.7238],[135.3245,34.7111],[135.3431,34.7134],[135.3637,34.688],[135.3814,34.7386],[135.3715,34.6809],[135.3886,34.7015],[135.3886,34.6912],[135.4008,34.6988],[135.397,34.6864],[135.4523,34.7183],[135.4585,34.7572],[135.4211,34.809],[135.445,34.8944],[135.4233,34.9047],[135.4696,34.9259],[135.3639,34.9513],[135.3494,34.9656],[135.3615,34.9807],[135.3572,35.0212],[135.337,35.0311],[135.352,35.0441],[135.3738,35.0422],[135.3824,35.0645],[135.4016,35.0731],[135.3961,35.1073],[135.3867,35.1258],[135.3373,35.1464],[135.294,35.1388],[135.2919,35.1693],[135.2398,35.1736],[135.2078,35.1586],[135.1899,35.1687],[135.2025,35.1916],[135.1588,35.2259],[135.1667,35.2322],[135.1576,35.2583],[135.106,35.2593],[135.0673,35.2401],[135.0,35.2873],[134.9242,35.3126],[134.9234,35.3652],[134.9419,35.4068],[135.0,35.3838],[135.0464,35.4055],[135.0465,35.5146],[135.03,35.5368],[134.9625,35.5096],[134.9259,35.5169],[134.9155,35.5422],[134.8718,35.5754],[134.8707,35.6592],[134.8519,35.6593],[134.8406,35.6425],[134.8376,35.6561],[134.7983,35.6702],[134.7655,35.66],[134.7639,35.6747],[134.7594,35.6578],[134.7207,35.6671],[134.7047,35.6527],[134.6888,35.6649],[134.6614,35.6481],[134.6633,35.6667],[134.6217,35.6389],[134.6004,35.6582],[134.5596,35.6507],[134.5394,35.6708],[134.5027,35.6629],[134.4533,35.6286],[134.439,35.6359],[134.4322,35.6203],[134.3702,35.6141],[134.4045,35.5915],[134.4105,35.562],[134.4239,35.5598],[134.4178,35.5175],[134.4313,35.5022],[134.4428,35.4397],[134.4801,35.4257],[134.4756,35.3807],[134.5109,35.3534],[134.5049,35.3232],[134.5183,35.2747],[134.4352,35.2268],[134.4057,35.2377],[134.384,35.2153],[134.3859,35.1944],[134.4154,35.1771],[134.4115,35.1445],[134.3773,35.1475],[134.365,35.1367],[134.3527,35.091],[134.3229,35.0807],[134.3198,35.042],[134.29,35.0333],[134.2687,35.0102],[134.2832,34.9948],[134.2592,34.9331],[134.2921,34.9077],[134.265,34.8793],[134.2564,34.8531],[134.2654,34.8333],[134.307,34.8098],[134.3475,34.7356],[134.3636,34.7405],[134.3602,34.7502],[134.3856,34.7261],[134.4033,34.7547],[134.3925,34.7316],[134.4084,34.7263],[134.4338,34.7474],[134.4332,34.7662],[134.4548,34.7678],[134.45,34.7544],[134.4578,34.7572],[134.4639,34.8042],[134.4767,34.7858],[134.4742,34.7553],[134.5011,34.7746],[134.5047,34.7611],[134.5276,34.7827],[134.5642,34.7608],[134.5709,34.7737],[134.5728,34.7578],[134.5879,34.77],[134.6053,34.7657],[134.594,34.7716],[134.6092,34.7775],[134.6242,34.7689],[134.6248,34.7835],[134.6422,34.7829],[134.6329,34.768],[134.645,34.7666],[134.6469,34.7896],[134.6503,34.7703],[134.6684,34.7806],[134.6611,34.7636],[134.6875,34.7883],[134.6761,34.7744],[134.6882,34.777],[134.6905,34.7598],[134.7084,34.7769],[134.7561,34.7653],[134.7619,34.7486],[134.7833,34.7644],[134.7683,34.7506],[134.797,34.7328],[134.8056,34.7603],[134.8106,34.7472]]],[[[134.519,34.6547],[134.5011,34.6434],[134.5147,34.6372],[134.519,34.6547]]],[[[134.5798,34.6738],[134.5623,34.6688],[134.5739,34.6507],[134.5912,34.6624],[134.5798,34.6738]]],[[[134.5353,34.6806],[134.5078,34.6772],[134.5418,34.658],[134.5463,34.6795],[134.5353,34.6806]]],[[[134.4931,34.6701],[134.483,34.6599],[134.4646,34.6647],[134.4581,34.6456],[134.4997,34.6433],[134.4931,34.6701]]],[[[135.2189,34.6755],[135.2045,34.6774],[135.202,34.659],[135.2442,34.652],[135.2272,34.6625],[135.2509,34.6639],[135.245,34.6702],[135.2189,34.6755]]],[[[135.282,34.6975],[135.2545,34.6938],[135.2542,34.6789],[135.2905,34.6813],[135.282,34.6975]]]]}},{"type":"Feature","properties":{"gid":"JPN.14_1","name":"茨城県","romaji":"Ibaraki","type":"県","typeEn":"Prefecture","regionZh":"関東","regionEn":"Kanto","capitalZh":"水戸市","pop":2867009,"area":6095.72,"nick":"筑波科学城","blurb":"筑波为国家级科研城，笠间、水户是历史与温泉地，临太平洋的农渔大县。"},"geometry":{"type":"Polygon","coordinates":[[[140.1205,35.8726],[140.1548,35.8416],[140.2065,35.8584],[140.25,35.8541],[140.2801,35.8704],[140.3208,35.8611],[140.3643,35.895],[140.4662,35.9165],[140.5213,35.895],[140.5674,35.8966],[140.625,35.8565],[140.6876,35.8456],[140.7095,35.8333],[140.744,35.7825],[140.8707,35.7189],[140.8686,35.7377],[140.8818,35.7303],[140.8615,35.7527],[140.8681,35.7382],[140.8269,35.7572],[140.7444,35.86],[140.7068,35.9247],[140.7127,35.955],[140.7099,35.927],[140.6764,35.9106],[140.69,35.8831],[140.6749,35.8975],[140.6625,35.9272],[140.6764,35.9185],[140.7011,35.9378],[140.6814,35.9715],[140.6728,35.9665],[140.595,36.1167],[140.5586,36.2639],[140.5622,36.2981],[140.5869,36.3117],[140.6269,36.3783],[140.6103,36.4047],[140.6056,36.4821],[140.6283,36.4958],[140.653,36.5733],[140.6964,36.6486],[140.7169,36.6622],[140.7167,36.6948],[140.7481,36.7844],[140.7731,36.8233],[140.8051,36.8302],[140.7961,36.8565],[140.6185,36.9003],[140.5894,36.9421],[140.572,36.9234],[140.5956,36.8703],[140.5389,36.8503],[140.465,36.793],[140.4432,36.8161],[140.3855,36.8333],[140.3686,36.8806],[140.327,36.8907],[140.2887,36.9324],[140.2607,36.9337],[140.2517,36.9183],[140.2561,36.8527],[140.2701,36.8123],[140.2587,36.7593],[140.2905,36.7183],[140.2857,36.7054],[140.2376,36.6968],[140.2234,36.6812],[140.2522,36.6013],[140.2533,36.5273],[140.2066,36.4513],[140.1958,36.4033],[140.1617,36.3949],[140.1475,36.4109],[140.125,36.41],[140.104,36.3909],[140.0697,36.4007],[140.0671,36.3792],[140.054,36.374],[139.9748,36.3708],[139.968,36.3524],[139.9174,36.3332],[139.9112,36.297],[139.8537,36.3085],[139.8257,36.2389],[139.7421,36.2034],[139.7053,36.2007],[139.6965,36.1641],[139.7404,36.0833],[139.7602,36.0793],[139.7892,36.1002],[139.892,35.9826],[139.9373,35.9652],[139.9474,35.9358],[140.0004,35.9068],[140.1205,35.8726]]]}},{"type":"Feature","properties":{"gid":"JPN.15_1","name":"石川県","romaji":"Ishikawa","type":"県","typeEn":"Prefecture","regionZh":"中部","regionEn":"Chubu","capitalZh":"金沢市","pop":1132526,"area":4185.67,"nick":"金泽加贺百万石","blurb":"金泽为加贺藩城下町，兼六园为名园，轮岛漆器与茶屋街。"},"geometry":{"type":"MultiPolygon","coordinates":[[[[136.3242,36.231],[136.3421,36.1779],[136.3631,36.1625],[136.4088,36.1676],[136.442,36.1362],[136.4658,36.1344],[136.4936,36.1555],[136.5155,36.1439],[136.5548,36.1518],[136.6489,36.0915],[136.6611,36.066],[136.7571,36.0858],[136.7825,36.1307],[136.7711,36.161],[136.8017,36.1705],[136.8496,36.2394],[136.8476,36.2554],[136.8088,36.2729],[136.7889,36.3333],[136.8051,36.3507],[136.7822,36.428],[136.7984,36.4421],[136.7994,36.5087],[136.8199,36.5491],[136.7969,36.5729],[136.7874,36.6189],[136.8262,36.6693],[136.7964,36.7211],[136.8505,36.7543],[136.8541,36.8129],[136.8664,36.8546],[136.8846,36.8718],[136.8885,36.9106],[136.9522,36.9525],[136.9735,36.9446],[136.9889,36.9631],[137.0521,36.959],[137.0572,36.9674],[137.0461,37.0373],[137.0578,37.1083],[137.0214,37.1011],[137.0054,37.0598],[136.973,37.0467],[136.9565,37.0571],[136.9627,37.0671],[136.9373,37.0708],[136.9434,37.084],[136.9161,37.0917],[136.8982,37.0721],[136.86,37.0714],[136.8725,37.0881],[136.8597,37.108],[136.8925,37.1106],[136.9012,37.1357],[136.8739,37.1449],[136.9129,37.1939],[136.9073,37.2033],[136.9296,37.204],[136.9071,37.2179],[136.9135,37.2286],[136.9318,37.22],[136.9247,37.233],[136.9435,37.2242],[136.963,37.2361],[136.946,37.216],[137.0108,37.1833],[137.0342,37.1956],[137.0273,37.2049],[137.0695,37.2181],[137.0984,37.2784],[137.1511,37.2964],[137.1515,37.3063],[137.2344,37.2965],[137.2306,37.3115],[137.2467,37.307],[137.268,37.3361],[137.253,37.3406],[137.2673,37.3572],[137.2489,37.3542],[137.2378,37.3786],[137.2521,37.4261],[137.2787,37.4407],[137.3605,37.4505],[137.3398,37.483],[137.3516,37.5024],[137.328,37.5293],[137.2758,37.5344],[137.2088,37.5056],[137.1384,37.497],[137.0295,37.4328],[136.9239,37.3953],[136.8956,37.4068],[136.8431,37.4005],[136.7561,37.364],[136.7495,37.3433],[136.738,37.3473],[136.7209,37.321],[136.733,37.2774],[136.6794,37.2067],[136.6699,37.1467],[136.6851,37.1357],[136.7094,37.1491],[136.7269,37.1358],[136.7223,37.057],[136.7463,37.0299],[136.7438,37.0117],[136.7705,36.9967],[136.7683,36.9607],[136.7493,36.9304],[136.7684,36.9029],[136.7507,36.8422],[136.6796,36.7151],[136.6034,36.628],[136.6235,36.6115],[136.602,36.6188],[136.4182,36.4208],[136.3466,36.3652],[136.3,36.3521],[136.2446,36.2962],[136.3242,36.231]]],[[[137.0412,37.1675],[137.0057,37.1356],[136.9684,37.1549],[136.9767,37.1398],[136.9412,37.1463],[136.9243,37.1306],[136.9269,37.1444],[136.9119,37.1547],[136.9024,37.1408],[136.9398,37.1151],[136.9461,37.0909],[136.9641,37.1041],[136.9763,37.0971],[136.996,37.1188],[137.0223,37.1111],[137.051,37.123],[137.0412,37.1389],[137.0549,37.1492],[137.0412,37.1675]]]]}},{"type":"Feature","properties":{"gid":"JPN.16_1","name":"岩手県","romaji":"Iwate","type":"県","typeEn":"Prefecture","regionZh":"東北","regionEn":"Tohoku","capitalZh":"盛岡市","pop":1210534,"area":15278.89,"nick":"东北面积最大","blurb":"内陆山地广阔，平泉为世界遗产（中尊寺），釜石与三陆海岸。"},"geometry":{"type":"Polygon","coordinates":[[[140.7801,39.005],[140.768,38.9843],[140.7768,38.9551],[140.825,38.9608],[140.8868,38.9247],[140.9597,38.9055],[140.9876,38.8732],[141.0997,38.8832],[141.1363,38.8752],[141.1491,38.8552],[141.119,38.8335],[141.1429,38.7901],[141.1843,38.7809],[141.2155,38.7499],[141.2327,38.7499],[141.2591,38.7572],[141.268,38.7849],[141.3008,38.7905],[141.3135,38.8193],[141.4379,38.7796],[141.4382,38.8082],[141.4601,38.8128],[141.4583,38.8766],[141.4927,38.9045],[141.4873,38.975],[141.4995,38.9957],[141.5728,38.9907],[141.632,38.9712],[141.6239,39.0009],[141.6702,39.0048],[141.6806,38.9973],[141.668,38.9764],[141.7034,38.9381],[141.7285,38.952],[141.7179,38.9674],[141.6965,38.9698],[141.7178,38.9811],[141.712,38.9969],[141.7449,38.9902],[141.7101,39.0241],[141.7252,39.0414],[141.7213,39.0754],[141.7396,39.0587],[141.7332,39.0222],[141.7586,39.0176],[141.7965,39.043],[141.7967,39.0254],[141.8379,39.0243],[141.8514,39.0353],[141.8139,39.0578],[141.8758,39.0647],[141.8243,39.0752],[141.8089,39.0914],[141.8134,39.1135],[141.8601,39.1035],[141.8806,39.0836],[141.9214,39.1046],[141.9003,39.1202],[141.8727,39.1168],[141.8727,39.1304],[141.8368,39.1471],[141.8875,39.1556],[141.9206,39.1766],[141.9199,39.1859],[141.8669,39.1917],[141.8665,39.2059],[141.8902,39.1975],[141.8876,39.2085],[141.9038,39.2048],[141.9246,39.2221],[141.9463,39.2163],[141.9559,39.2215],[141.9454,39.2421],[141.9716,39.2475],[141.9211,39.2378],[141.8901,39.2476],[141.9032,39.2567],[141.89,39.2743],[141.9292,39.2698],[141.926,39.2858],[141.8909,39.3076],[141.9697,39.3128],[141.9971,39.3502],[141.9146,39.3239],[141.8973,39.3378],[141.9156,39.346],[141.9094,39.3601],[141.9394,39.3479],[141.9577,39.3559],[141.9665,39.3777],[141.9475,39.3709],[141.9382,39.3846],[141.9754,39.4266],[141.9832,39.4084],[142.0119,39.4133],[142.0105,39.4261],[142.0397,39.4184],[142.04,39.4458],[142.0614,39.4706],[142.0511,39.4853],[142.0125,39.4682],[142.0047,39.4444],[141.995,39.4522],[141.978,39.4389],[141.9612,39.4489],[141.9546,39.473],[141.9903,39.4836],[142.0096,39.4758],[142.0108,39.5006],[142.03,39.5086],[142.0339,39.5297],[142.0597,39.5225],[142.0531,39.5317],[142.0728,39.5469],[142.0578,39.5744],[142.0272,39.5778],[142.035,39.6106],[142.0233,39.6158],[142.0261,39.6569],[141.9588,39.5865],[141.9462,39.5865],[141.9713,39.6252],[141.9698,39.6461],[141.9855,39.6508],[141.9701,39.6526],[141.9894,39.6872],[141.9671,39.6899],[141.9894,39.7136],[141.9725,39.7334],[142.0047,39.751],[141.9884,39.7562],[142.005,39.775],[141.984,39.789],[141.9916,39.8207],[141.9746,39.8499],[141.9662,39.8462],[141.9781,39.853],[141.9769,39.8728],[141.9403,39.9202],[141.9435,39.9442],[141.9628,39.945],[141.9564,39.9827],[141.9361,40.01],[141.901,40.0148],[141.8761,40.0497],[141.8336,40.075],[141.8281,40.1133],[141.8463,40.1341],[141.877,40.144],[141.8534,40.169],[141.8015,40.1843],[141.7933,40.1931],[141.806,40.1988],[141.7828,40.1924],[141.8136,40.2205],[141.8338,40.2197],[141.8324,40.2345],[141.7738,40.3223],[141.7682,40.3511],[141.6847,40.4482],[141.6607,40.4271],[141.59,40.4032],[141.5846,40.3709],[141.5393,40.3443],[141.4762,40.3741],[141.4122,40.355],[141.4058,40.363],[141.3546,40.328],[141.3202,40.3698],[141.2206,40.3121],[141.1433,40.2974],[141.1058,40.2778],[141.1132,40.2586],[141.1037,40.25],[141.0802,40.2491],[141.0296,40.2188],[140.9817,40.2193],[140.9584,40.2456],[140.9472,40.2423],[140.938,40.2233],[140.9073,40.2148],[140.8899,40.185],[140.8661,40.1717],[140.8862,40.1528],[140.875,40.1349],[140.8788,40.092],[140.8523,40.0741],[140.8591,40.013],[140.8499,39.9694],[140.8813,39.8716],[140.8528,39.8644],[140.8278,39.8831],[140.7864,39.8655],[140.7899,39.8239],[140.8469,39.7982],[140.8052,39.7407],[140.7853,39.7351],[140.819,39.6891],[140.8255,39.6468],[140.7995,39.6002],[140.7337,39.5629],[140.7414,39.5229],[140.7157,39.4729],[140.6825,39.4484],[140.6887,39.4267],[140.662,39.4119],[140.6593,39.3862],[140.6791,39.3827],[140.6921,39.3459],[140.7093,39.3333],[140.7016,39.297],[140.7202,39.2749],[140.7853,39.2369],[140.7682,39.1952],[140.8112,39.1777],[140.7806,39.1657],[140.7566,39.1329],[140.7704,39.1241],[140.7562,39.0857],[140.8055,39.0708],[140.8128,39.0551],[140.7801,39.005]]]}},{"type":"Feature","properties":{"gid":"JPN.17_1","name":"香川県","romaji":"Kagawa","type":"県","typeEn":"Prefecture","regionZh":"四国","regionEn":"Shikoku","capitalZh":"高松市","pop":950244,"area":1876.55,"nick":"赞岐乌冬","blurb":"日本面积最小县，赞岐乌冬名扬全国，小豆岛与濑户内艺术节。"},"geometry":{"type":"MultiPolygon","coordinates":[[[[133.6738,34.0198],[133.7154,34.0141],[133.7314,34.0409],[133.7821,34.0766],[133.8116,34.0687],[133.8259,34.0896],[133.8647,34.102],[133.9029,34.0979],[133.9348,34.1126],[133.9783,34.0716],[134.0024,34.0716],[134.0298,34.0833],[134.0526,34.1141],[134.125,34.1157],[134.1414,34.1301],[134.1384,34.1479],[134.1761,34.1724],[134.2626,34.1801],[134.2997,34.1666],[134.3454,34.1692],[134.3596,34.1818],[134.4248,34.1587],[134.4443,34.2072],[134.4106,34.2233],[134.4121,34.2352],[134.3935,34.2385],[134.3791,34.262],[134.3547,34.2486],[134.3131,34.275],[134.2559,34.2861],[134.2465,34.3063],[134.2661,34.3194],[134.2668,34.3368],[134.2503,34.3522],[134.2286,34.3403],[134.2112,34.3696],[134.2103,34.3464],[134.1825,34.3525],[134.1811,34.3258],[134.1628,34.3284],[134.1536,34.3439],[134.1632,34.3845],[134.1361,34.4004],[134.1197,34.397],[134.1286,34.3889],[134.1168,34.3772],[134.12,34.3592],[134.0923,34.3847],[134.0861,34.3417],[134.0775,34.3625],[134.0712,34.3523],[134.0652,34.3634],[134.0596,34.3518],[134.0517,34.3622],[134.0214,34.3485],[134.0101,34.3574],[134.0053,34.3453],[134.0072,34.3592],[134.0,34.3531],[133.9762,34.3735],[133.9658,34.3635],[133.9312,34.3892],[133.917,34.3765],[133.8943,34.3826],[133.8993,34.35],[133.8689,34.3386],[133.8747,34.3289],[133.8345,34.326],[133.8578,34.3453],[133.8524,34.3605],[133.8298,34.3425],[133.8407,34.3598],[133.8195,34.3531],[133.8293,34.3234],[133.7997,34.3071],[133.8057,34.2973],[133.7921,34.3095],[133.7895,34.2948],[133.7827,34.3105],[133.777,34.2909],[133.7722,34.3058],[133.7625,34.2997],[133.7721,34.2837],[133.7312,34.2783],[133.7361,34.261],[133.6877,34.2366],[133.6911,34.2127],[133.6865,34.2327],[133.6727,34.2236],[133.6733,34.2467],[133.6505,34.2331],[133.6221,34.2356],[133.591,34.261],[133.5571,34.2624],[133.6487,34.1924],[133.6322,34.0625],[133.5972,34.0413],[133.6738,34.0198]]],[[[133.5321,34.1224],[133.5466,34.1272],[133.5277,34.1317],[133.5321,34.1224]]],[[[133.6309,34.2759],[133.6234,34.2866],[133.6203,34.2556],[133.6567,34.2803],[133.6309,34.2759]]],[[[133.7157,34.3989],[133.6879,34.3737],[133.6843,34.3614],[133.6992,34.3515],[133.7303,34.3694],[133.7157,34.3989]]],[[[133.6221,34.3316],[133.6321,34.3392],[133.6203,34.3549],[133.6221,34.3316]]],[[[133.676,34.4087],[133.6507,34.4083],[133.6661,34.3821],[133.676,34.4087]]],[[[133.7886,34.3956],[133.7612,34.39],[133.7524,34.399],[133.7548,34.37],[133.7951,34.388],[133.7886,34.3956]]],[[[134.0518,34.3884],[134.0537,34.4092],[134.0356,34.3825],[134.0518,34.3884]]]]}},{"type":"Feature","properties":{"gid":"JPN.18_1","name":"鹿児島県","romaji":"Kagoshima","type":"県","typeEn":"Prefecture","regionZh":"九州","regionEn":"Kyushu","capitalZh":"鹿児島市","pop":1588256,"area":9188.82,"nick":"樱岛火山与南国","blurb":"樱岛活火山近在咫尺，奄美诸岛为亚热带世界遗产，萨摩文化独特。"},"geometry":{"type":"MultiPolygon","coordinates":[[[[128.4361,27.0669],[128.3953,27.0467],[128.4,27.0347],[128.445,27.0189],[128.4583,27.0261],[128.4553,27.0478],[128.4361,27.0669]]],[[[128.6153,27.3524],[128.7114,27.4389],[128.6914,27.4411],[128.5956,27.3975],[128.535,27.4056],[128.5242,27.3933],[128.5236,27.3619],[128.5503,27.3319],[128.5786,27.3303],[128.6153,27.3524]]],[[[128.9292,27.8887],[128.9006,27.894],[128.8897,27.8815],[128.8787,27.8276],[128.8912,27.8192],[128.8887,27.7875],[128.9063,27.7633],[128.8984,27.7359],[128.8801,27.7233],[128.9125,27.6997],[128.9264,27.665],[128.9833,27.6666],[129.0213,27.7177],[129.0381,27.7694],[128.9684,27.8178],[128.9712,27.8566],[128.9551,27.8626],[128.9752,27.8734],[128.973,27.8922],[128.9292,27.8887]]],[[[129.2283,28.0419],[129.2128,28.0544],[129.2042,28.035],[129.2119,28.0222],[129.2328,28.0239],[129.2572,28.0047],[129.2678,28.0136],[129.2653,28.0375],[129.2345,28.0311],[129.2283,28.0419]]],[[[129.1728,28.0569],[129.1717,28.07],[129.1478,28.0492],[129.1472,28.0147],[129.1658,28.0217],[129.1728,28.0569]]],[[[129.2103,28.1994],[129.1739,28.1878],[129.1936,28.1461],[129.2198,28.1401],[129.2147,28.0769],[129.2508,28.1111],[129.2619,28.0781],[129.2839,28.0622],[129.2931,28.0917],[129.3242,28.0939],[129.3192,28.0614],[129.3405,28.0771],[129.3542,28.1086],[129.3419,28.1192],[129.3197,28.1025],[129.3031,28.1225],[129.2925,28.1081],[129.2872,28.1253],[129.2617,28.1175],[129.2753,28.1419],[129.2456,28.1228],[129.2422,28.1369],[129.2617,28.1439],[129.2456,28.1492],[129.2747,28.1578],[129.2642,28.1711],[129.2591,28.161],[129.2581,28.1742],[129.2442,28.1511],[129.2125,28.1636],[129.2053,28.1831],[129.2425,28.1886],[129.2103,28.1994]]],[[[129.1706,28.2425],[129.1772,28.2241],[129.2121,28.2192],[129.2175,28.2288],[129.2472,28.2033],[129.2578,28.2061],[129.2483,28.2142],[129.2544,28.2331],[129.2767,28.2303],[129.2631,28.2144],[129.2931,28.2211],[129.2622,28.1839],[129.2742,28.1811],[129.2822,28.1972],[129.2956,28.1486],[129.3336,28.1289],[129.3592,28.1358],[129.3786,28.1067],[129.3678,28.1519],[129.3372,28.1686],[129.3514,28.1736],[129.4003,28.1519],[129.4033,28.1917],[129.4239,28.1866],[129.4781,28.2114],[129.4575,28.2325],[129.4078,28.2514],[129.4442,28.2461],[129.4592,28.2665],[129.4586,28.2967],[129.4861,28.2886],[129.5414,28.3083],[129.532,28.3261],[129.5647,28.3342],[129.6131,28.4008],[129.6647,28.3969],[129.7097,28.4206],[129.7195,28.4744],[129.6953,28.4894],[129.6897,28.5301],[129.6764,28.5264],[129.6572,28.5],[129.6444,28.5022],[129.6736,28.4611],[129.6681,28.4389],[129.6464,28.4672],[129.655,28.4247],[129.6461,28.4339],[129.6392,28.4169],[129.6233,28.4164],[129.63,28.4358],[129.6208,28.4503],[129.6194,28.4358],[129.5906,28.4138],[129.6219,28.4783],[129.578,28.4678],[129.56,28.4483],[129.5431,28.4644],[129.5183,28.4411],[129.5108,28.4097],[129.5228,28.4003],[129.5067,28.4006],[129.4986,28.3817],[129.4914,28.4117],[129.4783,28.4],[129.4631,28.4139],[129.4478,28.3808],[129.395,28.3864],[129.4083,28.3664],[129.4019,28.3572],[129.3872,28.3739],[129.3672,28.3544],[129.3403,28.3692],[129.3272,28.3506],[129.3106,28.3508],[129.3036,28.3294],[129.2103,28.3069],[129.2486,28.2747],[129.2645,28.2742],[129.2669,28.2883],[129.2948,28.2752],[129.2792,28.2781],[129.2739,28.2617],[129.2553,28.2653],[129.2497,28.2533],[129.2264,28.2736],[129.2137,28.2704],[129.2114,28.2531],[129.1813,28.2705],[129.1622,28.2547],[129.1353,28.2555],[129.1518,28.2374],[129.1706,28.2425]]],[[[129.1897,28.3036],[129.1786,28.2972],[129.1933,28.2839],[129.2217,28.2842],[129.1897,28.3036]]],[[[129.0,28.8044],[128.9722,28.8014],[128.9983,28.7917],[129.0,28.8044]]],[[[129.2073,29.1565],[129.1864,29.1531],[129.22,29.1261],[129.2231,29.155],[129.2073,29.1565]]],[[[129.6004,29.4752],[129.5833,29.46],[129.5975,29.4444],[129.6178,29.4464],[129.6004,29.4752]]],[[[130.0239,28.3769],[129.9525,28.3269],[129.9205,28.3229],[129.9191,28.2909],[129.9446,28.274],[129.9786,28.2881],[130.0011,28.3372],[130.0161,28.3358],[130.0347,28.3583],[130.0239,28.3769]]],[[[129.8572,29.8825],[129.8336,29.8603],[129.8586,29.8236],[129.9175,29.8189],[129.8953,29.8442],[129.8931,29.8703],[129.8572,29.8825]]],[[[129.9225,29.99],[129.9131,30.0078],[129.905,29.9642],[129.9436,29.9514],[129.9461,29.9672],[129.9225,29.99]]],[[[130.1504,30.4881],[130.1696,30.4566],[130.1956,30.4619],[130.1911,30.4414],[130.2106,30.4214],[130.2447,30.4386],[130.265,30.4356],[130.2358,30.47],[130.1504,30.4881]]],[[[130.315,30.8027],[130.3024,30.8083],[130.2615,30.7818],[130.2783,30.7719],[130.2772,30.7811],[130.3147,30.7808],[130.315,30.8027]]],[[[130.2608,31.2558],[130.2781,31.2464],[130.2874,31.2732],[130.2869,31.2625],[130.3092,31.2667],[130.3528,31.2506],[130.4647,31.25],[130.5061,31.2181],[130.5159,31.1988],[130.5061,31.1783],[130.5286,31.1636],[130.5567,31.1786],[130.5881,31.1572],[130.5945,31.1789],[130.6403,31.1894],[130.6461,31.2036],[130.6303,31.2014],[130.63,31.2111],[130.6578,31.22],[130.65,31.2444],[130.6667,31.2664],[130.6214,31.2764],[130.5669,31.3192],[130.5428,31.3842],[130.5583,31.3864],[130.5264,31.4089],[130.5131,31.4664],[130.5325,31.4689],[130.5133,31.4781],[130.5147,31.4947],[130.5336,31.5078],[130.5278,31.5236],[130.5386,31.5222],[130.5458,31.5475],[130.5597,31.5475],[130.5689,31.5717],[130.5547,31.58],[130.5708,31.58],[130.5614,31.595],[130.6197,31.6572],[130.6092,31.681],[130.6167,31.7111],[130.6403,31.7142],[130.6411,31.7319],[130.6464,31.7208],[130.6622,31.7336],[130.7158,31.7281],[130.7361,31.7069],[130.7419,31.725],[130.7417,31.7092],[130.7961,31.7014],[130.8228,31.6519],[130.7653,31.5626],[130.7072,31.5572],[130.7219,31.5647],[130.7117,31.5667],[130.7172,31.6028],[130.6794,31.6294],[130.6264,31.6208],[130.5914,31.5897],[130.6361,31.5458],[130.703,31.5489],[130.6911,31.4889],[130.6986,31.4628],[130.7328,31.4506],[130.7561,31.4246],[130.8039,31.3347],[130.7906,31.3069],[130.79,31.2506],[130.7686,31.2147],[130.7543,31.212],[130.7672,31.1805],[130.7447,31.1316],[130.6536,31.071],[130.6786,31.0628],[130.6614,30.9944],[130.6692,31.0092],[130.6831,31.0044],[130.685,31.0261],[130.7158,31.0292],[130.7169,31.0456],[130.7444,31.0606],[130.7617,31.0558],[130.8133,31.0894],[130.8733,31.095],[130.9628,31.1378],[130.9792,31.1514],[130.9733,31.1672],[130.9953,31.1692],[130.9853,31.18],[131.0029,31.1888],[131.0136,31.2256],[131.065,31.227],[131.1294,31.2765],[131.1235,31.2872],[131.1074,31.2758],[131.0742,31.2831],[131.107,31.3141],[131.1058,31.333],[130.9753,31.3606],[131.0161,31.3597],[131.0203,31.3948],[131.0522,31.4472],[131.0967,31.4564],[131.1056,31.4759],[131.1042,31.4664],[131.1194,31.4747],[131.165,31.4578],[131.1709,31.4891],[131.2025,31.5179],[131.1928,31.5542],[131.2054,31.581],[131.1902,31.6211],[131.1663,31.6336],[131.1343,31.6236],[131.0816,31.6566],[131.0562,31.6314],[131.0284,31.6736],[131.0202,31.7418],[130.9801,31.75],[130.9894,31.7766],[130.8866,31.802],[130.8779,31.8402],[130.8882,31.8434],[130.8991,31.8873],[130.8831,31.9182],[130.8016,31.9499],[130.7805,32.0112],[130.7386,32.0453],[130.7057,32.0553],[130.7302,32.0986],[130.6669,32.1266],[130.6539,32.1479],[130.625,32.1533],[130.6147,32.1791],[130.5939,32.1826],[130.5773,32.1512],[130.5311,32.1334],[130.4887,32.134],[130.4582,32.11],[130.4052,32.1168],[130.3662,32.1567],[130.3375,32.1314],[130.3394,32.1131],[130.3264,32.1267],[130.305,32.1017],[130.2684,32.1291],[130.2634,32.1204],[130.2239,32.1292],[130.1791,32.1073],[130.1777,32.121],[130.1577,32.0894],[130.1748,32.0969],[130.172,32.0773],[130.1834,32.0709],[130.1922,32.0844],[130.2072,32.0608],[130.1731,31.9914],[130.2006,31.9856],[130.2244,31.9081],[130.1672,31.7911],[130.19,31.7464],[130.2131,31.7558],[130.2533,31.7197],[130.2628,31.7264],[130.2586,31.7081],[130.2894,31.6989],[130.2994,31.6617],[130.3239,31.6528],[130.335,31.5506],[130.3253,31.5072],[130.2922,31.4528],[130.3133,31.4481],[130.3025,31.4383],[130.2872,31.4453],[130.2753,31.4244],[130.2258,31.3975],[130.1939,31.4083],[130.1919,31.4192],[130.1872,31.4097],[130.1589,31.4406],[130.1356,31.4128],[130.1139,31.4244],[130.1061,31.4114],[130.1317,31.4119],[130.1644,31.3744],[130.2097,31.3475],[130.1733,31.3237],[130.2056,31.3136],[130.2139,31.3211],[130.225,31.3094],[130.1986,31.2961],[130.2017,31.2819],[130.2142,31.2903],[130.2303,31.2814],[130.215,31.2744],[130.2286,31.2683],[130.2147,31.2489],[130.2608,31.2558]]],[[[129.9411,30.8472],[129.905,30.8397],[129.9111,30.8192],[129.9363,30.8114],[129.963,30.8272],[129.9411,30.8472]]],[[[129.7425,29.6714],[129.683,29.6532],[129.6978,29.6025],[129.735,29.6283],[129.7425,29.6714]]],[[[129.5389,29.6953],[129.5242,29.6867],[129.5392,29.6739],[129.5389,29.6953]]],[[[129.54,29.9142],[129.5286,29.9125],[129.5314,29.8956],[129.5533,29.8939],[129.54,29.9142]]],[[[129.4539,31.1975],[129.4341,31.1768],[129.4514,31.1817],[129.4539,31.1975]]],[[[129.795,31.7845],[129.7814,31.7908],[129.7891,31.7685],[129.775,31.7406],[129.6966,31.7163],[129.6821,31.663],[129.6578,31.6586],[129.6644,31.6342],[129.685,31.6214],[129.7067,31.6369],[129.714,31.6214],[129.7123,31.633],[129.7383,31.6554],[129.7251,31.6693],[129.7444,31.6872],[129.7388,31.7049],[129.7501,31.7177],[129.7688,31.7125],[129.778,31.7436],[129.8013,31.7625],[129.7939,31.7772],[129.8041,31.7825],[129.795,31.7845]]],[[[130.9622,30.4556],[130.9792,30.5172],[131.0003,30.5481],[131.0286,30.5556],[131.0333,30.5878],[131.0544,30.6028],[131.0531,30.6647],[131.0792,30.6972],[131.0708,30.7667],[131.0828,30.7911],[131.0569,30.8412],[131.0033,30.7856],[130.9956,30.7267],[130.9803,30.7269],[130.9389,30.6697],[130.9533,30.5928],[130.9267,30.5372],[130.8731,30.4669],[130.8489,30.4678],[130.8662,30.4084],[130.8578,30.3697],[130.8702,30.3458],[130.8844,30.3431],[130.9239,30.3742],[130.9664,30.3744],[130.9656,30.3939],[130.9822,30.3994],[130.9672,30.4217],[130.9772,30.4456],[130.9622,30.4556]]],[[[130.5008,30.4575],[130.4981,30.47],[130.4922,30.4539],[130.4644,30.4578],[130.4639,30.4369],[130.4258,30.3967],[130.3783,30.3931],[130.39,30.3222],[130.4131,30.2967],[130.4128,30.2661],[130.4242,30.2742],[130.4178,30.2681],[130.4486,30.2336],[130.5231,30.2267],[130.5833,30.2386],[130.6644,30.3153],[130.6558,30.3128],[130.6711,30.3781],[130.6378,30.4031],[130.5681,30.4194],[130.5747,30.4292],[130.5531,30.4428],[130.5008,30.4575]]],[[[130.4386,30.8117],[130.4272,30.8203],[130.3956,30.8083],[130.4425,30.7997],[130.4386,30.8117]]],[[[130.8667,30.7453],[130.8564,30.7658],[130.838,30.7273],[130.8603,30.7258],[130.8667,30.7453]]],[[[131.034,31.3767],[131.0226,31.3766],[131.021,31.363],[131.0359,31.3639],[131.034,31.3767]]],[[[130.5336,31.4981],[130.5203,31.5042],[130.5153,31.4939],[130.532,31.4842],[130.5336,31.4981]]],[[[130.1795,32.2273],[130.1768,32.2481],[130.1703,32.2278],[130.201,32.197],[130.1834,32.1781],[130.1925,32.1639],[130.2149,32.2147],[130.1795,32.2273]]],[[[130.1478,32.2139],[130.1391,32.2132],[130.1561,32.1975],[130.1478,32.2139]]],[[[130.231,32.2482],[130.265,32.2604],[130.2606,32.2889],[130.2316,32.2849],[130.231,32.2482]]],[[[129.8426,31.816],[129.8214,31.8139],[129.8111,31.7994],[129.823,31.7746],[129.8326,31.7832],[129.8252,31.7897],[129.8445,31.7984],[129.8426,31.816]]],[[[129.8625,31.8781],[129.835,31.8822],[129.8172,31.8617],[129.8206,31.8422],[129.8353,31.8372],[129.8424,31.8699],[129.8436,31.8565],[129.8656,31.8597],[129.8406,31.851],[129.8464,31.8306],[129.8611,31.8367],[129.8572,31.8222],[129.8734,31.8202],[129.8717,31.8006],[129.904,31.8245],[129.9278,31.8214],[129.9236,31.8633],[129.9397,31.8694],[129.9051,31.8683],[129.9189,31.8517],[129.9108,31.8428],[129.8625,31.8781]]]]}},{"type":"Feature","properties":{"gid":"JPN.19_1","name":"神奈川県","romaji":"Kanagawa","type":"県","typeEn":"Prefecture","regionZh":"関東","regionEn":"Kanto","capitalZh":"横浜市","pop":9237337,"area":2415.86,"nick":"横滨港与镰仓古都","blurb":"紧邻东京，横滨是日本最大港之一，镰仓为镰仓幕府古都，湘南海岸与富士山同框是经典画面。"},"geometry":{"type":"MultiPolygon","coordinates":[[[[139.6175,35.1366],[139.6085,35.1343],[139.6293,35.1293],[139.6175,35.1366]]],[[[139.6628,35.1912],[139.689,35.2085],[139.7248,35.2121],[139.714,35.2252],[139.7295,35.2329],[139.7164,35.2462],[139.7326,35.2406],[139.7467,35.2564],[139.6923,35.2659],[139.6722,35.3013],[139.6612,35.3005],[139.6606,35.2832],[139.6335,35.2954],[139.661,35.3273],[139.6333,35.3219],[139.6225,35.3315],[139.6571,35.3432],[139.6527,35.388],[139.6291,35.3838],[139.6367,35.3904],[139.6257,35.4005],[139.6456,35.4031],[139.6278,35.4093],[139.6692,35.4022],[139.69,35.4389],[139.6762,35.4311],[139.6751,35.446],[139.6652,35.4337],[139.6742,35.4494],[139.6564,35.4436],[139.6651,35.449],[139.6494,35.4463],[139.6304,35.4649],[139.6529,35.4639],[139.645,35.4753],[139.6681,35.4775],[139.6664,35.4882],[139.6686,35.4672],[139.6817,35.4733],[139.6822,35.5067],[139.6887,35.4791],[139.6882,35.4917],[139.7158,35.4931],[139.7128,35.5047],[139.7199,35.494],[139.7314,35.4989],[139.7298,35.5151],[139.7345,35.5009],[139.7491,35.5076],[139.7381,35.5133],[139.7475,35.52],[139.7634,35.5111],[139.7528,35.525],[139.7664,35.537],[139.7076,35.5355],[139.7074,35.5497],[139.6831,35.5592],[139.6666,35.5868],[139.566,35.6313],[139.5306,35.6395],[139.4921,35.6019],[139.4672,35.6212],[139.4559,35.6115],[139.4961,35.5858],[139.4866,35.5019],[139.4713,35.5009],[139.4027,35.5793],[139.2924,35.6087],[139.2486,35.602],[139.2186,35.6429],[139.1874,35.6419],[139.1641,35.6646],[139.1335,35.67],[139.125,35.6583],[139.1374,35.6137],[139.125,35.5852],[139.1324,35.5617],[139.1152,35.5328],[139.0905,35.5112],[139.0542,35.5072],[139.0308,35.4802],[138.9403,35.4457],[138.9224,35.4087],[138.9196,35.3987],[138.9966,35.4002],[139.0042,35.3901],[139.0216,35.3266],[139.0078,35.2866],[138.9787,35.2605],[138.9789,35.2322],[138.991,35.1975],[139.0265,35.1748],[139.0329,35.1465],[139.1099,35.1379],[139.1351,35.1503],[139.1606,35.1406],[139.1422,35.1526],[139.1361,35.1811],[139.1464,35.2358],[139.2095,35.278],[139.332,35.3158],[139.5454,35.3088],[139.5517,35.2945],[139.5733,35.2908],[139.5672,35.2672],[139.5994,35.239],[139.6021,35.2212],[139.6266,35.2163],[139.5989,35.1958],[139.6163,35.1898],[139.617,35.1666],[139.6276,35.1635],[139.6106,35.1629],[139.6092,35.1403],[139.6772,35.1396],[139.6789,35.1571],[139.6549,35.1754],[139.6628,35.1912]]],[[[139.6952,35.4649],[139.673,35.4601],[139.6959,35.4494],[139.6983,35.4614],[139.6854,35.4587],[139.6952,35.4649]]],[[[139.7689,35.5061],[139.7004,35.4774],[139.7181,35.4659],[139.7405,35.4757],[139.7377,35.4889],[139.7789,35.4994],[139.7689,35.5061]]],[[[139.7891,35.5214],[139.7687,35.5366],[139.7607,35.5305],[139.7755,35.5092],[139.7891,35.5214]]]]}},{"type":"Feature","properties":{"gid":"JPN.20_1","name":"高知県","romaji":"Kochi","type":"県","typeEn":"Prefecture","regionZh":"四国","regionEn":"Shikoku","capitalZh":"高知市","pop":691527,"area":7105.16,"nick":"土佐与坂本龙马","blurb":"土佐藩故地，坂本龙马出身，四万十川为名清流，鲣鱼与夜来祭。"},"geometry":{"type":"MultiPolygon","coordinates":[[[[132.5553,32.7478],[132.5444,32.7547],[132.5475,32.7383],[132.5347,32.7311],[132.5503,32.7167],[132.5422,32.7022],[132.5736,32.717],[132.5717,32.7361],[132.5553,32.7478]]],[[[132.4912,32.8065],[132.4803,32.7972],[132.497,32.7974],[132.4912,32.8065]]],[[[133.0103,32.9106],[132.9725,32.9514],[132.9901,32.9371],[132.9832,32.9516],[132.9938,32.9362],[133.0006,32.9425],[132.9928,32.9544],[133.0148,33.02],[133.0451,33.039],[133.0965,33.024],[133.1046,33.0728],[133.1431,33.0977],[133.1706,33.1509],[133.1945,33.1679],[133.2082,33.1646],[133.2098,33.1484],[133.224,33.1541],[133.2113,33.1851],[133.2417,33.1958],[133.2382,33.2156],[133.2569,33.2253],[133.2474,33.2492],[133.2641,33.2572],[133.2607,33.2796],[133.2434,33.2758],[133.2392,33.2969],[133.2605,33.3098],[133.2315,33.3268],[133.2635,33.3407],[133.2597,33.3671],[133.2965,33.39],[133.2907,33.4069],[133.3044,33.3916],[133.2894,33.3832],[133.2988,33.374],[133.3241,33.3789],[133.3233,33.3651],[133.311,33.3666],[133.3187,33.355],[133.3464,33.4005],[133.3768,33.3925],[133.3905,33.4061],[133.406,33.397],[133.4126,33.4107],[133.4578,33.4181],[133.4627,33.4307],[133.445,33.4399],[133.4328,33.4274],[133.4158,33.4388],[133.4029,33.4143],[133.3971,33.4248],[133.3844,33.4115],[133.3714,33.4253],[133.3668,33.4071],[133.3512,33.4167],[133.4057,33.4321],[133.3983,33.4451],[133.4248,33.4494],[133.4324,33.4371],[133.449,33.4521],[133.4568,33.4454],[133.4789,33.4587],[133.4652,33.4747],[133.489,33.4626],[133.5748,33.4953],[133.5472,33.5233],[133.5617,33.5333],[133.5558,33.5542],[133.5667,33.5419],[133.5606,33.5761],[133.5714,33.5603],[133.5653,33.5006],[133.6882,33.5426],[133.747,33.5366],[133.77,33.5133],[133.8307,33.5139],[133.9341,33.4878],[133.9595,33.442],[134.0309,33.413],[134.038,33.3699],[134.1025,33.3264],[134.1086,33.2953],[134.1397,33.2953],[134.1772,33.2436],[134.2103,33.3958],[134.243,33.4642],[134.3056,33.548],[134.1985,33.5574],[134.154,33.6281],[134.1729,33.6383],[134.1781,33.675],[134.1264,33.6926],[134.0665,33.6873],[134.0615,33.7719],[134.0361,33.8061],[134.0358,33.8252],[134.0,33.8179],[133.9872,33.8375],[133.9579,33.8276],[133.9459,33.7977],[133.9148,33.7891],[133.875,33.8028],[133.842,33.8409],[133.7502,33.8336],[133.7336,33.8476],[133.6821,33.8557],[133.6632,33.8784],[133.6094,33.8783],[133.5856,33.8643],[133.5597,33.8787],[133.5,33.8261],[133.4205,33.8367],[133.3951,33.823],[133.3547,33.8285],[133.3282,33.8114],[133.2798,33.8277],[133.25,33.7851],[133.2234,33.7769],[133.1963,33.7908],[133.144,33.6997],[133.125,33.6899],[133.122,33.6666],[133.08,33.6503],[133.071,33.6228],[133.0819,33.6058],[133.0488,33.5722],[133.0652,33.5381],[133.0176,33.4776],[132.9567,33.4632],[132.8465,33.4742],[132.8095,33.4568],[132.8272,33.4432],[132.835,33.4033],[132.8528,33.3949],[132.8644,33.3641],[132.9006,33.3426],[132.8985,33.3089],[132.7966,33.2715],[132.7719,33.2008],[132.7416,33.1934],[132.6985,33.1346],[132.6888,33.1318],[132.6353,33.1823],[132.618,33.1666],[132.6315,33.1293],[132.6658,33.1055],[132.6722,33.0829],[132.6603,33.0534],[132.681,33.0282],[132.6887,32.9639],[132.6855,32.9431],[132.6649,32.9387],[132.6621,32.9226],[132.6856,32.9191],[132.6937,32.9295],[132.6997,32.9178],[132.7253,32.9308],[132.7099,32.9231],[132.7207,32.896],[132.7038,32.8959],[132.7212,32.8759],[132.6968,32.8865],[132.6575,32.8551],[132.6731,32.8407],[132.6437,32.8196],[132.6403,32.8088],[132.6559,32.8011],[132.6255,32.7967],[132.6441,32.7868],[132.6336,32.7844],[132.6398,32.7692],[132.63,32.7608],[132.6514,32.7669],[132.655,32.7808],[132.6983,32.7839],[132.6842,32.7928],[132.7106,32.7985],[132.7565,32.7531],[132.7707,32.7615],[132.8008,32.7461],[132.8622,32.7905],[132.8696,32.7661],[132.8798,32.7903],[132.9203,32.7772],[132.9382,32.7863],[132.9455,32.7648],[132.9643,32.7752],[132.9529,32.7588],[132.97,32.7501],[132.9656,32.7294],[133.02,32.7233],[133.0033,32.7869],[132.9657,32.7992],[132.9501,32.821],[132.9599,32.8275],[132.9515,32.8604],[132.9968,32.864],[133.0103,32.9106]]],[[[132.6965,32.9181],[132.6876,32.914],[132.7052,32.9166],[132.6965,32.9181]]]]}},{"type":"Feature","properties":{"gid":"JPN.21_1","name":"熊本県","romaji":"Kumamoto","type":"県","typeEn":"Prefecture","regionZh":"九州","regionEn":"Kyushu","capitalZh":"熊本市","pop":1738301,"area":7404.79,"nick":"阿苏火山与城","blurb":"熊本城为名城，阿苏火山为世界级破火山口，2016 熊本地震后重建。"},"geometry":{"type":"MultiPolygon","coordinates":[[[[130.1503,32.1],[130.1673,32.0916],[130.1717,32.1336],[130.2099,32.1536],[130.2047,32.1697],[130.1875,32.1656],[130.1834,32.1781],[130.201,32.197],[130.17,32.2289],[130.1878,32.2693],[130.1583,32.2439],[130.1678,32.2181],[130.1539,32.2281],[130.1553,32.2167],[130.1453,32.2178],[130.1561,32.1975],[130.1113,32.2166],[130.1144,32.1944],[130.0913,32.181],[130.1153,32.1569],[130.1114,32.1248],[130.1503,32.1]]],[[[130.1978,32.2213],[130.21,32.2243],[130.1945,32.2446],[130.188,32.2211],[130.1978,32.2213]]],[[[130.4477,32.1127],[130.4784,32.1183],[130.4887,32.134],[130.5311,32.1334],[130.5773,32.1512],[130.6049,32.1839],[130.625,32.1533],[130.6539,32.1479],[130.6571,32.1331],[130.7045,32.1026],[130.8218,32.0915],[130.8392,32.1032],[130.8605,32.0964],[130.9012,32.1258],[130.9352,32.1125],[130.9745,32.1176],[131.0101,32.1688],[131.0667,32.1532],[131.1112,32.1579],[131.1027,32.1973],[131.0441,32.2551],[131.054,32.2806],[131.0825,32.2817],[131.1143,32.3262],[131.0756,32.3554],[131.0661,32.4047],[131.0437,32.4087],[131.0223,32.4379],[131.0094,32.4866],[131.0264,32.5257],[131.0218,32.5459],[131.0423,32.5532],[131.0569,32.5843],[131.0932,32.5754],[131.1166,32.59],[131.1294,32.6505],[131.1476,32.6736],[131.1776,32.6737],[131.1879,32.7136],[131.2373,32.7412],[131.2465,32.7602],[131.2387,32.7799],[131.2672,32.8225],[131.3309,32.8293],[131.2597,32.8837],[131.25,32.9603],[131.2661,32.972],[131.2306,33.007],[131.2191,33.0499],[131.1756,33.0833],[131.1659,33.1332],[131.1131,33.1797],[131.0416,33.1907],[130.9898,33.1666],[130.9833,33.135],[131.0256,33.0833],[131.0165,33.047],[130.9917,33.0202],[130.9724,33.0204],[130.952,33.0475],[130.9202,33.0498],[130.8895,33.0833],[130.8453,33.0907],[130.8456,33.1032],[130.768,33.1252],[130.7343,33.1511],[130.6933,33.1495],[130.6852,33.1666],[130.6583,33.1053],[130.5823,33.1127],[130.5556,33.08],[130.5,33.0489],[130.5157,33.013],[130.5093,33.0031],[130.3951,33.0036],[130.4256,32.9938],[130.4469,32.91],[130.4601,32.9165],[130.4612,32.902],[130.5204,32.8819],[130.5271,32.8499],[130.5664,32.8424],[130.5743,32.8587],[130.579,32.8282],[130.6214,32.7819],[130.6097,32.7925],[130.6036,32.7822],[130.6178,32.7764],[130.5981,32.7775],[130.6069,32.7424],[130.5993,32.7125],[130.5671,32.6989],[130.5378,32.6655],[130.4612,32.6339],[130.4504,32.6244],[130.4586,32.6075],[130.5936,32.622],[130.6497,32.6416],[130.6613,32.633],[130.6531,32.6137],[130.64,32.6238],[130.6172,32.6183],[130.6553,32.5822],[130.6309,32.601],[130.6234,32.5852],[130.6083,32.5932],[130.589,32.5734],[130.6109,32.562],[130.5841,32.5698],[130.5645,32.5415],[130.54,32.5331],[130.5367,32.5245],[130.583,32.5053],[130.5764,32.4956],[130.5425,32.4969],[130.5458,32.4775],[130.5652,32.4764],[130.5711,32.4353],[130.487,32.3633],[130.5074,32.3555],[130.4825,32.3447],[130.4828,32.3284],[130.4647,32.3264],[130.4714,32.3011],[130.4861,32.2969],[130.4781,32.2881],[130.4645,32.2958],[130.4648,32.2776],[130.4503,32.2891],[130.4486,32.2731],[130.4272,32.2653],[130.4336,32.2297],[130.4024,32.235],[130.3939,32.2267],[130.4025,32.2192],[130.3915,32.2236],[130.3713,32.2024],[130.3746,32.1781],[130.3602,32.1818],[130.3609,32.1558],[130.3891,32.1435],[130.4052,32.1168],[130.4477,32.1127]]],[[[130.3591,32.3498],[130.3319,32.3375],[130.3297,32.3125],[130.3003,32.3044],[130.3501,32.3153],[130.3753,32.3444],[130.3591,32.3498]]],[[[130.4283,32.3798],[130.4125,32.3986],[130.4173,32.3678],[130.437,32.3822],[130.4283,32.3798]]],[[[130.3942,32.4953],[130.3834,32.5243],[130.3703,32.5171],[130.3615,32.5293],[130.3403,32.5139],[130.3176,32.5177],[130.2869,32.4867],[130.2047,32.452],[130.1967,32.4581],[130.2086,32.4725],[130.1917,32.4961],[130.1992,32.5357],[130.1871,32.5477],[130.1083,32.5525],[130.1158,32.5414],[130.0454,32.5135],[130.0374,32.5363],[130.013,32.5313],[130.034,32.5193],[130.047,32.4917],[129.9956,32.4064],[129.9949,32.3773],[129.9758,32.3608],[129.977,32.3296],[129.9992,32.3047],[130.0253,32.3153],[130.03,32.3029],[130.0411,32.3144],[130.0577,32.3031],[130.0786,32.3147],[130.0614,32.2792],[130.05,32.2827],[130.0506,32.3048],[130.0283,32.2983],[130.0331,32.2744],[130.0264,32.3017],[130.013,32.3006],[129.9664,32.2436],[129.9984,32.2537],[129.9886,32.2395],[130.0108,32.2381],[130.0146,32.2223],[130.005,32.2111],[130.0004,32.2217],[129.9903,32.1972],[130.0022,32.1889],[130.0155,32.1981],[130.0231,32.1503],[130.0278,32.175],[130.0475,32.1572],[130.0397,32.1831],[130.0214,32.1925],[130.0327,32.1966],[130.0322,32.2147],[130.045,32.1989],[130.0864,32.2194],[130.0728,32.2253],[130.0822,32.2425],[130.0986,32.2294],[130.1033,32.2482],[130.0919,32.2547],[130.1072,32.2538],[130.1347,32.2889],[130.1449,32.2813],[130.1667,32.2964],[130.1405,32.2992],[130.1439,32.3178],[130.1576,32.3127],[130.1583,32.3347],[130.1775,32.3378],[130.1669,32.3247],[130.1739,32.3101],[130.2131,32.3369],[130.2232,32.3864],[130.2086,32.396],[130.1939,32.3878],[130.2064,32.4208],[130.2172,32.4208],[130.2114,32.4306],[130.2252,32.4121],[130.2432,32.4136],[130.2344,32.3849],[130.2526,32.3879],[130.2627,32.4107],[130.3093,32.3951],[130.3297,32.3978],[130.35,32.4211],[130.3445,32.3942],[130.3552,32.3768],[130.4039,32.3939],[130.4039,32.4247],[130.4236,32.4317],[130.4094,32.4349],[130.4369,32.4679],[130.4614,32.5294],[130.4183,32.5242],[130.3942,32.4953]]],[[[130.2626,32.2869],[130.269,32.2802],[130.2575,32.3075],[130.2295,32.2984],[130.2367,32.2911],[130.2202,32.2918],[130.2092,32.255],[130.215,32.2469],[130.2425,32.2935],[130.2626,32.2869]]],[[[130.1464,32.2747],[130.1322,32.2656],[130.1461,32.2644],[130.1464,32.2747]]],[[[130.3228,32.3647],[130.2992,32.3583],[130.3236,32.3483],[130.3107,32.339],[130.34,32.3474],[130.3228,32.3647]]],[[[130.4756,32.5864],[130.4597,32.5733],[130.4639,32.5392],[130.4874,32.5702],[130.4756,32.5864]]],[[[130.4206,32.5428],[130.3936,32.5397],[130.4294,32.5417],[130.4206,32.5428]]],[[[130.4461,32.6244],[130.42,32.6178],[130.4181,32.6058],[130.4106,32.6147],[130.3936,32.5894],[130.4189,32.5769],[130.4047,32.5508],[130.4533,32.5533],[130.4431,32.5703],[130.4592,32.5883],[130.4414,32.6019],[130.4585,32.6115],[130.4461,32.6244]]],[[[130.498,32.6086],[130.4737,32.6039],[130.4928,32.5897],[130.4882,32.5759],[130.5116,32.5938],[130.5116,32.6057],[130.498,32.6086]]]]}},{"type":"Feature","properties":{"gid":"JPN.22_1","name":"京都府","romaji":"Kyoto","type":"府","typeEn":"Urban Prefecture","regionZh":"近畿","regionEn":"Kansai","capitalZh":"京都市","pop":2578087,"area":4613.21,"nick":"千年古都","blurb":"794–1868 的日本首都，寺庙神社与町家文化密集，是与大阪并称的「府」。"},"geometry":{"type":"Polygon","coordinates":[[[135.9552,34.8494],[135.9425,34.8851],[135.9053,34.8695],[135.8695,34.8889],[135.8812,34.9338],[135.8364,34.9968],[135.8213,35.0458],[135.8389,35.0562],[135.8547,35.1284],[135.8325,35.2165],[135.8519,35.2765],[135.8309,35.2759],[135.771,35.3526],[135.7015,35.3418],[135.625,35.3664],[135.5372,35.3742],[135.5306,35.4104],[135.4641,35.4607],[135.4789,35.5023],[135.4524,35.5199],[135.4735,35.5578],[135.4481,35.5782],[135.4627,35.6028],[135.4343,35.5906],[135.4268,35.5664],[135.3794,35.5617],[135.3501,35.5431],[135.3412,35.5504],[135.3439,35.5046],[135.3803,35.5026],[135.3942,35.5171],[135.3977,35.4799],[135.3725,35.4771],[135.379,35.4906],[135.3474,35.4946],[135.3474,35.4758],[135.3178,35.4513],[135.332,35.5158],[135.3238,35.5258],[135.3108,35.5122],[135.2881,35.5161],[135.271,35.5333],[135.2426,35.5374],[135.2426,35.5597],[135.2748,35.5601],[135.2514,35.5704],[135.256,35.5986],[135.2047,35.5605],[135.2074,35.5412],[135.1921,35.5412],[135.1897,35.5661],[135.2448,35.6204],[135.2642,35.6634],[135.2874,35.6753],[135.2939,35.6597],[135.3037,35.6636],[135.3073,35.6974],[135.2861,35.7054],[135.2859,35.729],[135.2569,35.7444],[135.2549,35.7585],[135.2225,35.7791],[135.2068,35.7639],[135.1456,35.7498],[135.135,35.7575],[135.0827,35.7379],[135.0845,35.7251],[135.0271,35.6899],[134.9858,35.6925],[134.9408,35.6506],[134.8944,35.6456],[134.8707,35.6592],[134.8718,35.5754],[134.9155,35.5422],[134.9259,35.5169],[134.9625,35.5096],[135.03,35.5368],[135.0465,35.5146],[135.0464,35.4055],[135.0,35.3838],[134.9419,35.4068],[134.9234,35.3652],[134.9242,35.3126],[135.0,35.2873],[135.0673,35.2401],[135.106,35.2593],[135.1576,35.2583],[135.1667,35.2322],[135.1588,35.2259],[135.2025,35.1916],[135.1899,35.1687],[135.2181,35.1588],[135.2398,35.1736],[135.2808,35.1718],[135.2919,35.1693],[135.294,35.1388],[135.3373,35.1464],[135.3867,35.1258],[135.403,35.0909],[135.4016,35.0731],[135.375,35.056],[135.3834,35.0115],[135.4929,34.9863],[135.4963,34.9379],[135.509,34.9424],[135.544,34.912],[135.5842,34.9229],[135.565,34.9403],[135.578,34.9689],[135.6161,34.9679],[135.6159,34.9423],[135.679,34.8942],[135.6944,34.8499],[135.7467,34.8015],[135.732,34.7755],[135.7585,34.7243],[135.8559,34.7026],[135.893,34.7061],[135.9305,34.7536],[135.9265,34.7383],[135.9768,34.7378],[135.9897,34.7119],[136.031,34.7064],[136.0482,34.7379],[136.0171,34.7941],[136.0313,34.8162],[136.0,34.8412],[135.9797,34.8352],[135.9552,34.8494]]]}},{"type":"Feature","properties":{"gid":"JPN.23_1","name":"三重県","romaji":"Mie","type":"県","typeEn":"Prefecture","regionZh":"近畿","regionEn":"Kansai","capitalZh":"津市","pop":1770254,"area":5777.31,"nick":"伊势神宫与志摩","blurb":"伊势神宫为皇室神道中心，志摩海岸与珍珠养殖，铃鹿赛道为名。"},"geometry":{"type":"MultiPolygon","coordinates":[[[[136.032,33.7722],[136.1,33.8858],[136.12,33.8994],[136.1313,33.8847],[136.135,33.8994],[136.15,33.8989],[136.1392,33.9086],[136.152,33.9127],[136.1494,33.9303],[136.1804,33.9124],[136.1997,33.9203],[136.1975,33.9361],[136.1822,33.94],[136.2028,33.944],[136.2128,33.9312],[136.218,33.9478],[136.2322,33.9465],[136.2172,33.9647],[136.2228,33.9742],[136.2028,33.9636],[136.1903,33.9742],[136.215,33.9825],[136.2117,34.0],[136.2522,33.9847],[136.2355,33.9815],[136.2394,33.968],[136.2728,33.9719],[136.2733,33.9881],[136.2578,33.9975],[136.2678,33.9939],[136.2758,34.009],[136.2442,34.015],[136.2642,34.0103],[136.2817,34.0228],[136.245,34.0383],[136.2525,34.0619],[136.2104,34.0626],[136.2014,34.0761],[136.2369,34.0864],[136.2278,34.0997],[136.2686,34.1286],[136.2761,34.1217],[136.2497,34.0939],[136.2581,34.0875],[136.2727,34.1017],[136.2675,34.0814],[136.2903,34.0967],[136.2982,34.0858],[136.3161,34.1147],[136.2839,34.1186],[136.2936,34.1275],[136.2769,34.1378],[136.2867,34.1481],[136.2783,34.1614],[136.2886,34.1561],[136.305,34.1806],[136.3339,34.1803],[136.3381,34.2039],[136.3536,34.2117],[136.3494,34.1942],[136.3639,34.1889],[136.3905,34.2184],[136.4006,34.2186],[136.3986,34.2028],[136.4548,34.2213],[136.4558,34.2425],[136.4403,34.2472],[136.4659,34.2572],[136.4733,34.2489],[136.4594,34.2451],[136.4633,34.2314],[136.4817,34.2197],[136.5086,34.2292],[136.4856,34.2394],[136.5053,34.2431],[136.495,34.2586],[136.52,34.2392],[136.5058,34.2789],[136.5231,34.2658],[136.5311,34.2719],[136.525,34.2572],[136.5411,34.2783],[136.5456,34.2492],[136.5586,34.2672],[136.5489,34.2819],[136.5603,34.275],[136.5575,34.2847],[136.5714,34.2886],[136.585,34.2556],[136.6039,34.2578],[136.6603,34.2894],[136.6539,34.2969],[136.6775,34.3169],[136.6378,34.3125],[136.6739,34.3247],[136.6567,34.3411],[136.6639,34.3453],[136.6864,34.3442],[136.6825,34.3233],[136.6944,34.3486],[136.7294,34.3342],[136.6978,34.3236],[136.6886,34.2911],[136.6792,34.2969],[136.6883,34.2836],[136.7203,34.3036],[136.7647,34.2922],[136.7544,34.3022],[136.7728,34.315],[136.7728,34.2958],[136.7981,34.2894],[136.812,34.2978],[136.7928,34.3081],[136.8061,34.3278],[136.8056,34.3081],[136.8481,34.3136],[136.8267,34.3011],[136.8661,34.2883],[136.8217,34.2864],[136.8331,34.2703],[136.8561,34.2789],[136.8484,34.2664],[136.8517,34.2739],[136.815,34.265],[136.785,34.2786],[136.7503,34.2703],[136.765,34.2596],[136.8479,34.2461],[136.87,34.2731],[136.9022,34.2781],[136.8847,34.2981],[136.8922,34.3153],[136.8776,34.3353],[136.9094,34.3653],[136.8913,34.3655],[136.866,34.3432],[136.8647,34.3644],[136.8533,34.3589],[136.8464,34.37],[136.8247,34.3528],[136.8159,34.3657],[136.8475,34.3719],[136.8581,34.3633],[136.8772,34.3714],[136.8717,34.3853],[136.8811,34.38],[136.8822,34.3897],[136.9131,34.3758],[136.9094,34.3975],[136.9292,34.4133],[136.925,34.4444],[136.8964,34.4533],[136.8769,34.43],[136.885,34.4494],[136.8658,34.4553],[136.8778,34.4744],[136.8483,34.4731],[136.8381,34.5072],[136.8231,34.5044],[136.8278,34.4867],[136.8192,34.4847],[136.8106,34.5083],[136.7781,34.5083],[136.7525,34.5233],[136.7572,34.4956],[136.7478,34.5125],[136.7381,34.5026],[136.7481,34.5244],[136.7381,34.5336],[136.6903,34.5094],[136.7228,34.5428],[136.7042,34.5361],[136.7164,34.5442],[136.6586,34.5622],[136.6483,34.5873],[136.6269,34.5978],[136.5733,34.6092],[136.5775,34.5975],[136.565,34.6085],[136.5547,34.5931],[136.5636,34.6142],[136.5192,34.6122],[136.547,34.6267],[136.5322,34.6456],[136.5486,34.6375],[136.5486,34.66],[136.535,34.6589],[136.5572,34.6719],[136.5231,34.6842],[136.5283,34.73],[136.5197,34.7294],[136.5289,34.7336],[136.5167,34.7414],[136.5292,34.7372],[136.5486,34.7797],[136.6464,34.9031],[136.6464,34.9303],[136.6371,34.9307],[136.6579,34.9456],[136.6414,34.9388],[136.6333,34.9497],[136.6456,34.955],[136.6364,34.9606],[136.6469,34.96],[136.6517,34.9928],[136.7365,35.0294],[136.7044,35.12],[136.679,35.1293],[136.6492,35.1626],[136.6382,35.1447],[136.6163,35.1506],[136.5507,35.217],[136.5303,35.2543],[136.5135,35.2364],[136.418,35.2147],[136.422,35.1795],[136.4577,35.1492],[136.4387,35.128],[136.4481,35.1229],[136.4438,35.0667],[136.4209,35.0448],[136.4189,34.9874],[136.379,34.9414],[136.3684,34.9028],[136.25,34.8556],[136.1821,34.8833],[136.1304,34.8826],[136.114,34.8986],[136.0901,34.8823],[136.0937,34.8717],[136.125,34.8696],[136.1291,34.8591],[136.0902,34.8329],[136.0935,34.8114],[136.0253,34.7883],[136.0343,34.7527],[136.0661,34.7232],[136.0889,34.6722],[136.0697,34.6505],[136.0723,34.6255],[136.0502,34.5833],[136.0633,34.5662],[136.116,34.5448],[136.1577,34.5564],[136.1811,34.5141],[136.2143,34.5251],[136.229,34.4848],[136.2092,34.4453],[136.0987,34.4317],[136.0732,34.3916],[136.1117,34.3265],[136.1318,34.3137],[136.098,34.2985],[136.1331,34.2499],[136.1211,34.211],[136.0963,34.1925],[136.1151,34.1639],[136.1089,34.0899],[136.0967,34.0786],[136.1038,34.0224],[136.0217,34.0331],[135.9797,33.9858],[135.9185,33.9695],[135.8957,33.9422],[135.9024,33.9221],[135.8722,33.9168],[135.856,33.8741],[135.859,33.8158],[135.9587,33.7252],[135.9789,33.734],[136.0103,33.722],[135.9959,33.7328],[136.0194,33.7308],[136.032,33.7722]]],[[[136.83,34.2919],[136.8239,34.3003],[136.8081,34.2886],[136.83,34.2919]]],[[[136.9086,34.4972],[136.8722,34.4861],[136.8861,34.4761],[136.9086,34.4972]]],[[[136.9019,34.5328],[136.8689,34.5292],[136.878,34.5261],[136.8462,34.508],[136.9025,34.5183],[136.9019,34.5328]]],[[[136.6716,34.9896],[136.6519,34.9922],[136.6504,34.9767],[136.6656,34.9725],[136.6716,34.9896]]]]}},{"type":"Feature","properties":{"gid":"JPN.24_1","name":"宮城県","romaji":"Miyagi","type":"県","typeEn":"Prefecture","regionZh":"東北","regionEn":"Tohoku","capitalZh":"仙台市","pop":2301996,"area":7285.77,"nick":"东北门户仙台","blurb":"仙台为东北最大都市，松岛是日本三景之一，伊达政宗的城下町。"},"geometry":{"type":"MultiPolygon","coordinates":[[[[140.6827,37.8333],[140.6968,37.8033],[140.7288,37.7831],[140.7901,37.7723],[140.7979,37.7789],[140.7739,37.7946],[140.8543,37.792],[140.861,37.8008],[140.8596,37.8881],[140.8962,37.8992],[140.9314,37.8918],[140.915,37.9703],[140.9206,38.0331],[140.8967,38.0342],[140.9217,38.035],[140.9353,38.1186],[140.9678,38.1708],[140.9436,38.1575],[140.9592,38.1753],[140.9236,38.1984],[140.9569,38.1778],[140.9678,38.1933],[140.96,38.1767],[141.0306,38.265],[140.9992,38.2725],[141.0206,38.2703],[141.032,38.2825],[141.0403,38.272],[141.0878,38.2959],[141.0765,38.3193],[141.0367,38.3072],[141.0451,38.3183],[141.024,38.3194],[141.0472,38.3257],[141.0496,38.3391],[141.0375,38.3421],[141.0662,38.3512],[141.0612,38.3676],[141.0754,38.3775],[141.1051,38.368],[141.1156,38.3759],[141.1062,38.3857],[141.1317,38.3779],[141.1323,38.3601],[141.1531,38.3558],[141.1404,38.3543],[141.1465,38.3384],[141.1317,38.3386],[141.1378,38.3211],[141.1486,38.3341],[141.1508,38.3238],[141.1775,38.3192],[141.1667,38.354],[141.1616,38.3414],[141.1534,38.3479],[141.1727,38.376],[141.1531,38.4039],[141.1752,38.3755],[141.2682,38.41],[141.2472,38.4089],[141.2472,38.4192],[141.3646,38.4096],[141.3882,38.4369],[141.4201,38.4359],[141.4218,38.4263],[141.4011,38.4214],[141.4076,38.4155],[141.3724,38.4157],[141.364,38.3887],[141.3869,38.3842],[141.4087,38.4038],[141.4152,38.3913],[141.4309,38.3985],[141.4229,38.3847],[141.4384,38.3807],[141.4318,38.3734],[141.4585,38.3731],[141.4294,38.3644],[141.4164,38.3464],[141.4363,38.3414],[141.4461,38.354],[141.4509,38.3399],[141.4613,38.3515],[141.4742,38.3295],[141.4502,38.315],[141.4672,38.3056],[141.4713,38.3196],[141.4783,38.3052],[141.4939,38.3074],[141.4921,38.2935],[141.508,38.2967],[141.5122,38.2752],[141.5245,38.2725],[141.5419,38.3122],[141.5253,38.3254],[141.5339,38.3411],[141.5151,38.3701],[141.4815,38.3749],[141.5122,38.391],[141.5307,38.3813],[141.539,38.4001],[141.5143,38.3929],[141.4995,38.4152],[141.4715,38.3936],[141.4747,38.4207],[141.4475,38.4436],[141.4936,38.4364],[141.5131,38.4491],[141.4769,38.4638],[141.5,38.4789],[141.4967,38.4999],[141.4746,38.5181],[141.4643,38.5128],[141.4698,38.5206],[141.5126,38.5132],[141.515,38.4925],[141.5364,38.4872],[141.5348,38.5089],[141.5511,38.525],[141.5309,38.5329],[141.5342,38.5533],[141.4961,38.5326],[141.4781,38.5661],[141.4585,38.5616],[141.4695,38.5485],[141.4539,38.543],[141.4633,38.581],[141.5244,38.6086],[141.5305,38.6356],[141.4429,38.6439],[141.4446,38.6726],[141.4936,38.6731],[141.4909,38.6897],[141.5157,38.6881],[141.5264,38.7169],[141.5361,38.7055],[141.5526,38.7097],[141.5622,38.6915],[141.565,38.7394],[141.5461,38.7334],[141.5133,38.7664],[141.5211,38.7884],[141.6043,38.8285],[141.5838,38.8479],[141.595,38.8879],[141.5763,38.9068],[141.5861,38.9097],[141.6049,38.8796],[141.6374,38.9019],[141.6555,38.8631],[141.675,38.8583],[141.6532,38.919],[141.6342,38.9305],[141.6485,38.9418],[141.6319,38.9545],[141.6439,38.9555],[141.632,38.9712],[141.5728,38.9907],[141.4995,38.9957],[141.4873,38.975],[141.4927,38.9045],[141.4583,38.8766],[141.4601,38.8128],[141.4382,38.8082],[141.4379,38.7796],[141.3135,38.8193],[141.3008,38.7905],[141.268,38.7849],[141.2591,38.7572],[141.2327,38.7499],[141.2155,38.7499],[141.1843,38.7809],[141.1429,38.7901],[141.119,38.8335],[141.1491,38.8552],[141.1363,38.8752],[141.0997,38.8832],[140.9876,38.8732],[140.9597,38.9055],[140.8868,38.9247],[140.825,38.9608],[140.7407,38.9482],[140.6575,38.8861],[140.6181,38.8911],[140.568,38.8717],[140.5545,38.8789],[140.543,38.8648],[140.597,38.8246],[140.6064,38.7823],[140.6484,38.7645],[140.614,38.7208],[140.625,38.682],[140.6032,38.6364],[140.5499,38.6467],[140.5447,38.6377],[140.5754,38.5833],[140.577,38.562],[140.5579,38.5362],[140.5714,38.5],[140.6016,38.4842],[140.623,38.4523],[140.59,38.4381],[140.5805,38.3923],[140.5311,38.3558],[140.5333,38.3227],[140.4798,38.2697],[140.4715,38.229],[140.4835,38.18],[140.4272,38.1167],[140.4177,38.0757],[140.3675,38.0536],[140.2804,38.0531],[140.2921,38.0047],[140.2793,37.984],[140.3537,37.9471],[140.3893,37.9525],[140.4111,37.9699],[140.469,37.9422],[140.4875,37.8985],[140.5413,37.9021],[140.5731,37.9174],[140.5907,37.9063],[140.6219,37.9092],[140.6298,37.8962],[140.6635,37.8978],[140.6919,37.8793],[140.6943,37.8504],[140.6827,37.8333]]],[[[141.0998,38.3333],[141.085,38.3341],[141.1084,38.3258],[141.0998,38.3333]]],[[[141.1282,38.3395],[141.13,38.3491],[141.1152,38.3349],[141.1236,38.3246],[141.1282,38.3395]]],[[[141.1149,38.3356],[141.1208,38.3442],[141.1042,38.3392],[141.1149,38.3356]]],[[[141.5709,38.3119],[141.5476,38.3019],[141.5761,38.2687],[141.5894,38.3017],[141.5709,38.3119]]],[[[141.4683,38.2816],[141.4585,38.2676],[141.5008,38.2462],[141.4683,38.2816]]],[[[141.4206,38.3053],[141.4094,38.3061],[141.4067,38.2864],[141.4297,38.2928],[141.4206,38.3053]]],[[[141.5264,38.4588],[141.5111,38.4578],[141.5273,38.4366],[141.5358,38.4542],[141.5264,38.4588]]],[[[141.6304,38.8785],[141.6015,38.8732],[141.6243,38.8302],[141.6381,38.8401],[141.6221,38.8521],[141.6304,38.8785]]]]}},{"type":"Feature","properties":{"gid":"JPN.25_1","name":"宮崎県","romaji":"Miyazaki","type":"県","typeEn":"Prefecture","regionZh":"九州","regionEn":"Kyushu","capitalZh":"宮崎市","pop":1069576,"area":7735.99,"nick":"日向与亚热带","blurb":"日向海岸与日南海岸，亚热带气候与农牧业，青岛与鹈户神宫。"},"geometry":{"type":"MultiPolygon","coordinates":[[[[131.4617,31.7179],[131.4742,31.7385],[131.466,31.761],[131.4769,31.7574],[131.4883,31.785],[131.4447,31.8156],[131.4541,31.8188],[131.4464,31.8361],[131.4662,31.9049],[131.4542,31.8988],[131.5052,32.0451],[131.4426,32.0592],[131.4979,32.047],[131.5116,32.0697],[131.5069,32.0473],[131.5839,32.2883],[131.6091,32.341],[131.6308,32.3414],[131.622,32.3569],[131.6381,32.3709],[131.6308,32.3801],[131.6425,32.4053],[131.6282,32.4183],[131.6431,32.4074],[131.69,32.4228],[131.6538,32.4276],[131.6792,32.4297],[131.6764,32.4458],[131.6436,32.4386],[131.6564,32.4463],[131.6572,32.4803],[131.6783,32.4833],[131.6778,32.4728],[131.6958,32.4692],[131.7292,32.4925],[131.71,32.5025],[131.7143,32.5198],[131.6996,32.5181],[131.7001,32.5057],[131.6827,32.5129],[131.6808,32.5422],[131.7013,32.5796],[131.6867,32.5842],[131.6494,32.5644],[131.7053,32.5932],[131.7058,32.6119],[131.6873,32.6134],[131.6893,32.6227],[131.6899,32.6129],[131.7078,32.6137],[131.7089,32.595],[131.739,32.5907],[131.7642,32.6122],[131.7744,32.6414],[131.7644,32.6408],[131.7627,32.6574],[131.7742,32.6572],[131.7775,32.6742],[131.7892,32.6614],[131.8253,32.7057],[131.842,32.6903],[131.8575,32.6956],[131.85,32.7206],[131.8642,32.7156],[131.8585,32.7324],[131.8783,32.7339],[131.8485,32.739],[131.8609,32.8182],[131.762,32.8333],[131.738,32.8262],[131.7304,32.7943],[131.7056,32.7696],[131.5923,32.7705],[131.566,32.7517],[131.5201,32.7644],[131.5107,32.7771],[131.5197,32.7974],[131.4775,32.834],[131.375,32.8042],[131.3555,32.8046],[131.3415,32.8302],[131.2672,32.8225],[131.2387,32.7799],[131.2465,32.7602],[131.2373,32.7412],[131.1879,32.7136],[131.1776,32.6737],[131.1476,32.6736],[131.1294,32.6505],[131.1166,32.59],[131.0932,32.5754],[131.0569,32.5843],[131.0423,32.5532],[131.0218,32.5459],[131.0264,32.5257],[131.0114,32.5113],[131.0223,32.4379],[131.0437,32.4087],[131.0661,32.4047],[131.0756,32.3554],[131.1143,32.3262],[131.0825,32.2817],[131.054,32.2806],[131.0441,32.2551],[131.1027,32.1973],[131.1112,32.1579],[131.0667,32.1532],[131.0101,32.1688],[130.9745,32.1176],[130.9352,32.1125],[130.9012,32.1258],[130.8605,32.0964],[130.8392,32.1032],[130.8218,32.0915],[130.74,32.103],[130.7086,32.0765],[130.7057,32.0553],[130.7386,32.0453],[130.7805,32.0112],[130.8016,31.9499],[130.8831,31.9182],[130.8991,31.8873],[130.8882,31.8434],[130.8779,31.8402],[130.8866,31.802],[130.9894,31.7766],[130.9801,31.75],[131.0202,31.7418],[131.0284,31.6736],[131.0562,31.6314],[131.0816,31.6566],[131.1177,31.6289],[131.1663,31.6336],[131.1902,31.6211],[131.2054,31.581],[131.1928,31.5542],[131.2025,31.5179],[131.1709,31.4891],[131.165,31.4578],[131.2331,31.4522],[131.2088,31.4437],[131.2275,31.4242],[131.2431,31.426],[131.2356,31.4062],[131.2529,31.3808],[131.3096,31.3902],[131.3237,31.3645],[131.3494,31.3658],[131.3322,31.3968],[131.3718,31.4285],[131.3619,31.4702],[131.3898,31.4855],[131.3734,31.5077],[131.3885,31.5407],[131.3781,31.5578],[131.3809,31.5464],[131.3975,31.5582],[131.4031,31.5817],[131.4128,31.5708],[131.3958,31.6008],[131.4115,31.5912],[131.4232,31.6105],[131.4631,31.6303],[131.4525,31.6389],[131.4697,31.6456],[131.4503,31.68],[131.4675,31.6865],[131.4553,31.6979],[131.4617,31.7179]]],[[[131.4145,31.54],[131.4032,31.5304],[131.4172,31.5116],[131.4145,31.54]]],[[[131.8211,32.6722],[131.8063,32.6661],[131.8122,32.6575],[131.8383,32.6669],[131.8211,32.6722]]]]}},{"type":"Feature","properties":{"gid":"JPN.26_1","name":"長野県","romaji":"Nagano","type":"県","typeEn":"Prefecture","regionZh":"中部","regionEn":"Chubu","capitalZh":"長野市","pop":2048011,"area":13562.23,"nick":"山岳与高原","blurb":"内陆山国，长野冬奥会举办地，轻井泽与上高地是避暑胜地，海拔高、滑雪资源丰。"},"geometry":{"type":"Polygon","coordinates":[[[138.3685,35.9616],[138.4392,35.9508],[138.4568,35.9367],[138.4541,35.9049],[138.4726,35.8948],[138.4973,35.8984],[138.5085,35.9154],[138.5976,35.9142],[138.625,35.8673],[138.6742,35.8676],[138.7112,35.9066],[138.7317,35.9061],[138.7419,35.9277],[138.7153,35.9707],[138.7203,35.99],[138.6902,35.9907],[138.6839,36.0075],[138.653,36.0156],[138.6404,36.035],[138.6461,36.0642],[138.6335,36.0883],[138.6505,36.1026],[138.6361,36.1304],[138.6033,36.1334],[138.5811,36.1648],[138.5891,36.1718],[138.6125,36.1583],[138.635,36.178],[138.6368,36.2113],[138.6152,36.2295],[138.6034,36.2753],[138.6561,36.303],[138.6592,36.3638],[138.6449,36.411],[138.6028,36.421],[138.5337,36.3995],[138.5,36.411],[138.4895,36.3984],[138.4042,36.4316],[138.401,36.4847],[138.4158,36.5384],[138.4316,36.5526],[138.424,36.5704],[138.4613,36.6286],[138.5282,36.6481],[138.5287,36.6925],[138.6192,36.7075],[138.6979,36.741],[138.692,36.7607],[138.6726,36.7707],[138.6991,36.8055],[138.6873,36.8242],[138.6944,36.8538],[138.6446,36.8721],[138.5924,36.9167],[138.5906,36.9797],[138.5691,37.018],[138.5279,37.0273],[138.3978,36.9942],[138.3607,36.9306],[138.3004,36.9089],[138.2872,36.8416],[138.2747,36.8398],[138.2602,36.8655],[138.2169,36.8679],[138.1657,36.8411],[138.1027,36.8401],[138.0555,36.7969],[138.0073,36.8249],[138.0354,36.8777],[138.0167,36.9006],[137.9572,36.9018],[137.9223,36.9166],[137.8708,36.9129],[137.875,36.8604],[137.8354,36.8071],[137.7571,36.7513],[137.7555,36.5933],[137.6959,36.5645],[137.6902,36.5329],[137.7008,36.5345],[137.7068,36.5146],[137.6764,36.5077],[137.6561,36.486],[137.6575,36.4552],[137.6358,36.4218],[137.5902,36.3866],[137.5967,36.3656],[137.6492,36.3389],[137.6538,36.3171],[137.6493,36.285],[137.5784,36.2104],[137.5978,36.1879],[137.5956,36.1666],[137.5575,36.1371],[137.557,36.1038],[137.6169,36.0731],[137.5968,36.0084],[137.5464,35.9769],[137.5274,35.9392],[137.5053,35.9349],[137.4785,35.8912],[137.4573,35.8882],[137.4405,35.9019],[137.3822,35.8876],[137.3645,35.8438],[137.3433,35.8408],[137.3304,35.8225],[137.3436,35.795],[137.3966,35.7946],[137.3988,35.7734],[137.4615,35.758],[137.502,35.6841],[137.5417,35.6552],[137.52,35.6021],[137.5396,35.5833],[137.5363,35.538],[137.552,35.5151],[137.606,35.5281],[137.6348,35.5058],[137.6349,35.4679],[137.602,35.4389],[137.638,35.3984],[137.594,35.3865],[137.6071,35.3333],[137.5647,35.3065],[137.5491,35.25],[137.5814,35.2163],[137.5811,35.1948],[137.6448,35.2058],[137.6881,35.2289],[137.767,35.2165],[137.7781,35.2002],[137.875,35.2155],[137.8983,35.2546],[137.9141,35.2505],[137.9347,35.2727],[138.0218,35.2979],[138.0613,35.3416],[138.0905,35.3347],[138.0997,35.3508],[138.145,35.3677],[138.152,35.3977],[138.125,35.4253],[138.1249,35.4522],[138.1628,35.464],[138.1632,35.4852],[138.1429,35.4996],[138.1414,35.5182],[138.1623,35.5416],[138.1454,35.5523],[138.174,35.5792],[138.192,35.5734],[138.2067,35.6024],[138.2059,35.6228],[138.2216,35.6413],[138.1847,35.7145],[138.2353,35.7604],[138.1908,35.7959],[138.2401,35.8771],[138.25,35.8822],[138.2867,35.8564],[138.3685,35.9616]]]}},{"type":"Feature","properties":{"gid":"JPN.27_1","name":"長崎県","romaji":"Naoasaki","type":"県","typeEn":"Prefecture","regionZh":"九州","regionEn":"Kyushu","capitalZh":"長崎市","pop":1312317,"area":4105.47,"nick":"出岛与长崎","blurb":"江户锁国时代唯一对外贸易窗口，原爆都市之一，军舰岛（端岛）为世界遗产。"},"geometry":{"type":"MultiPolygon","coordinates":[[[[129.7865,32.5664],[129.7754,32.5651],[129.7746,32.5485],[129.791,32.5572],[129.7865,32.5664]]],[[[129.6686,32.8936],[129.6842,32.8528],[129.7023,32.8307],[129.7172,32.8338],[129.7327,32.8082],[129.7468,32.8231],[129.7753,32.8191],[129.7658,32.8],[129.8011,32.7772],[129.7922,32.7647],[129.8147,32.7561],[129.8039,32.7442],[129.8283,32.7444],[129.8191,32.7197],[129.8466,32.7202],[129.8694,32.7486],[129.8356,32.69],[129.8225,32.6939],[129.8294,32.7078],[129.7917,32.6951],[129.8035,32.678],[129.8186,32.6851],[129.8169,32.6547],[129.8022,32.6486],[129.7803,32.6033],[129.7347,32.5803],[129.7387,32.5695],[129.7645,32.5833],[129.7811,32.5721],[129.7794,32.5828],[129.8381,32.6206],[129.8386,32.6408],[129.8714,32.6439],[129.8961,32.6622],[129.9164,32.6983],[129.9122,32.7123],[129.9248,32.7071],[129.9567,32.7419],[129.946,32.7558],[129.9532,32.7686],[129.9942,32.7536],[129.9958,32.7619],[130.0453,32.7581],[130.0308,32.7647],[130.0858,32.795],[130.1879,32.7882],[130.1839,32.7633],[130.2064,32.755],[130.2044,32.7267],[130.1547,32.6833],[130.1255,32.6883],[130.1286,32.6414],[130.1694,32.6204],[130.1694,32.5907],[130.1976,32.6007],[130.1875,32.6108],[130.2325,32.6114],[130.2593,32.6329],[130.2605,32.653],[130.3047,32.6519],[130.3477,32.6735],[130.3581,32.6947],[130.3464,32.7082],[130.3776,32.7424],[130.3774,32.7895],[130.3402,32.8574],[130.3078,32.8779],[130.2429,32.8757],[130.2041,32.8523],[130.1831,32.8592],[130.1909,32.8487],[130.1693,32.8431],[130.1172,32.875],[130.1517,32.8969],[130.1819,32.8606],[130.1528,32.8981],[130.201,32.929],[130.2037,32.9549],[130.0615,32.9839],[129.9828,33.0545],[129.9415,33.0725],[129.9246,33.0872],[129.9273,33.1024],[129.9538,33.1068],[129.9587,33.1248],[129.9406,33.1621],[129.8886,33.1579],[129.8184,33.1824],[129.817,33.236],[129.7638,33.2948],[129.7939,33.3371],[129.79,33.3705],[129.7758,33.3715],[129.7716,33.3547],[129.7451,33.3671],[129.7053,33.3461],[129.6942,33.3622],[129.6789,33.3536],[129.6684,33.3634],[129.6858,33.3868],[129.6713,33.3994],[129.6459,33.365],[129.6258,33.3618],[129.6173,33.3759],[129.5926,33.3692],[129.5961,33.3815],[129.5682,33.3773],[129.5756,33.3329],[129.5614,33.3255],[129.5792,33.3014],[129.5824,33.311],[129.6255,33.3097],[129.6064,33.3119],[129.5853,33.2943],[129.5889,33.2726],[129.5784,33.2667],[129.5757,33.2793],[129.5753,33.2627],[129.5592,33.2546],[129.5552,33.2414],[129.5669,33.2437],[129.5681,33.2291],[129.5542,33.2328],[129.5529,33.2166],[129.5958,33.2089],[129.6135,33.224],[129.5963,33.2015],[129.6155,33.2032],[129.6207,33.2156],[129.626,33.1875],[129.6389,33.1994],[129.6411,33.2328],[129.6442,33.196],[129.6556,33.1917],[129.6352,33.1673],[129.677,33.1643],[129.6817,33.1451],[129.6977,33.1415],[129.6787,33.1261],[129.6563,33.1312],[129.6662,33.1006],[129.6741,33.1193],[129.7116,33.116],[129.6997,33.1242],[129.7108,33.1258],[129.6998,33.1604],[129.7085,33.1646],[129.7283,33.1571],[129.7192,33.1389],[129.7307,33.1241],[129.7515,33.1447],[129.785,33.1427],[129.7578,33.1345],[129.773,33.1275],[129.7583,33.128],[129.7604,33.1134],[129.7454,33.1243],[129.7535,33.0999],[129.7288,33.1007],[129.7482,33.0774],[129.7418,33.0615],[129.7569,33.0636],[129.7637,33.0503],[129.7814,33.0619],[129.7581,33.0812],[129.7688,33.0998],[129.7665,33.0767],[129.7959,33.0903],[129.8064,33.0763],[129.7981,33.0661],[129.8364,33.0602],[129.82,33.0546],[129.8221,33.0365],[129.8606,33.067],[129.9317,33.0269],[129.9508,32.9867],[129.9283,32.9686],[129.9311,32.9239],[129.955,32.9044],[129.9494,32.8937],[129.9761,32.8908],[129.9647,32.8728],[130.009,32.8467],[129.9798,32.836],[129.9507,32.8632],[129.9314,32.8583],[129.8972,32.88],[129.8918,32.8682],[129.8814,32.8822],[129.8675,32.8438],[129.85,32.8588],[129.8482,32.8315],[129.8185,32.8641],[129.7886,32.8667],[129.7906,32.8849],[129.8009,32.8762],[129.8114,32.8944],[129.8062,32.9093],[129.7852,32.9053],[129.7937,32.9151],[129.7836,32.9419],[129.7994,32.9528],[129.7975,32.9154],[129.8072,32.9128],[129.8189,32.9467],[129.8081,32.9657],[129.8247,32.9714],[129.8228,32.9823],[129.7999,33.0083],[129.7643,33.0214],[129.7515,33.0035],[129.7657,32.9989],[129.7457,33.0044],[129.7381,32.9886],[129.733,33.0167],[129.762,33.0492],[129.7483,33.0603],[129.7283,33.0467],[129.73,33.0751],[129.7186,33.0714],[129.7106,33.0881],[129.7056,33.0799],[129.6785,33.0999],[129.6613,33.0768],[129.6774,33.077],[129.6601,33.0699],[129.6775,33.0624],[129.6608,33.0611],[129.6594,33.0414],[129.6464,33.0375],[129.6612,32.9995],[129.6517,32.9924],[129.6495,33.0091],[129.6476,32.9908],[129.6264,32.9781],[129.6245,32.9524],[129.6383,32.9478],[129.6383,32.9181],[129.6433,32.9322],[129.6559,32.9193],[129.6694,32.9261],[129.6589,32.9106],[129.6686,32.8936]]],[[[129.6014,32.9436],[129.5914,32.9367],[129.5972,32.9242],[129.6164,32.9169],[129.624,32.9373],[129.6014,32.9436]]],[[[129.5499,33.1465],[129.5034,33.1403],[129.5355,33.1304],[129.5499,33.1465]]],[[[129.5721,33.0283],[129.5612,33.0301],[129.5644,33.0172],[129.5744,33.0234],[129.5558,33.0012],[129.5908,33.0212],[129.5721,33.0283]]],[[[129.6168,33.0616],[129.6041,33.0625],[129.5863,33.0271],[129.6092,33.0219],[129.6249,33.0329],[129.6384,33.0601],[129.6168,33.0616]]],[[[129.5563,33.4053],[129.5181,33.4],[129.5268,33.394],[129.5147,33.3894],[129.5516,33.3817],[129.5239,33.3793],[129.5228,33.3545],[129.5121,33.3815],[129.4982,33.3552],[129.437,33.3472],[129.4429,33.325],[129.4325,33.314],[129.4462,33.2916],[129.424,33.2904],[129.4038,33.2712],[129.4056,33.2535],[129.4325,33.2369],[129.42,33.2385],[129.4245,33.2249],[129.3985,33.2396],[129.3801,33.2241],[129.3824,33.2056],[129.4058,33.1973],[129.3994,33.1803],[129.3656,33.1869],[129.3563,33.2075],[129.3493,33.1813],[129.3753,33.1683],[129.3939,33.1732],[129.4644,33.2141],[129.5018,33.2596],[129.5043,33.272],[129.4861,33.2849],[129.5102,33.2873],[129.5042,33.3006],[129.5323,33.3104],[129.5148,33.3306],[129.5446,33.3306],[129.5462,33.3484],[129.5699,33.3571],[129.5535,33.3705],[129.5629,33.3814],[129.5563,33.4053]]],[[[129.9693,32.7607],[129.9695,32.7484],[129.988,32.7489],[129.9693,32.7607]]],[[[129.7571,32.6647],[129.7452,32.6618],[129.7539,32.6483],[129.7571,32.6647]]],[[[129.7682,32.7118],[129.7595,32.7148],[129.7848,32.6914],[129.7682,32.7118]]],[[[129.9072,32.9253],[129.8994,32.9281],[129.9161,32.9039],[129.9264,32.9072],[129.9072,32.9253]]],[[[129.5947,33.1885],[129.5772,33.1861],[129.59,33.171],[129.5822,33.1606],[129.5931,33.1648],[129.5855,33.1815],[129.5947,33.1885]]],[[[129.8052,33.4118],[129.7957,33.4126],[129.8125,33.4031],[129.8092,33.3483],[129.8196,33.3651],[129.8599,33.376],[129.8583,33.3873],[129.8341,33.3839],[129.8317,33.4058],[129.8052,33.4118]]],[[[129.6408,33.7412],[129.629,33.7435],[129.63,33.7321],[129.6408,33.7412]]],[[[129.7073,33.8604],[129.6713,33.8378],[129.6879,33.8061],[129.6747,33.7969],[129.6578,33.8147],[129.6503,33.8066],[129.6668,33.8],[129.651,33.7996],[129.6563,33.7798],[129.678,33.7771],[129.6848,33.7599],[129.6428,33.7688],[129.6549,33.7614],[129.6536,33.7375],[129.6722,33.7586],[129.6851,33.7384],[129.677,33.7277],[129.6967,33.7258],[129.6914,33.7125],[129.7163,33.7037],[129.734,33.7386],[129.7897,33.7411],[129.7978,33.7635],[129.7581,33.7751],[129.8,33.7886],[129.7448,33.8073],[129.7653,33.8103],[129.7693,33.8462],[129.7073,33.8604]]],[[[128.3583,32.0058],[128.3435,32.0057],[128.3481,31.9861],[128.3583,32.0058]]],[[[128.3981,32.0528],[128.3817,32.0383],[128.4053,32.0356],[128.4136,32.0514],[128.3981,32.0528]]],[[[128.8389,32.6045],[128.8263,32.5996],[128.8391,32.5951],[128.8389,32.6045]]],[[[128.6367,32.6698],[128.6276,32.6772],[128.6153,32.6581],[128.6243,32.6367],[128.6367,32.6698]]],[[[128.8108,32.795],[128.7753,32.7775],[128.7674,32.7573],[128.7973,32.7569],[128.7727,32.7505],[128.7734,32.7343],[128.7544,32.7701],[128.7368,32.7383],[128.7419,32.7506],[128.7246,32.7469],[128.7381,32.7578],[128.7025,32.738],[128.6931,32.7425],[128.6979,32.7664],[128.6555,32.7802],[128.6404,32.762],[128.653,32.7423],[128.6452,32.7209],[128.6618,32.702],[128.6481,32.6997],[128.649,32.6805],[128.6756,32.6717],[128.6632,32.6671],[128.6708,32.6514],[128.65,32.6572],[128.6664,32.6455],[128.6437,32.6538],[128.6534,32.6403],[128.6426,32.643],[128.6356,32.6285],[128.6418,32.6187],[128.6671,32.6295],[128.6446,32.6034],[128.6256,32.6273],[128.6118,32.6217],[128.6223,32.6342],[128.6119,32.6471],[128.598,32.612],[128.6542,32.59],[128.6668,32.6083],[128.7354,32.6068],[128.7531,32.5779],[128.7722,32.5725],[128.7942,32.5913],[128.7884,32.608],[128.7623,32.6196],[128.7701,32.6444],[128.8076,32.6553],[128.8189,32.6362],[128.8924,32.6406],[128.8967,32.6541],[128.8491,32.6894],[128.8394,32.7133],[128.8417,32.7411],[128.8564,32.7458],[128.8318,32.7518],[128.825,32.7405],[128.8353,32.7608],[128.8047,32.7523],[128.8264,32.7589],[128.8038,32.7754],[128.8108,32.795]]],[[[128.9962,32.7888],[128.9853,32.7784],[128.9879,32.7568],[128.9634,32.7466],[129.005,32.7505],[128.9962,32.7888]]],[[[128.96,32.7752],[128.9552,32.764],[128.9661,32.7617],[128.96,32.7752]]],[[[128.6107,32.7358],[128.5923,32.7299],[128.5912,32.7128],[128.601,32.712],[128.6107,32.7358]]],[[[128.8692,32.8422],[128.8589,32.8439],[128.8779,32.8178],[128.876,32.7945],[128.8626,32.8033],[128.8714,32.8068],[128.8625,32.834],[128.8372,32.8389],[128.835,32.7819],[128.8796,32.7633],[128.9104,32.7983],[128.9017,32.8208],[128.8692,32.8422]]],[[[128.957,32.8713],[128.9406,32.8831],[128.949,32.8732],[128.9394,32.8488],[128.9248,32.8731],[128.931,32.8386],[128.9075,32.8743],[128.8928,32.8789],[128.8714,32.8617],[128.8897,32.8516],[128.8912,32.8634],[128.9192,32.8422],[128.9296,32.828],[128.9141,32.821],[128.9318,32.8175],[128.9356,32.8271],[128.9406,32.7992],[128.9522,32.8161],[128.9422,32.8287],[128.9617,32.8311],[128.957,32.8713]]],[[[128.9951,32.9301],[128.9774,32.9176],[128.987,32.8983],[129.0015,32.9018],[129.0038,32.8766],[128.9941,32.8935],[128.9864,32.8803],[128.9647,32.9038],[128.9743,32.8767],[128.9651,32.8729],[128.9808,32.8713],[128.9778,32.8584],[129.0139,32.8681],[129.0211,32.8618],[129.0111,32.8561],[129.0269,32.8443],[129.021,32.8734],[129.033,32.8972],[129.0165,32.9237],[129.0017,32.9197],[128.9951,32.9301]]],[[[128.9407,32.9244],[128.9336,32.9125],[128.9553,32.9099],[128.9407,32.9244]]],[[[128.9677,32.9247],[128.9601,32.9311],[128.9558,32.9156],[128.9677,32.9247]]],[[[129.1178,33.1619],[129.0942,33.1218],[129.1074,33.088],[129.0741,33.056],[129.0867,33.0236],[129.0698,33.02],[129.0681,33.0461],[129.0419,33.0275],[129.0434,32.986],[129.0646,32.982],[129.0525,32.9778],[129.0537,32.9594],[129.0477,32.976],[129.03,32.9612],[129.012,32.9768],[128.9966,32.9651],[129.0048,32.9495],[128.9914,32.9439],[129.0143,32.949],[129.0217,32.9321],[129.0355,32.9451],[129.0405,32.932],[129.0264,32.9185],[129.0453,32.9228],[129.0677,32.9045],[129.062,32.8958],[129.0596,32.9065],[129.0382,32.9076],[129.0422,32.8931],[129.0587,32.8889],[129.057,32.8793],[129.0369,32.8879],[129.0514,32.8786],[129.0399,32.8814],[129.0514,32.827],[129.0432,32.8228],[129.0595,32.816],[129.0662,32.8627],[129.1012,32.8603],[129.0817,32.8958],[129.0971,32.915],[129.0863,32.9241],[129.1097,32.9263],[129.1014,32.9612],[129.1187,32.9376],[129.14,32.9367],[129.1836,32.9786],[129.1822,33.003],[129.1661,33.0089],[129.1331,33.0022],[129.1218,32.9841],[129.0875,32.9838],[129.0917,33.0389],[129.1144,33.0619],[129.1217,33.1075],[129.1031,33.1239],[129.1178,33.1619]]],[[[129.249,33.021],[129.2218,33.0015],[129.2391,32.9994],[129.234,32.9887],[129.2553,33.0012],[129.261,33.0196],[129.249,33.021]]],[[[129.1929,33.0181],[129.1742,33.0122],[129.1913,33.0061],[129.1929,33.0181]]],[[[128.9942,32.9636],[128.9794,32.9608],[128.9774,32.9479],[128.9937,32.9512],[128.9942,32.9636]]],[[[129.0328,32.9849],[129.022,32.9913],[129.0243,32.9755],[129.0328,32.9849]]],[[[129.0276,33.207],[129.0158,33.2126],[129.0117,33.2028],[129.0276,33.207]]],[[[129.3539,33.0169],[129.3416,33.0139],[129.345,32.9975],[129.3628,33.0028],[129.3539,33.0169]]],[[[129.1264,33.2131],[129.1145,33.2048],[129.1321,33.1587],[129.132,33.186],[129.1438,33.1908],[129.1264,33.2131]]],[[[129.0551,33.215],[129.046,33.2189],[129.0298,33.1958],[129.0464,33.1955],[129.0499,33.1824],[129.0634,33.1942],[129.0945,33.1913],[129.08,33.2076],[129.0976,33.2156],[129.0551,33.215]]],[[[129.0647,33.2608],[129.0556,33.2575],[129.0715,33.2445],[129.0647,33.2608]]],[[[129.1348,33.3001],[129.0921,33.2871],[129.0695,33.2709],[129.0728,33.2594],[129.1307,33.2493],[129.1287,33.2596],[129.1572,33.2718],[129.1408,33.2776],[129.1348,33.3001]]],[[[129.4328,33.4354],[129.4212,33.4319],[129.3973,33.3611],[129.4169,33.3504],[129.437,33.3635],[129.4328,33.4354]]],[[[129.3957,34.3193],[129.3874,34.321],[129.3951,34.311],[129.4146,34.3176],[129.3957,34.3193]]],[[[129.7618,33.4662],[129.7507,33.4682],[129.7591,33.4555],[129.7394,33.4377],[129.7447,33.4297],[129.7186,33.4141],[129.7445,33.4067],[129.7626,33.4329],[129.7902,33.4253],[129.7618,33.4662]]],[[[129.7267,33.46],[129.7139,33.4605],[129.7272,33.451],[129.7267,33.46]]],[[[129.5472,33.4395],[129.5295,33.4545],[129.5051,33.4264],[129.5472,33.4395]]],[[[129.5562,33.5062],[129.5325,33.5034],[129.4968,33.4713],[129.5214,33.4709],[129.5134,33.4804],[129.5285,33.4858],[129.5375,33.4735],[129.5627,33.4734],[129.5835,33.4954],[129.5647,33.5016],[129.5548,33.4891],[129.5562,33.5062]]],[[[129.4496,34.7049],[129.4143,34.6924],[129.4326,34.6749],[129.4076,34.679],[129.3824,34.6482],[129.3926,34.6401],[129.319,34.646],[129.306,34.5893],[129.2851,34.5629],[129.2957,34.5554],[129.3062,34.5679],[129.3146,34.5493],[129.3282,34.5507],[129.3296,34.5329],[129.3438,34.5335],[129.3193,34.5376],[129.3143,34.5154],[129.3085,34.5257],[129.2743,34.469],[129.2818,34.4479],[129.3068,34.4626],[129.3107,34.4549],[129.299,34.4543],[129.2921,34.434],[129.286,34.4454],[129.2713,34.4368],[129.2813,34.4271],[129.2704,34.4226],[129.2843,34.4165],[129.2718,34.414],[129.2768,34.374],[129.2535,34.3671],[129.2513,34.3554],[129.2435,34.369],[129.2271,34.3613],[129.2526,34.3485],[129.2715,34.3576],[129.2876,34.3382],[129.2985,34.3551],[129.2787,34.3638],[129.2929,34.3726],[129.2851,34.3885],[129.2932,34.3751],[129.3112,34.3882],[129.2965,34.3649],[129.3104,34.3568],[129.2993,34.3493],[129.3085,34.3365],[129.3201,34.356],[129.3257,34.3501],[129.3232,34.3685],[129.3382,34.3801],[129.3338,34.3629],[129.3488,34.3763],[129.3382,34.3518],[129.3576,34.3385],[129.3432,34.3371],[129.3513,34.3199],[129.3399,34.3249],[129.3315,34.314],[129.3262,34.3363],[129.3124,34.326],[129.2979,34.3368],[129.2899,34.3238],[129.3149,34.3243],[129.321,34.3054],[129.3385,34.3151],[129.3446,34.2996],[129.3551,34.3082],[129.3529,34.2871],[129.3151,34.301],[129.3043,34.2788],[129.3096,34.3085],[129.299,34.3037],[129.2946,34.3204],[129.2865,34.3138],[129.2668,34.3268],[129.291,34.2799],[129.281,34.3057],[129.2579,34.2921],[129.2563,34.3115],[129.2229,34.2935],[129.2282,34.324],[129.2049,34.3318],[129.1674,34.1015],[129.1857,34.1182],[129.2029,34.1026],[129.2146,34.1126],[129.2137,34.0838],[129.2324,34.1138],[129.241,34.1018],[129.2629,34.1165],[129.2549,34.1265],[129.2826,34.1299],[129.2743,34.1451],[129.2879,34.144],[129.2854,34.1649],[129.2968,34.1618],[129.2899,34.1768],[129.2988,34.1879],[129.2863,34.1888],[129.2893,34.1982],[129.2996,34.1926],[129.2976,34.2201],[129.3262,34.2265],[129.3185,34.2618],[129.329,34.276],[129.3599,34.2701],[129.3938,34.2965],[129.3571,34.2985],[129.3687,34.3154],[129.3799,34.3129],[129.369,34.3374],[129.3904,34.3293],[129.3913,34.3385],[129.4068,34.3357],[129.4104,34.3563],[129.4171,34.3513],[129.4115,34.3635],[129.4049,34.3521],[129.3951,34.3596],[129.3887,34.3404],[129.3693,34.346],[129.3943,34.3607],[129.3782,34.3688],[129.376,34.3876],[129.3918,34.3826],[129.3996,34.4121],[129.3526,34.3876],[129.3801,34.4113],[129.3751,34.426],[129.3654,34.419],[129.3665,34.4329],[129.3868,34.4274],[129.3699,34.4529],[129.436,34.5054],[129.4637,34.5418],[129.4593,34.5521],[129.4738,34.5543],[129.4812,34.5951],[129.4357,34.6207],[129.4574,34.6121],[129.4476,34.6307],[129.4601,34.6137],[129.479,34.6171],[129.4718,34.6276],[129.4824,34.6265],[129.4913,34.646],[129.4662,34.6543],[129.4985,34.6671],[129.4843,34.6676],[129.4946,34.6838],[129.4726,34.6774],[129.4829,34.6951],[129.4571,34.6943],[129.4496,34.7049]]]]}},{"type":"Feature","properties":{"gid":"JPN.28_1","name":"奈良県","romaji":"Nara","type":"県","typeEn":"Prefecture","regionZh":"近畿","regionEn":"Kansai","capitalZh":"奈良市","pop":1324473,"area":3691.09,"nick":"日本古都","blurb":"710–784 的日本首都，东大寺大佛与奈良公园鹿群，世界遗产密集。"},"geometry":{"type":"Polygon","coordinates":[[[135.897,33.9387],[135.9274,33.9759],[135.9797,33.9858],[136.0217,34.0331],[136.1038,34.0224],[136.0967,34.0786],[136.1089,34.0899],[136.1151,34.1639],[136.0963,34.1925],[136.1211,34.211],[136.1331,34.2499],[136.098,34.2985],[136.1318,34.3137],[136.1117,34.3265],[136.0732,34.3916],[136.0987,34.4317],[136.2092,34.4453],[136.229,34.4848],[136.2143,34.5251],[136.1811,34.5141],[136.1577,34.5564],[136.116,34.5448],[136.0633,34.5662],[136.0502,34.5833],[136.0723,34.6255],[136.0697,34.6505],[136.0889,34.6722],[136.0482,34.7379],[136.031,34.7064],[136.0017,34.71],[135.9768,34.7378],[135.9265,34.7383],[135.9305,34.7536],[135.893,34.7061],[135.8559,34.7026],[135.7585,34.7243],[135.732,34.7755],[135.7142,34.778],[135.7066,34.7212],[135.6806,34.7027],[135.6545,34.6036],[135.6737,34.6004],[135.6846,34.5816],[135.6558,34.544],[135.6797,34.5223],[135.6867,34.4422],[135.6694,34.4166],[135.6769,34.3958],[135.6458,34.3804],[135.6664,34.3516],[135.6762,34.2793],[135.7216,34.2583],[135.7301,34.2183],[135.7125,34.2055],[135.6714,34.2212],[135.6437,34.2098],[135.6442,34.1796],[135.5903,34.1398],[135.5428,34.0715],[135.5824,34.055],[135.6008,34.0309],[135.5975,34.0087],[135.6379,33.988],[135.6394,33.9568],[135.624,33.9498],[135.6052,33.9012],[135.6243,33.8955],[135.625,33.8748],[135.6468,33.8738],[135.6935,33.9],[135.7273,33.8997],[135.7605,33.8824],[135.8091,33.9013],[135.8492,33.8934],[135.8722,33.9168],[135.9024,33.9221],[135.897,33.9387]]]}},{"type":"Feature","properties":{"gid":"JPN.29_1","name":"新潟県","romaji":"Niigata","type":"県","typeEn":"Prefecture","regionZh":"中部","regionEn":"Chubu","capitalZh":"新潟市","pop":2201272,"area":12583.83,"nick":"雪国与米乡","blurb":"日本海侧豪雪地带，越光米与清酒名产地，佐渡岛为朱鹮栖息地。"},"geometry":{"type":"MultiPolygon","coordinates":[[[[138.366,36.9415],[138.3978,36.9942],[138.517,37.0264],[138.5691,37.018],[138.5906,36.9797],[138.5924,36.9167],[138.6446,36.8721],[138.6944,36.8538],[138.6873,36.8242],[138.6991,36.8055],[138.6726,36.7707],[138.7105,36.7343],[138.7289,36.76],[138.7897,36.7421],[138.83,36.7692],[138.8247,36.81],[138.8575,36.8089],[138.933,36.8343],[138.9203,36.8523],[138.9352,36.8909],[138.9779,36.8866],[138.9827,36.8969],[138.969,36.9756],[139.052,36.9871],[139.0938,37.0167],[139.1,37.0555],[139.178,36.9923],[139.1834,36.9615],[139.2303,36.9586],[139.2421,36.9447],[139.2496,36.9526],[139.2596,37.0479],[139.2384,37.1043],[139.2562,37.1564],[139.2324,37.1942],[139.1979,37.2007],[139.168,37.2333],[139.2175,37.29],[139.2366,37.3426],[139.2346,37.3852],[139.2004,37.408],[139.2292,37.4451],[139.3665,37.4667],[139.4008,37.4568],[139.4171,37.5049],[139.4377,37.5113],[139.4811,37.5],[139.5883,37.51],[139.5693,37.5431],[139.5738,37.576],[139.5526,37.6175],[139.5543,37.6469],[139.6316,37.6889],[139.6251,37.6987],[139.6612,37.7513],[139.7413,37.8202],[139.7187,37.8513],[139.6962,37.8459],[139.6629,37.8587],[139.6296,37.9052],[139.6593,38.0324],[139.6944,38.0529],[139.6766,38.0834],[139.6937,38.1162],[139.6856,38.1686],[139.7118,38.2015],[139.792,38.1928],[139.8616,38.2271],[139.9021,38.28],[139.843,38.3399],[139.7495,38.359],[139.7224,38.3893],[139.7134,38.3836],[139.7165,38.4677],[139.729,38.4838],[139.7166,38.4955],[139.6416,38.5083],[139.5496,38.5464],[139.4559,38.397],[139.4411,38.247],[139.4555,38.2394],[139.3728,38.0968],[139.2786,38.0241],[139.295,38.0064],[139.2771,38.0229],[139.2283,38.0],[139.2421,37.9705],[139.2316,37.9657],[139.2147,37.993],[139.1304,37.9504],[139.1227,37.9622],[139.07,37.9531],[139.0681,37.9416],[138.8424,37.8177],[138.7951,37.7428],[138.7476,37.6052],[138.713,37.5575],[138.6171,37.4849],[138.586,37.4183],[138.5437,37.368],[138.4367,37.3254],[138.3396,37.2421],[138.2262,37.172],[138.151,37.1612],[138.0947,37.1724],[138.0482,37.1275],[138.0044,37.1152],[137.9132,37.0613],[137.8362,37.0403],[137.8461,37.0506],[137.8112,37.0285],[137.6378,36.9804],[137.6733,36.9475],[137.7149,36.9372],[137.7162,36.8887],[137.736,36.8641],[137.7359,36.8327],[137.7658,36.7642],[137.8354,36.8071],[137.875,36.8604],[137.8708,36.9129],[137.9223,36.9166],[137.9572,36.9018],[138.0167,36.9006],[138.0354,36.8777],[138.0073,36.8249],[138.0555,36.7969],[138.1027,36.8401],[138.1657,36.8411],[138.2169,36.8679],[138.2602,36.8655],[138.2747,36.8398],[138.2872,36.8416],[138.3004,36.9089],[138.3423,36.9196],[138.366,36.9415]]],[[[138.5053,38.3318],[138.4595,38.3223],[138.4363,38.2607],[138.4004,38.2535],[138.3658,38.2138],[138.326,38.1982],[138.2907,38.1348],[138.241,38.0846],[138.2398,38.0299],[138.2222,38.0154],[138.234,38.0093],[138.2336,37.9739],[138.2544,37.9642],[138.2831,38.0064],[138.314,38.0024],[138.3402,37.9792],[138.3528,37.9958],[138.3412,37.96],[138.2851,37.9202],[138.2784,37.9067],[138.2899,37.8856],[138.2725,37.8518],[138.2062,37.829],[138.2169,37.8101],[138.2545,37.8039],[138.3057,37.8285],[138.3612,37.8307],[138.5006,37.9204],[138.5039,37.9447],[138.574,38.0626],[138.5631,38.0884],[138.4811,38.0625],[138.4342,38.0887],[138.4362,38.1182],[138.4922,38.2031],[138.5062,38.2498],[138.5225,38.3245],[138.5053,38.3318]]],[[[139.2587,38.4894],[139.2241,38.4646],[139.2148,38.4377],[139.2474,38.4529],[139.2587,38.4894]]]]}},{"type":"Feature","properties":{"gid":"JPN.30_1","name":"大分県","romaji":"Oita","type":"県","typeEn":"Prefecture","regionZh":"九州","regionEn":"Kyushu","capitalZh":"大分市","pop":1123852,"area":6339.74,"nick":"别府温泉","blurb":"别府以温泉涌出量闻名，由布院为疗养地，国东半岛与杵筑。"},"geometry":{"type":"MultiPolygon","coordinates":[[[[131.9154,32.7778],[131.9077,32.7713],[131.9269,32.7747],[131.9154,32.7778]]],[[[132.0775,32.9747],[132.0606,32.9641],[132.0719,32.9522],[132.0775,32.9747]]],[[[131.9386,33.0161],[131.9198,33.0119],[131.9119,32.9831],[131.9441,32.9953],[131.9264,32.9972],[131.9386,33.0161]]],[[[131.9152,33.125],[131.8697,33.1312],[131.8432,33.1141],[131.8321,33.1258],[131.792,33.1288],[131.8281,33.1501],[131.8336,33.1813],[131.8693,33.2012],[131.8611,33.2036],[131.8768,33.2238],[131.8714,33.2352],[131.8926,33.2456],[131.9026,33.2677],[131.869,33.2602],[131.8736,33.2485],[131.8556,33.2554],[131.7526,33.239],[131.6826,33.2796],[131.6907,33.2514],[131.6704,33.2767],[131.6735,33.2484],[131.6873,33.2377],[131.6606,33.2739],[131.5895,33.2456],[131.5075,33.2754],[131.4996,33.3599],[131.5379,33.3676],[131.5505,33.3498],[131.5933,33.347],[131.5978,33.3706],[131.6501,33.3845],[131.6317,33.4094],[131.602,33.408],[131.6346,33.4158],[131.6191,33.4269],[131.702,33.4059],[131.7235,33.459],[131.7397,33.4658],[131.7392,33.494],[131.7287,33.4988],[131.7441,33.5417],[131.73,33.5878],[131.6661,33.6687],[131.6524,33.6599],[131.637,33.6816],[131.6264,33.6694],[131.586,33.6927],[131.5732,33.6868],[131.5753,33.6744],[131.564,33.672],[131.5605,33.6869],[131.5,33.6716],[131.5047,33.656],[131.4803,33.6419],[131.4689,33.614],[131.4239,33.592],[131.437,33.5634],[131.4109,33.5528],[131.4263,33.5685],[131.3743,33.5798],[131.3587,33.5431],[131.3647,33.577],[131.3414,33.5709],[131.2726,33.5875],[131.2662,33.5784],[131.2673,33.593],[131.2474,33.6113],[131.2322,33.6011],[131.1974,33.6169],[131.1754,33.5833],[131.1906,33.5493],[131.1707,33.527],[131.1773,33.5074],[131.0802,33.5028],[131.0309,33.5142],[130.9735,33.5],[130.9023,33.4457],[130.8869,33.3752],[130.8619,33.3698],[130.8382,33.3403],[130.8532,33.3333],[130.8678,33.293],[130.8605,33.2658],[130.8344,33.2545],[130.8284,33.2381],[130.8467,33.2301],[130.8452,33.2039],[130.8879,33.1728],[130.8453,33.0907],[130.8895,33.0833],[130.9202,33.0498],[130.952,33.0475],[130.9724,33.0204],[130.9917,33.0202],[131.0165,33.047],[131.0256,33.0833],[130.9833,33.135],[130.9898,33.1666],[131.0416,33.1907],[131.1036,33.1843],[131.1659,33.1332],[131.1756,33.0833],[131.2191,33.0499],[131.2306,33.007],[131.2661,32.972],[131.25,32.9603],[131.25,32.9301],[131.2597,32.8837],[131.2763,32.8675],[131.3415,32.8302],[131.3555,32.8046],[131.4184,32.8098],[131.4775,32.834],[131.5197,32.7974],[131.5107,32.7771],[131.5201,32.7644],[131.5415,32.7553],[131.577,32.7549],[131.5923,32.7705],[131.7056,32.7696],[131.7304,32.7943],[131.738,32.8262],[131.762,32.8333],[131.8609,32.8182],[131.8466,32.773],[131.8576,32.7335],[131.8861,32.7464],[131.8722,32.7526],[131.8736,32.7894],[131.8969,32.7644],[131.8899,32.8039],[131.9022,32.785],[131.9083,32.7935],[131.9194,32.7847],[131.9245,32.8005],[131.937,32.784],[131.9529,32.808],[131.9753,32.7936],[131.9725,32.8056],[132.0111,32.8342],[131.9764,32.8455],[131.9869,32.8309],[131.9781,32.8247],[131.9642,32.8394],[131.9633,32.8189],[131.9576,32.8368],[131.9444,32.8353],[131.9567,32.8407],[131.9504,32.8544],[131.9618,32.8468],[131.9743,32.8672],[131.9841,32.8621],[132.0169,32.89],[131.9959,32.8995],[131.986,32.8892],[131.9772,32.9221],[132.0094,32.905],[132.0094,32.9247],[132.0268,32.9353],[132.0442,32.9256],[132.0539,32.9394],[132.0841,32.9366],[132.0336,32.9539],[132.0331,32.9396],[132.0028,32.9325],[132.0039,32.9583],[131.982,32.9395],[131.9748,32.9638],[131.9688,32.953],[131.9603,32.9596],[131.96,32.9464],[131.9294,32.9631],[131.9078,32.9433],[131.92,32.9336],[131.8919,32.9375],[131.907,32.9456],[131.8769,32.9578],[131.9106,32.9478],[131.9239,32.9603],[131.9257,32.9721],[131.8903,32.9922],[131.8987,33.0033],[131.9072,32.9961],[131.9017,33.0103],[131.9224,33.0263],[131.9278,33.0508],[131.9808,33.0464],[132.0176,33.0596],[131.9958,33.0788],[132.0021,33.0959],[131.9872,33.0901],[131.9886,33.0685],[131.9699,33.061],[131.9654,33.0728],[131.9427,33.0691],[131.9403,33.0968],[131.9257,33.0664],[131.9103,33.0676],[131.9097,33.0826],[131.8604,33.078],[131.8678,33.0831],[131.8535,33.0884],[131.9152,33.125]]],[[[131.7782,33.25],[131.755,33.2524],[131.754,33.2419],[131.7782,33.25]]],[[[131.6737,33.7389],[131.6315,33.7182],[131.6707,33.718],[131.689,33.7316],[131.6737,33.7389]]]]}},{"type":"Feature","properties":{"gid":"JPN.31_1","name":"岡山県","romaji":"Okayama","type":"県","typeEn":"Prefecture","regionZh":"中国","regionEn":"Chugoku","capitalZh":"岡山市","pop":1888432,"area":7113.23,"nick":"晴天之国","blurb":"濑户内海侧少雨，仓敷美观地区与后乐园名园，濑户大桥连接四国。"},"geometry":{"type":"MultiPolygon","coordinates":[[[[133.5079,34.3432],[133.4978,34.3504],[133.4975,34.3399],[133.5083,34.3347],[133.5079,34.3432]]],[[[133.5479,34.3996],[133.5167,34.3823],[133.5581,34.367],[133.5601,34.3766],[133.5454,34.3779],[133.5585,34.3934],[133.5479,34.3996]]],[[[133.5254,34.4137],[133.5056,34.4063],[133.5117,34.3903],[133.5254,34.4137]]],[[[133.7638,34.4284],[133.7636,34.4196],[133.7772,34.4221],[133.7638,34.4284]]],[[[133.8084,34.4222],[133.7963,34.4248],[133.8062,34.4125],[133.8084,34.4222]]],[[[133.9726,34.4732],[133.9769,34.4494],[134.0122,34.4514],[133.9726,34.4732]]],[[[134.0886,34.4936],[134.0694,34.4981],[134.0361,34.4811],[134.0812,34.4585],[134.1038,34.4813],[134.0886,34.4936]]],[[[134.0224,34.4976],[134.0222,34.5076],[134.0074,34.4985],[134.02,34.4778],[134.0224,34.4976]]],[[[133.6794,34.5044],[133.6689,34.49],[133.6839,34.4911],[133.6794,34.5044]]],[[[133.6042,34.4949],[133.6482,34.5045],[133.6694,34.5405],[133.6704,34.5077],[133.6843,34.5071],[133.6909,34.519],[133.6799,34.5238],[133.6909,34.5236],[133.6982,34.5641],[133.7349,34.6033],[133.7028,34.5608],[133.7043,34.4848],[133.7156,34.4742],[133.7429,34.4703],[133.7388,34.4884],[133.719,34.4984],[133.7365,34.4973],[133.739,34.5244],[133.7481,34.4897],[133.7579,34.4867],[133.7643,34.502],[133.7572,34.4685],[133.7661,34.4714],[133.7864,34.4354],[133.8219,34.429],[133.8088,34.4597],[133.8353,34.4739],[133.9352,34.451],[133.9397,34.4814],[133.9649,34.495],[133.9589,34.5231],[133.9829,34.5318],[134.0031,34.5117],[133.9995,34.5422],[134.0314,34.5511],[134.0305,34.569],[134.0475,34.5767],[134.03,34.5986],[133.9728,34.5941],[133.9479,34.5758],[133.9415,34.5548],[133.9318,34.5631],[133.9012,34.532],[133.9314,34.5636],[133.9205,34.5765],[133.8872,34.5604],[133.9253,34.581],[133.9064,34.5948],[133.9064,34.6105],[133.9166,34.5897],[133.9691,34.6],[133.9304,34.6493],[133.9771,34.6002],[133.9886,34.6069],[133.9869,34.645],[133.9932,34.6132],[134.0478,34.5974],[134.0586,34.61],[134.0547,34.5867],[134.0919,34.5808],[134.1342,34.5967],[134.1499,34.6166],[134.1704,34.6137],[134.1875,34.6314],[134.1744,34.6317],[134.1706,34.6523],[134.1886,34.6507],[134.193,34.6659],[134.2233,34.6806],[134.214,34.6844],[134.245,34.6978],[134.235,34.7153],[134.1987,34.7152],[134.2052,34.7264],[134.183,34.7401],[134.2282,34.7315],[134.2256,34.7197],[134.2441,34.7151],[134.2684,34.7191],[134.2779,34.7338],[134.3116,34.7333],[134.3219,34.7217],[134.3475,34.7356],[134.3201,34.793],[134.2654,34.8333],[134.2564,34.8531],[134.2921,34.9077],[134.2577,34.9433],[134.2756,34.9567],[134.2832,34.9948],[134.2732,35.0195],[134.3198,35.042],[134.3229,35.0807],[134.3527,35.091],[134.365,35.1367],[134.3773,35.1475],[134.4115,35.1445],[134.4154,35.1771],[134.3835,35.2045],[134.4057,35.2377],[134.4004,35.247],[134.3195,35.1991],[134.2843,35.1937],[134.257,35.205],[134.1818,35.1666],[134.1557,35.1926],[134.1651,35.2221],[134.1402,35.2351],[134.1465,35.2605],[134.1351,35.2778],[134.1003,35.3024],[134.0126,35.3042],[134.0029,35.3111],[134.0107,35.3481],[133.9346,35.3303],[133.9331,35.3104],[133.8743,35.2899],[133.8642,35.2673],[133.8307,35.2464],[133.8044,35.2842],[133.75,35.315],[133.6854,35.3156],[133.5992,35.3417],[133.5597,35.2407],[133.5112,35.2302],[133.5246,35.182],[133.511,35.1893],[133.4498,35.1689],[133.4105,35.1826],[133.3966,35.1666],[133.4134,35.1172],[133.3218,35.0908],[133.2931,35.0941],[133.2903,35.0652],[133.2721,35.0546],[133.3232,35.0036],[133.2999,34.9532],[133.3119,34.9338],[133.2995,34.8866],[133.3807,34.803],[133.3633,34.7254],[133.3867,34.6765],[133.4053,34.6666],[133.3861,34.6184],[133.4478,34.549],[133.4566,34.4605],[133.4895,34.4604],[133.4754,34.4408],[133.5284,34.4542],[133.5274,34.4708],[133.4867,34.5138],[133.5407,34.4614],[133.6015,34.4727],[133.5894,34.4827],[133.6042,34.4949]]],[[[134.3383,34.5629],[134.2989,34.5469],[134.265,34.5533],[134.2391,34.5298],[134.1869,34.5161],[134.1682,34.526],[134.1558,34.5044],[134.1783,34.4892],[134.156,34.4921],[134.1414,34.4708],[134.1528,34.4608],[134.1914,34.4842],[134.2311,34.4789],[134.2422,34.4589],[134.2237,34.4393],[134.2383,34.4314],[134.2243,34.4251],[134.2361,34.4144],[134.2513,34.424],[134.2671,34.4667],[134.3096,34.4778],[134.316,34.4591],[134.2841,34.4609],[134.2787,34.4465],[134.3192,34.4573],[134.3378,34.4325],[134.3601,34.5293],[134.345,34.5442],[134.3674,34.5605],[134.3383,34.5629]]],[[[134.2619,34.6848],[134.2422,34.6803],[134.2736,34.6811],[134.2619,34.6848]]],[[[134.2623,34.7061],[134.2505,34.7056],[134.2512,34.6921],[134.2715,34.696],[134.2623,34.7061]]],[[[134.3031,34.7295],[134.2747,34.7225],[134.2751,34.7135],[134.3472,34.7083],[134.3031,34.7295]]],[[[134.2383,34.6786],[134.2187,34.6744],[134.2455,34.673],[134.2383,34.6786]]]]}},{"type":"Feature","properties":{"gid":"JPN.32_1","name":"沖縄県","romaji":"Okinawa","type":"県","typeEn":"Prefecture","regionZh":"九州","regionEn":"Kyushu","capitalZh":"那覇市","pop":1467480,"area":2276.49,"nick":"最南的群岛","blurb":"日本最南端、唯一亚热带气候，琉球王国故地，美军基地密集；人口增速居全国前列。"},"geometry":{"type":"MultiPolygon","coordinates":[[[[123.7943,24.071],[123.7674,24.071],[123.7529,24.0526],[123.8051,24.0493],[123.8101,24.0635],[123.7943,24.071]]],[[[123.9351,24.2193],[123.9204,24.2182],[123.9321,24.2085],[123.9351,24.2193]]],[[[124.0026,24.2551],[123.9907,24.2399],[124.0143,24.2207],[124.0299,24.2451],[124.0026,24.2551]]],[[[124.0885,24.3401],[124.076,24.3251],[124.0835,24.3113],[124.1024,24.3204],[124.0885,24.3401]]],[[[123.9779,24.3543],[123.9515,24.331],[124.0021,24.3268],[123.9779,24.3543]]],[[[123.7813,24.4376],[123.764,24.4301],[123.7824,24.3988],[123.771,24.4199],[123.7529,24.3921],[123.7429,24.3946],[123.7526,24.3762],[123.7451,24.3604],[123.764,24.3449],[123.744,24.3426],[123.7474,24.2999],[123.7299,24.3415],[123.7135,24.3301],[123.7035,24.3501],[123.711,24.3154],[123.6857,24.3332],[123.6857,24.3093],[123.6612,24.3076],[123.6807,24.2824],[123.7188,24.2776],[123.7246,24.299],[123.7543,24.2793],[123.8815,24.2557],[123.8838,24.2763],[123.8693,24.2893],[123.9043,24.2743],[123.8999,24.3013],[123.9135,24.3249],[123.9282,24.3154],[123.9401,24.366],[123.8871,24.3843],[123.8729,24.4043],[123.8607,24.3954],[123.8326,24.4076],[123.8163,24.3904],[123.8121,24.4115],[123.7813,24.4376]]],[[[123.7329,24.3632],[123.7246,24.3574],[123.7424,24.3454],[123.7329,24.3632]]],[[[123.7268,24.3788],[123.711,24.3704],[123.719,24.3646],[123.7268,24.3788]]],[[[123.0088,24.4732],[122.9615,24.4726],[122.9332,24.449],[123.011,24.436],[123.0443,24.461],[123.0088,24.4732]]],[[[124.3179,24.6104],[124.2826,24.5618],[124.2949,24.541],[124.2782,24.5068],[124.256,24.5199],[124.2282,24.4993],[124.2221,24.4551],[124.169,24.4499],[124.1457,24.4638],[124.1387,24.4429],[124.1432,24.4674],[124.1165,24.4832],[124.1251,24.4707],[124.1182,24.446],[124.076,24.4543],[124.0687,24.4307],[124.0843,24.4154],[124.1199,24.4351],[124.1432,24.4135],[124.1376,24.386],[124.1115,24.3654],[124.1435,24.3513],[124.1571,24.336],[124.1493,24.3315],[124.1815,24.3296],[124.2015,24.354],[124.2365,24.3443],[124.2493,24.3565],[124.2596,24.4121],[124.2513,24.4629],[124.2826,24.4882],[124.284,24.5079],[124.3099,24.5312],[124.304,24.5449],[124.341,24.5865],[124.3407,24.6057],[124.3179,24.6104]]],[[[123.8235,24.4763],[123.8132,24.474],[123.8243,24.4676],[123.8235,24.4763]]],[[[124.7107,24.6776],[124.6754,24.6682],[124.6749,24.6429],[124.7274,24.6432],[124.7274,24.6668],[124.7107,24.6776]]],[[[125.2449,24.7313],[125.2396,24.7174],[125.2568,24.7149],[125.2449,24.7313]]],[[[124.6965,24.761],[124.6826,24.7571],[124.7068,24.7443],[124.6965,24.761]]],[[[124.689,24.7799],[124.6749,24.7763],[124.6771,24.7568],[124.6774,24.7774],[124.6968,24.7679],[124.689,24.7799]]],[[[125.2671,24.9149],[125.2676,24.9026],[125.2571,24.9074],[125.296,24.846],[125.2765,24.8376],[125.2785,24.8137],[125.2557,24.7985],[125.2843,24.7529],[125.2671,24.7515],[125.261,24.769],[125.2521,24.7554],[125.2615,24.7349],[125.3085,24.7115],[125.3701,24.729],[125.4538,24.7304],[125.4701,24.719],[125.4335,24.7615],[125.3365,24.7979],[125.336,24.8218],[125.3101,24.8421],[125.299,24.8788],[125.2671,24.9149]]],[[[125.1687,24.8643],[125.1557,24.8576],[125.1546,24.8315],[125.1387,24.8487],[125.1446,24.8065],[125.2185,24.8085],[125.2138,24.844],[125.1687,24.8643]]],[[[125.2451,24.9382],[125.2304,24.9351],[125.2493,24.9199],[125.2451,24.9382]]],[[[126.8436,26.2969],[126.8441,26.287],[126.8586,26.2912],[126.8436,26.2969]]],[[[126.7794,26.3917],[126.7153,26.375],[126.7081,26.355],[126.7506,26.3436],[126.7794,26.3053],[126.8103,26.2903],[126.8056,26.3242],[126.8247,26.3464],[126.7794,26.3917]]],[[[126.9161,26.3639],[126.8356,26.3453],[126.9066,26.3628],[126.935,26.3553],[126.9161,26.3639]]],[[[127.5669,25.6781],[127.5676,25.665],[127.5784,25.669],[127.5669,25.6781]]],[[[127.7247,26.0897],[127.7478,26.1183],[127.7917,26.1342],[127.8312,26.1663],[127.8169,26.1919],[127.7782,26.1723],[127.7796,26.1875],[127.7564,26.2047],[127.7896,26.2271],[127.8,26.2675],[127.8108,26.2744],[127.8169,26.265],[127.8114,26.2989],[127.8483,26.3156],[127.8362,26.3289],[127.8542,26.3239],[127.87,26.3353],[127.9211,26.2944],[127.9239,26.3103],[127.9063,26.3304],[127.9594,26.3364],[127.9964,26.3617],[127.9878,26.3843],[127.969,26.3627],[127.9439,26.3571],[127.9368,26.3339],[127.8978,26.3333],[127.8739,26.3589],[127.8775,26.3808],[127.8419,26.405],[127.8311,26.4317],[127.8411,26.4267],[127.8692,26.4575],[127.9497,26.4372],[127.94,26.4569],[127.9525,26.4561],[127.9511,26.4731],[127.99,26.4742],[128.0036,26.4889],[127.9953,26.5076],[128.0533,26.5206],[128.0373,26.5516],[128.0947,26.5339],[128.1531,26.5665],[128.1251,26.6024],[128.1517,26.5981],[128.1492,26.6294],[128.2383,26.6308],[128.3279,26.7506],[128.3069,26.8442],[128.2911,26.8422],[128.2614,26.8756],[128.2485,26.8701],[128.253,26.8432],[128.2317,26.7979],[128.185,26.7509],[128.1528,26.7456],[128.1595,26.7216],[128.1061,26.6892],[128.1047,26.6711],[128.1247,26.66],[128.1011,26.6703],[128.0829,26.6467],[128.054,26.6352],[128.0072,26.6303],[127.9833,26.6489],[128.0086,26.6842],[127.9989,26.6931],[127.9726,26.6972],[127.9739,26.6883],[127.96,26.7069],[127.9036,26.6992],[127.8772,26.7117],[127.8742,26.6844],[127.8934,26.6602],[127.8778,26.6444],[127.8944,26.6067],[127.9453,26.6022],[127.9828,26.575],[127.9636,26.5408],[127.9336,26.5431],[127.9167,26.5164],[127.8861,26.5031],[127.8711,26.5137],[127.8433,26.5041],[127.8452,26.4811],[127.8131,26.4639],[127.7972,26.4364],[127.7717,26.4461],[127.7361,26.4228],[127.7117,26.4408],[127.715,26.4039],[127.7473,26.3616],[127.7386,26.3594],[127.7414,26.3336],[127.7575,26.2975],[127.6844,26.2572],[127.6848,26.2424],[127.6692,26.2514],[127.6667,26.233],[127.6797,26.2394],[127.6806,26.2281],[127.6625,26.2172],[127.6744,26.2081],[127.6518,26.2179],[127.6368,26.1989],[127.6394,26.1747],[127.65,26.1803],[127.6493,26.1647],[127.6608,26.161],[127.6519,26.1519],[127.6681,26.1528],[127.6481,26.1444],[127.6508,26.1264],[127.6689,26.1317],[127.6579,26.0806],[127.6806,26.0742],[127.7247,26.0897]]],[[[127.2931,26.1861],[127.2864,26.1756],[127.2969,26.1772],[127.2931,26.1861]]],[[[127.3619,26.2247],[127.3522,26.225],[127.3481,26.1871],[127.3383,26.1833],[127.3475,26.1683],[127.3414,26.1383],[127.3642,26.1572],[127.3594,26.1803],[127.3728,26.19],[127.3619,26.2247]]],[[[127.285,26.2064],[127.2647,26.1983],[127.2764,26.1956],[127.2741,26.1774],[127.2939,26.1944],[127.285,26.2064]]],[[[131.2422,25.8725],[131.2192,25.8647],[131.2128,25.8231],[131.2328,25.8119],[131.2631,25.8219],[131.2742,25.8531],[131.2422,25.8725]]],[[[131.2933,25.9589],[131.2841,25.9545],[131.2956,25.9319],[131.3236,25.9317],[131.3321,25.9525],[131.2933,25.9589]]],[[[129.1146,26.0877],[129.1151,26.0779],[129.1295,26.0821],[129.1146,26.0877]]],[[[127.7792,25.5502],[127.7973,25.5546],[127.7891,25.5706],[127.7782,25.5699],[127.7792,25.5502]]],[[[127.9456,26.2608],[127.9333,26.2475],[127.9406,26.2414],[127.9456,26.2608]]],[[[127.9611,26.3264],[127.9503,26.3225],[127.9597,26.3078],[127.9611,26.3264]]],[[[127.2272,26.1899],[127.2419,26.1908],[127.2371,26.2103],[127.2272,26.1899]]],[[[127.3141,26.2454],[127.2808,26.2301],[127.3086,26.2186],[127.3183,26.2403],[127.3336,26.2283],[127.3325,26.2402],[127.3141,26.2454]]],[[[128.0031,26.3997],[127.9886,26.3857],[127.9983,26.3819],[128.0031,26.3997]]],[[[127.87,26.6533],[127.855,26.6483],[127.86,26.6289],[127.87,26.6533]]],[[[128.0217,26.6753],[127.9988,26.6746],[127.995,26.6567],[128.0336,26.6464],[128.0217,26.6753]]],[[[128.0225,26.7128],[128.0081,26.7083],[128.0208,26.6936],[128.0225,26.7128]]],[[[127.8208,26.7303],[127.76,26.7375],[127.7489,26.7197],[127.7622,26.7078],[127.8097,26.7053],[127.8308,26.7136],[127.8208,26.7303]]],[[[128.0193,27.0891],[127.9958,27.0897],[127.9711,27.0678],[127.9322,27.0211],[127.9375,27.0003],[127.9236,27.0047],[127.9142,26.9922],[127.9358,26.9947],[127.9457,27.0183],[127.9911,27.0436],[128.0193,27.0891]]],[[[127.9292,26.9003],[127.9201,26.8938],[127.935,26.8942],[127.9292,26.9003]]],[[[127.9417,26.9533],[127.9117,26.9372],[127.9386,26.9106],[127.9544,26.9142],[127.9578,26.9353],[127.9417,26.9533]]],[[[127.3643,26.3008],[127.3751,26.3048],[127.3637,26.3107],[127.3643,26.3008]]],[[[127.1494,26.3817],[127.1372,26.3689],[127.146,26.3482],[127.1624,26.3618],[127.1506,26.3628],[127.1494,26.3817]]],[[[127.2397,26.6008],[127.2172,26.5942],[127.2081,26.5748],[127.2414,26.5761],[127.2489,26.5875],[127.2397,26.6008]]]]}},{"type":"Feature","properties":{"gid":"JPN.33_1","name":"大阪府","romaji":"Osaka","type":"府","typeEn":"Urban Prefecture","regionZh":"近畿","regionEn":"Kansai","capitalZh":"大阪市","pop":8837685,"area":1899.28,"nick":"关西经济中枢","blurb":"西日本商业与美食重镇，大阪市为关西最大都会，「天下厨房」之名由来已久，是与东京并称的「府」。"},"geometry":{"type":"MultiPolygon","coordinates":[[[[135.2067,34.2848],[135.2108,34.305],[135.232,34.2987],[135.2853,34.3145],[135.2951,34.2957],[135.3325,34.3138],[135.3414,34.332],[135.3862,34.326],[135.4881,34.3594],[135.5193,34.3388],[135.5801,34.3727],[135.6769,34.3958],[135.6694,34.4166],[135.6867,34.4422],[135.6797,34.5223],[135.6558,34.544],[135.6846,34.5816],[135.6737,34.6004],[135.6545,34.6036],[135.6806,34.7027],[135.7066,34.7212],[135.7142,34.778],[135.732,34.7755],[135.7467,34.8015],[135.6944,34.8499],[135.679,34.8942],[135.6159,34.9423],[135.6161,34.9679],[135.578,34.9689],[135.565,34.9403],[135.5842,34.9229],[135.544,34.912],[135.509,34.9424],[135.4963,34.9379],[135.4929,34.9863],[135.393,35.0071],[135.3738,35.0422],[135.3418,35.0405],[135.3427,35.0228],[135.3572,35.0212],[135.3615,34.9807],[135.3494,34.9656],[135.3639,34.9513],[135.4696,34.9259],[135.4233,34.9047],[135.445,34.8944],[135.4211,34.809],[135.4451,34.7867],[135.4624,34.7329],[135.4097,34.6984],[135.4247,34.6944],[135.4085,34.6717],[135.4349,34.6782],[135.4174,34.6692],[135.4254,34.6657],[135.4151,34.651],[135.4561,34.6758],[135.4256,34.6498],[135.4632,34.6542],[135.4593,34.6257],[135.4766,34.6342],[135.4809,34.6541],[135.4797,34.6381],[135.4496,34.6159],[135.4338,34.6442],[135.3978,34.6381],[135.4184,34.6258],[135.4002,34.6207],[135.4032,34.6117],[135.4722,34.6025],[135.424,34.6047],[135.437,34.5888],[135.4612,34.5943],[135.4496,34.5872],[135.4599,34.5837],[135.4501,34.583],[135.4528,34.565],[135.4271,34.5892],[135.4224,34.5702],[135.4019,34.5997],[135.4056,34.5611],[135.4425,34.5577],[135.4436,34.5478],[135.4059,34.5109],[135.3944,34.5324],[135.3992,34.5077],[135.3706,34.5225],[135.3861,34.4995],[135.3709,34.5035],[135.3771,34.475],[135.3657,34.4805],[135.3708,34.4692],[135.3156,34.4288],[135.3186,34.4191],[135.294,34.4152],[135.2522,34.4444],[135.2195,34.4225],[135.2288,34.4131],[135.2641,34.4366],[135.2937,34.4138],[135.2689,34.3794],[135.2467,34.3756],[135.2164,34.3441],[135.0925,34.3114],[135.1062,34.3078],[135.1017,34.287],[135.113,34.2705],[135.2067,34.2848]]],[[[135.3342,34.4464],[135.3477,34.4565],[135.3412,34.4671],[135.3342,34.4464]]],[[[135.4415,34.5494],[135.43,34.5547],[135.4181,34.5389],[135.4044,34.5522],[135.4006,34.5358],[135.4214,34.5243],[135.4415,34.5494]]],[[[135.3828,34.6603],[135.3791,34.6429],[135.4055,34.6533],[135.3828,34.6603]]],[[[135.4076,34.6592],[135.4029,34.6732],[135.387,34.6643],[135.4076,34.6592]]]]}},{"type":"Feature","properties":{"gid":"JPN.34_1","name":"佐賀県","romaji":"Saga","type":"県","typeEn":"Prefecture","regionZh":"九州","regionEn":"Kyushu","capitalZh":"佐賀市","pop":811442,"area":2439.65,"nick":"有田烧与玄海","blurb":"有田、伊万里瓷器名扬世界，玄海沿岸与祐德稻荷，佐贺城迹。"},"geometry":{"type":"MultiPolygon","coordinates":[[[[130.0496,32.9953],[130.1044,32.9712],[130.2228,32.9539],[130.2228,32.9736],[130.1914,32.9906],[130.1702,33.0512],[130.1456,33.073],[130.1412,33.0943],[130.1267,33.0938],[130.1323,33.1044],[130.1113,33.1126],[130.1291,33.1093],[130.1111,33.1292],[130.1504,33.1126],[130.2233,33.1658],[130.2319,33.1883],[130.2031,33.1946],[130.2472,33.1915],[130.2513,33.2168],[130.2601,33.1795],[130.2774,33.1694],[130.2873,33.1816],[130.2774,33.1662],[130.288,33.147],[130.3541,33.1469],[130.3628,33.1993],[130.3927,33.2436],[130.4864,33.3043],[130.5125,33.341],[130.5382,33.3395],[130.5394,33.4354],[130.5186,33.4443],[130.481,33.4339],[130.4305,33.3935],[130.3989,33.4239],[130.36,33.4309],[130.2736,33.4766],[130.25,33.4677],[130.2062,33.4779],[130.1709,33.4643],[130.1531,33.4744],[130.0373,33.4677],[130.0381,33.4522],[129.9996,33.4464],[129.9654,33.4565],[129.9641,33.4835],[129.9586,33.4706],[129.9373,33.4764],[129.9695,33.5113],[129.9579,33.5293],[129.9294,33.5381],[129.9314,33.55],[129.8909,33.5472],[129.8752,33.5162],[129.8779,33.5361],[129.8453,33.5567],[129.8557,33.5194],[129.8398,33.5231],[129.8567,33.5061],[129.8282,33.5183],[129.8451,33.4793],[129.8303,33.4749],[129.8492,33.4748],[129.8582,33.4546],[129.8441,33.4454],[129.8264,33.4795],[129.8068,33.4856],[129.7933,33.472],[129.8066,33.4575],[129.7822,33.4511],[129.8303,33.4215],[129.8239,33.4118],[129.8678,33.4068],[129.8594,33.3991],[129.8711,33.3941],[129.8679,33.3733],[129.8459,33.3621],[129.8485,33.3371],[129.8278,33.3374],[129.8467,33.3267],[129.8273,33.3093],[129.8686,33.2806],[129.8556,33.2728],[129.853,33.2882],[129.8295,33.295],[129.7939,33.3371],[129.7638,33.2948],[129.817,33.236],[129.8184,33.1824],[129.8886,33.1579],[129.9406,33.1621],[129.9587,33.1248],[129.9538,33.1068],[129.9273,33.1024],[129.9246,33.0872],[129.9828,33.0545],[130.0496,32.9953]]],[[[129.8921,33.5561],[129.8805,33.5674],[129.8731,33.5447],[129.8921,33.5561]]],[[[129.9781,33.5381],[129.9681,33.5421],[129.9642,33.5291],[129.9781,33.5381]]],[[[129.7643,33.5825],[129.74,33.573],[129.7626,33.5635],[129.774,33.5739],[129.7643,33.5825]]],[[[129.8645,33.6156],[129.848,33.5995],[129.8575,33.5872],[129.8684,33.5955],[129.8645,33.6156]]]]}},{"type":"Feature","properties":{"gid":"JPN.35_1","name":"埼玉県","romaji":"Saitama","type":"県","typeEn":"Prefecture","regionZh":"関東","regionEn":"Kanto","capitalZh":"埼玉市","pop":7344765,"area":3798.08,"nick":"东京卧城","blurb":"紧邻东京的居住卫星县，川越保存江户风情，许多上班族通勤东京。"},"geometry":{"type":"Polygon","coordinates":[[[139.8255,35.7962],[139.8628,35.792],[139.8924,35.8052],[139.9038,35.8602],[139.8968,35.882],[139.8436,35.9467],[139.8186,35.9931],[139.8161,36.0359],[139.7882,36.0645],[139.78,36.0938],[139.7602,36.0793],[139.7404,36.0833],[139.6965,36.1641],[139.7053,36.2007],[139.6625,36.2176],[139.6469,36.1936],[139.622,36.1864],[139.5857,36.2061],[139.4669,36.1861],[139.375,36.2414],[139.2516,36.2384],[139.1656,36.2737],[139.1303,36.2759],[139.0679,36.1949],[139.0668,36.1568],[139.0522,36.1496],[139.0455,36.1256],[138.9679,36.1226],[138.9445,36.0906],[138.8672,36.0738],[138.821,36.0324],[138.7582,36.0313],[138.7153,35.9707],[138.7419,35.9277],[138.7317,35.9061],[138.7831,35.8965],[138.798,35.8702],[138.8568,35.8621],[138.8919,35.84],[138.947,35.8518],[138.9565,35.8702],[139.0266,35.8941],[139.0624,35.8718],[139.1465,35.8601],[139.1987,35.8369],[139.3053,35.8309],[139.3262,35.7951],[139.3658,35.7887],[139.3925,35.7638],[139.4562,35.7653],[139.5368,35.7961],[139.5508,35.7601],[139.5973,35.7755],[139.625,35.7636],[139.6592,35.7966],[139.7495,35.7836],[139.7703,35.8144],[139.7929,35.8027],[139.8194,35.8085],[139.8255,35.7962]]]}},{"type":"Feature","properties":{"gid":"JPN.36_1","name":"滋賀県","romaji":"Shiga","type":"県","typeEn":"Prefecture","regionZh":"近畿","regionEn":"Kansai","capitalZh":"大津市","pop":1413610,"area":4017.36,"nick":"琵琶湖","blurb":"日本最大湖泊琵琶湖所在地，近江八景与彦根城，关西水源。"},"geometry":{"type":"Polygon","coordinates":[[[136.0171,34.7941],[136.0935,34.8114],[136.0902,34.8329],[136.1291,34.8591],[136.125,34.8696],[136.0937,34.8717],[136.0901,34.8823],[136.114,34.8986],[136.1304,34.8826],[136.1821,34.8833],[136.25,34.8556],[136.3684,34.9028],[136.379,34.9414],[136.4189,34.9874],[136.4209,35.0448],[136.4438,35.0667],[136.4481,35.1229],[136.4387,35.128],[136.4572,35.1598],[136.422,35.1795],[136.418,35.2147],[136.3818,35.2436],[136.3981,35.2524],[136.399,35.2912],[136.4154,35.3126],[136.4171,35.3686],[136.4454,35.3869],[136.4182,35.4219],[136.4229,35.4636],[136.391,35.4903],[136.4032,35.5272],[136.3841,35.5353],[136.375,35.5563],[136.3594,35.5359],[136.3197,35.5477],[136.3257,35.6142],[136.2924,35.6171],[136.2789,35.6611],[136.1872,35.7],[136.1534,35.6945],[136.1375,35.6666],[136.1796,35.5937],[136.1727,35.5628],[136.1167,35.576],[136.0991,35.5318],[136.0334,35.5264],[136.0104,35.4902],[135.9872,35.486],[135.9479,35.518],[135.895,35.4032],[135.8663,35.3916],[135.8486,35.4082],[135.8153,35.4084],[135.8125,35.3875],[135.7936,35.3833],[135.771,35.3526],[135.8309,35.2759],[135.8519,35.2765],[135.8325,35.2165],[135.8547,35.1284],[135.8389,35.0562],[135.8213,35.0458],[135.8364,34.9968],[135.8812,34.9338],[135.8695,34.8889],[135.9053,34.8695],[135.9425,34.8851],[135.9491,34.8486],[135.9645,34.8507],[135.9797,34.8352],[136.0,34.8412],[136.0313,34.8162],[136.0171,34.7941]]]}},{"type":"Feature","properties":{"gid":"JPN.37_1","name":"島根県","romaji":"Shimane","type":"県","typeEn":"Prefecture","regionZh":"中国","regionEn":"Chugoku","capitalZh":"松江市","pop":671126,"area":6707.96,"nick":"出云与石见","blurb":"出云大社为结缘神社，石见银山为世界遗产，宍道湖与松江城。"},"geometry":{"type":"MultiPolygon","coordinates":[[[[132.04,34.4629],[132.0655,34.4735],[132.0409,34.5],[132.0561,34.5268],[132.0863,34.5342],[132.1271,34.5833],[132.1195,34.6054],[132.1289,34.6371],[132.1642,34.6801],[132.1363,34.6943],[132.1431,34.7065],[132.2155,34.7417],[132.2428,34.7767],[132.2407,34.7983],[132.2807,34.7936],[132.3012,34.7737],[132.312,34.7923],[132.375,34.7978],[132.4015,34.7802],[132.4274,34.7983],[132.4237,34.8087],[132.4445,34.8145],[132.4569,34.7975],[132.5397,34.792],[132.6144,34.8363],[132.6624,34.8289],[132.6839,34.8473],[132.7039,34.8422],[132.7032,34.8787],[132.6685,34.8874],[132.6491,34.907],[132.6922,34.9489],[132.723,34.9449],[132.7528,34.9595],[132.7538,34.9751],[132.8746,35.0985],[132.8947,35.1016],[132.953,35.0723],[132.993,35.098],[133.0426,35.0649],[133.1147,35.0825],[133.144,35.0732],[133.1524,35.1376],[133.1975,35.1666],[133.186,35.1954],[133.1553,35.2008],[133.1543,35.2127],[133.2621,35.2579],[133.3044,35.2601],[133.3116,35.2701],[133.2977,35.3378],[133.322,35.3784],[133.294,35.4254],[133.2307,35.4488],[133.1443,35.4353],[133.1141,35.4505],[133.1365,35.4726],[133.1275,35.5113],[133.1559,35.5369],[133.1824,35.5273],[133.3265,35.5678],[133.2923,35.5776],[133.2247,35.5712],[133.2341,35.5787],[133.2169,35.5811],[133.216,35.5696],[133.1963,35.5674],[133.1906,35.5808],[133.1908,35.5623],[133.1607,35.5718],[133.1415,35.5605],[133.1299,35.5769],[133.1394,35.5813],[133.1248,35.5764],[133.1124,35.5971],[133.0902,35.6038],[133.0973,35.579],[133.0482,35.5779],[133.0594,35.564],[133.0314,35.5578],[133.0276,35.5383],[132.9685,35.5436],[132.9716,35.5161],[132.8647,35.5133],[132.8005,35.4834],[132.7267,35.47],[132.7588,35.4562],[132.753,35.4473],[132.7099,35.4404],[132.6844,35.4528],[132.6865,35.4408],[132.6419,35.4417],[132.6227,35.4182],[132.6716,35.4019],[132.6859,35.3585],[132.6749,35.3719],[132.6587,35.3227],[132.6303,35.289],[132.5436,35.2591],[132.4443,35.1951],[132.4169,35.1908],[132.4036,35.1596],[132.3811,35.1464],[132.3897,35.1316],[132.337,35.1016],[132.3454,35.0926],[132.3239,35.0894],[132.3274,35.0759],[132.3104,35.0573],[132.2307,35.0307],[132.2362,35.0041],[132.2564,35.0031],[132.2331,35.0039],[132.224,35.0232],[132.1442,34.9619],[132.1125,34.9527],[132.1052,34.9343],[132.0728,34.9196],[132.0766,34.9045],[132.0584,34.9],[132.0692,34.8917],[132.0555,34.872],[132.0359,34.8815],[132.0075,34.8672],[132.0078,34.8473],[131.988,34.8269],[131.9561,34.8186],[131.9446,34.791],[131.8649,34.7556],[131.8716,34.7326],[131.8216,34.6972],[131.8267,34.6781],[131.8197,34.6932],[131.7428,34.6743],[131.6853,34.677],[131.6971,34.6233],[131.7196,34.6032],[131.7269,34.5689],[131.7052,34.5622],[131.7041,34.5275],[131.6708,34.5008],[131.7023,34.4717],[131.7015,34.4316],[131.7964,34.4333],[131.7687,34.3685],[131.7775,34.3364],[131.8215,34.3002],[131.875,34.3044],[131.9224,34.3336],[131.9576,34.3072],[132.0137,34.3634],[131.9925,34.4115],[132.04,34.4629]]],[[[133.012,36.0318],[132.9992,36.0314],[133.0061,36.0032],[133.0369,36.0014],[133.0421,36.0129],[133.0609,35.994],[133.0731,36.01],[133.012,36.0318]]],[[[133.0806,36.1411],[133.0556,36.1269],[133.0125,36.1367],[133.0067,36.1076],[132.9778,36.1156],[132.9456,36.065],[132.9981,36.0381],[132.9763,36.084],[132.9861,36.0933],[132.9922,36.0833],[133.0091,36.1024],[133.0072,36.0736],[133.0453,36.06],[133.0565,36.0861],[133.04,36.1067],[133.0871,36.1254],[133.0925,36.1378],[133.0806,36.1411]]],[[[133.1888,35.4956],[133.1835,35.5046],[133.1953,35.5129],[133.1857,35.5213],[133.1525,35.4963],[133.176,35.4824],[133.1888,35.4956]]],[[[133.1156,36.1158],[133.094,36.1172],[133.0897,36.0964],[133.0826,36.1139],[133.081,36.1025],[133.0633,36.1006],[133.08,36.0683],[133.0686,36.0342],[133.0885,36.0525],[133.1041,36.0502],[133.0967,36.0572],[133.1084,36.0639],[133.0973,36.0718],[133.1173,36.0642],[133.1156,36.0788],[133.1528,36.0744],[133.1176,36.0823],[133.1352,36.1018],[133.1156,36.1158]]],[[[133.1689,36.1056],[133.1631,36.115],[133.1558,36.1047],[133.1689,36.1056]]],[[[133.2833,36.3442],[133.2753,36.3513],[133.28,36.3412],[133.2639,36.3285],[133.2251,36.3287],[133.2302,36.3164],[133.1959,36.3014],[133.2021,36.2807],[133.1809,36.288],[133.188,36.2766],[133.177,36.2521],[133.1924,36.245],[133.1837,36.2118],[133.2079,36.209],[133.2238,36.1887],[133.2449,36.1903],[133.2304,36.17],[133.2492,36.1742],[133.2514,36.1608],[133.2782,36.1699],[133.2791,36.1857],[133.2881,36.1708],[133.2912,36.1796],[133.3418,36.1702],[133.3358,36.197],[133.3062,36.1995],[133.3356,36.2031],[133.3425,36.2218],[133.3394,36.1958],[133.3693,36.2047],[133.3732,36.2521],[133.3858,36.2678],[133.3636,36.28],[133.3632,36.2967],[133.3248,36.3088],[133.3203,36.3278],[133.3093,36.3199],[133.2833,36.3442]]]]}},{"type":"Feature","properties":{"gid":"JPN.38_1","name":"静岡県","romaji":"Shizuoka","type":"県","typeEn":"Prefecture","regionZh":"中部","regionEn":"Chubu","capitalZh":"静岡市","pop":3633202,"area":7780.5,"nick":"富士山与茶乡","blurb":"富士山南麓，静冈茶园与骏河湾水产闻名；日本最长的东名高速与富士山景交织。"},"geometry":{"type":"Polygon","coordinates":[[[137.5638,34.696],[137.5532,34.7227],[137.5278,34.726],[137.542,34.7338],[137.5295,34.749],[137.538,34.7573],[137.5143,34.7588],[137.5481,34.7697],[137.5506,34.8011],[137.5726,34.7949],[137.5489,34.7709],[137.5598,34.7604],[137.572,34.7806],[137.6139,34.7807],[137.6205,34.8007],[137.6409,34.7943],[137.6582,34.8076],[137.6421,34.7837],[137.6162,34.7757],[137.6285,34.7658],[137.6113,34.7689],[137.5828,34.7116],[137.605,34.7129],[137.5928,34.72],[137.6065,34.7381],[137.622,34.7322],[137.6507,34.7612],[137.6134,34.7035],[137.6483,34.6922],[137.6118,34.697],[137.5999,34.676],[137.7477,34.6571],[137.7509,34.6652],[137.7506,34.6554],[137.7817,34.6483],[137.7886,34.6589],[137.8042,34.646],[137.8974,34.6649],[137.8939,34.6975],[137.9044,34.7053],[137.895,34.6919],[137.9044,34.6652],[138.0019,34.6622],[138.2285,34.5957],[138.2334,34.6052],[138.2098,34.62],[138.2208,34.6238],[138.2071,34.6204],[138.1954,34.6347],[138.1947,34.6649],[138.2221,34.7225],[138.2992,34.7707],[138.2893,34.7816],[138.3006,34.7787],[138.3342,34.8219],[138.3258,34.8775],[138.3547,34.9118],[138.5215,34.9893],[138.5327,35.0144],[138.5017,35.012],[138.5044,34.9847],[138.491,35.021],[138.5337,35.0556],[138.558,35.1008],[138.6442,35.1162],[138.6972,35.1348],[138.6847,35.1443],[138.6947,35.1447],[138.8146,35.1136],[138.8533,35.08],[138.8589,35.093],[138.8552,35.0787],[138.8863,35.0462],[138.9048,35.0474],[138.8914,35.0175],[138.8761,35.0254],[138.8453,35.0143],[138.787,35.0304],[138.769,34.9827],[138.777,34.9718],[138.762,34.9707],[138.79,34.9091],[138.7558,34.8835],[138.7539,34.8667],[138.7761,34.8546],[138.7596,34.8426],[138.7686,34.8228],[138.753,34.8247],[138.7658,34.8088],[138.7523,34.8004],[138.7765,34.7557],[138.7392,34.7244],[138.7387,34.6906],[138.7887,34.6701],[138.7752,34.6423],[138.8453,34.6006],[138.8909,34.6349],[138.9092,34.6317],[138.9494,34.6743],[138.9636,34.6725],[138.9566,34.654],[138.9875,34.6578],[138.9724,34.6899],[138.9968,34.7425],[139.0286,34.7675],[139.0486,34.7683],[139.0421,34.774],[139.0786,34.82],[139.0831,34.8533],[139.1408,34.8908],[139.1321,34.8984],[139.1467,34.9544],[139.0967,34.9742],[139.0831,35.0017],[139.0999,35.0085],[139.1011,35.0447],[139.0689,35.0546],[139.0828,35.0861],[139.0763,35.0973],[139.1099,35.1379],[139.0329,35.1465],[139.0265,35.1748],[138.991,35.1975],[138.9787,35.2605],[139.0078,35.2866],[139.0216,35.3266],[138.9966,35.4002],[138.9196,35.3987],[138.886,35.3825],[138.8504,35.3857],[138.6892,35.3548],[138.6666,35.3951],[138.6145,35.3901],[138.5852,35.4425],[138.5352,35.4047],[138.5379,35.3334],[138.5157,35.308],[138.5361,35.1973],[138.4994,35.1713],[138.4369,35.1763],[138.4017,35.1971],[138.3667,35.3088],[138.3282,35.3241],[138.2894,35.3023],[138.2551,35.3237],[138.2578,35.3446],[138.2386,35.3775],[138.2615,35.4164],[138.25,35.4605],[138.2695,35.5094],[138.2335,35.632],[138.2216,35.6413],[138.192,35.5734],[138.174,35.5792],[138.1454,35.5523],[138.1623,35.5416],[138.1414,35.5182],[138.1429,35.4996],[138.1632,35.4852],[138.1628,35.464],[138.1249,35.4522],[138.125,35.4253],[138.152,35.3977],[138.145,35.3677],[138.0997,35.3508],[138.0905,35.3347],[138.0613,35.3416],[138.0218,35.2979],[137.9347,35.2727],[137.9141,35.2505],[137.8983,35.2546],[137.875,35.2155],[137.8208,35.2113],[137.8228,35.1933],[137.8049,35.1703],[137.831,35.1493],[137.8018,35.1255],[137.8059,35.1057],[137.7822,35.0958],[137.708,35.0125],[137.7066,34.9682],[137.6596,34.9369],[137.6416,34.8876],[137.5995,34.8654],[137.5899,34.8466],[137.5521,34.8452],[137.5019,34.8236],[137.4962,34.7832],[137.4801,34.7719],[137.4883,34.6749],[137.5959,34.6785],[137.5836,34.6951],[137.5638,34.696]]]}},{"type":"Feature","properties":{"gid":"JPN.39_1","name":"栃木県","romaji":"Tochigi","type":"県","typeEn":"Prefecture","regionZh":"関東","regionEn":"Kanto","capitalZh":"宇都宮市","pop":1933146,"area":6408.28,"nick":"日光与那须","blurb":"日光东照宫为世界遗产，那须高原为避暑地，宇都宫饺子有名。"},"geometry":{"type":"Polygon","coordinates":[[[139.755,36.2101],[139.8257,36.2389],[139.8537,36.3085],[139.9112,36.297],[139.9174,36.3332],[139.968,36.3524],[139.9748,36.3708],[140.054,36.374],[140.0671,36.3792],[140.0697,36.4007],[140.104,36.3909],[140.136,36.4115],[140.1617,36.3949],[140.1884,36.3951],[140.2056,36.4166],[140.2113,36.4604],[140.2505,36.5114],[140.2522,36.6013],[140.2234,36.6812],[140.2376,36.6968],[140.2857,36.7054],[140.2905,36.7183],[140.2587,36.7593],[140.2701,36.8123],[140.2561,36.8527],[140.2517,36.9183],[140.2607,36.9337],[140.244,36.9471],[140.2522,37.0229],[140.2092,37.0208],[140.1975,37.0589],[140.1059,37.118],[139.9645,37.1502],[139.8696,37.1442],[139.8241,37.1198],[139.8233,37.0897],[139.6815,37.0544],[139.6682,37.0374],[139.6281,37.0295],[139.6164,37.0118],[139.5845,37.0081],[139.5379,36.9778],[139.4691,36.968],[139.4334,36.9265],[139.3855,36.9088],[139.3644,36.8717],[139.3559,36.846],[139.408,36.8281],[139.3563,36.7705],[139.3704,36.7228],[139.3404,36.6867],[139.3313,36.6306],[139.406,36.6004],[139.468,36.6031],[139.4857,36.5753],[139.444,36.5488],[139.4235,36.4996],[139.4406,36.4683],[139.3798,36.4048],[139.3706,36.3656],[139.4242,36.3333],[139.4221,36.3098],[139.4786,36.2698],[139.5294,36.2815],[139.5656,36.2639],[139.6222,36.2716],[139.6413,36.2617],[139.6369,36.25],[139.6725,36.2121],[139.7053,36.2007],[139.755,36.2101]]]}},{"type":"Feature","properties":{"gid":"JPN.40_1","name":"徳島県","romaji":"Tokushima","type":"県","typeEn":"Prefecture","regionZh":"四国","regionEn":"Shikoku","capitalZh":"徳島市","pop":719559,"area":4146.74,"nick":"阿波舞","blurb":"德岛阿波舞为全国知名祭典，鸣门漩涡与自然景观，阿波蓝染。"},"geometry":{"type":"MultiPolygon","coordinates":[[[[134.4945,33.6408],[134.4808,33.636],[134.497,33.6295],[134.5059,33.6402],[134.4945,33.6408]]],[[[134.1728,33.5983],[134.1985,33.5574],[134.2901,33.5562],[134.3141,33.5454],[134.3103,33.5745],[134.3635,33.5798],[134.3338,33.5845],[134.3639,33.5883],[134.3908,33.6226],[134.3631,33.6261],[134.3963,33.6559],[134.503,33.6935],[134.5435,33.7189],[134.5541,33.7416],[134.5666,33.7322],[134.582,33.7716],[134.6021,33.7635],[134.6205,33.7864],[134.6415,33.7804],[134.7506,33.8333],[134.7417,33.8423],[134.6808,33.8306],[134.7203,33.8453],[134.6926,33.855],[134.6422,33.8435],[134.6468,33.866],[134.6292,33.8522],[134.6451,33.8741],[134.6741,33.8864],[134.6755,33.878],[134.7065,33.9256],[134.6703,33.9289],[134.7054,33.9317],[134.6971,33.9394],[134.6231,33.9382],[134.6713,33.9356],[134.6975,33.9499],[134.6654,33.9654],[134.6356,34.0106],[134.6244,34.0052],[134.6306,33.9919],[134.6067,33.9833],[134.615,33.9966],[134.5931,34.0091],[134.5953,34.0353],[134.57,34.0419],[134.5592,34.0325],[134.5689,34.0428],[134.5932,34.0386],[134.5965,34.0495],[134.5606,34.0669],[134.5886,34.0553],[134.6072,34.1014],[134.5864,34.1258],[134.5678,34.1275],[134.5853,34.1292],[134.6019,34.1075],[134.6189,34.1411],[134.5972,34.15],[134.6181,34.145],[134.642,34.1799],[134.5872,34.2008],[134.5892,34.2392],[134.5675,34.2353],[134.5694,34.2228],[134.5083,34.2267],[134.4443,34.2072],[134.4248,34.1587],[134.3596,34.1818],[134.3454,34.1692],[134.2997,34.1666],[134.2626,34.1801],[134.1761,34.1724],[134.1384,34.1479],[134.1414,34.1301],[134.125,34.1157],[134.0526,34.1141],[134.0298,34.0833],[134.0024,34.0716],[133.9783,34.0716],[133.9348,34.1126],[133.9029,34.0979],[133.8647,34.102],[133.8259,34.0896],[133.8116,34.0687],[133.7821,34.0766],[133.6802,33.9913],[133.6951,33.9413],[133.6654,33.8682],[133.7502,33.8336],[133.842,33.8409],[133.875,33.8028],[133.9148,33.7891],[133.9459,33.7977],[133.9672,33.8318],[133.9872,33.8375],[134.0,33.8179],[134.0358,33.8252],[134.0361,33.8061],[134.0615,33.7719],[134.0665,33.6873],[134.1665,33.6849],[134.178,33.6509],[134.154,33.6281],[134.1728,33.5983]]],[[[134.8211,33.8492],[134.8192,33.8578],[134.8041,33.8427],[134.7924,33.8467],[134.8114,33.8392],[134.8211,33.8492]]],[[[134.6083,34.2508],[134.5917,34.2397],[134.5908,34.2142],[134.6095,34.2333],[134.6233,34.2142],[134.5875,34.2072],[134.6244,34.1853],[134.6445,34.2398],[134.6189,34.2314],[134.6083,34.2508]]]]}},{"type":"Feature","properties":{"gid":"JPN.41_1","name":"東京都","romaji":"Tokyo","type":"都","typeEn":"Metropolis","regionZh":"関東","regionEn":"Kanto","capitalZh":"新宿区","pop":14047594,"area":2194.03,"nick":"日本首都圈核心","blurb":"日本政治、经济、文化中枢，47 个一级行政区里人口最多（超 1400 万），辖 23 区＋多摩＋岛屿部，是唯一称作「都」的行政区。"},"geometry":{"type":"MultiPolygon","coordinates":[[[[141.465,24.2447],[141.4548,24.2426],[141.4558,24.2256],[141.4728,24.2325],[141.465,24.2447]]],[[[153.9853,24.2808],[153.9836,24.2975],[153.9711,24.2846],[153.9853,24.2808]]],[[[141.3278,24.8119],[141.2927,24.7856],[141.2861,24.745],[141.3467,24.7783],[141.3278,24.8119]]],[[[141.2875,25.4481],[141.2724,25.4402],[141.2775,25.4181],[141.2942,25.4261],[141.2875,25.4481]]],[[[142.1602,26.5588],[142.1518,26.5625],[142.1562,26.5431],[142.1602,26.5588]]],[[[142.2186,26.563],[142.2036,26.5633],[142.201,26.5523],[142.2186,26.563]]],[[[142.2352,26.5663],[142.229,26.5748],[142.226,26.5645],[142.2352,26.5663]]],[[[142.1322,26.6103],[142.1225,26.6044],[142.1291,26.5944],[142.1322,26.6103]]],[[[142.1293,26.7094],[142.1222,26.7132],[142.149,26.6659],[142.1452,26.653],[142.1789,26.6072],[142.1716,26.6433],[142.1892,26.6594],[142.1669,26.6602],[142.1944,26.6807],[142.1659,26.6613],[142.1689,26.6894],[142.1461,26.6911],[142.1658,26.7017],[142.1539,26.7094],[142.1347,26.6997],[142.1293,26.7094]]],[[[139.7642,33.1592],[139.7386,33.1458],[139.7531,33.1056],[139.7769,33.0978],[139.7825,33.0703],[139.8344,33.0456],[139.8394,33.0749],[139.8592,33.0789],[139.8473,33.1171],[139.8189,33.1201],[139.7642,33.1592]]],[[[139.8161,35.5911],[139.8264,35.5967],[139.8203,35.6072],[139.8053,35.5997],[139.8161,35.5911]]],[[[139.8399,35.6313],[139.8251,35.6298],[139.8354,35.6121],[139.8399,35.6313]]],[[[139.8487,35.6844],[139.8537,35.7035],[139.8329,35.7282],[139.8594,35.699],[139.8495,35.6429],[139.8708,35.6391],[139.8872,35.6631],[139.8723,35.6276],[139.8974,35.6164],[139.9064,35.6228],[139.8983,35.6306],[139.9101,35.6245],[139.9391,35.6402],[139.9195,35.658],[139.9473,35.671],[139.9297,35.6702],[139.9428,35.6778],[139.8949,35.7465],[139.8924,35.7813],[139.875,35.7943],[139.8279,35.7913],[139.8194,35.8085],[139.7929,35.8027],[139.7703,35.8144],[139.7495,35.7836],[139.6592,35.7966],[139.625,35.7636],[139.5973,35.7755],[139.5508,35.7601],[139.5368,35.7961],[139.4562,35.7653],[139.3925,35.7638],[139.3658,35.7887],[139.3262,35.7951],[139.3053,35.8309],[139.1987,35.8369],[139.1465,35.8601],[139.0624,35.8718],[139.0266,35.8941],[138.9565,35.8702],[138.947,35.8518],[138.973,35.8214],[138.9935,35.7581],[139.0269,35.7179],[139.1641,35.6646],[139.1874,35.6419],[139.2085,35.6483],[139.2486,35.602],[139.2924,35.6087],[139.4027,35.5793],[139.4713,35.5009],[139.4866,35.5019],[139.4961,35.5858],[139.4559,35.6115],[139.4672,35.6212],[139.4921,35.6019],[139.5306,35.6395],[139.6666,35.5868],[139.6831,35.5592],[139.7074,35.5497],[139.7076,35.5355],[139.7543,35.5459],[139.7978,35.5364],[139.7761,35.5672],[139.7524,35.5549],[139.7549,35.5743],[139.7402,35.5884],[139.7529,35.6347],[139.786,35.6753],[139.7905,35.6525],[139.7764,35.6422],[139.7976,35.6483],[139.7791,35.6375],[139.7932,35.6141],[139.7895,35.6288],[139.8016,35.6238],[139.8068,35.6551],[139.8389,35.6558],[139.8206,35.6537],[139.82,35.6389],[139.8401,35.6343],[139.8487,35.6844]],[[139.8217,35.6435],[139.8082,35.6407],[139.8059,35.6521],[139.8217,35.6435]]],[[[139.788,35.6591],[139.7844,35.6711],[139.7668,35.6509],[139.788,35.6591]]],[[[139.7633,32.4717],[139.7551,32.4725],[139.7558,32.4494],[139.7726,32.4431],[139.7817,32.4569],[139.7633,32.4717]]],[[[139.7603,35.616],[139.7486,35.6005],[139.7537,35.578],[139.7831,35.5776],[139.7603,35.616]]],[[[139.6858,33.1367],[139.6757,33.1291],[139.6992,33.1153],[139.6858,33.1367]]],[[[139.6167,33.8936],[139.5909,33.8981],[139.578,33.8611],[139.6219,33.8503],[139.6326,33.8717],[139.6167,33.8936]]],[[[139.7833,35.6289],[139.7761,35.6361],[139.7671,35.6227],[139.7869,35.6017],[139.7833,35.6289]]],[[[139.1461,34.2425],[139.1278,34.2233],[139.1319,34.2025],[139.1194,34.1911],[139.1292,34.1853],[139.1763,34.206],[139.1686,34.2335],[139.1461,34.2425]]],[[[139.2172,34.3344],[139.195,34.3172],[139.2176,34.317],[139.2278,34.3286],[139.2172,34.3344]]],[[[139.2893,34.4251],[139.2793,34.4311],[139.2412,34.3705],[139.2442,34.3486],[139.2692,34.3318],[139.2893,34.4251]]],[[[139.5281,34.1253],[139.4907,34.117],[139.4938,34.1037],[139.4725,34.0775],[139.4817,34.0511],[139.5314,34.0464],[139.5636,34.0689],[139.5661,34.1022],[139.5281,34.1253]]],[[[139.3714,34.7986],[139.3486,34.7786],[139.3584,34.7034],[139.4011,34.6818],[139.4397,34.6789],[139.4494,34.7407],[139.4373,34.7669],[139.3714,34.7986]]],[[[139.2833,34.5328],[139.2678,34.5264],[139.2744,34.5108],[139.2933,34.5228],[139.2833,34.5328]]]]}},{"type":"Feature","properties":{"gid":"JPN.42_1","name":"鳥取県","romaji":"Tottori","type":"県","typeEn":"Prefecture","regionZh":"中国","regionEn":"Chugoku","capitalZh":"鳥取市","pop":553407,"area":3507.28,"nick":"沙丘与梨","blurb":"鸟取沙丘为日本最大沙丘，二十世纪梨名产，人口最少的县。"},"geometry":{"type":"Polygon","coordinates":[[[133.251,35.0754],[133.2721,35.0546],[133.2903,35.0652],[133.3023,35.1001],[133.3218,35.0908],[133.4134,35.1172],[133.3966,35.1666],[133.4105,35.1826],[133.4498,35.1689],[133.511,35.1893],[133.5246,35.182],[133.5112,35.2302],[133.5597,35.2407],[133.5992,35.3417],[133.6854,35.3156],[133.75,35.315],[133.8044,35.2842],[133.8307,35.2464],[133.8642,35.2673],[133.8743,35.2899],[133.9331,35.3104],[133.9346,35.3303],[134.0107,35.3481],[134.0029,35.3111],[134.0126,35.3042],[134.1003,35.3024],[134.1351,35.2778],[134.1465,35.2605],[134.1402,35.2351],[134.1651,35.2221],[134.1557,35.1926],[134.1818,35.1666],[134.257,35.205],[134.2843,35.1937],[134.3195,35.1991],[134.3902,35.2473],[134.4352,35.2268],[134.4838,35.2503],[134.5183,35.2747],[134.5049,35.3232],[134.5109,35.3534],[134.4756,35.3807],[134.4801,35.4257],[134.4428,35.4397],[134.4313,35.5022],[134.4178,35.5175],[134.4239,35.5598],[134.4105,35.562],[134.4045,35.5915],[134.3694,35.613],[134.3603,35.6006],[134.3386,35.6074],[134.3322,35.5911],[134.2939,35.5892],[134.2968,35.5803],[134.2653,35.5572],[134.1872,35.5431],[134.1961,35.5328],[134.0305,35.5183],[134.0067,35.5375],[133.9946,35.5235],[133.8592,35.5047],[133.8464,35.4806],[133.8546,35.5041],[133.7545,35.4962],[133.59,35.5317],[133.5181,35.5204],[133.4461,35.4941],[133.4213,35.4578],[133.3757,35.456],[133.3699,35.4388],[133.3742,35.4562],[133.3272,35.465],[133.3191,35.3637],[133.2977,35.3378],[133.3116,35.2701],[133.1543,35.2127],[133.1553,35.2008],[133.186,35.1954],[133.1975,35.1666],[133.1524,35.1376],[133.1442,35.0623],[133.2312,35.0647],[133.251,35.0754]]]}},{"type":"Feature","properties":{"gid":"JPN.43_1","name":"富山県","romaji":"Toyama","type":"県","typeEn":"Prefecture","regionZh":"中部","regionEn":"Chubu","capitalZh":"富山市","pop":1034814,"area":4247.61,"nick":"立山黑部与富山湾","blurb":"立山黑部阿尔卑斯路线，富山湾萤火鱿与寒𫚕，富山砺波郁金香。"},"geometry":{"type":"Polygon","coordinates":[[[137.0521,36.3429],[137.0612,36.3686],[137.0977,36.3808],[137.0957,36.3914],[137.1668,36.4514],[137.1945,36.4522],[137.207,36.4343],[137.2509,36.4585],[137.3115,36.4605],[137.3132,36.4245],[137.3242,36.4227],[137.3925,36.4556],[137.4068,36.4239],[137.4639,36.4095],[137.5,36.4231],[137.5563,36.3855],[137.5902,36.3866],[137.6358,36.4218],[137.6575,36.4552],[137.6561,36.486],[137.6764,36.5077],[137.7068,36.5146],[137.7008,36.5345],[137.6902,36.5329],[137.6959,36.5645],[137.7555,36.5933],[137.75,36.6214],[137.7641,36.6666],[137.7547,36.7188],[137.7658,36.7642],[137.7359,36.8327],[137.736,36.8641],[137.7162,36.8887],[137.7149,36.9372],[137.6733,36.9475],[137.6372,36.9805],[137.4963,36.9562],[137.4359,36.9318],[137.4095,36.8984],[137.419,36.8742],[137.3931,36.8078],[137.3335,36.7624],[137.2883,36.7458],[137.2918,36.758],[137.2351,36.7661],[137.2208,36.752],[137.2193,36.7622],[137.1553,36.7628],[137.1189,36.7844],[137.1266,36.7579],[137.1,36.7714],[137.1128,36.7819],[137.0802,36.7894],[137.0611,36.7808],[137.0742,36.7922],[137.05,36.7803],[137.0694,36.8017],[137.0122,36.8328],[136.9839,36.8689],[137.0335,36.9233],[137.0279,36.9397],[137.0521,36.9586],[137.0446,36.9623],[136.9889,36.9631],[136.9735,36.9446],[136.9522,36.9525],[136.8981,36.9194],[136.8596,36.8333],[136.8505,36.7543],[136.7964,36.7211],[136.8262,36.6693],[136.7874,36.6189],[136.7969,36.5729],[136.8199,36.5491],[136.7994,36.5087],[136.7984,36.4421],[136.7822,36.428],[136.8051,36.3507],[136.7889,36.3333],[136.7961,36.2969],[136.8258,36.3001],[136.8404,36.3437],[136.8793,36.3667],[136.8922,36.3424],[136.9101,36.3574],[136.9566,36.3361],[136.974,36.3047],[136.9608,36.2745],[136.9782,36.2714],[137.0484,36.3213],[137.0521,36.3429]]]}},{"type":"Feature","properties":{"gid":"JPN.44_1","name":"和歌山県","romaji":"Wakayama","type":"県","typeEn":"Prefecture","regionZh":"近畿","regionEn":"Kansai","capitalZh":"和歌山市","pop":922584,"area":4726.29,"nick":"纪伊山地与梅","blurb":"高野山与熊野古道为世界遗产，梅干与柑橘产地，白滨温泉。"},"geometry":{"type":"MultiPolygon","coordinates":[[[[135.8149,33.4769],[135.7943,33.4612],[135.8236,33.4615],[135.8309,33.449],[135.863,33.4715],[135.8149,33.4769]]],[[[135.8169,33.5261],[135.8426,33.513],[135.8708,33.5388],[135.879,33.5287],[135.9124,33.5494],[135.9242,33.5611],[135.8915,33.557],[135.9229,33.5762],[135.9588,33.5804],[135.9621,33.5951],[135.9482,33.5898],[135.9454,33.6038],[135.9348,33.5931],[135.9257,33.6071],[135.9469,33.6269],[135.9528,33.6186],[135.9537,33.6321],[135.9372,33.6432],[135.9858,33.6543],[135.9725,33.675],[136.0103,33.722],[135.9451,33.7335],[135.859,33.8158],[135.8624,33.8969],[135.8091,33.9013],[135.7605,33.8824],[135.7273,33.8997],[135.6935,33.9],[135.6351,33.8712],[135.6243,33.8955],[135.6052,33.9012],[135.6414,33.9786],[135.6272,34.0],[135.5975,34.0087],[135.597,34.0413],[135.5428,34.0715],[135.5492,34.0944],[135.5833,34.1193],[135.5903,34.1398],[135.625,34.1555],[135.6442,34.1796],[135.6437,34.2098],[135.6714,34.2212],[135.7125,34.2055],[135.7322,34.2307],[135.7216,34.2583],[135.6762,34.2793],[135.6568,34.3704],[135.6458,34.3804],[135.5801,34.3727],[135.5193,34.3388],[135.4881,34.3594],[135.3862,34.326],[135.3414,34.332],[135.3325,34.3138],[135.2951,34.2957],[135.2853,34.3145],[135.232,34.2987],[135.2108,34.305],[135.2067,34.2848],[135.1349,34.2691],[135.113,34.2705],[135.1017,34.287],[135.1062,34.3078],[135.0745,34.3058],[135.0616,34.2633],[135.1175,34.2461],[135.1267,34.2242],[135.1604,34.2358],[135.1403,34.2208],[135.1591,34.2275],[135.1418,34.213],[135.1499,34.1947],[135.1321,34.2136],[135.1401,34.1881],[135.1758,34.1769],[135.1822,34.1964],[135.1847,34.1483],[135.2102,34.15],[135.1696,34.1337],[135.1255,34.1366],[135.1453,34.1112],[135.1158,34.1199],[135.0954,34.0859],[135.135,34.0808],[135.0794,34.0745],[135.1364,34.0641],[135.1736,34.032],[135.1376,34.0177],[135.1485,34.0054],[135.0689,33.9781],[135.0863,33.968],[135.0724,33.9581],[135.1022,33.9658],[135.1144,33.957],[135.0657,33.9277],[135.0777,33.9273],[135.0833,33.9105],[135.0593,33.9049],[135.0584,33.8797],[135.1146,33.8934],[135.1534,33.8772],[135.1706,33.8945],[135.1539,33.8751],[135.188,33.8174],[135.2358,33.7995],[135.237,33.7801],[135.2713,33.7828],[135.2967,33.7636],[135.3208,33.766],[135.3267,33.7412],[135.3551,33.744],[135.3544,33.7251],[135.3765,33.7375],[135.3828,33.7176],[135.3975,33.7214],[135.3957,33.7033],[135.3629,33.6795],[135.3571,33.695],[135.3338,33.6937],[135.3456,33.6812],[135.3316,33.6682],[135.396,33.6415],[135.3922,33.591],[135.4464,33.5612],[135.4597,33.5742],[135.4469,33.5496],[135.4953,33.5498],[135.4906,33.5409],[135.5114,33.5252],[135.5742,33.516],[135.5931,33.498],[135.5908,33.5073],[135.6263,33.5002],[135.6305,33.5092],[135.6646,33.4902],[135.7009,33.4935],[135.7096,33.4781],[135.7664,33.482],[135.7772,33.4625],[135.7501,33.4501],[135.7626,33.4351],[135.7701,33.4462],[135.798,33.4455],[135.7823,33.4693],[135.7984,33.4984],[135.8255,33.5145],[135.8169,33.5261]]],[[[135.0275,34.2919],[134.9988,34.2801],[135.0124,34.2766],[135.0275,34.2919]]]]}},{"type":"Feature","properties":{"gid":"JPN.45_1","name":"山形県","romaji":"Yamagata","type":"県","typeEn":"Prefecture","regionZh":"東北","regionEn":"Tohoku","capitalZh":"山形市","pop":1068027,"area":9323.46,"nick":"出羽与藏王","blurb":"藏王温泉与山形藏王树冰，出羽三山为修验道圣地，樱桃有名。"},"geometry":{"type":"Polygon","coordinates":[[[140.2719,37.8729],[140.2679,37.905],[140.2822,37.9316],[140.2753,37.9647],[140.2921,38.0047],[140.2804,38.0531],[140.3675,38.0536],[140.4177,38.0757],[140.4272,38.1167],[140.4835,38.18],[140.4715,38.229],[140.4798,38.2697],[140.5333,38.3227],[140.5311,38.3558],[140.5805,38.3923],[140.59,38.4381],[140.623,38.4523],[140.6016,38.4842],[140.5714,38.5],[140.5579,38.5362],[140.577,38.562],[140.5754,38.5833],[140.5447,38.6377],[140.5499,38.6467],[140.6032,38.6364],[140.625,38.682],[140.614,38.7208],[140.6484,38.7645],[140.6064,38.7823],[140.597,38.8246],[140.543,38.8648],[140.5545,38.8789],[140.5421,38.8966],[140.5089,38.8921],[140.4649,38.9177],[140.4354,38.9889],[140.3815,38.9921],[140.3638,39.0227],[140.3324,39.0319],[140.3088,39.012],[140.2813,39.0274],[140.2043,39.0333],[140.205,39.0558],[140.1952,39.0581],[140.1525,39.0493],[140.1121,39.077],[140.0761,39.0843],[140.0658,39.1307],[140.0161,39.1211],[139.9972,39.1029],[139.8698,39.1191],[139.879,39.0962],[139.8676,39.073],[139.8807,39.0667],[139.8698,39.0704],[139.8436,38.9917],[139.8183,38.9628],[139.8364,38.9631],[139.835,38.9544],[139.8128,38.9506],[139.8086,38.9275],[139.8174,38.925],[139.8074,38.9213],[139.7897,38.8458],[139.7343,38.7629],[139.6092,38.6692],[139.5397,38.5585],[139.605,38.5198],[139.7166,38.4955],[139.729,38.4838],[139.7165,38.4677],[139.7134,38.3836],[139.7224,38.3893],[139.7495,38.359],[139.843,38.3399],[139.9014,38.2907],[139.8616,38.2271],[139.792,38.1928],[139.7118,38.2015],[139.6912,38.1793],[139.6937,38.1162],[139.6766,38.0834],[139.6944,38.0529],[139.6593,38.0324],[139.6296,37.9052],[139.6629,37.8587],[139.6962,37.8459],[139.7187,37.8513],[139.7413,37.8202],[139.7816,37.8276],[139.8134,37.8003],[139.8611,37.8235],[139.8918,37.8079],[139.9406,37.8251],[139.9898,37.7576],[140.0522,37.7759],[140.1267,37.7309],[140.1643,37.7535],[140.2303,37.7431],[140.2808,37.7824],[140.2979,37.8079],[140.2702,37.8243],[140.2719,37.8729]]]}},{"type":"Feature","properties":{"gid":"JPN.46_1","name":"山口県","romaji":"Yamaguchi","type":"県","typeEn":"Prefecture","regionZh":"中国","regionEn":"Chugoku","capitalZh":"山口市","pop":1342059,"area":6114.09,"nick":"本州西端","blurb":"下关为关门海峡要冲，萩为幕末维新志士辈出地，防府与山口为古都。"},"geometry":{"type":"MultiPolygon","coordinates":[[[[132.213,33.8151],[132.172,33.7978],[132.1973,33.8036],[132.2161,33.7812],[132.258,33.7686],[132.2742,33.7806],[132.213,33.8151]]],[[[132.2477,33.9562],[132.2339,33.9674],[132.2146,33.9652],[132.2056,33.9495],[132.1836,33.9518],[132.1924,33.9319],[132.174,33.9275],[132.177,33.8939],[132.2039,33.8788],[132.207,33.8567],[132.2326,33.8767],[132.2783,33.8706],[132.2696,33.8884],[132.2868,33.9018],[132.2902,33.8906],[132.336,33.884],[132.3278,33.8578],[132.3473,33.8689],[132.3722,33.862],[132.3623,33.8977],[132.3718,33.9103],[132.3983,33.918],[132.408,33.9098],[132.4724,33.948],[132.4436,33.9424],[132.4163,33.953],[132.3994,33.927],[132.3679,33.9273],[132.3553,33.9072],[132.3315,33.9014],[132.3174,33.9062],[132.3205,33.921],[132.3025,33.92],[132.2856,33.9555],[132.2477,33.9562]]],[[[132.0515,33.8961],[132.0412,33.8963],[132.0502,33.8868],[132.0515,33.8961]]],[[[132.1154,33.8637],[132.1172,33.832],[132.1583,33.8454],[132.1578,33.8603],[132.129,33.8879],[132.1268,33.9407],[132.0994,33.9597],[132.1189,33.962],[132.1251,33.9471],[132.1841,33.9612],[132.2129,34.0015],[132.2211,34.0478],[132.2051,34.0444],[132.2158,34.0497],[132.201,34.1268],[132.2238,34.1342],[132.1931,34.1586],[132.2503,34.1648],[132.2317,34.1852],[132.2465,34.2069],[132.2166,34.2059],[132.2458,34.215],[132.2344,34.2275],[132.2174,34.2195],[132.1525,34.2327],[132.1269,34.2944],[132.126,34.3306],[132.0722,34.353],[132.0806,34.445],[132.0655,34.4735],[132.0245,34.4547],[132.0185,34.4343],[132.0,34.4248],[131.9925,34.4115],[132.0137,34.3634],[131.9576,34.3072],[131.9224,34.3336],[131.875,34.3044],[131.8215,34.3002],[131.8015,34.314],[131.7775,34.3364],[131.7687,34.3685],[131.7964,34.4333],[131.7015,34.4316],[131.7023,34.4717],[131.6708,34.5008],[131.7041,34.5275],[131.7052,34.5622],[131.7269,34.5689],[131.6847,34.6755],[131.6686,34.6764],[131.6748,34.6648],[131.6455,34.6525],[131.6463,34.6416],[131.6405,34.6614],[131.6117,34.6669],[131.5892,34.6332],[131.6069,34.6279],[131.5564,34.6158],[131.555,34.5798],[131.5381,34.5625],[131.5022,34.5324],[131.4669,34.5383],[131.4489,34.5147],[131.4664,34.5011],[131.4624,34.4866],[131.4414,34.4839],[131.4452,34.4744],[131.4161,34.4486],[131.3944,34.4559],[131.4222,34.4417],[131.4086,34.4328],[131.4157,34.426],[131.3755,34.4222],[131.3925,34.3972],[131.3719,34.4147],[131.3378,34.4178],[131.3065,34.383],[131.2487,34.3817],[131.226,34.3932],[131.2261,34.3739],[131.2153,34.3709],[131.1985,34.3972],[131.1882,34.3808],[131.1562,34.372],[131.1374,34.3905],[131.1314,34.4192],[131.1125,34.409],[131.0744,34.425],[131.0194,34.4108],[130.9729,34.4418],[130.9357,34.3914],[130.9549,34.3886],[130.9586,34.4072],[131.015,34.4047],[131.036,34.371],[131.0003,34.3736],[130.9276,34.3411],[130.9017,34.3631],[130.8899,34.3452],[130.8967,34.3175],[130.8671,34.2893],[130.9214,34.2399],[130.9167,34.2149],[130.9301,34.2117],[130.9332,34.1904],[130.9142,34.1578],[130.8961,34.153],[130.9052,34.1421],[130.8672,34.1367],[130.861,34.1108],[130.8887,34.065],[130.9019,34.0686],[130.9148,34.0468],[130.9035,34.0268],[130.9166,34.0195],[130.9057,33.9543],[130.9198,33.9501],[130.9143,33.9413],[130.9133,33.954],[130.895,33.9434],[130.8728,33.9499],[130.9093,33.9239],[130.9041,33.9136],[130.9236,33.9144],[130.9242,33.9466],[130.9965,33.9898],[131.004,34.0175],[131.0196,34.0167],[131.0126,34.0264],[131.0442,34.0672],[131.0472,34.0429],[131.0945,34.0364],[131.1363,33.9916],[131.1514,34.0306],[131.1471,33.995],[131.1775,33.9949],[131.162,33.9887],[131.1621,33.9738],[131.1741,33.9746],[131.1575,33.9576],[131.1787,33.9315],[131.2102,33.9447],[131.2341,33.9981],[131.2179,33.9505],[131.2271,33.9638],[131.2256,33.9476],[131.2332,33.9542],[131.2162,33.9363],[131.2392,33.9501],[131.2479,33.9425],[131.2323,33.9274],[131.2522,33.9363],[131.2488,33.9282],[131.269,33.9228],[131.3555,33.9661],[131.3479,33.981],[131.3613,33.9864],[131.3628,34.0055],[131.3792,34.0096],[131.3834,34.0217],[131.3686,34.0291],[131.3863,34.032],[131.3765,34.0522],[131.3966,34.0543],[131.4042,34.1137],[131.3975,34.0443],[131.4144,34.0545],[131.3946,34.0277],[131.4171,34.0219],[131.3963,33.9845],[131.421,34.0154],[131.4336,34.0],[131.4244,33.9888],[131.4611,33.9878],[131.4496,34.0095],[131.4796,34.0114],[131.467,34.0326],[131.4797,34.041],[131.4851,34.0285],[131.4993,34.0477],[131.4999,34.0388],[131.5279,34.0516],[131.4915,34.0282],[131.5098,34.0238],[131.5094,34.0034],[131.5397,33.9972],[131.5407,34.0077],[131.5492,34.001],[131.5817,34.0219],[131.5831,34.039],[131.5984,34.0368],[131.5927,34.0472],[131.6099,34.0208],[131.6354,34.0469],[131.6471,34.0482],[131.646,34.0379],[131.6769,34.0426],[131.6798,34.0546],[131.6975,34.0464],[131.7423,34.0718],[131.7583,34.0662],[131.7453,34.0596],[131.7481,34.0459],[131.7643,34.058],[131.786,34.0534],[131.7844,34.0682],[131.7996,34.0482],[131.7875,34.0356],[131.8043,34.0427],[131.828,34.0281],[131.7711,33.9781],[131.8173,33.9698],[131.8166,33.9816],[131.7945,33.9866],[131.8428,34.0183],[131.8681,34.0],[131.866,33.9887],[131.9153,33.9699],[131.9245,33.9524],[131.93,33.9615],[131.9354,33.9474],[131.9575,33.9496],[131.9655,33.918],[131.9814,33.9293],[132.0262,33.9015],[132.0523,33.9156],[132.062,33.942],[132.0683,33.9314],[132.0448,33.9087],[132.1168,33.8778],[132.1154,33.8637]]],[[[131.8672,33.9783],[131.8575,33.99],[131.8427,33.9665],[131.8494,33.9528],[131.8333,33.9569],[131.8211,33.945],[131.8178,33.9578],[131.8053,33.94],[131.8178,33.9286],[131.836,33.9336],[131.8619,33.9508],[131.8599,33.9651],[131.8774,33.9695],[131.8672,33.9783]]],[[[131.7141,34.0322],[131.7047,34.0077],[131.6917,34.0077],[131.7274,33.9802],[131.7103,34.0012],[131.7141,34.0322]]],[[[132.3517,33.959],[132.3365,33.9496],[132.3532,33.9395],[132.3517,33.959]]],[[[132.4741,33.9634],[132.4589,33.9637],[132.4739,33.9532],[132.4741,33.9634]]],[[[132.419,34.0268],[132.4041,34.0274],[132.4059,34.0149],[132.4266,34.0122],[132.419,34.0268]]],[[[132.3886,34.0368],[132.3758,34.0368],[132.3847,34.0267],[132.3886,34.0368]]],[[[132.2334,34.1625],[132.2003,34.1592],[132.2334,34.1297],[132.2485,34.1574],[132.2334,34.1625]]],[[[132.3045,34.1953],[132.2955,34.1994],[132.2927,34.1884],[132.3196,34.1897],[132.3045,34.1953]]],[[[132.1532,33.7267],[132.1456,33.7539],[132.1441,33.73],[132.1267,33.7189],[132.135,33.7129],[132.1532,33.7267]]],[[[132.0779,33.8511],[132.0675,33.8517],[132.0786,33.8283],[132.0542,33.7984],[132.0281,33.795],[132.0342,33.7878],[132.0504,33.7848],[132.0884,33.8254],[132.1182,33.8298],[132.0779,33.8511]]],[[[132.0223,33.8563],[132.0162,33.8711],[132.016,33.8595],[131.9974,33.8602],[132.0223,33.8563]]],[[[132.0697,33.8727],[132.0604,33.8832],[132.0611,33.867],[132.0697,33.8727]]],[[[131.9722,33.7982],[131.9482,33.7811],[131.9522,33.7712],[131.9932,33.7798],[131.9722,33.7982]]],[[[131.7011,33.9391],[131.6974,33.9495],[131.689,33.9423],[131.7011,33.9391]]],[[[130.7367,34.0156],[130.7369,34.0236],[130.7222,34.0178],[130.7339,34.0058],[130.7367,34.0156]]],[[[131.5874,33.997],[131.6013,34.0144],[131.5838,34.0238],[131.5558,33.9906],[131.5874,33.997]]],[[[130.782,34.1135],[130.7768,34.1036],[130.7998,34.0928],[130.782,34.1135]]],[[[131.7459,34.0371],[131.7292,34.0355],[131.7288,34.0226],[131.7513,34.0276],[131.7459,34.0371]]],[[[131.7777,34.049],[131.7627,34.0472],[131.7538,34.0296],[131.7777,34.049]]],[[[130.8715,34.3725],[130.84,34.3452],[130.8797,34.3547],[130.8715,34.3725]]],[[[131.253,34.4378],[131.2172,34.4258],[131.1666,34.4298],[131.1722,34.4081],[131.2039,34.3978],[131.2261,34.4276],[131.224,34.4166],[131.2481,34.4252],[131.2612,34.4175],[131.253,34.4378]]],[[[131.4167,34.5108],[131.4035,34.5069],[131.4067,34.4893],[131.4192,34.4942],[131.4167,34.5108]]],[[[131.2879,34.5133],[131.2753,34.5171],[131.2756,34.4972],[131.2928,34.506],[131.2879,34.5133]]],[[[131.1378,34.792],[131.1315,34.799],[131.1274,34.7871],[131.1356,34.7592],[131.1608,34.7633],[131.1644,34.7778],[131.1378,34.792]]]]}},{"type":"Feature","properties":{"gid":"JPN.47_1","name":"山梨県","romaji":"Yamanashi","type":"県","typeEn":"Prefecture","regionZh":"中部","regionEn":"Chubu","capitalZh":"甲府市","pop":809974,"area":4465.37,"nick":"富士山北麓","blurb":"富士山北麓与河口湖，甲州葡萄酒与宝石加工，日本最高峰所在地。"},"geometry":{"type":"Polygon","coordinates":[[[138.5333,35.3542],[138.5352,35.4047],[138.5852,35.4425],[138.6145,35.3901],[138.6666,35.3951],[138.6892,35.3548],[138.8504,35.3857],[138.886,35.3825],[138.9196,35.3987],[138.9403,35.4457],[139.0308,35.4802],[139.0542,35.5072],[139.0905,35.5112],[139.1152,35.5328],[139.1324,35.5617],[139.125,35.5852],[139.1374,35.6137],[139.125,35.6583],[139.1335,35.67],[139.0269,35.7179],[138.9935,35.7581],[138.973,35.8214],[138.947,35.8518],[138.8919,35.84],[138.8568,35.8621],[138.798,35.8702],[138.7831,35.8965],[138.7317,35.9061],[138.7112,35.9066],[138.6742,35.8676],[138.6139,35.8705],[138.612,35.8999],[138.5976,35.9142],[138.5085,35.9154],[138.4973,35.8984],[138.4726,35.8948],[138.4483,35.9167],[138.449,35.9444],[138.3764,35.9684],[138.2867,35.8564],[138.25,35.8822],[138.2401,35.8771],[138.1908,35.7959],[138.2353,35.7604],[138.1847,35.7145],[138.2004,35.6667],[138.2335,35.632],[138.2695,35.5094],[138.25,35.4605],[138.2615,35.4164],[138.2391,35.3669],[138.2543,35.3545],[138.2599,35.3149],[138.2794,35.3044],[138.3282,35.3241],[138.3667,35.3088],[138.4017,35.1971],[138.4369,35.1763],[138.4994,35.1713],[138.5361,35.1973],[138.5157,35.308],[138.5379,35.3334],[138.5333,35.3542]]]}}]}