{"type":"FeatureCollection","features":[{"type":"Feature","properties":{"gid":"TUR.1.1_1","name2":"Aladağ","engtype2":"District","type2":"District","provZh":"阿达纳省"},"geometry":{"type":"Polygon","coordinates":[[[35.58969,37.94585],[35.43716,37.91958],[35.26578,37.9592],[35.23033,37.94804],[35.20756,37.9133],[35.21838,37.84158],[35.19813,37.81409],[35.21934,37.78809],[35.23444,37.70214],[35.09231,37.49986],[35.2249,37.46813],[35.29203,37.47405],[35.39604,37.38518],[35.41388,37.32708],[35.48848,37.28988],[35.4776,37.39221],[35.53297,37.47813],[35.54051,37.53687],[35.60685,37.62673],[35.59946,37.68554],[35.64175,37.70995],[35.55288,37.84432],[35.58969,37.94585]]]}},{"type":"Feature","properties":{"gid":"TUR.1.2_1","name2":"Ceyhan","engtype2":"District","type2":"District","provZh":"阿达纳省"},"geometry":{"type":"Polygon","coordinates":[[[35.93405,36.87986],[35.91259,36.90351],[35.94304,36.9521],[36.04161,37.02555],[36.06145,37.10886],[36.03957,37.15392],[35.99075,37.17235],[35.86649,37.12002],[35.85297,37.13908],[35.9043,37.20827],[35.80939,37.23093],[35.70267,37.21001],[35.5598,37.21034],[35.57944,37.14768],[35.52362,37.12738],[35.60385,37.0853],[35.65356,36.98269],[35.62217,36.88912],[35.56372,36.87951],[35.52286,36.84274],[35.52361,36.79276],[35.46142,36.79557],[35.44336,36.71498],[35.55591,36.73904],[35.61601,36.78654],[35.6056,36.82513],[35.74011,36.81492],[35.83998,36.85835],[35.91014,36.85797],[35.93405,36.87986]]]}},{"type":"Feature","properties":{"gid":"TUR.1.3_1","name2":"Feke","engtype2":"District","type2":"District","provZh":"阿达纳省"},"geometry":{"type":"Polygon","coordinates":[[[35.64175,37.70995],[35.70376,37.69782],[35.79708,37.72149],[36.02363,37.71049],[36.07317,37.72993],[36.12662,37.78316],[36.02641,37.94617],[35.86353,38.0502],[35.82283,38.10564],[35.68098,38.05966],[35.62722,37.96116],[35.57045,37.91849],[35.55471,37.83894],[35.64175,37.70995]]]}},{"type":"Feature","properties":{"gid":"TUR.1.4_1","name2":"İmamoğlu","engtype2":"District","type2":"District","provZh":"阿达纳省"},"geometry":{"type":"Polygon","coordinates":[[[35.4395,37.30673],[35.38538,37.22118],[35.51887,37.23292],[35.5598,37.21034],[35.6904,37.2093],[35.79894,37.2306],[35.72149,37.32438],[35.51672,37.29115],[35.4395,37.30673]]]}},{"type":"Feature","properties":{"gid":"TUR.1.5_1","name2":"Karaisali","engtype2":"District","type2":"District","provZh":"阿达纳省"},"geometry":{"type":"Polygon","coordinates":[[[35.09231,37.49986],[35.01631,37.49273],[35.03773,37.42516],[35.00757,37.36206],[34.94615,37.29438],[34.85844,37.26168],[34.92519,37.08969],[35.00079,37.04146],[35.05463,36.97039],[35.08217,37.00996],[35.16077,37.0566],[35.19868,37.06826],[35.24179,37.04863],[35.27763,37.09888],[35.23849,37.13795],[35.23887,37.16444],[35.3741,37.20293],[35.4395,37.30673],[35.40385,37.33866],[35.39604,37.38518],[35.29203,37.47405],[35.2249,37.46813],[35.09231,37.49986]]]}},{"type":"Feature","properties":{"gid":"TUR.1.6_1","name2":"Karataş","engtype2":"District","type2":"District","provZh":"阿达纳省"},"geometry":{"type":"Polygon","coordinates":[[[35.44263,36.65796],[35.44336,36.71498],[35.23179,36.70104],[35.04741,36.79471],[35.0348,36.771],[34.94982,36.75402],[34.91521,36.72486],[34.99792,36.71347],[35.32459,36.55875],[35.16347,36.67597],[35.1807,36.69292],[35.25097,36.6782],[35.27153,36.6618],[35.24903,36.65403],[35.26403,36.63931],[35.27097,36.65208],[35.28514,36.6268],[35.34625,36.60347],[35.32208,36.57236],[35.33903,36.53847],[35.40708,36.57319],[35.44263,36.65796]]]}},{"type":"Feature","properties":{"gid":"TUR.1.7_1","name2":"Kozan","engtype2":"District","type2":"District","provZh":"阿达纳省"},"geometry":{"type":"Polygon","coordinates":[[[35.48848,37.28988],[35.72149,37.32438],[35.79894,37.2306],[35.9043,37.20827],[35.88177,37.24158],[35.88317,37.35688],[36.01934,37.5575],[36.15384,37.63694],[36.30237,37.65125],[36.35986,37.74528],[36.3601,37.77471],[36.23707,37.79077],[36.12662,37.78316],[36.07317,37.72993],[36.02363,37.71049],[35.79708,37.72149],[35.7194,37.69856],[35.64175,37.70995],[35.6102,37.69524],[35.59616,37.67194],[35.60685,37.62673],[35.54051,37.53687],[35.53297,37.47813],[35.4776,37.39221],[35.48848,37.28988]]]}},{"type":"Feature","properties":{"gid":"TUR.1.8_1","name2":"Pozantı","engtype2":"District","type2":"District","provZh":"阿达纳省"},"geometry":{"type":"Polygon","coordinates":[[[35.19813,37.81409],[35.04303,37.70193],[34.86949,37.71004],[34.81839,37.67488],[34.85848,37.57877],[34.86076,37.52503],[34.78828,37.46516],[34.78333,37.396],[34.85844,37.26168],[34.94615,37.29438],[35.00368,37.35742],[35.03773,37.42516],[35.01273,37.48825],[35.09231,37.49986],[35.20364,37.64121],[35.23627,37.71889],[35.19813,37.81409]]]}},{"type":"Feature","properties":{"gid":"TUR.1.9_1","name2":"Saimbeyli","engtype2":"District","type2":"District","provZh":"阿达纳省"},"geometry":{"type":"Polygon","coordinates":[[[36.12662,37.78316],[36.35593,37.78074],[36.32088,37.82681],[36.31517,37.8856],[36.33536,37.99667],[36.374,38.08801],[36.24228,38.10558],[36.11455,38.08399],[36.02713,38.20311],[36.00479,38.17958],[35.82283,38.10564],[35.86353,38.0502],[36.02641,37.94617],[36.12662,37.78316]]]}},{"type":"Feature","properties":{"gid":"TUR.1.10_1","name2":"Seyhan","engtype2":"District","type2":"District","provZh":"阿达纳省"},"geometry":{"type":"Polygon","coordinates":[[[35.05463,36.97039],[35.06981,36.83346],[35.04741,36.79471],[35.12131,36.7464],[35.20269,36.7778],[35.30671,36.87284],[35.30895,37.00489],[35.26361,37.04461],[35.18734,37.0669],[35.08963,37.01546],[35.05463,36.97039]]]}},{"type":"Feature","properties":{"gid":"TUR.1.11_1","name2":"Tufanbeyli","engtype2":"District","type2":"District","provZh":"阿达纳省"},"geometry":{"type":"Polygon","coordinates":[[[36.374,38.08801],[36.42734,38.25541],[36.49144,38.31633],[36.42207,38.4422],[36.38549,38.46556],[36.31292,38.46526],[36.16143,38.41351],[36.02713,38.20311],[36.11455,38.08399],[36.24228,38.10558],[36.374,38.08801]]]}},{"type":"Feature","properties":{"gid":"TUR.1.12_1","name2":"Yumurtalık","engtype2":"District","type2":"District","provZh":"阿达纳省"},"geometry":{"type":"Polygon","coordinates":[[[35.44814,36.71627],[35.41454,36.5885],[35.56597,36.56486],[35.63042,36.61292],[35.64819,36.67153],[35.72375,36.71208],[35.7043,36.72319],[35.65403,36.70792],[35.65681,36.72903],[35.64542,36.70764],[35.65431,36.73986],[35.62431,36.73375],[35.58458,36.67959],[35.57014,36.70653],[35.55431,36.69959],[35.56375,36.7132],[35.59958,36.69986],[35.6032,36.72709],[35.60931,36.71431],[35.66681,36.76708],[35.79458,36.76569],[35.91014,36.85797],[35.83998,36.85835],[35.73264,36.81382],[35.6056,36.82513],[35.61601,36.78654],[35.55591,36.73904],[35.44814,36.71627]]]}},{"type":"Feature","properties":{"gid":"TUR.1.13_1","name2":"Yüreğir","engtype2":"District","type2":"District","provZh":"阿达纳省"},"geometry":{"type":"Polygon","coordinates":[[[35.5598,37.21034],[35.53051,37.2313],[35.45432,37.23162],[35.24087,37.16656],[35.23849,37.13795],[35.27763,37.09888],[35.24179,37.04863],[35.2887,37.03367],[35.30895,37.00489],[35.3085,36.87821],[35.20269,36.7778],[35.12131,36.7464],[35.23816,36.69991],[35.44336,36.71498],[35.46142,36.79557],[35.51909,36.7889],[35.5248,36.84484],[35.56372,36.87951],[35.62217,36.88912],[35.65102,37.00134],[35.60385,37.0853],[35.52296,37.12985],[35.57944,37.14768],[35.5598,37.21034]]]}},{"type":"Feature","properties":{"gid":"TUR.2.1_1","name2":"Besni","engtype2":"District","type2":"District","provZh":"阿德亚曼省"},"geometry":{"type":"Polygon","coordinates":[[[37.57313,37.55052],[37.63864,37.51079],[37.8027,37.54317],[37.98579,37.4949],[38.08984,37.42013],[38.17716,37.41062],[38.16108,37.48589],[38.09348,37.56698],[38.07198,37.63759],[37.93816,37.70589],[37.80412,37.72653],[37.74559,37.69751],[37.7237,37.66605],[37.67561,37.65318],[37.64684,37.58191],[37.57313,37.55052]]]}},{"type":"Feature","properties":{"gid":"TUR.2.2_1","name2":"Çelikhan","engtype2":"District","type2":"District","provZh":"阿德亚曼省"},"geometry":{"type":"Polygon","coordinates":[[[38.3975,37.90565],[38.43574,37.97821],[38.38131,38.0183],[38.37788,38.04488],[38.46429,38.13731],[38.52171,38.17241],[38.55002,38.22844],[38.3986,38.19963],[38.13482,38.08944],[38.18105,37.91896],[38.32867,37.92896],[38.3975,37.90565]]]}},{"type":"Feature","properties":{"gid":"TUR.2.3_1","name2":"Gerger","engtype2":"District","type2":"District","provZh":"阿德亚曼省"},"geometry":{"type":"Polygon","coordinates":[[[38.97815,37.7954],[38.97644,37.88442],[38.992,37.91376],[39.07344,37.99181],[39.21009,38.05254],[39.24598,38.14388],[39.23367,38.18201],[39.11174,38.18469],[39.07462,38.14497],[39.00512,38.11749],[38.79629,38.0925],[38.78326,37.91098],[38.82333,37.89386],[38.89636,37.90166],[38.91817,37.82495],[38.97815,37.7954]]]}},{"type":"Feature","properties":{"gid":"TUR.2.4_1","name2":"Gölbaşı","engtype2":"District","type2":"District","provZh":"阿德亚曼省"},"geometry":{"type":"Polygon","coordinates":[[[37.80412,37.72653],[37.7893,37.78281],[37.73416,37.80033],[37.73729,37.83413],[37.59422,37.82492],[37.42219,37.70332],[37.41459,37.62182],[37.45949,37.58237],[37.5852,37.5529],[37.64893,37.58366],[37.67561,37.65318],[37.7237,37.66605],[37.74559,37.69751],[37.80412,37.72653]]]}},{"type":"Feature","properties":{"gid":"TUR.2.5_1","name2":"Kahta","engtype2":"District","type2":"District","provZh":"阿德亚曼省"},"geometry":{"type":"Polygon","coordinates":[[[38.79733,38.05072],[38.62685,37.98212],[38.56376,37.90782],[38.45327,37.8772],[38.51006,37.72811],[38.45809,37.62902],[38.60255,37.6376],[38.68339,37.60323],[38.82944,37.64244],[38.83071,37.69312],[38.95744,37.75536],[38.97815,37.7954],[38.91817,37.82495],[38.89636,37.90166],[38.82333,37.89386],[38.78326,37.91098],[38.79733,38.05072]]]}},{"type":"Feature","properties":{"gid":"TUR.2.6_1","name2":"Merkez","engtype2":"District","type2":"District","provZh":"阿德亚曼省"},"geometry":{"type":"Polygon","coordinates":[[[38.17716,37.41062],[38.35904,37.48804],[38.37532,37.5882],[38.45809,37.62902],[38.5082,37.71136],[38.45841,37.86261],[38.34717,37.92571],[38.22675,37.92889],[38.07492,37.89441],[38.0883,37.8075],[38.04778,37.75373],[38.02192,37.67016],[38.08509,37.61647],[38.09348,37.56698],[38.16108,37.48589],[38.17716,37.41062]]]}},{"type":"Feature","properties":{"gid":"TUR.2.7_1","name2":"Samsat","engtype2":"District","type2":"District","provZh":"阿德亚曼省"},"geometry":{"type":"Polygon","coordinates":[[[38.45809,37.62902],[38.37532,37.5882],[38.35904,37.48804],[38.48441,37.49099],[38.68339,37.60323],[38.60255,37.6376],[38.45809,37.62902]]]}},{"type":"Feature","properties":{"gid":"TUR.2.8_1","name2":"Sincik","engtype2":"District","type2":"District","provZh":"阿德亚曼省"},"geometry":{"type":"Polygon","coordinates":[[[38.3975,37.90565],[38.45029,37.87085],[38.56376,37.90782],[38.62685,37.98212],[38.79733,38.05072],[38.79629,38.0925],[38.64349,38.09237],[38.57239,38.1161],[38.56578,38.1332],[38.61963,38.16443],[38.63445,38.19917],[38.55239,38.22588],[38.52171,38.17241],[38.46429,38.13731],[38.37788,38.04488],[38.38131,38.0183],[38.43574,37.97821],[38.3975,37.90565]]]}},{"type":"Feature","properties":{"gid":"TUR.2.9_1","name2":"Tut","engtype2":"District","type2":"District","provZh":"阿德亚曼省"},"geometry":{"type":"Polygon","coordinates":[[[38.02192,37.67016],[38.04778,37.75373],[38.0883,37.8075],[38.07492,37.89441],[37.97327,37.8602],[37.82437,37.88146],[37.74052,37.84159],[37.73416,37.80033],[37.7893,37.78281],[37.80412,37.72653],[37.93816,37.70589],[38.02192,37.67016]]]}},{"type":"Feature","properties":{"gid":"TUR.3.1_1","name2":"Başmakçı","engtype2":"District","type2":"District","provZh":"阿菲永卡拉希萨尔省"},"geometry":{"type":"Polygon","coordinates":[[[29.81537,37.81905],[29.84527,37.76082],[29.967,37.78397],[30.0767,37.77316],[30.1671,37.81392],[30.20337,37.86225],[30.18261,37.90116],[30.05481,37.96819],[29.92918,37.9924],[29.89279,37.93163],[29.88609,37.85218],[29.81537,37.81905]]]}},{"type":"Feature","properties":{"gid":"TUR.3.2_1","name2":"Bayat","engtype2":"District","type2":"District","provZh":"阿菲永卡拉希萨尔省"},"geometry":{"type":"Polygon","coordinates":[[[31.04748,38.88277],[31.01933,38.99836],[31.03312,39.07548],[31.02023,39.17516],[30.9753,39.15929],[30.89968,39.21528],[30.78967,39.16489],[30.76663,39.12854],[30.78054,39.09357],[30.88207,38.94384],[30.87177,38.84821],[30.93718,38.82978],[30.94717,38.79181],[31.04748,38.88277]]]}},{"type":"Feature","properties":{"gid":"TUR.3.3_1","name2":"Bolvadin","engtype2":"District","type2":"District","provZh":"阿菲永卡拉希萨尔省"},"geometry":{"type":"Polygon","coordinates":[[[30.94717,38.79181],[30.9003,38.71129],[30.91584,38.67299],[31.22755,38.6381],[31.42232,38.734],[31.48622,38.7412],[31.62715,38.82473],[31.46074,38.86446],[31.29429,38.86732],[31.17932,38.91092],[31.12626,38.91248],[31.04748,38.88277],[30.94717,38.79181]]]}},{"type":"Feature","properties":{"gid":"TUR.3.4_1","name2":"Çay","engtype2":"District","type2":"District","provZh":"阿菲永卡拉希萨尔省"},"geometry":{"type":"Polygon","coordinates":[[[30.91584,38.67299],[30.89597,38.57557],[30.81028,38.48389],[30.73428,38.43183],[30.75383,38.36159],[30.83034,38.32156],[31.08842,38.51233],[31.15703,38.49954],[31.25598,38.55471],[31.21661,38.64248],[30.91584,38.67299]]]}},{"type":"Feature","properties":{"gid":"TUR.3.5_1","name2":"Çobanlar","engtype2":"District","type2":"District","provZh":"阿菲永卡拉希萨尔省"},"geometry":{"type":"Polygon","coordinates":[[[30.94717,38.79181],[30.71046,38.78661],[30.74631,38.72256],[30.74873,38.66538],[30.71029,38.58925],[30.86069,38.55455],[30.8896,38.56861],[30.91341,38.61364],[30.9003,38.71129],[30.94717,38.79181]]]}},{"type":"Feature","properties":{"gid":"TUR.3.6_1","name2":"Dazkırı","engtype2":"District","type2":"District","provZh":"阿菲永卡拉希萨尔省"},"geometry":{"type":"Polygon","coordinates":[[[29.92918,37.9924],[29.81985,37.98444],[29.74072,38.01702],[29.666,37.98869],[29.66377,37.85255],[29.72047,37.85255],[29.81537,37.81905],[29.8656,37.83572],[29.88898,37.85769],[29.89279,37.93163],[29.92918,37.9924]]]}},{"type":"Feature","properties":{"gid":"TUR.3.7_1","name2":"Dinar","engtype2":"District","type2":"District","provZh":"阿菲永卡拉希萨尔省"},"geometry":{"type":"Polygon","coordinates":[[[30.18261,37.90116],[30.23929,37.9961],[30.58963,38.22012],[30.56136,38.29951],[30.42861,38.39493],[30.37208,38.31916],[30.22961,38.22127],[30.18006,38.2034],[30.03595,38.20322],[29.92549,38.10935],[29.97215,37.9946],[30.18261,37.90116]]]}},{"type":"Feature","properties":{"gid":"TUR.3.8_1","name2":"Emirdağ","engtype2":"District","type2":"District","provZh":"阿菲永卡拉希萨尔省"},"geometry":{"type":"Polygon","coordinates":[[[31.04748,38.88277],[31.11439,38.91079],[31.17143,38.91208],[31.29429,38.86732],[31.46074,38.86446],[31.62715,38.82473],[31.7087,38.95374],[31.69689,39.09306],[31.47131,39.08675],[31.39636,39.11208],[31.30527,39.27319],[31.23126,39.28281],[31.14186,39.2185],[31.02023,39.17516],[31.03312,39.07548],[31.01933,38.99836],[31.04748,38.88277]]]}},{"type":"Feature","properties":{"gid":"TUR.3.9_1","name2":"Evciler","engtype2":"District","type2":"District","provZh":"阿菲永卡拉希萨尔省"},"geometry":{"type":"Polygon","coordinates":[[[29.97215,37.9946],[29.92452,38.10348],[29.74072,38.01702],[29.81985,37.98444],[29.97215,37.9946]]]}},{"type":"Feature","properties":{"gid":"TUR.3.10_1","name2":"Hocalar","engtype2":"District","type2":"District","provZh":"阿菲永卡拉希萨尔省"},"geometry":{"type":"Polygon","coordinates":[[[30.10257,38.6687],[29.97549,38.7422],[29.89437,38.70968],[29.87276,38.64422],[29.77184,38.50596],[29.75541,38.45411],[29.86838,38.42368],[29.9051,38.45602],[30.08104,38.53045],[30.13173,38.6077],[30.10257,38.6687]]]}},{"type":"Feature","properties":{"gid":"TUR.3.11_1","name2":"İhsaniye","engtype2":"District","type2":"District","provZh":"阿菲永卡拉希萨尔省"},"geometry":{"type":"Polygon","coordinates":[[[30.6907,39.09381],[30.61175,39.07915],[30.53304,39.13952],[30.50551,39.18942],[30.45333,39.206],[30.4337,39.16427],[30.38464,39.12632],[30.26079,39.07954],[30.2068,38.97775],[30.28823,38.94957],[30.40235,38.94558],[30.44976,38.90307],[30.49585,38.89304],[30.70389,38.9593],[30.7157,39.00267],[30.6907,39.09381]]]}},{"type":"Feature","properties":{"gid":"TUR.3.12_1","name2":"İscehisar","engtype2":"District","type2":"District","provZh":"阿菲永卡拉希萨尔省"},"geometry":{"type":"Polygon","coordinates":[[[30.76663,39.12854],[30.6907,39.09381],[30.71565,38.99746],[30.68883,38.93603],[30.67739,38.81792],[30.71046,38.78661],[30.94717,38.79181],[30.93718,38.82978],[30.87045,38.85048],[30.88207,38.94384],[30.76663,39.12854]]]}},{"type":"Feature","properties":{"gid":"TUR.3.13_1","name2":"Kızılören","engtype2":"District","type2":"District","provZh":"阿菲永卡拉希萨尔省"},"geometry":{"type":"Polygon","coordinates":[[[30.32035,38.28513],[30.15075,38.33145],[30.01838,38.2744],[30.04052,38.24285],[30.03595,38.20322],[30.16544,38.20274],[30.22066,38.21649],[30.32035,38.28513]]]}},{"type":"Feature","properties":{"gid":"TUR.3.14_1","name2":"Merkez","engtype2":"District","type2":"District","provZh":"阿菲永卡拉希萨尔省"},"geometry":{"type":"Polygon","coordinates":[[[30.71046,38.78661],[30.6738,38.82934],[30.70389,38.9593],[30.48941,38.89167],[30.40235,38.94558],[30.28823,38.94957],[30.2068,38.97775],[30.17956,38.93012],[30.3688,38.84414],[30.44617,38.73466],[30.4474,38.66616],[30.43118,38.63994],[30.49101,38.61357],[30.64534,38.60955],[30.71029,38.58925],[30.74873,38.66538],[30.74631,38.72256],[30.71046,38.78661]]]}},{"type":"Feature","properties":{"gid":"TUR.3.15_1","name2":"Sandıklı","engtype2":"District","type2":"District","provZh":"阿菲永卡拉希萨尔省"},"geometry":{"type":"Polygon","coordinates":[[[30.42861,38.39493],[30.30794,38.6002],[30.25684,38.65454],[30.21811,38.66887],[30.10257,38.6687],[30.13173,38.6077],[30.08541,38.53382],[29.9051,38.45602],[29.86838,38.42368],[29.92899,38.40693],[30.01838,38.2744],[30.15075,38.33145],[30.32439,38.28631],[30.37886,38.32527],[30.42861,38.39493]]]}},{"type":"Feature","properties":{"gid":"TUR.3.16_1","name2":"Sincanlı","engtype2":"District","type2":"District","provZh":"阿菲永卡拉希萨尔省"},"geometry":{"type":"Polygon","coordinates":[[[30.10257,38.6687],[30.2429,38.66365],[30.34127,38.54563],[30.39664,38.58341],[30.44341,38.65536],[30.44789,38.72605],[30.36456,38.84802],[30.17822,38.92477],[30.10939,38.81393],[29.97549,38.7422],[30.10257,38.6687]]]}},{"type":"Feature","properties":{"gid":"TUR.3.17_1","name2":"Şuhut","engtype2":"District","type2":"District","provZh":"阿菲永卡拉希萨尔省"},"geometry":{"type":"Polygon","coordinates":[[[30.86069,38.55455],[30.64534,38.60955],[30.49787,38.61174],[30.43118,38.63994],[30.39664,38.58341],[30.34127,38.54563],[30.42861,38.39493],[30.56499,38.29511],[30.58963,38.22012],[30.8219,38.30915],[30.83034,38.32156],[30.75,38.36627],[30.73238,38.42352],[30.81687,38.48996],[30.86069,38.55455]]]}},{"type":"Feature","properties":{"gid":"TUR.3.18_1","name2":"Sultandağı","engtype2":"District","type2":"District","provZh":"阿菲永卡拉希萨尔省"},"geometry":{"type":"Polygon","coordinates":[[[31.22755,38.6381],[31.25392,38.54951],[31.14641,38.49699],[31.2093,38.43985],[31.25044,38.42662],[31.67928,38.6326],[31.61569,38.67044],[31.59091,38.70602],[31.6196,38.80728],[31.22755,38.6381]]]}},{"type":"Feature","properties":{"gid":"TUR.4.1_1","name2":"Diyadin","engtype2":"District","type2":"District","provZh":"阿勒省"},"geometry":{"type":"Polygon","coordinates":[[[43.35878,39.38728],[43.42658,39.38889],[43.48866,39.33086],[43.58569,39.28786],[43.64554,39.30243],[43.71635,39.3702],[43.83813,39.36911],[43.81546,39.41364],[43.81393,39.53627],[43.77168,39.58465],[43.7804,39.62617],[43.59723,39.68546],[43.54102,39.61638],[43.46041,39.58242],[43.46531,39.51849],[43.35878,39.38728]]]}},{"type":"Feature","properties":{"gid":"TUR.4.2_1","name2":"Doğubeyazıt","engtype2":"District","type2":"District","provZh":"阿勒省"},"geometry":{"type":"Polygon","coordinates":[[[44.34573,39.38569],[44.42366,39.4098],[44.44112,39.43587],[44.43336,39.47307],[44.45338,39.50156],[44.43619,39.56066],[44.4896,39.63013],[44.49647,39.69598],[44.38018,39.6932],[44.30035,39.67087],[44.15978,39.6942],[43.99971,39.68526],[43.74055,39.79948],[43.62249,39.82236],[43.53194,39.82042],[43.47833,39.76672],[43.4962,39.73469],[43.61818,39.67475],[43.77866,39.62829],[43.77168,39.58465],[43.81393,39.53627],[43.81546,39.41364],[43.83813,39.36911],[44.04974,39.36075],[44.07578,39.40623],[44.14361,39.40018],[44.14214,39.37779],[44.22431,39.41029],[44.30173,39.37147],[44.34573,39.38569]]]}},{"type":"Feature","properties":{"gid":"TUR.4.3_1","name2":"Eleşkirt","engtype2":"District","type2":"District","provZh":"阿勒省"},"geometry":{"type":"Polygon","coordinates":[[[42.86097,39.68472],[42.93984,39.71752],[42.963,39.81066],[43.01826,39.89687],[43.01556,39.94146],[42.96663,39.97485],[42.69902,39.91664],[42.63834,39.91759],[42.56636,39.94755],[42.39967,39.87158],[42.28898,39.88285],[42.25592,39.86654],[42.28524,39.81407],[42.48063,39.76231],[42.50795,39.69749],[42.63749,39.70722],[42.86097,39.68472]]]}},{"type":"Feature","properties":{"gid":"TUR.4.4_1","name2":"Hamur","engtype2":"District","type2":"District","provZh":"阿勒省"},"geometry":{"type":"Polygon","coordinates":[[[42.89177,39.65459],[42.98919,39.59274],[42.98443,39.53119],[42.91684,39.4939],[42.95256,39.35708],[43.04076,39.38029],[43.13208,39.32391],[43.16349,39.32244],[43.2101,39.33722],[43.24145,39.36996],[43.22888,39.53532],[43.25288,39.57948],[43.1608,39.61034],[43.16226,39.67608],[43.10966,39.6612],[42.9272,39.67169],[42.89177,39.65459]]]}},{"type":"Feature","properties":{"gid":"TUR.4.5_1","name2":"Merkez","engtype2":"District","type2":"District","provZh":"阿勒省"},"geometry":{"type":"Polygon","coordinates":[[[42.86097,39.68472],[42.89177,39.65459],[42.9272,39.67169],[43.10966,39.6612],[43.15684,39.67822],[43.16979,39.66266],[43.1608,39.61034],[43.25288,39.57948],[43.32427,39.69664],[43.37902,39.73637],[43.39423,39.79461],[43.39137,39.94152],[43.37281,39.96042],[43.11732,40.00825],[42.96663,39.97485],[43.01556,39.94146],[43.01826,39.89687],[42.963,39.81066],[42.93984,39.71752],[42.86097,39.68472]]]}},{"type":"Feature","properties":{"gid":"TUR.4.6_1","name2":"Patnos","engtype2":"District","type2":"District","provZh":"阿勒省"},"geometry":{"type":"Polygon","coordinates":[[[42.95256,39.35708],[42.92326,39.33406],[42.74945,39.34394],[42.62762,39.27266],[42.6688,39.25415],[42.72989,39.159],[42.74984,39.03715],[42.82786,39.06509],[42.97164,39.08096],[43.16147,39.1535],[43.16561,39.2399],[43.07876,39.29386],[43.08926,39.3182],[43.13208,39.32391],[43.12263,39.33386],[43.04076,39.38029],[42.95256,39.35708]]]}},{"type":"Feature","properties":{"gid":"TUR.4.7_1","name2":"Taşlıçay","engtype2":"District","type2":"District","provZh":"阿勒省"},"geometry":{"type":"Polygon","coordinates":[[[43.59723,39.68546],[43.4962,39.73469],[43.47833,39.76672],[43.39423,39.79461],[43.37687,39.73113],[43.32427,39.69664],[43.23275,39.55437],[43.24441,39.3742],[43.30085,39.40396],[43.35878,39.38728],[43.46531,39.51849],[43.46041,39.58242],[43.54102,39.61638],[43.59723,39.68546]]]}},{"type":"Feature","properties":{"gid":"TUR.4.8_1","name2":"Tutak","engtype2":"District","type2":"District","provZh":"阿勒省"},"geometry":{"type":"Polygon","coordinates":[[[42.50795,39.69749],[42.52259,39.5626],[42.4648,39.46849],[42.51291,39.37992],[42.62762,39.27266],[42.75286,39.34468],[42.94175,39.33986],[42.95256,39.35708],[42.91684,39.4939],[42.98607,39.53347],[42.9828,39.60538],[42.86097,39.68472],[42.63749,39.70722],[42.50795,39.69749]]]}},{"type":"Feature","properties":{"gid":"TUR.5.1_1","name2":"Ağaçören","engtype2":"District","type2":"District","provZh":"阿克萨赖省"},"geometry":{"type":"Polygon","coordinates":[[[33.88095,38.54271],[33.95127,38.56582],[34.0656,38.64559],[34.01032,38.73972],[33.95848,38.76947],[33.91506,38.778],[33.82203,38.7139],[33.6815,38.71101],[33.54849,38.66824],[33.74948,38.55276],[33.88095,38.54271]]]}},{"type":"Feature","properties":{"gid":"TUR.5.2_1","name2":"Eskil","engtype2":"District","type2":"District","provZh":"阿克萨赖省"},"geometry":{"type":"Polygon","coordinates":[[[33.2402,38.24726],[33.24311,38.20158],[33.28952,38.11785],[33.41341,37.95119],[33.4782,37.93287],[33.58126,37.94583],[33.58367,38.01933],[33.5099,38.22665],[33.59401,38.35358],[33.5221,38.4016],[33.37569,38.55639],[33.31812,38.4295],[33.30144,38.34705],[33.2402,38.24726]]]}},{"type":"Feature","properties":{"gid":"TUR.5.3_1","name2":"Gülağaç","engtype2":"District","type2":"District","provZh":"阿克萨赖省"},"geometry":{"type":"Polygon","coordinates":[[[34.3632,38.29092],[34.3944,38.43892],[34.348,38.47342],[34.32825,38.42656],[34.26487,38.3849],[34.2339,38.31947],[34.27645,38.28142],[34.3632,38.29092]]]}},{"type":"Feature","properties":{"gid":"TUR.5.4_1","name2":"Güzelyurt","engtype2":"District","type2":"District","provZh":"阿克萨赖省"},"geometry":{"type":"Polygon","coordinates":[[[34.27645,38.28142],[34.22222,38.25008],[34.22017,38.22581],[34.36628,38.15329],[34.38952,38.1619],[34.3945,38.24265],[34.3632,38.29092],[34.27645,38.28142]]]}},{"type":"Feature","properties":{"gid":"TUR.5.5_1","name2":"Merkez","engtype2":"District","type2":"District","provZh":"阿克萨赖省"},"geometry":{"type":"Polygon","coordinates":[[[33.54849,38.66824],[33.46504,38.63647],[33.37569,38.55639],[33.5221,38.4016],[33.59401,38.35358],[33.5099,38.22665],[33.58367,38.01933],[33.58126,37.94583],[33.78625,37.95703],[34.12569,38.01376],[34.14691,38.05195],[34.18676,38.07006],[34.26839,38.05601],[34.32556,38.13109],[34.36628,38.15329],[34.21643,38.2328],[34.27645,38.28142],[34.23399,38.32489],[34.26831,38.38928],[34.33381,38.43378],[34.348,38.47342],[34.33302,38.50854],[34.19951,38.49078],[33.95153,38.50431],[33.87034,38.54692],[33.72251,38.56321],[33.54849,38.66824]]]}},{"type":"Feature","properties":{"gid":"TUR.5.6_1","name2":"Ortaköy","engtype2":"District","type2":"District","provZh":"阿克萨赖省"},"geometry":{"type":"Polygon","coordinates":[[[33.88095,38.54271],[33.96333,38.50296],[34.19951,38.49078],[34.32847,38.51],[34.27303,38.62049],[34.20462,38.68042],[34.26257,38.79367],[34.09854,38.77981],[34.01032,38.73972],[34.06475,38.66511],[34.06307,38.6408],[33.95127,38.56582],[33.88095,38.54271]]]}},{"type":"Feature","properties":{"gid":"TUR.5.7_1","name2":"Sarıyahşi","engtype2":"District","type2":"District","provZh":"阿克萨赖省"},"geometry":{"type":"Polygon","coordinates":[[[34.01032,38.73972],[34.09854,38.77981],[34.24006,38.79951],[34.17686,38.8821],[34.07766,38.90355],[33.9267,39.00811],[33.88831,38.95417],[33.94691,38.82923],[33.92398,38.78069],[34.01032,38.73972]]]}},{"type":"Feature","properties":{"gid":"TUR.6.1_1","name2":"Göynücek","engtype2":"District","type2":"District","provZh":"阿马西亚省"},"geometry":{"type":"Polygon","coordinates":[[[35.34368,40.35833],[35.33181,40.25666],[35.3432,40.21666],[35.38195,40.19128],[35.51207,40.18978],[35.52963,40.23553],[35.57638,40.27422],[35.71619,40.32626],[35.79323,40.4334],[35.69249,40.51328],[35.61756,40.47394],[35.5232,40.50251],[35.45317,40.5029],[35.43487,40.4468],[35.34368,40.35833]]]}},{"type":"Feature","properties":{"gid":"TUR.6.2_1","name2":"Gümüşhacıköy","engtype2":"District","type2":"District","provZh":"阿马西亚省"},"geometry":{"type":"Polygon","coordinates":[[[35.22178,40.66905],[35.25704,40.6661],[35.26655,40.79037],[35.37706,40.82633],[35.37538,40.91075],[35.29683,41.04358],[35.09315,41.09054],[35.09133,41.03228],[35.04957,40.95141],[35.04604,40.85291],[35.1035,40.85241],[35.13189,40.83447],[35.22178,40.66905]]]}},{"type":"Feature","properties":{"gid":"TUR.6.3_1","name2":"Hamamözü","engtype2":"District","type2":"District","provZh":"阿马西亚省"},"geometry":{"type":"Polygon","coordinates":[[[35.04604,40.85291],[35.0251,40.8434],[35.09456,40.69553],[35.16113,40.66824],[35.22178,40.66905],[35.13189,40.83447],[35.1035,40.85241],[35.04604,40.85291]]]}},{"type":"Feature","properties":{"gid":"TUR.6.4_1","name2":"Merkez","engtype2":"District","type2":"District","provZh":"阿马西亚省"},"geometry":{"type":"Polygon","coordinates":[[[35.79323,40.4334],[35.8519,40.5033],[35.95845,40.50233],[36.03978,40.45987],[36.15448,40.44521],[36.3252,40.52368],[36.12072,40.68567],[36.09245,40.82209],[35.98509,40.86927],[35.91659,40.78118],[35.83064,40.75472],[35.76438,40.66747],[35.64627,40.65514],[35.57255,40.67358],[35.53495,40.64422],[35.43985,40.64299],[35.42772,40.61521],[35.46484,40.5709],[35.45317,40.5029],[35.5232,40.50251],[35.61756,40.47394],[35.69249,40.51328],[35.79323,40.4334]]]}},{"type":"Feature","properties":{"gid":"TUR.6.5_1","name2":"Merzifon","engtype2":"District","type2":"District","provZh":"阿马西亚省"},"geometry":{"type":"Polygon","coordinates":[[[35.25704,40.6661],[35.42772,40.61521],[35.45412,40.65294],[35.5505,40.64994],[35.66099,40.9105],[35.48539,41.01232],[35.29683,41.04358],[35.37538,40.91075],[35.37886,40.83453],[35.35609,40.81219],[35.26247,40.78552],[35.25704,40.6661]]]}},{"type":"Feature","properties":{"gid":"TUR.6.6_1","name2":"Suluova","engtype2":"District","type2":"District","provZh":"阿马西亚省"},"geometry":{"type":"Polygon","coordinates":[[[35.98509,40.86927],[35.81992,40.86462],[35.66569,40.89456],[35.62076,40.83787],[35.61709,40.77842],[35.57255,40.67358],[35.64627,40.65514],[35.77068,40.67015],[35.83064,40.75472],[35.91659,40.78118],[35.98509,40.86927]]]}},{"type":"Feature","properties":{"gid":"TUR.6.7_1","name2":"Taşova","engtype2":"District","type2":"District","provZh":"阿马西亚省"},"geometry":{"type":"Polygon","coordinates":[[[36.3252,40.52368],[36.45606,40.65577],[36.4722,40.72112],[36.41676,40.82258],[36.44801,40.86983],[36.37618,40.9077],[36.37238,40.95208],[36.20393,40.98003],[36.18094,40.90474],[36.06104,40.84315],[36.09719,40.81433],[36.12072,40.68567],[36.3252,40.52368]]]}},{"type":"Feature","properties":{"gid":"TUR.7.1_1","name2":"Akyurt","engtype2":"District","type2":"District","provZh":"安卡拉省"},"geometry":{"type":"Polygon","coordinates":[[[33.13551,39.98161],[33.18901,40.00371],[33.28255,40.00562],[33.25908,40.04167],[33.26945,40.11806],[33.09798,40.12294],[33.02779,40.01244],[33.09275,40.01473],[33.13551,39.98161]]]}},{"type":"Feature","properties":{"gid":"TUR.7.2_1","name2":"Altındağ","engtype2":"District","type2":"District","provZh":"安卡拉省"},"geometry":{"type":"Polygon","coordinates":[[[33.02779,40.01244],[32.98495,40.02813],[32.9269,40.01381],[32.87642,39.97122],[32.88393,39.9407],[32.92773,39.95643],[32.95858,39.92391],[33.04983,39.96846],[33.1064,39.96021],[33.13551,39.98161],[33.09275,40.01473],[33.02779,40.01244]]]}},{"type":"Feature","properties":{"gid":"TUR.7.3_1","name2":"Ayaş","engtype2":"District","type2":"District","provZh":"安卡拉省"},"geometry":{"type":"Polygon","coordinates":[[[31.98235,39.86642],[32.15783,39.88819],[32.28867,39.83087],[32.3187,39.79824],[32.34731,39.8008],[32.39182,39.87885],[32.46062,39.90196],[32.41974,40.02559],[32.45236,40.06702],[32.5405,40.10521],[32.54742,40.21257],[32.49031,40.22662],[32.38792,40.19966],[32.30459,40.11738],[32.26352,40.10032],[32.19786,40.10048],[32.1457,40.12289],[32.07008,39.99533],[31.99982,39.92389],[31.98235,39.86642]]]}},{"type":"Feature","properties":{"gid":"TUR.7.4_1","name2":"Bala","engtype2":"District","type2":"District","provZh":"安卡拉省"},"geometry":{"type":"Polygon","coordinates":[[[33.10788,39.81391],[32.96616,39.76241],[32.88536,39.66521],[32.92717,39.58791],[32.9274,39.42812],[32.90724,39.37544],[32.86274,39.35907],[32.86894,39.29884],[32.95074,39.21845],[33.03202,39.17877],[33.05777,39.2206],[33.11525,39.22088],[33.28669,39.33039],[33.23354,39.37902],[33.28553,39.46186],[33.35625,39.75112],[33.22953,39.73939],[33.10788,39.81391]]]}},{"type":"Feature","properties":{"gid":"TUR.7.5_1","name2":"Beypazarı","engtype2":"District","type2":"District","provZh":"安卡拉省"},"geometry":{"type":"Polygon","coordinates":[[[32.1457,40.12289],[32.12055,40.18647],[32.15975,40.25117],[32.15202,40.28463],[32.24623,40.3406],[32.19669,40.39059],[32.21729,40.42514],[32.13519,40.42242],[31.90335,40.34561],[31.68618,40.3384],[31.72166,40.27408],[31.68481,40.20058],[31.68299,40.14389],[31.72819,40.07812],[31.72551,40.03329],[31.69595,39.98823],[31.7885,39.88836],[31.85768,39.87452],[31.87058,39.83913],[31.98235,39.86642],[31.99982,39.92389],[32.07008,39.99533],[32.1457,40.12289]]]}},{"type":"Feature","properties":{"gid":"TUR.7.6_1","name2":"Çamlıdere","engtype2":"District","type2":"District","provZh":"安卡拉省"},"geometry":{"type":"Polygon","coordinates":[[[32.24623,40.3406],[32.35259,40.37749],[32.55001,40.39339],[32.58141,40.43959],[32.55532,40.50631],[32.57765,40.58244],[32.43042,40.65179],[32.47366,40.52558],[32.3762,40.41681],[32.21729,40.42514],[32.19669,40.39059],[32.24623,40.3406]]]}},{"type":"Feature","properties":{"gid":"TUR.7.7_1","name2":"Çankaya","engtype2":"District","type2":"District","provZh":"安卡拉省"},"geometry":{"type":"Polygon","coordinates":[[[32.87642,39.97122],[32.80382,39.93172],[32.69591,39.80416],[32.78962,39.83015],[32.85833,39.81197],[32.90309,39.84666],[32.95163,39.90308],[32.89019,39.93269],[32.87642,39.97122]]]}},{"type":"Feature","properties":{"gid":"TUR.7.8_1","name2":"Çubuk","engtype2":"District","type2":"District","provZh":"安卡拉省"},"geometry":{"type":"Polygon","coordinates":[[[33.21633,40.12171],[33.21761,40.15556],[33.27277,40.21816],[33.25948,40.28056],[33.28034,40.3284],[33.22099,40.35125],[33.17175,40.43481],[32.99841,40.55661],[32.96635,40.49989],[32.87133,40.43264],[32.8701,40.37539],[32.89682,40.30907],[32.78168,40.24923],[32.79658,40.1111],[32.82814,40.07594],[32.92761,40.06143],[32.9667,40.02634],[33.02779,40.01244],[33.10477,40.12845],[33.21633,40.12171]]]}},{"type":"Feature","properties":{"gid":"TUR.7.9_1","name2":"Elmadağ","engtype2":"District","type2":"District","provZh":"安卡拉省"},"geometry":{"type":"Polygon","coordinates":[[[33.13551,39.98161],[33.1064,39.96021],[33.12413,39.90654],[33.10788,39.81391],[33.2327,39.73861],[33.35625,39.75112],[33.43415,39.81399],[33.58238,39.87846],[33.30283,40.00267],[33.19685,40.00478],[33.13551,39.98161]]]}},{"type":"Feature","properties":{"gid":"TUR.7.10_1","name2":"Etimesgut","engtype2":"District","type2":"District","provZh":"安卡拉省"},"geometry":{"type":"Polygon","coordinates":[[[32.57465,39.86682],[32.63636,39.87237],[32.66938,39.89894],[32.67066,39.92327],[32.60253,39.96196],[32.59697,39.8964],[32.57465,39.86682]]]}},{"type":"Feature","properties":{"gid":"TUR.7.11_1","name2":"Evren","engtype2":"District","type2":"District","provZh":"安卡拉省"},"geometry":{"type":"Polygon","coordinates":[[[33.9267,39.00811],[33.93856,39.03913],[33.74255,39.11185],[33.70929,39.04679],[33.75106,38.9741],[33.73701,38.92507],[33.75586,38.89001],[33.93711,38.83511],[33.88831,38.95417],[33.9267,39.00811]]]}},{"type":"Feature","properties":{"gid":"TUR.7.12_1","name2":"Gölbaşı","engtype2":"District","type2":"District","provZh":"安卡拉省"},"geometry":{"type":"Polygon","coordinates":[[[32.96616,39.76241],[32.9511,39.78178],[32.78261,39.82935],[32.69591,39.80416],[32.60016,39.70392],[32.75989,39.58556],[32.79052,39.53616],[32.7954,39.47092],[32.85055,39.4311],[32.86274,39.35907],[32.90724,39.37544],[32.9274,39.42812],[32.92717,39.58791],[32.88536,39.66521],[32.96616,39.76241]]]}},{"type":"Feature","properties":{"gid":"TUR.7.13_1","name2":"Güdül","engtype2":"District","type2":"District","provZh":"安卡拉省"},"geometry":{"type":"Polygon","coordinates":[[[32.38069,40.19556],[32.33134,40.21657],[32.32228,40.31253],[32.25952,40.34243],[32.15682,40.29169],[32.15975,40.25117],[32.12055,40.18647],[32.1457,40.12289],[32.23655,40.09853],[32.30459,40.11738],[32.38069,40.19556]]]}},{"type":"Feature","properties":{"gid":"TUR.7.14_1","name2":"Haymana","engtype2":"District","type2":"District","provZh":"安卡拉省"},"geometry":{"type":"Polygon","coordinates":[[[32.86274,39.35907],[32.85055,39.4311],[32.7954,39.47092],[32.79052,39.53616],[32.75989,39.58556],[32.60016,39.70392],[32.48558,39.63892],[32.29956,39.39956],[32.3082,39.34556],[32.28423,39.3105],[32.33859,39.22003],[32.29445,39.0681],[32.47207,38.99472],[32.55592,39.04981],[32.70269,39.03285],[32.8379,39.15353],[32.89255,39.15433],[32.95682,39.12548],[33.01454,39.15353],[33.03202,39.17877],[32.8845,39.27282],[32.86274,39.35907]]]}},{"type":"Feature","properties":{"gid":"TUR.7.15_1","name2":"Kalecik","engtype2":"District","type2":"District","provZh":"安卡拉省"},"geometry":{"type":"Polygon","coordinates":[[[33.28255,40.00562],[33.59539,39.88404],[33.61941,39.95834],[33.57568,40.03436],[33.59197,40.0944],[33.65274,40.20187],[33.72912,40.27841],[33.42701,40.38574],[33.36414,40.38593],[33.33076,40.33474],[33.28034,40.3284],[33.25948,40.28056],[33.27183,40.21551],[33.2156,40.15036],[33.21633,40.12171],[33.27167,40.11564],[33.25908,40.04167],[33.28255,40.00562]]]}},{"type":"Feature","properties":{"gid":"TUR.7.16_1","name2":"Kazan","engtype2":"District","type2":"District","provZh":"安卡拉省"},"geometry":{"type":"Polygon","coordinates":[[[32.5405,40.10521],[32.58865,40.01462],[32.66362,40.02257],[32.73366,40.07542],[32.73791,40.12351],[32.79479,40.17503],[32.79114,40.20773],[32.72338,40.22764],[32.68028,40.26123],[32.5819,40.24656],[32.54742,40.21257],[32.5405,40.10521]]]}},{"type":"Feature","properties":{"gid":"TUR.7.17_1","name2":"Keçiören","engtype2":"District","type2":"District","provZh":"安卡拉省"},"geometry":{"type":"Polygon","coordinates":[[[32.9667,40.02634],[32.931,40.06023],[32.87826,40.05798],[32.81501,40.08379],[32.79484,40.11651],[32.79479,40.17503],[32.73558,40.11826],[32.73366,40.07542],[32.77984,40.00743],[32.87642,39.97122],[32.9667,40.02634]]]}},{"type":"Feature","properties":{"gid":"TUR.7.18_1","name2":"Kızılcahamam","engtype2":"District","type2":"District","provZh":"安卡拉省"},"geometry":{"type":"Polygon","coordinates":[[[32.54742,40.21257],[32.5819,40.24656],[32.66098,40.26249],[32.78608,40.2115],[32.78994,40.25885],[32.89682,40.30907],[32.8701,40.37539],[32.87133,40.43264],[32.97237,40.50681],[32.99841,40.55661],[32.98666,40.57278],[32.95566,40.5983],[32.65491,40.70256],[32.50135,40.70426],[32.44485,40.66545],[32.43042,40.65179],[32.58039,40.57803],[32.55532,40.50631],[32.5798,40.43458],[32.54459,40.39098],[32.35259,40.37749],[32.27997,40.34314],[32.3257,40.30759],[32.32909,40.2222],[32.34483,40.20546],[32.38069,40.19556],[32.49031,40.22662],[32.54742,40.21257]]]}},{"type":"Feature","properties":{"gid":"TUR.7.19_1","name2":"Mamak","engtype2":"District","type2":"District","provZh":"安卡拉省"},"geometry":{"type":"Polygon","coordinates":[[[32.88393,39.9407],[32.95211,39.90081],[32.85833,39.81197],[32.8873,39.79287],[32.9511,39.78178],[32.96616,39.76241],[33.10788,39.81391],[33.12342,39.92237],[33.1005,39.96402],[33.04983,39.96846],[32.95858,39.92391],[32.92773,39.95643],[32.88393,39.9407]]]}},{"type":"Feature","properties":{"gid":"TUR.7.20_1","name2":"Nallıhan","engtype2":"District","type2":"District","provZh":"安卡拉省"},"geometry":{"type":"Polygon","coordinates":[[[31.68618,40.3384],[31.56693,40.30855],[31.33111,40.33376],[31.06073,40.41575],[31.03729,40.37632],[31.04755,40.27256],[30.955,40.22294],[30.87397,40.14035],[30.91364,40.09914],[30.9194,40.03568],[30.95394,40.0196],[31.17599,40.04403],[31.34526,40.04134],[31.61704,40.01635],[31.69595,39.98823],[31.72551,40.03329],[31.72819,40.07812],[31.68299,40.14389],[31.68481,40.20058],[31.72166,40.27408],[31.68618,40.3384]]]}},{"type":"Feature","properties":{"gid":"TUR.7.21_1","name2":"Polatlı","engtype2":"District","type2":"District","provZh":"安卡拉省"},"geometry":{"type":"Polygon","coordinates":[[[31.98235,39.86642],[31.87058,39.83913],[31.88543,39.80605],[31.84726,39.76829],[31.89622,39.63234],[31.99344,39.50459],[32.01132,39.38179],[31.99278,39.2274],[31.88321,39.1738],[31.97331,39.10435],[32.11332,39.03137],[32.29445,39.0681],[32.33859,39.22003],[32.28423,39.3105],[32.3082,39.34556],[32.29956,39.39956],[32.48558,39.63892],[32.60016,39.70392],[32.50225,39.75319],[32.4611,39.80921],[32.37602,39.84882],[32.35405,39.80642],[32.32816,39.79631],[32.28867,39.83087],[32.15783,39.88819],[31.98235,39.86642]]]}},{"type":"Feature","properties":{"gid":"TUR.7.22_1","name2":"Sincan","engtype2":"District","type2":"District","provZh":"安卡拉省"},"geometry":{"type":"Polygon","coordinates":[[[32.37602,39.84882],[32.4611,39.80921],[32.5176,39.86101],[32.57465,39.86682],[32.59475,39.89027],[32.59437,40.01144],[32.5405,40.10521],[32.43394,40.04922],[32.41914,40.0004],[32.46268,39.90729],[32.39626,39.88263],[32.37602,39.84882]]]}},{"type":"Feature","properties":{"gid":"TUR.7.23_1","name2":"Şultan Koçhisar","engtype2":"District","type2":"District","provZh":"安卡拉省"},"geometry":{"type":"Polygon","coordinates":[[[33.92398,38.78069],[33.94297,38.83472],[33.78036,38.8788],[33.73966,38.91122],[33.75106,38.9741],[33.70803,39.03857],[33.74255,39.11185],[33.5926,39.17469],[33.52802,39.2548],[33.44066,39.16838],[33.41447,39.16243],[33.36561,39.22563],[33.39027,39.27745],[33.36938,39.31717],[33.28669,39.33039],[33.1878,39.27683],[33.37404,39.03791],[33.36213,38.79178],[33.46504,38.63647],[33.6815,38.71101],[33.82564,38.71487],[33.92398,38.78069]]]}},{"type":"Feature","properties":{"gid":"TUR.7.24_1","name2":"Yenimahalle","engtype2":"District","type2":"District","provZh":"安卡拉省"},"geometry":{"type":"Polygon","coordinates":[[[32.87642,39.97122],[32.77203,40.01211],[32.72621,40.07271],[32.70221,40.04267],[32.59437,40.01144],[32.58446,39.99029],[32.58865,39.96293],[32.61815,39.96421],[32.669,39.92556],[32.66301,39.89209],[32.6235,39.86723],[32.5176,39.86101],[32.46329,39.8021],[32.50225,39.75319],[32.60016,39.70392],[32.68355,39.78307],[32.74144,39.87149],[32.81097,39.93747],[32.87642,39.97122]]]}},{"type":"Feature","properties":{"gid":"TUR.8.1_1","name2":"Akseki","engtype2":"District","type2":"District","provZh":"安塔利亚省"},"geometry":{"type":"Polygon","coordinates":[[[32.09267,37.09482],[32.0678,37.13567],[31.8467,37.2883],[31.79504,37.31424],[31.68376,37.32903],[31.67639,37.28343],[31.69436,37.23661],[31.75917,37.1795],[31.75095,37.06143],[31.63107,36.90198],[31.68194,36.87971],[31.76452,36.7954],[31.809,36.79524],[32.01922,36.93739],[32.0355,36.96471],[32.02392,37.03648],[32.09267,37.09482]]]}},{"type":"Feature","properties":{"gid":"TUR.8.2_1","name2":"Alanya","engtype2":"District","type2":"District","provZh":"安塔利亚省"},"geometry":{"type":"Polygon","coordinates":[[[32.49873,36.57616],[32.4565,36.67406],[32.47058,36.75113],[32.42606,36.82073],[32.29105,36.85093],[32.32129,36.75072],[32.29475,36.65386],[31.99795,36.67681],[31.88276,36.65355],[31.76091,36.69933],[31.68164,36.65161],[31.74708,36.63764],[31.77458,36.60403],[31.96875,36.55597],[31.9857,36.52736],[32.02958,36.53819],[32.16597,36.41708],[32.24875,36.30708],[32.37941,36.42344],[32.40187,36.51725],[32.49873,36.57616]]]}},{"type":"Feature","properties":{"gid":"TUR.8.3_1","name2":"Elmalı","engtype2":"District","type2":"District","provZh":"安塔利亚省"},"geometry":{"type":"Polygon","coordinates":[[[29.68426,36.919],[29.6736,36.87477],[29.60499,36.77915],[29.57402,36.61486],[29.80569,36.55123],[29.99865,36.55101],[30.09756,36.5791],[30.18645,36.68589],[30.18818,36.79518],[30.11825,36.84436],[30.11001,36.88624],[30.06498,36.94221],[29.92939,36.91347],[29.83702,36.92162],[29.77834,36.89912],[29.68426,36.919]]]}},{"type":"Feature","properties":{"gid":"TUR.8.4_1","name2":"Finike","engtype2":"District","type2":"District","provZh":"安塔利亚省"},"geometry":{"type":"Polygon","coordinates":[[[29.97361,36.54975],[29.8426,36.55006],[29.84282,36.45514],[29.86356,36.41884],[30.01371,36.35714],[30.03975,36.29482],[30.10458,36.24571],[30.13903,36.27847],[30.15181,36.27208],[30.14958,36.30097],[30.21772,36.31486],[30.17457,36.36741],[30.17052,36.44117],[30.09756,36.5791],[29.97361,36.54975]]]}},{"type":"Feature","properties":{"gid":"TUR.8.5_1","name2":"Gazipaşa","engtype2":"District","type2":"District","provZh":"安塔利亚省"},"geometry":{"type":"Polygon","coordinates":[[[32.25382,36.30819],[32.29486,36.23486],[32.36069,36.20042],[32.38903,36.16292],[32.55014,36.09292],[32.58743,36.11825],[32.63269,36.22589],[32.64681,36.28603],[32.63582,36.3836],[32.65814,36.44608],[32.55423,36.50822],[32.49873,36.57616],[32.47195,36.56914],[32.39835,36.51229],[32.37593,36.41897],[32.25382,36.30819]]]}},{"type":"Feature","properties":{"gid":"TUR.8.6_1","name2":"Gündoğmuş","engtype2":"District","type2":"District","provZh":"安塔利亚省"},"geometry":{"type":"Polygon","coordinates":[[[31.76452,36.7954],[31.76091,36.69933],[31.88276,36.65355],[31.99795,36.67681],[32.29475,36.65386],[32.32096,36.73853],[32.23913,36.99413],[32.09267,37.09482],[32.02392,37.03648],[32.0355,36.96471],[32.01922,36.93739],[31.81467,36.798],[31.76452,36.7954]]]}},{"type":"Feature","properties":{"gid":"TUR.8.7_1","name2":"İbradi","engtype2":"District","type2":"District","provZh":"安塔利亚省"},"geometry":{"type":"Polygon","coordinates":[[[31.68376,37.32903],[31.45999,37.34155],[31.37464,37.3703],[31.38788,37.30883],[31.36204,37.26418],[31.36272,37.21622],[31.44766,37.09512],[31.48278,36.96869],[31.58632,36.90009],[31.63107,36.90198],[31.69343,37.00179],[31.74908,37.05293],[31.75917,37.1795],[31.69436,37.23661],[31.67639,37.28343],[31.68376,37.32903]]]}},{"type":"Feature","properties":{"gid":"TUR.8.8_1","name2":"Kale","engtype2":"District","type2":"District","provZh":"安塔利亚省"},"geometry":{"type":"MultiPolygon","coordinates":[[[[29.75625,36.14069],[29.73875,36.12264],[29.76625,36.13153],[29.75625,36.14069]]],[[[29.91514,36.19708],[29.84069,36.16903],[29.88125,36.16903],[29.91514,36.19708]]],[[[29.96352,36.37744],[29.90912,36.40257],[29.83193,36.33036],[29.76414,36.15708],[29.78347,36.15764],[29.75653,36.1418],[29.81125,36.15292],[29.82931,36.16903],[29.80069,36.16542],[29.85042,36.19209],[29.82875,36.18792],[29.83903,36.19458],[29.88736,36.19403],[29.92236,36.23403],[29.98125,36.21431],[30.06153,36.25958],[30.10439,36.24597],[30.03975,36.29482],[30.01371,36.35714],[29.96352,36.37744]]]]}},{"type":"Feature","properties":{"gid":"TUR.8.9_1","name2":"Kaş","engtype2":"District","type2":"District","provZh":"安塔利亚省"},"geometry":{"type":"Polygon","coordinates":[[[29.60103,36.60592],[29.57402,36.61486],[29.32709,36.44232],[29.29876,36.31876],[29.25597,36.30097],[29.3532,36.22958],[29.37486,36.24875],[29.36847,36.26264],[29.39292,36.26403],[29.41709,36.26069],[29.41181,36.2243],[29.45514,36.22569],[29.44153,36.21042],[29.63042,36.20542],[29.58375,36.18597],[29.64486,36.19626],[29.65042,36.17347],[29.64181,36.18375],[29.63042,36.16958],[29.65458,36.14708],[29.6782,36.15292],[29.68375,36.13042],[29.72292,36.16347],[29.76403,36.15681],[29.83028,36.3278],[29.90912,36.40257],[29.8683,36.41527],[29.8452,36.44611],[29.8426,36.55006],[29.60103,36.60592]]]}},{"type":"Feature","properties":{"gid":"TUR.8.10_1","name2":"Kemer","engtype2":"District","type2":"District","provZh":"安塔利亚省"},"geometry":{"type":"Polygon","coordinates":[[[30.49544,36.32728],[30.53014,36.33792],[30.47764,36.3957],[30.49181,36.42153],[30.48125,36.43403],[30.50958,36.43986],[30.50736,36.46875],[30.59153,36.58931],[30.55681,36.61875],[30.57458,36.70319],[30.56403,36.72603],[30.52057,36.69247],[30.4135,36.66606],[30.38394,36.56311],[30.40105,36.38768],[30.49544,36.32728]]]}},{"type":"Feature","properties":{"gid":"TUR.8.11_1","name2":"Korkuteli","engtype2":"District","type2":"District","provZh":"安塔利亚省"},"geometry":{"type":"Polygon","coordinates":[[[30.18818,36.79518],[30.3518,36.80752],[30.37322,36.85392],[30.44143,36.91143],[30.47756,37.00257],[30.53394,37.06798],[30.52607,37.10324],[30.4476,37.15615],[30.44413,37.22362],[30.39348,37.24318],[30.35336,37.30415],[30.2394,37.29311],[29.91196,37.18393],[29.84829,37.12187],[29.8091,36.99096],[29.7522,36.93541],[29.68426,36.919],[29.77834,36.89912],[29.83702,36.92162],[29.92939,36.91347],[30.05923,36.94442],[30.11001,36.88624],[30.11825,36.84436],[30.18818,36.79518]]]}},{"type":"Feature","properties":{"gid":"TUR.8.12_1","name2":"Kumluca","engtype2":"District","type2":"District","provZh":"安塔利亚省"},"geometry":{"type":"Polygon","coordinates":[[[30.10944,36.59753],[30.09756,36.5791],[30.17052,36.44117],[30.17457,36.36741],[30.21792,36.31458],[30.29514,36.31153],[30.37014,36.26875],[30.40819,36.27542],[30.40319,36.20931],[30.48764,36.27903],[30.48875,36.29931],[30.46486,36.30958],[30.49625,36.32681],[30.39886,36.39355],[30.3834,36.55701],[30.4135,36.66606],[30.35631,36.69029],[30.3518,36.80752],[30.18818,36.79518],[30.18645,36.68589],[30.10944,36.59753]]]}},{"type":"Feature","properties":{"gid":"TUR.8.13_1","name2":"Manavgat","engtype2":"District","type2":"District","provZh":"安塔利亚省"},"geometry":{"type":"Polygon","coordinates":[[[31.64454,36.8967],[31.55396,36.91314],[31.46973,36.98984],[31.44766,37.09512],[31.36189,37.21909],[31.36204,37.26418],[31.38789,37.31407],[31.34876,37.40825],[31.3233,37.42439],[31.23881,37.4218],[31.17973,37.3897],[31.06078,37.36409],[31.0906,37.24296],[31.0777,37.15569],[31.18246,37.13969],[31.22454,37.10109],[31.22329,37.01857],[31.1655,36.9352],[31.17986,36.82903],[31.34569,36.80431],[31.38736,36.78042],[31.38625,36.76403],[31.55264,36.71542],[31.67569,36.64375],[31.71265,36.68213],[31.76091,36.69933],[31.76452,36.7954],[31.64454,36.8967]]]}},{"type":"Feature","properties":{"gid":"TUR.8.14_1","name2":"Merkez","engtype2":"District","type2":"District","provZh":"安塔利亚省"},"geometry":{"type":"Polygon","coordinates":[[[30.56,36.7242],[30.57792,36.80069],[30.67625,36.88292],[30.70014,36.88458],[30.75736,36.84486],[30.92237,36.85375],[30.92137,36.88163],[30.87978,36.92181],[30.92292,36.98373],[30.92317,37.06944],[30.82486,37.15312],[30.79019,37.23623],[30.44413,37.22362],[30.4476,37.15615],[30.52607,37.10324],[30.5349,37.07355],[30.47756,37.00257],[30.44143,36.91143],[30.35674,36.82811],[30.35414,36.69637],[30.4135,36.66606],[30.52057,36.69247],[30.56,36.7242]]]}},{"type":"Feature","properties":{"gid":"TUR.8.15_1","name2":"Serik","engtype2":"District","type2":"District","provZh":"安塔利亚省"},"geometry":{"type":"Polygon","coordinates":[[[31.06197,37.35121],[31.06078,37.36409],[30.98644,37.34353],[30.9291,37.37432],[30.87656,37.35938],[30.80597,37.19871],[30.8291,37.14817],[30.89889,37.10492],[30.92317,37.06944],[30.92292,36.98373],[30.87978,36.92181],[30.92137,36.88163],[30.92237,36.85375],[31.00653,36.8582],[31.17514,36.82792],[31.1655,36.9352],[31.22329,37.01857],[31.22454,37.10109],[31.18246,37.13969],[31.0777,37.15569],[31.0906,37.24296],[31.06197,37.35121]]]}},{"type":"Feature","properties":{"gid":"TUR.9.1_1","name2":"Çıldır","engtype2":"District","type2":"District","provZh":"阿尔达汉省"},"geometry":{"type":"Polygon","coordinates":[[[43.20288,41.29764],[43.12961,41.31792],[43.10152,41.35458],[43.02142,41.382],[42.99287,41.31063],[43.03102,41.24601],[43.02093,41.22097],[42.97658,41.1877],[42.90558,41.18658],[42.91999,41.12803],[43.01809,41.02398],[43.04219,40.97047],[43.18058,41.00609],[43.22617,41.03093],[43.25848,41.07897],[43.26377,41.15536],[43.28223,41.18187],[43.22654,41.17606],[43.23178,41.19275],[43.1921,41.25211],[43.12392,41.25409],[43.20288,41.29764]]]}},{"type":"Feature","properties":{"gid":"TUR.9.2_1","name2":"Damal","engtype2":"District","type2":"District","provZh":"阿尔达汉省"},"geometry":{"type":"Polygon","coordinates":[[[42.98962,41.41267],[42.96032,41.40048],[42.76526,41.42979],[42.6705,41.38055],[42.75134,41.29401],[42.84202,41.2906],[43.00576,41.33042],[43.02142,41.382],[42.98962,41.41267]]]}},{"type":"Feature","properties":{"gid":"TUR.9.3_1","name2":"Göle","engtype2":"District","type2":"District","provZh":"阿尔达汉省"},"geometry":{"type":"Polygon","coordinates":[[[42.33083,40.93491],[42.38465,40.8258],[42.54808,40.64073],[42.5674,40.63886],[42.83601,40.71354],[42.86959,40.7703],[42.87328,40.85267],[42.9002,40.91134],[42.67159,40.99934],[42.5506,40.99857],[42.33083,40.93491]]]}},{"type":"Feature","properties":{"gid":"TUR.9.4_1","name2":"Hanak","engtype2":"District","type2":"District","provZh":"阿尔达汉省"},"geometry":{"type":"Polygon","coordinates":[[[42.99307,41.32513],[42.84948,41.29136],[42.76129,41.291],[42.6705,41.38055],[42.52435,41.32196],[42.57718,41.23177],[42.64878,41.19986],[42.95509,41.18507],[42.99705,41.19943],[43.03088,41.23899],[42.99307,41.32513]]]}},{"type":"Feature","properties":{"gid":"TUR.9.5_1","name2":"Merkez","engtype2":"District","type2":"District","provZh":"阿尔达汉省"},"geometry":{"type":"Polygon","coordinates":[[[42.90558,41.18658],[42.70148,41.1867],[42.58323,41.22635],[42.5574,41.18562],[42.39836,41.08527],[42.33081,40.98289],[42.33083,40.93491],[42.56231,40.99962],[42.73573,40.98533],[42.9002,40.91134],[42.93327,40.93906],[43.04219,40.97047],[43.01809,41.02398],[42.91999,41.12803],[42.90558,41.18658]]]}},{"type":"Feature","properties":{"gid":"TUR.9.6_1","name2":"Posof","engtype2":"District","type2":"District","provZh":"阿尔达汉省"},"geometry":{"type":"Polygon","coordinates":[[[42.51132,41.46695],[42.52033,41.44005],[42.47285,41.43974],[42.52435,41.32196],[42.75778,41.42874],[42.96032,41.40048],[42.98962,41.41267],[42.96959,41.45151],[42.90454,41.48081],[42.89541,41.5037],[42.8662,41.49911],[42.85192,41.47279],[42.80962,41.49266],[42.79346,41.51644],[42.83876,41.57072],[42.82928,41.58789],[42.60726,41.58586],[42.57987,41.56611],[42.5695,41.51093],[42.51132,41.46695]]]}},{"type":"Feature","properties":{"gid":"TUR.10.1_1","name2":"Ardanuç","engtype2":"District","type2":"District","provZh":"阿尔特温省"},"geometry":{"type":"Polygon","coordinates":[[[42.39836,41.08527],[42.32072,41.10324],[42.29833,41.17302],[42.23854,41.23539],[42.14536,41.25656],[41.98434,41.18417],[41.92926,41.1155],[41.92585,41.07271],[41.94422,40.98932],[42.01268,40.93066],[42.0993,40.96384],[42.27312,40.96531],[42.33081,40.98289],[42.39836,41.08527]]]}},{"type":"Feature","properties":{"gid":"TUR.10.2_1","name2":"Arhavi","engtype2":"District","type2":"District","provZh":"阿尔特温省"},"geometry":{"type":"Polygon","coordinates":[[[41.2741,41.34542],[41.21148,41.30292],[41.24785,41.25561],[41.25562,41.20852],[41.3357,41.13328],[41.40926,41.11718],[41.46928,41.20763],[41.46211,41.3066],[41.3195,41.31556],[41.2741,41.34542]]]}},{"type":"Feature","properties":{"gid":"TUR.10.3_1","name2":"Borçka","engtype2":"District","type2":"District","provZh":"阿尔特温省"},"geometry":{"type":"Polygon","coordinates":[[[41.62569,41.49661],[41.57705,41.41096],[41.50943,41.39016],[41.50431,41.33015],[41.48321,41.30113],[41.55774,41.30186],[41.67653,41.26461],[41.86672,41.2567],[41.96657,41.32458],[41.97548,41.35497],[42.01375,41.38518],[42.06439,41.50142],[41.95518,41.52465],[41.82767,41.43443],[41.76226,41.47129],[41.71565,41.47514],[41.70883,41.49772],[41.65495,41.48361],[41.62569,41.49661]]]}},{"type":"Feature","properties":{"gid":"TUR.10.4_1","name2":"Hopa","engtype2":"District","type2":"District","provZh":"阿尔特温省"},"geometry":{"type":"Polygon","coordinates":[[[41.54819,41.52628],[41.5218,41.48264],[41.47403,41.46153],[41.41069,41.38653],[41.2741,41.34542],[41.3195,41.31556],[41.48321,41.30113],[41.50431,41.33015],[41.50943,41.39016],[41.57705,41.41096],[41.62569,41.49661],[41.54819,41.52628]]]}},{"type":"Feature","properties":{"gid":"TUR.10.5_1","name2":"Merkez","engtype2":"District","type2":"District","provZh":"阿尔特温省"},"geometry":{"type":"Polygon","coordinates":[[[42.14536,41.25656],[42.0834,41.28782],[42.04316,41.34607],[41.99627,41.36558],[41.88381,41.25912],[41.67653,41.26461],[41.58796,41.12252],[41.5012,41.08722],[41.59705,41.03751],[41.77528,41.0101],[41.83055,40.95848],[41.92496,40.93982],[41.99196,40.8905],[42.01268,40.93066],[41.94422,40.98932],[41.92926,41.1155],[41.99176,41.18972],[42.14536,41.25656]]]}},{"type":"Feature","properties":{"gid":"TUR.10.6_1","name2":"Murgul","engtype2":"District","type2":"District","provZh":"阿尔特温省"},"geometry":{"type":"Polygon","coordinates":[[[41.40926,41.11718],[41.42398,41.09345],[41.5012,41.08722],[41.5707,41.10963],[41.67653,41.26461],[41.55774,41.30186],[41.46211,41.3066],[41.46928,41.20763],[41.40926,41.11718]]]}},{"type":"Feature","properties":{"gid":"TUR.10.7_1","name2":"Şavşat","engtype2":"District","type2":"District","provZh":"阿尔特温省"},"geometry":{"type":"Polygon","coordinates":[[[42.06439,41.50142],[41.99627,41.36558],[42.04316,41.34607],[42.09341,41.28128],[42.25268,41.22477],[42.29833,41.17302],[42.32769,41.09781],[42.40363,41.08608],[42.56991,41.19815],[42.58323,41.22635],[42.47285,41.43974],[42.28879,41.49411],[42.20391,41.4936],[42.1839,41.51451],[42.06439,41.50142]]]}},{"type":"Feature","properties":{"gid":"TUR.10.8_1","name2":"Yusufeli","engtype2":"District","type2":"District","provZh":"阿尔特温省"},"geometry":{"type":"Polygon","coordinates":[[[41.5012,41.08722],[41.42398,41.09345],[41.40725,41.06506],[41.34373,41.03705],[41.12231,40.80845],[41.19908,40.78025],[41.38124,40.77572],[41.39772,40.74736],[41.34394,40.66426],[41.34004,40.62584],[41.36262,40.57928],[41.4287,40.56306],[41.64822,40.66171],[41.71424,40.6605],[41.82442,40.61821],[41.90591,40.64225],[41.99196,40.8905],[41.92496,40.93982],[41.83055,40.95848],[41.77528,41.0101],[41.59705,41.03751],[41.5012,41.08722]]]}},{"type":"Feature","properties":{"gid":"TUR.11.1_1","name2":"Bozdoğan","engtype2":"District","type2":"District","provZh":"艾登省"},"geometry":{"type":"Polygon","coordinates":[[[28.25306,37.57573],[28.31209,37.58508],[28.46112,37.49723],[28.6042,37.4777],[28.55676,37.54417],[28.56491,37.63048],[28.50857,37.84846],[28.44188,37.79179],[28.38941,37.77362],[28.336,37.84828],[28.28184,37.84576],[28.27935,37.78374],[28.19987,37.7156],[28.25133,37.65345],[28.25306,37.57573]]]}},{"type":"Feature","properties":{"gid":"TUR.11.2_1","name2":"Buharkent","engtype2":"District","type2":"District","provZh":"艾登省"},"geometry":{"type":"Polygon","coordinates":[[[28.79308,37.90648],[28.86809,37.98911],[28.79952,38.04783],[28.74307,38.06514],[28.72282,38.02988],[28.79308,37.90648]]]}},{"type":"Feature","properties":{"gid":"TUR.11.3_1","name2":"Çine","engtype2":"District","type2":"District","provZh":"艾登省"},"geometry":{"type":"Polygon","coordinates":[[[28.19987,37.7156],[28.03053,37.75006],[27.87088,37.72951],[27.76917,37.64027],[27.80925,37.60684],[27.88314,37.59835],[27.90572,37.57545],[27.92144,37.53554],[27.88497,37.45704],[28.14274,37.47233],[28.21605,37.55821],[28.25306,37.57573],[28.25133,37.65345],[28.19987,37.7156]]]}},{"type":"Feature","properties":{"gid":"TUR.11.4_1","name2":"Didim","engtype2":"District","type2":"District","provZh":"艾登省"},"geometry":{"type":"Polygon","coordinates":[[[27.44024,37.46892],[27.34693,37.51657],[27.19569,37.5214],[27.20264,37.48986],[27.18181,37.47403],[27.22514,37.48792],[27.23069,37.40569],[27.20903,37.39875],[27.19153,37.35375],[27.25375,37.33569],[27.28542,37.35625],[27.33042,37.34264],[27.32208,37.37069],[27.35986,37.37208],[27.36875,37.39958],[27.41486,37.4157],[27.44024,37.46892]]]}},{"type":"Feature","properties":{"gid":"TUR.11.5_1","name2":"Germencik","engtype2":"District","type2":"District","provZh":"艾登省"},"geometry":{"type":"Polygon","coordinates":[[[27.72011,37.98552],[27.51995,37.9811],[27.48936,37.94054],[27.40827,37.90784],[27.41097,37.85239],[27.37435,37.82222],[27.50971,37.83149],[27.47798,37.78863],[27.48608,37.77812],[27.58209,37.80692],[27.63553,37.79108],[27.72011,37.98552]]]}},{"type":"Feature","properties":{"gid":"TUR.11.6_1","name2":"İncirliova","engtype2":"District","type2":"District","provZh":"艾登省"},"geometry":{"type":"Polygon","coordinates":[[[27.63553,37.79108],[27.74015,37.79691],[27.78797,37.77399],[27.80544,37.89818],[27.85692,37.984],[27.76392,37.97185],[27.72011,37.98552],[27.63553,37.79108]]]}},{"type":"Feature","properties":{"gid":"TUR.11.7_1","name2":"Karacasu","engtype2":"District","type2":"District","provZh":"艾登省"},"geometry":{"type":"Polygon","coordinates":[[[28.55053,37.57099],[28.60674,37.60981],[28.74044,37.6001],[28.86359,37.67625],[28.87957,37.697],[28.84902,37.76317],[28.80004,37.79562],[28.77163,37.84039],[28.6097,37.88846],[28.50857,37.84846],[28.56491,37.63048],[28.55053,37.57099]]]}},{"type":"Feature","properties":{"gid":"TUR.11.8_1","name2":"Karpuzlu","engtype2":"District","type2":"District","provZh":"艾登省"},"geometry":{"type":"Polygon","coordinates":[[[27.76917,37.64027],[27.69889,37.56871],[27.71226,37.49464],[27.88497,37.45704],[27.92144,37.53554],[27.90572,37.57545],[27.88314,37.59835],[27.80925,37.60684],[27.76917,37.64027]]]}},{"type":"Feature","properties":{"gid":"TUR.11.9_1","name2":"Koçarlı","engtype2":"District","type2":"District","provZh":"艾登省"},"geometry":{"type":"Polygon","coordinates":[[[27.87088,37.72951],[27.82305,37.76896],[27.74015,37.79691],[27.62597,37.79054],[27.58209,37.80692],[27.5266,37.78173],[27.66078,37.61337],[27.61762,37.5249],[27.70534,37.49567],[27.70189,37.57309],[27.87088,37.72951]]]}},{"type":"Feature","properties":{"gid":"TUR.11.10_1","name2":"Köşk","engtype2":"District","type2":"District","provZh":"艾登省"},"geometry":{"type":"Polygon","coordinates":[[[28.12599,37.83777],[28.12021,37.90986],[28.1763,37.96082],[28.20204,38.02188],[28.03687,38.02203],[28.05808,37.98504],[28.0589,37.89568],[28.035,37.83038],[28.07173,37.81972],[28.12599,37.83777]]]}},{"type":"Feature","properties":{"gid":"TUR.11.11_1","name2":"Kuşadası","engtype2":"District","type2":"District","provZh":"艾登省"},"geometry":{"type":"Polygon","coordinates":[[[27.40827,37.90784],[27.26514,37.8918],[27.23542,37.84042],[27.26875,37.81319],[27.25958,37.76208],[27.23736,37.72625],[27.19042,37.70514],[27.2532,37.69262],[27.30351,37.70747],[27.35624,37.80787],[27.41097,37.85239],[27.40827,37.90784]]]}},{"type":"Feature","properties":{"gid":"TUR.11.12_1","name2":"Kuyucak","engtype2":"District","type2":"District","provZh":"艾登省"},"geometry":{"type":"Polygon","coordinates":[[[28.74307,38.06514],[28.7079,38.08144],[28.71974,38.09927],[28.66837,38.11358],[28.59621,38.02649],[28.47004,37.95194],[28.46701,37.90248],[28.50857,37.84846],[28.59909,37.88956],[28.7572,37.83894],[28.79308,37.90648],[28.72282,38.02988],[28.74307,38.06514]]]}},{"type":"Feature","properties":{"gid":"TUR.11.13_1","name2":"Merkez","engtype2":"District","type2":"District","provZh":"艾登省"},"geometry":{"type":"Polygon","coordinates":[[[28.11749,37.73409],[28.12599,37.83777],[28.07173,37.81972],[28.035,37.83038],[28.0589,37.89568],[28.05808,37.98504],[28.03687,38.02203],[27.97805,38.00684],[27.93868,38.01836],[27.92361,37.99509],[27.85692,37.984],[27.80544,37.89818],[27.78797,37.77399],[27.82305,37.76896],[27.87088,37.72951],[27.94415,37.72828],[28.01869,37.75053],[28.11749,37.73409]]]}},{"type":"Feature","properties":{"gid":"TUR.11.14_1","name2":"Nazilli","engtype2":"District","type2":"District","provZh":"艾登省"},"geometry":{"type":"Polygon","coordinates":[[[28.50857,37.84846],[28.46577,37.90512],[28.46669,37.94729],[28.59621,38.02649],[28.66837,38.11358],[28.55995,38.10866],[28.27183,38.02381],[28.271,37.98681],[28.32329,37.92875],[28.32871,37.85233],[28.37703,37.77665],[28.43279,37.7868],[28.50857,37.84846]]]}},{"type":"Feature","properties":{"gid":"TUR.11.15_1","name2":"Söke","engtype2":"District","type2":"District","provZh":"艾登省"},"geometry":{"type":"Polygon","coordinates":[[[27.3987,37.50257],[27.44048,37.47675],[27.47431,37.55241],[27.50623,37.57459],[27.61762,37.5249],[27.66046,37.60643],[27.5266,37.78173],[27.47853,37.7828],[27.50971,37.83149],[27.36897,37.81935],[27.31851,37.7262],[27.27618,37.695],[27.19042,37.70514],[27.09931,37.68042],[27.03125,37.69014],[27.00514,37.66819],[27.01431,37.64708],[27.12431,37.63097],[27.21736,37.59069],[27.17458,37.54764],[27.15959,37.58542],[27.16792,37.53625],[27.19153,37.5457],[27.18014,37.48292],[27.19458,37.53264],[27.3987,37.50257]]]}},{"type":"Feature","properties":{"gid":"TUR.11.16_1","name2":"Sultanhisar","engtype2":"District","type2":"District","provZh":"艾登省"},"geometry":{"type":"Polygon","coordinates":[[[28.32871,37.85233],[28.32702,37.92124],[28.27221,37.98417],[28.27183,38.02381],[28.20204,38.02188],[28.1763,37.96082],[28.11866,37.90436],[28.13354,37.85523],[28.18426,37.86736],[28.24014,37.84359],[28.32871,37.85233]]]}},{"type":"Feature","properties":{"gid":"TUR.11.17_1","name2":"Yenipazar","engtype2":"District","type2":"District","provZh":"艾登省"},"geometry":{"type":"Polygon","coordinates":[[[28.28184,37.84576],[28.22882,37.84532],[28.18426,37.86736],[28.13354,37.85523],[28.11749,37.73409],[28.1763,37.71621],[28.23433,37.73029],[28.28173,37.78897],[28.28184,37.84576]]]}},{"type":"Feature","properties":{"gid":"TUR.12.1_1","name2":"Ayvalık","engtype2":"District","type2":"District","provZh":"巴勒克埃西尔省"},"geometry":{"type":"MultiPolygon","coordinates":[[[[26.78656,39.35726],[26.76569,39.36875],[26.7018,39.34069],[26.66069,39.29903],[26.67097,39.27903],[26.63042,39.29708],[26.65681,39.30375],[26.65181,39.32292],[26.62847,39.31403],[26.60875,39.27347],[26.7182,39.25903],[26.73903,39.20042],[26.78491,39.17176],[27.01296,39.3016],[26.95708,39.32206],[26.8615,39.32542],[26.78656,39.35726]]],[[[26.61542,39.39514],[26.59875,39.38569],[26.61736,39.38042],[26.62347,39.35653],[26.60792,39.35181],[26.62264,39.32653],[26.6907,39.33347],[26.6232,39.37014],[26.67014,39.38986],[26.61542,39.39514]]],[[[26.60014,39.30292],[26.57736,39.27708],[26.60292,39.2832],[26.60014,39.30292]]],[[[26.59069,39.39681],[26.5757,39.38986],[26.58819,39.36764],[26.6032,39.39486],[26.59069,39.39681]]]]}},{"type":"Feature","properties":{"gid":"TUR.12.2_1","name2":"Balya","engtype2":"District","type2":"District","provZh":"巴勒克埃西尔省"},"geometry":{"type":"Polygon","coordinates":[[[27.47257,39.88762],[27.41844,39.82663],[27.26428,39.77082],[27.26991,39.73547],[27.35271,39.65447],[27.52175,39.6305],[27.68037,39.64914],[27.79523,39.83369],[27.86778,39.91605],[27.68429,39.96251],[27.47257,39.88762]]]}},{"type":"Feature","properties":{"gid":"TUR.12.3_1","name2":"Bandırma","engtype2":"District","type2":"District","provZh":"巴勒克埃西尔省"},"geometry":{"type":"Polygon","coordinates":[[[28.19116,40.37364],[28.21567,40.39819],[28.06069,40.38236],[27.96625,40.35264],[27.89625,40.38718],[27.78181,40.31236],[27.71282,40.3055],[27.8597,40.23527],[27.88339,40.1838],[28.02875,40.15882],[28.12351,40.11377],[28.13945,40.31339],[28.19116,40.37364]]]}},{"type":"Feature","properties":{"gid":"TUR.12.4_1","name2":"Bigadiç","engtype2":"District","type2":"District","provZh":"巴勒克埃西尔省"},"geometry":{"type":"Polygon","coordinates":[[[28.24291,39.52338],[28.13127,39.52076],[28.05478,39.54333],[27.91698,39.53107],[27.89672,39.50571],[27.95037,39.44092],[27.92549,39.38602],[28.03309,39.34805],[28.09727,39.33385],[28.22188,39.34365],[28.35215,39.29853],[28.60861,39.31136],[28.58737,39.34512],[28.50849,39.38509],[28.38551,39.48992],[28.24291,39.52338]]]}},{"type":"Feature","properties":{"gid":"TUR.12.5_1","name2":"Burhaniye","engtype2":"District","type2":"District","provZh":"巴勒克埃西尔省"},"geometry":{"type":"Polygon","coordinates":[[[27.05022,39.33041],[27.17676,39.42147],[27.10756,39.44788],[27.06691,39.55235],[26.95319,39.55293],[26.93125,39.48542],[26.85847,39.47736],[26.85264,39.45744],[26.99451,39.41718],[27.05022,39.33041]]]}},{"type":"Feature","properties":{"gid":"TUR.12.6_1","name2":"Dursunbey","engtype2":"District","type2":"District","provZh":"巴勒克埃西尔省"},"geometry":{"type":"Polygon","coordinates":[[[28.60861,39.31136],[28.66138,39.23371],[28.80733,39.29386],[28.89848,39.39],[28.94058,39.51982],[28.93494,39.55087],[28.96331,39.58926],[28.90947,39.62299],[28.81724,39.61468],[28.78167,39.62746],[28.67019,39.75598],[28.52121,39.76626],[28.35873,39.62774],[28.26772,39.57428],[28.24291,39.52338],[28.38551,39.48992],[28.50849,39.38509],[28.58737,39.34512],[28.60861,39.31136]]]}},{"type":"Feature","properties":{"gid":"TUR.12.7_1","name2":"Edremit","engtype2":"District","type2":"District","provZh":"巴勒克埃西尔省"},"geometry":{"type":"Polygon","coordinates":[[[27.03473,39.55941],[27.0966,39.61282],[27.21073,39.79008],[27.13908,39.81212],[27.03168,39.79842],[26.84529,39.71006],[26.72398,39.71576],[26.68892,39.6979],[26.66659,39.65068],[26.66294,39.55848],[26.77458,39.57125],[26.83847,39.55792],[26.87931,39.58514],[26.92264,39.58375],[26.95319,39.55293],[27.03473,39.55941]]]}},{"type":"Feature","properties":{"gid":"TUR.12.8_1","name2":"Erdek","engtype2":"District","type2":"District","provZh":"巴勒克埃西尔省"},"geometry":{"type":"Polygon","coordinates":[[[27.88672,40.38415],[28.00597,40.43986],[28.03486,40.47764],[27.8707,40.51708],[27.79431,40.51931],[27.78486,40.50597],[27.77736,40.52625],[27.75375,40.52847],[27.68403,40.50208],[27.68653,40.47236],[27.75181,40.44931],[27.74542,40.43042],[27.79514,40.38403],[27.81847,40.39986],[27.88672,40.38415]]]}},{"type":"Feature","properties":{"gid":"TUR.12.9_1","name2":"Gömeç","engtype2":"District","type2":"District","provZh":"巴勒克埃西尔省"},"geometry":{"type":"Polygon","coordinates":[[[26.99746,39.30841],[27.01296,39.3016],[27.05022,39.33041],[26.98586,39.42267],[26.86422,39.45987],[26.83403,39.42959],[26.79708,39.43236],[26.81125,39.39986],[26.77192,39.36847],[26.79231,39.35339],[26.8615,39.32542],[26.99746,39.30841]]]}},{"type":"Feature","properties":{"gid":"TUR.12.10_1","name2":"Gönen","engtype2":"District","type2":"District","provZh":"巴勒克埃西尔省"},"geometry":{"type":"Polygon","coordinates":[[[27.74772,39.95106],[27.751,39.98479],[27.79954,40.0261],[27.84148,40.15923],[27.88339,40.1838],[27.86661,40.22647],[27.72149,40.29186],[27.71653,40.31486],[27.58709,40.3182],[27.57532,40.27116],[27.46825,40.19469],[27.50712,40.12586],[27.45004,39.99492],[27.49237,39.95381],[27.47257,39.88762],[27.67719,39.96151],[27.74772,39.95106]]]}},{"type":"Feature","properties":{"gid":"TUR.12.11_1","name2":"Havran","engtype2":"District","type2":"District","provZh":"巴勒克埃西尔省"},"geometry":{"type":"Polygon","coordinates":[[[27.26428,39.77082],[27.21073,39.79008],[27.0966,39.61282],[27.03473,39.55941],[27.0806,39.53621],[27.11722,39.44107],[27.17676,39.42147],[27.18439,39.48055],[27.30155,39.52552],[27.35348,39.59131],[27.35271,39.65447],[27.26991,39.73547],[27.26428,39.77082]]]}},{"type":"Feature","properties":{"gid":"TUR.12.12_1","name2":"İvrindi","engtype2":"District","type2":"District","provZh":"巴勒克埃西尔省"},"geometry":{"type":"Polygon","coordinates":[[[27.35271,39.65447],[27.35535,39.59675],[27.32389,39.5447],[27.19145,39.48706],[27.17676,39.42147],[27.40769,39.38152],[27.4935,39.41402],[27.51256,39.47812],[27.57638,39.5013],[27.62484,39.54449],[27.64413,39.60965],[27.68037,39.64914],[27.52175,39.6305],[27.35271,39.65447]]]}},{"type":"Feature","properties":{"gid":"TUR.12.13_1","name2":"Kepsut","engtype2":"District","type2":"District","provZh":"巴勒克埃西尔省"},"geometry":{"type":"Polygon","coordinates":[[[28.24291,39.52338],[28.26772,39.57428],[28.35873,39.62774],[28.52121,39.76626],[28.30317,39.86916],[28.27918,39.82936],[28.22677,39.80156],[28.04948,39.74779],[28.03345,39.68976],[28.0952,39.54293],[28.13127,39.52076],[28.24291,39.52338]]]}},{"type":"Feature","properties":{"gid":"TUR.12.14_1","name2":"Manyas","engtype2":"District","type2":"District","provZh":"巴勒克埃西尔省"},"geometry":{"type":"Polygon","coordinates":[[[27.86778,39.91605],[28.04287,39.9423],[28.03587,39.99646],[28.13845,40.07883],[28.13613,40.10467],[27.98726,40.16965],[27.88339,40.1838],[27.84709,40.16557],[27.79954,40.0261],[27.751,39.98479],[27.74772,39.95106],[27.86778,39.91605]]]}},{"type":"Feature","properties":{"gid":"TUR.12.15_1","name2":"Marmara","engtype2":"District","type2":"District","provZh":"巴勒克埃西尔省"},"geometry":{"type":"MultiPolygon","coordinates":[[[[27.51792,40.53708],[27.47819,40.49403],[27.48958,40.46792],[27.53708,40.48819],[27.52347,40.50042],[27.55292,40.52125],[27.51792,40.53708]]],[[[27.62125,40.51069],[27.5993,40.50875],[27.60792,40.48153],[27.58264,40.48264],[27.57792,40.46264],[27.64958,40.45208],[27.63236,40.47208],[27.65153,40.4932],[27.62125,40.51069]]],[[[27.63597,40.66736],[27.53264,40.64681],[27.52931,40.59681],[27.60875,40.57431],[27.74403,40.63264],[27.63597,40.66736]]]]}},{"type":"Feature","properties":{"gid":"TUR.12.16_1","name2":"Merkez","engtype2":"District","type2":"District","provZh":"巴勒克埃西尔省"},"geometry":{"type":"Polygon","coordinates":[[[27.68037,39.64914],[27.64413,39.60965],[27.62484,39.54449],[27.67996,39.54128],[27.73782,39.49178],[27.74872,39.43093],[27.79146,39.35729],[27.88154,39.34558],[27.95029,39.43637],[27.89937,39.4976],[27.90267,39.52377],[28.0952,39.54293],[28.03172,39.71103],[28.04948,39.74779],[28.1007,39.76242],[27.97685,39.82162],[27.98833,39.88679],[27.97673,39.91306],[27.94963,39.9289],[27.89914,39.92505],[27.86778,39.91605],[27.79523,39.83369],[27.68037,39.64914]]]}},{"type":"Feature","properties":{"gid":"TUR.12.17_1","name2":"Savaştepe","engtype2":"District","type2":"District","provZh":"巴勒克埃西尔省"},"geometry":{"type":"Polygon","coordinates":[[[27.4935,39.41402],[27.67241,39.34809],[27.79146,39.35729],[27.74872,39.43093],[27.7419,39.48696],[27.6739,39.54294],[27.60978,39.54],[27.57638,39.5013],[27.52269,39.48666],[27.49315,39.44713],[27.4935,39.41402]]]}},{"type":"Feature","properties":{"gid":"TUR.12.18_1","name2":"Sındırgı","engtype2":"District","type2":"District","provZh":"巴勒克埃西尔省"},"geometry":{"type":"Polygon","coordinates":[[[27.92549,39.38602],[27.89658,39.35721],[27.91714,39.32901],[27.88408,39.27492],[27.88768,39.24617],[28.0108,39.21061],[28.05702,39.17236],[28.11262,39.06286],[28.15239,39.04501],[28.46672,39.12395],[28.6029,39.18003],[28.66219,39.16383],[28.66138,39.23371],[28.60861,39.31136],[28.34438,39.29908],[28.22188,39.34365],[28.08548,39.33463],[27.92549,39.38602]]]}},{"type":"Feature","properties":{"gid":"TUR.12.19_1","name2":"Susurluk","engtype2":"District","type2":"District","provZh":"巴勒克埃西尔省"},"geometry":{"type":"Polygon","coordinates":[[[28.30317,39.86916],[28.21094,40.03119],[28.13845,40.07883],[28.0375,39.99905],[28.04287,39.9423],[27.94963,39.9289],[27.9873,39.898],[27.97685,39.82162],[28.1007,39.76242],[28.27433,39.82598],[28.30317,39.86916]]]}},{"type":"Feature","properties":{"gid":"TUR.13.1_1","name2":"Amasra","engtype2":"District","type2":"District","provZh":"巴尔滕省"},"geometry":{"type":"Polygon","coordinates":[[[32.54613,41.69933],[32.55706,41.70542],[32.45403,41.77597],[32.41542,41.73958],[32.38208,41.75375],[32.22347,41.67986],[32.27635,41.66063],[32.45429,41.64744],[32.54613,41.69933]]]}},{"type":"Feature","properties":{"gid":"TUR.13.2_1","name2":"Kurucaşile","engtype2":"District","type2":"District","provZh":"巴尔滕省"},"geometry":{"type":"Polygon","coordinates":[[[32.55706,41.70542],[32.74566,41.75311],[32.68416,41.83444],[32.58014,41.82736],[32.57292,41.81097],[32.51181,41.80597],[32.47014,41.77653],[32.55706,41.70542]]]}},{"type":"Feature","properties":{"gid":"TUR.13.3_1","name2":"Merkez","engtype2":"District","type2":"District","provZh":"巴尔滕省"},"geometry":{"type":"Polygon","coordinates":[[[32.22958,41.67399],[32.14931,41.6068],[32.05208,41.58153],[32.06208,41.57014],[32.02875,41.57458],[32.02193,41.55922],[32.04119,41.52348],[32.30513,41.30619],[32.35404,41.23849],[32.42854,41.25429],[32.49186,41.29233],[32.47089,41.32917],[32.40842,41.36884],[32.39147,41.40648],[32.47512,41.48061],[32.50082,41.54398],[32.76486,41.71983],[32.74566,41.75311],[32.62215,41.72683],[32.51389,41.69106],[32.45429,41.64744],[32.22958,41.67399]]]}},{"type":"Feature","properties":{"gid":"TUR.13.4_1","name2":"Ulus","engtype2":"District","type2":"District","provZh":"巴尔滕省"},"geometry":{"type":"Polygon","coordinates":[[[32.49186,41.29233],[32.6318,41.35578],[32.69793,41.46402],[32.79068,41.52581],[32.82317,41.51309],[32.92558,41.55396],[32.831,41.59181],[32.76331,41.71104],[32.65459,41.65215],[32.50727,41.55049],[32.47512,41.48061],[32.39266,41.41138],[32.40842,41.36884],[32.47089,41.32917],[32.49186,41.29233]]]}},{"type":"Feature","properties":{"gid":"TUR.14.1_1","name2":"Beşiri","engtype2":"District","type2":"District","provZh":"巴特曼省"},"geometry":{"type":"Polygon","coordinates":[[[41.70092,37.77769],[41.73793,37.82557],[41.73164,37.85506],[41.51866,37.85847],[41.41746,37.90815],[41.42595,37.94947],[41.48305,37.99149],[41.48128,38.02125],[41.43778,38.05246],[41.19887,38.07837],[41.15685,38.00751],[41.15302,37.99164],[41.17602,37.9797],[41.26925,37.95288],[41.24334,37.91522],[41.25434,37.87161],[41.33727,37.84007],[41.44657,37.75049],[41.70092,37.77769]]]}},{"type":"Feature","properties":{"gid":"TUR.14.2_1","name2":"Gercüş","engtype2":"District","type2":"District","provZh":"巴特曼省"},"geometry":{"type":"Polygon","coordinates":[[[41.11237,37.8047],[41.0996,37.76951],[41.05179,37.73957],[41.05128,37.71852],[41.18901,37.5568],[41.44612,37.55443],[41.57319,37.57748],[41.65804,37.65389],[41.6254,37.6934],[41.56043,37.67121],[41.46072,37.67049],[41.24802,37.69521],[41.22863,37.71289],[41.22821,37.76401],[41.11237,37.8047]]]}},{"type":"Feature","properties":{"gid":"TUR.14.3_1","name2":"Hasankeyf","engtype2":"District","type2":"District","provZh":"巴特曼省"},"geometry":{"type":"Polygon","coordinates":[[[41.44657,37.75049],[41.39491,37.74082],[41.22821,37.76401],[41.22762,37.71899],[41.23927,37.69905],[41.28613,37.68575],[41.44424,37.67087],[41.56043,37.67121],[41.6254,37.6934],[41.65804,37.65389],[41.87389,37.74025],[41.86824,37.75908],[41.83897,37.76422],[41.75461,37.74295],[41.67152,37.78458],[41.62482,37.76494],[41.44657,37.75049]]]}},{"type":"Feature","properties":{"gid":"TUR.14.4_1","name2":"Kozluk","engtype2":"District","type2":"District","provZh":"巴特曼省"},"geometry":{"type":"Polygon","coordinates":[[[41.48128,38.02125],[41.60669,38.03848],[41.64614,38.10235],[41.67973,38.22349],[41.66242,38.42114],[41.4537,38.27789],[41.36725,38.25345],[41.21409,38.25298],[41.22916,38.16386],[41.19887,38.07837],[41.43404,38.05346],[41.48128,38.02125]]]}},{"type":"Feature","properties":{"gid":"TUR.14.5_1","name2":"Merkez","engtype2":"District","type2":"District","provZh":"巴特曼省"},"geometry":{"type":"Polygon","coordinates":[[[41.15302,37.99164],[41.10205,37.9116],[41.03573,37.86796],[41.05168,37.82512],[41.15461,37.77832],[41.26691,37.75343],[41.44657,37.75049],[41.33727,37.84007],[41.24973,37.87618],[41.24466,37.92071],[41.27067,37.94542],[41.26093,37.96158],[41.15302,37.99164]]]}},{"type":"Feature","properties":{"gid":"TUR.14.6_1","name2":"Sason","engtype2":"District","type2":"District","provZh":"巴特曼省"},"geometry":{"type":"Polygon","coordinates":[[[41.66242,38.42114],[41.63223,38.50776],[41.59911,38.53692],[41.45265,38.5403],[41.41693,38.52225],[41.43433,38.49729],[41.42138,38.47715],[41.35119,38.47163],[41.24945,38.42844],[41.21595,38.3392],[41.21409,38.25298],[41.36725,38.25345],[41.4537,38.27789],[41.66242,38.42114]]]}},{"type":"Feature","properties":{"gid":"TUR.15.1_1","name2":"Aydıntepe","engtype2":"District","type2":"District","provZh":"巴伊布尔特省"},"geometry":{"type":"Polygon","coordinates":[[[40.2859,40.51444],[40.20972,40.50019],[40.09298,40.51235],[40.04511,40.42015],[39.98843,40.36897],[40.09745,40.30434],[40.22913,40.30595],[40.28687,40.43747],[40.2859,40.51444]]]}},{"type":"Feature","properties":{"gid":"TUR.15.2_1","name2":"Demirözü","engtype2":"District","type2":"District","provZh":"巴伊布尔特省"},"geometry":{"type":"Polygon","coordinates":[[[39.84372,39.97449],[39.87967,40.0083],[39.98553,40.02947],[39.94125,40.12527],[39.99628,40.17508],[39.83718,40.2797],[39.80494,40.12057],[39.74072,40.07666],[39.68866,40.0062],[39.72013,39.95679],[39.78476,39.93109],[39.84372,39.97449]]]}},{"type":"Feature","properties":{"gid":"TUR.15.3_1","name2":"Merkez","engtype2":"District","type2":"District","provZh":"巴伊布尔特省"},"geometry":{"type":"Polygon","coordinates":[[[39.98843,40.36897],[39.8772,40.34444],[39.83721,40.29134],[39.91132,40.22189],[39.99504,40.17975],[39.94125,40.12527],[39.98553,40.02947],[40.11089,40.07004],[40.37506,40.02386],[40.47739,40.02457],[40.75914,40.15104],[40.79771,40.20347],[40.78183,40.23067],[40.63781,40.24571],[40.59258,40.26643],[40.58806,40.29078],[40.55994,40.30656],[40.52689,40.48198],[40.4985,40.53533],[40.2859,40.51444],[40.28604,40.43451],[40.22615,40.30469],[40.09745,40.30434],[39.98843,40.36897]]]}},{"type":"Feature","properties":{"gid":"TUR.16.1_1","name2":"Bozüyük","engtype2":"District","type2":"District","provZh":"比莱吉克省"},"geometry":{"type":"Polygon","coordinates":[[[30.00705,40.03498],[29.95984,39.96234],[29.84478,39.94914],[29.78929,39.9677],[29.7709,39.90651],[29.67701,39.90554],[29.69292,39.8797],[29.68674,39.82541],[29.72285,39.74099],[29.95208,39.68216],[30.04477,39.69323],[29.99901,39.74573],[30.00272,39.78552],[30.03656,39.82684],[30.1133,39.86707],[30.24866,39.85491],[30.19948,39.92106],[30.00705,40.03498]]]}},{"type":"Feature","properties":{"gid":"TUR.16.2_1","name2":"Gölpazarı","engtype2":"District","type2":"District","provZh":"比莱吉克省"},"geometry":{"type":"Polygon","coordinates":[[[30.18292,40.16408],[30.3068,40.18227],[30.38281,40.15838],[30.41736,40.23722],[30.53782,40.27187],[30.58682,40.34478],[30.46557,40.38898],[30.30373,40.40286],[30.27769,40.39609],[30.21027,40.32373],[30.1432,40.2992],[30.07616,40.31023],[30.08065,40.23927],[30.16494,40.20665],[30.18292,40.16408]]]}},{"type":"Feature","properties":{"gid":"TUR.16.3_1","name2":"İnhisar","engtype2":"District","type2":"District","provZh":"比莱吉克省"},"geometry":{"type":"Polygon","coordinates":[[[30.35621,39.93702],[30.43462,39.93966],[30.5023,39.97787],[30.56782,40.15233],[30.38281,40.15838],[30.31602,40.05324],[30.31771,39.99939],[30.35621,39.93702]]]}},{"type":"Feature","properties":{"gid":"TUR.16.4_1","name2":"Merkez","engtype2":"District","type2":"District","provZh":"比莱吉克省"},"geometry":{"type":"Polygon","coordinates":[[[30.06264,40.01286],[30.06533,40.06686],[30.15957,40.13206],[30.18292,40.16408],[30.17467,40.19791],[30.08065,40.23927],[30.07616,40.31023],[29.80593,40.34536],[29.83152,40.2853],[29.79927,40.23756],[29.73473,40.19569],[29.70027,40.10096],[29.81568,40.11117],[30.06264,40.01286]]]}},{"type":"Feature","properties":{"gid":"TUR.16.5_1","name2":"Osmaneli","engtype2":"District","type2":"District","provZh":"比莱吉克省"},"geometry":{"type":"Polygon","coordinates":[[[30.27769,40.39609],[30.18725,40.36944],[30.11951,40.3717],[29.98158,40.46557],[29.9415,40.53153],[29.83885,40.4725],[29.80734,40.42054],[29.80593,40.34536],[30.1432,40.2992],[30.22211,40.33011],[30.27769,40.39609]]]}},{"type":"Feature","properties":{"gid":"TUR.16.6_1","name2":"Pazaryeri","engtype2":"District","type2":"District","provZh":"比莱吉克省"},"geometry":{"type":"Polygon","coordinates":[[[30.00705,40.03498],[29.80437,40.11255],[29.70027,40.10096],[29.68801,40.06284],[29.73328,39.99311],[29.83281,39.94988],[29.96599,39.96476],[30.00705,40.03498]]]}},{"type":"Feature","properties":{"gid":"TUR.16.7_1","name2":"Söğüt","engtype2":"District","type2":"District","provZh":"比莱吉克省"},"geometry":{"type":"Polygon","coordinates":[[[30.24866,39.85491],[30.35621,39.93702],[30.31771,39.99939],[30.31602,40.05324],[30.38281,40.15838],[30.32612,40.18017],[30.18292,40.16408],[30.06128,40.05888],[30.07576,39.99121],[30.20414,39.91745],[30.24866,39.85491]]]}},{"type":"Feature","properties":{"gid":"TUR.16.8_1","name2":"Yenipazar","engtype2":"District","type2":"District","provZh":"比莱吉克省"},"geometry":{"type":"Polygon","coordinates":[[[30.38281,40.15838],[30.57136,40.14688],[30.72675,40.17191],[30.62383,40.33518],[30.58682,40.34478],[30.53782,40.27187],[30.41736,40.23722],[30.38281,40.15838]]]}},{"type":"Feature","properties":{"gid":"TUR.17.1_1","name2":"Adaklı","engtype2":"District","type2":"District","provZh":"宾格尔省"},"geometry":{"type":"Polygon","coordinates":[[[40.42038,39.16164],[40.71544,39.10493],[40.7478,39.13898],[40.74063,39.18644],[40.77774,39.2132],[40.78525,39.2559],[40.83808,39.32387],[40.79271,39.36522],[40.76611,39.35278],[40.60557,39.3725],[40.52466,39.41526],[40.44791,39.42551],[40.39086,39.3945],[40.39534,39.35792],[40.46014,39.3128],[40.40625,39.26028],[40.4286,39.2197],[40.42038,39.16164]]]}},{"type":"Feature","properties":{"gid":"TUR.17.2_1","name2":"Genç","engtype2":"District","type2":"District","provZh":"宾格尔省"},"geometry":{"type":"Polygon","coordinates":[[[40.91532,38.88187],[40.70635,38.8329],[40.47847,38.72136],[40.36172,38.74829],[40.34856,38.72012],[40.28793,38.72671],[40.23907,38.63198],[40.23947,38.60807],[40.29604,38.55553],[40.29215,38.47479],[40.44481,38.47846],[40.47573,38.51074],[40.49867,38.59279],[40.52927,38.61324],[40.90302,38.5914],[41.16356,38.6831],[41.1151,38.72532],[41.01376,38.76039],[40.91532,38.88187]]]}},{"type":"Feature","properties":{"gid":"TUR.17.3_1","name2":"Karlıova","engtype2":"District","type2":"District","provZh":"宾格尔省"},"geometry":{"type":"Polygon","coordinates":[[[40.72773,39.11253],[40.83207,39.10321],[40.86959,39.03839],[40.91231,39.08911],[40.99515,39.13683],[41.13399,39.09201],[41.17725,39.1027],[41.2044,39.16356],[41.17155,39.30061],[41.21869,39.35534],[41.13103,39.45878],[41.02952,39.466],[40.90939,39.55085],[40.87176,39.55713],[40.83844,39.46502],[40.78383,39.38828],[40.838,39.3131],[40.78525,39.2559],[40.77774,39.2132],[40.74063,39.18644],[40.74944,39.14437],[40.72773,39.11253]]]}},{"type":"Feature","properties":{"gid":"TUR.17.4_1","name2":"Kiğı","engtype2":"District","type2":"District","provZh":"宾格尔省"},"geometry":{"type":"Polygon","coordinates":[[[40.39083,39.38286],[40.20206,39.28889],[40.25131,39.26773],[40.28001,39.20322],[40.37024,39.22248],[40.39784,39.15584],[40.42038,39.16164],[40.4286,39.2197],[40.40816,39.26573],[40.46014,39.3128],[40.39946,39.35312],[40.39083,39.38286]]]}},{"type":"Feature","properties":{"gid":"TUR.17.5_1","name2":"Merkez","engtype2":"District","type2":"District","provZh":"宾格尔省"},"geometry":{"type":"Polygon","coordinates":[[[40.42038,39.16164],[40.28465,39.04148],[40.2868,38.94426],[40.32029,38.86981],[40.35352,38.86205],[40.38604,38.81183],[40.36172,38.74829],[40.47847,38.72136],[40.70635,38.8329],[40.91532,38.88187],[40.91348,38.97114],[40.83207,39.10321],[40.78286,39.11522],[40.68372,39.10386],[40.42038,39.16164]]]}},{"type":"Feature","properties":{"gid":"TUR.17.6_1","name2":"Solhan","engtype2":"District","type2":"District","provZh":"宾格尔省"},"geometry":{"type":"Polygon","coordinates":[[[41.16356,38.6831],[41.2663,38.7256],[41.15595,38.90488],[41.27449,39.02956],[41.27287,39.11346],[41.23756,39.15413],[41.2044,39.16356],[41.18364,39.10795],[41.15182,39.09229],[41.01166,39.13647],[40.96199,39.12454],[40.86959,39.03839],[40.91348,38.97114],[40.91759,38.87393],[41.01376,38.76039],[41.1151,38.72532],[41.16356,38.6831]]]}},{"type":"Feature","properties":{"gid":"TUR.17.7_1","name2":"Yayladere","engtype2":"District","type2":"District","provZh":"宾格尔省"},"geometry":{"type":"Polygon","coordinates":[[[40.20206,39.28889],[40.09867,39.31428],[40.03183,39.20495],[40.04345,39.14479],[40.00977,39.08989],[40.27863,39.19919],[40.25131,39.26773],[40.20206,39.28889]]]}},{"type":"Feature","properties":{"gid":"TUR.17.8_1","name2":"Yedisu","engtype2":"District","type2":"District","provZh":"宾格尔省"},"geometry":{"type":"Polygon","coordinates":[[[40.79271,39.36522],[40.78469,39.39353],[40.83844,39.46502],[40.86518,39.56503],[40.68346,39.5117],[40.54323,39.54778],[40.51652,39.50399],[40.33311,39.4228],[40.39086,39.3945],[40.4573,39.42677],[40.52794,39.41409],[40.60557,39.3725],[40.76611,39.35278],[40.79271,39.36522]]]}},{"type":"Feature","properties":{"gid":"TUR.18.1_1","name2":"Adilcevaz","engtype2":"District","type2":"District","provZh":"比特利斯省"},"geometry":{"type":"Polygon","coordinates":[[[42.74984,39.03715],[42.76899,38.9404],[42.62638,38.92692],[42.5612,38.94336],[42.61145,38.83585],[42.59553,38.74591],[42.70007,38.68617],[42.80819,38.63849],[42.95969,38.61477],[43.06327,38.72976],[43.17415,38.7937],[43.19506,38.82275],[43.19791,38.88017],[43.12785,38.93338],[43.00571,38.98618],[43.02248,39.09549],[42.74984,39.03715]]]}},{"type":"Feature","properties":{"gid":"TUR.18.2_1","name2":"Ahlat","engtype2":"District","type2":"District","provZh":"比特利斯省"},"geometry":{"type":"Polygon","coordinates":[[[42.5612,38.94336],[42.48959,38.92668],[42.31691,38.93747],[42.13997,38.87032],[42.13937,38.82499],[42.0164,38.82207],[41.99672,38.79398],[42.05404,38.72868],[42.05621,38.69475],[42.37023,38.68549],[42.4515,38.72765],[42.59553,38.74591],[42.61145,38.83585],[42.5612,38.94336]]]}},{"type":"Feature","properties":{"gid":"TUR.18.3_1","name2":"Güroymak","engtype2":"District","type2":"District","provZh":"比特利斯省"},"geometry":{"type":"Polygon","coordinates":[[[42.05621,38.69475],[41.89748,38.60273],[41.93437,38.51353],[41.93216,38.456],[42.15259,38.49554],[42.18035,38.57972],[42.25987,38.69474],[42.05621,38.69475]]]}},{"type":"Feature","properties":{"gid":"TUR.18.4_1","name2":"Hizan","engtype2":"District","type2":"District","provZh":"比特利斯省"},"geometry":{"type":"Polygon","coordinates":[[[42.29816,38.18779],[42.37169,38.13842],[42.49809,38.11],[42.72763,38.01245],[42.8357,38.06551],[42.77731,38.12716],[42.79896,38.1684],[42.75568,38.17525],[42.71854,38.20607],[42.73924,38.27291],[42.73112,38.31007],[42.65397,38.30658],[42.55803,38.23965],[42.40915,38.31098],[42.29816,38.18779]]]}},{"type":"Feature","properties":{"gid":"TUR.18.5_1","name2":"Merkez","engtype2":"District","type2":"District","provZh":"比特利斯省"},"geometry":{"type":"Polygon","coordinates":[[[41.93216,38.456],[41.96434,38.40883],[41.96272,38.31179],[41.86066,38.28821],[41.79189,38.23326],[41.76492,38.17735],[41.91658,38.14832],[41.979,38.15625],[42.02595,38.12946],[42.10457,38.20418],[42.20791,38.21694],[42.29816,38.18779],[42.40915,38.31098],[42.20711,38.414],[42.15259,38.49554],[41.93216,38.456]]]}},{"type":"Feature","properties":{"gid":"TUR.18.6_1","name2":"Mutki","engtype2":"District","type2":"District","provZh":"比特利斯省"},"geometry":{"type":"Polygon","coordinates":[[[41.67487,38.19519],[41.76492,38.17735],[41.79189,38.23326],[41.86066,38.28821],[41.96272,38.31179],[41.96434,38.40883],[41.93216,38.456],[41.93437,38.51353],[41.89748,38.60273],[41.84769,38.58971],[41.63271,38.60135],[41.57017,38.58501],[41.52218,38.54191],[41.59267,38.5402],[41.63345,38.50515],[41.67908,38.35855],[41.67487,38.19519]]]}},{"type":"Feature","properties":{"gid":"TUR.18.7_1","name2":"Tatvan","engtype2":"District","type2":"District","provZh":"比特利斯省"},"geometry":{"type":"Polygon","coordinates":[[[42.59553,38.74591],[42.4515,38.72765],[42.36269,38.68376],[42.25987,38.69474],[42.18035,38.57972],[42.15259,38.49554],[42.19548,38.4254],[42.54385,38.24059],[42.57703,38.24361],[42.65726,38.30781],[42.73112,38.31007],[42.68789,38.39511],[42.69044,38.42796],[42.88175,38.51926],[42.94624,38.61435],[42.80819,38.63849],[42.59553,38.74591]]]}},{"type":"Feature","properties":{"gid":"TUR.19.1_1","name2":"Dörtdivan","engtype2":"District","type2":"District","provZh":"博卢省"},"geometry":{"type":"Polygon","coordinates":[[[32.05252,40.77535],[31.92029,40.75018],[31.97777,40.69291],[31.88648,40.54276],[31.95851,40.50813],[32.02757,40.50916],[32.06643,40.51969],[32.0943,40.57793],[32.13115,40.60521],[32.1318,40.64549],[32.0773,40.68674],[32.05252,40.77535]]]}},{"type":"Feature","properties":{"gid":"TUR.19.2_1","name2":"Gerede","engtype2":"District","type2":"District","provZh":"博卢省"},"geometry":{"type":"Polygon","coordinates":[[[32.21729,40.42514],[32.37283,40.41554],[32.46183,40.5072],[32.47657,40.53814],[32.43042,40.65179],[32.52143,40.72863],[32.54009,40.8088],[32.50603,40.86419],[32.28197,40.9411],[32.2635,40.91095],[32.1906,40.86823],[32.12732,40.85534],[32.07705,40.87384],[32.06181,40.85525],[32.04747,40.82679],[32.07505,40.69194],[32.11717,40.66475],[32.13525,40.62168],[32.06643,40.51969],[32.15306,40.45656],[32.16686,40.42693],[32.21729,40.42514]]]}},{"type":"Feature","properties":{"gid":"TUR.19.3_1","name2":"Göynük","engtype2":"District","type2":"District","provZh":"博卢省"},"geometry":{"type":"Polygon","coordinates":[[[31.06073,40.41575],[31.01195,40.4482],[30.97905,40.50655],[30.91083,40.53856],[30.8293,40.51986],[30.67617,40.51832],[30.59298,40.43793],[30.64444,40.39047],[30.64551,40.35963],[30.62383,40.33518],[30.72675,40.17191],[30.87397,40.14035],[30.955,40.22294],[31.04755,40.27256],[31.03729,40.37632],[31.06073,40.41575]]]}},{"type":"Feature","properties":{"gid":"TUR.19.4_1","name2":"Kıbrıscık","engtype2":"District","type2":"District","provZh":"博卢省"},"geometry":{"type":"Polygon","coordinates":[[[32.16686,40.42693],[32.15306,40.45656],[32.06643,40.51969],[31.95181,40.50998],[31.78073,40.59938],[31.64517,40.57767],[31.69526,40.52918],[31.70056,40.47583],[31.74131,40.42182],[31.76418,40.33434],[31.90335,40.34561],[32.16686,40.42693]]]}},{"type":"Feature","properties":{"gid":"TUR.19.5_1","name2":"Mengen","engtype2":"District","type2":"District","provZh":"博卢省"},"geometry":{"type":"Polygon","coordinates":[[[32.28197,40.9411],[32.28521,41.0083],[31.91219,41.01945],[31.7363,41.04272],[31.7579,40.98769],[31.73953,40.94845],[31.6909,40.91468],[31.82071,40.86425],[31.85613,40.82327],[31.90492,40.82133],[31.95245,40.85243],[32.04897,40.87709],[32.16364,40.85793],[32.25885,40.90736],[32.28197,40.9411]]]}},{"type":"Feature","properties":{"gid":"TUR.19.6_1","name2":"Merkez","engtype2":"District","type2":"District","provZh":"博卢省"},"geometry":{"type":"Polygon","coordinates":[[[31.92029,40.75018],[31.92188,40.82333],[31.85613,40.82327],[31.82071,40.86425],[31.6909,40.91468],[31.60423,40.88134],[31.46925,40.87096],[31.43152,40.80506],[31.42706,40.70134],[31.36094,40.66146],[31.3767,40.6185],[31.43313,40.60686],[31.4861,40.56563],[31.70555,40.57773],[31.77717,40.59971],[31.88648,40.54276],[31.97777,40.69291],[31.92029,40.75018]]]}},{"type":"Feature","properties":{"gid":"TUR.19.7_1","name2":"Mudurnu","engtype2":"District","type2":"District","provZh":"博卢省"},"geometry":{"type":"Polygon","coordinates":[[[31.45775,40.32085],[31.42835,40.4275],[31.4861,40.56563],[31.43313,40.60686],[31.3767,40.6185],[31.36094,40.66146],[31.2649,40.64683],[31.19075,40.6818],[31.02657,40.65954],[30.95456,40.68225],[30.94676,40.57278],[30.91083,40.53856],[30.97905,40.50655],[31.01625,40.44437],[31.26393,40.34677],[31.45775,40.32085]]]}},{"type":"Feature","properties":{"gid":"TUR.19.8_1","name2":"Seben","engtype2":"District","type2":"District","provZh":"博卢省"},"geometry":{"type":"Polygon","coordinates":[[[31.75562,40.33776],[31.75616,40.38692],[31.70056,40.47583],[31.69526,40.52918],[31.64517,40.57767],[31.47583,40.55297],[31.42785,40.42137],[31.45775,40.32085],[31.59118,40.3092],[31.69465,40.34261],[31.75562,40.33776]]]}},{"type":"Feature","properties":{"gid":"TUR.19.9_1","name2":"Yeniçağa","engtype2":"District","type2":"District","provZh":"博卢省"},"geometry":{"type":"Polygon","coordinates":[[[32.05252,40.77535],[32.04821,40.83202],[32.07705,40.87384],[31.95582,40.85366],[31.92188,40.82333],[31.92029,40.75018],[32.05252,40.77535]]]}},{"type":"Feature","properties":{"gid":"TUR.20.1_1","name2":"Ağlasun","engtype2":"District","type2":"District","provZh":"布尔杜尔省"},"geometry":{"type":"Polygon","coordinates":[[[30.74586,37.56224],[30.71308,37.6661],[30.65805,37.69881],[30.54076,37.70356],[30.48426,37.72943],[30.44862,37.66644],[30.46064,37.60902],[30.56665,37.55032],[30.74586,37.56224]]]}},{"type":"Feature","properties":{"gid":"TUR.20.2_1","name2":"Altınyayla","engtype2":"District","type2":"District","provZh":"布尔杜尔省"},"geometry":{"type":"Polygon","coordinates":[[[29.7372,36.9272],[29.64883,37.10691],[29.3926,37.13871],[29.38776,37.07609],[29.40831,37.02463],[29.39666,36.95005],[29.44612,36.96439],[29.51177,37.02421],[29.54673,37.02761],[29.62463,36.99751],[29.68426,36.919],[29.7372,36.9272]]]}},{"type":"Feature","properties":{"gid":"TUR.20.3_1","name2":"Bucak","engtype2":"District","type2":"District","provZh":"布尔杜尔省"},"geometry":{"type":"Polygon","coordinates":[[[30.44413,37.22362],[30.75042,37.23643],[30.80518,37.22458],[30.87008,37.35358],[30.9159,37.37249],[30.90987,37.39292],[30.76959,37.5209],[30.74586,37.56224],[30.56665,37.55032],[30.42923,37.48314],[30.37024,37.48719],[30.31886,37.46278],[30.25028,37.38857],[30.24971,37.29484],[30.35336,37.30415],[30.39348,37.24318],[30.44413,37.22362]]]}},{"type":"Feature","properties":{"gid":"TUR.20.4_1","name2":"Çavdır","engtype2":"District","type2":"District","provZh":"布尔杜尔省"},"geometry":{"type":"Polygon","coordinates":[[[29.87744,37.16139],[29.76765,37.21116],[29.67411,37.22998],[29.62771,37.2868],[29.53794,37.34649],[29.51657,37.30721],[29.59916,37.23858],[29.60727,37.19164],[29.7372,36.9272],[29.82442,37.01426],[29.84602,37.11684],[29.87744,37.16139]]]}},{"type":"Feature","properties":{"gid":"TUR.20.5_1","name2":"Çeltikçi","engtype2":"District","type2":"District","provZh":"布尔杜尔省"},"geometry":{"type":"Polygon","coordinates":[[[30.46064,37.60902],[30.42253,37.60233],[30.35986,37.5525],[30.37024,37.48719],[30.42923,37.48314],[30.56665,37.55032],[30.46064,37.60902]]]}},{"type":"Feature","properties":{"gid":"TUR.20.6_1","name2":"Gölhisar","engtype2":"District","type2":"District","provZh":"布尔杜尔省"},"geometry":{"type":"Polygon","coordinates":[[[29.64883,37.10691],[29.59916,37.23858],[29.51657,37.30721],[29.44138,37.23632],[29.3926,37.13871],[29.64883,37.10691]]]}},{"type":"Feature","properties":{"gid":"TUR.20.7_1","name2":"Karamanlı","engtype2":"District","type2":"District","provZh":"布尔杜尔省"},"geometry":{"type":"Polygon","coordinates":[[[29.97979,37.46967],[29.92884,37.48146],[29.84256,37.45834],[29.65838,37.4572],[29.57953,37.43536],[29.57776,37.41795],[29.73812,37.40912],[29.9173,37.29862],[29.97937,37.2834],[29.96479,37.35584],[30.00715,37.40559],[29.97979,37.46967]]]}},{"type":"Feature","properties":{"gid":"TUR.20.8_1","name2":"Kemer","engtype2":"District","type2":"District","provZh":"布尔杜尔省"},"geometry":{"type":"Polygon","coordinates":[[[30.24971,37.29484],[30.25028,37.38857],[30.16412,37.49947],[30.08944,37.51473],[29.97979,37.46967],[30.00693,37.40293],[29.96773,37.36377],[29.96551,37.33632],[29.97937,37.2834],[30.02565,37.25069],[30.06804,37.23951],[30.24971,37.29484]]]}},{"type":"Feature","properties":{"gid":"TUR.20.9_1","name2":"Merkez","engtype2":"District","type2":"District","provZh":"布尔杜尔省"},"geometry":{"type":"Polygon","coordinates":[[[30.48426,37.72943],[30.41355,37.77393],[30.37103,37.83028],[30.33775,37.84],[30.08117,37.70346],[30.04684,37.70895],[30.00294,37.75488],[29.95301,37.66451],[29.99167,37.61988],[30.00924,37.56561],[29.96479,37.48132],[29.97979,37.46967],[30.08944,37.51473],[30.15852,37.50222],[30.25028,37.38857],[30.31886,37.46278],[30.37024,37.48719],[30.35452,37.5247],[30.36627,37.55942],[30.42253,37.60233],[30.46064,37.60902],[30.44699,37.66109],[30.48426,37.72943]]]}},{"type":"Feature","properties":{"gid":"TUR.20.10_1","name2":"Tefenni","engtype2":"District","type2":"District","provZh":"布尔杜尔省"},"geometry":{"type":"Polygon","coordinates":[[[30.04769,37.23776],[29.73454,37.41009],[29.57924,37.41019],[29.53794,37.34649],[29.62771,37.2868],[29.67411,37.22998],[29.76765,37.21116],[29.8695,37.16267],[30.04769,37.23776]]]}},{"type":"Feature","properties":{"gid":"TUR.20.11_1","name2":"Yeşilova","engtype2":"District","type2":"District","provZh":"布尔杜尔省"},"geometry":{"type":"Polygon","coordinates":[[[29.84527,37.76082],[29.52678,37.59138],[29.53679,37.45447],[29.57953,37.43536],[29.65838,37.4572],[29.84256,37.45834],[29.96479,37.48132],[30.00924,37.56561],[29.99167,37.61988],[29.95301,37.66451],[30.01049,37.77234],[29.967,37.78397],[29.84527,37.76082]]]}},{"type":"Feature","properties":{"gid":"TUR.21.1_1","name2":"Büyükorhan","engtype2":"District","type2":"District","provZh":"布尔萨省"},"geometry":{"type":"Polygon","coordinates":[[[28.90947,39.62299],[28.90967,39.66252],[29.02382,39.72502],[29.00594,39.78107],[28.9388,39.79111],[28.92902,39.83461],[28.88779,39.85509],[28.7645,39.8364],[28.7236,39.84556],[28.70521,39.77697],[28.67019,39.75598],[28.68278,39.72767],[28.78744,39.62474],[28.90947,39.62299]]]}},{"type":"Feature","properties":{"gid":"TUR.21.2_1","name2":"Gemlik","engtype2":"District","type2":"District","provZh":"布尔萨省"},"geometry":{"type":"Polygon","coordinates":[[[29.03483,40.36458],[29.01668,40.35683],[29.16805,40.33198],[29.19504,40.29392],[29.23377,40.32992],[29.32541,40.35736],[29.31469,40.37515],[29.2339,40.3956],[29.20829,40.42813],[29.20582,40.55632],[29.04502,40.55919],[29.01036,40.4973],[29.03236,40.47859],[29.09181,40.47458],[29.15431,40.42542],[29.08597,40.41764],[29.06347,40.36819],[29.03483,40.36458]]]}},{"type":"Feature","properties":{"gid":"TUR.21.3_1","name2":"Gürsu","engtype2":"District","type2":"District","provZh":"布尔萨省"},"geometry":{"type":"Polygon","coordinates":[[[29.19504,40.29392],[29.13128,40.28521],[29.06461,40.24617],[29.14487,40.20615],[29.23525,40.25237],[29.2764,40.32444],[29.26607,40.3402],[29.24018,40.33276],[29.19504,40.29392]]]}},{"type":"Feature","properties":{"gid":"TUR.21.4_1","name2":"Harmancık","engtype2":"District","type2":"District","provZh":"布尔萨省"},"geometry":{"type":"Polygon","coordinates":[[[28.96331,39.58926],[29.09232,39.54361],[29.22649,39.55627],[29.24717,39.58116],[29.26708,39.69276],[29.29878,39.73307],[29.12902,39.78636],[28.90967,39.66252],[28.90947,39.62299],[28.96331,39.58926]]]}},{"type":"Feature","properties":{"gid":"TUR.21.5_1","name2":"İnegöl","engtype2":"District","type2":"District","provZh":"布尔萨省"},"geometry":{"type":"Polygon","coordinates":[[[29.78929,39.9677],[29.73328,39.99311],[29.6886,40.05497],[29.7142,40.14779],[29.61518,40.14907],[29.46667,40.2048],[29.39753,40.20735],[29.33835,40.11747],[29.30983,40.10125],[29.28199,40.03738],[29.34557,39.93462],[29.40682,39.90653],[29.45207,39.92457],[29.54712,39.89198],[29.76094,39.9033],[29.78857,39.93006],[29.78929,39.9677]]]}},{"type":"Feature","properties":{"gid":"TUR.21.6_1","name2":"İznik","engtype2":"District","type2":"District","provZh":"布尔萨省"},"geometry":{"type":"Polygon","coordinates":[[[29.9415,40.53153],[29.92488,40.57753],[29.78633,40.61341],[29.57626,40.55675],[29.45256,40.55517],[29.48927,40.46659],[29.49063,40.36888],[29.51319,40.35985],[29.77456,40.39462],[29.80528,40.41009],[29.85692,40.4898],[29.9415,40.53153]]]}},{"type":"Feature","properties":{"gid":"TUR.21.7_1","name2":"Karacabey","engtype2":"District","type2":"District","provZh":"布尔萨省"},"geometry":{"type":"MultiPolygon","coordinates":[[[[28.12344,40.20986],[28.13845,40.07883],[28.16843,40.05553],[28.20491,40.09582],[28.23448,40.10122],[28.28134,40.05687],[28.32971,40.07551],[28.38275,40.14023],[28.46301,40.18876],[28.63027,40.16815],[28.73996,40.22633],[28.72924,40.24105],[28.64556,40.24689],[28.61739,40.30603],[28.56477,40.31497],[28.5732,40.37597],[28.51347,40.39486],[28.48236,40.36319],[28.51042,40.39514],[28.23931,40.40181],[28.21567,40.39819],[28.14403,40.32494],[28.12344,40.20986]]],[[[28.53903,40.56681],[28.51792,40.56514],[28.52458,40.51125],[28.54542,40.52597],[28.53625,40.54875],[28.55514,40.56486],[28.53903,40.56681]]]]}},{"type":"Feature","properties":{"gid":"TUR.21.8_1","name2":"Keles","engtype2":"District","type2":"District","provZh":"布尔萨省"},"geometry":{"type":"Polygon","coordinates":[[[29.29878,39.73307],[29.40682,39.90653],[29.34557,39.93462],[29.28199,40.03738],[29.22838,40.04242],[29.16945,40.00983],[29.03929,39.99667],[29.08233,39.93478],[29.09467,39.81359],[29.14503,39.77752],[29.29878,39.73307]]]}},{"type":"Feature","properties":{"gid":"TUR.21.9_1","name2":"Kestel","engtype2":"District","type2":"District","provZh":"布尔萨省"},"geometry":{"type":"Polygon","coordinates":[[[29.26607,40.3402],[29.27755,40.31355],[29.24186,40.25856],[29.14487,40.20615],[29.12791,40.16441],[29.07033,40.1236],[29.20098,40.07746],[29.33835,40.11747],[29.39753,40.20735],[29.35841,40.24199],[29.32541,40.35736],[29.26607,40.3402]]]}},{"type":"Feature","properties":{"gid":"TUR.21.10_1","name2":"Mudanya","engtype2":"District","type2":"District","provZh":"布尔萨省"},"geometry":{"type":"Polygon","coordinates":[[[28.63474,40.25819],[28.68446,40.27663],[28.81329,40.26722],[28.92507,40.30436],[28.97131,40.3568],[28.79681,40.39431],[28.66125,40.35986],[28.57395,40.37569],[28.5611,40.3199],[28.61739,40.30603],[28.63474,40.25819]]]}},{"type":"Feature","properties":{"gid":"TUR.21.11_1","name2":"Mustafa Kemalpaşa","engtype2":"District","type2":"District","provZh":"布尔萨省"},"geometry":{"type":"Polygon","coordinates":[[[28.67019,39.75598],[28.70654,39.77973],[28.7236,39.84556],[28.71015,39.8886],[28.78143,39.97942],[28.67435,40.15202],[28.46603,40.18964],[28.38275,40.14023],[28.31778,40.06858],[28.27449,40.0579],[28.22111,40.10187],[28.16843,40.05553],[28.21094,40.03119],[28.30317,39.86916],[28.52121,39.76626],[28.67019,39.75598]]]}},{"type":"Feature","properties":{"gid":"TUR.21.12_1","name2":"Nilüfer","engtype2":"District","type2":"District","provZh":"布尔萨省"},"geometry":{"type":"Polygon","coordinates":[[[29.03483,40.36458],[28.97131,40.3568],[28.92507,40.30436],[28.81329,40.26722],[28.65403,40.26881],[28.63474,40.25819],[28.65109,40.24413],[28.72924,40.24105],[28.73996,40.22633],[28.63027,40.16815],[28.68407,40.14447],[28.71571,40.08969],[28.88091,40.08936],[29.00929,40.20633],[29.04475,40.21151],[29.06461,40.24617],[29.13128,40.28521],[29.19504,40.29392],[29.16805,40.33198],[29.01668,40.35683],[29.03483,40.36458]]]}},{"type":"Feature","properties":{"gid":"TUR.21.13_1","name2":"Orhaneli","engtype2":"District","type2":"District","provZh":"布尔萨省"},"geometry":{"type":"Polygon","coordinates":[[[29.02382,39.72502],[29.12902,39.78636],[29.08568,39.82571],[29.08233,39.93478],[29.03929,39.99667],[28.88091,40.08936],[28.71571,40.08969],[28.78143,39.97942],[28.71015,39.8886],[28.71321,39.85581],[28.75773,39.83642],[28.84504,39.85707],[28.91463,39.8451],[28.9388,39.79111],[29.00594,39.78107],[29.02382,39.72502]]]}},{"type":"Feature","properties":{"gid":"TUR.21.14_1","name2":"Orhangazi","engtype2":"District","type2":"District","provZh":"布尔萨省"},"geometry":{"type":"Polygon","coordinates":[[[29.32544,40.369],[29.49063,40.36888],[29.48927,40.46659],[29.45256,40.55517],[29.36273,40.58002],[29.20582,40.55632],[29.20553,40.44035],[29.22108,40.40728],[29.32544,40.369]]]}},{"type":"Feature","properties":{"gid":"TUR.21.15_1","name2":"Osmangazi","engtype2":"District","type2":"District","provZh":"布尔萨省"},"geometry":{"type":"Polygon","coordinates":[[[29.30983,40.10125],[29.20098,40.07746],[29.09773,40.10532],[29.05733,40.13718],[29.03969,40.17244],[29.04475,40.21151],[29.02535,40.21379],[28.88091,40.08936],[29.03929,39.99667],[29.16945,40.00983],[29.22838,40.04242],[29.28199,40.03738],[29.30983,40.10125]]]}},{"type":"Feature","properties":{"gid":"TUR.21.16_1","name2":"Yenişehir","engtype2":"District","type2":"District","provZh":"布尔萨省"},"geometry":{"type":"Polygon","coordinates":[[[29.80593,40.34536],[29.80528,40.41009],[29.63899,40.36912],[29.32544,40.369],[29.35841,40.24199],[29.39753,40.20735],[29.51895,40.19179],[29.62683,40.1477],[29.7142,40.14779],[29.73899,40.20021],[29.80313,40.24166],[29.83346,40.29295],[29.80593,40.34536]]]}},{"type":"Feature","properties":{"gid":"TUR.21.17_1","name2":"Yıldırım","engtype2":"District","type2":"District","provZh":"布尔萨省"},"geometry":{"type":"Polygon","coordinates":[[[29.06461,40.24617],[29.03969,40.17244],[29.07033,40.1236],[29.12791,40.16441],[29.14487,40.20615],[29.06461,40.24617]]]}},{"type":"Feature","properties":{"gid":"TUR.22.1_1","name2":"Ayvacık","engtype2":"District","type2":"District","provZh":"恰纳卡莱省"},"geometry":{"type":"Polygon","coordinates":[[[26.68892,39.6979],[26.33346,39.69455],[26.30985,39.67467],[26.15903,39.64958],[26.10569,39.58541],[26.06264,39.47931],[26.13125,39.45292],[26.22986,39.47458],[26.24181,39.46375],[26.26486,39.4832],[26.36819,39.48042],[26.45958,39.52125],[26.65875,39.55209],[26.66659,39.65068],[26.68892,39.6979]]]}},{"type":"Feature","properties":{"gid":"TUR.22.2_1","name2":"Bayramiç","engtype2":"District","type2":"District","provZh":"恰纳卡莱省"},"geometry":{"type":"Polygon","coordinates":[[[26.98026,39.78216],[26.96642,39.81932],[26.98408,39.86386],[26.93872,39.9016],[26.8628,39.90741],[26.82478,39.93372],[26.82475,39.97715],[26.78863,40.06296],[26.71752,40.01544],[26.63776,40.03176],[26.62864,39.98857],[26.52063,39.97475],[26.49008,39.93372],[26.44148,39.91575],[26.45623,39.82798],[26.42713,39.77034],[26.4226,39.69836],[26.66963,39.69637],[26.7496,39.71926],[26.84529,39.71006],[26.98026,39.78216]]]}},{"type":"Feature","properties":{"gid":"TUR.22.3_1","name2":"Biga","engtype2":"District","type2":"District","provZh":"恰纳卡莱省"},"geometry":{"type":"Polygon","coordinates":[[[27.57681,40.31189],[27.4932,40.30708],[27.30875,40.37181],[27.30486,40.40097],[27.33375,40.41125],[27.28653,40.47514],[27.20514,40.43431],[27.12125,40.45264],[27.06042,40.4282],[27.02908,40.38986],[27.04013,40.36488],[27.02361,40.3227],[26.94183,40.25598],[26.89909,40.17122],[27.08233,40.17102],[27.25197,40.10726],[27.46825,40.19469],[27.57532,40.27116],[27.57681,40.31189]]]}},{"type":"Feature","properties":{"gid":"TUR.22.4_1","name2":"Bozcaada","engtype2":"District","type2":"District","provZh":"恰纳卡莱省"},"geometry":{"type":"Polygon","coordinates":[[[26.05403,39.84708],[25.96208,39.83708],[26.06181,39.78708],[26.08375,39.80125],[26.07569,39.83653],[26.05403,39.84708]]]}},{"type":"Feature","properties":{"gid":"TUR.22.5_1","name2":"Çan","engtype2":"District","type2":"District","provZh":"恰纳卡莱省"},"geometry":{"type":"Polygon","coordinates":[[[26.98408,39.86386],[27.10585,39.91969],[27.15137,40.01119],[27.25197,40.10726],[27.07414,40.17213],[26.89909,40.17122],[26.81214,40.13956],[26.81594,40.09821],[26.78863,40.06296],[26.82475,39.97715],[26.82092,39.93847],[26.8628,39.90741],[26.93872,39.9016],[26.98408,39.86386]]]}},{"type":"Feature","properties":{"gid":"TUR.22.6_1","name2":"Eceabat","engtype2":"District","type2":"District","provZh":"恰纳卡莱省"},"geometry":{"type":"Polygon","coordinates":[[[26.42847,40.42398],[26.21514,40.31653],[26.24264,40.31375],[26.22931,40.28875],[26.27875,40.25375],[26.27847,40.21569],[26.1657,40.05375],[26.17292,40.04319],[26.21903,40.04736],[26.3082,40.09153],[26.38181,40.14403],[26.35819,40.20319],[26.45625,40.23958],[26.45532,40.33222],[26.40062,40.3666],[26.42847,40.42398]]]}},{"type":"Feature","properties":{"gid":"TUR.22.7_1","name2":"Ezine","engtype2":"District","type2":"District","provZh":"恰纳卡莱省"},"geometry":{"type":"Polygon","coordinates":[[[26.4226,39.69836],[26.42713,39.77034],[26.45623,39.82798],[26.44148,39.91575],[26.15958,39.92986],[26.13708,39.84097],[26.16375,39.81792],[26.13986,39.75708],[26.15875,39.71847],[26.15903,39.64958],[26.30985,39.67467],[26.33346,39.69455],[26.4226,39.69836]]]}},{"type":"Feature","properties":{"gid":"TUR.22.8_1","name2":"Gelibolu","engtype2":"District","type2":"District","provZh":"恰纳卡莱省"},"geometry":{"type":"Polygon","coordinates":[[[26.4563,40.23986],[26.50986,40.28819],[26.59125,40.32125],[26.63125,40.36236],[26.64125,40.40319],[26.70014,40.41986],[26.69931,40.4543],[26.90014,40.53625],[26.99625,40.55569],[27.02944,40.59069],[27.04261,40.74805],[27.02489,40.79106],[26.97674,40.80104],[26.85857,40.74484],[26.78383,40.7462],[26.75932,40.69138],[26.81875,40.64708],[26.83486,40.58125],[26.76958,40.54514],[26.74736,40.55903],[26.70375,40.51042],[26.60569,40.50292],[26.42875,40.42542],[26.40062,40.3666],[26.45532,40.33222],[26.4563,40.23986]]]}},{"type":"Feature","properties":{"gid":"TUR.22.9_1","name2":"Gökçeada","engtype2":"District","type2":"District","provZh":"恰纳卡莱省"},"geometry":{"type":"Polygon","coordinates":[[[25.75792,40.09847],[25.97347,40.12486],[26.01375,40.16375],[25.98847,40.14431],[25.96625,40.14986],[25.97708,40.21625],[25.93014,40.24097],[25.84292,40.21125],[25.79236,40.2132],[25.67069,40.15375],[25.66514,40.12431],[25.73125,40.09264],[25.75792,40.09847]]]}},{"type":"Feature","properties":{"gid":"TUR.22.10_1","name2":"Lapseki","engtype2":"District","type2":"District","provZh":"恰纳卡莱省"},"geometry":{"type":"Polygon","coordinates":[[[27.02943,40.38866],[26.95319,40.38375],[26.9132,40.40653],[26.75236,40.40292],[26.60653,40.28125],[26.57264,40.28014],[26.53926,40.23292],[26.57201,40.2095],[26.5905,40.16236],[26.66497,40.12982],[26.81214,40.13956],[26.89909,40.17122],[26.94183,40.25598],[27.02361,40.3227],[27.04013,40.36488],[27.02943,40.38866]]]}},{"type":"Feature","properties":{"gid":"TUR.22.11_1","name2":"Merkez","engtype2":"District","type2":"District","provZh":"恰纳卡莱省"},"geometry":{"type":"Polygon","coordinates":[[[26.78863,40.06296],[26.81594,40.09821],[26.81214,40.13956],[26.66497,40.12982],[26.5905,40.16236],[26.57201,40.2095],[26.53903,40.23292],[26.48264,40.20014],[26.40319,40.1968],[26.40986,40.1193],[26.36458,40.09848],[26.33486,40.0293],[26.26958,40.00069],[26.19819,40.00986],[26.15986,39.9299],[26.44148,39.91575],[26.49008,39.93372],[26.52063,39.97475],[26.62864,39.98857],[26.63776,40.03176],[26.71752,40.01544],[26.78863,40.06296]]]}},{"type":"Feature","properties":{"gid":"TUR.22.12_1","name2":"Yenice","engtype2":"District","type2":"District","provZh":"恰纳卡莱省"},"geometry":{"type":"Polygon","coordinates":[[[27.47257,39.88762],[27.49237,39.95381],[27.45004,39.99492],[27.50712,40.12586],[27.46825,40.19469],[27.25197,40.10726],[27.15137,40.01119],[27.10585,39.91969],[26.98408,39.86386],[26.96682,39.81006],[26.98026,39.78216],[27.13908,39.81212],[27.26428,39.77082],[27.41844,39.82663],[27.47257,39.88762]]]}},{"type":"Feature","properties":{"gid":"TUR.23.1_1","name2":"Atkaracalar","engtype2":"District","type2":"District","provZh":"昌克勒省"},"geometry":{"type":"Polygon","coordinates":[[[33.10752,40.98892],[33.07835,40.9259],[33.02376,40.87753],[33.02266,40.82385],[33.07383,40.72617],[33.16925,40.7113],[33.1751,40.75177],[33.24408,40.83528],[33.22942,40.91551],[33.24557,40.94967],[33.18438,40.96393],[33.14642,40.99326],[33.10752,40.98892]]]}},{"type":"Feature","properties":{"gid":"TUR.23.2_1","name2":"Bayramören","engtype2":"District","type2":"District","provZh":"昌克勒省"},"geometry":{"type":"Polygon","coordinates":[[[33.22942,40.91551],[33.39138,40.92636],[33.44919,40.96225],[33.35564,40.972],[33.29633,41.02467],[33.15837,41.08459],[33.07714,41.08887],[33.02794,41.01646],[33.08579,41.01705],[33.10752,40.98892],[33.14642,40.99326],[33.18438,40.96393],[33.23851,40.95806],[33.22942,40.91551]]]}},{"type":"Feature","properties":{"gid":"TUR.23.3_1","name2":"Çerkeş","engtype2":"District","type2":"District","provZh":"昌克勒省"},"geometry":{"type":"Polygon","coordinates":[[[32.86208,40.63196],[32.89896,40.67948],[32.9614,40.71346],[33.07383,40.72617],[33.02266,40.82385],[33.02056,40.86658],[33.093,40.94936],[33.10752,40.98892],[33.09196,41.01444],[33.01075,41.01583],[32.69194,40.95785],[32.51926,40.83923],[32.53992,40.79755],[32.50135,40.70426],[32.65491,40.70256],[32.86208,40.63196]]]}},{"type":"Feature","properties":{"gid":"TUR.23.4_1","name2":"Eldivan","engtype2":"District","type2":"District","provZh":"昌克勒省"},"geometry":{"type":"Polygon","coordinates":[[[33.47695,40.36745],[33.60482,40.45828],[33.63535,40.50237],[33.63285,40.53951],[33.54124,40.63208],[33.47537,40.63235],[33.37424,40.57993],[33.43406,40.50565],[33.4221,40.44849],[33.3737,40.39092],[33.47695,40.36745]]]}},{"type":"Feature","properties":{"gid":"TUR.23.5_1","name2":"Ilgaz","engtype2":"District","type2":"District","provZh":"昌克勒省"},"geometry":{"type":"Polygon","coordinates":[[[33.67302,40.80921],[33.77385,40.81198],[33.87846,40.84612],[33.92569,40.88292],[33.82975,40.91615],[33.78825,40.95132],[33.79123,40.99593],[33.86065,41.05282],[33.8411,41.09274],[33.55352,41.00432],[33.48949,40.90101],[33.52455,40.83921],[33.60746,40.84238],[33.67302,40.80921]]]}},{"type":"Feature","properties":{"gid":"TUR.23.6_1","name2":"Kızılırmak","engtype2":"District","type2":"District","provZh":"昌克勒省"},"geometry":{"type":"Polygon","coordinates":[[[33.76913,40.28476],[33.96547,40.26078],[34.10217,40.32225],[34.16104,40.41214],[34.13117,40.49349],[34.05729,40.49133],[33.94266,40.44042],[33.88684,40.3569],[33.79211,40.32426],[33.76913,40.28476]]]}},{"type":"Feature","properties":{"gid":"TUR.23.7_1","name2":"Korgun","engtype2":"District","type2":"District","provZh":"昌克勒省"},"geometry":{"type":"Polygon","coordinates":[[[33.56089,40.62364],[33.69225,40.72501],[33.69517,40.77857],[33.67302,40.80921],[33.60746,40.84238],[33.54277,40.84215],[33.44296,40.7888],[33.3253,40.75929],[33.33552,40.71561],[33.30677,40.66494],[33.30549,40.61052],[33.37424,40.57993],[33.47537,40.63235],[33.56089,40.62364]]]}},{"type":"Feature","properties":{"gid":"TUR.23.8_1","name2":"Kurşunlu","engtype2":"District","type2":"District","provZh":"昌克勒省"},"geometry":{"type":"Polygon","coordinates":[[[33.16925,40.7113],[33.23264,40.71226],[33.30677,40.66494],[33.33469,40.71],[33.32855,40.76253],[33.44296,40.7888],[33.52455,40.83921],[33.48883,40.89838],[33.54661,40.99453],[33.45348,40.97044],[33.39138,40.92636],[33.22942,40.91551],[33.24408,40.83528],[33.1751,40.75177],[33.16925,40.7113]]]}},{"type":"Feature","properties":{"gid":"TUR.23.9_1","name2":"Merkez","engtype2":"District","type2":"District","provZh":"昌克勒省"},"geometry":{"type":"Polygon","coordinates":[[[33.72912,40.27841],[33.76913,40.28476],[33.80133,40.32904],[33.88684,40.3569],[33.94266,40.44042],[34.05418,40.4904],[34.11615,40.4935],[34.08627,40.56338],[34.00222,40.53569],[33.9395,40.59943],[33.92787,40.66178],[33.80571,40.7021],[33.81523,40.79022],[33.7931,40.82029],[33.67302,40.80921],[33.69517,40.77857],[33.69225,40.72501],[33.56089,40.62364],[33.63285,40.53951],[33.63401,40.49719],[33.47695,40.36745],[33.72912,40.27841]]]}},{"type":"Feature","properties":{"gid":"TUR.23.10_1","name2":"Orta","engtype2":"District","type2":"District","provZh":"昌克勒省"},"geometry":{"type":"Polygon","coordinates":[[[33.09636,40.4878],[33.101,40.56753],[33.22543,40.57722],[33.2892,40.60121],[33.30549,40.61052],[33.30677,40.66494],[33.23264,40.71226],[33.11975,40.72718],[32.99519,40.72572],[32.89195,40.67281],[32.86208,40.63196],[32.96145,40.59567],[33.09636,40.4878]]]}},{"type":"Feature","properties":{"gid":"TUR.23.11_1","name2":"Şabanözü","engtype2":"District","type2":"District","provZh":"昌克勒省"},"geometry":{"type":"Polygon","coordinates":[[[33.28034,40.3284],[33.33306,40.33644],[33.4221,40.44849],[33.43406,40.50565],[33.40626,40.55352],[33.30549,40.61052],[33.22543,40.57722],[33.10575,40.57119],[33.09841,40.48341],[33.17869,40.42825],[33.22099,40.35125],[33.28034,40.3284]]]}},{"type":"Feature","properties":{"gid":"TUR.23.12_1","name2":"Yapraklı","engtype2":"District","type2":"District","provZh":"昌克勒省"},"geometry":{"type":"Polygon","coordinates":[[[33.7931,40.82029],[33.81523,40.79022],[33.80981,40.69803],[33.92787,40.66178],[33.9395,40.59943],[34.00222,40.53569],[34.08627,40.56338],[34.04235,40.68992],[34.05715,40.80082],[34.03589,40.85097],[33.92569,40.88292],[33.87846,40.84612],[33.7931,40.82029]]]}},{"type":"Feature","properties":{"gid":"TUR.24.1_1","name2":"Alaca","engtype2":"District","type2":"District","provZh":"乔鲁姆省"},"geometry":{"type":"Polygon","coordinates":[[[34.6874,39.99248],[34.80086,39.99385],[34.90447,40.0497],[35.057,40.02979],[35.17215,40.08522],[35.1675,40.28316],[35.0553,40.27234],[34.93437,40.31631],[34.87664,40.28496],[34.71627,40.265],[34.64602,40.30064],[34.64267,40.26662],[34.67201,40.21522],[34.64914,40.16725],[34.69775,40.15926],[34.6874,39.99248]]]}},{"type":"Feature","properties":{"gid":"TUR.24.2_1","name2":"Bayat","engtype2":"District","type2":"District","provZh":"乔鲁姆省"},"geometry":{"type":"Polygon","coordinates":[[[34.13117,40.49349],[34.19835,40.50414],[34.29176,40.48336],[34.39529,40.51799],[34.4163,40.55182],[34.38897,40.59125],[34.41049,40.63522],[34.36789,40.72782],[34.3471,40.75503],[34.30924,40.74305],[34.2748,40.76696],[34.21415,40.90294],[34.03589,40.85097],[34.05715,40.80082],[34.04235,40.68992],[34.10348,40.52045],[34.13117,40.49349]]]}},{"type":"Feature","properties":{"gid":"TUR.24.3_1","name2":"Boğazkale","engtype2":"District","type2":"District","provZh":"乔鲁姆省"},"geometry":{"type":"Polygon","coordinates":[[[34.64914,40.16725],[34.61409,40.10771],[34.46785,40.07803],[34.46032,39.99185],[34.6874,39.99248],[34.69775,40.15926],[34.64914,40.16725]]]}},{"type":"Feature","properties":{"gid":"TUR.24.4_1","name2":"Dodurga","engtype2":"District","type2":"District","provZh":"乔鲁姆省"},"geometry":{"type":"Polygon","coordinates":[[[34.91285,40.85381],[34.75792,40.89874],[34.61967,40.91435],[34.71275,40.79958],[34.78555,40.76277],[34.89391,40.82192],[34.91285,40.85381]]]}},{"type":"Feature","properties":{"gid":"TUR.24.5_1","name2":"İskilip","engtype2":"District","type2":"District","provZh":"乔鲁姆省"},"geometry":{"type":"Polygon","coordinates":[[[34.4163,40.55182],[34.53803,40.60732],[34.58127,40.60447],[34.69528,40.6427],[34.5855,40.78511],[34.57928,40.84146],[34.53853,40.9069],[34.54873,40.95127],[34.35414,41.01716],[34.27907,40.97633],[34.27777,40.92724],[34.21415,40.90294],[34.2748,40.76696],[34.30924,40.74305],[34.3471,40.75503],[34.36789,40.72782],[34.41049,40.63522],[34.38897,40.59125],[34.4163,40.55182]]]}},{"type":"Feature","properties":{"gid":"TUR.24.6_1","name2":"Kargı","engtype2":"District","type2":"District","provZh":"乔鲁姆省"},"geometry":{"type":"Polygon","coordinates":[[[34.52172,40.96814],[34.52721,40.99538],[34.56284,41.02383],[34.78214,41.11507],[34.84486,41.19581],[34.52149,41.27654],[34.46654,41.30647],[34.41676,41.29624],[34.29096,41.16744],[34.21045,41.02942],[34.27907,40.97633],[34.3687,41.01756],[34.52172,40.96814]]]}},{"type":"Feature","properties":{"gid":"TUR.24.7_1","name2":"Laçin","engtype2":"District","type2":"District","provZh":"乔鲁姆省"},"geometry":{"type":"Polygon","coordinates":[[[35.0251,40.8434],[34.91285,40.85381],[34.89391,40.82192],[34.78555,40.76277],[34.76328,40.68602],[34.87746,40.69238],[34.94694,40.73489],[35.0778,40.72706],[35.0251,40.8434]]]}},{"type":"Feature","properties":{"gid":"TUR.24.8_1","name2":"Mecitözü","engtype2":"District","type2":"District","provZh":"乔鲁姆省"},"geometry":{"type":"Polygon","coordinates":[[[35.45317,40.5029],[35.46484,40.5709],[35.42772,40.61521],[35.25704,40.6661],[35.22898,40.64499],[35.17604,40.57119],[35.10702,40.52651],[35.12324,40.35976],[35.16359,40.31704],[35.1675,40.28316],[35.37076,40.37309],[35.44841,40.46772],[35.45317,40.5029]]]}},{"type":"Feature","properties":{"gid":"TUR.24.9_1","name2":"Merkez","engtype2":"District","type2":"District","provZh":"乔鲁姆省"},"geometry":{"type":"Polygon","coordinates":[[[35.22178,40.66905],[35.12346,40.68066],[35.0778,40.72706],[34.94694,40.73489],[34.88465,40.69471],[34.76328,40.68602],[34.69528,40.6427],[34.58127,40.60447],[34.60486,40.56282],[34.60498,40.49336],[34.55465,40.43396],[34.53862,40.34166],[34.71331,40.2652],[34.87664,40.28496],[34.93437,40.31631],[35.0553,40.27234],[35.1675,40.28316],[35.16359,40.31704],[35.12324,40.35976],[35.10702,40.52651],[35.17604,40.57119],[35.25704,40.6661],[35.22178,40.66905]]]}},{"type":"Feature","properties":{"gid":"TUR.24.10_1","name2":"Oğuzlar","engtype2":"District","type2":"District","provZh":"乔鲁姆省"},"geometry":{"type":"Polygon","coordinates":[[[34.61967,40.91435],[34.54873,40.95127],[34.53759,40.92379],[34.57928,40.84146],[34.5855,40.78511],[34.69528,40.6427],[34.76328,40.68602],[34.78555,40.76277],[34.71275,40.79958],[34.61967,40.91435]]]}},{"type":"Feature","properties":{"gid":"TUR.24.11_1","name2":"Ortaköy","engtype2":"District","type2":"District","provZh":"乔鲁姆省"},"geometry":{"type":"Polygon","coordinates":[[[35.34368,40.35833],[35.1675,40.28316],[35.16777,40.21323],[35.33234,40.22891],[35.34368,40.35833]]]}},{"type":"Feature","properties":{"gid":"TUR.24.12_1","name2":"Osmancık","engtype2":"District","type2":"District","provZh":"乔鲁姆省"},"geometry":{"type":"Polygon","coordinates":[[[35.09315,41.09054],[34.97923,41.08328],[34.94061,41.20204],[34.8921,41.25366],[34.78214,41.11507],[34.56284,41.02383],[34.52721,40.99538],[34.52172,40.96814],[34.6148,40.915],[34.75792,40.89874],[34.94414,40.84472],[35.0251,40.8434],[35.04604,40.85291],[35.04957,40.95141],[35.09133,41.03228],[35.09315,41.09054]]]}},{"type":"Feature","properties":{"gid":"TUR.24.13_1","name2":"Sungurlu","engtype2":"District","type2":"District","provZh":"乔鲁姆省"},"geometry":{"type":"Polygon","coordinates":[[[33.96547,40.26078],[34.0812,40.22275],[34.10539,40.13115],[34.19881,40.04237],[34.06596,39.95509],[34.05434,39.90491],[34.15401,39.93353],[34.27889,39.93709],[34.38709,39.98984],[34.46032,39.99185],[34.46785,40.07803],[34.61905,40.11054],[34.67173,40.20607],[34.64267,40.26662],[34.64602,40.30064],[34.53862,40.34166],[34.3805,40.34667],[34.35604,40.3769],[34.39847,40.42365],[34.38178,40.44659],[34.33974,40.44356],[34.28984,40.39457],[34.24858,40.40305],[34.2213,40.43527],[34.24864,40.48448],[34.19835,40.50414],[34.13117,40.49349],[34.16104,40.41214],[34.11148,40.32941],[33.96547,40.26078]]]}},{"type":"Feature","properties":{"gid":"TUR.24.14_1","name2":"Uğurludağ","engtype2":"District","type2":"District","provZh":"乔鲁姆省"},"geometry":{"type":"Polygon","coordinates":[[[34.24864,40.48448],[34.2213,40.43527],[34.24858,40.40305],[34.28984,40.39457],[34.33974,40.44356],[34.38178,40.44659],[34.39847,40.42365],[34.35604,40.3769],[34.37451,40.35014],[34.53862,40.34166],[34.55465,40.43396],[34.60444,40.49098],[34.60486,40.56282],[34.58127,40.60447],[34.54147,40.60825],[34.4163,40.55182],[34.37356,40.50784],[34.24864,40.48448]]]}},{"type":"Feature","properties":{"gid":"TUR.25.1_1","name2":"Acıpayam","engtype2":"District","type2":"District","provZh":"代尼兹利省"},"geometry":{"type":"Polygon","coordinates":[[[29.53794,37.34649],[29.57953,37.43536],[29.53099,37.4626],[29.52678,37.59138],[29.43953,37.63306],[29.35403,37.63953],[29.36465,37.55828],[29.34286,37.51261],[29.20016,37.46983],[29.16375,37.23597],[29.03302,37.15604],[29.06336,37.10435],[29.0566,37.07458],[29.13724,37.06573],[29.21827,37.1195],[29.33076,37.14378],[29.3926,37.13871],[29.44138,37.23632],[29.53794,37.34649]]]}},{"type":"Feature","properties":{"gid":"TUR.25.2_1","name2":"Akköy","engtype2":"District","type2":"District","provZh":"代尼兹利省"},"geometry":{"type":"Polygon","coordinates":[[[29.02305,38.00034],[29.03507,37.93504],[29.01756,37.87875],[29.13852,37.85944],[29.15412,37.92642],[29.11673,38.00716],[29.01995,38.04084],[29.02305,38.00034]]]}},{"type":"Feature","properties":{"gid":"TUR.25.3_1","name2":"Babadağ","engtype2":"District","type2":"District","provZh":"代尼兹利省"},"geometry":{"type":"Polygon","coordinates":[[[28.87957,37.697],[28.95272,37.70567],[28.9774,37.79765],[28.87947,37.82999],[28.82569,37.82889],[28.79577,37.80312],[28.84902,37.76317],[28.87957,37.697]]]}},{"type":"Feature","properties":{"gid":"TUR.25.4_1","name2":"Baklan","engtype2":"District","type2":"District","provZh":"代尼兹利省"},"geometry":{"type":"Polygon","coordinates":[[[29.666,37.98869],[29.629,38.00039],[29.52863,38.09339],[29.5122,37.99493],[29.40154,37.83028],[29.46741,37.79458],[29.56151,37.82258],[29.61617,37.89766],[29.66541,37.91306],[29.666,37.98869]]]}},{"type":"Feature","properties":{"gid":"TUR.25.5_1","name2":"Bekilli","engtype2":"District","type2":"District","provZh":"代尼兹利省"},"geometry":{"type":"Polygon","coordinates":[[[29.51172,38.10453],[29.57592,38.19177],[29.4259,38.26173],[29.2894,38.21503],[29.29734,38.19354],[29.37877,38.14892],[29.51172,38.10453]]]}},{"type":"Feature","properties":{"gid":"TUR.25.6_1","name2":"Beyağaç","engtype2":"District","type2":"District","provZh":"代尼兹利省"},"geometry":{"type":"Polygon","coordinates":[[[29.03302,37.15604],[28.94468,37.25259],[28.97955,37.31573],[28.92682,37.31533],[28.82516,37.24619],[28.9283,37.20683],[29.01654,37.1484],[29.03302,37.15604]]]}},{"type":"Feature","properties":{"gid":"TUR.25.7_1","name2":"Bozkurt","engtype2":"District","type2":"District","provZh":"代尼兹利省"},"geometry":{"type":"Polygon","coordinates":[[[29.66541,37.91306],[29.61617,37.89766],[29.56151,37.82258],[29.46741,37.79458],[29.42955,37.7511],[29.42656,37.70648],[29.4757,37.61692],[29.52678,37.59138],[29.57468,37.63296],[29.61868,37.74424],[29.62224,37.80379],[29.66377,37.85255],[29.66541,37.91306]]]}},{"type":"Feature","properties":{"gid":"TUR.25.8_1","name2":"Buldan","engtype2":"District","type2":"District","provZh":"代尼兹利省"},"geometry":{"type":"Polygon","coordinates":[[[28.86966,37.98274],[28.97647,37.98314],[29.02305,38.00034],[29.01995,38.04084],[28.91792,38.16988],[28.88085,38.25176],[28.80159,38.21888],[28.78945,38.1419],[28.7047,38.08764],[28.80504,38.04439],[28.86966,37.98274]]]}},{"type":"Feature","properties":{"gid":"TUR.25.9_1","name2":"Çal","engtype2":"District","type2":"District","provZh":"代尼兹利省"},"geometry":{"type":"Polygon","coordinates":[[[29.52863,38.09339],[29.37877,38.14892],[29.29734,38.19354],[29.2894,38.21503],[29.26196,38.21267],[29.22126,38.19554],[29.22912,38.16339],[29.18735,38.09521],[29.18199,38.02928],[29.24247,38.02354],[29.23182,37.95131],[29.29768,37.84032],[29.40154,37.83028],[29.5122,37.99493],[29.52863,38.09339]]]}},{"type":"Feature","properties":{"gid":"TUR.25.10_1","name2":"Çameli","engtype2":"District","type2":"District","provZh":"代尼兹利省"},"geometry":{"type":"Polygon","coordinates":[[[29.3926,37.13871],[29.33076,37.14378],[29.21827,37.1195],[29.13724,37.06573],[29.0566,37.07458],[29.08059,36.99391],[29.19095,36.88718],[29.25631,36.87867],[29.32965,36.95889],[29.33486,37.03569],[29.38776,37.07609],[29.3926,37.13871]]]}},{"type":"Feature","properties":{"gid":"TUR.25.11_1","name2":"Çardak","engtype2":"District","type2":"District","provZh":"代尼兹利省"},"geometry":{"type":"Polygon","coordinates":[[[29.81537,37.81905],[29.72047,37.85255],[29.66377,37.85255],[29.62224,37.80379],[29.61788,37.74141],[29.55354,37.60514],[29.84527,37.76082],[29.81537,37.81905]]]}},{"type":"Feature","properties":{"gid":"TUR.25.12_1","name2":"Çivril","engtype2":"District","type2":"District","provZh":"代尼兹利省"},"geometry":{"type":"Polygon","coordinates":[[[29.74072,38.01702],[29.92452,38.10348],[30.03595,38.20322],[30.0368,38.25156],[29.91174,38.41973],[29.75541,38.45411],[29.68576,38.43269],[29.59413,38.27233],[29.57256,38.18127],[29.51867,38.13261],[29.51172,38.10453],[29.58023,38.05977],[29.63406,37.99711],[29.666,37.98869],[29.74072,38.01702]]]}},{"type":"Feature","properties":{"gid":"TUR.25.13_1","name2":"Güney","engtype2":"District","type2":"District","provZh":"代尼兹利省"},"geometry":{"type":"Polygon","coordinates":[[[29.11673,38.00716],[29.18199,38.02928],[29.18735,38.09521],[29.22912,38.16339],[29.22126,38.19554],[28.9522,38.26098],[28.88085,38.25176],[28.90602,38.18863],[29.00727,38.04613],[29.11673,38.00716]]]}},{"type":"Feature","properties":{"gid":"TUR.25.14_1","name2":"Honaz","engtype2":"District","type2":"District","provZh":"代尼兹利省"},"geometry":{"type":"Polygon","coordinates":[[[29.4757,37.61692],[29.42439,37.71761],[29.42789,37.74852],[29.46741,37.79458],[29.44962,37.81138],[29.3261,37.84284],[29.24601,37.82875],[29.20597,37.80053],[29.20093,37.69502],[29.26326,37.62096],[29.36174,37.64146],[29.4757,37.61692]]]}},{"type":"Feature","properties":{"gid":"TUR.25.15_1","name2":"Kale","engtype2":"District","type2":"District","provZh":"代尼兹利省"},"geometry":{"type":"Polygon","coordinates":[[[28.6042,37.4777],[28.61587,37.39055],[28.73958,37.35907],[28.79155,37.24126],[28.82296,37.23769],[28.92974,37.31655],[28.97955,37.31573],[28.87734,37.45033],[28.78262,37.48507],[28.79218,37.56012],[28.74044,37.6001],[28.60674,37.60981],[28.55053,37.57099],[28.6042,37.4777]]]}},{"type":"Feature","properties":{"gid":"TUR.25.16_1","name2":"Merkez","engtype2":"District","type2":"District","provZh":"代尼兹利省"},"geometry":{"type":"Polygon","coordinates":[[[29.01756,37.87875],[28.95272,37.70567],[29.09578,37.62426],[29.21284,37.60929],[29.26326,37.62096],[29.199,37.70615],[29.21378,37.74709],[29.20597,37.80053],[29.29768,37.84032],[29.23182,37.95131],[29.24048,38.02563],[29.18199,38.02928],[29.11673,38.00716],[29.15412,37.92642],[29.13614,37.85775],[29.01756,37.87875]]]}},{"type":"Feature","properties":{"gid":"TUR.25.17_1","name2":"Sarayköy","engtype2":"District","type2":"District","provZh":"代尼兹利省"},"geometry":{"type":"Polygon","coordinates":[[[28.79308,37.90648],[28.76423,37.84312],[28.79419,37.80817],[28.86408,37.83176],[28.9774,37.79765],[29.01634,37.8555],[29.03372,37.97589],[29.02305,38.00034],[28.97647,37.98314],[28.86407,37.98145],[28.79308,37.90648]]]}},{"type":"Feature","properties":{"gid":"TUR.25.18_1","name2":"Serinhisar","engtype2":"District","type2":"District","provZh":"代尼兹利省"},"geometry":{"type":"Polygon","coordinates":[[[29.34943,37.63313],[29.21284,37.60929],[29.20016,37.46983],[29.34286,37.51261],[29.36465,37.55828],[29.34943,37.63313]]]}},{"type":"Feature","properties":{"gid":"TUR.25.19_1","name2":"Tavas","engtype2":"District","type2":"District","provZh":"代尼兹利省"},"geometry":{"type":"Polygon","coordinates":[[[28.74044,37.6001],[28.79218,37.56012],[28.78262,37.48507],[28.87734,37.45033],[28.97141,37.32988],[28.97955,37.31573],[28.94365,37.25805],[28.98804,37.191],[29.03302,37.15604],[29.15987,37.23137],[29.18261,37.29425],[29.21284,37.60929],[29.09578,37.62426],[28.95272,37.70567],[28.87957,37.697],[28.74044,37.6001]]]}},{"type":"Feature","properties":{"gid":"TUR.26.1_1","name2":"Bismil","engtype2":"District","type2":"District","provZh":"迪亚巴克尔省"},"geometry":{"type":"Polygon","coordinates":[[[41.11237,37.8047],[41.05168,37.82512],[41.0336,37.86264],[41.10205,37.9116],[41.15302,37.99164],[41.01969,38.01098],[40.93045,38.044],[40.8435,38.04231],[40.77868,37.99952],[40.658,38.09695],[40.49429,38.03624],[40.49407,37.99246],[40.52202,37.95073],[40.49258,37.85769],[40.64053,37.76831],[40.71583,37.76158],[40.78245,37.71915],[40.851,37.71807],[41.05848,37.74167],[41.0996,37.76951],[41.11237,37.8047]]]}},{"type":"Feature","properties":{"gid":"TUR.26.2_1","name2":"Çermik","engtype2":"District","type2":"District","provZh":"迪亚巴克尔省"},"geometry":{"type":"Polygon","coordinates":[[[39.17875,38.03065],[39.2548,37.99921],[39.41363,37.995],[39.57993,37.89192],[39.59979,37.92602],[39.59285,37.98763],[39.62016,38.00806],[39.61534,38.05137],[39.7397,38.07764],[39.64198,38.12937],[39.63064,38.17571],[39.56609,38.20861],[39.57077,38.26038],[39.53488,38.27944],[39.49371,38.26895],[39.47091,38.22112],[39.33844,38.18195],[39.24318,38.1321],[39.21573,38.05981],[39.17875,38.03065]]]}},{"type":"Feature","properties":{"gid":"TUR.26.3_1","name2":"Çınar","engtype2":"District","type2":"District","provZh":"迪亚巴克尔省"},"geometry":{"type":"Polygon","coordinates":[[[40.49258,37.85769],[40.42276,37.83419],[40.35034,37.85688],[40.26232,37.82272],[40.0096,37.83404],[39.82324,37.78795],[39.86047,37.74632],[39.86462,37.5914],[39.88137,37.55633],[40.0173,37.55631],[40.09449,37.58913],[40.27312,37.56757],[40.41819,37.64589],[40.5161,37.65042],[40.543,37.73339],[40.60205,37.78768],[40.49258,37.85769]]]}},{"type":"Feature","properties":{"gid":"TUR.26.4_1","name2":"Çüngüş","engtype2":"District","type2":"District","provZh":"迪亚巴克尔省"},"geometry":{"type":"Polygon","coordinates":[[[39.24318,38.1321],[39.47851,38.22595],[39.49371,38.26895],[39.53488,38.27944],[39.51769,38.35551],[39.35797,38.33567],[39.26699,38.36811],[39.11914,38.33826],[39.14227,38.27322],[39.11174,38.18469],[39.14935,38.17264],[39.22785,38.18469],[39.24631,38.16666],[39.24318,38.1321]]]}},{"type":"Feature","properties":{"gid":"TUR.26.5_1","name2":"Dicle","engtype2":"District","type2":"District","provZh":"迪亚巴克尔省"},"geometry":{"type":"Polygon","coordinates":[[[40.29215,38.47479],[40.05464,38.47504],[39.86201,38.49817],[39.81805,38.4329],[39.96163,38.3618],[39.98295,38.28882],[40.13055,38.31192],[40.21351,38.25527],[40.35386,38.25205],[40.4104,38.2891],[40.32,38.34267],[40.30838,38.41285],[40.25814,38.42667],[40.29215,38.47479]]]}},{"type":"Feature","properties":{"gid":"TUR.26.6_1","name2":"Eğil","engtype2":"District","type2":"District","provZh":"迪亚巴克尔省"},"geometry":{"type":"Polygon","coordinates":[[[39.98295,38.28882],[39.96773,38.1957],[40.06585,38.12643],[40.28149,38.15121],[40.36692,38.23055],[40.35386,38.25205],[40.21351,38.25527],[40.13055,38.31192],[39.98295,38.28882]]]}},{"type":"Feature","properties":{"gid":"TUR.26.7_1","name2":"Ergani","engtype2":"District","type2":"District","provZh":"迪亚巴克尔省"},"geometry":{"type":"Polygon","coordinates":[[[39.57993,37.89192],[39.66787,37.83747],[39.76157,37.83342],[39.96442,38.18511],[39.98295,38.28882],[39.96163,38.3618],[39.81805,38.4329],[39.74154,38.37297],[39.51769,38.35551],[39.53488,38.27944],[39.57579,38.25077],[39.56909,38.20418],[39.63064,38.17571],[39.64198,38.12937],[39.7397,38.07764],[39.61534,38.05137],[39.62016,38.00806],[39.59285,37.98763],[39.59979,37.92602],[39.57993,37.89192]]]}},{"type":"Feature","properties":{"gid":"TUR.26.8_1","name2":"Hani","engtype2":"District","type2":"District","provZh":"迪亚巴克尔省"},"geometry":{"type":"Polygon","coordinates":[[[40.29215,38.47479],[40.25814,38.42667],[40.30838,38.41285],[40.32,38.34267],[40.4104,38.2891],[40.49652,38.28911],[40.50203,38.35327],[40.59766,38.37757],[40.56994,38.42733],[40.46603,38.49272],[40.43013,38.47498],[40.29215,38.47479]]]}},{"type":"Feature","properties":{"gid":"TUR.26.9_1","name2":"Hazro","engtype2":"District","type2":"District","provZh":"迪亚巴克尔省"},"geometry":{"type":"Polygon","coordinates":[[[40.63783,38.22887],[40.68845,38.14859],[40.78325,38.19376],[40.86744,38.18549],[40.95978,38.27631],[40.92488,38.31467],[40.84682,38.34704],[40.77287,38.34541],[40.62054,38.31322],[40.64264,38.28122],[40.63783,38.22887]]]}},{"type":"Feature","properties":{"gid":"TUR.26.10_1","name2":"Kocaköy","engtype2":"District","type2":"District","provZh":"迪亚巴克尔省"},"geometry":{"type":"Polygon","coordinates":[[[40.4104,38.2891],[40.43974,38.2272],[40.50078,38.21577],[40.52077,38.18932],[40.64162,38.23928],[40.64264,38.28122],[40.62054,38.31322],[40.55241,38.28856],[40.4104,38.2891]]]}},{"type":"Feature","properties":{"gid":"TUR.26.11_1","name2":"Kulp","engtype2":"District","type2":"District","provZh":"迪亚巴克尔省"},"geometry":{"type":"Polygon","coordinates":[[[41.41693,38.52225],[41.38137,38.54735],[41.39457,38.60486],[41.37798,38.63625],[41.2663,38.7256],[40.98846,38.6166],[40.87106,38.59167],[40.8544,38.52965],[40.88899,38.46132],[40.96736,38.37935],[41.07171,38.33999],[41.16572,38.2648],[41.21434,38.28281],[41.21595,38.3392],[41.24945,38.42844],[41.35119,38.47163],[41.42138,38.47715],[41.43433,38.49729],[41.41693,38.52225]]]}},{"type":"Feature","properties":{"gid":"TUR.26.12_1","name2":"Lice","engtype2":"District","type2":"District","provZh":"迪亚巴克尔省"},"geometry":{"type":"Polygon","coordinates":[[[40.46603,38.49272],[40.56994,38.42733],[40.59859,38.38763],[40.59138,38.37153],[40.50203,38.35327],[40.49652,38.28911],[40.84682,38.34704],[40.88907,38.37992],[40.96736,38.37935],[40.8572,38.51023],[40.87106,38.59167],[40.52927,38.61324],[40.49711,38.59015],[40.46603,38.49272]]]}},{"type":"Feature","properties":{"gid":"TUR.26.13_1","name2":"Merkez","engtype2":"District","type2":"District","provZh":"迪亚巴克尔省"},"geometry":{"type":"Polygon","coordinates":[[[40.658,38.09695],[40.68845,38.14859],[40.63783,38.22887],[40.52077,38.18932],[40.50078,38.21577],[40.43974,38.2272],[40.4104,38.2891],[40.35386,38.25205],[40.36534,38.22567],[40.27447,38.14947],[40.06585,38.12643],[39.96773,38.1957],[39.76157,37.83342],[39.82324,37.78795],[40.0096,37.83404],[40.26232,37.82272],[40.361,37.85715],[40.44048,37.83679],[40.49258,37.85769],[40.52158,37.94524],[40.49407,37.99246],[40.49747,38.0409],[40.658,38.09695]]]}},{"type":"Feature","properties":{"gid":"TUR.26.14_1","name2":"Silvan","engtype2":"District","type2":"District","provZh":"迪亚巴克尔省"},"geometry":{"type":"Polygon","coordinates":[[[41.19887,38.07837],[41.22916,38.16386],[41.21434,38.28281],[41.15197,38.26783],[41.07171,38.33999],[40.94395,38.38111],[40.88543,38.37894],[40.84682,38.34704],[40.94379,38.30097],[40.95478,38.25609],[40.86744,38.18549],[40.78325,38.19376],[40.69905,38.15522],[40.658,38.09695],[40.78218,37.99886],[40.8435,38.04231],[40.93045,38.044],[41.01969,38.01098],[41.15302,37.99164],[41.19887,38.07837]]]}},{"type":"Feature","properties":{"gid":"TUR.27.1_1","name2":"Akçakoca","engtype2":"District","type2":"District","provZh":"迪兹杰省"},"geometry":{"type":"Polygon","coordinates":[[[31.13129,40.9793],[31.2089,41.00632],[31.31423,41.00619],[31.4194,41.03242],[31.43903,41.0563],[31.33819,41.13681],[31.24903,41.10347],[30.97594,41.07264],[31.03535,41.01887],[31.00866,40.96149],[31.02365,40.94983],[31.13129,40.9793]]]}},{"type":"Feature","properties":{"gid":"TUR.27.2_1","name2":"Çilimli","engtype2":"District","type2":"District","provZh":"迪兹杰省"},"geometry":{"type":"Polygon","coordinates":[[[31.02365,40.94983],[31.04142,40.88089],[31.08349,40.84501],[31.167,40.90033],[31.13064,40.93011],[31.13129,40.9793],[31.02365,40.94983]]]}},{"type":"Feature","properties":{"gid":"TUR.27.3_1","name2":"Cumayeri","engtype2":"District","type2":"District","provZh":"迪兹杰省"},"geometry":{"type":"Polygon","coordinates":[[[31.00866,40.96149],[30.8967,40.88038],[31.0408,40.92122],[31.00866,40.96149]]]}},{"type":"Feature","properties":{"gid":"TUR.27.4_1","name2":"Gölyaka","engtype2":"District","type2":"District","provZh":"迪兹杰省"},"geometry":{"type":"Polygon","coordinates":[[[31.07842,40.6704],[31.14138,40.81559],[31.0985,40.845],[30.93455,40.76115],[30.98705,40.71925],[30.95456,40.68225],[31.01594,40.65977],[31.07842,40.6704]]]}},{"type":"Feature","properties":{"gid":"TUR.27.5_1","name2":"Gümüşova","engtype2":"District","type2":"District","provZh":"迪兹杰省"},"geometry":{"type":"Polygon","coordinates":[[[31.0408,40.92122],[30.8967,40.88038],[30.87307,40.8292],[30.89268,40.77859],[30.93455,40.76115],[31.08349,40.84501],[31.04142,40.88089],[31.0408,40.92122]]]}},{"type":"Feature","properties":{"gid":"TUR.27.6_1","name2":"Kaynaşlı","engtype2":"District","type2":"District","provZh":"迪兹杰省"},"geometry":{"type":"Polygon","coordinates":[[[31.43152,40.80506],[31.29865,40.83376],[31.22831,40.78816],[31.12841,40.78677],[31.07842,40.6704],[31.19075,40.6818],[31.2649,40.64683],[31.36094,40.66146],[31.42706,40.70134],[31.43152,40.80506]]]}},{"type":"Feature","properties":{"gid":"TUR.27.7_1","name2":"Merkez","engtype2":"District","type2":"District","provZh":"迪兹杰省"},"geometry":{"type":"Polygon","coordinates":[[[31.46925,40.87096],[31.32245,40.93867],[31.31423,41.00619],[31.22852,41.00807],[31.13129,40.9793],[31.13064,40.93011],[31.167,40.90033],[31.0985,40.845],[31.14015,40.82085],[31.12841,40.78677],[31.22085,40.78687],[31.29098,40.83316],[31.43152,40.80506],[31.46925,40.87096]]]}},{"type":"Feature","properties":{"gid":"TUR.27.8_1","name2":"Yığılca","engtype2":"District","type2":"District","provZh":"迪兹杰省"},"geometry":{"type":"Polygon","coordinates":[[[31.7363,41.04272],[31.43903,41.0563],[31.4223,41.03342],[31.31423,41.00619],[31.30982,40.95595],[31.36688,40.90641],[31.46925,40.87096],[31.60423,40.88134],[31.73953,40.94845],[31.75993,41.00163],[31.7363,41.04272]]]}},{"type":"Feature","properties":{"gid":"TUR.28.1_1","name2":"Enez","engtype2":"District","type2":"District","provZh":"埃迪尔内省"},"geometry":{"type":"Polygon","coordinates":[[[26.0401,40.73298],[26.06597,40.62792],[26.12181,40.59153],[26.35108,40.60403],[26.34972,40.67967],[26.28118,40.70457],[26.32333,40.76434],[26.23898,40.78941],[26.14028,40.78848],[26.12512,40.75451],[26.04115,40.74553],[26.0401,40.73298]]]}},{"type":"Feature","properties":{"gid":"TUR.28.2_1","name2":"Havsa","engtype2":"District","type2":"District","provZh":"埃迪尔内省"},"geometry":{"type":"Polygon","coordinates":[[[26.6998,41.43036],[26.77294,41.44218],[26.90338,41.43114],[26.9193,41.46986],[26.99712,41.54755],[26.99739,41.62268],[26.9217,41.6563],[26.88204,41.71775],[26.78504,41.72803],[26.74836,41.68555],[26.74309,41.62032],[26.68594,41.50521],[26.6998,41.43036]]]}},{"type":"Feature","properties":{"gid":"TUR.28.3_1","name2":"İpsala","engtype2":"District","type2":"District","provZh":"埃迪尔内省"},"geometry":{"type":"Polygon","coordinates":[[[26.14028,40.78848],[26.37211,40.77195],[26.46706,40.83313],[26.47976,40.87527],[26.63888,41.04623],[26.51202,41.09302],[26.40653,41.07501],[26.36576,41.03854],[26.35055,40.99263],[26.32591,40.98954],[26.35091,40.94979],[26.28899,40.9349],[26.30143,40.9102],[26.29023,40.89976],[26.26471,40.92173],[26.24976,40.89142],[26.22829,40.89812],[26.20138,40.85223],[26.21731,40.83666],[26.1577,40.81467],[26.14028,40.78848]]]}},{"type":"Feature","properties":{"gid":"TUR.28.4_1","name2":"Keşan","engtype2":"District","type2":"District","provZh":"埃迪尔内省"},"geometry":{"type":"Polygon","coordinates":[[[26.77005,40.72121],[26.78383,40.7462],[26.73053,40.80544],[26.72842,40.88488],[26.78115,41.00628],[26.75725,41.0319],[26.63888,41.04623],[26.47976,40.87527],[26.46078,40.8268],[26.37211,40.77195],[26.32333,40.76434],[26.28118,40.70457],[26.34972,40.67967],[26.35108,40.60403],[26.41403,40.59847],[26.46125,40.61681],[26.53375,40.59125],[26.60986,40.63681],[26.79264,40.65681],[26.7611,40.68602],[26.77005,40.72121]]]}},{"type":"Feature","properties":{"gid":"TUR.28.5_1","name2":"Lalapaşa","engtype2":"District","type2":"District","provZh":"埃迪尔内省"},"geometry":{"type":"Polygon","coordinates":[[[26.56593,41.86695],[26.56633,41.85082],[26.74125,41.77398],[26.90655,41.89108],[26.98887,41.91793],[26.97829,42.00438],[26.83852,41.9694],[26.78117,41.97799],[26.75112,41.95451],[26.62344,41.97693],[26.56919,41.92753],[26.58584,41.9052],[26.56593,41.86695]]]}},{"type":"Feature","properties":{"gid":"TUR.28.6_1","name2":"Meriç","engtype2":"District","type2":"District","provZh":"埃迪尔内省"},"geometry":{"type":"Polygon","coordinates":[[[26.47128,41.30171],[26.40156,41.25094],[26.34119,41.2579],[26.32346,41.23479],[26.32279,41.18444],[26.30645,41.17511],[26.33426,41.14196],[26.30998,41.11764],[26.3273,41.11149],[26.31423,41.08794],[26.33112,41.04187],[26.35884,41.02777],[26.39614,41.06809],[26.45095,41.09047],[26.54714,41.1898],[26.54893,41.33886],[26.51788,41.33755],[26.47128,41.30171]]]}},{"type":"Feature","properties":{"gid":"TUR.28.7_1","name2":"Merkez","engtype2":"District","type2":"District","provZh":"埃迪尔内省"},"geometry":{"type":"Polygon","coordinates":[[[26.36879,41.71423],[26.49696,41.66906],[26.53648,41.62703],[26.59614,41.61547],[26.61748,41.44898],[26.6998,41.43036],[26.68594,41.50521],[26.74309,41.62032],[26.74836,41.68555],[26.78504,41.72803],[26.78568,41.76434],[26.68374,41.79469],[26.56633,41.85082],[26.56593,41.86695],[26.53805,41.83727],[26.37737,41.83274],[26.33963,41.75893],[26.36879,41.71423]]]}},{"type":"Feature","properties":{"gid":"TUR.28.8_1","name2":"Süleoğlu","engtype2":"District","type2":"District","provZh":"埃迪尔内省"},"geometry":{"type":"Polygon","coordinates":[[[26.9096,41.67983],[26.95365,41.73678],[26.98887,41.91793],[26.90655,41.89108],[26.74125,41.77398],[26.78568,41.76434],[26.78504,41.72803],[26.88204,41.71775],[26.9096,41.67983]]]}},{"type":"Feature","properties":{"gid":"TUR.28.9_1","name2":"Uzunköprü","engtype2":"District","type2":"District","provZh":"埃迪尔内省"},"geometry":{"type":"Polygon","coordinates":[[[26.54893,41.33886],[26.54714,41.1898],[26.45095,41.09047],[26.52322,41.09138],[26.58029,41.06052],[26.74397,41.03451],[26.76766,41.09774],[26.89196,41.13862],[26.9376,41.18947],[26.9386,41.23729],[26.89656,41.29404],[26.89835,41.34303],[26.87963,41.37301],[26.90338,41.43114],[26.77294,41.44218],[26.6998,41.43036],[26.61748,41.44898],[26.64177,41.39089],[26.63687,41.35608],[26.5922,41.32867],[26.54893,41.33886]]]}},{"type":"Feature","properties":{"gid":"TUR.29.1_1","name2":"Ağın","engtype2":"District","type2":"District","provZh":"埃拉泽省"},"geometry":{"type":"Polygon","coordinates":[[[38.82094,38.87383],[38.76944,38.89875],[38.78301,38.98748],[38.7532,39.03482],[38.68187,39.00463],[38.61319,39.0108],[38.59008,38.98766],[38.63277,38.84864],[38.75895,38.84948],[38.82094,38.87383]]]}},{"type":"Feature","properties":{"gid":"TUR.29.2_1","name2":"Alacakaya","engtype2":"District","type2":"District","provZh":"埃拉泽省"},"geometry":{"type":"Polygon","coordinates":[[[39.98339,38.48673],[39.98169,38.54115],[39.94601,38.57121],[39.81351,38.52335],[39.7345,38.52348],[39.74535,38.45591],[39.78619,38.40488],[39.85525,38.49641],[39.98339,38.48673]]]}},{"type":"Feature","properties":{"gid":"TUR.29.3_1","name2":"Aricak","engtype2":"District","type2":"District","provZh":"埃拉泽省"},"geometry":{"type":"Polygon","coordinates":[[[40.23947,38.60807],[40.20005,38.62542],[40.09766,38.62543],[39.94601,38.57121],[39.98169,38.54115],[39.98339,38.48673],[40.29215,38.47479],[40.29604,38.55553],[40.23947,38.60807]]]}},{"type":"Feature","properties":{"gid":"TUR.29.4_1","name2":"Baskil","engtype2":"District","type2":"District","provZh":"埃拉泽省"},"geometry":{"type":"Polygon","coordinates":[[[38.54803,38.74557],[38.47199,38.73606],[38.3814,38.64058],[38.34734,38.58619],[38.38318,38.50823],[38.42989,38.47503],[38.68425,38.41203],[38.84942,38.3914],[38.8974,38.42105],[38.93187,38.51347],[38.86038,38.60138],[38.91224,38.61959],[38.94223,38.65529],[38.62221,38.67532],[38.54803,38.74557]]]}},{"type":"Feature","properties":{"gid":"TUR.29.5_1","name2":"Karakoçan","engtype2":"District","type2":"District","provZh":"埃拉泽省"},"geometry":{"type":"Polygon","coordinates":[[[40.28001,39.20322],[40.0283,39.09446],[39.90518,39.07714],[39.86792,39.04501],[39.89454,38.95552],[39.84569,38.87274],[39.92252,38.80147],[39.96161,38.78905],[40.15411,38.8575],[40.32029,38.86981],[40.28542,38.95003],[40.28595,39.05031],[40.39784,39.15584],[40.36548,39.22527],[40.28001,39.20322]]]}},{"type":"Feature","properties":{"gid":"TUR.29.6_1","name2":"Keban","engtype2":"District","type2":"District","provZh":"埃拉泽省"},"geometry":{"type":"Polygon","coordinates":[[[38.63277,38.84864],[38.62973,38.75021],[38.54803,38.74557],[38.60075,38.68667],[38.86032,38.65059],[38.88921,38.80655],[38.92339,38.88844],[38.75895,38.84948],[38.63277,38.84864]]]}},{"type":"Feature","properties":{"gid":"TUR.29.7_1","name2":"Kovancılar","engtype2":"District","type2":"District","provZh":"埃拉泽省"},"geometry":{"type":"Polygon","coordinates":[[[39.84569,38.87274],[39.77246,38.81531],[39.63027,38.80182],[39.51956,38.76447],[39.49058,38.74916],[39.4899,38.70448],[39.55663,38.66268],[39.79494,38.639],[39.90752,38.67518],[40.0001,38.72893],[40.17122,38.73243],[40.15218,38.78601],[40.18569,38.82717],[40.29798,38.84996],[40.32029,38.86981],[40.15411,38.8575],[39.96161,38.78905],[39.92252,38.80147],[39.84569,38.87274]]]}},{"type":"Feature","properties":{"gid":"TUR.29.8_1","name2":"Maden","engtype2":"District","type2":"District","provZh":"埃拉泽省"},"geometry":{"type":"Polygon","coordinates":[[[39.51769,38.35551],[39.73397,38.37127],[39.76891,38.39013],[39.78619,38.40488],[39.74535,38.45591],[39.7345,38.52348],[39.64865,38.59569],[39.60601,38.60052],[39.5252,38.56301],[39.41826,38.44744],[39.28315,38.367],[39.35797,38.33567],[39.51769,38.35551]]]}},{"type":"Feature","properties":{"gid":"TUR.29.9_1","name2":"Merkez","engtype2":"District","type2":"District","provZh":"埃拉泽省"},"geometry":{"type":"Polygon","coordinates":[[[38.91178,38.44752],[38.99722,38.48573],[39.2326,38.52142],[39.40572,38.48497],[39.42462,38.45777],[39.5252,38.56301],[39.61835,38.60316],[39.7284,38.52516],[39.75181,38.55903],[39.71539,38.60694],[39.71893,38.6549],[39.54974,38.66431],[39.49118,38.70203],[39.49058,38.74916],[39.14186,38.86901],[39.04154,38.89423],[38.94202,38.89377],[38.92339,38.88844],[38.89115,38.81255],[38.88557,38.73597],[38.85777,38.68433],[38.86032,38.65059],[38.92827,38.66102],[38.94591,38.6484],[38.86038,38.60138],[38.89257,38.54502],[38.93058,38.51886],[38.90534,38.47248],[38.91178,38.44752]]]}},{"type":"Feature","properties":{"gid":"TUR.29.10_1","name2":"Palu","engtype2":"District","type2":"District","provZh":"埃拉泽省"},"geometry":{"type":"Polygon","coordinates":[[[40.36172,38.74829],[40.38689,38.80656],[40.34865,38.86548],[40.19932,38.83442],[40.15218,38.78601],[40.17122,38.73243],[40.0001,38.72893],[39.90752,38.67518],[39.79494,38.639],[39.71893,38.6549],[39.71539,38.60694],[39.75208,38.55676],[39.7345,38.52348],[39.82019,38.52517],[40.09379,38.62479],[40.20005,38.62542],[40.23947,38.60807],[40.24125,38.64594],[40.28369,38.72356],[40.34856,38.72012],[40.36172,38.74829]]]}},{"type":"Feature","properties":{"gid":"TUR.29.11_1","name2":"Sivrice","engtype2":"District","type2":"District","provZh":"埃拉泽省"},"geometry":{"type":"Polygon","coordinates":[[[39.28315,38.367],[39.41826,38.44744],[39.41082,38.48177],[39.2326,38.52142],[38.99722,38.48573],[38.91178,38.44752],[38.84942,38.3914],[38.96862,38.30895],[39.28315,38.367]]]}},{"type":"Feature","properties":{"gid":"TUR.30.1_1","name2":"Çayırlı","engtype2":"District","type2":"District","provZh":"埃尔津詹省"},"geometry":{"type":"Polygon","coordinates":[[[39.78476,39.93109],[39.74125,39.90884],[39.57267,39.88308],[39.58912,39.86287],[39.58363,39.82677],[39.65652,39.78247],[39.81989,39.77682],[39.91557,39.71152],[40.03278,39.71729],[40.0578,39.67502],[39.99584,39.63285],[40.05041,39.61735],[40.10833,39.63071],[40.16219,39.6925],[40.24053,39.72422],[40.23723,39.75674],[40.19038,39.78429],[40.158,39.8303],[40.06618,39.8626],[40.09964,39.89394],[40.07805,39.92674],[39.94644,39.93183],[39.84372,39.97449],[39.78476,39.93109]]]}},{"type":"Feature","properties":{"gid":"TUR.30.2_1","name2":"İliç","engtype2":"District","type2":"District","provZh":"埃尔津詹省"},"geometry":{"type":"Polygon","coordinates":[[[38.79291,39.27996],[38.85899,39.33743],[38.85614,39.35984],[38.7908,39.41504],[38.76494,39.46671],[38.6969,39.50164],[38.70266,39.56093],[38.66441,39.6182],[38.6773,39.70477],[38.53974,39.74345],[38.41823,39.74993],[38.36626,39.68344],[38.34867,39.56377],[38.39641,39.41117],[38.54821,39.35067],[38.66274,39.35871],[38.79291,39.27996]]]}},{"type":"Feature","properties":{"gid":"TUR.30.3_1","name2":"Kemah","engtype2":"District","type2":"District","provZh":"埃尔津詹省"},"geometry":{"type":"Polygon","coordinates":[[[38.85899,39.33743],[38.96606,39.37566],[39.10379,39.46381],[39.30752,39.49954],[39.39294,39.49078],[39.42783,39.63874],[39.32338,39.66675],[39.25224,39.71793],[39.18146,39.74158],[39.14737,39.79683],[39.1943,39.82809],[39.19428,39.84573],[39.10992,39.84086],[39.02889,39.88405],[38.98114,39.8711],[38.93654,39.83064],[38.93086,39.76658],[38.84687,39.68981],[38.80379,39.67733],[38.6773,39.70477],[38.66441,39.6182],[38.70266,39.56093],[38.6956,39.50425],[38.76494,39.46671],[38.7908,39.41504],[38.84159,39.38301],[38.85899,39.33743]]]}},{"type":"Feature","properties":{"gid":"TUR.30.4_1","name2":"Kemaliye","engtype2":"District","type2":"District","provZh":"埃尔津詹省"},"geometry":{"type":"Polygon","coordinates":[[[38.7532,39.03482],[38.72624,39.11313],[38.77146,39.1803],[38.89365,39.2135],[38.92638,39.25006],[38.82677,39.25985],[38.66274,39.35871],[38.54821,39.35067],[38.39641,39.41117],[38.39257,39.19685],[38.35455,39.13977],[38.41633,39.1175],[38.52343,39.11494],[38.61704,39.07947],[38.68187,39.00463],[38.7532,39.03482]]]}},{"type":"Feature","properties":{"gid":"TUR.30.5_1","name2":"Merkez","engtype2":"District","type2":"District","provZh":"埃尔津詹省"},"geometry":{"type":"Polygon","coordinates":[[[39.57267,39.88308],[39.43202,39.87484],[39.12938,39.99831],[39.1022,39.98199],[39.10255,39.84442],[39.19946,39.83982],[39.14775,39.7995],[39.18146,39.74158],[39.25224,39.71793],[39.32338,39.66675],[39.42783,39.63874],[39.39294,39.49078],[39.49435,39.4763],[39.596,39.48798],[39.618,39.44404],[39.68562,39.4432],[39.77057,39.51818],[39.88588,39.54995],[39.74446,39.64874],[39.59774,39.65662],[39.5981,39.68523],[39.65282,39.74523],[39.65652,39.78247],[39.58674,39.82206],[39.57267,39.88308]]]}},{"type":"Feature","properties":{"gid":"TUR.30.6_1","name2":"Otlukbeli","engtype2":"District","type2":"District","provZh":"埃尔津詹省"},"geometry":{"type":"Polygon","coordinates":[[[39.84372,39.97449],[39.94644,39.93183],[40.0751,39.928],[40.09964,39.89394],[40.26528,39.90684],[40.24314,39.94732],[40.28642,40.03907],[40.10007,40.06918],[39.88298,40.00957],[39.84372,39.97449]]]}},{"type":"Feature","properties":{"gid":"TUR.30.7_1","name2":"Refahiye","engtype2":"District","type2":"District","provZh":"埃尔津詹省"},"geometry":{"type":"Polygon","coordinates":[[[38.6773,39.70477],[38.81993,39.67945],[38.93086,39.76658],[38.93654,39.83064],[38.97201,39.86614],[39.02889,39.88405],[39.09764,39.85557],[39.11577,40.01247],[38.92854,40.06268],[38.77372,40.0488],[38.75243,39.97181],[38.72418,39.95657],[38.44741,39.96938],[38.41589,39.94675],[38.36587,39.85836],[38.37028,39.83484],[38.41291,39.82686],[38.52224,39.84823],[38.55438,39.82653],[38.52255,39.79716],[38.45047,39.78691],[38.43944,39.75685],[38.6773,39.70477]]]}},{"type":"Feature","properties":{"gid":"TUR.30.8_1","name2":"Tercan","engtype2":"District","type2":"District","provZh":"埃尔津詹省"},"geometry":{"type":"Polygon","coordinates":[[[40.62029,39.52822],[40.61962,39.5797],[40.69153,39.69072],[40.56336,39.75131],[40.53014,39.79113],[40.53995,39.84495],[40.50377,39.89991],[40.15017,39.90629],[40.06592,39.8748],[40.07062,39.85948],[40.158,39.8303],[40.19038,39.78429],[40.23723,39.75674],[40.2415,39.72691],[40.16219,39.6925],[40.10201,39.62801],[40.05742,39.6165],[39.99584,39.63285],[39.98635,39.51869],[40.14209,39.55763],[40.54323,39.54778],[40.62029,39.52822]]]}},{"type":"Feature","properties":{"gid":"TUR.30.9_1","name2":"Üzümlü","engtype2":"District","type2":"District","provZh":"埃尔津詹省"},"geometry":{"type":"Polygon","coordinates":[[[39.65652,39.78247],[39.65282,39.74523],[39.59677,39.68259],[39.59987,39.65456],[39.74446,39.64874],[39.88588,39.54995],[39.98635,39.51869],[39.99584,39.63285],[40.05882,39.67764],[40.03815,39.71417],[39.91557,39.71152],[39.81989,39.77682],[39.65652,39.78247]]]}},{"type":"Feature","properties":{"gid":"TUR.31.1_1","name2":"Aşkale","engtype2":"District","type2":"District","provZh":"埃尔祖鲁姆省"},"geometry":{"type":"Polygon","coordinates":[[[40.28642,40.03907],[40.24314,39.94732],[40.26528,39.90684],[40.49852,39.90306],[40.53995,39.84495],[40.53014,39.79113],[40.58168,39.73698],[40.63185,39.7203],[40.68384,39.73146],[40.74805,39.69878],[40.85619,39.74685],[40.86694,39.77179],[40.81421,39.83332],[40.88232,39.86752],[40.90215,39.9439],[40.855,40.02188],[40.78515,40.08946],[40.63232,40.05797],[40.57912,40.06958],[40.46955,40.02351],[40.28642,40.03907]]]}},{"type":"Feature","properties":{"gid":"TUR.31.2_1","name2":"Çat","engtype2":"District","type2":"District","provZh":"埃尔祖鲁姆省"},"geometry":{"type":"Polygon","coordinates":[[[41.02431,39.46929],[41.10135,39.62802],[41.27343,39.72969],[41.26468,39.80705],[41.14142,39.7571],[41.04336,39.7443],[40.95233,39.74499],[40.86694,39.77179],[40.84622,39.73656],[40.74805,39.69878],[40.68384,39.73146],[40.63185,39.7203],[40.69209,39.68522],[40.61962,39.5797],[40.62321,39.52537],[40.68697,39.5122],[40.86243,39.5656],[41.02431,39.46929]]]}},{"type":"Feature","properties":{"gid":"TUR.31.3_1","name2":"Hınıs","engtype2":"District","type2":"District","provZh":"埃尔祖鲁姆省"},"geometry":{"type":"Polygon","coordinates":[[[41.93023,39.47776],[41.83237,39.51639],[41.75924,39.49775],[41.64198,39.52029],[41.5609,39.47779],[41.41304,39.43854],[41.38221,39.39952],[41.38632,39.38357],[41.52433,39.32914],[41.66228,39.20042],[41.72012,39.17337],[41.83883,39.16224],[41.93718,39.19544],[41.92223,39.32808],[41.95276,39.43559],[41.93023,39.47776]]]}},{"type":"Feature","properties":{"gid":"TUR.31.4_1","name2":"Horasan","engtype2":"District","type2":"District","provZh":"埃尔祖鲁姆省"},"geometry":{"type":"Polygon","coordinates":[[[42.56636,39.94755],[42.49897,40.04121],[42.36748,40.13149],[42.20087,40.17009],[42.13814,40.25528],[42.14983,40.28962],[42.07324,40.27473],[42.02758,40.22517],[41.97641,40.2131],[41.94253,40.17487],[41.92706,40.06952],[42.03333,39.92742],[42.10501,39.87261],[42.2129,39.84691],[42.25725,39.8503],[42.27765,39.88197],[42.39967,39.87158],[42.56636,39.94755]]]}},{"type":"Feature","properties":{"gid":"TUR.31.5_1","name2":"Ilıca","engtype2":"District","type2":"District","provZh":"埃尔祖鲁姆省"},"geometry":{"type":"Polygon","coordinates":[[[40.57912,40.06958],[40.63232,40.05797],[40.74578,40.09221],[40.79128,40.08616],[40.855,40.02188],[40.90305,39.93539],[40.88232,39.86752],[40.81851,39.84044],[40.81831,39.8204],[40.90365,39.75765],[41.05419,39.74675],[41.09708,39.75947],[41.1245,39.83955],[41.08614,40.00257],[41.12774,40.08985],[41.10085,40.1591],[41.21619,40.2286],[41.12797,40.33043],[41.06953,40.34677],[40.96544,40.28207],[40.75156,40.2524],[40.72982,40.23114],[40.78183,40.23067],[40.79792,40.21445],[40.76617,40.15577],[40.57912,40.06958]]]}},{"type":"Feature","properties":{"gid":"TUR.31.6_1","name2":"İspir","engtype2":"District","type2":"District","provZh":"埃尔祖鲁姆省"},"geometry":{"type":"Polygon","coordinates":[[[41.12231,40.80845],[40.70045,40.60466],[40.75012,40.56916],[40.74039,40.50386],[40.80931,40.43169],[40.82754,40.36414],[40.59877,40.29712],[40.59654,40.2623],[40.72982,40.23114],[40.788,40.2659],[40.96544,40.28207],[41.06953,40.34677],[41.12797,40.33043],[41.11406,40.41545],[41.13387,40.48998],[41.2053,40.53293],[41.36262,40.57928],[41.3396,40.65016],[41.39788,40.75278],[41.37074,40.77895],[41.19908,40.78025],[41.12231,40.80845]]]}},{"type":"Feature","properties":{"gid":"TUR.31.7_1","name2":"Karaçoban","engtype2":"District","type2":"District","provZh":"埃尔祖鲁姆省"},"geometry":{"type":"Polygon","coordinates":[[[41.93718,39.19544],[42.07426,39.22237],[42.19929,39.29954],[42.22162,39.32954],[42.20597,39.37376],[42.10415,39.38395],[42.06646,39.42657],[41.93023,39.47776],[41.95276,39.43559],[41.92223,39.32808],[41.93718,39.19544]]]}},{"type":"Feature","properties":{"gid":"TUR.31.8_1","name2":"Karayazı","engtype2":"District","type2":"District","provZh":"埃尔祖鲁姆省"},"geometry":{"type":"Polygon","coordinates":[[[42.25725,39.8503],[42.14223,39.85976],[42.02662,39.82429],[41.75741,39.83611],[41.67944,39.81591],[41.74006,39.76499],[41.76015,39.66487],[41.82972,39.5555],[41.83237,39.51639],[41.99672,39.461],[42.06879,39.42501],[42.10415,39.38395],[42.19287,39.38152],[42.22727,39.4197],[42.29915,39.44936],[42.47147,39.48859],[42.52364,39.56862],[42.50791,39.72432],[42.4879,39.7571],[42.28829,39.81281],[42.25725,39.8503]]]}},{"type":"Feature","properties":{"gid":"TUR.31.9_1","name2":"Köprüköy","engtype2":"District","type2":"District","provZh":"埃尔祖鲁姆省"},"geometry":{"type":"Polygon","coordinates":[[[41.92468,40.107],[41.87695,40.1001],[41.85057,40.07646],[41.8468,40.01429],[41.80513,39.94611],[41.81845,39.83583],[42.02662,39.82429],[42.14223,39.85976],[42.03333,39.92742],[41.92706,40.06952],[41.92468,40.107]]]}},{"type":"Feature","properties":{"gid":"TUR.31.10_1","name2":"Merkez","engtype2":"District","type2":"District","provZh":"埃尔祖鲁姆省"},"geometry":{"type":"Polygon","coordinates":[[[41.26468,39.80705],[41.33095,39.83552],[41.43486,39.83445],[41.48381,39.88102],[41.4856,39.9167],[41.41614,39.98835],[41.41432,40.03949],[41.44223,40.07707],[41.52755,40.1007],[41.5857,40.19835],[41.52004,40.19917],[41.39185,40.25448],[41.32516,40.22128],[41.2871,40.17572],[41.22498,40.18674],[41.21574,40.21498],[41.10475,40.16686],[41.12774,40.08985],[41.08614,40.00257],[41.1247,39.84217],[41.09708,39.75947],[41.14142,39.7571],[41.26468,39.80705]]]}},{"type":"Feature","properties":{"gid":"TUR.31.11_1","name2":"Narman","engtype2":"District","type2":"District","provZh":"埃尔祖鲁姆省"},"geometry":{"type":"Polygon","coordinates":[[[42.13481,40.28963],[42.13826,40.33501],[42.17329,40.37246],[41.93109,40.42834],[41.80967,40.42808],[41.73948,40.39639],[41.66952,40.39476],[41.63896,40.28807],[41.69915,40.2439],[41.64573,40.19793],[41.70399,40.17512],[41.83551,40.16201],[41.94253,40.17487],[41.97641,40.2131],[42.02758,40.22517],[42.07324,40.27473],[42.13481,40.28963]]]}},{"type":"Feature","properties":{"gid":"TUR.31.12_1","name2":"Oltu","engtype2":"District","type2":"District","provZh":"埃尔祖鲁姆省"},"geometry":{"type":"Polygon","coordinates":[[[41.735,40.65467],[41.75618,40.56755],[41.65624,40.52424],[41.61,40.46975],[41.61634,40.44271],[41.67631,40.42165],[41.66952,40.39476],[41.73948,40.39639],[41.83749,40.42986],[41.93109,40.42834],[42.17329,40.37246],[42.2089,40.3978],[42.17986,40.46732],[42.2106,40.58637],[42.16661,40.6684],[42.18082,40.72035],[42.03856,40.7098],[41.94059,40.74382],[41.90904,40.64646],[41.88513,40.63165],[41.82442,40.61821],[41.735,40.65467]]]}},{"type":"Feature","properties":{"gid":"TUR.31.13_1","name2":"Olur","engtype2":"District","type2":"District","provZh":"埃尔祖鲁姆省"},"geometry":{"type":"Polygon","coordinates":[[[42.33083,40.93491],[42.33081,40.98289],[42.03804,40.94627],[41.97545,40.86158],[41.94059,40.74382],[42.03856,40.7098],[42.18082,40.72035],[42.20026,40.76854],[42.25398,40.81007],[42.38465,40.8258],[42.33083,40.93491]]]}},{"type":"Feature","properties":{"gid":"TUR.31.14_1","name2":"Pasinler","engtype2":"District","type2":"District","provZh":"埃尔祖鲁姆省"},"geometry":{"type":"Polygon","coordinates":[[[41.94253,40.17487],[41.83551,40.16201],[41.5857,40.19835],[41.52755,40.1007],[41.44223,40.07707],[41.41611,40.04491],[41.41614,39.98835],[41.48878,39.90574],[41.43486,39.83445],[41.46704,39.8136],[41.61367,39.80117],[41.73724,39.83492],[41.81845,39.83583],[41.80513,39.94611],[41.8468,40.01429],[41.85057,40.07646],[41.87695,40.1001],[41.92468,40.107],[41.94253,40.17487]]]}},{"type":"Feature","properties":{"gid":"TUR.31.15_1","name2":"Pazaryolu","engtype2":"District","type2":"District","provZh":"埃尔祖鲁姆省"},"geometry":{"type":"Polygon","coordinates":[[[40.58806,40.29078],[40.82754,40.36414],[40.80931,40.43169],[40.74039,40.50386],[40.75012,40.56916],[40.70045,40.60466],[40.4985,40.53533],[40.52689,40.48198],[40.55994,40.30656],[40.58806,40.29078]]]}},{"type":"Feature","properties":{"gid":"TUR.31.16_1","name2":"Şenkaya","engtype2":"District","type2":"District","provZh":"埃尔祖鲁姆省"},"geometry":{"type":"Polygon","coordinates":[[[42.38465,40.8258],[42.26028,40.81274],[42.18399,40.74266],[42.16661,40.6684],[42.2106,40.58637],[42.17986,40.46732],[42.21039,40.40333],[42.13826,40.33501],[42.13481,40.28963],[42.29907,40.32638],[42.50921,40.40768],[42.53647,40.43909],[42.5679,40.61433],[42.49171,40.72142],[42.38465,40.8258]]]}},{"type":"Feature","properties":{"gid":"TUR.31.17_1","name2":"Tekman","engtype2":"District","type2":"District","provZh":"埃尔祖鲁姆省"},"geometry":{"type":"Polygon","coordinates":[[[41.21869,39.35534],[41.38632,39.38357],[41.38363,39.41352],[41.40676,39.43555],[41.5609,39.47779],[41.63855,39.51955],[41.75924,39.49775],[41.83237,39.51639],[41.82972,39.5555],[41.76015,39.66487],[41.73847,39.76761],[41.67944,39.81591],[41.60581,39.80162],[41.33815,39.83617],[41.26468,39.80705],[41.27343,39.72969],[41.10135,39.62802],[41.02431,39.46929],[41.13103,39.45878],[41.21869,39.35534]]]}},{"type":"Feature","properties":{"gid":"TUR.31.18_1","name2":"Tortum","engtype2":"District","type2":"District","provZh":"埃尔祖鲁姆省"},"geometry":{"type":"Polygon","coordinates":[[[41.36262,40.57928],[41.17531,40.5212],[41.13102,40.48442],[41.11406,40.41545],[41.12797,40.33043],[41.2013,40.25458],[41.22277,40.18855],[41.2871,40.17572],[41.32516,40.22128],[41.39185,40.25448],[41.53055,40.19735],[41.64573,40.19793],[41.69496,40.23449],[41.69511,40.25649],[41.65064,40.27174],[41.6383,40.29403],[41.67631,40.42165],[41.61634,40.44271],[41.61,40.46975],[41.56314,40.50909],[41.36262,40.57928]]]}},{"type":"Feature","properties":{"gid":"TUR.31.19_1","name2":"Uzundere","engtype2":"District","type2":"District","provZh":"埃尔祖鲁姆省"},"geometry":{"type":"Polygon","coordinates":[[[41.4287,40.56306],[41.56314,40.50909],[41.61,40.46975],[41.64813,40.51839],[41.73766,40.55201],[41.75979,40.58376],[41.73127,40.62219],[41.735,40.65467],[41.65905,40.66277],[41.4287,40.56306]]]}},{"type":"Feature","properties":{"gid":"TUR.32.1_1","name2":"Alpu","engtype2":"District","type2":"District","provZh":"埃斯基谢希尔省"},"geometry":{"type":"Polygon","coordinates":[[[30.95394,40.0196],[31.03351,39.92072],[30.94201,39.86382],[30.90528,39.81051],[30.91903,39.69365],[30.96565,39.65908],[31.11845,39.66056],[31.25496,39.86705],[31.18887,39.96397],[31.17599,40.04403],[30.95394,40.0196]]]}},{"type":"Feature","properties":{"gid":"TUR.32.2_1","name2":"Beylikova","engtype2":"District","type2":"District","provZh":"埃斯基谢希尔省"},"geometry":{"type":"Polygon","coordinates":[[[31.11845,39.66056],[31.16467,39.64433],[31.2295,39.58802],[31.30489,39.6418],[31.41932,39.67201],[31.42514,39.73207],[31.36519,39.84551],[31.33178,39.86551],[31.25496,39.86705],[31.11845,39.66056]]]}},{"type":"Feature","properties":{"gid":"TUR.32.3_1","name2":"Çifteler","engtype2":"District","type2":"District","provZh":"埃斯基谢希尔省"},"geometry":{"type":"Polygon","coordinates":[[[31.02023,39.17516],[31.14186,39.2185],[31.23126,39.28281],[31.30527,39.27319],[31.34307,39.28679],[31.34775,39.3421],[31.27136,39.39301],[31.19312,39.48865],[31.03036,39.41464],[30.91279,39.4137],[30.85496,39.43142],[30.85419,39.3536],[30.83399,39.31197],[30.89734,39.26101],[30.91472,39.22691],[30.89968,39.21528],[30.96153,39.16646],[31.02023,39.17516]]]}},{"type":"Feature","properties":{"gid":"TUR.32.4_1","name2":"Günyüzü","engtype2":"District","type2":"District","provZh":"埃斯基谢希尔省"},"geometry":{"type":"Polygon","coordinates":[[[31.84726,39.76829],[31.7333,39.7155],[31.80179,39.63353],[31.75607,39.53595],[31.77214,39.30311],[31.80617,39.19912],[31.86067,39.168],[31.9912,39.2251],[32.01132,39.38179],[31.99344,39.50459],[31.89622,39.63234],[31.84726,39.76829]]]}},{"type":"Feature","properties":{"gid":"TUR.32.5_1","name2":"Han","engtype2":"District","type2":"District","provZh":"埃斯基谢希尔省"},"geometry":{"type":"Polygon","coordinates":[[[30.89968,39.21528],[30.91472,39.22691],[30.89734,39.26101],[30.83399,39.31197],[30.78987,39.29173],[30.72604,39.2425],[30.69237,39.19127],[30.69748,39.1067],[30.76663,39.12854],[30.79948,39.17239],[30.89968,39.21528]]]}},{"type":"Feature","properties":{"gid":"TUR.32.6_1","name2":"İnönü","engtype2":"District","type2":"District","provZh":"埃斯基谢希尔省"},"geometry":{"type":"Polygon","coordinates":[[[30.04477,39.69323],[30.14598,39.70491],[30.22425,39.68676],[30.24356,39.75017],[30.28428,39.79284],[30.27223,39.86244],[30.1133,39.86707],[30.0585,39.84362],[29.99955,39.7717],[30.00294,39.72936],[30.04477,39.69323]]]}},{"type":"Feature","properties":{"gid":"TUR.32.7_1","name2":"Mahmudiye","engtype2":"District","type2":"District","provZh":"埃斯基谢希尔省"},"geometry":{"type":"Polygon","coordinates":[[[30.93767,39.67301],[30.8896,39.62783],[30.84823,39.61947],[30.88597,39.54305],[30.85496,39.43142],[30.91279,39.4137],[31.03036,39.41464],[31.20717,39.5019],[31.20255,39.54905],[31.2295,39.58802],[31.16467,39.64433],[31.08735,39.66831],[30.98487,39.65714],[30.93767,39.67301]]]}},{"type":"Feature","properties":{"gid":"TUR.32.8_1","name2":"Merkez","engtype2":"District","type2":"District","provZh":"埃斯基谢希尔省"},"geometry":{"type":"Polygon","coordinates":[[[30.8854,40.12983],[30.8669,40.08002],[30.75979,40.02378],[30.72625,39.97364],[30.65049,39.96194],[30.56974,40.00465],[30.52321,40.00673],[30.46485,39.95089],[30.35621,39.93702],[30.27344,39.8658],[30.28428,39.79284],[30.24356,39.75017],[30.23494,39.7007],[30.2158,39.68366],[30.187,39.69671],[30.13921,39.62137],[30.31461,39.48348],[30.4025,39.48324],[30.54411,39.51558],[30.61941,39.51099],[30.62995,39.52999],[30.61486,39.58992],[30.63192,39.60923],[30.77148,39.63459],[30.8896,39.62783],[30.93767,39.67301],[30.90226,39.74546],[30.90528,39.81051],[30.94201,39.86382],[31.03364,39.92314],[30.95394,40.0196],[30.9194,40.03568],[30.91475,40.09623],[30.8854,40.12983]]]}},{"type":"Feature","properties":{"gid":"TUR.32.9_1","name2":"Mihalgazi","engtype2":"District","type2":"District","provZh":"埃斯基谢希尔省"},"geometry":{"type":"Polygon","coordinates":[[[30.52321,40.00673],[30.56974,40.00465],[30.65754,39.9612],[30.74315,39.99168],[30.64725,40.02092],[30.5549,40.07628],[30.5295,40.05276],[30.52321,40.00673]]]}},{"type":"Feature","properties":{"gid":"TUR.32.10_1","name2":"Mihalıçcık","engtype2":"District","type2":"District","provZh":"埃斯基谢希尔省"},"geometry":{"type":"Polygon","coordinates":[[[31.69595,39.98823],[31.50365,40.029],[31.17599,40.04403],[31.18887,39.96397],[31.25496,39.86705],[31.33541,39.86456],[31.37847,39.83089],[31.42514,39.73207],[31.42124,39.67534],[31.56344,39.68369],[31.60793,39.70478],[31.65216,39.75729],[31.69525,39.71894],[31.7333,39.7155],[31.81174,39.74662],[31.88267,39.80158],[31.85971,39.8726],[31.7885,39.88836],[31.69595,39.98823]]]}},{"type":"Feature","properties":{"gid":"TUR.32.11_1","name2":"Sarıcakaya","engtype2":"District","type2":"District","provZh":"埃斯基谢希尔省"},"geometry":{"type":"Polygon","coordinates":[[[30.87397,40.14035],[30.6703,40.16886],[30.57136,40.14688],[30.54118,40.07705],[30.74315,39.99168],[30.75979,40.02378],[30.8669,40.08002],[30.8854,40.12983],[30.87397,40.14035]]]}},{"type":"Feature","properties":{"gid":"TUR.32.12_1","name2":"Seyitgazi","engtype2":"District","type2":"District","provZh":"埃斯基谢希尔省"},"geometry":{"type":"Polygon","coordinates":[[[30.6907,39.09381],[30.68928,39.17749],[30.70678,39.21469],[30.76768,39.27626],[30.83399,39.31197],[30.85419,39.3536],[30.85581,39.44787],[30.8849,39.55503],[30.84823,39.61947],[30.82044,39.63293],[30.62632,39.60646],[30.61411,39.58094],[30.62955,39.52454],[30.60987,39.50719],[30.54411,39.51558],[30.42606,39.48455],[30.31461,39.48348],[30.31715,39.36788],[30.41479,39.28709],[30.45333,39.206],[30.50551,39.18942],[30.53304,39.13952],[30.61175,39.07915],[30.6907,39.09381]]]}},{"type":"Feature","properties":{"gid":"TUR.32.13_1","name2":"Sivrihisar","engtype2":"District","type2":"District","provZh":"埃斯基谢希尔省"},"geometry":{"type":"Polygon","coordinates":[[[31.69689,39.09306],[31.74824,39.07584],[31.79965,39.08813],[31.83891,39.10675],[31.85997,39.15662],[31.80617,39.19912],[31.77214,39.30311],[31.75607,39.53595],[31.80179,39.63353],[31.76867,39.67916],[31.64901,39.75688],[31.58749,39.69266],[31.43807,39.67905],[31.30779,39.64297],[31.2295,39.58802],[31.20255,39.54905],[31.20873,39.50628],[31.19312,39.48865],[31.27136,39.39301],[31.34775,39.3421],[31.34893,39.29247],[31.30527,39.27319],[31.30623,39.25903],[31.38636,39.11867],[31.47131,39.08675],[31.69689,39.09306]]]}},{"type":"Feature","properties":{"gid":"TUR.33.1_1","name2":"Araban","engtype2":"District","type2":"District","provZh":"加济安泰普省"},"geometry":{"type":"Polygon","coordinates":[[[37.62296,37.51213],[37.62162,37.43281],[37.59473,37.39748],[37.54275,37.38017],[37.56445,37.3614],[37.66398,37.38114],[37.84837,37.31248],[37.97583,37.43397],[38.05151,37.43759],[37.98579,37.4949],[37.79579,37.54465],[37.62296,37.51213]]]}},{"type":"Feature","properties":{"gid":"TUR.33.2_1","name2":"İslahiye","engtype2":"District","type2":"District","provZh":"加济安泰普省"},"geometry":{"type":"Polygon","coordinates":[[[36.78395,36.80652],[36.79209,36.84334],[36.90999,36.90265],[36.96165,36.98717],[36.91841,37.03344],[36.75885,37.02436],[36.73174,37.10463],[36.62511,37.18554],[36.52891,37.10305],[36.44259,36.95329],[36.62614,36.84095],[36.67554,36.8456],[36.78395,36.80652]]]}},{"type":"Feature","properties":{"gid":"TUR.33.3_1","name2":"Karkamış","engtype2":"District","type2":"District","provZh":"加济安泰普省"},"geometry":{"type":"Polygon","coordinates":[[[38.01063,36.82521],[38.01224,36.8998],[37.94037,36.87528],[37.86388,36.87983],[37.83371,36.82441],[37.70647,36.77035],[37.70787,36.74546],[37.79121,36.7486],[38.01063,36.82521]]]}},{"type":"Feature","properties":{"gid":"TUR.33.4_1","name2":"Nizip","engtype2":"District","type2":"District","provZh":"加济安泰普省"},"geometry":{"type":"Polygon","coordinates":[[[38.01224,36.8998],[38.00448,36.94564],[37.88094,37.05742],[37.83035,37.24394],[37.58728,37.20081],[37.65148,37.09694],[37.62283,37.0195],[37.62538,36.8713],[37.70647,36.77035],[37.82833,36.82036],[37.86388,36.87983],[37.94037,36.87528],[38.01224,36.8998]]]}},{"type":"Feature","properties":{"gid":"TUR.33.5_1","name2":"Nurdağı","engtype2":"District","type2":"District","provZh":"加济安泰普省"},"geometry":{"type":"Polygon","coordinates":[[[36.96165,36.98717],[37.01332,37.01048],[37.04763,37.05548],[37.05214,37.13532],[37.00911,37.17746],[37.01084,37.21738],[36.965,37.23296],[36.91373,37.36342],[36.72864,37.27605],[36.62511,37.18554],[36.73174,37.10463],[36.75885,37.02436],[36.91841,37.03344],[36.96165,36.98717]]]}},{"type":"Feature","properties":{"gid":"TUR.33.6_1","name2":"Oğuzeli","engtype2":"District","type2":"District","provZh":"加济安泰普省"},"geometry":{"type":"Polygon","coordinates":[[[37.71156,36.74493],[37.62538,36.8713],[37.62233,36.95684],[37.56427,36.9947],[37.50972,36.99189],[37.43347,36.93237],[37.40006,36.88108],[37.38172,36.80059],[37.43565,36.78143],[37.5085,36.6554],[37.71156,36.74493]]]}},{"type":"Feature","properties":{"gid":"TUR.33.7_1","name2":"Şahinbey","engtype2":"District","type2":"District","provZh":"加济安泰普省"},"geometry":{"type":"Polygon","coordinates":[[[37.01332,37.01048],[37.17042,36.99652],[37.24036,36.86549],[37.38174,36.81223],[37.42965,36.92771],[37.52166,36.99964],[37.40479,37.05627],[37.34578,37.02782],[37.2911,37.06646],[37.22488,37.08211],[37.22456,37.10791],[37.20228,37.122],[37.15697,37.10355],[37.0494,37.11312],[37.04999,37.0607],[37.01332,37.01048]]]}},{"type":"Feature","properties":{"gid":"TUR.33.8_1","name2":"Şehitkamil","engtype2":"District","type2":"District","provZh":"加济安泰普省"},"geometry":{"type":"Polygon","coordinates":[[[37.58728,37.20081],[37.46327,37.28805],[37.45963,37.36728],[37.40699,37.37117],[37.15549,37.32106],[37.07816,37.27435],[37.01084,37.21738],[37.00668,37.19547],[37.04859,37.14879],[37.0494,37.11312],[37.15697,37.10355],[37.20885,37.12085],[37.22488,37.08211],[37.2911,37.06646],[37.34578,37.02782],[37.41161,37.05482],[37.44917,37.02417],[37.56427,36.9947],[37.62233,36.95684],[37.62386,37.02599],[37.65148,37.09694],[37.58728,37.20081]]]}},{"type":"Feature","properties":{"gid":"TUR.33.9_1","name2":"Yavuzeli","engtype2":"District","type2":"District","provZh":"加济安泰普省"},"geometry":{"type":"Polygon","coordinates":[[[37.54275,37.38017],[37.45963,37.36728],[37.45876,37.2967],[37.58728,37.20081],[37.83035,37.24394],[37.84703,37.27269],[37.84837,37.31248],[37.71507,37.36734],[37.64985,37.38186],[37.57845,37.3588],[37.54275,37.38017]]]}},{"type":"Feature","properties":{"gid":"TUR.34.1_1","name2":"Alucra","engtype2":"District","type2":"District","provZh":"吉雷松省"},"geometry":{"type":"Polygon","coordinates":[[[38.90728,40.18364],[38.91067,40.25876],[39.05609,40.3384],[39.06717,40.37487],[38.95042,40.44175],[38.8599,40.45795],[38.84948,40.51313],[38.75827,40.52762],[38.67307,40.58003],[38.6666,40.61818],[38.58348,40.64342],[38.57352,40.54915],[38.54724,40.49373],[38.62975,40.45858],[38.65327,40.35423],[38.68961,40.32668],[38.60843,40.25645],[38.61023,40.2091],[38.63566,40.18754],[38.84584,40.1992],[38.90728,40.18364]]]}},{"type":"Feature","properties":{"gid":"TUR.34.2_1","name2":"Bulancak","engtype2":"District","type2":"District","provZh":"吉雷松省"},"geometry":{"type":"Polygon","coordinates":[[[38.35431,40.90965],[38.2832,40.94514],[38.18795,40.93903],[38.1986,40.83357],[38.00961,40.75204],[38.11658,40.61184],[38.14085,40.54873],[38.2199,40.57693],[38.28804,40.64284],[38.30637,40.69995],[38.29162,40.72495],[38.29207,40.8185],[38.35431,40.90965]]]}},{"type":"Feature","properties":{"gid":"TUR.34.3_1","name2":"Çamoluk","engtype2":"District","type2":"District","provZh":"吉雷松省"},"geometry":{"type":"Polygon","coordinates":[[[38.92854,40.06268],[38.94795,40.10495],[38.90905,40.14168],[38.90728,40.18364],[38.86261,40.19841],[38.66695,40.19648],[38.53718,40.11932],[38.77372,40.0488],[38.92854,40.06268]]]}},{"type":"Feature","properties":{"gid":"TUR.34.4_1","name2":"Çanakçı","engtype2":"District","type2":"District","provZh":"吉雷松省"},"geometry":{"type":"Polygon","coordinates":[[[39.02653,40.75756],[39.14961,40.77551],[39.1165,40.87101],[38.98145,40.91834],[38.92519,40.9171],[38.89229,40.81593],[39.02653,40.75756]]]}},{"type":"Feature","properties":{"gid":"TUR.34.5_1","name2":"Dereli","engtype2":"District","type2":"District","provZh":"吉雷松省"},"geometry":{"type":"Polygon","coordinates":[[[38.58348,40.64342],[38.62074,40.70644],[38.61801,40.74417],[38.53294,40.74875],[38.47901,40.79551],[38.35985,40.7067],[38.30637,40.69995],[38.28651,40.64036],[38.22452,40.58054],[38.14085,40.54873],[38.1554,40.52826],[38.30704,40.4695],[38.43101,40.46814],[38.4994,40.54462],[38.56561,40.53114],[38.58348,40.64342]]]}},{"type":"Feature","properties":{"gid":"TUR.34.6_1","name2":"Doğankent","engtype2":"District","type2":"District","provZh":"吉雷松省"},"geometry":{"type":"Polygon","coordinates":[[[38.89229,40.81593],[38.87725,40.8043],[38.89415,40.72662],[38.92199,40.68321],[39.02653,40.75756],[38.89229,40.81593]]]}},{"type":"Feature","properties":{"gid":"TUR.34.7_1","name2":"Espiye","engtype2":"District","type2":"District","provZh":"吉雷松省"},"geometry":{"type":"Polygon","coordinates":[[[38.78069,40.99181],[38.71486,40.9507],[38.65499,40.96236],[38.65501,40.89223],[38.67897,40.87317],[38.70568,40.79946],[38.81879,40.75945],[38.78844,40.81116],[38.78571,40.88327],[38.75721,40.9005],[38.78069,40.99181]]]}},{"type":"Feature","properties":{"gid":"TUR.34.8_1","name2":"Eynesil","engtype2":"District","type2":"District","provZh":"吉雷松省"},"geometry":{"type":"Polygon","coordinates":[[[39.05848,41.03847],[39.06105,40.9681],[39.11853,40.89074],[39.12112,40.96619],[39.1787,41.07403],[39.05848,41.03847]]]}},{"type":"Feature","properties":{"gid":"TUR.34.9_1","name2":"Görele","engtype2":"District","type2":"District","provZh":"吉雷松省"},"geometry":{"type":"Polygon","coordinates":[[[38.92519,40.9171],[38.91958,41.03986],[38.87153,41.01125],[38.79292,41.00153],[38.75742,40.94409],[38.7607,40.89209],[38.82648,40.87737],[38.87725,40.8043],[38.92519,40.9171]]]}},{"type":"Feature","properties":{"gid":"TUR.34.10_1","name2":"Güce","engtype2":"District","type2":"District","provZh":"吉雷松省"},"geometry":{"type":"Polygon","coordinates":[[[38.84948,40.51313],[38.84974,40.57058],[38.92199,40.68321],[38.87725,40.8043],[38.8303,40.87325],[38.78571,40.88327],[38.81567,40.71497],[38.72533,40.68701],[38.67024,40.62862],[38.66677,40.59243],[38.75827,40.52762],[38.84948,40.51313]]]}},{"type":"Feature","properties":{"gid":"TUR.34.11_1","name2":"Keşap","engtype2":"District","type2":"District","provZh":"吉雷松省"},"geometry":{"type":"Polygon","coordinates":[[[38.59823,40.74743],[38.61431,40.74931],[38.61909,40.81023],[38.59322,40.85936],[38.65501,40.89223],[38.65181,40.96792],[38.62347,40.97319],[38.52903,40.91653],[38.41396,40.91542],[38.51569,40.84376],[38.47901,40.79551],[38.4991,40.77133],[38.53294,40.74875],[38.59823,40.74743]]]}},{"type":"Feature","properties":{"gid":"TUR.34.12_1","name2":"Merkez","engtype2":"District","type2":"District","provZh":"吉雷松省"},"geometry":{"type":"Polygon","coordinates":[[[38.30637,40.69995],[38.39246,40.72629],[38.50714,40.81978],[38.51435,40.84602],[38.41396,40.91542],[38.35431,40.90965],[38.29207,40.8185],[38.29162,40.72495],[38.30637,40.69995]]]}},{"type":"Feature","properties":{"gid":"TUR.34.13_1","name2":"Piraziz","engtype2":"District","type2":"District","provZh":"吉雷松省"},"geometry":{"type":"Polygon","coordinates":[[[38.18795,40.93903],[38.1232,40.95514],[38.01827,40.75222],[38.1986,40.83357],[38.18795,40.93903]]]}},{"type":"Feature","properties":{"gid":"TUR.34.14_1","name2":"Şultan Karahisar","engtype2":"District","type2":"District","provZh":"吉雷松省"},"geometry":{"type":"Polygon","coordinates":[[[38.56561,40.53114],[38.4994,40.54462],[38.43927,40.47227],[38.41305,40.46646],[38.30704,40.4695],[38.1554,40.52826],[38.22884,40.3208],[38.25192,40.1963],[38.4628,40.09631],[38.53718,40.11932],[38.63566,40.18754],[38.60728,40.21437],[38.60717,40.25379],[38.68961,40.32668],[38.65327,40.35423],[38.62975,40.45858],[38.54852,40.4911],[38.56561,40.53114]]]}},{"type":"Feature","properties":{"gid":"TUR.34.15_1","name2":"Tirebolu","engtype2":"District","type2":"District","provZh":"吉雷松省"},"geometry":{"type":"Polygon","coordinates":[[[39.1165,40.87101],[39.11853,40.89074],[39.06105,40.9681],[39.05848,41.03847],[38.92157,41.03875],[38.92519,40.9171],[38.98145,40.91834],[39.1165,40.87101]]]}},{"type":"Feature","properties":{"gid":"TUR.34.16_1","name2":"Yağlıdere","engtype2":"District","type2":"District","provZh":"吉雷松省"},"geometry":{"type":"Polygon","coordinates":[[[38.6666,40.61818],[38.7336,40.69284],[38.81081,40.70796],[38.81879,40.75945],[38.70568,40.79946],[38.67897,40.87317],[38.65501,40.89223],[38.59322,40.85936],[38.61877,40.81286],[38.60707,40.76958],[38.62223,40.71845],[38.58348,40.64342],[38.6666,40.61818]]]}},{"type":"Feature","properties":{"gid":"TUR.35.1_1","name2":"Kelkit","engtype2":"District","type2":"District","provZh":"居米什哈内省"},"geometry":{"type":"Polygon","coordinates":[[[39.7208,40.05033],[39.58591,40.09682],[39.54869,40.16231],[39.50974,40.18799],[39.50967,40.22901],[39.31116,40.29346],[39.31825,40.23866],[39.23698,40.15738],[39.24625,40.07805],[39.22345,40.05954],[39.15039,40.06304],[39.11575,40.00083],[39.38409,39.8877],[39.47916,39.87304],[39.77601,39.92348],[39.78476,39.93109],[39.72013,39.95679],[39.69062,39.99851],[39.7208,40.05033]]]}},{"type":"Feature","properties":{"gid":"TUR.35.2_1","name2":"Köse","engtype2":"District","type2":"District","provZh":"居米什哈内省"},"geometry":{"type":"Polygon","coordinates":[[[39.83718,40.2797],[39.78885,40.29063],[39.66463,40.27033],[39.59734,40.30095],[39.50967,40.22901],[39.50684,40.19594],[39.58808,40.09509],[39.7208,40.05033],[39.80494,40.12057],[39.83718,40.2797]]]}},{"type":"Feature","properties":{"gid":"TUR.35.3_1","name2":"Kürtün","engtype2":"District","type2":"District","provZh":"居米什哈内省"},"geometry":{"type":"Polygon","coordinates":[[[38.93162,40.44769],[39.02687,40.54807],[39.16617,40.6111],[39.20039,40.65841],[39.26841,40.70509],[39.14961,40.77551],[39.02653,40.75756],[38.9423,40.70374],[38.84621,40.54676],[38.85098,40.46554],[38.93162,40.44769]]]}},{"type":"Feature","properties":{"gid":"TUR.35.4_1","name2":"Merkez","engtype2":"District","type2":"District","provZh":"居米什哈内省"},"geometry":{"type":"Polygon","coordinates":[[[40.09298,40.51235],[40.10813,40.57055],[40.04033,40.6381],[40.00488,40.65854],[39.98151,40.6461],[39.9742,40.6232],[39.99524,40.58701],[39.98058,40.56538],[39.95222,40.56282],[39.89094,40.61501],[39.82853,40.62058],[39.84023,40.69247],[39.80595,40.71658],[39.71347,40.57122],[39.65063,40.55993],[39.54593,40.59355],[39.32818,40.50255],[39.30991,40.41187],[39.27208,40.37469],[39.25269,40.32106],[39.26961,40.29661],[39.34034,40.28924],[39.50967,40.22901],[39.59734,40.30095],[39.66463,40.27033],[39.83721,40.29134],[39.8772,40.34444],[39.98843,40.36897],[40.04511,40.42015],[40.09298,40.51235]]]}},{"type":"Feature","properties":{"gid":"TUR.35.5_1","name2":"Şiran","engtype2":"District","type2":"District","provZh":"居米什哈内省"},"geometry":{"type":"Polygon","coordinates":[[[39.11577,40.01247],[39.15583,40.06624],[39.22345,40.05954],[39.24625,40.07805],[39.23698,40.15738],[39.31825,40.23866],[39.31116,40.29346],[39.26961,40.29661],[39.20731,40.27043],[39.07145,40.35069],[38.91067,40.25876],[38.9063,40.1498],[38.9504,40.09682],[38.92854,40.06268],[39.11577,40.01247]]]}},{"type":"Feature","properties":{"gid":"TUR.35.6_1","name2":"Torul","engtype2":"District","type2":"District","provZh":"居米什哈内省"},"geometry":{"type":"Polygon","coordinates":[[[39.07145,40.35069],[39.14763,40.29382],[39.24137,40.27298],[39.26961,40.29661],[39.2525,40.3263],[39.27208,40.37469],[39.30991,40.41187],[39.31835,40.49389],[39.54593,40.59355],[39.31348,40.66615],[39.26841,40.70509],[39.20039,40.65841],[39.16617,40.6111],[39.02687,40.54807],[38.93162,40.44769],[39.05418,40.38708],[39.07145,40.35069]]]}},{"type":"Feature","properties":{"gid":"TUR.36.1_1","name2":"Çukurca","engtype2":"District","type2":"District","provZh":"哈卡里省"},"geometry":{"type":"Polygon","coordinates":[[[43.999,37.29812],[43.96964,37.32246],[43.89402,37.3077],[43.77854,37.33183],[43.642,37.30148],[43.60236,37.32075],[43.56265,37.41101],[43.43496,37.41909],[43.43664,37.33524],[43.49029,37.27739],[43.62701,37.2364],[43.89621,37.23456],[43.999,37.29812]]]}},{"type":"Feature","properties":{"gid":"TUR.36.2_1","name2":"Merkez","engtype2":"District","type2":"District","provZh":"哈卡里省"},"geometry":{"type":"Polygon","coordinates":[[[43.96964,37.32246],[44.00457,37.453],[43.87362,37.65797],[43.89272,37.70043],[43.78457,37.7262],[43.4957,37.7274],[43.43657,37.52254],[43.43496,37.41909],[43.56265,37.41101],[43.60236,37.32075],[43.642,37.30148],[43.75118,37.33133],[43.89402,37.3077],[43.96964,37.32246]]]}},{"type":"Feature","properties":{"gid":"TUR.36.3_1","name2":"Şemdinli","engtype2":"District","type2":"District","provZh":"哈卡里省"},"geometry":{"type":"Polygon","coordinates":[[[44.61167,37.51146],[44.44259,37.50308],[44.2337,37.35334],[44.21415,37.28469],[44.27886,37.23628],[44.2901,37.175],[44.24228,37.15666],[44.20225,37.09806],[44.2469,37.05009],[44.24354,37.02671],[44.27712,36.97677],[44.31998,36.96706],[44.36512,37.02635],[44.35068,37.04929],[44.51138,37.09355],[44.63774,37.18674],[44.80497,37.14814],[44.77821,37.22401],[44.82972,37.26917],[44.83171,37.29272],[44.7403,37.3733],[44.68934,37.38499],[44.66241,37.42749],[44.60262,37.44428],[44.62445,37.48172],[44.61167,37.51146]]]}},{"type":"Feature","properties":{"gid":"TUR.36.4_1","name2":"Yüksekova","engtype2":"District","type2":"District","provZh":"哈卡里省"},"geometry":{"type":"Polygon","coordinates":[[[44.57462,37.76714],[44.51018,37.69788],[44.42874,37.64878],[44.32953,37.65622],[44.24624,37.62624],[44.21876,37.6407],[44.24557,37.70897],[44.20471,37.76851],[44.06519,37.71755],[43.96967,37.7268],[43.89272,37.70043],[43.87362,37.65797],[44.00457,37.453],[43.97483,37.31393],[43.999,37.29812],[44.02985,37.3247],[44.14184,37.31565],[44.21415,37.28469],[44.23724,37.35844],[44.43606,37.50032],[44.61167,37.51146],[44.63847,37.60364],[44.58123,37.65181],[44.6383,37.7163],[44.60109,37.76268],[44.57462,37.76714]]]}},{"type":"Feature","properties":{"gid":"TUR.37.1_1","name2":"Altınözü","engtype2":"District","type2":"District","provZh":"哈塔伊省"},"geometry":{"type":"Polygon","coordinates":[[[36.3993,36.20872],[36.33566,36.18536],[36.22624,36.18983],[36.14899,36.08228],[36.18409,35.95564],[36.20599,35.94354],[36.24445,35.96353],[36.28968,35.95388],[36.3172,36.0041],[36.37859,36.001],[36.39784,36.08376],[36.37671,36.1694],[36.3993,36.20872]]]}},{"type":"Feature","properties":{"gid":"TUR.37.2_1","name2":"Belen","engtype2":"District","type2":"District","provZh":"哈塔伊省"},"geometry":{"type":"Polygon","coordinates":[[[36.08268,36.39308],[36.16932,36.42735],[36.23582,36.42799],[36.25222,36.53988],[36.07216,36.45127],[36.06182,36.43151],[36.08268,36.39308]]]}},{"type":"Feature","properties":{"gid":"TUR.37.3_1","name2":"Dörtyol","engtype2":"District","type2":"District","provZh":"哈塔伊省"},"geometry":{"type":"Polygon","coordinates":[[[36.44829,36.94735],[36.31174,36.96848],[36.17392,36.88537],[36.11431,36.8839],[36.2057,36.78347],[36.18708,36.72903],[36.20181,36.72764],[36.19264,36.70514],[36.21069,36.67514],[36.25869,36.68359],[36.27839,36.65286],[36.33712,36.65059],[36.37325,36.72355],[36.37866,36.78876],[36.46484,36.93582],[36.44829,36.94735]]]}},{"type":"Feature","properties":{"gid":"TUR.37.4_1","name2":"Erzin","engtype2":"District","type2":"District","provZh":"哈塔伊省"},"geometry":{"type":"Polygon","coordinates":[[[35.93405,36.87986],[35.94625,36.86458],[35.93708,36.88597],[35.98486,36.91875],[35.99264,36.90736],[36.00709,36.93069],[36.11431,36.8839],[36.17101,36.8844],[36.31174,36.96848],[36.25473,37.00866],[36.04161,37.02555],[35.94304,36.9521],[35.91259,36.90351],[35.93405,36.87986]]]}},{"type":"Feature","properties":{"gid":"TUR.37.5_1","name2":"Hassa","engtype2":"District","type2":"District","provZh":"哈塔伊省"},"geometry":{"type":"Polygon","coordinates":[[[36.66854,36.83677],[36.62614,36.84095],[36.46484,36.93582],[36.37866,36.78876],[36.37325,36.72355],[36.33712,36.65059],[36.58893,36.63931],[36.63688,36.70511],[36.62397,36.74709],[36.6782,36.81119],[36.66854,36.83677]]]}},{"type":"Feature","properties":{"gid":"TUR.37.6_1","name2":"İskenderun","engtype2":"District","type2":"District","provZh":"哈塔伊省"},"geometry":{"type":"Polygon","coordinates":[[[36.25222,36.53988],[36.33712,36.65059],[36.27839,36.65286],[36.25869,36.68359],[36.21125,36.68156],[36.19292,36.59347],[36.14875,36.59069],[36.0368,36.53375],[35.98264,36.4743],[35.90958,36.44514],[35.85347,36.36903],[35.81597,36.36042],[35.78097,36.32236],[35.78292,36.29153],[35.80487,36.26708],[36.08268,36.39308],[36.06182,36.43151],[36.07216,36.45127],[36.25222,36.53988]]]}},{"type":"Feature","properties":{"gid":"TUR.37.7_1","name2":"Kırıkhan","engtype2":"District","type2":"District","provZh":"哈塔伊省"},"geometry":{"type":"Polygon","coordinates":[[[36.58893,36.63931],[36.33712,36.65059],[36.25222,36.53988],[36.23582,36.42799],[36.28249,36.36673],[36.28434,36.28916],[36.43654,36.3261],[36.47161,36.40837],[36.56852,36.44582],[36.55303,36.50111],[36.58329,36.52266],[36.60416,36.57907],[36.58893,36.63931]]]}},{"type":"Feature","properties":{"gid":"TUR.37.8_1","name2":"Kumlu","engtype2":"District","type2":"District","provZh":"哈塔伊省"},"geometry":{"type":"Polygon","coordinates":[[[36.56852,36.44582],[36.47161,36.40837],[36.43544,36.33273],[36.49614,36.32035],[36.52855,36.28041],[36.59519,36.25585],[36.6692,36.32617],[36.60784,36.32988],[36.62774,36.35416],[36.62256,36.3912],[36.58914,36.3978],[36.56852,36.44582]]]}},{"type":"Feature","properties":{"gid":"TUR.37.9_1","name2":"Merkez","engtype2":"District","type2":"District","provZh":"哈塔伊省"},"geometry":{"type":"Polygon","coordinates":[[[36.35922,36.19596],[36.35152,36.25197],[36.2693,36.27753],[36.22675,36.27169],[36.28437,36.3008],[36.28249,36.36673],[36.23582,36.42799],[36.16259,36.42552],[35.90559,36.31544],[36.0205,36.22541],[36.08487,36.14044],[36.00029,36.06242],[36.04591,36.01316],[36.08974,36.00084],[36.18277,35.99938],[36.14899,36.08228],[36.22828,36.19151],[36.35922,36.19596]]]}},{"type":"Feature","properties":{"gid":"TUR.37.10_1","name2":"Reyhanlı","engtype2":"District","type2":"District","provZh":"哈塔伊省"},"geometry":{"type":"Polygon","coordinates":[[[36.66906,36.3189],[36.59519,36.25585],[36.53344,36.27747],[36.47572,36.32428],[36.41635,36.32354],[36.32127,36.29023],[36.25921,36.29883],[36.2261,36.27408],[36.3543,36.25035],[36.35922,36.19596],[36.3993,36.20872],[36.40339,36.22636],[36.47726,36.20286],[36.49237,36.2328],[36.52277,36.23808],[36.61835,36.21659],[36.70477,36.25033],[36.70033,36.29221],[36.66906,36.3189]]]}},{"type":"Feature","properties":{"gid":"TUR.37.11_1","name2":"Samandağ","engtype2":"District","type2":"District","provZh":"哈塔伊省"},"geometry":{"type":"Polygon","coordinates":[[[35.80487,36.26708],[35.91042,36.13847],[35.97931,36.00893],[36.04591,36.01316],[36.00132,36.06779],[36.08624,36.13625],[36.0205,36.22541],[35.90559,36.31544],[35.80487,36.26708]]]}},{"type":"Feature","properties":{"gid":"TUR.37.12_1","name2":"Yayladağı","engtype2":"District","type2":"District","provZh":"哈塔伊省"},"geometry":{"type":"Polygon","coordinates":[[[36.20599,35.94354],[36.17993,35.96057],[36.18277,35.99938],[36.04591,36.01316],[35.97931,36.00893],[35.91792,35.94125],[35.9358,35.91867],[36.00848,35.94031],[36.02289,35.9245],[36.01868,35.8811],[36.11645,35.86551],[36.16907,35.81543],[36.18092,35.90174],[36.20599,35.94354]]]}},{"type":"Feature","properties":{"gid":"TUR.38.1_1","name2":"Aralık","engtype2":"District","type2":"District","provZh":"厄德尔省"},"geometry":{"type":"Polygon","coordinates":[[[44.33969,40.03029],[44.28109,39.93307],[44.28742,39.91306],[44.33421,39.91352],[44.34263,39.8933],[44.25421,39.77489],[44.25063,39.67041],[44.49647,39.69598],[44.62346,39.77722],[44.65644,39.73277],[44.72193,39.70728],[44.82022,39.62521],[44.81274,39.67701],[44.70069,39.76755],[44.69823,39.79356],[44.67524,39.78775],[44.62157,39.81541],[44.62551,39.8283],[44.60155,39.82549],[44.55755,39.90379],[44.4887,39.96506],[44.33969,40.03029]]]}},{"type":"Feature","properties":{"gid":"TUR.38.2_1","name2":"Karakoyunlu","engtype2":"District","type2":"District","provZh":"厄德尔省"},"geometry":{"type":"Polygon","coordinates":[[[44.33362,40.03321],[44.26277,40.05001],[44.16253,40.03316],[44.16133,39.99874],[44.282,39.94389],[44.33362,40.03321]]]}},{"type":"Feature","properties":{"gid":"TUR.38.3_1","name2":"Merkez","engtype2":"District","type2":"District","provZh":"厄德尔省"},"geometry":{"type":"Polygon","coordinates":[[[43.82603,40.05085],[43.80084,40.00262],[43.81234,39.89315],[43.74742,39.78969],[43.99332,39.6865],[44.15978,39.6942],[44.25063,39.67041],[44.25421,39.77489],[44.33895,39.88147],[44.33702,39.91207],[44.29214,39.91024],[44.282,39.94389],[44.17063,39.98528],[44.16091,40.0327],[43.90548,40.01847],[43.82603,40.05085]]]}},{"type":"Feature","properties":{"gid":"TUR.38.4_1","name2":"Tuzluca","engtype2":"District","type2":"District","provZh":"厄德尔省"},"geometry":{"type":"Polygon","coordinates":[[[43.66281,40.21867],[43.56366,40.18434],[43.41189,40.18203],[43.38366,40.16721],[43.39331,40.13175],[43.3804,40.11241],[43.3153,40.11288],[43.297,40.09725],[43.29314,40.06836],[43.3463,39.99918],[43.35047,39.96276],[43.39402,39.93554],[43.39423,39.79461],[43.47023,39.76619],[43.54348,39.82286],[43.74055,39.79948],[43.81009,39.88852],[43.80163,40.01137],[43.82603,40.05085],[43.65548,40.11077],[43.65504,40.14826],[43.71363,40.16636],[43.66281,40.21867]]]}},{"type":"Feature","properties":{"gid":"TUR.39.1_1","name2":"Aksu","engtype2":"District","type2":"District","provZh":"伊斯帕尔塔省"},"geometry":{"type":"Polygon","coordinates":[[[31.11514,37.69978],[31.27919,37.57987],[31.33849,37.55124],[31.37213,37.56043],[31.39175,37.63161],[31.32141,37.66481],[31.31523,37.79061],[31.26203,37.82145],[31.25706,37.84127],[31.06772,37.84477],[31.06442,37.8074],[31.11987,37.75605],[31.11514,37.69978]]]}},{"type":"Feature","properties":{"gid":"TUR.39.2_1","name2":"Atabey","engtype2":"District","type2":"District","provZh":"伊斯帕尔塔省"},"geometry":{"type":"Polygon","coordinates":[[[30.69857,38.00302],[30.52158,38.00474],[30.52128,37.90076],[30.73929,37.92322],[30.69857,38.00302]]]}},{"type":"Feature","properties":{"gid":"TUR.39.3_1","name2":"Eğirdir","engtype2":"District","type2":"District","provZh":"伊斯帕尔塔省"},"geometry":{"type":"Polygon","coordinates":[[[30.74586,37.56224],[30.80577,37.49234],[30.90473,37.60303],[31.02061,37.69339],[31.11514,37.69978],[31.11987,37.75605],[31.06442,37.8074],[31.07255,37.8484],[31.25706,37.84127],[31.22237,37.90042],[31.18538,37.924],[31.18375,37.95815],[31.01466,37.94656],[30.95557,37.9705],[30.8765,38.14127],[30.85201,38.13771],[30.76622,38.03064],[30.69857,38.00302],[30.76171,37.88366],[30.74578,37.74318],[30.75791,37.68172],[30.74303,37.64931],[30.71533,37.63723],[30.74586,37.56224]]]}},{"type":"Feature","properties":{"gid":"TUR.39.4_1","name2":"Gelendost","engtype2":"District","type2":"District","provZh":"伊斯帕尔塔省"},"geometry":{"type":"Polygon","coordinates":[[[31.18375,37.95815],[31.2281,38.0045],[31.22119,38.03099],[31.167,38.06319],[31.20566,38.13602],[31.12765,38.19739],[31.00373,38.21169],[30.94992,38.19583],[30.8765,38.14127],[30.92389,38.06173],[30.93123,38.00299],[30.9667,37.96279],[31.03071,37.9458],[31.18375,37.95815]]]}},{"type":"Feature","properties":{"gid":"TUR.39.5_1","name2":"Gönen","engtype2":"District","type2":"District","provZh":"伊斯帕尔塔省"},"geometry":{"type":"Polygon","coordinates":[[[30.52158,38.00474],[30.3853,38.03467],[30.4009,37.89582],[30.38607,37.84191],[30.52128,37.90076],[30.52158,38.00474]]]}},{"type":"Feature","properties":{"gid":"TUR.39.6_1","name2":"Keçiborlu","engtype2":"District","type2":"District","provZh":"伊斯帕尔塔省"},"geometry":{"type":"Polygon","coordinates":[[[30.01049,37.77234],[30.00294,37.75488],[30.03392,37.71933],[30.08117,37.70346],[30.3209,37.83713],[30.37103,37.83028],[30.40037,37.88667],[30.3853,38.03467],[30.3331,38.05069],[30.2296,37.98771],[30.18261,37.90116],[30.2024,37.85427],[30.1671,37.81392],[30.08443,37.77467],[30.01049,37.77234]]]}},{"type":"Feature","properties":{"gid":"TUR.39.7_1","name2":"Merkez","engtype2":"District","type2":"District","provZh":"伊斯帕尔塔省"},"geometry":{"type":"Polygon","coordinates":[[[30.71533,37.63723],[30.74303,37.64931],[30.75791,37.68172],[30.74578,37.74318],[30.76171,37.88366],[30.73929,37.92322],[30.49264,37.89762],[30.37103,37.83028],[30.45369,37.74345],[30.54076,37.70356],[30.68528,37.68872],[30.71308,37.6661],[30.71533,37.63723]]]}},{"type":"Feature","properties":{"gid":"TUR.39.8_1","name2":"Şarkikaraağaç","engtype2":"District","type2":"District","provZh":"伊斯帕尔塔省"},"geometry":{"type":"Polygon","coordinates":[[[31.23367,37.87634],[31.3636,37.93185],[31.42478,37.93121],[31.44598,37.99868],[31.59928,38.06504],[31.61392,38.12211],[31.45866,38.22076],[31.31958,38.14724],[31.20566,38.13602],[31.167,38.06319],[31.22718,38.02129],[31.18196,37.93755],[31.23367,37.87634]]]}},{"type":"Feature","properties":{"gid":"TUR.39.9_1","name2":"Senirkent","engtype2":"District","type2":"District","provZh":"伊斯帕尔塔省"},"geometry":{"type":"Polygon","coordinates":[[[30.58963,38.22012],[30.5771,38.17858],[30.5132,38.14785],[30.50583,38.11838],[30.58791,38.00475],[30.73679,38.00957],[30.85201,38.13771],[30.75436,38.27427],[30.58963,38.22012]]]}},{"type":"Feature","properties":{"gid":"TUR.39.10_1","name2":"Sütçüler","engtype2":"District","type2":"District","provZh":"伊斯帕尔塔省"},"geometry":{"type":"Polygon","coordinates":[[[31.3233,37.42439],[31.358,37.48129],[31.36582,37.54993],[31.27919,37.57987],[31.11514,37.69978],[31.02061,37.69339],[30.90473,37.60303],[30.80577,37.49234],[30.88976,37.4261],[30.9159,37.37249],[30.99332,37.34263],[31.17973,37.3897],[31.23128,37.4205],[31.3233,37.42439]]]}},{"type":"Feature","properties":{"gid":"TUR.39.11_1","name2":"Uluborlu","engtype2":"District","type2":"District","provZh":"伊斯帕尔塔省"},"geometry":{"type":"Polygon","coordinates":[[[30.3331,38.05069],[30.4812,38.00659],[30.58791,38.00475],[30.50583,38.11838],[30.5132,38.14785],[30.5771,38.17858],[30.58963,38.22012],[30.512,38.18309],[30.3331,38.05069]]]}},{"type":"Feature","properties":{"gid":"TUR.39.12_1","name2":"Yalvaç","engtype2":"District","type2":"District","provZh":"伊斯帕尔塔省"},"geometry":{"type":"Polygon","coordinates":[[[30.83034,38.32156],[30.75436,38.27427],[30.85201,38.13771],[30.95888,38.20002],[31.06384,38.21431],[31.12765,38.19739],[31.20566,38.13602],[31.2611,38.13278],[31.34675,38.15749],[31.45866,38.22076],[31.25562,38.36682],[31.25044,38.42662],[31.2093,38.43985],[31.11947,38.51567],[31.08319,38.50913],[30.83034,38.32156]]]}},{"type":"Feature","properties":{"gid":"TUR.39.13_1","name2":"Yenişarbademli","engtype2":"District","type2":"District","provZh":"伊斯帕尔塔省"},"geometry":{"type":"Polygon","coordinates":[[[31.39175,37.63161],[31.45074,37.778],[31.4523,37.85276],[31.42478,37.93121],[31.38134,37.9345],[31.23367,37.87634],[31.26203,37.82145],[31.31523,37.79061],[31.32141,37.66481],[31.39175,37.63161]]]}},{"type":"Feature","properties":{"gid":"TUR.40.1_1","name2":"Adalar","engtype2":"District","type2":"District","provZh":"伊斯坦布尔省"},"geometry":{"type":"MultiPolygon","coordinates":[[[[29.13042,40.87514],[29.10681,40.86097],[29.11292,40.83847],[29.13042,40.87514]]],[[[29.09736,40.88486],[29.07486,40.86792],[29.10431,40.87292],[29.09736,40.88486]]]]}},{"type":"Feature","properties":{"gid":"TUR.40.2_1","name2":"Arnavutkoy","engtype2":"District","type2":"District","provZh":"伊斯坦布尔省"},"geometry":{"type":"Polygon","coordinates":[[[28.83302,41.13262],[28.83977,41.19231],[28.80485,41.24335],[28.828,41.29736],[28.54564,41.38847],[28.54495,41.34274],[28.61211,41.31185],[28.58726,41.23865],[28.61547,41.22186],[28.6148,41.20373],[28.56443,41.17418],[28.5745,41.08553],[28.6148,41.11575],[28.64903,41.08555],[28.69404,41.09829],[28.7068,41.11978],[28.73702,41.10836],[28.80082,41.14194],[28.83302,41.13262]]]}},{"type":"Feature","properties":{"gid":"TUR.40.3_1","name2":"Atasehir","engtype2":"District","type2":"District","provZh":"伊斯坦布尔省"},"geometry":{"type":"Polygon","coordinates":[[[29.09809,40.97865],[29.14349,40.99783],[29.19143,40.99303],[29.06917,41.0218],[29.09809,40.97865]]]}},{"type":"Feature","properties":{"gid":"TUR.40.4_1","name2":"Avcılar","engtype2":"District","type2":"District","provZh":"伊斯坦布尔省"},"geometry":{"type":"Polygon","coordinates":[[[28.75876,40.97958],[28.75154,41.05613],[28.71211,41.09482],[28.69788,41.03714],[28.70846,41.01451],[28.68802,40.99954],[28.69958,40.97347],[28.75876,40.97958]]]}},{"type":"Feature","properties":{"gid":"TUR.40.5_1","name2":"Bağcılar","engtype2":"District","type2":"District","provZh":"伊斯坦布尔省"},"geometry":{"type":"Polygon","coordinates":[[[28.85819,41.02142],[28.87146,41.03859],[28.86215,41.0719],[28.82126,41.06781],[28.80868,41.02798],[28.85819,41.02142]]]}},{"type":"Feature","properties":{"gid":"TUR.40.6_1","name2":"Bahçelievler","engtype2":"District","type2":"District","provZh":"伊斯坦布尔省"},"geometry":{"type":"Polygon","coordinates":[[[28.80868,41.02798],[28.81772,40.99973],[28.87345,41.00898],[28.80868,41.02798]]]}},{"type":"Feature","properties":{"gid":"TUR.40.7_1","name2":"Bakırköy","engtype2":"District","type2":"District","provZh":"伊斯坦布尔省"},"geometry":{"type":"Polygon","coordinates":[[[28.75876,40.97958],[28.83236,40.95514],[28.8863,40.97709],[28.88612,41.00898],[28.80228,41.01086],[28.75876,40.97958]]]}},{"type":"Feature","properties":{"gid":"TUR.40.8_1","name2":"Basaksehir","engtype2":"District","type2":"District","provZh":"伊斯坦布尔省"},"geometry":{"type":"Polygon","coordinates":[[[28.66424,41.09252],[28.69905,41.05686],[28.71503,41.09555],[28.75068,41.05733],[28.81469,41.06014],[28.85594,41.10979],[28.80417,41.14262],[28.66424,41.09252]]]}},{"type":"Feature","properties":{"gid":"TUR.40.9_1","name2":"Bayrampaşa","engtype2":"District","type2":"District","provZh":"伊斯坦布尔省"},"geometry":{"type":"Polygon","coordinates":[[[28.8941,41.03685],[28.90963,41.05576],[28.88167,41.0798],[28.8941,41.03685]]]}},{"type":"Feature","properties":{"gid":"TUR.40.10_1","name2":"Beşiktaş","engtype2":"District","type2":"District","provZh":"伊斯坦布尔省"},"geometry":{"type":"Polygon","coordinates":[[[29.05458,41.09489],[29.00208,41.1034],[28.994,41.0332],[29.03319,41.04986],[29.05458,41.09489]]]}},{"type":"Feature","properties":{"gid":"TUR.40.11_1","name2":"Beykoz","engtype2":"District","type2":"District","provZh":"伊斯坦布尔省"},"geometry":{"type":"Polygon","coordinates":[[[29.06653,41.08597],[29.1339,41.05117],[29.19383,41.06555],[29.2196,41.10751],[29.28553,41.13028],[29.36531,41.12843],[29.33021,41.17559],[29.34197,41.21486],[29.25625,41.23542],[29.12958,41.20847],[29.07319,41.16459],[29.07125,41.14236],[29.09764,41.12458],[29.06653,41.08597]]]}},{"type":"Feature","properties":{"gid":"TUR.40.12_1","name2":"Beylikduzu","engtype2":"District","type2":"District","provZh":"伊斯坦布尔省"},"geometry":{"type":"Polygon","coordinates":[[[28.69646,41.00767],[28.64594,41.02196],[28.62122,40.99407],[28.59764,41.00521],[28.59514,40.97347],[28.68514,40.96347],[28.70043,40.97655],[28.69646,41.00767]]]}},{"type":"Feature","properties":{"gid":"TUR.40.13_1","name2":"Beyoğlu","engtype2":"District","type2":"District","provZh":"伊斯坦布尔省"},"geometry":{"type":"Polygon","coordinates":[[[28.98477,41.04401],[28.93958,41.05125],[28.97403,41.02153],[28.994,41.0332],[28.98477,41.04401]]]}},{"type":"Feature","properties":{"gid":"TUR.40.14_1","name2":"Büyükçekmece","engtype2":"District","type2":"District","provZh":"伊斯坦布尔省"},"geometry":{"type":"Polygon","coordinates":[[[28.56705,41.0932],[28.52481,41.10568],[28.51071,41.06068],[28.43683,41.06942],[28.42598,41.03931],[28.54125,40.98431],[28.56708,41.01847],[28.62742,40.99772],[28.64604,41.02072],[28.64031,41.10098],[28.6148,41.11575],[28.58525,41.08755],[28.56705,41.0932]]]}},{"type":"Feature","properties":{"gid":"TUR.40.15_1","name2":"Çatalca","engtype2":"District","type2":"District","provZh":"伊斯坦布尔省"},"geometry":{"type":"Polygon","coordinates":[[[28.54564,41.38847],[28.18787,41.54462],[28.18083,41.52774],[28.23169,41.49908],[28.15169,41.24346],[28.20571,41.24615],[28.23168,41.30077],[28.35703,41.30345],[28.34629,41.27032],[28.38927,41.26405],[28.37315,41.22287],[28.42609,41.17686],[28.43129,41.06798],[28.51071,41.06068],[28.52481,41.10568],[28.56712,41.09292],[28.56443,41.17418],[28.61681,41.2138],[28.58726,41.23865],[28.60942,41.31856],[28.54495,41.34274],[28.54564,41.38847]]]}},{"type":"Feature","properties":{"gid":"TUR.40.16_1","name2":"Çekmekoy","engtype2":"District","type2":"District","provZh":"伊斯坦布尔省"},"geometry":{"type":"Polygon","coordinates":[[[29.1339,41.05117],[29.17945,41.02779],[29.26995,41.06255],[29.36105,41.03978],[29.38581,41.10801],[29.36531,41.12843],[29.28553,41.13028],[29.2196,41.10751],[29.19383,41.06555],[29.1339,41.05117]]]}},{"type":"Feature","properties":{"gid":"TUR.40.17_1","name2":"Esenler","engtype2":"District","type2":"District","provZh":"伊斯坦布尔省"},"geometry":{"type":"Polygon","coordinates":[[[28.87146,41.03859],[28.89306,41.02182],[28.88167,41.0798],[28.85398,41.10453],[28.83526,41.0689],[28.86215,41.0719],[28.87146,41.03859]]]}},{"type":"Feature","properties":{"gid":"TUR.40.18_1","name2":"Esenyurt","engtype2":"District","type2":"District","provZh":"伊斯坦布尔省"},"geometry":{"type":"Polygon","coordinates":[[[28.64903,41.08555],[28.64594,41.02196],[28.70591,41.0094],[28.69934,41.05649],[28.66424,41.09252],[28.64903,41.08555]]]}},{"type":"Feature","properties":{"gid":"TUR.40.19_1","name2":"Eyüp","engtype2":"District","type2":"District","provZh":"伊斯坦布尔省"},"geometry":{"type":"Polygon","coordinates":[[[28.83302,41.13262],[28.87091,41.15323],[28.91289,41.12147],[28.9107,41.07584],[28.93005,41.06416],[28.9096,41.04043],[28.92859,41.03459],[28.9775,41.14556],[28.95158,41.22368],[28.97155,41.25375],[28.82847,41.29792],[28.80485,41.24335],[28.83977,41.19231],[28.83302,41.13262]]]}},{"type":"Feature","properties":{"gid":"TUR.40.20_1","name2":"Fatih","engtype2":"District","type2":"District","provZh":"伊斯坦布尔省"},"geometry":{"type":"Polygon","coordinates":[[[28.92148,41.0324],[28.91668,40.98708],[28.98625,41.00681],[28.9373,41.04458],[28.92148,41.0324]]]}},{"type":"Feature","properties":{"gid":"TUR.40.21_1","name2":"Gaziosmanpaşa","engtype2":"District","type2":"District","provZh":"伊斯坦布尔省"},"geometry":{"type":"Polygon","coordinates":[[[28.90963,41.05576],[28.93005,41.06416],[28.9107,41.07584],[28.91597,41.09086],[28.87594,41.0851],[28.90963,41.05576]]]}},{"type":"Feature","properties":{"gid":"TUR.40.22_1","name2":"Güngören","engtype2":"District","type2":"District","provZh":"伊斯坦布尔省"},"geometry":{"type":"Polygon","coordinates":[[[28.85819,41.02142],[28.88612,41.00898],[28.89306,41.02182],[28.87731,41.03928],[28.85819,41.02142]]]}},{"type":"Feature","properties":{"gid":"TUR.40.23_1","name2":"Kadıköy","engtype2":"District","type2":"District","provZh":"伊斯坦布尔省"},"geometry":{"type":"Polygon","coordinates":[[[29.06557,41.01101],[29.03501,41.02899],[29.00597,41.00986],[29.0218,40.9782],[29.03764,40.97958],[29.03153,40.96625],[29.09809,40.97865],[29.06557,41.01101]]]}},{"type":"Feature","properties":{"gid":"TUR.40.24_1","name2":"Kağıthane","engtype2":"District","type2":"District","provZh":"伊斯坦布尔省"},"geometry":{"type":"Polygon","coordinates":[[[29.00208,41.1034],[28.95815,41.10995],[28.95962,41.08278],[28.92822,41.05503],[28.99729,41.08128],[29.00208,41.1034]]]}},{"type":"Feature","properties":{"gid":"TUR.40.25_1","name2":"Kartal","engtype2":"District","type2":"District","provZh":"伊斯坦布尔省"},"geometry":{"type":"Polygon","coordinates":[[[29.17292,40.89118],[29.21601,40.92171],[29.23113,40.97205],[29.20103,40.97325],[29.18364,40.94508],[29.11261,40.93625],[29.17292,40.89118]]]}},{"type":"Feature","properties":{"gid":"TUR.40.26_1","name2":"Küçükçekmece","engtype2":"District","type2":"District","provZh":"伊斯坦布尔省"},"geometry":{"type":"Polygon","coordinates":[[[28.76738,40.99284],[28.80557,41.01378],[28.8142,41.06014],[28.75068,41.05733],[28.75227,40.99991],[28.76738,40.99284]]]}},{"type":"Feature","properties":{"gid":"TUR.40.27_1","name2":"Maltepe","engtype2":"District","type2":"District","provZh":"伊斯坦布尔省"},"geometry":{"type":"Polygon","coordinates":[[[29.09809,40.97865],[29.05458,40.96569],[29.11261,40.93625],[29.18364,40.94508],[29.19623,40.96918],[29.18125,40.99543],[29.09809,40.97865]]]}},{"type":"Feature","properties":{"gid":"TUR.40.28_1","name2":"Pendik","engtype2":"District","type2":"District","provZh":"伊斯坦布尔省"},"geometry":{"type":"Polygon","coordinates":[[[29.33522,41.05353],[29.27534,41.0182],[29.28913,40.96246],[29.23279,40.95287],[29.17709,40.88653],[29.25069,40.86986],[29.3173,40.95168],[29.39641,40.98764],[29.44873,40.97801],[29.49618,41.03574],[29.46968,41.03774],[29.42567,41.00486],[29.41179,41.02834],[29.33522,41.05353]]]}},{"type":"Feature","properties":{"gid":"TUR.40.29_1","name2":"Sancaktepe","engtype2":"District","type2":"District","provZh":"伊斯坦布尔省"},"geometry":{"type":"Polygon","coordinates":[[[29.19143,40.99259],[29.19623,40.96918],[29.23113,40.97205],[29.24837,41.0182],[29.3179,41.03139],[29.33522,41.05353],[29.26995,41.06255],[29.17945,41.02779],[29.19143,40.99259]]]}},{"type":"Feature","properties":{"gid":"TUR.40.30_1","name2":"Sarıyer","engtype2":"District","type2":"District","provZh":"伊斯坦布尔省"},"geometry":{"type":"Polygon","coordinates":[[[29.05458,41.09489],[29.07236,41.12486],[29.03736,41.15597],[29.10542,41.2057],[29.11625,41.23431],[29.07819,41.25458],[28.97155,41.25375],[28.95158,41.22368],[28.96254,41.16053],[29.01921,41.14565],[29.00967,41.1083],[29.05458,41.09489]]]}},{"type":"Feature","properties":{"gid":"TUR.40.31_1","name2":"Şile","engtype2":"District","type2":"District","provZh":"伊斯坦布尔省"},"geometry":{"type":"Polygon","coordinates":[[[29.36531,41.12843],[29.38643,41.09979],[29.35686,41.04796],[29.41179,41.02834],[29.42567,41.00486],[29.47762,41.03997],[29.65234,41.01049],[29.88298,41.09218],[29.86208,41.14375],[29.34197,41.21486],[29.33021,41.17559],[29.36531,41.12843]]]}},{"type":"Feature","properties":{"gid":"TUR.40.39_1","name2":"Silivri","engtype2":"District","type2":"District","provZh":"伊斯坦布尔省"},"geometry":{"type":"Polygon","coordinates":[[[28.43129,41.06798],[28.42609,41.17686],[28.37315,41.22287],[28.38927,41.26405],[28.34629,41.27032],[28.35703,41.30345],[28.23168,41.30077],[28.20571,41.24615],[28.15169,41.24346],[28.08757,41.21115],[28.05735,41.15075],[28.12325,41.05987],[28.23347,41.07764],[28.42598,41.03931],[28.43129,41.06798]]]}},{"type":"Feature","properties":{"gid":"TUR.40.32_1","name2":"Şişli","engtype2":"District","type2":"District","provZh":"伊斯坦布尔省"},"geometry":{"type":"MultiPolygon","coordinates":[[[[29.0038,41.09189],[28.95554,41.0589],[28.98477,41.04401],[29.0038,41.09189]]],[[[29.00859,41.1073],[29.01921,41.14565],[28.97773,41.14716],[28.96217,41.12841],[28.95815,41.10995],[29.00859,41.1073]]]]}},{"type":"Feature","properties":{"gid":"TUR.40.33_1","name2":"Sultanbeyli","engtype2":"District","type2":"District","provZh":"伊斯坦布尔省"},"geometry":{"type":"Polygon","coordinates":[[[29.23159,40.95144],[29.28913,40.96246],[29.27529,41.01809],[29.24478,41.01281],[29.23159,40.95144]]]}},{"type":"Feature","properties":{"gid":"TUR.40.34_1","name2":"Sultangazi","engtype2":"District","type2":"District","provZh":"伊斯坦布尔省"},"geometry":{"type":"Polygon","coordinates":[[[28.85398,41.10453],[28.87859,41.08525],[28.91597,41.09086],[28.92056,41.11198],[28.86543,41.15323],[28.83963,41.12835],[28.85398,41.10453]]]}},{"type":"Feature","properties":{"gid":"TUR.40.35_1","name2":"Tuzla","engtype2":"District","type2":"District","provZh":"伊斯坦布尔省"},"geometry":{"type":"Polygon","coordinates":[[[29.25069,40.86986],[29.28708,40.84972],[29.32208,40.85878],[29.34846,40.89112],[29.41998,40.92051],[29.43058,40.98824],[29.3173,40.95168],[29.25069,40.86986]]]}},{"type":"Feature","properties":{"gid":"TUR.40.36_1","name2":"Ümraniye","engtype2":"District","type2":"District","provZh":"伊斯坦布尔省"},"geometry":{"type":"Polygon","coordinates":[[[29.18424,41.00232],[29.15967,41.04517],[29.08069,41.07399],[29.07783,41.02299],[29.18424,41.00232]]]}},{"type":"Feature","properties":{"gid":"TUR.40.37_1","name2":"Üsküdar","engtype2":"District","type2":"District","provZh":"伊斯坦布尔省"},"geometry":{"type":"Polygon","coordinates":[[[29.07783,41.02299],[29.08535,41.06136],[29.06653,41.08597],[29.05153,41.0482],[29.00681,41.02125],[29.03501,41.02899],[29.06557,41.01101],[29.07783,41.02299]]]}},{"type":"Feature","properties":{"gid":"TUR.40.38_1","name2":"Zeytinburnu","engtype2":"District","type2":"District","provZh":"伊斯坦布尔省"},"geometry":{"type":"Polygon","coordinates":[[[28.8863,40.97709],[28.91668,40.98708],[28.91023,41.03936],[28.8941,41.03685],[28.8863,40.97709]]]}},{"type":"Feature","properties":{"gid":"TUR.41.1_1","name2":"Aliağa","engtype2":"District","type2":"District","provZh":"伊兹密尔省"},"geometry":{"type":"Polygon","coordinates":[[[27.1206,38.77037],[27.16815,38.89171],[27.11032,38.91415],[27.051,38.89347],[27.05847,38.8657],[27.03153,38.85542],[27.0243,38.87236],[26.97125,38.84597],[26.96236,38.83097],[26.98431,38.82264],[26.96903,38.80403],[26.94264,38.81208],[26.9443,38.83653],[26.89153,38.82125],[26.93875,38.7668],[26.90708,38.76653],[26.89681,38.74903],[26.92627,38.7179],[27.10403,38.75369],[27.1206,38.77037]]]}},{"type":"Feature","properties":{"gid":"TUR.41.2_1","name2":"Balçova","engtype2":"District","type2":"District","provZh":"伊兹密尔省"},"geometry":{"type":"Polygon","coordinates":[[[27.02373,38.41431],[27.06375,38.34775],[27.08694,38.35416],[27.09013,38.39986],[27.02373,38.41431]]]}},{"type":"Feature","properties":{"gid":"TUR.41.3_1","name2":"Bayındır","engtype2":"District","type2":"District","provZh":"伊兹密尔省"},"geometry":{"type":"Polygon","coordinates":[[[27.47282,38.28006],[27.48704,38.2433],[27.44567,38.18761],[27.48129,38.13862],[27.7439,38.14675],[27.78755,38.24651],[27.79116,38.30566],[27.82133,38.35077],[27.75492,38.43872],[27.71833,38.45415],[27.66235,38.34599],[27.47282,38.28006]]]}},{"type":"Feature","properties":{"gid":"TUR.41.4_1","name2":"Bergama","engtype2":"District","type2":"District","provZh":"伊兹密尔省"},"geometry":{"type":"Polygon","coordinates":[[[26.89016,39.2299],[27.02193,39.1708],[26.99498,39.10985],[27.00819,39.00048],[26.95708,38.93764],[27.00819,38.91292],[27.04375,38.94097],[27.05708,38.91319],[27.04347,38.89069],[27.09267,38.91463],[27.16815,38.89171],[27.3475,38.92105],[27.31383,38.97021],[27.22479,39.03011],[27.22215,39.09779],[27.29662,39.14576],[27.47096,39.17188],[27.47574,39.19576],[27.45877,39.29547],[27.40769,39.38152],[27.17676,39.42147],[26.9575,39.25942],[26.89016,39.2299]]]}},{"type":"Feature","properties":{"gid":"TUR.41.5_1","name2":"Beydağ","engtype2":"District","type2":"District","provZh":"伊兹密尔省"},"geometry":{"type":"Polygon","coordinates":[[[28.20204,38.02188],[28.3639,38.04785],[28.33765,38.09087],[28.26206,38.1406],[28.1521,38.14733],[28.12183,38.05395],[28.14233,38.02924],[28.20204,38.02188]]]}},{"type":"Feature","properties":{"gid":"TUR.41.6_1","name2":"Bornova","engtype2":"District","type2":"District","provZh":"伊兹密尔省"},"geometry":{"type":"Polygon","coordinates":[[[27.28,38.57215],[27.16129,38.54504],[27.15446,38.48623],[27.20515,38.46792],[27.18473,38.44389],[27.1874,38.38041],[27.2907,38.39787],[27.29387,38.43795],[27.34657,38.45574],[27.37757,38.49118],[27.32697,38.52645],[27.34949,38.58487],[27.28,38.57215]]]}},{"type":"Feature","properties":{"gid":"TUR.41.7_1","name2":"Buca","engtype2":"District","type2":"District","provZh":"伊兹密尔省"},"geometry":{"type":"Polygon","coordinates":[[[27.18061,38.39346],[27.1539,38.35416],[27.2333,38.29547],[27.36256,38.32175],[27.33945,38.3672],[27.29308,38.39976],[27.24881,38.38097],[27.1874,38.38041],[27.18061,38.39346]]]}},{"type":"Feature","properties":{"gid":"TUR.41.8_1","name2":"Çeşme","engtype2":"District","type2":"District","provZh":"伊兹密尔省"},"geometry":{"type":"Polygon","coordinates":[[[26.45389,38.34784],[26.39459,38.3218],[26.3843,38.34875],[26.3843,38.31458],[26.36375,38.30792],[26.34486,38.33431],[26.3332,38.32403],[26.31181,38.33875],[26.31597,38.37625],[26.30014,38.35514],[26.28458,38.37653],[26.30264,38.32069],[26.28097,38.32375],[26.27181,38.29014],[26.23347,38.2943],[26.23014,38.26959],[26.28542,38.26514],[26.33486,38.22569],[26.36681,38.22708],[26.39097,38.26097],[26.40181,38.24486],[26.38903,38.22292],[26.42986,38.19819],[26.41958,38.22125],[26.44181,38.21875],[26.45958,38.19921],[26.48144,38.22391],[26.48284,38.28067],[26.45389,38.34784]]]}},{"type":"Feature","properties":{"gid":"TUR.41.9_1","name2":"Çiğli","engtype2":"District","type2":"District","provZh":"伊兹密尔省"},"geometry":{"type":"Polygon","coordinates":[[[26.88488,38.50567],[26.94847,38.43181],[26.97431,38.45514],[27.07706,38.46708],[27.07385,38.53163],[26.88488,38.50567]]]}},{"type":"Feature","properties":{"gid":"TUR.41.10_1","name2":"Dikili","engtype2":"District","type2":"District","provZh":"伊兹密尔省"},"geometry":{"type":"Polygon","coordinates":[[[26.76777,39.17245],[26.83569,39.14208],[26.88764,39.07542],[26.79903,39.03236],[26.79875,39.01514],[26.81597,39.02597],[26.79736,38.99625],[26.79958,38.95292],[26.85236,38.93208],[26.85819,38.91375],[26.91958,38.93986],[26.93958,38.92569],[27.00819,39.00048],[26.99498,39.10985],[27.01882,39.17528],[26.89016,39.2299],[26.76777,39.17245]]]}},{"type":"Feature","properties":{"gid":"TUR.41.11_1","name2":"Foça","engtype2":"District","type2":"District","provZh":"伊兹密尔省"},"geometry":{"type":"Polygon","coordinates":[[[26.92197,38.72503],[26.85819,38.75319],[26.83597,38.74209],[26.82403,38.76236],[26.78042,38.73708],[26.74014,38.74181],[26.7307,38.67458],[26.75375,38.66514],[26.72236,38.65153],[26.76486,38.64069],[26.75653,38.61597],[26.80875,38.59689],[26.8421,38.63239],[26.88797,38.62722],[26.92997,38.64643],[26.94875,38.68263],[26.92197,38.72503]]]}},{"type":"Feature","properties":{"gid":"TUR.41.12_1","name2":"Gaziemir","engtype2":"District","type2":"District","provZh":"伊兹密尔省"},"geometry":{"type":"Polygon","coordinates":[[[27.15481,38.35358],[27.11134,38.32725],[27.06513,38.32436],[27.10863,38.29977],[27.2333,38.29547],[27.15481,38.35358]]]}},{"type":"Feature","properties":{"gid":"TUR.41.13_1","name2":"Güzelbahçe","engtype2":"District","type2":"District","provZh":"伊兹密尔省"},"geometry":{"type":"Polygon","coordinates":[[[26.93357,38.38375],[26.82903,38.36819],[26.81611,38.31578],[26.88678,38.29654],[26.91021,38.27286],[26.99856,38.33224],[26.95426,38.3429],[26.93357,38.38375]]]}},{"type":"Feature","properties":{"gid":"TUR.41.14_1","name2":"Karaburun","engtype2":"District","type2":"District","provZh":"伊兹密尔省"},"geometry":{"type":"MultiPolygon","coordinates":[[[[26.38653,38.4357],[26.37292,38.42708],[26.38958,38.42209],[26.38653,38.4357]]],[[[26.36014,38.4557],[26.32514,38.44125],[26.33153,38.42264],[26.35736,38.4282],[26.36014,38.4557]]],[[[26.59703,38.45901],[26.58792,38.47042],[26.63986,38.46653],[26.63319,38.51153],[26.5693,38.55958],[26.56236,38.60264],[26.5232,38.6307],[26.52347,38.65014],[26.41681,38.68097],[26.3607,38.65986],[26.35986,38.56709],[26.38903,38.50514],[26.41208,38.49431],[26.39292,38.44653],[26.42986,38.47764],[26.47986,38.45486],[26.59703,38.45901]]]]}},{"type":"Feature","properties":{"gid":"TUR.41.15_1","name2":"Karşıyaka","engtype2":"District","type2":"District","provZh":"伊兹密尔省"},"geometry":{"type":"Polygon","coordinates":[[[27.16129,38.54504],[27.11673,38.55566],[27.07385,38.53163],[27.07706,38.46708],[27.1118,38.44875],[27.15903,38.4668],[27.19882,38.44645],[27.20023,38.47355],[27.15446,38.48623],[27.16129,38.54504]]]}},{"type":"Feature","properties":{"gid":"TUR.41.16_1","name2":"Kemalpaşa","engtype2":"District","type2":"District","provZh":"伊兹密尔省"},"geometry":{"type":"Polygon","coordinates":[[[27.71833,38.45415],[27.56541,38.48629],[27.45794,38.56348],[27.35425,38.57761],[27.32697,38.52645],[27.37757,38.49118],[27.34657,38.45574],[27.29387,38.43795],[27.29308,38.39976],[27.33945,38.3672],[27.36256,38.32175],[27.47282,38.28006],[27.66235,38.34599],[27.71833,38.45415]]]}},{"type":"Feature","properties":{"gid":"TUR.41.17_1","name2":"Kınık","engtype2":"District","type2":"District","provZh":"伊兹密尔省"},"geometry":{"type":"Polygon","coordinates":[[[27.3475,38.92105],[27.5054,39.01989],[27.50439,39.11766],[27.47096,39.17188],[27.29662,39.14576],[27.22215,39.09779],[27.22479,39.03011],[27.31383,38.97021],[27.3475,38.92105]]]}},{"type":"Feature","properties":{"gid":"TUR.41.18_1","name2":"Kiraz","engtype2":"District","type2":"District","provZh":"伊兹密尔省"},"geometry":{"type":"Polygon","coordinates":[[[28.55995,38.10866],[28.51204,38.15842],[28.47669,38.2498],[28.44,38.29229],[28.26538,38.32228],[28.15661,38.36372],[28.09227,38.33147],[28.1521,38.14733],[28.26206,38.1406],[28.33765,38.09087],[28.3639,38.04785],[28.55995,38.10866]]]}},{"type":"Feature","properties":{"gid":"TUR.41.19_1","name2":"Konak","engtype2":"District","type2":"District","provZh":"伊兹密尔省"},"geometry":{"type":"Polygon","coordinates":[[[27.06375,38.34775],[27.06513,38.32436],[27.11134,38.32725],[27.15481,38.35358],[27.16195,38.38428],[27.19091,38.4042],[27.18473,38.44389],[27.14736,38.44708],[27.09013,38.39986],[27.08694,38.35416],[27.06375,38.34775]]]}},{"type":"Feature","properties":{"gid":"TUR.41.20_1","name2":"Menderes","engtype2":"District","type2":"District","provZh":"伊兹密尔省"},"geometry":{"type":"Polygon","coordinates":[[[27.06517,38.32433],[26.99436,38.33123],[26.91021,38.27286],[26.91165,38.25084],[27.00753,38.13926],[26.94817,38.07542],[27.0482,38.05014],[27.07542,38.01264],[27.09903,38.01542],[27.14292,37.98375],[27.24042,37.98496],[27.30272,38.03204],[27.30764,38.06731],[27.25845,38.14853],[27.20515,38.19735],[27.20452,38.30367],[27.10863,38.29977],[27.06517,38.32433]]]}},{"type":"Feature","properties":{"gid":"TUR.41.21_1","name2":"Menemen","engtype2":"District","type2":"District","provZh":"伊兹密尔省"},"geometry":{"type":"Polygon","coordinates":[[[26.96207,38.71787],[26.92627,38.7179],[26.94875,38.68263],[26.92318,38.64074],[26.8421,38.63239],[26.80875,38.59689],[26.84792,38.5757],[26.82291,38.55042],[26.84708,38.55958],[26.88819,38.51181],[26.82986,38.52514],[26.88488,38.50567],[27.01429,38.51193],[27.1071,38.55381],[27.18394,38.54503],[27.28,38.57215],[27.2181,38.75055],[27.12454,38.77974],[27.10719,38.7547],[26.96207,38.71787]]]}},{"type":"Feature","properties":{"gid":"TUR.41.22_1","name2":"Narlıdere","engtype2":"District","type2":"District","provZh":"伊兹密尔省"},"geometry":{"type":"Polygon","coordinates":[[[27.02373,38.41431],[26.93357,38.38375],[26.94425,38.35353],[27.06327,38.32553],[27.02373,38.41431]]]}},{"type":"Feature","properties":{"gid":"TUR.41.23_1","name2":"Ödemiş","engtype2":"District","type2":"District","provZh":"伊兹密尔省"},"geometry":{"type":"Polygon","coordinates":[[[28.14233,38.02924],[28.1197,38.06761],[28.1521,38.14733],[28.08886,38.31788],[28.15661,38.36372],[28.14503,38.39204],[28.00875,38.40137],[27.87834,38.33472],[27.82133,38.35077],[27.79116,38.30566],[27.7655,38.19228],[27.90012,38.14143],[27.93868,38.01836],[27.97805,38.00684],[28.14233,38.02924]]]}},{"type":"Feature","properties":{"gid":"TUR.41.24_1","name2":"Seferihisar","engtype2":"District","type2":"District","provZh":"伊兹密尔省"},"geometry":{"type":"Polygon","coordinates":[[[26.92162,38.23905],[26.76184,38.27517],[26.71522,38.21418],[26.75736,38.22208],[26.79042,38.19903],[26.77208,38.1968],[26.77486,38.16125],[26.79542,38.17347],[26.82431,38.15819],[26.86431,38.02847],[27.00707,38.1294],[26.97363,38.19515],[26.92162,38.23905]]]}},{"type":"Feature","properties":{"gid":"TUR.41.25_1","name2":"Selçuk","engtype2":"District","type2":"District","provZh":"伊兹密尔省"},"geometry":{"type":"Polygon","coordinates":[[[27.50305,37.96047],[27.45896,37.97097],[27.43075,38.01288],[27.35924,38.0292],[27.30272,38.03204],[27.24042,37.98496],[27.2732,37.94875],[27.26069,37.91264],[27.27831,37.89154],[27.35457,37.89125],[27.44175,37.91611],[27.50305,37.96047]]]}},{"type":"Feature","properties":{"gid":"TUR.41.26_1","name2":"Tire","engtype2":"District","type2":"District","provZh":"伊兹密尔省"},"geometry":{"type":"Polygon","coordinates":[[[27.72011,37.98552],[27.77575,37.97233],[27.92361,37.99509],[27.93783,38.05587],[27.90651,38.13406],[27.866,38.166],[27.7655,38.19228],[27.7439,38.14675],[27.50442,38.14456],[27.48129,38.13862],[27.50007,38.08915],[27.43075,38.01288],[27.45135,37.97738],[27.48842,37.96067],[27.53182,37.98372],[27.72011,37.98552]]]}},{"type":"Feature","properties":{"gid":"TUR.41.27_1","name2":"Torbalı","engtype2":"District","type2":"District","provZh":"伊兹密尔省"},"geometry":{"type":"Polygon","coordinates":[[[27.47282,38.28006],[27.38701,38.32102],[27.32409,38.32111],[27.25142,38.29164],[27.20452,38.30367],[27.20515,38.19735],[27.30387,38.07855],[27.30272,38.03204],[27.43075,38.01288],[27.49704,38.08436],[27.44567,38.18761],[27.48704,38.2433],[27.47282,38.28006]]]}},{"type":"Feature","properties":{"gid":"TUR.41.28_1","name2":"Urla","engtype2":"District","type2":"District","provZh":"伊兹密尔省"},"geometry":{"type":"MultiPolygon","coordinates":[[[[26.47158,38.20911],[26.4582,38.19153],[26.4907,38.19569],[26.50542,38.17514],[26.51792,38.18708],[26.53014,38.12764],[26.56042,38.11736],[26.57097,38.14264],[26.58125,38.10959],[26.60458,38.10236],[26.6032,38.14347],[26.62431,38.13847],[26.63598,38.20736],[26.71514,38.20986],[26.75146,38.27202],[26.87846,38.25208],[26.91344,38.26308],[26.88678,38.29654],[26.81808,38.31375],[26.82811,38.36764],[26.80847,38.35542],[26.76653,38.36681],[26.72458,38.43625],[26.67542,38.39208],[26.68819,38.35097],[26.67792,38.36042],[26.67514,38.34792],[26.7032,38.32041],[26.6807,38.31042],[26.64431,38.33986],[26.64347,38.37569],[26.61153,38.42236],[26.58458,38.42653],[26.60153,38.46014],[26.51037,38.46154],[26.48092,38.4549],[26.51625,38.4307],[26.49625,38.40153],[26.45042,38.42708],[26.48264,38.3768],[26.45353,38.34516],[26.482,38.28948],[26.47158,38.20911]]],[[[26.69986,38.54653],[26.69431,38.47958],[26.74236,38.45875],[26.72931,38.52986],[26.69986,38.54653]]]]}},{"type":"Feature","properties":{"gid":"TUR.42.1_1","name2":"Afşin","engtype2":"District","type2":"District","provZh":"卡赫拉曼马拉什省"},"geometry":{"type":"Polygon","coordinates":[[[37.05989,38.57819],[36.93138,38.62867],[36.72274,38.58961],[36.69914,38.57224],[36.6787,38.50409],[36.61947,38.44267],[36.67633,38.39507],[36.68385,38.30122],[36.76251,38.23693],[36.8099,38.15628],[36.86764,38.13948],[37.02429,38.15131],[37.02507,38.26603],[37.05505,38.36922],[37.04029,38.51887],[37.05989,38.57819]]]}},{"type":"Feature","properties":{"gid":"TUR.42.2_1","name2":"Andırın","engtype2":"District","type2":"District","provZh":"卡赫拉曼马拉什省"},"geometry":{"type":"Polygon","coordinates":[[[36.30237,37.65125],[36.21281,37.51701],[36.24474,37.37318],[36.32787,37.3484],[36.48895,37.36886],[36.48391,37.42631],[36.53802,37.48663],[36.56056,37.56857],[36.601,37.61948],[36.55818,37.68884],[36.61053,37.77036],[36.55921,37.78976],[36.46374,37.87171],[36.31517,37.8856],[36.32088,37.82681],[36.36268,37.75895],[36.30237,37.65125]]]}},{"type":"Feature","properties":{"gid":"TUR.42.3_1","name2":"Çağlayancerit","engtype2":"District","type2":"District","provZh":"卡赫拉曼马拉什省"},"geometry":{"type":"Polygon","coordinates":[[[37.49705,37.75699],[37.44555,37.75787],[37.40504,37.78931],[37.18976,37.79037],[37.11365,37.81363],[37.09792,37.76421],[37.12187,37.71432],[37.18968,37.67617],[37.32962,37.67272],[37.41657,37.64477],[37.41821,37.69863],[37.49705,37.75699]]]}},{"type":"Feature","properties":{"gid":"TUR.42.4_1","name2":"Ekinözü","engtype2":"District","type2":"District","provZh":"卡赫拉曼马拉什省"},"geometry":{"type":"Polygon","coordinates":[[[36.92893,37.98306],[36.99158,37.98252],[36.97832,37.87711],[37.00913,37.84772],[37.19772,37.93756],[37.21805,37.97114],[37.22217,38.04549],[37.29931,38.08992],[37.29304,38.11262],[37.25596,38.13923],[37.11372,38.11582],[37.02427,38.13967],[37.00484,38.08004],[36.95153,38.0342],[36.92893,37.98306]]]}},{"type":"Feature","properties":{"gid":"TUR.42.5_1","name2":"Elbistan","engtype2":"District","type2":"District","provZh":"卡赫拉曼马拉什省"},"geometry":{"type":"Polygon","coordinates":[[[37.02429,38.15131],[37.08184,38.11682],[37.25596,38.13923],[37.28824,38.12033],[37.29931,38.08992],[37.41637,38.09209],[37.69983,38.04604],[37.77407,38.22706],[37.77565,38.30151],[37.6993,38.35809],[37.46228,38.45021],[37.19776,38.4611],[37.19495,38.49284],[37.27408,38.5544],[37.28843,38.59591],[37.11671,38.59096],[37.05989,38.57819],[37.04104,38.52526],[37.05505,38.36922],[37.02507,38.26603],[37.02429,38.15131]]]}},{"type":"Feature","properties":{"gid":"TUR.42.6_1","name2":"Göksun","engtype2":"District","type2":"District","provZh":"卡赫拉曼马拉什省"},"geometry":{"type":"Polygon","coordinates":[[[36.31517,37.8856],[36.46374,37.87171],[36.55921,37.78976],[36.61053,37.77036],[36.63281,37.82825],[36.56008,37.93407],[36.56457,37.98042],[36.65537,37.99961],[36.79857,37.94255],[36.88766,37.96715],[36.92893,37.98306],[36.95153,38.0342],[37.00484,38.08004],[37.02429,38.15131],[36.86764,38.13948],[36.8099,38.15628],[36.76251,38.23693],[36.68385,38.30122],[36.67633,38.39507],[36.61947,38.44267],[36.5359,38.34389],[36.42734,38.25541],[36.33536,37.99667],[36.31517,37.8856]]]}},{"type":"Feature","properties":{"gid":"TUR.42.7_1","name2":"Merkez","engtype2":"District","type2":"District","provZh":"卡赫拉曼马拉什省"},"geometry":{"type":"Polygon","coordinates":[[[36.48895,37.36886],[36.56865,37.40637],[36.62368,37.37169],[36.65822,37.38635],[36.69909,37.43916],[36.82,37.46497],[36.89147,37.43623],[36.93121,37.38666],[37.04402,37.37178],[37.16824,37.48606],[37.20194,37.54064],[37.21909,37.67223],[37.15633,37.68883],[37.11583,37.72124],[37.09792,37.76421],[37.11365,37.81363],[36.98361,37.86354],[36.98933,37.98481],[36.94214,37.98659],[36.79857,37.94255],[36.65537,37.99961],[36.56457,37.98042],[36.56008,37.93407],[36.629,37.83879],[36.63281,37.79979],[36.55928,37.6943],[36.60227,37.62494],[36.56056,37.56857],[36.53802,37.48663],[36.48391,37.42631],[36.48895,37.36886]]]}},{"type":"Feature","properties":{"gid":"TUR.42.8_1","name2":"Nurhak","engtype2":"District","type2":"District","provZh":"卡赫拉曼马拉什省"},"geometry":{"type":"Polygon","coordinates":[[[37.55815,37.80869],[37.69983,38.04604],[37.41637,38.09209],[37.29931,38.08992],[37.22373,38.04803],[37.21805,37.97114],[37.19292,37.93313],[37.00913,37.84772],[37.18218,37.79121],[37.40504,37.78931],[37.45573,37.75554],[37.50868,37.76039],[37.55815,37.80869]]]}},{"type":"Feature","properties":{"gid":"TUR.42.9_1","name2":"Pazarcık","engtype2":"District","type2":"District","provZh":"卡赫拉曼马拉什省"},"geometry":{"type":"Polygon","coordinates":[[[37.57313,37.55052],[37.45052,37.58702],[37.41645,37.6164],[37.41657,37.64477],[37.3822,37.65945],[37.21909,37.67223],[37.20194,37.54064],[37.16824,37.48606],[37.06097,37.37799],[36.985,37.37438],[36.93239,37.33645],[36.965,37.23296],[37.02417,37.22261],[37.08921,37.28264],[37.1859,37.33286],[37.59473,37.39748],[37.62162,37.43281],[37.62296,37.51213],[37.57313,37.55052]]]}},{"type":"Feature","properties":{"gid":"TUR.42.10_1","name2":"Türkoğlu","engtype2":"District","type2":"District","provZh":"卡赫拉曼马拉什省"},"geometry":{"type":"Polygon","coordinates":[[[36.93239,37.33645],[36.985,37.37438],[36.93121,37.38666],[36.89606,37.43259],[36.83447,37.46394],[36.69909,37.43916],[36.65822,37.38635],[36.62368,37.37169],[36.65104,37.32999],[36.72864,37.27605],[36.89641,37.36581],[36.93239,37.33645]]]}},{"type":"Feature","properties":{"gid":"TUR.43.1_1","name2":"Eflani","engtype2":"District","type2":"District","provZh":"卡拉比克省"},"geometry":{"type":"Polygon","coordinates":[[[32.82317,41.51309],[32.83506,41.49117],[32.76941,41.42495],[32.76814,41.38269],[32.87094,41.28583],[32.91377,41.27546],[32.95106,41.33364],[33.01094,41.37085],[33.0448,41.41645],[32.94505,41.55056],[32.82317,41.51309]]]}},{"type":"Feature","properties":{"gid":"TUR.43.2_1","name2":"Eskipazar","engtype2":"District","type2":"District","provZh":"卡拉比克省"},"geometry":{"type":"Polygon","coordinates":[[[32.51926,40.83923],[32.68881,40.95665],[32.84566,40.98032],[32.78255,41.02677],[32.73235,41.01882],[32.65277,41.04066],[32.5556,41.02348],[32.47303,41.05401],[32.3823,41.01936],[32.28025,41.03108],[32.28197,40.9411],[32.48482,40.87462],[32.51926,40.83923]]]}},{"type":"Feature","properties":{"gid":"TUR.43.3_1","name2":"Merkez","engtype2":"District","type2":"District","provZh":"卡拉比克省"},"geometry":{"type":"Polygon","coordinates":[[[32.78255,41.02677],[32.78388,41.14027],[32.75006,41.1679],[32.64448,41.19616],[32.62682,41.24068],[32.6008,41.2519],[32.53897,41.24787],[32.43519,41.18401],[32.39048,41.19984],[32.26971,41.07396],[32.28025,41.03108],[32.35698,41.01916],[32.47303,41.05401],[32.55271,41.0237],[32.6457,41.04102],[32.73235,41.01882],[32.78255,41.02677]]]}},{"type":"Feature","properties":{"gid":"TUR.43.4_1","name2":"Ovacık","engtype2":"District","type2":"District","provZh":"卡拉比克省"},"geometry":{"type":"Polygon","coordinates":[[[33.07714,41.08887],[32.99153,41.16962],[32.9276,41.19522],[32.89712,41.17024],[32.78388,41.14027],[32.78255,41.02677],[32.84566,40.98032],[33.02794,41.01646],[33.07714,41.08887]]]}},{"type":"Feature","properties":{"gid":"TUR.43.5_1","name2":"Safranbolu","engtype2":"District","type2":"District","provZh":"卡拉比克省"},"geometry":{"type":"Polygon","coordinates":[[[32.42854,41.25429],[32.39048,41.19984],[32.41839,41.1851],[32.46482,41.19497],[32.54227,41.24912],[32.6079,41.25111],[32.64448,41.19616],[32.75006,41.1679],[32.78388,41.14027],[32.89712,41.17024],[32.9276,41.19522],[32.91377,41.27546],[32.87094,41.28583],[32.76814,41.38269],[32.76941,41.42495],[32.83575,41.49337],[32.80329,41.52861],[32.69793,41.46402],[32.65668,41.3779],[32.61792,41.34543],[32.42854,41.25429]]]}},{"type":"Feature","properties":{"gid":"TUR.43.6_1","name2":"Yenice","engtype2":"District","type2":"District","provZh":"卡拉比克省"},"geometry":{"type":"Polygon","coordinates":[[[32.35404,41.23849],[32.29877,41.23664],[32.13407,41.15751],[32.0934,41.07612],[32.092,41.01837],[32.28521,41.0083],[32.27342,41.08752],[32.42854,41.25429],[32.35404,41.23849]]]}},{"type":"Feature","properties":{"gid":"TUR.44.1_1","name2":"Ayrancı","engtype2":"District","type2":"District","provZh":"卡拉曼省"},"geometry":{"type":"Polygon","coordinates":[[[33.3885,37.39729],[33.45106,37.25843],[33.50182,37.19434],[33.56352,37.16535],[33.62108,37.04601],[33.75039,37.02803],[33.8674,37.06112],[33.98976,37.12669],[34.0925,37.13145],[34.19761,37.17826],[34.09876,37.24099],[33.93099,37.27407],[33.90502,37.32162],[33.82967,37.38158],[33.72614,37.60812],[33.64541,37.60429],[33.4861,37.54192],[33.42148,37.47786],[33.3885,37.39729]]]}},{"type":"Feature","properties":{"gid":"TUR.44.2_1","name2":"Başyayla","engtype2":"District","type2":"District","provZh":"卡拉曼省"},"geometry":{"type":"Polygon","coordinates":[[[32.66639,36.81573],[32.55277,36.76991],[32.64153,36.68328],[32.70311,36.63675],[32.7392,36.63604],[32.76267,36.60206],[32.85353,36.62546],[32.79467,36.73711],[32.66639,36.81573]]]}},{"type":"Feature","properties":{"gid":"TUR.44.3_1","name2":"Ermenek","engtype2":"District","type2":"District","provZh":"卡拉曼省"},"geometry":{"type":"Polygon","coordinates":[[[32.65814,36.44608],[32.82876,36.43163],[33.05472,36.46877],[33.21321,36.52261],[33.23035,36.56149],[33.20814,36.59084],[33.09658,36.6343],[33.04,36.67696],[32.94485,36.82025],[32.74813,36.85089],[32.66639,36.81573],[32.79467,36.73711],[32.85548,36.62992],[32.5305,36.54154],[32.55423,36.50822],[32.65814,36.44608]]]}},{"type":"Feature","properties":{"gid":"TUR.44.4_1","name2":"Kazımkarabekir","engtype2":"District","type2":"District","provZh":"卡拉曼省"},"geometry":{"type":"Polygon","coordinates":[[[32.62911,37.07531],[32.56423,37.01301],[32.57236,36.98154],[32.62295,36.94621],[32.80972,36.91095],[32.8481,36.95337],[32.96251,36.98169],[32.94551,37.02895],[33.00952,37.05516],[32.97142,37.08414],[32.98129,37.13516],[32.94641,37.19836],[32.77597,37.23395],[32.68676,37.20847],[32.68195,37.14772],[32.62911,37.07531]]]}},{"type":"Feature","properties":{"gid":"TUR.44.5_1","name2":"Merkez","engtype2":"District","type2":"District","provZh":"卡拉曼省"},"geometry":{"type":"Polygon","coordinates":[[[33.3885,37.39729],[33.35382,37.37535],[33.30297,37.37523],[33.20131,37.45334],[33.1311,37.45565],[33.0566,37.38822],[32.95409,37.38376],[32.90154,37.35743],[32.8653,37.25882],[32.90001,37.21376],[32.96192,37.18015],[32.98209,37.12958],[32.97142,37.08414],[33.0089,37.05273],[32.94551,37.02895],[32.96251,36.98169],[32.84278,36.95031],[32.74813,36.85089],[32.90188,36.83729],[32.96185,36.80922],[33.00371,36.81644],[33.11584,36.85239],[33.38568,36.99815],[33.52961,37.00298],[33.62108,37.04601],[33.56352,37.16535],[33.50182,37.19434],[33.45106,37.25843],[33.3885,37.39729]]]}},{"type":"Feature","properties":{"gid":"TUR.44.6_1","name2":"Sarıveliler","engtype2":"District","type2":"District","provZh":"卡拉曼省"},"geometry":{"type":"Polygon","coordinates":[[[32.49873,36.57616],[32.5305,36.54154],[32.76267,36.60206],[32.7392,36.63604],[32.70311,36.63675],[32.64153,36.68328],[32.57763,36.7542],[32.51378,36.76879],[32.47058,36.75113],[32.45565,36.70427],[32.49873,36.57616]]]}},{"type":"Feature","properties":{"gid":"TUR.45.1_1","name2":"Akyaka","engtype2":"District","type2":"District","provZh":"卡尔斯省"},"geometry":{"type":"Polygon","coordinates":[[[43.59904,40.98581],[43.58151,40.95736],[43.52071,40.93497],[43.48888,40.85234],[43.49056,40.80751],[43.62955,40.81013],[43.68893,40.69196],[43.74062,40.66729],[43.7487,40.73594],[43.71302,40.81192],[43.67611,40.84444],[43.67624,40.9277],[43.59904,40.98581]]]}},{"type":"Feature","properties":{"gid":"TUR.45.2_1","name2":"Arpaçay","engtype2":"District","type2":"District","provZh":"卡尔斯省"},"geometry":{"type":"Polygon","coordinates":[[[43.47107,41.12949],[43.43723,41.17938],[43.38412,41.19952],[43.28056,41.18324],[43.26084,41.08422],[43.23003,41.03503],[43.11261,40.98446],[43.12265,40.95623],[43.2575,40.84899],[43.27519,40.77247],[43.34188,40.74951],[43.37943,40.71282],[43.49056,40.80751],[43.48888,40.85234],[43.52071,40.93497],[43.58151,40.95736],[43.59904,40.98581],[43.47216,41.02798],[43.44978,41.09215],[43.47107,41.12949]]]}},{"type":"Feature","properties":{"gid":"TUR.45.3_1","name2":"Digor","engtype2":"District","type2":"District","provZh":"卡尔斯省"},"geometry":{"type":"Polygon","coordinates":[[[43.59693,40.44037],[43.54555,40.47705],[43.63112,40.53254],[43.47991,40.60259],[43.3957,40.5587],[43.31511,40.55571],[43.26296,40.53431],[43.21742,40.48041],[43.22842,40.42268],[43.21627,40.39361],[43.34135,40.35376],[43.4093,40.27864],[43.50819,40.21303],[43.51568,40.18454],[43.56366,40.18434],[43.68195,40.22992],[43.68171,40.2585],[43.63987,40.27662],[43.59369,40.33728],[43.62098,40.3993],[43.59693,40.44037]]]}},{"type":"Feature","properties":{"gid":"TUR.45.4_1","name2":"Kağızman","engtype2":"District","type2":"District","provZh":"卡尔斯省"},"geometry":{"type":"Polygon","coordinates":[[[42.96663,39.97485],[43.11028,40.00867],[43.35047,39.96276],[43.3463,39.99918],[43.29314,40.06836],[43.297,40.09725],[43.3153,40.11288],[43.3804,40.11241],[43.39238,40.17398],[43.51568,40.18454],[43.51332,40.20619],[43.4093,40.27864],[43.3498,40.34836],[43.22662,40.39194],[43.07512,40.40432],[42.94379,40.36617],[42.82777,40.28017],[42.81148,40.20226],[42.86827,40.11069],[42.86982,40.06574],[42.77235,39.93596],[42.96663,39.97485]]]}},{"type":"Feature","properties":{"gid":"TUR.45.5_1","name2":"Merkez","engtype2":"District","type2":"District","provZh":"卡尔斯省"},"geometry":{"type":"Polygon","coordinates":[[[43.74062,40.66729],[43.68893,40.69196],[43.63475,40.80597],[43.61113,40.81325],[43.49056,40.80751],[43.38563,40.71257],[43.34188,40.74951],[43.27519,40.77247],[43.185,40.75064],[43.14087,40.71977],[43.01075,40.74328],[42.91209,40.69772],[42.83601,40.71354],[42.8602,40.56686],[42.88499,40.53719],[42.942,40.5298],[42.9904,40.47211],[42.99937,40.4521],[42.976,40.39379],[42.99099,40.38213],[43.08729,40.40532],[43.21627,40.39361],[43.22842,40.42268],[43.21742,40.48041],[43.26296,40.53431],[43.31511,40.55571],[43.3957,40.5587],[43.47296,40.60102],[43.64797,40.53152],[43.64201,40.559],[43.74062,40.66729]]]}},{"type":"Feature","properties":{"gid":"TUR.45.6_1","name2":"Sarıkamış","engtype2":"District","type2":"District","provZh":"卡尔斯省"},"geometry":{"type":"Polygon","coordinates":[[[42.77235,39.93596],[42.86603,40.05474],[42.87032,40.10196],[42.81148,40.20226],[42.82777,40.28017],[42.74055,40.26294],[42.73764,40.28843],[42.77398,40.34517],[42.76553,40.38469],[42.69268,40.43708],[42.5383,40.46419],[42.50921,40.40768],[42.27178,40.31632],[42.14983,40.28962],[42.13814,40.25528],[42.20087,40.17009],[42.36748,40.13149],[42.49897,40.04121],[42.56636,39.94755],[42.6502,39.91656],[42.77235,39.93596]]]}},{"type":"Feature","properties":{"gid":"TUR.45.7_1","name2":"Selim","engtype2":"District","type2":"District","provZh":"卡尔斯省"},"geometry":{"type":"Polygon","coordinates":[[[42.54808,40.64073],[42.57092,40.59626],[42.5383,40.46419],[42.65948,40.44988],[42.75915,40.39699],[42.7743,40.3474],[42.73572,40.28309],[42.74533,40.25995],[42.82777,40.28017],[42.93858,40.3639],[42.99099,40.38213],[42.976,40.39379],[42.99937,40.4521],[42.9904,40.47211],[42.942,40.5298],[42.88499,40.53719],[42.8602,40.56686],[42.83601,40.71354],[42.61117,40.64011],[42.54808,40.64073]]]}},{"type":"Feature","properties":{"gid":"TUR.45.8_1","name2":"Susuz","engtype2":"District","type2":"District","provZh":"卡尔斯省"},"geometry":{"type":"Polygon","coordinates":[[[43.04219,40.97047],[42.93327,40.93906],[42.9002,40.91134],[42.87328,40.85267],[42.86959,40.7703],[42.83601,40.71354],[42.91209,40.69772],[43.01075,40.74328],[43.14087,40.71977],[43.185,40.75064],[43.27519,40.77247],[43.2575,40.84899],[43.12265,40.95623],[43.11261,40.98446],[43.04219,40.97047]]]}},{"type":"Feature","properties":{"gid":"TUR.46.1_1","name2":"Abana","engtype2":"District","type2":"District","provZh":"卡斯塔莫努省"},"geometry":{"type":"Polygon","coordinates":[[[34.01419,41.98097],[33.92173,41.97319],[33.95584,41.92797],[34.04689,41.92532],[34.01419,41.98097]]]}},{"type":"Feature","properties":{"gid":"TUR.46.2_1","name2":"Ağlı","engtype2":"District","type2":"District","provZh":"卡斯塔莫努省"},"geometry":{"type":"Polygon","coordinates":[[[33.47377,41.60648],[33.52504,41.58904],[33.59451,41.61473],[33.64631,41.69453],[33.53513,41.75932],[33.49001,41.76211],[33.49971,41.6497],[33.47377,41.60648]]]}},{"type":"Feature","properties":{"gid":"TUR.46.3_1","name2":"Araç","engtype2":"District","type2":"District","provZh":"卡斯塔莫努省"},"geometry":{"type":"Polygon","coordinates":[[[33.44919,40.96225],[33.66685,41.04101],[33.62051,41.10022],[33.53306,41.14141],[33.57362,41.1879],[33.5474,41.25082],[33.56237,41.33213],[33.46216,41.33389],[33.35059,41.36709],[33.24787,41.35873],[33.0448,41.41645],[32.94767,41.32916],[32.91377,41.27546],[32.9276,41.19522],[32.99153,41.16962],[33.07714,41.08887],[33.15837,41.08459],[33.29633,41.02467],[33.35564,40.972],[33.44919,40.96225]]]}},{"type":"Feature","properties":{"gid":"TUR.46.4_1","name2":"Azdavay","engtype2":"District","type2":"District","provZh":"卡斯塔莫努省"},"geometry":{"type":"Polygon","coordinates":[[[33.49001,41.76211],[33.46041,41.78884],[33.49752,41.83292],[33.46505,41.8798],[33.38828,41.86758],[33.32365,41.88803],[33.28091,41.85533],[33.29141,41.78985],[33.25885,41.75972],[33.2057,41.74025],[33.07566,41.73996],[33.21121,41.62743],[33.21755,41.56578],[33.2867,41.5653],[33.47377,41.60648],[33.49971,41.6497],[33.49001,41.76211]]]}},{"type":"Feature","properties":{"gid":"TUR.46.5_1","name2":"Bozkurt","engtype2":"District","type2":"District","provZh":"卡斯塔莫努省"},"geometry":{"type":"Polygon","coordinates":[[[33.92173,41.97319],[33.80688,41.97569],[33.8737,41.85062],[33.93555,41.82114],[33.90044,41.78701],[34.02191,41.77787],[34.07573,41.79808],[34.0892,41.83496],[34.04601,41.88255],[34.04689,41.92532],[33.95584,41.92797],[33.92173,41.97319]]]}},{"type":"Feature","properties":{"gid":"TUR.46.6_1","name2":"Çatalzeytin","engtype2":"District","type2":"District","provZh":"卡斯塔莫努省"},"geometry":{"type":"Polygon","coordinates":[[[34.04689,41.92532],[34.04601,41.88255],[34.09001,41.82651],[34.07573,41.79808],[34.02191,41.77787],[34.04124,41.7527],[34.09658,41.7302],[34.15778,41.74978],[34.2691,41.75072],[34.26717,41.80504],[34.22556,41.87402],[34.22653,41.95514],[34.01419,41.98097],[34.04689,41.92532]]]}},{"type":"Feature","properties":{"gid":"TUR.46.7_1","name2":"Cide","engtype2":"District","type2":"District","provZh":"卡斯塔莫努省"},"geometry":{"type":"Polygon","coordinates":[[[32.74566,41.75311],[32.77438,41.68432],[32.7976,41.68221],[32.85619,41.68419],[32.98253,41.73842],[33.1315,41.73992],[33.10051,41.83226],[33.1894,41.88815],[33.30111,41.90025],[33.2817,41.94093],[33.29305,42.00458],[33.16903,41.95542],[33.02736,41.92736],[32.91403,41.87347],[32.6818,41.83541],[32.74566,41.75311]]]}},{"type":"Feature","properties":{"gid":"TUR.46.8_1","name2":"Daday","engtype2":"District","type2":"District","provZh":"卡斯塔莫努省"},"geometry":{"type":"Polygon","coordinates":[[[33.0448,41.41645],[33.24787,41.35873],[33.35059,41.36709],[33.46216,41.33389],[33.56237,41.33213],[33.59261,41.40294],[33.57782,41.46601],[33.59292,41.56495],[33.55545,41.60287],[33.51434,41.58868],[33.47377,41.60648],[33.29868,41.56632],[33.1242,41.56441],[32.96035,41.53941],[33.0448,41.41645]]]}},{"type":"Feature","properties":{"gid":"TUR.46.9_1","name2":"Devrekani","engtype2":"District","type2":"District","provZh":"卡斯塔莫努省"},"geometry":{"type":"Polygon","coordinates":[[[33.90044,41.78701],[33.8178,41.77122],[33.80173,41.72133],[33.73809,41.69028],[33.77228,41.64],[33.77307,41.54808],[33.82472,41.52461],[33.91701,41.54583],[34.01968,41.60641],[34.06892,41.65624],[34.09658,41.7302],[34.01194,41.78267],[33.90044,41.78701]]]}},{"type":"Feature","properties":{"gid":"TUR.46.10_1","name2":"Doğanyurt","engtype2":"District","type2":"District","provZh":"卡斯塔莫努省"},"geometry":{"type":"Polygon","coordinates":[[[33.46505,41.8798],[33.54926,41.92054],[33.56065,41.9433],[33.54736,41.99764],[33.35847,42.01986],[33.29347,42.00542],[33.2817,41.94093],[33.30111,41.90025],[33.37684,41.86863],[33.46505,41.8798]]]}},{"type":"Feature","properties":{"gid":"TUR.46.11_1","name2":"Hanönü","engtype2":"District","type2":"District","provZh":"卡斯塔莫努省"},"geometry":{"type":"Polygon","coordinates":[[[34.46515,41.54088],[34.56706,41.59246],[34.5993,41.66898],[34.4931,41.72484],[34.26908,41.73907],[34.27222,41.69371],[34.30921,41.67009],[34.40364,41.54813],[34.46515,41.54088]]]}},{"type":"Feature","properties":{"gid":"TUR.46.12_1","name2":"İhsangazi","engtype2":"District","type2":"District","provZh":"卡斯塔莫努省"},"geometry":{"type":"Polygon","coordinates":[[[33.78709,41.08749],[33.65662,41.26076],[33.64602,41.31294],[33.5624,41.34378],[33.5474,41.25082],[33.57362,41.1879],[33.53617,41.15959],[33.53602,41.13688],[33.62051,41.10022],[33.66685,41.04101],[33.78709,41.08749]]]}},{"type":"Feature","properties":{"gid":"TUR.46.13_1","name2":"İnebolu","engtype2":"District","type2":"District","provZh":"卡斯塔莫努省"},"geometry":{"type":"Polygon","coordinates":[[[33.80688,41.97569],[33.54736,41.99792],[33.56065,41.9433],[33.54926,41.92054],[33.8152,41.81118],[33.8737,41.85062],[33.80688,41.97569]]]}},{"type":"Feature","properties":{"gid":"TUR.46.14_1","name2":"Küre","engtype2":"District","type2":"District","provZh":"卡斯塔莫努省"},"geometry":{"type":"Polygon","coordinates":[[[33.64631,41.69453],[33.73809,41.69028],[33.80173,41.72133],[33.8178,41.77122],[33.8834,41.7791],[33.93555,41.82114],[33.8737,41.85062],[33.80418,41.81157],[33.54926,41.92054],[33.47707,41.89223],[33.46505,41.8798],[33.49752,41.83292],[33.464,41.78216],[33.64631,41.69453]]]}},{"type":"Feature","properties":{"gid":"TUR.46.15_1","name2":"Merkez","engtype2":"District","type2":"District","provZh":"卡斯塔莫努省"},"geometry":{"type":"Polygon","coordinates":[[[33.85772,41.04509],[33.91139,41.04583],[33.98362,41.11988],[34.17106,41.14662],[34.18954,41.28691],[34.17152,41.30646],[34.07398,41.32203],[33.96136,41.39482],[33.98153,41.45644],[33.91701,41.54583],[33.83317,41.52302],[33.77307,41.54808],[33.73998,41.53485],[33.66711,41.56205],[33.59292,41.56495],[33.57782,41.46601],[33.59261,41.40294],[33.5624,41.34378],[33.6415,41.31754],[33.65662,41.26076],[33.7721,41.09914],[33.8411,41.09274],[33.86077,41.07236],[33.85772,41.04509]]]}},{"type":"Feature","properties":{"gid":"TUR.46.16_1","name2":"Pınarbası","engtype2":"District","type2":"District","provZh":"卡斯塔莫努省"},"geometry":{"type":"Polygon","coordinates":[[[32.92558,41.55396],[32.96035,41.53941],[33.21755,41.56578],[33.21765,41.61156],[33.07566,41.73996],[32.98253,41.73842],[32.85619,41.68419],[32.77438,41.68432],[32.831,41.59181],[32.92558,41.55396]]]}},{"type":"Feature","properties":{"gid":"TUR.46.17_1","name2":"Şenpazar","engtype2":"District","type2":"District","provZh":"卡斯塔莫努省"},"geometry":{"type":"Polygon","coordinates":[[[33.32365,41.88803],[33.30111,41.90025],[33.1894,41.88815],[33.11144,41.844],[33.09862,41.80436],[33.1315,41.73992],[33.21316,41.74126],[33.27251,41.76942],[33.29248,41.79535],[33.2797,41.85265],[33.32365,41.88803]]]}},{"type":"Feature","properties":{"gid":"TUR.46.18_1","name2":"Seydiler","engtype2":"District","type2":"District","provZh":"卡斯塔莫努省"},"geometry":{"type":"Polygon","coordinates":[[[33.55545,41.60287],[33.62083,41.55697],[33.66711,41.56205],[33.74295,41.53467],[33.77307,41.54808],[33.77228,41.64],[33.73809,41.69028],[33.64631,41.69453],[33.60161,41.62005],[33.55545,41.60287]]]}},{"type":"Feature","properties":{"gid":"TUR.46.19_1","name2":"Taşköprü","engtype2":"District","type2":"District","provZh":"卡斯塔莫努省"},"geometry":{"type":"Polygon","coordinates":[[[34.4756,41.30389],[34.46515,41.54088],[34.41046,41.5433],[34.38272,41.56969],[34.30921,41.67009],[34.27222,41.69371],[34.2691,41.75072],[34.10379,41.7349],[34.06493,41.65158],[33.91701,41.54583],[33.98153,41.45644],[33.95748,41.39953],[34.07398,41.32203],[34.17664,41.30344],[34.19251,41.27631],[34.17607,41.19839],[34.22072,41.17244],[34.29654,41.17023],[34.41676,41.29624],[34.4756,41.30389]]]}},{"type":"Feature","properties":{"gid":"TUR.46.20_1","name2":"Tosya","engtype2":"District","type2":"District","provZh":"卡斯塔莫努省"},"geometry":{"type":"Polygon","coordinates":[[[33.92569,40.88292],[34.03589,40.85097],[34.27777,40.92724],[34.27907,40.97633],[34.2096,41.03474],[34.29096,41.16744],[34.22377,41.17152],[34.17607,41.19839],[34.166,41.1439],[33.98362,41.11988],[33.91139,41.04583],[33.85772,41.04509],[33.79123,40.99593],[33.79977,40.93708],[33.92569,40.88292]]]}},{"type":"Feature","properties":{"gid":"TUR.47.1_1","name2":"Akkışla","engtype2":"District","type2":"District","provZh":"开塞利省"},"geometry":{"type":"Polygon","coordinates":[[[36.11311,38.88199],[36.18384,38.88765],[36.23882,38.91616],[36.2777,39.00098],[36.37574,39.12801],[36.37404,39.15341],[36.30744,39.13026],[36.11429,39.131],[36.07586,39.04705],[36.03894,39.01528],[36.06297,38.9749],[36.06773,38.90967],[36.11311,38.88199]]]}},{"type":"Feature","properties":{"gid":"TUR.47.2_1","name2":"Bünyan","engtype2":"District","type2":"District","provZh":"开塞利省"},"geometry":{"type":"Polygon","coordinates":[[[36.03894,39.01528],[35.99944,39.0018],[35.82237,39.0142],[35.73481,39.0487],[35.69416,39.01537],[35.69122,38.97076],[35.7645,38.86224],[35.73542,38.79797],[35.73783,38.75175],[35.77572,38.70997],[35.79745,38.64355],[35.85559,38.6297],[35.99624,38.63678],[36.09259,38.70701],[36.10955,38.78648],[36.09501,38.83868],[36.11311,38.88199],[36.06773,38.90967],[36.06297,38.9749],[36.03894,39.01528]]]}},{"type":"Feature","properties":{"gid":"TUR.47.3_1","name2":"Develi","engtype2":"District","type2":"District","provZh":"开塞利省"},"geometry":{"type":"Polygon","coordinates":[[[35.82283,38.10564],[36.01338,38.18564],[36.09794,38.3236],[35.95046,38.37242],[35.78796,38.36715],[35.72086,38.40943],[35.68624,38.50085],[35.59233,38.56506],[35.58177,38.6081],[35.44161,38.59106],[35.28799,38.49211],[35.28598,38.42322],[35.34796,38.40337],[35.39241,38.36295],[35.62159,38.28373],[35.62973,38.19123],[35.672,38.15756],[35.65758,38.09435],[35.68098,38.05966],[35.82283,38.10564]]]}},{"type":"Feature","properties":{"gid":"TUR.47.4_1","name2":"Felahiye","engtype2":"District","type2":"District","provZh":"开塞利省"},"geometry":{"type":"Polygon","coordinates":[[[35.64471,39.0786],[35.64149,39.11762],[35.60249,39.1683],[35.62345,39.2001],[35.55098,39.20298],[35.46703,39.18315],[35.48297,39.09958],[35.29146,39.02825],[35.3304,38.98096],[35.42622,38.96827],[35.52644,39.00579],[35.64471,39.0786]]]}},{"type":"Feature","properties":{"gid":"TUR.47.5_1","name2":"Hacılar","engtype2":"District","type2":"District","provZh":"开塞利省"},"geometry":{"type":"Polygon","coordinates":[[[35.47285,38.59632],[35.49243,38.63895],[35.48886,38.68903],[35.42072,38.74247],[35.30079,38.76702],[35.30326,38.72614],[35.35172,38.70261],[35.36369,38.66827],[35.44161,38.59106],[35.47285,38.59632]]]}},{"type":"Feature","properties":{"gid":"TUR.47.6_1","name2":"İncesu","engtype2":"District","type2":"District","provZh":"开塞利省"},"geometry":{"type":"Polygon","coordinates":[[[35.44161,38.59106],[35.36369,38.66827],[35.35172,38.70261],[35.30148,38.72822],[35.29772,38.7926],[35.196,38.85956],[34.95325,38.79826],[35.06899,38.74826],[35.0701,38.61354],[35.26931,38.52738],[35.30623,38.51535],[35.34205,38.52703],[35.44161,38.59106]]]}},{"type":"Feature","properties":{"gid":"TUR.47.7_1","name2":"Kocasinan","engtype2":"District","type2":"District","provZh":"开塞利省"},"geometry":{"type":"Polygon","coordinates":[[[35.73481,39.0487],[35.64471,39.0786],[35.52644,39.00579],[35.39674,38.96692],[35.32766,38.98237],[35.29146,39.02825],[35.22057,39.0033],[35.0374,39.03805],[35.00084,39.01029],[34.95325,38.79826],[35.18578,38.86232],[35.29772,38.7926],[35.44399,38.7912],[35.5292,38.76401],[35.56632,38.73256],[35.64131,38.76909],[35.73783,38.75175],[35.73542,38.79797],[35.76357,38.86782],[35.68872,38.99049],[35.73481,39.0487]]]}},{"type":"Feature","properties":{"gid":"TUR.47.8_1","name2":"Melikgazi","engtype2":"District","type2":"District","provZh":"开塞利省"},"geometry":{"type":"Polygon","coordinates":[[[35.49368,38.64939],[35.53009,38.65985],[35.56561,38.70051],[35.56632,38.73256],[35.53838,38.75836],[35.44399,38.7912],[35.29772,38.7926],[35.30079,38.76702],[35.43512,38.73344],[35.48886,38.68903],[35.49368,38.64939]]]}},{"type":"Feature","properties":{"gid":"TUR.47.9_1","name2":"Özvatan","engtype2":"District","type2":"District","provZh":"开塞利省"},"geometry":{"type":"Polygon","coordinates":[[[35.64471,39.0786],[35.73483,39.06034],[35.73978,39.12017],[35.88544,39.27634],[35.81265,39.29945],[35.70713,39.21497],[35.62345,39.2001],[35.60249,39.1683],[35.64149,39.11762],[35.64471,39.0786]]]}},{"type":"Feature","properties":{"gid":"TUR.47.10_1","name2":"Pınarbaşı","engtype2":"District","type2":"District","provZh":"开塞利省"},"geometry":{"type":"Polygon","coordinates":[[[36.11311,38.88199],[36.09501,38.83868],[36.10955,38.78648],[36.09259,38.70701],[36.02737,38.6478],[35.98353,38.63427],[36.00966,38.59212],[36.21785,38.5934],[36.29706,38.5737],[36.41467,38.5954],[36.57611,38.72015],[36.67374,38.74421],[36.80035,38.74522],[36.94486,39.06164],[36.88907,39.13129],[36.77733,39.17509],[36.60339,39.17564],[36.45937,39.13036],[36.37404,39.15341],[36.37574,39.12801],[36.2777,39.00098],[36.23882,38.91616],[36.18384,38.88765],[36.11311,38.88199]]]}},{"type":"Feature","properties":{"gid":"TUR.47.11_1","name2":"Sarıoğlan","engtype2":"District","type2":"District","provZh":"开塞利省"},"geometry":{"type":"Polygon","coordinates":[[[36.11429,39.131],[36.01273,39.1481],[35.88544,39.27634],[35.73978,39.12017],[35.73481,39.0487],[35.82237,39.0142],[36.01123,39.00269],[36.06483,39.03203],[36.11429,39.131]]]}},{"type":"Feature","properties":{"gid":"TUR.47.12_1","name2":"Sarız","engtype2":"District","type2":"District","provZh":"开塞利省"},"geometry":{"type":"Polygon","coordinates":[[[36.49144,38.31633],[36.5359,38.34389],[36.67527,38.4993],[36.69653,38.56716],[36.73234,38.59106],[36.80035,38.74522],[36.60331,38.73035],[36.47131,38.65317],[36.42061,38.59772],[36.29706,38.5737],[36.26131,38.49733],[36.2613,38.44825],[36.32079,38.46605],[36.40268,38.4594],[36.49144,38.31633]]]}},{"type":"Feature","properties":{"gid":"TUR.47.13_1","name2":"Talas","engtype2":"District","type2":"District","provZh":"开塞利省"},"geometry":{"type":"Polygon","coordinates":[[[35.73783,38.75175],[35.67249,38.76991],[35.59087,38.75087],[35.53635,38.66571],[35.49368,38.64939],[35.47285,38.59632],[35.78572,38.6358],[35.79187,38.67251],[35.73783,38.75175]]]}},{"type":"Feature","properties":{"gid":"TUR.47.14_1","name2":"Tomarza","engtype2":"District","type2":"District","provZh":"开塞利省"},"geometry":{"type":"Polygon","coordinates":[[[36.2613,38.44825],[36.26131,38.49733],[36.29706,38.5737],[36.22824,38.59195],[36.01702,38.58848],[35.98353,38.63427],[35.94643,38.64142],[35.85559,38.6297],[35.79745,38.64355],[35.74392,38.61945],[35.58177,38.6081],[35.59233,38.56506],[35.68624,38.50085],[35.72086,38.40943],[35.7982,38.36326],[35.95046,38.37242],[36.09794,38.3236],[36.15378,38.40815],[36.2613,38.44825]]]}},{"type":"Feature","properties":{"gid":"TUR.47.15_1","name2":"Yahyalı","engtype2":"District","type2":"District","provZh":"开塞利省"},"geometry":{"type":"Polygon","coordinates":[[[35.58969,37.94585],[35.62722,37.96116],[35.68098,38.05966],[35.65758,38.09435],[35.672,38.15756],[35.62807,38.19696],[35.62508,38.27928],[35.39241,38.36295],[35.34796,38.40337],[35.28598,38.42322],[35.28459,38.38128],[35.32526,38.34976],[35.34341,38.30693],[35.25998,38.23994],[35.31267,38.15333],[35.31087,38.03141],[35.26578,37.9592],[35.43716,37.91958],[35.58969,37.94585]]]}},{"type":"Feature","properties":{"gid":"TUR.47.16_1","name2":"Yeşilhisar","engtype2":"District","type2":"District","provZh":"开塞利省"},"geometry":{"type":"Polygon","coordinates":[[[35.30623,38.51535],[35.0701,38.61354],[35.01802,38.56543],[34.92678,38.53825],[34.90729,38.47315],[34.92252,38.43228],[34.99368,38.42171],[35.06363,38.28226],[35.25998,38.23994],[35.34283,38.3013],[35.32526,38.34976],[35.28263,38.38889],[35.28419,38.48318],[35.30623,38.51535]]]}},{"type":"Feature","properties":{"gid":"TUR.48.1_1","name2":"Elbeyli","engtype2":"District","type2":"District","provZh":"基利斯省"},"geometry":{"type":"Polygon","coordinates":[[[37.44663,36.64141],[37.5085,36.6554],[37.43565,36.78143],[37.38172,36.80059],[37.3326,36.65558],[37.44663,36.64141]]]}},{"type":"Feature","properties":{"gid":"TUR.48.2_1","name2":"Merkez","engtype2":"District","type2":"District","provZh":"基利斯省"},"geometry":{"type":"Polygon","coordinates":[[[37.3326,36.65558],[37.38174,36.81223],[37.30325,36.84154],[37.28047,36.80565],[37.16941,36.76551],[37.08241,36.76823],[37.0279,36.79079],[37.01357,36.81506],[36.85614,36.81262],[36.80579,36.85262],[36.78261,36.82949],[36.78395,36.80652],[36.80418,36.79856],[36.94435,36.78124],[37.05604,36.72426],[37.02804,36.66058],[37.091,36.62365],[37.12684,36.66166],[37.3326,36.65558]]]}},{"type":"Feature","properties":{"gid":"TUR.48.3_1","name2":"Musabeyli","engtype2":"District","type2":"District","provZh":"基利斯省"},"geometry":{"type":"Polygon","coordinates":[[[36.80579,36.85262],[36.85614,36.81262],[36.9571,36.80368],[37.0477,36.82521],[37.11818,36.87642],[37.18547,36.98182],[37.137,37.00893],[37.01332,37.01048],[36.96165,36.98717],[36.90532,36.89907],[36.80579,36.85262]]]}},{"type":"Feature","properties":{"gid":"TUR.48.4_1","name2":"Polateli","engtype2":"District","type2":"District","provZh":"基利斯省"},"geometry":{"type":"Polygon","coordinates":[[[37.18547,36.98182],[37.11818,36.87642],[37.01357,36.81506],[37.02567,36.79249],[37.09366,36.76633],[37.18905,36.76622],[37.28712,36.81129],[37.30325,36.84154],[37.2363,36.86953],[37.18547,36.98182]]]}},{"type":"Feature","properties":{"gid":"TUR.49.1_1","name2":"Bahşılı","engtype2":"District","type2":"District","provZh":"克勒克卡莱省"},"geometry":{"type":"Polygon","coordinates":[[[33.27286,39.43471],[33.3882,39.44784],[33.42922,39.4755],[33.4358,39.50981],[33.40736,39.54648],[33.43129,39.62329],[33.32041,39.59496],[33.27286,39.43471]]]}},{"type":"Feature","properties":{"gid":"TUR.49.2_1","name2":"Balışeyh","engtype2":"District","type2":"District","provZh":"克勒克卡莱省"},"geometry":{"type":"Polygon","coordinates":[[[33.49989,39.83616],[33.51046,39.80074],[33.63594,39.75731],[33.67212,39.71767],[33.76651,39.75848],[33.82966,39.8068],[33.83378,39.84323],[33.90265,39.92712],[33.90457,40.05003],[33.89,40.0862],[33.61941,39.95834],[33.59972,39.88762],[33.49989,39.83616]]]}},{"type":"Feature","properties":{"gid":"TUR.49.3_1","name2":"Çelebi","engtype2":"District","type2":"District","provZh":"克勒克卡莱省"},"geometry":{"type":"Polygon","coordinates":[[[33.52802,39.2548],[33.58491,39.38109],[33.43805,39.43459],[33.36938,39.31717],[33.39027,39.27745],[33.36561,39.22563],[33.42593,39.15994],[33.52802,39.2548]]]}},{"type":"Feature","properties":{"gid":"TUR.49.4_1","name2":"Delice","engtype2":"District","type2":"District","provZh":"克勒克卡莱省"},"geometry":{"type":"Polygon","coordinates":[[[34.01605,40.24046],[33.89,40.0862],[33.90425,39.9331],[33.8298,39.82988],[33.82966,39.8068],[33.86063,39.78604],[33.97843,39.79443],[34.00286,39.7715],[34.04915,39.79139],[34.0689,39.80837],[34.05787,39.94542],[34.19862,40.03731],[34.10539,40.13115],[34.0812,40.22275],[34.01605,40.24046]]]}},{"type":"Feature","properties":{"gid":"TUR.49.5_1","name2":"Karakeçili","engtype2":"District","type2":"District","provZh":"克勒克卡莱省"},"geometry":{"type":"Polygon","coordinates":[[[33.28669,39.33039],[33.36938,39.31717],[33.44972,39.45845],[33.43904,39.48767],[33.39162,39.44874],[33.27286,39.43471],[33.23332,39.37669],[33.28669,39.33039]]]}},{"type":"Feature","properties":{"gid":"TUR.49.6_1","name2":"Keskin","engtype2":"District","type2":"District","provZh":"克勒克卡莱省"},"geometry":{"type":"Polygon","coordinates":[[[33.43904,39.48767],[33.45066,39.46373],[33.43805,39.43459],[33.58491,39.38109],[33.67957,39.44377],[33.76018,39.44463],[33.80137,39.51472],[33.85577,39.56327],[33.91082,39.70581],[34.00286,39.7715],[33.98476,39.79355],[33.87603,39.78341],[33.82966,39.8068],[33.67212,39.71767],[33.65645,39.6862],[33.4744,39.55434],[33.4358,39.50981],[33.43904,39.48767]]]}},{"type":"Feature","properties":{"gid":"TUR.49.7_1","name2":"Merkez","engtype2":"District","type2":"District","provZh":"克勒克卡莱省"},"geometry":{"type":"Polygon","coordinates":[[[33.4358,39.50981],[33.66,39.68962],[33.67212,39.71767],[33.65373,39.74492],[33.51806,39.79593],[33.47733,39.76678],[33.46665,39.6827],[33.40808,39.56175],[33.40989,39.53162],[33.4358,39.50981]]]}},{"type":"Feature","properties":{"gid":"TUR.49.8_1","name2":"Sulakyurt","engtype2":"District","type2":"District","provZh":"克勒克卡莱省"},"geometry":{"type":"Polygon","coordinates":[[[33.61941,39.95834],[33.89,40.0862],[34.01605,40.24046],[33.80622,40.28294],[33.72912,40.27841],[33.65274,40.20187],[33.59197,40.0944],[33.57568,40.03436],[33.61941,39.95834]]]}},{"type":"Feature","properties":{"gid":"TUR.49.9_1","name2":"Yahşihan","engtype2":"District","type2":"District","provZh":"克勒克卡莱省"},"geometry":{"type":"Polygon","coordinates":[[[33.32041,39.59496],[33.43129,39.62329],[33.46665,39.6827],[33.4718,39.75957],[33.51806,39.79593],[33.49989,39.83616],[33.43415,39.81399],[33.35625,39.75112],[33.31987,39.64878],[33.32041,39.59496]]]}},{"type":"Feature","properties":{"gid":"TUR.50.1_1","name2":"Babaeski","engtype2":"District","type2":"District","provZh":"克尔克拉雷利省"},"geometry":{"type":"Polygon","coordinates":[[[26.9193,41.46986],[27.06835,41.33597],[27.22522,41.34834],[27.22854,41.45234],[27.31581,41.56961],[27.23217,41.60357],[27.03517,41.62661],[27.00055,41.61641],[26.99712,41.54755],[26.9193,41.46986]]]}},{"type":"Feature","properties":{"gid":"TUR.50.2_1","name2":"Demirköy","engtype2":"District","type2":"District","provZh":"克尔克拉雷利省"},"geometry":{"type":"Polygon","coordinates":[[[27.54155,41.90752],[27.5287,41.8884],[27.54383,41.86121],[27.61761,41.79258],[27.74172,41.74555],[27.92689,41.7422],[28.09181,41.68642],[28.04097,41.73125],[27.97042,41.86236],[28.01042,41.89403],[28.05792,41.88319],[28.03134,41.98704],[27.90282,41.96857],[27.85189,41.99657],[27.81304,41.97978],[27.82744,41.94543],[27.8025,41.93573],[27.69262,41.97297],[27.66847,41.95261],[27.56857,41.93664],[27.56388,41.90142],[27.54155,41.90752]]]}},{"type":"Feature","properties":{"gid":"TUR.50.3_1","name2":"Kofçaz","engtype2":"District","type2":"District","provZh":"克尔克拉雷利省"},"geometry":{"type":"Polygon","coordinates":[[[27.2757,42.10507],[27.22977,42.10109],[27.20952,42.06494],[27.07774,42.09427],[27.02808,42.08117],[27.01955,42.05057],[26.98307,42.03323],[26.97305,41.97237],[27.02133,41.94414],[27.23408,41.90952],[27.33684,42.07545],[27.2757,42.10507]]]}},{"type":"Feature","properties":{"gid":"TUR.50.4_1","name2":"Lüleburgaz","engtype2":"District","type2":"District","provZh":"克尔克拉雷利省"},"geometry":{"type":"Polygon","coordinates":[[[27.22522,41.34834],[27.3774,41.31007],[27.47266,41.22649],[27.52094,41.22115],[27.55361,41.23656],[27.62787,41.3258],[27.68209,41.44124],[27.61191,41.45772],[27.58362,41.52187],[27.54288,41.54289],[27.31581,41.56961],[27.22854,41.45234],[27.22522,41.34834]]]}},{"type":"Feature","properties":{"gid":"TUR.50.5_1","name2":"Merkez","engtype2":"District","type2":"District","provZh":"克尔克拉雷利省"},"geometry":{"type":"Polygon","coordinates":[[[27.33684,42.07545],[27.23098,41.90835],[26.98358,41.96024],[26.95365,41.73678],[26.9096,41.67983],[26.91725,41.66006],[27.00055,41.61641],[27.06759,41.62723],[27.12892,41.60569],[27.23217,41.60357],[27.33082,41.5696],[27.3637,41.63852],[27.43381,41.719],[27.60006,41.80046],[27.53211,41.87958],[27.54155,41.90752],[27.51573,41.944],[27.44135,41.96992],[27.33684,42.07545]]]}},{"type":"Feature","properties":{"gid":"TUR.50.6_1","name2":"Pehlivanköy","engtype2":"District","type2":"District","provZh":"克尔克拉雷利省"},"geometry":{"type":"Polygon","coordinates":[[[26.90338,41.43114],[26.87963,41.37301],[26.9145,41.33307],[27.06835,41.33597],[26.9193,41.46986],[26.90338,41.43114]]]}},{"type":"Feature","properties":{"gid":"TUR.50.7_1","name2":"Pınarhisar","engtype2":"District","type2":"District","provZh":"克尔克拉雷利省"},"geometry":{"type":"Polygon","coordinates":[[[27.60006,41.80046],[27.43381,41.719],[27.3637,41.63852],[27.33082,41.5696],[27.54288,41.54289],[27.58362,41.52187],[27.61191,41.45772],[27.68209,41.44124],[27.67474,41.51621],[27.64916,41.56344],[27.67473,41.59941],[27.70172,41.7609],[27.60006,41.80046]]]}},{"type":"Feature","properties":{"gid":"TUR.50.8_1","name2":"Vize","engtype2":"District","type2":"District","provZh":"克尔克拉雷利省"},"geometry":{"type":"Polygon","coordinates":[[[27.70172,41.7609],[27.67473,41.59941],[27.64916,41.56344],[27.67474,41.51621],[27.67465,41.45775],[27.76388,41.50758],[27.86651,41.50082],[28.14958,41.58052],[28.09125,41.63847],[28.09014,41.66292],[28.10569,41.66875],[28.09181,41.68642],[27.92689,41.7422],[27.74956,41.74442],[27.70172,41.7609]]]}},{"type":"Feature","properties":{"gid":"TUR.51.1_1","name2":"Akçakent","engtype2":"District","type2":"District","provZh":"克尔谢希尔省"},"geometry":{"type":"Polygon","coordinates":[[[34.00286,39.7715],[33.91082,39.70581],[33.87395,39.62054],[34.01104,39.58499],[34.02347,39.55931],[34.00053,39.52478],[34.02111,39.50689],[34.14403,39.51556],[34.21711,39.59988],[34.23462,39.73669],[34.09143,39.8058],[34.00286,39.7715]]]}},{"type":"Feature","properties":{"gid":"TUR.51.2_1","name2":"Akpınar","engtype2":"District","type2":"District","provZh":"克尔谢希尔省"},"geometry":{"type":"Polygon","coordinates":[[[33.76018,39.44463],[33.84581,39.44232],[33.89963,39.39294],[33.97728,39.37407],[34.05375,39.31244],[34.14086,39.40004],[34.14403,39.51556],[34.02111,39.50689],[34.00053,39.52478],[34.02347,39.55931],[34.01104,39.58499],[33.87395,39.62054],[33.84275,39.54245],[33.80137,39.51472],[33.76018,39.44463]]]}},{"type":"Feature","properties":{"gid":"TUR.51.3_1","name2":"Boztepe","engtype2":"District","type2":"District","provZh":"克尔谢希尔省"},"geometry":{"type":"Polygon","coordinates":[[[34.37768,39.49221],[34.32738,39.44448],[34.32071,39.40001],[34.24981,39.27607],[34.25148,39.22532],[34.29275,39.17131],[34.42694,39.29073],[34.60925,39.32722],[34.61058,39.38051],[34.63941,39.4337],[34.52043,39.43619],[34.37768,39.49221]]]}},{"type":"Feature","properties":{"gid":"TUR.51.4_1","name2":"Çiçekdağı","engtype2":"District","type2":"District","provZh":"克尔谢希尔省"},"geometry":{"type":"Polygon","coordinates":[[[34.15907,39.52719],[34.24291,39.49314],[34.41314,39.48977],[34.53214,39.43432],[34.63941,39.4337],[34.6566,39.48661],[34.52943,39.5536],[34.54103,39.62704],[34.46853,39.6721],[34.42568,39.73306],[34.37278,39.74776],[34.22736,39.72931],[34.21711,39.59988],[34.15907,39.52719]]]}},{"type":"Feature","properties":{"gid":"TUR.51.5_1","name2":"Kaman","engtype2":"District","type2":"District","provZh":"克尔谢希尔省"},"geometry":{"type":"Polygon","coordinates":[[[33.8196,39.08685],[33.93985,39.13746],[34.02072,39.23708],[34.05375,39.31244],[33.97728,39.37407],[33.89963,39.39294],[33.84234,39.44362],[33.67631,39.44255],[33.58491,39.38109],[33.52802,39.2548],[33.59801,39.17142],[33.8196,39.08685]]]}},{"type":"Feature","properties":{"gid":"TUR.51.6_1","name2":"Merkez","engtype2":"District","type2":"District","provZh":"克尔谢希尔省"},"geometry":{"type":"Polygon","coordinates":[[[34.26257,38.79367],[34.30299,38.81588],[34.31091,38.86242],[34.3395,38.88554],[34.29409,38.93951],[34.323,39.04892],[34.29471,39.11455],[34.29275,39.17131],[34.25148,39.22532],[34.24981,39.27607],[34.32071,39.40001],[34.32738,39.44448],[34.37768,39.49221],[34.24291,39.49314],[34.15907,39.52719],[34.14403,39.51556],[34.14086,39.40004],[34.05375,39.31244],[34.02072,39.23708],[33.93044,39.12971],[33.8196,39.08685],[33.94088,39.03778],[33.9267,39.00811],[34.07766,38.90355],[34.17686,38.8821],[34.22198,38.81567],[34.26257,38.79367]]]}},{"type":"Feature","properties":{"gid":"TUR.51.7_1","name2":"Mucur","engtype2":"District","type2":"District","provZh":"克尔谢希尔省"},"geometry":{"type":"Polygon","coordinates":[[[34.29275,39.17131],[34.32377,39.03381],[34.29684,38.93173],[34.3395,38.88554],[34.47301,38.88665],[34.52081,38.9906],[34.57685,39.03012],[34.56758,39.07906],[34.63619,39.09708],[34.6253,39.17361],[34.69286,39.22026],[34.68673,39.26987],[34.754,39.35398],[34.72656,39.36092],[34.66176,39.31775],[34.57575,39.3283],[34.45987,39.30396],[34.33239,39.21984],[34.29275,39.17131]]]}},{"type":"Feature","properties":{"gid":"TUR.52.1_1","name2":"Derince","engtype2":"District","type2":"District","provZh":"科贾埃利省"},"geometry":{"type":"Polygon","coordinates":[[[29.81666,40.90667],[29.8548,40.90594],[29.90055,40.87612],[29.94344,40.90308],[29.92506,40.95496],[29.87767,40.9427],[29.81661,40.98321],[29.81666,40.90667]]]}},{"type":"Feature","properties":{"gid":"TUR.52.2_1","name2":"Gebze","engtype2":"District","type2":"District","provZh":"科贾埃利省"},"geometry":{"type":"Polygon","coordinates":[[[29.43375,40.97457],[29.41998,40.92051],[29.27931,40.83653],[29.26542,40.84264],[29.29264,40.83319],[29.25709,40.80264],[29.33181,40.81625],[29.35458,40.75514],[29.48931,40.78014],[29.57069,40.76597],[29.60153,40.77795],[29.52951,40.82633],[29.70107,40.88275],[29.7319,40.91046],[29.72929,40.93807],[29.68796,40.96892],[29.6928,41.02564],[29.61738,41.00874],[29.49618,41.03574],[29.48132,41.0007],[29.43375,40.97457]]]}},{"type":"Feature","properties":{"gid":"TUR.52.3_1","name2":"Gölcük","engtype2":"District","type2":"District","provZh":"科贾埃利省"},"geometry":{"type":"Polygon","coordinates":[[[29.86654,40.58979],[29.88938,40.64073],[29.8786,40.68183],[29.83653,40.7243],[29.68717,40.70542],[29.70733,40.59709],[29.78633,40.61341],[29.86654,40.58979]]]}},{"type":"Feature","properties":{"gid":"TUR.52.4_1","name2":"Kandıra","engtype2":"District","type2":"District","provZh":"科贾埃利省"},"geometry":{"type":"Polygon","coordinates":[[[29.85637,41.07195],[29.8865,41.00032],[30.0787,40.93531],[30.12006,40.88382],[30.1631,40.88168],[30.24622,40.91536],[30.34081,40.84393],[30.37483,40.8583],[30.3629,40.95033],[30.28901,41.01481],[30.32056,41.10097],[30.37822,41.14569],[30.37272,41.17635],[30.33125,41.20097],[30.27097,41.21292],[30.25097,41.18653],[30.22375,41.18625],[30.22597,41.1618],[30.15264,41.13764],[29.86344,41.14208],[29.88298,41.09218],[29.85637,41.07195]]]}},{"type":"Feature","properties":{"gid":"TUR.52.5_1","name2":"Karamürsel","engtype2":"District","type2":"District","provZh":"科贾埃利省"},"geometry":{"type":"Polygon","coordinates":[[[29.70733,40.59709],[29.68717,40.70542],[29.55653,40.68653],[29.50736,40.71736],[29.52153,40.7207],[29.51458,40.74125],[29.43294,40.67941],[29.431,40.56028],[29.57626,40.55675],[29.70733,40.59709]]]}},{"type":"Feature","properties":{"gid":"TUR.52.6_1","name2":"Körfez","engtype2":"District","type2":"District","provZh":"科贾埃利省"},"geometry":{"type":"Polygon","coordinates":[[[29.6928,41.02564],[29.68796,40.96892],[29.72929,40.93807],[29.72801,40.9024],[29.52951,40.82633],[29.60153,40.77795],[29.71097,40.77625],[29.76183,40.74792],[29.81496,40.84619],[29.80903,40.97034],[29.8698,41.02685],[29.84886,41.06918],[29.74873,41.05318],[29.6928,41.02564]]]}},{"type":"Feature","properties":{"gid":"TUR.52.7_1","name2":"Merkez","engtype2":"District","type2":"District","provZh":"科贾埃利省"},"geometry":{"type":"Polygon","coordinates":[[[29.92488,40.57753],[30.02677,40.57967],[30.24207,40.63608],[30.29944,40.7557],[30.29026,40.82116],[30.34081,40.84393],[30.25676,40.91355],[30.12686,40.88159],[30.0787,40.93531],[29.92843,40.97594],[29.8698,41.02685],[29.84721,41.01588],[29.81661,40.98321],[29.87767,40.9427],[29.92996,40.95169],[29.94221,40.89818],[29.90055,40.87612],[29.8548,40.90594],[29.81666,40.90667],[29.81443,40.8438],[29.76183,40.74792],[29.94014,40.7557],[29.93597,40.71903],[29.83653,40.72514],[29.8786,40.68183],[29.88938,40.64073],[29.86654,40.58979],[29.92488,40.57753]]]}},{"type":"Feature","properties":{"gid":"TUR.53.1_1","name2":"Ahırlı","engtype2":"District","type2":"District","provZh":"科尼亚省"},"geometry":{"type":"Polygon","coordinates":[[[32.0678,37.13567],[32.12192,37.15696],[32.13348,37.19245],[32.18352,37.23632],[32.20953,37.30416],[32.17682,37.34709],[32.12699,37.3633],[32.10378,37.24891],[31.99705,37.24824],[31.96748,37.28418],[31.93284,37.25582],[31.92243,37.23076],[32.0678,37.13567]]]}},{"type":"Feature","properties":{"gid":"TUR.53.2_1","name2":"Akören","engtype2":"District","type2":"District","provZh":"科尼亚省"},"geometry":{"type":"Polygon","coordinates":[[[32.20953,37.30416],[32.43164,37.2939],[32.41281,37.32664],[32.41717,37.39429],[32.56393,37.39798],[32.58651,37.42115],[32.54343,37.47633],[32.49529,37.49986],[32.28606,37.50245],[32.22785,37.45658],[32.1811,37.47477],[32.16797,37.5107],[32.14297,37.51236],[32.1273,37.503],[32.14248,37.40833],[32.12699,37.3633],[32.18471,37.34199],[32.20953,37.30416]]]}},{"type":"Feature","properties":{"gid":"TUR.53.3_1","name2":"Akşehir","engtype2":"District","type2":"District","provZh":"科尼亚省"},"geometry":{"type":"Polygon","coordinates":[[[31.25044,38.42662],[31.25562,38.36682],[31.52846,38.1774],[31.61096,38.24216],[31.68506,38.27145],[31.75411,38.33855],[31.72245,38.36241],[31.61411,38.38102],[31.46855,38.48116],[31.44198,38.52242],[31.25044,38.42662]]]}},{"type":"Feature","properties":{"gid":"TUR.53.4_1","name2":"Altınekin","engtype2":"District","type2":"District","provZh":"科尼亚省"},"geometry":{"type":"Polygon","coordinates":[[[33.30144,38.34705],[33.21119,38.36406],[33.03492,38.35372],[32.80154,38.44486],[32.71706,38.4229],[32.61081,38.42586],[32.56787,38.35159],[32.56522,38.28076],[32.58127,38.2476],[32.65662,38.24395],[32.75739,38.16951],[32.97721,38.08636],[33.09611,38.1258],[33.12821,38.2182],[33.18492,38.2459],[33.2402,38.24726],[33.30144,38.34705]]]}},{"type":"Feature","properties":{"gid":"TUR.53.5_1","name2":"Beyşehir","engtype2":"District","type2":"District","provZh":"科尼亚省"},"geometry":{"type":"Polygon","coordinates":[[[31.36582,37.54993],[31.34631,37.45702],[31.45404,37.45632],[31.55091,37.43314],[31.67788,37.52472],[31.8162,37.54319],[31.86154,37.58789],[31.93708,37.62343],[31.97427,37.67878],[32.00703,37.74608],[32.0047,37.86301],[31.98466,37.89988],[31.92757,37.90396],[31.86491,37.96707],[31.81651,37.9798],[31.77925,37.97218],[31.78165,37.92862],[31.74192,37.85608],[31.62033,37.78746],[31.43217,37.88123],[31.4523,37.85276],[31.45074,37.778],[31.36582,37.54993]]]}},{"type":"Feature","properties":{"gid":"TUR.53.6_1","name2":"Bozkır","engtype2":"District","type2":"District","provZh":"科尼亚省"},"geometry":{"type":"Polygon","coordinates":[[[32.09267,37.09482],[32.23913,36.99413],[32.27521,36.99081],[32.37149,37.05904],[32.51546,37.04876],[32.63191,37.076],[32.66709,37.13006],[32.5309,37.2093],[32.41666,37.21535],[32.43164,37.2939],[32.20953,37.30416],[32.18352,37.23632],[32.13348,37.19245],[32.12192,37.15696],[32.0678,37.13567],[32.09267,37.09482]]]}},{"type":"Feature","properties":{"gid":"TUR.53.7_1","name2":"Çeltik","engtype2":"District","type2":"District","provZh":"科尼亚省"},"geometry":{"type":"Polygon","coordinates":[[[31.67427,38.8838],[31.91792,38.94621],[32.12932,38.9371],[32.15903,38.962],[32.16072,39.03971],[32.08667,39.04151],[31.97331,39.10435],[31.90769,39.16459],[31.86067,39.168],[31.82911,39.10002],[31.75891,39.07554],[31.69689,39.09306],[31.70975,38.95982],[31.67427,38.8838]]]}},{"type":"Feature","properties":{"gid":"TUR.53.8_1","name2":"Cihanbeyli","engtype2":"District","type2":"District","provZh":"科尼亚省"},"geometry":{"type":"Polygon","coordinates":[[[33.37569,38.55639],[33.46504,38.63647],[33.36481,38.78368],[33.36156,38.84405],[33.27773,38.81869],[33.08094,38.80443],[33.02866,38.77632],[33.01351,38.86365],[32.95819,38.91489],[32.95591,38.99765],[32.94046,39.01443],[32.88591,39.02634],[32.79521,38.98289],[32.70269,39.03285],[32.57867,39.05162],[32.4786,38.99599],[32.43249,39.01103],[32.43405,38.93571],[32.5331,38.83838],[32.50281,38.7726],[32.46353,38.73583],[32.4629,38.68238],[32.51816,38.63584],[32.59284,38.61911],[32.58034,38.49331],[32.61081,38.42586],[32.71706,38.4229],[32.81218,38.44444],[33.03492,38.35372],[33.21119,38.36406],[33.30144,38.34705],[33.31812,38.4295],[33.37569,38.55639]]]}},{"type":"Feature","properties":{"gid":"TUR.53.9_1","name2":"Çumra","engtype2":"District","type2":"District","provZh":"科尼亚省"},"geometry":{"type":"Polygon","coordinates":[[[33.20131,37.45334],[33.15068,37.54097],[33.14569,37.61781],[33.11024,37.66109],[33.02405,37.6319],[32.94306,37.63195],[32.84657,37.66892],[32.77247,37.72182],[32.68454,37.73335],[32.61298,37.69082],[32.62264,37.62809],[32.59528,37.57571],[32.56619,37.58065],[32.51522,37.63597],[32.47599,37.60654],[32.47729,37.5246],[32.49725,37.49334],[32.54552,37.47449],[32.58582,37.41654],[32.56393,37.39798],[32.41491,37.39201],[32.41281,37.32664],[32.43164,37.2939],[32.41194,37.22275],[32.5309,37.2093],[32.59667,37.17335],[32.63989,37.28046],[32.7257,37.34799],[32.7953,37.3622],[32.87918,37.32136],[32.9238,37.37261],[33.06227,37.39095],[33.12006,37.4534],[33.20131,37.45334]]]}},{"type":"Feature","properties":{"gid":"TUR.53.10_1","name2":"Derbent","engtype2":"District","type2":"District","provZh":"科尼亚省"},"geometry":{"type":"Polygon","coordinates":[[[31.98466,37.89988],[32.13934,37.92523],[32.21757,38.00679],[32.23144,38.05806],[32.13911,38.09982],[32.09166,38.01735],[31.86491,37.96707],[31.92757,37.90396],[31.98466,37.89988]]]}},{"type":"Feature","properties":{"gid":"TUR.53.11_1","name2":"Derebucak","engtype2":"District","type2":"District","provZh":"科尼亚省"},"geometry":{"type":"Polygon","coordinates":[[[31.68376,37.32903],[31.66282,37.37056],[31.65864,37.45554],[31.62388,37.47322],[31.56663,37.4346],[31.34631,37.45702],[31.3233,37.42439],[31.37464,37.3703],[31.44935,37.34401],[31.68376,37.32903]]]}},{"type":"Feature","properties":{"gid":"TUR.53.12_1","name2":"Doğanhisar","engtype2":"District","type2":"District","provZh":"科尼亚省"},"geometry":{"type":"Polygon","coordinates":[[[31.53447,38.03794],[31.70785,37.96899],[31.76468,38.0516],[31.79696,38.13991],[31.72781,38.16995],[31.72034,38.22412],[31.68506,38.27145],[31.61944,38.2466],[31.52846,38.1774],[31.60006,38.13527],[31.61877,38.10568],[31.59928,38.06504],[31.53447,38.03794]]]}},{"type":"Feature","properties":{"gid":"TUR.53.13_1","name2":"Emirgazi","engtype2":"District","type2":"District","provZh":"科尼亚省"},"geometry":{"type":"Polygon","coordinates":[[[33.58126,37.94583],[33.67468,37.81614],[33.78452,37.7761],[33.85625,37.72811],[33.91002,37.7914],[33.92231,37.8373],[34.03368,37.84156],[34.1054,37.90389],[34.22374,37.94199],[34.14792,38.00719],[34.09369,38.01398],[33.78625,37.95703],[33.58126,37.94583]]]}},{"type":"Feature","properties":{"gid":"TUR.53.14_1","name2":"Ereğli","engtype2":"District","type2":"District","provZh":"科尼亚省"},"geometry":{"type":"Polygon","coordinates":[[[34.0189,37.25712],[34.06867,37.3401],[34.12183,37.38592],[34.16293,37.47371],[34.18394,37.47287],[34.21319,37.43526],[34.27113,37.42021],[34.38426,37.454],[34.39726,37.55559],[34.45324,37.64763],[34.45345,37.69588],[34.42095,37.74709],[34.22983,37.94069],[34.1054,37.90389],[34.03368,37.84156],[33.91965,37.83567],[33.8373,37.66543],[33.72614,37.60812],[33.84316,37.36032],[33.90502,37.32162],[33.93322,37.27245],[34.0189,37.25712]]]}},{"type":"Feature","properties":{"gid":"TUR.53.15_1","name2":"Güneysınır","engtype2":"District","type2":"District","provZh":"科尼亚省"},"geometry":{"type":"Polygon","coordinates":[[[32.90001,37.21376],[32.86349,37.26423],[32.87918,37.32136],[32.80479,37.35981],[32.76191,37.36166],[32.63989,37.28046],[32.59717,37.16708],[32.66709,37.13006],[32.6859,37.15751],[32.68357,37.20373],[32.71344,37.22117],[32.77597,37.23395],[32.90001,37.21376]]]}},{"type":"Feature","properties":{"gid":"TUR.53.16_1","name2":"Hadım","engtype2":"District","type2":"District","provZh":"科尼亚省"},"geometry":{"type":"Polygon","coordinates":[[[32.36327,36.84113],[32.39102,36.88088],[32.48556,36.90924],[32.68056,36.90672],[32.71168,36.89043],[32.7306,36.84718],[32.80972,36.91095],[32.62295,36.94621],[32.57236,36.98154],[32.56423,37.01301],[32.62911,37.07531],[32.51546,37.04876],[32.37149,37.05904],[32.32281,37.03815],[32.28467,36.99287],[32.23913,36.99413],[32.28305,36.85925],[32.36327,36.84113]]]}},{"type":"Feature","properties":{"gid":"TUR.53.17_1","name2":"Halkapınar","engtype2":"District","type2":"District","provZh":"科尼亚省"},"geometry":{"type":"Polygon","coordinates":[[[34.19761,37.17826],[34.49091,37.3101],[34.51411,37.33314],[34.48217,37.3956],[34.40847,37.45233],[34.27113,37.42021],[34.21319,37.43526],[34.18169,37.47453],[34.15742,37.47033],[34.12183,37.38592],[34.06867,37.3401],[34.0189,37.25712],[34.12291,37.23187],[34.19761,37.17826]]]}},{"type":"Feature","properties":{"gid":"TUR.53.18_1","name2":"Hüyük","engtype2":"District","type2":"District","provZh":"科尼亚省"},"geometry":{"type":"Polygon","coordinates":[[[31.42478,37.93121],[31.43217,37.88123],[31.61736,37.78724],[31.74192,37.85608],[31.78293,37.95139],[31.77925,37.97218],[31.71466,37.96139],[31.53447,38.03794],[31.44598,37.99868],[31.42478,37.93121]]]}},{"type":"Feature","properties":{"gid":"TUR.53.19_1","name2":"Ilgın","engtype2":"District","type2":"District","provZh":"科尼亚省"},"geometry":{"type":"Polygon","coordinates":[[[31.68506,38.27145],[31.72034,38.22412],[31.72781,38.16995],[31.79815,38.1345],[31.71236,37.96249],[31.8058,37.97961],[31.86491,37.96707],[32.09427,38.01872],[32.13911,38.09982],[32.09838,38.20636],[32.14433,38.31639],[32.14304,38.38113],[32.1006,38.45325],[32.09953,38.52752],[32.06433,38.53371],[31.99925,38.47033],[31.8812,38.4794],[31.8375,38.3722],[31.74371,38.33288],[31.68506,38.27145]]]}},{"type":"Feature","properties":{"gid":"TUR.53.20_1","name2":"Kadınhanı","engtype2":"District","type2":"District","provZh":"科尼亚省"},"geometry":{"type":"Polygon","coordinates":[[[32.23144,38.05806],[32.33144,38.09944],[32.29512,38.20637],[32.33803,38.28951],[32.34241,38.37509],[32.43935,38.4922],[32.30862,38.57167],[32.15742,38.6087],[32.09953,38.52752],[32.1006,38.45325],[32.14461,38.35677],[32.14274,38.3013],[32.10083,38.2211],[32.09937,38.17612],[32.13911,38.09982],[32.23144,38.05806]]]}},{"type":"Feature","properties":{"gid":"TUR.53.21_1","name2":"Karapınar","engtype2":"District","type2":"District","provZh":"科尼亚省"},"geometry":{"type":"Polygon","coordinates":[[[33.45435,37.93589],[33.36666,37.86938],[33.20258,37.78669],[33.11024,37.66109],[33.14569,37.61781],[33.15068,37.54097],[33.18266,37.47753],[33.30297,37.37523],[33.35382,37.37535],[33.3885,37.39729],[33.42148,37.47786],[33.4861,37.54192],[33.64541,37.60429],[33.76638,37.62187],[33.82322,37.65208],[33.85281,37.69153],[33.85625,37.72811],[33.6678,37.82209],[33.58126,37.94583],[33.45435,37.93589]]]}},{"type":"Feature","properties":{"gid":"TUR.53.22_1","name2":"Karatay","engtype2":"District","type2":"District","provZh":"科尼亚省"},"geometry":{"type":"Polygon","coordinates":[[[33.2402,38.24726],[33.18492,38.2459],[33.12821,38.2182],[33.10015,38.12988],[33.03497,38.10115],[33.00702,38.02858],[32.89309,37.982],[32.74213,37.9645],[32.63169,37.85868],[32.50342,37.81705],[32.5328,37.69938],[32.51522,37.63597],[32.55864,37.58694],[32.60442,37.5829],[32.62355,37.6395],[32.61298,37.69082],[32.6915,37.73477],[32.77247,37.72182],[32.84657,37.66892],[32.94306,37.63195],[33.02405,37.6319],[33.11024,37.66109],[33.20258,37.78669],[33.36666,37.86938],[33.45435,37.93589],[33.41341,37.95119],[33.36257,38.00362],[33.24311,38.20158],[33.2402,38.24726]]]}},{"type":"Feature","properties":{"gid":"TUR.53.23_1","name2":"Kulu","engtype2":"District","type2":"District","provZh":"科尼亚省"},"geometry":{"type":"Polygon","coordinates":[[[33.03202,39.17877],[32.95983,39.12577],[32.89255,39.15433],[32.83475,39.15233],[32.70269,39.03285],[32.79521,38.98289],[32.88591,39.02634],[32.94812,39.00956],[32.95819,38.91489],[33.01351,38.86365],[33.02866,38.77632],[33.08094,38.80443],[33.27773,38.81869],[33.36156,38.84405],[33.37404,39.03791],[33.1878,39.27683],[33.11525,39.22088],[33.05777,39.2206],[33.03202,39.17877]]]}},{"type":"Feature","properties":{"gid":"TUR.53.24_1","name2":"Meram","engtype2":"District","type2":"District","provZh":"科尼亚省"},"geometry":{"type":"Polygon","coordinates":[[[32.49529,37.49986],[32.47396,37.53279],[32.47316,37.59776],[32.51522,37.63597],[32.5328,37.69938],[32.48735,37.82967],[32.26432,37.84268],[32.20958,37.91667],[32.15831,37.94537],[32.11193,37.91285],[31.98466,37.89988],[32.00724,37.85383],[32.00793,37.75567],[31.97754,37.68938],[32.07578,37.64689],[32.11753,37.50695],[32.16538,37.51229],[32.1811,37.47477],[32.22785,37.45658],[32.28606,37.50245],[32.49529,37.49986]]]}},{"type":"Feature","properties":{"gid":"TUR.53.25_1","name2":"Sarayönü","engtype2":"District","type2":"District","provZh":"科尼亚省"},"geometry":{"type":"Polygon","coordinates":[[[32.61081,38.42586],[32.58034,38.49331],[32.59284,38.61911],[32.5116,38.6391],[32.43803,38.70779],[32.38876,38.71053],[32.37143,38.66278],[32.42939,38.60315],[32.3686,38.54189],[32.43935,38.4922],[32.34241,38.37509],[32.33803,38.28951],[32.29512,38.20637],[32.33144,38.09944],[32.41258,38.11072],[32.57468,38.19956],[32.5654,38.34284],[32.61081,38.42586]]]}},{"type":"Feature","properties":{"gid":"TUR.53.26_1","name2":"Selçuklu","engtype2":"District","type2":"District","provZh":"科尼亚省"},"geometry":{"type":"Polygon","coordinates":[[[32.58127,38.2476],[32.57468,38.19956],[32.52727,38.16144],[32.23144,38.05806],[32.21757,38.00679],[32.15831,37.94537],[32.20958,37.91667],[32.26432,37.84268],[32.46083,37.8401],[32.50342,37.81705],[32.63169,37.85868],[32.74213,37.9645],[32.89309,37.982],[33.01386,38.03645],[33.03497,38.10115],[32.96714,38.08828],[32.75739,38.16951],[32.65662,38.24395],[32.58127,38.2476]]]}},{"type":"Feature","properties":{"gid":"TUR.53.27_1","name2":"Seydişehir","engtype2":"District","type2":"District","provZh":"科尼亚省"},"geometry":{"type":"Polygon","coordinates":[[[31.92243,37.23076],[31.9987,37.31021],[32.11197,37.33493],[32.14193,37.39922],[32.1273,37.503],[32.09933,37.5415],[32.07944,37.6417],[32.03963,37.67396],[31.97754,37.68938],[31.93708,37.62343],[31.86154,37.58789],[31.8162,37.54319],[31.70491,37.53506],[31.60967,37.47642],[31.65864,37.45554],[31.66282,37.37056],[31.68376,37.32903],[31.79836,37.31302],[31.92243,37.23076]]]}},{"type":"Feature","properties":{"gid":"TUR.53.28_1","name2":"Taşkent","engtype2":"District","type2":"District","provZh":"科尼亚省"},"geometry":{"type":"Polygon","coordinates":[[[32.47058,36.75113],[32.60805,36.78462],[32.7306,36.84718],[32.72381,36.873],[32.65662,36.90918],[32.46925,36.90853],[32.38524,36.87725],[32.36327,36.84113],[32.42239,36.8246],[32.47058,36.75113]]]}},{"type":"Feature","properties":{"gid":"TUR.53.29_1","name2":"Tuzlukçu","engtype2":"District","type2":"District","provZh":"科尼亚省"},"geometry":{"type":"Polygon","coordinates":[[[31.44198,38.52242],[31.46855,38.48116],[31.61411,38.38102],[31.72245,38.36241],[31.75411,38.33855],[31.8375,38.3722],[31.8812,38.4794],[31.84657,38.50522],[31.81008,38.58708],[31.71292,38.64401],[31.44198,38.52242]]]}},{"type":"Feature","properties":{"gid":"TUR.53.30_1","name2":"Yalıhüyük","engtype2":"District","type2":"District","provZh":"科尼亚省"},"geometry":{"type":"Polygon","coordinates":[[[32.11197,37.33493],[32.00802,37.31446],[31.96748,37.28418],[31.99705,37.24824],[32.10044,37.24771],[32.11197,37.33493]]]}},{"type":"Feature","properties":{"gid":"TUR.53.31_1","name2":"Yunak","engtype2":"District","type2":"District","provZh":"科尼亚省"},"geometry":{"type":"Polygon","coordinates":[[[31.6196,38.80728],[31.58946,38.72564],[31.61078,38.67497],[31.67928,38.6326],[31.72323,38.64208],[31.80576,38.59094],[31.84657,38.50522],[31.8812,38.4794],[31.98491,38.46869],[32.06433,38.53371],[32.09953,38.52752],[32.15742,38.6087],[32.2516,38.59376],[32.3686,38.54189],[32.38852,38.55338],[32.42934,38.61423],[32.37272,38.66047],[32.37207,38.68964],[32.40458,38.7142],[32.46154,38.6954],[32.46353,38.73583],[32.50281,38.7726],[32.5331,38.83838],[32.43405,38.93571],[32.43249,39.01103],[32.29445,39.0681],[32.16072,39.03971],[32.15903,38.962],[32.13273,38.93833],[31.90647,38.94427],[31.67427,38.8838],[31.6196,38.80728]]]}},{"type":"Feature","properties":{"gid":"TUR.54.1_1","name2":"Altıntaş","engtype2":"District","type2":"District","provZh":"屈塔希亚省"},"geometry":{"type":"Polygon","coordinates":[[[30.26079,39.07954],[30.20845,39.09928],[30.13565,39.17787],[30.02159,39.19539],[30.00744,39.16607],[29.92808,39.12701],[29.85842,39.04895],[29.70756,38.9551],[29.73537,38.88187],[29.82647,38.85629],[29.86271,38.85515],[29.91651,38.91282],[29.99062,38.91092],[30.01353,38.87169],[30.06656,38.90063],[30.17114,38.90256],[30.26079,39.07954]]]}},{"type":"Feature","properties":{"gid":"TUR.54.2_1","name2":"Aslanapa","engtype2":"District","type2":"District","provZh":"屈塔希亚省"},"geometry":{"type":"Polygon","coordinates":[[[30.02159,39.19539],[29.83868,39.29398],[29.70927,39.39528],[29.66203,39.36714],[29.63789,39.31113],[29.69649,39.1498],[29.62771,39.10449],[29.70756,38.9551],[29.85842,39.04895],[29.92808,39.12701],[30.00744,39.16607],[30.02159,39.19539]]]}},{"type":"Feature","properties":{"gid":"TUR.54.3_1","name2":"Çavdarhisar","engtype2":"District","type2":"District","provZh":"屈塔希亚省"},"geometry":{"type":"Polygon","coordinates":[[[29.67674,39.22746],[29.57936,39.22554],[29.46724,39.16663],[29.54283,39.10408],[29.62771,39.10449],[29.69649,39.1498],[29.67674,39.22746]]]}},{"type":"Feature","properties":{"gid":"TUR.54.4_1","name2":"Domaniç","engtype2":"District","type2":"District","provZh":"屈塔希亚省"},"geometry":{"type":"Polygon","coordinates":[[[29.67701,39.90554],[29.54712,39.89198],[29.43925,39.92212],[29.40682,39.90653],[29.34582,39.79927],[29.44961,39.76984],[29.51304,39.71752],[29.67128,39.72014],[29.72285,39.74099],[29.68674,39.82541],[29.69292,39.8797],[29.67701,39.90554]]]}},{"type":"Feature","properties":{"gid":"TUR.54.5_1","name2":"Dumlupınar","engtype2":"District","type2":"District","provZh":"屈塔希亚省"},"geometry":{"type":"Polygon","coordinates":[[[29.97549,38.7422],[30.10216,38.80749],[30.17114,38.90256],[30.06656,38.90063],[30.01353,38.87169],[29.98767,38.91212],[29.9012,38.9066],[29.86271,38.85515],[29.89125,38.79012],[29.89437,38.70968],[29.97549,38.7422]]]}},{"type":"Feature","properties":{"gid":"TUR.54.6_1","name2":"Emet","engtype2":"District","type2":"District","provZh":"屈塔希亚省"},"geometry":{"type":"Polygon","coordinates":[[[29.66203,39.36714],[29.62008,39.37867],[29.53897,39.35543],[29.44467,39.37012],[29.38663,39.39967],[29.33974,39.45728],[29.15145,39.49539],[29.08636,39.45574],[29.02493,39.32934],[29.02364,39.27496],[29.34538,39.24956],[29.35182,39.22016],[29.30279,39.12963],[29.46724,39.16663],[29.57936,39.22554],[29.67674,39.22746],[29.63843,39.2869],[29.66203,39.36714]]]}},{"type":"Feature","properties":{"gid":"TUR.54.7_1","name2":"Gediz","engtype2":"District","type2":"District","provZh":"屈塔希亚省"},"geometry":{"type":"Polygon","coordinates":[[[29.70756,38.9551],[29.62771,39.10449],[29.54283,39.10408],[29.46724,39.16663],[29.20387,39.11158],[29.1728,39.0834],[29.24423,39.02906],[29.24434,38.96127],[29.185,38.88386],[29.11416,38.8465],[29.06469,38.7793],[29.03658,38.77081],[29.03649,38.7277],[29.23379,38.73334],[29.27779,38.77217],[29.59393,38.87585],[29.7347,38.8866],[29.70756,38.9551]]]}},{"type":"Feature","properties":{"gid":"TUR.54.8_1","name2":"Hisarcık","engtype2":"District","type2":"District","provZh":"屈塔希亚省"},"geometry":{"type":"Polygon","coordinates":[[[29.02364,39.27496],[29.0236,39.19988],[29.04604,39.16371],[29.20387,39.11158],[29.30279,39.12963],[29.35339,39.22604],[29.33858,39.25145],[29.02364,39.27496]]]}},{"type":"Feature","properties":{"gid":"TUR.54.9_1","name2":"Merkez","engtype2":"District","type2":"District","provZh":"屈塔希亚省"},"geometry":{"type":"Polygon","coordinates":[[[30.45333,39.206],[30.41479,39.28709],[30.31715,39.36788],[30.31461,39.48348],[30.13921,39.62137],[30.187,39.69671],[30.12015,39.70448],[29.95983,39.68158],[29.7977,39.71835],[29.76354,39.69486],[29.76591,39.65212],[29.6879,39.55537],[29.68479,39.52509],[29.7416,39.42271],[29.70927,39.39528],[29.83091,39.29939],[30.02159,39.19539],[30.13565,39.17787],[30.20845,39.09928],[30.26079,39.07954],[30.38464,39.12632],[30.4337,39.16427],[30.45333,39.206]]]}},{"type":"Feature","properties":{"gid":"TUR.54.10_1","name2":"Pazarlar","engtype2":"District","type2":"District","provZh":"屈塔希亚省"},"geometry":{"type":"Polygon","coordinates":[[[29.14688,39.0358],[29.0821,39.00708],[29.02668,38.95018],[29.00778,38.89135],[29.03285,38.85133],[29.11875,38.89765],[29.11344,38.98886],[29.14688,39.0358]]]}},{"type":"Feature","properties":{"gid":"TUR.54.11_1","name2":"Şaphane","engtype2":"District","type2":"District","provZh":"屈塔希亚省"},"geometry":{"type":"Polygon","coordinates":[[[29.1728,39.0834],[29.11344,38.98886],[29.11875,38.89765],[29.03285,38.85133],[29.03658,38.77081],[29.06469,38.7793],[29.11416,38.8465],[29.185,38.88386],[29.24434,38.96127],[29.24423,39.02906],[29.1728,39.0834]]]}},{"type":"Feature","properties":{"gid":"TUR.54.12_1","name2":"Simav","engtype2":"District","type2":"District","provZh":"屈塔希亚省"},"geometry":{"type":"Polygon","coordinates":[[[28.66138,39.23371],[28.66219,39.16383],[28.68806,39.12692],[28.90327,39.06487],[28.9746,38.98312],[29.00738,38.90746],[29.07524,39.00117],[29.14688,39.0358],[29.20387,39.11158],[29.17118,39.13254],[29.09252,39.13946],[29.03976,39.17078],[29.02245,39.20866],[29.02314,39.32053],[29.08313,39.44947],[29.02439,39.46315],[28.94058,39.51982],[28.89848,39.39],[28.8358,39.31776],[28.78441,39.27854],[28.66138,39.23371]]]}},{"type":"Feature","properties":{"gid":"TUR.54.13_1","name2":"Tavşanlı","engtype2":"District","type2":"District","provZh":"屈塔希亚省"},"geometry":{"type":"Polygon","coordinates":[[[28.94058,39.51982],[29.05767,39.45098],[29.08313,39.44947],[29.1445,39.49371],[29.19165,39.49569],[29.33974,39.45728],[29.38663,39.39967],[29.44467,39.37012],[29.53897,39.35543],[29.62008,39.37867],[29.66203,39.36714],[29.74067,39.41468],[29.68475,39.54758],[29.76591,39.65212],[29.76354,39.69486],[29.7977,39.71835],[29.72285,39.74099],[29.65692,39.71727],[29.51304,39.71752],[29.44961,39.76984],[29.34582,39.79927],[29.26708,39.69276],[29.22945,39.55765],[29.09232,39.54361],[28.96331,39.58926],[28.93494,39.55087],[28.94058,39.51982]]]}},{"type":"Feature","properties":{"gid":"TUR.55.1_1","name2":"Akçadağ","engtype2":"District","type2":"District","provZh":"马拉蒂亚省"},"geometry":{"type":"Polygon","coordinates":[[[37.74516,38.17406],[37.92177,38.1859],[37.99518,38.17091],[38.07148,38.25386],[38.10884,38.37075],[38.20512,38.4611],[38.21263,38.4924],[37.91695,38.49979],[37.73884,38.46208],[37.66317,38.36879],[37.77383,38.31009],[37.77407,38.22706],[37.74516,38.17406]]]}},{"type":"Feature","properties":{"gid":"TUR.55.2_1","name2":"Arapkir","engtype2":"District","type2":"District","provZh":"马拉蒂亚省"},"geometry":{"type":"Polygon","coordinates":[[[38.68187,39.00463],[38.63535,39.06856],[38.52343,39.11494],[38.31821,39.13974],[38.24178,39.09991],[38.32841,39.07112],[38.33367,38.9502],[38.40522,38.9362],[38.39549,38.873],[38.52008,38.74551],[38.62973,38.75021],[38.63132,38.87654],[38.5877,38.97869],[38.61319,39.0108],[38.68187,39.00463]]]}},{"type":"Feature","properties":{"gid":"TUR.55.3_1","name2":"Arguvan","engtype2":"District","type2":"District","provZh":"马拉蒂亚省"},"geometry":{"type":"Polygon","coordinates":[[[38.52008,38.74551],[38.39549,38.873],[38.40522,38.9362],[38.33367,38.9502],[38.3217,39.0768],[38.24178,39.09991],[38.17368,39.07107],[38.05405,39.07035],[38.1182,39.01346],[38.18055,38.84232],[38.19665,38.74216],[38.14586,38.66174],[38.27424,38.65936],[38.34734,38.58619],[38.46236,38.72851],[38.52008,38.74551]]]}},{"type":"Feature","properties":{"gid":"TUR.55.4_1","name2":"Battalgazi","engtype2":"District","type2":"District","provZh":"马拉蒂亚省"},"geometry":{"type":"Polygon","coordinates":[[[38.42989,38.47503],[38.3478,38.4738],[38.28922,38.44361],[38.36769,38.37115],[38.61858,38.3837],[38.6767,38.39457],[38.68425,38.41203],[38.42989,38.47503]]]}},{"type":"Feature","properties":{"gid":"TUR.55.5_1","name2":"Darende","engtype2":"District","type2":"District","provZh":"马拉蒂亚省"},"geometry":{"type":"Polygon","coordinates":[[[37.66317,38.36879],[37.7458,38.46511],[37.71717,38.52985],[37.72034,38.59469],[37.82109,38.70299],[37.77513,38.73036],[37.67614,38.73447],[37.62491,38.76527],[37.56138,38.7741],[37.48601,38.70621],[37.29308,38.59969],[37.27408,38.5544],[37.19103,38.48547],[37.206,38.45841],[37.45554,38.45201],[37.66317,38.36879]]]}},{"type":"Feature","properties":{"gid":"TUR.55.6_1","name2":"Doğanşehir","engtype2":"District","type2":"District","provZh":"马拉蒂亚省"},"geometry":{"type":"Polygon","coordinates":[[[38.13482,38.08944],[38.12768,38.12519],[38.03208,38.12981],[37.99518,38.17091],[37.95031,38.18383],[37.74516,38.17406],[37.69513,38.03312],[37.55815,37.80869],[37.66351,37.83534],[37.73729,37.83413],[37.7695,37.86635],[37.82437,37.88146],[37.97327,37.8602],[38.18105,37.91896],[38.13482,38.08944]]]}},{"type":"Feature","properties":{"gid":"TUR.55.7_1","name2":"Doğanyol","engtype2":"District","type2":"District","provZh":"马拉蒂亚省"},"geometry":{"type":"Polygon","coordinates":[[[39.11914,38.33826],[38.98743,38.31937],[38.89743,38.25206],[38.88762,38.2269],[39.11174,38.18469],[39.14227,38.27322],[39.11914,38.33826]]]}},{"type":"Feature","properties":{"gid":"TUR.55.8_1","name2":"Hekimhan","engtype2":"District","type2":"District","provZh":"马拉蒂亚省"},"geometry":{"type":"Polygon","coordinates":[[[37.98924,38.49924],[37.99282,38.56223],[38.08339,38.64447],[38.14586,38.66174],[38.19665,38.74216],[38.18055,38.84232],[38.12056,39.00848],[38.05405,39.07035],[37.92864,39.05635],[37.79088,39.00296],[37.72492,39.00208],[37.78732,38.90925],[37.77844,38.85282],[37.83718,38.74735],[37.81665,38.69645],[37.71795,38.58954],[37.71717,38.52985],[37.7458,38.46511],[37.98924,38.49924]]]}},{"type":"Feature","properties":{"gid":"TUR.55.9_1","name2":"Kale","engtype2":"District","type2":"District","provZh":"马拉蒂亚省"},"geometry":{"type":"Polygon","coordinates":[[[38.68425,38.41203],[38.67959,38.33728],[38.7744,38.26881],[38.80765,38.27687],[38.86945,38.36578],[38.82174,38.4044],[38.68425,38.41203]]]}},{"type":"Feature","properties":{"gid":"TUR.55.10_1","name2":"Kuluncak","engtype2":"District","type2":"District","provZh":"马拉蒂亚省"},"geometry":{"type":"Polygon","coordinates":[[[37.82109,38.70299],[37.83477,38.76421],[37.77844,38.85282],[37.78732,38.90925],[37.72492,39.00208],[37.58314,39.00691],[37.55111,38.94095],[37.59632,38.83657],[37.57393,38.77638],[37.67614,38.73447],[37.77513,38.73036],[37.82109,38.70299]]]}},{"type":"Feature","properties":{"gid":"TUR.55.11_1","name2":"Merkez","engtype2":"District","type2":"District","provZh":"马拉蒂亚省"},"geometry":{"type":"Polygon","coordinates":[[[38.55239,38.22588],[38.68652,38.1979],[38.7744,38.26881],[38.68124,38.33467],[38.6767,38.39457],[38.36046,38.37202],[38.28984,38.4411],[38.32468,38.46615],[38.25169,38.48619],[38.21263,38.4924],[38.20512,38.4611],[38.12372,38.38382],[38.36202,38.21046],[38.3986,38.19963],[38.55239,38.22588]]]}},{"type":"Feature","properties":{"gid":"TUR.55.12_1","name2":"Pötürge","engtype2":"District","type2":"District","provZh":"马拉蒂亚省"},"geometry":{"type":"Polygon","coordinates":[[[39.11174,38.18469],[38.89053,38.22233],[38.89268,38.24752],[38.96862,38.30895],[38.86945,38.36578],[38.80328,38.2731],[38.7744,38.26881],[38.69332,38.19976],[38.63445,38.19917],[38.61963,38.16443],[38.56251,38.12689],[38.64349,38.09237],[38.85888,38.09243],[39.03559,38.12833],[39.11174,38.18469]]]}},{"type":"Feature","properties":{"gid":"TUR.55.13_1","name2":"Yazıhan","engtype2":"District","type2":"District","provZh":"马拉蒂亚省"},"geometry":{"type":"Polygon","coordinates":[[[38.34734,38.58619],[38.27085,38.66059],[38.12291,38.66026],[37.99282,38.56223],[37.98924,38.49924],[38.18308,38.49915],[38.32468,38.46615],[38.42989,38.47503],[38.3793,38.51231],[38.34734,38.58619]]]}},{"type":"Feature","properties":{"gid":"TUR.55.14_1","name2":"Yeşilyurt","engtype2":"District","type2":"District","provZh":"马拉蒂亚省"},"geometry":{"type":"Polygon","coordinates":[[[38.3986,38.19963],[38.3512,38.21631],[38.12372,38.38382],[38.09388,38.34753],[38.07148,38.25386],[37.99518,38.17091],[38.03208,38.12981],[38.12768,38.12519],[38.13482,38.08944],[38.3986,38.19963]]]}},{"type":"Feature","properties":{"gid":"TUR.56.1_1","name2":"Ahmetli","engtype2":"District","type2":"District","provZh":"马尼萨省"},"geometry":{"type":"Polygon","coordinates":[[[27.98455,38.39087],[27.96962,38.45768],[28.00055,38.53511],[27.97139,38.5835],[27.9747,38.61517],[27.88598,38.66336],[27.82202,38.63016],[27.85263,38.4617],[27.9287,38.36758],[27.98455,38.39087]]]}},{"type":"Feature","properties":{"gid":"TUR.56.2_1","name2":"Akhisar","engtype2":"District","type2":"District","provZh":"马尼萨省"},"geometry":{"type":"Polygon","coordinates":[[[27.96442,39.23108],[27.92295,39.15347],[27.87099,39.13731],[27.87198,39.08915],[27.74094,39.0327],[27.67548,39.03283],[27.62968,39.06046],[27.56441,39.01022],[27.5054,39.01989],[27.49016,38.98343],[27.50979,38.91835],[27.69605,38.87947],[27.76195,38.7917],[27.79127,38.77739],[27.96243,38.77381],[28.0744,38.74875],[28.07885,38.82051],[28.14899,38.89519],[28.16619,39.04268],[28.11262,39.06286],[28.05702,39.17236],[27.96442,39.23108]]]}},{"type":"Feature","properties":{"gid":"TUR.56.3_1","name2":"Alaşehir","engtype2":"District","type2":"District","provZh":"马尼萨省"},"geometry":{"type":"Polygon","coordinates":[[[28.63799,38.11223],[28.64911,38.15455],[28.70451,38.17891],[28.66616,38.25505],[28.74574,38.29408],[28.82545,38.36696],[28.69594,38.42351],[28.67155,38.39615],[28.50878,38.45166],[28.48048,38.54839],[28.40127,38.47508],[28.3229,38.443],[28.25851,38.3266],[28.44,38.29229],[28.53578,38.12613],[28.55995,38.10866],[28.63799,38.11223]]]}},{"type":"Feature","properties":{"gid":"TUR.56.4_1","name2":"Demirci","engtype2":"District","type2":"District","provZh":"马尼萨省"},"geometry":{"type":"Polygon","coordinates":[[[28.50297,39.14003],[28.48171,39.1123],[28.4923,39.03152],[28.3974,38.82378],[28.4632,38.74815],[28.42726,38.68156],[28.56917,38.69301],[28.66093,38.66977],[28.67485,38.71634],[28.66191,38.76834],[28.68731,38.80437],[28.78349,38.83615],[28.83183,38.87768],[28.93763,38.89107],[29.01068,38.87326],[28.9746,38.98312],[28.88612,39.07522],[28.70793,39.11395],[28.62764,39.18074],[28.50297,39.14003]]]}},{"type":"Feature","properties":{"gid":"TUR.56.5_1","name2":"Gölmarmara","engtype2":"District","type2":"District","provZh":"马尼萨省"},"geometry":{"type":"Polygon","coordinates":[[[27.9747,38.61517],[28.02054,38.61694],[28.11169,38.6883],[28.11786,38.73037],[27.96243,38.77381],[27.87695,38.76696],[27.85554,38.68935],[27.90855,38.63881],[27.9747,38.61517]]]}},{"type":"Feature","properties":{"gid":"TUR.56.6_1","name2":"Gördes","engtype2":"District","type2":"District","provZh":"马尼萨省"},"geometry":{"type":"Polygon","coordinates":[[[28.16619,39.04268],[28.14899,38.89519],[28.07659,38.81458],[28.0744,38.74875],[28.11786,38.73037],[28.2256,38.73994],[28.24541,38.78812],[28.2927,38.82615],[28.41413,38.84481],[28.43953,38.93672],[28.4931,39.0341],[28.48171,39.1123],[28.50297,39.14003],[28.16619,39.04268]]]}},{"type":"Feature","properties":{"gid":"TUR.56.7_1","name2":"Kırkağaç","engtype2":"District","type2":"District","provZh":"马尼萨省"},"geometry":{"type":"Polygon","coordinates":[[[27.79146,39.35729],[27.7614,39.34567],[27.74789,39.31623],[27.77498,39.23417],[27.76936,39.18819],[27.62855,39.13533],[27.62968,39.06046],[27.67188,39.03382],[27.74765,39.03454],[27.87198,39.08915],[27.87099,39.13731],[27.92295,39.15347],[27.96442,39.23108],[27.90641,39.23003],[27.88351,39.25306],[27.91714,39.32901],[27.89658,39.35721],[27.88154,39.34558],[27.79146,39.35729]]]}},{"type":"Feature","properties":{"gid":"TUR.56.8_1","name2":"Köprübaşı","engtype2":"District","type2":"District","provZh":"马尼萨省"},"geometry":{"type":"Polygon","coordinates":[[[28.41413,38.84481],[28.29896,38.82926],[28.24261,38.78285],[28.24064,38.75158],[28.30458,38.645],[28.33928,38.61776],[28.41625,38.6456],[28.46334,38.74282],[28.39761,38.81894],[28.41413,38.84481]]]}},{"type":"Feature","properties":{"gid":"TUR.56.9_1","name2":"Kula","engtype2":"District","type2":"District","provZh":"马尼萨省"},"geometry":{"type":"Polygon","coordinates":[[[28.82545,38.36696],[28.8555,38.38863],[28.84107,38.52634],[28.87878,38.63742],[28.56917,38.69301],[28.5028,38.69087],[28.47154,38.66193],[28.45173,38.61784],[28.49424,38.52341],[28.50388,38.45509],[28.67155,38.39615],[28.69594,38.42351],[28.82545,38.36696]]]}},{"type":"Feature","properties":{"gid":"TUR.56.10_1","name2":"Merkez","engtype2":"District","type2":"District","provZh":"马尼萨省"},"geometry":{"type":"Polygon","coordinates":[[[27.12454,38.77974],[27.22968,38.74163],[27.28,38.57215],[27.33833,38.58829],[27.45794,38.56348],[27.55931,38.48932],[27.61655,38.47005],[27.62974,38.53202],[27.68284,38.58082],[27.67677,38.61454],[27.63091,38.63236],[27.58843,38.69695],[27.46753,38.75754],[27.48384,38.81032],[27.47291,38.83292],[27.37004,38.92685],[27.16815,38.89171],[27.12454,38.77974]]]}},{"type":"Feature","properties":{"gid":"TUR.56.11_1","name2":"Salihli","engtype2":"District","type2":"District","provZh":"马尼萨省"},"geometry":{"type":"Polygon","coordinates":[[[28.25851,38.3266],[28.3229,38.443],[28.40127,38.47508],[28.48048,38.54839],[28.45131,38.62611],[28.4892,38.6815],[28.42726,38.68156],[28.41204,38.64162],[28.34231,38.61695],[28.30458,38.645],[28.24064,38.75158],[28.11786,38.73037],[28.11169,38.6883],[28.02054,38.61694],[27.9747,38.61517],[27.97139,38.5835],[28.00055,38.53511],[27.97101,38.46608],[27.97192,38.40645],[27.98455,38.39087],[28.13305,38.40009],[28.16123,38.36078],[28.25851,38.3266]]]}},{"type":"Feature","properties":{"gid":"TUR.56.12_1","name2":"Sarıgöl","engtype2":"District","type2":"District","provZh":"马尼萨省"},"geometry":{"type":"Polygon","coordinates":[[[28.71974,38.09927],[28.78945,38.1419],[28.80159,38.21888],[28.92095,38.26545],[28.82543,38.35532],[28.66309,38.25011],[28.70451,38.17891],[28.64911,38.15455],[28.63799,38.11223],[28.71974,38.09927]]]}},{"type":"Feature","properties":{"gid":"TUR.56.13_1","name2":"Saruhanlı","engtype2":"District","type2":"District","provZh":"马尼萨省"},"geometry":{"type":"Polygon","coordinates":[[[27.37004,38.92685],[27.47291,38.83292],[27.48384,38.81032],[27.46753,38.75754],[27.58379,38.70056],[27.63819,38.62714],[27.67677,38.61454],[27.75724,38.63505],[27.82202,38.63016],[27.88598,38.66336],[27.85271,38.69664],[27.87772,38.73218],[27.87695,38.76696],[27.76632,38.78823],[27.69605,38.87947],[27.51195,38.91658],[27.49035,39.00826],[27.37004,38.92685]]]}},{"type":"Feature","properties":{"gid":"TUR.56.14_1","name2":"Selendi","engtype2":"District","type2":"District","provZh":"马尼萨省"},"geometry":{"type":"Polygon","coordinates":[[[29.03658,38.77081],[29.01812,38.87334],[28.93763,38.89107],[28.83183,38.87768],[28.78349,38.83615],[28.68031,38.79897],[28.66191,38.76834],[28.67485,38.71634],[28.66093,38.66977],[28.88397,38.63789],[29.03649,38.7277],[29.03658,38.77081]]]}},{"type":"Feature","properties":{"gid":"TUR.56.15_1","name2":"Soma","engtype2":"District","type2":"District","provZh":"马尼萨省"},"geometry":{"type":"Polygon","coordinates":[[[27.40769,39.38152],[27.45877,39.29547],[27.47096,39.17188],[27.50439,39.11766],[27.5054,39.01989],[27.57351,39.01447],[27.62968,39.06046],[27.63663,39.14503],[27.75388,39.17316],[27.77373,39.19506],[27.74754,39.30802],[27.7614,39.34567],[27.74641,39.35732],[27.68631,39.34651],[27.61609,39.35918],[27.50943,39.41467],[27.40769,39.38152]]]}},{"type":"Feature","properties":{"gid":"TUR.56.16_1","name2":"Turgutlu","engtype2":"District","type2":"District","provZh":"马尼萨省"},"geometry":{"type":"Polygon","coordinates":[[[27.82133,38.35077],[27.87138,38.33321],[27.9287,38.36758],[27.85263,38.4617],[27.82202,38.63016],[27.75724,38.63505],[27.67677,38.61454],[27.68284,38.58082],[27.62974,38.53202],[27.61655,38.47005],[27.74542,38.44566],[27.82133,38.35077]]]}},{"type":"Feature","properties":{"gid":"TUR.57.1_1","name2":"Dargeçit","engtype2":"District","type2":"District","provZh":"马尔丁省"},"geometry":{"type":"Polygon","coordinates":[[[41.57319,37.57748],[41.61404,37.5359],[41.66796,37.52589],[41.74073,37.46834],[41.90201,37.49836],[41.94922,37.52552],[41.93355,37.5859],[41.95734,37.63767],[41.87389,37.74025],[41.68647,37.67587],[41.57319,37.57748]]]}},{"type":"Feature","properties":{"gid":"TUR.57.2_1","name2":"Derik","engtype2":"District","type2":"District","provZh":"马尔丁省"},"geometry":{"type":"Polygon","coordinates":[[[39.88137,37.55633],[39.94049,37.41439],[40.118,37.12317],[40.35167,37.16007],[40.43231,37.20691],[40.47029,37.25994],[40.46111,37.32729],[40.34816,37.37046],[40.30483,37.43202],[40.18089,37.45377],[40.15004,37.50622],[40.20662,37.56686],[40.19595,37.57341],[40.09449,37.58913],[40.0173,37.55631],[39.88137,37.55633]]]}},{"type":"Feature","properties":{"gid":"TUR.57.3_1","name2":"Kızıltepe","engtype2":"District","type2":"District","provZh":"马尔丁省"},"geometry":{"type":"Polygon","coordinates":[[[40.89041,37.12463],[40.85406,37.1481],[40.81574,37.24412],[40.74248,37.33532],[40.68303,37.3574],[40.49285,37.34286],[40.46111,37.32729],[40.47249,37.26462],[40.4211,37.19931],[40.32458,37.15002],[40.118,37.12317],[40.13234,37.0234],[40.17618,36.95328],[40.25517,36.91613],[40.43814,37.0088],[40.54627,37.02671],[40.70782,37.09766],[40.78173,37.12058],[40.85047,37.10662],[40.89041,37.12463]]]}},{"type":"Feature","properties":{"gid":"TUR.57.4_1","name2":"Mazıdağı","engtype2":"District","type2":"District","provZh":"马尔丁省"},"geometry":{"type":"Polygon","coordinates":[[[40.20662,37.56686],[40.15004,37.50622],[40.18089,37.45377],[40.29863,37.43521],[40.34816,37.37046],[40.46111,37.32729],[40.59883,37.35625],[40.55389,37.43795],[40.58298,37.45967],[40.64328,37.4653],[40.67199,37.49666],[40.6344,37.572],[40.5161,37.65042],[40.41819,37.64589],[40.28041,37.56923],[40.20662,37.56686]]]}},{"type":"Feature","properties":{"gid":"TUR.57.5_1","name2":"Merkez","engtype2":"District","type2":"District","provZh":"马尔丁省"},"geometry":{"type":"Polygon","coordinates":[[[41.26865,37.07849],[41.22256,37.1717],[41.10702,37.28678],[41.00591,37.31862],[40.96838,37.38388],[40.90676,37.36792],[40.85766,37.37667],[40.85616,37.4162],[40.91213,37.43827],[40.89722,37.48485],[40.67199,37.49666],[40.64328,37.4653],[40.58298,37.45967],[40.55389,37.43795],[40.59883,37.35625],[40.70507,37.35675],[40.73819,37.33997],[40.81574,37.24412],[40.86994,37.12795],[41.16974,37.09224],[41.21841,37.0636],[41.26865,37.07849]]]}},{"type":"Feature","properties":{"gid":"TUR.57.6_1","name2":"Midyat","engtype2":"District","type2":"District","provZh":"马尔丁省"},"geometry":{"type":"Polygon","coordinates":[[[41.18901,37.5568],[41.11106,37.51392],[41.12491,37.48545],[41.22361,37.43504],[41.35163,37.29877],[41.39944,37.28743],[41.465,37.30929],[41.59385,37.31077],[41.64781,37.33222],[41.74266,37.3234],[41.74073,37.46834],[41.66796,37.52589],[41.61404,37.5359],[41.57319,37.57748],[41.44612,37.55443],[41.18901,37.5568]]]}},{"type":"Feature","properties":{"gid":"TUR.57.7_1","name2":"Nusaybin","engtype2":"District","type2":"District","provZh":"马尔丁省"},"geometry":{"type":"Polygon","coordinates":[[[41.86924,37.13902],[41.88708,37.21833],[41.8483,37.30718],[41.77228,37.28817],[41.74266,37.3234],[41.64781,37.33222],[41.59385,37.31077],[41.465,37.30929],[41.38874,37.28704],[41.27236,37.35651],[41.18979,37.34747],[41.14523,37.36662],[41.12439,37.35547],[41.10702,37.28678],[41.22256,37.1717],[41.26865,37.07849],[41.55814,37.08523],[41.86924,37.13902]]]}},{"type":"Feature","properties":{"gid":"TUR.57.8_1","name2":"Ömerli","engtype2":"District","type2":"District","provZh":"马尔丁省"},"geometry":{"type":"Polygon","coordinates":[[[40.91213,37.43827],[40.96574,37.40736],[41.00058,37.32269],[41.09337,37.28936],[41.10702,37.28678],[41.13831,37.36587],[41.30832,37.3402],[41.22361,37.43504],[41.14239,37.46927],[41.11106,37.51392],[41.04243,37.4863],[40.92723,37.47319],[40.89722,37.48485],[40.91213,37.43827]]]}},{"type":"Feature","properties":{"gid":"TUR.57.9_1","name2":"Savur","engtype2":"District","type2":"District","provZh":"马尔丁省"},"geometry":{"type":"Polygon","coordinates":[[[41.05179,37.73957],[40.79023,37.71808],[40.71583,37.76158],[40.60205,37.78768],[40.543,37.73339],[40.5161,37.65042],[40.6344,37.572],[40.67199,37.49666],[40.82368,37.49578],[40.92723,37.47319],[41.04243,37.4863],[41.18901,37.5568],[41.05428,37.71387],[41.05179,37.73957]]]}},{"type":"Feature","properties":{"gid":"TUR.57.10_1","name2":"Yeşilli","engtype2":"District","type2":"District","provZh":"马尔丁省"},"geometry":{"type":"Polygon","coordinates":[[[40.96838,37.38388],[40.96156,37.4119],[40.919,37.43728],[40.8658,37.42327],[40.85061,37.40216],[40.87567,37.36845],[40.96838,37.38388]]]}},{"type":"Feature","properties":{"gid":"TUR.58.1_1","name2":"Anamur","engtype2":"District","type2":"District","provZh":"梅尔辛省"},"geometry":{"type":"Polygon","coordinates":[[[32.56602,36.09986],[32.67931,36.03847],[32.80292,36.01542],[32.86875,36.07069],[32.93097,36.0882],[32.90587,36.13807],[32.90711,36.20628],[32.99289,36.28079],[33.01272,36.38097],[33.04523,36.41183],[32.94186,36.45362],[32.81647,36.4311],[32.65814,36.44608],[32.63582,36.3836],[32.64681,36.28603],[32.63269,36.22589],[32.60037,36.13913],[32.56602,36.09986]]]}},{"type":"Feature","properties":{"gid":"TUR.58.2_1","name2":"Aydıncık","engtype2":"District","type2":"District","provZh":"梅尔辛省"},"geometry":{"type":"Polygon","coordinates":[[[33.22133,36.12903],[33.30292,36.1307],[33.35236,36.1543],[33.40292,36.12542],[33.44208,36.14847],[33.45915,36.19473],[33.42469,36.24322],[33.28286,36.29966],[33.14145,36.28619],[33.13074,36.27986],[33.16896,36.25948],[33.21622,36.17648],[33.22133,36.12903]]]}},{"type":"Feature","properties":{"gid":"TUR.58.3_1","name2":"Bozyazı","engtype2":"District","type2":"District","provZh":"梅尔辛省"},"geometry":{"type":"Polygon","coordinates":[[[32.93329,36.09153],[32.95014,36.10375],[33.05181,36.09486],[33.08153,36.06958],[33.13319,36.13514],[33.22133,36.12903],[33.21857,36.17128],[33.17244,36.25515],[33.10269,36.30698],[33.09933,36.38087],[33.07618,36.40305],[33.04523,36.41183],[33.01561,36.38634],[33.00642,36.30173],[32.90711,36.20628],[32.90587,36.13807],[32.93329,36.09153]]]}},{"type":"Feature","properties":{"gid":"TUR.58.4_1","name2":"Çamlıyayla","engtype2":"District","type2":"District","provZh":"梅尔辛省"},"geometry":{"type":"Polygon","coordinates":[[[34.31917,37.22197],[34.35365,37.16205],[34.40682,37.1209],[34.56342,37.11625],[34.57349,37.06725],[34.61379,37.06904],[34.66164,37.02758],[34.72328,37.0334],[34.77472,36.99033],[34.79901,36.99625],[34.7758,37.04652],[34.8135,37.07649],[34.79686,37.12329],[34.63706,37.19669],[34.51411,37.33314],[34.31917,37.22197]]]}},{"type":"Feature","properties":{"gid":"TUR.58.5_1","name2":"Erdemli","engtype2":"District","type2":"District","provZh":"梅尔辛省"},"geometry":{"type":"Polygon","coordinates":[[[33.82322,37.04771],[33.82698,36.87156],[34.0749,36.59265],[34.09963,36.4907],[34.16708,36.46597],[34.27847,36.58569],[34.43375,36.66819],[34.43507,36.73176],[34.39613,36.75741],[34.34196,36.84084],[34.1875,36.91646],[34.14274,36.97613],[34.13889,37.07024],[34.16624,37.1551],[34.08533,37.13005],[33.98976,37.12669],[33.82322,37.04771]]]}},{"type":"Feature","properties":{"gid":"TUR.58.6_1","name2":"Gülnar","engtype2":"District","type2":"District","provZh":"梅尔辛省"},"geometry":{"type":"Polygon","coordinates":[[[32.9606,36.451],[33.09238,36.39121],[33.10269,36.30698],[33.13074,36.27986],[33.20678,36.30286],[33.30998,36.28944],[33.42909,36.23983],[33.45915,36.19473],[33.44551,36.15375],[33.54264,36.14292],[33.54097,36.12486],[33.56653,36.13125],[33.6709,36.28549],[33.66068,36.30993],[33.57182,36.35711],[33.57731,36.43651],[33.49285,36.44505],[33.43338,36.48532],[33.33675,36.51093],[33.19942,36.52266],[32.9606,36.451]]]}},{"type":"Feature","properties":{"gid":"TUR.58.7_1","name2":"Merkez","engtype2":"District","type2":"District","provZh":"梅尔辛省"},"geometry":{"type":"Polygon","coordinates":[[[34.17581,37.1595],[34.13889,37.07024],[34.14274,36.97613],[34.1875,36.91646],[34.34196,36.84084],[34.39613,36.75741],[34.43507,36.73176],[34.43375,36.6707],[34.5607,36.76847],[34.65403,36.80764],[34.82046,36.7946],[34.73252,36.91039],[34.65065,36.94704],[34.62935,37.0019],[34.57587,37.04308],[34.56664,37.11509],[34.40682,37.1209],[34.35365,37.16205],[34.31917,37.22197],[34.17581,37.1595]]]}},{"type":"Feature","properties":{"gid":"TUR.58.8_1","name2":"Mut","engtype2":"District","type2":"District","provZh":"梅尔辛省"},"geometry":{"type":"Polygon","coordinates":[[[33.21321,36.52261],[33.33675,36.51093],[33.43338,36.48532],[33.49285,36.44505],[33.57731,36.43651],[33.6457,36.45903],[33.68567,36.50396],[33.75866,36.65129],[33.61523,36.83917],[33.52961,37.00298],[33.38568,36.99815],[33.11584,36.85239],[32.96185,36.80922],[33.04,36.67696],[33.21758,36.58371],[33.23061,36.55921],[33.21321,36.52261]]]}},{"type":"Feature","properties":{"gid":"TUR.58.9_1","name2":"Silifke","engtype2":"District","type2":"District","provZh":"梅尔辛省"},"geometry":{"type":"Polygon","coordinates":[[[33.64284,37.04773],[33.52961,37.00298],[33.61523,36.83917],[33.75977,36.646],[33.68245,36.49926],[33.6457,36.45903],[33.57731,36.43651],[33.56702,36.41024],[33.5831,36.34244],[33.67131,36.29375],[33.59246,36.17597],[33.65292,36.19264],[33.68458,36.13347],[33.69847,36.17375],[33.80903,36.24014],[33.81486,36.27375],[33.84097,36.27514],[33.83236,36.28514],[33.86792,36.31569],[33.93764,36.28959],[33.9632,36.23208],[33.99708,36.30403],[34.04347,36.29486],[34.07681,36.32403],[34.08209,36.41514],[34.16486,36.4668],[34.0952,36.49429],[34.0749,36.59265],[33.82698,36.87156],[33.82322,37.04771],[33.74061,37.0267],[33.64284,37.04773]]]}},{"type":"Feature","properties":{"gid":"TUR.58.10_1","name2":"Tarsus","engtype2":"District","type2":"District","provZh":"梅尔辛省"},"geometry":{"type":"Polygon","coordinates":[[[34.85844,37.26168],[34.78333,37.396],[34.69614,37.39399],[34.5998,37.35137],[34.50988,37.34932],[34.53576,37.29973],[34.63706,37.19669],[34.79686,37.12329],[34.8135,37.07649],[34.7758,37.04652],[34.79298,36.99001],[34.72328,37.0334],[34.66164,37.02758],[34.61379,37.06904],[34.57349,37.06725],[34.57443,37.04807],[34.62935,37.0019],[34.65065,36.94704],[34.73252,36.91039],[34.82056,36.7943],[34.87931,36.7632],[34.90958,36.72375],[34.94982,36.75402],[35.0348,36.771],[35.06958,36.85265],[35.05463,36.97039],[35.00079,37.04146],[34.92519,37.08969],[34.85844,37.26168]]]}},{"type":"Feature","properties":{"gid":"TUR.59.1_1","name2":"Bodrum","engtype2":"District","type2":"District","provZh":"穆拉省"},"geometry":{"type":"MultiPolygon","coordinates":[[[[27.43014,36.99708],[27.44569,36.96986],[27.49264,36.96736],[27.43014,36.99708]]],[[[27.61663,37.13547],[27.53736,37.12875],[27.47014,37.0807],[27.43042,37.12847],[27.38708,37.12014],[27.37653,37.13403],[27.39042,37.14486],[27.36486,37.15708],[27.34375,37.1307],[27.32514,37.16014],[27.31431,37.11625],[27.27347,37.14069],[27.26403,37.12014],[27.25264,37.12875],[27.25458,37.11153],[27.28847,37.12042],[27.2932,37.10792],[27.23875,37.08319],[27.22541,37.05764],[27.25014,37.03125],[27.25486,36.97625],[27.28597,36.95764],[27.34042,36.99847],[27.33097,37.01458],[27.38264,37.02653],[27.37625,36.99875],[27.39597,37.02931],[27.41264,37.0168],[27.4243,37.03569],[27.48292,36.98625],[27.51847,36.99514],[27.56458,36.97458],[27.57403,36.99375],[27.63736,36.97764],[27.64875,36.99847],[27.72948,37.00042],[27.75295,37.04015],[27.68635,37.10905],[27.67953,37.15071],[27.61663,37.13547]]]]}},{"type":"Feature","properties":{"gid":"TUR.59.2_1","name2":"Dalaman","engtype2":"District","type2":"District","provZh":"穆拉省"},"geometry":{"type":"MultiPolygon","coordinates":[[[[28.91764,36.68125],[28.91486,36.65431],[28.93958,36.67375],[28.91764,36.68125]]],[[[29.05719,37.07381],[29.06336,37.10435],[29.02203,37.06472],[29.03086,37.01951],[28.98445,36.95546],[28.7925,36.84419],[28.79041,36.76749],[28.76285,36.69625],[28.80653,36.66903],[28.79403,36.65042],[28.8182,36.65931],[28.85125,36.63764],[28.82431,36.62569],[28.84569,36.5882],[28.90847,36.64847],[28.87792,36.64792],[28.87347,36.63347],[28.85014,36.6432],[28.86625,36.65403],[28.85097,36.66153],[28.86903,36.67097],[28.86458,36.69708],[28.90931,36.70542],[28.89431,36.71208],[28.92986,36.73431],[28.92181,36.75153],[28.95563,36.80566],[29.01875,36.85091],[29.19095,36.88718],[29.09512,36.97053],[29.05719,37.07381]]]]}},{"type":"Feature","properties":{"gid":"TUR.59.3_1","name2":"Datça","engtype2":"District","type2":"District","provZh":"穆拉省"},"geometry":{"type":"Polygon","coordinates":[[[28.10246,36.80425],[28.05597,36.81681],[28.06042,36.80097],[28.03181,36.78764],[27.81541,36.81292],[27.71958,36.78403],[27.64042,36.81097],[27.60986,36.76403],[27.47959,36.74986],[27.46431,36.76236],[27.42625,36.74681],[27.40708,36.70403],[27.36236,36.70958],[27.36208,36.68653],[27.47708,36.64708],[27.51403,36.67736],[27.57348,36.68486],[27.67875,36.65764],[27.68653,36.72542],[27.73069,36.7632],[27.93042,36.74209],[27.95597,36.76097],[28.0143,36.75847],[28.04625,36.78486],[28.05125,36.75958],[28.10246,36.80425]]]}},{"type":"Feature","properties":{"gid":"TUR.59.4_1","name2":"Fethiye","engtype2":"District","type2":"District","provZh":"穆拉省"},"geometry":{"type":"Polygon","coordinates":[[[29.67679,36.88271],[29.68426,36.919],[29.65859,36.95922],[29.62463,36.99751],[29.55725,37.02561],[29.51177,37.02421],[29.44612,36.96439],[29.39666,36.95005],[29.40831,37.02463],[29.38776,37.07609],[29.33765,37.041],[29.32965,36.95889],[29.26201,36.88136],[29.14918,36.88769],[29.01875,36.85091],[28.9508,36.80131],[28.92363,36.75153],[28.99597,36.7082],[29.02042,36.71542],[29.01319,36.7043],[29.0332,36.70792],[29.05542,36.68097],[29.09208,36.67875],[29.1218,36.64792],[29.11181,36.6232],[29.08875,36.62042],[29.10181,36.64097],[29.07764,36.64625],[29.07542,36.61431],[29.04014,36.61986],[29.02236,36.58597],[29.04681,36.55819],[29.00847,36.54347],[29.05347,36.53875],[29.04931,36.55847],[29.08625,36.56514],[29.09709,36.54514],[29.12375,36.54486],[29.12597,36.49653],[29.1007,36.47458],[29.12486,36.46153],[29.13347,36.42792],[29.10125,36.38709],[29.14542,36.37819],[29.1382,36.35986],[29.16486,36.34097],[29.22625,36.32875],[29.26236,36.30097],[29.29876,36.31876],[29.32709,36.44232],[29.57402,36.61486],[29.60499,36.77915],[29.67679,36.88271]]]}},{"type":"Feature","properties":{"gid":"TUR.59.5_1","name2":"Kavaklıdere","engtype2":"District","type2":"District","provZh":"穆拉省"},"geometry":{"type":"Polygon","coordinates":[[[28.25306,37.57573],[28.18698,37.52161],[28.30467,37.43005],[28.34121,37.38102],[28.41773,37.34277],[28.45409,37.36116],[28.51649,37.49518],[28.43415,37.50763],[28.31209,37.58508],[28.25306,37.57573]]]}},{"type":"Feature","properties":{"gid":"TUR.59.6_1","name2":"Köyceğiz","engtype2":"District","type2":"District","provZh":"穆拉省"},"geometry":{"type":"Polygon","coordinates":[[[29.0395,37.13828],[28.9283,37.20683],[28.87419,37.16852],[28.61069,37.14135],[28.50086,37.01355],[28.40793,36.96223],[28.37302,36.905],[28.37136,36.85207],[28.40291,36.86653],[28.43292,36.85764],[28.45569,36.87931],[28.46931,36.86153],[28.45125,36.82403],[28.49819,36.81792],[28.48958,36.79903],[28.53236,36.78569],[28.52931,36.80792],[28.55514,36.83236],[28.61119,36.80097],[28.62911,36.853],[28.65789,36.875],[28.7925,36.84419],[29.0,36.97068],[29.03086,37.01951],[29.02203,37.06472],[29.06336,37.10435],[29.0395,37.13828]]]}},{"type":"Feature","properties":{"gid":"TUR.59.7_1","name2":"Marmaris","engtype2":"District","type2":"District","provZh":"穆拉省"},"geometry":{"type":"MultiPolygon","coordinates":[[[[28.05292,36.73459],[28.04514,36.72514],[28.06653,36.73375],[28.05292,36.73459]]],[[[28.05931,36.81625],[28.12903,36.7982],[28.13292,36.75625],[28.11236,36.77458],[28.08431,36.74764],[28.12958,36.72597],[28.09903,36.70514],[28.08542,36.71764],[28.09792,36.72681],[28.06125,36.72319],[27.96347,36.68431],[28.02403,36.66791],[28.04125,36.69292],[28.05042,36.6732],[28.07236,36.67542],[28.05264,36.65764],[28.0682,36.65569],[28.05708,36.63542],[28.07208,36.66042],[28.09569,36.64514],[28.06236,36.60486],[27.96319,36.60708],[27.97875,36.55375],[28.01792,36.56458],[28.01097,36.57625],[28.03542,36.56292],[28.06625,36.59514],[28.09514,36.58486],[28.16375,36.68431],[28.22431,36.68819],[28.26153,36.73292],[28.30347,36.73014],[28.29181,36.74903],[28.2693,36.74708],[28.24903,36.77264],[28.25653,36.79181],[28.23292,36.80431],[28.26847,36.85264],[28.31542,36.8268],[28.26569,36.81403],[28.28597,36.79042],[28.31403,36.79486],[28.31125,36.81708],[28.39819,36.78458],[28.42736,36.82958],[28.37136,36.85207],[28.37302,36.905],[28.39456,36.9379],[28.30787,36.97529],[28.26796,37.01603],[28.24514,37.00319],[28.25347,36.99097],[28.21569,36.99875],[28.19736,36.98264],[28.21597,36.97653],[28.19125,36.94042],[28.15819,36.94541],[28.16792,36.90681],[28.15903,36.92653],[28.09958,36.94042],[28.0207,36.92569],[28.04375,36.91014],[28.0143,36.90569],[28.05903,36.87875],[28.00014,36.85347],[28.03125,36.83903],[28.00236,36.83514],[28.05597,36.83375],[28.05931,36.81625]]]]}},{"type":"Feature","properties":{"gid":"TUR.59.8_1","name2":"Merkez","engtype2":"District","type2":"District","provZh":"穆拉省"},"geometry":{"type":"Polygon","coordinates":[[[28.51649,37.49518],[28.45409,37.36116],[28.14846,37.23613],[28.07156,37.17898],[28.0677,37.14361],[28.00143,37.06532],[27.99208,37.02792],[28.08764,37.02875],[28.09986,37.01181],[28.11569,37.01542],[28.10097,37.03458],[28.32014,37.05014],[28.31559,37.08562],[28.37714,37.14359],[28.62853,37.18004],[28.69547,37.17733],[28.71543,37.14996],[28.88161,37.17018],[28.9283,37.20683],[28.78622,37.24434],[28.74401,37.35529],[28.62403,37.38253],[28.61044,37.4749],[28.51649,37.49518]]]}},{"type":"Feature","properties":{"gid":"TUR.59.9_1","name2":"Milas","engtype2":"District","type2":"District","provZh":"穆拉省"},"geometry":{"type":"MultiPolygon","coordinates":[[[[27.53292,37.16458],[27.48986,37.14125],[27.52875,37.14125],[27.53292,37.16458]]],[[[27.93691,37.44746],[27.6986,37.49718],[27.50274,37.57399],[27.44499,37.50557],[27.41486,37.4157],[27.43264,37.38125],[27.39153,37.36542],[27.38292,37.33903],[27.43236,37.30181],[27.47069,37.3193],[27.47125,37.34431],[27.4932,37.33181],[27.48736,37.29319],[27.45431,37.25542],[27.51847,37.27681],[27.52236,37.25042],[27.49875,37.23736],[27.5107,37.22764],[27.53486,37.25153],[27.55236,37.24486],[27.54097,37.25403],[27.55681,37.27764],[27.61292,37.27986],[27.57542,37.21403],[27.61486,37.18792],[27.57458,37.17903],[27.59347,37.19347],[27.57069,37.21153],[27.55486,37.19292],[27.52625,37.19403],[27.54653,37.18431],[27.54153,37.15403],[27.56097,37.15458],[27.5507,37.13514],[27.57736,37.13363],[27.67735,37.15273],[27.68635,37.10905],[27.75295,37.04015],[27.73292,36.9932],[27.79958,36.99486],[27.89292,37.02847],[27.95181,37.01653],[28.00024,37.02777],[27.99982,37.06274],[28.0677,37.14361],[28.07156,37.17898],[27.92508,37.29746],[27.90733,37.35358],[27.93691,37.44746]]]]}},{"type":"Feature","properties":{"gid":"TUR.59.10_1","name2":"Ortaca","engtype2":"District","type2":"District","provZh":"穆拉省"},"geometry":{"type":"Polygon","coordinates":[[[28.79207,36.78356],[28.7925,36.84419],[28.6545,36.87374],[28.6097,36.81825],[28.63097,36.77819],[28.61292,36.7593],[28.63347,36.75736],[28.60708,36.73375],[28.62431,36.72764],[28.61764,36.70375],[28.64792,36.72181],[28.67014,36.69153],[28.72736,36.71181],[28.76285,36.69625],[28.79207,36.78356]]]}},{"type":"Feature","properties":{"gid":"TUR.59.11_1","name2":"Ula","engtype2":"District","type2":"District","provZh":"穆拉省"},"geometry":{"type":"Polygon","coordinates":[[[28.71543,37.14996],[28.69547,37.17733],[28.62853,37.18004],[28.37344,37.1426],[28.31559,37.08562],[28.32986,37.02986],[28.26796,37.01603],[28.30787,36.97529],[28.39456,36.9379],[28.43167,36.98198],[28.50086,37.01355],[28.59936,37.13507],[28.71543,37.14996]]]}},{"type":"Feature","properties":{"gid":"TUR.59.12_1","name2":"Yatağan","engtype2":"District","type2":"District","provZh":"穆拉省"},"geometry":{"type":"Polygon","coordinates":[[[27.93483,37.45955],[27.90733,37.35358],[27.92508,37.29746],[28.07156,37.17898],[28.14846,37.23613],[28.41773,37.34277],[28.33618,37.38432],[28.30467,37.43005],[28.18698,37.52161],[28.14274,37.47233],[27.93483,37.45955]]]}},{"type":"Feature","properties":{"gid":"TUR.60.1_1","name2":"Bulanık","engtype2":"District","type2":"District","provZh":"穆什省"},"geometry":{"type":"Polygon","coordinates":[[[42.52886,38.93929],[42.54862,39.0103],[42.40904,39.12128],[42.3664,39.22226],[42.19929,39.29954],[42.07096,39.22108],[41.83883,39.16224],[41.91348,39.12103],[41.94842,39.08057],[41.94949,39.04942],[41.92182,39.04411],[41.95062,38.99114],[41.9405,38.94304],[41.98301,38.9186],[42.13997,38.87032],[42.31691,38.93747],[42.48959,38.92668],[42.52886,38.93929]]]}},{"type":"Feature","properties":{"gid":"TUR.60.2_1","name2":"Hasköy","engtype2":"District","type2":"District","provZh":"穆什省"},"geometry":{"type":"Polygon","coordinates":[[[42.06134,38.71339],[41.76187,38.7496],[41.69752,38.62864],[41.71906,38.60184],[41.8745,38.5926],[42.02082,38.66788],[42.06134,38.71339]]]}},{"type":"Feature","properties":{"gid":"TUR.60.3_1","name2":"Korkut","engtype2":"District","type2":"District","provZh":"穆什省"},"geometry":{"type":"Polygon","coordinates":[[[42.13997,38.87032],[41.94884,38.93385],[41.91908,38.85849],[41.8762,38.82785],[41.80844,38.85927],[41.80528,38.88862],[41.77231,38.89183],[41.75733,38.86132],[41.7979,38.82187],[41.81315,38.77196],[41.76187,38.7496],[42.06134,38.71339],[41.99884,38.78862],[41.99851,38.81032],[42.13937,38.82499],[42.13997,38.87032]]]}},{"type":"Feature","properties":{"gid":"TUR.60.4_1","name2":"Malazgirt","engtype2":"District","type2":"District","provZh":"穆什省"},"geometry":{"type":"Polygon","coordinates":[[[42.62762,39.27266],[42.51291,39.37992],[42.46341,39.4861],[42.29915,39.44936],[42.19421,39.38683],[42.22212,39.33786],[42.19929,39.29954],[42.3466,39.23918],[42.39954,39.17086],[42.40904,39.12128],[42.53334,39.03365],[42.55272,38.98841],[42.52886,38.93929],[42.68435,38.92691],[42.76899,38.9404],[42.72989,39.159],[42.6688,39.25415],[42.62762,39.27266]]]}},{"type":"Feature","properties":{"gid":"TUR.60.5_1","name2":"Merkez","engtype2":"District","type2":"District","provZh":"穆什省"},"geometry":{"type":"Polygon","coordinates":[[[41.52218,38.54191],[41.57682,38.58787],[41.71906,38.60184],[41.69643,38.63411],[41.71528,38.68468],[41.76187,38.7496],[41.81315,38.77196],[41.75801,38.88062],[41.80011,38.89159],[41.80844,38.85927],[41.8762,38.82785],[41.93342,38.88208],[41.95159,38.98557],[41.91841,39.04965],[41.40145,39.06605],[41.27449,39.02956],[41.16192,38.92068],[41.17365,38.85939],[41.27953,38.70554],[41.39145,38.61539],[41.38589,38.53999],[41.41693,38.52225],[41.46024,38.54241],[41.52218,38.54191]]]}},{"type":"Feature","properties":{"gid":"TUR.60.6_1","name2":"Varto","engtype2":"District","type2":"District","provZh":"穆什省"},"geometry":{"type":"Polygon","coordinates":[[[41.2044,39.16356],[41.23756,39.15413],[41.27287,39.11346],[41.27449,39.02956],[41.42208,39.06783],[41.92182,39.04411],[41.95258,39.0566],[41.93464,39.10155],[41.89392,39.13376],[41.83883,39.16224],[41.70731,39.17738],[41.64964,39.20931],[41.52433,39.32914],[41.38632,39.38357],[41.25555,39.36939],[41.19099,39.33733],[41.17173,39.28934],[41.2044,39.16356]]]}},{"type":"Feature","properties":{"gid":"TUR.61.1_1","name2":"Acıgöl","engtype2":"District","type2":"District","provZh":"内夫谢希尔省"},"geometry":{"type":"Polygon","coordinates":[[[34.3944,38.43892],[34.52206,38.3808],[34.54952,38.42282],[34.66055,38.47757],[34.63742,38.51526],[34.64679,38.59958],[34.52425,38.71175],[34.43364,38.68093],[34.45655,38.64434],[34.44682,38.62342],[34.30164,38.56878],[34.348,38.47342],[34.3944,38.43892]]]}},{"type":"Feature","properties":{"gid":"TUR.61.2_1","name2":"Avanos","engtype2":"District","type2":"District","provZh":"内夫谢希尔省"},"geometry":{"type":"Polygon","coordinates":[[[35.0374,39.03805],[34.97756,39.15331],[34.78047,39.10836],[34.81544,39.06148],[34.72836,38.90974],[34.76875,38.73886],[34.84985,38.70182],[34.8982,38.71528],[34.91313,38.75963],[34.95325,38.79826],[35.00084,39.01029],[35.0374,39.03805]]]}},{"type":"Feature","properties":{"gid":"TUR.61.3_1","name2":"Derinkuyu","engtype2":"District","type2":"District","provZh":"内夫谢希尔省"},"geometry":{"type":"Polygon","coordinates":[[[34.52206,38.3808],[34.67074,38.40872],[34.82063,38.3512],[34.90371,38.37691],[34.9225,38.42064],[34.88778,38.42555],[34.83737,38.46539],[34.85997,38.54284],[34.83669,38.57721],[34.78249,38.48299],[34.62558,38.46622],[34.54459,38.41909],[34.52206,38.3808]]]}},{"type":"Feature","properties":{"gid":"TUR.61.4_1","name2":"Gülşehir","engtype2":"District","type2":"District","provZh":"内夫谢希尔省"},"geometry":{"type":"Polygon","coordinates":[[[34.30164,38.56878],[34.45143,38.62706],[34.45444,38.64897],[34.42956,38.67112],[34.44341,38.68751],[34.52425,38.71175],[34.70428,38.72443],[34.75545,38.75297],[34.72836,38.90974],[34.66996,38.9071],[34.62161,38.8748],[34.36542,38.88674],[34.32182,38.87425],[34.30299,38.81588],[34.26257,38.79367],[34.20472,38.68578],[34.30164,38.56878]]]}},{"type":"Feature","properties":{"gid":"TUR.61.5_1","name2":"Hacıbektaş","engtype2":"District","type2":"District","provZh":"内夫谢希尔省"},"geometry":{"type":"Polygon","coordinates":[[[34.47301,38.88665],[34.62161,38.8748],[34.66996,38.9071],[34.72836,38.90974],[34.80038,39.01559],[34.81517,39.07199],[34.68418,39.18867],[34.64009,39.18753],[34.62289,39.15889],[34.63619,39.09708],[34.56758,39.07906],[34.57685,39.03012],[34.52081,38.9906],[34.47301,38.88665]]]}},{"type":"Feature","properties":{"gid":"TUR.61.6_1","name2":"Kozaklı","engtype2":"District","type2":"District","provZh":"内夫谢希尔省"},"geometry":{"type":"Polygon","coordinates":[[[34.60925,39.32722],[34.66176,39.31775],[34.72656,39.36092],[34.75277,39.35618],[34.68797,39.27228],[34.69624,39.22691],[34.66605,39.19824],[34.75752,39.11129],[34.97756,39.15331],[34.89594,39.22746],[34.92192,39.33543],[34.79663,39.38809],[34.7912,39.43064],[34.6566,39.48661],[34.61058,39.38051],[34.60925,39.32722]]]}},{"type":"Feature","properties":{"gid":"TUR.61.7_1","name2":"Merkez","engtype2":"District","type2":"District","provZh":"内夫谢希尔省"},"geometry":{"type":"Polygon","coordinates":[[[34.66055,38.47757],[34.78462,38.48516],[34.84618,38.59809],[34.84985,38.70182],[34.75545,38.75297],[34.70428,38.72443],[34.52425,38.71175],[34.64679,38.59958],[34.63742,38.51526],[34.66055,38.47757]]]}},{"type":"Feature","properties":{"gid":"TUR.61.8_1","name2":"Ürgüp","engtype2":"District","type2":"District","provZh":"内夫谢希尔省"},"geometry":{"type":"Polygon","coordinates":[[[34.95325,38.79826],[34.91313,38.75963],[34.8982,38.71528],[34.84985,38.70182],[34.83669,38.57721],[34.85997,38.54284],[34.83532,38.47059],[34.90076,38.42162],[34.9225,38.42064],[34.90698,38.49049],[34.92493,38.53614],[35.01802,38.56543],[35.07224,38.62723],[35.06899,38.74826],[34.95325,38.79826]]]}},{"type":"Feature","properties":{"gid":"TUR.62.1_1","name2":"Altunhisar","engtype2":"District","type2":"District","provZh":"尼代省"},"geometry":{"type":"Polygon","coordinates":[[[34.36628,38.15329],[34.32556,38.13109],[34.26839,38.05601],[34.18676,38.07006],[34.14691,38.05195],[34.12569,38.01376],[34.19973,37.97228],[34.29339,37.9908],[34.36951,37.96757],[34.458,37.99363],[34.54361,38.0546],[34.46127,38.17022],[34.39513,38.19467],[34.39315,38.16623],[34.36628,38.15329]]]}},{"type":"Feature","properties":{"gid":"TUR.62.2_1","name2":"Bor","engtype2":"District","type2":"District","provZh":"尼代省"},"geometry":{"type":"Polygon","coordinates":[[[34.22374,37.94199],[34.32691,37.85645],[34.42095,37.74709],[34.45345,37.69588],[34.45324,37.64763],[34.55864,37.70734],[34.77618,37.73503],[34.8319,37.79023],[34.91685,37.80452],[34.96081,37.87377],[34.78749,37.88777],[34.62249,37.95702],[34.54361,38.0546],[34.458,37.99363],[34.37653,37.96834],[34.30868,37.9899],[34.23195,37.98805],[34.19973,37.97228],[34.22374,37.94199]]]}},{"type":"Feature","properties":{"gid":"TUR.62.3_1","name2":"Çamardı","engtype2":"District","type2":"District","provZh":"尼代省"},"geometry":{"type":"Polygon","coordinates":[[[35.26578,37.9592],[35.31248,38.05026],[35.31118,38.16899],[35.27309,38.22875],[35.25998,38.23994],[35.14859,38.20847],[35.04767,38.15756],[34.90761,37.98377],[34.95979,37.88476],[34.91685,37.80452],[34.95094,37.69882],[35.03993,37.70095],[35.11795,37.74678],[35.21365,37.83214],[35.20942,37.91901],[35.26578,37.9592]]]}},{"type":"Feature","properties":{"gid":"TUR.62.4_1","name2":"Çiftlik","engtype2":"District","type2":"District","provZh":"尼代省"},"geometry":{"type":"Polygon","coordinates":[[[34.3632,38.29092],[34.3945,38.24265],[34.39513,38.19467],[34.46127,38.17022],[34.57537,38.17817],[34.62189,38.24721],[34.59319,38.32263],[34.59204,38.38596],[34.52778,38.3761],[34.3944,38.43892],[34.3632,38.29092]]]}},{"type":"Feature","properties":{"gid":"TUR.62.5_1","name2":"Merkez","engtype2":"District","type2":"District","provZh":"尼代省"},"geometry":{"type":"Polygon","coordinates":[[[34.92252,38.43228],[34.90371,38.37691],[34.82063,38.3512],[34.6778,38.40794],[34.59204,38.38596],[34.61756,38.23309],[34.57233,38.17686],[34.46127,38.17022],[34.61705,37.96004],[34.79494,37.88604],[34.95979,37.88476],[34.90723,37.97549],[34.94109,38.03786],[35.07674,38.17933],[35.25998,38.23994],[35.06363,38.28226],[34.99368,38.42171],[34.92252,38.43228]]]}},{"type":"Feature","properties":{"gid":"TUR.62.6_1","name2":"Ulukışla","engtype2":"District","type2":"District","provZh":"尼代省"},"geometry":{"type":"Polygon","coordinates":[[[34.95094,37.69882],[34.91685,37.80452],[34.88153,37.80371],[34.81999,37.7834],[34.77618,37.73503],[34.56537,37.70913],[34.50158,37.68546],[34.45324,37.64763],[34.39962,37.56085],[34.38426,37.454],[34.46928,37.40861],[34.50988,37.34932],[34.5998,37.35137],[34.69614,37.39399],[34.78333,37.396],[34.78828,37.46516],[34.86076,37.52503],[34.85848,37.57877],[34.81839,37.67488],[34.86949,37.71004],[34.95094,37.69882]]]}},{"type":"Feature","properties":{"gid":"TUR.63.1_1","name2":"Akkuş","engtype2":"District","type2":"District","provZh":"奥尔杜省"},"geometry":{"type":"Polygon","coordinates":[[[36.90447,40.92416],[36.82196,40.87958],[36.6967,40.84642],[36.68599,40.82111],[36.85107,40.75009],[36.93197,40.73946],[36.97517,40.70256],[37.07832,40.68881],[37.18733,40.70416],[37.16498,40.76751],[37.20834,40.89261],[37.08422,40.93011],[36.90447,40.92416]]]}},{"type":"Feature","properties":{"gid":"TUR.63.2_1","name2":"Aybastı","engtype2":"District","type2":"District","provZh":"奥尔杜省"},"geometry":{"type":"Polygon","coordinates":[[[37.55557,40.72496],[37.38214,40.73689],[37.29387,40.66734],[37.31242,40.62787],[37.34712,40.62705],[37.46626,40.56314],[37.53968,40.56037],[37.55557,40.72496]]]}},{"type":"Feature","properties":{"gid":"TUR.63.3_1","name2":"Çamaş","engtype2":"District","type2":"District","provZh":"奥尔杜省"},"geometry":{"type":"Polygon","coordinates":[[[37.46431,40.90051],[37.52579,40.84023],[37.57062,40.83135],[37.62672,40.88108],[37.58886,40.92168],[37.5044,40.92088],[37.46431,40.90051]]]}},{"type":"Feature","properties":{"gid":"TUR.63.4_1","name2":"Çaybaşı","engtype2":"District","type2":"District","provZh":"奥尔杜省"},"geometry":{"type":"Polygon","coordinates":[[[37.08422,40.93011],[37.13234,40.9624],[37.17184,41.05467],[36.9481,40.98881],[36.90447,40.92416],[37.08422,40.93011]]]}},{"type":"Feature","properties":{"gid":"TUR.63.5_1","name2":"Fatsa","engtype2":"District","type2":"District","provZh":"奥尔杜省"},"geometry":{"type":"Polygon","coordinates":[[[37.62672,40.88108],[37.67612,40.90997],[37.67514,40.92675],[37.65826,41.00223],[37.6118,41.05363],[37.53653,41.02097],[37.4782,41.05681],[37.43866,41.02568],[37.38032,40.92793],[37.42078,40.88688],[37.5044,40.92088],[37.59609,40.92049],[37.62672,40.88108]]]}},{"type":"Feature","properties":{"gid":"TUR.63.6_1","name2":"Gölköy","engtype2":"District","type2":"District","provZh":"奥尔杜省"},"geometry":{"type":"Polygon","coordinates":[[[37.53968,40.56037],[37.62225,40.55618],[37.80651,40.68507],[37.83712,40.72943],[37.71392,40.77215],[37.56111,40.76126],[37.53968,40.56037]]]}},{"type":"Feature","properties":{"gid":"TUR.63.7_1","name2":"Gülyalı","engtype2":"District","type2":"District","provZh":"奥尔杜省"},"geometry":{"type":"Polygon","coordinates":[[[38.1232,40.95486],[37.99369,40.98042],[37.99214,40.92053],[38.03762,40.88894],[38.08997,40.88649],[38.1232,40.95486]]]}},{"type":"Feature","properties":{"gid":"TUR.63.8_1","name2":"Gürgentepe","engtype2":"District","type2":"District","provZh":"奥尔杜省"},"geometry":{"type":"Polygon","coordinates":[[[37.52579,40.84023],[37.49566,40.79368],[37.52934,40.77147],[37.71392,40.77215],[37.66168,40.81196],[37.67612,40.90997],[37.5824,40.83259],[37.52579,40.84023]]]}},{"type":"Feature","properties":{"gid":"TUR.63.9_1","name2":"İkizce","engtype2":"District","type2":"District","provZh":"奥尔杜省"},"geometry":{"type":"Polygon","coordinates":[[[37.17184,41.05467],[37.15253,41.1147],[37.01103,41.05712],[36.9481,40.98881],[37.17184,41.05467]]]}},{"type":"Feature","properties":{"gid":"TUR.63.10_1","name2":"Kabadüz","engtype2":"District","type2":"District","provZh":"奥尔杜省"},"geometry":{"type":"Polygon","coordinates":[[[38.01827,40.75222],[38.06643,40.85147],[37.8628,40.85095],[37.90101,40.74681],[37.94415,40.70832],[37.93229,40.61093],[37.97671,40.58566],[38.11658,40.61184],[38.03888,40.7011],[38.01827,40.75222]]]}},{"type":"Feature","properties":{"gid":"TUR.63.11_1","name2":"Kabataş","engtype2":"District","type2":"District","provZh":"奥尔杜省"},"geometry":{"type":"Polygon","coordinates":[[[37.55557,40.72496],[37.56111,40.76126],[37.49566,40.79368],[37.52579,40.84023],[37.46431,40.90051],[37.43579,40.88686],[37.46214,40.86234],[37.48064,40.79369],[37.38214,40.73689],[37.55557,40.72496]]]}},{"type":"Feature","properties":{"gid":"TUR.63.12_1","name2":"Korgan","engtype2":"District","type2":"District","provZh":"奥尔杜省"},"geometry":{"type":"Polygon","coordinates":[[[37.38214,40.73689],[37.48064,40.79369],[37.46214,40.86234],[37.43579,40.88686],[37.35363,40.83411],[37.25839,40.72306],[37.25924,40.68335],[37.29387,40.66734],[37.38214,40.73689]]]}},{"type":"Feature","properties":{"gid":"TUR.63.13_1","name2":"Kumru","engtype2":"District","type2":"District","provZh":"奥尔杜省"},"geometry":{"type":"Polygon","coordinates":[[[37.18733,40.70416],[37.25924,40.68335],[37.26193,40.72808],[37.42078,40.88688],[37.3996,40.91353],[37.3341,40.95676],[37.2473,40.93659],[37.19953,40.87695],[37.16644,40.77598],[37.16709,40.72794],[37.18733,40.70416]]]}},{"type":"Feature","properties":{"gid":"TUR.63.14_1","name2":"Merkez","engtype2":"District","type2":"District","provZh":"奥尔杜省"},"geometry":{"type":"Polygon","coordinates":[[[38.08997,40.88649],[38.03762,40.88894],[37.99618,40.91286],[37.99125,40.98125],[37.86465,40.98962],[37.67514,40.92675],[37.67609,40.89833],[37.80125,40.90565],[37.8628,40.85095],[38.06643,40.85147],[38.08997,40.88649]]]}},{"type":"Feature","properties":{"gid":"TUR.63.15_1","name2":"Mesudiye","engtype2":"District","type2":"District","provZh":"奥尔杜省"},"geometry":{"type":"Polygon","coordinates":[[[38.11658,40.61184],[38.00554,40.5838],[37.94414,40.59835],[37.92988,40.63138],[37.94415,40.70832],[37.90101,40.74681],[37.83712,40.72943],[37.80651,40.68507],[37.61164,40.55114],[37.70733,40.3521],[37.77206,40.32858],[37.82977,40.3444],[37.90162,40.39514],[38.0255,40.41412],[38.15565,40.50869],[38.11658,40.61184]]]}},{"type":"Feature","properties":{"gid":"TUR.63.16_1","name2":"Perşembe","engtype2":"District","type2":"District","provZh":"奥尔杜省"},"geometry":{"type":"Polygon","coordinates":[[[37.67514,40.92675],[37.79775,40.97708],[37.87625,40.9894],[37.8657,41.01569],[37.80819,41.0257],[37.77681,41.06208],[37.78708,41.11681],[37.70458,41.11403],[37.68264,41.13681],[37.61625,41.06958],[37.6118,41.05363],[37.65826,41.00223],[37.67514,40.92675]]]}},{"type":"Feature","properties":{"gid":"TUR.63.17_1","name2":"Ulubey","engtype2":"District","type2":"District","provZh":"奥尔杜省"},"geometry":{"type":"Polygon","coordinates":[[[37.83712,40.72943],[37.90027,40.75685],[37.8685,40.84224],[37.82239,40.89516],[37.77251,40.91037],[37.67609,40.89833],[37.66571,40.8042],[37.74907,40.75026],[37.83712,40.72943]]]}},{"type":"Feature","properties":{"gid":"TUR.63.18_1","name2":"Ünye","engtype2":"District","type2":"District","provZh":"奥尔杜省"},"geometry":{"type":"Polygon","coordinates":[[[37.20834,40.89261],[37.29021,40.95569],[37.34464,40.95462],[37.38032,40.92793],[37.47986,41.06208],[37.38792,41.10736],[37.29903,41.12125],[37.29292,41.14569],[37.15065,41.14791],[37.15158,41.08245],[37.17184,41.05467],[37.13234,40.9624],[37.08422,40.93011],[37.20834,40.89261]]]}},{"type":"Feature","properties":{"gid":"TUR.64.1_1","name2":"Bahçe","engtype2":"District","type2":"District","provZh":"奥斯曼耶省"},"geometry":{"type":"Polygon","coordinates":[[[36.72864,37.27605],[36.65104,37.32999],[36.41864,37.17282],[36.62511,37.18554],[36.72864,37.27605]]]}},{"type":"Feature","properties":{"gid":"TUR.64.2_1","name2":"Düziçi","engtype2":"District","type2":"District","provZh":"奥斯曼耶省"},"geometry":{"type":"Polygon","coordinates":[[[36.29478,37.35043],[36.25856,37.29847],[36.25304,37.22153],[36.22018,37.17029],[36.25629,37.1856],[36.41864,37.17282],[36.65104,37.32999],[36.57578,37.40628],[36.48895,37.36886],[36.29478,37.35043]]]}},{"type":"Feature","properties":{"gid":"TUR.64.3_1","name2":"Hasanbeyli","engtype2":"District","type2":"District","provZh":"奥斯曼耶省"},"geometry":{"type":"Polygon","coordinates":[[[36.62511,37.18554],[36.41864,37.17282],[36.43262,37.144],[36.49424,37.12645],[36.45324,37.07246],[36.50293,37.05405],[36.5325,37.10746],[36.62511,37.18554]]]}},{"type":"Feature","properties":{"gid":"TUR.64.4_1","name2":"Kadirli","engtype2":"District","type2":"District","provZh":"奥斯曼耶省"},"geometry":{"type":"Polygon","coordinates":[[[36.00097,37.17415],[36.12407,37.21811],[36.22018,37.17029],[36.24129,37.19726],[36.25856,37.29847],[36.29478,37.35043],[36.24474,37.37318],[36.21281,37.51701],[36.30237,37.65125],[36.20227,37.64971],[36.132,37.62159],[36.13573,37.57666],[36.10905,37.51957],[36.08748,37.38205],[35.99976,37.3044],[35.88216,37.26752],[35.9043,37.20827],[35.85202,37.13129],[35.87482,37.1217],[36.00097,37.17415]]]}},{"type":"Feature","properties":{"gid":"TUR.64.5_1","name2":"Merkez","engtype2":"District","type2":"District","provZh":"奥斯曼耶省"},"geometry":{"type":"Polygon","coordinates":[[[36.50293,37.05405],[36.45324,37.07246],[36.49373,37.10875],[36.4926,37.12872],[36.43262,37.144],[36.41864,37.17282],[36.36772,37.17772],[36.27248,37.09583],[36.19457,37.06013],[36.09889,37.04342],[36.0881,37.02274],[36.25473,37.00866],[36.34717,36.95532],[36.44259,36.95329],[36.50293,37.05405]]]}},{"type":"Feature","properties":{"gid":"TUR.64.6_1","name2":"Sumbas","engtype2":"District","type2":"District","provZh":"奥斯曼耶省"},"geometry":{"type":"Polygon","coordinates":[[[35.88216,37.26752],[35.9583,37.28249],[36.07562,37.36372],[36.13573,37.57666],[36.132,37.62159],[36.01934,37.5575],[35.88426,37.35962],[35.88216,37.26752]]]}},{"type":"Feature","properties":{"gid":"TUR.64.7_1","name2":"Toprakkale","engtype2":"District","type2":"District","provZh":"奥斯曼耶省"},"geometry":{"type":"Polygon","coordinates":[[[36.04161,37.02555],[36.0881,37.02274],[36.09889,37.04342],[36.19457,37.06013],[36.27248,37.09583],[36.36772,37.17772],[36.25629,37.1856],[36.22018,37.17029],[36.12999,37.21743],[36.05922,37.20519],[36.00097,37.17415],[36.05939,37.12387],[36.04161,37.02555]]]}},{"type":"Feature","properties":{"gid":"TUR.65.1_1","name2":"Ardeşen","engtype2":"District","type2":"District","provZh":"里泽省"},"geometry":{"type":"Polygon","coordinates":[[[41.3329,41.02686],[41.17377,41.1068],[41.08997,41.18528],[41.08793,41.23569],[40.95044,41.18486],[40.95032,41.12873],[41.02208,41.06936],[41.05805,40.92001],[41.12233,40.8201],[41.3329,41.02686]]]}},{"type":"Feature","properties":{"gid":"TUR.65.2_1","name2":"Çamlıhemşin","engtype2":"District","type2":"District","provZh":"里泽省"},"geometry":{"type":"Polygon","coordinates":[[[41.12233,40.8201],[41.05805,40.92001],[41.02039,41.07197],[40.95032,41.12873],[40.92017,41.11086],[40.90252,40.93472],[40.85479,40.86869],[40.87307,40.81801],[40.82117,40.76944],[40.8553,40.746],[40.88927,40.68639],[41.04679,40.76274],[41.12233,40.8201]]]}},{"type":"Feature","properties":{"gid":"TUR.65.3_1","name2":"Çayeli","engtype2":"District","type2":"District","provZh":"里泽省"},"geometry":{"type":"Polygon","coordinates":[[[40.85479,40.86869],[40.8153,41.01365],[40.82926,41.09853],[40.76375,41.13375],[40.72097,41.08764],[40.64347,41.06736],[40.66436,41.03029],[40.63152,41.00567],[40.6771,40.96508],[40.72145,40.86963],[40.70142,40.82402],[40.82117,40.76944],[40.87307,40.81801],[40.85479,40.86869]]]}},{"type":"Feature","properties":{"gid":"TUR.65.4_1","name2":"Derepazarı","engtype2":"District","type2":"District","provZh":"里泽省"},"geometry":{"type":"Polygon","coordinates":[[[40.4926,40.97947],[40.47047,41.01023],[40.47597,41.03489],[40.39939,41.02597],[40.44665,40.98114],[40.4926,40.97947]]]}},{"type":"Feature","properties":{"gid":"TUR.65.5_1","name2":"Fındıklı","engtype2":"District","type2":"District","provZh":"里泽省"},"geometry":{"type":"Polygon","coordinates":[[[41.21148,41.30292],[41.08793,41.23569],[41.08997,41.18528],[41.20202,41.08437],[41.29668,41.03754],[41.3329,41.02686],[41.40725,41.06506],[41.42398,41.09345],[41.40926,41.11718],[41.30677,41.15519],[41.25562,41.20852],[41.24785,41.25561],[41.21148,41.30292]]]}},{"type":"Feature","properties":{"gid":"TUR.65.6_1","name2":"Güneysu","engtype2":"District","type2":"District","provZh":"里泽省"},"geometry":{"type":"Polygon","coordinates":[[[40.63152,41.00567],[40.60833,41.00869],[40.5907,40.98583],[40.6067,40.92035],[40.70953,40.89607],[40.6771,40.96508],[40.63152,41.00567]]]}},{"type":"Feature","properties":{"gid":"TUR.65.7_1","name2":"Hemşin","engtype2":"District","type2":"District","provZh":"里泽省"},"geometry":{"type":"Polygon","coordinates":[[[40.92017,41.11086],[40.82926,41.09853],[40.8153,41.01365],[40.85479,40.86869],[40.90252,40.93472],[40.92017,41.11086]]]}},{"type":"Feature","properties":{"gid":"TUR.65.8_1","name2":"İkizdere","engtype2":"District","type2":"District","provZh":"里泽省"},"geometry":{"type":"Polygon","coordinates":[[[40.4985,40.53533],[40.88927,40.68639],[40.8492,40.75215],[40.74114,40.81116],[40.5962,40.86016],[40.46918,40.86133],[40.51374,40.7324],[40.51182,40.6904],[40.47891,40.62859],[40.48348,40.53534],[40.4985,40.53533]]]}},{"type":"Feature","properties":{"gid":"TUR.65.9_1","name2":"İyidere","engtype2":"District","type2":"District","provZh":"里泽省"},"geometry":{"type":"Polygon","coordinates":[[[40.39939,41.02597],[40.33486,40.99516],[40.40932,40.95451],[40.44665,40.98114],[40.39939,41.02597]]]}},{"type":"Feature","properties":{"gid":"TUR.65.10_1","name2":"Kalkandere","engtype2":"District","type2":"District","provZh":"里泽省"},"geometry":{"type":"Polygon","coordinates":[[[40.44665,40.98114],[40.40932,40.95451],[40.46918,40.86133],[40.56292,40.86089],[40.4926,40.97947],[40.44665,40.98114]]]}},{"type":"Feature","properties":{"gid":"TUR.65.11_1","name2":"Merkez","engtype2":"District","type2":"District","provZh":"里泽省"},"geometry":{"type":"Polygon","coordinates":[[[40.70953,40.89607],[40.62056,40.90956],[40.59099,40.9464],[40.60399,41.00549],[40.66238,41.02489],[40.64347,41.06708],[40.54597,41.02764],[40.49792,41.04125],[40.46954,41.02431],[40.56292,40.86089],[40.70142,40.82402],[40.72144,40.86436],[40.70953,40.89607]]]}},{"type":"Feature","properties":{"gid":"TUR.65.12_1","name2":"Pazar","engtype2":"District","type2":"District","provZh":"里泽省"},"geometry":{"type":"Polygon","coordinates":[[[40.95044,41.18486],[40.83847,41.17542],[40.76375,41.13375],[40.82926,41.09853],[40.88896,41.09628],[40.95032,41.12873],[40.95044,41.18486]]]}},{"type":"Feature","properties":{"gid":"TUR.66.1_1","name2":"Akyazı","engtype2":"District","type2":"District","provZh":"萨卡里亚省"},"geometry":{"type":"Polygon","coordinates":[[[30.91083,40.53856],[30.94676,40.57278],[30.95456,40.68225],[30.76268,40.69942],[30.62464,40.80634],[30.61335,40.86393],[30.55869,40.77551],[30.59019,40.68328],[30.67098,40.61482],[30.63624,40.54244],[30.67617,40.51832],[30.8293,40.51986],[30.91083,40.53856]]]}},{"type":"Feature","properties":{"gid":"TUR.66.2_1","name2":"Ferizli","engtype2":"District","type2":"District","provZh":"萨卡里亚省"},"geometry":{"type":"Polygon","coordinates":[[[30.61487,40.95615],[30.56978,41.05829],[30.52177,41.06646],[30.47039,41.04268],[30.47305,41.02331],[30.51162,41.00488],[30.47753,40.94077],[30.50169,40.924],[30.58325,40.91666],[30.61718,40.93377],[30.61487,40.95615]]]}},{"type":"Feature","properties":{"gid":"TUR.66.3_1","name2":"Geyve","engtype2":"District","type2":"District","provZh":"萨卡里亚省"},"geometry":{"type":"Polygon","coordinates":[[[30.43285,40.39051],[30.42242,40.47565],[30.43768,40.49771],[30.63624,40.54244],[30.43521,40.67244],[30.34841,40.66867],[30.28344,40.63227],[30.28338,40.52687],[30.25628,40.50946],[30.15502,40.48556],[29.96302,40.4843],[30.12765,40.36928],[30.30373,40.40286],[30.43285,40.39051]]]}},{"type":"Feature","properties":{"gid":"TUR.66.4_1","name2":"Hendek","engtype2":"District","type2":"District","provZh":"萨卡里亚省"},"geometry":{"type":"Polygon","coordinates":[[[30.93455,40.76115],[30.89268,40.77859],[30.8748,40.81392],[30.8967,40.88038],[30.82942,40.88234],[30.79891,40.91273],[30.61487,40.95615],[30.61979,40.8142],[30.69992,40.73586],[30.81402,40.68463],[30.95456,40.68225],[30.98705,40.71925],[30.93455,40.76115]]]}},{"type":"Feature","properties":{"gid":"TUR.66.5_1","name2":"Karapürçek","engtype2":"District","type2":"District","provZh":"萨卡里亚省"},"geometry":{"type":"Polygon","coordinates":[[[30.57462,40.71032],[30.46742,40.65653],[30.63624,40.54244],[30.67098,40.61482],[30.57462,40.71032]]]}},{"type":"Feature","properties":{"gid":"TUR.66.6_1","name2":"Karasu","engtype2":"District","type2":"District","provZh":"萨卡里亚省"},"geometry":{"type":"Polygon","coordinates":[[[30.61487,40.95615],[30.79891,40.91273],[30.81335,40.93942],[30.80596,40.98717],[30.84259,41.0377],[30.83915,41.07847],[30.7557,41.08625],[30.65264,41.12903],[30.45703,41.15458],[30.45775,41.09987],[30.57767,41.05215],[30.61487,40.95615]]]}},{"type":"Feature","properties":{"gid":"TUR.66.7_1","name2":"Kaynarca","engtype2":"District","type2":"District","provZh":"萨卡里亚省"},"geometry":{"type":"Polygon","coordinates":[[[30.35301,40.95209],[30.43102,40.93074],[30.47753,40.94077],[30.51086,40.98585],[30.50657,41.01174],[30.46811,41.0349],[30.52177,41.06646],[30.45775,41.09987],[30.45703,41.15458],[30.36929,41.17901],[30.37544,41.13768],[30.30617,41.07744],[30.28974,41.01209],[30.35301,40.95209]]]}},{"type":"Feature","properties":{"gid":"TUR.66.8_1","name2":"Kocaali","engtype2":"District","type2":"District","provZh":"萨卡里亚省"},"geometry":{"type":"Polygon","coordinates":[[[30.97594,41.07264],[30.83915,41.07847],[30.84073,41.03231],[30.80541,40.98475],[30.80935,40.89492],[30.8967,40.88038],[31.00866,40.96149],[31.03628,41.01627],[30.97594,41.07264]]]}},{"type":"Feature","properties":{"gid":"TUR.66.9_1","name2":"Merkez","engtype2":"District","type2":"District","provZh":"萨卡里亚省"},"geometry":{"type":"Polygon","coordinates":[[[30.34081,40.84393],[30.29026,40.82116],[30.29944,40.7557],[30.27888,40.72907],[30.4446,40.72726],[30.4528,40.70374],[30.43521,40.67244],[30.46742,40.65653],[30.57462,40.71032],[30.55974,40.78376],[30.61335,40.86393],[30.48412,40.8713],[30.42828,40.90675],[30.42646,40.93372],[30.3629,40.95033],[30.37686,40.86357],[30.34081,40.84393]]]}},{"type":"Feature","properties":{"gid":"TUR.66.10_1","name2":"Pamukova","engtype2":"District","type2":"District","provZh":"萨卡里亚省"},"geometry":{"type":"Polygon","coordinates":[[[29.96302,40.4843],[30.15502,40.48556],[30.25628,40.50946],[30.28338,40.52687],[30.28404,40.61197],[30.24207,40.63608],[30.02677,40.57967],[29.92488,40.57753],[29.96302,40.4843]]]}},{"type":"Feature","properties":{"gid":"TUR.66.11_1","name2":"Sapanca","engtype2":"District","type2":"District","provZh":"萨卡里亚省"},"geometry":{"type":"Polygon","coordinates":[[[30.24207,40.63608],[30.27601,40.62426],[30.34841,40.66867],[30.43521,40.67244],[30.45257,40.71801],[30.27888,40.72907],[30.24207,40.63608]]]}},{"type":"Feature","properties":{"gid":"TUR.66.12_1","name2":"Söğütlü","engtype2":"District","type2":"District","provZh":"萨卡里亚省"},"geometry":{"type":"Polygon","coordinates":[[[30.47753,40.94077],[30.43102,40.93074],[30.42828,40.90675],[30.48786,40.87028],[30.61335,40.86393],[30.61718,40.93377],[30.53299,40.91486],[30.47753,40.94077]]]}},{"type":"Feature","properties":{"gid":"TUR.66.13_1","name2":"Taraklı","engtype2":"District","type2":"District","provZh":"萨卡里亚省"},"geometry":{"type":"Polygon","coordinates":[[[30.58682,40.34478],[30.62383,40.33518],[30.64551,40.35963],[30.64444,40.39047],[30.5934,40.44032],[30.67617,40.51832],[30.63624,40.54244],[30.43011,40.49134],[30.43285,40.39051],[30.58682,40.34478]]]}},{"type":"Feature","properties":{"gid":"TUR.67.1_1","name2":"Alaçam","engtype2":"District","type2":"District","provZh":"萨姆松省"},"geometry":{"type":"Polygon","coordinates":[[[35.72502,41.65875],[35.59847,41.63403],[35.45997,41.55291],[35.41756,41.46983],[35.45291,41.37109],[35.44098,41.32554],[35.47433,41.27647],[35.55113,41.28002],[35.51572,41.36009],[35.53197,41.39963],[35.60333,41.43405],[35.76802,41.56398],[35.72502,41.65875]]]}},{"type":"Feature","properties":{"gid":"TUR.67.2_1","name2":"Asarcik","engtype2":"District","type2":"District","provZh":"萨姆松省"},"geometry":{"type":"Polygon","coordinates":[[[36.37238,40.95208],[36.44991,40.93483],[36.47466,40.9717],[36.39541,41.04918],[36.23149,41.06226],[36.17587,41.02416],[36.20393,40.98003],[36.37238,40.95208]]]}},{"type":"Feature","properties":{"gid":"TUR.67.3_1","name2":"Ayvacık","engtype2":"District","type2":"District","provZh":"萨姆松省"},"geometry":{"type":"Polygon","coordinates":[[[36.44801,40.86983],[36.49979,40.8657],[36.61869,40.89941],[36.69994,40.88086],[36.6988,40.96211],[36.66779,41.02328],[36.56264,41.03901],[36.42996,41.02731],[36.4729,40.95793],[36.44289,40.93369],[36.37238,40.95208],[36.3695,40.92287],[36.44801,40.86983]]]}},{"type":"Feature","properties":{"gid":"TUR.67.4_1","name2":"Bafra","engtype2":"District","type2":"District","provZh":"萨姆松省"},"geometry":{"type":"Polygon","coordinates":[[[35.55113,41.28002],[35.59415,41.32296],[35.62684,41.33029],[35.75261,41.22953],[35.94174,41.1986],[35.96476,41.23732],[36.02785,41.26662],[35.98346,41.34243],[36.00357,41.3758],[35.93742,41.52756],[35.95746,41.54961],[35.99552,41.55227],[36.12764,41.52487],[36.11486,41.62625],[36.05764,41.68625],[35.95486,41.73514],[35.72502,41.65875],[35.76802,41.56398],[35.60333,41.43405],[35.53197,41.39963],[35.51572,41.36009],[35.55113,41.28002]]]}},{"type":"Feature","properties":{"gid":"TUR.67.5_1","name2":"Çarşamba","engtype2":"District","type2":"District","provZh":"萨姆松省"},"geometry":{"type":"Polygon","coordinates":[[[36.66599,41.02361],[36.81673,41.14768],[36.81897,41.20968],[36.77682,41.26304],[36.82428,41.3493],[36.6618,41.38125],[36.65792,41.36486],[36.65042,41.38347],[36.62042,41.36709],[36.56708,41.28764],[36.49499,41.25319],[36.54793,41.20101],[36.57365,41.13417],[36.52666,41.0389],[36.66599,41.02361]]]}},{"type":"Feature","properties":{"gid":"TUR.67.6_1","name2":"Havza","engtype2":"District","type2":"District","provZh":"萨姆松省"},"geometry":{"type":"Polygon","coordinates":[[[35.66569,40.89456],[35.76044,40.88014],[35.74215,40.91059],[35.80884,40.92694],[35.82129,40.98505],[35.89759,40.99166],[35.87486,41.02586],[35.87508,41.12271],[35.94174,41.1986],[35.85107,41.22467],[35.75962,41.22729],[35.71744,41.25151],[35.68855,41.23212],[35.61754,41.05584],[35.49885,41.00472],[35.64389,40.92683],[35.66569,40.89456]]]}},{"type":"Feature","properties":{"gid":"TUR.67.7_1","name2":"Kavak","engtype2":"District","type2":"District","provZh":"萨姆松省"},"geometry":{"type":"Polygon","coordinates":[[[36.20393,40.98003],[36.17712,41.00492],[36.17862,41.02939],[36.25794,41.06422],[36.21362,41.12374],[36.14487,41.15555],[36.09362,41.22853],[36.02785,41.26662],[35.95784,41.2314],[35.87665,41.12864],[35.87486,41.02586],[35.89759,40.99166],[36.18953,40.95764],[36.20393,40.98003]]]}},{"type":"Feature","properties":{"gid":"TUR.67.8_1","name2":"Ladik","engtype2":"District","type2":"District","provZh":"萨姆松省"},"geometry":{"type":"Polygon","coordinates":[[[36.06104,40.84315],[36.17629,40.90038],[36.18953,40.95764],[35.84197,40.99303],[35.81694,40.97979],[35.80884,40.92694],[35.74123,40.90792],[35.76044,40.88014],[35.80782,40.86569],[35.95529,40.87558],[36.06104,40.84315]]]}},{"type":"Feature","properties":{"gid":"TUR.67.9_1","name2":"Merkez","engtype2":"District","type2":"District","provZh":"萨姆松省"},"geometry":{"type":"Polygon","coordinates":[[[36.37824,41.05187],[36.36179,41.08542],[36.38492,41.13473],[36.35568,41.17268],[36.40889,41.19898],[36.43021,41.24542],[36.34403,41.28708],[36.33792,41.30569],[36.35569,41.31042],[36.24903,41.34847],[36.19312,41.40292],[36.03611,41.36739],[36.00357,41.3758],[35.98624,41.35767],[36.02785,41.26662],[36.09362,41.22853],[36.14487,41.15555],[36.21362,41.12374],[36.25794,41.06422],[36.37824,41.05187]]]}},{"type":"Feature","properties":{"gid":"TUR.67.10_1","name2":"Ondokuz Mayıs","engtype2":"District","type2":"District","provZh":"萨姆松省"},"geometry":{"type":"Polygon","coordinates":[[[35.98647,41.3965],[36.03611,41.36739],[36.19292,41.40319],[36.12347,41.4743],[36.12764,41.52487],[35.96792,41.55177],[35.93494,41.50969],[35.97608,41.45995],[35.98647,41.3965]]]}},{"type":"Feature","properties":{"gid":"TUR.67.11_1","name2":"Salıpazarı","engtype2":"District","type2":"District","provZh":"萨姆松省"},"geometry":{"type":"Polygon","coordinates":[[[36.90447,40.92416],[36.97055,41.01527],[36.93557,41.05388],[36.87184,41.08202],[36.81673,41.14768],[36.66779,41.02328],[36.6988,40.96211],[36.6967,40.84642],[36.82196,40.87958],[36.90447,40.92416]]]}},{"type":"Feature","properties":{"gid":"TUR.67.12_1","name2":"Tekkeköy","engtype2":"District","type2":"District","provZh":"萨姆松省"},"geometry":{"type":"Polygon","coordinates":[[[36.42996,41.02731],[36.52666,41.0389],[36.57364,41.12977],[36.54793,41.20101],[36.49499,41.25319],[36.43021,41.24542],[36.40889,41.19898],[36.35568,41.17268],[36.38492,41.13473],[36.36179,41.08542],[36.37107,41.0626],[36.42996,41.02731]]]}},{"type":"Feature","properties":{"gid":"TUR.67.13_1","name2":"Terme","engtype2":"District","type2":"District","provZh":"萨姆松省"},"geometry":{"type":"Polygon","coordinates":[[[37.15253,41.1147],[37.15065,41.14791],[37.03181,41.18736],[37.00819,41.27708],[36.87569,41.33681],[36.82428,41.3493],[36.7779,41.26825],[36.81897,41.20968],[36.81673,41.14768],[36.87184,41.08202],[36.93557,41.05388],[36.97055,41.01527],[37.01103,41.05712],[37.15253,41.1147]]]}},{"type":"Feature","properties":{"gid":"TUR.67.14_1","name2":"Vezirköprü","engtype2":"District","type2":"District","provZh":"萨姆松省"},"geometry":{"type":"Polygon","coordinates":[[[35.29683,41.04358],[35.49885,41.00472],[35.5422,41.03587],[35.61045,41.05111],[35.68274,41.22466],[35.71744,41.25151],[35.62327,41.33065],[35.52846,41.27419],[35.47701,41.27476],[35.44098,41.32554],[35.40548,41.27554],[35.34814,41.25149],[35.23748,41.26182],[35.11298,41.37586],[34.93707,41.30763],[34.8921,41.25366],[34.94061,41.20204],[34.96025,41.11355],[34.98682,41.07824],[35.09315,41.09054],[35.29683,41.04358]]]}},{"type":"Feature","properties":{"gid":"TUR.67.15_1","name2":"Yakakent","engtype2":"District","type2":"District","provZh":"萨姆松省"},"geometry":{"type":"Polygon","coordinates":[[[35.59787,41.63375],[35.49884,41.6418],[35.46423,41.55881],[35.59787,41.63375]]]}},{"type":"Feature","properties":{"gid":"TUR.68.1_1","name2":"Akçakale","engtype2":"District","type2":"District","provZh":"尚勒乌尔法省"},"geometry":{"type":"Polygon","coordinates":[[[38.63497,36.77786],[38.73147,36.70749],[39.07394,36.69821],[39.02673,36.74578],[38.90486,36.79527],[38.89887,36.92156],[38.66151,36.85118],[38.59414,36.88688],[38.58031,36.82341],[38.63497,36.77786]]]}},{"type":"Feature","properties":{"gid":"TUR.68.2_1","name2":"Birecik","engtype2":"District","type2":"District","provZh":"尚勒乌尔法省"},"geometry":{"type":"Polygon","coordinates":[[[38.15546,36.88954],[38.14878,36.95339],[38.18016,37.06129],[38.24693,37.04752],[38.28798,37.09875],[38.33328,37.1032],[38.27064,37.14998],[38.26686,37.20409],[38.2386,37.23209],[38.16559,37.17598],[38.07492,37.15826],[37.997,37.11681],[37.86257,37.11647],[37.88448,37.05249],[38.01079,36.93624],[38.01063,36.82521],[38.15546,36.88954]]]}},{"type":"Feature","properties":{"gid":"TUR.68.3_1","name2":"Bozova","engtype2":"District","type2":"District","provZh":"尚勒乌尔法省"},"geometry":{"type":"Polygon","coordinates":[[[38.08984,37.42013],[38.0899,37.34235],[38.12137,37.29011],[38.2386,37.23209],[38.26686,37.20409],[38.27426,37.14557],[38.33328,37.1032],[38.39035,37.09881],[38.40473,37.06112],[38.44552,37.11505],[38.4557,37.18826],[38.51593,37.16134],[38.65491,37.20589],[38.67736,37.31097],[38.74307,37.41246],[38.69624,37.49153],[38.57678,37.54255],[38.47832,37.48891],[38.33055,37.48438],[38.16901,37.40728],[38.08984,37.42013]]]}},{"type":"Feature","properties":{"gid":"TUR.68.4_1","name2":"Ceylanpınar","engtype2":"District","type2":"District","provZh":"尚勒乌尔法省"},"geometry":{"type":"Polygon","coordinates":[[[40.25517,36.91613],[40.17618,36.95328],[40.13234,37.0234],[40.118,37.12317],[39.53593,36.97451],[39.4824,36.97669],[39.42892,37.01468],[39.36311,37.03219],[39.32332,37.02865],[39.30411,36.9956],[39.32335,36.84394],[39.4073,36.79129],[39.50311,36.75924],[39.52895,36.70586],[39.84183,36.75532],[40.25517,36.91613]]]}},{"type":"Feature","properties":{"gid":"TUR.68.5_1","name2":"Halfeti","engtype2":"District","type2":"District","provZh":"尚勒乌尔法省"},"geometry":{"type":"Polygon","coordinates":[[[38.05151,37.43759],[37.97583,37.43397],[37.84837,37.31248],[37.83323,37.20306],[37.86257,37.11647],[37.997,37.11681],[38.07492,37.15826],[38.16559,37.17598],[38.2386,37.23209],[38.12137,37.29011],[38.0899,37.34235],[38.08984,37.42013],[38.05151,37.43759]]]}},{"type":"Feature","properties":{"gid":"TUR.68.6_1","name2":"Harran","engtype2":"District","type2":"District","provZh":"尚勒乌尔法省"},"geometry":{"type":"Polygon","coordinates":[[[39.53239,36.70599],[39.50311,36.75924],[39.32756,36.83918],[39.32541,36.89353],[39.16306,36.89339],[39.06216,36.92721],[38.89887,36.92156],[38.90486,36.79527],[39.02673,36.74578],[39.07394,36.69821],[39.22735,36.665],[39.53239,36.70599]]]}},{"type":"Feature","properties":{"gid":"TUR.68.7_1","name2":"Hilvan","engtype2":"District","type2":"District","provZh":"尚勒乌尔法省"},"geometry":{"type":"Polygon","coordinates":[[[38.68339,37.60323],[38.61017,37.57502],[38.57678,37.54255],[38.69624,37.49153],[38.74307,37.41246],[38.90969,37.39152],[38.98725,37.35846],[39.13182,37.37575],[39.2363,37.4683],[39.29129,37.55014],[39.26294,37.5992],[39.17181,37.60493],[39.10558,37.64771],[38.96196,37.6634],[38.90476,37.72481],[38.83071,37.69312],[38.82944,37.64244],[38.68339,37.60323]]]}},{"type":"Feature","properties":{"gid":"TUR.68.8_1","name2":"Merkez","engtype2":"District","type2":"District","provZh":"尚勒乌尔法省"},"geometry":{"type":"Polygon","coordinates":[[[38.89887,36.92156],[39.06216,36.92721],[39.16306,36.89339],[39.32541,36.89353],[39.30492,36.93732],[39.30686,37.00794],[39.34015,37.03261],[39.42892,37.01468],[39.45394,37.05365],[39.45491,37.18323],[39.34076,37.20345],[39.28782,37.32207],[39.2214,37.34327],[39.21188,37.39185],[39.18217,37.41525],[39.12349,37.37213],[39.00285,37.35768],[38.90969,37.39152],[38.74307,37.41246],[38.67736,37.31097],[38.67241,37.23409],[38.64814,37.20029],[38.51593,37.16134],[38.46732,37.19023],[38.45029,37.18259],[38.44552,37.11505],[38.40814,37.04327],[38.53655,36.96954],[38.56411,36.90777],[38.6496,36.8536],[38.89887,36.92156]]]}},{"type":"Feature","properties":{"gid":"TUR.68.9_1","name2":"Siverek","engtype2":"District","type2":"District","provZh":"尚勒乌尔法省"},"geometry":{"type":"Polygon","coordinates":[[[38.97815,37.7954],[38.95396,37.75104],[38.90476,37.72481],[38.9402,37.6758],[39.01882,37.6501],[39.10558,37.64771],[39.17181,37.60493],[39.25591,37.60136],[39.28814,37.57837],[39.28647,37.53107],[39.18217,37.41525],[39.21188,37.39185],[39.2214,37.34327],[39.28782,37.32207],[39.35135,37.19726],[39.46557,37.1868],[39.57049,37.2632],[39.56309,37.32196],[39.62028,37.3646],[39.65331,37.43835],[39.70965,37.49631],[39.76067,37.51922],[39.88358,37.52905],[39.84946,37.76291],[39.76157,37.83342],[39.66157,37.84017],[39.41054,37.99598],[39.2548,37.99921],[39.17875,38.03065],[39.0824,37.99643],[38.98008,37.89526],[38.97815,37.7954]]]}},{"type":"Feature","properties":{"gid":"TUR.68.10_1","name2":"Suruç","engtype2":"District","type2":"District","provZh":"尚勒乌尔法省"},"geometry":{"type":"Polygon","coordinates":[[[38.58031,36.82341],[38.59414,36.88688],[38.55795,36.91467],[38.54768,36.95481],[38.40995,37.04113],[38.39035,37.09881],[38.2904,37.10004],[38.24693,37.04752],[38.18016,37.06129],[38.14878,36.95339],[38.15546,36.88954],[38.25282,36.91349],[38.39854,36.89716],[38.58031,36.82341]]]}},{"type":"Feature","properties":{"gid":"TUR.68.11_1","name2":"Viranşehir","engtype2":"District","type2":"District","provZh":"尚勒乌尔法省"},"geometry":{"type":"Polygon","coordinates":[[[39.88358,37.52905],[39.72685,37.50721],[39.65331,37.43835],[39.62028,37.3646],[39.56309,37.32196],[39.57049,37.2632],[39.45491,37.18323],[39.45394,37.05365],[39.42892,37.01468],[39.45043,36.99028],[39.50465,36.9733],[39.59989,36.98707],[40.118,37.12317],[39.88358,37.52905]]]}},{"type":"Feature","properties":{"gid":"TUR.69.1_1","name2":"Aydınlar","engtype2":"District","type2":"District","provZh":"锡尔特省"},"geometry":{"type":"Polygon","coordinates":[[[42.13697,37.9879],[41.99462,38.00792],[42.02245,37.96911],[42.02113,37.92746],[42.08057,37.92991],[42.13697,37.9879]]]}},{"type":"Feature","properties":{"gid":"TUR.69.2_1","name2":"Baykan","engtype2":"District","type2":"District","provZh":"锡尔特省"},"geometry":{"type":"Polygon","coordinates":[[[41.60669,38.03848],[41.67719,38.02042],[41.93347,38.01766],[42.01866,38.08579],[42.03299,38.12346],[41.979,38.15625],[41.91658,38.14832],[41.67487,38.19519],[41.60669,38.03848]]]}},{"type":"Feature","properties":{"gid":"TUR.69.3_1","name2":"Eruh","engtype2":"District","type2":"District","provZh":"锡尔特省"},"geometry":{"type":"Polygon","coordinates":[[[41.87389,37.74025],[42.02057,37.68242],[42.31178,37.69375],[42.38312,37.72731],[42.44464,37.78639],[42.36008,37.87832],[42.35928,37.93321],[42.19087,37.95199],[42.13697,37.9879],[42.08057,37.92991],[41.97733,37.92298],[41.88244,37.8441],[41.83897,37.76422],[41.86824,37.75908],[41.87389,37.74025]]]}},{"type":"Feature","properties":{"gid":"TUR.69.4_1","name2":"Kurtalan","engtype2":"District","type2":"District","provZh":"锡尔特省"},"geometry":{"type":"Polygon","coordinates":[[[41.70092,37.77769],[41.76827,37.74274],[41.83897,37.76422],[41.87297,37.82111],[41.88244,37.8441],[41.80538,37.99103],[41.77568,38.01973],[41.60669,38.03848],[41.48128,38.02125],[41.48082,37.98624],[41.42595,37.94947],[41.41746,37.90815],[41.51866,37.85847],[41.73164,37.85506],[41.73793,37.82557],[41.70092,37.77769]]]}},{"type":"Feature","properties":{"gid":"TUR.69.5_1","name2":"Merkez","engtype2":"District","type2":"District","provZh":"锡尔特省"},"geometry":{"type":"Polygon","coordinates":[[[41.99462,38.00792],[41.77568,38.01973],[41.88244,37.8441],[41.97128,37.91991],[42.02113,37.92746],[42.02245,37.96911],[41.99462,38.00792]]]}},{"type":"Feature","properties":{"gid":"TUR.69.6_1","name2":"Pervari","engtype2":"District","type2":"District","provZh":"锡尔特省"},"geometry":{"type":"Polygon","coordinates":[[[42.54032,38.09015],[42.49464,38.03381],[42.41679,37.99946],[42.16631,37.96062],[42.35928,37.93321],[42.36008,37.87832],[42.44464,37.78639],[42.49952,37.83939],[42.61475,37.87951],[42.68384,37.87681],[42.76489,37.83432],[42.98531,37.80927],[42.98861,37.85489],[43.03906,37.93681],[42.9642,38.04708],[42.8357,38.06551],[42.73059,38.01205],[42.54032,38.09015]]]}},{"type":"Feature","properties":{"gid":"TUR.69.7_1","name2":"Şirvan","engtype2":"District","type2":"District","provZh":"锡尔特省"},"geometry":{"type":"Polygon","coordinates":[[[42.29816,38.18779],[42.20013,38.21748],[42.09523,38.20077],[42.04266,38.15836],[42.01866,38.08579],[41.93347,38.01766],[42.06842,38.00531],[42.13697,37.9879],[42.16631,37.96062],[42.41679,37.99946],[42.53228,38.06681],[42.54032,38.09015],[42.37169,38.13842],[42.29816,38.18779]]]}},{"type":"Feature","properties":{"gid":"TUR.70.1_1","name2":"Ayancık","engtype2":"District","type2":"District","provZh":"锡诺普省"},"geometry":{"type":"Polygon","coordinates":[[[34.5993,41.66898],[34.62663,41.7032],[34.7014,41.66234],[34.79452,41.68008],[34.77964,41.90111],[34.79827,41.95486],[34.62736,41.94153],[34.50792,41.95819],[34.4907,41.97681],[34.42632,41.96347],[34.43011,41.85358],[34.34088,41.74111],[34.4931,41.72484],[34.5993,41.66898]]]}},{"type":"Feature","properties":{"gid":"TUR.70.2_1","name2":"Boyabat","engtype2":"District","type2":"District","provZh":"锡诺普省"},"geometry":{"type":"Polygon","coordinates":[[[34.61341,41.2615],[34.65467,41.30266],[34.77695,41.35113],[34.92994,41.37614],[34.94431,41.5248],[34.92253,41.57931],[35.0947,41.59876],[35.04136,41.64473],[34.94936,41.64695],[34.84057,41.67918],[34.7014,41.66234],[34.61831,41.70024],[34.56706,41.59246],[34.46515,41.54088],[34.46379,41.51209],[34.4756,41.30389],[34.52149,41.27654],[34.61341,41.2615]]]}},{"type":"Feature","properties":{"gid":"TUR.70.3_1","name2":"Dikmen","engtype2":"District","type2":"District","provZh":"锡诺普省"},"geometry":{"type":"Polygon","coordinates":[[[35.46423,41.55881],[35.49873,41.64208],[35.41514,41.68347],[35.32736,41.70153],[35.30711,41.68111],[35.19789,41.66492],[35.14787,41.61714],[35.07966,41.58713],[35.1287,41.53246],[35.18288,41.52624],[35.24252,41.48526],[35.36057,41.50336],[35.41756,41.46983],[35.46423,41.55881]]]}},{"type":"Feature","properties":{"gid":"TUR.70.4_1","name2":"Durağan","engtype2":"District","type2":"District","provZh":"锡诺普省"},"geometry":{"type":"Polygon","coordinates":[[[35.41756,41.46983],[35.36057,41.50336],[35.24252,41.48526],[35.18288,41.52624],[35.1287,41.53246],[35.07966,41.58713],[34.935,41.58653],[34.92063,41.57485],[34.94431,41.5248],[34.9295,41.47815],[34.93166,41.32025],[34.93707,41.30763],[35.11984,41.37572],[35.22514,41.26618],[35.34814,41.25149],[35.40548,41.27554],[35.45226,41.35751],[35.41756,41.46983]]]}},{"type":"Feature","properties":{"gid":"TUR.70.5_1","name2":"Erfelek","engtype2":"District","type2":"District","provZh":"锡诺普省"},"geometry":{"type":"Polygon","coordinates":[[[34.79452,41.68008],[34.84057,41.67918],[34.85971,41.77503],[34.9735,41.86267],[34.97252,41.93554],[34.89778,42.01625],[34.79847,41.95514],[34.78342,41.92388],[34.79452,41.68008]]]}},{"type":"Feature","properties":{"gid":"TUR.70.6_1","name2":"Gerze","engtype2":"District","type2":"District","provZh":"锡诺普省"},"geometry":{"type":"Polygon","coordinates":[[[35.0947,41.59876],[35.14787,41.61714],[35.19789,41.66492],[35.30711,41.68111],[35.32406,41.70153],[35.20958,41.76597],[35.19347,41.79208],[35.20764,41.80236],[35.12533,41.8665],[35.0521,41.81186],[34.8984,41.7588],[34.88423,41.73497],[34.88666,41.67366],[34.94936,41.64695],[35.04857,41.64309],[35.0947,41.59876]]]}},{"type":"Feature","properties":{"gid":"TUR.70.7_1","name2":"Merkez","engtype2":"District","type2":"District","provZh":"锡诺普省"},"geometry":{"type":"Polygon","coordinates":[[[34.88666,41.67366],[34.8935,41.75542],[35.0521,41.81186],[35.12819,41.86708],[35.09014,41.92181],[35.0957,41.96569],[35.14097,42.02347],[35.20653,42.01264],[35.1932,42.04014],[35.07764,42.02681],[35.04375,42.04181],[35.05181,42.05986],[35.01625,42.09319],[34.94375,42.09736],[34.94903,42.07375],[34.89778,42.01625],[34.97252,41.93554],[34.97502,41.86787],[34.85802,41.77245],[34.84057,41.67918],[34.88666,41.67366]]]}},{"type":"Feature","properties":{"gid":"TUR.70.8_1","name2":"Saraydüzü","engtype2":"District","type2":"District","provZh":"锡诺普省"},"geometry":{"type":"Polygon","coordinates":[[[34.84486,41.19581],[34.93707,41.30763],[34.92994,41.37614],[34.77695,41.35113],[34.65467,41.30266],[34.61341,41.2615],[34.84486,41.19581]]]}},{"type":"Feature","properties":{"gid":"TUR.70.9_1","name2":"Türkeli","engtype2":"District","type2":"District","provZh":"锡诺普省"},"geometry":{"type":"Polygon","coordinates":[[[34.2691,41.75072],[34.26908,41.73907],[34.34088,41.74111],[34.36374,41.78716],[34.41718,41.8329],[34.43169,41.85857],[34.42632,41.96347],[34.30986,41.94097],[34.22653,41.95514],[34.22556,41.87402],[34.26717,41.80504],[34.2691,41.75072]]]}},{"type":"Feature","properties":{"gid":"TUR.71.1_1","name2":"Beytüşşebap","engtype2":"District","type2":"District","provZh":"舍尔纳克省"},"geometry":{"type":"Polygon","coordinates":[[[43.43496,37.41909],[43.43657,37.52254],[43.4957,37.7274],[43.31773,37.72792],[43.15652,37.76155],[43.05421,37.7636],[42.96357,37.81054],[42.89223,37.65887],[42.78162,37.53927],[42.90831,37.52736],[43.04281,37.45171],[43.235,37.42314],[43.43561,37.36124],[43.43496,37.41909]]]}},{"type":"Feature","properties":{"gid":"TUR.71.2_1","name2":"Cizre","engtype2":"District","type2":"District","provZh":"舍尔纳克省"},"geometry":{"type":"Polygon","coordinates":[[[42.4585,37.13239],[42.51708,37.13768],[42.45006,37.2622],[42.52731,37.40181],[42.31736,37.40345],[42.18783,37.44357],[42.17285,37.39657],[42.1889,37.32817],[42.15919,37.29848],[42.16651,37.26624],[42.2322,37.31736],[42.22083,37.27748],[42.29495,37.28093],[42.35742,37.22753],[42.33525,37.1857],[42.36371,37.10926],[42.4585,37.13239]]]}},{"type":"Feature","properties":{"gid":"TUR.71.3_1","name2":"Güçlükonak","engtype2":"District","type2":"District","provZh":"舍尔纳克省"},"geometry":{"type":"Polygon","coordinates":[[[41.94922,37.52552],[42.00956,37.46282],[42.11685,37.47201],[42.18783,37.44357],[42.1866,37.50343],[42.14402,37.60052],[42.16861,37.67184],[42.10231,37.69291],[42.01011,37.68422],[41.88888,37.7286],[41.95734,37.63767],[41.93355,37.5859],[41.94922,37.52552]]]}},{"type":"Feature","properties":{"gid":"TUR.71.4_1","name2":"İdil","engtype2":"District","type2":"District","provZh":"舍尔纳克省"},"geometry":{"type":"Polygon","coordinates":[[[42.16651,37.26624],[42.15919,37.29848],[42.1889,37.32817],[42.17285,37.39657],[42.18783,37.44357],[42.11685,37.47201],[42.00956,37.46282],[41.94922,37.52552],[41.90201,37.49836],[41.74073,37.46834],[41.74266,37.3234],[41.77228,37.28817],[41.85746,37.30156],[41.88799,37.20929],[41.86924,37.13902],[42.05733,37.18888],[42.16651,37.26624]]]}},{"type":"Feature","properties":{"gid":"TUR.71.5_1","name2":"Merkez","engtype2":"District","type2":"District","provZh":"舍尔纳克省"},"geometry":{"type":"Polygon","coordinates":[[[42.15909,37.68182],[42.17096,37.66166],[42.14402,37.60052],[42.1866,37.50343],[42.18783,37.44357],[42.31736,37.40345],[42.45082,37.41246],[42.69448,37.36839],[42.79523,37.41819],[42.76261,37.5288],[42.89223,37.65887],[42.96357,37.81054],[42.76489,37.83432],[42.68029,37.87778],[42.60341,37.87852],[42.49346,37.83566],[42.41054,37.74816],[42.32635,37.69716],[42.15909,37.68182]]]}},{"type":"Feature","properties":{"gid":"TUR.71.6_1","name2":"Silopi","engtype2":"District","type2":"District","provZh":"舍尔纳克省"},"geometry":{"type":"Polygon","coordinates":[[[42.82702,37.37258],[42.79523,37.41819],[42.68377,37.36705],[42.52731,37.40181],[42.45006,37.2622],[42.51708,37.13768],[42.59165,37.14725],[42.66455,37.26199],[42.70066,37.28542],[42.69933,37.30543],[42.74327,37.31804],[42.73081,37.34506],[42.79906,37.37748],[42.82702,37.37258]]]}},{"type":"Feature","properties":{"gid":"TUR.71.7_1","name2":"Uludere","engtype2":"District","type2":"District","provZh":"舍尔纳克省"},"geometry":{"type":"Polygon","coordinates":[[[43.50098,37.26836],[43.43782,37.33258],[43.43561,37.36124],[43.235,37.42314],[43.04281,37.45171],[42.90479,37.52832],[42.78162,37.53927],[42.76051,37.5237],[42.77884,37.44715],[42.84983,37.34686],[42.97369,37.31652],[43.0381,37.35548],[43.1674,37.37398],[43.32547,37.30364],[43.37004,37.32864],[43.50098,37.26836]]]}},{"type":"Feature","properties":{"gid":"TUR.72.1_1","name2":"Akıncılar","engtype2":"District","type2":"District","provZh":"锡瓦斯省"},"geometry":{"type":"Polygon","coordinates":[[[38.44741,39.96938],[38.5062,40.08943],[38.30519,40.16442],[38.19144,40.0503],[38.26758,39.97309],[38.40299,39.92131],[38.44741,39.96938]]]}},{"type":"Feature","properties":{"gid":"TUR.72.2_1","name2":"Altınyayla","engtype2":"District","type2":"District","provZh":"锡瓦斯省"},"geometry":{"type":"Polygon","coordinates":[[[36.83871,39.14977],[36.90895,39.23596],[36.9891,39.26047],[36.91379,39.3679],[36.84684,39.39713],[36.67424,39.33658],[36.65114,39.30313],[36.68039,39.22539],[36.6577,39.17585],[36.77733,39.17509],[36.83871,39.14977]]]}},{"type":"Feature","properties":{"gid":"TUR.72.3_1","name2":"Divriği","engtype2":"District","type2":"District","provZh":"锡瓦斯省"},"geometry":{"type":"Polygon","coordinates":[[[38.36642,39.63419],[38.25694,39.65167],[38.07001,39.60678],[37.94493,39.6034],[37.61576,39.41262],[37.78874,39.37439],[37.79725,39.26726],[37.89629,39.22272],[37.93945,39.16256],[37.93951,39.05908],[38.18142,39.07258],[38.27382,39.12646],[38.35455,39.13977],[38.38995,39.1874],[38.39641,39.41117],[38.34907,39.53656],[38.36642,39.63419]]]}},{"type":"Feature","properties":{"gid":"TUR.72.4_1","name2":"Doğanşar","engtype2":"District","type2":"District","provZh":"锡瓦斯省"},"geometry":{"type":"Polygon","coordinates":[[[37.64301,40.14809],[37.62841,40.22046],[37.56004,40.27639],[37.47169,40.23819],[37.43417,40.15342],[37.5843,40.13085],[37.64301,40.14809]]]}},{"type":"Feature","properties":{"gid":"TUR.72.5_1","name2":"Gemerek","engtype2":"District","type2":"District","provZh":"锡瓦斯省"},"geometry":{"type":"Polygon","coordinates":[[[36.37404,39.15341],[36.32352,39.18142],[36.31785,39.2336],[36.25444,39.31978],[36.13017,39.40787],[36.13966,39.47553],[36.0951,39.50024],[36.06618,39.50249],[35.97856,39.42294],[35.83805,39.33778],[35.81265,39.29945],[35.88544,39.27634],[35.96096,39.18782],[36.05143,39.1321],[36.30744,39.13026],[36.37404,39.15341]]]}},{"type":"Feature","properties":{"gid":"TUR.72.6_1","name2":"Gölova","engtype2":"District","type2":"District","provZh":"锡瓦斯省"},"geometry":{"type":"Polygon","coordinates":[[[38.77372,40.0488],[38.57075,40.11606],[38.51654,40.11524],[38.49217,40.10422],[38.50799,40.08034],[38.44741,39.96938],[38.72418,39.95657],[38.75243,39.97181],[38.77372,40.0488]]]}},{"type":"Feature","properties":{"gid":"TUR.72.7_1","name2":"Gürün","engtype2":"District","type2":"District","provZh":"锡瓦斯省"},"geometry":{"type":"Polygon","coordinates":[[[37.05989,38.57819],[37.28843,38.59591],[37.5013,38.71733],[37.57393,38.77638],[37.59457,38.81832],[37.55274,38.92592],[37.55877,38.98111],[37.41797,39.00346],[37.29528,39.05952],[37.25538,39.05589],[37.22784,39.00633],[37.19019,38.98921],[37.07601,38.99114],[36.93614,39.03617],[36.73234,38.59106],[36.93138,38.62867],[37.05989,38.57819]]]}},{"type":"Feature","properties":{"gid":"TUR.72.8_1","name2":"Hafik","engtype2":"District","type2":"District","provZh":"锡瓦斯省"},"geometry":{"type":"Polygon","coordinates":[[[37.43417,40.15342],[37.16879,40.19019],[37.07748,40.22293],[36.9679,40.18217],[37.12695,40.01807],[37.12119,39.97241],[37.20566,39.885],[37.18201,39.77945],[37.31956,39.70557],[37.45189,39.51902],[37.69619,39.60785],[37.70428,39.62383],[37.68572,39.66325],[37.64695,39.68842],[37.66698,39.72255],[37.65659,39.74494],[37.55658,39.80502],[37.53925,39.90992],[37.5421,40.02437],[37.57572,40.07478],[37.63948,40.11013],[37.64301,40.14809],[37.5843,40.13085],[37.43417,40.15342]]]}},{"type":"Feature","properties":{"gid":"TUR.72.9_1","name2":"İmranlı","engtype2":"District","type2":"District","provZh":"锡瓦斯省"},"geometry":{"type":"Polygon","coordinates":[[[38.43944,39.75685],[38.45047,39.78691],[38.53901,39.80432],[38.55265,39.83169],[38.52224,39.84823],[38.37502,39.83114],[38.36587,39.85836],[38.40299,39.92131],[38.25972,39.97818],[38.21378,39.94578],[38.15895,39.95618],[38.097,40.02298],[37.97721,39.93097],[37.9934,39.80228],[38.03856,39.70965],[38.1035,39.67947],[38.11806,39.62421],[38.26913,39.65245],[38.36642,39.63419],[38.36749,39.68607],[38.43944,39.75685]]]}},{"type":"Feature","properties":{"gid":"TUR.72.10_1","name2":"Kangal","engtype2":"District","type2":"District","provZh":"锡瓦斯省"},"geometry":{"type":"Polygon","coordinates":[[[36.93614,39.03617],[37.08733,38.98977],[37.20862,38.99281],[37.25126,39.0522],[37.27974,39.06008],[37.41797,39.00346],[37.55877,38.98111],[37.59425,39.01138],[37.78039,39.00111],[37.93951,39.05908],[37.9423,39.15091],[37.89629,39.22272],[37.79725,39.26726],[37.78454,39.37844],[37.61933,39.40852],[37.65109,39.44453],[37.51842,39.47093],[37.51249,39.54184],[37.14832,39.4299],[37.07451,39.37287],[37.05237,39.28355],[36.90178,39.23024],[36.83871,39.14977],[36.91714,39.10745],[36.94486,39.06164],[36.93614,39.03617]]]}},{"type":"Feature","properties":{"gid":"TUR.72.11_1","name2":"Koyulhisar","engtype2":"District","type2":"District","provZh":"锡瓦斯省"},"geometry":{"type":"Polygon","coordinates":[[[38.15565,40.50869],[38.0255,40.41412],[37.90162,40.39514],[37.82977,40.3444],[37.77206,40.32858],[37.71109,40.3479],[37.64787,40.45049],[37.58803,40.40842],[37.58262,40.34763],[37.55509,40.31819],[37.56004,40.27639],[37.62555,40.22459],[37.64446,40.17655],[37.80833,40.16242],[37.94632,40.08842],[37.98105,40.14505],[38.04735,40.20034],[38.02597,40.26082],[38.07491,40.27206],[38.06626,40.30689],[38.08269,40.33844],[38.13184,40.4129],[38.18567,40.44391],[38.15565,40.50869]]]}},{"type":"Feature","properties":{"gid":"TUR.72.12_1","name2":"Merkez","engtype2":"District","type2":"District","provZh":"锡瓦斯省"},"geometry":{"type":"Polygon","coordinates":[[[36.84684,39.39713],[36.96896,39.56696],[37.00194,39.58204],[37.14992,39.5914],[37.23865,39.53848],[37.33305,39.51991],[37.35762,39.48989],[37.45189,39.51902],[37.31956,39.70557],[37.18201,39.77945],[37.20566,39.885],[37.12119,39.97241],[37.12695,40.01807],[37.02519,40.11314],[36.8673,39.95741],[36.84769,39.88015],[36.85918,39.82856],[36.79007,39.76891],[36.7681,39.69121],[36.63527,39.66171],[36.55356,39.61834],[36.61936,39.55951],[36.62007,39.51732],[36.57893,39.47026],[36.6336,39.43104],[36.65037,39.35148],[36.70689,39.34072],[36.84684,39.39713]]]}},{"type":"Feature","properties":{"gid":"TUR.72.13_1","name2":"Şarkışla","engtype2":"District","type2":"District","provZh":"锡瓦斯省"},"geometry":{"type":"Polygon","coordinates":[[[36.6577,39.17585],[36.68039,39.22539],[36.65114,39.30313],[36.67424,39.33658],[36.63824,39.3661],[36.6336,39.43104],[36.57893,39.47026],[36.62214,39.52562],[36.60054,39.58665],[36.55356,39.61834],[36.43874,39.57648],[36.39822,39.62674],[36.32316,39.63299],[36.2456,39.67469],[36.14163,39.66542],[36.12201,39.60595],[36.06919,39.53653],[36.06618,39.50249],[36.13506,39.48264],[36.13017,39.40787],[36.25444,39.31978],[36.31785,39.2336],[36.32525,39.17934],[36.45937,39.13036],[36.59587,39.17458],[36.6577,39.17585]]]}},{"type":"Feature","properties":{"gid":"TUR.72.14_1","name2":"Suşehri","engtype2":"District","type2":"District","provZh":"锡瓦斯省"},"geometry":{"type":"Polygon","coordinates":[[[38.18567,40.44391],[38.13184,40.4129],[38.08269,40.33844],[38.06626,40.30689],[38.07491,40.27206],[38.02597,40.26082],[38.04735,40.20034],[37.98105,40.14505],[37.94632,40.08842],[37.97885,40.01197],[38.02118,39.96629],[38.097,40.02298],[38.15895,39.95618],[38.21378,39.94578],[38.25972,39.97818],[38.24048,40.01427],[38.19087,40.04799],[38.30519,40.16442],[38.2471,40.2034],[38.18567,40.44391]]]}},{"type":"Feature","properties":{"gid":"TUR.72.15_1","name2":"Ulaş","engtype2":"District","type2":"District","provZh":"锡瓦斯省"},"geometry":{"type":"Polygon","coordinates":[[[36.9891,39.26047],[37.05237,39.28355],[37.06113,39.35191],[37.13903,39.42494],[37.35452,39.50047],[37.32647,39.52264],[37.23865,39.53848],[37.14349,39.59263],[36.97097,39.56884],[36.84684,39.39713],[36.91379,39.3679],[36.9891,39.26047]]]}},{"type":"Feature","properties":{"gid":"TUR.72.16_1","name2":"Yıldızeli","engtype2":"District","type2":"District","provZh":"锡瓦斯省"},"geometry":{"type":"Polygon","coordinates":[[[36.9679,40.18217],[36.77358,40.22377],[36.70365,40.14624],[36.70913,40.08252],[36.64003,40.00558],[36.4425,39.94958],[36.22705,39.97758],[36.11805,39.94603],[35.98577,39.94587],[35.96333,39.90491],[36.04711,39.8527],[36.07005,39.78325],[36.12393,39.74604],[36.12236,39.69313],[36.2456,39.67469],[36.32316,39.63299],[36.39527,39.62803],[36.41607,39.58674],[36.44756,39.57713],[36.63527,39.66171],[36.7681,39.69121],[36.79007,39.76891],[36.85918,39.82856],[36.84769,39.88015],[36.8673,39.95741],[37.02519,40.11314],[36.9679,40.18217]]]}},{"type":"Feature","properties":{"gid":"TUR.72.17_1","name2":"Zara","engtype2":"District","type2":"District","provZh":"锡瓦斯省"},"geometry":{"type":"Polygon","coordinates":[[[38.11806,39.62421],[38.1035,39.67947],[38.03856,39.70965],[37.99104,39.8075],[37.97539,39.92558],[38.02118,39.96629],[37.97885,40.01197],[37.94632,40.08842],[37.80833,40.16242],[37.63591,40.17316],[37.6426,40.11503],[37.57572,40.07478],[37.5421,40.02437],[37.53925,39.90992],[37.55658,39.80502],[37.65659,39.74494],[37.66698,39.72255],[37.64695,39.68842],[37.68572,39.66325],[37.70377,39.61855],[37.51424,39.54553],[37.51393,39.4747],[37.66886,39.445],[37.73766,39.47112],[37.88705,39.58159],[38.11806,39.62421]]]}},{"type":"Feature","properties":{"gid":"TUR.73.1_1","name2":"Çerkezköy","engtype2":"District","type2":"District","provZh":"泰基尔达省"},"geometry":{"type":"Polygon","coordinates":[[[28.21969,41.48191],[28.01187,41.40014],[27.91088,41.4139],[27.87365,41.39358],[27.87338,41.36605],[27.96189,41.30316],[28.15606,41.25465],[28.19913,41.36326],[28.21969,41.48191]]]}},{"type":"Feature","properties":{"gid":"TUR.73.2_1","name2":"Çorlu","engtype2":"District","type2":"District","provZh":"泰基尔达省"},"geometry":{"type":"Polygon","coordinates":[[[28.15538,41.25237],[27.96189,41.30316],[27.88094,41.35545],[27.80075,41.34789],[27.74868,41.36255],[27.68209,41.44124],[27.608,41.29869],[27.68667,41.25839],[27.7324,41.19585],[27.73523,41.09198],[27.76401,41.05024],[27.76233,41.01404],[27.87792,40.96542],[27.89421,41.07502],[27.95938,41.1228],[28.05735,41.15075],[28.08757,41.21115],[28.15538,41.25237]]]}},{"type":"Feature","properties":{"gid":"TUR.73.3_1","name2":"Hayrabolu","engtype2":"District","type2":"District","provZh":"泰基尔达省"},"geometry":{"type":"Polygon","coordinates":[[[26.89196,41.13862],[26.9229,41.09591],[27.06594,41.05102],[27.07497,41.00329],[27.09324,40.99263],[27.17195,41.02375],[27.20816,41.07752],[27.39845,41.17416],[27.33797,41.20159],[27.33815,41.22614],[27.43607,41.25006],[27.3774,41.31007],[27.26217,41.3474],[26.95331,41.32547],[26.89835,41.34303],[26.89656,41.29404],[26.93637,41.24292],[26.94051,41.21025],[26.89196,41.13862]]]}},{"type":"Feature","properties":{"gid":"TUR.73.4_1","name2":"Malkara","engtype2":"District","type2":"District","provZh":"泰基尔达省"},"geometry":{"type":"Polygon","coordinates":[[[27.04153,40.76019],[27.18778,40.80266],[27.22128,40.84867],[27.18115,40.93311],[27.18769,40.9992],[27.17195,41.02375],[27.08391,40.99364],[27.06594,41.05102],[26.9229,41.09591],[26.89196,41.13862],[26.76766,41.09774],[26.74397,41.03451],[26.78302,40.99958],[26.73077,40.90273],[26.7353,40.7976],[26.78383,40.7462],[26.85857,40.74484],[26.98755,40.80206],[27.0206,40.79499],[27.04153,40.76019]]]}},{"type":"Feature","properties":{"gid":"TUR.73.5_1","name2":"Marmaraereğlisi","engtype2":"District","type2":"District","provZh":"泰基尔达省"},"geometry":{"type":"Polygon","coordinates":[[[28.05735,41.15075],[27.95938,41.1228],[27.89421,41.07502],[27.88514,40.96597],[27.96236,40.96486],[27.95681,40.97681],[28.01375,41.03431],[28.12325,41.05987],[28.05735,41.15075]]]}},{"type":"Feature","properties":{"gid":"TUR.73.6_1","name2":"Merkez","engtype2":"District","type2":"District","provZh":"泰基尔达省"},"geometry":{"type":"Polygon","coordinates":[[[27.76233,41.01404],[27.76401,41.05024],[27.73523,41.09198],[27.6879,41.08397],[27.61354,41.10715],[27.57553,41.14884],[27.48864,41.13947],[27.39845,41.17416],[27.20559,41.07593],[27.17195,41.02375],[27.18769,40.9992],[27.18115,40.93311],[27.22319,40.86509],[27.20159,40.82769],[27.27556,40.82552],[27.35023,40.84798],[27.44236,40.83514],[27.51069,40.97403],[27.76233,41.01404]]]}},{"type":"Feature","properties":{"gid":"TUR.73.7_1","name2":"Muratlı","engtype2":"District","type2":"District","provZh":"泰基尔达省"},"geometry":{"type":"Polygon","coordinates":[[[27.43607,41.25006],[27.34344,41.22921],[27.33245,41.20884],[27.47813,41.14201],[27.57553,41.14884],[27.64632,41.09428],[27.73523,41.09198],[27.7324,41.19585],[27.65364,41.28311],[27.608,41.29869],[27.52094,41.22115],[27.4814,41.22237],[27.43607,41.25006]]]}},{"type":"Feature","properties":{"gid":"TUR.73.8_1","name2":"Saray","engtype2":"District","type2":"District","provZh":"泰基尔达省"},"geometry":{"type":"Polygon","coordinates":[[[28.1993,41.54819],[28.18264,41.5718],[28.13168,41.57862],[27.86651,41.50082],[27.76388,41.50758],[27.67465,41.45775],[27.72705,41.37277],[27.78929,41.3489],[27.855,41.35003],[27.87812,41.35616],[27.87717,41.39806],[27.91088,41.4139],[28.01187,41.40014],[28.21969,41.48191],[28.23169,41.49908],[28.17791,41.53165],[28.1993,41.54819]]]}},{"type":"Feature","properties":{"gid":"TUR.73.9_1","name2":"Şarköy","engtype2":"District","type2":"District","provZh":"泰基尔达省"},"geometry":{"type":"Polygon","coordinates":[[[27.02944,40.59069],[27.14597,40.61486],[27.24181,40.66097],[27.30931,40.70236],[27.34208,40.76431],[27.44074,40.83486],[27.35023,40.84798],[27.27556,40.82552],[27.20159,40.82769],[27.17175,40.79514],[27.04153,40.76019],[27.02944,40.59069]]]}},{"type":"Feature","properties":{"gid":"TUR.74.1_1","name2":"Almus","engtype2":"District","type2":"District","provZh":"托卡特省"},"geometry":{"type":"Polygon","coordinates":[[[37.47169,40.23819],[37.28909,40.27167],[37.23416,40.3033],[37.12678,40.30692],[37.12432,40.36758],[36.92253,40.42799],[36.90176,40.40054],[36.83216,40.38929],[36.77344,40.26253],[36.78857,40.21211],[36.87366,40.21026],[36.9679,40.18217],[37.07748,40.22293],[37.16879,40.19019],[37.43417,40.15342],[37.47169,40.23819]]]}},{"type":"Feature","properties":{"gid":"TUR.74.2_1","name2":"Artova","engtype2":"District","type2":"District","provZh":"托卡特省"},"geometry":{"type":"Polygon","coordinates":[[[36.41253,40.19564],[36.31742,40.16585],[36.16056,40.19062],[36.11978,40.08661],[36.17991,40.04923],[36.40953,40.0664],[36.44224,40.11643],[36.41253,40.19564]]]}},{"type":"Feature","properties":{"gid":"TUR.74.3_1","name2":"Başçiftlik","engtype2":"District","type2":"District","provZh":"托卡特省"},"geometry":{"type":"Polygon","coordinates":[[[37.17243,40.41185],[37.20532,40.42407],[37.20494,40.44882],[37.10543,40.50737],[37.20888,40.51634],[37.23372,40.54053],[37.16089,40.56629],[37.14113,40.59429],[37.06925,40.5912],[37.0317,40.53416],[37.01773,40.45738],[37.17243,40.41185]]]}},{"type":"Feature","properties":{"gid":"TUR.74.4_1","name2":"Erbaa","engtype2":"District","type2":"District","provZh":"托卡特省"},"geometry":{"type":"Polygon","coordinates":[[[36.39721,40.59135],[36.44377,40.48013],[36.71338,40.53145],[36.74856,40.59782],[36.81271,40.66012],[36.93197,40.73946],[36.85107,40.75009],[36.69798,40.80878],[36.68491,40.82652],[36.69994,40.88086],[36.66508,40.89758],[36.44801,40.86983],[36.41676,40.82258],[36.45637,40.77014],[36.47281,40.70748],[36.44152,40.63233],[36.39721,40.59135]]]}},{"type":"Feature","properties":{"gid":"TUR.74.5_1","name2":"Merkez","engtype2":"District","type2":"District","provZh":"托卡特省"},"geometry":{"type":"Polygon","coordinates":[[[36.77358,40.22377],[36.77573,40.27809],[36.82588,40.38107],[36.9175,40.41835],[36.89505,40.45624],[36.84498,40.49071],[36.71338,40.53145],[36.44377,40.48013],[36.38419,40.34215],[36.41523,40.16943],[36.44224,40.11643],[36.40396,40.06553],[36.38664,40.00124],[36.4425,39.94958],[36.65918,40.01442],[36.71134,40.08755],[36.70098,40.14154],[36.77358,40.22377]]]}},{"type":"Feature","properties":{"gid":"TUR.74.6_1","name2":"Niksar","engtype2":"District","type2":"District","provZh":"托卡特省"},"geometry":{"type":"Polygon","coordinates":[[[36.93197,40.73946],[36.81271,40.66012],[36.74856,40.59782],[36.71338,40.53145],[36.85125,40.48811],[36.95231,40.4131],[37.12432,40.36758],[37.17243,40.41185],[37.01773,40.45738],[37.04909,40.57444],[37.08342,40.59562],[37.14113,40.59429],[37.16953,40.61818],[37.29868,40.62177],[37.3126,40.65027],[37.18733,40.70416],[37.07832,40.68881],[36.97517,40.70256],[36.93197,40.73946]]]}},{"type":"Feature","properties":{"gid":"TUR.74.7_1","name2":"Pazar","engtype2":"District","type2":"District","provZh":"托卡特省"},"geometry":{"type":"Polygon","coordinates":[[[36.41253,40.19564],[36.38572,40.28853],[36.32237,40.26186],[36.20415,40.26854],[36.14359,40.22973],[36.16056,40.19062],[36.30556,40.16631],[36.41253,40.19564]]]}},{"type":"Feature","properties":{"gid":"TUR.74.8_1","name2":"Reşadiye","engtype2":"District","type2":"District","provZh":"托卡特省"},"geometry":{"type":"Polygon","coordinates":[[[37.31242,40.62787],[37.25087,40.60999],[37.17663,40.61934],[37.14502,40.60118],[37.16089,40.56629],[37.23419,40.53777],[37.20888,40.51634],[37.10543,40.50737],[37.11066,40.49179],[37.19064,40.46454],[37.20957,40.43629],[37.12432,40.36758],[37.12169,40.31081],[37.23416,40.3033],[37.28909,40.27167],[37.47169,40.23819],[37.56004,40.27639],[37.55509,40.31819],[37.58262,40.34763],[37.58803,40.40842],[37.64787,40.45049],[37.61164,40.55114],[37.46626,40.56314],[37.34712,40.62705],[37.31242,40.62787]]]}},{"type":"Feature","properties":{"gid":"TUR.74.9_1","name2":"Sulusaray","engtype2":"District","type2":"District","provZh":"托卡特省"},"geometry":{"type":"Polygon","coordinates":[[[36.22705,39.97758],[36.17991,40.04923],[36.11978,40.08661],[36.0053,40.05787],[35.96294,40.02292],[35.98577,39.94587],[36.11805,39.94603],[36.22705,39.97758]]]}},{"type":"Feature","properties":{"gid":"TUR.74.10_1","name2":"Turhal","engtype2":"District","type2":"District","provZh":"托卡特省"},"geometry":{"type":"Polygon","coordinates":[[[35.79323,40.4334],[35.82595,40.40252],[35.96403,40.34293],[36.0597,40.32243],[36.082,40.28755],[36.08522,40.20626],[36.16056,40.19062],[36.14359,40.22973],[36.17371,40.25754],[36.22663,40.27102],[36.32237,40.26186],[36.38572,40.28853],[36.3856,40.34821],[36.44377,40.48013],[36.39721,40.59135],[36.3252,40.52368],[36.17234,40.44756],[36.04346,40.45886],[35.95845,40.50233],[35.85947,40.5041],[35.83029,40.49118],[35.79323,40.4334]]]}},{"type":"Feature","properties":{"gid":"TUR.74.11_1","name2":"Yeşilyurt","engtype2":"District","type2":"District","provZh":"托卡特省"},"geometry":{"type":"Polygon","coordinates":[[[36.42102,39.9563],[36.38384,40.009],[36.40396,40.06553],[36.17991,40.04923],[36.24021,39.97242],[36.42102,39.9563]]]}},{"type":"Feature","properties":{"gid":"TUR.74.12_1","name2":"Zile","engtype2":"District","type2":"District","provZh":"托卡特省"},"geometry":{"type":"Polygon","coordinates":[[[35.51207,40.18978],[35.63321,40.0872],[35.83271,40.07328],[35.91975,40.08484],[35.96475,40.03184],[36.03563,40.06956],[36.11978,40.08661],[36.16056,40.19062],[36.08522,40.20626],[36.082,40.28755],[36.0597,40.32243],[35.96403,40.34293],[35.82595,40.40252],[35.79323,40.4334],[35.71619,40.32626],[35.57638,40.27422],[35.52963,40.23553],[35.51207,40.18978]]]}},{"type":"Feature","properties":{"gid":"TUR.75.1_1","name2":"Akçaabat","engtype2":"District","type2":"District","provZh":"特拉布宗省"},"geometry":{"type":"Polygon","coordinates":[[[39.40514,41.10153],[39.40326,40.97199],[39.37369,40.92688],[39.46316,40.89011],[39.45823,40.82591],[39.57904,40.85903],[39.5988,40.87872],[39.61431,41.0132],[39.56597,41.02597],[39.48625,41.09208],[39.40514,41.10153]]]}},{"type":"Feature","properties":{"gid":"TUR.75.2_1","name2":"Araklı","engtype2":"District","type2":"District","provZh":"特拉布宗省"},"geometry":{"type":"Polygon","coordinates":[[[40.00488,40.65854],[39.98783,40.72578],[40.04718,40.86833],[40.03514,40.95958],[39.99903,40.96081],[39.98549,40.90935],[39.94689,40.87232],[39.93911,40.81369],[39.84023,40.69247],[39.82598,40.62499],[39.89094,40.61501],[39.92637,40.57383],[39.96867,40.56064],[39.99657,40.59143],[39.97467,40.6369],[40.00488,40.65854]]]}},{"type":"Feature","properties":{"gid":"TUR.75.3_1","name2":"Arsin","engtype2":"District","type2":"District","provZh":"特拉布宗省"},"geometry":{"type":"Polygon","coordinates":[[[39.84023,40.69247],[39.93911,40.81369],[39.94689,40.87232],[39.98549,40.90935],[39.99875,40.96153],[39.88473,40.95403],[39.88135,40.854],[39.80595,40.71658],[39.84023,40.69247]]]}},{"type":"Feature","properties":{"gid":"TUR.75.4_1","name2":"Beşikdüzü","engtype2":"District","type2":"District","provZh":"特拉布宗省"},"geometry":{"type":"Polygon","coordinates":[[[39.14455,41.00799],[39.17628,40.99343],[39.17613,40.94419],[39.2254,40.94587],[39.23819,41.05153],[39.1787,41.07403],[39.14455,41.00799]]]}},{"type":"Feature","properties":{"gid":"TUR.75.5_1","name2":"Çarşıbaşı","engtype2":"District","type2":"District","provZh":"特拉布宗省"},"geometry":{"type":"Polygon","coordinates":[[[39.40514,41.10153],[39.29803,41.0532],[39.40326,40.97199],[39.40514,41.10153]]]}},{"type":"Feature","properties":{"gid":"TUR.75.6_1","name2":"Çaykara","engtype2":"District","type2":"District","provZh":"特拉布宗省"},"geometry":{"type":"Polygon","coordinates":[[[40.2859,40.51444],[40.48348,40.53534],[40.47891,40.62859],[40.36798,40.69683],[40.34712,40.78339],[40.18195,40.78369],[40.16637,40.64413],[40.10813,40.57055],[40.09298,40.51235],[40.20972,40.50019],[40.2859,40.51444]]]}},{"type":"Feature","properties":{"gid":"TUR.75.7_1","name2":"Dernekpazarı","engtype2":"District","type2":"District","provZh":"特拉布宗省"},"geometry":{"type":"Polygon","coordinates":[[[40.34712,40.78339],[40.36137,40.80899],[40.34561,40.83484],[40.27069,40.83851],[40.1988,40.8266],[40.18195,40.78369],[40.34712,40.78339]]]}},{"type":"Feature","properties":{"gid":"TUR.75.8_1","name2":"Düzköy","engtype2":"District","type2":"District","provZh":"特拉布宗省"},"geometry":{"type":"Polygon","coordinates":[[[39.37369,40.92688],[39.32535,40.89087],[39.36678,40.81627],[39.45823,40.82591],[39.46316,40.89011],[39.37369,40.92688]]]}},{"type":"Feature","properties":{"gid":"TUR.75.9_1","name2":"Hayrat","engtype2":"District","type2":"District","provZh":"特拉布宗省"},"geometry":{"type":"Polygon","coordinates":[[[40.46918,40.86133],[40.40932,40.95451],[40.3521,40.90707],[40.3516,40.72255],[40.41706,40.65664],[40.47891,40.62859],[40.5144,40.72337],[40.46918,40.86133]]]}},{"type":"Feature","properties":{"gid":"TUR.75.10_1","name2":"Köprübaşı","engtype2":"District","type2":"District","provZh":"特拉布宗省"},"geometry":{"type":"Polygon","coordinates":[[[40.10813,40.57055],[40.16637,40.64413],[40.19883,40.83825],[40.10731,40.83469],[40.06564,40.77657],[40.06268,40.67395],[40.04033,40.6381],[40.10813,40.57055]]]}},{"type":"Feature","properties":{"gid":"TUR.75.11_1","name2":"Maçka","engtype2":"District","type2":"District","provZh":"特拉布宗省"},"geometry":{"type":"Polygon","coordinates":[[[39.77802,40.69231],[39.74792,40.7485],[39.76568,40.86719],[39.65422,40.8944],[39.53681,40.84108],[39.36678,40.81627],[39.26756,40.73394],[39.26841,40.70509],[39.31348,40.66615],[39.65782,40.55917],[39.72812,40.58147],[39.77802,40.69231]]]}},{"type":"Feature","properties":{"gid":"TUR.75.12_1","name2":"Merkez","engtype2":"District","type2":"District","provZh":"特拉布宗省"},"geometry":{"type":"Polygon","coordinates":[[[39.5988,40.87872],[39.65422,40.8944],[39.76568,40.86719],[39.76669,40.9307],[39.82216,40.98569],[39.7207,41.01208],[39.66292,40.99486],[39.61446,41.01292],[39.5988,40.87872]]]}},{"type":"Feature","properties":{"gid":"TUR.75.13_1","name2":"Of","engtype2":"District","type2":"District","provZh":"特拉布宗省"},"geometry":{"type":"Polygon","coordinates":[[[40.33486,40.99516],[40.21277,40.92458],[40.1988,40.8266],[40.34561,40.83484],[40.3521,40.90707],[40.3943,40.95452],[40.33486,40.99516]]]}},{"type":"Feature","properties":{"gid":"TUR.75.14_1","name2":"Şalpazarı","engtype2":"District","type2":"District","provZh":"特拉布宗省"},"geometry":{"type":"Polygon","coordinates":[[[39.14961,40.77551],[39.19501,40.75125],[39.20024,40.82715],[39.1786,40.86065],[39.17628,40.99343],[39.14455,41.00799],[39.11921,40.96025],[39.1165,40.87101],[39.14961,40.77551]]]}},{"type":"Feature","properties":{"gid":"TUR.75.15_1","name2":"Sürmene","engtype2":"District","type2":"District","provZh":"特拉布宗省"},"geometry":{"type":"Polygon","coordinates":[[[40.04033,40.6381],[40.06268,40.67395],[40.06794,40.78164],[40.10731,40.83469],[40.19883,40.83825],[40.21264,40.92486],[40.12014,40.91208],[40.04552,40.95597],[40.04718,40.86833],[39.98783,40.72578],[40.00488,40.65854],[40.04033,40.6381]]]}},{"type":"Feature","properties":{"gid":"TUR.75.16_1","name2":"Tonya","engtype2":"District","type2":"District","provZh":"特拉布宗省"},"geometry":{"type":"Polygon","coordinates":[[[39.26841,40.70509],[39.27425,40.75012],[39.36678,40.81627],[39.30193,40.92699],[39.17613,40.94419],[39.1786,40.86065],[39.20024,40.82715],[39.19501,40.75125],[39.26841,40.70509]]]}},{"type":"Feature","properties":{"gid":"TUR.75.17_1","name2":"Vakfıkebir","engtype2":"District","type2":"District","provZh":"特拉布宗省"},"geometry":{"type":"Polygon","coordinates":[[[39.40326,40.97199],[39.29803,41.0532],[39.23819,41.05125],[39.2254,40.94587],[39.29924,40.92848],[39.32535,40.89087],[39.40326,40.97199]]]}},{"type":"Feature","properties":{"gid":"TUR.75.18_1","name2":"Yomra","engtype2":"District","type2":"District","provZh":"特拉布宗省"},"geometry":{"type":"Polygon","coordinates":[[[39.80595,40.71658],[39.88324,40.86312],[39.88473,40.95403],[39.82819,40.98597],[39.7654,40.92789],[39.74773,40.76941],[39.77802,40.69231],[39.80595,40.71658]]]}},{"type":"Feature","properties":{"gid":"TUR.76.1_1","name2":"Çemişgezek","engtype2":"District","type2":"District","provZh":"通杰利省"},"geometry":{"type":"Polygon","coordinates":[[[38.82094,38.87383],[39.02745,38.89573],[39.02443,38.93516],[39.06541,38.98896],[39.07049,39.04239],[39.10537,39.07348],[39.01077,39.15597],[38.94889,39.24423],[38.92638,39.25006],[38.89365,39.2135],[38.77346,39.18214],[38.72688,39.11575],[38.78188,38.99328],[38.76944,38.89875],[38.82094,38.87383]]]}},{"type":"Feature","properties":{"gid":"TUR.76.2_1","name2":"Hozat","engtype2":"District","type2":"District","provZh":"通杰利省"},"geometry":{"type":"Polygon","coordinates":[[[39.10537,39.07348],[39.1455,39.00452],[39.20844,38.97747],[39.2567,38.97848],[39.32495,39.02048],[39.38389,39.02271],[39.40218,39.10979],[39.47143,39.13298],[39.48945,39.22054],[39.4483,39.24155],[39.37952,39.22773],[39.34041,39.1979],[39.18414,39.1986],[39.17414,39.24406],[39.1994,39.26689],[39.18286,39.2788],[39.07542,39.2216],[38.94889,39.24423],[39.01077,39.15597],[39.10537,39.07348]]]}},{"type":"Feature","properties":{"gid":"TUR.76.3_1","name2":"Mazgirt","engtype2":"District","type2":"District","provZh":"通杰利省"},"geometry":{"type":"Polygon","coordinates":[[[39.89296,39.06624],[39.84953,39.09724],[39.80304,39.05975],[39.61767,39.05674],[39.55777,39.01742],[39.5503,38.97714],[39.62787,38.94761],[39.66513,38.90543],[39.63027,38.80182],[39.77246,38.81531],[39.83971,38.86561],[39.8932,38.9471],[39.89322,38.99279],[39.86678,39.03966],[39.89296,39.06624]]]}},{"type":"Feature","properties":{"gid":"TUR.76.4_1","name2":"Merkez","engtype2":"District","type2":"District","provZh":"通杰利省"},"geometry":{"type":"Polygon","coordinates":[[[39.38389,39.02271],[39.4488,38.97746],[39.5503,38.97714],[39.55368,39.0126],[39.61047,39.05511],[39.73687,39.04811],[39.81239,39.06397],[39.84953,39.09724],[39.76219,39.16656],[39.81687,39.17931],[39.8431,39.26912],[39.75215,39.35075],[39.66645,39.332],[39.64378,39.26019],[39.56588,39.2529],[39.48945,39.22054],[39.47143,39.13298],[39.40218,39.10979],[39.38389,39.02271]]]}},{"type":"Feature","properties":{"gid":"TUR.76.5_1","name2":"Nazımiye","engtype2":"District","type2":"District","provZh":"通杰利省"},"geometry":{"type":"Polygon","coordinates":[[[40.09867,39.31428],[39.89978,39.31475],[39.8224,39.3688],[39.76234,39.35756],[39.75215,39.35075],[39.77711,39.31844],[39.84366,39.26661],[39.81687,39.17931],[39.76289,39.16164],[39.89296,39.06624],[39.92956,39.0907],[40.00977,39.08989],[40.04345,39.14479],[40.03183,39.20495],[40.09867,39.31428]]]}},{"type":"Feature","properties":{"gid":"TUR.76.6_1","name2":"Ovacık","engtype2":"District","type2":"District","provZh":"通杰利省"},"geometry":{"type":"Polygon","coordinates":[[[38.79291,39.27996],[38.8339,39.25762],[39.05593,39.22045],[39.18838,39.27805],[39.1994,39.26689],[39.17414,39.24406],[39.18117,39.19962],[39.34041,39.1979],[39.39305,39.23146],[39.45514,39.24141],[39.48945,39.22054],[39.56588,39.2529],[39.63806,39.25745],[39.65962,39.32631],[39.70808,39.34466],[39.68562,39.4432],[39.618,39.44404],[39.6025,39.48591],[39.47746,39.47697],[39.30752,39.49954],[39.09769,39.46172],[38.96606,39.37566],[38.83395,39.32939],[38.79291,39.27996]]]}},{"type":"Feature","properties":{"gid":"TUR.76.7_1","name2":"Pertek","engtype2":"District","type2":"District","provZh":"通杰利省"},"geometry":{"type":"Polygon","coordinates":[[[39.63027,38.80182],[39.66616,38.90017],[39.63457,38.94203],[39.57075,38.975],[39.44508,38.97848],[39.39044,39.02154],[39.32495,39.02048],[39.2567,38.97848],[39.20844,38.97747],[39.1455,39.00452],[39.10537,39.07348],[39.07336,39.04782],[39.06541,38.98896],[39.02443,38.93516],[39.02745,38.89573],[39.49058,38.74916],[39.63027,38.80182]]]}},{"type":"Feature","properties":{"gid":"TUR.76.8_1","name2":"Pülümür","engtype2":"District","type2":"District","provZh":"通杰利省"},"geometry":{"type":"Polygon","coordinates":[[[40.39086,39.3945],[40.33384,39.42523],[40.51652,39.50399],[40.54323,39.54778],[40.14209,39.55763],[39.98635,39.51869],[39.88588,39.54995],[39.77057,39.51818],[39.68562,39.4432],[39.70808,39.34466],[39.81229,39.37103],[39.89978,39.31475],[39.99105,39.30449],[40.06001,39.32504],[40.20206,39.28889],[40.39086,39.3945]]]}},{"type":"Feature","properties":{"gid":"TUR.77.1_1","name2":"Banaz","engtype2":"District","type2":"District","provZh":"乌沙克省"},"geometry":{"type":"Polygon","coordinates":[[[29.89437,38.70968],[29.89125,38.79012],[29.86271,38.85515],[29.66875,38.88997],[29.45601,38.82603],[29.47606,38.78238],[29.58925,38.7377],[29.59873,38.61905],[29.64399,38.59019],[29.73525,38.56932],[29.77184,38.50596],[29.87276,38.64422],[29.89437,38.70968]]]}},{"type":"Feature","properties":{"gid":"TUR.77.2_1","name2":"Eşme","engtype2":"District","type2":"District","provZh":"乌沙克省"},"geometry":{"type":"Polygon","coordinates":[[[29.22126,38.19554],[29.17281,38.26594],[29.15611,38.39449],[29.15755,38.48775],[29.19452,38.56611],[28.97804,38.68937],[28.87878,38.63742],[28.84107,38.52634],[28.8555,38.38863],[28.82543,38.35532],[28.92095,38.26545],[29.22126,38.19554]]]}},{"type":"Feature","properties":{"gid":"TUR.77.3_1","name2":"Karahallı","engtype2":"District","type2":"District","provZh":"乌沙克省"},"geometry":{"type":"Polygon","coordinates":[[[29.57592,38.19177],[29.59413,38.27233],[29.65136,38.3547],[29.53331,38.4098],[29.46766,38.40768],[29.42822,38.36294],[29.4259,38.26173],[29.57592,38.19177]]]}},{"type":"Feature","properties":{"gid":"TUR.77.4_1","name2":"Merkez","engtype2":"District","type2":"District","provZh":"乌沙克省"},"geometry":{"type":"Polygon","coordinates":[[[29.03649,38.7277],[28.97804,38.68937],[29.15453,38.57969],[29.26975,38.55782],[29.33112,38.48815],[29.43443,38.46059],[29.48746,38.46199],[29.50591,38.5192],[29.60688,38.61086],[29.58925,38.7377],[29.47606,38.78238],[29.45601,38.82603],[29.27779,38.77217],[29.23379,38.73334],[29.03649,38.7277]]]}},{"type":"Feature","properties":{"gid":"TUR.77.5_1","name2":"Sivaslı","engtype2":"District","type2":"District","provZh":"乌沙克省"},"geometry":{"type":"Polygon","coordinates":[[[29.77184,38.50596],[29.73525,38.56932],[29.60688,38.61086],[29.49062,38.49606],[29.48631,38.41304],[29.53331,38.4098],[29.65136,38.3547],[29.67362,38.41886],[29.75541,38.45411],[29.77184,38.50596]]]}},{"type":"Feature","properties":{"gid":"TUR.77.6_1","name2":"Ulubey","engtype2":"District","type2":"District","provZh":"乌沙克省"},"geometry":{"type":"Polygon","coordinates":[[[29.4259,38.26173],[29.42822,38.36294],[29.48631,38.41304],[29.48746,38.46199],[29.33767,38.48544],[29.26975,38.55782],[29.19452,38.56611],[29.15755,38.48775],[29.15611,38.39449],[29.17281,38.26594],[29.22126,38.19554],[29.4259,38.26173]]]}},{"type":"Feature","properties":{"gid":"TUR.78.1_1","name2":"Bahçesaray","engtype2":"District","type2":"District","provZh":"凡城省"},"geometry":{"type":"Polygon","coordinates":[[[42.8357,38.06551],[42.9642,38.04708],[43.03906,37.93681],[43.10476,37.95635],[43.07841,38.00392],[43.11971,38.06191],[43.0485,38.12673],[43.07988,38.18023],[42.91874,38.20267],[42.81631,38.17698],[42.77608,38.13263],[42.8357,38.06551]]]}},{"type":"Feature","properties":{"gid":"TUR.78.2_1","name2":"Başkale","engtype2":"District","type2":"District","provZh":"凡城省"},"geometry":{"type":"Polygon","coordinates":[[[44.41077,37.85531],[44.33904,37.87406],[44.27629,37.86632],[44.23886,37.88712],[44.24052,37.90356],[44.3225,38.06969],[44.35263,38.09919],[44.37923,38.09763],[44.36409,38.12715],[44.40479,38.14495],[44.40821,38.25122],[44.42693,38.27818],[44.49154,38.30873],[44.39024,38.28816],[44.17538,38.29559],[44.13467,38.26656],[44.10832,38.20785],[44.01378,38.1843],[44.00626,38.01642],[43.96389,37.93275],[43.94666,37.83894],[43.94759,37.76888],[43.96967,37.7268],[44.05825,37.71609],[44.20471,37.76851],[44.24647,37.70339],[44.22287,37.63418],[44.25206,37.62717],[44.33672,37.6569],[44.42198,37.64657],[44.51018,37.69788],[44.57462,37.76714],[44.46299,37.76839],[44.47021,37.7979],[44.41367,37.82163],[44.41077,37.85531]]]}},{"type":"Feature","properties":{"gid":"TUR.78.3_1","name2":"Çaldıran","engtype2":"District","type2":"District","provZh":"凡城省"},"geometry":{"type":"Polygon","coordinates":[[[44.04974,39.36075],[43.71635,39.3702],[43.79847,39.2693],[43.78385,39.15058],[43.82799,39.09465],[43.81671,38.9854],[43.92604,38.87923],[44.05944,38.87258],[44.09521,38.93287],[44.19112,38.96119],[44.1816,39.00447],[44.21915,39.02131],[44.20054,39.06901],[44.15205,39.092],[44.18689,39.11629],[44.23231,39.10028],[44.22776,39.1204],[44.17645,39.17237],[44.1133,39.2021],[44.11509,39.23867],[44.09812,39.25422],[44.1117,39.28645],[44.04974,39.36075]]]}},{"type":"Feature","properties":{"gid":"TUR.78.4_1","name2":"Çatak","engtype2":"District","type2":"District","provZh":"凡城省"},"geometry":{"type":"Polygon","coordinates":[[[43.54076,37.72737],[43.50391,37.813],[43.39163,37.89663],[43.40667,37.9646],[43.3933,38.05239],[43.4824,38.05536],[43.47958,38.15437],[43.42534,38.25173],[43.23146,38.25001],[43.07988,38.18023],[43.0485,38.12673],[43.11971,38.06191],[43.07841,38.00392],[43.10552,37.95879],[43.02039,37.91525],[42.98666,37.84918],[42.99322,37.79417],[43.05421,37.7636],[43.15652,37.76155],[43.30963,37.72874],[43.54076,37.72737]]]}},{"type":"Feature","properties":{"gid":"TUR.78.5_1","name2":"Edremit","engtype2":"District","type2":"District","provZh":"凡城省"},"geometry":{"type":"Polygon","coordinates":[[[42.94624,38.61435],[42.91101,38.54809],[43.19821,38.35872],[43.44504,38.33477],[43.55722,38.40263],[43.46589,38.46999],[43.21358,38.53341],[43.15106,38.57552],[43.01603,38.62193],[42.94624,38.61435]]]}},{"type":"Feature","properties":{"gid":"TUR.78.6_1","name2":"Erciş","engtype2":"District","type2":"District","provZh":"凡城省"},"geometry":{"type":"Polygon","coordinates":[[[43.35878,39.38728],[43.29376,39.40276],[43.19167,39.32807],[43.08235,39.31249],[43.08467,39.28419],[43.16561,39.2399],[43.16763,39.16597],[43.1447,39.13629],[43.02248,39.09549],[43.00328,39.03143],[43.01144,38.97982],[43.12785,38.93338],[43.19791,38.88017],[43.28668,38.88271],[43.44328,38.94817],[43.59235,38.9513],[43.57353,39.05338],[43.63219,39.11643],[43.62025,39.20857],[43.648,39.25916],[43.64554,39.30243],[43.57521,39.2894],[43.48866,39.33086],[43.42658,39.38889],[43.35878,39.38728]]]}},{"type":"Feature","properties":{"gid":"TUR.78.7_1","name2":"Gevaş","engtype2":"District","type2":"District","provZh":"凡城省"},"geometry":{"type":"Polygon","coordinates":[[[42.79896,38.1684],[42.91874,38.20267],[43.07988,38.18023],[43.23146,38.25001],[43.42534,38.25173],[43.42299,38.30247],[43.44504,38.33477],[43.19486,38.35999],[42.91101,38.54809],[42.87128,38.51251],[42.72961,38.45822],[42.68779,38.42295],[42.73924,38.27729],[42.71854,38.20607],[42.75568,38.17525],[42.79896,38.1684]]]}},{"type":"Feature","properties":{"gid":"TUR.78.8_1","name2":"Gürpınar","engtype2":"District","type2":"District","provZh":"凡城省"},"geometry":{"type":"Polygon","coordinates":[[[43.89272,37.70043],[43.96967,37.7268],[43.94759,37.76888],[43.94666,37.83894],[43.96389,37.93275],[44.00626,38.01642],[44.00889,38.17697],[44.10832,38.20785],[44.13467,38.26656],[44.17538,38.29559],[44.1171,38.34266],[44.0529,38.43715],[43.82672,38.51366],[43.63079,38.44567],[43.4268,38.31144],[43.42534,38.25173],[43.47958,38.15437],[43.4824,38.05536],[43.3933,38.05239],[43.40667,37.9646],[43.3907,37.90503],[43.40975,37.87012],[43.50391,37.813],[43.54076,37.72737],[43.78457,37.7262],[43.89272,37.70043]]]}},{"type":"Feature","properties":{"gid":"TUR.78.9_1","name2":"Merkez","engtype2":"District","type2":"District","provZh":"凡城省"},"geometry":{"type":"Polygon","coordinates":[[[42.96453,38.6213],[43.01603,38.62193],[43.15106,38.57552],[43.21358,38.53341],[43.46912,38.46881],[43.55722,38.40263],[43.70871,38.48185],[43.82672,38.51366],[43.87362,38.6751],[43.82492,38.7446],[43.77572,38.73064],[43.71295,38.74185],[43.62485,38.78256],[43.58949,38.8401],[43.59235,38.9513],[43.45492,38.94954],[43.28291,38.88168],[43.19791,38.88017],[43.17849,38.79753],[43.06327,38.72976],[42.96453,38.6213]]]}},{"type":"Feature","properties":{"gid":"TUR.78.10_1","name2":"Muradiye","engtype2":"District","type2":"District","provZh":"凡城省"},"geometry":{"type":"Polygon","coordinates":[[[43.64554,39.30243],[43.648,39.25916],[43.62025,39.20857],[43.63219,39.11643],[43.57353,39.05338],[43.58949,38.8401],[43.65787,38.75704],[43.78245,38.73128],[43.82492,38.7446],[43.81999,38.85957],[43.92604,38.87923],[43.81563,38.98808],[43.82799,39.09465],[43.78518,39.14219],[43.80003,39.25224],[43.78351,39.29559],[43.71635,39.3702],[43.64554,39.30243]]]}},{"type":"Feature","properties":{"gid":"TUR.78.11_1","name2":"Özalp","engtype2":"District","type2":"District","provZh":"凡城省"},"geometry":{"type":"Polygon","coordinates":[[[44.19112,38.96119],[44.09521,38.93287],[44.05282,38.8698],[43.89493,38.87956],[43.818,38.85747],[43.82492,38.7446],[43.87362,38.6751],[43.82672,38.51366],[44.0529,38.43715],[44.09424,38.45167],[44.11992,38.49829],[44.16802,38.52122],[44.14786,38.5902],[44.21214,38.68786],[44.27862,38.71343],[44.31857,38.8003],[44.31301,38.83971],[44.25598,38.85508],[44.19112,38.96119]]]}},{"type":"Feature","properties":{"gid":"TUR.78.12_1","name2":"Saray","engtype2":"District","type2":"District","provZh":"凡城省"},"geometry":{"type":"Polygon","coordinates":[[[44.27862,38.71343],[44.20597,38.68075],[44.14618,38.58522],[44.16943,38.52336],[44.11992,38.49829],[44.09424,38.45167],[44.0529,38.43715],[44.0573,38.42434],[44.17538,38.29559],[44.39024,38.28816],[44.49154,38.30873],[44.50544,38.34871],[44.45695,38.38515],[44.38671,38.36355],[44.31766,38.38543],[44.33953,38.50283],[44.32693,38.55011],[44.33678,38.62284],[44.2855,38.64739],[44.30117,38.67174],[44.27862,38.71343]]]}},{"type":"Feature","properties":{"gid":"TUR.79.1_1","name2":"Altınova","engtype2":"District","type2":"District","provZh":"亚洛瓦省"},"geometry":{"type":"Polygon","coordinates":[[[29.431,40.56028],[29.44263,40.69208],[29.40082,40.69903],[29.39974,40.65527],[29.36273,40.58002],[29.431,40.56028]]]}},{"type":"Feature","properties":{"gid":"TUR.79.2_1","name2":"Armutlu","engtype2":"District","type2":"District","provZh":"亚洛瓦省"},"geometry":{"type":"Polygon","coordinates":[[[29.04502,40.55919],[28.90208,40.58892],[28.80264,40.55791],[28.78014,40.51847],[28.97514,40.4557],[29.03236,40.47847],[29.01036,40.4973],[29.04502,40.55919]]]}},{"type":"Feature","properties":{"gid":"TUR.79.3_1","name2":"Çiftlikköy","engtype2":"District","type2":"District","provZh":"亚洛瓦省"},"geometry":{"type":"Polygon","coordinates":[[[29.36273,40.58002],[29.39974,40.65527],[29.39486,40.70208],[29.30479,40.66681],[29.32588,40.56691],[29.36273,40.58002]]]}},{"type":"Feature","properties":{"gid":"TUR.79.4_1","name2":"Çınarcık","engtype2":"District","type2":"District","provZh":"亚洛瓦省"},"geometry":{"type":"Polygon","coordinates":[[[29.13342,40.55541],[29.13252,40.59821],[29.16084,40.63689],[29.14764,40.66097],[29.10486,40.6432],[28.99597,40.64597],[28.90208,40.58903],[29.13342,40.55541]]]}},{"type":"Feature","properties":{"gid":"TUR.79.5_1","name2":"Merkez","engtype2":"District","type2":"District","provZh":"亚洛瓦省"},"geometry":{"type":"Polygon","coordinates":[[[29.20582,40.55632],[29.32588,40.56691],[29.30479,40.66681],[29.18816,40.65708],[29.15222,40.5554],[29.20582,40.55632]]]}},{"type":"Feature","properties":{"gid":"TUR.79.6_1","name2":"Termal","engtype2":"District","type2":"District","provZh":"亚洛瓦省"},"geometry":{"type":"Polygon","coordinates":[[[29.15222,40.5554],[29.18816,40.65708],[29.16078,40.65569],[29.13252,40.59821],[29.13342,40.55541],[29.15222,40.5554]]]}},{"type":"Feature","properties":{"gid":"TUR.80.1_1","name2":"Akdağmadeni","engtype2":"District","type2":"District","provZh":"约兹加特省"},"geometry":{"type":"Polygon","coordinates":[[[36.06618,39.50249],[36.06919,39.53653],[36.15667,39.67705],[36.12236,39.69313],[36.12393,39.74604],[36.07005,39.78325],[36.04711,39.8527],[35.96196,39.91003],[35.86034,39.88779],[35.68811,39.8986],[35.68696,39.85059],[35.5929,39.76275],[35.54171,39.67705],[35.49248,39.67868],[35.48121,39.70364],[35.50411,39.74942],[35.47069,39.74609],[35.42722,39.7164],[35.36737,39.62988],[35.47665,39.62202],[35.59222,39.64172],[35.74336,39.60006],[35.68237,39.52626],[35.96291,39.52536],[36.05114,39.49086],[36.06618,39.50249]]]}},{"type":"Feature","properties":{"gid":"TUR.80.2_1","name2":"Aydıncık","engtype2":"District","type2":"District","provZh":"约兹加特省"},"geometry":{"type":"Polygon","coordinates":[[[35.33234,40.22891],[35.16777,40.21323],[35.1811,40.09608],[35.12135,40.062],[35.1778,40.03917],[35.25314,40.0615],[35.32222,40.05507],[35.35697,40.07241],[35.36485,40.11901],[35.39575,40.14672],[35.49213,40.15631],[35.52706,40.17812],[35.38195,40.19128],[35.33234,40.22891]]]}},{"type":"Feature","properties":{"gid":"TUR.80.3_1","name2":"Boğazlıyan","engtype2":"District","type2":"District","provZh":"约兹加特省"},"geometry":{"type":"Polygon","coordinates":[[[35.51817,39.18739],[35.45321,39.27113],[35.43583,39.32834],[35.45103,39.37403],[35.37308,39.36927],[35.33906,39.39859],[35.2305,39.38659],[35.1776,39.40168],[35.13504,39.44302],[35.15208,39.52428],[35.10627,39.52416],[34.99318,39.48132],[34.91657,39.42009],[35.03857,39.37843],[35.0628,39.30636],[35.13147,39.22342],[35.06326,39.14725],[35.00195,39.12941],[35.00221,39.09674],[35.0374,39.03805],[35.24122,39.00565],[35.48297,39.09958],[35.46559,39.18088],[35.51817,39.18739]]]}},{"type":"Feature","properties":{"gid":"TUR.80.4_1","name2":"Çandır","engtype2":"District","type2":"District","provZh":"约兹加特省"},"geometry":{"type":"Polygon","coordinates":[[[35.55098,39.20298],[35.555,39.26939],[35.53931,39.30161],[35.44876,39.35806],[35.43639,39.32283],[35.4673,39.24757],[35.51817,39.18739],[35.55098,39.20298]]]}},{"type":"Feature","properties":{"gid":"TUR.80.5_1","name2":"Çayıralan","engtype2":"District","type2":"District","provZh":"约兹加特省"},"geometry":{"type":"Polygon","coordinates":[[[35.62345,39.2001],[35.71564,39.22005],[35.83805,39.33778],[35.97856,39.42294],[36.05114,39.49086],[35.94191,39.52616],[35.68237,39.52626],[35.52137,39.49814],[35.50699,39.43411],[35.44876,39.35806],[35.53931,39.30161],[35.555,39.26939],[35.55098,39.20298],[35.62345,39.2001]]]}},{"type":"Feature","properties":{"gid":"TUR.80.6_1","name2":"Çekerek","engtype2":"District","type2":"District","provZh":"约兹加特省"},"geometry":{"type":"Polygon","coordinates":[[[35.52706,40.17812],[35.49213,40.15631],[35.39575,40.14672],[35.36485,40.11901],[35.35697,40.07241],[35.32222,40.05507],[35.35484,39.93914],[35.49297,39.86402],[35.64314,39.89306],[35.68029,40.0023],[35.73052,40.08461],[35.62996,40.08843],[35.52706,40.17812]]]}},{"type":"Feature","properties":{"gid":"TUR.80.7_1","name2":"Kadışehri","engtype2":"District","type2":"District","provZh":"约兹加特省"},"geometry":{"type":"Polygon","coordinates":[[[35.98577,39.94587],[35.93652,40.07973],[35.73052,40.08461],[35.68029,40.0023],[35.64658,39.89863],[35.86732,39.88855],[35.96196,39.91003],[35.98577,39.94587]]]}},{"type":"Feature","properties":{"gid":"TUR.80.8_1","name2":"Merkez","engtype2":"District","type2":"District","provZh":"约兹加特省"},"geometry":{"type":"Polygon","coordinates":[[[34.6874,39.99248],[34.40679,39.99302],[34.37001,39.97597],[34.46783,39.84765],[34.67487,39.75501],[34.756,39.67155],[34.83336,39.66114],[34.99318,39.48132],[35.10627,39.52416],[35.15208,39.52428],[35.15416,39.55357],[35.03091,39.67594],[35.04639,39.87428],[35.03193,39.93946],[35.10344,39.9855],[35.08495,40.03058],[34.90447,40.0497],[34.80086,39.99385],[34.6874,39.99248]]]}},{"type":"Feature","properties":{"gid":"TUR.80.9_1","name2":"Saraykent","engtype2":"District","type2":"District","provZh":"约兹加特省"},"geometry":{"type":"Polygon","coordinates":[[[35.68811,39.8986],[35.56326,39.87701],[35.57931,39.8476],[35.48347,39.71175],[35.49248,39.67868],[35.52199,39.66725],[35.5522,39.68746],[35.5929,39.76275],[35.68696,39.85059],[35.68811,39.8986]]]}},{"type":"Feature","properties":{"gid":"TUR.80.10_1","name2":"Sarıkaya","engtype2":"District","type2":"District","provZh":"约兹加特省"},"geometry":{"type":"Polygon","coordinates":[[[35.36737,39.62988],[35.3324,39.61206],[35.33866,39.55136],[35.24995,39.57322],[35.15416,39.55357],[35.14155,39.42899],[35.21868,39.38732],[35.33906,39.39859],[35.37308,39.36927],[35.45103,39.37403],[35.50699,39.43411],[35.52137,39.49814],[35.68237,39.52626],[35.74529,39.59309],[35.59222,39.64172],[35.47665,39.62202],[35.36737,39.62988]]]}},{"type":"Feature","properties":{"gid":"TUR.80.11_1","name2":"Şefaatli","engtype2":"District","type2":"District","provZh":"约兹加特省"},"geometry":{"type":"Polygon","coordinates":[[[34.6566,39.48661],[34.7912,39.43064],[34.79476,39.38988],[34.8561,39.36425],[34.99318,39.48132],[34.83336,39.66114],[34.7617,39.66885],[34.7301,39.7014],[34.6767,39.61417],[34.59455,39.57355],[34.56771,39.53246],[34.6566,39.48661]]]}},{"type":"Feature","properties":{"gid":"TUR.80.12_1","name2":"Sorgun","engtype2":"District","type2":"District","provZh":"约兹加特省"},"geometry":{"type":"Polygon","coordinates":[[[35.07624,40.03875],[35.10575,39.99283],[35.03193,39.93946],[35.04639,39.87428],[35.03088,39.81344],[35.03455,39.66474],[35.15416,39.55357],[35.24995,39.57322],[35.33866,39.55136],[35.33521,39.61655],[35.36737,39.62988],[35.44425,39.73136],[35.50411,39.74942],[35.54976,39.79009],[35.57768,39.85859],[35.56326,39.87701],[35.48244,39.86592],[35.36969,39.92655],[35.34828,39.94909],[35.32222,40.05507],[35.25314,40.0615],[35.1778,40.03917],[35.12135,40.062],[35.07624,40.03875]]]}},{"type":"Feature","properties":{"gid":"TUR.80.13_1","name2":"Yenifakılı","engtype2":"District","type2":"District","provZh":"约兹加特省"},"geometry":{"type":"Polygon","coordinates":[[[35.00195,39.12941],[35.06326,39.14725],[35.13147,39.22342],[35.0628,39.30636],[35.03857,39.37843],[34.91107,39.41847],[34.8561,39.36425],[34.9237,39.33063],[34.89594,39.22746],[35.00195,39.12941]]]}},{"type":"Feature","properties":{"gid":"TUR.80.14_1","name2":"Yerköy","engtype2":"District","type2":"District","provZh":"约兹加特省"},"geometry":{"type":"Polygon","coordinates":[[[34.05434,39.90491],[34.0689,39.80837],[34.23462,39.73669],[34.35738,39.74854],[34.42568,39.73306],[34.46853,39.6721],[34.54499,39.62213],[34.52184,39.56512],[34.56771,39.53246],[34.59455,39.57355],[34.6767,39.61417],[34.7301,39.7014],[34.67487,39.75501],[34.58123,39.785],[34.46021,39.853],[34.37001,39.97597],[34.27889,39.93709],[34.15401,39.93353],[34.05434,39.90491]]]}},{"type":"Feature","properties":{"gid":"TUR.81.1_1","name2":"Alaplı","engtype2":"District","type2":"District","provZh":"宗古尔达克省"},"geometry":{"type":"Polygon","coordinates":[[[31.43903,41.0563],[31.49785,41.05423],[31.47446,41.08943],[31.48934,41.15006],[31.4684,41.18547],[31.40903,41.21302],[31.33819,41.13681],[31.43903,41.0563]]]}},{"type":"Feature","properties":{"gid":"TUR.81.2_1","name2":"Çaycuma","engtype2":"District","type2":"District","provZh":"宗古尔达克省"},"geometry":{"type":"Polygon","coordinates":[[[32.02097,41.56292],[31.97675,41.5443],[32.01623,41.49603],[31.98544,41.4226],[32.00915,41.35015],[32.11687,41.30962],[32.24631,41.34903],[32.04119,41.52348],[32.02097,41.56292]]]}},{"type":"Feature","properties":{"gid":"TUR.81.3_1","name2":"Devrek","engtype2":"District","type2":"District","provZh":"宗古尔达克省"},"geometry":{"type":"Polygon","coordinates":[[[32.092,41.01837],[32.10959,41.12506],[32.18047,41.18181],[32.05644,41.24485],[32.04021,41.2768],[31.95386,41.29828],[31.87148,41.29133],[31.82871,41.21301],[31.74353,41.15781],[31.71759,41.12077],[31.7363,41.04272],[32.092,41.01837]]]}},{"type":"Feature","properties":{"gid":"TUR.81.4_1","name2":"Ereğli","engtype2":"District","type2":"District","provZh":"宗古尔达克省"},"geometry":{"type":"Polygon","coordinates":[[[31.7363,41.04272],[31.71917,41.12576],[31.82871,41.21301],[31.87148,41.29133],[31.80001,41.26322],[31.7263,41.28042],[31.67217,41.32582],[31.6689,41.40708],[31.39597,41.31319],[31.39431,41.28847],[31.42069,41.27403],[31.40236,41.27153],[31.40347,41.22236],[31.48812,41.15558],[31.47446,41.08943],[31.49785,41.05423],[31.7363,41.04272]]]}},{"type":"Feature","properties":{"gid":"TUR.81.5_1","name2":"Gökçebey","engtype2":"District","type2":"District","provZh":"宗古尔达克省"},"geometry":{"type":"Polygon","coordinates":[[[32.24631,41.34903],[32.12412,41.3101],[32.06314,41.32787],[32.04697,41.25549],[32.18047,41.18181],[32.29877,41.23664],[32.35404,41.23849],[32.30956,41.30185],[32.24631,41.34903]]]}},{"type":"Feature","properties":{"gid":"TUR.81.6_1","name2":"Merkez","engtype2":"District","type2":"District","provZh":"宗古尔达克省"},"geometry":{"type":"Polygon","coordinates":[[[31.97675,41.5443],[31.89431,41.52375],[31.78542,41.4543],[31.7543,41.45514],[31.6689,41.40708],[31.67517,41.32087],[31.76868,41.26413],[31.90912,41.29875],[32.04021,41.2768],[32.06314,41.32787],[32.0168,41.34377],[31.9874,41.38354],[31.98699,41.43143],[32.01623,41.49603],[31.97675,41.5443]]]}}]}