{"type":"FeatureCollection","features":[{"type":"Feature","properties":{"gid":"PRK.1.1_1","name2":"Ch'osan","engtype2":"County","type2":"Gun","provZh":"慈江道"},"geometry":{"type":"Polygon","coordinates":[[[125.68148,40.76102],[125.68125,40.75475],[125.70081,40.75286],[125.71729,40.73571],[125.7181,40.71187],[125.70065,40.68773],[125.69999,40.65761],[125.70913,40.64328],[125.73094,40.63469],[125.76685,40.65175],[125.80163,40.65394],[125.82393,40.6708],[125.84768,40.65454],[125.8576,40.65396],[125.9238,40.68258],[125.94892,40.70573],[125.97472,40.71699],[125.91023,40.7864],[125.87821,40.80054],[125.87682,40.82438],[125.88527,40.84203],[125.89265,40.89286],[125.87576,40.89779],[125.85535,40.87848],[125.81782,40.86292],[125.80284,40.86279],[125.79668,40.87743],[125.78345,40.88604],[125.76357,40.88345],[125.75353,40.87233],[125.71067,40.85843],[125.64621,40.81661],[125.64005,40.7997],[125.68726,40.77424],[125.68814,40.76337],[125.68148,40.76102]]]}},{"type":"Feature","properties":{"gid":"PRK.1.2_1","name2":"Changgang","engtype2":"County","type2":"Gun","provZh":"慈江道"},"geometry":{"type":"Polygon","coordinates":[[[126.691,41.22894],[126.64004,41.18482],[126.56547,41.1628],[126.54683,41.1497],[126.52852,41.11575],[126.52742,41.09031],[126.55083,41.04215],[126.58551,41.04089],[126.65154,40.97907],[126.7047,41.00542],[126.71803,41.00283],[126.72076,40.99574],[126.7157,40.98993],[126.67645,40.97849],[126.66714,40.96919],[126.67907,40.93935],[126.71014,40.9073],[126.72008,40.88509],[126.74886,40.88654],[126.79734,40.91075],[126.8287,40.89553],[126.87122,40.89371],[126.91394,40.86565],[126.92719,40.90054],[126.92889,40.9569],[126.85493,41.02402],[126.85436,41.03405],[126.872,41.06081],[126.87096,41.07893],[126.86064,41.10007],[126.83714,41.11538],[126.81045,41.14558],[126.783,41.14518],[126.77328,41.12743],[126.73522,41.12815],[126.73222,41.14867],[126.7416,41.1737],[126.73525,41.19335],[126.75783,41.21804],[126.75964,41.23468],[126.74537,41.2453],[126.71169,41.23029],[126.691,41.22894]]]}},{"type":"Feature","properties":{"gid":"PRK.1.3_1","name2":"Chasŏng","engtype2":"County","type2":"Gun","provZh":"慈江道"},"geometry":{"type":"Polygon","coordinates":[[[126.55546,41.52565],[126.55164,41.50356],[126.54459,41.49869],[126.54864,41.48074],[126.53559,41.4748],[126.50213,41.42244],[126.50252,41.39952],[126.51727,41.37786],[126.535,41.36658],[126.54552,41.34509],[126.54054,41.33499],[126.52769,41.33139],[126.51241,41.31628],[126.51055,41.30249],[126.52325,41.29417],[126.60158,41.29295],[126.6252,41.28033],[126.6664,41.24061],[126.70241,41.22921],[126.74537,41.2453],[126.71383,41.28098],[126.71384,41.3155],[126.72266,41.33662],[126.72668,41.39089],[126.76546,41.41493],[126.80914,41.41508],[126.8419,41.40646],[126.86166,41.43192],[126.89783,41.43595],[126.92365,41.47923],[126.9162,41.51419],[126.93305,41.53658],[126.91534,41.5456],[126.88699,41.52721],[126.83516,41.52809],[126.80822,41.54353],[126.79391,41.56671],[126.774,41.57854],[126.75416,41.60666],[126.72249,41.62748],[126.6921,41.63217],[126.67693,41.66208],[126.64376,41.65706],[126.61378,41.66697],[126.60943,41.6652],[126.61067,41.64289],[126.5871,41.61757],[126.58169,41.61202],[126.55952,41.6102],[126.58589,41.55334],[126.55546,41.52565]]]}},{"type":"Feature","properties":{"gid":"PRK.1.4_1","name2":"Chŏnch'ŏn","engtype2":"County","type2":"Gun","provZh":"慈江道"},"geometry":{"type":"Polygon","coordinates":[[[126.09248,40.48947],[126.10846,40.45444],[126.11098,40.39178],[126.12145,40.37551],[126.1498,40.36555],[126.18754,40.36459],[126.21516,40.35538],[126.24449,40.36469],[126.26952,40.36509],[126.29659,40.34567],[126.33594,40.34673],[126.37888,40.41824],[126.41798,40.39943],[126.42896,40.38045],[126.43964,40.37437],[126.46043,40.37529],[126.4938,40.39249],[126.52776,40.39491],[126.52473,40.43243],[126.50163,40.45533],[126.47459,40.46821],[126.47144,40.47681],[126.48072,40.50019],[126.48244,40.55977],[126.5033,40.60062],[126.53231,40.62758],[126.5027,40.64512],[126.49661,40.66121],[126.47239,40.66391],[126.43251,40.68384],[126.40933,40.71572],[126.37817,40.73523],[126.34273,40.74601],[126.31718,40.7453],[126.29974,40.7374],[126.28069,40.74566],[126.25988,40.74511],[126.23709,40.73397],[126.2301,40.72398],[126.23117,40.70921],[126.24804,40.67741],[126.24872,40.64565],[126.22708,40.59513],[126.20148,40.57063],[126.12315,40.54347],[126.10713,40.50352],[126.09248,40.48947]]]}},{"type":"Feature","properties":{"gid":"PRK.1.5_1","name2":"Chunggang","engtype2":"County","type2":"Gun","provZh":"慈江道"},"geometry":{"type":"Polygon","coordinates":[[[126.67693,41.66208],[126.6921,41.63217],[126.72249,41.62748],[126.75416,41.60666],[126.774,41.57854],[126.79391,41.56671],[126.80933,41.54249],[126.83959,41.527],[126.88699,41.52721],[126.9183,41.54571],[126.96854,41.52743],[126.99622,41.52698],[127.01337,41.562],[127.0399,41.58117],[127.06426,41.58392],[127.0755,41.59576],[127.05749,41.6332],[127.05446,41.65509],[127.0355,41.67319],[127.05086,41.68915],[127.06698,41.68657],[127.07512,41.69127],[127.07686,41.69945],[127.05244,41.70467],[127.04964,41.73777],[127.04413,41.74278],[127.00671,41.74065],[126.99747,41.75931],[126.97543,41.76374],[126.97253,41.7714],[126.92774,41.77409],[126.92852,41.78186],[126.94628,41.79226],[126.92617,41.80852],[126.88072,41.79217],[126.84519,41.74623],[126.83963,41.72689],[126.82621,41.72086],[126.81784,41.72603],[126.8148,41.74729],[126.80367,41.74279],[126.78536,41.69298],[126.77256,41.69668],[126.757,41.72651],[126.7297,41.74208],[126.69775,41.75293],[126.67718,41.74695],[126.69434,41.72501],[126.72358,41.71811],[126.72836,41.70767],[126.72353,41.69829],[126.69275,41.68088],[126.68936,41.66699],[126.67693,41.66208]]]}},{"type":"Feature","properties":{"gid":"PRK.1.6_1","name2":"Hŭich'ŏn","engtype2":"City","type2":"Si","provZh":"慈江道"},"geometry":{"type":"Polygon","coordinates":[[[125.96957,40.22137],[126.04083,40.15463],[126.07699,40.1367],[126.13361,40.08065],[126.18399,40.05053],[126.21633,40.04015],[126.26975,40.03974],[126.29067,40.03093],[126.3302,40.02989],[126.34677,40.01543],[126.40218,39.99383],[126.44173,39.99446],[126.47031,40.01282],[126.47169,40.02145],[126.44449,40.03799],[126.4029,40.05312],[126.38885,40.08487],[126.34868,40.07949],[126.32259,40.12429],[126.2942,40.13474],[126.27973,40.14791],[126.27931,40.17612],[126.22197,40.19593],[126.20686,40.22023],[126.18465,40.23548],[126.17441,40.2677],[126.1752,40.30263],[126.12336,40.29947],[126.10294,40.29109],[126.08073,40.31727],[126.04817,40.3084],[126.03249,40.27115],[126.01401,40.24602],[125.978,40.2327],[125.96957,40.22137]]]}},{"type":"Feature","properties":{"gid":"PRK.1.7_1","name2":"Hwap'yŏng","engtype2":"County","type2":"Gun","provZh":"慈江道"},"geometry":{"type":"Polygon","coordinates":[[[126.92889,40.9569],[126.96482,40.96964],[127.01082,40.96125],[127.02631,40.97552],[127.04187,41.00867],[127.05562,41.02262],[127.11018,41.02576],[127.12928,41.03572],[127.16291,41.09235],[127.18602,41.11744],[127.19071,41.14057],[127.16204,41.13743],[127.14336,41.15452],[127.1405,41.18127],[127.12273,41.22816],[127.1385,41.25999],[127.08493,41.27802],[127.06979,41.29258],[127.04657,41.35107],[127.02345,41.37613],[127.01431,41.39546],[127.02801,41.43235],[126.95605,41.43519],[126.93423,41.45558],[126.92204,41.47682],[126.89783,41.43595],[126.86166,41.43192],[126.84344,41.40702],[126.82894,41.4063],[126.80914,41.41508],[126.76709,41.41511],[126.73444,41.39907],[126.72338,41.38371],[126.72285,41.33817],[126.71431,41.31866],[126.71346,41.28744],[126.71837,41.2711],[126.76028,41.23205],[126.7496,41.20443],[126.73525,41.19335],[126.74158,41.1722],[126.73245,41.15017],[126.73323,41.13009],[126.77191,41.12716],[126.783,41.14518],[126.81413,41.14381],[126.83599,41.11643],[126.85902,41.1023],[126.87096,41.07893],[126.87101,41.05489],[126.855,41.03539],[126.85571,41.02275],[126.92889,40.9569]]]}},{"type":"Feature","properties":{"gid":"PRK.1.8_1","name2":"Kanggye","engtype2":"City","type2":"Si","provZh":"慈江道"},"geometry":{"type":"Polygon","coordinates":[[[126.55083,41.04215],[126.53496,41.01753],[126.51025,40.99646],[126.50927,40.95695],[126.51547,40.94119],[126.50661,40.92075],[126.44837,40.89273],[126.477,40.86612],[126.51189,40.86699],[126.53982,40.87967],[126.5547,40.90243],[126.57079,40.90392],[126.59636,40.88183],[126.61269,40.85583],[126.62713,40.84835],[126.67445,40.84922],[126.7112,40.87386],[126.72008,40.88509],[126.71241,40.90366],[126.67907,40.93935],[126.66714,40.96919],[126.67645,40.97849],[126.7157,40.98993],[126.72076,40.99574],[126.71803,41.00283],[126.7047,41.00542],[126.65154,40.97907],[126.58551,41.04089],[126.55083,41.04215]]]}},{"type":"Feature","properties":{"gid":"PRK.1.9_1","name2":"Kop'ung","engtype2":"County","type2":"Gun","provZh":"慈江道"},"geometry":{"type":"Polygon","coordinates":[[[125.70913,40.64328],[125.70719,40.62396],[125.68209,40.58571],[125.68864,40.5587],[125.64478,40.5114],[125.66203,40.46329],[125.66128,40.42965],[125.73643,40.43112],[125.76089,40.44413],[125.77829,40.471],[125.78752,40.47596],[125.82,40.45019],[125.86544,40.43059],[125.97146,40.48824],[126.00847,40.53157],[126.02613,40.53029],[126.07108,40.4968],[126.09248,40.48947],[126.10713,40.50352],[126.12315,40.54347],[126.06441,40.56194],[126.04658,40.59457],[126.00178,40.62964],[125.99777,40.64949],[126.01524,40.68609],[125.97639,40.71671],[125.94892,40.70573],[125.92248,40.68189],[125.85621,40.65353],[125.82393,40.6708],[125.80163,40.65394],[125.76685,40.65175],[125.73527,40.6349],[125.70913,40.64328]]]}},{"type":"Feature","properties":{"gid":"PRK.1.10_1","name2":"Manp'o","engtype2":"City","type2":"Si","provZh":"慈江道"},"geometry":{"type":"Polygon","coordinates":[[[126.09556,41.00343],[126.09418,40.99929],[126.1565,40.99461],[126.18007,40.98152],[126.20452,40.953],[126.22819,40.96009],[126.23734,40.96812],[126.24142,40.98549],[126.27531,41.00856],[126.25867,41.03591],[126.25866,41.05976],[126.28136,41.09434],[126.31283,41.12487],[126.36902,41.12822],[126.4193,41.16338],[126.44942,41.15451],[126.47697,41.16378],[126.52097,41.16412],[126.54683,41.1497],[126.56547,41.1628],[126.64004,41.18482],[126.691,41.22894],[126.66512,41.24142],[126.6252,41.28033],[126.60158,41.29295],[126.51406,41.29819],[126.51152,41.3151],[126.54545,41.3424],[126.52579,41.37581],[126.51727,41.37786],[126.53039,41.36296],[126.5052,41.34632],[126.48869,41.35003],[126.50386,41.36385],[126.49406,41.36989],[126.46908,41.36344],[126.44696,41.35438],[126.42844,41.33219],[126.40617,41.31988],[126.40114,41.30702],[126.36093,41.28225],[126.36435,41.26587],[126.35442,41.24178],[126.30816,41.22368],[126.30494,41.1887],[126.28837,41.18304],[126.28719,41.15949],[126.23463,41.1374],[126.20845,41.11547],[126.1835,41.10632],[126.16005,41.08407],[126.11171,41.07829],[126.11192,41.06362],[126.13243,41.05002],[126.11719,41.02823],[126.09936,41.0278],[126.10085,41.00988],[126.09556,41.00343]]]}},{"type":"Feature","properties":{"gid":"PRK.1.11_1","name2":"Rangrim","engtype2":"County","type2":"Gun","provZh":"慈江道"},"geometry":{"type":"Polygon","coordinates":[[[126.91394,40.86565],[126.90254,40.84978],[126.90889,40.83154],[126.9036,40.80776],[126.92669,40.7855],[126.95738,40.78109],[126.97121,40.75839],[126.95631,40.72597],[126.95538,40.69705],[126.98144,40.66373],[126.98357,40.64434],[126.95568,40.59447],[126.96498,40.55292],[126.95594,40.51889],[126.9726,40.49506],[126.97957,40.4641],[127.01054,40.4813],[127.01082,40.5092],[127.00275,40.52963],[127.01253,40.55782],[127.02224,40.56809],[127.05714,40.5714],[127.10345,40.60511],[127.15276,40.62486],[127.20746,40.62769],[127.23297,40.68222],[127.24048,40.71516],[127.29082,40.74526],[127.31901,40.7488],[127.34652,40.77326],[127.38126,40.77552],[127.39973,40.78597],[127.42057,40.83771],[127.40215,40.882],[127.40266,40.94915],[127.43572,40.98455],[127.4836,41.00898],[127.50217,41.03398],[127.50231,41.14732],[127.48776,41.16214],[127.46316,41.17305],[127.42258,41.16391],[127.38126,41.14342],[127.35448,41.10776],[127.33517,41.09957],[127.29574,41.10014],[127.27195,41.10902],[127.23288,41.10588],[127.19071,41.14057],[127.18602,41.11744],[127.16291,41.09235],[127.12928,41.03572],[127.11018,41.02576],[127.05562,41.02262],[127.04187,41.00867],[127.02631,40.97552],[127.01082,40.96125],[126.96482,40.96964],[126.92889,40.9569],[126.92719,40.90054],[126.91394,40.86565]]]}},{"type":"Feature","properties":{"gid":"PRK.1.12_1","name2":"Ryongrim","engtype2":"County","type2":"Gun","provZh":"慈江道"},"geometry":{"type":"Polygon","coordinates":[[[126.52776,40.39491],[126.57475,40.37445],[126.60921,40.37548],[126.64248,40.39283],[126.66011,40.39054],[126.67934,40.36656],[126.70867,40.35121],[126.7216,40.32771],[126.71667,40.30036],[126.72257,40.28445],[126.72343,40.23886],[126.73359,40.21059],[126.74937,40.20444],[126.75073,40.18889],[126.81006,40.20179],[126.8271,40.25201],[126.86024,40.279],[126.89676,40.29835],[126.91042,40.34632],[126.92599,40.37546],[126.92844,40.39844],[126.94724,40.43933],[126.98049,40.4609],[126.9726,40.49506],[126.95594,40.51889],[126.96498,40.55292],[126.95568,40.59447],[126.98357,40.64434],[126.98144,40.66373],[126.95538,40.69705],[126.95595,40.72453],[126.9712,40.75475],[126.96993,40.7645],[126.91578,40.76487],[126.88165,40.75414],[126.83098,40.73335],[126.818,40.71923],[126.8138,40.70187],[126.7983,40.69255],[126.7485,40.68798],[126.74116,40.67278],[126.75031,40.64979],[126.75016,40.6298],[126.71854,40.59843],[126.65536,40.58834],[126.58133,40.62448],[126.53231,40.62758],[126.52283,40.62024],[126.50243,40.59942],[126.48244,40.55977],[126.48072,40.50019],[126.47144,40.47681],[126.47459,40.46821],[126.50163,40.45533],[126.52473,40.43243],[126.52776,40.39491]]]}},{"type":"Feature","properties":{"gid":"PRK.1.13_1","name2":"Sijung","engtype2":"County","type2":"Gun","provZh":"慈江道"},"geometry":{"type":"Polygon","coordinates":[[[126.54683,41.1497],[126.52097,41.16412],[126.47697,41.16378],[126.44942,41.15451],[126.4193,41.16338],[126.36902,41.12822],[126.31283,41.12487],[126.28136,41.09434],[126.25866,41.05976],[126.25867,41.03591],[126.27531,41.00856],[126.24142,40.98549],[126.2322,40.96229],[126.20701,40.95307],[126.21299,40.94017],[126.22813,40.92498],[126.27715,40.90191],[126.29443,40.88724],[126.31686,40.88183],[126.35658,40.83931],[126.41529,40.88342],[126.50163,40.91589],[126.51537,40.94],[126.50912,40.95851],[126.51025,40.99646],[126.53496,41.01753],[126.55083,41.04215],[126.52742,41.09031],[126.52852,41.11575],[126.54683,41.1497]]]}},{"type":"Feature","properties":{"gid":"PRK.1.14_1","name2":"Sŏnggan","engtype2":"County","type2":"Gun","provZh":"慈江道"},"geometry":{"type":"Polygon","coordinates":[[[126.72008,40.88509],[126.6759,40.84974],[126.62559,40.84851],[126.6095,40.8591],[126.57874,40.89964],[126.56031,40.90425],[126.55045,40.8988],[126.53982,40.87967],[126.51781,40.86824],[126.477,40.86612],[126.45374,40.85632],[126.42537,40.82507],[126.42599,40.8036],[126.44222,40.78416],[126.44288,40.77423],[126.39506,40.72522],[126.41842,40.70653],[126.43251,40.68384],[126.47239,40.66391],[126.49661,40.66121],[126.5027,40.64512],[126.53231,40.62758],[126.58133,40.62448],[126.64902,40.58969],[126.67715,40.58827],[126.7198,40.59899],[126.74956,40.62854],[126.75062,40.64824],[126.74116,40.67278],[126.74985,40.68882],[126.7983,40.69255],[126.8138,40.70187],[126.818,40.71923],[126.83098,40.73335],[126.88165,40.75414],[126.91578,40.76487],[126.96993,40.7645],[126.95738,40.78109],[126.92669,40.7855],[126.90437,40.80662],[126.90889,40.83154],[126.90254,40.84978],[126.91394,40.86565],[126.87122,40.89371],[126.8287,40.89553],[126.79734,40.91075],[126.74886,40.88654],[126.72008,40.88509]]]}},{"type":"Feature","properties":{"gid":"PRK.1.15_1","name2":"Songwŏn","engtype2":"County","type2":"Gun","provZh":"慈江道"},"geometry":{"type":"Polygon","coordinates":[[[126.09248,40.48947],[126.07108,40.4968],[126.02613,40.53029],[126.00847,40.53157],[125.97146,40.48824],[125.86256,40.43028],[125.81878,40.45097],[125.79382,40.47452],[125.78378,40.4752],[125.76196,40.44508],[125.73643,40.43112],[125.66128,40.42965],[125.66137,40.40455],[125.6297,40.37677],[125.63379,40.35916],[125.61781,40.34678],[125.61649,40.32919],[125.68042,40.28291],[125.73776,40.26023],[125.81767,40.21602],[125.8803,40.23481],[125.91947,40.23432],[125.9366,40.21682],[125.9621,40.21732],[125.978,40.2327],[126.01401,40.24602],[126.03324,40.27252],[126.046,40.30702],[126.07495,40.31787],[126.08577,40.31369],[126.10149,40.29131],[126.18802,40.30869],[126.22617,40.28176],[126.26195,40.28151],[126.27322,40.28707],[126.28437,40.30059],[126.29659,40.34567],[126.27275,40.36463],[126.24449,40.36469],[126.21032,40.35558],[126.12029,40.37629],[126.1095,40.39632],[126.10811,40.45588],[126.09248,40.48947]]]}},{"type":"Feature","properties":{"gid":"PRK.1.16_1","name2":"Tongsin","engtype2":"County","type2":"Gun","provZh":"慈江道"},"geometry":{"type":"Polygon","coordinates":[[[126.29659,40.34567],[126.28371,40.29915],[126.26662,40.28263],[126.22617,40.28176],[126.19234,40.30795],[126.1752,40.30263],[126.17441,40.2677],[126.18527,40.23422],[126.20686,40.22023],[126.22776,40.19111],[126.25586,40.18757],[126.28026,40.17524],[126.27973,40.14791],[126.2942,40.13474],[126.32259,40.12429],[126.34758,40.08032],[126.38885,40.08487],[126.4029,40.05312],[126.44321,40.03869],[126.46299,40.02287],[126.47169,40.02145],[126.4861,40.03058],[126.53326,40.03137],[126.56162,40.04124],[126.56596,40.0836],[126.59853,40.11063],[126.63989,40.12593],[126.65973,40.14154],[126.69581,40.14437],[126.75073,40.18889],[126.74937,40.20444],[126.73359,40.21059],[126.72343,40.23886],[126.72257,40.28445],[126.71667,40.30036],[126.72094,40.32914],[126.70867,40.35121],[126.67934,40.36656],[126.65588,40.3926],[126.63963,40.39196],[126.60921,40.37548],[126.583,40.37435],[126.56528,40.37595],[126.52776,40.39491],[126.49683,40.39292],[126.46043,40.37529],[126.44122,40.3742],[126.42999,40.37928],[126.41798,40.39943],[126.37888,40.41824],[126.37108,40.41244],[126.33972,40.34849],[126.29659,40.34567]]]}},{"type":"Feature","properties":{"gid":"PRK.1.17_1","name2":"Usi","engtype2":"County","type2":"Gun","provZh":"慈江道"},"geometry":{"type":"Polygon","coordinates":[[[125.41807,40.6434],[125.5109,40.60482],[125.54222,40.57006],[125.59362,40.57289],[125.59886,40.54156],[125.61555,40.5163],[125.58904,40.47401],[125.57903,40.43206],[125.57974,40.39672],[125.6297,40.37677],[125.65138,40.39436],[125.66251,40.4085],[125.66262,40.45872],[125.64478,40.5114],[125.68965,40.56147],[125.68209,40.58571],[125.70883,40.62954],[125.69955,40.67838],[125.7181,40.71187],[125.71819,40.73266],[125.71172,40.74348],[125.69936,40.75354],[125.68125,40.75475],[125.68148,40.76102],[125.60692,40.75658],[125.57629,40.7723],[125.55963,40.76443],[125.54017,40.72096],[125.46703,40.71077],[125.45385,40.68678],[125.45447,40.66815],[125.41565,40.66542],[125.41807,40.6434]]]}},{"type":"Feature","properties":{"gid":"PRK.1.18_1","name2":"Wiwŏn","engtype2":"County","type2":"Gun","provZh":"慈江道"},"geometry":{"type":"Polygon","coordinates":[[[125.91251,40.89314],[125.91009,40.90044],[125.89265,40.89286],[125.88527,40.84203],[125.87682,40.82438],[125.87821,40.80054],[125.90904,40.78741],[125.94519,40.7513],[125.95643,40.73153],[126.01408,40.68839],[125.99814,40.65094],[125.9985,40.63466],[126.04658,40.59457],[126.06441,40.56194],[126.12428,40.54338],[126.20148,40.57063],[126.22793,40.59645],[126.24859,40.6425],[126.24768,40.6789],[126.23001,40.71352],[126.23469,40.73195],[126.26298,40.74575],[126.29974,40.7374],[126.31718,40.7453],[126.33955,40.74617],[126.39506,40.72522],[126.44327,40.77545],[126.42599,40.8036],[126.42706,40.83044],[126.45133,40.85495],[126.477,40.86612],[126.46577,40.88155],[126.44426,40.89255],[126.41529,40.88342],[126.39001,40.86023],[126.35435,40.83967],[126.31568,40.88266],[126.29443,40.88724],[126.27715,40.90191],[126.22587,40.92666],[126.17501,40.98535],[126.15205,40.99611],[126.09418,40.99929],[126.09556,41.00343],[126.0656,40.99273],[126.07391,40.9735],[126.07134,40.96574],[126.04471,40.95218],[126.04417,40.94147],[126.03413,40.92924],[125.98801,40.92693],[125.9779,40.9129],[126.01324,40.91193],[126.02004,40.90638],[126.01961,40.89744],[126.00635,40.89155],[125.97119,40.8961],[125.95739,40.87859],[125.93712,40.87378],[125.91391,40.88157],[125.91251,40.89314]]]}},{"type":"Feature","properties":{"gid":"PRK.2.1_1","name2":"Ch'ŏngjin","engtype2":"City","type2":"Si","provZh":"咸镜北道"},"geometry":{"type":"Polygon","coordinates":[[[130.17371,42.29438],[130.17368,42.30044],[130.14493,42.30232],[130.11424,42.32799],[130.08293,42.31913],[130.0294,42.31876],[130.00102,42.32776],[129.96404,42.3296],[129.94432,42.31182],[129.94753,42.29176],[129.91269,42.27381],[129.87196,42.26348],[129.85765,42.23935],[129.85657,42.16284],[129.82117,42.10329],[129.8289,42.06982],[129.79532,42.03202],[129.80159,42.01163],[129.79887,41.96339],[129.78384,41.94907],[129.72112,41.91972],[129.70505,41.9318],[129.69206,41.95351],[129.65227,41.97349],[129.56909,41.9841],[129.5793,41.91179],[129.59903,41.87186],[129.66179,41.81294],[129.61974,41.79868],[129.54527,41.79759],[129.5519,41.78816],[129.60683,41.75321],[129.64421,41.7406],[129.67786,41.71476],[129.7222,41.71513],[129.74576,41.72412],[129.76375,41.74903],[129.76013,41.76264],[129.76848,41.75542],[129.77542,41.76459],[129.81514,41.78125],[129.82791,41.77987],[129.84181,41.7607],[129.85069,41.7632],[129.84541,41.7807],[129.8557,41.79459],[129.8682,41.79403],[129.87042,41.81403],[129.87598,41.8132],[129.88265,41.82375],[129.87764,41.83598],[129.88736,41.84514],[129.88902,41.86681],[129.87848,41.8757],[129.89708,41.89209],[129.89569,41.90848],[129.91515,41.91598],[129.95403,41.89486],[129.96265,41.90625],[129.95653,41.90875],[129.96542,41.91542],[129.97125,41.94209],[129.98903,41.94431],[129.98819,41.95153],[129.96848,41.95598],[129.97736,41.9657],[129.9982,41.96931],[129.97736,41.98375],[129.98486,41.9932],[130.00597,41.99181],[129.99625,42.00709],[130.00237,42.01625],[130.01653,42.01875],[130.02597,42.00237],[130.02292,41.99209],[130.03291,41.99514],[130.03487,42.00737],[130.02625,42.01514],[130.03348,42.02126],[130.04074,42.01876],[130.03986,42.03542],[130.05042,42.03597],[130.04819,42.05875],[130.06375,42.05125],[130.06541,42.03681],[130.08014,42.04292],[130.07347,42.05375],[130.07736,42.07181],[130.06986,42.07653],[130.08376,42.0882],[130.12958,42.09237],[130.13153,42.08236],[130.14153,42.08403],[130.15486,42.06709],[130.15875,42.07181],[130.16847,42.06903],[130.17264,42.08181],[130.16319,42.09181],[130.14237,42.09598],[130.14125,42.10181],[130.17542,42.11403],[130.18486,42.10986],[130.18181,42.10153],[130.18959,42.09708],[130.18709,42.11098],[130.19736,42.11931],[130.18959,42.12264],[130.18987,42.12986],[130.19986,42.1432],[130.20819,42.14098],[130.20403,42.14486],[130.20931,42.14542],[130.19847,42.14626],[130.19653,42.15264],[130.21069,42.15209],[130.19208,42.16848],[130.19931,42.17348],[130.20079,42.18486],[130.1821,42.19075],[130.1743,42.20034],[130.1731,42.22968],[130.164,42.25222],[130.17371,42.29438]]]}},{"type":"Feature","properties":{"gid":"PRK.2.2_1","name2":"Hoeryŏng","engtype2":"City","type2":"Si","provZh":"咸镜北道"},"geometry":{"type":"Polygon","coordinates":[[[129.31226,42.38937],[129.32733,42.39267],[129.41002,42.30162],[129.43593,42.30898],[129.48354,42.30849],[129.49928,42.29532],[129.51035,42.27543],[129.53636,42.26555],[129.54868,42.28812],[129.61615,42.32656],[129.6387,42.32765],[129.67084,42.31715],[129.71024,42.29757],[129.73102,42.27786],[129.74689,42.22626],[129.7569,42.21703],[129.78487,42.22837],[129.80312,42.25546],[129.83005,42.271],[129.85411,42.27192],[129.87196,42.26348],[129.91269,42.27381],[129.94844,42.29263],[129.94487,42.31293],[129.96681,42.33298],[129.98645,42.36581],[129.97823,42.42061],[129.98965,42.44969],[130.03595,42.48771],[130.06293,42.52744],[130.05948,42.55332],[130.02531,42.58225],[130.04259,42.61797],[130.03416,42.64672],[130.05212,42.6646],[130.05157,42.6993],[130.01045,42.7562],[129.97791,42.77266],[129.89836,42.77462],[129.86607,42.78548],[129.84758,42.80033],[129.80716,42.81015],[129.79889,42.78222],[129.78384,42.76429],[129.76184,42.71091],[129.77315,42.69186],[129.80055,42.67783],[129.77261,42.67259],[129.77443,42.64376],[129.75291,42.65446],[129.74734,42.64607],[129.75752,42.63099],[129.75137,42.61734],[129.77592,42.60361],[129.74373,42.57182],[129.74672,42.51942],[129.74089,42.50672],[129.74059,42.46431],[129.72055,42.44269],[129.71437,42.42675],[129.64398,42.42773],[129.62848,42.45803],[129.61989,42.46175],[129.5932,42.44974],[129.59241,42.43922],[129.60239,42.44278],[129.60837,42.43485],[129.59776,42.41365],[129.57153,42.40276],[129.56331,42.39222],[129.56203,42.38586],[129.57031,42.37941],[129.55368,42.37118],[129.55066,42.3601],[129.53427,42.36908],[129.52586,42.38634],[129.46407,42.42339],[129.44577,42.44118],[129.41756,42.43796],[129.39909,42.44818],[129.38599,42.44111],[129.37953,42.42953],[129.36198,42.42752],[129.35658,42.43219],[129.36383,42.44854],[129.35803,42.45254],[129.33762,42.44381],[129.35144,42.42123],[129.34251,42.40955],[129.33362,42.42362],[129.3129,42.4229],[129.30345,42.39978],[129.31226,42.38937]]]}},{"type":"Feature","properties":{"gid":"PRK.2.3_1","name2":"Hwadae","engtype2":"County","type2":"Gun","provZh":"咸镜北道"},"geometry":{"type":"MultiPolygon","coordinates":[[[[129.52347,40.76209],[129.51459,40.7582],[129.52235,40.75542],[129.52792,40.76014],[129.52347,40.76209]]],[[[129.73264,40.86542],[129.69559,40.88752],[129.67479,40.88743],[129.65515,40.87879],[129.62057,40.87889],[129.54735,40.90656],[129.51389,40.8806],[129.47389,40.86083],[129.40227,40.8581],[129.40042,40.8418],[129.39018,40.83239],[129.30768,40.85056],[129.26506,40.84018],[129.26169,40.82928],[129.28239,40.77814],[129.31725,40.77481],[129.35458,40.74848],[129.39403,40.76098],[129.42958,40.78292],[129.47792,40.79542],[129.5157,40.79403],[129.52847,40.80875],[129.53819,40.80653],[129.53514,40.81125],[129.53958,40.81348],[129.54987,40.80848],[129.55347,40.81209],[129.5468,40.8232],[129.57124,40.84126],[129.59264,40.83875],[129.6182,40.84486],[129.62958,40.83709],[129.63014,40.84486],[129.64903,40.84681],[129.66069,40.84098],[129.66708,40.84681],[129.67847,40.84153],[129.70625,40.85153],[129.70125,40.84098],[129.71375,40.83292],[129.73264,40.86542]]]]}},{"type":"Feature","properties":{"gid":"PRK.2.4_1","name2":"Hwasŏng","engtype2":"County","type2":"Gun","provZh":"咸镜北道"},"geometry":{"type":"Polygon","coordinates":[[[129.72626,41.21403],[129.72693,41.21939],[129.64487,41.241],[129.58162,41.22274],[129.52824,41.25904],[129.4996,41.25903],[129.47775,41.25112],[129.42889,41.27649],[129.38873,41.28655],[129.32959,41.29674],[129.28549,41.28735],[129.23018,41.30583],[129.20052,41.3051],[129.17767,41.29441],[129.08955,41.22314],[129.18247,41.09725],[129.21118,41.07737],[129.22089,41.05696],[129.29869,41.0442],[129.33643,41.01775],[129.44757,41.03654],[129.5374,41.0084],[129.5659,41.00991],[129.59605,41.04379],[129.61755,41.05413],[129.64027,41.05649],[129.6611,41.08103],[129.7193,41.10169],[129.71486,41.10431],[129.72153,41.10681],[129.72376,41.11709],[129.7132,41.13237],[129.72319,41.13514],[129.72542,41.14348],[129.71431,41.14598],[129.71181,41.15431],[129.72208,41.16264],[129.7157,41.19959],[129.7332,41.20514],[129.72069,41.20848],[129.72626,41.21403]]]}},{"type":"Feature","properties":{"gid":"PRK.2.5_1","name2":"Kilchu","engtype2":"County","type2":"Gun","provZh":"咸镜北道"},"geometry":{"type":"Polygon","coordinates":[[[129.40227,40.8581],[129.35556,40.87027],[129.34618,40.88038],[129.34703,40.90576],[129.3732,40.95628],[129.37025,40.98367],[129.33643,41.00846],[129.27664,41.00875],[129.2374,41.02339],[129.22615,41.0368],[129.21297,41.07524],[129.18333,41.09619],[129.08955,41.22314],[128.99916,41.18009],[129.01106,41.12639],[128.99231,41.10109],[129.00168,41.07404],[128.99234,41.03345],[129.00179,41.00759],[128.98434,40.98908],[128.98299,40.97102],[129.03954,40.9505],[129.10445,40.8981],[129.1476,40.88768],[129.20314,40.88636],[129.22386,40.83908],[129.22583,40.80448],[129.23608,40.79506],[129.25221,40.79586],[129.2697,40.80901],[129.26169,40.82928],[129.26636,40.84076],[129.31094,40.85048],[129.38696,40.83179],[129.39972,40.84036],[129.40227,40.8581]]]}},{"type":"Feature","properties":{"gid":"PRK.2.6_1","name2":"Kimch'aek","engtype2":"City","type2":"Si","provZh":"咸镜北道"},"geometry":{"type":"Polygon","coordinates":[[[129.2697,40.80901],[129.24908,40.7949],[129.22832,40.80044],[129.22386,40.83908],[129.20314,40.88636],[129.1476,40.88768],[129.10445,40.8981],[129.0408,40.94969],[129.01959,40.96028],[128.98299,40.97102],[128.95377,40.95142],[128.93987,40.92717],[128.96387,40.88104],[128.93762,40.859],[128.93721,40.82645],[128.9724,40.78469],[128.97424,40.74224],[128.98672,40.70744],[129.00874,40.68592],[129.05449,40.66341],[129.06404,40.64839],[129.05687,40.61581],[129.06155,40.60003],[129.16403,40.56959],[129.1718,40.57459],[129.1618,40.5857],[129.17209,40.59792],[129.17152,40.6107],[129.19069,40.61959],[129.18625,40.63014],[129.19847,40.63625],[129.19458,40.63931],[129.19902,40.65987],[129.21265,40.65681],[129.21236,40.66431],[129.2032,40.66348],[129.20181,40.66875],[129.20541,40.67987],[129.21292,40.6807],[129.20792,40.68903],[129.2218,40.70348],[129.23903,40.71014],[129.26958,40.7107],[129.2932,40.67931],[129.30542,40.67792],[129.31653,40.71014],[129.33847,40.73792],[129.35442,40.74848],[129.31725,40.77481],[129.28239,40.77814],[129.2697,40.80901]]]}},{"type":"Feature","properties":{"gid":"PRK.2.7_1","name2":"Kyŏngsŏng","engtype2":"County","type2":"Gun","provZh":"咸镜北道"},"geometry":{"type":"Polygon","coordinates":[[[129.54527,41.79759],[129.53867,41.84669],[129.50688,41.86443],[129.48509,41.89007],[129.47501,41.88939],[129.45018,41.86601],[129.42491,41.8545],[129.38916,41.87178],[129.35558,41.86405],[129.34688,41.87291],[129.34499,41.89128],[129.33005,41.89524],[129.31136,41.87432],[129.30661,41.85309],[129.2881,41.82787],[129.26012,41.81395],[129.24533,41.79893],[129.24359,41.77647],[129.25154,41.75196],[129.21761,41.70589],[129.20236,41.66158],[129.21736,41.63305],[129.24165,41.63945],[129.25325,41.62403],[129.23288,41.57835],[129.20819,41.56666],[129.20346,41.53571],[129.179,41.51751],[129.20822,41.4657],[129.26274,41.46364],[129.30267,41.47322],[129.33618,41.46467],[129.34537,41.47619],[129.33647,41.49827],[129.33974,41.5183],[129.36977,41.5284],[129.43343,41.52913],[129.45509,41.53793],[129.55106,41.53819],[129.57269,41.54685],[129.5993,41.54755],[129.63327,41.52177],[129.65376,41.51125],[129.6593,41.51459],[129.64792,41.5507],[129.67041,41.57514],[129.68541,41.6382],[129.70459,41.67097],[129.74159,41.68649],[129.74709,41.70876],[129.75653,41.71542],[129.7607,41.72903],[129.75507,41.73341],[129.7222,41.71513],[129.67333,41.71552],[129.64421,41.7406],[129.62421,41.74466],[129.55911,41.78161],[129.54527,41.79759]]]}},{"type":"Feature","properties":{"gid":"PRK.2.8_1","name2":"Musan","engtype2":"County","type2":"Gun","provZh":"咸镜北道"},"geometry":{"type":"Polygon","coordinates":[[[129.02411,42.09752],[129.04761,42.07857],[129.06874,42.07391],[129.0791,42.05925],[129.12341,42.03751],[129.16429,42.00699],[129.185,41.98587],[129.18959,41.96462],[129.20406,41.94904],[129.21535,41.9478],[129.23763,41.9649],[129.26166,41.96399],[129.2959,41.9408],[129.3056,41.90352],[129.34499,41.89128],[129.34724,41.90907],[129.37576,41.96613],[129.42609,42.0271],[129.43575,42.0298],[129.45425,42.02189],[129.48885,42.03927],[129.53189,42.03981],[129.53461,42.05113],[129.56549,42.08311],[129.57709,42.10538],[129.57843,42.14501],[129.54518,42.19341],[129.50444,42.21814],[129.50655,42.23703],[129.53636,42.26555],[129.51035,42.27543],[129.49928,42.29532],[129.48354,42.30849],[129.43744,42.30912],[129.41859,42.30068],[129.40874,42.30239],[129.32733,42.39267],[129.31226,42.38937],[129.31087,42.38421],[129.29584,42.38551],[129.29053,42.3789],[129.26926,42.38582],[129.26355,42.37833],[129.23499,42.37416],[129.23624,42.36192],[129.22653,42.34822],[129.25172,42.32182],[129.23535,42.31261],[129.21342,42.31565],[129.20183,42.311],[129.20317,42.29967],[129.22743,42.30432],[129.23344,42.29963],[129.1967,42.27799],[129.21751,42.27593],[129.21796,42.27109],[129.17868,42.24545],[129.18164,42.23473],[129.20618,42.23317],[129.19405,42.22282],[129.21394,42.21185],[129.21886,42.20538],[129.21527,42.20031],[129.19547,42.19656],[129.16124,42.17776],[129.16629,42.17266],[129.15997,42.16475],[129.13655,42.15545],[129.14134,42.13821],[129.11182,42.14187],[129.09186,42.13628],[129.07916,42.14844],[129.06825,42.14719],[129.06441,42.13592],[129.03383,42.11597],[129.04308,42.10951],[129.02411,42.09752]]]}},{"type":"Feature","properties":{"gid":"PRK.2.9_1","name2":"Myŏngch'ŏn","engtype2":"County","type2":"Gun","provZh":"咸镜北道"},"geometry":{"type":"Polygon","coordinates":[[[129.73291,40.8667],[129.73181,40.89042],[129.75514,40.90709],[129.7482,40.92459],[129.76459,40.94236],[129.73708,40.9657],[129.73209,40.98347],[129.71875,40.98737],[129.73347,40.9982],[129.7243,41.00042],[129.72597,41.01598],[129.7182,41.02514],[129.72069,41.07625],[129.73042,41.08487],[129.73042,41.09792],[129.73958,41.10375],[129.71042,41.10064],[129.66249,41.08177],[129.64027,41.05649],[129.61755,41.05413],[129.59473,41.04294],[129.56033,41.00848],[129.52447,41.00951],[129.49396,41.0257],[129.44598,41.03661],[129.33643,41.01775],[129.29869,41.0442],[129.22089,41.05696],[129.22684,41.03538],[129.24258,41.01972],[129.27664,41.00875],[129.33643,41.00846],[129.37111,40.98256],[129.3728,40.95475],[129.34584,40.90118],[129.34618,40.88038],[129.35556,40.87027],[129.40227,40.8581],[129.47235,40.86047],[129.55035,40.90665],[129.62057,40.87889],[129.65515,40.87879],[129.67479,40.88743],[129.69559,40.88752],[129.73291,40.8667]]]}},{"type":"Feature","properties":{"gid":"PRK.2.10_1","name2":"Onsŏng","engtype2":"County","type2":"Gun","provZh":"咸镜北道"},"geometry":{"type":"Polygon","coordinates":[[[129.87801,42.98932],[129.88506,42.97765],[129.91438,42.97427],[129.85127,42.96335],[129.85046,42.93905],[129.8633,42.91944],[129.83861,42.91082],[129.83316,42.86427],[129.81161,42.84142],[129.80716,42.81015],[129.84758,42.80033],[129.86607,42.78548],[129.8968,42.775],[129.97482,42.77353],[130.01045,42.7562],[130.02873,42.77789],[130.06296,42.80263],[130.09677,42.84644],[130.09911,42.87111],[130.08385,42.88825],[130.10376,42.9094],[130.09811,42.91861],[130.13753,42.93243],[130.11884,42.94341],[130.11575,42.95504],[130.14638,42.96941],[130.10616,42.98666],[130.07074,42.96932],[130.04881,42.96586],[129.97771,42.97021],[129.95268,42.98116],[129.95425,43.00081],[129.94968,43.00454],[129.93233,43.00605],[129.89653,43.002],[129.87801,42.98932]]]}},{"type":"Feature","properties":{"gid":"PRK.2.11_1","name2":"Ŏrang","engtype2":"County","type2":"Gun","provZh":"咸镜北道"},"geometry":{"type":"Polygon","coordinates":[[[129.72714,41.21403],[129.7393,41.21264],[129.74042,41.21709],[129.73152,41.22542],[129.73958,41.2307],[129.73209,41.24042],[129.73958,41.24153],[129.7307,41.24931],[129.75014,41.25931],[129.74347,41.26653],[129.75487,41.26598],[129.7482,41.27042],[129.75708,41.27098],[129.75931,41.2782],[129.74847,41.29681],[129.77931,41.31625],[129.76819,41.32014],[129.77069,41.32486],[129.79042,41.33125],[129.79042,41.3582],[129.80292,41.36237],[129.79764,41.3732],[129.80597,41.37486],[129.80736,41.38264],[129.78487,41.39181],[129.77625,41.38264],[129.76653,41.38542],[129.73819,41.41708],[129.70876,41.42209],[129.68791,41.43653],[129.67014,41.4557],[129.64986,41.49403],[129.65475,41.51505],[129.63327,41.52177],[129.60413,41.54671],[129.5743,41.54714],[129.55106,41.53819],[129.45677,41.53807],[129.43176,41.52893],[129.36812,41.52813],[129.33702,41.51505],[129.33673,41.4967],[129.34537,41.47619],[129.33618,41.46467],[129.2993,41.47325],[129.2644,41.46378],[129.21211,41.46388],[129.18959,41.49088],[129.179,41.51751],[129.20346,41.53571],[129.20819,41.56666],[129.23288,41.57835],[129.25325,41.62403],[129.24165,41.63945],[129.21736,41.63305],[129.20236,41.66158],[129.18571,41.6502],[129.14819,41.64661],[129.13318,41.6302],[129.12611,41.59714],[129.08594,41.5922],[129.05716,41.56972],[129.05388,41.53436],[129.02473,41.5053],[129.00414,41.49377],[128.96521,41.45213],[128.96477,41.4033],[128.97522,41.37108],[128.99963,41.3341],[129.00435,41.31274],[129.03847,41.27445],[129.01749,41.23856],[128.99348,41.21207],[128.99255,41.18972],[128.99916,41.18009],[129.08955,41.22314],[129.14856,41.27503],[129.20692,41.30575],[129.23987,41.30506],[129.28697,41.28717],[129.32959,41.29674],[129.38873,41.28655],[129.42889,41.27649],[129.47917,41.25091],[129.4996,41.25903],[129.52824,41.25904],[129.58162,41.22274],[129.64487,41.241],[129.72693,41.21939],[129.72714,41.21403]]]}},{"type":"Feature","properties":{"gid":"PRK.2.12_1","name2":"Puryŏng","engtype2":"County","type2":"Gun","provZh":"咸镜北道"},"geometry":{"type":"Polygon","coordinates":[[[129.87196,42.26348],[129.85411,42.27192],[129.83005,42.271],[129.80312,42.25546],[129.78487,42.22837],[129.75836,42.21682],[129.74689,42.22626],[129.73457,42.27299],[129.71672,42.2922],[129.6416,42.327],[129.61615,42.32656],[129.54652,42.28635],[129.53636,42.26555],[129.50655,42.23703],[129.50368,42.22256],[129.5114,42.20943],[129.54518,42.19341],[129.5777,42.14942],[129.57709,42.10538],[129.56549,42.08311],[129.53461,42.05113],[129.53189,42.03981],[129.56909,41.9841],[129.65227,41.97349],[129.69206,41.95351],[129.70505,41.9318],[129.72112,41.91972],[129.79016,41.95393],[129.80165,41.97239],[129.80135,42.01483],[129.79532,42.03202],[129.8289,42.06982],[129.82117,42.10329],[129.85657,42.16284],[129.85765,42.23935],[129.87196,42.26348]]]}},{"type":"Feature","properties":{"gid":"PRK.2.13_1","name2":"Puyun","engtype2":"County","type2":"Gun","provZh":"咸镜北道"},"geometry":{"type":"Polygon","coordinates":[[[129.56909,41.9841],[129.53189,42.03981],[129.48885,42.03927],[129.45425,42.02189],[129.42857,42.02869],[129.37505,41.96479],[129.34679,41.90776],[129.34749,41.87163],[129.36296,41.86282],[129.39058,41.87156],[129.42636,41.85458],[129.48366,41.8905],[129.50688,41.86443],[129.53867,41.84669],[129.54527,41.79759],[129.61816,41.79849],[129.65897,41.80831],[129.65863,41.8207],[129.6377,41.83214],[129.5983,41.87323],[129.5793,41.91179],[129.56909,41.9841]]]}},{"type":"Feature","properties":{"gid":"PRK.2.14_1","name2":"Saebyŏl","engtype2":"County","type2":"Gun","provZh":"咸镜北道"},"geometry":{"type":"Polygon","coordinates":[[[130.10376,42.9094],[130.08325,42.88564],[130.09868,42.87238],[130.09755,42.84769],[130.06296,42.80263],[130.02873,42.77789],[130.01045,42.7562],[130.05246,42.69632],[130.05212,42.6646],[130.03416,42.64672],[130.04259,42.61797],[130.02531,42.58225],[130.05948,42.55332],[130.06293,42.52744],[130.08641,42.54801],[130.10782,42.58663],[130.19576,42.60147],[130.21877,42.64478],[130.22211,42.67299],[130.24608,42.68357],[130.25745,42.69998],[130.23961,42.72548],[130.23309,42.78591],[130.26582,42.88607],[130.25896,42.8958],[130.1545,42.90685],[130.14711,42.90079],[130.11624,42.90277],[130.10376,42.9094]]]}},{"type":"Feature","properties":{"gid":"PRK.2.15_1","name2":"Ŭndŏk","engtype2":"County","type2":"Gun","provZh":"咸镜北道"},"geometry":{"type":"Polygon","coordinates":[[[130.2543,42.70799],[130.25745,42.69998],[130.24693,42.68448],[130.22211,42.67299],[130.21877,42.64478],[130.1969,42.60254],[130.10663,42.58588],[130.08728,42.54922],[130.06293,42.52744],[130.03801,42.48996],[129.99136,42.45218],[129.97823,42.42061],[129.98729,42.36865],[129.96404,42.3296],[130.00102,42.32776],[130.0294,42.31876],[130.08293,42.31913],[130.11264,42.32824],[130.14629,42.30166],[130.17368,42.30044],[130.18216,42.31739],[130.20903,42.31994],[130.2337,42.33278],[130.29948,42.4046],[130.28534,42.43538],[130.29044,42.45434],[130.34052,42.46927],[130.40274,42.50211],[130.43321,42.54419],[130.41556,42.57018],[130.43309,42.60113],[130.41554,42.60738],[130.38261,42.60027],[130.35634,42.62907],[130.30556,42.66369],[130.28822,42.69103],[130.2543,42.70799]]]}},{"type":"Feature","properties":{"gid":"PRK.2.16_1","name2":"Yŏnsa","engtype2":"County","type2":"Gun","provZh":"咸镜北道"},"geometry":{"type":"Polygon","coordinates":[[[129.33005,41.89524],[129.30357,41.90542],[129.2959,41.9408],[129.26166,41.96399],[129.23763,41.9649],[129.21535,41.9478],[129.20406,41.94904],[129.18959,41.96462],[129.185,41.98587],[129.16429,42.00699],[129.12341,42.03751],[129.0791,42.05925],[129.06874,42.07391],[129.04761,42.07857],[129.02411,42.09752],[129.0188,42.05212],[128.99448,42.028],[128.97989,41.99995],[128.95457,41.98527],[128.90175,41.97194],[128.88493,41.91344],[128.8692,41.91414],[128.85248,41.92797],[128.80629,41.92024],[128.84026,41.89199],[128.8459,41.87423],[128.86775,41.85702],[128.87354,41.82766],[128.9269,41.82113],[128.92772,41.72723],[128.95552,41.68715],[128.95239,41.67464],[128.92914,41.6505],[128.92934,41.64137],[128.94791,41.63141],[128.98869,41.63007],[129.01181,41.61926],[129.05716,41.56972],[129.08594,41.5922],[129.12611,41.59714],[129.13318,41.6302],[129.14819,41.64661],[129.18571,41.6502],[129.20236,41.66158],[129.21761,41.70589],[129.25154,41.75196],[129.24359,41.77647],[129.24533,41.79893],[129.26012,41.81395],[129.2881,41.82787],[129.30661,41.85309],[129.31136,41.87432],[129.33005,41.89524]]]}},{"type":"Feature","properties":{"gid":"PRK.3.1_1","name2":"Chŏngp'yŏng","engtype2":"County","type2":"Gun","provZh":"咸镜南道"},"geometry":{"type":"Polygon","coordinates":[[[127.10838,39.8626],[127.0898,39.84696],[127.09561,39.83657],[127.11947,39.81197],[127.13931,39.8062],[127.17761,39.75063],[127.17886,39.71112],[127.18684,39.68935],[127.16181,39.65121],[127.15945,39.63799],[127.16116,39.62305],[127.17531,39.60088],[127.19198,39.59481],[127.25233,39.59337],[127.2707,39.57834],[127.29351,39.57238],[127.33573,39.53181],[127.3869,39.52019],[127.40255,39.52254],[127.4426,39.54797],[127.53403,39.54819],[127.54986,39.57181],[127.56792,39.57625],[127.56236,39.58042],[127.56486,39.59209],[127.57848,39.59264],[127.56709,39.59903],[127.56792,39.60598],[127.55875,39.60792],[127.55736,39.62014],[127.56514,39.62931],[127.54597,39.63209],[127.54041,39.64626],[127.51486,39.63931],[127.49709,39.65042],[127.48847,39.67931],[127.49403,39.71323],[127.453,39.72937],[127.41063,39.79065],[127.37189,39.81119],[127.34666,39.8344],[127.27392,39.85475],[127.19648,39.84548],[127.1562,39.86352],[127.10838,39.8626]]]}},{"type":"Feature","properties":{"gid":"PRK.3.2_1","name2":"Dachon","engtype2":"County","type2":"Gun","provZh":"咸镜南道"},"geometry":{"type":"Polygon","coordinates":[[[128.99231,41.10109],[128.95453,41.12757],[128.84938,41.17471],[128.81662,41.17484],[128.78917,41.1657],[128.74435,41.17427],[128.70793,41.15995],[128.70552,41.15231],[128.71701,41.13485],[128.77649,41.08041],[128.78722,41.06046],[128.78635,41.01782],[128.77469,40.99545],[128.74391,40.96358],[128.7347,40.94296],[128.74673,40.9094],[128.81267,40.85138],[128.78854,40.79259],[128.79817,40.75777],[128.87064,40.6931],[128.88594,40.66868],[128.90744,40.66369],[128.91069,40.65799],[128.86932,40.6337],[128.84421,40.61059],[128.81207,40.59984],[128.7662,40.59937],[128.74706,40.60795],[128.72104,40.60855],[128.68341,40.5907],[128.66376,40.58977],[128.61562,40.61727],[128.58105,40.59054],[128.53616,40.59108],[128.51869,40.57319],[128.49632,40.56762],[128.47165,40.53996],[128.47264,40.51592],[128.5067,40.46262],[128.53706,40.4425],[128.60381,40.42231],[128.62108,40.42461],[128.67723,40.45694],[128.69508,40.44259],[128.72987,40.44042],[128.78035,40.41445],[128.82066,40.40456],[128.85994,40.40344],[128.88347,40.38652],[128.90236,40.39792],[128.91653,40.41792],[128.94153,40.43209],[128.90402,40.44514],[128.93069,40.44348],[128.94615,40.43403],[128.96597,40.45736],[129.00847,40.4657],[129.01486,40.47542],[129.03403,40.48403],[129.05486,40.48347],[129.06375,40.4707],[129.07014,40.47959],[129.09875,40.49125],[129.1143,40.5093],[129.11487,40.52431],[129.15236,40.54764],[129.1507,40.56014],[129.15964,40.57169],[129.0584,40.60249],[129.06477,40.64705],[129.05449,40.66341],[129.00874,40.68592],[128.98672,40.70744],[128.97424,40.74224],[128.9724,40.78469],[128.93721,40.82645],[128.93762,40.859],[128.96387,40.88104],[128.93987,40.92717],[128.95377,40.95142],[128.98299,40.97102],[128.98508,40.99047],[129.00139,41.0046],[128.99199,41.04151],[129.0016,41.07567],[128.99231,41.10109]]]}},{"type":"Feature","properties":{"gid":"PRK.3.3_1","name2":"Doksong","engtype2":"County","type2":"Gun","provZh":"咸镜南道"},"geometry":{"type":"Polygon","coordinates":[[[128.53616,40.59108],[128.50009,40.6287],[128.51688,40.6641],[128.51366,40.67322],[128.43619,40.67243],[128.37517,40.63672],[128.29611,40.66225],[128.25197,40.63039],[128.20898,40.58221],[128.18117,40.5624],[128.14638,40.56293],[128.09288,40.59874],[128.04703,40.59812],[128.00441,40.58105],[127.979,40.57878],[127.95424,40.5554],[127.93848,40.52226],[127.92128,40.5041],[127.87988,40.4847],[127.93134,40.42948],[127.9225,40.39122],[127.94095,40.363],[127.93259,40.33379],[127.93787,40.31589],[127.98722,40.3187],[128.03223,40.27628],[128.08072,40.25497],[128.13266,40.2826],[128.26175,40.28326],[128.34048,40.32747],[128.39641,40.34023],[128.43004,40.35822],[128.41605,40.38866],[128.41824,40.4153],[128.46002,40.45693],[128.49957,40.46971],[128.48795,40.49753],[128.47264,40.51592],[128.47256,40.54281],[128.49632,40.56762],[128.51869,40.57319],[128.53616,40.59108]]]}},{"type":"Feature","properties":{"gid":"PRK.3.4_1","name2":"Hamhŭng","engtype2":"City","type2":"Si","provZh":"咸镜南道"},"geometry":{"type":"Polygon","coordinates":[[[127.72978,40.0779],[127.6321,40.07805],[127.60929,40.06766],[127.59735,40.04388],[127.60532,40.03176],[127.58685,39.99733],[127.55538,39.98999],[127.52723,39.96155],[127.51826,39.94401],[127.49868,39.93318],[127.4641,39.897],[127.46882,39.87291],[127.50262,39.81734],[127.50536,39.79057],[127.52348,39.76403],[127.56069,39.75459],[127.56653,39.74181],[127.57291,39.74736],[127.56931,39.75737],[127.56458,39.75375],[127.54708,39.75931],[127.55125,39.79265],[127.56486,39.79987],[127.5807,39.79709],[127.60819,39.82403],[127.62791,39.82681],[127.61875,39.83181],[127.62431,39.83403],[127.6507,39.82514],[127.65041,39.81764],[127.65875,39.81264],[127.65681,39.8057],[127.66486,39.80542],[127.66986,39.82014],[127.68014,39.81931],[127.68292,39.83181],[127.68875,39.83102],[127.6946,39.85961],[127.75336,39.91029],[127.77315,39.96064],[127.77344,39.99889],[127.72978,40.0779]]]}},{"type":"Feature","properties":{"gid":"PRK.3.5_1","name2":"Hamju","engtype2":"County","type2":"Gun","provZh":"咸镜南道"},"geometry":{"type":"Polygon","coordinates":[[[127.49403,39.71323],[127.50125,39.73125],[127.51847,39.74959],[127.54153,39.76014],[127.52402,39.75792],[127.52236,39.76236],[127.49069,39.72903],[127.50569,39.75264],[127.52341,39.76431],[127.50536,39.79057],[127.50262,39.81734],[127.46882,39.87291],[127.4641,39.897],[127.43589,39.93259],[127.42097,39.93873],[127.33553,39.93863],[127.30524,39.92036],[127.26272,39.92104],[127.2475,39.94328],[127.2299,39.95224],[127.21639,39.96802],[127.24277,40.01476],[127.242,40.048],[127.20069,40.04095],[127.17924,40.05708],[127.15929,40.06123],[127.11781,40.08525],[127.10461,40.08573],[127.09225,40.07571],[127.08591,40.06488],[127.08441,40.03171],[127.07695,40.02385],[127.05965,40.01995],[127.05722,40.00398],[127.06908,39.9654],[127.11212,39.90994],[127.10838,39.8626],[127.1562,39.86352],[127.19648,39.84548],[127.27392,39.85475],[127.34535,39.83501],[127.37189,39.81119],[127.41063,39.79065],[127.453,39.72937],[127.49403,39.71323]]]}},{"type":"Feature","properties":{"gid":"PRK.3.6_1","name2":"Hŏch'ŏn","engtype2":"County","type2":"Gun","provZh":"咸镜南道"},"geometry":{"type":"Polygon","coordinates":[[[128.70552,41.15231],[128.67812,41.12952],[128.66464,41.08434],[128.6223,41.07079],[128.60049,41.02954],[128.58115,41.02333],[128.57063,41.00925],[128.45985,41.00772],[128.43633,40.99646],[128.42908,40.98063],[128.4431,40.95776],[128.44228,40.90609],[128.40289,40.86081],[128.4059,40.83467],[128.38914,40.80278],[128.38652,40.77599],[128.36099,40.75632],[128.33934,40.69115],[128.29903,40.66231],[128.37517,40.63672],[128.43619,40.67243],[128.51366,40.67322],[128.51727,40.66541],[128.50053,40.63589],[128.50114,40.62586],[128.53616,40.59108],[128.55457,40.58972],[128.5825,40.59104],[128.61562,40.61727],[128.66376,40.58977],[128.68341,40.5907],[128.72104,40.60855],[128.74706,40.60795],[128.7662,40.59937],[128.81207,40.59984],[128.84421,40.61059],[128.86932,40.6337],[128.90887,40.65467],[128.90927,40.66243],[128.88594,40.66868],[128.87064,40.6931],[128.79817,40.75777],[128.78854,40.79259],[128.81267,40.85138],[128.74673,40.9094],[128.7347,40.94296],[128.74391,40.96358],[128.77469,40.99545],[128.78635,41.01782],[128.78688,41.06192],[128.77649,41.08041],[128.72325,41.12796],[128.70552,41.15231]]]}},{"type":"Feature","properties":{"gid":"PRK.3.7_1","name2":"Hongwŏn","engtype2":"County","type2":"Gun","provZh":"咸镜南道"},"geometry":{"type":"Polygon","coordinates":[[[127.94178,40.31732],[127.89258,40.29848],[127.87421,40.266],[127.85849,40.25676],[127.80622,40.25005],[127.78516,40.22768],[127.77091,40.18759],[127.74877,40.16389],[127.73531,40.1369],[127.71987,40.1257],[127.72727,40.07818],[127.73512,40.07507],[127.73879,40.05895],[127.77235,40.00336],[127.7749,39.97571],[127.84094,39.97626],[127.87142,39.98594],[127.8821,39.98404],[127.88736,39.97617],[127.90514,39.98848],[127.92264,39.97764],[127.96042,40.01375],[127.9782,40.01403],[127.97736,40.02681],[127.98597,40.02625],[127.98125,40.03764],[127.99847,40.03403],[127.98348,40.04264],[127.98125,40.0507],[127.99431,40.06042],[128.01013,40.05903],[128.01209,40.04625],[128.02208,40.05264],[128.03708,40.05209],[128.04181,40.04264],[128.06041,40.03348],[128.06876,40.04098],[128.08994,40.04098],[128.0907,40.0672],[128.09952,40.07933],[128.11054,40.087],[128.13867,40.09055],[128.19164,40.13947],[128.19235,40.19418],[128.1852,40.20593],[128.13716,40.21933],[128.07208,40.26224],[128.03348,40.27547],[127.98722,40.3187],[127.94178,40.31732]]]}},{"type":"Feature","properties":{"gid":"PRK.3.8_1","name2":"Jangjin","engtype2":"County","type2":"Gun","provZh":"咸镜南道"},"geometry":{"type":"Polygon","coordinates":[[[126.97957,40.4641],[126.94724,40.43933],[126.90886,40.33766],[127.01337,40.33759],[127.06124,40.32473],[127.07838,40.3027],[127.10217,40.28939],[127.11225,40.27237],[127.10401,40.21793],[127.11674,40.18114],[127.16837,40.17075],[127.22301,40.21433],[127.27194,40.23441],[127.2952,40.22684],[127.32388,40.22702],[127.39463,40.2592],[127.40437,40.31234],[127.4762,40.37527],[127.47639,40.44328],[127.48551,40.46557],[127.48471,40.48475],[127.46671,40.52692],[127.48479,40.54673],[127.48591,40.59315],[127.49419,40.61359],[127.4727,40.64752],[127.44891,40.66522],[127.44957,40.69059],[127.47572,40.72369],[127.44556,40.79529],[127.41826,40.82439],[127.39779,40.78439],[127.37966,40.77517],[127.34652,40.77326],[127.31901,40.7488],[127.29082,40.74526],[127.24048,40.71516],[127.23297,40.68222],[127.20746,40.62769],[127.15276,40.62486],[127.10345,40.60511],[127.05714,40.5714],[127.02224,40.56809],[127.01253,40.55782],[127.00275,40.52963],[127.01082,40.5092],[127.01054,40.4813],[126.97957,40.4641]]]}},{"type":"Feature","properties":{"gid":"PRK.3.9_1","name2":"Kowŏn","engtype2":"County","type2":"Gun","provZh":"咸镜南道"},"geometry":{"type":"Polygon","coordinates":[[[126.9973,39.45795],[127.01956,39.4346],[127.03151,39.35212],[127.07184,39.32526],[127.09091,39.32774],[127.1003,39.34026],[127.10537,39.37789],[127.13091,39.40678],[127.22885,39.40921],[127.26222,39.42428],[127.24008,39.44949],[127.19794,39.48124],[127.16336,39.48379],[127.14548,39.49213],[127.08895,39.49188],[127.03838,39.46591],[126.9973,39.45795]]]}},{"type":"Feature","properties":{"gid":"PRK.3.10_1","name2":"Kŭmho","engtype2":"County","type2":"Gun","provZh":"咸镜南道"},"geometry":{"type":"Polygon","coordinates":[[[128.39693,40.12516],[128.39693,40.13445],[128.37875,40.13326],[128.36273,40.11335],[128.37637,40.10113],[128.3932,40.11316],[128.39693,40.12516]]]}},{"type":"Feature","properties":{"gid":"PRK.3.11_1","name2":"Kŭmya","engtype2":"County","type2":"Gun","provZh":"咸镜南道"},"geometry":{"type":"MultiPolygon","coordinates":[[[[127.47264,39.40042],[127.46375,39.39459],[127.47459,39.38097],[127.4818,39.39764],[127.47264,39.40042]]],[[[127.4932,39.39764],[127.48986,39.39264],[127.49625,39.39042],[127.4932,39.39764]]],[[[127.18111,39.59791],[127.17531,39.60088],[127.13802,39.5862],[127.11517,39.59359],[127.05887,39.5699],[127.02596,39.57572],[127.01308,39.56037],[126.99193,39.54945],[126.93826,39.5437],[126.93797,39.49271],[126.94988,39.47416],[126.9973,39.45795],[127.03838,39.46591],[127.09049,39.49214],[127.14392,39.49231],[127.16336,39.48379],[127.19505,39.48243],[127.24008,39.44949],[127.2809,39.40885],[127.3303,39.40852],[127.3784,39.39973],[127.41557,39.41105],[127.43681,39.40355],[127.43347,39.41292],[127.45153,39.41375],[127.44875,39.40931],[127.46125,39.39903],[127.46875,39.40181],[127.46653,39.40875],[127.48653,39.40042],[127.49097,39.40459],[127.48681,39.41737],[127.4732,39.42625],[127.50125,39.43709],[127.51209,39.42681],[127.51486,39.41181],[127.49014,39.40042],[127.51264,39.40848],[127.51458,39.39709],[127.53403,39.4057],[127.53875,39.38681],[127.53236,39.39681],[127.52847,39.39237],[127.54041,39.38376],[127.54542,39.36848],[127.54181,39.35764],[127.52375,39.3507],[127.53347,39.34181],[127.52653,39.32375],[127.51542,39.31931],[127.51514,39.30848],[127.55708,39.29987],[127.55847,39.29487],[127.56903,39.30347],[127.55375,39.33376],[127.55959,39.35709],[127.5482,39.37042],[127.52319,39.44125],[127.51153,39.50098],[127.51264,39.52625],[127.52431,39.52848],[127.52236,39.5357],[127.53042,39.53848],[127.53375,39.54815],[127.4426,39.54797],[127.40113,39.52188],[127.3789,39.52077],[127.33573,39.53181],[127.29351,39.57238],[127.2707,39.57834],[127.25233,39.59337],[127.18111,39.59791]]]]}},{"type":"Feature","properties":{"gid":"PRK.3.12_1","name2":"Pujŏn","engtype2":"County","type2":"Gun","provZh":"咸镜南道"},"geometry":{"type":"Polygon","coordinates":[[[127.41826,40.82439],[127.44637,40.79402],[127.47536,40.72656],[127.47364,40.71672],[127.44957,40.69059],[127.44891,40.66522],[127.4727,40.64752],[127.49419,40.61359],[127.48591,40.59315],[127.48479,40.54673],[127.46671,40.52692],[127.48569,40.47848],[127.47639,40.44328],[127.4762,40.37527],[127.65672,40.37564],[127.6778,40.38597],[127.69839,40.41055],[127.72719,40.4118],[127.72819,40.47567],[127.73864,40.49422],[127.77253,40.52468],[127.7794,40.60005],[127.73866,40.59914],[127.72169,40.61338],[127.70767,40.68822],[127.67633,40.6961],[127.64248,40.75333],[127.61854,40.77255],[127.61494,40.81],[127.59848,40.83111],[127.59691,40.85178],[127.60564,40.86593],[127.69104,40.90696],[127.70599,40.92139],[127.71785,40.95737],[127.69275,40.98605],[127.6914,40.99535],[127.70874,41.00434],[127.74407,40.9987],[127.77191,41.01837],[127.7922,41.0773],[127.78888,41.12212],[127.73927,41.13853],[127.70677,41.13737],[127.68638,41.1459],[127.6589,41.14623],[127.64508,41.13412],[127.62375,41.07533],[127.60888,41.06555],[127.50318,41.06252],[127.50288,41.0354],[127.4836,41.00898],[127.437,40.98549],[127.40318,40.95066],[127.40215,40.882],[127.41964,40.84705],[127.41826,40.82439]]]}},{"type":"Feature","properties":{"gid":"PRK.3.13_1","name2":"Pukch'ŏng","engtype2":"County","type2":"Gun","provZh":"咸镜南道"},"geometry":{"type":"Polygon","coordinates":[[[128.08072,40.25497],[128.13716,40.21933],[128.18645,40.20499],[128.19249,40.19259],[128.19164,40.13947],[128.26062,40.11659],[128.30467,40.13652],[128.32458,40.15216],[128.38086,40.1532],[128.39424,40.1459],[128.39693,40.12516],[128.41188,40.11937],[128.41512,40.10236],[128.44347,40.11237],[128.44736,40.1107],[128.43903,40.10709],[128.44569,40.10431],[128.46764,40.13431],[128.4832,40.13237],[128.49374,40.13931],[128.5157,40.13459],[128.53014,40.14375],[128.54736,40.16737],[128.58205,40.18181],[128.58241,40.21477],[128.57083,40.23896],[128.51901,40.27441],[128.51414,40.3238],[128.43004,40.35822],[128.39641,40.34023],[128.34048,40.32747],[128.26477,40.28387],[128.13266,40.2826],[128.08072,40.25497]]]}},{"type":"Feature","properties":{"gid":"PRK.3.14_1","name2":"Rakwon","engtype2":"County","type2":"Gun","provZh":"咸镜南道"},"geometry":{"type":"Polygon","coordinates":[[[127.68915,39.84811],[127.72459,39.85959],[127.74625,39.85959],[127.75097,39.85153],[127.75681,39.85903],[127.76542,39.85487],[127.76847,39.86153],[127.78597,39.85626],[127.78514,39.86375],[127.79403,39.87098],[127.78848,39.87181],[127.78875,39.87848],[127.77875,39.87875],[127.7832,39.88209],[127.77181,39.89792],[127.77959,39.9032],[127.8082,39.87986],[127.81986,39.89264],[127.82291,39.88681],[127.83542,39.89403],[127.83375,39.88903],[127.84319,39.88181],[127.8682,39.90125],[127.87347,39.89681],[127.86736,39.89153],[127.88403,39.8882],[127.88458,39.89403],[127.87708,39.89292],[127.87431,39.90014],[127.89069,39.93736],[127.87403,39.94209],[127.8782,39.96403],[127.88736,39.9757],[127.88397,39.98204],[127.86804,39.98583],[127.84094,39.97626],[127.7749,39.97571],[127.75259,39.90915],[127.72875,39.89398],[127.68915,39.84811]]]}},{"type":"Feature","properties":{"gid":"PRK.3.15_1","name2":"Riwŏn","engtype2":"County","type2":"Gun","provZh":"咸镜南道"},"geometry":{"type":"Polygon","coordinates":[[[128.50146,40.46758],[128.45531,40.45309],[128.41745,40.41402],[128.41643,40.38722],[128.43004,40.35822],[128.51414,40.3238],[128.51901,40.27441],[128.57083,40.23896],[128.58241,40.21477],[128.58264,40.18153],[128.59541,40.18848],[128.63126,40.17875],[128.63652,40.18931],[128.64653,40.18987],[128.65154,40.19792],[128.64819,40.21347],[128.65736,40.20736],[128.65514,40.19125],[128.6618,40.19181],[128.65958,40.20098],[128.66489,40.20429],[128.65958,40.21848],[128.66653,40.22125],[128.66014,40.22181],[128.6593,40.22848],[128.66625,40.22903],[128.66959,40.23848],[128.65598,40.24264],[128.65598,40.25542],[128.65042,40.25875],[128.63625,40.25764],[128.62958,40.26709],[128.61626,40.27042],[128.61986,40.29987],[128.63486,40.31514],[128.65514,40.32042],[128.65875,40.31014],[128.66875,40.30848],[128.67653,40.32264],[128.69431,40.33431],[128.71014,40.33431],[128.72014,40.34126],[128.7482,40.33598],[128.76514,40.35348],[128.77542,40.35459],[128.78403,40.34653],[128.8118,40.35459],[128.81291,40.36098],[128.83904,40.37236],[128.86069,40.37209],[128.88347,40.38625],[128.85994,40.40344],[128.82066,40.40456],[128.78035,40.41445],[128.72987,40.44042],[128.69508,40.44259],[128.67723,40.45694],[128.61966,40.42395],[128.60057,40.42247],[128.53706,40.4425],[128.50146,40.46758]]]}},{"type":"Feature","properties":{"gid":"PRK.3.16_1","name2":"Sinhŭng","engtype2":"County","type2":"Gun","provZh":"咸镜南道"},"geometry":{"type":"Polygon","coordinates":[[[127.87988,40.4847],[127.81026,40.44778],[127.78258,40.42345],[127.75019,40.41304],[127.69839,40.41055],[127.67873,40.38679],[127.66011,40.37627],[127.4762,40.37527],[127.43517,40.33433],[127.40716,40.31588],[127.39446,40.26244],[127.3936,40.22705],[127.42692,40.201],[127.43105,40.17141],[127.4503,40.14503],[127.49269,40.11324],[127.49603,40.08786],[127.50607,40.07545],[127.54214,40.06683],[127.56036,40.04206],[127.59706,40.04092],[127.60751,40.06587],[127.62705,40.07724],[127.72727,40.07818],[127.71919,40.12429],[127.73531,40.1369],[127.74877,40.16389],[127.77177,40.1889],[127.7889,40.2328],[127.81299,40.25401],[127.85849,40.25676],[127.87421,40.266],[127.89258,40.29848],[127.93851,40.31316],[127.93259,40.33379],[127.94095,40.363],[127.9225,40.39122],[127.93134,40.42948],[127.87988,40.4847]]]}},{"type":"Feature","properties":{"gid":"PRK.3.17_1","name2":"Sinp'o","engtype2":"City","type2":"Si","provZh":"咸镜南道"},"geometry":{"type":"MultiPolygon","coordinates":[[[[128.22681,40.01625],[128.22485,40.00625],[128.21709,40.00514],[128.21652,39.99348],[128.20931,39.99403],[128.21153,40.01125],[128.20236,40.00848],[128.19959,39.99931],[128.19376,40.00681],[128.1893,40.00181],[128.18514,40.0082],[128.17125,40.00764],[128.1768,39.99987],[128.17319,39.99458],[128.16653,39.99681],[128.16347,39.98514],[128.21959,39.9907],[128.23181,40.00625],[128.22681,40.01625]]],[[[128.08992,40.04318],[128.10126,40.03209],[128.11792,40.03848],[128.14542,40.03292],[128.15459,40.02014],[128.14542,40.01042],[128.15541,40.00876],[128.16681,40.02653],[128.17708,40.03153],[128.19542,40.02625],[128.20209,40.03375],[128.21292,40.02737],[128.21513,40.03153],[128.22653,40.02848],[128.22653,40.03459],[128.23541,40.03792],[128.22903,40.0532],[128.2343,40.05903],[128.23209,40.06764],[128.26653,40.07681],[128.28542,40.06237],[128.28626,40.04264],[128.3082,40.03098],[128.33041,40.02987],[128.32903,40.05292],[128.35208,40.08764],[128.36903,40.09875],[128.40292,40.10597],[128.41512,40.10236],[128.41522,40.11248],[128.40837,40.12247],[128.39693,40.12516],[128.38728,40.10802],[128.37637,40.10113],[128.36823,40.10525],[128.36226,40.1158],[128.36806,40.12506],[128.38019,40.13373],[128.39693,40.13445],[128.3933,40.14716],[128.38246,40.15306],[128.32458,40.15216],[128.26349,40.11656],[128.19164,40.13947],[128.13867,40.09055],[128.10062,40.08039],[128.0907,40.0672],[128.08992,40.04318]]]]}},{"type":"Feature","properties":{"gid":"PRK.3.18_1","name2":"Sudong","engtype2":"County","type2":"Gun","provZh":"咸镜南道"},"geometry":{"type":"Polygon","coordinates":[[[126.9973,39.45795],[126.94703,39.47658],[126.93691,39.49706],[126.93826,39.5437],[126.91438,39.52993],[126.8457,39.52846],[126.80696,39.50967],[126.7978,39.49937],[126.7957,39.46743],[126.7793,39.45295],[126.77804,39.40283],[126.76859,39.38364],[126.75864,39.38256],[126.73927,39.39833],[126.7134,39.39921],[126.69463,39.35375],[126.70607,39.31229],[126.72321,39.29835],[126.73906,39.29665],[126.7728,39.31519],[126.81373,39.31484],[126.83319,39.30352],[126.8503,39.26898],[126.86311,39.27108],[126.88283,39.28709],[126.90671,39.28722],[126.93565,39.25624],[126.91866,39.23045],[126.92491,39.21605],[127.00578,39.21338],[127.03251,39.20003],[127.03815,39.21973],[127.02148,39.25112],[127.02208,39.26117],[127.04876,39.27728],[127.07413,39.2796],[127.09179,39.28894],[127.09432,39.3165],[127.09091,39.32774],[127.06734,39.32643],[127.03238,39.35081],[127.01956,39.4346],[126.9973,39.45795]]]}},{"type":"Feature","properties":{"gid":"PRK.3.19_1","name2":"Yodŏk","engtype2":"County","type2":"Gun","provZh":"咸镜南道"},"geometry":{"type":"Polygon","coordinates":[[[127.0898,39.84696],[127.04265,39.84492],[127.01981,39.82809],[127.00253,39.82634],[126.97734,39.85081],[126.95326,39.86298],[126.84891,39.86409],[126.83236,39.85538],[126.80703,39.85308],[126.77402,39.83131],[126.76092,39.80597],[126.75806,39.77926],[126.72642,39.75579],[126.72046,39.73053],[126.73253,39.71624],[126.75684,39.71442],[126.75903,39.70578],[126.70527,39.65884],[126.70457,39.64408],[126.71332,39.62487],[126.71154,39.59339],[126.68258,39.56777],[126.66692,39.56639],[126.66781,39.54053],[126.67907,39.51789],[126.69913,39.50568],[126.7114,39.48568],[126.7291,39.48145],[126.74076,39.46965],[126.74015,39.45551],[126.7134,39.39921],[126.73927,39.39833],[126.75864,39.38256],[126.76768,39.38271],[126.77804,39.40283],[126.7793,39.45295],[126.7963,39.4687],[126.79905,39.50233],[126.84417,39.52795],[126.91438,39.52993],[126.94792,39.54724],[126.99193,39.54945],[127.01308,39.56037],[127.02596,39.57572],[127.05887,39.5699],[127.11517,39.59359],[127.13802,39.5862],[127.17531,39.60088],[127.16116,39.62305],[127.15945,39.63799],[127.16181,39.65121],[127.18684,39.68935],[127.17886,39.71112],[127.17712,39.75208],[127.13931,39.8062],[127.11826,39.8129],[127.0898,39.84696]]]}},{"type":"Feature","properties":{"gid":"PRK.3.20_1","name2":"Yŏnggwang","engtype2":"County","type2":"Gun","provZh":"咸镜南道"},"geometry":{"type":"Polygon","coordinates":[[[127.59706,40.04092],[127.56036,40.04206],[127.54214,40.06683],[127.51389,40.06998],[127.5015,40.08002],[127.49269,40.11324],[127.4503,40.14503],[127.43105,40.17141],[127.42692,40.201],[127.39433,40.22564],[127.39463,40.2592],[127.32539,40.22738],[127.2952,40.22684],[127.27477,40.23502],[127.22301,40.21433],[127.16837,40.17075],[127.17811,40.15107],[127.17652,40.12606],[127.11781,40.08525],[127.15929,40.06123],[127.17924,40.05708],[127.19915,40.04134],[127.242,40.048],[127.24277,40.01476],[127.21616,39.96948],[127.22755,39.95417],[127.24847,39.9423],[127.26146,39.92168],[127.30524,39.92036],[127.33389,39.93851],[127.42429,39.93844],[127.44678,39.92179],[127.4641,39.897],[127.49868,39.93318],[127.51826,39.94401],[127.52723,39.96155],[127.55538,39.98999],[127.58599,39.99637],[127.60571,40.03309],[127.59706,40.04092]]]}},{"type":"Feature","properties":{"gid":"PRK.4.1_1","name2":"Hwangju","engtype2":"County","type2":"Gun","provZh":"黄海北道"},"geometry":{"type":"Polygon","coordinates":[[[125.78323,38.61811],[125.78201,38.63381],[125.75255,38.65741],[125.74978,38.66835],[125.76511,38.68193],[125.81755,38.70266],[125.82481,38.73418],[125.83825,38.74629],[125.86454,38.75492],[125.89205,38.78335],[125.89928,38.80347],[125.87681,38.80543],[125.82912,38.83026],[125.79327,38.84106],[125.70485,38.84067],[125.65321,38.82042],[125.64252,38.80888],[125.66127,38.79155],[125.66124,38.77895],[125.6368,38.75507],[125.62394,38.73233],[125.60653,38.72945],[125.59723,38.72015],[125.60103,38.70749],[125.6144,38.69802],[125.63823,38.6425],[125.66026,38.64505],[125.70161,38.62841],[125.72684,38.62587],[125.75898,38.60937],[125.77393,38.60881],[125.78323,38.61811]]]}},{"type":"Feature","properties":{"gid":"PRK.4.2_1","name2":"Kaesŏng","engtype2":"City","type2":"Si","provZh":"黄海北道"},"geometry":{"type":"Polygon","coordinates":[[[126.45627,38.01904],[126.48858,38.00277],[126.48067,37.97845],[126.48342,37.94757],[126.51666,37.9315],[126.53149,37.97242],[126.60976,38.02469],[126.61147,38.04456],[126.56788,38.04288],[126.55566,38.0538],[126.56921,38.08436],[126.59692,38.09607],[126.59061,38.10873],[126.57166,38.12563],[126.53028,38.12518],[126.51502,38.07776],[126.49496,38.06561],[126.48508,38.04742],[126.45627,38.01904]]]}},{"type":"Feature","properties":{"gid":"PRK.4.3_1","name2":"Koksan","engtype2":"County","type2":"Gun","provZh":"黄海北道"},"geometry":{"type":"Polygon","coordinates":[[[126.6738,38.62794],[126.694,38.64472],[126.72452,38.65508],[126.76425,38.65619],[126.77484,38.66159],[126.79422,38.68192],[126.81178,38.71739],[126.84087,38.73792],[126.87003,38.78673],[126.87386,38.80927],[126.84106,38.80484],[126.7916,38.82294],[126.72553,38.82338],[126.65227,38.79552],[126.62257,38.80441],[126.54997,38.80452],[126.56273,38.78684],[126.56271,38.77574],[126.54334,38.7459],[126.51897,38.73654],[126.50906,38.7163],[126.51825,38.7015],[126.54483,38.6832],[126.55235,38.66518],[126.54588,38.63729],[126.56532,38.63924],[126.59246,38.66248],[126.63023,38.64467],[126.64302,38.62882],[126.6738,38.62794]]]}},{"type":"Feature","properties":{"gid":"PRK.4.4_1","name2":"Kŭmch'ŏn","engtype2":"County","type2":"Gun","provZh":"黄海北道"},"geometry":{"type":"Polygon","coordinates":[[[126.59692,38.09607],[126.63602,38.12411],[126.63848,38.15782],[126.62324,38.17085],[126.61192,38.19344],[126.60187,38.2338],[126.60044,38.30238],[126.56457,38.32703],[126.56564,38.34876],[126.58304,38.36791],[126.56868,38.37693],[126.53042,38.3768],[126.50161,38.34273],[126.46545,38.33418],[126.43559,38.29295],[126.43377,38.24128],[126.41617,38.21445],[126.43016,38.17839],[126.4238,38.15992],[126.44238,38.14429],[126.44296,38.11996],[126.42934,38.12143],[126.41644,38.14997],[126.4032,38.13717],[126.38213,38.12954],[126.36952,38.10005],[126.3772,38.09182],[126.39026,38.0977],[126.39681,38.09421],[126.38935,38.06634],[126.39661,38.04618],[126.39271,38.02319],[126.45627,38.01904],[126.48508,38.04742],[126.49496,38.06561],[126.51502,38.07776],[126.53028,38.12518],[126.57319,38.12511],[126.59692,38.09607]]]}},{"type":"Feature","properties":{"gid":"PRK.4.5_1","name2":"P'yŏngsan","engtype2":"County","type2":"Gun","provZh":"黄海北道"},"geometry":{"type":"Polygon","coordinates":[[[126.55094,38.37832],[126.53659,38.40057],[126.54381,38.43123],[126.48801,38.45425],[126.44501,38.49696],[126.38707,38.4773],[126.37844,38.46994],[126.3764,38.45322],[126.35934,38.44344],[126.33251,38.44054],[126.30032,38.42397],[126.25533,38.42061],[126.22759,38.36044],[126.18636,38.35904],[126.17451,38.3172],[126.20953,38.29974],[126.20499,38.2841],[126.21084,38.23474],[126.3019,38.2367],[126.43016,38.17839],[126.41624,38.2159],[126.43339,38.23975],[126.43448,38.28838],[126.44553,38.31286],[126.47055,38.33796],[126.50291,38.34364],[126.52635,38.37525],[126.55094,38.37832]]]}},{"type":"Feature","properties":{"gid":"PRK.4.6_1","name2":"Pongsan","engtype2":"County","type2":"Gun","provZh":"黄海北道"},"geometry":{"type":"Polygon","coordinates":[[[125.77393,38.60881],[125.78341,38.57948],[125.76466,38.54824],[125.77283,38.50942],[125.75338,38.49814],[125.72159,38.49679],[125.7036,38.48817],[125.77332,38.46814],[125.83022,38.4243],[125.87121,38.42276],[125.89178,38.41374],[125.91444,38.42397],[125.93248,38.4593],[125.95482,38.46006],[125.97245,38.4519],[125.99102,38.45947],[126.00571,38.45556],[126.05582,38.48244],[126.07065,38.50877],[126.07284,38.54349],[126.08994,38.56742],[126.09014,38.59977],[126.07564,38.60888],[126.02093,38.60868],[125.96378,38.58999],[125.94975,38.59241],[125.92998,38.6081],[125.8923,38.60891],[125.86639,38.59162],[125.85378,38.58989],[125.83955,38.59163],[125.78909,38.61738],[125.77393,38.60881]]]}},{"type":"Feature","properties":{"gid":"PRK.4.7_1","name2":"Rinsan","engtype2":"County","type2":"Gun","provZh":"黄海北道"},"geometry":{"type":"Polygon","coordinates":[[[126.18636,38.35904],[126.13071,38.35878],[126.08955,38.38477],[126.06145,38.38786],[126.04615,38.4114],[125.99673,38.45888],[125.97388,38.45184],[125.95323,38.46029],[125.92973,38.45772],[125.9217,38.43341],[125.94229,38.43074],[125.95013,38.41699],[125.9233,38.35445],[125.92197,38.28814],[125.89796,38.26746],[125.90514,38.22082],[125.92371,38.17529],[126.0023,38.17242],[126.02549,38.18971],[126.04047,38.19134],[126.07917,38.17319],[126.12075,38.20849],[126.15481,38.20166],[126.21084,38.23474],[126.20499,38.2841],[126.20953,38.29974],[126.17474,38.31593],[126.18636,38.35904]]]}},{"type":"Feature","properties":{"gid":"PRK.4.8_1","name2":"Sariwŏn","engtype2":"City","type2":"Si","provZh":"黄海北道"},"geometry":{"type":"Polygon","coordinates":[[[125.63907,38.64122],[125.65257,38.62355],[125.66262,38.53102],[125.6794,38.52172],[125.68307,38.49935],[125.7036,38.48817],[125.72159,38.49679],[125.75338,38.49814],[125.77205,38.50832],[125.77386,38.52041],[125.76466,38.54824],[125.78341,38.57948],[125.77393,38.60881],[125.7574,38.60973],[125.72684,38.62587],[125.70161,38.62841],[125.65869,38.64543],[125.63907,38.64122]]]}},{"type":"Feature","properties":{"gid":"PRK.4.9_1","name2":"Sin'gye","engtype2":"County","type2":"Gun","provZh":"黄海北道"},"geometry":{"type":"Polygon","coordinates":[[[126.54588,38.63729],[126.52285,38.59594],[126.49734,38.56498],[126.47085,38.54577],[126.43725,38.53503],[126.40635,38.54437],[126.36241,38.53468],[126.33289,38.54936],[126.31416,38.51432],[126.31434,38.48895],[126.32467,38.47979],[126.37844,38.46994],[126.40689,38.48714],[126.44892,38.49695],[126.48801,38.45425],[126.54381,38.43123],[126.53659,38.40057],[126.55094,38.37832],[126.57315,38.37576],[126.59946,38.35849],[126.63491,38.36758],[126.67151,38.36846],[126.685,38.41056],[126.686,38.45643],[126.71676,38.47347],[126.7038,38.49927],[126.70412,38.53743],[126.7126,38.55742],[126.71328,38.58168],[126.67818,38.61152],[126.6738,38.62794],[126.64302,38.62882],[126.63136,38.64389],[126.59486,38.66202],[126.56532,38.63924],[126.54588,38.63729]]]}},{"type":"Feature","properties":{"gid":"PRK.4.10_1","name2":"Sinp'yŏng","engtype2":"County","type2":"Gun","provZh":"黄海北道"},"geometry":{"type":"Polygon","coordinates":[[[126.87386,38.80927],[126.88105,38.83032],[126.87148,38.87396],[126.88631,38.89444],[126.90296,38.90658],[126.96393,38.90843],[126.98459,38.91945],[127.01905,38.95403],[127.01905,38.99019],[126.97564,39.03625],[126.97377,39.06497],[126.92918,39.05648],[126.89858,39.06707],[126.81514,39.1192],[126.77121,39.12137],[126.72996,39.14757],[126.70763,39.14785],[126.68649,39.13908],[126.61808,39.13904],[126.59328,39.16489],[126.56874,39.1699],[126.55525,39.14825],[126.5573,39.12879],[126.58794,39.07857],[126.61839,39.05618],[126.64022,39.01196],[126.65637,38.99918],[126.65812,38.98185],[126.65448,38.97294],[126.61734,38.96254],[126.54655,38.98255],[126.51603,38.9987],[126.48177,38.99654],[126.48151,38.97374],[126.49944,38.94651],[126.49115,38.89449],[126.50677,38.87957],[126.52005,38.841],[126.54183,38.80451],[126.62089,38.80454],[126.65227,38.79552],[126.72553,38.82338],[126.7916,38.82294],[126.84106,38.80484],[126.87386,38.80927]]]}},{"type":"Feature","properties":{"gid":"PRK.4.11_1","name2":"Songhu","engtype2":"County","type2":"Gun","provZh":"黄海北道"},"geometry":{"type":"Polygon","coordinates":[[[126.37844,38.46994],[126.32467,38.47979],[126.31592,38.48619],[126.31416,38.51432],[126.33289,38.54936],[126.28388,38.57453],[126.27118,38.59494],[126.2511,38.60712],[126.23949,38.63122],[126.23812,38.67221],[126.21889,38.7017],[126.19321,38.67612],[126.14086,38.65959],[126.12272,38.62323],[126.10276,38.60342],[126.09014,38.59977],[126.08932,38.5645],[126.07284,38.54349],[126.07099,38.51021],[126.05963,38.48645],[126.02577,38.46234],[126.00305,38.45507],[126.06272,38.38724],[126.08955,38.38477],[126.13071,38.35878],[126.21913,38.35794],[126.22846,38.3616],[126.25533,38.42061],[126.30032,38.42397],[126.33251,38.44054],[126.35934,38.44344],[126.3764,38.45322],[126.37844,38.46994]]]}},{"type":"Feature","properties":{"gid":"PRK.4.12_1","name2":"Songrim","engtype2":"City","type2":"Si","provZh":"黄海北道"},"geometry":{"type":"Polygon","coordinates":[[[125.64252,38.80888],[125.60599,38.78657],[125.57864,38.78517],[125.57037,38.76114],[125.59723,38.72015],[125.60653,38.72945],[125.62394,38.73233],[125.6368,38.75507],[125.66124,38.77895],[125.66127,38.79155],[125.64252,38.80888]]]}},{"type":"Feature","properties":{"gid":"PRK.4.13_1","name2":"Suan","engtype2":"County","type2":"Gun","provZh":"黄海北道"},"geometry":{"type":"Polygon","coordinates":[[[126.54997,38.80452],[126.47844,38.80468],[126.45755,38.81283],[126.4182,38.80428],[126.39583,38.81076],[126.38118,38.79716],[126.37645,38.77842],[126.35945,38.76849],[126.32616,38.76769],[126.29352,38.78291],[126.25709,38.74046],[126.21107,38.73922],[126.19712,38.75314],[126.19247,38.75314],[126.19308,38.74304],[126.21749,38.71339],[126.22229,38.69468],[126.23761,38.67366],[126.23949,38.63122],[126.24944,38.60973],[126.27118,38.59494],[126.28289,38.57529],[126.35261,38.53576],[126.38249,38.53529],[126.40635,38.54437],[126.43874,38.53521],[126.47227,38.54646],[126.49734,38.56498],[126.54456,38.62856],[126.5519,38.66751],[126.5425,38.68665],[126.52052,38.69945],[126.50906,38.7163],[126.51897,38.73654],[126.54334,38.7459],[126.56271,38.77574],[126.56273,38.78684],[126.54997,38.80452]]]}},{"type":"Feature","properties":{"gid":"PRK.4.14_1","name2":"T'osan","engtype2":"County","type2":"Gun","provZh":"黄海北道"},"geometry":{"type":"Polygon","coordinates":[[[126.60811,38.21848],[126.71543,38.21928],[126.75583,38.20111],[126.83358,38.20232],[126.87133,38.22879],[126.87273,38.24685],[126.88659,38.26337],[126.86457,38.29375],[126.88821,38.31165],[126.88976,38.33607],[126.87468,38.34019],[126.85221,38.32278],[126.83578,38.32343],[126.81738,38.3468],[126.79034,38.35772],[126.73389,38.43236],[126.71676,38.47347],[126.70544,38.46959],[126.686,38.45643],[126.685,38.41056],[126.67402,38.37003],[126.63329,38.36729],[126.60802,38.35828],[126.58304,38.36791],[126.56564,38.34876],[126.5664,38.32325],[126.60099,38.30084],[126.60171,38.23543],[126.60811,38.21848]]]}},{"type":"Feature","properties":{"gid":"PRK.4.15_1","name2":"Ŭnp'a","engtype2":"County","type2":"Gun","provZh":"黄海北道"},"geometry":{"type":"Polygon","coordinates":[[[125.7036,38.48817],[125.69987,38.41714],[125.72715,38.38116],[125.7019,38.3566],[125.7106,38.34905],[125.73621,38.34744],[125.74991,38.33612],[125.7524,38.32869],[125.73989,38.31424],[125.74189,38.306],[125.76457,38.30223],[125.78328,38.31156],[125.80642,38.30354],[125.81435,38.31957],[125.82748,38.32053],[125.85514,38.29077],[125.85815,38.27015],[125.86552,38.2649],[125.89796,38.26746],[125.92057,38.28571],[125.9233,38.35445],[125.94986,38.41555],[125.94605,38.42792],[125.9217,38.43341],[125.90762,38.41735],[125.89628,38.41357],[125.87121,38.42276],[125.83167,38.4238],[125.77332,38.46814],[125.7036,38.48817]]]}},{"type":"Feature","properties":{"gid":"PRK.4.16_1","name2":"Yŏnsan","engtype2":"County","type2":"Gun","provZh":"黄海北道"},"geometry":{"type":"Polygon","coordinates":[[[126.49115,38.89449],[126.45229,38.91438],[126.39064,38.92657],[126.30367,38.96069],[126.27654,38.95437],[126.25437,38.97006],[126.20593,38.98986],[126.1861,38.98879],[126.16521,38.97111],[126.15116,38.96967],[126.13689,38.97947],[126.11712,38.95355],[126.11863,38.91909],[126.13083,38.89418],[126.17844,38.87391],[126.20737,38.84467],[126.21902,38.82232],[126.21962,38.77837],[126.19712,38.75314],[126.21107,38.73922],[126.25845,38.74111],[126.29352,38.78291],[126.32616,38.76769],[126.35945,38.76849],[126.37645,38.77842],[126.38118,38.79716],[126.39583,38.81076],[126.4182,38.80428],[126.45755,38.81283],[126.47844,38.80468],[126.54183,38.80451],[126.52005,38.841],[126.50677,38.87957],[126.49115,38.89449]]]}},{"type":"Feature","properties":{"gid":"PRK.4.17_1","name2":"Yŏntan","engtype2":"County","type2":"Gun","provZh":"黄海北道"},"geometry":{"type":"Polygon","coordinates":[[[125.78323,38.61811],[125.84892,38.59001],[125.86639,38.59162],[125.89555,38.6091],[125.92998,38.6081],[125.96055,38.59004],[126.02415,38.609],[126.07564,38.60888],[126.096,38.60035],[126.12367,38.62443],[126.14184,38.66058],[126.17191,38.66579],[126.19448,38.67694],[126.21889,38.7017],[126.21889,38.71003],[126.19469,38.73842],[126.19247,38.75314],[126.17005,38.75809],[126.1505,38.75304],[126.11376,38.71202],[126.06145,38.70164],[126.0085,38.71213],[125.96868,38.73764],[125.93774,38.7425],[125.93255,38.75306],[125.93822,38.76817],[125.93024,38.78625],[125.89928,38.80347],[125.89205,38.78335],[125.86454,38.75492],[125.83825,38.74629],[125.82481,38.73418],[125.81755,38.70266],[125.76511,38.68193],[125.74978,38.66835],[125.75255,38.65741],[125.78201,38.63381],[125.78323,38.61811]]]}},{"type":"Feature","properties":{"gid":"PRK.5.1_1","name2":"Anak","engtype2":"County","type2":"Gun","provZh":"黄海南道"},"geometry":{"type":"Polygon","coordinates":[[[125.61317,38.56514],[125.54202,38.54208],[125.49285,38.5166],[125.45822,38.51431],[125.44622,38.4994],[125.42913,38.49482],[125.41326,38.47855],[125.34662,38.47972],[125.32492,38.50005],[125.31482,38.52097],[125.26807,38.49371],[125.26238,38.48253],[125.26316,38.46179],[125.28315,38.43282],[125.30375,38.43219],[125.32281,38.44045],[125.36165,38.43104],[125.36416,38.41527],[125.34747,38.38863],[125.38458,38.3856],[125.40842,38.39376],[125.41135,38.38245],[125.40465,38.36574],[125.41297,38.35795],[125.45702,38.3685],[125.48154,38.38546],[125.5098,38.38503],[125.52978,38.37651],[125.56879,38.37769],[125.58369,38.38464],[125.56974,38.40763],[125.57559,38.45192],[125.56075,38.48608],[125.59158,38.51933],[125.61332,38.53239],[125.61317,38.56514]]]}},{"type":"Feature","properties":{"gid":"PRK.5.2_1","name2":"Ch'ŏngdan","engtype2":"County","type2":"Gun","provZh":"黄海南道"},"geometry":{"type":"MultiPolygon","coordinates":[[[[125.92236,37.78487],[125.8857,37.77264],[125.89153,37.76514],[125.91236,37.76959],[125.92236,37.78487]]],[[[125.94521,38.1715],[125.94061,38.17081],[125.93813,38.14547],[125.88454,38.14236],[125.84515,38.09922],[125.81104,38.09789],[125.79273,38.06683],[125.79562,38.05747],[125.81518,38.04735],[125.82018,38.03752],[125.79375,38.0044],[125.79292,37.99903],[125.80903,37.99487],[125.81431,37.98709],[125.80014,37.97931],[125.7907,37.95931],[125.81097,37.94431],[125.8307,37.95125],[125.83375,37.9432],[125.82653,37.94098],[125.83542,37.92376],[125.84736,37.92181],[125.84736,37.91237],[125.86514,37.90875],[125.85931,37.89903],[125.82987,37.88848],[125.84458,37.86181],[125.88208,37.87459],[125.89208,37.86681],[125.89375,37.85319],[125.90292,37.84903],[125.89569,37.84514],[125.90375,37.84292],[125.89958,37.83764],[125.90875,37.81292],[125.96486,37.82653],[125.96208,37.83153],[125.96792,37.83375],[125.98625,37.83292],[125.98514,37.84848],[125.96931,37.86653],[125.97375,37.8782],[125.96486,37.88264],[125.95461,37.87453],[125.94281,37.87532],[125.94194,37.90106],[125.97336,37.95342],[126.00018,37.96216],[126.03176,37.99587],[125.99038,38.04096],[126.01444,38.06363],[126.02615,38.08601],[126.03426,38.08878],[126.02682,38.10485],[125.97973,38.12855],[126.0023,38.17242],[125.94521,38.1715]]]]}},{"type":"Feature","properties":{"gid":"PRK.5.3_1","name2":"Chaeryŏng","engtype2":"County","type2":"Gun","provZh":"黄海南道"},"geometry":{"type":"Polygon","coordinates":[[[125.63907,38.64122],[125.62545,38.63053],[125.62439,38.60329],[125.61317,38.56514],[125.61472,38.53484],[125.59042,38.51829],[125.56075,38.48608],[125.57559,38.45192],[125.56951,38.43517],[125.57058,38.40479],[125.59132,38.37364],[125.6105,38.36293],[125.61604,38.35157],[125.60387,38.31887],[125.5768,38.30061],[125.56116,38.27373],[125.56111,38.2561],[125.57443,38.23776],[125.60123,38.2374],[125.64159,38.24738],[125.71081,38.2827],[125.75477,38.28474],[125.76409,38.2964],[125.76457,38.30223],[125.7478,38.3026],[125.73967,38.30911],[125.7524,38.32869],[125.7459,38.34035],[125.70233,38.35537],[125.70483,38.36341],[125.72412,38.37328],[125.7268,38.38408],[125.70023,38.41564],[125.7036,38.48817],[125.68307,38.49935],[125.6794,38.52172],[125.66308,38.52964],[125.65257,38.62355],[125.63907,38.64122]]]}},{"type":"Feature","properties":{"gid":"PRK.5.4_1","name2":"Changyŏn","engtype2":"County","type2":"Gun","provZh":"黄海南道"},"geometry":{"type":"Polygon","coordinates":[[[125.03164,38.30253],[125.01758,38.27495],[124.96827,38.27416],[124.90973,38.31807],[124.85736,38.3364],[124.87625,38.31458],[124.86403,38.25959],[124.88153,38.23681],[124.88903,38.23626],[124.88431,38.2318],[124.8968,38.21986],[124.90708,38.22459],[124.9118,38.2168],[124.92097,38.21598],[124.94847,38.23042],[124.98625,38.22987],[124.98681,38.22157],[124.99315,38.21944],[125.03849,38.21647],[125.0584,38.20105],[125.14767,38.15922],[125.15904,38.18306],[125.16203,38.20972],[125.18665,38.23715],[125.17863,38.26461],[125.11409,38.27516],[125.07453,38.31015],[125.05273,38.30203],[125.03164,38.30253]]]}},{"type":"Feature","properties":{"gid":"PRK.5.5_1","name2":"Haeju","engtype2":"City","type2":"Si","provZh":"黄海南道"},"geometry":{"type":"Polygon","coordinates":[[[125.81104,38.09789],[125.74056,38.11606],[125.67528,38.11698],[125.61574,38.1349],[125.5993,38.11944],[125.57911,38.1117],[125.58041,38.02737],[125.58986,38.02876],[125.59264,38.04181],[125.62847,38.02014],[125.63597,38.02209],[125.63264,38.03542],[125.64375,38.01986],[125.64902,38.02181],[125.64764,38.02876],[125.67514,38.02708],[125.6832,38.02348],[125.68736,38.00764],[125.69625,38.01431],[125.6982,37.99959],[125.69292,37.99681],[125.70153,37.99319],[125.70486,38.00042],[125.71098,37.9907],[125.71875,37.99931],[125.70597,38.01903],[125.75097,38.01847],[125.76847,37.99709],[125.78764,37.99264],[125.81981,38.0346],[125.81715,38.0454],[125.79269,38.06389],[125.81104,38.09789]]]}},{"type":"Feature","properties":{"gid":"PRK.5.6_1","name2":"Kangry'ŏng","engtype2":"County","type2":"Gun","provZh":"黄海南道"},"geometry":{"type":"MultiPolygon","coordinates":[[[[125.65347,37.71709],[125.65041,37.71375],[125.65708,37.71542],[125.65347,37.71709]]],[[[125.77458,37.81125],[125.76292,37.81125],[125.76653,37.80626],[125.75764,37.80098],[125.77375,37.79876],[125.77458,37.81125]]],[[[125.62625,37.76764],[125.62375,37.76292],[125.63097,37.76375],[125.62625,37.76764]]],[[[125.65903,37.81764],[125.65208,37.81598],[125.65875,37.81264],[125.65903,37.81764]]],[[[125.75903,37.83847],[125.74542,37.83264],[125.75625,37.8307],[125.75903,37.83847]]],[[[125.09375,37.69153],[125.08459,37.68931],[125.08958,37.68848],[125.08875,37.67847],[125.09375,37.69153]]],[[[125.33986,37.77209],[125.3057,37.75431],[125.2932,37.7582],[125.25042,37.74042],[125.2532,37.72959],[125.20986,37.69986],[125.22153,37.69236],[125.25403,37.7007],[125.26847,37.71598],[125.30597,37.73264],[125.3407,37.76486],[125.33986,37.77209]]],[[[125.22764,37.75792],[125.21042,37.75348],[125.22459,37.75208],[125.23486,37.73986],[125.24097,37.74264],[125.23486,37.74931],[125.24125,37.75237],[125.22764,37.75792]]],[[[125.57792,37.74403],[125.57237,37.73848],[125.57958,37.74014],[125.57792,37.74403]]],[[[125.41264,37.83875],[125.40653,37.8382],[125.40986,37.82792],[125.41264,37.83875]]],[[[125.39116,37.86772],[125.38792,37.8607],[125.39291,37.85681],[125.42709,37.86014],[125.42264,37.84681],[125.43792,37.8432],[125.45097,37.8482],[125.45153,37.86625],[125.43764,37.87459],[125.43347,37.88598],[125.40208,37.88459],[125.42042,37.89626],[125.43486,37.89542],[125.44097,37.90125],[125.43986,37.91014],[125.44986,37.91486],[125.45903,37.88237],[125.49458,37.89375],[125.48792,37.88542],[125.50514,37.88125],[125.46014,37.87098],[125.46903,37.86014],[125.48097,37.86126],[125.4743,37.85375],[125.47736,37.84431],[125.49347,37.83709],[125.50097,37.82653],[125.50958,37.82847],[125.51125,37.84348],[125.51153,37.83597],[125.51791,37.83625],[125.50208,37.81598],[125.46792,37.8332],[125.45042,37.82987],[125.44681,37.83903],[125.40986,37.81403],[125.40041,37.82153],[125.39208,37.80181],[125.38153,37.80598],[125.39347,37.79153],[125.38319,37.79125],[125.37653,37.79876],[125.3607,37.7932],[125.35709,37.78014],[125.38764,37.78348],[125.37347,37.77764],[125.3718,37.76986],[125.38097,37.76542],[125.40153,37.76986],[125.4182,37.78153],[125.42597,37.77597],[125.41348,37.77625],[125.39986,37.7607],[125.37153,37.76209],[125.36625,37.7732],[125.35042,37.76542],[125.36264,37.75459],[125.33875,37.74847],[125.31264,37.71681],[125.33736,37.69875],[125.34125,37.6882],[125.33514,37.68237],[125.34181,37.67598],[125.35958,37.68459],[125.3482,37.69681],[125.35597,37.70598],[125.37042,37.70736],[125.35625,37.71347],[125.35625,37.71875],[125.37542,37.71681],[125.37403,37.72903],[125.38125,37.73126],[125.38236,37.72681],[125.39181,37.73514],[125.46875,37.72681],[125.48375,37.7407],[125.48319,37.75709],[125.49709,37.76848],[125.4932,37.77348],[125.49847,37.77709],[125.48847,37.78209],[125.49653,37.78598],[125.49958,37.79987],[125.5107,37.81042],[125.51514,37.80764],[125.5107,37.80375],[125.51209,37.78098],[125.52541,37.76986],[125.5482,37.76764],[125.54875,37.77709],[125.53514,37.77792],[125.55764,37.7982],[125.56597,37.7832],[125.58681,37.78736],[125.57987,37.77514],[125.56208,37.76986],[125.59986,37.76653],[125.60514,37.76042],[125.61736,37.76348],[125.60902,37.78125],[125.62264,37.80042],[125.6057,37.79987],[125.59875,37.81042],[125.63597,37.82069],[125.63347,37.82403],[125.64153,37.82903],[125.63931,37.83487],[125.63375,37.8257],[125.62569,37.82653],[125.62514,37.83459],[125.61792,37.83625],[125.62292,37.84625],[125.61486,37.85515],[125.63958,37.85736],[125.63625,37.87375],[125.62847,37.87986],[125.63208,37.88736],[125.64653,37.90097],[125.66292,37.8932],[125.69569,37.89709],[125.72681,37.91765],[125.73597,37.93876],[125.73097,37.94125],[125.72764,37.92764],[125.71709,37.9207],[125.71514,37.93098],[125.6918,37.91765],[125.70042,37.92792],[125.69458,37.93375],[125.70319,37.9407],[125.70348,37.95542],[125.72014,37.95848],[125.70986,37.96542],[125.71264,37.97125],[125.70069,37.97292],[125.70403,37.96486],[125.69431,37.96264],[125.68181,37.97681],[125.68931,37.99264],[125.67931,37.99292],[125.64542,37.96709],[125.63292,37.97209],[125.62681,37.98681],[125.61097,37.98486],[125.5968,37.99153],[125.58403,38.00903],[125.57653,38.00959],[125.57042,38.02403],[125.51132,37.99654],[125.43956,37.98472],[125.40202,37.96204],[125.40108,37.90651],[125.38319,37.88388],[125.39249,37.8746],[125.39116,37.86772]]]]}},{"type":"Feature","properties":{"gid":"PRK.5.7_1","name2":"Kwail","engtype2":"County","type2":"Gun","provZh":"黄海南道"},"geometry":{"type":"MultiPolygon","coordinates":[[[[125.03133,38.30134],[125.0301,38.34278],[125.04789,38.37963],[125.04921,38.42966],[125.07644,38.45555],[125.07581,38.47495],[125.02302,38.55952],[125.02187,38.5843],[125.0118,38.58209],[124.98903,38.59653],[124.97708,38.59042],[124.96014,38.59459],[124.98458,38.57875],[124.99764,38.58153],[124.99069,38.54542],[124.9818,38.53848],[125.00792,38.53098],[125.01653,38.50681],[125.01125,38.49125],[124.99431,38.47125],[124.9657,38.45736],[124.97736,38.45153],[124.96709,38.4357],[124.9568,38.43848],[124.96236,38.4457],[124.96181,38.46848],[124.95792,38.46709],[124.94486,38.44292],[124.93597,38.44514],[124.89764,38.38014],[124.86875,38.35209],[124.85375,38.34514],[124.85736,38.3364],[124.91108,38.31726],[124.96674,38.27453],[125.01631,38.27439],[125.03133,38.30134]]],[[[124.97486,38.6032],[124.96681,38.60014],[124.97486,38.59653],[124.97486,38.6032]]],[[[124.81181,38.56709],[124.81791,38.5565],[124.80431,38.54237],[124.77597,38.54181],[124.78375,38.53431],[124.78181,38.52098],[124.76264,38.52237],[124.77319,38.51542],[124.80125,38.5132],[124.78764,38.5232],[124.79625,38.53042],[124.7982,38.52375],[124.82125,38.52486],[124.86736,38.50042],[124.8718,38.50098],[124.86542,38.50542],[124.87542,38.50098],[124.87458,38.51459],[124.87736,38.50125],[124.89681,38.50542],[124.88597,38.52876],[124.87209,38.53459],[124.87542,38.54264],[124.85486,38.54237],[124.81181,38.56709]]]]}},{"type":"Feature","properties":{"gid":"PRK.5.8_1","name2":"Ongjin","engtype2":"County","type2":"Gun","provZh":"黄海南道"},"geometry":{"type":"MultiPolygon","coordinates":[[[[125.18986,37.82264],[125.13487,37.79959],[125.13292,37.79431],[125.1507,37.79265],[125.14237,37.77848],[125.18208,37.80264],[125.17819,37.80737],[125.18347,37.81292],[125.18819,37.80709],[125.20042,37.81125],[125.18986,37.81487],[125.18986,37.82264]]],[[[125.04764,37.83792],[125.01598,37.83792],[125.03125,37.82764],[125.02486,37.82042],[124.99958,37.82653],[125.00514,37.81709],[124.99236,37.81403],[124.99264,37.80598],[125.02209,37.80292],[125.03291,37.81959],[125.0407,37.81681],[125.04486,37.8218],[125.04181,37.82931],[125.04764,37.83792]]],[[[124.95792,37.92987],[124.95319,37.91903],[124.96375,37.91598],[124.96597,37.92181],[124.95792,37.92987]]],[[[125.36875,37.8282],[125.33736,37.80125],[125.32625,37.7832],[125.3318,37.77987],[125.33375,37.79014],[125.35764,37.80709],[125.36014,37.81625],[125.37042,37.82208],[125.36875,37.8282]]],[[[125.37375,37.84848],[125.36931,37.84876],[125.3707,37.8382],[125.38431,37.84375],[125.37375,37.84848]]],[[[125.4018,37.94718],[125.40202,37.96204],[125.37751,37.98288],[125.35484,38.02215],[125.32577,38.01889],[125.3068,38.03162],[125.2736,38.03334],[125.23875,38.05737],[125.23014,38.04931],[125.23681,38.04181],[125.23236,38.0407],[125.2357,38.0307],[125.22986,38.02959],[125.23903,38.02375],[125.23319,38.02153],[125.22791,38.0282],[125.21709,38.02681],[125.21125,38.04487],[125.19514,38.04625],[125.20014,38.05459],[125.17014,38.05875],[125.12375,38.04403],[125.11208,38.05264],[125.10764,38.0457],[125.10931,38.03292],[125.10181,38.02014],[125.11708,38.00403],[125.11347,37.99014],[125.1357,37.99376],[125.13514,37.98292],[125.12736,37.97875],[125.1443,37.97736],[125.1368,37.9682],[125.08236,37.9632],[125.07819,37.98431],[125.05653,37.98514],[125.02458,37.96098],[125.01653,37.96125],[125.01458,37.9682],[125.00069,37.95987],[124.99264,37.9632],[124.9732,37.93098],[124.9857,37.92403],[125.00792,37.94514],[125.01431,37.93987],[125.00208,37.92348],[125.01041,37.91014],[125.03486,37.9007],[125.06375,37.90736],[125.07459,37.89986],[125.07125,37.89125],[125.08347,37.87959],[125.10514,37.87875],[125.13347,37.8682],[125.13931,37.88042],[125.15041,37.88598],[125.13625,37.88376],[125.14903,37.88987],[125.15292,37.88292],[125.14709,37.87348],[125.16042,37.86903],[125.1918,37.87514],[125.20181,37.8857],[125.20986,37.88459],[125.22903,37.89626],[125.22598,37.90237],[125.23736,37.90376],[125.23209,37.92348],[125.24875,37.93292],[125.23097,37.94764],[125.23847,37.94959],[125.24236,37.94098],[125.25764,37.9357],[125.24292,37.92208],[125.24097,37.90709],[125.28291,37.9007],[125.29875,37.88848],[125.28014,37.88431],[125.28153,37.87986],[125.30042,37.88153],[125.30986,37.87375],[125.2907,37.86764],[125.26125,37.83959],[125.23236,37.83292],[125.22598,37.81376],[125.23875,37.82153],[125.25708,37.81542],[125.26097,37.81931],[125.28764,37.80292],[125.25847,37.82764],[125.27486,37.82931],[125.27875,37.8232],[125.30959,37.83625],[125.30514,37.8207],[125.29125,37.81014],[125.3007,37.8007],[125.31931,37.80848],[125.33097,37.82737],[125.33847,37.8257],[125.33459,37.81653],[125.35264,37.8207],[125.35597,37.8457],[125.36459,37.84264],[125.36931,37.85515],[125.38431,37.85653],[125.38069,37.86237],[125.36764,37.86209],[125.3707,37.86625],[125.37764,37.86959],[125.38792,37.86081],[125.39249,37.8746],[125.38319,37.88388],[125.40066,37.9048],[125.4018,37.94718]]]]}},{"type":"Feature","properties":{"gid":"PRK.5.9_1","name2":"Paekch'ŏn","engtype2":"County","type2":"Gun","provZh":"黄海南道"},"geometry":{"type":"Polygon","coordinates":[[[126.38931,38.06489],[126.34643,38.06148],[126.30456,38.0719],[126.27242,38.08839],[126.24255,38.0896],[126.22269,38.09805],[126.18065,38.09808],[126.12028,38.07248],[126.11809,38.03968],[126.13171,38.00075],[126.18686,37.96408],[126.18481,37.93944],[126.20992,37.92123],[126.20181,37.86987],[126.21486,37.86431],[126.21098,37.86042],[126.2207,37.85903],[126.22403,37.85098],[126.26598,37.84126],[126.32097,37.87209],[126.35152,37.88181],[126.37097,37.88014],[126.39042,37.8907],[126.40625,37.88469],[126.41446,37.89454],[126.41969,37.91359],[126.38743,37.92856],[126.39384,37.95906],[126.39075,37.96937],[126.40587,37.99149],[126.3887,38.01628],[126.39671,38.04251],[126.38931,38.06489]]]}},{"type":"Feature","properties":{"gid":"PRK.5.10_1","name2":"Pongch'ŏn","engtype2":"County","type2":"Gun","provZh":"黄海南道"},"geometry":{"type":"Polygon","coordinates":[[[126.43016,38.17839],[126.3019,38.2367],[126.22148,38.23724],[126.19297,38.2269],[126.15481,38.20166],[126.12075,38.20849],[126.07917,38.17319],[126.05103,38.1902],[126.02549,38.18971],[126.0023,38.17242],[125.97907,38.13107],[126.02682,38.10485],[126.03426,38.08878],[126.07706,38.08827],[126.11356,38.07076],[126.17584,38.09725],[126.21939,38.09828],[126.24255,38.0896],[126.27399,38.08802],[126.30456,38.0719],[126.34483,38.06176],[126.36983,38.06146],[126.38931,38.06489],[126.39677,38.08311],[126.3941,38.09722],[126.3772,38.09182],[126.36952,38.10005],[126.38439,38.13171],[126.4032,38.13717],[126.41644,38.14997],[126.42934,38.12143],[126.44296,38.11996],[126.44238,38.14429],[126.4238,38.15992],[126.43016,38.17839]]]}},{"type":"Feature","properties":{"gid":"PRK.5.11_1","name2":"Pyŏksŏng","engtype2":"County","type2":"Gun","provZh":"黄海南道"},"geometry":{"type":"Polygon","coordinates":[[[125.61574,38.1349],[125.61456,38.153],[125.60159,38.16758],[125.55941,38.18922],[125.53123,38.19246],[125.50327,38.22357],[125.47428,38.21005],[125.45276,38.20882],[125.38896,38.22708],[125.36522,38.22622],[125.31602,38.19699],[125.30908,38.18675],[125.30942,38.15689],[125.32727,38.1091],[125.32577,38.01889],[125.35729,38.02075],[125.37751,37.98288],[125.40202,37.96204],[125.44104,37.98525],[125.4728,37.98684],[125.54068,38.00633],[125.56457,38.01874],[125.56986,38.03153],[125.58014,38.02737],[125.57911,38.1117],[125.5993,38.11944],[125.61574,38.1349]]]}},{"type":"Feature","properties":{"gid":"PRK.5.12_1","name2":"Ryongyŏn","engtype2":"County","type2":"Gun","provZh":"黄海南道"},"geometry":{"type":"MultiPolygon","coordinates":[[[[124.82403,38.06181],[124.81347,38.05542],[124.82264,38.05375],[124.82403,38.06181]]],[[[124.9917,38.21991],[124.96098,38.21848],[124.95319,38.22376],[124.94875,38.20987],[124.92903,38.20625],[124.9407,38.2032],[124.93236,38.19959],[124.93459,38.19459],[124.91209,38.19014],[124.90598,38.20153],[124.91319,38.20681],[124.91209,38.21486],[124.87875,38.21431],[124.88264,38.22237],[124.87131,38.22927],[124.87403,38.23986],[124.86875,38.24264],[124.79375,38.17987],[124.79986,38.17792],[124.81236,38.18792],[124.82848,38.18459],[124.81375,38.18431],[124.7932,38.16876],[124.78208,38.18126],[124.78764,38.18876],[124.77403,38.18625],[124.76209,38.16431],[124.72014,38.13681],[124.66153,38.14014],[124.65014,38.12931],[124.66209,38.12098],[124.77014,38.09737],[124.82264,38.10903],[124.85042,38.10681],[124.88931,38.12459],[124.91402,38.11792],[124.94264,38.09459],[124.99069,38.07875],[125.00181,38.0707],[124.99903,38.06486],[125.00847,38.06625],[125.00875,38.07375],[125.01708,38.07737],[125.02875,38.07764],[125.04097,38.06792],[125.05681,38.07737],[125.08403,38.0782],[125.09431,38.08653],[125.12375,38.0932],[125.14848,38.08875],[125.17403,38.09708],[125.17542,38.08875],[125.17767,38.09431],[125.17001,38.10256],[125.17785,38.12204],[125.16636,38.15206],[125.07694,38.19171],[125.03849,38.21647],[124.9917,38.21991]]]]}},{"type":"Feature","properties":{"gid":"PRK.5.13_1","name2":"Samch'ŏn","engtype2":"County","type2":"Gun","provZh":"黄海南道"},"geometry":{"type":"Polygon","coordinates":[[[125.27639,38.43895],[125.23029,38.41833],[125.18986,38.36756],[125.18846,38.3237],[125.2039,38.29258],[125.17863,38.26461],[125.1805,38.25609],[125.18328,38.25068],[125.19873,38.2554],[125.28467,38.25511],[125.32027,38.23782],[125.34604,38.23687],[125.3448,38.25241],[125.32287,38.26007],[125.31797,38.27702],[125.3304,38.30395],[125.36397,38.34098],[125.36388,38.35576],[125.34682,38.39195],[125.3636,38.41386],[125.36434,38.42789],[125.32425,38.44038],[125.29571,38.43153],[125.27639,38.43895]]]}},{"type":"Feature","properties":{"gid":"PRK.5.14_1","name2":"Sinch'ŏn","engtype2":"County","type2":"Gun","provZh":"黄海南道"},"geometry":{"type":"Polygon","coordinates":[[[125.35039,38.38715],[125.36388,38.35576],[125.36397,38.34098],[125.32951,38.30269],[125.31778,38.27251],[125.32406,38.25904],[125.3448,38.25241],[125.34696,38.22961],[125.35622,38.2185],[125.3667,38.22679],[125.38425,38.22776],[125.44275,38.20967],[125.46807,38.20906],[125.50847,38.22672],[125.57443,38.23776],[125.56111,38.2561],[125.56116,38.27373],[125.5768,38.30061],[125.60387,38.31887],[125.61606,38.34706],[125.61246,38.36095],[125.59429,38.37078],[125.58543,38.38375],[125.53654,38.37619],[125.5082,38.38532],[125.48154,38.38546],[125.45702,38.3685],[125.41889,38.35728],[125.40465,38.36574],[125.41135,38.38245],[125.40842,38.39376],[125.38613,38.38575],[125.35039,38.38715]]]}},{"type":"Feature","properties":{"gid":"PRK.5.15_1","name2":"Sinwŏn","engtype2":"County","type2":"Gun","provZh":"黄海南道"},"geometry":{"type":"Polygon","coordinates":[[[125.89796,38.26746],[125.86097,38.26637],[125.85514,38.29077],[125.83187,38.3182],[125.81889,38.32114],[125.80783,38.30405],[125.77615,38.31074],[125.75477,38.28474],[125.71081,38.2827],[125.64159,38.24738],[125.59962,38.2372],[125.54678,38.23664],[125.50327,38.22357],[125.53123,38.19246],[125.55941,38.18922],[125.60159,38.16758],[125.61456,38.153],[125.61574,38.1349],[125.67692,38.1167],[125.7389,38.11626],[125.80666,38.09846],[125.83949,38.09777],[125.88454,38.14236],[125.9408,38.14875],[125.94061,38.17081],[125.92458,38.17434],[125.91483,38.19141],[125.89796,38.26746]]]}},{"type":"Feature","properties":{"gid":"PRK.5.16_1","name2":"Songhwa","engtype2":"County","type2":"Gun","provZh":"黄海南道"},"geometry":{"type":"Polygon","coordinates":[[[125.17863,38.26461],[125.2039,38.29258],[125.1888,38.32226],[125.18794,38.35752],[125.13548,38.38181],[125.12357,38.39661],[125.11924,38.43528],[125.07644,38.45555],[125.04921,38.42966],[125.04789,38.37963],[125.0301,38.34278],[125.03164,38.30253],[125.05273,38.30203],[125.07453,38.31015],[125.11409,38.27516],[125.17863,38.26461]]]}},{"type":"Feature","properties":{"gid":"PRK.5.17_1","name2":"T'aet'an","engtype2":"County","type2":"Gun","provZh":"黄海南道"},"geometry":{"type":"Polygon","coordinates":[[[125.14814,38.16075],[125.16806,38.15014],[125.17793,38.1206],[125.17001,38.10256],[125.1832,38.08875],[125.20042,38.09264],[125.22403,38.08014],[125.2618,38.08376],[125.26458,38.07625],[125.25931,38.07292],[125.27597,38.06931],[125.25014,38.06959],[125.24153,38.06125],[125.24736,38.05431],[125.24371,38.05099],[125.27213,38.03382],[125.3068,38.03162],[125.32577,38.01889],[125.32727,38.1091],[125.30981,38.15533],[125.30865,38.18352],[125.31602,38.19699],[125.35622,38.2185],[125.34604,38.23687],[125.32027,38.23782],[125.28294,38.2553],[125.18856,38.25371],[125.18328,38.25068],[125.18523,38.23438],[125.16135,38.20829],[125.15904,38.18306],[125.14814,38.16075]]]}},{"type":"Feature","properties":{"gid":"PRK.5.18_1","name2":"Ŭnch'ŏn","engtype2":"County","type2":"Gun","provZh":"黄海南道"},"geometry":{"type":"Polygon","coordinates":[[[125.63035,38.65792],[125.59102,38.65642],[125.565,38.69067],[125.51688,38.672],[125.47633,38.70149],[125.44388,38.70071],[125.43184,38.68291],[125.3726,38.68287],[125.34707,38.66767],[125.33005,38.6717],[125.31857,38.65977],[125.30655,38.62137],[125.3203,38.60914],[125.35652,38.6065],[125.37145,38.59006],[125.36413,38.58153],[125.33592,38.57857],[125.32095,38.5643],[125.31482,38.52097],[125.32074,38.50721],[125.34816,38.47919],[125.41326,38.47855],[125.42913,38.49482],[125.44622,38.4994],[125.45822,38.51431],[125.49285,38.5166],[125.54202,38.54208],[125.61317,38.56514],[125.62439,38.60329],[125.62587,38.632],[125.63907,38.64122],[125.63035,38.65792]]]}},{"type":"Feature","properties":{"gid":"PRK.5.19_1","name2":"Ŭnryul","engtype2":"County","type2":"Gun","provZh":"黄海南道"},"geometry":{"type":"MultiPolygon","coordinates":[[[[125.30968,38.51901],[125.31708,38.52622],[125.32384,38.56812],[125.33738,38.57922],[125.36552,38.58217],[125.37125,38.59166],[125.35495,38.6072],[125.31558,38.6113],[125.29929,38.63736],[125.26479,38.65804],[125.24094,38.65825],[125.2438,38.63207],[125.23532,38.6195],[125.21224,38.60895],[125.17456,38.60744],[125.17823,38.63458],[125.15514,38.63125],[125.13347,38.66431],[125.1357,38.66986],[125.12292,38.6782],[125.10458,38.66098],[125.11514,38.65736],[125.10709,38.65014],[125.11236,38.65014],[125.11208,38.64375],[125.1218,38.64514],[125.12791,38.63736],[125.11986,38.6357],[125.13097,38.62598],[125.12514,38.61347],[125.13319,38.60764],[125.13069,38.60098],[125.09486,38.60959],[125.10042,38.62959],[125.09403,38.60986],[125.06181,38.60069],[125.09486,38.60792],[125.11986,38.5957],[125.08542,38.58764],[125.06792,38.55848],[125.04847,38.56486],[125.0507,38.57153],[125.03764,38.58348],[125.03736,38.59347],[125.02181,38.58459],[125.02237,38.56084],[125.04198,38.52262],[125.06579,38.49621],[125.07546,38.47634],[125.07644,38.45555],[125.11924,38.43528],[125.12357,38.39661],[125.13428,38.38287],[125.18207,38.35822],[125.18794,38.35752],[125.19061,38.3688],[125.2292,38.41741],[125.27639,38.43895],[125.26316,38.46179],[125.26355,38.48715],[125.27879,38.5034],[125.30968,38.51901]]],[[[125.0593,38.60236],[125.04292,38.60069],[125.04041,38.59237],[125.0593,38.60236]]],[[[124.99125,38.67709],[124.98681,38.66459],[124.99458,38.66375],[124.98458,38.65958],[124.9882,38.65403],[124.98236,38.64792],[124.99347,38.64403],[124.99486,38.64986],[124.99792,38.64459],[125.00542,38.64848],[124.99486,38.63597],[124.98653,38.6432],[124.97736,38.63486],[124.98264,38.63181],[124.97708,38.62653],[124.98153,38.62236],[125.00764,38.63459],[125.02292,38.66264],[125.0193,38.66681],[125.01764,38.65764],[124.99986,38.65653],[125.00403,38.66459],[124.99125,38.67709]]]]}},{"type":"Feature","properties":{"gid":"PRK.5.20_1","name2":"Water Body","engtype2":"County","type2":"Gun","provZh":"黄海南道"},"geometry":{"type":"Polygon","coordinates":[[[125.565,38.69067],[125.55714,38.70044],[125.52051,38.71928],[125.5011,38.71973],[125.48562,38.71078],[125.45445,38.73749],[125.44021,38.74261],[125.3907,38.71152],[125.31823,38.71448],[125.2848,38.68341],[125.231,38.71439],[125.22859,38.7217],[125.2345,38.72916],[125.22652,38.73653],[125.22041,38.73014],[125.2232,38.72375],[125.19041,38.68264],[125.16875,38.68264],[125.17764,38.67875],[125.16875,38.67014],[125.18403,38.63764],[125.17823,38.63472],[125.17456,38.60744],[125.21224,38.60895],[125.23661,38.62037],[125.2438,38.63207],[125.24094,38.65825],[125.26645,38.65757],[125.30586,38.63096],[125.31953,38.66167],[125.33005,38.6717],[125.34707,38.66767],[125.3726,38.68287],[125.43327,38.68324],[125.44552,38.70122],[125.47633,38.70149],[125.51817,38.67185],[125.565,38.69067]]]}},{"type":"Feature","properties":{"gid":"PRK.5.21_1","name2":"Yonan","engtype2":"County","type2":"Gun","provZh":"黄海南道"},"geometry":{"type":"Polygon","coordinates":[[[125.96032,37.88186],[125.98319,37.88042],[126.02764,37.8232],[126.03375,37.82598],[126.0368,37.81931],[126.0407,37.82153],[126.03347,37.84237],[126.03819,37.85014],[126.02847,37.85626],[126.03486,37.86375],[126.0443,37.85542],[126.05375,37.81709],[126.06042,37.80681],[126.07042,37.80598],[126.06792,37.78903],[126.09458,37.77903],[126.08681,37.75486],[126.13764,37.74153],[126.15736,37.74514],[126.16042,37.77237],[126.16764,37.77986],[126.14625,37.82875],[126.16095,37.8377],[126.2143,37.8507],[126.19569,37.86459],[126.2112,37.9154],[126.20565,37.92675],[126.18481,37.93944],[126.18843,37.96212],[126.12996,38.00317],[126.11854,38.0366],[126.11796,38.07026],[126.07542,38.08853],[126.02778,38.08742],[126.01376,38.06281],[125.99136,38.04591],[125.99226,38.0375],[126.03159,37.99456],[126.00018,37.96216],[125.97083,37.95011],[125.94134,37.89824],[125.94281,37.87532],[125.95461,37.87453],[125.96032,37.88186]]]}},{"type":"Feature","properties":{"gid":"PRK.6.1_1","name2":"Jangpung","engtype2":"County","type2":"Gun","provZh":"开城特别行政区"},"geometry":{"type":"Polygon","coordinates":[[[126.61147,38.04456],[126.64884,38.03155],[126.67523,38.00768],[126.69646,38.00299],[126.73613,37.96083],[126.77802,37.96354],[126.85541,38.03209],[126.88202,38.09124],[126.9379,38.12697],[126.96641,38.13739],[126.97131,38.14639],[126.92939,38.1845],[126.92508,38.19868],[126.88911,38.20292],[126.87133,38.22879],[126.85351,38.21226],[126.82363,38.20078],[126.75417,38.20137],[126.71543,38.21928],[126.60811,38.21848],[126.62155,38.17342],[126.63805,38.1592],[126.63808,38.12848],[126.6078,38.0998],[126.57035,38.08543],[126.5554,38.05673],[126.56632,38.04321],[126.61147,38.04456]]]}},{"type":"Feature","properties":{"gid":"PRK.6.2_1","name2":"Kaepung","engtype2":"County","type2":"Gun","provZh":"开城特别行政区"},"geometry":{"type":"Polygon","coordinates":[[[126.45627,38.01904],[126.43316,38.02398],[126.38993,38.02195],[126.38966,38.01363],[126.40587,37.99149],[126.39075,37.96937],[126.39384,37.95906],[126.38743,37.92856],[126.41969,37.91359],[126.41364,37.89316],[126.40097,37.88459],[126.42236,37.85375],[126.4557,37.84792],[126.46764,37.83376],[126.46764,37.82042],[126.48903,37.81847],[126.48973,37.85063],[126.4836,37.86741],[126.50655,37.89328],[126.51666,37.9315],[126.48342,37.94757],[126.48067,37.97845],[126.48858,38.00277],[126.45627,38.01904]]]}},{"type":"Feature","properties":{"gid":"PRK.6.3_1","name2":"Panmun","engtype2":"County","type2":"Gun","provZh":"开城特别行政区"},"geometry":{"type":"Polygon","coordinates":[[[126.51666,37.9315],[126.50655,37.89328],[126.4836,37.86741],[126.48985,37.84914],[126.48602,37.82136],[126.54375,37.7982],[126.54739,37.77694],[126.57535,37.7627],[126.59377,37.76116],[126.6255,37.77914],[126.66711,37.78506],[126.69213,37.86851],[126.69008,37.89814],[126.69527,37.91129],[126.68287,37.94534],[126.68931,37.95365],[126.70628,37.95111],[126.73613,37.96083],[126.69646,38.00299],[126.67523,38.00768],[126.64884,38.03155],[126.61147,38.04456],[126.60562,38.01911],[126.57294,38.00361],[126.53058,37.97138],[126.51666,37.9315]]]}},{"type":"Feature","properties":{"gid":"PRK.7.1_1","name2":"Anbyŏn","engtype2":"County","type2":"Gun","provZh":"江原道"},"geometry":{"type":"MultiPolygon","coordinates":[[[[127.71684,38.92547],[127.71597,38.9311],[127.67502,38.95023],[127.6544,38.98095],[127.65513,38.99329],[127.67553,39.00458],[127.67998,39.01522],[127.66415,39.02119],[127.64406,39.04881],[127.65236,39.07981],[127.65234,39.11042],[127.61708,39.14264],[127.60625,39.16014],[127.58791,39.14598],[127.55431,39.15348],[127.53902,39.14014],[127.52236,39.14348],[127.52773,39.12937],[127.52178,39.10695],[127.50494,39.09508],[127.45013,39.10175],[127.42888,39.08532],[127.33727,39.03957],[127.3171,39.03522],[127.29869,39.0202],[127.27747,39.01463],[127.29783,38.98105],[127.30059,38.94746],[127.32206,38.93553],[127.34231,38.9506],[127.35785,38.99303],[127.38223,39.01688],[127.41089,39.02831],[127.45444,39.01787],[127.45828,38.98367],[127.48048,38.94019],[127.53465,38.90387],[127.54398,38.89013],[127.56279,38.88189],[127.57738,38.90564],[127.6115,38.90773],[127.67329,38.88054],[127.69719,38.88039],[127.7166,38.89882],[127.71684,38.92547]]],[[[127.62791,39.24097],[127.62042,39.23903],[127.61597,39.23126],[127.62125,39.22653],[127.6132,39.2207],[127.62569,39.22598],[127.63319,39.22181],[127.64125,39.22875],[127.6368,39.23598],[127.62708,39.2357],[127.62791,39.24097]]]]}},{"type":"Feature","properties":{"gid":"PRK.7.2_1","name2":"Ch'angdo","engtype2":"County","type2":"Gun","provZh":"江原道"},"geometry":{"type":"Polygon","coordinates":[[[128.05237,38.30566],[128.04384,38.33929],[128.07875,38.37729],[128.07645,38.39202],[128.03317,38.39871],[128.01355,38.42409],[127.98714,38.41542],[127.94781,38.41523],[127.94096,38.42101],[127.93225,38.47856],[127.99493,38.56323],[127.98579,38.59271],[127.97324,38.60124],[127.91219,38.60311],[127.87663,38.63638],[127.833,38.653],[127.80286,38.69463],[127.79474,38.73347],[127.81805,38.75629],[127.85095,38.77171],[127.85701,38.78255],[127.83926,38.80866],[127.85228,38.83072],[127.82059,38.83206],[127.79941,38.82115],[127.77749,38.79953],[127.77068,38.77547],[127.73843,38.74123],[127.72739,38.70749],[127.72657,38.65097],[127.7158,38.63089],[127.67068,38.60244],[127.64539,38.60005],[127.59842,38.57919],[127.59724,38.5542],[127.60728,38.52718],[127.63456,38.50946],[127.70251,38.4954],[127.71581,38.48108],[127.7192,38.4623],[127.73563,38.43568],[127.80482,38.42102],[127.86185,38.36407],[127.87695,38.33471],[127.89148,38.3278],[127.87837,38.31328],[127.88255,38.31044],[127.94874,38.30441],[127.97639,38.28668],[127.9858,38.27348],[128.00741,38.27912],[128.01597,38.28989],[128.01812,38.31173],[128.05237,38.30566]]]}},{"type":"Feature","properties":{"gid":"PRK.7.3_1","name2":"Ch'ŏnnae","engtype2":"County","type2":"Gun","provZh":"江原道"},"geometry":{"type":"Polygon","coordinates":[[[127.09116,39.32806],[127.09275,39.28981],[127.07413,39.2796],[127.04876,39.27728],[127.02141,39.25975],[127.0379,39.22115],[127.03251,39.20003],[127.06467,39.17175],[127.10055,39.17616],[127.13016,39.15864],[127.15208,39.18157],[127.1419,39.19688],[127.14449,39.20799],[127.1603,39.22185],[127.19281,39.22832],[127.21836,39.2808],[127.26821,39.34031],[127.30415,39.36235],[127.34721,39.36227],[127.37329,39.35508],[127.38153,39.36514],[127.36597,39.37209],[127.37014,39.3807],[127.39291,39.37125],[127.39764,39.37875],[127.38208,39.38487],[127.40125,39.38264],[127.40764,39.3882],[127.40264,39.3907],[127.42069,39.40459],[127.41736,39.39598],[127.42792,39.38486],[127.43514,39.38458],[127.43542,39.39181],[127.44708,39.38875],[127.44875,39.39848],[127.45264,39.39431],[127.45431,39.39848],[127.44569,39.4082],[127.43681,39.40931],[127.43708,39.4032],[127.41557,39.41105],[127.3784,39.39973],[127.3303,39.40852],[127.27924,39.40904],[127.26222,39.42428],[127.22885,39.40921],[127.13567,39.40845],[127.10537,39.37789],[127.10313,39.34589],[127.09116,39.32806]]]}},{"type":"Feature","properties":{"gid":"PRK.7.4_1","name2":"Ch'ŏrwŏn","engtype2":"County","type2":"Gun","provZh":"江原道"},"geometry":{"type":"Polygon","coordinates":[[[126.87133,38.22879],[126.88779,38.20377],[126.9239,38.19962],[126.93822,38.17491],[126.96177,38.15927],[126.96941,38.19207],[127.01659,38.23742],[127.10505,38.2899],[127.13944,38.30724],[127.16795,38.30177],[127.23874,38.32727],[127.25797,38.3244],[127.2455,38.34708],[127.20541,38.36129],[127.18396,38.37723],[127.12926,38.37778],[127.10239,38.38708],[127.07407,38.36896],[127.05635,38.37004],[127.04012,38.38743],[127.0298,38.41987],[127.02903,38.45757],[127.02018,38.47044],[126.99267,38.45253],[126.95581,38.40734],[126.88013,38.36951],[126.819,38.3677],[126.8016,38.35415],[126.81847,38.34595],[126.8393,38.32182],[126.85355,38.32347],[126.87324,38.33979],[126.88915,38.33737],[126.88821,38.31165],[126.86475,38.29505],[126.88723,38.26595],[126.87273,38.24685],[126.87133,38.22879]]]}},{"type":"Feature","properties":{"gid":"PRK.7.5_1","name2":"Hoeyang","engtype2":"County","type2":"Gun","provZh":"江原道"},"geometry":{"type":"Polygon","coordinates":[[[127.56279,38.88189],[127.55672,38.82483],[127.53758,38.81506],[127.48581,38.81318],[127.45282,38.79113],[127.42793,38.76541],[127.45375,38.74338],[127.46854,38.71157],[127.48193,38.69728],[127.50451,38.69176],[127.58832,38.64712],[127.59647,38.63477],[127.59777,38.60289],[127.60613,38.58239],[127.61056,38.58286],[127.6439,38.59957],[127.6721,38.60308],[127.7158,38.63089],[127.72657,38.65097],[127.72739,38.70749],[127.73776,38.7398],[127.77068,38.77547],[127.77653,38.79831],[127.79941,38.82115],[127.82059,38.83206],[127.85228,38.83072],[127.84526,38.85402],[127.81411,38.88561],[127.7648,38.89031],[127.71597,38.9311],[127.7166,38.89882],[127.69719,38.88039],[127.67329,38.88054],[127.6115,38.90773],[127.57738,38.90564],[127.56279,38.88189]]]}},{"type":"Feature","properties":{"gid":"PRK.7.6_1","name2":"Ichŏn","engtype2":"County","type2":"Gun","provZh":"江原道"},"geometry":{"type":"Polygon","coordinates":[[[126.71676,38.47347],[126.73389,38.43236],[126.79218,38.35618],[126.8016,38.35415],[126.82051,38.36795],[126.8787,38.36902],[126.95708,38.40815],[126.99267,38.45253],[127.02018,38.47044],[127.0481,38.56337],[127.02918,38.59956],[126.97375,38.58464],[126.93188,38.60929],[126.88011,38.57384],[126.86021,38.56389],[126.84534,38.56359],[126.83438,38.57582],[126.8316,38.63039],[126.81512,38.64565],[126.7896,38.64595],[126.76467,38.63297],[126.74079,38.59959],[126.71328,38.58168],[126.7126,38.55742],[126.70412,38.53743],[126.7038,38.49927],[126.71676,38.47347]]]}},{"type":"Feature","properties":{"gid":"PRK.7.7_1","name2":"Kimhwa","engtype2":"County","type2":"Gun","provZh":"江原道"},"geometry":{"type":"Polygon","coordinates":[[[127.60114,38.54226],[127.55885,38.5564],[127.53915,38.58054],[127.52377,38.58896],[127.48749,38.56605],[127.4696,38.54888],[127.47413,38.5256],[127.45081,38.49982],[127.46347,38.45921],[127.43801,38.44252],[127.40424,38.39833],[127.3849,38.36929],[127.36813,38.32483],[127.40125,38.33114],[127.4353,38.31533],[127.45195,38.31661],[127.49892,38.29782],[127.58607,38.33311],[127.61362,38.32115],[127.65366,38.32455],[127.68185,38.31897],[127.70255,38.32993],[127.76379,38.3275],[127.78882,38.33878],[127.79734,38.32306],[127.83348,38.30042],[127.87965,38.31385],[127.89148,38.3278],[127.87695,38.33471],[127.86185,38.36407],[127.80482,38.42102],[127.73563,38.43568],[127.7192,38.4623],[127.71581,38.48108],[127.7037,38.49448],[127.63329,38.51003],[127.61047,38.52267],[127.60114,38.54226]]]}},{"type":"Feature","properties":{"gid":"PRK.7.8_1","name2":"Kosan","engtype2":"County","type2":"Gun","provZh":"江原道"},"geometry":{"type":"Polygon","coordinates":[[[127.31088,38.93827],[127.29942,38.89948],[127.30199,38.85854],[127.31841,38.84356],[127.34914,38.83872],[127.37089,38.81652],[127.37894,38.79084],[127.42793,38.76541],[127.45282,38.79113],[127.48581,38.81318],[127.53758,38.81506],[127.55849,38.82688],[127.56279,38.88189],[127.54398,38.89013],[127.53465,38.90387],[127.48048,38.94019],[127.45875,38.98227],[127.45324,39.01842],[127.40939,39.02829],[127.38223,39.01688],[127.35785,38.99303],[127.33849,38.94603],[127.32519,38.93595],[127.31088,38.93827]]]}},{"type":"Feature","properties":{"gid":"PRK.7.9_1","name2":"Kosŏng","engtype2":"County","type2":"Gun","provZh":"江原道"},"geometry":{"type":"MultiPolygon","coordinates":[[[[128.20599,38.37207],[128.21245,38.37015],[128.23067,38.39412],[128.28918,38.43443],[128.31207,38.47272],[128.30966,38.48475],[128.32069,38.5109],[128.31511,38.58635],[128.3593,38.61215],[128.35625,38.62292],[128.36348,38.63792],[128.35513,38.64931],[128.35875,38.6607],[128.35265,38.67153],[128.35736,38.67153],[128.36292,38.68792],[128.34737,38.68653],[128.33653,38.69903],[128.32764,38.70014],[128.32181,38.7157],[128.31097,38.71098],[128.3107,38.70181],[128.30986,38.71209],[128.29625,38.72264],[128.29875,38.72681],[128.28514,38.72514],[128.27763,38.73237],[128.2843,38.73875],[128.27708,38.74264],[128.28291,38.75181],[128.2657,38.75903],[128.26125,38.75237],[128.26791,38.7385],[128.25487,38.73347],[128.21404,38.7357],[128.2032,38.72958],[128.20764,38.72014],[128.19403,38.71737],[128.18459,38.73653],[128.2043,38.74125],[128.20348,38.75347],[128.18987,38.74959],[128.17319,38.76264],[128.16875,38.77681],[128.14653,38.7857],[128.14237,38.7957],[128.13403,38.7982],[128.1407,38.80514],[128.12541,38.82126],[128.10709,38.82431],[128.09042,38.84181],[128.06847,38.84792],[128.05902,38.85764],[128.05208,38.85792],[128.05653,38.85236],[128.04791,38.84625],[128.03209,38.85181],[128.00125,38.85],[127.93601,38.76683],[127.95236,38.7589],[127.99012,38.76506],[128.00937,38.75547],[128.02443,38.73112],[128.04181,38.72181],[128.06827,38.73254],[128.08878,38.75751],[128.10509,38.75921],[128.14272,38.71503],[128.17365,38.63491],[128.17297,38.52146],[128.16286,38.50223],[128.14743,38.49087],[128.14548,38.47493],[128.15538,38.46316],[128.18364,38.46008],[128.19937,38.44436],[128.21056,38.41807],[128.20599,38.37207]]],[[[128.18153,38.80375],[128.17708,38.80125],[128.18625,38.80014],[128.18153,38.80375]]]]}},{"type":"Feature","properties":{"gid":"PRK.7.10_1","name2":"Munchŏn","engtype2":"City","type2":"Si","provZh":"江原道"},"geometry":{"type":"Polygon","coordinates":[[[127.15208,39.18157],[127.19936,39.1441],[127.21774,39.17909],[127.26419,39.20364],[127.38236,39.20502],[127.36597,39.23153],[127.36459,39.2632],[127.37514,39.27542],[127.36403,39.28125],[127.37625,39.27848],[127.38319,39.29542],[127.40459,39.29876],[127.39098,39.30737],[127.40569,39.32236],[127.38736,39.33958],[127.39819,39.34098],[127.39848,39.34598],[127.40764,39.34153],[127.40569,39.33459],[127.4182,39.31931],[127.41153,39.31209],[127.43653,39.29987],[127.45486,39.31125],[127.44376,39.30875],[127.41764,39.32403],[127.45236,39.3382],[127.46514,39.32741],[127.47375,39.35487],[127.45986,39.35959],[127.44486,39.37792],[127.43625,39.37487],[127.44125,39.36542],[127.42597,39.3532],[127.41986,39.3657],[127.40569,39.3632],[127.40459,39.35764],[127.39597,39.35959],[127.39792,39.35153],[127.3857,39.36014],[127.36819,39.35436],[127.34534,39.36244],[127.29851,39.36058],[127.25735,39.32972],[127.24824,39.3117],[127.21836,39.2808],[127.19183,39.22733],[127.1603,39.22185],[127.14542,39.20915],[127.1419,39.19688],[127.15208,39.18157]]]}},{"type":"Feature","properties":{"gid":"PRK.7.11_1","name2":"P'an'gyo","engtype2":"County","type2":"Gun","provZh":"江原道"},"geometry":{"type":"Polygon","coordinates":[[[126.6738,38.62794],[126.67818,38.61152],[126.71328,38.58168],[126.74079,38.59959],[126.76706,38.63477],[126.7896,38.64595],[126.81075,38.64675],[126.83299,38.62775],[126.83438,38.57582],[126.84534,38.56359],[126.86021,38.56389],[126.88011,38.57384],[126.93188,38.60929],[126.97375,38.58464],[127.02918,38.59956],[127.04607,38.5654],[127.06463,38.56403],[127.08385,38.59182],[127.08698,38.61814],[127.08401,38.63718],[127.06783,38.65675],[127.06689,38.67154],[127.09274,38.70196],[127.09721,38.73278],[127.11243,38.74733],[127.17096,38.77055],[127.21288,38.80643],[127.20625,38.81432],[127.1537,38.82927],[127.12752,38.87867],[127.0409,38.88012],[127.01581,38.89338],[127.00791,38.91521],[126.9879,38.92289],[126.96085,38.90756],[126.9014,38.90621],[126.87268,38.87856],[126.88038,38.81947],[126.86945,38.78548],[126.84003,38.73683],[126.81178,38.71739],[126.79422,38.68192],[126.77125,38.65873],[126.72452,38.65508],[126.694,38.64472],[126.6738,38.62794]]]}},{"type":"Feature","properties":{"gid":"PRK.7.12_1","name2":"P'yŏnggang","engtype2":"County","type2":"Gun","provZh":"江原道"},"geometry":{"type":"Polygon","coordinates":[[[127.25797,38.3244],[127.2995,38.31291],[127.36813,38.32483],[127.3849,38.36929],[127.40424,38.39833],[127.43801,38.44252],[127.46347,38.45921],[127.45062,38.49859],[127.47468,38.52687],[127.4696,38.54888],[127.44843,38.55301],[127.41162,38.52623],[127.357,38.53518],[127.33351,38.49979],[127.28622,38.49877],[127.27267,38.51757],[127.27042,38.54298],[127.25915,38.56242],[127.23151,38.55773],[127.18841,38.58928],[127.16962,38.59287],[127.12199,38.61779],[127.08698,38.61814],[127.08433,38.59327],[127.07332,38.57054],[127.0481,38.56337],[127.03725,38.51753],[127.02078,38.48565],[127.02018,38.47044],[127.0293,38.45599],[127.03007,38.4183],[127.04157,38.38462],[127.06516,38.36797],[127.1009,38.387],[127.12926,38.37778],[127.18552,38.37685],[127.20541,38.36129],[127.2455,38.34708],[127.25797,38.3244]]]}},{"type":"Feature","properties":{"gid":"PRK.7.13_1","name2":"Pŏptong","engtype2":"County","type2":"Gun","provZh":"江原道"},"geometry":{"type":"Polygon","coordinates":[[[126.9879,38.92289],[127.00791,38.91521],[127.01581,38.89338],[127.0409,38.88012],[127.12884,38.87809],[127.14318,38.8413],[127.15494,38.82825],[127.20625,38.81432],[127.23199,38.86001],[127.23792,38.88275],[127.26404,38.8971],[127.29926,38.89801],[127.31088,38.93827],[127.30004,38.94876],[127.29869,38.97794],[127.28863,38.99962],[127.26272,39.02957],[127.27695,39.05959],[127.25472,39.08109],[127.22679,39.09492],[127.20824,39.12018],[127.19936,39.1441],[127.15208,39.18157],[127.1287,39.1584],[127.10204,39.17579],[127.07124,39.17476],[127.06467,39.17175],[127.06615,39.15995],[127.05972,39.15129],[127.03812,39.14643],[126.99428,39.12162],[126.99104,39.08401],[126.98188,39.06797],[126.97377,39.06497],[126.97414,39.04046],[127.01839,38.99154],[127.02048,38.96288],[127.01581,38.94904],[126.9879,38.92289]]]}},{"type":"Feature","properties":{"gid":"PRK.7.14_1","name2":"Sep'o","engtype2":"County","type2":"Gun","provZh":"江原道"},"geometry":{"type":"Polygon","coordinates":[[[127.60613,38.58239],[127.59742,38.60432],[127.59614,38.63622],[127.58939,38.64604],[127.50451,38.69176],[127.47958,38.69917],[127.44979,38.74795],[127.43391,38.7624],[127.37894,38.79084],[127.37089,38.81652],[127.3515,38.83677],[127.31841,38.84356],[127.30599,38.85355],[127.29961,38.86449],[127.29926,38.89801],[127.26555,38.89746],[127.23898,38.88391],[127.2235,38.8428],[127.20725,38.82159],[127.21109,38.80056],[127.16974,38.76978],[127.10641,38.74285],[127.09583,38.73013],[127.09274,38.70196],[127.06664,38.67006],[127.06852,38.65541],[127.08401,38.63718],[127.08698,38.61814],[127.12199,38.61779],[127.16962,38.59287],[127.18841,38.58928],[127.23151,38.55773],[127.26025,38.56165],[127.27042,38.54298],[127.27267,38.51757],[127.28765,38.49851],[127.33351,38.49979],[127.34839,38.52858],[127.35854,38.53556],[127.41588,38.52716],[127.42738,38.54211],[127.44843,38.55301],[127.4696,38.54888],[127.52251,38.58908],[127.53915,38.58054],[127.55885,38.5564],[127.60114,38.54226],[127.59663,38.57372],[127.60613,38.58239]]]}},{"type":"Feature","properties":{"gid":"PRK.7.15_1","name2":"T'ongch'ŏn","engtype2":"City","type2":"Si","provZh":"江原道"},"geometry":{"type":"Polygon","coordinates":[[[127.71194,38.9326],[127.7648,38.89031],[127.80595,38.88897],[127.81641,38.88369],[127.84715,38.85012],[127.85228,38.83072],[127.83919,38.81012],[127.84912,38.78993],[127.8673,38.78491],[127.90556,38.76006],[127.93601,38.76683],[128.00125,38.85],[128.03041,38.8516],[128.00653,38.85709],[127.9657,38.89264],[127.95097,38.91126],[127.9568,38.92598],[127.94209,38.92487],[127.93486,38.91681],[127.93681,38.92098],[127.9082,38.93709],[127.91292,38.93848],[127.89958,38.96014],[127.91236,38.96542],[127.89819,38.96792],[127.88847,38.95792],[127.87625,38.96014],[127.8718,38.96681],[127.88264,38.97625],[127.87542,38.98015],[127.8782,38.98403],[127.8557,38.9807],[127.84847,38.98959],[127.8557,38.99653],[127.84181,39.00486],[127.82736,39.02486],[127.81236,39.03598],[127.80042,39.03514],[127.80959,39.0407],[127.7618,39.1157],[127.75264,39.12181],[127.75347,39.13014],[127.74431,39.1332],[127.72459,39.11014],[127.69708,39.11653],[127.6843,39.10458],[127.66875,39.10292],[127.65234,39.11042],[127.65209,39.07829],[127.64354,39.0607],[127.64525,39.04606],[127.66329,39.02208],[127.68025,39.01392],[127.67553,39.00458],[127.65379,38.99085],[127.6639,38.96256],[127.67983,38.94668],[127.71194,38.9326]]]}},{"type":"Feature","properties":{"gid":"PRK.7.16_1","name2":"Wŏnsan","engtype2":"City","type2":"Si","provZh":"江原道"},"geometry":{"type":"MultiPolygon","coordinates":[[[[127.52231,39.13758],[127.52236,39.14626],[127.4893,39.17098],[127.47958,39.2007],[127.46653,39.19681],[127.47598,39.19653],[127.47014,39.19431],[127.47569,39.1632],[127.44625,39.15514],[127.44569,39.16598],[127.38236,39.20502],[127.26265,39.20312],[127.21655,39.17799],[127.19895,39.14163],[127.22679,39.09492],[127.25472,39.08109],[127.27695,39.05959],[127.26237,39.03207],[127.27747,39.01463],[127.29869,39.0202],[127.3171,39.03522],[127.33727,39.03957],[127.42888,39.08532],[127.45013,39.10175],[127.50494,39.09508],[127.52178,39.10695],[127.52773,39.12937],[127.52231,39.13758]]],[[[127.52042,39.21347],[127.51681,39.21181],[127.52458,39.21236],[127.52042,39.21347]]],[[[127.50236,39.21764],[127.50486,39.20959],[127.51236,39.21098],[127.50236,39.21764]]],[[[127.53181,39.2257],[127.51014,39.22098],[127.53291,39.21875],[127.53181,39.2257]]]]}},{"type":"Feature","properties":{"gid":"PRK.8.1_1","name2":"Kumgangsan","engtype2":"County","type2":"Gun","provZh":"金刚山特别行政区"},"geometry":{"type":"Polygon","coordinates":[[[128.05237,38.30566],[128.07831,38.30883],[128.11606,38.33099],[128.14517,38.33145],[128.21008,38.37407],[128.21037,38.41969],[128.19853,38.44569],[128.18219,38.46074],[128.15393,38.46384],[128.14522,38.47655],[128.14743,38.49087],[128.16286,38.50223],[128.17297,38.52146],[128.1721,38.64734],[128.14713,38.69491],[128.14352,38.71368],[128.10796,38.75831],[128.08878,38.75751],[128.06827,38.73254],[128.0388,38.72205],[128.02223,38.73351],[128.00937,38.75547],[127.99012,38.76506],[127.9508,38.75897],[127.92828,38.76791],[127.90556,38.76006],[127.85728,38.78697],[127.85095,38.77171],[127.81805,38.75629],[127.79397,38.73218],[127.80286,38.69463],[127.833,38.653],[127.87663,38.63638],[127.91219,38.60311],[127.97324,38.60124],[127.98579,38.59271],[127.99493,38.56323],[127.93225,38.47856],[127.94096,38.42101],[127.94781,38.41523],[127.98714,38.41542],[128.01355,38.42409],[128.03317,38.39871],[128.07645,38.39202],[128.07875,38.37729],[128.04384,38.33929],[128.05237,38.30566]]]}},{"type":"Feature","properties":{"gid":"PRK.9.1_1","name2":"Byokdong","engtype2":"County","type2":"Gun","provZh":"平安北道"},"geometry":{"type":"Polygon","coordinates":[[[125.12563,40.57912],[125.14826,40.55319],[125.21104,40.51775],[125.27008,40.45975],[125.36568,40.40884],[125.39095,40.3856],[125.42264,40.37112],[125.43783,40.34079],[125.45613,40.35445],[125.48108,40.41023],[125.50824,40.41058],[125.53019,40.40178],[125.57889,40.40164],[125.57922,40.4337],[125.58904,40.47401],[125.61555,40.5163],[125.59886,40.54156],[125.59163,40.57449],[125.54222,40.57006],[125.5109,40.60482],[125.42523,40.6426],[125.41807,40.6434],[125.42232,40.62756],[125.40247,40.62334],[125.36338,40.64799],[125.32932,40.63387],[125.30636,40.64687],[125.27364,40.65113],[125.2535,40.61402],[125.23917,40.60717],[125.17338,40.60494],[125.12563,40.57912]]]}},{"type":"Feature","properties":{"gid":"PRK.9.2_1","name2":"Ch'angsŏng","engtype2":"County","type2":"Gun","provZh":"平安北道"},"geometry":{"type":"Polygon","coordinates":[[[125.00299,40.46041],[125.04554,40.41415],[125.09596,40.38997],[125.11444,40.37477],[125.13187,40.37197],[125.17046,40.3497],[125.19016,40.36341],[125.2221,40.36381],[125.25646,40.34206],[125.2784,40.31899],[125.27197,40.29625],[125.28319,40.26132],[125.32774,40.20635],[125.34564,40.22298],[125.36573,40.22689],[125.37811,40.23796],[125.40413,40.29077],[125.42731,40.3159],[125.43742,40.33689],[125.42374,40.37028],[125.39095,40.3856],[125.36568,40.40884],[125.27008,40.45975],[125.21104,40.51775],[125.14826,40.55319],[125.12563,40.57912],[125.05399,40.54295],[125.01409,40.53265],[124.99816,40.50092],[125.00605,40.49353],[125.04631,40.48243],[125.04591,40.47005],[125.03464,40.45683],[125.00299,40.46041]]]}},{"type":"Feature","properties":{"gid":"PRK.9.3_1","name2":"Ch'ŏlsan","engtype2":"County","type2":"Gun","provZh":"平安北道"},"geometry":{"type":"MultiPolygon","coordinates":[[[[124.6107,39.45736],[124.58764,39.44264],[124.5957,39.43848],[124.5968,39.42931],[124.61847,39.43264],[124.6107,39.45736]]],[[[124.6732,39.57486],[124.66402,39.57098],[124.67042,39.5632],[124.64597,39.5707],[124.63431,39.55931],[124.63042,39.56875],[124.62042,39.56597],[124.62153,39.55681],[124.59375,39.5457],[124.59125,39.5332],[124.60931,39.54931],[124.6357,39.53764],[124.63931,39.55459],[124.65041,39.54903],[124.64875,39.53986],[124.67208,39.53598],[124.69959,39.56431],[124.6732,39.57486]]],[[[124.42403,39.68598],[124.41736,39.68486],[124.43236,39.68347],[124.42403,39.68598]]],[[[124.45097,39.68764],[124.44791,39.68375],[124.45625,39.6832],[124.45097,39.68764]]],[[[124.60431,39.46959],[124.60098,39.46598],[124.60653,39.46375],[124.60431,39.46959]]],[[[124.6218,39.47653],[124.61153,39.46514],[124.62791,39.46098],[124.6218,39.47653]]],[[[124.62514,39.49681],[124.61764,39.49681],[124.61208,39.48764],[124.62458,39.48848],[124.62514,39.49681]]],[[[124.70986,39.53737],[124.69097,39.5332],[124.67958,39.52181],[124.6843,39.51487],[124.67931,39.5057],[124.68625,39.49847],[124.70348,39.50542],[124.70292,39.51348],[124.71069,39.51931],[124.70292,39.52903],[124.71264,39.53431],[124.70986,39.53737]]],[[[124.73764,39.55847],[124.72847,39.55709],[124.72903,39.54653],[124.74125,39.55375],[124.73764,39.55847]]],[[[124.75653,39.62487],[124.75042,39.62514],[124.75264,39.61542],[124.75847,39.61792],[124.75653,39.62487]]],[[[124.76292,39.63987],[124.74764,39.63625],[124.7618,39.63181],[124.76708,39.63681],[124.76292,39.63987]]],[[[124.77348,39.64431],[124.77014,39.63959],[124.77458,39.63681],[124.77348,39.64431]]],[[[124.55042,39.71792],[124.54625,39.71181],[124.55264,39.71375],[124.55042,39.71792]]],[[[124.73292,39.77014],[124.72868,39.80982],[124.69322,39.82784],[124.67635,39.85332],[124.64828,39.8752],[124.59688,39.86241],[124.55946,39.86138],[124.52847,39.85115],[124.4898,39.82603],[124.45643,39.8234],[124.42024,39.7957],[124.44458,39.77486],[124.46625,39.78153],[124.49625,39.76681],[124.53792,39.7332],[124.51875,39.71514],[124.54264,39.72709],[124.5557,39.71986],[124.58153,39.72764],[124.61514,39.70848],[124.61736,39.69014],[124.63319,39.70014],[124.64569,39.69542],[124.64486,39.67236],[124.63042,39.66625],[124.62791,39.64375],[124.60875,39.62875],[124.61514,39.61486],[124.62653,39.61653],[124.62986,39.6107],[124.62875,39.60042],[124.62209,39.60348],[124.61181,39.59459],[124.6293,39.59375],[124.63514,39.58653],[124.64459,39.59209],[124.63792,39.60931],[124.64653,39.6057],[124.65264,39.61681],[124.67403,39.61737],[124.67819,39.63125],[124.6832,39.62264],[124.69986,39.64431],[124.70487,39.63931],[124.7157,39.6468],[124.72875,39.6407],[124.74986,39.64626],[124.73764,39.64626],[124.72875,39.66681],[124.74736,39.67014],[124.74986,39.6782],[124.75569,39.67181],[124.75708,39.68542],[124.7682,39.68431],[124.76125,39.68737],[124.76375,39.69153],[124.75264,39.68709],[124.74181,39.69458],[124.73125,39.69181],[124.74208,39.70236],[124.75014,39.70209],[124.74705,39.71014],[124.74042,39.71014],[124.75014,39.72931],[124.76403,39.7307],[124.75819,39.73098],[124.74042,39.76709],[124.72569,39.76875],[124.73292,39.77014]]]]}},{"type":"Feature","properties":{"gid":"PRK.9.4_1","name2":"Ch'ŏnma","engtype2":"County","type2":"Gun","provZh":"平安北道"},"geometry":{"type":"Polygon","coordinates":[[[124.96535,40.1927],[124.94461,40.17905],[124.92316,40.18668],[124.90314,40.17887],[124.85291,40.20467],[124.83794,40.20635],[124.78024,40.18097],[124.76235,40.19153],[124.74596,40.17314],[124.72249,40.15904],[124.70349,40.12511],[124.68839,40.11603],[124.70311,40.10049],[124.70675,40.07785],[124.72655,40.06311],[124.74178,40.03867],[124.75984,40.03727],[124.81046,40.01139],[124.84821,40.01054],[124.86942,40.00175],[124.93655,40.00026],[124.97766,39.97929],[125.00627,39.94721],[125.03729,39.94508],[125.05619,39.93331],[125.05706,40.03427],[125.04505,40.06304],[125.03139,40.07663],[125.02815,40.09539],[124.99564,40.1298],[124.96535,40.1927]]]}},{"type":"Feature","properties":{"gid":"PRK.9.5_1","name2":"Chŏngju-si","engtype2":"City","type2":"Si","provZh":"平安北道"},"geometry":{"type":"Polygon","coordinates":[[[125.1552,39.81475],[125.16874,39.78991],[125.12593,39.71383],[125.14357,39.6201],[125.15535,39.60735],[125.19431,39.59459],[125.20875,39.6057],[125.20736,39.6107],[125.21514,39.61347],[125.21986,39.60736],[125.23236,39.62959],[125.22569,39.64209],[125.23792,39.63181],[125.24709,39.63209],[125.23236,39.62181],[125.21848,39.57903],[125.2307,39.57931],[125.25153,39.56514],[125.27264,39.52126],[125.30403,39.52514],[125.29347,39.60247],[125.30019,39.64541],[125.32213,39.68005],[125.35274,39.71197],[125.37285,39.75169],[125.37397,39.77394],[125.36186,39.81815],[125.33435,39.83438],[125.30827,39.83645],[125.2934,39.85919],[125.27189,39.86912],[125.1796,39.81799],[125.1552,39.81475]]]}},{"type":"Feature","properties":{"gid":"PRK.9.6_1","name2":"Daengwan","engtype2":"County","type2":"Gun","provZh":"平安北道"},"geometry":{"type":"Polygon","coordinates":[[[125.17046,40.3497],[125.15979,40.33751],[125.11855,40.32228],[125.11275,40.29031],[125.10406,40.28149],[125.06599,40.28667],[125.00829,40.25321],[124.98779,40.26164],[124.96796,40.26098],[124.96498,40.24799],[124.97439,40.22316],[124.96535,40.1927],[124.99484,40.13103],[125.02654,40.09788],[125.032,40.07536],[125.04505,40.06304],[125.0946,40.07761],[125.12792,40.09457],[125.15606,40.0858],[125.18472,40.08493],[125.21274,40.07041],[125.23391,40.041],[125.30513,40.00833],[125.3712,40.08135],[125.3737,40.10939],[125.3164,40.13471],[125.29359,40.16669],[125.32774,40.20635],[125.28256,40.26264],[125.27213,40.29476],[125.27583,40.32351],[125.2221,40.36381],[125.19016,40.36341],[125.17046,40.3497]]]}},{"type":"Feature","properties":{"gid":"PRK.9.7_1","name2":"Dongrim","engtype2":"County","type2":"Gun","provZh":"平安北道"},"geometry":{"type":"Polygon","coordinates":[[[124.73357,39.7707],[124.74236,39.76986],[124.74208,39.78236],[124.75014,39.77459],[124.76986,39.79764],[124.75375,39.7718],[124.76444,39.77331],[124.80223,39.81094],[124.82599,39.82367],[124.85971,39.8263],[124.88965,39.87898],[124.95273,39.8821],[124.96977,39.91335],[125.00627,39.94721],[125.00141,39.95487],[124.97639,39.98022],[124.93506,40.00076],[124.86942,40.00175],[124.84821,40.01054],[124.81046,40.01139],[124.75984,40.03727],[124.74178,40.03867],[124.73882,40.03052],[124.71186,40.01736],[124.69714,40.00223],[124.6853,39.96586],[124.6595,39.91727],[124.65709,39.89201],[124.64828,39.8752],[124.67635,39.85332],[124.69322,39.82784],[124.72868,39.80982],[124.73357,39.7707]]]}},{"type":"Feature","properties":{"gid":"PRK.9.8_1","name2":"Hyangsan","engtype2":"County","type2":"Gun","provZh":"平安北道"},"geometry":{"type":"Polygon","coordinates":[[[126.09503,40.11644],[126.06593,40.11451],[126.02564,40.13139],[125.99924,40.10558],[125.99893,40.08509],[126.04608,40.07403],[126.08412,40.03176],[126.15105,40.01678],[126.15425,40.00523],[126.13445,39.99126],[126.12737,39.97733],[126.12872,39.95663],[126.14383,39.9403],[126.22303,39.93764],[126.25182,39.95592],[126.28153,39.94732],[126.31122,39.94683],[126.33929,39.95823],[126.34677,40.01543],[126.33438,40.0279],[126.28916,40.0312],[126.26975,40.03974],[126.21633,40.04015],[126.18399,40.05053],[126.13361,40.08065],[126.09503,40.11644]]]}},{"type":"Feature","properties":{"gid":"PRK.9.9_1","name2":"Kujang","engtype2":"County","type2":"Gun","provZh":"平安北道"},"geometry":{"type":"Polygon","coordinates":[[[125.99893,40.08509],[125.95856,40.00447],[125.93128,40.0099],[125.90509,39.98582],[125.86903,39.97252],[125.85817,39.95254],[125.85941,39.93404],[125.87441,39.91959],[125.89706,39.86228],[125.93084,39.83208],[125.94105,39.81115],[125.94151,39.78878],[125.95814,39.79083],[125.9622,39.80812],[125.97519,39.82226],[126.00188,39.83074],[126.00839,39.85478],[126.01765,39.86266],[126.02894,39.85967],[126.06163,39.82806],[126.08304,39.81758],[126.10064,39.81665],[126.16828,39.8349],[126.25565,39.84562],[126.31409,39.88055],[126.34709,39.88262],[126.36935,39.89131],[126.36812,39.92796],[126.33929,39.95823],[126.31122,39.94683],[126.28153,39.94732],[126.25182,39.95592],[126.22303,39.93764],[126.1452,39.93949],[126.12942,39.95519],[126.12725,39.97573],[126.13333,39.99008],[126.15425,40.00523],[126.15105,40.01678],[126.08412,40.03176],[126.04608,40.07403],[125.99893,40.08509]]]}},{"type":"Feature","properties":{"gid":"PRK.9.10_1","name2":"Kusŏng","engtype2":"City","type2":"Si","provZh":"平安北道"},"geometry":{"type":"Polygon","coordinates":[[[125.05619,39.93331],[125.0854,39.93559],[125.1092,39.91333],[125.12035,39.89032],[125.10514,39.85925],[125.11525,39.82846],[125.13285,39.81741],[125.1552,39.81475],[125.1796,39.81799],[125.27068,39.86898],[125.2934,39.85919],[125.30827,39.83645],[125.32747,39.83643],[125.32681,39.86996],[125.30992,39.90511],[125.35033,39.93188],[125.356,39.94773],[125.35107,39.96021],[125.30513,40.00833],[125.23391,40.041],[125.20899,40.07339],[125.18623,40.08458],[125.15453,40.08607],[125.13091,40.09483],[125.04505,40.06304],[125.05793,40.02954],[125.05619,39.93331]]]}},{"type":"Feature","properties":{"gid":"PRK.9.11_1","name2":"Kwaksan","engtype2":"County","type2":"Gun","provZh":"平安北道"},"geometry":{"type":"MultiPolygon","coordinates":[[[[125.15681,39.53737],[125.15847,39.54125],[125.13931,39.54042],[125.12597,39.53125],[125.14098,39.52237],[125.14653,39.53681],[125.15681,39.53737]]],[[[125.20014,39.53181],[125.19347,39.5332],[125.19014,39.52681],[125.20153,39.51875],[125.21403,39.52264],[125.20014,39.53181]]],[[[125.1582,39.55625],[125.13097,39.55292],[125.15264,39.5432],[125.1593,39.54459],[125.15403,39.54987],[125.1582,39.55625]]],[[[125.1143,39.52625],[125.10597,39.52431],[125.10792,39.51847],[125.1143,39.52625]]],[[[125.15875,39.81045],[125.13004,39.81877],[125.11377,39.83458],[124.99842,39.8309],[124.98632,39.81589],[125.00168,39.79369],[125.00085,39.76071],[124.97515,39.73436],[124.9484,39.73162],[124.93886,39.72385],[124.92784,39.67891],[124.9302,39.64737],[124.93819,39.6432],[124.9418,39.64986],[124.94791,39.64819],[124.93958,39.65848],[124.94681,39.67875],[124.95458,39.67736],[124.95931,39.66348],[124.97153,39.65542],[124.96542,39.63931],[124.97403,39.63681],[124.97347,39.63042],[124.97875,39.64237],[124.99764,39.63709],[125.02319,39.65764],[125.01569,39.64375],[125.02125,39.62986],[125.03458,39.62931],[125.0368,39.62042],[125.04403,39.62986],[125.06347,39.62709],[125.05209,39.59264],[125.05764,39.56931],[125.09153,39.56042],[125.12264,39.57348],[125.14069,39.56597],[125.16653,39.57959],[125.17431,39.57348],[125.18453,39.57624],[125.18292,39.58792],[125.14292,39.62148],[125.12593,39.71383],[125.16833,39.78851],[125.15875,39.81045]]]]}},{"type":"Feature","properties":{"gid":"PRK.9.12_1","name2":"Nyŏngbyŏn","engtype2":"County","type2":"Gun","provZh":"平安北道"},"geometry":{"type":"Polygon","coordinates":[[[125.86206,39.92902],[125.8379,39.91853],[125.81815,39.93444],[125.81177,39.92616],[125.80948,39.90201],[125.78536,39.90091],[125.72958,39.93923],[125.71487,39.968],[125.69043,39.98368],[125.67177,39.96027],[125.67302,39.94695],[125.68758,39.92915],[125.68099,39.91329],[125.65239,39.90747],[125.63575,39.89026],[125.6349,39.86765],[125.64301,39.84819],[125.60939,39.81854],[125.60652,39.79259],[125.63639,39.81562],[125.66653,39.80295],[125.67178,39.79292],[125.67363,39.74124],[125.68832,39.72624],[125.70841,39.72222],[125.72011,39.71285],[125.75138,39.65796],[125.77354,39.6599],[125.79994,39.68355],[125.81855,39.68867],[125.85578,39.72562],[125.8608,39.75012],[125.8763,39.74561],[125.90364,39.75302],[125.94151,39.78878],[125.94105,39.81115],[125.93084,39.83208],[125.89791,39.86097],[125.87441,39.91959],[125.86206,39.92902]]]}},{"type":"Feature","properties":{"gid":"PRK.9.13_1","name2":"P'ihyŏn","engtype2":"County","type2":"Gun","provZh":"平安北道"},"geometry":{"type":"Polygon","coordinates":[[[124.68839,40.11603],[124.6474,40.10348],[124.62305,40.10456],[124.5845,40.12221],[124.53999,40.10373],[124.46775,40.10659],[124.43536,40.083],[124.44335,40.05094],[124.42593,39.98714],[124.475,39.97349],[124.50202,39.99115],[124.5693,40.00111],[124.63224,39.97461],[124.65747,39.97215],[124.67666,39.95501],[124.69881,40.0047],[124.73882,40.03052],[124.74178,40.03867],[124.72655,40.06311],[124.70675,40.07785],[124.70311,40.10049],[124.68839,40.11603]]]}},{"type":"Feature","properties":{"gid":"PRK.9.14_1","name2":"Pakch'ŏn","engtype2":"County","type2":"Gun","provZh":"平安北道"},"geometry":{"type":"Polygon","coordinates":[[[125.60652,39.79259],[125.5544,39.7974],[125.53079,39.77689],[125.51454,39.74924],[125.51429,39.70909],[125.53275,39.69692],[125.56116,39.69389],[125.56834,39.6773],[125.55177,39.65101],[125.50347,39.6471],[125.47353,39.61314],[125.44337,39.59735],[125.43816,39.59237],[125.44569,39.5932],[125.45514,39.58292],[125.45208,39.57402],[125.50227,39.5757],[125.53432,39.59243],[125.56423,39.59327],[125.64413,39.63854],[125.66016,39.6309],[125.6961,39.63118],[125.75138,39.65796],[125.72011,39.71285],[125.70841,39.72222],[125.68832,39.72624],[125.67363,39.74124],[125.67178,39.79292],[125.66653,39.80295],[125.63639,39.81562],[125.60652,39.79259]]]}},{"type":"Feature","properties":{"gid":"PRK.9.15_1","name2":"Ryongch'ŏn","engtype2":"County","type2":"Gun","provZh":"平安北道"},"geometry":{"type":"Polygon","coordinates":[[[124.36431,40.0],[124.36236,39.96347],[124.32514,39.93237],[124.31292,39.9118],[124.31097,39.90403],[124.33041,39.88681],[124.34573,39.88486],[124.35418,39.89774],[124.4075,39.92544],[124.4529,39.93163],[124.46275,39.97342],[124.45116,39.98167],[124.42755,39.98464],[124.43078,40.01161],[124.36472,40.01192],[124.36431,40.0]]]}},{"type":"Feature","properties":{"gid":"PRK.9.16_1","name2":"Sakju","engtype2":"County","type2":"Gun","provZh":"平安北道"},"geometry":{"type":"Polygon","coordinates":[[[124.6768,40.29747],[124.68138,40.28488],[124.72038,40.24511],[124.7274,40.22036],[124.75848,40.21325],[124.76235,40.19153],[124.77667,40.18132],[124.80629,40.18875],[124.82603,40.2047],[124.841,40.20633],[124.9017,40.17908],[124.92316,40.18668],[124.94317,40.17884],[124.96535,40.1927],[124.97347,40.21729],[124.96477,40.24944],[124.96796,40.26098],[124.98779,40.26164],[125.00829,40.25321],[125.06599,40.28667],[125.10406,40.28149],[125.11275,40.29031],[125.11855,40.32228],[125.15979,40.33751],[125.17046,40.3497],[125.04675,40.41326],[125.00299,40.46041],[124.97394,40.46313],[124.92208,40.44961],[124.89724,40.47795],[124.83567,40.41084],[124.74256,40.37003],[124.73405,40.35571],[124.73307,40.3206],[124.6768,40.29747]]]}},{"type":"Feature","properties":{"gid":"PRK.9.17_1","name2":"Sindo","engtype2":"County","type2":"Gun","provZh":"平安北道"},"geometry":{"type":"MultiPolygon","coordinates":[[[[124.28153,39.86264],[124.28736,39.84542],[124.29958,39.8382],[124.30264,39.85348],[124.28153,39.86264]]],[[[124.29903,39.88542],[124.28931,39.88042],[124.28208,39.86597],[124.3082,39.85348],[124.31486,39.86848],[124.29903,39.88542]]],[[[124.30736,39.88403],[124.30486,39.87931],[124.31931,39.87542],[124.30736,39.88403]]],[[[124.28875,39.89792],[124.27986,39.89125],[124.28014,39.88264],[124.29459,39.88986],[124.28875,39.89792]]],[[[124.36439,39.99591],[124.35824,40.0],[124.34039,39.98122],[124.29024,39.96243],[124.28029,39.95041],[124.28876,39.94027],[124.28243,39.93255],[124.24586,39.92781],[124.22064,39.91486],[124.22153,39.90376],[124.2132,39.89348],[124.21819,39.8857],[124.21514,39.84264],[124.1843,39.82153],[124.18459,39.80236],[124.19681,39.80347],[124.22569,39.79098],[124.25819,39.80931],[124.25875,39.82264],[124.27236,39.83292],[124.26847,39.8732],[124.2868,39.92792],[124.31014,39.94764],[124.33986,39.95986],[124.35291,39.98486],[124.36202,39.98431],[124.36439,39.99591]]],[[[124.30153,39.93486],[124.29486,39.93097],[124.30153,39.93014],[124.30153,39.93486]]],[[[124.33014,39.95125],[124.30486,39.93848],[124.3057,39.93153],[124.32931,39.93792],[124.33014,39.95125]]]]}},{"type":"Feature","properties":{"gid":"PRK.9.18_1","name2":"Sŏnch'ŏn","engtype2":"County","type2":"Gun","provZh":"平安北道"},"geometry":{"type":"MultiPolygon","coordinates":[[[[124.73042,39.42209],[124.71375,39.41737],[124.71347,39.40875],[124.73236,39.41459],[124.73042,39.42209]]],[[[124.77264,39.46681],[124.76708,39.46487],[124.77125,39.46236],[124.76737,39.4557],[124.77236,39.45458],[124.76514,39.44792],[124.79125,39.45876],[124.77264,39.46681]]],[[[124.80875,39.52126],[124.79708,39.51709],[124.80736,39.51514],[124.80875,39.52126]]],[[[124.83708,39.64653],[124.82014,39.64431],[124.83014,39.6382],[124.83875,39.63987],[124.83708,39.64653]]],[[[124.88903,39.61681],[124.86931,39.60931],[124.88597,39.60653],[124.88236,39.59903],[124.86625,39.59403],[124.87375,39.59209],[124.87347,39.58014],[124.85403,39.57348],[124.8482,39.5632],[124.83653,39.56709],[124.82153,39.55459],[124.82597,39.55014],[124.84792,39.55931],[124.86042,39.54959],[124.84264,39.54237],[124.84236,39.53598],[124.85625,39.53209],[124.85709,39.52514],[124.85042,39.52403],[124.85486,39.52042],[124.84486,39.5132],[124.83986,39.52042],[124.83292,39.51903],[124.82764,39.50209],[124.81736,39.50042],[124.81792,39.49292],[124.83681,39.50459],[124.84181,39.50542],[124.84375,39.49847],[124.85819,39.50403],[124.87319,39.51403],[124.87514,39.5232],[124.88764,39.52292],[124.88319,39.52597],[124.8943,39.52903],[124.89153,39.53431],[124.90347,39.53403],[124.90791,39.54042],[124.90014,39.54153],[124.90292,39.54459],[124.92181,39.54098],[124.93514,39.55153],[124.9343,39.55986],[124.91097,39.55903],[124.92152,39.56514],[124.91319,39.56931],[124.91847,39.57459],[124.90708,39.57959],[124.91875,39.58542],[124.90542,39.58681],[124.90847,39.59959],[124.9268,39.59709],[124.92958,39.60292],[124.92375,39.60875],[124.90598,39.60931],[124.91042,39.61459],[124.90403,39.61709],[124.88903,39.61681]]],[[[125.01096,39.94653],[124.9708,39.91455],[124.95273,39.8821],[124.88965,39.87898],[124.86083,39.82709],[124.82745,39.82416],[124.80605,39.81373],[124.75236,39.76681],[124.75764,39.74986],[124.77097,39.73653],[124.77708,39.73708],[124.77653,39.74431],[124.79264,39.74376],[124.80209,39.7207],[124.82264,39.72542],[124.85042,39.71292],[124.85709,39.70264],[124.8857,39.70792],[124.89986,39.67709],[124.89459,39.66097],[124.906,39.65186],[124.90236,39.63181],[124.89736,39.63376],[124.8932,39.62709],[124.90125,39.61931],[124.90764,39.6232],[124.9032,39.63209],[124.91319,39.65542],[124.9302,39.64737],[124.92784,39.67891],[124.9397,39.72518],[124.9484,39.73162],[124.97515,39.73436],[125.00085,39.76071],[125.00168,39.79369],[124.98632,39.81589],[124.99129,39.82459],[125.00913,39.83456],[125.11377,39.83458],[125.10514,39.85925],[125.12035,39.89032],[125.10713,39.91565],[125.08404,39.93607],[125.05619,39.93331],[125.03729,39.94508],[125.01096,39.94653]]]]}},{"type":"Feature","properties":{"gid":"PRK.9.19_1","name2":"T'aech'ŏn","engtype2":"County","type2":"Gun","provZh":"平安北道"},"geometry":{"type":"Polygon","coordinates":[[[125.36203,39.81129],[125.41213,39.76926],[125.42699,39.77092],[125.44135,39.79081],[125.45494,39.79782],[125.47598,39.79643],[125.52799,39.7714],[125.55288,39.79704],[125.58155,39.79764],[125.60493,39.79062],[125.60939,39.81854],[125.64301,39.84819],[125.63468,39.86914],[125.63718,39.89291],[125.65376,39.90809],[125.67832,39.91051],[125.68768,39.92657],[125.67162,39.95277],[125.67358,39.96596],[125.69043,39.98368],[125.67237,40.02443],[125.6734,40.06297],[125.62167,40.03997],[125.56111,40.03925],[125.51289,40.05068],[125.44505,40.09442],[125.40573,40.09433],[125.36742,40.07855],[125.35048,40.05265],[125.30513,40.00833],[125.35505,39.95366],[125.35229,39.93386],[125.30965,39.90252],[125.32681,39.86996],[125.32747,39.83643],[125.35746,39.82298],[125.36203,39.81129]]]}},{"type":"Feature","properties":{"gid":"PRK.9.20_1","name2":"Tongch'ang","engtype2":"County","type2":"Gun","provZh":"平安北道"},"geometry":{"type":"Polygon","coordinates":[[[125.6297,40.37677],[125.58312,40.3932],[125.57889,40.40164],[125.52852,40.40198],[125.5048,40.41097],[125.47845,40.40876],[125.45613,40.35445],[125.43783,40.34079],[125.42731,40.3159],[125.40495,40.29203],[125.37908,40.23912],[125.36573,40.22689],[125.34337,40.2214],[125.29443,40.17256],[125.30245,40.14857],[125.31766,40.13393],[125.37234,40.11176],[125.3712,40.08135],[125.40573,40.09433],[125.44505,40.09442],[125.51289,40.05068],[125.55946,40.03933],[125.62167,40.03997],[125.6734,40.06297],[125.65451,40.08636],[125.65323,40.1182],[125.66073,40.12981],[125.6812,40.13762],[125.68012,40.15041],[125.66312,40.17559],[125.68076,40.21],[125.67519,40.23682],[125.68391,40.25515],[125.70379,40.27503],[125.68042,40.28291],[125.61845,40.32533],[125.61713,40.34553],[125.63379,40.35916],[125.6297,40.37677]]]}},{"type":"Feature","properties":{"gid":"PRK.9.21_1","name2":"Ŭiju","engtype2":"County","type2":"Gun","provZh":"平安北道"},"geometry":{"type":"Polygon","coordinates":[[[124.44802,40.15591],[124.47552,40.10899],[124.48351,40.10452],[124.54167,40.10395],[124.5845,40.12221],[124.62305,40.10456],[124.65429,40.10411],[124.7027,40.12415],[124.71937,40.1557],[124.76235,40.19153],[124.76054,40.20825],[124.75622,40.21463],[124.7274,40.22036],[124.72038,40.24511],[124.68138,40.28488],[124.6768,40.29747],[124.62408,40.28409],[124.57319,40.24664],[124.53508,40.23273],[124.50664,40.20719],[124.4968,40.18589],[124.44802,40.15591]]]}},{"type":"Feature","properties":{"gid":"PRK.9.22_1","name2":"Unjŏn","engtype2":"County","type2":"Gun","provZh":"平安北道"},"geometry":{"type":"Polygon","coordinates":[[[125.30602,39.52653],[125.34514,39.55375],[125.37569,39.55653],[125.40375,39.58042],[125.47353,39.61314],[125.50347,39.6471],[125.54572,39.64914],[125.55653,39.65506],[125.56834,39.6773],[125.56698,39.68872],[125.5582,39.69504],[125.53275,39.69692],[125.51391,39.71047],[125.51417,39.7477],[125.52799,39.7714],[125.47598,39.79643],[125.46103,39.7981],[125.44498,39.79401],[125.42699,39.77092],[125.40769,39.76988],[125.38006,39.80111],[125.36203,39.81129],[125.37397,39.77394],[125.37285,39.75169],[125.35274,39.71197],[125.32213,39.68005],[125.30019,39.64541],[125.29347,39.60247],[125.30602,39.52653]]]}},{"type":"Feature","properties":{"gid":"PRK.9.23_1","name2":"Unsan","engtype2":"County","type2":"Gun","provZh":"平安北道"},"geometry":{"type":"Polygon","coordinates":[[[125.96957,40.22137],[125.93944,40.21609],[125.921,40.23393],[125.87868,40.23478],[125.81618,40.21619],[125.70379,40.27503],[125.68391,40.25515],[125.67476,40.2345],[125.68041,40.20854],[125.66305,40.17414],[125.68012,40.15041],[125.68147,40.13896],[125.65494,40.12382],[125.65365,40.08921],[125.6734,40.06297],[125.67237,40.02443],[125.69043,39.98368],[125.71296,39.97001],[125.72958,39.93923],[125.76281,39.9122],[125.78536,39.90091],[125.80721,39.90054],[125.81219,39.92759],[125.81937,39.93485],[125.8339,39.91942],[125.84942,39.92041],[125.86206,39.92902],[125.85792,39.95099],[125.86903,39.97252],[125.90509,39.98582],[125.93266,40.01051],[125.95856,40.00447],[125.99703,40.07944],[125.99924,40.10558],[126.02298,40.13],[126.03426,40.13136],[126.06593,40.11451],[126.09503,40.11644],[126.07365,40.13932],[126.03971,40.15553],[125.96957,40.22137]]]}},{"type":"Feature","properties":{"gid":"PRK.9.24_1","name2":"Yŏmju","engtype2":"County","type2":"Gun","provZh":"平安北道"},"geometry":{"type":"Polygon","coordinates":[[[124.64828,39.8752],[124.67666,39.95501],[124.65747,39.97215],[124.63224,39.97461],[124.56293,40.00158],[124.50202,39.99115],[124.4808,39.97479],[124.46275,39.97342],[124.45013,39.92809],[124.4075,39.92544],[124.35418,39.89774],[124.34573,39.88486],[124.37347,39.88486],[124.38958,39.87431],[124.41125,39.83125],[124.40875,39.80626],[124.41597,39.80014],[124.41431,39.79181],[124.45643,39.8234],[124.4898,39.82603],[124.52847,39.85115],[124.55946,39.86138],[124.59688,39.86241],[124.64828,39.8752]]]}},{"type":"Feature","properties":{"gid":"PRK.10.1_1","name2":"Anju","engtype2":"City","type2":"Si","provZh":"平安南道"},"geometry":{"type":"Polygon","coordinates":[[[125.75138,39.65796],[125.6961,39.63118],[125.66016,39.6309],[125.64413,39.63854],[125.56423,39.59327],[125.61662,39.57284],[125.63226,39.55622],[125.65113,39.55707],[125.6846,39.57448],[125.71113,39.57234],[125.73396,39.53779],[125.71838,39.48692],[125.77106,39.45921],[125.805,39.47629],[125.83665,39.50844],[125.84987,39.5333],[125.83272,39.56701],[125.85397,39.58105],[125.86436,39.60284],[125.83958,39.63426],[125.83807,39.71174],[125.81855,39.68867],[125.79994,39.68355],[125.77631,39.66142],[125.75138,39.65796]]]}},{"type":"Feature","properties":{"gid":"PRK.10.2_1","name2":"Ch'ŏllima","engtype2":"County","type2":"Gun","provZh":"平安南道"},"geometry":{"type":"Polygon","coordinates":[[[125.59258,38.8991],[125.59863,38.93051],[125.61179,38.94288],[125.57671,39.00651],[125.51765,39.0078],[125.53076,38.98892],[125.54286,38.94368],[125.56266,38.9134],[125.59258,38.8991]]]}},{"type":"Feature","properties":{"gid":"PRK.10.3_1","name2":"Ch'ŏngnam","engtype2":"County","type2":"Gun","provZh":"平安南道"},"geometry":{"type":"Polygon","coordinates":[[[125.44498,39.45864],[125.46728,39.47569],[125.4687,39.48919],[125.45764,39.49948],[125.44608,39.49771],[125.43066,39.47753],[125.43078,39.46428],[125.44498,39.45864]]]}},{"type":"Feature","properties":{"gid":"PRK.10.4_1","name2":"Daean","engtype2":"County","type2":"Gun","provZh":"平安南道"},"geometry":{"type":"Polygon","coordinates":[[[125.54667,38.80355],[125.52489,38.83062],[125.52284,38.85015],[125.49847,38.84995],[125.48821,38.84312],[125.48553,38.81806],[125.49283,38.80642],[125.51353,38.79441],[125.53703,38.79516],[125.54667,38.80355]]]}},{"type":"Feature","properties":{"gid":"PRK.10.5_1","name2":"Haichang","engtype2":"County","type2":"Gun","provZh":"平安南道"},"geometry":{"type":"Polygon","coordinates":[[[126.56874,39.1699],[126.51678,39.14175],[126.49222,39.16401],[126.46642,39.17189],[126.46037,39.20473],[126.45106,39.22057],[126.43436,39.23177],[126.39269,39.22253],[126.36386,39.24007],[126.34476,39.21694],[126.32494,39.21079],[126.32053,39.19684],[126.29858,39.18863],[126.29273,39.15939],[126.24986,39.1433],[126.2393,39.10491],[126.26891,39.06638],[126.28455,39.05711],[126.3404,39.05225],[126.35351,39.01588],[126.38654,38.98037],[126.38584,38.9296],[126.45229,38.91438],[126.49115,38.89449],[126.49957,38.94495],[126.48151,38.97374],[126.48382,38.99857],[126.51603,38.9987],[126.54655,38.98255],[126.61586,38.96272],[126.65752,38.97746],[126.65562,39.00059],[126.64022,39.01196],[126.61652,39.05866],[126.58696,39.07982],[126.5573,39.12879],[126.55525,39.14825],[126.56874,39.1699]]]}},{"type":"Feature","properties":{"gid":"PRK.10.6_1","name2":"Hanggu","engtype2":"County","type2":"Gun","provZh":"平安南道"},"geometry":{"type":"Polygon","coordinates":[[[125.59723,38.72015],[125.58793,38.72943],[125.57111,38.73026],[125.54882,38.74134],[125.50423,38.78511],[125.47295,38.79387],[125.44317,38.78539],[125.41487,38.78539],[125.38608,38.81205],[125.3128,38.78873],[125.3792,38.75642],[125.36508,38.74187],[125.36682,38.70958],[125.40041,38.71456],[125.44357,38.74228],[125.48562,38.71078],[125.49955,38.71932],[125.51698,38.72],[125.55714,38.70044],[125.59235,38.65581],[125.63035,38.65792],[125.6144,38.69802],[125.60103,38.70749],[125.59723,38.72015]]]}},{"type":"Feature","properties":{"gid":"PRK.10.7_1","name2":"Jungsan","engtype2":"County","type2":"Gun","provZh":"平安南道"},"geometry":{"type":"Polygon","coordinates":[[[125.3504,38.95216],[125.37324,38.97531],[125.37725,39.02557],[125.44741,39.01719],[125.47578,39.02969],[125.46745,39.04874],[125.46767,39.07107],[125.4921,39.08963],[125.50456,39.11859],[125.50311,39.13519],[125.47846,39.14926],[125.47254,39.1697],[125.44778,39.17733],[125.41866,39.1967],[125.39482,39.21449],[125.39153,39.22723],[125.37458,39.23681],[125.34014,39.21764],[125.35042,39.20459],[125.36792,39.19792],[125.3532,39.19875],[125.33681,39.20959],[125.3243,39.19708],[125.33347,39.19125],[125.3168,39.18792],[125.32042,39.17598],[125.30903,39.1732],[125.30625,39.1782],[125.30125,39.16403],[125.2932,39.16264],[125.29542,39.14626],[125.27875,39.08903],[125.28764,39.08292],[125.26625,39.08292],[125.25625,39.05459],[125.2073,38.99875],[125.23661,38.98637],[125.25521,38.96195],[125.28104,38.96758],[125.3504,38.95216]]]}},{"type":"Feature","properties":{"gid":"PRK.10.8_1","name2":"Kaech'ŏn","engtype2":"City","type2":"Si","provZh":"平安南道"},"geometry":{"type":"Polygon","coordinates":[[[125.94151,39.78878],[125.90511,39.75372],[125.87759,39.7457],[125.85969,39.74935],[125.85645,39.72675],[125.83807,39.71174],[125.83958,39.63426],[125.86436,39.60284],[125.85397,39.58105],[125.83272,39.56701],[125.84987,39.5333],[125.87849,39.54615],[125.90121,39.54861],[125.93418,39.58353],[125.96008,39.59063],[125.97613,39.58493],[126.03838,39.58476],[126.08866,39.60806],[126.09369,39.62476],[126.12977,39.65976],[126.11893,39.70343],[126.14265,39.74019],[126.14021,39.75397],[126.16495,39.79976],[126.15246,39.82967],[126.10381,39.81701],[126.08304,39.81758],[126.01911,39.8629],[126.00839,39.85478],[126.00188,39.83074],[125.97519,39.82226],[125.9622,39.80812],[125.95814,39.79083],[125.94151,39.78878]]]}},{"type":"Feature","properties":{"gid":"PRK.10.9_1","name2":"Kangsŏ","engtype2":"County","type2":"Gun","provZh":"平安南道"},"geometry":{"type":"Polygon","coordinates":[[[125.51765,39.0078],[125.51109,39.02867],[125.49622,39.04264],[125.45245,39.01758],[125.37725,39.02557],[125.37324,38.97531],[125.35572,38.95514],[125.36393,38.94089],[125.36446,38.92017],[125.41073,38.92315],[125.44768,38.88923],[125.46901,38.87892],[125.49439,38.87659],[125.52284,38.85945],[125.57025,38.87072],[125.59258,38.8991],[125.56266,38.9134],[125.54286,38.94368],[125.53076,38.98892],[125.51765,39.0078]]]}},{"type":"Feature","properties":{"gid":"PRK.10.10_1","name2":"Maengsan","engtype2":"County","type2":"Gun","provZh":"平安南道"},"geometry":{"type":"Polygon","coordinates":[[[126.84891,39.86409],[126.84113,39.87183],[126.76032,39.89975],[126.74416,39.88457],[126.73012,39.84429],[126.71439,39.82849],[126.62109,39.80645],[126.57197,39.77151],[126.52745,39.77066],[126.50346,39.73791],[126.47614,39.7193],[126.46334,39.69431],[126.46233,39.687],[126.47164,39.67965],[126.47301,39.6436],[126.48325,39.62434],[126.49816,39.61879],[126.4999,39.60977],[126.4988,39.57075],[126.46419,39.53937],[126.46601,39.51632],[126.54789,39.45419],[126.56277,39.4708],[126.59925,39.48915],[126.61038,39.50327],[126.61588,39.55236],[126.652,39.56573],[126.6814,39.56721],[126.71227,39.5948],[126.71332,39.62487],[126.70457,39.64408],[126.70527,39.65884],[126.75963,39.70848],[126.75557,39.71495],[126.73407,39.71578],[126.72382,39.72282],[126.72346,39.75027],[126.75806,39.77926],[126.76092,39.80597],[126.77209,39.82877],[126.80561,39.85244],[126.83236,39.85538],[126.84891,39.86409]]]}},{"type":"Feature","properties":{"gid":"PRK.10.11_1","name2":"Mundŏk","engtype2":"County","type2":"Gun","provZh":"平安南道"},"geometry":{"type":"Polygon","coordinates":[[[125.45208,39.57402],[125.44736,39.56959],[125.43403,39.57653],[125.42347,39.57153],[125.42291,39.55427],[125.40708,39.54959],[125.39069,39.4982],[125.36236,39.4832],[125.33764,39.46014],[125.3407,39.44209],[125.35208,39.42987],[125.36681,39.43681],[125.36847,39.44348],[125.37847,39.44348],[125.38014,39.44986],[125.38181,39.44125],[125.3718,39.44153],[125.36625,39.4347],[125.41655,39.43578],[125.43519,39.44986],[125.49455,39.44463],[125.52515,39.4543],[125.58225,39.43607],[125.61395,39.4364],[125.64441,39.45265],[125.70428,39.46807],[125.72614,39.50117],[125.73381,39.53661],[125.72408,39.55961],[125.70386,39.57492],[125.68307,39.5741],[125.65262,39.55759],[125.63374,39.55602],[125.61538,39.57347],[125.56423,39.59327],[125.54736,39.59356],[125.50067,39.57532],[125.45208,39.57402]],[[125.44498,39.45864],[125.43078,39.46428],[125.43066,39.47753],[125.44608,39.49771],[125.45764,39.49948],[125.4687,39.48919],[125.46728,39.47569],[125.44498,39.45864]]]}},{"type":"Feature","properties":{"gid":"PRK.10.12_1","name2":"Nyongwon","engtype2":"County","type2":"Gun","provZh":"平安南道"},"geometry":{"type":"Polygon","coordinates":[[[126.34677,40.01543],[126.33929,39.95823],[126.36812,39.92796],[126.36935,39.89131],[126.38076,39.88293],[126.40599,39.8807],[126.43625,39.86084],[126.44829,39.84105],[126.47974,39.81414],[126.49215,39.79126],[126.51078,39.78646],[126.52745,39.77066],[126.57197,39.77151],[126.62109,39.80645],[126.71439,39.82849],[126.73012,39.84429],[126.74416,39.88457],[126.76176,39.90016],[126.84113,39.87183],[126.84891,39.86409],[126.91117,39.86338],[126.88598,39.93297],[126.86024,39.94094],[126.83639,39.96315],[126.79541,39.98719],[126.77258,40.0191],[126.77695,40.02993],[126.81396,40.06061],[126.81592,40.07416],[126.80608,40.08574],[126.77117,40.08754],[126.75198,40.09893],[126.74158,40.12866],[126.75086,40.16101],[126.74217,40.18477],[126.69581,40.14437],[126.65973,40.14154],[126.63989,40.12593],[126.59853,40.11063],[126.56596,40.0836],[126.56046,40.04068],[126.5317,40.03111],[126.48153,40.0294],[126.46569,40.0066],[126.43858,39.99384],[126.40069,39.99408],[126.34677,40.01543]]]}},{"type":"Feature","properties":{"gid":"PRK.10.13_1","name2":"Onch'ŏn","engtype2":"County","type2":"Gun","provZh":"平安南道"},"geometry":{"type":"MultiPolygon","coordinates":[[[[125.21189,38.99621],[125.20125,38.99875],[125.19236,38.97848],[125.20264,38.9757],[125.17125,38.93681],[125.15986,38.9032],[125.14098,38.87792],[125.14014,38.86209],[125.14819,38.85236],[125.13319,38.81125],[125.14653,38.7857],[125.11986,38.7582],[125.13764,38.74625],[125.12042,38.75792],[125.14069,38.77903],[125.16209,38.78209],[125.18625,38.77459],[125.19403,38.78014],[125.19209,38.77125],[125.19542,38.77514],[125.20236,38.75126],[125.21458,38.73903],[125.22598,38.74042],[125.22292,38.74959],[125.23097,38.74847],[125.21903,38.75292],[125.23264,38.76709],[125.23125,38.78459],[125.21514,38.81376],[125.23042,38.8032],[125.2382,38.81597],[125.22986,38.79292],[125.23764,38.78764],[125.24431,38.79709],[125.23792,38.78125],[125.24125,38.77348],[125.25459,38.7882],[125.25069,38.7807],[125.26735,38.77625],[125.30264,38.77968],[125.3128,38.78873],[125.29103,38.80537],[125.29974,38.8314],[125.2915,38.85889],[125.3232,38.8919],[125.3637,38.91668],[125.36431,38.93934],[125.35545,38.95221],[125.28104,38.96758],[125.25521,38.96195],[125.23661,38.98637],[125.21189,38.99621]]],[[[125.13014,38.88042],[125.12542,38.87542],[125.13375,38.87875],[125.13014,38.88042]]]]}},{"type":"Feature","properties":{"gid":"PRK.10.14_1","name2":"P'yŏngsŏng","engtype2":"County","type2":"Gun","provZh":"平安南道"},"geometry":{"type":"Polygon","coordinates":[[[125.76472,39.2684],[125.78519,39.23312],[125.79969,39.22205],[125.82464,39.22273],[125.86171,39.24024],[125.88155,39.22532],[125.93627,39.2311],[125.96209,39.21922],[125.97713,39.19853],[125.99944,39.21191],[126.03118,39.21415],[126.03967,39.2316],[125.99243,39.28287],[125.98043,39.30484],[125.98957,39.34056],[125.95557,39.35692],[125.94875,39.3797],[125.93212,39.38633],[125.914,39.38135],[125.85847,39.41517],[125.81818,39.42488],[125.80003,39.40236],[125.82487,39.38537],[125.8287,39.37095],[125.81703,39.34898],[125.78524,39.31556],[125.76472,39.2684]]]}},{"type":"Feature","properties":{"gid":"PRK.10.15_1","name2":"P'yŏngwŏn","engtype2":"County","type2":"Gun","provZh":"平安南道"},"geometry":{"type":"Polygon","coordinates":[[[125.47639,39.16598],[125.56508,39.18542],[125.58667,39.2095],[125.63005,39.20131],[125.61712,39.22216],[125.61938,39.23489],[125.63357,39.2478],[125.66184,39.25113],[125.68165,39.26688],[125.72348,39.27793],[125.76472,39.2684],[125.786,39.31677],[125.81865,39.35135],[125.82907,39.37215],[125.82748,39.38207],[125.80003,39.40236],[125.74052,39.39807],[125.72199,39.3833],[125.70698,39.35392],[125.68837,39.34344],[125.63034,39.35172],[125.58431,39.32446],[125.46617,39.3236],[125.42072,39.29817],[125.4082,39.29764],[125.4007,39.28986],[125.39875,39.27403],[125.40986,39.27126],[125.38292,39.24514],[125.39413,39.21552],[125.44652,39.17809],[125.47639,39.16598]]]}},{"type":"Feature","properties":{"gid":"PRK.10.16_1","name2":"Pukch'ang","engtype2":"County","type2":"Gun","provZh":"平安南道"},"geometry":{"type":"Polygon","coordinates":[[[125.98278,39.58498],[125.9978,39.56707],[126.0418,39.56509],[126.08326,39.53774],[126.11454,39.53873],[126.13438,39.54724],[126.18669,39.5476],[126.23852,39.53672],[126.27695,39.51186],[126.33154,39.49966],[126.37011,39.48066],[126.40199,39.43136],[126.4194,39.41787],[126.44402,39.41835],[126.46437,39.43538],[126.54789,39.45419],[126.46336,39.52025],[126.46508,39.54078],[126.4988,39.57075],[126.49956,39.61458],[126.48325,39.62434],[126.47301,39.6436],[126.47025,39.68379],[126.43996,39.69564],[126.31872,39.69584],[126.27689,39.68539],[126.23972,39.66685],[126.20024,39.64397],[126.19876,39.58329],[126.18675,39.56622],[126.10934,39.56729],[126.09153,39.57833],[126.08866,39.60806],[126.04004,39.58503],[125.98278,39.58498]]]}},{"type":"Feature","properties":{"gid":"PRK.10.17_1","name2":"Ryonggang","engtype2":"County","type2":"Gun","provZh":"平安南道"},"geometry":{"type":"Polygon","coordinates":[[[125.57864,38.78517],[125.56375,38.80337],[125.51353,38.79441],[125.4916,38.80737],[125.48553,38.81806],[125.48735,38.84179],[125.49693,38.84959],[125.52284,38.85015],[125.52284,38.85945],[125.49439,38.87659],[125.46901,38.87892],[125.44768,38.88923],[125.40929,38.92365],[125.36446,38.92017],[125.35728,38.90833],[125.3232,38.8919],[125.29109,38.85747],[125.29974,38.8314],[125.29103,38.80537],[125.3128,38.78873],[125.38608,38.81205],[125.41487,38.78539],[125.44317,38.78539],[125.47295,38.79387],[125.50423,38.78511],[125.55003,38.74057],[125.57111,38.73026],[125.58793,38.72943],[125.58793,38.73873],[125.57037,38.76114],[125.57864,38.78517]]]}},{"type":"Feature","properties":{"gid":"PRK.10.18_1","name2":"Sinyang","engtype2":"County","type2":"Gun","provZh":"平安南道"},"geometry":{"type":"Polygon","coordinates":[[[126.7134,39.39921],[126.74015,39.45551],[126.74076,39.46965],[126.7291,39.48145],[126.7114,39.48568],[126.69913,39.50568],[126.67907,39.51789],[126.66781,39.54053],[126.66692,39.56639],[126.61588,39.55236],[126.60848,39.49916],[126.59454,39.48541],[126.56162,39.46999],[126.54789,39.45419],[126.45892,39.43232],[126.45248,39.42266],[126.47091,39.38785],[126.47069,39.37157],[126.46175,39.36298],[126.44035,39.35816],[126.41009,39.32807],[126.40627,39.28785],[126.40917,39.27605],[126.43245,39.2512],[126.43436,39.23177],[126.45106,39.22057],[126.46037,39.20473],[126.46642,39.17189],[126.49092,39.16478],[126.51813,39.14157],[126.55914,39.16717],[126.58838,39.16723],[126.57478,39.20224],[126.58689,39.22589],[126.62856,39.26957],[126.6292,39.28434],[126.62084,39.30011],[126.62428,39.31066],[126.63436,39.31522],[126.65469,39.30645],[126.7093,39.30672],[126.69454,39.35215],[126.7134,39.39921]]]}},{"type":"Feature","properties":{"gid":"PRK.10.19_1","name2":"Sŏngch'ŏn","engtype2":"County","type2":"Gun","provZh":"平安南道"},"geometry":{"type":"Polygon","coordinates":[[[126.43436,39.23177],[126.43245,39.2512],[126.4072,39.28017],[126.40685,39.32117],[126.44035,39.35816],[126.46747,39.36694],[126.47129,39.38641],[126.45248,39.42266],[126.43919,39.41754],[126.41483,39.41947],[126.38214,39.45674],[126.30766,39.45404],[126.2371,39.42773],[126.20919,39.42429],[126.20146,39.40803],[126.20775,39.37774],[126.18609,39.35439],[126.17973,39.33045],[126.16417,39.31636],[126.12798,39.31639],[126.10029,39.34098],[126.03911,39.37014],[125.99957,39.35477],[125.97952,39.31324],[125.9915,39.28402],[126.03967,39.2316],[126.06042,39.23062],[126.07885,39.22024],[126.09595,39.17938],[126.10567,39.17639],[126.13467,39.18446],[126.1683,39.15764],[126.23186,39.15717],[126.24986,39.1433],[126.29273,39.15939],[126.29858,39.18863],[126.32053,39.19684],[126.32494,39.21079],[126.34476,39.21694],[126.36265,39.23961],[126.39418,39.22236],[126.43436,39.23177]]]}},{"type":"Feature","properties":{"gid":"PRK.10.20_1","name2":"Sukch'ŏn","engtype2":"County","type2":"Gun","provZh":"平安南道"},"geometry":{"type":"Polygon","coordinates":[[[125.71838,39.48692],[125.70045,39.46544],[125.64441,39.45265],[125.61244,39.43604],[125.58225,39.43607],[125.53325,39.45415],[125.49455,39.44463],[125.43519,39.44986],[125.41655,39.43578],[125.36625,39.4347],[125.34764,39.41848],[125.36903,39.37737],[125.37986,39.37708],[125.38319,39.3907],[125.39542,39.39459],[125.41402,39.39209],[125.42181,39.38403],[125.41875,39.37626],[125.39875,39.38097],[125.39986,39.37153],[125.41875,39.3732],[125.40014,39.3682],[125.40208,39.35514],[125.4107,39.35598],[125.39764,39.33958],[125.40429,39.33593],[125.39986,39.31903],[125.41153,39.31736],[125.41681,39.30709],[125.45097,39.32292],[125.45667,39.3182],[125.46967,39.32394],[125.58431,39.32446],[125.63034,39.35172],[125.68683,39.34307],[125.70698,39.35392],[125.73454,39.39567],[125.79459,39.39984],[125.81631,39.42507],[125.80797,39.44362],[125.7826,39.44704],[125.76993,39.45994],[125.71838,39.48692]]]}},{"type":"Feature","properties":{"gid":"PRK.10.21_1","name2":"Sunch'ŏn","engtype2":"City","type2":"Si","provZh":"平安南道"},"geometry":{"type":"Polygon","coordinates":[[[125.77106,39.45921],[125.78403,39.44636],[125.80917,39.44276],[125.81631,39.42507],[125.85722,39.41574],[125.914,39.38135],[125.93212,39.38633],[125.94875,39.3797],[125.97675,39.37976],[125.9861,39.38207],[126.02302,39.42379],[126.05112,39.42751],[126.0711,39.43719],[126.09769,39.4562],[126.09996,39.46533],[126.08144,39.49495],[126.08326,39.53774],[126.04325,39.56457],[125.99927,39.56656],[125.98278,39.58498],[125.96008,39.59063],[125.93008,39.58144],[125.90121,39.54861],[125.87849,39.54615],[125.84987,39.5333],[125.83521,39.50644],[125.80937,39.4801],[125.77106,39.45921]]]}},{"type":"Feature","properties":{"gid":"PRK.10.22_1","name2":"Taedong","engtype2":"County","type2":"Gun","provZh":"平安南道"},"geometry":{"type":"Polygon","coordinates":[[[125.57671,39.00651],[125.5824,39.06741],[125.6045,39.08882],[125.66201,39.12481],[125.65536,39.13567],[125.63497,39.14235],[125.64393,39.17694],[125.63349,39.19987],[125.58806,39.20967],[125.56508,39.18542],[125.47639,39.16598],[125.47846,39.14926],[125.50311,39.13519],[125.50456,39.11859],[125.493,39.09089],[125.47192,39.07759],[125.46671,39.06481],[125.47668,39.0307],[125.49853,39.04164],[125.51183,39.02746],[125.51765,39.0078],[125.57671,39.00651]]]}},{"type":"Feature","properties":{"gid":"PRK.10.23_1","name2":"Taehŭng","engtype2":"County","type2":"Gun","provZh":"平安南道"},"geometry":{"type":"Polygon","coordinates":[[[126.75073,40.18889],[126.74217,40.18477],[126.75086,40.16101],[126.74128,40.13314],[126.75198,40.09893],[126.77117,40.08754],[126.80608,40.08574],[126.81615,40.07269],[126.81396,40.06061],[126.77695,40.02993],[126.77258,40.0191],[126.79541,39.98719],[126.83639,39.96315],[126.86024,39.94094],[126.88598,39.93297],[126.91117,39.86338],[126.95475,39.86249],[126.97858,39.84981],[126.99551,39.82802],[127.00565,39.82623],[127.01981,39.82809],[127.04265,39.84492],[127.0898,39.84696],[127.10838,39.8626],[127.11264,39.90844],[127.06908,39.9654],[127.05767,40.01627],[127.08369,40.03028],[127.08591,40.06488],[127.09449,40.07805],[127.10461,40.08573],[127.11781,40.08525],[127.17556,40.12521],[127.17901,40.14007],[127.16837,40.17075],[127.11467,40.18318],[127.10389,40.22128],[127.11337,40.26761],[127.10217,40.28939],[127.07934,40.30191],[127.05551,40.32765],[127.01168,40.33772],[126.90886,40.33766],[126.89474,40.29596],[126.86024,40.279],[126.82629,40.25106],[126.81121,40.20285],[126.75073,40.18889]]]}},{"type":"Feature","properties":{"gid":"PRK.10.24_1","name2":"Tŏkch'ŏn","engtype2":"City","type2":"Si","provZh":"平安南道"},"geometry":{"type":"Polygon","coordinates":[[[126.15246,39.82967],[126.16445,39.79229],[126.14069,39.75506],[126.14307,39.74138],[126.11942,39.70484],[126.11898,39.68864],[126.12977,39.65976],[126.17966,39.65845],[126.20024,39.64397],[126.27689,39.68539],[126.31872,39.69584],[126.43494,39.69625],[126.46233,39.687],[126.47614,39.7193],[126.50346,39.73791],[126.52711,39.76807],[126.51078,39.78646],[126.49215,39.79126],[126.47974,39.81414],[126.44829,39.84105],[126.43734,39.85999],[126.40599,39.8807],[126.38076,39.88293],[126.36935,39.89131],[126.34709,39.88262],[126.31409,39.88055],[126.25565,39.84562],[126.15246,39.82967]]]}},{"type":"Feature","properties":{"gid":"PRK.10.25_1","name2":"Tŭkchang","engtype2":"County","type2":"Gun","provZh":"平安南道"},"geometry":{"type":"Polygon","coordinates":[[[126.08866,39.60806],[126.09153,39.57833],[126.10934,39.56729],[126.18822,39.56661],[126.19876,39.58329],[126.20024,39.64397],[126.17966,39.65845],[126.12977,39.65976],[126.09369,39.62476],[126.08866,39.60806]]]}},{"type":"Feature","properties":{"gid":"PRK.10.26_1","name2":"Ŭnjŏng","engtype2":"Ward","type2":"Guyŏk","provZh":"平安南道"},"geometry":{"type":"Polygon","coordinates":[[[125.82464,39.22273],[125.85011,39.18667],[125.85846,39.18441],[125.86685,39.18873],[125.88155,39.22532],[125.86171,39.24024],[125.82464,39.22273]]]}},{"type":"Feature","properties":{"gid":"PRK.10.27_1","name2":"Ŭnsan","engtype2":"County","type2":"Gun","provZh":"平安南道"},"geometry":{"type":"Polygon","coordinates":[[[125.98957,39.34056],[126.00573,39.35952],[126.04055,39.37008],[126.10029,39.34098],[126.12798,39.31639],[126.16269,39.31586],[126.17973,39.33045],[126.18609,39.35439],[126.20775,39.37774],[126.20146,39.40803],[126.20919,39.42429],[126.2371,39.42773],[126.30766,39.45404],[126.38214,39.45674],[126.37792,39.47123],[126.37011,39.48066],[126.33154,39.49966],[126.27695,39.51186],[126.23994,39.53609],[126.19823,39.54681],[126.13602,39.54737],[126.11454,39.53873],[126.08326,39.53774],[126.08144,39.49495],[126.09851,39.47255],[126.09769,39.4562],[126.05252,39.42796],[126.02302,39.42379],[125.98502,39.38129],[125.94875,39.3797],[125.95557,39.35692],[125.98957,39.34056]]]}},{"type":"Feature","properties":{"gid":"PRK.10.28_1","name2":"Waudo","engtype2":"County","type2":"Gun","provZh":"平安南道"},"geometry":{"type":"Polygon","coordinates":[[[125.36682,38.70958],[125.36508,38.74187],[125.3792,38.75642],[125.3128,38.78873],[125.29331,38.77587],[125.25097,38.78059],[125.24181,38.77209],[125.24458,38.7657],[125.24931,38.76764],[125.24819,38.76069],[125.22681,38.7368],[125.2345,38.72916],[125.22859,38.7217],[125.231,38.71439],[125.28306,38.68365],[125.29437,38.68704],[125.31823,38.71448],[125.36682,38.70958]]]}},{"type":"Feature","properties":{"gid":"PRK.10.29_1","name2":"Yangdŏk","engtype2":"County","type2":"Gun","provZh":"平安南道"},"geometry":{"type":"Polygon","coordinates":[[[126.7093,39.30672],[126.65469,39.30645],[126.63436,39.31522],[126.62186,39.30726],[126.62856,39.26957],[126.58689,39.22589],[126.57448,39.19936],[126.58838,39.16723],[126.61406,39.14028],[126.68649,39.13908],[126.70763,39.14785],[126.72996,39.14757],[126.77121,39.12137],[126.81514,39.1192],[126.89858,39.06707],[126.93806,39.0556],[126.98101,39.06708],[126.99152,39.08549],[126.99611,39.12416],[127.03954,39.14705],[127.05837,39.15047],[127.06568,39.15842],[127.06467,39.17175],[127.0462,39.1931],[127.01044,39.21223],[126.92365,39.21699],[126.91866,39.23045],[126.93565,39.25624],[126.90822,39.28668],[126.88283,39.28709],[126.85167,39.26882],[126.84464,39.27228],[126.83239,39.30449],[126.81373,39.31484],[126.77125,39.3148],[126.74229,39.29678],[126.7247,39.29783],[126.7093,39.30672]]]}},{"type":"Feature","properties":{"gid":"PRK.11.1_1","name2":"Chunghwa","engtype2":"County","type2":"Gun","provZh":"平壤直辖市"},"geometry":{"type":"Polygon","coordinates":[[[125.89928,38.80347],[125.92133,38.84182],[125.9289,38.86774],[125.92297,38.88482],[125.92502,38.90578],[125.9116,38.91487],[125.89527,38.91431],[125.86401,38.89665],[125.83852,38.9141],[125.79578,38.92395],[125.76526,38.91392],[125.74471,38.89957],[125.72285,38.92023],[125.71289,38.93888],[125.69957,38.9432],[125.69579,38.9212],[125.67779,38.91138],[125.66667,38.89241],[125.64439,38.87614],[125.64456,38.84296],[125.65816,38.82346],[125.70485,38.84067],[125.79492,38.84093],[125.87681,38.80543],[125.89928,38.80347]]]}},{"type":"Feature","properties":{"gid":"PRK.11.2_1","name2":"Jong","engtype2":"County","type2":"Gun","provZh":"平壤直辖市"},"geometry":{"type":"Polygon","coordinates":[[[125.72123,39.04254],[125.73085,39.05336],[125.72483,39.0738],[125.71401,39.07741],[125.68756,39.07019],[125.68636,39.05697],[125.69598,39.04735],[125.72123,39.04254]]]}},{"type":"Feature","properties":{"gid":"PRK.11.3_1","name2":"Kangdong","engtype2":"County","type2":"Gun","provZh":"平壤直辖市"},"geometry":{"type":"Polygon","coordinates":[[[126.38584,38.9296],[126.38654,38.98037],[126.35351,39.01588],[126.3404,39.05225],[126.28902,39.05562],[126.26891,39.06638],[126.23966,39.10346],[126.24986,39.1433],[126.23714,39.15523],[126.16672,39.15802],[126.13309,39.18483],[126.09991,39.17694],[126.09123,39.18549],[126.07885,39.22024],[126.05891,39.23096],[126.03967,39.2316],[126.03118,39.21415],[125.99944,39.21191],[125.97713,39.19853],[125.98003,39.17622],[126.00781,39.12053],[126.03161,39.0941],[126.05169,39.05458],[126.04404,39.03139],[126.04472,39.00937],[126.09731,38.95538],[126.11712,38.95355],[126.13689,38.97947],[126.15116,38.96967],[126.16673,38.97134],[126.1861,38.98879],[126.20274,38.99023],[126.23588,38.97927],[126.27654,38.95437],[126.30228,38.96106],[126.38584,38.9296]]]}},{"type":"Feature","properties":{"gid":"PRK.11.4_1","name2":"Kangnam","engtype2":"County","type2":"Gun","provZh":"平壤直辖市"},"geometry":{"type":"Polygon","coordinates":[[[125.65816,38.82346],[125.64456,38.84296],[125.64493,38.87761],[125.66667,38.89241],[125.67559,38.90919],[125.69471,38.92007],[125.69963,38.93094],[125.69957,38.9432],[125.66959,38.95159],[125.61179,38.94288],[125.59863,38.93051],[125.59648,38.90186],[125.57657,38.87557],[125.52284,38.85945],[125.52374,38.8336],[125.53336,38.81594],[125.54667,38.80355],[125.56631,38.8024],[125.57864,38.78517],[125.60599,38.78657],[125.65816,38.82346]]]}},{"type":"Feature","properties":{"gid":"PRK.11.5_1","name2":"Pyongyang","engtype2":"County","type2":"Gun","provZh":"平壤直辖市"},"geometry":{"type":"Polygon","coordinates":[[[125.61179,38.94288],[125.64011,38.94382],[125.66319,38.95249],[125.70688,38.94241],[125.74608,38.89941],[125.76526,38.91392],[125.79722,38.92402],[125.83852,38.9141],[125.86253,38.89681],[125.89963,38.91542],[125.92793,38.90644],[125.95923,38.93611],[125.95966,38.96623],[125.95042,38.98835],[125.95406,39.00281],[125.9647,39.00806],[125.9982,38.99905],[126.01931,39.00784],[126.04472,39.00937],[126.04404,39.03139],[126.05208,39.05318],[126.03161,39.0941],[126.00851,39.11921],[125.98003,39.17622],[125.97713,39.19853],[125.96082,39.2201],[125.93627,39.2311],[125.89539,39.23011],[125.88155,39.22532],[125.86532,39.18665],[125.85403,39.18478],[125.82464,39.22273],[125.79441,39.22393],[125.76472,39.2684],[125.74109,39.27737],[125.71093,39.2767],[125.68024,39.26619],[125.66184,39.25113],[125.63357,39.2478],[125.61704,39.23081],[125.61776,39.22075],[125.64345,39.18144],[125.63497,39.14235],[125.65536,39.13567],[125.66205,39.12617],[125.60323,39.0879],[125.57944,39.06186],[125.57671,39.00651],[125.61179,38.94288]],[[125.72123,39.04254],[125.69598,39.04735],[125.68636,39.05697],[125.68756,39.07019],[125.71401,39.07741],[125.72483,39.0738],[125.73085,39.05336],[125.72123,39.04254]]]}},{"type":"Feature","properties":{"gid":"PRK.11.6_1","name2":"Sangwŏn","engtype2":"County","type2":"Gun","provZh":"平壤直辖市"},"geometry":{"type":"Polygon","coordinates":[[[126.19712,38.75314],[126.21962,38.77837],[126.21902,38.82232],[126.20737,38.84467],[126.17844,38.87391],[126.13083,38.89418],[126.11863,38.91909],[126.11712,38.95355],[126.09609,38.95625],[126.04472,39.00937],[125.99659,38.99895],[125.96614,39.00792],[125.95512,39.00396],[125.95042,38.98835],[125.95966,38.96623],[125.95923,38.93611],[125.92502,38.90578],[125.92297,38.88482],[125.9289,38.86774],[125.92133,38.84182],[125.89928,38.80347],[125.93024,38.78625],[125.93822,38.76817],[125.93255,38.75306],[125.93658,38.74355],[125.96868,38.73764],[126.0085,38.71213],[126.0695,38.70175],[126.11502,38.71257],[126.15579,38.75652],[126.19712,38.75314]]]}},{"type":"Feature","properties":{"gid":"PRK.12.1_1","name2":"Rajin","engtype2":"Ward","type2":"Guyŏk","provZh":"罗先直辖市"},"geometry":{"type":"MultiPolygon","coordinates":[[[[130.39958,42.29764],[130.40459,42.2907],[130.41069,42.29209],[130.39958,42.29764]]],[[[130.27681,42.17542],[130.25931,42.16237],[130.27625,42.14514],[130.28653,42.15875],[130.27681,42.17542]]],[[[130.28735,42.19487],[130.28375,42.18431],[130.29125,42.18792],[130.28735,42.19487]]],[[[130.19829,42.18539],[130.2132,42.17653],[130.23125,42.17987],[130.2307,42.18848],[130.24764,42.20375],[130.28542,42.22209],[130.28569,42.23181],[130.30042,42.24097],[130.31291,42.23375],[130.31514,42.22292],[130.31569,42.20709],[130.30653,42.18348],[130.3132,42.17987],[130.31487,42.18875],[130.32987,42.1882],[130.33069,42.19875],[130.32347,42.20459],[130.32959,42.21598],[130.35458,42.22098],[130.35458,42.23431],[130.37013,42.23015],[130.36014,42.24542],[130.36931,42.26098],[130.38431,42.26153],[130.3882,42.25209],[130.39626,42.25542],[130.40347,42.25014],[130.40015,42.27264],[130.39542,42.27848],[130.38458,42.27709],[130.38126,42.28459],[130.38292,42.29598],[130.40459,42.30764],[130.39931,42.32486],[130.38014,42.33181],[130.36023,42.32989],[130.31776,42.35172],[130.30519,42.36611],[130.29948,42.4046],[130.23256,42.33187],[130.20903,42.31994],[130.18344,42.318],[130.17537,42.31048],[130.16457,42.24256],[130.1731,42.22968],[130.17555,42.19737],[130.19829,42.18539]]]]}},{"type":"Feature","properties":{"gid":"PRK.12.2_1","name2":"Sŏnbong","engtype2":"County","type2":"Gun","provZh":"罗先直辖市"},"geometry":{"type":"Polygon","coordinates":[[[130.43661,42.54594],[130.39758,42.49754],[130.34052,42.46927],[130.28761,42.45122],[130.28561,42.43391],[130.29948,42.4046],[130.30962,42.35952],[130.36023,42.32989],[130.37178,42.32838],[130.36708,42.33264],[130.37236,42.33959],[130.3882,42.32903],[130.40015,42.33514],[130.42152,42.32208],[130.4382,42.31959],[130.44569,42.3082],[130.45181,42.30792],[130.45042,42.31709],[130.46681,42.32153],[130.46069,42.32709],[130.46347,42.34153],[130.46736,42.33431],[130.4782,42.33987],[130.51152,42.33764],[130.52486,42.3207],[130.58347,42.31514],[130.59209,42.30764],[130.58875,42.3007],[130.60848,42.2857],[130.60513,42.27542],[130.58792,42.27264],[130.58765,42.25931],[130.60959,42.26408],[130.61237,42.27459],[130.62903,42.27542],[130.63319,42.26847],[130.63875,42.27653],[130.6743,42.28431],[130.66234,42.29553],[130.66495,42.30717],[130.64613,42.33892],[130.64504,42.3483],[130.66002,42.36755],[130.64787,42.39799],[130.62346,42.42165],[130.56667,42.43316],[130.56389,42.43842],[130.56984,42.47691],[130.5509,42.49004],[130.54219,42.52106],[130.52531,42.54165],[130.51451,42.57452],[130.52342,42.60012],[130.51651,42.60904],[130.4747,42.61355],[130.46706,42.6073],[130.46448,42.58635],[130.47685,42.56607],[130.47447,42.55608],[130.45703,42.54457],[130.43661,42.54594]]]}},{"type":"Feature","properties":{"gid":"PRK.13.1_1","name2":"Hyesan","engtype2":"City","type2":"Si","provZh":"两江道"},"geometry":{"type":"Polygon","coordinates":[[[128.17627,41.40393],[128.18332,41.3804],[128.17476,41.35275],[128.18506,41.33458],[128.20793,41.31647],[128.20352,41.29472],[128.2204,41.27699],[128.23424,41.27216],[128.26598,41.23238],[128.28342,41.23125],[128.30334,41.24695],[128.3373,41.25816],[128.42093,41.2585],[128.39206,41.29123],[128.34229,41.32386],[128.37817,41.39467],[128.34486,41.42249],[128.3261,41.46609],[128.28758,41.46375],[128.24358,41.48481],[128.23969,41.49273],[128.23302,41.48728],[128.23886,41.47278],[128.22861,41.45561],[128.23756,41.44602],[128.22684,41.44514],[128.20979,41.43034],[128.20203,41.4096],[128.17627,41.40393]]]}},{"type":"Feature","properties":{"gid":"PRK.13.2_1","name2":"Kapsan","engtype2":"County","type2":"Gun","provZh":"两江道"},"geometry":{"type":"Polygon","coordinates":[[[128.72731,41.16821],[128.6942,41.19246],[128.67166,41.19368],[128.61047,41.14852],[128.57715,41.14772],[128.55228,41.15991],[128.52808,41.19172],[128.46017,41.21492],[128.42342,41.25768],[128.33568,41.25788],[128.27368,41.23035],[128.24963,41.24766],[128.23424,41.27216],[128.22186,41.27692],[128.21109,41.26769],[128.15732,41.25743],[128.13602,41.24722],[128.1084,41.20198],[128.11516,41.17718],[128.15852,41.15262],[128.17387,41.13279],[128.15488,41.06719],[128.12991,41.05663],[128.16667,41.03636],[128.21051,41.03408],[128.23802,41.00965],[128.26485,41.00659],[128.33255,40.97957],[128.37338,40.98928],[128.41043,40.98886],[128.42908,40.98063],[128.43633,40.99646],[128.45818,41.00755],[128.57063,41.00925],[128.58115,41.02333],[128.60049,41.02954],[128.6223,41.07079],[128.66464,41.08434],[128.6683,41.10948],[128.67989,41.13213],[128.71115,41.16321],[128.72731,41.16821]]]}},{"type":"Feature","properties":{"gid":"PRK.13.3_1","name2":"Kimhyŏnggwŏn","engtype2":"County","type2":"Gun","provZh":"两江道"},"geometry":{"type":"Polygon","coordinates":[[[128.29903,40.66231],[128.33777,40.68885],[128.36166,40.75752],[128.38591,40.77473],[128.38914,40.80278],[128.4059,40.83467],[128.40289,40.86081],[128.35597,40.85867],[128.33412,40.84991],[128.29085,40.85008],[128.27231,40.85831],[128.24083,40.85985],[128.21048,40.87612],[128.18507,40.87842],[128.15057,40.89542],[128.07904,40.86907],[128.03897,40.88609],[127.98841,40.86657],[127.94872,40.84698],[127.94106,40.83383],[127.94556,40.80815],[127.98471,40.78674],[127.97755,40.76868],[127.89963,40.72392],[127.87063,40.69469],[127.83704,40.63762],[127.7794,40.60005],[127.77253,40.52468],[127.73864,40.49422],[127.72819,40.47567],[127.72719,40.4118],[127.78401,40.42407],[127.81026,40.44778],[127.9154,40.49915],[127.93848,40.52226],[127.95519,40.55659],[127.979,40.57878],[128.00441,40.58105],[128.04703,40.59812],[128.09288,40.59874],[128.14638,40.56293],[128.18117,40.5624],[128.20898,40.58221],[128.25313,40.63139],[128.29903,40.66231]]]}},{"type":"Feature","properties":{"gid":"PRK.13.4_1","name2":"Kimhyŏngjik","engtype2":"County","type2":"Gun","provZh":"两江道"},"geometry":{"type":"Polygon","coordinates":[[[127.20522,41.52933],[127.17487,41.52909],[127.1667,41.53947],[127.14369,41.52748],[127.13792,41.52769],[127.13804,41.53914],[127.10076,41.53751],[127.09884,41.55041],[127.11576,41.5482],[127.12165,41.56402],[127.13696,41.56988],[127.13958,41.58216],[127.16807,41.5841],[127.17733,41.59064],[127.16286,41.59805],[127.12095,41.60071],[127.1241,41.61664],[127.11919,41.62094],[127.08511,41.62239],[127.10074,41.63306],[127.09958,41.64364],[127.07851,41.64348],[127.06119,41.65922],[127.04549,41.66448],[127.05446,41.65509],[127.057,41.63469],[127.07452,41.59348],[127.063,41.58343],[127.03847,41.58049],[127.01337,41.562],[126.99889,41.52805],[126.97178,41.52692],[126.93305,41.53658],[126.91945,41.52365],[126.91614,41.51147],[126.92204,41.47682],[126.95334,41.43666],[127.02801,41.43235],[127.01431,41.39546],[127.02345,41.37613],[127.04657,41.35107],[127.06979,41.29258],[127.08493,41.27802],[127.13788,41.26109],[127.12273,41.22816],[127.14587,41.1508],[127.16356,41.13707],[127.19071,41.14057],[127.23288,41.10588],[127.23643,41.1749],[127.27534,41.21476],[127.30536,41.23587],[127.34126,41.3178],[127.36404,41.33942],[127.47984,41.39162],[127.49285,41.40575],[127.49706,41.42297],[127.52182,41.42805],[127.53496,41.46852],[127.53404,41.47405],[127.52708,41.46783],[127.47812,41.46875],[127.47209,41.48273],[127.45357,41.45711],[127.40871,41.45542],[127.3895,41.4816],[127.35705,41.4746],[127.35258,41.46262],[127.2951,41.48154],[127.25261,41.47901],[127.25395,41.48561],[127.27604,41.49257],[127.27904,41.50645],[127.26338,41.51298],[127.23677,41.50206],[127.22936,41.50966],[127.23044,41.52154],[127.21076,41.51883],[127.20522,41.52933]]]}},{"type":"Feature","properties":{"gid":"PRK.13.5_1","name2":"Kimjŏngsuk","engtype2":"County","type2":"Gun","provZh":"两江道"},"geometry":{"type":"Polygon","coordinates":[[[127.53429,41.47389],[127.5347,41.45939],[127.52182,41.42805],[127.49706,41.42297],[127.49285,41.40575],[127.48109,41.39261],[127.36404,41.33942],[127.34126,41.3178],[127.30536,41.23587],[127.27534,41.21476],[127.23643,41.1749],[127.23288,41.10588],[127.27019,41.10912],[127.29742,41.09993],[127.34418,41.10059],[127.36704,41.12066],[127.38254,41.1443],[127.42109,41.16343],[127.46193,41.17323],[127.48776,41.16214],[127.50299,41.14587],[127.50318,41.06252],[127.60606,41.06419],[127.62375,41.07533],[127.64508,41.13412],[127.65604,41.14531],[127.73927,41.13853],[127.7369,41.17671],[127.74538,41.19675],[127.74618,41.2341],[127.75207,41.24598],[127.76676,41.2573],[127.80664,41.25884],[127.8158,41.27592],[127.84646,41.27877],[127.85719,41.29897],[127.86236,41.35565],[127.92362,41.36237],[127.98121,41.41817],[127.97409,41.42881],[127.94639,41.43667],[127.94585,41.44541],[127.93114,41.45201],[127.92619,41.43916],[127.90811,41.42963],[127.88843,41.43094],[127.87982,41.44185],[127.86713,41.42704],[127.86331,41.40474],[127.8409,41.41808],[127.83299,41.41819],[127.83035,41.4073],[127.82389,41.40643],[127.79875,41.42011],[127.79285,41.41852],[127.79086,41.40806],[127.78451,41.40856],[127.78343,41.41869],[127.76223,41.42461],[127.68374,41.42052],[127.64732,41.42533],[127.66081,41.40359],[127.65219,41.40396],[127.63734,41.40784],[127.61699,41.42499],[127.55107,41.44078],[127.54436,41.46711],[127.53429,41.47389]]]}},{"type":"Feature","properties":{"gid":"PRK.13.6_1","name2":"P'ungsŏ","engtype2":"County","type2":"Gun","provZh":"两江道"},"geometry":{"type":"Polygon","coordinates":[[[128.42908,40.98063],[128.41043,40.98886],[128.37506,40.98929],[128.32622,40.98032],[128.26627,41.00613],[128.23802,41.00965],[128.21051,41.03408],[128.16667,41.03636],[128.12991,41.05663],[128.1097,41.03719],[128.09216,41.03582],[128.05632,41.09091],[128.01949,41.09041],[127.97644,41.07341],[127.9499,41.07222],[127.90202,41.09932],[127.79254,41.10943],[127.79193,41.07578],[127.77191,41.01837],[127.74407,40.9987],[127.70874,41.00434],[127.6914,40.99535],[127.69275,40.98605],[127.71785,40.95737],[127.70599,40.92139],[127.69104,40.90696],[127.60311,40.86411],[127.59724,40.83569],[127.61494,40.81],[127.61947,40.77126],[127.64248,40.75333],[127.67633,40.6961],[127.70767,40.68822],[127.72169,40.61338],[127.73866,40.59914],[127.77578,40.59931],[127.83704,40.63762],[127.87063,40.69469],[127.89963,40.72392],[127.97755,40.76868],[127.98331,40.78884],[127.94988,40.80469],[127.94186,40.81416],[127.94149,40.8368],[127.94988,40.84773],[128.03609,40.88578],[128.07761,40.86882],[128.15057,40.89542],[128.18507,40.87842],[128.21048,40.87612],[128.24083,40.85985],[128.27231,40.85831],[128.29085,40.85008],[128.33412,40.84991],[128.35597,40.85867],[128.40289,40.86081],[128.44316,40.90911],[128.4431,40.95776],[128.42908,40.98063]]]}},{"type":"Feature","properties":{"gid":"PRK.13.7_1","name2":"Paegam","engtype2":"County","type2":"Gun","provZh":"两江道"},"geometry":{"type":"Polygon","coordinates":[[[128.99916,41.18009],[128.99255,41.18972],[128.99348,41.21207],[129.01749,41.23856],[129.03847,41.27445],[129.00435,41.31274],[128.99963,41.3341],[128.97522,41.37108],[128.96477,41.4033],[128.9646,41.44912],[129.00298,41.49269],[129.02473,41.5053],[129.05388,41.53436],[129.05716,41.56972],[129.01181,41.61926],[128.98869,41.63007],[128.94791,41.63141],[128.92862,41.6425],[128.95552,41.68715],[128.92772,41.72723],[128.92627,41.82248],[128.87354,41.82766],[128.86775,41.85702],[128.8459,41.87423],[128.84026,41.89199],[128.80629,41.92024],[128.76715,41.87265],[128.70334,41.87196],[128.68184,41.8806],[128.65358,41.88109],[128.60907,41.84484],[128.5181,41.84392],[128.50879,41.83462],[128.56656,41.77172],[128.60579,41.75611],[128.61305,41.73174],[128.62282,41.72029],[128.65837,41.71197],[128.69379,41.68568],[128.69411,41.66943],[128.67604,41.63188],[128.69405,41.59003],[128.6855,41.56647],[128.6851,41.47595],[128.67241,41.45933],[128.6526,41.44855],[128.64824,41.43526],[128.7092,41.40239],[128.71284,41.39202],[128.70399,41.36726],[128.71591,41.34059],[128.78043,41.30246],[128.80437,41.27821],[128.81578,41.24959],[128.80647,41.22459],[128.80621,41.17039],[128.84483,41.1753],[128.88011,41.16454],[128.95581,41.12688],[128.99231,41.10109],[129.01106,41.12639],[128.99916,41.18009]]]}},{"type":"Feature","properties":{"gid":"PRK.13.8_1","name2":"Poch'ŏn","engtype2":"County","type2":"Gun","provZh":"两江道"},"geometry":{"type":"Polygon","coordinates":[[[128.23969,41.49273],[128.24358,41.48481],[128.28606,41.46426],[128.30565,41.46265],[128.3261,41.46609],[128.36345,41.49036],[128.39211,41.49044],[128.41252,41.48233],[128.45903,41.49941],[128.57436,41.43658],[128.64824,41.43526],[128.6526,41.44855],[128.67241,41.45933],[128.6851,41.47595],[128.6855,41.56647],[128.69405,41.59003],[128.67604,41.63188],[128.69411,41.66943],[128.69379,41.68568],[128.65703,41.71262],[128.62511,41.71832],[128.61305,41.73174],[128.60677,41.75512],[128.56656,41.77172],[128.49454,41.85368],[128.45346,41.80352],[128.47142,41.77373],[128.47032,41.65178],[128.4128,41.59418],[128.36104,41.56697],[128.35103,41.56638],[128.32591,41.58313],[128.29419,41.56601],[128.28583,41.53252],[128.26305,41.504],[128.23969,41.49273]]]}},{"type":"Feature","properties":{"gid":"PRK.13.9_1","name2":"Samjiyon","engtype2":"County","type2":"Gun","provZh":"两江道"},"geometry":{"type":"Polygon","coordinates":[[[128.31195,41.57369],[128.32875,41.58295],[128.34961,41.56704],[128.36104,41.56697],[128.4128,41.59418],[128.47032,41.65178],[128.47142,41.77373],[128.4537,41.80497],[128.49454,41.85368],[128.49554,41.86828],[128.5441,41.90826],[128.55554,41.9369],[128.54678,41.97222],[128.56639,41.99582],[128.47852,41.99838],[128.47118,41.99968],[128.46391,42.01635],[128.44273,42.0239],[128.31267,42.03677],[128.1395,42.0059],[128.13812,41.98967],[128.12453,41.98379],[128.08101,41.98581],[128.06944,41.9782],[128.06403,41.96542],[128.06676,41.94574],[128.07846,41.92891],[128.09886,41.85955],[128.0864,41.81453],[128.13005,41.76363],[128.14413,41.72387],[128.21394,41.67497],[128.24397,41.67027],[128.2973,41.63394],[128.29944,41.61948],[128.28914,41.61308],[128.30994,41.59881],[128.30606,41.59257],[128.31381,41.58303],[128.31195,41.57369]]]}},{"type":"Feature","properties":{"gid":"PRK.13.10_1","name2":"Samsu","engtype2":"County","type2":"Gun","provZh":"两江道"},"geometry":{"type":"Polygon","coordinates":[[[127.98121,41.41817],[127.92362,41.36237],[127.86236,41.35565],[127.85719,41.29897],[127.84646,41.27877],[127.8158,41.27592],[127.80664,41.25884],[127.76676,41.2573],[127.75207,41.24598],[127.74618,41.2341],[127.74538,41.19675],[127.7369,41.17671],[127.73927,41.13853],[127.75742,41.12897],[127.78413,41.12617],[127.79254,41.10943],[127.90202,41.09932],[127.94662,41.07256],[127.97488,41.07302],[128.0211,41.09069],[128.05632,41.09091],[128.08557,41.04012],[128.10672,41.03591],[128.12991,41.05663],[128.15424,41.06612],[128.1741,41.12829],[128.16087,41.15074],[128.11316,41.17944],[128.1095,41.20986],[128.13602,41.24722],[128.15732,41.25743],[128.21109,41.26769],[128.2204,41.27699],[128.20296,41.29599],[128.20793,41.31647],[128.18506,41.33458],[128.17511,41.35154],[128.18332,41.3804],[128.17627,41.40393],[128.14259,41.37816],[128.12053,41.37595],[128.11328,41.36528],[128.10246,41.36302],[128.08539,41.36998],[128.10461,41.38997],[128.08171,41.38894],[128.07921,41.37645],[128.05721,41.3905],[128.03757,41.3884],[128.03868,41.41036],[128.01254,41.4106],[128.01118,41.42052],[128.00027,41.42903],[128.00308,41.44151],[127.98763,41.41904],[127.98121,41.41817]]]}},{"type":"Feature","properties":{"gid":"PRK.13.11_1","name2":"Taehongdan","engtype2":"County","type2":"Gun","provZh":"两江道"},"geometry":{"type":"Polygon","coordinates":[[[128.56639,41.99582],[128.54678,41.97222],[128.55554,41.9369],[128.5441,41.90826],[128.49245,41.86348],[128.50879,41.83462],[128.5181,41.84392],[128.60907,41.84484],[128.65358,41.88109],[128.68184,41.8806],[128.70334,41.87196],[128.76715,41.87265],[128.80629,41.92024],[128.82442,41.92701],[128.85588,41.92749],[128.8692,41.91414],[128.88289,41.91214],[128.89131,41.92381],[128.90175,41.97194],[128.95457,41.98527],[128.97989,41.99995],[128.99448,42.028],[129.0188,42.05212],[129.02411,42.09752],[128.95517,42.07562],[128.9604,42.03947],[128.94513,42.01748],[128.90533,42.0131],[128.86238,42.01754],[128.83118,42.02282],[128.81337,42.03635],[128.77068,42.03348],[128.74355,42.04289],[128.71571,42.03098],[128.69112,42.01065],[128.66768,42.00976],[128.64374,42.03091],[128.62933,42.03484],[128.56639,41.99582]]]}},{"type":"Feature","properties":{"gid":"PRK.13.12_1","name2":"Unhŭng","engtype2":"County","type2":"Gun","provZh":"两江道"},"geometry":{"type":"Polygon","coordinates":[[[128.80621,41.17039],[128.80647,41.22459],[128.81519,41.24365],[128.81441,41.2584],[128.80266,41.28069],[128.78285,41.30064],[128.71591,41.34059],[128.70416,41.36576],[128.71297,41.39347],[128.70602,41.40507],[128.65553,41.43432],[128.57436,41.43658],[128.46046,41.4992],[128.41252,41.48233],[128.39211,41.49044],[128.36345,41.49036],[128.3261,41.46609],[128.34486,41.42249],[128.37817,41.39467],[128.34297,41.33377],[128.34288,41.32259],[128.39429,41.28928],[128.46144,41.21411],[128.52808,41.19172],[128.55228,41.15991],[128.57861,41.14746],[128.61047,41.14852],[128.67314,41.19386],[128.69547,41.19188],[128.72731,41.16821],[128.74579,41.17434],[128.76848,41.16598],[128.80621,41.17039]]]}},{"type":"Feature","properties":{"gid":"PRK.14.1_1","name2":"Sinŭiju","engtype2":"City","type2":"Si","provZh":"新义州特别行政区"},"geometry":{"type":"Polygon","coordinates":[[[124.36472,40.01192],[124.43353,40.01384],[124.44342,40.05237],[124.43531,40.06963],[124.43587,40.08442],[124.47552,40.10899],[124.44802,40.15591],[124.42366,40.14759],[124.38584,40.12309],[124.37598,40.09821],[124.32867,40.06308],[124.33751,40.04154],[124.36053,40.03053],[124.36472,40.01192]]]}}]}