{"type":"FeatureCollection","features":[{"type":"Feature","properties":{"gid":"FIN.1_1","name":"东芬兰省","nameEn":"Eastern Finland","nameLocal":"","type":"Province","typeEn":"Province","groupZh":"省","area":62784.1,"iso":"NA","engtype":"Province","capital":"米凯利","pop":582000,"blurb":"萨沃湖区，森林湖泊密布，圣诞传说盛行。"},"geometry":{"type":"Polygon","coordinates":[[[28.81438,61.51583],[28.82072,61.53808],[28.90353,61.52821],[28.94475,61.53912],[29.05684,61.53179],[29.21813,61.56185],[29.26485,61.5587],[29.28354,61.58918],[29.39869,61.65392],[29.54084,61.68044],[29.57481,61.72798],[29.93765,61.81129],[30.06657,61.85192],[30.12895,61.86554],[30.14631,61.85973],[30.14336,61.85086],[30.16515,61.85835],[30.20227,61.89231],[30.27333,61.93055],[30.31752,61.93795],[30.31429,61.96564],[30.38592,61.99648],[30.47199,62.04912],[30.47659,62.06241],[30.49861,62.06984],[30.54145,62.10899],[30.61186,62.14311],[30.63422,62.1701],[30.6302,62.18374],[30.65824,62.20592],[30.7188,62.21289],[30.78438,62.24361],[30.81492,62.27476],[30.89096,62.30725],[30.95789,62.3166],[30.96439,62.33431],[30.94365,62.33888],[31.04948,62.40502],[31.16272,62.45275],[31.19176,62.49535],[31.25263,62.52555],[31.26148,62.54719],[31.37457,62.66268],[31.43502,62.78025],[31.46123,62.78352],[31.45878,62.80106],[31.5828,62.91368],[31.51356,62.99222],[31.46044,63.01048],[31.45929,63.03304],[31.38762,63.05485],[31.36577,63.07695],[31.31878,63.08893],[31.27902,63.11298],[31.25856,63.13563],[31.25897,63.17806],[31.23126,63.22584],[31.16011,63.2475],[31.10275,63.28427],[30.97404,63.31791],[30.94558,63.35089],[30.85149,63.36969],[30.78437,63.4085],[30.50515,63.46186],[30.39274,63.54311],[30.26976,63.58393],[30.25509,63.60593],[30.04158,63.71125],[29.98253,63.75203],[29.87564,63.75015],[29.79998,63.7098],[29.76835,63.70736],[29.76293,63.72135],[29.7204,63.74688],[29.72105,63.77862],[29.70553,63.79327],[29.71165,63.81103],[29.70158,63.8117],[29.70619,63.82501],[29.69611,63.82568],[29.69674,63.85742],[29.68666,63.85809],[29.69125,63.87142],[29.6827,63.8765],[29.31308,63.85037],[28.92823,63.83788],[28.4993,63.88131],[28.46627,63.87415],[28.46359,63.86525],[28.4737,63.86467],[28.46834,63.84685],[28.45824,63.84743],[28.36984,63.75736],[28.35976,63.75793],[28.35582,63.74457],[28.34575,63.74514],[28.3405,63.72733],[28.33043,63.7279],[28.31122,63.69729],[28.28721,63.68506],[28.28201,63.66724],[28.25317,63.67338],[28.24701,63.68732],[28.21196,63.70739],[28.16294,63.71465],[28.0599,63.7837],[27.97916,63.82429],[27.95895,63.82538],[27.92478,63.84985],[27.86533,63.85755],[27.84882,63.87199],[27.72696,63.9146],[27.64582,63.91881],[27.55275,63.95524],[27.49179,63.95833],[27.49957,63.94889],[27.44641,63.94253],[27.42726,63.94801],[27.43082,63.96139],[27.42183,63.96637],[27.34283,63.97934],[27.19252,63.99574],[27.05791,63.99315],[26.85167,64.03442],[26.60228,63.98246],[26.48907,63.93778],[26.48701,63.92884],[26.21924,63.83198],[26.24471,63.80835],[26.24793,63.77663],[26.25804,63.77618],[26.25311,63.75383],[26.26322,63.7534],[26.25829,63.73104],[26.26839,63.73062],[26.26346,63.70826],[26.27355,63.70783],[26.26862,63.68548],[26.2787,63.68503],[26.27378,63.66269],[26.28385,63.66226],[26.27892,63.63989],[26.28899,63.63947],[26.28406,63.61712],[26.29412,63.61668],[26.2892,63.59433],[26.29826,63.58943],[26.20296,63.57092],[26.18555,63.49043],[26.13817,63.45796],[26.17497,63.44124],[26.17305,63.4323],[26.11736,63.40757],[26.11356,63.38968],[26.10358,63.3901],[26.07607,63.35516],[26.09601,63.35432],[26.13114,63.33029],[26.13966,63.27579],[26.1496,63.27537],[26.16378,63.2477],[26.18269,63.24238],[26.18594,63.21066],[26.15618,63.21192],[26.1505,63.18509],[26.16041,63.18467],[26.15662,63.16679],[26.16652,63.16636],[26.16178,63.144],[26.19053,63.13827],[26.18673,63.12038],[26.21449,63.11018],[26.21163,63.09676],[26.23043,63.09143],[26.23649,63.07312],[26.33035,63.04648],[26.32842,63.03754],[26.23967,63.0414],[26.22601,63.02394],[26.28826,62.98965],[26.28634,62.98072],[26.33651,62.98303],[26.3257,62.97899],[26.32088,62.95664],[26.28564,62.93111],[26.26599,62.93197],[26.24032,62.95113],[26.15182,62.95494],[26.03811,62.93269],[26.05592,62.92293],[26.06021,62.89568],[26.17422,62.87278],[26.19102,62.85852],[26.15974,62.85084],[26.15787,62.8419],[26.18445,62.82722],[26.2334,62.8251],[26.35502,62.74755],[26.39794,62.76369],[26.39107,62.77754],[26.45263,62.78831],[26.45947,62.77447],[26.47803,62.76912],[26.47607,62.76018],[26.5034,62.74991],[26.50143,62.74097],[26.52873,62.7307],[26.52676,62.72176],[26.55206,62.70255],[26.5491,62.68914],[26.5976,62.64177],[26.60038,62.61005],[26.57897,62.60201],[26.5974,62.59664],[26.59542,62.58771],[26.57601,62.58861],[26.55941,62.55778],[26.53609,62.5408],[26.48568,62.53408],[26.47211,62.51665],[26.57274,62.48494],[26.63352,62.45052],[26.70415,62.46073],[26.71281,62.45582],[26.70115,62.44733],[26.7048,62.42007],[26.68351,62.41205],[26.68052,62.39865],[26.73538,62.3825],[26.77752,62.3534],[26.67823,62.34459],[26.66365,62.3227],[26.68191,62.31733],[26.67893,62.30393],[26.61927,62.29771],[26.61731,62.28878],[26.63555,62.28342],[26.62867,62.25214],[26.63827,62.25168],[26.63532,62.23828],[26.66311,62.23244],[26.65918,62.21458],[26.61985,62.21193],[26.62181,62.22086],[26.5605,62.25082],[26.55381,62.26467],[26.52403,62.26154],[26.48273,62.2499],[26.49713,62.22668],[26.45493,62.21057],[26.43861,62.22485],[26.41942,62.22573],[26.41562,62.20786],[26.30641,62.19475],[26.29218,62.17283],[26.25974,62.15623],[26.25697,62.14282],[26.22459,62.12622],[26.23049,62.10791],[26.26594,62.0928],[26.26411,62.08386],[26.29091,62.07364],[26.28906,62.06469],[26.31585,62.05447],[26.31399,62.04553],[26.34934,62.03039],[26.34748,62.02145],[26.41525,61.97775],[26.41337,61.96881],[26.33262,61.94994],[26.32984,61.93654],[26.34607,61.92226],[26.33957,61.89098],[26.32825,61.88247],[26.37661,61.88477],[26.37289,61.8669],[26.39,61.85709],[26.37866,61.84859],[26.37123,61.81284],[26.41669,61.80172],[26.4593,61.77718],[26.45751,61.76824],[26.4839,61.75799],[26.49713,61.73029],[26.51507,61.72494],[26.52072,61.70662],[26.53769,61.6968],[26.53391,61.67893],[26.52448,61.67937],[26.51318,61.62576],[26.37757,61.65915],[26.37296,61.63681],[26.35413,61.63767],[26.35138,61.62426],[26.35987,61.61936],[26.31951,61.60768],[26.30343,61.62195],[26.3174,61.64387],[26.28246,61.65899],[26.26941,61.64154],[26.18556,61.64983],[26.1699,61.61895],[26.15019,61.61532],[26.14345,61.62915],[26.09902,61.64465],[26.08458,61.66783],[26.0666,61.67313],[26.08985,61.69466],[26.08043,61.69507],[26.08307,61.70849],[26.06508,61.7138],[26.06859,61.73167],[26.05058,61.73697],[26.04883,61.72802],[26.00931,61.72073],[25.99216,61.73048],[25.98792,61.75772],[25.9269,61.7874],[25.91744,61.7878],[25.91314,61.76544],[25.90283,61.76137],[25.865,61.76297],[25.88044,61.79387],[25.85289,61.79956],[25.8581,61.77679],[25.82717,61.76456],[25.82379,61.74667],[25.81434,61.74707],[25.81096,61.72918],[25.80152,61.72957],[25.77425,61.68563],[25.74677,61.69128],[25.75871,61.70431],[25.67538,61.71676],[25.65567,61.71307],[25.61138,61.6788],[25.57204,61.67138],[25.5068,61.67849],[25.50508,61.61547],[25.49567,61.61584],[25.47518,61.55357],[25.46579,61.55394],[25.44306,61.47824],[25.46103,61.47302],[25.45946,61.46408],[25.493,61.4402],[25.47579,61.39583],[25.4937,61.39061],[25.49214,61.38165],[25.52556,61.35777],[25.53949,61.33019],[25.58852,61.34171],[25.71066,61.34119],[25.73342,61.36278],[25.76061,61.35713],[25.75896,61.34818],[25.80998,61.31899],[25.80088,61.26978],[25.87535,61.26661],[25.89229,61.25686],[25.8881,61.2345],[25.92444,61.22842],[25.88735,61.18044],[25.91268,61.16581],[25.9186,61.14753],[25.86558,61.11375],[25.86309,61.10033],[25.94137,61.06989],[26.04908,61.09671],[26.05423,61.12353],[26.13528,61.15598],[26.15208,61.1462],[26.15034,61.13726],[26.24211,61.12858],[26.27435,61.14965],[26.277,61.16306],[26.34371,61.169],[26.38443,61.18514],[26.40006,61.21599],[26.43157,61.23255],[26.42593,61.25086],[26.43706,61.25936],[26.52538,61.27774],[26.57096,61.27104],[26.62218,61.29113],[26.64079,61.29023],[26.64536,61.26744],[26.67039,61.25269],[26.66756,61.23929],[26.63497,61.21831],[26.67021,61.20757],[26.74924,61.22625],[26.77744,61.26999],[26.88362,61.28274],[26.88605,61.25102],[26.92757,61.22635],[26.92462,61.21295],[26.9339,61.21248],[26.91775,61.1817],[27.02398,61.15369],[27.07028,61.15129],[27.12987,61.16625],[27.2698,61.16337],[27.29141,61.17576],[27.33669,61.16882],[27.36656,61.17624],[27.36147,61.19459],[27.39137,61.20201],[27.38524,61.21589],[27.35533,61.20847],[27.32136,61.22385],[27.32553,61.2417],[27.34409,61.2407],[27.34618,61.24963],[27.30391,61.26996],[27.29982,61.29277],[27.21922,61.31061],[27.22128,61.31952],[27.25747,61.31309],[27.26057,61.32648],[27.20575,61.33389],[27.12719,61.31993],[27.04013,61.35154],[26.95427,61.34689],[26.97789,61.36827],[27.01919,61.38422],[27.13839,61.36903],[27.16523,61.40376],[27.22224,61.40529],[27.38084,61.39685],[27.55974,61.35547],[27.66325,61.35423],[27.73282,61.3684],[27.92606,61.34832],[28.06904,61.35352],[28.25516,61.37861],[28.29714,61.39419],[28.30188,61.41199],[28.34033,61.41418],[28.35682,61.44033],[28.42691,61.45414],[28.42603,61.48588],[28.44264,61.51202],[28.46824,61.50139],[28.49992,61.51301],[28.5255,61.50236],[28.52872,61.47954],[28.66743,61.46632],[28.70972,61.48175],[28.79368,61.4764],[28.79999,61.49864],[28.81992,61.50189],[28.82372,61.51524],[28.81438,61.51583]]]}},{"type":"Feature","properties":{"gid":"FIN.2_1","name":"拉普兰省","nameEn":"Lapland","nameLocal":"","type":"Province","typeEn":"Province","groupZh":"省","area":98341.0,"iso":"NA","engtype":"Province","capital":"罗瓦涅米","pop":183000,"blurb":"北极圈内，圣诞老人村、极光与驯鹿。"},"geometry":{"type":"MultiPolygon","coordinates":[[[[24.53385,65.7224],[24.52344,65.72656],[24.49635,65.69218],[24.51406,65.6901],[24.53385,65.7224]]],[[[24.44583,65.75833],[24.42552,65.76198],[24.42135,65.74219],[24.44531,65.74635],[24.4474,65.75573],[24.43594,65.75781],[24.44583,65.75833]]],[[[24.96094,65.61407],[24.9526,65.62032],[24.96615,65.62448],[24.94375,65.625],[24.93177,65.60885],[24.95625,65.59792],[24.96615,65.6026],[24.95886,65.6099],[24.97083,65.61042],[24.98385,65.59427],[24.9974,65.59427],[24.96094,65.61407]]],[[[24.87865,65.6224],[24.89948,65.62865],[24.8875,65.63541],[24.87865,65.6224]]],[[[24.84375,65.63958],[24.82135,65.64115],[24.86198,65.63593],[24.84375,65.63958]]],[[[24.6,65.67709],[24.58594,65.68698],[24.60781,65.69843],[24.60208,65.70625],[24.57656,65.68177],[24.51302,65.67135],[24.53958,65.65625],[24.57708,65.65625],[24.58386,65.66823],[24.60365,65.66718],[24.6,65.67709]]],[[[27.43879,65.96045],[27.56087,65.92301],[27.57376,65.92914],[27.5648,65.9364],[27.59193,65.95322],[27.66019,65.95899],[27.6658,65.94061],[27.67673,65.94009],[27.67274,65.9267],[27.69192,65.91671],[27.68793,65.90332],[27.70842,65.8978],[27.70575,65.88887],[27.73445,65.87389],[27.73178,65.86496],[27.76999,65.84498],[27.76463,65.82713],[28.15741,65.81187],[28.23061,65.799],[28.42024,65.83888],[28.49926,65.8437],[28.5116,65.84757],[28.51748,65.86539],[28.50807,65.87044],[28.51542,65.89272],[28.44794,65.92353],[28.44288,65.94194],[28.42397,65.95202],[28.37228,65.96381],[28.37519,65.97273],[28.39705,65.97157],[28.38757,65.97661],[28.39486,65.99889],[28.38538,66.00393],[28.4182,66.00219],[28.41381,65.98882],[28.48088,65.98979],[28.48531,66.00316],[28.50866,66.00644],[28.59616,66.00173],[28.60261,65.98778],[28.65726,65.98481],[28.67421,66.00203],[28.75226,66.00228],[28.75681,66.01565],[28.74588,66.01624],[28.75655,66.04742],[28.71122,66.04536],[28.70481,66.05933],[28.63111,66.07241],[28.6466,66.08518],[28.62616,66.09083],[28.62272,66.11369],[28.60375,66.12379],[28.71968,66.13564],[28.72274,66.14455],[28.71175,66.14515],[28.71785,66.16296],[28.768,66.17837],[28.77107,66.18728],[28.73161,66.20305],[28.76595,66.23747],[28.74542,66.24313],[28.75004,66.25649],[28.71844,66.26275],[28.67121,66.25624],[28.66816,66.24733],[28.64608,66.24852],[28.65064,66.26189],[28.64112,66.26694],[28.59541,66.26485],[28.57784,66.2794],[28.58086,66.28831],[28.5698,66.2889],[28.57282,66.29781],[28.56176,66.29842],[28.56478,66.30732],[28.55371,66.30791],[28.55673,66.31682],[28.54566,66.31741],[28.54867,66.32632],[28.5376,66.32691],[28.55572,66.38038],[28.57791,66.3792],[28.58551,66.40147],[28.60925,66.40475],[28.6123,66.41366],[28.66786,66.41067],[28.69404,66.48641],[29.21194,66.41227],[29.25634,66.40973],[29.26453,66.43198],[29.29949,66.43451],[29.57096,66.43225],[29.55893,66.46024],[29.46862,66.55193],[29.41512,66.5914],[29.37717,66.60616],[29.36312,66.63532],[29.08628,66.82427],[29.07625,66.85144],[29.03578,66.89839],[29.03099,66.9441],[29.07608,66.99387],[29.51415,67.26765],[29.54023,67.28773],[29.53991,67.30307],[29.59031,67.31511],[29.59808,67.33105],[29.64589,67.33284],[29.64259,67.35395],[29.71203,67.39552],[29.95916,67.51733],[30.0359,67.67411],[29.69452,67.79375],[29.62077,67.85754],[29.57367,67.87768],[29.5003,67.94621],[29.46334,67.96471],[29.418,68.00625],[29.42,68.01467],[29.40158,68.01992],[29.34584,68.073],[28.65979,68.19511],[28.62041,68.27447],[28.56484,68.35496],[28.56799,68.36337],[28.55961,68.36378],[28.51204,68.44386],[28.51519,68.45226],[28.5068,68.45266],[28.45037,68.54767],[28.56513,68.6179],[28.72289,68.73738],[28.80353,68.87495],[28.67591,68.88713],[28.49156,68.88496],[28.43475,68.90842],[28.92475,69.05673],[28.86727,69.07121],[28.8052,69.10611],[28.83738,69.18638],[28.8249,69.187],[28.84287,69.23159],[28.94863,69.27185],[28.96848,69.28907],[28.99539,69.29227],[29.07846,69.33817],[29.10546,69.34136],[29.18896,69.38721],[29.21603,69.39038],[29.27663,69.44193],[29.32601,69.46672],[29.33563,69.48899],[29.31226,69.49474],[29.31611,69.50365],[29.29464,69.51386],[29.29848,69.52277],[29.27699,69.53297],[29.28083,69.54189],[29.2574,69.54763],[29.26123,69.55654],[29.23969,69.56673],[29.24351,69.57564],[29.21307,69.59541],[29.21689,69.60432],[29.19338,69.61005],[29.18829,69.62852],[29.17556,69.62916],[29.17938,69.63808],[29.15772,69.64826],[29.16344,69.66164],[29.14175,69.67183],[29.14747,69.6852],[29.13471,69.68584],[29.13852,69.69475],[28.40453,69.81616],[28.35075,69.84588],[28.32499,69.84704],[28.34138,69.85539],[28.35193,69.8822],[28.16867,69.91763],[28.09013,69.95287],[28.09356,69.96182],[28.02431,69.98753],[28.02771,69.99648],[27.98088,70.01212],[27.98484,70.05738],[27.97182,70.05794],[27.97692,70.07135],[27.96389,70.0719],[27.96899,70.08531],[27.95765,70.09034],[27.79449,70.07904],[27.74877,70.06278],[27.6755,70.07943],[27.57936,70.06973],[27.57614,70.06078],[27.54847,70.05736],[27.53563,70.02156],[27.42998,70.02126],[27.35242,69.98803],[27.28592,69.9861],[27.28128,69.97267],[27.29426,69.97217],[27.30106,69.95375],[27.12333,69.93343],[27.11881,69.91999],[27.05255,69.91798],[27.04956,69.90902],[27.02367,69.91],[27.0122,69.91497],[27.01516,69.92393],[26.98071,69.93883],[26.87404,69.93374],[26.851,69.94366],[26.85681,69.96157],[26.77745,69.95995],[26.73278,69.94344],[26.66055,69.96416],[26.54967,69.94543],[26.49773,69.94726],[26.45468,69.93517],[26.45195,69.92619],[26.46355,69.92127],[26.43217,69.90423],[26.4049,69.90064],[26.4165,69.89571],[26.40838,69.86881],[26.39544,69.86926],[26.3914,69.8558],[26.27603,69.81898],[26.25021,69.81985],[26.24233,69.79295],[26.18555,69.77674],[26.18036,69.7588],[26.15331,69.75517],[26.14945,69.74171],[26.06588,69.72185],[26.0016,69.72395],[25.98373,69.70642],[25.95679,69.70277],[25.93773,69.68074],[25.89676,69.67301],[25.89307,69.65955],[25.95469,69.64851],[25.95221,69.63953],[25.96502,69.63913],[25.9588,69.6167],[25.98191,69.6069],[25.95385,69.59876],[25.94768,69.57632],[25.9349,69.57674],[25.93244,69.56776],[25.87648,69.55147],[25.83821,69.55269],[25.84975,69.5478],[25.84733,69.53883],[25.88314,69.52863],[25.84916,69.49804],[25.84675,69.48906],[25.87098,69.48376],[25.86856,69.47478],[25.84192,69.47112],[25.81959,69.43563],[25.8069,69.43604],[25.81719,69.42666],[25.78943,69.4185],[25.82748,69.41728],[25.81121,69.40423],[25.83776,69.4079],[25.83536,69.39893],[25.84682,69.39405],[25.8179,69.38139],[25.81312,69.36344],[25.82457,69.35855],[25.7566,69.34262],[25.76805,69.33774],[25.76451,69.32427],[25.73807,69.32059],[25.73455,69.30713],[25.74717,69.30673],[25.74482,69.29775],[25.73103,69.29367],[25.7539,69.2839],[25.72634,69.27572],[25.724,69.26675],[25.73543,69.26186],[25.70907,69.25817],[25.70092,69.22677],[25.7135,69.22637],[25.70768,69.20393],[25.6928,69.19536],[25.71558,69.18559],[25.7121,69.17213],[25.72464,69.17174],[25.72231,69.16277],[25.73485,69.16236],[25.73136,69.1489],[25.74389,69.14851],[25.73691,69.12159],[25.72321,69.1175],[25.7209,69.10853],[25.73341,69.10813],[25.72529,69.07673],[25.75809,69.05759],[25.7546,69.04413],[25.74097,69.04004],[25.77604,69.02987],[25.76906,69.00295],[25.71466,68.98661],[25.70661,68.95521],[25.6942,68.9556],[25.68962,68.93766],[25.66139,68.925],[25.65684,68.90705],[25.63092,68.90335],[25.62754,68.88989],[25.57575,68.88248],[25.46867,68.90388],[25.40343,68.8923],[25.40126,68.88333],[25.37649,68.88408],[25.37433,68.87511],[25.29685,68.86387],[25.29473,68.85489],[25.24209,68.8429],[25.2379,68.82494],[25.21215,68.82117],[25.21007,68.8122],[25.15757,68.80017],[25.15552,68.7912],[25.14317,68.79156],[25.13498,68.75565],[25.12266,68.756],[25.11961,68.74253],[25.13192,68.74218],[25.12377,68.70627],[25.11147,68.70662],[25.10843,68.69315],[25.11971,68.68831],[25.10742,68.68867],[25.10438,68.6752],[25.11666,68.67484],[25.1116,68.6524],[25.12386,68.65205],[25.12082,68.63858],[25.0963,68.63929],[25.09328,68.62582],[25.08002,68.62169],[25.04427,68.62723],[25.00356,68.61032],[24.95555,68.61621],[24.91686,68.60825],[24.90524,68.55437],[24.85733,68.56021],[24.85925,68.56919],[24.8367,68.57885],[24.82828,68.59715],[24.8057,68.6068],[24.80855,68.62027],[24.7963,68.6206],[24.78782,68.63889],[24.61207,68.68422],[24.24914,68.72491],[24.20405,68.74855],[24.15556,68.75421],[24.16219,68.79016],[24.07327,68.77869],[24.05019,68.78824],[24.05181,68.79723],[24.00477,68.81184],[23.9948,68.8256],[23.89735,68.83678],[23.76975,68.81697],[23.76524,68.78999],[23.75289,68.79026],[23.74915,68.76779],[23.7368,68.76804],[23.73308,68.74556],[23.70694,68.73708],[23.70473,68.72359],[23.69241,68.72385],[23.67716,68.70612],[23.44044,68.69283],[23.18475,68.62997],[23.13689,68.63985],[23.13813,68.64885],[23.04526,68.69106],[22.79789,68.68612],[22.5454,68.74403],[22.36975,68.71941],[22.37258,68.74642],[22.36023,68.74659],[22.36352,68.77809],[22.35116,68.77826],[22.35445,68.80977],[22.34207,68.80993],[22.34394,68.82794],[22.29667,68.85109],[22.29759,68.86009],[22.27323,68.86491],[22.27414,68.87392],[22.24976,68.87874],[22.25066,68.88774],[22.22626,68.89256],[22.21561,68.91071],[22.19117,68.91553],[22.19293,68.93353],[22.18048,68.93369],[22.18268,68.9562],[22.17022,68.95634],[22.17109,68.96535],[22.09924,68.99776],[22.08843,69.01592],[21.99248,69.06209],[21.99329,69.07109],[21.96863,69.07587],[21.96943,69.08488],[21.94475,69.08965],[21.94554,69.09866],[21.90867,69.10807],[21.90945,69.11708],[21.87255,69.12648],[21.87331,69.13549],[21.83636,69.14488],[21.8371,69.15389],[21.78826,69.17241],[21.78898,69.18142],[21.71587,69.21368],[21.69272,69.24094],[21.66781,69.24568],[21.66849,69.25469],[21.63159,69.26855],[21.63226,69.27755],[21.59464,69.2824],[21.26724,69.31202],[20.99708,69.22357],[20.99525,69.18302],[21.00785,69.18295],[21.00723,69.16944],[21.01982,69.16938],[21.01941,69.16035],[21.03199,69.16029],[21.03136,69.14677],[21.05609,69.13762],[21.05523,69.1196],[21.10479,69.10578],[21.1039,69.08776],[21.09135,69.08784],[21.09047,69.06982],[21.07794,69.06989],[21.06389,69.03844],[20.75332,69.10759],[20.72864,69.12121],[20.55132,69.06326],[20.63825,69.03594],[20.73836,69.03555],[20.81294,69.02172],[20.81261,69.01271],[20.8496,68.99902],[20.84926,68.99001],[20.92325,68.96713],[20.92232,68.9446],[20.90986,68.94466],[20.9095,68.93565],[20.87212,68.93584],[20.87142,68.91782],[20.89614,68.91319],[20.89578,68.90418],[20.90822,68.90412],[20.90767,68.8906],[21.04421,68.88535],[21.05579,68.86726],[21.12963,68.85329],[21.22646,68.8076],[21.26336,68.80283],[21.27472,68.78473],[21.2871,68.78465],[21.28633,68.77113],[21.32263,68.75735],[21.37233,68.76147],[21.40885,68.75218],[21.40745,68.72967],[21.41979,68.72957],[21.41782,68.69804],[21.43014,68.69794],[21.42929,68.68443],[21.48999,68.67042],[21.58846,68.66956],[21.67296,68.64626],[21.6723,68.63725],[21.69654,68.63251],[21.69587,68.6235],[21.7201,68.61877],[21.70748,68.61439],[21.70546,68.58738],[21.77834,68.57764],[21.85261,68.58588],[21.90091,68.57636],[21.99581,68.53926],[21.99463,68.52576],[22.0179,68.51197],[22.01671,68.49847],[22.06353,68.4754],[22.18469,68.46492],[22.19775,68.47377],[22.3446,68.47637],[22.36853,68.47154],[22.36528,68.44004],[22.44028,68.45704],[22.4866,68.43385],[22.583,68.42345],[22.58199,68.41444],[22.65654,68.42686],[22.65498,68.41335],[22.70258,68.40361],[22.70152,68.39462],[22.74853,68.38036],[22.85785,68.37861],[22.85505,68.35611],[22.91401,68.34161],[22.92443,68.32792],[23.07834,68.29822],[23.07715,68.28922],[23.08924,68.28901],[23.08564,68.26202],[23.1092,68.2571],[23.11946,68.24339],[23.16714,68.23802],[23.16101,68.19305],[23.17305,68.19283],[23.17121,68.17934],[23.15917,68.17956],[23.1549,68.14808],[23.16693,68.14786],[23.16448,68.12988],[23.1999,68.12471],[23.2631,68.14607],[23.31117,68.14516],[23.33328,68.13121],[23.33135,68.11772],[23.34336,68.11749],[23.34207,68.1085],[23.35407,68.10827],[23.36217,68.08105],[23.37417,68.08083],[23.38225,68.05361],[23.40554,68.04865],[23.40423,68.03966],[23.47401,68.02473],[23.48397,68.01101],[23.54371,68.00979],[23.55498,68.00505],[23.55157,67.98257],[23.57475,67.97758],[23.58463,67.96385],[23.66668,67.9531],[23.66458,67.93962],[23.67649,67.93936],[23.65969,67.90816],[23.61004,67.89568],[23.59609,67.88245],[23.56112,67.88769],[23.536,67.8792],[23.53466,67.8702],[23.50956,67.8617],[23.50556,67.83473],[23.4937,67.83498],[23.48773,67.79453],[23.51008,67.78505],[23.50809,67.77157],[23.49626,67.77181],[23.49427,67.75832],[23.50609,67.75809],[23.50278,67.73561],[23.49097,67.73586],[23.48964,67.72687],[23.50079,67.72213],[23.4955,67.68617],[23.50729,67.68593],[23.50266,67.65447],[23.55682,67.62179],[23.54881,67.56786],[23.52337,67.55487],[23.47649,67.55584],[23.47453,67.54236],[23.48625,67.54212],[23.48298,67.51965],[23.42062,67.49388],[23.40574,67.47165],[23.41742,67.47141],[23.42654,67.45319],[23.50629,67.43803],[23.57827,67.45004],[23.77311,67.42325],[23.7696,67.40079],[23.75795,67.40105],[23.75586,67.38757],[23.7305,67.37461],[23.75237,67.3651],[23.74889,67.34264],[23.78303,67.33737],[23.77953,67.31491],[23.75493,67.30644],[23.73779,67.27077],[23.67988,67.27205],[23.57231,67.25186],[23.58323,67.24711],[23.57099,67.24286],[23.56638,67.21141],[23.59972,67.20168],[23.59641,67.17921],[23.57201,67.17073],[23.56939,67.15276],[23.64471,67.11507],[23.65353,67.09685],[23.67587,67.09185],[23.68197,67.05566],[23.72517,67.03667],[23.73391,67.01845],[23.76623,67.00419],[23.76486,66.9952],[23.80928,66.98518],[23.80789,66.97619],[23.83008,66.97117],[23.83872,66.95294],[23.87161,66.94316],[23.86949,66.92969],[23.88091,66.92942],[23.87739,66.90697],[23.93086,66.88316],[23.92944,66.87418],[23.95223,66.87363],[23.95008,66.86017],[23.96147,66.85989],[23.96003,66.85091],[24.01113,66.81361],[23.99327,66.77348],[23.96985,66.76954],[23.9493,66.78355],[23.92659,66.7841],[23.92234,66.75716],[23.88691,66.74899],[23.89755,66.74423],[23.89474,66.72627],[23.91598,66.71675],[23.91246,66.6943],[23.90115,66.69456],[23.89555,66.65864],[23.88424,66.65891],[23.87937,66.62748],[23.89065,66.62721],[23.87952,66.55537],[23.83109,66.53399],[23.80862,66.53452],[23.80453,66.50758],[23.73382,66.48669],[23.71928,66.46449],[23.66127,66.45229],[23.65477,66.40739],[23.68571,66.38866],[23.68114,66.35723],[23.66998,66.35748],[23.65961,66.28564],[23.67075,66.28539],[23.66751,66.26293],[23.69762,66.23972],[23.70482,66.21252],[23.73681,66.20277],[23.73484,66.1893],[23.80005,66.17876],[23.84169,66.15975],[23.94,66.14836],[23.93724,66.1304],[23.92549,66.12618],[23.94554,66.11218],[23.94002,66.07626],[23.97106,66.06198],[23.96898,66.04852],[23.99997,66.03422],[24.0082,66.016],[24.05013,66.00142],[24.04239,65.95205],[24.0835,65.93298],[24.08208,65.924],[24.12454,65.9139],[24.11072,65.89623],[24.13193,65.89117],[24.13859,65.86397],[24.15904,65.85442],[24.1599,65.80469],[24.12969,65.78906],[24.15573,65.7849],[24.14219,65.78073],[24.15469,65.75468],[24.18698,65.76302],[24.18177,65.76823],[24.19375,65.775],[24.22292,65.76458],[24.2349,65.77136],[24.22552,65.78698],[24.2599,65.79635],[24.24583,65.8125],[24.26198,65.81198],[24.27708,65.78958],[24.31042,65.79166],[24.31458,65.8],[24.42083,65.77084],[24.53542,65.78958],[24.55156,65.79844],[24.54844,65.81198],[24.57656,65.82969],[24.56927,65.84531],[24.60573,65.86094],[24.60052,65.8724],[24.61302,65.88906],[24.66667,65.89584],[24.61927,65.88073],[24.62031,65.86094],[24.5901,65.83907],[24.58281,65.80469],[24.5375,65.78125],[24.45677,65.76823],[24.45469,65.75052],[24.55417,65.74167],[24.55469,65.7276],[24.66198,65.6974],[24.65833,65.68333],[24.61875,65.70208],[24.60885,65.69218],[24.64323,65.68282],[24.67448,65.65781],[24.65677,65.65365],[24.66458,65.6375],[24.71667,65.63333],[24.75625,65.66666],[24.79375,65.65],[24.81406,65.66093],[24.81042,65.66666],[24.87292,65.66666],[24.90156,65.65781],[24.90052,65.64427],[24.92708,65.63333],[25.0474,65.62032],[25.00469,65.61511],[25.04792,65.6],[25.06823,65.60573],[25.0849,65.59427],[25.0651,65.5901],[25.08509,65.58542],[25.13236,65.6049],[25.1728,65.64417],[25.24415,65.67339],[25.31201,65.68465],[25.3501,65.71043],[25.35286,65.72387],[25.42277,65.74404],[25.7946,65.73987],[26.15382,65.8211],[26.16472,65.82069],[26.15545,65.73524],[26.16632,65.73482],[26.1642,65.72587],[26.82629,65.69859],[27.03468,65.73916],[27.07566,65.72828],[27.43879,65.96045]]]]}},{"type":"Feature","properties":{"gid":"FIN.3_1","name":"奥卢省","nameEn":"Oulu","nameLocal":"","type":"Province","typeEn":"Province","groupZh":"省","area":61264.6,"iso":"NA","engtype":"Province","capital":"奥卢","pop":461000,"blurb":"北部科技与波罗的海门户，奥卢大学所在地。"},"geometry":{"type":"MultiPolygon","coordinates":[[[[25.23753,63.60852],[25.29711,63.60188],[25.50557,63.52658],[25.73635,63.51774],[25.81297,63.49668],[25.82027,63.48286],[25.8667,63.46296],[25.86487,63.45401],[25.89214,63.43938],[26.01121,63.43002],[26.12688,63.45229],[26.18555,63.49043],[26.20296,63.57092],[26.29826,63.58943],[26.2892,63.59433],[26.29412,63.61668],[26.28406,63.61712],[26.28899,63.63947],[26.27892,63.63989],[26.28385,63.66226],[26.27378,63.66269],[26.2787,63.68503],[26.26862,63.68548],[26.27355,63.70783],[26.26346,63.70826],[26.26839,63.73062],[26.25829,63.73104],[26.26322,63.7534],[26.25311,63.75383],[26.25804,63.77618],[26.24793,63.77663],[26.24471,63.80835],[26.21924,63.83198],[26.48701,63.92884],[26.48907,63.93778],[26.60228,63.98246],[26.85167,64.03442],[27.05791,63.99315],[27.19252,63.99574],[27.34283,63.97934],[27.42183,63.96637],[27.43082,63.96139],[27.42726,63.94801],[27.44641,63.94253],[27.49957,63.94889],[27.49179,63.95833],[27.55275,63.95524],[27.64582,63.91881],[27.72696,63.9146],[27.84882,63.87199],[27.86533,63.85755],[27.92478,63.84985],[27.95895,63.82538],[27.97916,63.82429],[28.0599,63.7837],[28.16294,63.71465],[28.21196,63.70739],[28.27197,63.6678],[28.28201,63.66724],[28.28721,63.68506],[28.31122,63.69729],[28.31645,63.7151],[28.3405,63.72733],[28.34575,63.74514],[28.36984,63.75736],[28.37379,63.77073],[28.38387,63.77015],[28.45824,63.84743],[28.46834,63.84685],[28.4737,63.86467],[28.46359,63.86525],[28.46627,63.87415],[28.4993,63.88131],[28.92823,63.83788],[29.31308,63.85037],[29.6827,63.8765],[29.69125,63.87142],[29.68666,63.85809],[29.69674,63.85742],[29.69611,63.82568],[29.70619,63.82501],[29.70158,63.8117],[29.71165,63.81103],[29.70553,63.79327],[29.72105,63.77862],[29.7204,63.74688],[29.76293,63.72135],[29.76835,63.70736],[29.78842,63.70603],[29.87564,63.75015],[29.98253,63.75203],[30.2389,63.81619],[30.3211,63.90189],[30.47071,63.99548],[30.52617,64.04909],[30.55644,64.11224],[30.4736,64.19664],[30.51318,64.21944],[30.50868,64.23393],[30.48496,64.25491],[30.36952,64.27724],[30.35518,64.29925],[30.30034,64.31477],[30.26446,64.33734],[30.11998,64.35917],[30.05301,64.40425],[30.06775,64.45979],[30.03497,64.48273],[30.04144,64.49571],[30.01445,64.51586],[30.00843,64.5571],[30.02164,64.59302],[30.12369,64.62759],[30.14299,64.65276],[30.04333,64.72789],[30.04984,64.74285],[30.09345,64.76795],[30.08973,64.77658],[30.04566,64.79217],[29.75092,64.78962],[29.68406,64.81951],[29.69713,64.83516],[29.64206,64.87545],[29.59626,64.98994],[29.62652,65.01829],[29.62569,65.05992],[29.73381,65.09058],[29.84082,65.08831],[29.88927,65.10257],[29.82691,65.1383],[29.89565,65.1946],[29.87759,65.21326],[29.65769,65.22775],[29.60952,65.25109],[29.61862,65.27339],[29.76858,65.3341],[29.7445,65.38494],[29.74198,65.46608],[29.75463,65.47102],[29.76456,65.49767],[29.84547,65.53804],[29.8777,65.56523],[29.78211,65.59905],[29.73441,65.62791],[30.00663,65.68992],[30.12545,65.66569],[30.12778,65.73491],[30.07522,65.90549],[30.0417,65.94105],[30.03434,65.97179],[30.02005,65.97269],[29.9841,66.01605],[29.98234,66.03876],[29.90934,66.13885],[29.66985,66.29195],[29.59146,66.42648],[29.29949,66.43451],[29.26453,66.43198],[29.25634,66.40973],[29.21194,66.41227],[28.69404,66.48641],[28.66786,66.41067],[28.6123,66.41366],[28.60925,66.40475],[28.58551,66.40147],[28.57791,66.3792],[28.55572,66.38038],[28.5376,66.32691],[28.54867,66.32632],[28.54566,66.31741],[28.55673,66.31682],[28.55371,66.30791],[28.56478,66.30732],[28.56176,66.29842],[28.57282,66.29781],[28.5698,66.2889],[28.58086,66.28831],[28.57784,66.2794],[28.59541,66.26485],[28.64112,66.26694],[28.65064,66.26189],[28.64608,66.24852],[28.66816,66.24733],[28.67121,66.25624],[28.71844,66.26275],[28.75004,66.25649],[28.74542,66.24313],[28.76595,66.23747],[28.73161,66.20305],[28.77107,66.18728],[28.768,66.17837],[28.71785,66.16296],[28.71175,66.14515],[28.72274,66.14455],[28.71968,66.13564],[28.60375,66.12379],[28.62272,66.11369],[28.62616,66.09083],[28.6466,66.08518],[28.63111,66.07241],[28.70481,66.05933],[28.71122,66.04536],[28.75655,66.04742],[28.74588,66.01624],[28.75681,66.01565],[28.75226,66.00228],[28.67421,66.00203],[28.65726,65.98481],[28.60261,65.98778],[28.59616,66.00173],[28.50866,66.00644],[28.48531,66.00316],[28.48088,65.98979],[28.41381,65.98882],[28.4182,66.00219],[28.38538,66.00393],[28.39486,65.99889],[28.38757,65.97661],[28.39705,65.97157],[28.37519,65.97273],[28.37228,65.96381],[28.42397,65.95202],[28.44288,65.94194],[28.44794,65.92353],[28.51542,65.89272],[28.50807,65.87044],[28.51748,65.86539],[28.5116,65.84757],[28.49926,65.8437],[28.42024,65.83888],[28.23061,65.799],[28.15741,65.81187],[27.76463,65.82713],[27.76999,65.84498],[27.73178,65.86496],[27.73445,65.87389],[27.70575,65.88887],[27.70842,65.8978],[27.68793,65.90332],[27.69192,65.91671],[27.67274,65.9267],[27.67673,65.94009],[27.6658,65.94061],[27.66019,65.95899],[27.59193,65.95322],[27.5648,65.9364],[27.57376,65.92914],[27.56087,65.92301],[27.43879,65.96045],[27.07566,65.72828],[27.03468,65.73916],[26.82629,65.69859],[26.1642,65.72587],[26.16632,65.73482],[26.15545,65.73524],[26.16472,65.82069],[26.15382,65.8211],[25.7946,65.73987],[25.42277,65.74404],[25.35286,65.72387],[25.3501,65.71043],[25.31201,65.68465],[25.24415,65.67339],[25.1728,65.64417],[25.13236,65.6049],[25.08568,65.58837],[25.08385,65.57135],[25.10781,65.5724],[25.12083,65.55],[25.15417,65.57083],[25.1625,65.5625],[25.21198,65.5599],[25.2026,65.55573],[25.20885,65.54427],[25.25781,65.52448],[25.26094,65.51093],[25.2849,65.50156],[25.28177,65.49011],[25.33073,65.48073],[25.31927,65.4776],[25.33073,65.46927],[25.31719,65.4651],[25.34948,65.45886],[25.32344,65.45052],[25.35156,65.44115],[25.33177,65.43802],[25.36615,65.42865],[25.35208,65.42083],[25.31927,65.42657],[25.32865,65.41093],[25.30208,65.4],[25.26094,65.40781],[25.26094,65.39219],[25.28281,65.38385],[25.25885,65.36927],[25.30625,65.37083],[25.33073,65.36094],[25.29167,65.36667],[25.29531,65.35468],[25.2526,65.35052],[25.31875,65.32917],[25.3724,65.32552],[25.33958,65.32083],[25.27917,65.3375],[25.23385,65.33177],[25.31615,65.28906],[25.2901,65.28698],[25.26302,65.26927],[25.32656,65.26406],[25.33281,65.25885],[25.31094,65.25781],[25.30052,65.24427],[25.34323,65.2349],[25.28333,65.2375],[25.2849,65.21927],[25.25885,65.21719],[25.37656,65.17969],[25.26302,65.1974],[25.28073,65.18385],[25.26875,65.17292],[25.22344,65.16615],[25.23698,65.13906],[25.2276,65.1276],[25.30625,65.12083],[25.3474,65.10365],[25.29219,65.0974],[25.29635,65.08594],[25.33542,65.07291],[25.34531,65.07552],[25.33386,65.08177],[25.3401,65.09115],[25.35885,65.10573],[25.3724,65.10365],[25.38073,65.0974],[25.37552,65.0901],[25.38906,65.0849],[25.39219,65.05677],[25.42448,65.04115],[25.40885,65.03906],[25.4099,65.01302],[25.39427,65.00677],[25.48073,64.97448],[25.48906,64.96198],[25.48281,64.95469],[25.42708,64.94583],[25.33333,64.9875],[25.21302,65.00365],[25.21198,64.98177],[25.19219,64.97968],[25.21302,64.95052],[25.33333,64.90417],[25.35833,64.91042],[25.38698,64.8974],[25.30833,64.82917],[25.29635,64.82969],[25.2901,64.84427],[25.30365,64.85468],[25.2974,64.8599],[25.26042,64.875],[25.20052,64.87968],[25.19635,64.88698],[25.20781,64.89532],[25.18542,64.90417],[25.14375,64.9],[25.12656,64.91823],[25.0875,64.92083],[25.06458,64.91042],[24.95625,64.90625],[24.96198,64.89219],[24.93542,64.88125],[24.81667,64.88958],[24.79167,64.875],[24.69375,64.8625],[24.69323,64.85052],[24.66927,64.83698],[24.6724,64.81302],[24.65833,64.80417],[24.64427,64.80885],[24.65365,64.82656],[24.63333,64.83334],[24.54427,64.81823],[24.54635,64.80261],[24.56615,64.79948],[24.58073,64.78281],[24.55469,64.77032],[24.56823,64.73594],[24.5349,64.7151],[24.50052,64.7099],[24.50417,64.69791],[24.44792,64.69167],[24.43177,64.69948],[24.42761,64.68802],[24.46198,64.68385],[24.4151,64.67031],[24.41927,64.65677],[24.44531,64.65469],[24.42135,64.64323],[24.42865,64.64115],[24.4224,64.62968],[24.36302,64.60573],[24.38073,64.58282],[24.35885,64.57448],[24.35677,64.5651],[24.375,64.55417],[24.36615,64.54427],[24.30417,64.525],[24.275,64.5375],[24.24635,64.5349],[24.28906,64.50052],[24.22969,64.49948],[24.21927,64.48907],[24.22865,64.4776],[24.20417,64.48542],[24.17865,64.45885],[24.13333,64.45417],[24.1125,64.43958],[24.08177,64.44115],[24.09948,64.42448],[24.09323,64.41718],[24.03385,64.41406],[24.01615,64.39427],[23.99844,64.39115],[23.97865,64.3526],[23.91302,64.32656],[23.91823,64.2776],[23.85,64.28958],[23.82135,64.27032],[23.81719,64.25885],[23.83281,64.25468],[23.81406,64.24011],[23.75417,64.22083],[23.70833,64.225],[23.68385,64.2151],[23.71823,64.19531],[23.71615,64.18177],[23.69172,64.17298],[23.70019,64.16827],[23.95802,64.09415],[24.0093,64.09279],[24.08872,64.07262],[24.08676,64.05917],[24.097,64.05889],[24.09242,64.0275],[24.10265,64.02722],[24.09938,64.0048],[24.13697,63.98124],[24.14455,63.96302],[24.1643,63.95797],[24.17185,63.93975],[24.22216,63.93382],[24.22015,63.92037],[24.23034,63.92008],[24.22833,63.90663],[24.24668,63.8926],[24.24399,63.87466],[24.44179,63.83284],[24.44843,63.81013],[24.5022,63.76346],[24.50007,63.75002],[24.53629,63.72189],[24.55222,63.69437],[24.59914,63.6704],[24.59769,63.66143],[24.81922,63.59128],[24.83784,63.58166],[24.83631,63.5727],[24.87428,63.55793],[24.87275,63.54897],[24.90138,63.53901],[24.89985,63.53004],[25.03025,63.46705],[25.02868,63.4581],[25.09117,63.46945],[25.10596,63.49598],[25.11599,63.49562],[25.14046,63.57589],[25.23753,63.60852]]],[[[23.5651,64.19218],[23.5724,64.19323],[23.55677,64.19531],[23.5651,64.19218]]],[[[23.64948,64.20573],[23.63594,64.21615],[23.64115,64.20469],[23.59635,64.18597],[23.65417,64.18958],[23.66823,64.18177],[23.64948,64.20573]]],[[[25.30469,65.00052],[25.28594,65.00156],[25.3224,64.99427],[25.30469,65.00052]]],[[[24.9526,65.03385],[25.02083,65.03125],[25.06198,65.04323],[25.02917,65.05833],[24.88542,65.06042],[24.88385,65.06823],[24.90573,65.07031],[24.87917,65.0875],[24.82292,65.09583],[24.7625,65.08334],[24.64792,65.08334],[24.55417,65.0375],[24.57448,65.0224],[24.57344,65.00468],[24.65,64.96042],[24.70417,64.96042],[24.71823,64.97031],[24.70052,64.97656],[24.7474,64.98073],[24.75365,64.97552],[24.73177,64.97343],[24.73802,64.95885],[24.76198,64.95365],[24.74844,64.93906],[24.75833,64.93542],[24.88073,64.96927],[24.86927,64.98907],[24.88281,64.99948],[24.86615,65.01823],[24.84635,65.02135],[24.84115,65.0349],[24.81719,65.03802],[24.83073,65.04844],[24.82552,65.05365],[24.9526,65.03385]]],[[[25.18958,65.11042],[25.15625,65.11459],[25.13802,65.10052],[25.18958,65.11042]]],[[[25.10052,65.12968],[25.11615,65.12552],[25.13487,65.14115],[25.10052,65.12968]]],[[[24.85573,65.38802],[24.82708,65.39167],[24.8151,65.37968],[24.83542,65.37292],[24.85573,65.38802]]],[[[25.0151,65.41718],[24.99427,65.4224],[24.99011,65.40677],[25.03073,65.4026],[25.0151,65.41718]]],[[[25.21667,65.10625],[25.20052,65.1099],[25.19427,65.09635],[25.23333,65.08334],[25.24115,65.08594],[25.23594,65.09948],[25.25365,65.1026],[25.21667,65.10625]]]]}},{"type":"Feature","properties":{"gid":"FIN.4_1","name":"南芬兰省","nameEn":"Southern Finland","nameLocal":"","type":"Province","typeEn":"Province","groupZh":"省","area":23012.5,"iso":"NA","engtype":"Province","capital":"海门林纳","pop":2276000,"blurb":"人口心脏，涵盖赫尔辛基都市圈与芬兰湾沿岸。"},"geometry":{"type":"MultiPolygon","coordinates":[[[[22.94583,59.77625],[22.93194,59.77153],[22.95306,59.76708],[22.94583,59.77625]]],[[[23.58083,59.82653],[23.56361,59.8307],[23.55083,59.82153],[23.58083,59.82653]]],[[[23.4575,59.84736],[23.45083,59.84792],[23.49249,59.84236],[23.4575,59.84736]]],[[[23.40417,59.8532],[23.39361,59.85014],[23.41361,59.85014],[23.40417,59.8532]]],[[[23.56528,59.8532],[23.55583,59.85403],[23.57195,59.85236],[23.56528,59.8532]]],[[[23.60306,59.86986],[23.5825,59.86375],[23.60861,59.86597],[23.60306,59.86986]]],[[[23.32917,59.84125],[23.31694,59.83764],[23.34139,59.83986],[23.32917,59.84125]]],[[[23.36639,59.85181],[23.35528,59.85042],[23.37917,59.84903],[23.36639,59.85181]]],[[[23.3975,59.86125],[23.37528,59.85903],[23.40417,59.85597],[23.38806,59.85904],[23.3975,59.86125]]],[[[23.27917,59.86653],[23.26694,59.85986],[23.28083,59.85903],[23.27917,59.86653]]],[[[23.29694,59.86958],[23.28583,59.86792],[23.31139,59.86042],[23.29694,59.86958]]],[[[23.39083,59.8882],[23.34806,59.88042],[23.36583,59.87847],[23.34861,59.87069],[23.37972,59.87708],[23.35695,59.86653],[23.41806,59.86958],[23.43083,59.85847],[23.41694,59.85569],[23.43639,59.85625],[23.42583,59.8657],[23.43361,59.86986],[23.40972,59.86792],[23.43972,59.88181],[23.39083,59.8882]]],[[[23.74417,59.90292],[23.73417,59.9007],[23.75083,59.89931],[23.74417,59.90292]]],[[[23.8625,59.91125],[23.84806,59.91014],[23.86139,59.90319],[23.8625,59.91125]]],[[[23.54028,59.89153],[23.5275,59.88347],[23.55083,59.88653],[23.54028,59.89153]]],[[[23.69528,59.90431],[23.66972,59.90292],[23.66917,59.89403],[23.69528,59.90431]]],[[[23.625,59.93736],[23.5136,59.92903],[23.49028,59.9118],[23.46917,59.92125],[23.45528,59.9118],[23.38472,59.91042],[23.41528,59.90958],[23.40083,59.90319],[23.41639,59.89515],[23.44417,59.90292],[23.52083,59.88792],[23.56917,59.89847],[23.53028,59.90431],[23.55861,59.92014],[23.52695,59.91319],[23.51805,59.91708],[23.52639,59.92625],[23.61861,59.90208],[23.61194,59.91375],[23.59417,59.91459],[23.65305,59.92569],[23.65972,59.92431],[23.63194,59.91625],[23.65972,59.91847],[23.65139,59.90764],[23.64139,59.91097],[23.66028,59.90597],[23.66416,59.92181],[23.72306,59.92292],[23.71861,59.93708],[23.64083,59.92986],[23.625,59.93736]]],[[[24.41028,59.93181],[24.40028,59.92847],[24.41861,59.92847],[24.41028,59.93181]]],[[[23.98639,59.93514],[23.96028,59.93625],[23.98306,59.93375],[23.98083,59.92736],[24.00139,59.93181],[23.98639,59.93514]]],[[[23.95083,59.9593],[23.93083,59.95097],[23.95861,59.95625],[23.95083,59.9593]]],[[[24.45361,59.96625],[24.4475,59.96347],[24.46028,59.96764],[24.45361,59.96625]]],[[[24.00083,59.95903],[24.02028,59.95736],[23.9925,59.96069],[24.00083,59.95903]]],[[[23.95528,59.96431],[23.94528,59.96208],[23.96694,59.95986],[23.95528,59.96431]]],[[[24.00306,59.96847],[23.99361,59.96958],[24.01194,59.96347],[24.00306,59.96847]]],[[[24.20028,59.98764],[24.18639,59.98347],[24.21694,59.98543],[24.20028,59.98764]]],[[[23.98472,59.97542],[23.97361,59.97653],[23.99139,59.97347],[23.98472,59.97542]]],[[[23.98472,59.99792],[23.95639,59.99875],[23.9975,59.99181],[23.98472,59.99792]]],[[[24.10694,59.99236],[24.07528,59.99292],[24.13417,59.9857],[24.10694,59.99236]]],[[[24.04306,59.99597],[24.03583,59.99653],[24.0425,59.98653],[24.05806,59.98653],[24.04306,59.99597]]],[[[24.36972,59.99736],[24.37656,60.00364],[24.3425,60.0],[24.35639,59.99903],[24.34028,59.99014],[24.36972,59.99736]]],[[[24.13639,59.99958],[24.14323,60.00364],[24.12417,60.0],[24.13639,59.99958]]],[[[24.20208,60.01042],[24.19219,60.00468],[24.23125,60.01458],[24.20208,60.01042]]],[[[24.01667,60.0125],[24.0349,60.02031],[24.00677,60.01614],[24.01667,60.0125]]],[[[24.09948,60.01719],[24.09167,60.02292],[24.08594,60.01511],[24.09948,60.01719]]],[[[24.4,60.00625],[24.40573,60.0099],[24.3901,60.0099],[24.4,60.00625]]],[[[25.04792,60.10417],[25.04427,60.09635],[25.06615,60.1026],[25.04792,60.10417]]],[[[24.67292,60.1],[24.67865,60.10573],[24.66667,60.11042],[24.65625,60.09792],[24.67292,60.1]]],[[[24.78594,60.13073],[24.79115,60.1349],[24.77552,60.1349],[24.77552,60.1276],[24.78594,60.13073]]],[[[25.0,60.13958],[24.99635,60.13177],[25.01198,60.13594],[25.0,60.13958]]],[[[24.98177,60.1474],[24.98542,60.1375],[24.99323,60.14427],[24.98177,60.1474]]],[[[25.07708,60.15],[25.04792,60.15625],[25.02969,60.13802],[25.05625,60.13542],[25.07708,60.15]]],[[[24.8875,60.16459],[24.8526,60.16302],[24.85677,60.15261],[24.8875,60.14583],[24.89531,60.15989],[24.8875,60.16459]]],[[[25.1099,60.15573],[25.09792,60.15625],[25.1224,60.15469],[25.1099,60.15573]]],[[[25.44531,60.16093],[25.43333,60.17083],[25.40885,60.16198],[25.44531,60.16093]]],[[[25.44792,60.175],[25.46406,60.18073],[25.4401,60.17656],[25.44792,60.175]]],[[[24.85417,60.18333],[24.84427,60.17969],[24.85365,60.17552],[24.87031,60.18906],[24.85417,60.18333]]],[[[25.54583,60.20625],[25.51719,60.21198],[25.5349,60.20781],[25.52917,60.19167],[25.54323,60.19218],[25.54583,60.20625]]],[[[25.22725,60.2125],[25.2474,60.21615],[25.21927,60.21615],[25.22725,60.2125]]],[[[25.19427,60.22135],[25.18385,60.23073],[25.23698,60.24427],[25.22552,60.25781],[25.24167,60.26042],[25.25208,60.25],[25.325,60.26042],[25.35833,60.25208],[25.36823,60.25781],[25.34844,60.26407],[25.375,60.27083],[25.38906,60.26823],[25.37969,60.25573],[25.3875,60.25208],[25.48906,60.25781],[25.44583,60.24583],[25.40677,60.25156],[25.41927,60.22552],[25.44375,60.225],[25.4849,60.24427],[25.47552,60.24948],[25.4974,60.25052],[25.52656,60.28177],[25.5151,60.28489],[25.53698,60.28593],[25.55156,60.3026],[25.55156,60.32031],[25.52552,60.32864],[25.55208,60.33958],[25.57292,60.33125],[25.57917,60.34167],[25.57135,60.32344],[25.58542,60.31042],[25.60156,60.32969],[25.59844,60.34115],[25.62031,60.33177],[25.62135,60.34531],[25.65417,60.36875],[25.66823,60.36093],[25.64219,60.35365],[25.6401,60.34011],[25.67031,60.33177],[25.62969,60.32761],[25.64115,60.3224],[25.63802,60.30677],[25.65156,60.30782],[25.64636,60.30052],[25.66406,60.29323],[25.66094,60.28177],[25.71406,60.27657],[25.7151,60.26511],[25.7875,60.2375],[25.79219,60.25573],[25.80417,60.25625],[25.7901,60.26407],[25.82917,60.2625],[25.85156,60.27344],[25.78177,60.28385],[25.77136,60.29427],[25.77656,60.30156],[25.74011,60.31094],[25.75625,60.32084],[25.80208,60.2875],[25.85781,60.28906],[25.85677,60.27344],[25.8724,60.26719],[25.8625,60.25625],[25.83594,60.25781],[25.84635,60.25052],[25.87083,60.25417],[25.89375,60.24375],[25.9224,60.25052],[25.9349,60.26198],[25.9151,60.26302],[25.9099,60.27865],[25.88594,60.28385],[25.90156,60.30156],[25.86719,60.32344],[25.91406,60.34219],[25.91406,60.36823],[25.8901,60.37344],[25.88281,60.38907],[25.85052,60.40469],[25.85833,60.40833],[25.89323,60.3974],[25.89844,60.37968],[25.94427,60.35677],[25.98333,60.35],[25.99323,60.35782],[25.98594,60.34635],[26.0224,60.33073],[26.02865,60.31718],[26.01667,60.3125],[25.99427,60.32552],[25.9974,60.33698],[25.93385,60.35573],[25.92552,60.34011],[25.93906,60.33698],[25.95781,60.30365],[25.94167,60.31042],[25.93177,60.30156],[25.94115,60.29115],[25.93802,60.26927],[25.98958,60.26458],[25.99948,60.26927],[25.99844,60.28489],[26.00833,60.27708],[26.04583,60.28958],[26.06823,60.28906],[26.08073,60.27761],[26.08906,60.28906],[26.07292,60.29583],[25.99844,60.29219],[26.06042,60.3125],[26.08281,60.30677],[26.11198,60.32552],[26.10885,60.34323],[26.13073,60.34011],[26.12292,60.35833],[26.07344,60.34635],[26.07031,60.35989],[26.00885,60.39635],[26.04323,60.41302],[26.02136,60.42136],[26.02083,60.4375],[26.0625,60.4125],[26.05677,60.42656],[26.07448,60.43282],[26.08802,60.4151],[26.1599,60.39114],[26.15469,60.38385],[26.1651,60.37136],[26.2,60.36458],[26.22031,60.39323],[26.17344,60.40261],[26.16927,60.41406],[26.24375,60.39167],[26.25625,60.39792],[26.27031,60.38594],[26.2526,60.40469],[26.25208,60.42708],[26.23802,60.42969],[26.23958,60.45625],[26.26927,60.43177],[26.29115,60.43073],[26.28177,60.42136],[26.2974,60.41615],[26.29219,60.40261],[26.3151,60.37344],[26.3349,60.37344],[26.34531,60.38594],[26.33386,60.3974],[26.37083,60.39792],[26.36719,60.40781],[26.38542,60.4125],[26.42448,60.39114],[26.41875,60.375],[26.38385,60.38698],[26.39219,60.35886],[26.43958,60.37083],[26.44792,60.35833],[26.49583,60.3625],[26.50469,60.34635],[26.5375,60.34375],[26.54115,60.35365],[26.52136,60.35677],[26.5349,60.35886],[26.53281,60.36823],[26.475,60.375],[26.44427,60.38802],[26.45156,60.39323],[26.4349,60.40365],[26.41302,60.40677],[26.41094,60.42448],[26.4375,60.4125],[26.4599,60.4276],[26.46198,60.44323],[26.44427,60.46094],[26.45886,60.48489],[26.5026,60.45261],[26.53906,60.44948],[26.57448,60.42448],[26.55469,60.42448],[26.55208,60.40833],[26.50677,60.41823],[26.5026,60.40677],[26.54167,60.375],[26.55365,60.38177],[26.54427,60.3974],[26.65625,60.41667],[26.65052,60.43282],[26.675,60.425],[26.68333,60.43542],[26.70781,60.43177],[26.72344,60.45157],[26.74323,60.45052],[26.74375,60.48333],[26.77292,60.45625],[26.84583,60.4625],[26.85781,60.46927],[26.85208,60.47709],[26.89167,60.47083],[26.89167,60.48333],[26.93281,60.46927],[26.92969,60.47656],[26.9474,60.48282],[26.92552,60.48386],[26.9151,60.4974],[26.94375,60.5],[26.95833,60.48542],[26.9849,60.49219],[26.97552,60.5099],[27.02448,60.51719],[27.00677,60.54219],[27.01667,60.55208],[27.03281,60.53489],[27.02552,60.52969],[27.03906,60.52657],[27.03542,60.51875],[27.06875,60.53542],[27.09531,60.53177],[27.0901,60.54115],[27.1,60.54583],[27.13385,60.52135],[27.1625,60.51875],[27.1651,60.52865],[27.17656,60.52761],[27.16927,60.5599],[27.19792,60.5625],[27.1901,60.54843],[27.20573,60.53281],[27.19427,60.52448],[27.19844,60.51719],[27.25,60.52708],[27.275,60.50625],[27.30208,60.52083],[27.30833,60.51042],[27.38906,60.49948],[27.41198,60.48282],[27.41094,60.47344],[27.45208,60.47292],[27.46458,60.46042],[27.49323,60.46302],[27.45677,60.48906],[27.49375,60.51042],[27.51094,60.49219],[27.54375,60.49583],[27.60833,60.46875],[27.62031,60.47239],[27.58594,60.48698],[27.61875,60.48125],[27.63281,60.48594],[27.63125,60.49375],[27.68542,60.48542],[27.71667,60.49375],[27.73958,60.48542],[27.74323,60.50364],[27.72969,60.52031],[27.74531,60.52657],[27.7151,60.54219],[27.71927,60.56406],[27.73802,60.58073],[27.77031,60.57864],[27.7776,60.55052],[27.82039,60.53752],[27.80178,60.54942],[27.84024,60.55303],[27.89184,60.61329],[28.10322,60.72894],[28.14564,60.74197],[28.17463,60.77579],[28.24088,60.7868],[28.34154,60.86285],[28.37386,60.86909],[28.53751,60.95841],[28.65682,60.95082],[28.69289,60.98021],[28.70759,61.0336],[28.71679,61.033],[28.72078,61.04744],[28.81945,61.09882],[28.82885,61.12582],[28.88546,61.14434],[28.9465,61.14845],[29.01457,61.1902],[29.07515,61.2043],[29.24557,61.27342],[29.33398,61.35296],[29.50159,61.45327],[29.50283,61.48852],[29.63626,61.50107],[29.65074,61.52178],[29.74727,61.5724],[29.75541,61.60184],[29.83714,61.66415],[29.86367,61.67151],[29.8679,61.68464],[30.03593,61.75879],[30.0507,61.76934],[30.06292,61.80731],[30.11865,61.83449],[30.14631,61.85973],[30.12895,61.86554],[30.06657,61.85192],[29.93765,61.81129],[29.57481,61.72798],[29.54084,61.68044],[29.39869,61.65392],[29.28354,61.58918],[29.26485,61.5587],[29.21813,61.56185],[29.05684,61.53179],[28.94475,61.53912],[28.90353,61.52821],[28.82072,61.53808],[28.81992,61.50189],[28.79999,61.49864],[28.79368,61.4764],[28.70972,61.48175],[28.66743,61.46632],[28.52872,61.47954],[28.5255,61.50236],[28.49992,61.51301],[28.46824,61.50139],[28.44264,61.51202],[28.42603,61.48588],[28.42691,61.45414],[28.35682,61.44033],[28.34033,61.41418],[28.31238,61.41587],[28.29714,61.39419],[28.21558,61.37194],[27.92606,61.34832],[27.73282,61.3684],[27.62492,61.35185],[27.55974,61.35547],[27.38084,61.39685],[27.22224,61.40529],[27.16523,61.40376],[27.13839,61.36903],[27.01919,61.38422],[26.95626,61.35582],[26.95427,61.34689],[27.04013,61.35154],[27.12719,61.31993],[27.20575,61.33389],[27.26057,61.32648],[27.25747,61.31309],[27.22128,61.31952],[27.21922,61.31061],[27.29982,61.29277],[27.30391,61.26996],[27.34618,61.24963],[27.34409,61.2407],[27.32553,61.2417],[27.32136,61.22385],[27.35533,61.20847],[27.38524,61.21589],[27.38314,61.20697],[27.39242,61.20647],[27.36147,61.19459],[27.36656,61.17624],[27.33669,61.16882],[27.29141,61.17576],[27.2698,61.16337],[27.12987,61.16625],[27.07028,61.15129],[26.94358,61.17135],[26.91775,61.1817],[26.9339,61.21248],[26.92462,61.21295],[26.92757,61.22635],[26.88605,61.25102],[26.88362,61.28274],[26.77744,61.26999],[26.74924,61.22625],[26.67021,61.20757],[26.63497,61.21831],[26.66756,61.23929],[26.67039,61.25269],[26.64536,61.26744],[26.64079,61.29023],[26.57096,61.27104],[26.52538,61.27774],[26.4575,61.26742],[26.42593,61.25086],[26.43157,61.23255],[26.40006,61.21599],[26.38443,61.18514],[26.34371,61.169],[26.277,61.16306],[26.27435,61.14965],[26.24211,61.12858],[26.15034,61.13726],[26.15208,61.1462],[26.13528,61.15598],[26.05423,61.12353],[26.04823,61.09223],[26.11042,61.07593],[26.10524,61.0491],[26.13874,61.02956],[26.12864,61.02551],[26.12088,60.98526],[26.09063,60.9731],[26.04623,60.9841],[26.04282,60.96622],[26.05204,60.96581],[26.04949,60.95239],[26.05869,60.95198],[26.0645,60.93369],[26.16578,60.92912],[26.15226,60.90718],[26.11546,60.90885],[26.10283,60.89138],[26.06604,60.89304],[25.95231,60.92965],[25.92557,60.88573],[25.77841,60.8921],[25.78407,60.92341],[25.74563,60.91603],[25.73884,60.92983],[25.72042,60.93062],[25.66037,60.90611],[25.65719,60.8882],[25.62643,60.87146],[25.56362,60.88307],[25.56206,60.87412],[25.53369,60.87078],[25.52759,60.88905],[25.50919,60.8898],[25.50764,60.88085],[25.46011,60.87377],[25.44862,60.86071],[25.42179,60.86629],[25.40188,60.85808],[25.39961,60.84466],[25.45017,60.81559],[25.43643,60.78911],[25.39371,60.75478],[25.32111,60.76217],[25.3013,60.75395],[25.28666,60.77704],[25.21765,60.80676],[25.21357,60.83844],[25.19519,60.83915],[25.18237,60.81712],[25.10888,60.81992],[25.10674,60.80649],[25.15823,60.78201],[25.15606,60.76858],[25.09044,60.76207],[25.06644,60.72694],[25.05728,60.72728],[25.06432,60.7135],[25.11438,60.73864],[25.1158,60.74759],[25.15875,60.72794],[25.19538,60.72653],[25.09037,60.70352],[25.08824,60.69009],[25.0974,60.68974],[25.11142,60.66219],[25.06641,60.66839],[25.05023,60.68251],[25.0045,60.68422],[24.88078,60.65724],[24.83507,60.65889],[24.83642,60.66785],[24.80965,60.67331],[24.75079,60.64838],[24.67766,60.65095],[24.61558,60.6666],[24.5654,60.6368],[24.56033,60.60096],[24.57668,60.5869],[24.55464,60.56064],[24.44336,60.55087],[24.42513,60.55147],[24.40021,60.57029],[24.4124,60.5924],[24.36005,60.61211],[24.30165,60.58699],[24.30839,60.56877],[24.28043,60.56516],[24.28162,60.57413],[24.23834,60.5935],[24.24129,60.61591],[24.23274,60.62067],[24.07795,60.62996],[24.05222,60.64423],[23.96879,60.63772],[23.9064,60.65304],[23.87626,60.63142],[23.87464,60.61797],[23.91925,60.60768],[23.91707,60.58975],[23.88806,60.5771],[23.8859,60.55917],[23.84888,60.55573],[23.86284,60.51934],[23.87196,60.51908],[23.86981,60.50115],[23.74074,60.49132],[23.70023,60.45647],[23.79066,60.44943],[23.78856,60.4315],[23.79765,60.43124],[23.78647,60.41355],[23.79242,60.38641],[23.75405,60.3695],[23.72684,60.37027],[23.7253,60.35681],[23.73437,60.35656],[23.72873,60.30724],[23.63568,60.28732],[23.62514,60.27411],[23.63269,60.26041],[23.58748,60.26163],[23.63974,60.24223],[23.65331,60.20138],[23.62524,60.19315],[23.55402,60.20407],[23.46898,60.17035],[23.37833,60.16818],[23.36748,60.15047],[23.31521,60.16977],[23.32605,60.18748],[23.29897,60.18816],[23.27958,60.17514],[23.27734,60.15273],[23.14555,60.09746],[23.04571,60.0908],[23.02866,60.10154],[23.00469,60.09739],[23.01823,60.08594],[22.98594,60.08073],[22.99635,60.0651],[23.0375,60.06875],[23.04323,60.06302],[23.03177,60.06094],[23.07031,60.05365],[23.05469,60.04636],[23.09375,60.03959],[23.13125,60.06667],[23.14148,60.06582],[23.14167,60.05625],[23.17083,60.07084],[23.26406,60.06198],[23.23177,60.05156],[23.2224,60.03802],[23.21302,60.04323],[23.23073,60.06198],[23.16667,60.0625],[23.11927,60.04532],[23.12031,60.03385],[23.09844,60.0224],[23.11406,60.0224],[23.10833,60.00834],[23.0901,60.01511],[23.1099,60.03177],[23.10365,60.03698],[23.02292,60.04792],[22.99427,60.03906],[22.99011,60.02761],[23.02972,59.9868],[23.00805,59.9907],[23.00694,59.98014],[22.98195,59.9707],[22.95139,59.98014],[22.95194,59.99236],[22.91195,59.99264],[22.9075,59.9743],[22.87806,59.98014],[22.85305,59.96653],[22.85695,59.98237],[22.83083,59.98347],[22.85361,59.98818],[22.82922,60.00136],[22.84323,60.00885],[22.83542,60.01875],[22.81094,60.01614],[22.81979,60.0],[22.81083,59.98625],[22.83028,59.96486],[22.86861,59.95153],[22.85083,59.94236],[22.87806,59.92014],[22.92583,59.91347],[22.93972,59.90264],[22.98082,59.90792],[22.94583,59.91097],[22.98139,59.92625],[22.99306,59.92153],[22.97694,59.92014],[23.00917,59.9157],[22.99528,59.93126],[22.96305,59.93319],[22.97195,59.95097],[22.97972,59.9507],[22.97639,59.93653],[23.02083,59.94125],[23.00195,59.93514],[23.02528,59.92209],[23.02639,59.91015],[23.01194,59.9082],[23.01639,59.89875],[23.03528,59.91903],[23.06417,59.91847],[23.07083,59.93126],[23.06361,59.9432],[23.07806,59.94264],[23.09417,59.96125],[23.06417,59.95458],[23.07694,59.98403],[23.03083,59.98459],[23.14115,60.00781],[23.11194,59.99792],[23.09528,59.94764],[23.11028,59.94486],[23.09528,59.93819],[23.13306,59.94569],[23.13584,59.96375],[23.15361,59.96681],[23.1675,59.95042],[23.15528,59.94597],[23.18139,59.94653],[23.18917,59.95653],[23.17972,59.97264],[23.19417,59.97625],[23.21861,59.95875],[23.18583,59.9432],[23.14306,59.93875],[23.14361,59.92236],[23.17083,59.91819],[23.14528,59.91014],[23.19528,59.9207],[23.1875,59.91486],[23.20694,59.91097],[23.17083,59.9082],[23.16083,59.90181],[23.16917,59.8918],[23.15694,59.88653],[23.07917,59.88208],[23.09972,59.89125],[23.06417,59.88986],[23.07472,59.88153],[23.06306,59.88125],[23.06694,59.87125],[23.02528,59.86625],[22.98139,59.84597],[22.94528,59.84264],[22.94583,59.84986],[22.88972,59.81125],[22.91528,59.80764],[22.92639,59.82292],[22.96361,59.81792],[22.99083,59.82736],[23.06083,59.82014],[23.08861,59.82708],[23.08639,59.83458],[23.1125,59.8257],[23.16861,59.83625],[23.18805,59.82764],[23.20472,59.83931],[23.25028,59.84292],[23.25306,59.85153],[23.21417,59.84597],[23.24472,59.85653],[23.22861,59.86736],[23.22361,59.89125],[23.38083,59.94097],[23.40417,59.97986],[23.45828,60.00421],[23.4724,60.02552],[23.4651,60.04948],[23.49323,60.05052],[23.52708,60.08958],[23.55156,60.09115],[23.53333,60.06458],[23.54323,60.04219],[23.49427,60.03281],[23.4776,60.01614],[23.48906,60.0026],[23.46028,59.99903],[23.45472,59.98514],[23.4275,59.97792],[23.41972,59.95847],[23.46472,59.96681],[23.4925,59.98347],[23.5675,59.99181],[23.58417,59.98542],[23.45306,59.96097],[23.45361,59.94819],[23.47972,59.94847],[23.46806,59.94625],[23.47583,59.9393],[23.42472,59.94597],[23.41806,59.95458],[23.36028,59.93097],[23.35417,59.91708],[23.43528,59.91625],[23.52639,59.93681],[23.70417,59.93764],[23.68583,59.94125],[23.69528,59.94708],[23.73694,59.94042],[23.7675,59.95319],[23.69528,59.9557],[23.70917,59.95764],[23.70306,59.96292],[23.71417,59.97125],[23.74583,59.95375],[23.75417,59.95875],[23.73861,59.96542],[23.80528,59.96736],[23.83417,59.97764],[23.84306,59.99347],[23.8525,59.9907],[23.83861,59.97597],[23.84917,59.97792],[23.81916,59.94931],[23.8575,59.96708],[23.85139,59.96986],[23.87361,59.97125],[23.8475,59.95847],[23.86028,59.95125],[23.8075,59.93264],[23.87139,59.95042],[23.87972,59.94875],[23.87306,59.94209],[23.90195,59.94875],[23.89583,59.95764],[23.9325,59.93708],[23.93917,59.9393],[23.92861,59.94486],[23.96528,59.95208],[23.9225,59.94819],[23.93972,59.96208],[23.91472,59.96875],[23.96694,59.96708],[23.98139,59.97125],[23.95639,59.97986],[24.00306,59.98014],[23.93361,59.99017],[23.87528,59.97569],[23.90472,59.98931],[23.84306,59.99736],[23.93528,59.99264],[23.95365,60.00573],[23.86927,60.02031],[23.95625,60.01042],[24.00156,60.02969],[23.99844,60.03698],[24.01458,60.04583],[24.03177,60.02552],[24.05208,60.02083],[24.09167,60.02292],[24.07344,60.03177],[24.08542,60.03542],[24.11458,60.02708],[24.13125,60.04583],[24.15625,60.02708],[24.20208,60.02708],[24.1974,60.04323],[24.16302,60.05156],[24.20625,60.05833],[24.21875,60.04583],[24.225,60.05625],[24.26458,60.03959],[24.27448,60.04427],[24.27083,60.05625],[24.33333,60.06042],[24.29427,60.07657],[24.31042,60.08542],[24.33125,60.07708],[24.34583,60.08958],[24.38281,60.0849],[24.37135,60.06823],[24.37865,60.06094],[24.36094,60.04948],[24.36406,60.03594],[24.32552,60.01823],[24.32292,60.00417],[24.3474,60.00885],[24.34844,60.02657],[24.3724,60.02552],[24.36875,60.03542],[24.38542,60.01667],[24.4125,60.03125],[24.42448,60.01719],[24.42761,60.03698],[24.45781,60.04427],[24.45469,60.05156],[24.48073,60.06406],[24.47135,60.05782],[24.47656,60.04844],[24.44427,60.03281],[24.46198,60.02761],[24.41719,60.00156],[24.43482,60.00605],[24.42472,59.99153],[24.38972,59.97792],[24.39084,59.96597],[24.40028,59.97125],[24.41472,59.96042],[24.42306,59.96875],[24.41083,59.97597],[24.42361,59.98764],[24.42972,59.97514],[24.46528,59.99014],[24.44917,59.99708],[24.46806,59.99863],[24.46361,59.99181],[24.47194,59.99042],[24.49306,59.99871],[24.47639,59.99042],[24.49306,59.98375],[24.50472,59.99319],[24.49583,59.99908],[24.51406,60.00677],[24.51094,60.02031],[24.5474,60.02969],[24.53802,60.04115],[24.57083,60.06042],[24.57865,60.05469],[24.56927,60.04844],[24.5875,60.04583],[24.62031,60.06718],[24.57969,60.06094],[24.65156,60.1026],[24.64323,60.12032],[24.61719,60.12136],[24.63073,60.13698],[24.61094,60.15573],[24.63281,60.15157],[24.67708,60.11667],[24.68333,60.12708],[24.71198,60.1224],[24.68594,60.11406],[24.70208,60.10625],[24.73958,60.125],[24.69219,60.14114],[24.72917,60.15],[24.74792,60.14375],[24.80156,60.15885],[24.81667,60.175],[24.83281,60.16719],[24.8276,60.17448],[24.84115,60.17552],[24.84323,60.19114],[24.81458,60.19167],[24.83542,60.20625],[24.9099,60.1849],[24.91198,60.17552],[24.90052,60.17239],[24.91406,60.17032],[24.90833,60.15208],[24.92708,60.1625],[24.92917,60.15208],[24.96406,60.15677],[24.9526,60.16406],[24.97656,60.16823],[24.9401,60.17865],[24.9849,60.18386],[24.98333,60.20833],[25.01823,60.20573],[25.0026,60.1974],[25.01198,60.19218],[24.99635,60.18698],[25.00052,60.18177],[25.01406,60.17969],[25.02083,60.18958],[25.04531,60.18282],[25.0151,60.17448],[25.01094,60.16302],[25.08542,60.15833],[25.0974,60.16198],[25.08542,60.17083],[25.05885,60.1651],[25.07031,60.16927],[25.06302,60.18073],[25.08698,60.18594],[25.06094,60.18386],[25.07135,60.19948],[25.11667,60.2125],[25.0901,60.1901],[25.15417,60.20208],[25.175,60.19375],[25.19427,60.22135]]],[[[25.25,60.23333],[25.22708,60.23542],[25.21719,60.22343],[25.26406,60.21927],[25.25052,60.22343],[25.25,60.23333]]],[[[25.2901,60.22552],[25.2974,60.23282],[25.28177,60.23698],[25.2901,60.22552]]],[[[25.89115,60.22343],[25.87083,60.23333],[25.85208,60.22292],[25.82708,60.22917],[25.80677,60.20052],[25.92031,60.20677],[25.89115,60.22343]]],[[[25.6875,60.21042],[25.67292,60.23125],[25.65677,60.21823],[25.6875,60.21042]]],[[[25.94427,60.22031],[25.93385,60.21719],[25.95156,60.21927],[25.94427,60.22031]]],[[[25.96335,60.2225],[25.95886,60.21719],[25.98281,60.22135],[25.96335,60.2225]]],[[[25.31719,60.22239],[25.32448,60.22448],[25.30261,60.22656],[25.31719,60.22239]]],[[[25.93333,60.22917],[25.91458,60.23542],[25.89427,60.22552],[25.92083,60.21875],[25.93698,60.22135],[25.91927,60.22552],[25.93333,60.22917]]],[[[25.34427,60.24219],[25.29844,60.24323],[25.35,60.225],[25.36823,60.23594],[25.34427,60.24219]]],[[[25.91875,60.23958],[25.92656,60.24323],[25.88385,60.24115],[25.91875,60.23958]]],[[[25.95639,60.2438],[25.96406,60.2474],[25.92969,60.24532],[25.95639,60.2438]]],[[[25.61458,60.3],[25.60417,60.31458],[25.5776,60.30365],[25.57135,60.26927],[25.59635,60.24219],[25.64115,60.24323],[25.59635,60.22656],[25.63125,60.20417],[25.64323,60.21094],[25.62969,60.21511],[25.63802,60.22656],[25.67865,60.24115],[25.65156,60.2724],[25.61094,60.28802],[25.61458,60.3]]],[[[26.1375,60.29167],[26.125,60.31042],[26.09844,60.30782],[26.09375,60.29792],[26.11667,60.275],[26.1349,60.28177],[26.11719,60.29115],[26.1375,60.29167]]],[[[25.93177,60.3224],[25.92761,60.3151],[25.93906,60.31927],[25.93177,60.3224]]],[[[26.28333,60.31667],[26.27552,60.31302],[26.28906,60.31094],[26.28333,60.31667]]],[[[26.2,60.34583],[26.17708,60.35209],[26.16719,60.34219],[26.19792,60.31875],[26.2474,60.32135],[26.2,60.34583]]],[[[23.46417,59.87931],[23.45194,59.88014],[23.47806,59.8768],[23.46417,59.87931]]],[[[23.31417,59.89347],[23.2825,59.88598],[23.33472,59.88486],[23.31417,59.89347]]],[[[23.43417,59.89431],[23.40361,59.89069],[23.44417,59.89236],[23.43417,59.89431]]],[[[22.93306,59.8918],[22.91972,59.8932],[22.94528,59.88736],[22.93306,59.8918]]],[[[22.97972,59.9007],[22.94306,59.89819],[22.98805,59.88903],[22.97194,59.89458],[22.97972,59.9007]]],[[[22.88417,59.89681],[22.87361,59.89597],[22.88972,59.88958],[22.88417,59.89681]]],[[[22.90306,59.90264],[22.89083,59.9007],[22.89417,59.89264],[22.9075,59.89597],[22.90306,59.90264]]],[[[23.35917,59.91042],[23.33639,59.90096],[23.35917,59.90125],[23.35861,59.88958],[23.39861,59.89097],[23.39972,59.90236],[23.38861,59.90264],[23.39139,59.89431],[23.35917,59.91042]]],[[[23.06528,59.90264],[23.05695,59.90347],[23.06361,59.89347],[23.09584,59.89347],[23.06528,59.90264]]],[[[23.11528,59.93126],[23.09194,59.93208],[23.10472,59.91681],[23.0875,59.91015],[23.07528,59.91708],[23.07528,59.90542],[23.09917,59.91153],[23.10972,59.90431],[23.10417,59.89819],[23.14194,59.89292],[23.11861,59.90375],[23.12861,59.91597],[23.11306,59.9118],[23.10028,59.92375],[23.11528,59.93126]]],[[[22.82528,59.96097],[22.81194,59.9632],[22.81472,59.95597],[22.82528,59.96097]]],[[[23.82861,59.92819],[23.8025,59.92375],[23.84861,59.92431],[23.82861,59.92819]]],[[[23.87694,59.93432],[23.86417,59.93292],[23.89417,59.92125],[23.87694,59.93432]]],[[[23.81306,59.94375],[23.81083,59.95042],[23.76805,59.93736],[23.76583,59.94514],[23.74417,59.94125],[23.74528,59.92625],[23.76861,59.92292],[23.76139,59.92708],[23.81306,59.94375]]],[[[24.00361,59.94042],[23.99361,59.93958],[24.01083,59.93458],[24.00361,59.94042]]],[[[23.97361,59.94403],[23.95918,59.94208],[23.98361,59.94125],[23.97361,59.94403]]],[[[23.49472,59.97764],[23.47917,59.97208],[23.50528,59.97681],[23.49472,59.97764]]],[[[24.00052,60.01719],[23.97344,60.01511],[23.99583,60.00625],[24.00052,60.01719]]],[[[26.80833,60.31458],[26.8026,60.31094],[26.81406,60.30886],[26.80833,60.31458]]],[[[26.78281,60.35989],[26.76042,60.37083],[26.74427,60.36406],[26.775,60.34583],[26.78281,60.35989]]],[[[27.05,60.40208],[27.0151,60.40573],[27.03802,60.37552],[27.06615,60.37552],[27.05885,60.39323],[27.06615,60.40157],[27.05,60.40208]]],[[[26.41719,60.3526],[26.42708,60.34375],[26.43906,60.35573],[26.41719,60.3526]]],[[[26.5974,60.36406],[26.59792,60.35625],[26.6099,60.36302],[26.59427,60.37032],[26.5974,60.36406]]],[[[26.34844,60.36302],[26.35987,60.36407],[26.3401,60.37448],[26.34844,60.36302]]],[[[26.11615,60.38907],[26.09375,60.39583],[26.08594,60.38802],[26.11458,60.37917],[26.11615,60.38907]]],[[[27.4224,60.39844],[27.42292,60.41667],[27.40677,60.40573],[27.4224,60.39844]]],[[[26.98281,60.41302],[26.9974,60.40885],[26.98542,60.42292],[26.98281,60.41302]]],[[[26.7599,60.42344],[26.74011,60.4349],[26.72552,60.41093],[26.73385,60.42239],[26.7599,60.42344]]],[[[27.45625,60.43125],[27.45052,60.42552],[27.46406,60.43282],[27.45625,60.43125]]],[[[27.55156,60.43177],[27.54583,60.44167],[27.53594,60.43282],[27.55156,60.43177]]],[[[27.04583,60.43958],[27.03177,60.44427],[27.02917,60.45625],[26.98802,60.43386],[27.02292,60.4125],[27.03073,60.41615],[27.01927,60.42032],[27.0349,60.42552],[27.03542,60.4375],[27.0724,60.4276],[27.05781,60.44323],[27.04583,60.43958]]],[[[26.90365,60.4599],[26.87292,60.46667],[26.87031,60.45469],[26.85833,60.45833],[26.86198,60.45052],[26.84219,60.44635],[26.85417,60.43125],[26.8875,60.43333],[26.89219,60.42344],[26.91823,60.42136],[26.92031,60.43073],[26.89844,60.43594],[26.91823,60.44218],[26.90885,60.44844],[26.91406,60.45781],[26.90365,60.4599]]],[[[24.3125,60.04792],[24.32031,60.05156],[24.29844,60.04948],[24.3125,60.04792]]],[[[24.34948,60.06094],[24.35573,60.06614],[24.33333,60.06458],[24.34948,60.06094]]],[[[25.52917,60.2375],[25.53906,60.23802],[25.53698,60.25365],[25.5151,60.24115],[25.52917,60.2375]]],[[[27.18073,60.45781],[27.15677,60.4599],[27.18906,60.45261],[27.18073,60.45781]]],[[[26.94531,60.44844],[26.9599,60.47239],[26.92135,60.4599],[26.94531,60.44844]]],[[[27.40156,60.46407],[27.36719,60.47239],[27.37708,60.45208],[27.41615,60.45469],[27.40156,60.46407]]],[[[27.37677,60.48866],[27.36458,60.49792],[27.33802,60.49323],[27.37677,60.48866]]]]}},{"type":"Feature","properties":{"gid":"FIN.5_1","name":"西芬兰省","nameEn":"Western Finland","nameLocal":"","type":"Province","typeEn":"Province","groupZh":"省","area":88887.8,"iso":"NA","engtype":"Province","capital":"坦佩雷","pop":1850000,"blurb":"工业与湖泊区，坦佩雷与图尔库双城。"},"geometry":{"type":"MultiPolygon","coordinates":[[[[21.99528,59.85014],[21.9825,59.84208],[21.99417,59.83958],[21.98583,59.84236],[21.99528,59.85014]]],[[[22.17472,59.8418],[22.15972,59.84042],[22.18194,59.8382],[22.17472,59.8418]]],[[[22.11972,59.8532],[22.10861,59.85347],[22.12361,59.84597],[22.11695,59.84181],[22.13583,59.84347],[22.12583,59.84653],[22.13529,59.8532],[22.11972,59.8532]]],[[[22.19917,59.84819],[22.20917,59.84958],[22.18528,59.85014],[22.19917,59.84819]]],[[[22.1075,59.86542],[22.05806,59.85986],[22.09306,59.8568],[22.1075,59.86542]]],[[[22.12972,59.86431],[22.1175,59.85903],[22.16028,59.85708],[22.12972,59.86431]]],[[[22.21638,59.86264],[22.17861,59.85486],[22.21139,59.85097],[22.2025,59.85514],[22.21638,59.86264]]],[[[22.20972,59.8768],[22.17194,59.86792],[22.20417,59.86653],[22.21694,59.87236],[22.20972,59.8768]]],[[[21.96917,59.86986],[21.95917,59.86986],[21.96139,59.85625],[21.98305,59.85959],[21.96528,59.85931],[21.96917,59.86986]]],[[[21.76361,59.8882],[21.75695,59.88208],[21.77917,59.88403],[21.76361,59.8882]]],[[[21.88028,59.91319],[21.86917,59.90375],[21.88806,59.90986],[21.88028,59.91319]]],[[[21.6925,59.91347],[21.67417,59.91347],[21.67028,59.90486],[21.69528,59.90264],[21.6925,59.91347]]],[[[21.65417,59.91153],[21.64528,59.90903],[21.66028,59.90764],[21.65417,59.91153]]],[[[21.75028,59.92125],[21.70361,59.90903],[21.72806,59.91708],[21.73639,59.90931],[21.75028,59.92125]]],[[[21.36528,59.7868],[21.35639,59.78097],[21.39139,59.77431],[21.36528,59.7868]]],[[[21.39306,59.79292],[21.36417,59.79014],[21.38972,59.78431],[21.39306,59.79292]]],[[[21.64361,59.83458],[21.5975,59.8332],[21.55639,59.81569],[21.64361,59.83458]]],[[[21.46472,59.91153],[21.4525,59.91042],[21.46083,59.90264],[21.46472,59.91153]]],[[[21.3025,59.96181],[21.32306,59.96458],[21.31139,59.97014],[21.3025,59.96181]]],[[[21.23861,59.97264],[21.23028,59.97181],[21.24806,59.97043],[21.23861,59.97264]]],[[[21.60361,59.95597],[21.58917,59.94958],[21.61972,59.94514],[21.60361,59.95597]]],[[[21.61806,59.9743],[21.59805,59.9707],[21.6275,59.97097],[21.61806,59.9743]]],[[[21.49115,60.04427],[21.49583,60.03542],[21.50365,60.04532],[21.49115,60.04427]]],[[[21.56458,60.09792],[21.55469,60.09011],[21.57917,60.09583],[21.56458,60.09792]]],[[[21.37292,60.07084],[21.37865,60.07657],[21.34635,60.0724],[21.37292,60.07084]]],[[[21.46667,60.13125],[21.4849,60.14323],[21.45052,60.14114],[21.46667,60.13125]]],[[[21.425,60.18542],[21.41927,60.18177],[21.43073,60.1776],[21.425,60.18542]]],[[[21.32306,59.97709],[21.31639,59.9782],[21.33528,59.97153],[21.32306,59.97709]]],[[[21.25083,59.98931],[21.24278,59.99882],[21.24421,59.99153],[21.23028,59.99347],[21.25306,59.98153],[21.25083,59.98931]]],[[[21.32292,60.07292],[21.34115,60.07657],[21.3151,60.07448],[21.32292,60.07292]]],[[[21.31719,60.15573],[21.32448,60.15469],[21.30625,60.16875],[21.28958,60.15208],[21.31719,60.15573]]],[[[21.30469,60.26511],[21.32031,60.26302],[21.31458,60.27083],[21.30469,60.26511]]],[[[21.23958,60.27292],[21.23802,60.26511],[21.2474,60.26719],[21.23958,60.27292]]],[[[21.0625,60.1375],[21.08542,60.13542],[21.0875,60.14375],[21.0625,60.1375]]],[[[21.24167,60.19792],[21.21094,60.19948],[21.21667,60.19167],[21.25573,60.19218],[21.24167,60.19792]]],[[[21.21875,60.24375],[21.22292,60.2375],[21.23333,60.24583],[21.21875,60.24375]]],[[[21.23958,60.30833],[21.21667,60.31458],[21.2224,60.30677],[21.20052,60.30469],[21.23958,60.30833]]],[[[21.18906,60.3224],[21.20208,60.32084],[21.19167,60.32917],[21.18906,60.3224]]],[[[21.16719,60.32031],[21.14427,60.33073],[21.1599,60.3224],[21.15052,60.31094],[21.16719,60.32031]]],[[[21.17656,60.33386],[21.17917,60.32708],[21.19115,60.33698],[21.17656,60.33386]]],[[[22.04417,59.87875],[22.03528,59.87292],[22.07417,59.87708],[22.04417,59.87875]]],[[[22.17972,59.92736],[22.16583,59.92403],[22.19639,59.92264],[22.17972,59.92736]]],[[[22.1875,59.93875],[22.17861,59.93625],[22.19583,59.93764],[22.1875,59.93875]]],[[[21.78917,59.93153],[21.77139,59.93042],[21.77806,59.92403],[21.76694,59.92097],[21.78139,59.91653],[21.75528,59.91597],[21.74417,59.90264],[21.79806,59.91819],[21.78917,59.93153]]],[[[21.8125,59.94236],[21.7975,59.93847],[21.81472,59.93181],[21.8125,59.94236]]],[[[21.62306,59.94375],[21.62972,59.94764],[21.61416,59.9393],[21.62306,59.94375]]],[[[21.79472,59.97903],[21.74472,59.96597],[21.74306,59.95542],[21.75639,59.95403],[21.7325,59.94569],[21.75417,59.94208],[21.77917,59.95347],[21.79472,59.97903]]],[[[21.91198,60.13177],[21.91823,60.1349],[21.9026,60.13698],[21.91198,60.13177]]],[[[22.09375,60.13334],[22.10156,60.1349],[22.07552,60.13698],[22.09375,60.13334]]],[[[22.11719,60.13698],[22.1349,60.14427],[22.1349,60.15781],[22.07552,60.14531],[22.11719,60.13698]]],[[[21.65528,59.98736],[21.64472,59.98375],[21.64861,59.97709],[21.6675,59.9818],[21.64972,59.98208],[21.65528,59.98736]]],[[[21.65917,59.99653],[21.64361,59.99597],[21.66917,59.9932],[21.65917,59.99653]]],[[[21.76972,60.03574],[21.76302,60.03177],[21.77865,60.02969],[21.76972,60.03574]]],[[[21.79792,60.05833],[21.7901,60.0526],[21.80365,60.05052],[21.79792,60.05833]]],[[[21.79583,60.09583],[21.80573,60.09739],[21.78177,60.09948],[21.79583,60.09583]]],[[[21.78333,60.11667],[21.73958,60.12083],[21.70677,60.11094],[21.74583,60.09792],[21.75781,60.10156],[21.73177,60.1026],[21.75573,60.10886],[21.74219,60.11406],[21.78333,60.11667]]],[[[21.64792,60.09375],[21.63385,60.09011],[21.65365,60.09011],[21.64792,60.09375]]],[[[21.65705,60.19816],[21.60417,60.20208],[21.61198,60.19635],[21.60052,60.19218],[21.66406,60.18594],[21.65705,60.19816]]],[[[21.65885,60.2526],[21.66667,60.25417],[21.65052,60.25573],[21.65885,60.2526]]],[[[21.77083,60.10625],[21.76094,60.10469],[21.77656,60.1026],[21.77083,60.10625]]],[[[21.88385,60.20781],[21.88125,60.22083],[21.78125,60.21458],[21.77344,60.21198],[21.77708,60.2],[21.75052,60.2099],[21.72656,60.19844],[21.7151,60.17448],[21.74948,60.16927],[21.70886,60.16406],[21.71615,60.14427],[21.69219,60.13385],[21.79583,60.12917],[21.84167,60.11458],[21.8625,60.12292],[21.89948,60.11927],[21.87135,60.12656],[21.90156,60.14219],[21.88594,60.1474],[21.92292,60.15417],[21.89219,60.15677],[21.89167,60.16875],[21.84427,60.14948],[21.82031,60.12552],[21.80677,60.13385],[21.81615,60.14427],[21.80885,60.15365],[21.825,60.14792],[21.86406,60.1651],[21.85816,60.16869],[21.90781,60.17552],[21.86511,60.18698],[21.93906,60.18594],[21.88385,60.20781]]],[[[21.78125,60.25208],[21.78698,60.2599],[21.75625,60.26042],[21.75208,60.25],[21.78125,60.25208]]],[[[21.50625,60.10625],[21.49167,60.11875],[21.46302,60.10989],[21.50625,60.10625]]],[[[21.49011,60.15677],[21.49167,60.15],[21.50156,60.15781],[21.49011,60.15677]]],[[[21.59375,60.18542],[21.55885,60.18698],[21.56615,60.1776],[21.51094,60.15157],[21.50677,60.14219],[21.51823,60.13802],[21.49167,60.13958],[21.46927,60.12344],[21.50208,60.13542],[21.50052,60.1276],[21.5224,60.11823],[21.51667,60.1125],[21.6125,60.1125],[21.6349,60.10573],[21.625,60.10208],[21.63333,60.09792],[21.68281,60.09427],[21.68698,60.10365],[21.61927,60.11198],[21.67031,60.11927],[21.64583,60.14583],[21.69115,60.15677],[21.68906,60.17656],[21.59375,60.18542]]],[[[21.50052,60.17448],[21.50781,60.1849],[21.47969,60.18073],[21.48281,60.17136],[21.46719,60.1651],[21.49797,60.1646],[21.50052,60.17448]]],[[[21.50469,60.22343],[21.51823,60.21927],[21.51667,60.22709],[21.50469,60.22343]]],[[[21.52708,60.23542],[21.52344,60.24115],[21.55365,60.24948],[21.53333,60.25417],[21.49635,60.23698],[21.52708,60.23542]]],[[[21.5125,60.25417],[21.50469,60.25052],[21.52448,60.25573],[21.5125,60.25417]]],[[[21.61511,60.2599],[21.60573,60.2724],[21.58177,60.2724],[21.55885,60.21719],[21.60365,60.22135],[21.60469,60.23698],[21.64115,60.2526],[21.5901,60.2526],[21.61511,60.2599]]],[[[21.47135,60.29532],[21.4651,60.29219],[21.49531,60.29427],[21.47135,60.29532]]],[[[21.4375,60.2375],[21.4474,60.24115],[21.41719,60.23698],[21.40052,60.21302],[21.46406,60.21302],[21.45417,60.225],[21.46406,60.23489],[21.42552,60.23177],[21.4375,60.2375]]],[[[21.47292,60.25625],[21.44583,60.26042],[21.4401,60.2526],[21.48281,60.25469],[21.47292,60.25625]]],[[[21.35,60.17708],[21.34219,60.17344],[21.3599,60.17552],[21.35,60.17708]]],[[[21.42499,60.25728],[21.4125,60.26667],[21.35833,60.2625],[21.3526,60.25471],[21.37083,60.24792],[21.41198,60.25052],[21.375,60.24167],[21.31667,60.25],[21.30885,60.24636],[21.32031,60.24427],[21.30469,60.2401],[21.33073,60.23386],[21.31406,60.22343],[21.26042,60.22709],[21.25052,60.22239],[21.2599,60.21511],[21.24844,60.21094],[21.26667,60.20417],[21.28125,60.21458],[21.30208,60.2],[21.33542,60.20208],[21.34323,60.19635],[21.31302,60.19427],[21.36198,60.18698],[21.36247,60.17709],[21.4375,60.1875],[21.46823,60.2099],[21.38125,60.20417],[21.35677,60.2099],[21.39115,60.21094],[21.39948,60.22448],[21.38542,60.21875],[21.37135,60.22552],[21.38125,60.23333],[21.33594,60.23386],[21.40417,60.23958],[21.42656,60.24636],[21.42499,60.25728]]],[[[21.44635,60.27657],[21.45156,60.28489],[21.42708,60.28958],[21.39219,60.28489],[21.37969,60.27136],[21.44635,60.27657]]],[[[21.57969,60.29427],[21.55417,60.30417],[21.52136,60.28802],[21.56458,60.27917],[21.55469,60.28281],[21.57865,60.28593],[21.57969,60.29427]]],[[[21.61875,60.29583],[21.6026,60.29427],[21.63073,60.29427],[21.61875,60.29583]]],[[[21.58698,60.33073],[21.59531,60.32969],[21.57552,60.33907],[21.58698,60.33073]]],[[[21.49115,60.3724],[21.4849,60.38698],[21.46927,60.38281],[21.48177,60.36719],[21.49115,60.3724]]],[[[21.31667,60.2875],[21.31875,60.27708],[21.33073,60.28593],[21.31667,60.2875]]],[[[21.29932,60.30833],[21.2901,60.30677],[21.3099,60.30469],[21.29932,60.30833]]],[[[21.28073,60.28698],[21.29375,60.28333],[21.30156,60.29323],[21.28073,60.28698]]],[[[21.29635,60.33073],[21.30365,60.33698],[21.29167,60.33958],[21.27865,60.32344],[21.26302,60.32344],[21.31198,60.32761],[21.29635,60.33073]]],[[[21.33594,60.38802],[21.30417,60.39167],[21.30052,60.38594],[21.31615,60.38594],[21.29167,60.375],[21.31458,60.36042],[21.325,60.37083],[21.33906,60.36615],[21.33177,60.35886],[21.33958,60.35209],[21.37448,60.3526],[21.33594,60.38802]]],[[[21.26458,60.39583],[21.27448,60.40157],[21.25208,60.39792],[21.26458,60.39583]]],[[[21.26875,60.41459],[21.27656,60.41615],[21.24844,60.41823],[21.26875,60.41459]]],[[[21.17083,60.3625],[21.175,60.35417],[21.18958,60.36042],[21.17083,60.3625]]],[[[21.14427,60.34948],[21.1401,60.34219],[21.15,60.33958],[21.16823,60.35365],[21.14427,60.34948]]],[[[21.175,60.37708],[21.16667,60.3875],[21.16094,60.37344],[21.175,60.37708]]],[[[21.1875,60.4],[21.18594,60.39219],[21.19948,60.39427],[21.19323,60.40573],[21.1875,60.4]]],[[[21.2224,60.42344],[21.20052,60.42865],[21.21198,60.41406],[21.19844,60.40573],[21.20469,60.39635],[21.21458,60.40417],[21.23073,60.39844],[21.2224,60.42344]]],[[[21.18333,60.44584],[21.19115,60.4474],[21.17083,60.44792],[21.18333,60.44584]]],[[[21.24011,60.5401],[21.2474,60.54739],[21.22969,60.54532],[21.24011,60.5401]]],[[[21.2026,60.55469],[21.19844,60.54843],[21.20781,60.55052],[21.2026,60.55469]]],[[[21.26042,60.58125],[21.2375,60.58542],[21.23177,60.57969],[21.24531,60.57552],[21.23125,60.57292],[21.25781,60.56406],[21.24427,60.55365],[21.25052,60.54427],[21.28125,60.55],[21.27344,60.54739],[21.28073,60.53802],[21.275,60.52708],[21.2526,60.53281],[21.24011,60.50885],[21.27292,60.51667],[21.26719,60.50469],[21.28905,60.50158],[21.2776,60.49427],[21.3125,60.48542],[21.35365,60.49427],[21.33698,60.51614],[21.31927,60.51927],[21.31615,60.54739],[21.26042,60.58125]]],[[[21.33594,60.6651],[21.34115,60.67032],[21.32708,60.66667],[21.34323,60.65885],[21.33594,60.6651]]],[[[21.31963,60.71042],[21.3125,60.71875],[21.28542,60.7125],[21.31963,60.71042]]],[[[21.35156,60.40885],[21.31719,60.40677],[21.36042,60.40625],[21.35469,60.39844],[21.3651,60.38385],[21.4,60.36875],[21.40781,60.3776],[21.40052,60.38698],[21.4099,60.39531],[21.35156,60.40885]]],[[[21.40208,60.425],[21.41406,60.42552],[21.41615,60.43698],[21.39375,60.42917],[21.38385,60.43906],[21.35677,60.4151],[21.36875,60.41042],[21.40208,60.425]]],[[[21.43659,60.41628],[21.42292,60.425],[21.4026,60.4151],[21.41615,60.41198],[21.4151,60.40052],[21.43333,60.4],[21.43659,60.41628]]],[[[21.44219,60.56614],[21.44323,60.57448],[21.42552,60.5724],[21.44219,60.56614]]],[[[21.54427,60.50677],[21.525,60.51667],[21.52448,60.5026],[21.5151,60.50052],[21.54792,60.48542],[21.57656,60.49219],[21.55052,60.49011],[21.56406,60.50156],[21.54427,60.50677]]],[[[21.48906,60.54636],[21.47552,60.55052],[21.48125,60.55833],[21.42344,60.56094],[21.42135,60.57657],[21.43073,60.58073],[21.4026,60.58177],[21.40365,60.59115],[21.36302,60.59843],[21.3526,60.60266],[21.35573,60.61406],[21.32552,60.61927],[21.35781,60.62448],[21.3151,60.63594],[21.30677,60.64948],[21.32083,60.66667],[21.26094,60.67032],[21.2849,60.66093],[21.23594,60.64948],[21.2349,60.63177],[21.21458,60.625],[21.22552,60.60886],[21.26042,60.6],[21.2724,60.6026],[21.26094,60.61198],[21.28906,60.60989],[21.29115,60.60052],[21.27344,60.59843],[21.28958,60.58125],[21.3224,60.58177],[21.31927,60.59739],[21.3474,60.60156],[21.36823,60.58281],[21.34219,60.5724],[21.35156,60.56927],[21.32083,60.56458],[21.32656,60.5724],[21.28802,60.57552],[21.31719,60.55469],[21.34323,60.55156],[21.33386,60.54219],[21.38281,60.52865],[21.38802,60.51511],[21.43281,60.49948],[21.43385,60.48594],[21.44792,60.48125],[21.47708,60.47917],[21.49948,60.49219],[21.50365,60.49948],[21.49219,60.50573],[21.5099,60.50677],[21.5026,60.51614],[21.51042,60.52083],[21.49635,60.53073],[21.5349,60.52552],[21.51198,60.54948],[21.49167,60.55417],[21.48906,60.54636]]],[[[21.36302,60.49011],[21.35469,60.48386],[21.36823,60.48386],[21.36302,60.49011]]],[[[21.3849,60.50364],[21.375,60.51875],[21.34792,60.5125],[21.37917,60.49167],[21.39323,60.49636],[21.3849,60.50364]]],[[[21.35833,60.7625],[21.32969,60.76614],[21.34115,60.7526],[21.3276,60.75052],[21.37656,60.74844],[21.35833,60.7625]]],[[[21.43333,60.61458],[21.43906,60.61094],[21.42552,60.6026],[21.46458,60.58125],[21.5125,60.57708],[21.49427,60.58698],[21.52865,60.59323],[21.5151,60.58385],[21.53906,60.5651],[21.49635,60.56094],[21.5224,60.55782],[21.51927,60.55052],[21.54635,60.52969],[21.5599,60.53906],[21.57031,60.52344],[21.54635,60.52448],[21.55052,60.51094],[21.56667,60.50417],[21.575,60.51875],[21.58281,60.50885],[21.57344,60.49844],[21.60625,60.49375],[21.65365,60.51511],[21.66719,60.54115],[21.68073,60.54636],[21.68281,60.55782],[21.67344,60.56094],[21.67969,60.58281],[21.75625,60.59375],[21.81094,60.62864],[21.84531,60.6349],[21.8224,60.58177],[21.80885,60.58073],[21.8224,60.55052],[21.80052,60.51823],[21.80365,60.50889],[21.77344,60.50052],[21.80365,60.54115],[21.75625,60.55625],[21.74219,60.54532],[21.74531,60.53593],[21.70677,60.51823],[21.71198,60.50468],[21.69844,60.49844],[21.70781,60.48177],[21.69219,60.47448],[21.7125,60.45833],[21.74115,60.47344],[21.7276,60.4776],[21.7375,60.48542],[21.76458,60.47292],[21.78125,60.49375],[21.81042,60.48958],[21.82708,60.5],[21.86615,60.49115],[21.82135,60.48698],[21.80052,60.46823],[21.81823,60.47031],[21.82448,60.45885],[21.80885,60.45573],[21.8125,60.44375],[21.78802,60.4474],[21.78594,60.43802],[21.8099,60.43177],[21.78177,60.42552],[21.83125,60.41875],[21.79844,60.41406],[21.81615,60.40885],[21.79219,60.39844],[21.825,60.37917],[21.92656,60.36093],[21.82292,60.375],[21.84948,60.36615],[21.82552,60.36615],[21.83333,60.35625],[21.97917,60.33958],[22.00833,60.34792],[22.02708,60.34167],[22.04948,60.35469],[22.02969,60.36093],[22.02865,60.37448],[22.00885,60.37552],[22.01458,60.38125],[21.95677,60.38385],[21.9974,60.39011],[21.99531,60.39948],[21.93802,60.40052],[21.9724,60.40261],[21.97448,60.41406],[21.92135,60.45052],[21.90677,60.47969],[21.91615,60.48906],[21.8776,60.51094],[21.88073,60.52448],[21.86719,60.54739],[21.8849,60.54323],[21.88177,60.53177],[21.88958,60.53125],[21.90417,60.55],[21.91302,60.52761],[21.9349,60.52448],[21.9276,60.51719],[21.95417,60.51667],[21.9526,60.50885],[21.96667,60.50417],[21.98906,60.5099],[21.98594,60.4901],[22.01875,60.48958],[22.02656,60.48177],[22.01094,60.4776],[22.0349,60.47656],[22.01719,60.47448],[22.01458,60.46042],[21.92552,60.48489],[21.92761,60.46094],[21.9401,60.44844],[21.97865,60.43906],[21.99375,60.42292],[22.0625,60.425],[22.07448,60.44218],[22.02969,60.44218],[22.03698,60.44948],[22.025,60.46042],[22.09792,60.44584],[22.12292,60.4625],[22.12083,60.44375],[22.19531,60.44427],[22.0901,60.42656],[22.09583,60.41875],[22.10781,60.42448],[22.10677,60.40677],[22.13542,60.42292],[22.17708,60.42292],[22.14635,60.40469],[22.17031,60.40365],[22.15677,60.39427],[22.175,60.38542],[22.24792,60.38958],[22.24011,60.37968],[22.27865,60.38177],[22.25885,60.38802],[22.28073,60.39114],[22.25677,60.40469],[22.25052,60.41615],[22.25833,60.41667],[22.28073,60.40573],[22.2901,60.38594],[22.32656,60.38698],[22.31094,60.37864],[22.31875,60.3625],[22.47083,60.38958],[22.59375,60.37708],[22.62865,60.39531],[22.59323,60.35469],[22.56302,60.35365],[22.55365,60.32761],[22.48802,60.29532],[22.46927,60.28073],[22.46823,60.26719],[22.45677,60.26614],[22.49792,60.25],[22.5625,60.27292],[22.56823,60.25885],[22.54635,60.25156],[22.56198,60.24948],[22.55261,60.2401],[22.5724,60.2401],[22.58333,60.26042],[22.58386,60.24844],[22.59948,60.24532],[22.53177,60.22865],[22.51875,60.21667],[22.52708,60.2125],[22.57083,60.21458],[22.66875,60.24375],[22.79167,60.25625],[22.86615,60.28802],[22.86302,60.29532],[22.87917,60.30625],[22.9625,60.32292],[22.96875,60.31667],[22.99167,60.33333],[23.01406,60.32657],[22.99635,60.31823],[23.00573,60.30677],[22.99375,60.30208],[23.01823,60.30156],[23.01406,60.29636],[22.97969,60.28698],[22.97656,60.27136],[22.96094,60.2724],[22.9474,60.24851],[22.8625,60.1875],[22.8526,60.19635],[22.8625,60.21042],[22.85469,60.21615],[22.89531,60.22343],[22.90469,60.25156],[22.93698,60.25885],[22.9849,60.30052],[22.97656,60.31406],[22.91302,60.30573],[22.90573,60.28385],[22.86719,60.2724],[22.86406,60.24219],[22.84583,60.2375],[22.6125,60.22917],[22.54792,60.20625],[22.47969,60.20677],[22.5099,60.23489],[22.46927,60.23698],[22.45469,60.22239],[22.46198,60.20261],[22.41302,60.17865],[22.41719,60.15885],[22.525,60.1625],[22.62031,60.15052],[22.48802,60.14635],[22.49583,60.15625],[22.47344,60.15157],[22.4849,60.14427],[22.43385,60.1349],[22.42969,60.12344],[22.48906,60.10782],[22.47083,60.10417],[22.47135,60.09219],[22.4875,60.08542],[22.47917,60.075],[22.4651,60.07761],[22.47448,60.0849],[22.46198,60.09739],[22.42292,60.11042],[22.3974,60.09427],[22.36458,60.08958],[22.36302,60.06094],[22.3849,60.0349],[22.3776,60.01511],[22.39167,60.00208],[22.43281,60.01927],[22.43542,60.03125],[22.44531,60.01823],[22.43594,60.0026],[22.4599,60.0026],[22.46458,60.01875],[22.50833,60.00208],[22.53073,60.0099],[22.49844,60.01614],[22.60002,60.04166],[22.57344,60.02552],[22.61406,60.02865],[22.62865,60.01823],[22.60972,60.0],[22.61695,59.9982],[22.6474,60.00885],[22.63594,60.01614],[22.6625,60.02917],[22.66406,60.01927],[22.65052,60.01094],[22.66083,59.99347],[22.68028,59.99097],[22.68719,59.99535],[22.67552,60.01407],[22.68594,60.02031],[22.69375,60.00625],[22.72917,60.01667],[22.75625,60.00625],[22.75052,60.03073],[22.76198,60.03073],[22.76458,60.0125],[22.78906,60.02761],[22.77448,60.04323],[22.75469,60.04323],[22.78073,60.05052],[22.77083,60.06667],[22.77969,60.07864],[22.83906,60.09427],[22.85885,60.12656],[22.88073,60.13594],[22.85677,60.14011],[22.8724,60.14948],[22.82969,60.17552],[22.86875,60.1875],[22.88906,60.18282],[22.87135,60.17032],[22.87552,60.15677],[22.90365,60.14948],[22.90417,60.14167],[22.96615,60.13281],[22.97708,60.11667],[22.97135,60.10886],[23.00573,60.11511],[23.01458,60.13334],[23.02917,60.12292],[23.05833,60.12917],[23.02344,60.11198],[23.03073,60.10573],[23.02451,60.10055],[23.08171,60.08996],[23.14555,60.09746],[23.27734,60.15273],[23.27958,60.17514],[23.29897,60.18816],[23.32605,60.18748],[23.31521,60.16977],[23.36748,60.15047],[23.37833,60.16818],[23.46898,60.17035],[23.55402,60.20407],[23.62524,60.19315],[23.65331,60.20138],[23.63974,60.24223],[23.58748,60.26163],[23.63269,60.26041],[23.62514,60.27411],[23.63568,60.28732],[23.72873,60.30724],[23.73437,60.35656],[23.7253,60.35681],[23.72684,60.37027],[23.75405,60.3695],[23.79242,60.38641],[23.78647,60.41355],[23.79765,60.43124],[23.78856,60.4315],[23.79066,60.44943],[23.70023,60.45647],[23.74074,60.49132],[23.86981,60.50115],[23.87196,60.51908],[23.86284,60.51934],[23.84888,60.55573],[23.8859,60.55917],[23.88806,60.5771],[23.91707,60.58975],[23.91925,60.60768],[23.87464,60.61797],[23.87626,60.63142],[23.9064,60.65304],[23.96879,60.63772],[24.05222,60.64423],[24.07795,60.62996],[24.23274,60.62067],[24.24129,60.61591],[24.23834,60.5935],[24.28162,60.57413],[24.28043,60.56516],[24.30839,60.56877],[24.30165,60.58699],[24.36005,60.61211],[24.4124,60.5924],[24.40021,60.57029],[24.42513,60.55147],[24.53577,60.55678],[24.57541,60.57794],[24.57731,60.59138],[24.56033,60.60096],[24.5654,60.6368],[24.61558,60.6666],[24.67766,60.65095],[24.75079,60.64838],[24.80965,60.67331],[24.83642,60.66785],[24.83507,60.65889],[24.88078,60.65724],[25.0045,60.68422],[25.05023,60.68251],[25.06641,60.66839],[25.11142,60.66219],[25.0974,60.68974],[25.08824,60.69009],[25.09037,60.70352],[25.19538,60.72653],[25.15875,60.72794],[25.1158,60.74759],[25.07347,60.71316],[25.05728,60.72728],[25.06644,60.72694],[25.09044,60.76207],[25.15606,60.76858],[25.15823,60.78201],[25.10674,60.80649],[25.10888,60.81992],[25.18237,60.81712],[25.19519,60.83915],[25.21357,60.83844],[25.21765,60.80676],[25.28666,60.77704],[25.3013,60.75395],[25.32111,60.76217],[25.39371,60.75478],[25.43643,60.78911],[25.45017,60.81559],[25.39961,60.84466],[25.40188,60.85808],[25.42179,60.86629],[25.44862,60.86071],[25.46011,60.87377],[25.50764,60.88085],[25.50919,60.8898],[25.52759,60.88905],[25.53369,60.87078],[25.56206,60.87412],[25.56362,60.88307],[25.62643,60.87146],[25.65719,60.8882],[25.66037,60.90611],[25.72042,60.93062],[25.73884,60.92983],[25.74563,60.91603],[25.78407,60.92341],[25.77841,60.8921],[25.92557,60.88573],[25.95231,60.92965],[26.06604,60.89304],[26.10283,60.89138],[26.11546,60.90885],[26.15226,60.90718],[26.16578,60.92912],[26.0645,60.93369],[26.05869,60.95198],[26.04949,60.95239],[26.05204,60.96581],[26.04282,60.96622],[26.04623,60.9841],[26.09063,60.9731],[26.12088,60.98526],[26.12864,61.02551],[26.13874,61.02956],[26.10524,61.0491],[26.11042,61.07593],[26.03057,61.09753],[25.93213,61.07029],[25.86309,61.10033],[25.86558,61.11375],[25.9186,61.14753],[25.91268,61.16581],[25.88735,61.18044],[25.92444,61.22842],[25.8881,61.2345],[25.89229,61.25686],[25.87535,61.26661],[25.80088,61.26978],[25.80998,61.31899],[25.75896,61.34818],[25.76061,61.35713],[25.73342,61.36278],[25.71066,61.34119],[25.58852,61.34171],[25.53949,61.33019],[25.52556,61.35777],[25.49214,61.38165],[25.4937,61.39061],[25.47579,61.39583],[25.493,61.4402],[25.45946,61.46408],[25.46103,61.47302],[25.44306,61.47824],[25.46579,61.55394],[25.47518,61.55357],[25.49567,61.61584],[25.50508,61.61547],[25.5068,61.67849],[25.57204,61.67138],[25.61138,61.6788],[25.65567,61.71307],[25.67538,61.71676],[25.75871,61.70431],[25.74677,61.69128],[25.77425,61.68563],[25.80152,61.72957],[25.81096,61.72918],[25.81434,61.74707],[25.82379,61.74667],[25.82717,61.76456],[25.8581,61.77679],[25.85289,61.79956],[25.87182,61.79875],[25.88044,61.79387],[25.865,61.76297],[25.90283,61.76137],[25.91314,61.76544],[25.91744,61.7878],[25.9269,61.7874],[25.98792,61.75772],[25.99216,61.73048],[26.00931,61.72073],[26.04883,61.72802],[26.05058,61.73697],[26.06859,61.73167],[26.06508,61.7138],[26.08307,61.70849],[26.08043,61.69507],[26.08985,61.69466],[26.0666,61.67313],[26.08458,61.66783],[26.09902,61.64465],[26.14345,61.62915],[26.15019,61.61532],[26.1699,61.61895],[26.18556,61.64983],[26.26941,61.64154],[26.28246,61.65899],[26.3174,61.64387],[26.30343,61.62195],[26.31951,61.60768],[26.35987,61.61936],[26.35138,61.62426],[26.35413,61.63767],[26.37296,61.63681],[26.37757,61.65915],[26.51318,61.62576],[26.52448,61.67937],[26.53391,61.67893],[26.53769,61.6968],[26.52072,61.70662],[26.51507,61.72494],[26.49713,61.73029],[26.4839,61.75799],[26.45751,61.76824],[26.4593,61.77718],[26.41669,61.80172],[26.37123,61.81284],[26.37866,61.84859],[26.39,61.85709],[26.37289,61.8669],[26.37661,61.88477],[26.32825,61.88247],[26.33957,61.89098],[26.34607,61.92226],[26.32984,61.93654],[26.33262,61.94994],[26.41337,61.96881],[26.41525,61.97775],[26.34748,62.02145],[26.34934,62.03039],[26.31399,62.04553],[26.31585,62.05447],[26.28906,62.06469],[26.29091,62.07364],[26.26411,62.08386],[26.26594,62.0928],[26.23049,62.10791],[26.22459,62.12622],[26.25697,62.14282],[26.25974,62.15623],[26.29218,62.17283],[26.30641,62.19475],[26.41562,62.20786],[26.41942,62.22573],[26.43861,62.22485],[26.45493,62.21057],[26.49713,62.22668],[26.48273,62.2499],[26.52403,62.26154],[26.55381,62.26467],[26.5605,62.25082],[26.62181,62.22086],[26.61985,62.21193],[26.65918,62.21458],[26.66311,62.23244],[26.63532,62.23828],[26.63827,62.25168],[26.62867,62.25214],[26.63555,62.28342],[26.61731,62.28878],[26.61927,62.29771],[26.67893,62.30393],[26.68191,62.31733],[26.66365,62.3227],[26.67823,62.34459],[26.77853,62.35786],[26.68052,62.39865],[26.68351,62.41205],[26.7048,62.42007],[26.70115,62.44733],[26.71281,62.45582],[26.70415,62.46073],[26.63352,62.45052],[26.57274,62.48494],[26.47211,62.51665],[26.48568,62.53408],[26.51476,62.53275],[26.55941,62.55778],[26.57601,62.58861],[26.59542,62.58771],[26.5974,62.59664],[26.57996,62.60648],[26.60038,62.61005],[26.60335,62.62345],[26.59363,62.6239],[26.5976,62.64177],[26.5491,62.68914],[26.55206,62.70255],[26.52676,62.72176],[26.52873,62.7307],[26.47607,62.76018],[26.46142,62.78341],[26.40181,62.78157],[26.39107,62.77754],[26.39794,62.76369],[26.35502,62.74755],[26.2334,62.8251],[26.18445,62.82722],[26.15787,62.8419],[26.15974,62.85084],[26.19102,62.85852],[26.17422,62.87278],[26.06021,62.89568],[26.05592,62.92293],[26.03811,62.93269],[26.15182,62.95494],[26.24032,62.95113],[26.26599,62.93197],[26.28564,62.93111],[26.32088,62.95664],[26.3257,62.97899],[26.33651,62.98303],[26.28634,62.98072],[26.28826,62.98965],[26.22601,63.02394],[26.23967,63.0414],[26.32842,63.03754],[26.33035,63.04648],[26.23649,63.07312],[26.23043,63.09143],[26.21163,63.09676],[26.21449,63.11018],[26.18673,63.12038],[26.19053,63.13827],[26.16178,63.144],[26.16652,63.16636],[26.15662,63.16679],[26.16041,63.18467],[26.1505,63.18509],[26.15618,63.21192],[26.18594,63.21066],[26.18269,63.24238],[26.16378,63.2477],[26.1496,63.27537],[26.13966,63.27579],[26.13114,63.33029],[26.09601,63.35432],[26.07607,63.35516],[26.10358,63.3901],[26.11356,63.38968],[26.11736,63.40757],[26.17305,63.4323],[26.17497,63.44124],[26.14784,63.45592],[26.01121,63.43002],[25.89214,63.43938],[25.86487,63.45401],[25.8667,63.46296],[25.82027,63.48286],[25.81297,63.49668],[25.73635,63.51774],[25.47631,63.53219],[25.4019,63.56652],[25.24842,63.61264],[25.14046,63.57589],[25.11599,63.49562],[25.10596,63.49598],[25.09117,63.46945],[25.02868,63.4581],[25.03025,63.46705],[24.89985,63.53004],[24.90138,63.53901],[24.87275,63.54897],[24.87428,63.55793],[24.83631,63.5727],[24.83784,63.58166],[24.81922,63.59128],[24.59769,63.66143],[24.59914,63.6704],[24.55222,63.69437],[24.53629,63.72189],[24.50007,63.75002],[24.5022,63.76346],[24.44843,63.81013],[24.44179,63.83284],[24.24399,63.87466],[24.24668,63.8926],[24.22833,63.90663],[24.23034,63.92008],[24.22015,63.92037],[24.22216,63.93382],[24.17185,63.93975],[24.1643,63.95797],[24.14455,63.96302],[24.13697,63.98124],[24.09938,64.0048],[24.10265,64.02722],[24.09242,64.0275],[24.097,64.05889],[24.08676,64.05917],[24.08872,64.07262],[23.89836,64.10923],[23.69467,64.175],[23.66198,64.14427],[23.64219,64.14948],[23.65156,64.13802],[23.6276,64.14323],[23.64115,64.13281],[23.64115,64.11511],[23.60417,64.125],[23.58177,64.11823],[23.5974,64.10365],[23.5901,64.08802],[23.60573,64.09115],[23.63281,64.0724],[23.61042,64.04583],[23.5875,64.05625],[23.58177,64.05052],[23.58906,64.04844],[23.55833,64.04166],[23.52083,64.05625],[23.47917,64.05625],[23.4375,64.08125],[23.4026,64.08073],[23.37552,64.05573],[23.37552,64.03177],[23.39323,64.01927],[23.37344,64.00052],[23.39115,63.99948],[23.38177,63.98802],[23.39531,63.98177],[23.36719,63.96927],[23.40573,63.94218],[23.37135,63.93073],[23.38281,63.92136],[23.36511,63.92239],[23.36615,63.91302],[23.2875,63.94792],[23.28594,63.93594],[23.32031,63.91927],[23.29167,63.91042],[23.225,63.91042],[23.21042,63.91875],[23.21823,63.91093],[23.20208,63.90417],[23.17083,63.91459],[23.15,63.90625],[23.13333,63.91667],[23.1276,63.90885],[23.14323,63.90052],[23.13125,63.8875],[23.08698,63.91406],[23.06927,63.91406],[23.12031,63.8849],[23.12031,63.86094],[23.1026,63.85677],[23.10573,63.86823],[23.08958,63.87917],[23.0401,63.87448],[23.02969,63.86615],[23.03906,63.86094],[23.0151,63.84843],[23.04323,63.83594],[22.99844,63.8224],[23.01823,63.81198],[23.00677,63.79739],[23.01042,63.78542],[22.98802,63.7901],[22.99115,63.81406],[22.94219,63.82761],[22.96615,63.82969],[22.96302,63.84948],[22.97656,63.85365],[22.95469,63.85469],[22.94844,63.86615],[22.96615,63.86406],[22.9401,63.8776],[22.93906,63.88907],[22.90208,63.9],[22.86458,63.89375],[22.85417,63.90417],[22.85208,63.89375],[22.825,63.90417],[22.81927,63.89844],[22.83281,63.89219],[22.81094,63.88802],[22.82656,63.8849],[22.82135,63.87552],[22.83281,63.86927],[22.81094,63.8651],[22.89375,63.86458],[22.9099,63.85365],[22.88594,63.84739],[22.90156,63.83594],[22.875,63.84375],[22.85833,63.8375],[22.83333,63.85625],[22.78542,63.86042],[22.7901,63.85052],[22.8224,63.84427],[22.77708,63.83542],[22.74583,63.84583],[22.68958,63.84167],[22.70781,63.83177],[22.67135,63.81406],[22.67292,63.80208],[22.6526,63.81302],[22.64583,63.83333],[22.63177,63.83073],[22.64323,63.8224],[22.63542,63.80833],[22.60625,63.81875],[22.58594,63.81406],[22.5974,63.79427],[22.58386,63.78906],[22.59531,63.77969],[22.57969,63.75885],[22.60833,63.75],[22.6125,63.75834],[22.62865,63.74427],[22.61927,63.76198],[22.64375,63.78542],[22.65885,63.76302],[22.6974,63.74948],[22.70052,63.7276],[22.7474,63.71823],[22.73802,63.70885],[22.7599,63.70261],[22.69792,63.71875],[22.68542,63.6875],[22.67761,63.69218],[22.6849,63.69948],[22.66667,63.70833],[22.64844,63.70364],[22.65,63.69584],[22.6276,63.70052],[22.64531,63.71407],[22.61667,63.72292],[22.61406,63.69635],[22.59531,63.66719],[22.54635,63.67032],[22.5151,63.64948],[22.52031,63.62136],[22.48542,63.60625],[22.42761,63.60365],[22.4349,63.59635],[22.42761,63.59011],[22.46042,63.59583],[22.46875,63.58125],[22.51667,63.59792],[22.4974,63.57344],[22.46302,63.56614],[22.48281,63.53802],[22.45052,63.50781],[22.4474,63.49219],[22.42448,63.47969],[22.4151,63.47969],[22.40677,63.49219],[22.41406,63.49948],[22.3974,63.51407],[22.38594,63.51302],[22.37552,63.53593],[22.39531,63.53906],[22.36719,63.55052],[22.38073,63.56094],[22.37656,63.57657],[22.325,63.58542],[22.34115,63.5724],[22.32552,63.56406],[22.33281,63.55469],[22.28958,63.52292],[22.32344,63.48177],[22.36406,63.46302],[22.33594,63.46302],[22.3,63.4875],[22.20469,63.47448],[22.21198,63.46511],[22.20469,63.45469],[22.25781,63.42239],[22.26198,63.41719],[22.24635,63.41823],[22.25677,63.40885],[22.30156,63.40781],[22.29635,63.39219],[22.3474,63.37656],[22.38073,63.34948],[22.39115,63.32969],[22.34844,63.3224],[22.37031,63.29219],[22.28542,63.3125],[22.28698,63.30469],[22.23542,63.2875],[22.25365,63.3224],[22.23802,63.31718],[22.23698,63.33698],[22.21875,63.34167],[22.2,63.3125],[22.16458,63.325],[22.16042,63.31667],[22.13958,63.32084],[22.14323,63.32864],[22.1125,63.33542],[22.06302,63.32657],[22.09323,63.29948],[22.07083,63.28959],[22.06094,63.29219],[22.06823,63.29739],[22.05573,63.31198],[22.02344,63.32761],[22.02656,63.3349],[21.99792,63.33125],[22.02865,63.31302],[21.99011,63.3224],[21.96719,63.28593],[22.00156,63.27865],[21.99219,63.27552],[22.00208,63.26667],[22.05208,63.28542],[22.07917,63.275],[22.05625,63.26667],[22.15833,63.25417],[22.16302,63.27031],[22.17448,63.27135],[22.15052,63.28177],[22.16042,63.2875],[22.2375,63.25834],[22.1875,63.27083],[22.20156,63.26094],[22.18385,63.25573],[22.18281,63.23594],[22.1375,63.24583],[22.10208,63.22917],[22.09219,63.22969],[22.09948,63.24115],[22.08958,63.25625],[22.02708,63.25417],[22.03698,63.24427],[22.01719,63.23594],[22.03906,63.22344],[22.025,63.21667],[22.0026,63.23386],[22.02031,63.24636],[22.01615,63.25364],[21.99427,63.2526],[21.98906,63.26614],[21.97708,63.26667],[21.96042,63.25417],[21.95,63.2625],[21.925,63.25],[21.93073,63.27031],[21.90833,63.27917],[21.88125,63.26042],[21.85208,63.26667],[21.81667,63.25625],[21.7875,63.26875],[21.79115,63.26094],[21.77969,63.25677],[21.79323,63.2526],[21.74219,63.23906],[21.74948,63.21927],[21.7,63.2375],[21.67917,63.2125],[21.60052,63.22969],[21.59948,63.24115],[21.58177,63.24636],[21.58906,63.25156],[21.57969,63.25677],[21.57865,63.27657],[21.54844,63.2724],[21.54635,63.25468],[21.55781,63.24636],[21.52552,63.23489],[21.51667,63.20417],[21.56198,63.1901],[21.525,63.18958],[21.5224,63.17344],[21.50469,63.17656],[21.51927,63.15677],[21.54115,63.15157],[21.51927,63.13802],[21.54167,63.13334],[21.54375,63.14375],[21.5651,63.11927],[21.60156,63.12032],[21.58386,63.10677],[21.60781,63.10365],[21.6026,63.09011],[21.65365,63.0724],[21.6526,63.06302],[21.67031,63.06406],[21.67448,63.05677],[21.64167,63.05625],[21.6724,63.04844],[21.59792,63.05625],[21.58073,63.07448],[21.55208,63.08125],[21.5125,63.07917],[21.52656,63.07448],[21.51719,63.06718],[21.52656,63.05677],[21.49792,63.05625],[21.475,63.07292],[21.47865,63.05886],[21.4651,63.0526],[21.47865,63.0401],[21.46302,63.03281],[21.46615,63.02344],[21.44583,63.02292],[21.45156,63.03073],[21.42969,63.03073],[21.45156,63.04219],[21.43802,63.0526],[21.45365,63.06927],[21.44948,63.07657],[21.38177,63.0849],[21.37552,63.07552],[21.40208,63.07708],[21.41823,63.06614],[21.39219,63.06614],[21.41198,63.05052],[21.4,63.04167],[21.32969,63.03802],[21.41615,63.01719],[21.37552,63.01823],[21.37865,63.01094],[21.36458,63.01042],[21.37292,63.0],[21.33542,63.0125],[21.31927,63.00469],[21.4375,62.98542],[21.4026,63.00573],[21.41875,63.0125],[21.43542,63.00208],[21.45573,63.0099],[21.42969,63.01823],[21.45417,63.01667],[21.4974,63.00364],[21.47917,62.99375],[21.4401,62.99532],[21.47448,62.98698],[21.48698,62.97135],[21.43385,62.95573],[21.43281,62.93386],[21.40677,62.90573],[21.40365,62.88177],[21.3901,62.88177],[21.38125,62.90417],[21.36927,62.90365],[21.36302,62.88907],[21.37865,62.87968],[21.35833,62.87292],[21.27083,62.89375],[21.25208,62.8875],[21.26406,62.88073],[21.2599,62.86719],[21.24011,62.86406],[21.2474,62.83594],[21.20469,62.81406],[21.20573,62.80469],[21.175,62.81667],[21.11927,62.79739],[21.14427,62.75052],[21.18073,62.74427],[21.17448,62.72969],[21.14636,62.71615],[21.1474,62.70468],[21.08594,62.69531],[21.08386,62.68386],[21.10365,62.67969],[21.06458,62.66459],[21.08698,62.65781],[21.08177,62.62968],[21.09948,62.62344],[21.0625,62.62708],[21.06094,62.61927],[21.1,62.60625],[21.09844,62.61615],[21.1375,62.64375],[21.14427,62.61719],[21.19167,62.62292],[21.16719,62.6151],[21.2224,62.60677],[21.1526,62.5724],[21.1526,62.55886],[21.18906,62.5401],[21.15417,62.55208],[21.1599,62.53802],[21.15205,62.53543],[21.13698,62.54948],[21.10833,62.55208],[21.09375,62.53542],[21.08177,62.54115],[21.10156,62.56406],[21.06458,62.57917],[21.05677,62.56302],[21.07083,62.56458],[21.05469,62.55573],[21.05469,62.5401],[21.07083,62.54375],[21.07135,62.53177],[21.10833,62.53333],[21.1125,62.525],[21.15365,62.52865],[21.1349,62.4901],[21.11302,62.4901],[21.13958,62.47292],[21.1724,62.47239],[21.16042,62.45833],[21.19323,62.46615],[21.16719,62.42552],[21.23542,62.44583],[21.24323,62.43802],[21.22552,62.42032],[21.22552,62.40677],[21.26667,62.38542],[21.26302,62.39114],[21.29531,62.39948],[21.28333,62.3875],[21.30365,62.37864],[21.29427,62.36511],[21.30573,62.36198],[21.30677,62.35052],[21.32448,62.35677],[21.3276,62.36823],[21.36198,62.3724],[21.35365,62.32969],[21.32708,62.31875],[21.3125,62.33125],[21.30261,62.32031],[21.33333,62.29583],[21.33802,62.30573],[21.35365,62.30365],[21.33958,62.27708],[21.34531,62.27135],[21.32344,62.2599],[21.32344,62.24639],[21.35208,62.24583],[21.37031,62.25677],[21.36094,62.26407],[21.38281,62.26407],[21.37708,62.22917],[21.39526,62.2245],[21.39375,62.21667],[21.41406,62.22448],[21.40052,62.20261],[21.42031,62.20781],[21.3776,62.1974],[21.35885,62.17865],[21.36406,62.13594],[21.32969,62.14219],[21.33125,62.16042],[21.30885,62.14531],[21.31823,62.14114],[21.31302,62.12552],[21.325,62.08542],[21.32031,62.06719],[21.31094,62.07031],[21.31615,62.05469],[21.30052,62.03698],[21.29531,62.00469],[21.28177,61.99219],[21.33698,61.9974],[21.31094,61.98906],[21.32656,61.97448],[21.31302,61.96511],[21.35208,61.94167],[21.41615,61.95157],[21.40052,61.9401],[21.4349,61.92656],[21.42344,61.90261],[21.44115,61.90365],[21.42969,61.89844],[21.46198,61.88907],[21.4724,61.8724],[21.46302,61.85677],[21.49323,61.84011],[21.43385,61.84635],[21.47031,61.83907],[21.51406,61.81406],[21.49375,61.81875],[21.49323,61.80886],[21.47708,61.80417],[21.45625,61.81042],[21.42552,61.8026],[21.44115,61.80365],[21.475,61.77083],[21.5,61.76667],[21.49011,61.77657],[21.50781,61.77865],[21.59948,61.72239],[21.55,61.73542],[21.5401,61.73073],[21.55,61.725],[21.53906,61.71094],[21.50885,61.72135],[21.53698,61.70157],[21.54115,61.69427],[21.53177,61.6901],[21.55573,61.67656],[21.55261,61.6651],[21.5849,61.65573],[21.6026,61.62969],[21.63281,61.61823],[21.61302,61.62032],[21.61094,61.61094],[21.64531,61.59115],[21.63802,61.58594],[21.65573,61.58281],[21.63125,61.57708],[21.64948,61.56823],[21.63385,61.56823],[21.64792,61.55833],[21.54427,61.58386],[21.52708,61.60209],[21.47552,61.59739],[21.47344,61.58802],[21.4974,61.58698],[21.49011,61.56719],[21.51615,61.57031],[21.53385,61.53177],[21.58542,61.53333],[21.63073,61.51302],[21.58125,61.49583],[21.4526,61.5099],[21.50573,61.49323],[21.50052,61.48802],[21.51719,61.47969],[21.55781,61.4724],[21.56719,61.45261],[21.5974,61.4474],[21.5849,61.42969],[21.5625,61.425],[21.49167,61.4375],[21.45052,61.42969],[21.52865,61.40573],[21.53281,61.38594],[21.50885,61.39219],[21.54115,61.37968],[21.50469,61.37552],[21.57031,61.33907],[21.54219,61.32864],[21.53906,61.31718],[21.49427,61.30365],[21.5151,61.28802],[21.53906,61.28698],[21.5349,61.28177],[21.47969,61.27552],[21.52344,61.25052],[21.59948,61.23073],[21.58802,61.22343],[21.59948,61.21719],[21.525,61.23125],[21.49167,61.24792],[21.42761,61.24532],[21.42969,61.23386],[21.45833,61.23542],[21.51198,61.2099],[21.4375,61.225],[21.44531,61.21927],[21.43177,61.21094],[21.45781,61.20052],[21.40833,61.21458],[21.4026,61.20781],[21.43906,61.19323],[21.45573,61.17239],[21.44219,61.16302],[21.47865,61.14114],[21.42708,61.12917],[21.45573,61.12656],[21.46198,61.11719],[21.4526,61.11615],[21.44844,61.10052],[21.47031,61.09115],[21.46823,61.08177],[21.37344,61.08907],[21.36927,61.07969],[21.42656,61.0724],[21.42083,61.04583],[21.34219,61.07344],[21.325,61.08958],[21.3,61.08125],[21.30677,61.05886],[21.34531,61.04739],[21.32135,61.03593],[21.36615,61.02657],[21.3401,61.01719],[21.35781,61.01407],[21.3651,60.99844],[21.40573,60.97656],[21.4026,60.96511],[21.44115,60.9474],[21.43177,60.93177],[21.44531,60.91927],[21.43542,60.91459],[21.39844,60.93386],[21.38906,60.95364],[21.37135,60.95052],[21.3224,60.99323],[21.2875,61.00834],[21.28073,60.99427],[21.24635,60.97969],[21.32031,60.95781],[21.30261,60.94531],[21.31823,60.92969],[21.29375,60.92917],[21.28333,60.91875],[21.24792,60.925],[21.21094,60.90989],[21.2276,60.89427],[21.25365,60.89114],[21.23958,60.88542],[21.19792,60.89375],[21.17969,60.88907],[21.1974,60.88177],[21.17552,60.88281],[21.17708,60.86875],[21.21615,60.8724],[21.18177,60.85886],[21.20625,60.84167],[21.24115,60.83907],[21.22969,60.8349],[21.24115,60.82552],[21.22969,60.8151],[21.26042,60.82084],[21.24427,60.80469],[21.27083,60.80208],[21.31667,60.81458],[21.3375,60.80625],[21.3474,60.82031],[21.32917,60.82917],[21.31094,60.82135],[21.32656,60.83907],[21.29167,60.83333],[21.29323,60.84115],[21.26719,60.84635],[21.26458,60.85833],[21.24792,60.84583],[21.22135,60.84635],[21.23906,60.85469],[21.22552,60.86198],[21.23906,60.86094],[21.24219,60.8724],[21.2625,60.875],[21.25677,60.86927],[21.27083,60.86458],[21.26042,60.88125],[21.27865,60.89114],[21.2651,60.89323],[21.43281,60.8974],[21.43698,60.89011],[21.4125,60.88125],[21.33958,60.8875],[21.34115,60.87968],[21.30469,60.87032],[21.36198,60.85989],[21.33594,60.84427],[21.35781,60.84115],[21.35469,60.82135],[21.38906,60.82448],[21.3974,60.81094],[21.38385,60.8099],[21.37552,60.79636],[21.3974,60.79323],[21.38177,60.78593],[21.40573,60.78385],[21.37135,60.7724],[21.38281,60.76614],[21.37135,60.76407],[21.3776,60.75469],[21.38906,60.75364],[21.37344,60.7401],[21.38906,60.73593],[21.34635,60.71615],[21.35573,60.70886],[21.3401,60.70469],[21.36406,60.6974],[21.3599,60.69219],[21.33542,60.70417],[21.30261,60.70052],[21.34115,60.69531],[21.34844,60.67969],[21.38073,60.66615],[21.3776,60.65261],[21.39115,60.65469],[21.3875,60.66042],[21.43333,60.64167],[21.44948,60.6474],[21.4401,60.63802],[21.45573,60.63177],[21.44583,60.62917],[21.42292,60.64167],[21.39636,60.6349],[21.4224,60.61823],[21.40469,60.61823],[21.40469,60.61094],[21.43333,60.61458]],[[22.41042,63.5125],[22.4224,63.50677],[22.40677,63.50468],[22.41042,63.5125]],[[21.51595,61.76458],[21.5224,61.76094],[21.5,61.76667],[21.51595,61.76458]]],[[[21.3625,60.81458],[21.36875,60.80833],[21.37448,60.81614],[21.3625,60.81458]]],[[[21.17135,60.57031],[21.17865,60.5724],[21.16094,60.57657],[21.15885,60.5651],[21.17135,60.57031]]],[[[21.2125,60.60833],[21.19792,60.61667],[21.16302,60.61198],[21.1974,60.60573],[21.2099,60.59948],[21.20886,60.58802],[21.23073,60.58385],[21.23281,60.59739],[21.2125,60.60833]]],[[[21.02083,60.71667],[21.02656,60.7224],[21.01719,60.72448],[21.03281,60.73282],[21.0026,60.72448],[21.02083,60.71667]]],[[[21.16094,60.79427],[21.12969,60.79948],[21.14375,60.78542],[21.17865,60.78385],[21.16094,60.79427]]],[[[21.30672,60.77099],[21.27708,60.775],[21.25052,60.76302],[21.26458,60.75417],[21.31615,60.7724],[21.30672,60.77099]]],[[[21.35,60.72709],[21.33958,60.73333],[21.3276,60.72343],[21.35,60.72709]]],[[[21.3151,60.8026],[21.2901,60.80365],[21.31458,60.79167],[21.34115,60.79739],[21.3375,60.7875],[21.3599,60.78802],[21.36406,60.79844],[21.3151,60.8026]]],[[[21.2849,60.78385],[21.27708,60.79375],[21.26094,60.79115],[21.2849,60.78385]]],[[[21.16719,60.81098],[21.15417,60.82084],[21.14427,60.81614],[21.16719,60.81098]]],[[[21.15469,60.87032],[21.15052,60.86302],[21.16198,60.86094],[21.16615,60.86823],[21.15469,60.87032]]],[[[21.28802,60.87032],[21.26927,60.86094],[21.2974,60.86719],[21.28802,60.87032]]],[[[21.28594,62.08073],[21.29948,62.07344],[21.29531,62.08907],[21.28594,62.08073]]],[[[21.3276,61.84948],[21.32917,61.84167],[21.34115,61.84844],[21.3276,61.84948]]],[[[21.30052,62.12032],[21.28802,62.13281],[21.31406,62.09635],[21.31823,62.10782],[21.30052,62.12032]]],[[[22.37917,59.78264],[22.37028,59.77625],[22.38583,59.77792],[22.37917,59.78264]]],[[[22.37917,59.79876],[22.36695,59.79931],[22.36861,59.78931],[22.37917,59.79876]]],[[[22.3225,59.82625],[22.30806,59.80042],[22.3425,59.80708],[22.3225,59.82625]]],[[[22.38195,59.83014],[22.37028,59.82625],[22.37694,59.80597],[22.39305,59.81014],[22.38417,59.80514],[22.39861,59.80097],[22.40806,59.81347],[22.42695,59.81125],[22.40417,59.82459],[22.38139,59.82097],[22.37417,59.82792],[22.38195,59.83014]]],[[[22.34139,59.82403],[22.33361,59.82542],[22.34972,59.82097],[22.34139,59.82403]]],[[[22.23139,59.83569],[22.23639,59.84014],[22.22361,59.8332],[22.23139,59.83569]]],[[[22.42006,59.84069],[22.4075,59.83875],[22.44695,59.8257],[22.42006,59.84069]]],[[[22.32083,59.86403],[22.30472,59.86179],[22.33639,59.85569],[22.31306,59.85486],[22.33528,59.85236],[22.32528,59.84569],[22.34805,59.85347],[22.32083,59.86403]]],[[[22.59417,59.90847],[22.57861,59.90681],[22.59528,59.89431],[22.62028,59.90097],[22.59417,59.90847]]],[[[22.76195,59.93097],[22.74861,59.92931],[22.76861,59.92764],[22.76195,59.93097]]],[[[22.54583,59.86709],[22.52972,59.86764],[22.56694,59.86597],[22.54583,59.86709]]],[[[22.53194,59.89958],[22.47694,59.89014],[22.47083,59.87708],[22.48083,59.87208],[22.44806,59.87375],[22.41694,59.85847],[22.41361,59.86486],[22.41139,59.85347],[22.3775,59.86319],[22.38472,59.85347],[22.37194,59.84736],[22.40139,59.83764],[22.40861,59.85236],[22.45972,59.85486],[22.44472,59.84792],[22.4775,59.84458],[22.46639,59.86208],[22.49195,59.86125],[22.48139,59.85653],[22.49472,59.8532],[22.48417,59.85014],[22.51972,59.85486],[22.49528,59.86264],[22.51694,59.87847],[22.49027,59.87847],[22.52695,59.88598],[22.52028,59.88875],[22.53306,59.89042],[22.53194,59.89958]]],[[[22.38528,59.88153],[22.36917,59.88208],[22.39361,59.87653],[22.38528,59.88153]]],[[[22.37639,59.90292],[22.36805,59.90431],[22.36861,59.89069],[22.40472,59.89625],[22.37639,59.90292]]],[[[22.55806,59.88986],[22.52917,59.88181],[22.58362,59.88736],[22.55806,59.88986]]],[[[22.42972,59.89653],[22.39194,59.89069],[22.4375,59.89375],[22.42972,59.89653]]],[[[22.56139,59.90653],[22.54583,59.91125],[22.53139,59.90264],[22.54361,59.89486],[22.56139,59.90653]]],[[[22.44083,59.90514],[22.4325,59.90181],[22.4475,59.90764],[22.44083,59.90514]]],[[[22.44695,59.91319],[22.43472,59.91459],[22.4375,59.90736],[22.44695,59.91319]]],[[[22.48694,59.91403],[22.4775,59.91236],[22.49361,59.91125],[22.48694,59.91403]]],[[[22.38583,59.92347],[22.34917,59.90625],[22.37861,59.91292],[22.39972,59.90514],[22.40361,59.91459],[22.38195,59.91514],[22.38583,59.92347]]],[[[22.42139,59.91819],[22.4275,59.92181],[22.41306,59.91681],[22.42139,59.91819]]],[[[22.50306,59.95375],[22.49195,59.94514],[22.50083,59.92986],[22.48861,59.91736],[22.51194,59.91792],[22.52195,59.93653],[22.50306,59.95375]]],[[[22.46361,59.96014],[22.4475,59.95208],[22.46417,59.93792],[22.45639,59.92847],[22.46583,59.9232],[22.44583,59.92292],[22.45806,59.91264],[22.48917,59.9282],[22.48195,59.94236],[22.46139,59.94042],[22.46361,59.96014]]],[[[22.47973,59.9543],[22.47194,59.95347],[22.48472,59.94903],[22.47973,59.9543]]],[[[22.45083,59.98514],[22.43694,59.98459],[22.43639,59.96931],[22.43083,59.98264],[22.41695,59.97458],[22.40972,59.96486],[22.41695,59.96069],[22.3925,59.94792],[22.3925,59.92958],[22.40528,59.91903],[22.42583,59.92375],[22.43306,59.95875],[22.4575,59.96903],[22.46972,59.96236],[22.46806,59.97681],[22.45917,59.98347],[22.46139,59.97542],[22.45028,59.97514],[22.45083,59.98514]]],[[[22.48361,59.96569],[22.47472,59.96681],[22.48028,59.9593],[22.48361,59.96569]]],[[[22.53583,59.98847],[22.50028,59.98875],[22.50139,59.96042],[22.52695,59.96125],[22.51306,59.95486],[22.52972,59.94597],[22.58917,59.96653],[22.55583,59.96708],[22.56028,59.97736],[22.5875,59.97736],[22.56139,59.98014],[22.55694,59.99125],[22.53583,59.98847]]],[[[22.26639,59.92125],[22.27639,59.92264],[22.2575,59.92181],[22.26639,59.92125]]],[[[22.29194,59.96181],[22.27306,59.95181],[22.3075,59.9543],[22.2875,59.95542],[22.29917,59.96264],[22.29194,59.96181]]],[[[22.38083,59.94486],[22.34417,59.92764],[22.36082,59.91903],[22.3825,59.93597],[22.38083,59.94486]]],[[[22.37528,59.99647],[22.34417,59.9932],[22.34972,59.97792],[22.33694,59.96653],[22.34972,59.9643],[22.33472,59.96208],[22.32972,59.94931],[22.34083,59.93264],[22.37361,59.94903],[22.3725,59.96486],[22.3525,59.96486],[22.36361,59.96569],[22.35417,59.97542],[22.36639,59.97458],[22.36361,59.98819],[22.39083,59.99542],[22.37528,59.99647]]],[[[22.72361,59.94542],[22.70972,59.94626],[22.70194,59.93432],[22.72361,59.94542]]],[[[22.60583,59.94792],[22.59028,59.94514],[22.63195,59.93486],[22.60583,59.94792]]],[[[22.72528,59.95542],[22.71194,59.95403],[22.73139,59.94903],[22.72528,59.95542]]],[[[22.61528,59.99542],[22.5986,59.99514],[22.60917,59.98625],[22.5986,59.97875],[22.60917,59.96514],[22.58694,59.95708],[22.63471,59.93625],[22.67194,59.94069],[22.62472,59.94903],[22.6575,59.95208],[22.62194,59.95486],[22.64917,59.96347],[22.62472,59.98431],[22.63195,59.99209],[22.61528,59.99542]]],[[[22.73917,59.97903],[22.71806,59.98014],[22.74528,59.97403],[22.73917,59.97903]]],[[[22.7525,59.99292],[22.75639,59.99875],[22.73972,59.99431],[22.7525,59.99292]]],[[[22.74538,60.00073],[22.72083,60.01042],[22.72417,59.99847],[22.71639,59.99681],[22.73361,59.99209],[22.74538,60.00073]]],[[[22.82708,60.04375],[22.82708,60.03542],[22.83698,60.04219],[22.82708,60.04375]]],[[[22.81927,60.04115],[22.80052,60.04948],[22.81094,60.03177],[22.81927,60.04115]]],[[[22.8125,60.0625],[22.82239,60.07031],[22.79583,60.06667],[22.8125,60.0625]]],[[[22.86719,60.07864],[22.85885,60.07135],[22.88125,60.075],[22.86719,60.07864]]],[[[22.83802,60.2526],[22.84948,60.25364],[22.83177,60.25781],[22.83802,60.2526]]],[[[22.38972,59.9832],[22.38472,59.97236],[22.40195,59.97181],[22.38972,59.9832]]],[[[22.35364,60.01719],[22.36198,60.02448],[22.35052,60.02657],[22.35364,60.01719]]],[[[22.43472,59.99515],[22.41583,60.0],[22.40861,59.97292],[22.44084,59.99153],[22.43472,59.99515]]],[[[22.46139,59.99514],[22.46695,59.99968],[22.44861,59.99997],[22.44306,59.98958],[22.45528,59.98431],[22.46139,59.99514]]],[[[22.53806,59.99847],[22.51751,59.99597],[22.55305,59.99514],[22.53806,59.99847]]],[[[22.28073,60.14427],[22.28281,60.15989],[22.26042,60.1625],[22.2474,60.14011],[22.21302,60.13594],[22.26667,60.13334],[22.28073,60.14427]]],[[[22.38698,60.20261],[22.37917,60.21458],[22.30885,60.19114],[22.29167,60.16667],[22.29219,60.15469],[22.30781,60.15261],[22.2875,60.14792],[22.31406,60.14427],[22.29219,60.13594],[22.31615,60.12968],[22.34531,60.15989],[22.30469,60.16198],[22.36615,60.17136],[22.38698,60.20261]]],[[[22.3724,60.22656],[22.33125,60.22917],[22.30677,60.20677],[22.33333,60.20625],[22.3724,60.22656]]],[[[22.3875,60.22917],[22.37552,60.22135],[22.39531,60.22552],[22.3875,60.22917]]],[[[22.24531,60.18594],[22.2599,60.18906],[22.23802,60.18698],[22.24531,60.18594]]],[[[22.97448,60.03698],[22.94792,60.05],[22.92344,60.03906],[22.92656,60.02135],[22.90677,60.01511],[22.92708,60.00417],[22.97448,60.03698]]],[[[22.93125,60.06458],[22.88125,60.06875],[22.8526,60.05782],[22.88906,60.04532],[22.87917,60.0375],[22.8526,60.04115],[22.85885,60.00677],[22.87448,60.00468],[22.88177,60.02031],[22.8974,60.02135],[22.88594,60.03281],[22.91615,60.0401],[22.92031,60.0599],[22.91302,60.06198],[22.93125,60.06458]]],[[[22.95573,60.1224],[22.89219,60.12032],[22.86719,60.10365],[22.86823,60.08594],[22.83594,60.08177],[22.9125,60.07917],[22.9375,60.09375],[22.9474,60.09219],[22.93177,60.08594],[22.95781,60.08385],[22.96823,60.09948],[22.95573,60.1224]]],[[[23.00156,60.10886],[22.99219,60.10052],[23.0099,60.10989],[23.00156,60.10886]]],[[[22.92292,60.24583],[22.91094,60.23802],[22.93698,60.2474],[22.92292,60.24583]]],[[[22.00625,60.13334],[22.03281,60.14531],[21.94583,60.13542],[21.90677,60.11719],[21.93333,60.12292],[21.98542,60.11042],[22.01823,60.1224],[21.97135,60.13281],[22.00625,60.13334]]],[[[21.93333,60.13958],[21.96198,60.14323],[21.95417,60.15],[21.91875,60.14167],[21.93333,60.13958]]],[[[22.10365,60.21198],[22.0875,60.20833],[22.09323,60.22031],[22.07708,60.22083],[22.04844,60.21615],[22.02292,60.19792],[21.97083,60.19792],[21.95677,60.19323],[21.95781,60.17552],[21.9375,60.18125],[21.91094,60.16093],[21.94167,60.17292],[21.96458,60.14792],[21.98906,60.15261],[21.98125,60.16459],[21.99948,60.16406],[21.99219,60.15677],[22.00208,60.14792],[22.04375,60.15417],[22.04844,60.16615],[22.06823,60.16615],[22.06406,60.17865],[22.04219,60.18906],[22.06458,60.18542],[22.10365,60.19844],[22.10365,60.21198]]],[[[21.99583,60.20833],[22.00365,60.21198],[21.91302,60.20677],[21.93542,60.2],[21.95573,60.20261],[21.95417,60.21042],[21.99583,60.20833]]],[[[21.92135,60.22031],[21.91094,60.21511],[21.92448,60.21302],[21.92865,60.22031],[21.92135,60.22031]]],[[[21.97917,60.21875],[21.98906,60.22239],[21.93385,60.22031],[21.97917,60.21875]]],[[[21.96719,60.23906],[21.95052,60.24532],[21.95682,60.23384],[21.98073,60.23386],[21.96719,60.23906]]],[[[22.17083,60.15417],[22.16094,60.14635],[22.18906,60.15261],[22.17083,60.15417]]],[[[22.25,60.16875],[22.26198,60.17448],[22.21667,60.17917],[22.17292,60.16459],[22.25,60.16875]]],[[[22.14792,60.18958],[22.15365,60.19323],[22.12969,60.19323],[22.12344,60.18802],[22.13281,60.18594],[22.11875,60.17917],[22.06719,60.18177],[22.10208,60.16667],[22.1349,60.17552],[22.13177,60.18282],[22.14792,60.18958]]],[[[22.07292,60.23125],[22.08698,60.24948],[22.04844,60.2474],[22.05469,60.23177],[22.07292,60.23125]]],[[[21.96667,60.31042],[21.87135,60.30677],[21.88698,60.30156],[21.87969,60.2901],[21.89948,60.28906],[21.89167,60.27917],[21.95,60.27708],[21.9625,60.2875],[21.99167,60.28333],[22.0099,60.29636],[21.975,60.28542],[21.97135,60.29532],[21.98281,60.30782],[21.96667,60.31042]]],[[[21.9625,60.3375],[21.97448,60.33907],[21.92083,60.34167],[21.92656,60.33594],[21.91927,60.33386],[21.9625,60.3375]]],[[[22.02083,60.33125],[22.00208,60.33958],[21.92552,60.31927],[22.03281,60.31302],[22.03906,60.3224],[22.02083,60.33125]]],[[[22.06406,60.40989],[22.04792,60.41875],[22.02552,60.40052],[22.0625,60.4],[22.06406,60.40989]]],[[[21.72031,60.29115],[21.73278,60.29324],[21.71667,60.30208],[21.70677,60.29532],[21.72031,60.29115]]],[[[21.675,60.29167],[21.64583,60.29792],[21.61094,60.28385],[21.64167,60.28333],[21.64583,60.275],[21.68283,60.2839],[21.675,60.29167]]],[[[21.68125,60.36042],[21.63594,60.35886],[21.65833,60.34375],[21.71615,60.34011],[21.68125,60.36042]]],[[[21.66502,60.36519],[21.6724,60.36615],[21.65052,60.37032],[21.66502,60.36519]]],[[[21.68594,60.33271],[21.69115,60.33698],[21.67917,60.34167],[21.6526,60.3349],[21.7224,60.32552],[21.68594,60.33271]]],[[[21.76875,60.36875],[21.79323,60.37656],[21.74792,60.37292],[21.73958,60.38125],[21.7276,60.3724],[21.76875,60.36875]]],[[[21.68177,60.39635],[21.70156,60.38802],[21.68125,60.4125],[21.68177,60.39635]]],[[[21.74792,60.42708],[21.74011,60.41927],[21.75573,60.41927],[21.74792,60.42708]]],[[[21.69323,60.37032],[21.66875,60.38125],[21.64427,60.37864],[21.6875,60.3625],[21.6974,60.36302],[21.69323,60.37032]]],[[[21.63958,60.425],[21.64531,60.44531],[21.63542,60.45833],[21.61719,60.4474],[21.62031,60.43802],[21.60469,60.4349],[21.61406,60.4151],[21.60052,60.41302],[21.61042,60.40625],[21.63073,60.42136],[21.62344,60.42865],[21.63958,60.425]]],[[[21.7099,60.4401],[21.67969,60.44948],[21.68177,60.4401],[21.69948,60.43698],[21.69219,60.41719],[21.7224,60.40677],[21.7099,60.4401]]],[[[21.76458,60.42708],[21.7724,60.42552],[21.75052,60.43698],[21.76458,60.42708]]],[[[21.6875,60.45417],[21.70156,60.45261],[21.69167,60.46042],[21.6875,60.45417]]],[[[21.85788,60.29094],[21.8151,60.29948],[21.83958,60.28333],[21.85788,60.29094]]],[[[21.9,60.32084],[21.91406,60.3224],[21.87344,60.32448],[21.9,60.32084]]],[[[21.91406,60.32969],[21.86094,60.33073],[21.9349,60.32761],[21.91406,60.32969]]],[[[21.79375,60.34167],[21.775,60.34167],[21.80365,60.34011],[21.79375,60.34167]]],[[[21.67344,60.46823],[21.65,60.47917],[21.64219,60.46302],[21.66667,60.44792],[21.65677,60.4599],[21.67344,60.46823]]],[[[21.62223,60.48714],[21.62083,60.47917],[21.63281,60.48906],[21.62223,60.48714]]],[[[21.68594,60.50573],[21.68698,60.51407],[21.67344,60.51614],[21.65677,60.49219],[21.68594,60.50573]]],[[[22.22708,60.37708],[22.12292,60.38125],[22.11823,60.36302],[22.10208,60.35209],[22.14792,60.36042],[22.16615,60.35365],[22.1651,60.34427],[22.20417,60.34167],[22.30625,60.36042],[22.29375,60.37708],[22.20677,60.36927],[22.22708,60.37708]]],[[[22.13125,60.38334],[22.15365,60.38698],[22.12083,60.38542],[22.13125,60.38334]]],[[[21.9599,63.28906],[21.95833,63.30208],[21.93177,63.29323],[21.94167,63.27917],[21.9599,63.28906]]],[[[22.03958,63.26042],[22.04531,63.26823],[22.03125,63.27708],[22.01927,63.26407],[22.03958,63.26042]]],[[[22.05052,63.32864],[22.05365,63.33907],[22.03594,63.3349],[22.05052,63.32864]]],[[[22.00573,63.34323],[22.00052,63.33386],[22.0099,63.33594],[22.00573,63.34323]]],[[[22.02344,63.38385],[22.01042,63.39583],[21.99844,63.38907],[21.95469,63.35573],[21.94635,63.33594],[21.99792,63.35],[22.03958,63.33958],[22.09323,63.3651],[22.08386,63.37656],[22.09948,63.37969],[22.05417,63.39167],[22.02344,63.38385]]],[[[22.08386,63.43698],[22.08177,63.42969],[22.09948,63.4276],[22.0974,63.43906],[22.08386,63.43698]]],[[[22.1276,63.46407],[22.13125,63.45417],[22.14948,63.46302],[22.13958,63.47083],[22.1276,63.46407]]],[[[22.20625,63.49167],[22.20052,63.48593],[22.21198,63.48386],[22.20625,63.49167]]],[[[21.75417,60.575],[21.76615,60.58907],[21.72344,60.58698],[21.72344,60.57969],[21.74115,60.58073],[21.72552,60.55469],[21.74531,60.55469],[21.75417,60.575]]],[[[21.70417,60.56875],[21.71823,60.5651],[21.71823,60.57864],[21.70417,60.56875]]],[[[21.71719,63.24948],[21.72083,63.23958],[21.73281,63.24636],[21.71719,63.24948]]],[[[21.70833,63.31875],[21.69375,63.32708],[21.68542,63.31875],[21.66094,63.3224],[21.6474,63.30469],[21.63385,63.30365],[21.64323,63.30156],[21.63698,63.27761],[21.62552,63.27552],[21.65,63.25625],[21.67448,63.26094],[21.66927,63.2849],[21.69323,63.29844],[21.69375,63.31458],[21.71615,63.30573],[21.73385,63.27761],[21.78073,63.27761],[21.75469,63.30469],[21.77656,63.31094],[21.77031,63.31614],[21.74167,63.31042],[21.70833,63.31875]]],[[[21.8875,63.28542],[21.89323,63.29948],[21.87135,63.29532],[21.8875,63.28542]]],[[[21.81458,63.28959],[21.82865,63.29323],[21.81042,63.30417],[21.79844,63.29532],[21.81458,63.28959]]],[[[21.81875,63.45],[21.78333,63.45833],[21.7776,63.44635],[21.7974,63.44323],[21.7901,63.42969],[21.81875,63.42917],[21.82865,63.44114],[21.81875,63.45]]],[[[21.6901,63.39219],[21.64427,63.39323],[21.66667,63.38125],[21.6901,63.39219]]],[[[21.75208,63.44584],[21.74375,63.45625],[21.71719,63.45364],[21.71094,63.44427],[21.73073,63.44114],[21.72344,63.43594],[21.7375,63.42708],[21.75156,63.42969],[21.74219,63.44323],[21.75208,63.44584]]],[[[22.50417,60.24583],[22.49427,60.2401],[22.53125,60.24792],[22.50417,60.24583]]],[[[22.53281,60.37864],[22.45625,60.375],[22.43542,60.35833],[22.49792,60.35417],[22.53281,60.37864]]],[[[22.43333,60.3625],[22.41875,60.375],[22.33594,60.36198],[22.33906,60.3526],[22.31927,60.34948],[22.30677,60.33073],[22.3349,60.32344],[22.29792,60.3125],[22.2625,60.3375],[22.23125,60.32708],[22.10833,60.32708],[22.10259,60.31931],[22.11406,60.3151],[22.08802,60.28593],[22.16875,60.26667],[22.19531,60.27136],[22.20573,60.28906],[22.1901,60.29532],[22.23073,60.29532],[22.20886,60.28489],[22.20208,60.26042],[22.1375,60.25834],[22.11667,60.26667],[22.1026,60.2526],[22.22083,60.25208],[22.1375,60.24583],[22.11719,60.23594],[22.15417,60.23958],[22.14219,60.22969],[22.15625,60.22917],[22.17865,60.24115],[22.18698,60.23386],[22.17344,60.21927],[22.20781,60.21511],[22.16927,60.20677],[22.1974,60.20364],[22.21667,60.1875],[22.27292,60.19792],[22.3276,60.23698],[22.38333,60.24375],[22.36927,60.23594],[22.38958,60.23333],[22.38802,60.24532],[22.42031,60.25052],[22.42135,60.27031],[22.44531,60.27552],[22.44844,60.29323],[22.46823,60.29636],[22.47448,60.31198],[22.46302,60.31406],[22.48906,60.3151],[22.48802,60.32448],[22.5224,60.34427],[22.4625,60.34375],[22.41094,60.35886],[22.41667,60.36667],[22.43333,60.3625]]],[[[22.28594,60.32969],[22.29115,60.33907],[22.27552,60.3349],[22.28594,60.32969]]],[[[22.47083,60.37917],[22.48698,60.38073],[22.45886,60.38073],[22.47083,60.37917]]],[[[22.45052,63.57135],[22.42135,63.5849],[22.42969,63.55886],[22.44323,63.5526],[22.43177,63.54948],[22.42552,63.53073],[22.43698,63.52552],[22.41719,63.52344],[22.45365,63.52344],[22.4401,63.52969],[22.45573,63.53177],[22.44792,63.54375],[22.46615,63.53385],[22.46198,63.55365],[22.44219,63.56718],[22.45052,63.57135]]],[[[22.55156,63.7599],[22.55208,63.75],[22.56823,63.76302],[22.55625,63.78125],[22.55156,63.7599]]],[[[22.37917,63.58542],[22.38698,63.58907],[22.36719,63.59323],[22.37917,63.58542]]],[[[22.39583,63.61667],[22.375,63.62917],[22.3526,63.60886],[22.38958,63.59375],[22.40573,63.60469],[22.39583,63.61667]]],[[[22.62344,63.73594],[22.63698,63.73698],[22.61511,63.73906],[22.62344,63.73594]]],[[[22.99948,63.82969],[22.9875,63.84167],[22.96719,63.83698],[22.9849,63.83073],[22.98333,63.81875],[22.99948,63.82969]]],[[[23.20833,63.94375],[23.20573,63.95364],[23.18594,63.95364],[23.20052,63.93594],[23.22656,63.93802],[23.20833,63.94375]]],[[[22.66667,63.75],[22.63802,63.75573],[22.65625,63.73958],[22.68333,63.74792],[22.66667,63.75]]],[[[22.72552,63.85365],[22.72708,63.84583],[22.75573,63.85052],[22.74375,63.8625],[22.74531,63.85469],[22.72552,63.85365]]],[[[22.77448,63.86823],[22.75625,63.87708],[22.74635,63.86719],[22.77083,63.85833],[22.77448,63.86823]]],[[[22.79167,63.87917],[22.79948,63.88594],[22.79323,63.89114],[22.7651,63.88907],[22.79167,63.87917]]],[[[22.7625,63.89792],[22.77865,63.89636],[22.7849,63.90989],[22.75469,63.90573],[22.7625,63.89792]]],[[[22.78802,63.91719],[22.81615,63.91302],[22.80833,63.92292],[22.78802,63.91719]]],[[[22.7651,63.91302],[22.77656,63.92239],[22.76458,63.92917],[22.73802,63.92032],[22.7651,63.91302]]],[[[23.55833,64.06042],[23.56823,64.05677],[23.5276,64.0724],[23.55833,64.06042]]],[[[23.53594,64.08073],[23.55156,64.07135],[23.54531,64.08698],[23.53177,64.08698],[23.53594,64.08073]]],[[[23.51875,64.08542],[23.50885,64.08177],[23.52448,64.07969],[23.51875,64.08542]]],[[[21.48385,61.29532],[21.49323,61.29739],[21.4651,61.29948],[21.48385,61.29532]]],[[[21.51406,61.34427],[21.49375,61.35625],[21.4651,61.34948],[21.51406,61.34427]]],[[[21.425,61.16875],[21.41302,61.1651],[21.43073,61.1651],[21.425,61.16875]]],[[[21.39844,61.20781],[21.36458,61.21458],[21.37031,61.20469],[21.3599,61.19635],[21.33594,61.19219],[21.35625,61.17292],[21.41198,61.18386],[21.37344,61.19427],[21.39844,61.20781]]],[[[21.4401,61.36406],[21.43698,61.37864],[21.42135,61.37448],[21.4401,61.36406]]],[[[21.47031,61.40157],[21.44219,61.40573],[21.49948,61.38802],[21.47031,61.40157]]],[[[21.375,61.40417],[21.38281,61.40781],[21.36719,61.40989],[21.375,61.40417]]],[[[21.42969,61.63385],[21.40417,61.63542],[21.42761,61.61094],[21.45365,61.60469],[21.42344,61.62344],[21.44323,61.6276],[21.42969,61.63385]]],[[[21.3401,61.47865],[21.34583,61.47083],[21.36615,61.4776],[21.3401,61.47865]]],[[[21.45052,61.65677],[21.46042,61.64792],[21.47448,61.65469],[21.46458,61.66875],[21.44427,61.66198],[21.45052,61.65677]]],[[[21.44635,61.66974],[21.4375,61.68125],[21.4151,61.67656],[21.44635,61.66974]]],[[[21.42083,62.97292],[21.41094,62.96719],[21.42656,62.96927],[21.42083,62.97292]]],[[[21.16776,60.94964],[21.17656,60.94844],[21.15885,60.95364],[21.16776,60.94964]]],[[[21.18333,60.99375],[21.17552,60.99011],[21.19115,60.99011],[21.18333,60.99375]]],[[[21.19323,62.34219],[21.18802,62.33385],[21.2099,62.35365],[21.19323,62.34219]]],[[[21.25052,62.37864],[21.22552,62.39323],[21.2151,62.34843],[21.24375,62.35417],[21.23385,62.34219],[21.24375,62.33958],[21.25573,62.34843],[21.25052,62.37864]]],[[[21.20677,62.40573],[21.21406,62.41198],[21.19219,62.42448],[21.18177,62.4151],[21.19323,62.41406],[21.1875,62.40417],[21.19531,62.39635],[21.16094,62.3776],[21.17448,62.38073],[21.175,62.37083],[21.1875,62.38334],[21.19531,62.3776],[21.18594,62.36302],[21.1974,62.36302],[21.19792,62.37292],[21.2099,62.36719],[21.21615,62.38281],[21.20677,62.40573]]],[[[21.29427,62.16823],[21.29219,62.15885],[21.30573,62.15885],[21.29427,62.16823]]],[[[21.1625,62.60625],[21.17031,62.60989],[21.1526,62.60989],[21.1625,62.60625]]],[[[21.08125,62.74167],[21.05052,62.74115],[21.05261,62.71094],[21.075,62.70625],[21.09323,62.72344],[21.08125,62.74167]]],[[[21.22917,62.84583],[21.24167,62.85209],[21.23281,62.86198],[21.16458,62.87083],[21.16458,62.8625],[21.12969,62.86198],[21.12865,62.85052],[21.09844,62.84531],[21.10781,62.84011],[21.09583,62.83542],[21.14375,62.82708],[21.22917,62.84583]]],[[[21.11823,62.86198],[21.11511,62.85469],[21.12865,62.85469],[21.11823,62.86198]]],[[[21.07917,62.89167],[21.09323,62.89011],[21.07917,62.90625],[21.07917,62.89167]]],[[[21.25677,63.00156],[21.24375,63.00625],[21.22135,62.9901],[21.24167,62.98333],[21.25,62.99167],[21.24427,62.9974],[21.25677,63.00156]]],[[[21.4974,61.64219],[21.47135,61.64323],[21.46302,61.63594],[21.47656,61.62552],[21.44844,61.62344],[21.51042,61.61875],[21.51458,61.62708],[21.55573,61.63177],[21.4974,61.64219]]],[[[21.54531,61.74427],[21.53177,61.74844],[21.53281,61.75781],[21.51927,61.75573],[21.54531,61.74427]]],[[[21.41406,62.9599],[21.40052,62.95886],[21.4,62.96875],[21.35625,62.96042],[21.38073,62.95677],[21.35052,62.9401],[21.38281,62.92865],[21.39167,62.91042],[21.40052,62.92865],[21.41823,62.93386],[21.40052,62.95052],[21.42656,62.96407],[21.40885,62.96407],[21.41406,62.9599]]],[[[21.36042,62.97292],[21.36667,62.96458],[21.37708,62.97083],[21.36042,62.97292]]],[[[21.38958,62.97917],[21.38177,62.9776],[21.40417,62.97709],[21.38958,62.97917]]],[[[21.37292,62.98333],[21.38073,62.98489],[21.3526,62.98906],[21.37292,62.98333]]],[[[21.38802,63.05469],[21.3526,63.05782],[21.36667,63.04792],[21.3974,63.05052],[21.38802,63.05469]]],[[[21.3776,63.09739],[21.37135,63.09427],[21.39531,63.09635],[21.3776,63.09739]]],[[[21.59115,63.08802],[21.57917,63.1],[21.55625,63.08958],[21.56667,63.08125],[21.59115,63.08802]]],[[[21.59219,63.26094],[21.61198,63.26407],[21.60208,63.27292],[21.58594,63.26614],[21.59219,63.26094]]],[[[21.525,63.12708],[21.50208,63.13958],[21.50365,63.12968],[21.49011,63.12344],[21.50208,63.1125],[21.5099,63.12032],[21.50052,63.12656],[21.525,63.12708]]],[[[21.48177,63.12032],[21.47344,63.13281],[21.47135,63.12344],[21.48177,63.12032]]],[[[21.47708,63.14792],[21.46927,63.14011],[21.47865,63.14011],[21.47708,63.14792]]],[[[21.49583,63.15417],[21.4776,63.16406],[21.48958,63.14375],[21.52656,63.14844],[21.49583,63.15417]]],[[[21.4401,63.20157],[21.43385,63.19844],[21.4474,63.19844],[21.4401,63.20157]]],[[[21.39167,63.16875],[21.40781,63.17656],[21.3901,63.17656],[21.39167,63.16875]]],[[[21.41875,63.2875],[21.39844,63.29532],[21.4349,63.27344],[21.41875,63.2875]]],[[[21.20052,62.92136],[21.20365,62.92865],[21.18542,62.93125],[21.16719,62.9151],[21.20573,62.88907],[21.20469,62.8776],[21.23698,62.86719],[21.24115,62.8849],[21.23177,62.8974],[21.23906,62.90989],[21.2125,62.91042],[21.20052,62.92136]]],[[[21.16615,63.0026],[21.15,63.01042],[21.12344,63.00156],[21.1401,62.9776],[21.15833,62.97292],[21.15,62.9625],[21.13594,62.97239],[21.13594,62.95469],[21.1625,62.94375],[21.17865,62.94427],[21.18333,62.95625],[21.19948,62.95573],[21.2,62.94375],[21.2224,62.94635],[21.20886,62.97135],[21.21198,62.99115],[21.16615,63.0026]]],[[[21.21406,63.01094],[21.2,63.02708],[21.16094,63.01407],[21.2,62.99375],[21.24115,63.01198],[21.21406,63.01094]]],[[[21.08958,62.925],[21.08594,62.91719],[21.09948,62.92344],[21.08958,62.925]]],[[[20.95417,62.95833],[20.96198,62.96198],[20.94635,62.96615],[20.95417,62.95833]]],[[[21.04219,62.97656],[21.04375,62.96875],[21.04948,62.97448],[21.04219,62.97656]]],[[[20.84844,62.97656],[20.83802,62.9776],[20.82917,62.99792],[20.8125,62.98333],[20.83958,62.96042],[20.86823,62.97865],[20.84844,62.97656]]],[[[21.11302,62.99323],[21.0901,62.99948],[21.12656,62.98594],[21.11302,62.99323]]],[[[21.12292,63.01667],[21.1349,63.01719],[21.13906,63.02865],[21.11719,63.0224],[21.12292,63.01667]]],[[[20.83594,63.0526],[20.82292,63.06042],[20.81927,63.05469],[20.83281,63.05052],[20.8151,63.04844],[20.85365,63.04844],[20.83594,63.0526]]],[[[20.79531,63.10677],[20.81198,63.11094],[20.8099,63.1224],[20.78802,63.1026],[20.79531,63.10677]]],[[[21.23281,63.3599],[21.25365,63.37344],[21.2599,63.39531],[21.22292,63.39375],[21.18802,63.37865],[21.18177,63.3651],[21.22865,63.35469],[21.17917,63.35417],[21.1526,63.33907],[21.1724,63.32135],[21.11927,63.31823],[21.12865,63.30469],[21.11719,63.30782],[21.11042,63.29583],[21.08594,63.30365],[21.09948,63.29115],[21.08802,63.28177],[21.1224,63.27135],[21.08177,63.27135],[21.11198,63.26407],[21.1026,63.25677],[21.1474,63.23073],[21.1401,63.21302],[21.16302,63.18802],[21.225,63.19375],[21.23385,63.16927],[21.30417,63.15625],[21.32656,63.15885],[21.32135,63.16406],[21.33281,63.17448],[21.30885,63.17865],[21.35573,63.19844],[21.36094,63.21198],[21.37865,63.20573],[21.37292,63.1875],[21.45781,63.21094],[21.44219,63.22135],[21.45156,63.24219],[21.44531,63.25156],[21.41823,63.2724],[21.38542,63.28125],[21.31875,63.25625],[21.28125,63.26458],[21.27552,63.2526],[21.2849,63.24844],[21.23177,63.23594],[21.20677,63.25364],[21.22031,63.2526],[21.23177,63.27448],[21.27656,63.29844],[21.24375,63.32084],[21.18385,63.31198],[21.18125,63.28333],[21.1375,63.28125],[21.11511,63.29219],[21.17031,63.30052],[21.15885,63.3099],[21.19323,63.31718],[21.19948,63.32657],[21.19219,63.3349],[21.23073,63.34427],[21.24115,63.3526],[21.23281,63.3599]]],[[[21.35833,63.36875],[21.31667,63.37083],[21.2875,63.35417],[21.26042,63.3625],[21.24167,63.33333],[21.28073,63.33073],[21.28125,63.30833],[21.34531,63.31823],[21.35156,63.31302],[21.3401,63.3099],[21.33386,63.29219],[21.35625,63.28959],[21.37135,63.30782],[21.3974,63.31718],[21.39636,63.3349],[21.42865,63.3526],[21.40469,63.35677],[21.41406,63.36615],[21.39792,63.37083],[21.35833,63.36875]]],[[[20.66875,63.24583],[20.66302,63.24219],[20.68542,63.24375],[20.66875,63.24583]]],[[[21.09583,63.35625],[21.10365,63.36198],[21.08802,63.36406],[21.09531,63.36094],[21.07917,63.35209],[21.09583,63.35625]]],[[[21.13125,63.41667],[21.11927,63.41302],[21.13906,63.4151],[21.13125,63.41667]]],[[[21.08386,63.4349],[21.07292,63.44167],[21.05677,63.4349],[21.05261,63.42136],[21.09115,63.41927],[21.08386,63.4349]]]]}}]}