{"type":"FeatureCollection","features":[{"type":"Feature","properties":{"gid":"VNM.1.1_1","provZh":"安江省","name2":"An Phú","type2":"Huyện","engtype2":"District"},"geometry":{"type":"Polygon","coordinates":[[[105.1566,10.8287],[105.1511,10.8987],[105.1286,10.9054],[105.1323,10.9215],[105.1067,10.9192],[105.1022,10.9227],[105.1167,10.9442],[105.1166,10.9606],[105.0835,10.9571],[105.0791,10.9364],[105.067,10.9388],[105.0538,10.9304],[105.0533,10.9165],[105.0418,10.9113],[105.045,10.9016],[105.0294,10.8924],[105.0357,10.8675],[105.0586,10.8191],[105.0569,10.8016],[105.0613,10.7986],[105.0643,10.7813],[105.0751,10.777],[105.0888,10.7607],[105.0979,10.7653],[105.1012,10.7441],[105.1246,10.7098],[105.137,10.752],[105.1354,10.7665],[105.1601,10.7814],[105.1566,10.8287]]]}},{"type":"Feature","properties":{"gid":"VNM.1.3_1","provZh":"安江省","name2":"Châu Đốc","type2":"Thành phố","engtype2":"City"},"geometry":{"type":"Polygon","coordinates":[[[105.105,10.6383],[105.1529,10.6867],[105.1555,10.7019],[105.1216,10.7116],[105.1012,10.7441],[105.0979,10.7653],[105.0888,10.7607],[105.0983,10.721],[105.0235,10.6783],[105.0278,10.6666],[105.0245,10.6645],[105.0654,10.6109],[105.0815,10.6146],[105.105,10.6383]]]}},{"type":"Feature","properties":{"gid":"VNM.1.4_1","provZh":"安江省","name2":"Châu Phú","type2":"Huyện","engtype2":"District"},"geometry":{"type":"Polygon","coordinates":[[[105.1879,10.4603],[105.3067,10.5037],[105.3176,10.5026],[105.3185,10.5068],[105.3372,10.4894],[105.3398,10.4791],[105.3464,10.4908],[105.327,10.5414],[105.3113,10.5532],[105.2658,10.56],[105.2182,10.608],[105.2119,10.6303],[105.216,10.6565],[105.2022,10.6874],[105.1787,10.699],[105.1555,10.7019],[105.1529,10.6867],[105.1387,10.6723],[105.0815,10.6146],[105.0654,10.6109],[105.1152,10.437],[105.1879,10.4603]]]}},{"type":"Feature","properties":{"gid":"VNM.1.5_1","provZh":"安江省","name2":"Châu Thành","type2":"Huyện","engtype2":"District"},"geometry":{"type":"Polygon","coordinates":[[[105.3709,10.3622],[105.3753,10.3712],[105.3605,10.3845],[105.3697,10.3868],[105.3829,10.4113],[105.41,10.432],[105.4079,10.4397],[105.38,10.4576],[105.3464,10.4908],[105.3398,10.4791],[105.3372,10.4894],[105.3185,10.5068],[105.3176,10.5026],[105.3067,10.5037],[105.113,10.4332],[105.1201,10.3759],[105.1259,10.3735],[105.2774,10.3674],[105.2927,10.3551],[105.3181,10.3547],[105.3199,10.3488],[105.337,10.3459],[105.3569,10.3483],[105.3682,10.3542],[105.3709,10.3622]]]}},{"type":"Feature","properties":{"gid":"VNM.1.2_1","provZh":"安江省","name2":"Chợ Mới","type2":"Huyện","engtype2":"District"},"geometry":{"type":"Polygon","coordinates":[[[105.4872,10.5395],[105.4787,10.5355],[105.4458,10.5528],[105.4151,10.5505],[105.3937,10.5689],[105.3753,10.5714],[105.3684,10.5769],[105.3537,10.5589],[105.327,10.5414],[105.3464,10.4908],[105.38,10.4576],[105.4079,10.4397],[105.4464,10.4385],[105.4573,10.4339],[105.4502,10.4037],[105.4534,10.3805],[105.4679,10.3556],[105.4877,10.3346],[105.4928,10.3473],[105.521,10.3634],[105.5206,10.3695],[105.5279,10.3744],[105.5238,10.4001],[105.5297,10.4004],[105.5318,10.4082],[105.5396,10.4132],[105.5522,10.4165],[105.5465,10.4205],[105.5548,10.4343],[105.574,10.4287],[105.5753,10.4474],[105.5705,10.4786],[105.5442,10.5281],[105.5132,10.547],[105.4872,10.5395]]]}},{"type":"Feature","properties":{"gid":"VNM.1.6_1","provZh":"安江省","name2":"Long Xuyên","type2":"Thành phố","engtype2":"City"},"geometry":{"type":"Polygon","coordinates":[[[105.4954,10.3253],[105.4557,10.3737],[105.4502,10.4037],[105.4555,10.4354],[105.4079,10.4397],[105.41,10.432],[105.3829,10.4113],[105.3697,10.3868],[105.3605,10.3845],[105.3753,10.3712],[105.3761,10.3629],[105.388,10.3643],[105.4172,10.3244],[105.4267,10.303],[105.4771,10.3106],[105.4873,10.3239],[105.4954,10.3253]]]}},{"type":"Feature","properties":{"gid":"VNM.1.7_1","provZh":"安江省","name2":"Phú Tân","type2":"Huyện","engtype2":"District"},"geometry":{"type":"Polygon","coordinates":[[[105.3113,10.5532],[105.327,10.5414],[105.3537,10.5589],[105.3684,10.5769],[105.3398,10.6494],[105.338,10.6734],[105.3503,10.7148],[105.3371,10.7233],[105.2947,10.7166],[105.2761,10.7261],[105.2784,10.7337],[105.303,10.7501],[105.3021,10.7608],[105.268,10.7666],[105.2452,10.741],[105.2289,10.7553],[105.2205,10.7449],[105.219,10.7476],[105.1446,10.7047],[105.1787,10.699],[105.2022,10.6874],[105.216,10.6565],[105.2119,10.6303],[105.215,10.6145],[105.2501,10.5728],[105.2716,10.5572],[105.3113,10.5532]]]}},{"type":"Feature","properties":{"gid":"VNM.1.9_1","provZh":"安江省","name2":"Tân Châu","type2":"Thị xã","engtype2":"Town"},"geometry":{"type":"Polygon","coordinates":[[[105.2546,10.8024],[105.2319,10.8085],[105.2095,10.8495],[105.1942,10.8471],[105.1854,10.8832],[105.1894,10.9118],[105.155,10.9233],[105.1293,10.9214],[105.133,10.9168],[105.1286,10.9054],[105.1511,10.8987],[105.1601,10.7814],[105.1354,10.7665],[105.137,10.752],[105.1246,10.7098],[105.1446,10.7047],[105.219,10.7476],[105.2205,10.7449],[105.2289,10.7553],[105.2452,10.741],[105.268,10.7666],[105.2586,10.779],[105.2613,10.7999],[105.2546,10.8024]]]}},{"type":"Feature","properties":{"gid":"VNM.1.10_1","provZh":"安江省","name2":"Thoại Sơn","type2":"Huyện","engtype2":"District"},"geometry":{"type":"Polygon","coordinates":[[[105.2061,10.1836],[105.2532,10.2385],[105.261,10.2459],[105.2671,10.2389],[105.3013,10.277],[105.3065,10.2689],[105.312,10.2739],[105.3362,10.2344],[105.4415,10.2697],[105.4172,10.3244],[105.388,10.3643],[105.3709,10.3622],[105.3682,10.3542],[105.3569,10.3483],[105.337,10.3459],[105.3199,10.3488],[105.3181,10.3547],[105.2927,10.3551],[105.2774,10.3674],[105.1193,10.3764],[105.1249,10.3147],[105.0953,10.2708],[105.1468,10.2369],[105.2061,10.1836]]]}},{"type":"Feature","properties":{"gid":"VNM.1.8_1","provZh":"安江省","name2":"Tịnh Biên","type2":"Huyện","engtype2":"District"},"geometry":{"type":"Polygon","coordinates":[[[105.0756,10.4393],[105.1152,10.437],[105.0654,10.6109],[105.0245,10.6645],[105.0278,10.6666],[105.0235,10.6783],[104.9569,10.6378],[104.9341,10.6108],[104.8985,10.5498],[104.9265,10.5285],[104.9586,10.5129],[104.9717,10.4574],[104.9932,10.4534],[105.0101,10.4645],[105.0547,10.4374],[105.0756,10.4393]]]}},{"type":"Feature","properties":{"gid":"VNM.1.11_1","provZh":"安江省","name2":"Tri Tôn","type2":"Huyện","engtype2":"District"},"geometry":{"type":"Polygon","coordinates":[[[105.0953,10.2708],[105.1249,10.3147],[105.1139,10.4354],[105.0547,10.4374],[105.0101,10.4645],[104.9932,10.4534],[104.9717,10.4574],[104.9586,10.5129],[104.9265,10.5285],[104.8985,10.5498],[104.8691,10.5222],[104.7787,10.5184],[104.7828,10.5035],[104.7784,10.4874],[104.7978,10.466],[104.8279,10.4035],[104.8647,10.3556],[105.0191,10.3187],[105.0172,10.316],[105.0953,10.2708]]]}},{"type":"Feature","properties":{"gid":"VNM.7.1_1","provZh":"巴地-头顿省","name2":"Bà Rịa","type2":"Thành phố","engtype2":"City"},"geometry":{"type":"Polygon","coordinates":[[[107.191,10.4705],[107.1906,10.4789],[107.2004,10.4845],[107.1966,10.4861],[107.205,10.497],[107.2221,10.4979],[107.2415,10.5128],[107.2464,10.5403],[107.243,10.5381],[107.2339,10.5498],[107.2272,10.551],[107.2268,10.5623],[107.2202,10.5632],[107.2178,10.554],[107.2116,10.5506],[107.1969,10.5534],[107.1963,10.5443],[107.1896,10.5403],[107.1831,10.5419],[107.1746,10.5568],[107.1683,10.5596],[107.1711,10.535],[107.1573,10.5323],[107.148,10.5358],[107.1331,10.511],[107.1241,10.5102],[107.1269,10.4907],[107.1215,10.4864],[107.1221,10.477],[107.1128,10.4772],[107.1185,10.4593],[107.1274,10.4575],[107.1343,10.4616],[107.1392,10.4541],[107.1435,10.4685],[107.1528,10.4642],[107.1634,10.4737],[107.167,10.4646],[107.1749,10.4629],[107.1775,10.4719],[107.191,10.4705]]]}},{"type":"Feature","properties":{"gid":"VNM.7.2_1","provZh":"巴地-头顿省","name2":"Châu Đức","type2":"Huyện","engtype2":"District"},"geometry":{"type":"Polygon","coordinates":[[[107.2116,10.5506],[107.2178,10.554],[107.2202,10.5632],[107.2268,10.5623],[107.2272,10.551],[107.2339,10.5498],[107.243,10.5381],[107.2597,10.5669],[107.2737,10.5695],[107.2756,10.5766],[107.3002,10.5598],[107.3069,10.5622],[107.316,10.5562],[107.3333,10.5659],[107.3477,10.5675],[107.3677,10.5927],[107.3513,10.6065],[107.3534,10.6137],[107.358,10.6145],[107.3531,10.6221],[107.3561,10.631],[107.3658,10.6401],[107.369,10.6539],[107.3522,10.6785],[107.3442,10.6747],[107.3318,10.6775],[107.318,10.6686],[107.2997,10.6838],[107.3078,10.694],[107.2998,10.7037],[107.3053,10.7131],[107.3009,10.7191],[107.3015,10.7299],[107.3054,10.7286],[107.3005,10.755],[107.2439,10.7564],[107.2441,10.76],[107.231,10.7643],[107.2109,10.7526],[107.211,10.7585],[107.2065,10.7581],[107.2068,10.7746],[107.1823,10.7682],[107.1545,10.7443],[107.1367,10.7439],[107.1389,10.7325],[107.1462,10.7311],[107.1436,10.7237],[107.1392,10.7278],[107.1395,10.7096],[107.1596,10.7103],[107.1655,10.7159],[107.1665,10.6875],[107.1595,10.6777],[107.1667,10.6667],[107.168,10.6478],[107.1624,10.6377],[107.1673,10.6192],[107.1602,10.6131],[107.1605,10.6064],[107.1681,10.599],[107.1659,10.5871],[107.1743,10.5648],[107.1717,10.5583],[107.1868,10.5408],[107.1963,10.5443],[107.1969,10.5534],[107.2116,10.5506]]]}},{"type":"Feature","properties":{"gid":"VNM.7.3_1","provZh":"巴地-头顿省","name2":"Đất Đỏ","type2":"Huyện","engtype2":"District"},"geometry":{"type":"Polygon","coordinates":[[[107.3044,10.4317],[107.3251,10.4488],[107.3457,10.4554],[107.3666,10.4703],[107.3687,10.4751],[107.3628,10.4787],[107.3728,10.4821],[107.3703,10.491],[107.3768,10.4934],[107.37,10.5235],[107.373,10.5282],[107.3672,10.544],[107.3606,10.5441],[107.3596,10.5536],[107.349,10.5494],[107.3417,10.56],[107.3477,10.5675],[107.3333,10.5659],[107.316,10.5562],[107.3069,10.5622],[107.3002,10.5598],[107.2756,10.5766],[107.2737,10.5695],[107.2597,10.5669],[107.2526,10.55],[107.2472,10.5489],[107.2471,10.5289],[107.24,10.5099],[107.2491,10.5146],[107.2533,10.5058],[107.2501,10.4696],[107.2578,10.4654],[107.25,10.4453],[107.2563,10.4303],[107.2446,10.4257],[107.2445,10.4211],[107.2591,10.4113],[107.2509,10.3942],[107.2557,10.3799],[107.3044,10.4317]]]}},{"type":"Feature","properties":{"gid":"VNM.7.4_1","provZh":"巴地-头顿省","name2":"Long Điền","type2":"Huyện","engtype2":"District"},"geometry":{"type":"Polygon","coordinates":[[[107.2497,10.4183],[107.2446,10.4257],[107.2563,10.4303],[107.25,10.4453],[107.2578,10.4654],[107.2501,10.4696],[107.2533,10.5058],[107.2471,10.5147],[107.2247,10.5037],[107.2221,10.4979],[107.205,10.497],[107.1966,10.4861],[107.2004,10.4845],[107.1906,10.4789],[107.1907,10.4691],[107.1775,10.4719],[107.1749,10.4629],[107.1807,10.4565],[107.1849,10.4573],[107.1872,10.4513],[107.2095,10.4384],[107.207,10.4283],[107.2116,10.4218],[107.1937,10.4211],[107.1878,10.4289],[107.1716,10.4004],[107.2101,10.4053],[107.2394,10.3787],[107.2546,10.3794],[107.2509,10.3942],[107.2591,10.4113],[107.2497,10.4183]]]}},{"type":"Feature","properties":{"gid":"VNM.7.5_1","provZh":"巴地-头顿省","name2":"Tân Thành","type2":"Huyện","engtype2":"District"},"geometry":{"type":"Polygon","coordinates":[[[107.0811,10.4801],[107.0891,10.4822],[107.1017,10.4749],[107.1198,10.4751],[107.1215,10.4864],[107.1269,10.4907],[107.1241,10.5102],[107.1331,10.511],[107.148,10.5358],[107.1573,10.5323],[107.1711,10.535],[107.1683,10.5596],[107.1743,10.5648],[107.1659,10.5871],[107.1681,10.599],[107.1605,10.6064],[107.1602,10.6131],[107.1673,10.6192],[107.1624,10.6377],[107.168,10.6478],[107.1667,10.6667],[107.1595,10.6777],[107.1665,10.6875],[107.1655,10.7159],[107.1596,10.7103],[107.1372,10.7075],[107.1338,10.6851],[107.1012,10.6633],[107.0965,10.652],[107.0448,10.6576],[107.0132,10.6434],[107.0167,10.6325],[107.006,10.6376],[106.9963,10.63],[107.0015,10.6179],[107.0191,10.6044],[107.0266,10.5885],[107.0107,10.5546],[107.0273,10.5421],[107.007,10.5105],[106.9974,10.5032],[106.9966,10.4605],[107.033,10.4653],[107.0501,10.4783],[107.0611,10.4778],[107.0685,10.4842],[107.0764,10.4784],[107.0811,10.4801]]]}},{"type":"Feature","properties":{"gid":"VNM.7.6_1","provZh":"巴地-头顿省","name2":"Vũng Tàu","type2":"Thành phố","engtype2":"City"},"geometry":{"type":"MultiPolygon","coordinates":[[[[107.089,10.3273],[107.1142,10.3632],[107.1716,10.4004],[107.1878,10.4289],[107.1937,10.4211],[107.2116,10.4218],[107.207,10.4283],[107.2095,10.4384],[107.1872,10.4513],[107.1849,10.4573],[107.167,10.4646],[107.1656,10.4731],[107.1587,10.4729],[107.1528,10.4642],[107.1435,10.4685],[107.1392,10.4541],[107.1343,10.4616],[107.1274,10.4575],[107.1185,10.4593],[107.1128,10.4772],[107.1017,10.4749],[107.0891,10.4822],[107.0764,10.4784],[107.0685,10.4842],[107.0611,10.4778],[107.0501,10.4783],[107.033,10.4653],[107.0415,10.4656],[107.0558,10.4462],[107.0763,10.4317],[107.1134,10.4359],[107.1181,10.4167],[107.1074,10.4075],[107.1006,10.3929],[107.0924,10.3879],[107.0735,10.3922],[107.0768,10.3895],[107.0707,10.3839],[107.0589,10.3873],[107.0555,10.3811],[107.0554,10.3737],[107.0621,10.3676],[107.0607,10.3551],[107.0736,10.3447],[107.072,10.3329],[107.0837,10.3203],[107.089,10.3273]]],[[[107.0987,10.3962],[107.1049,10.4139],[107.0898,10.3951],[107.0987,10.3962]]]]}},{"type":"Feature","properties":{"gid":"VNM.7.7_1","provZh":"巴地-头顿省","name2":"Xuyên Mộc","type2":"Huyện","engtype2":"District"},"geometry":{"type":"Polygon","coordinates":[[[107.3728,10.4992],[107.3769,10.4982],[107.3766,10.4922],[107.3703,10.491],[107.3728,10.4821],[107.3628,10.4787],[107.3688,10.4741],[107.3515,10.4628],[107.3522,10.459],[107.3737,10.4682],[107.4425,10.4677],[107.4701,10.4981],[107.5157,10.5032],[107.5286,10.5233],[107.5707,10.5684],[107.5661,10.5755],[107.5714,10.601],[107.5627,10.6162],[107.5683,10.619],[107.5382,10.6786],[107.5465,10.6946],[107.5443,10.706],[107.5259,10.7316],[107.5158,10.7351],[107.5061,10.7462],[107.505,10.7714],[107.4965,10.7674],[107.4845,10.7693],[107.4739,10.7917],[107.4579,10.7914],[107.4524,10.8038],[107.4382,10.8002],[107.4357,10.793],[107.4263,10.7877],[107.4192,10.771],[107.4087,10.7744],[107.3942,10.7629],[107.3714,10.7314],[107.3609,10.7281],[107.3577,10.7142],[107.348,10.7058],[107.3538,10.6966],[107.3495,10.6884],[107.3544,10.6855],[107.3508,10.6844],[107.3565,10.6757],[107.3547,10.6699],[107.369,10.6539],[107.3658,10.6401],[107.3561,10.631],[107.3531,10.6221],[107.358,10.6145],[107.3534,10.6137],[107.3513,10.6065],[107.3677,10.5927],[107.3624,10.5827],[107.3555,10.5806],[107.3556,10.5748],[107.3476,10.5706],[107.3485,10.5648],[107.341,10.5619],[107.349,10.5494],[107.3596,10.5536],[107.3606,10.5441],[107.3672,10.544],[107.376,10.5078],[107.3728,10.4992]]]}},{"type":"Feature","properties":{"gid":"VNM.3.1_1","provZh":"北江省","name2":"Bắc Giang","type2":"Thành phố","engtype2":"City"},"geometry":{"type":"Polygon","coordinates":[[[106.229,21.2629],[106.2283,21.2703],[106.2439,21.2786],[106.2531,21.2744],[106.2575,21.2775],[106.253,21.2933],[106.2384,21.2986],[106.2269,21.2961],[106.2246,21.3013],[106.2113,21.2997],[106.2007,21.3126],[106.195,21.3115],[106.1828,21.3205],[106.1737,21.3091],[106.1561,21.3146],[106.1502,21.311],[106.1493,21.3064],[106.1609,21.2964],[106.1571,21.2859],[106.1516,21.2869],[106.1416,21.2779],[106.1417,21.2701],[106.1566,21.2654],[106.1756,21.2401],[106.1949,21.2543],[106.1984,21.2445],[106.1901,21.2294],[106.2046,21.2172],[106.2143,21.2295],[106.211,21.238],[106.2259,21.2369],[106.2344,21.2465],[106.2362,21.2537],[106.2296,21.2569],[106.229,21.2629]]]}},{"type":"Feature","properties":{"gid":"VNM.3.2_1","provZh":"北江省","name2":"Hiệp Hòa","type2":"Huyện","engtype2":"District"},"geometry":{"type":"Polygon","coordinates":[[[105.9667,21.2259],[105.9782,21.2238],[105.9801,21.2309],[105.991,21.2375],[105.9864,21.2516],[105.9923,21.263],[106.0041,21.2581],[106.007,21.2674],[106.0216,21.2652],[106.0396,21.2788],[106.0302,21.2852],[106.0267,21.2962],[106.0295,21.3119],[106.0241,21.322],[106.0343,21.3382],[106.0321,21.3541],[106.0256,21.3635],[106.0151,21.3594],[106.0062,21.3738],[106.0137,21.3807],[106.0294,21.3793],[106.0301,21.3838],[106.023,21.3891],[106.0129,21.3874],[106.0142,21.3991],[106.0086,21.406],[105.9956,21.4048],[105.9909,21.4129],[105.9792,21.4136],[105.9633,21.4369],[105.9576,21.4322],[105.9544,21.4132],[105.9589,21.4022],[105.955,21.4009],[105.9534,21.4068],[105.94,21.3991],[105.9451,21.3912],[105.9398,21.3722],[105.9115,21.3762],[105.8956,21.3511],[105.9076,21.3523],[105.9074,21.3486],[105.896,21.343],[105.8865,21.346],[105.8808,21.3366],[105.89,21.3268],[105.8979,21.3271],[105.8969,21.3088],[105.901,21.304],[105.9089,21.3016],[105.9165,21.3056],[105.9163,21.295],[105.9308,21.2949],[105.9232,21.2876],[105.9221,21.2782],[105.923,21.2694],[105.9386,21.2467],[105.9351,21.2378],[105.9419,21.2328],[105.952,21.2348],[105.9577,21.2267],[105.9644,21.23],[105.9667,21.2259]]]}},{"type":"Feature","properties":{"gid":"VNM.3.3_1","provZh":"北江省","name2":"Lạng Giang","type2":"Huyện","engtype2":"District"},"geometry":{"type":"Polygon","coordinates":[[[106.2546,21.283],[106.2564,21.2753],[106.2636,21.2797],[106.2742,21.2723],[106.2749,21.2816],[106.2838,21.2805],[106.288,21.2866],[106.3057,21.2852],[106.3212,21.2901],[106.316,21.3025],[106.3003,21.2986],[106.2938,21.3037],[106.291,21.3229],[106.2959,21.3246],[106.2925,21.3309],[106.3139,21.3421],[106.3151,21.3636],[106.3112,21.3725],[106.3258,21.3757],[106.3499,21.3967],[106.3467,21.401],[106.3407,21.3972],[106.3245,21.4097],[106.3247,21.4247],[106.3333,21.4352],[106.3274,21.4477],[106.316,21.4441],[106.31,21.4518],[106.3041,21.4483],[106.3059,21.4422],[106.2988,21.4467],[106.2958,21.443],[106.2882,21.4498],[106.29,21.4559],[106.2676,21.4473],[106.2553,21.4493],[106.2555,21.4606],[106.2432,21.4484],[106.2372,21.4558],[106.2413,21.4624],[106.2378,21.4642],[106.2321,21.4481],[106.2239,21.4534],[106.2184,21.4478],[106.215,21.4555],[106.2011,21.4449],[106.2084,21.4466],[106.2052,21.44],[106.1959,21.4413],[106.1966,21.4298],[106.1814,21.4335],[106.1833,21.4274],[106.1693,21.4152],[106.17,21.4072],[106.1662,21.4057],[106.177,21.379],[106.1861,21.3736],[106.1797,21.3624],[106.1876,21.3633],[106.1926,21.3568],[106.1924,21.3407],[106.181,21.3228],[106.195,21.3115],[106.2007,21.3126],[106.2113,21.2997],[106.2246,21.3013],[106.2269,21.2961],[106.2384,21.2986],[106.253,21.2933],[106.2569,21.2881],[106.2546,21.283]]]}},{"type":"Feature","properties":{"gid":"VNM.3.4_1","provZh":"北江省","name2":"Lục Nam","type2":"Huyện","engtype2":"District"},"geometry":{"type":"Polygon","coordinates":[[[106.3697,21.1841],[106.3741,21.1954],[106.4129,21.2081],[106.4168,21.2221],[106.4227,21.2234],[106.4258,21.2317],[106.4437,21.2288],[106.4557,21.2327],[106.4664,21.226],[106.4743,21.2304],[106.4874,21.2287],[106.489,21.237],[106.4924,21.228],[106.5073,21.2218],[106.5194,21.2251],[106.5301,21.2219],[106.5425,21.1924],[106.5578,21.1943],[106.5648,21.1887],[106.5799,21.1924],[106.5909,21.1838],[106.5888,21.1781],[106.605,21.1797],[106.6097,21.1702],[106.631,21.1719],[106.6384,21.1682],[106.6409,21.1806],[106.6524,21.1736],[106.6774,21.1703],[106.6738,21.1835],[106.6793,21.1949],[106.6739,21.2016],[106.6856,21.2071],[106.689,21.2253],[106.6823,21.2435],[106.6892,21.2523],[106.6914,21.2686],[106.6844,21.2691],[106.6798,21.2792],[106.6452,21.2787],[106.6147,21.2653],[106.6002,21.2717],[106.5988,21.2806],[106.5912,21.2871],[106.5787,21.282],[106.5739,21.2902],[106.5572,21.2878],[106.5468,21.2996],[106.5505,21.3043],[106.5431,21.31],[106.5382,21.3111],[106.5256,21.2995],[106.5112,21.3027],[106.5052,21.3089],[106.5094,21.3112],[106.5084,21.3183],[106.5011,21.3226],[106.4949,21.3171],[106.4802,21.33],[106.4736,21.3284],[106.4694,21.3127],[106.4578,21.3166],[106.4527,21.3078],[106.4475,21.3114],[106.4478,21.3161],[106.4537,21.316],[106.4487,21.3204],[106.4504,21.3251],[106.444,21.3275],[106.4496,21.3378],[106.4627,21.3424],[106.4737,21.3389],[106.476,21.3419],[106.4752,21.3383],[106.4866,21.3465],[106.4782,21.3614],[106.4726,21.3599],[106.4666,21.3696],[106.4695,21.3739],[106.4776,21.373],[106.4806,21.3828],[106.4766,21.3993],[106.4581,21.4106],[106.4611,21.4369],[106.4433,21.4365],[106.4384,21.4437],[106.406,21.4292],[106.4079,21.4198],[106.4155,21.4154],[106.4142,21.4066],[106.3953,21.4053],[106.3784,21.394],[106.3672,21.399],[106.3462,21.3955],[106.3258,21.3757],[106.3112,21.3725],[106.3151,21.3636],[106.3139,21.3421],[106.2925,21.3309],[106.2959,21.3246],[106.291,21.3229],[106.2938,21.3037],[106.3003,21.2986],[106.3136,21.3035],[106.3206,21.2963],[106.319,21.2879],[106.3015,21.2852],[106.3043,21.2724],[106.2986,21.2578],[106.3057,21.2576],[106.3061,21.2467],[106.3156,21.2471],[106.3204,21.2434],[106.3181,21.2378],[106.3227,21.2389],[106.3274,21.2328],[106.3267,21.2162],[106.3308,21.203],[106.3378,21.1979],[106.3247,21.1922],[106.3228,21.1847],[106.3457,21.1652],[106.3459,21.1739],[106.3525,21.1708],[106.3667,21.1738],[106.3644,21.1788],[106.3697,21.1841]]]}},{"type":"Feature","properties":{"gid":"VNM.3.5_1","provZh":"北江省","name2":"Lục Ngạn","type2":"Huyện","engtype2":"District"},"geometry":{"type":"Polygon","coordinates":[[[106.6798,21.2792],[106.6844,21.2691],[106.7098,21.2667],[106.7154,21.2739],[106.7356,21.2776],[106.735,21.2874],[106.7612,21.3003],[106.7555,21.3102],[106.7567,21.322],[106.7622,21.3199],[106.7705,21.3253],[106.7735,21.3345],[106.7474,21.3516],[106.7503,21.3639],[106.7627,21.3717],[106.7642,21.3824],[106.7803,21.3858],[106.7765,21.3909],[106.7817,21.3993],[106.7804,21.4099],[106.7754,21.4181],[106.7829,21.4334],[106.7772,21.4519],[106.785,21.4588],[106.7859,21.4714],[106.7945,21.4808],[106.7952,21.4893],[106.8072,21.5027],[106.8359,21.502],[106.8404,21.513],[106.85,21.516],[106.8537,21.5258],[106.8603,21.5227],[106.8651,21.5334],[106.8506,21.5414],[106.8433,21.5597],[106.8201,21.5625],[106.8072,21.5588],[106.7926,21.566],[106.7865,21.5773],[106.7566,21.5672],[106.7557,21.5615],[106.762,21.5541],[106.7555,21.541],[106.7342,21.5446],[106.7268,21.5552],[106.7102,21.5608],[106.7006,21.5708],[106.7019,21.5937],[106.6703,21.6087],[106.6564,21.6032],[106.6456,21.6065],[106.637,21.6008],[106.6153,21.6078],[106.5961,21.5992],[106.5708,21.6025],[106.5523,21.5894],[106.5524,21.5828],[106.5275,21.5577],[106.5221,21.5355],[106.5087,21.5262],[106.5071,21.5222],[106.5213,21.4996],[106.5096,21.4867],[106.4944,21.4827],[106.4827,21.4487],[106.4728,21.4476],[106.4699,21.4399],[106.4611,21.4369],[106.4581,21.4106],[106.4766,21.3993],[106.4806,21.3828],[106.4776,21.373],[106.4695,21.3739],[106.4666,21.3696],[106.4726,21.3599],[106.4782,21.3614],[106.4866,21.3465],[106.4752,21.3383],[106.476,21.3419],[106.4528,21.3414],[106.444,21.3275],[106.4504,21.3251],[106.4487,21.3204],[106.4537,21.316],[106.4478,21.3161],[106.4475,21.3114],[106.4527,21.3078],[106.4556,21.3147],[106.4632,21.3174],[106.4694,21.3127],[106.4736,21.3284],[106.4802,21.33],[106.4949,21.3171],[106.5011,21.3226],[106.5084,21.3183],[106.5094,21.3112],[106.5052,21.3089],[106.5112,21.3027],[106.5256,21.2995],[106.5382,21.3111],[106.5431,21.31],[106.5505,21.3043],[106.5468,21.2996],[106.5572,21.2878],[106.5739,21.2902],[106.5787,21.282],[106.5912,21.2871],[106.5988,21.2806],[106.6002,21.2717],[106.6147,21.2653],[106.6452,21.2787],[106.6798,21.2792]]]}},{"type":"Feature","properties":{"gid":"VNM.3.6_1","provZh":"北江省","name2":"Sơn Động","type2":"Huyện","engtype2":"District"},"geometry":{"type":"Polygon","coordinates":[[[106.8408,21.186],[106.8569,21.1882],[106.8597,21.1772],[106.8738,21.1739],[106.8821,21.1833],[106.8926,21.1789],[106.9164,21.1844],[106.9308,21.1705],[106.941,21.172],[106.9474,21.1885],[106.9554,21.1902],[106.9562,21.2064],[106.9626,21.2102],[106.969,21.225],[106.9783,21.2264],[106.9772,21.2395],[106.9859,21.2569],[106.9725,21.284],[106.9837,21.2921],[107.02,21.2992],[107.0307,21.3096],[107.0334,21.3219],[107.0218,21.3315],[107.018,21.3448],[106.9883,21.3586],[106.9932,21.3771],[106.9857,21.4021],[106.9922,21.4144],[107.0038,21.4215],[106.9921,21.4303],[106.991,21.4364],[106.9868,21.4395],[106.9688,21.4361],[106.9603,21.4253],[106.9525,21.4235],[106.9456,21.4346],[106.9289,21.4257],[106.9302,21.437],[106.9264,21.441],[106.9172,21.4308],[106.9108,21.4308],[106.8914,21.4514],[106.8926,21.4602],[106.9025,21.4704],[106.8923,21.4773],[106.8892,21.4909],[106.8513,21.4989],[106.8441,21.4937],[106.8395,21.5058],[106.8277,21.501],[106.8099,21.5048],[106.7952,21.4893],[106.7945,21.4808],[106.7859,21.4714],[106.785,21.4588],[106.7772,21.4519],[106.7829,21.4334],[106.7754,21.4181],[106.7804,21.4099],[106.7817,21.3993],[106.7765,21.3909],[106.7803,21.3858],[106.7642,21.3824],[106.7614,21.3694],[106.7503,21.3639],[106.7479,21.3502],[106.7735,21.3345],[106.7705,21.3253],[106.7622,21.3199],[106.7567,21.322],[106.7555,21.3102],[106.7612,21.3003],[106.735,21.2874],[106.7343,21.2769],[106.7154,21.2739],[106.7053,21.2656],[106.6914,21.2686],[106.6892,21.2523],[106.6823,21.2435],[106.689,21.2253],[106.6856,21.2071],[106.6739,21.2016],[106.6793,21.1949],[106.6738,21.1835],[106.682,21.1666],[106.6964,21.1704],[106.7151,21.1607],[106.7331,21.1612],[106.7949,21.1491],[106.8194,21.1563],[106.8336,21.1529],[106.8266,21.1635],[106.8254,21.1882],[106.8408,21.186]]]}},{"type":"Feature","properties":{"gid":"VNM.3.7_1","provZh":"北江省","name2":"Tân Yên","type2":"Huyện","engtype2":"District"},"geometry":{"type":"Polygon","coordinates":[[[106.1766,21.3115],[106.1935,21.3445],[106.1876,21.3633],[106.1797,21.3624],[106.1861,21.3736],[106.177,21.379],[106.1729,21.3947],[106.1673,21.3951],[106.1693,21.4152],[106.178,21.4228],[106.1646,21.428],[106.1574,21.44],[106.1504,21.4369],[106.147,21.4432],[106.1338,21.4485],[106.1086,21.4489],[106.1005,21.4623],[106.0945,21.4475],[106.0787,21.4487],[106.0632,21.4591],[106.0594,21.4681],[106.0523,21.4677],[106.0463,21.4421],[106.0254,21.4313],[106.0344,21.4102],[106.0275,21.3994],[106.0293,21.3941],[106.0246,21.3929],[106.0131,21.4028],[106.0129,21.3874],[106.0254,21.3886],[106.0305,21.3805],[106.007,21.3776],[106.008,21.3671],[106.0151,21.3594],[106.0256,21.3635],[106.0359,21.3377],[106.0576,21.3368],[106.0554,21.3431],[106.067,21.3418],[106.0689,21.3334],[106.0756,21.3379],[106.0878,21.3271],[106.0949,21.3312],[106.1058,21.3246],[106.1348,21.3367],[106.1462,21.3295],[106.1537,21.3136],[106.1766,21.3115]]]}},{"type":"Feature","properties":{"gid":"VNM.3.8_1","provZh":"北江省","name2":"Việt Yên","type2":"Huyện","engtype2":"District"},"geometry":{"type":"Polygon","coordinates":[[[106.1248,21.21],[106.1322,21.2168],[106.1508,21.2107],[106.1526,21.2248],[106.1419,21.233],[106.1442,21.2477],[106.1519,21.2474],[106.1546,21.2427],[106.1664,21.2521],[106.1566,21.2654],[106.1406,21.2734],[106.1516,21.2869],[106.1571,21.2859],[106.1609,21.2964],[106.1486,21.3075],[106.1537,21.3136],[106.1462,21.3295],[106.1365,21.3326],[106.1386,21.3356],[106.126,21.336],[106.1212,21.3279],[106.1119,21.3302],[106.1058,21.3246],[106.0949,21.3312],[106.0878,21.3271],[106.0756,21.3379],[106.0689,21.3334],[106.067,21.3418],[106.0554,21.3431],[106.0576,21.3368],[106.0507,21.3359],[106.0337,21.339],[106.0241,21.322],[106.0295,21.3119],[106.0267,21.2962],[106.0302,21.2852],[106.0396,21.2788],[106.0216,21.2652],[106.007,21.2674],[106.0041,21.2581],[106.0234,21.2538],[106.0359,21.2449],[106.0342,21.217],[106.0413,21.202],[106.0472,21.2039],[106.0425,21.2147],[106.0543,21.228],[106.074,21.2167],[106.0823,21.2201],[106.0904,21.2051],[106.1226,21.1982],[106.1248,21.21]]]}},{"type":"Feature","properties":{"gid":"VNM.3.9_1","provZh":"北江省","name2":"Yên Dũng","type2":"Huyện","engtype2":"District"},"geometry":{"type":"Polygon","coordinates":[[[106.2965,21.126],[106.299,21.1216],[106.3117,21.1289],[106.323,21.1476],[106.3102,21.1786],[106.3105,21.1901],[106.3378,21.1979],[106.3291,21.2081],[106.3256,21.2359],[106.3181,21.2378],[106.3204,21.2434],[106.3156,21.2471],[106.3061,21.2467],[106.3057,21.2576],[106.2991,21.2553],[106.3043,21.2724],[106.3015,21.2852],[106.288,21.2866],[106.2838,21.2805],[106.2749,21.2816],[106.2742,21.2723],[106.2636,21.2797],[106.2531,21.2744],[106.2439,21.2786],[106.2283,21.2703],[106.2296,21.2569],[106.2362,21.2537],[106.2344,21.2465],[106.2259,21.2369],[106.211,21.238],[106.2143,21.2295],[106.2065,21.2167],[106.1901,21.2294],[106.1984,21.2445],[106.1936,21.2552],[106.1756,21.2401],[106.167,21.2525],[106.1546,21.2427],[106.1519,21.2474],[106.1442,21.2477],[106.1419,21.233],[106.1526,21.2248],[106.1508,21.2107],[106.1713,21.1807],[106.1819,21.1761],[106.1967,21.1822],[106.221,21.1758],[106.2088,21.1552],[106.2269,21.1561],[106.2399,21.168],[106.2548,21.1711],[106.2564,21.1527],[106.2674,21.1441],[106.2734,21.1322],[106.2965,21.126]]]}},{"type":"Feature","properties":{"gid":"VNM.3.10_1","provZh":"北江省","name2":"Yên Thế","type2":"Huyện","engtype2":"District"},"geometry":{"type":"Polygon","coordinates":[[[106.167,21.4282],[106.178,21.4228],[106.1833,21.4274],[106.1814,21.4335],[106.1966,21.4298],[106.1959,21.4413],[106.2052,21.44],[106.2084,21.4466],[106.2011,21.4449],[106.215,21.4555],[106.2184,21.4478],[106.2239,21.4534],[106.2321,21.4481],[106.2378,21.4642],[106.2413,21.4624],[106.2372,21.4558],[106.2432,21.4484],[106.2555,21.4606],[106.2553,21.4493],[106.2676,21.4473],[106.283,21.4522],[106.2866,21.4668],[106.2824,21.4727],[106.2878,21.4913],[106.2631,21.4916],[106.245,21.4816],[106.2376,21.4948],[106.2239,21.4937],[106.1687,21.5124],[106.169,21.5951],[106.1852,21.6043],[106.1739,21.6095],[106.1624,21.6248],[106.1421,21.6231],[106.127,21.6161],[106.0993,21.6252],[106.0798,21.6189],[106.0673,21.6046],[106.0569,21.603],[106.0486,21.5811],[106.0332,21.5714],[106.0304,21.562],[106.048,21.5588],[106.0561,21.5491],[106.0505,21.5457],[106.0537,21.5387],[106.0409,21.5163],[106.0455,21.5086],[106.0378,21.4902],[106.0479,21.4817],[106.0406,21.4704],[106.0483,21.4626],[106.0594,21.4681],[106.0632,21.4591],[106.0787,21.4487],[106.0945,21.4475],[106.1005,21.4623],[106.1086,21.4489],[106.1338,21.4485],[106.147,21.4432],[106.1504,21.4369],[106.1588,21.4393],[106.167,21.4282]]]}},{"type":"Feature","properties":{"gid":"VNM.4.2_1","provZh":"北件省","name2":"Ba Bể","type2":"Huyện","engtype2":"District"},"geometry":{"type":"Polygon","coordinates":[[[105.8614,22.3591],[105.8506,22.3646],[105.8597,22.3758],[105.8542,22.3902],[105.8713,22.4122],[105.869,22.424],[105.8822,22.4471],[105.8836,22.4635],[105.9004,22.4787],[105.9049,22.4913],[105.8995,22.507],[105.8662,22.5203],[105.8336,22.516],[105.8324,22.5264],[105.8215,22.5204],[105.8043,22.5238],[105.7858,22.5513],[105.7578,22.5323],[105.7632,22.5],[105.7619,22.4865],[105.7574,22.4842],[105.7352,22.4793],[105.7139,22.4908],[105.6882,22.4816],[105.6817,22.4931],[105.6866,22.505],[105.683,22.5094],[105.6596,22.4984],[105.6525,22.5037],[105.6397,22.4911],[105.6286,22.4976],[105.6118,22.4949],[105.5894,22.4849],[105.56,22.463],[105.5563,22.4391],[105.5486,22.4375],[105.555,22.4287],[105.5503,22.4206],[105.5528,22.4121],[105.5594,22.4102],[105.5712,22.4193],[105.5795,22.3887],[105.5913,22.3841],[105.6074,22.3945],[105.6147,22.3862],[105.6234,22.3915],[105.6402,22.3795],[105.6366,22.364],[105.6383,22.36],[105.6481,22.3607],[105.6521,22.3472],[105.6246,22.3344],[105.6192,22.3236],[105.6239,22.3211],[105.6233,22.3084],[105.6407,22.3074],[105.6461,22.2979],[105.6619,22.2898],[105.7018,22.2998],[105.7162,22.2785],[105.7272,22.2733],[105.7722,22.2724],[105.7885,22.2862],[105.8101,22.2889],[105.8309,22.306],[105.8733,22.3069],[105.8763,22.3164],[105.885,22.3166],[105.8892,22.3217],[105.88,22.3451],[105.8666,22.3509],[105.8614,22.3591]]]}},{"type":"Feature","properties":{"gid":"VNM.4.1_1","provZh":"北件省","name2":"Bạch Thông","type2":"Huyện","engtype2":"District"},"geometry":{"type":"Polygon","coordinates":[[[105.7829,22.1525],[105.7761,22.1538],[105.7751,22.1609],[105.7762,22.1713],[105.7824,22.1763],[105.7796,22.186],[105.81,22.1952],[105.8075,22.2125],[105.8117,22.2126],[105.8325,22.201],[105.841,22.201],[105.8524,22.1937],[105.8549,22.1855],[105.8667,22.1859],[105.8655,22.1727],[105.8896,22.1525],[105.8836,22.1425],[105.8842,22.1262],[105.8885,22.1232],[105.9021,22.1277],[105.9188,22.1217],[105.9347,22.126],[105.9526,22.1182],[105.964,22.1228],[105.9628,22.1407],[105.9696,22.1425],[105.9787,22.1661],[105.9971,22.1569],[106.0104,22.1613],[106.014,22.1847],[106.0391,22.1974],[106.0488,22.2101],[106.0201,22.2337],[106.0087,22.2368],[106.0049,22.2303],[105.9832,22.2475],[105.9804,22.2518],[105.9874,22.2705],[105.9725,22.2926],[105.9611,22.2875],[105.935,22.3003],[105.9294,22.2932],[105.9316,22.2868],[105.9253,22.2844],[105.9068,22.2935],[105.8873,22.3179],[105.8763,22.3164],[105.8733,22.3069],[105.8309,22.306],[105.8101,22.2889],[105.7885,22.2862],[105.7722,22.2724],[105.7294,22.2733],[105.7063,22.26],[105.7115,22.2265],[105.6918,22.226],[105.7007,22.2109],[105.6881,22.2014],[105.6892,22.1836],[105.6835,22.1735],[105.6951,22.1562],[105.6872,22.1501],[105.6873,22.1337],[105.6781,22.1338],[105.6714,22.1211],[105.6522,22.1132],[105.6519,22.1023],[105.6636,22.0896],[105.6915,22.09],[105.6962,22.0863],[105.7059,22.1013],[105.7246,22.0995],[105.7371,22.0925],[105.7499,22.0996],[105.762,22.0962],[105.7672,22.1022],[105.7787,22.0981],[105.7976,22.1006],[105.798,22.1214],[105.8042,22.1366],[105.7994,22.135],[105.7829,22.1525]]]}},{"type":"Feature","properties":{"gid":"VNM.4.3_1","provZh":"北件省","name2":"Chợ Đồn","type2":"Huyện","engtype2":"District"},"geometry":{"type":"Polygon","coordinates":[[[105.5852,21.9982],[105.5904,22.0077],[105.602,22.0141],[105.6165,22.0124],[105.6207,22.0184],[105.6362,22.0191],[105.6405,22.027],[105.6618,22.0293],[105.6689,22.0476],[105.6962,22.036],[105.6948,22.0472],[105.7006,22.0557],[105.6928,22.0709],[105.6962,22.0863],[105.6915,22.09],[105.6626,22.0902],[105.6519,22.1023],[105.6522,22.1132],[105.6714,22.1211],[105.6781,22.1338],[105.6873,22.1337],[105.6872,22.1501],[105.6951,22.1562],[105.6835,22.1735],[105.6892,22.1836],[105.6866,22.1953],[105.6881,22.2014],[105.7007,22.2109],[105.6918,22.226],[105.7115,22.2265],[105.7063,22.26],[105.7294,22.2733],[105.7162,22.2785],[105.7018,22.2998],[105.6619,22.2898],[105.6461,22.2979],[105.6407,22.3074],[105.6233,22.3084],[105.6239,22.3211],[105.6192,22.3236],[105.6246,22.3344],[105.6511,22.3459],[105.6516,22.3565],[105.6481,22.3607],[105.6383,22.36],[105.6402,22.3795],[105.6234,22.3915],[105.6147,22.3862],[105.6074,22.3945],[105.6019,22.394],[105.5913,22.3841],[105.5795,22.3887],[105.5712,22.4193],[105.5598,22.4024],[105.536,22.4077],[105.5183,22.4004],[105.5141,22.3487],[105.4963,22.3412],[105.4976,22.3201],[105.4827,22.3169],[105.4789,22.3083],[105.4919,22.2936],[105.4601,22.2838],[105.4728,22.2728],[105.4628,22.2646],[105.4538,22.2682],[105.4357,22.2588],[105.4388,22.2547],[105.436,22.2395],[105.4413,22.2305],[105.4356,22.2278],[105.4311,22.2163],[105.4502,22.1908],[105.46,22.1896],[105.4642,22.1814],[105.4624,22.1694],[105.4698,22.1606],[105.476,22.1636],[105.493,22.1582],[105.4935,22.1508],[105.4821,22.1461],[105.4747,22.1372],[105.4752,22.1265],[105.4632,22.1155],[105.4649,22.104],[105.4749,22.0974],[105.463,22.0744],[105.4734,22.0684],[105.4751,22.0582],[105.4875,22.0476],[105.4948,22.0107],[105.5056,22.008],[105.505,21.9926],[105.512,21.9845],[105.5165,21.987],[105.5249,21.9815],[105.5322,21.9679],[105.5645,21.9557],[105.5755,21.9577],[105.5724,21.9666],[105.5824,21.9663],[105.5778,21.9749],[105.5852,21.9982]]]}},{"type":"Feature","properties":{"gid":"VNM.4.4_1","provZh":"北件省","name2":"Chợ Mới","type2":"Huyện","engtype2":"District"},"geometry":{"type":"Polygon","coordinates":[[[105.8831,21.8622],[105.9109,21.8957],[105.9273,21.894],[105.9558,21.9092],[105.9613,21.9223],[105.9709,21.9246],[105.9702,21.9349],[105.9744,21.9395],[105.9952,21.9298],[106.0127,21.9378],[106.0194,21.9475],[106.0234,21.97],[106.0141,21.962],[105.9964,21.957],[105.9731,21.9809],[105.9415,21.9786],[105.9274,21.9899],[105.9362,21.9992],[105.9401,22.0198],[105.9671,22.0313],[105.9615,22.0394],[105.9738,22.0626],[105.9979,22.0722],[105.9929,22.077],[106.0,22.0813],[106.0001,22.0902],[105.9864,22.0916],[105.9709,22.1024],[105.9492,22.103],[105.9512,22.1077],[105.9415,22.1145],[105.9458,22.1202],[105.9434,22.124],[105.9287,22.1255],[105.9233,22.1225],[105.9255,22.1132],[105.9211,22.1044],[105.931,22.089],[105.9257,22.0806],[105.9029,22.0847],[105.8946,22.0677],[105.882,22.075],[105.8686,22.0618],[105.8698,22.0544],[105.859,22.0618],[105.8589,22.0797],[105.8535,22.0899],[105.8413,22.0932],[105.8226,22.0852],[105.8139,22.0943],[105.7976,22.1006],[105.7787,22.0981],[105.7672,22.1022],[105.762,22.0962],[105.7499,22.0996],[105.7371,22.0925],[105.7246,22.0995],[105.7059,22.1013],[105.6936,22.0827],[105.6928,22.0709],[105.7006,22.0557],[105.6948,22.0472],[105.6972,22.0311],[105.7072,22.023],[105.7206,22.0245],[105.7314,22.0153],[105.7394,22.019],[105.7556,22.0108],[105.756,21.9922],[105.7635,21.9857],[105.7607,21.9684],[105.7753,21.953],[105.774,21.9392],[105.7778,21.9328],[105.7642,21.9147],[105.7716,21.9091],[105.7728,21.8962],[105.7813,21.8891],[105.7703,21.8853],[105.7729,21.8756],[105.7689,21.8565],[105.7605,21.844],[105.7594,21.8188],[105.7864,21.8045],[105.7991,21.8051],[105.805,21.8336],[105.8151,21.8439],[105.8535,21.8439],[105.8646,21.8513],[105.8629,21.8606],[105.8737,21.8558],[105.8831,21.8622]]]}},{"type":"Feature","properties":{"gid":"VNM.4.5_1","provZh":"北件省","name2":"Na Rì","type2":"Huyện","engtype2":"District"},"geometry":{"type":"Polygon","coordinates":[[[106.0159,21.9657],[106.0234,21.97],[106.0243,21.9642],[106.0299,21.9678],[106.0466,21.9604],[106.0534,21.9435],[106.0598,21.9414],[106.0942,21.9416],[106.0979,21.9382],[106.1098,21.9465],[106.1096,21.9521],[106.0978,21.9542],[106.0999,21.9601],[106.1123,21.9626],[106.1154,21.9785],[106.1146,21.9927],[106.1074,21.9975],[106.1113,22.0135],[106.0956,22.0366],[106.1028,22.0457],[106.1004,22.0717],[106.1079,22.0763],[106.1142,22.0726],[106.1229,22.0854],[106.1572,22.0817],[106.1687,22.1105],[106.1767,22.1103],[106.1855,22.1177],[106.181,22.1289],[106.1914,22.1437],[106.1965,22.1428],[106.217,22.1665],[106.2339,22.1785],[106.2213,22.1971],[106.2214,22.2073],[106.2375,22.2216],[106.2471,22.2569],[106.2452,22.2664],[106.2351,22.2789],[106.2242,22.2827],[106.2231,22.2885],[106.2114,22.2907],[106.2007,22.3096],[106.2056,22.332],[106.22,22.3493],[106.2089,22.3682],[106.1906,22.3765],[106.1829,22.3881],[106.1621,22.382],[106.1592,22.3735],[106.1179,22.3425],[106.1157,22.3227],[106.104,22.317],[106.0979,22.3223],[106.0771,22.3226],[106.0571,22.3103],[106.0364,22.3152],[106.017,22.311],[106.0097,22.3046],[105.9766,22.3023],[105.9696,22.2936],[105.983,22.2816],[105.9874,22.2705],[105.9804,22.2518],[105.9832,22.2475],[106.0049,22.2303],[106.0087,22.2368],[106.0201,22.2337],[106.0488,22.2101],[106.0391,22.1974],[106.014,22.1847],[106.0104,22.1613],[105.9971,22.1569],[105.9787,22.1661],[105.9696,22.1425],[105.9628,22.1407],[105.964,22.1228],[105.9458,22.1202],[105.9415,22.1145],[105.9512,22.1077],[105.9492,22.103],[105.9709,22.1024],[105.9864,22.0916],[106.0001,22.0902],[106.0,22.0813],[105.9929,22.077],[105.9979,22.0722],[105.9738,22.0626],[105.9615,22.0394],[105.9671,22.0313],[105.9401,22.0198],[105.9362,21.9992],[105.9274,21.9899],[105.9415,21.9786],[105.9731,21.9809],[105.9964,21.957],[106.0159,21.9657]]]}},{"type":"Feature","properties":{"gid":"VNM.4.6_1","provZh":"北件省","name2":"Ngân Sơn","type2":"Huyện","engtype2":"District"},"geometry":{"type":"Polygon","coordinates":[[[105.9399,22.2986],[105.9611,22.2875],[105.9766,22.3023],[106.0097,22.3046],[106.017,22.311],[106.0364,22.3152],[106.0571,22.3103],[106.0756,22.3221],[106.0906,22.3231],[106.104,22.317],[106.1157,22.3227],[106.1179,22.3425],[106.1592,22.3735],[106.1621,22.382],[106.1847,22.3869],[106.1761,22.3948],[106.1771,22.4014],[106.168,22.4033],[106.1678,22.4091],[106.1566,22.4099],[106.1396,22.3944],[106.1222,22.4025],[106.1117,22.3989],[106.1041,22.4024],[106.1056,22.4092],[106.0991,22.4144],[106.1016,22.4356],[106.0941,22.4456],[106.1197,22.4721],[106.1147,22.4832],[106.1193,22.5103],[106.1005,22.5177],[106.1023,22.522],[106.0948,22.528],[106.1011,22.5356],[106.0945,22.5332],[106.0922,22.5387],[106.0953,22.5468],[106.0733,22.5549],[106.0824,22.5673],[106.0808,22.5739],[106.0664,22.5695],[106.048,22.5781],[106.0375,22.5622],[106.0052,22.5545],[106.0029,22.5484],[105.9712,22.5368],[105.9583,22.5245],[105.9325,22.5281],[105.9239,22.5212],[105.9136,22.4978],[105.9039,22.4953],[105.9004,22.4787],[105.8836,22.4635],[105.8822,22.4471],[105.869,22.424],[105.8713,22.4122],[105.8542,22.3902],[105.8597,22.3758],[105.8506,22.3646],[105.88,22.3451],[105.887,22.3305],[105.8873,22.3179],[105.9111,22.2901],[105.9253,22.2844],[105.9316,22.2868],[105.9326,22.2981],[105.9399,22.2986]]]}},{"type":"Feature","properties":{"gid":"VNM.4.7_1","provZh":"北件省","name2":"Pác Nặm","type2":"Huyện","engtype2":"District"},"geometry":{"type":"Polygon","coordinates":[[[105.6747,22.5054],[105.683,22.5094],[105.6866,22.505],[105.6817,22.4931],[105.6882,22.4816],[105.7139,22.4908],[105.7352,22.4793],[105.7619,22.4865],[105.7565,22.529],[105.7782,22.5456],[105.779,22.5487],[105.7718,22.5498],[105.7742,22.554],[105.7675,22.5562],[105.7733,22.5582],[105.7705,22.5648],[105.779,22.5731],[105.7661,22.5889],[105.7512,22.5862],[105.7456,22.5941],[105.7534,22.6086],[105.74,22.6273],[105.7279,22.6312],[105.7269,22.6362],[105.7404,22.6435],[105.7503,22.6645],[105.7769,22.6921],[105.7569,22.7009],[105.7519,22.7123],[105.7587,22.7248],[105.7503,22.7271],[105.7405,22.7412],[105.7271,22.7388],[105.7215,22.7308],[105.7109,22.7328],[105.7006,22.719],[105.6959,22.729],[105.6917,22.7184],[105.6654,22.7242],[105.6485,22.6985],[105.622,22.7004],[105.5998,22.6863],[105.6028,22.6673],[105.5657,22.6663],[105.5607,22.6574],[105.5471,22.656],[105.5409,22.6489],[105.5402,22.6357],[105.5316,22.6332],[105.5297,22.6281],[105.5289,22.6192],[105.549,22.5993],[105.5467,22.5871],[105.5634,22.5602],[105.578,22.5592],[105.5907,22.5446],[105.5987,22.5222],[105.5917,22.5082],[105.5962,22.5033],[105.5958,22.491],[105.6024,22.4883],[105.6118,22.4949],[105.6286,22.4976],[105.6397,22.4911],[105.6525,22.5037],[105.6596,22.4984],[105.6747,22.5054]]]}},{"type":"Feature","properties":{"gid":"VNM.4.8_1","provZh":"北件省","name2":"Thành Phố Bắc Kạn","type2":"Thành phố","engtype2":"City"},"geometry":{"type":"Polygon","coordinates":[[[105.8836,22.1285],[105.8855,22.1513],[105.8896,22.1525],[105.8655,22.1727],[105.8667,22.1859],[105.8549,22.1855],[105.8524,22.1937],[105.841,22.201],[105.8075,22.2125],[105.81,22.1952],[105.7796,22.186],[105.7824,22.1763],[105.7762,22.1713],[105.7761,22.1538],[105.7922,22.1459],[105.7994,22.135],[105.8042,22.1366],[105.798,22.1214],[105.7976,22.1006],[105.8139,22.0943],[105.8226,22.0852],[105.8413,22.0932],[105.8535,22.0899],[105.864,22.0554],[105.8698,22.0544],[105.8686,22.0618],[105.882,22.075],[105.8946,22.0677],[105.9029,22.0847],[105.9257,22.0806],[105.9308,22.088],[105.9214,22.1009],[105.9255,22.1132],[105.9233,22.1225],[105.9021,22.1277],[105.8885,22.1232],[105.8836,22.1285]]]}},{"type":"Feature","properties":{"gid":"VNM.2.1_1","provZh":"薄辽省","name2":"Bạc Liêu","type2":"Thành phố","engtype2":"City"},"geometry":{"type":"Polygon","coordinates":[[[105.7425,9.2034],[105.8274,9.2449],[105.8192,9.2726],[105.826,9.2765],[105.8121,9.3393],[105.7464,9.3003],[105.7307,9.3216],[105.7242,9.3143],[105.7038,9.3136],[105.6797,9.3015],[105.694,9.2734],[105.6944,9.2572],[105.7091,9.2719],[105.7108,9.2675],[105.7167,9.2467],[105.7104,9.2438],[105.7129,9.2347],[105.7192,9.2369],[105.7214,9.229],[105.7107,9.2272],[105.711,9.219],[105.7221,9.2232],[105.7304,9.1972],[105.7425,9.2034]]]}},{"type":"Feature","properties":{"gid":"VNM.2.2_1","provZh":"薄辽省","name2":"Đông Hải","type2":"Huyện","engtype2":"District"},"geometry":{"type":"Polygon","coordinates":[[[105.4272,9.0258],[105.4614,9.0656],[105.4887,9.0879],[105.5422,9.1197],[105.5823,9.1352],[105.5475,9.2591],[105.486,9.2437],[105.4886,9.2344],[105.4726,9.2368],[105.4661,9.232],[105.4695,9.2287],[105.4641,9.2201],[105.4468,9.2245],[105.4407,9.2097],[105.4243,9.2159],[105.4089,9.2114],[105.4068,9.2231],[105.2993,9.1847],[105.279,9.1742],[105.2804,9.1627],[105.2666,9.1595],[105.2621,9.1415],[105.2526,9.1352],[105.247,9.1128],[105.2509,9.1052],[105.245,9.1005],[105.2537,9.0913],[105.2632,9.0945],[105.2741,9.0847],[105.2946,9.0906],[105.3184,9.0717],[105.3354,9.0663],[105.3408,9.0723],[105.3578,9.0711],[105.3578,9.0628],[105.3778,9.0572],[105.3929,9.0672],[105.4108,9.0508],[105.4109,9.0433],[105.4194,9.0358],[105.4164,9.0172],[105.4272,9.0258]]]}},{"type":"Feature","properties":{"gid":"VNM.2.3_1","provZh":"薄辽省","name2":"Giá Rai","type2":"Thị xã","engtype2":"Town"},"geometry":{"type":"Polygon","coordinates":[[[105.2767,9.1797],[105.279,9.1742],[105.4068,9.2231],[105.4089,9.2114],[105.4243,9.2159],[105.4407,9.2097],[105.4468,9.2245],[105.4641,9.2201],[105.4695,9.2287],[105.4661,9.232],[105.4726,9.2368],[105.4886,9.2344],[105.486,9.2437],[105.5487,9.2594],[105.5432,9.2734],[105.5464,9.2814],[105.5339,9.2833],[105.5325,9.2882],[105.5146,9.2869],[105.5168,9.3099],[105.5075,9.3129],[105.5077,9.3239],[105.5144,9.3246],[105.509,9.33],[105.4718,9.3426],[105.4214,9.3465],[105.4003,9.3532],[105.3863,9.3323],[105.3514,9.2982],[105.3372,9.289],[105.3189,9.3033],[105.258,9.2513],[105.2393,9.2256],[105.2329,9.2243],[105.2326,9.2137],[105.2398,9.2092],[105.2398,9.2005],[105.2435,9.2042],[105.2529,9.1987],[105.2614,9.1785],[105.2714,9.1827],[105.2767,9.1797]]]}},{"type":"Feature","properties":{"gid":"VNM.2.5_1","provZh":"薄辽省","name2":"Hoà Bình","type2":"Huyện","engtype2":"District"},"geometry":{"type":"Polygon","coordinates":[[[105.5487,9.2594],[105.5823,9.1352],[105.673,9.1687],[105.6722,9.1729],[105.7304,9.1972],[105.7221,9.2232],[105.711,9.219],[105.7097,9.223],[105.7107,9.2272],[105.7214,9.229],[105.7192,9.2369],[105.7129,9.2347],[105.7104,9.2438],[105.7167,9.2467],[105.7091,9.2719],[105.6944,9.2572],[105.6899,9.2791],[105.6742,9.2735],[105.676,9.2675],[105.6591,9.2603],[105.6497,9.2942],[105.6413,9.2979],[105.644,9.3017],[105.6381,9.3136],[105.6397,9.3198],[105.6535,9.33],[105.6243,9.3627],[105.6113,9.3604],[105.6068,9.3643],[105.6019,9.3603],[105.5782,9.3589],[105.5749,9.3496],[105.5496,9.3806],[105.5421,9.3527],[105.5323,9.3516],[105.5301,9.34],[105.525,9.3417],[105.5262,9.3248],[105.5077,9.3239],[105.5075,9.3129],[105.5168,9.3099],[105.5146,9.2869],[105.5244,9.2892],[105.5386,9.2819],[105.5453,9.2836],[105.5446,9.2631],[105.5487,9.2594]]]}},{"type":"Feature","properties":{"gid":"VNM.2.4_1","provZh":"薄辽省","name2":"Hồng Dân","type2":"Huyện","engtype2":"District"},"geometry":{"type":"Polygon","coordinates":[[[105.3098,9.3833],[105.3196,9.3823],[105.4208,9.4749],[105.4252,9.4894],[105.4356,9.4873],[105.4405,9.4927],[105.4828,9.4798],[105.4903,9.4647],[105.5102,9.4834],[105.5197,9.479],[105.5453,9.4506],[105.5451,9.4833],[105.5554,9.5604],[105.5461,9.5863],[105.5348,9.5975],[105.5218,9.5948],[105.521,9.5888],[105.5146,9.5897],[105.5108,9.584],[105.5043,9.5862],[105.5039,9.5913],[105.4929,9.5907],[105.4892,9.5821],[105.476,9.5844],[105.4774,9.5912],[105.4702,9.5974],[105.4622,9.5868],[105.4562,9.5903],[105.4492,9.5869],[105.4465,9.5971],[105.4412,9.5947],[105.43,9.6011],[105.4287,9.5952],[105.4178,9.5928],[105.4152,9.602],[105.4105,9.5979],[105.399,9.5984],[105.3956,9.5884],[105.39,9.5906],[105.3792,9.5858],[105.3721,9.597],[105.3695,9.5877],[105.3642,9.5922],[105.3448,9.5932],[105.3479,9.5994],[105.3418,9.6052],[105.3419,9.6124],[105.3287,9.5993],[105.3085,9.6078],[105.3033,9.6286],[105.2927,9.6374],[105.2863,9.6255],[105.2864,9.5998],[105.2949,9.5846],[105.3126,9.5723],[105.3076,9.5563],[105.3234,9.5594],[105.3225,9.5454],[105.3297,9.5272],[105.3199,9.5251],[105.3234,9.517],[105.3158,9.5104],[105.3155,9.5025],[105.3098,9.5073],[105.2988,9.5051],[105.2913,9.4681],[105.2947,9.4336],[105.2781,9.4329],[105.2622,9.3993],[105.2806,9.3971],[105.2968,9.3869],[105.3034,9.3917],[105.3098,9.3833]]]}},{"type":"Feature","properties":{"gid":"VNM.2.6_1","provZh":"薄辽省","name2":"Phước Long","type2":"Huyện","engtype2":"District"},"geometry":{"type":"Polygon","coordinates":[[[105.2764,9.2989],[105.294,9.2796],[105.3189,9.3033],[105.3372,9.289],[105.3863,9.3323],[105.4003,9.3532],[105.4214,9.3465],[105.4718,9.3426],[105.5144,9.3246],[105.5262,9.3248],[105.525,9.3417],[105.5301,9.34],[105.5323,9.3516],[105.5421,9.3527],[105.5524,9.3899],[105.5787,9.4134],[105.5197,9.479],[105.5102,9.4834],[105.4903,9.4647],[105.4828,9.4798],[105.4405,9.4927],[105.4356,9.4873],[105.4252,9.4894],[105.4208,9.4749],[105.3196,9.3823],[105.299,9.3907],[105.252,9.3414],[105.2481,9.3354],[105.2522,9.3217],[105.2764,9.2989]]]}},{"type":"Feature","properties":{"gid":"VNM.2.7_1","provZh":"薄辽省","name2":"Vĩnh Lợi","type2":"Huyện","engtype2":"District"},"geometry":{"type":"Polygon","coordinates":[[[105.7001,9.3121],[105.7242,9.3143],[105.7307,9.3216],[105.7489,9.3014],[105.7673,9.3157],[105.859,9.3599],[105.853,9.3802],[105.8571,9.384],[105.8486,9.3893],[105.8413,9.4045],[105.8309,9.4005],[105.8354,9.3992],[105.8329,9.3919],[105.8209,9.394],[105.8224,9.3856],[105.8135,9.3767],[105.8181,9.3715],[105.8117,9.3705],[105.8058,9.3761],[105.7932,9.3772],[105.7905,9.3841],[105.7856,9.3828],[105.7765,9.394],[105.7853,9.4006],[105.7618,9.4138],[105.7512,9.4109],[105.7516,9.4065],[105.737,9.4016],[105.7377,9.3953],[105.7283,9.3957],[105.7237,9.3903],[105.7051,9.3964],[105.7054,9.3778],[105.688,9.379],[105.6731,9.3908],[105.6561,9.3848],[105.6499,9.3874],[105.6475,9.3952],[105.6367,9.3961],[105.6411,9.4015],[105.6391,9.4089],[105.6196,9.4153],[105.6155,9.4064],[105.6003,9.4231],[105.5957,9.4194],[105.5876,9.4236],[105.5808,9.4117],[105.5524,9.3899],[105.5496,9.3806],[105.5749,9.3496],[105.5782,9.3589],[105.6019,9.3603],[105.6068,9.3643],[105.6113,9.3604],[105.6243,9.3627],[105.6535,9.33],[105.6397,9.3198],[105.6381,9.3136],[105.644,9.3017],[105.6413,9.2979],[105.6497,9.2942],[105.6591,9.2603],[105.676,9.2675],[105.6742,9.2735],[105.6899,9.2791],[105.6795,9.301],[105.7001,9.3121]]]}},{"type":"Feature","properties":{"gid":"VNM.5.1_1","provZh":"北宁省","name2":"Bắc Ninh","type2":"Thành phố","engtype2":"City"},"geometry":{"type":"Polygon","coordinates":[[[106.0987,21.1714],[106.1022,21.1825],[106.1128,21.1796],[106.1226,21.1982],[106.0904,21.2051],[106.0823,21.2201],[106.074,21.2167],[106.0543,21.228],[106.0425,21.2147],[106.0472,21.2039],[106.0431,21.2013],[106.0365,21.2066],[106.0326,21.1871],[106.0214,21.1872],[106.0191,21.1749],[106.0268,21.1711],[106.0253,21.1623],[106.0359,21.1532],[106.034,21.1498],[106.0489,21.1479],[106.0478,21.1409],[106.0404,21.1365],[106.0604,21.1283],[106.0616,21.1234],[106.0871,21.1253],[106.0916,21.13],[106.1033,21.1252],[106.1069,21.1261],[106.1054,21.1319],[106.1137,21.134],[106.129,21.1274],[106.1268,21.131],[106.1317,21.1308],[106.1346,21.1403],[106.1324,21.1467],[106.1167,21.1537],[106.1083,21.1683],[106.0987,21.1714]]]}},{"type":"Feature","properties":{"gid":"VNM.5.2_1","provZh":"北宁省","name2":"Gia Bình","type2":"Huyện","engtype2":"District"},"geometry":{"type":"Polygon","coordinates":[[[106.2136,21.0429],[106.2158,21.0556],[106.2291,21.0622],[106.2393,21.056],[106.2464,21.0625],[106.263,21.0611],[106.2729,21.0806],[106.2825,21.0699],[106.2838,21.0747],[106.2946,21.0655],[106.3004,21.066],[106.3038,21.0696],[106.3021,21.0875],[106.2953,21.1083],[106.2842,21.1029],[106.2541,21.1163],[106.2283,21.1141],[106.2292,21.1079],[106.1895,21.0961],[106.1703,21.1084],[106.1556,21.1101],[106.1476,21.1048],[106.1423,21.0814],[106.128,21.0743],[106.1415,21.0515],[106.1368,21.0315],[106.1523,21.0207],[106.1556,21.0263],[106.149,21.0297],[106.1585,21.0442],[106.1715,21.0342],[106.1761,21.0358],[106.1761,21.0139],[106.1834,21.0126],[106.1896,21.0212],[106.1837,21.0271],[106.1848,21.0335],[106.1767,21.0359],[106.2013,21.0409],[106.2081,21.0323],[106.2136,21.0429]]]}},{"type":"Feature","properties":{"gid":"VNM.5.3_1","provZh":"北宁省","name2":"Lương Tài","type2":"Huyện","engtype2":"District"},"geometry":{"type":"Polygon","coordinates":[[[106.2933,21.0186],[106.2927,21.0395],[106.3106,21.0589],[106.3038,21.0696],[106.2946,21.0655],[106.2838,21.0747],[106.2825,21.0699],[106.2729,21.0806],[106.263,21.0611],[106.2464,21.0625],[106.2393,21.056],[106.2291,21.0622],[106.2158,21.0556],[106.2139,21.0398],[106.2081,21.0323],[106.2013,21.0409],[106.1767,21.0359],[106.1848,21.0335],[106.1837,21.0271],[106.1896,21.0212],[106.1873,21.0134],[106.1761,21.0139],[106.1761,21.0358],[106.1715,21.0342],[106.1573,21.0435],[106.149,21.0297],[106.1556,21.0263],[106.1536,21.022],[106.1411,21.0258],[106.1424,21.0104],[106.1381,21.0013],[106.1507,20.9889],[106.168,20.9875],[106.1632,20.9755],[106.1675,20.9693],[106.1821,20.9789],[106.2211,20.9899],[106.2203,20.9957],[106.2449,20.9914],[106.2464,20.9978],[106.267,20.9878],[106.273,20.9917],[106.2757,21.0068],[106.2933,21.0186]]]}},{"type":"Feature","properties":{"gid":"VNM.5.4_1","provZh":"北宁省","name2":"Quế Võ","type2":"Huyện","engtype2":"District"},"geometry":{"type":"Polygon","coordinates":[[[106.2689,21.1418],[106.2564,21.1527],[106.2548,21.1711],[106.2399,21.168],[106.2269,21.1561],[106.2088,21.1552],[106.221,21.1758],[106.1967,21.1822],[106.1856,21.1764],[106.1772,21.1776],[106.1508,21.2107],[106.1322,21.2168],[106.1248,21.21],[106.1242,21.1996],[106.1128,21.1796],[106.1022,21.1825],[106.0975,21.1726],[106.1083,21.1683],[106.1167,21.1537],[106.1324,21.1467],[106.1317,21.1308],[106.1268,21.131],[106.1259,21.1262],[106.1193,21.134],[106.1054,21.1319],[106.1123,21.1058],[106.0925,21.1056],[106.0894,21.0893],[106.1001,21.0737],[106.1114,21.0938],[106.1289,21.0802],[106.1383,21.0787],[106.1441,21.0852],[106.1476,21.1048],[106.1556,21.1101],[106.1703,21.1084],[106.1895,21.0961],[106.2292,21.1079],[106.2283,21.1141],[106.2541,21.1163],[106.2842,21.1029],[106.2953,21.1083],[106.2965,21.126],[106.2734,21.1322],[106.2689,21.1418]]]}},{"type":"Feature","properties":{"gid":"VNM.5.6_1","provZh":"北宁省","name2":"Thuận Thành","type2":"Huyện","engtype2":"District"},"geometry":{"type":"Polygon","coordinates":[[[106.0285,20.9931],[106.0511,21.007],[106.0581,21.0004],[106.077,20.9955],[106.0898,21.0072],[106.1021,20.9973],[106.1092,20.9997],[106.1157,20.9958],[106.1152,20.9834],[106.1274,20.9837],[106.1319,20.9993],[106.1405,21.001],[106.1424,21.0104],[106.1427,21.0279],[106.1368,21.0315],[106.1415,21.0515],[106.128,21.0743],[106.133,21.0785],[106.1114,21.0938],[106.1051,21.0783],[106.0901,21.0696],[106.0691,21.0828],[106.0424,21.0715],[106.0197,21.0736],[106.0021,21.0695],[106.0091,21.0637],[106.0082,21.0555],[106.0144,21.0559],[106.014,21.0509],[106.02,21.0475],[106.0201,21.0414],[106.0129,21.0304],[106.0065,21.0289],[106.0095,21.0243],[106.0046,21.022],[106.0045,21.0117],[106.0104,21.0108],[105.9991,21.0066],[106.0012,21.0003],[106.0166,21.0019],[106.0285,20.9931]]]}},{"type":"Feature","properties":{"gid":"VNM.5.7_1","provZh":"北宁省","name2":"Tiên Du","type2":"Huyện","engtype2":"District"},"geometry":{"type":"Polygon","coordinates":[[[106.0197,21.0736],[106.0424,21.0715],[106.0691,21.0828],[106.0901,21.0696],[106.1001,21.0737],[106.0894,21.0893],[106.0925,21.1056],[106.1123,21.1058],[106.1069,21.1261],[106.0916,21.13],[106.0871,21.1253],[106.0739,21.1272],[106.0681,21.1217],[106.0475,21.1307],[106.0404,21.1365],[106.0478,21.1409],[106.0477,21.1494],[106.034,21.1498],[106.0359,21.1532],[106.0253,21.1623],[106.0268,21.1711],[106.0174,21.179],[105.999,21.1836],[105.9874,21.1766],[105.9844,21.1792],[105.9686,21.1626],[105.9898,21.1628],[106.0054,21.1543],[106.0047,21.1458],[105.9998,21.1481],[105.9992,21.1361],[105.995,21.1346],[105.9966,21.1242],[105.9851,21.1146],[105.9895,21.1128],[105.9883,21.1068],[105.9834,21.1006],[105.9755,21.1015],[105.9817,21.0931],[105.9803,21.0797],[105.9848,21.0699],[106.0197,21.0736]]]}},{"type":"Feature","properties":{"gid":"VNM.5.5_1","provZh":"北宁省","name2":"Từ Sơn","type2":"Thị xã","engtype2":"Town"},"geometry":{"type":"Polygon","coordinates":[[[105.9804,21.0872],[105.9757,21.1034],[105.9834,21.1006],[105.9883,21.1068],[105.9895,21.1128],[105.9851,21.1146],[105.9966,21.1242],[105.995,21.1346],[105.9992,21.1361],[105.9998,21.1481],[106.0047,21.1458],[106.0054,21.1543],[105.9935,21.1618],[105.9718,21.1613],[105.963,21.167],[105.9533,21.1563],[105.9461,21.1644],[105.9251,21.1648],[105.9195,21.1554],[105.9264,21.1445],[105.9252,21.1345],[105.9128,21.1265],[105.9156,21.119],[105.9242,21.1206],[105.9214,21.1167],[105.9342,21.1059],[105.9402,21.0834],[105.9579,21.0913],[105.9684,21.0721],[105.9848,21.0699],[105.9804,21.0872]]]}},{"type":"Feature","properties":{"gid":"VNM.5.8_1","provZh":"北宁省","name2":"Yên Phong","type2":"Huyện","engtype2":"District"},"geometry":{"type":"Polygon","coordinates":[[[105.9477,21.1622],[105.9522,21.161],[105.9497,21.1572],[105.9574,21.1569],[105.957,21.1644],[105.963,21.167],[105.9686,21.1626],[105.9844,21.1792],[105.9874,21.1766],[105.999,21.1836],[106.0174,21.179],[106.0191,21.1749],[106.0214,21.1872],[106.0326,21.1871],[106.0329,21.1984],[106.0384,21.2026],[106.0342,21.217],[106.0359,21.2449],[106.0127,21.258],[106.0003,21.2581],[105.9942,21.2643],[105.9864,21.2516],[105.991,21.2375],[105.9801,21.2309],[105.9782,21.2238],[105.9678,21.2249],[105.9644,21.23],[105.9577,21.2267],[105.952,21.2348],[105.9419,21.2328],[105.9351,21.2378],[105.935,21.2454],[105.9263,21.2447],[105.9276,21.2393],[105.9193,21.231],[105.9065,21.2323],[105.9036,21.2238],[105.9105,21.2244],[105.9156,21.2094],[105.9099,21.2073],[105.9112,21.2012],[105.9026,21.2012],[105.9071,21.1924],[105.9237,21.1827],[105.9169,21.1716],[105.9193,21.1632],[105.9477,21.1622]]]}},{"type":"Feature","properties":{"gid":"VNM.6.2_1","provZh":"槟椥省","name2":"Ba Tri","type2":"Huyện","engtype2":"District"},"geometry":{"type":"Polygon","coordinates":[[[106.6285,10.1442],[106.6111,10.1772],[106.5781,10.1864],[106.5779,10.1741],[106.5857,10.1608],[106.5646,10.1584],[106.5555,10.1491],[106.5512,10.1525],[106.5424,10.1432],[106.5445,10.1264],[106.512,10.0772],[106.4924,10.0694],[106.4903,10.072],[106.4702,10.0599],[106.4893,10.039],[106.4854,10.0253],[106.5122,10.0054],[106.5601,9.9948],[106.6089,9.9666],[106.6496,9.9553],[106.6506,9.9789],[106.6668,10.0],[106.6809,10.005],[106.6944,10.0245],[106.6842,10.0478],[106.6996,10.0679],[106.661,10.1251],[106.6512,10.1348],[106.6285,10.1442]]]}},{"type":"Feature","properties":{"gid":"VNM.6.1_1","provZh":"槟椥省","name2":"Bến Tre","type2":"Thành phố","engtype2":"City"},"geometry":{"type":"Polygon","coordinates":[[[106.3671,10.2766],[106.3655,10.2716],[106.3556,10.2729],[106.32,10.2836],[106.3208,10.2711],[106.3247,10.2701],[106.3194,10.2596],[106.3252,10.255],[106.3176,10.249],[106.3322,10.2376],[106.3577,10.1983],[106.3706,10.1975],[106.3738,10.205],[106.3829,10.1936],[106.3852,10.1972],[106.3948,10.191],[106.4007,10.2004],[106.4073,10.1993],[106.4126,10.2046],[106.4097,10.21],[106.4177,10.2213],[106.4141,10.2271],[106.4292,10.2353],[106.4329,10.2456],[106.3853,10.2643],[106.3867,10.2705],[106.3671,10.2766]]]}},{"type":"Feature","properties":{"gid":"VNM.6.3_1","provZh":"槟椥省","name2":"Bình Đại","type2":"Huyện","engtype2":"District"},"geometry":{"type":"Polygon","coordinates":[[[106.6996,10.0679],[106.6842,10.0478],[106.6944,10.0245],[106.7341,10.0403],[106.7778,10.0888],[106.7894,10.1082],[106.7853,10.1269],[106.7899,10.1485],[106.7762,10.1702],[106.7533,10.1807],[106.7543,10.191],[106.7093,10.2123],[106.6912,10.2309],[106.6778,10.2367],[106.5904,10.2508],[106.542,10.2656],[106.4772,10.3066],[106.4483,10.3065],[106.4527,10.3013],[106.4397,10.2653],[106.4499,10.255],[106.4777,10.2448],[106.5312,10.2085],[106.563,10.1986],[106.5833,10.1833],[106.6111,10.1772],[106.6285,10.1442],[106.6512,10.1348],[106.661,10.1251],[106.6996,10.0679]]]}},{"type":"Feature","properties":{"gid":"VNM.6.5_1","provZh":"槟椥省","name2":"Châu Thành","type2":"Huyện","engtype2":"District"},"geometry":{"type":"Polygon","coordinates":[[[106.2571,10.2541],[106.2878,10.2623],[106.3176,10.249],[106.3252,10.255],[106.3194,10.2596],[106.3247,10.2701],[106.3208,10.2711],[106.32,10.2836],[106.3556,10.2729],[106.3655,10.2716],[106.3671,10.2766],[106.3867,10.2705],[106.3853,10.2643],[106.4329,10.2456],[106.4527,10.3013],[106.3983,10.3362],[106.3741,10.3404],[106.3047,10.3192],[106.288,10.3306],[106.2056,10.314],[106.1429,10.2841],[106.1635,10.2637],[106.2017,10.2438],[106.2245,10.2416],[106.2571,10.2541]]]}},{"type":"Feature","properties":{"gid":"VNM.6.4_1","provZh":"槟椥省","name2":"Chợ Lách","type2":"Huyện","engtype2":"District"},"geometry":{"type":"Polygon","coordinates":[[[106.1871,10.2526],[106.1635,10.2637],[106.1429,10.2841],[106.1037,10.2837],[106.0887,10.2762],[106.0346,10.2988],[106.0292,10.2897],[106.0281,10.2732],[106.0349,10.2722],[106.0379,10.2487],[106.1116,10.2374],[106.1411,10.2151],[106.144,10.2042],[106.1663,10.1879],[106.1766,10.1738],[106.1877,10.1777],[106.2193,10.1488],[106.2364,10.1514],[106.2436,10.1809],[106.2577,10.1837],[106.245,10.1935],[106.2522,10.1991],[106.2669,10.1987],[106.2689,10.2029],[106.2633,10.2171],[106.258,10.213],[106.2492,10.2185],[106.238,10.2182],[106.2384,10.2229],[106.251,10.2227],[106.2556,10.2337],[106.2502,10.2412],[106.2529,10.2479],[106.2493,10.2507],[106.2157,10.2408],[106.1871,10.2526]]]}},{"type":"Feature","properties":{"gid":"VNM.6.6_1","provZh":"槟椥省","name2":"Giồng Trôm","type2":"Huyện","engtype2":"District"},"geometry":{"type":"Polygon","coordinates":[[[106.4893,10.039],[106.4702,10.0599],[106.4903,10.072],[106.4924,10.0694],[106.512,10.0772],[106.5445,10.1264],[106.5424,10.1432],[106.5512,10.1525],[106.5555,10.1491],[106.5646,10.1584],[106.5868,10.1638],[106.5779,10.1741],[106.5781,10.1864],[106.563,10.1986],[106.5312,10.2085],[106.4777,10.2448],[106.4499,10.255],[106.4397,10.2653],[106.4292,10.2353],[106.4141,10.2271],[106.4177,10.2213],[106.4123,10.2182],[106.4094,10.2008],[106.4007,10.2004],[106.3948,10.191],[106.3852,10.1972],[106.3829,10.1936],[106.3738,10.205],[106.3706,10.1975],[106.3577,10.1983],[106.3593,10.1841],[106.3926,10.1201],[106.4854,10.0253],[106.4893,10.039]]]}},{"type":"Feature","properties":{"gid":"VNM.6.7_1","provZh":"槟椥省","name2":"Mỏ Cày Bắc","type2":"Huyện","engtype2":"District"},"geometry":{"type":"Polygon","coordinates":[[[106.2936,10.1207],[106.3094,10.1414],[106.3207,10.1441],[106.3295,10.1524],[106.337,10.15],[106.3348,10.1654],[106.3531,10.1667],[106.3622,10.1762],[106.3533,10.2088],[106.3322,10.2376],[106.3129,10.2524],[106.2784,10.2621],[106.2493,10.2507],[106.2556,10.2337],[106.251,10.2227],[106.2384,10.2229],[106.238,10.2182],[106.2492,10.2185],[106.258,10.213],[106.2633,10.2171],[106.2689,10.2029],[106.2669,10.1987],[106.2522,10.1991],[106.245,10.1935],[106.2577,10.1837],[106.2436,10.1809],[106.2364,10.1514],[106.2193,10.1488],[106.2765,10.0719],[106.2856,10.098],[106.2973,10.1072],[106.2884,10.1137],[106.2926,10.1138],[106.2936,10.1207]]]}},{"type":"Feature","properties":{"gid":"VNM.6.8_1","provZh":"槟椥省","name2":"Mỏ Cày Nam","type2":"Huyện","engtype2":"District"},"geometry":{"type":"Polygon","coordinates":[[[106.365,9.989],[106.3997,9.9664],[106.4098,9.971],[106.4156,9.9818],[106.4251,9.9877],[106.4201,9.991],[106.4218,9.9972],[106.4134,9.9981],[106.4148,10.0196],[106.4212,10.029],[106.4178,10.05],[106.4269,10.0598],[106.436,10.0557],[106.4342,10.0664],[106.4415,10.07],[106.3926,10.1201],[106.3622,10.1762],[106.3531,10.1667],[106.3336,10.1643],[106.337,10.15],[106.3295,10.1524],[106.301,10.1342],[106.2912,10.1211],[106.2926,10.1138],[106.2884,10.1137],[106.2973,10.1072],[106.2856,10.098],[106.2765,10.0719],[106.2952,10.0413],[106.3144,10.0203],[106.3459,10.0045],[106.365,9.989]]]}},{"type":"Feature","properties":{"gid":"VNM.6.9_1","provZh":"槟椥省","name2":"Thạnh Phú","type2":"Huyện","engtype2":"District"},"geometry":{"type":"Polygon","coordinates":[[[106.6124,9.7888],[106.6646,9.8401],[106.6873,9.8805],[106.6796,9.8967],[106.6708,9.9032],[106.6628,9.9259],[106.6493,9.9358],[106.6496,9.9553],[106.6089,9.9666],[106.5601,9.9948],[106.5122,10.0054],[106.4801,10.0285],[106.4415,10.07],[106.4342,10.0664],[106.436,10.0557],[106.4269,10.0598],[106.4178,10.05],[106.4212,10.029],[106.4148,10.0196],[106.4134,9.9981],[106.4218,9.9972],[106.4201,9.991],[106.4251,9.9877],[106.3997,9.9664],[106.4926,9.9123],[106.527,9.8721],[106.5746,9.8319],[106.6124,9.7888]]]}},{"type":"Feature","properties":{"gid":"VNM.8.1_1","provZh":"平定省","name2":"An Lão","type2":"Huyện","engtype2":"District"},"geometry":{"type":"Polygon","coordinates":[[[108.7781,14.4747],[108.7765,14.4818],[108.7835,14.4905],[108.7906,14.4811],[108.8004,14.482],[108.8093,14.4713],[108.8167,14.4874],[108.8248,14.4853],[108.8313,14.4924],[108.8399,14.4802],[108.8512,14.4799],[108.8527,14.4918],[108.859,14.4925],[108.8641,14.4874],[108.8633,14.4713],[108.8863,14.4708],[108.8905,14.4882],[108.8806,14.4987],[108.8681,14.5],[108.8849,14.5098],[108.8899,14.5193],[108.9101,14.5154],[108.9256,14.5189],[108.9226,14.5233],[108.9385,14.5359],[108.9388,14.5676],[108.944,14.5719],[108.9414,14.5804],[108.9503,14.5977],[108.9477,14.6079],[108.9544,14.6159],[108.9514,14.64],[108.9568,14.6481],[108.9559,14.6565],[108.9625,14.6559],[108.9737,14.6718],[108.9685,14.6797],[108.9594,14.6855],[108.955,14.6803],[108.94,14.6938],[108.9293,14.6961],[108.9285,14.7029],[108.9056,14.6859],[108.8896,14.6811],[108.8615,14.6927],[108.8469,14.6814],[108.8392,14.6931],[108.8286,14.6765],[108.8134,14.6689],[108.7817,14.6688],[108.769,14.676],[108.7598,14.666],[108.7668,14.6263],[108.7613,14.6146],[108.7638,14.5987],[108.7332,14.5883],[108.7088,14.6035],[108.705,14.6136],[108.6981,14.5955],[108.6902,14.5915],[108.6805,14.596],[108.6737,14.5802],[108.6402,14.5638],[108.6417,14.5466],[108.6337,14.5512],[108.6279,14.5492],[108.6298,14.5303],[108.6351,14.525],[108.63,14.5166],[108.6367,14.5054],[108.632,14.4966],[108.6394,14.4855],[108.6371,14.4801],[108.6435,14.4744],[108.6409,14.4445],[108.6449,14.44],[108.6692,14.4398],[108.6786,14.4503],[108.6816,14.4407],[108.6958,14.4279],[108.7072,14.4251],[108.7133,14.4289],[108.7247,14.4193],[108.7215,14.394],[108.7412,14.3974],[108.7468,14.3907],[108.758,14.3887],[108.7606,14.3759],[108.7651,14.3713],[108.7736,14.3724],[108.7741,14.3649],[108.7863,14.3932],[108.7821,14.4035],[108.7871,14.4224],[108.7827,14.4429],[108.7857,14.4537],[108.7775,14.4621],[108.7781,14.4747]]]}},{"type":"Feature","properties":{"gid":"VNM.8.2_1","provZh":"平定省","name2":"An Nhơn","type2":"Thị xã","engtype2":"Town"},"geometry":{"type":"Polygon","coordinates":[[[109.08,13.8247],[109.1054,13.8296],[109.107,13.8409],[109.1222,13.8506],[109.1356,13.8706],[109.1261,13.8747],[109.1289,13.8853],[109.1218,13.8874],[109.121,13.8938],[109.1259,13.8941],[109.1273,13.8997],[109.1208,13.9052],[109.1478,13.9076],[109.1541,13.9127],[109.1484,13.9174],[109.1649,13.9217],[109.1783,13.916],[109.1794,13.9198],[109.1875,13.9201],[109.1886,13.9259],[109.1725,13.9299],[109.1785,13.9419],[109.1751,13.9475],[109.1551,13.9512],[109.1576,13.9468],[109.1464,13.9415],[109.1365,13.9439],[109.1304,13.9383],[109.124,13.939],[109.1186,13.9469],[109.102,13.9463],[109.1032,13.9528],[109.0906,13.9611],[109.0822,13.953],[109.0685,13.9518],[109.0736,13.9439],[109.0613,13.9469],[109.0522,13.938],[109.0384,13.959],[109.0205,13.9625],[109.0257,13.9575],[109.0219,13.9343],[109.0296,13.9307],[109.0283,13.9231],[109.0212,13.9177],[109.0227,13.9145],[108.9966,13.9062],[109.006,13.8998],[109.0077,13.8842],[109.0146,13.8837],[109.0086,13.8446],[108.9789,13.8223],[108.9631,13.8196],[108.951,13.8286],[108.9524,13.8214],[108.9588,13.8087],[108.9737,13.803],[108.9724,13.7976],[108.985,13.7853],[108.9983,13.7818],[109.0,13.7669],[109.0109,13.7524],[109.0292,13.7586],[109.0332,13.7711],[109.0285,13.7797],[109.0328,13.7894],[109.047,13.7929],[109.0557,13.787],[109.0636,13.7909],[109.0639,13.7972],[109.0703,13.799],[109.0706,13.8205],[109.074,13.8257],[109.08,13.8247]]]}},{"type":"Feature","properties":{"gid":"VNM.8.3_1","provZh":"平定省","name2":"Hoài Ân","type2":"Huyện","engtype2":"District"},"geometry":{"type":"Polygon","coordinates":[[[108.894,14.1769],[108.9,14.1916],[108.9317,14.1967],[108.95,14.2221],[108.9556,14.2165],[108.9706,14.2167],[108.9814,14.2378],[109.009,14.2436],[109.0144,14.2585],[109.022,14.2602],[109.0263,14.2693],[109.0162,14.283],[109.019,14.3016],[109.0144,14.3209],[109.031,14.333],[109.0322,14.3423],[109.0188,14.3669],[109.0054,14.3754],[108.9977,14.3745],[108.9894,14.3875],[108.9728,14.3934],[108.9824,14.4027],[109.0039,14.4117],[108.9927,14.4149],[108.997,14.4201],[108.9895,14.4274],[108.9757,14.4284],[108.968,14.4397],[108.9761,14.4616],[108.9832,14.4667],[108.9797,14.48],[108.9717,14.4818],[108.9644,14.4908],[108.9507,14.4901],[108.9466,14.5001],[108.9547,14.5093],[108.9593,14.5403],[108.9539,14.5381],[108.9482,14.5493],[108.9408,14.5488],[108.9385,14.5359],[108.9226,14.5233],[108.9256,14.5189],[108.9101,14.5154],[108.8899,14.5193],[108.8849,14.5098],[108.8681,14.5],[108.8806,14.4987],[108.8905,14.4882],[108.8863,14.4708],[108.8633,14.4713],[108.8641,14.4874],[108.859,14.4925],[108.8527,14.4918],[108.8512,14.4799],[108.8399,14.4802],[108.8313,14.4924],[108.8248,14.4853],[108.8167,14.4874],[108.8103,14.4714],[108.8004,14.482],[108.7906,14.4811],[108.7835,14.4905],[108.7761,14.4802],[108.7775,14.4621],[108.7857,14.4537],[108.7827,14.4429],[108.7871,14.4224],[108.7821,14.4035],[108.7863,14.3932],[108.7744,14.3628],[108.7795,14.3471],[108.7925,14.3443],[108.7969,14.3302],[108.8056,14.3236],[108.8017,14.303],[108.8086,14.2849],[108.8063,14.2678],[108.8114,14.2405],[108.8182,14.237],[108.8142,14.2253],[108.8242,14.217],[108.8292,14.2017],[108.8235,14.1995],[108.8236,14.1941],[108.8425,14.1795],[108.8382,14.1645],[108.8408,14.158],[108.8572,14.1518],[108.8619,14.1436],[108.873,14.147],[108.8692,14.1607],[108.8746,14.1661],[108.8846,14.1554],[108.894,14.1769]]]}},{"type":"Feature","properties":{"gid":"VNM.8.4_1","provZh":"平定省","name2":"Hoài Nhơn","type2":"Huyện","engtype2":"District"},"geometry":{"type":"Polygon","coordinates":[[[109.0627,14.5904],[109.0445,14.6082],[109.043,14.6346],[109.0345,14.6472],[109.027,14.6462],[109.017,14.6648],[108.9945,14.6728],[108.9737,14.6718],[108.9625,14.6559],[108.9559,14.6565],[108.9568,14.6481],[108.9514,14.64],[108.9544,14.6159],[108.9477,14.6079],[108.9503,14.5977],[108.9414,14.5804],[108.944,14.5719],[108.9388,14.5676],[108.9408,14.5488],[108.9482,14.5493],[108.9539,14.5381],[108.9593,14.5403],[108.9547,14.5093],[108.9466,14.5001],[108.9515,14.4886],[108.9621,14.4916],[108.9797,14.48],[108.983,14.4655],[108.9761,14.4616],[108.968,14.4397],[108.9757,14.4284],[108.9895,14.4274],[108.997,14.4201],[108.9927,14.4149],[109.0039,14.4117],[108.9824,14.4027],[108.9728,14.3934],[108.9894,14.3875],[108.9977,14.3745],[109.0054,14.3754],[109.0188,14.3669],[109.0267,14.3549],[109.0427,14.3563],[109.0468,14.3644],[109.0591,14.3603],[109.0746,14.3697],[109.0756,14.3779],[109.0862,14.385],[109.0842,14.3974],[109.0919,14.4065],[109.0959,14.3979],[109.1098,14.3885],[109.1274,14.3946],[109.1152,14.4242],[109.1245,14.4451],[109.0986,14.4878],[109.0683,14.5595],[109.069,14.5746],[109.0774,14.5748],[109.0711,14.578],[109.0821,14.5779],[109.0627,14.5904]]]}},{"type":"Feature","properties":{"gid":"VNM.8.5_1","provZh":"平定省","name2":"Phù Cát","type2":"Huyện","engtype2":"District"},"geometry":{"type":"Polygon","coordinates":[[[109.2347,13.9119],[109.2387,13.9053],[109.2657,13.902],[109.2429,13.9442],[109.2443,13.957],[109.2597,13.9644],[109.2546,13.9661],[109.2492,13.9816],[109.2571,13.9893],[109.2469,14.0076],[109.2537,14.0182],[109.2092,14.0972],[109.2049,14.1136],[109.2102,14.1266],[109.1846,14.1333],[109.1758,14.1563],[109.1647,14.154],[109.1582,14.1455],[109.1459,14.1408],[109.1523,14.1353],[109.1445,14.1298],[109.1157,14.1273],[109.1082,14.1167],[109.1031,14.1209],[109.1005,14.1111],[109.0895,14.1112],[109.0834,14.0935],[109.0624,14.0879],[109.0505,14.096],[109.0468,14.0904],[109.0443,14.0961],[109.0265,14.0879],[109.0266,14.0817],[109.0122,14.0863],[109.0148,14.0928],[109.0015,14.099],[108.9978,14.124],[108.9856,14.1515],[108.9902,14.1602],[108.9811,14.1754],[108.9655,14.1858],[108.9706,14.2167],[108.9556,14.2165],[108.95,14.2221],[108.9317,14.1967],[108.9,14.1916],[108.8846,14.1554],[108.8754,14.166],[108.8692,14.1607],[108.8733,14.1527],[108.8685,14.139],[108.8754,14.131],[108.8828,14.1346],[108.8989,14.1325],[108.9007,14.1189],[108.8917,14.1114],[108.8971,14.0973],[108.8952,14.0856],[108.902,14.0811],[108.9214,14.0332],[108.9249,14.0292],[108.9358,14.0366],[108.9538,14.0265],[108.9642,14.0148],[108.9834,14.0135],[108.9943,14.0072],[109.0013,14.0125],[109.0219,14.0039],[109.0303,13.9956],[109.0151,13.9673],[109.0203,13.9612],[109.0384,13.959],[109.0507,13.9382],[109.0588,13.9405],[109.0613,13.9469],[109.0736,13.9439],[109.0685,13.9518],[109.0822,13.953],[109.0906,13.9611],[109.1032,13.9528],[109.102,13.9463],[109.1186,13.9469],[109.124,13.939],[109.1304,13.9383],[109.1365,13.9439],[109.1441,13.9412],[109.1562,13.9456],[109.1551,13.9512],[109.1633,13.9525],[109.1708,13.9459],[109.1751,13.9475],[109.1769,13.9383],[109.2114,13.9199],[109.2269,13.9278],[109.2353,13.919],[109.2347,13.9119]]]}},{"type":"Feature","properties":{"gid":"VNM.8.6_1","provZh":"平定省","name2":"Phù Mỹ","type2":"Huyện","engtype2":"District"},"geometry":{"type":"Polygon","coordinates":[[[109.049,14.0951],[109.0624,14.0879],[109.0834,14.0935],[109.0895,14.1112],[109.1005,14.1111],[109.1031,14.1209],[109.1082,14.1167],[109.1157,14.1273],[109.1283,14.1255],[109.1487,14.1319],[109.1523,14.1353],[109.1459,14.1408],[109.1582,14.1455],[109.1647,14.154],[109.1758,14.1563],[109.1846,14.1333],[109.2032,14.1278],[109.2217,14.1268],[109.2278,14.1376],[109.2214,14.1382],[109.2042,14.1623],[109.1843,14.2021],[109.184,14.2271],[109.1939,14.2268],[109.1981,14.2351],[109.1785,14.2728],[109.186,14.2817],[109.1498,14.3261],[109.1228,14.372],[109.1207,14.3795],[109.1274,14.3946],[109.1098,14.3885],[109.0959,14.3979],[109.0919,14.4065],[109.0842,14.3974],[109.0862,14.385],[109.0756,14.3779],[109.0746,14.3697],[109.0591,14.3603],[109.0468,14.3644],[109.0427,14.3563],[109.0267,14.3549],[109.031,14.333],[109.0144,14.3209],[109.019,14.3016],[109.0162,14.283],[109.0263,14.2693],[109.022,14.2602],[109.0144,14.2585],[109.009,14.2436],[108.9782,14.2345],[108.9645,14.1976],[108.9655,14.1858],[108.9811,14.1754],[108.9902,14.1602],[108.9856,14.1515],[108.9978,14.124],[109.0015,14.099],[109.0148,14.0928],[109.0122,14.0863],[109.0266,14.0817],[109.0265,14.0879],[109.0443,14.0961],[109.0481,14.0906],[109.049,14.0951]]]}},{"type":"Feature","properties":{"gid":"VNM.8.7_1","provZh":"平定省","name2":"Qui Nhơn","type2":"Thành phố","engtype2":"City"},"geometry":{"type":"MultiPolygon","coordinates":[[[[109.2522,13.6785],[109.2557,13.68],[109.2524,13.6847],[109.2522,13.6785]]],[[[109.1567,13.6729],[109.1563,13.6784],[109.1826,13.6832],[109.1909,13.6935],[109.1997,13.6951],[109.2076,13.6803],[109.226,13.6784],[109.2336,13.6698],[109.2331,13.6872],[109.2271,13.6905],[109.2183,13.7146],[109.2199,13.7334],[109.2146,13.7452],[109.2182,13.7547],[109.2333,13.7685],[109.2448,13.7715],[109.2501,13.7698],[109.2552,13.7584],[109.2679,13.757],[109.2806,13.7623],[109.2896,13.7547],[109.2942,13.7805],[109.2856,13.8044],[109.2996,13.8301],[109.296,13.836],[109.2992,13.8419],[109.2923,13.8518],[109.2921,13.8728],[109.2981,13.8769],[109.2925,13.8862],[109.2937,13.8966],[109.2909,13.8882],[109.2857,13.8866],[109.2657,13.902],[109.2596,13.9015],[109.2564,13.8932],[109.246,13.8893],[109.2528,13.8507],[109.2395,13.8142],[109.225,13.819],[109.2183,13.8115],[109.2132,13.8164],[109.2002,13.8122],[109.1992,13.8172],[109.1905,13.8177],[109.1765,13.8283],[109.178,13.815],[109.1727,13.8162],[109.1707,13.8094],[109.1324,13.7924],[109.136,13.7541],[109.1273,13.7441],[109.1208,13.7581],[109.1172,13.757],[109.1103,13.7445],[109.1165,13.7236],[109.0986,13.715],[109.0894,13.6942],[109.096,13.6859],[109.094,13.6688],[109.1047,13.6597],[109.0967,13.6365],[109.0987,13.6258],[109.1154,13.6074],[109.1154,13.6141],[109.1269,13.6201],[109.1184,13.6343],[109.1226,13.6441],[109.1447,13.6296],[109.1531,13.6346],[109.1514,13.6554],[109.1567,13.6729]]],[[[109.346,13.6313],[109.338,13.6343],[109.3407,13.6203],[109.3616,13.6047],[109.3621,13.6131],[109.3518,13.6195],[109.346,13.6313]]],[[[109.3022,13.8792],[109.3049,13.8775],[109.3045,13.8826],[109.3022,13.8792]]]]}},{"type":"Feature","properties":{"gid":"VNM.8.8_1","provZh":"平定省","name2":"Tây Sơn","type2":"Huyện","engtype2":"District"},"geometry":{"type":"Polygon","coordinates":[[[108.9028,13.8335],[108.9036,13.837],[108.9353,13.8272],[108.9495,13.8306],[108.9631,13.8196],[108.9685,13.8201],[108.9909,13.8277],[108.9908,13.8337],[109.0086,13.8446],[109.0146,13.8837],[109.0077,13.8842],[109.006,13.8998],[108.9966,13.9062],[109.0227,13.9145],[109.0212,13.9177],[109.0283,13.9231],[109.0296,13.9307],[109.0219,13.9343],[109.0257,13.9575],[109.0146,13.9698],[109.0303,13.9956],[109.0112,14.0105],[109.0013,14.0125],[108.9943,14.0072],[108.9834,14.0135],[108.9586,14.017],[108.9538,14.0265],[108.9358,14.0366],[108.9249,14.0292],[108.902,14.0811],[108.8952,14.0856],[108.8971,14.0973],[108.8917,14.1114],[108.9007,14.1189],[108.8989,14.1325],[108.8828,14.1346],[108.8585,14.1168],[108.8639,14.1058],[108.8604,14.0995],[108.8631,14.0937],[108.8533,14.0878],[108.8642,14.0799],[108.8645,14.0728],[108.8562,14.07],[108.8573,14.0633],[108.8657,14.0607],[108.8627,14.0566],[108.8699,14.0444],[108.8652,14.0372],[108.8662,14.0231],[108.8338,14.0167],[108.8239,14.0234],[108.8208,14.0149],[108.8128,14.0291],[108.7959,14.0202],[108.7808,14.0451],[108.768,14.0484],[108.755,14.0456],[108.7575,14.0259],[108.7527,14.0186],[108.7639,13.993],[108.7523,13.9804],[108.7571,13.9695],[108.7523,13.9567],[108.7553,13.9472],[108.7487,13.9475],[108.7444,13.9337],[108.7472,13.9145],[108.7423,13.9106],[108.7489,13.9001],[108.7637,13.8925],[108.772,13.8664],[108.7977,13.8452],[108.793,13.8402],[108.7974,13.8345],[108.7962,13.8148],[108.8011,13.8072],[108.8198,13.801],[108.8271,13.7927],[108.8252,13.7707],[108.8344,13.7534],[108.8394,13.7636],[108.8549,13.7738],[108.8641,13.7927],[108.87,13.7938],[108.875,13.8089],[108.8845,13.8158],[108.8986,13.8163],[108.8979,13.8284],[108.9028,13.8335]]]}},{"type":"Feature","properties":{"gid":"VNM.8.9_1","provZh":"平定省","name2":"Tuy Phước","type2":"Huyện","engtype2":"District"},"geometry":{"type":"Polygon","coordinates":[[[109.0626,13.7954],[109.0636,13.7909],[109.055,13.7849],[109.0627,13.757],[109.0906,13.7586],[109.1115,13.7471],[109.1208,13.7581],[109.1298,13.7438],[109.136,13.7541],[109.1324,13.7924],[109.1707,13.8094],[109.1727,13.8162],[109.178,13.815],[109.1765,13.8283],[109.1905,13.8177],[109.1992,13.8172],[109.2002,13.8122],[109.2132,13.8164],[109.2183,13.8115],[109.225,13.819],[109.2395,13.8142],[109.2528,13.8507],[109.246,13.8893],[109.2564,13.8932],[109.2596,13.9015],[109.2387,13.9053],[109.2326,13.9129],[109.2353,13.919],[109.2269,13.9278],[109.2114,13.9199],[109.1769,13.9383],[109.1725,13.9299],[109.1886,13.9259],[109.1858,13.9182],[109.1762,13.9162],[109.1649,13.9217],[109.1484,13.9174],[109.1541,13.9127],[109.1478,13.9076],[109.1208,13.9052],[109.1273,13.8997],[109.1259,13.8941],[109.121,13.8938],[109.1218,13.8874],[109.1289,13.8853],[109.1261,13.8747],[109.1356,13.8706],[109.1222,13.8506],[109.107,13.8409],[109.1054,13.8296],[109.0975,13.8302],[109.0894,13.8241],[109.074,13.8257],[109.0703,13.799],[109.0626,13.7954]]]}},{"type":"Feature","properties":{"gid":"VNM.8.10_1","provZh":"平定省","name2":"Vân Canh","type2":"Huyện","engtype2":"District"},"geometry":{"type":"Polygon","coordinates":[[[109.0497,13.562],[109.0523,13.5686],[109.0829,13.5672],[109.0835,13.5714],[109.0933,13.5718],[109.1081,13.5883],[109.1179,13.5856],[109.1131,13.5915],[109.1179,13.6023],[109.0987,13.6258],[109.0967,13.6365],[109.1047,13.6597],[109.094,13.6688],[109.096,13.6859],[109.0894,13.6942],[109.0986,13.715],[109.1165,13.7236],[109.1115,13.7471],[109.0906,13.7586],[109.0646,13.7555],[109.0557,13.787],[109.047,13.7929],[109.0297,13.7858],[109.0332,13.7711],[109.0292,13.7586],[109.0089,13.7528],[109.0,13.7669],[108.9983,13.7818],[108.985,13.7853],[108.9724,13.7976],[108.9737,13.803],[108.9588,13.8087],[108.9495,13.8306],[108.9353,13.8272],[108.9036,13.837],[108.8979,13.8284],[108.8986,13.8163],[108.8845,13.8158],[108.875,13.8089],[108.87,13.7938],[108.8641,13.7927],[108.852,13.7699],[108.8351,13.7572],[108.834,13.7329],[108.8266,13.7212],[108.8332,13.7089],[108.814,13.6962],[108.8224,13.6703],[108.8211,13.6539],[108.8413,13.6114],[108.8392,13.6008],[108.8513,13.5843],[108.8511,13.569],[108.8576,13.5527],[108.8641,13.5528],[108.8701,13.5459],[108.868,13.5346],[108.8947,13.5412],[108.9202,13.541],[108.9489,13.5268],[108.9585,13.5151],[108.9944,13.5165],[108.999,13.5229],[109.0279,13.5306],[109.0497,13.562]]]}},{"type":"Feature","properties":{"gid":"VNM.8.11_1","provZh":"平定省","name2":"Vĩnh Thạnh","type2":"Huyện","engtype2":"District"},"geometry":{"type":"Polygon","coordinates":[[[108.8699,14.0444],[108.8627,14.0566],[108.8657,14.0607],[108.8573,14.0633],[108.8562,14.07],[108.8645,14.0728],[108.8642,14.0799],[108.8533,14.0878],[108.8631,14.0937],[108.8604,14.0995],[108.8639,14.1058],[108.8585,14.1168],[108.8741,14.1287],[108.8746,14.1361],[108.8572,14.1518],[108.8408,14.158],[108.8382,14.1645],[108.8425,14.1795],[108.8236,14.1941],[108.8235,14.1995],[108.8292,14.2017],[108.8242,14.217],[108.8142,14.2253],[108.8182,14.237],[108.8114,14.2405],[108.8063,14.2678],[108.8086,14.2849],[108.8017,14.303],[108.8056,14.3236],[108.7969,14.3302],[108.7925,14.3443],[108.7795,14.3471],[108.7736,14.3724],[108.7651,14.3713],[108.7606,14.3759],[108.7596,14.3877],[108.7468,14.3907],[108.7412,14.3974],[108.7215,14.394],[108.7247,14.4193],[108.7133,14.4289],[108.7072,14.4251],[108.6958,14.4279],[108.6816,14.4407],[108.6786,14.4503],[108.6692,14.4398],[108.6449,14.44],[108.6388,14.4501],[108.6317,14.446],[108.6211,14.4494],[108.6169,14.4559],[108.6102,14.4539],[108.6011,14.4586],[108.6133,14.4393],[108.6114,14.4247],[108.6178,14.417],[108.6141,14.4123],[108.6344,14.3723],[108.6243,14.3551],[108.6349,14.3474],[108.6403,14.3275],[108.6471,14.3208],[108.6435,14.3094],[108.6475,14.2967],[108.661,14.2803],[108.6547,14.2709],[108.6556,14.2596],[108.6662,14.2517],[108.6657,14.2337],[108.6705,14.224],[108.6767,14.2233],[108.6747,14.2073],[108.6823,14.199],[108.6814,14.1902],[108.6744,14.183],[108.678,14.1782],[108.6672,14.1663],[108.679,14.1574],[108.6767,14.1492],[108.6827,14.1418],[108.6829,14.1323],[108.6937,14.1202],[108.6923,14.1151],[108.6993,14.1135],[108.6998,14.1067],[108.7123,14.0965],[108.7217,14.0659],[108.7338,14.0526],[108.7511,14.0452],[108.768,14.0484],[108.7835,14.0437],[108.7959,14.0202],[108.8128,14.0291],[108.8208,14.0149],[108.8239,14.0234],[108.8338,14.0167],[108.8662,14.0231],[108.8652,14.0372],[108.8699,14.0444]]]}},{"type":"Feature","properties":{"gid":"VNM.9.1_1","provZh":"平阳省","name2":"Bắc Tân Uyên","type2":"Huyện","engtype2":"District"},"geometry":{"type":"Polygon","coordinates":[[[106.9067,11.0219],[106.911,11.0256],[106.9124,11.0404],[106.9228,11.0469],[106.9225,11.0561],[106.9325,11.0645],[106.9419,11.0568],[106.9483,11.0609],[106.9525,11.071],[106.945,11.0779],[106.9472,11.0899],[106.9595,11.1011],[106.9577,11.1069],[106.9658,11.11],[106.9534,11.1297],[106.9571,11.1352],[106.9545,11.1415],[106.9668,11.1447],[106.9559,11.1527],[106.9536,11.1635],[106.9414,11.1677],[106.9457,11.1767],[106.9339,11.1886],[106.9235,11.1869],[106.9196,11.193],[106.9066,11.1927],[106.9071,11.2033],[106.9016,11.2101],[106.9149,11.2142],[106.9182,11.2228],[106.903,11.242],[106.89,11.238],[106.8865,11.2534],[106.8842,11.2425],[106.8548,11.2555],[106.8487,11.2472],[106.8537,11.237],[106.8405,11.2265],[106.8317,11.2264],[106.8272,11.2187],[106.8391,11.2135],[106.8285,11.2095],[106.8199,11.2153],[106.8181,11.2081],[106.7901,11.1885],[106.7588,11.1909],[106.7582,11.2104],[106.7526,11.2094],[106.7468,11.2],[106.7342,11.1995],[106.7283,11.187],[106.7216,11.2034],[106.7038,11.2006],[106.6843,11.1831],[106.678,11.1545],[106.6821,11.1552],[106.6835,11.1497],[106.7007,11.1544],[106.7137,11.1517],[106.7132,11.1369],[106.7188,11.1422],[106.736,11.1322],[106.7378,11.1087],[106.7479,11.1223],[106.7624,11.1263],[106.7647,11.1407],[106.7801,11.1411],[106.7831,11.1138],[106.8188,11.114],[106.823,11.1099],[106.8255,11.0915],[106.8148,11.0883],[106.8192,11.0733],[106.8157,11.0632],[106.8287,11.0636],[106.8425,11.0378],[106.8591,11.0321],[106.8727,11.0198],[106.8959,11.0276],[106.9067,11.0219]]]}},{"type":"Feature","properties":{"gid":"VNM.9.3_1","provZh":"平阳省","name2":"Bàu Bàng","type2":"Huyện","engtype2":"District"},"geometry":{"type":"Polygon","coordinates":[[[106.7067,11.201],[106.7216,11.2034],[106.7121,11.2109],[106.7046,11.2347],[106.72,11.2583],[106.6794,11.2485],[106.6785,11.3166],[106.6699,11.3125],[106.6456,11.3334],[106.6443,11.3415],[106.6575,11.3574],[106.6163,11.363],[106.6132,11.3874],[106.5759,11.3784],[106.5621,11.3698],[106.5527,11.3734],[106.5404,11.3875],[106.5257,11.3822],[106.5312,11.3769],[106.543,11.3349],[106.5487,11.3358],[106.5498,11.3316],[106.5367,11.3159],[106.5683,11.2922],[106.5765,11.2616],[106.5576,11.2547],[106.5463,11.2602],[106.5184,11.2466],[106.5216,11.2375],[106.5085,11.2377],[106.5105,11.2276],[106.4985,11.2303],[106.5183,11.218],[106.5233,11.1867],[106.534,11.1699],[106.5441,11.1653],[106.5498,11.1719],[106.5593,11.1648],[106.5608,11.1562],[106.5713,11.1514],[106.5742,11.1594],[106.586,11.1632],[106.587,11.1597],[106.589,11.1669],[106.5985,11.1727],[106.6058,11.1657],[106.6159,11.1673],[106.6177,11.1611],[106.6517,11.1888],[106.6461,11.2072],[106.6717,11.214],[106.6842,11.2296],[106.6865,11.227],[106.6755,11.2147],[106.6793,11.1858],[106.6843,11.1831],[106.7067,11.201]]]}},{"type":"Feature","properties":{"gid":"VNM.9.2_1","provZh":"平阳省","name2":"Bến Cát","type2":"Thị xã","engtype2":"Town"},"geometry":{"type":"Polygon","coordinates":[[[106.6155,11.0501],[106.6242,11.054],[106.6256,11.0442],[106.6341,11.0451],[106.6401,11.0342],[106.6536,11.0581],[106.6636,11.057],[106.6672,11.0689],[106.6636,11.0704],[106.6719,11.0781],[106.6673,11.1072],[106.69,11.1114],[106.6891,11.1061],[106.6929,11.1066],[106.6936,11.1185],[106.6832,11.1411],[106.6821,11.1552],[106.678,11.1545],[106.6843,11.1831],[106.6793,11.1858],[106.6755,11.2147],[106.6853,11.2292],[106.6717,11.214],[106.6461,11.2072],[106.6517,11.1888],[106.6177,11.1611],[106.6159,11.1673],[106.6058,11.1657],[106.5985,11.1727],[106.589,11.1669],[106.587,11.1597],[106.586,11.1632],[106.5742,11.1594],[106.5713,11.1514],[106.5608,11.1562],[106.5593,11.1648],[106.5498,11.1719],[106.5422,11.1593],[106.5442,11.1526],[106.5076,11.142],[106.5153,11.1263],[106.527,11.1203],[106.526,11.1053],[106.5162,11.1008],[106.5232,11.0899],[106.5341,11.0902],[106.5238,11.0737],[106.5343,11.0575],[106.5499,11.0463],[106.5646,11.0449],[106.5727,11.0546],[106.5865,11.0364],[106.5962,11.0458],[106.6033,11.0396],[106.6155,11.0501]]]}},{"type":"Feature","properties":{"gid":"VNM.9.4_1","provZh":"平阳省","name2":"Dầu Tiếng","type2":"Huyện","engtype2":"District"},"geometry":{"type":"Polygon","coordinates":[[[106.51,11.1418],[106.5442,11.1526],[106.5422,11.1593],[106.5456,11.1602],[106.5233,11.1867],[106.5183,11.218],[106.4985,11.2303],[106.5105,11.2276],[106.5085,11.2377],[106.5216,11.2375],[106.5184,11.2466],[106.5463,11.2602],[106.5576,11.2547],[106.5765,11.2616],[106.5683,11.2922],[106.5367,11.3159],[106.5498,11.3316],[106.5487,11.3358],[106.543,11.3349],[106.5312,11.3769],[106.5257,11.3822],[106.5414,11.3894],[106.546,11.397],[106.5479,11.412],[106.5411,11.4238],[106.546,11.4336],[106.5589,11.4396],[106.5732,11.4566],[106.5564,11.4849],[106.5456,11.4682],[106.5397,11.4679],[106.4889,11.4996],[106.4766,11.4957],[106.4342,11.5007],[106.4237,11.4952],[106.4093,11.4703],[106.3747,11.4541],[106.3663,11.4404],[106.3507,11.3767],[106.3311,11.3532],[106.3335,11.3398],[106.3446,11.3231],[106.3355,11.2958],[106.3402,11.2918],[106.3402,11.2981],[106.3451,11.294],[106.341,11.2936],[106.3435,11.283],[106.3475,11.2896],[106.3553,11.2882],[106.3506,11.2629],[106.3645,11.2603],[106.3513,11.2486],[106.3619,11.2381],[106.3713,11.2447],[106.3785,11.2292],[106.3839,11.2277],[106.3801,11.2176],[106.3893,11.2124],[106.3839,11.1927],[106.3881,11.1855],[106.3987,11.1815],[106.4052,11.1881],[106.4107,11.1836],[106.4106,11.1721],[106.4256,11.1704],[106.4297,11.1748],[106.4371,11.1581],[106.4299,11.1486],[106.4366,11.1405],[106.4458,11.1358],[106.4563,11.1415],[106.4577,11.1529],[106.4515,11.1535],[106.4561,11.1603],[106.471,11.1553],[106.4672,11.1479],[106.4723,11.1433],[106.51,11.1418]]]}},{"type":"Feature","properties":{"gid":"VNM.9.5_1","provZh":"平阳省","name2":"Dĩ An","type2":"Thị xã","engtype2":"Town"},"geometry":{"type":"Polygon","coordinates":[[[106.8052,10.875],[106.8086,10.873],[106.8249,10.8882],[106.8251,10.8938],[106.8393,10.9015],[106.8319,10.9067],[106.8162,10.9028],[106.8108,10.9186],[106.7883,10.9221],[106.7906,10.9322],[106.7708,10.9428],[106.7703,10.9525],[106.7627,10.9533],[106.7609,10.9695],[106.7559,10.9688],[106.7454,10.9538],[106.7507,10.9373],[106.7421,10.9313],[106.7397,10.8902],[106.7342,10.8805],[106.745,10.8816],[106.7504,10.8772],[106.746,10.8717],[106.7518,10.8634],[106.7622,10.8673],[106.7605,10.8813],[106.7697,10.8938],[106.7805,10.8815],[106.7799,10.8684],[106.7878,10.8672],[106.7889,10.872],[106.8052,10.875]]]}},{"type":"Feature","properties":{"gid":"VNM.9.6_1","provZh":"平阳省","name2":"Phú Giáo","type2":"Huyện","engtype2":"District"},"geometry":{"type":"Polygon","coordinates":[[[106.8114,11.2021],[106.8199,11.2153],[106.8285,11.2095],[106.8391,11.2135],[106.8272,11.2187],[106.8317,11.2264],[106.8405,11.2265],[106.8537,11.237],[106.8504,11.2541],[106.8705,11.2511],[106.8842,11.2425],[106.8865,11.2534],[106.8909,11.2465],[106.8875,11.2388],[106.903,11.242],[106.9113,11.2302],[106.9184,11.2353],[106.9117,11.2359],[106.9111,11.2416],[106.9312,11.2441],[106.9266,11.2469],[106.9246,11.271],[106.9417,11.2938],[106.9374,11.2965],[106.9377,11.3123],[106.9512,11.3217],[106.953,11.3286],[106.9398,11.3515],[106.9148,11.356],[106.9074,11.3531],[106.9027,11.3419],[106.8855,11.3407],[106.8726,11.3274],[106.8695,11.3206],[106.8751,11.3074],[106.8652,11.3108],[106.8661,11.3149],[106.8571,11.3146],[106.8554,11.3291],[106.8634,11.3401],[106.8568,11.3459],[106.8606,11.3492],[106.8544,11.3608],[106.8586,11.3613],[106.8568,11.3751],[106.8415,11.375],[106.8251,11.3839],[106.8126,11.376],[106.7852,11.3801],[106.786,11.3989],[106.7736,11.399],[106.7697,11.4261],[106.7842,11.4285],[106.8053,11.4504],[106.8079,11.4613],[106.8005,11.4872],[106.7909,11.492],[106.7539,11.4766],[106.7501,11.4671],[106.7564,11.4507],[106.7416,11.4406],[106.7416,11.4337],[106.7271,11.4325],[106.7262,11.4238],[106.7186,11.4229],[106.7187,11.4145],[106.7094,11.4061],[106.7103,11.4007],[106.7042,11.3964],[106.6976,11.4031],[106.6865,11.3955],[106.6743,11.4011],[106.6793,11.3851],[106.6757,11.3826],[106.679,11.3754],[106.6757,11.358],[106.6692,11.3538],[106.6587,11.356],[106.6443,11.3415],[106.6465,11.3302],[106.6582,11.3189],[106.6699,11.3125],[106.6785,11.3166],[106.6794,11.2485],[106.72,11.2583],[106.7046,11.2347],[106.7121,11.2109],[106.7216,11.2034],[106.7264,11.1867],[106.7342,11.1995],[106.7468,11.2],[106.7526,11.2094],[106.7582,11.2104],[106.7588,11.1909],[106.7642,11.1884],[106.7901,11.1885],[106.8114,11.2021]]]}},{"type":"Feature","properties":{"gid":"VNM.9.7_1","provZh":"平阳省","name2":"Tân Uyên","type2":"Thị xã","engtype2":"Town"},"geometry":{"type":"Polygon","coordinates":[[[106.7963,10.9722],[106.7817,10.9871],[106.7745,11.0053],[106.7851,11.0182],[106.8115,11.0288],[106.8098,11.0446],[106.7986,11.0565],[106.8157,11.0632],[106.8192,11.0733],[106.8148,11.0883],[106.8255,11.0915],[106.823,11.1099],[106.8188,11.114],[106.7831,11.1138],[106.7801,11.1411],[106.7647,11.1407],[106.7624,11.1263],[106.7479,11.1223],[106.7378,11.1087],[106.736,11.1322],[106.7188,11.1422],[106.7132,11.1369],[106.7137,11.1517],[106.7007,11.1544],[106.6835,11.1497],[106.6936,11.1185],[106.6929,11.1022],[106.6995,11.0945],[106.6891,11.0876],[106.6964,11.0713],[106.6946,11.0644],[106.7123,11.0594],[106.7194,11.0444],[106.713,11.0424],[106.7139,11.0374],[106.7049,11.029],[106.7041,11.0156],[106.7099,11.0037],[106.7024,11.0023],[106.7087,10.9976],[106.7078,10.9918],[106.7163,10.9956],[106.7221,10.9901],[106.7425,10.9867],[106.7411,10.9781],[106.7501,10.9771],[106.7514,10.9676],[106.7602,10.9698],[106.7644,10.9634],[106.7714,10.9653],[106.773,10.9597],[106.7963,10.9722]]]}},{"type":"Feature","properties":{"gid":"VNM.9.8_1","provZh":"平阳省","name2":"Thủ Dầu Một","type2":"Thành phố","engtype2":"City"},"geometry":{"type":"Polygon","coordinates":[[[106.6791,10.9611],[106.6817,10.9573],[106.7022,10.9728],[106.6963,10.9874],[106.7072,10.9967],[106.7034,11.0036],[106.7099,11.0037],[106.7041,11.0156],[106.7049,11.029],[106.7139,11.0374],[106.713,11.0424],[106.7194,11.0444],[106.7123,11.0594],[106.6946,11.0644],[106.6964,11.0713],[106.6891,11.0876],[106.6995,11.0945],[106.6929,11.1066],[106.6891,11.1061],[106.69,11.1114],[106.6673,11.1072],[106.6719,11.0781],[106.6636,11.0704],[106.6672,11.0689],[106.6636,11.057],[106.6536,11.0581],[106.6401,11.0342],[106.6341,11.0451],[106.6256,11.0442],[106.6242,11.054],[106.6111,11.0485],[106.5952,11.0257],[106.5993,11.0146],[106.6201,11.0082],[106.6158,10.9909],[106.6251,10.9811],[106.6369,10.9776],[106.6484,10.9808],[106.6541,10.9402],[106.661,10.9461],[106.6672,10.9432],[106.6675,10.9556],[106.6791,10.9611]]]}},{"type":"Feature","properties":{"gid":"VNM.9.9_1","provZh":"平阳省","name2":"Thuận An","type2":"Thị xã","engtype2":"Town"},"geometry":{"type":"Polygon","coordinates":[[[106.6945,10.8962],[106.6893,10.8812],[106.7028,10.867],[106.7132,10.8659],[106.7154,10.8728],[106.7235,10.8718],[106.7126,10.8779],[106.718,10.8809],[106.7131,10.8899],[106.7176,10.8964],[106.7367,10.8846],[106.7421,10.9313],[106.7507,10.9373],[106.7454,10.9538],[106.7535,10.9662],[106.7501,10.9771],[106.7411,10.9781],[106.7425,10.9867],[106.7221,10.9901],[106.7163,10.9956],[106.7078,10.9918],[106.7087,10.9976],[106.6963,10.9874],[106.7008,10.9709],[106.6817,10.9573],[106.6789,10.9621],[106.6675,10.9556],[106.6672,10.9432],[106.6636,10.9466],[106.6575,10.9397],[106.6513,10.9425],[106.6504,10.9339],[106.6572,10.9259],[106.6679,10.9209],[106.6849,10.9211],[106.6945,10.8962]]]}},{"type":"Feature","properties":{"gid":"VNM.10.1_1","provZh":"平福省","name2":"Bình Long","type2":"Thị xã","engtype2":"Town"},"geometry":{"type":"Polygon","coordinates":[[[106.6166,11.628],[106.616,11.6324],[106.625,11.6316],[106.6268,11.6554],[106.6338,11.6569],[106.6373,11.669],[106.631,11.6841],[106.6463,11.7006],[106.6409,11.72],[106.618,11.7287],[106.6145,11.7394],[106.6099,11.7407],[106.5772,11.7377],[106.5738,11.7314],[106.5656,11.7332],[106.5533,11.7244],[106.5429,11.7304],[106.5268,11.7274],[106.5231,11.7225],[106.506,11.7221],[106.4961,11.6978],[106.5214,11.6967],[106.5399,11.6838],[106.5591,11.6818],[106.5653,11.6716],[106.5574,11.6557],[106.5689,11.645],[106.5786,11.6101],[106.5922,11.6037],[106.6174,11.6101],[106.6166,11.628]]]}},{"type":"Feature","properties":{"gid":"VNM.10.3_1","provZh":"平福省","name2":"Bù Đăng","type2":"Huyện","engtype2":"District"},"geometry":{"type":"Polygon","coordinates":[[[107.3044,11.616],[107.2856,11.6322],[107.2701,11.6381],[107.2731,11.6503],[107.2657,11.6583],[107.278,11.6815],[107.2851,11.6864],[107.2785,11.6922],[107.2839,11.6983],[107.2858,11.7256],[107.2965,11.7295],[107.3029,11.7402],[107.3153,11.7404],[107.3266,11.7495],[107.353,11.7527],[107.3567,11.7622],[107.3633,11.7612],[107.374,11.7709],[107.3869,11.773],[107.3912,11.7666],[107.3939,11.7687],[107.3993,11.7771],[107.3931,11.7949],[107.4096,11.8069],[107.4053,11.8186],[107.4136,11.8265],[107.4141,11.834],[107.4179,11.8311],[107.4192,11.842],[107.4269,11.8443],[107.4258,11.8594],[107.4058,11.8673],[107.4014,11.8894],[107.3856,11.9187],[107.3528,11.9392],[107.3568,11.9398],[107.352,11.9467],[107.3569,11.9522],[107.3524,11.9539],[107.3531,11.9618],[107.3484,11.966],[107.3512,11.9682],[107.3245,12.0031],[107.294,12.0096],[107.296,12.0158],[107.2917,12.0216],[107.29,12.0157],[107.2838,12.0182],[107.28,12.0128],[107.2785,12.0178],[107.2759,12.0133],[107.2707,12.0173],[107.2684,12.0136],[107.2496,12.0261],[107.2427,12.0259],[107.2426,12.0392],[107.2404,12.0337],[107.2368,12.037],[107.2336,12.0278],[107.2218,12.0338],[107.2184,12.0259],[107.2109,12.0314],[107.2013,12.0334],[107.1982,12.0296],[107.1901,12.034],[107.1814,12.0206],[107.1728,12.022],[107.1786,12.0088],[107.1719,12.0006],[107.1681,12.0042],[107.157,12.0022],[107.1578,11.9968],[107.1462,11.9903],[107.1516,11.9877],[107.1501,11.9826],[107.1354,11.9758],[107.1245,11.9774],[107.1246,11.9719],[107.1179,11.9695],[107.1186,11.955],[107.1133,11.9457],[107.1162,11.9322],[107.1091,11.9346],[107.1068,11.9277],[107.0975,11.9259],[107.0925,11.9122],[107.0741,11.8997],[107.073,11.8755],[107.0789,11.8474],[107.0738,11.8299],[107.0819,11.7933],[107.0811,11.7766],[107.0742,11.7712],[107.0742,11.7599],[107.068,11.7528],[107.0624,11.7541],[107.0592,11.7415],[107.065,11.7337],[107.0714,11.7366],[107.0749,11.7335],[107.0793,11.7139],[107.0733,11.7055],[107.0707,11.6866],[107.0588,11.6895],[107.0544,11.6841],[107.0547,11.6751],[107.062,11.6691],[107.0533,11.6651],[107.0499,11.6575],[107.0559,11.6538],[107.0532,11.6481],[107.0597,11.6316],[107.0827,11.6209],[107.0816,11.6085],[107.0931,11.5854],[107.1163,11.5862],[107.1297,11.5709],[107.1437,11.5755],[107.1344,11.5669],[107.1213,11.5411],[107.1321,11.5101],[107.1308,11.5005],[107.336,11.5471],[107.3327,11.5542],[107.3123,11.5534],[107.3018,11.5709],[107.3099,11.5682],[107.3121,11.5716],[107.2975,11.5837],[107.3067,11.5989],[107.3007,11.6067],[107.3044,11.616]]]}},{"type":"Feature","properties":{"gid":"VNM.10.2_1","provZh":"平福省","name2":"Bù Đốp","type2":"Huyện","engtype2":"District"},"geometry":{"type":"Polygon","coordinates":[[[106.7214,11.9698],[106.7184,11.973],[106.6929,11.9638],[106.6834,11.965],[106.6758,11.9777],[106.6708,11.9692],[106.6857,11.9474],[106.6921,11.9151],[106.6995,11.9075],[106.7098,11.9059],[106.7288,11.8898],[106.7413,11.8889],[106.7481,11.8788],[106.7589,11.8892],[106.7713,11.8886],[106.7786,11.9057],[106.7811,11.8984],[106.7966,11.896],[106.803,11.9082],[106.8201,11.9088],[106.8352,11.9178],[106.842,11.9278],[106.8352,11.9422],[106.8429,11.9489],[106.8408,11.9624],[106.8465,11.9723],[106.8668,11.9788],[106.8644,11.9877],[106.8715,11.9842],[106.8814,11.9866],[106.8829,11.9791],[106.9037,11.9755],[106.9179,11.9889],[106.9322,11.9913],[106.9416,12.001],[106.9591,11.9972],[106.9656,12.0014],[106.9642,12.0119],[106.9702,12.0171],[106.9715,12.028],[106.9616,12.0281],[106.9633,12.0352],[106.9596,12.0371],[106.9672,12.0453],[106.963,12.0475],[106.9671,12.0534],[106.9758,12.0516],[106.9717,12.0573],[106.9826,12.0586],[106.9826,12.0667],[106.9895,12.0702],[106.98,12.0704],[106.9803,12.0738],[106.9904,12.0759],[106.9876,12.0807],[106.9922,12.083],[106.9163,12.062],[106.9116,12.0668],[106.8971,12.0661],[106.8798,12.0738],[106.8547,12.0664],[106.8457,12.0741],[106.8342,12.0721],[106.8237,12.0831],[106.8115,12.0795],[106.7929,12.083],[106.7902,12.0754],[106.7816,12.0729],[106.7822,12.066],[106.771,12.0543],[106.7696,12.0444],[106.7613,12.0409],[106.7615,12.0341],[106.757,12.033],[106.7594,12.0287],[106.7464,12.0216],[106.7454,12.001],[106.7408,12.0011],[106.7339,11.9874],[106.7208,11.9761],[106.7214,11.9698]]]}},{"type":"Feature","properties":{"gid":"VNM.10.4_1","provZh":"平福省","name2":"Bù Gia Mập","type2":"Huyện","engtype2":"District"},"geometry":{"type":"Polygon","coordinates":[[[106.755,11.8863],[106.7481,11.8788],[106.7497,11.8709],[106.7557,11.8675],[106.7552,11.8439],[106.7637,11.8224],[106.7907,11.8433],[106.7966,11.8558],[106.8027,11.8551],[106.8144,11.8648],[106.8392,11.8663],[106.8464,11.8516],[106.8611,11.8536],[106.8623,11.8233],[106.8726,11.8336],[106.884,11.8332],[106.8884,11.848],[106.9066,11.8474],[106.9186,11.8565],[106.9217,11.8623],[106.9177,11.8729],[106.9312,11.8701],[106.9504,11.8771],[106.9851,11.8728],[106.9806,11.8661],[106.9886,11.8582],[107.0105,11.8693],[107.0332,11.8433],[107.0503,11.8465],[107.0607,11.8353],[107.0753,11.8401],[107.0789,11.8474],[107.073,11.8755],[107.0741,11.8997],[107.0925,11.9122],[107.0975,11.9259],[107.1068,11.9277],[107.1091,11.9346],[107.1162,11.9322],[107.1133,11.9457],[107.1186,11.955],[107.1179,11.9695],[107.1246,11.9719],[107.1245,11.9774],[107.1354,11.9758],[107.1501,11.9826],[107.1516,11.9877],[107.1462,11.9903],[107.1578,11.9968],[107.157,12.0022],[107.1681,12.0042],[107.1719,12.0006],[107.1786,12.0088],[107.1728,12.022],[107.1814,12.0206],[107.1901,12.034],[107.1982,12.0296],[107.2013,12.0334],[107.2109,12.0314],[107.2172,12.0259],[107.2218,12.0338],[107.2323,12.0296],[107.2294,12.0862],[107.2401,12.1144],[107.2283,12.1156],[107.2217,12.1259],[107.2295,12.1351],[107.2065,12.2962],[107.1907,12.2951],[107.183,12.2832],[107.1802,12.2859],[107.1749,12.2805],[107.1522,12.2762],[107.1526,12.2664],[107.1453,12.2635],[107.1487,12.259],[107.1441,12.2587],[107.1454,12.2503],[107.1403,12.2503],[107.1417,12.2457],[107.1366,12.2432],[107.1386,12.2301],[107.1204,12.2238],[107.1149,12.2163],[107.1112,12.2195],[107.1005,12.2066],[107.0927,12.1812],[107.0735,12.1874],[107.0696,12.1777],[107.08,12.1693],[107.0789,12.163],[107.0628,12.1578],[107.0588,12.161],[107.0496,12.1346],[107.0371,12.1308],[107.0292,12.1143],[107.0157,12.1065],[107.0034,12.0894],[106.9898,12.0849],[106.9904,12.0759],[106.9803,12.0738],[106.98,12.0704],[106.9895,12.0702],[106.9826,12.0667],[106.9826,12.0586],[106.9717,12.0573],[106.9758,12.0516],[106.9671,12.0534],[106.963,12.0475],[106.9672,12.0453],[106.9596,12.0371],[106.9633,12.0352],[106.9616,12.0281],[106.9715,12.028],[106.9621,11.9981],[106.9416,12.001],[106.9322,11.9913],[106.9179,11.9889],[106.8977,11.9748],[106.8829,11.9791],[106.8814,11.9866],[106.8715,11.9842],[106.8644,11.9877],[106.8668,11.9788],[106.8465,11.9723],[106.8408,11.9624],[106.8429,11.9489],[106.8352,11.9422],[106.842,11.9278],[106.8352,11.9178],[106.8201,11.9088],[106.803,11.9082],[106.7966,11.896],[106.7811,11.8984],[106.7786,11.9057],[106.7713,11.8886],[106.755,11.8863]]]}},{"type":"Feature","properties":{"gid":"VNM.10.5_1","provZh":"平福省","name2":"Chơn Thành","type2":"Huyện","engtype2":"District"},"geometry":{"type":"Polygon","coordinates":[[[106.5685,11.3729],[106.5995,11.3865],[106.6132,11.3874],[106.6163,11.363],[106.6739,11.3545],[106.679,11.3754],[106.6757,11.3826],[106.6793,11.3851],[106.6743,11.4011],[106.6865,11.3955],[106.6976,11.4031],[106.7042,11.3964],[106.7187,11.4145],[106.7186,11.4229],[106.7262,11.4238],[106.7271,11.4325],[106.7416,11.4337],[106.7416,11.4406],[106.7564,11.4507],[106.7503,11.4691],[106.7539,11.4766],[106.7679,11.481],[106.7552,11.489],[106.7653,11.4922],[106.7596,11.4966],[106.7607,11.5046],[106.7687,11.5114],[106.7622,11.5168],[106.7644,11.5238],[106.7575,11.5269],[106.7637,11.5313],[106.7598,11.5365],[106.7666,11.5429],[106.7624,11.5523],[106.7775,11.5567],[106.7697,11.5689],[106.7737,11.5724],[106.7715,11.5781],[106.7645,11.5824],[106.7704,11.5856],[106.7691,11.5955],[106.7471,11.6037],[106.7276,11.594],[106.724,11.5862],[106.7017,11.595],[106.6926,11.6069],[106.6849,11.5584],[106.688,11.5421],[106.6971,11.5364],[106.6782,11.536],[106.6631,11.518],[106.6657,11.5062],[106.6556,11.5126],[106.6585,11.518],[106.6492,11.5183],[106.6287,11.5115],[106.6131,11.5127],[106.6069,11.5078],[106.5749,11.5084],[106.5743,11.4937],[106.5564,11.4849],[106.5725,11.4537],[106.5416,11.4266],[106.5479,11.4033],[106.5386,11.3874],[106.5576,11.3708],[106.5685,11.3729]]]}},{"type":"Feature","properties":{"gid":"VNM.10.6_1","provZh":"平福省","name2":"Đồng Phú","type2":"Huyện","engtype2":"District"},"geometry":{"type":"Polygon","coordinates":[[[106.8668,11.3119],[106.8751,11.3074],[106.8695,11.3206],[106.8726,11.3274],[106.8855,11.3407],[106.9027,11.3419],[106.9074,11.3531],[106.9148,11.356],[106.9398,11.3515],[106.9506,11.3383],[106.9524,11.3236],[106.9377,11.3123],[106.939,11.3065],[106.9426,11.3098],[106.9579,11.3018],[106.9575,11.31],[106.9673,11.3183],[106.9833,11.313],[106.9858,11.324],[106.9782,11.3323],[106.9865,11.3322],[106.9857,11.329],[106.9934,11.3326],[106.9918,11.3284],[106.996,11.3262],[106.9977,11.3309],[107.0006,11.3289],[106.9986,11.3332],[107.0035,11.3327],[107.0034,11.3385],[107.0141,11.3409],[107.0102,11.3488],[107.0204,11.3492],[107.0253,11.355],[107.0309,11.3528],[107.0297,11.356],[107.0383,11.3607],[107.0357,11.3662],[107.0417,11.3672],[107.0356,11.3711],[107.0425,11.3727],[107.0408,11.3762],[107.0528,11.3724],[107.0604,11.3771],[107.0562,11.3803],[107.0616,11.3858],[107.0563,11.3968],[107.0682,11.4037],[107.068,11.412],[107.0762,11.4184],[107.0713,11.4278],[107.066,11.4283],[107.0683,11.4505],[107.0943,11.4686],[107.0949,11.4804],[107.1187,11.4832],[107.1309,11.4992],[107.1321,11.5101],[107.1213,11.5411],[107.1344,11.5669],[107.1437,11.5755],[107.1297,11.5709],[107.1163,11.5862],[107.0931,11.5854],[107.0816,11.6085],[107.0827,11.6209],[107.0597,11.6316],[107.055,11.6473],[107.0438,11.6441],[107.039,11.633],[107.0234,11.6276],[107.023,11.6418],[107.0032,11.6518],[106.9832,11.6457],[106.9781,11.6376],[106.9712,11.639],[106.9685,11.6343],[106.9644,11.6371],[106.9656,11.6446],[106.9495,11.6588],[106.9329,11.6461],[106.9257,11.6477],[106.9205,11.6569],[106.9135,11.6489],[106.9083,11.6555],[106.8977,11.6554],[106.8934,11.6485],[106.886,11.6496],[106.8791,11.6388],[106.8697,11.6459],[106.8711,11.652],[106.8615,11.6517],[106.86,11.6468],[106.8555,11.6548],[106.8493,11.6496],[106.8474,11.6544],[106.8445,11.6476],[106.8264,11.646],[106.8302,11.6354],[106.8271,11.6312],[106.8241,11.6338],[106.8249,11.6292],[106.8172,11.6334],[106.8112,11.6274],[106.8058,11.6283],[106.8058,11.624],[106.7996,11.6285],[106.7931,11.6259],[106.7898,11.6148],[106.7942,11.6098],[106.7683,11.6055],[106.7656,11.5994],[106.7715,11.5921],[106.7645,11.5824],[106.7715,11.5781],[106.7737,11.5724],[106.7697,11.5689],[106.7806,11.5553],[106.7943,11.5662],[106.7998,11.5614],[106.816,11.5637],[106.8163,11.5525],[106.83,11.5512],[106.8413,11.5597],[106.8547,11.5594],[106.8547,11.5681],[106.893,11.5683],[106.9171,11.5772],[106.9239,11.5749],[106.9235,11.5684],[106.9186,11.5688],[106.9242,11.5583],[106.9131,11.5458],[106.9187,11.5445],[106.9231,11.5341],[106.9271,11.5363],[106.933,11.5259],[106.9285,11.5239],[106.9313,11.5086],[106.9222,11.5066],[106.9251,11.4965],[106.9205,11.4954],[106.9254,11.4922],[106.9166,11.4874],[106.9188,11.4812],[106.9141,11.4816],[106.9129,11.4752],[106.899,11.4692],[106.8896,11.4801],[106.8762,11.4813],[106.8336,11.4684],[106.8255,11.472],[106.8218,11.463],[106.8079,11.4613],[106.8053,11.4504],[106.7842,11.4285],[106.7697,11.4261],[106.7736,11.399],[106.786,11.3989],[106.7852,11.3801],[106.8126,11.376],[106.8251,11.3839],[106.8415,11.375],[106.8568,11.3751],[106.8586,11.3613],[106.8544,11.3608],[106.8606,11.3492],[106.8568,11.3459],[106.8634,11.3401],[106.8556,11.322],[106.8571,11.3146],[106.8668,11.3119]]]}},{"type":"Feature","properties":{"gid":"VNM.10.7_1","provZh":"平福省","name2":"Đồng Xoài","type2":"Thị xã","engtype2":"Town"},"geometry":{"type":"Polygon","coordinates":[[[106.8025,11.4772],[106.8079,11.4613],[106.8218,11.463],[106.8255,11.472],[106.8336,11.4684],[106.8762,11.4813],[106.8896,11.4801],[106.899,11.4692],[106.9129,11.4752],[106.9141,11.4816],[106.9188,11.4812],[106.9166,11.4874],[106.9254,11.4922],[106.9205,11.4954],[106.9251,11.4965],[106.9222,11.5066],[106.9313,11.5086],[106.9285,11.5239],[106.933,11.5259],[106.9271,11.5363],[106.9231,11.5341],[106.9187,11.5445],[106.9131,11.5458],[106.9242,11.5583],[106.9186,11.5688],[106.9235,11.5684],[106.9235,11.5759],[106.8984,11.5729],[106.893,11.5683],[106.8547,11.5681],[106.8547,11.5594],[106.8413,11.5597],[106.83,11.5512],[106.8163,11.5525],[106.816,11.5637],[106.7998,11.5614],[106.7943,11.5662],[106.7843,11.5551],[106.7624,11.5523],[106.7666,11.5429],[106.7598,11.5365],[106.7637,11.5313],[106.7575,11.5269],[106.7644,11.5238],[106.7622,11.5168],[106.7687,11.5114],[106.7607,11.5046],[106.7596,11.4966],[106.7653,11.4922],[106.7552,11.489],[106.7674,11.4814],[106.7971,11.4911],[106.8025,11.4772]]]}},{"type":"Feature","properties":{"gid":"VNM.10.8_1","provZh":"平福省","name2":"Hớn Quản","type2":"Huyện","engtype2":"District"},"geometry":{"type":"Polygon","coordinates":[[[106.5099,11.4859],[106.5434,11.4674],[106.5606,11.4885],[106.5743,11.4937],[106.5749,11.5084],[106.6069,11.5078],[106.6131,11.5127],[106.6287,11.5115],[106.6492,11.5183],[106.6585,11.518],[106.6556,11.5126],[106.6657,11.5062],[106.6631,11.518],[106.6782,11.536],[106.6971,11.5364],[106.688,11.5421],[106.6849,11.5584],[106.6926,11.6069],[106.7017,11.595],[106.724,11.5862],[106.7276,11.594],[106.7471,11.6037],[106.7628,11.5974],[106.7691,11.6009],[106.7683,11.6055],[106.7769,11.6053],[106.7784,11.6155],[106.774,11.6174],[106.7726,11.6312],[106.7784,11.6331],[106.7813,11.6598],[106.7646,11.6699],[106.7694,11.6739],[106.7642,11.6827],[106.7477,11.6893],[106.741,11.6985],[106.756,11.7132],[106.7515,11.7189],[106.7676,11.7281],[106.7645,11.7326],[106.7696,11.7359],[106.7581,11.7549],[106.7535,11.781],[106.7431,11.7835],[106.7267,11.7774],[106.6871,11.7744],[106.677,11.7698],[106.6521,11.7435],[106.6393,11.7499],[106.6155,11.7375],[106.618,11.7287],[106.6409,11.72],[106.6463,11.7006],[106.631,11.6841],[106.6373,11.669],[106.6338,11.6569],[106.6268,11.6554],[106.625,11.6316],[106.616,11.6324],[106.6192,11.613],[106.6028,11.6046],[106.5922,11.6037],[106.5786,11.6101],[106.5689,11.645],[106.5574,11.6557],[106.5653,11.6716],[106.5591,11.6818],[106.5399,11.6838],[106.5298,11.6943],[106.5036,11.6988],[106.4881,11.696],[106.4879,11.6924],[106.4731,11.6943],[106.4723,11.689],[106.4655,11.6883],[106.466,11.6726],[106.4595,11.6706],[106.458,11.6635],[106.462,11.6602],[106.4532,11.6538],[106.4647,11.6394],[106.4639,11.623],[106.4694,11.6139],[106.4769,11.6135],[106.4867,11.6033],[106.4828,11.5968],[106.4907,11.5798],[106.486,11.5779],[106.4902,11.5698],[106.4805,11.5558],[106.4801,11.5467],[106.475,11.5491],[106.4658,11.5427],[106.4612,11.5461],[106.4549,11.5414],[106.4446,11.5474],[106.428,11.5349],[106.4237,11.4952],[106.4342,11.5007],[106.4766,11.4957],[106.4889,11.4996],[106.5099,11.4859]]]}},{"type":"Feature","properties":{"gid":"VNM.10.9_1","provZh":"平福省","name2":"Lộc Ninh","type2":"Huyện","engtype2":"District"},"geometry":{"type":"Polygon","coordinates":[[[106.4528,11.6741],[106.4511,11.6606],[106.4615,11.6591],[106.458,11.6635],[106.4595,11.6706],[106.466,11.6726],[106.4655,11.6883],[106.4723,11.689],[106.4731,11.6943],[106.4879,11.6924],[106.4949,11.6966],[106.5089,11.7236],[106.5231,11.7225],[106.5268,11.7274],[106.5429,11.7304],[106.5533,11.7244],[106.5656,11.7332],[106.5738,11.7314],[106.5772,11.7377],[106.5946,11.7404],[106.6176,11.7371],[106.6393,11.7499],[106.6497,11.7428],[106.6871,11.7744],[106.7267,11.7774],[106.7431,11.7835],[106.7569,11.7807],[106.7585,11.8162],[106.7637,11.8224],[106.7552,11.8439],[106.7557,11.8675],[106.7497,11.8709],[106.7434,11.8877],[106.7288,11.8898],[106.7215,11.8988],[106.6995,11.9075],[106.6921,11.9151],[106.6857,11.9474],[106.6764,11.9573],[106.6763,11.9663],[106.6703,11.9651],[106.6756,11.9783],[106.6709,11.9772],[106.6552,11.9897],[106.6495,11.9801],[106.6597,11.9653],[106.648,11.9639],[106.6398,11.9745],[106.6352,11.9611],[106.6306,11.9625],[106.627,11.9745],[106.5312,11.9685],[106.5318,11.9743],[106.5365,11.9752],[106.5197,11.9808],[106.51,11.9801],[106.492,11.9689],[106.4693,11.9732],[106.4648,11.9827],[106.4545,11.9888],[106.4412,11.9863],[106.4321,11.9721],[106.4119,11.9736],[106.4667,11.8675],[106.4467,11.8662],[106.4456,11.8596],[106.4399,11.8569],[106.4417,11.8428],[106.4379,11.8402],[106.4475,11.8227],[106.434,11.8079],[106.4341,11.7996],[106.4143,11.7662],[106.4385,11.705],[106.4535,11.6904],[106.4528,11.6741]]]}},{"type":"Feature","properties":{"gid":"VNM.10.10_1","provZh":"平福省","name2":"Phú Riềng","type2":"Huyện","engtype2":"District"},"geometry":{"type":"Polygon","coordinates":[[[106.8614,11.6509],[106.8711,11.652],[106.8697,11.6459],[106.8791,11.6388],[106.886,11.6496],[106.8934,11.6485],[106.8977,11.6554],[106.9083,11.6555],[106.9135,11.6489],[106.9205,11.6569],[106.9257,11.6477],[106.9329,11.6461],[106.9495,11.6588],[106.9656,11.6446],[106.9661,11.6347],[107.0032,11.6518],[107.023,11.6418],[107.0219,11.6283],[107.039,11.633],[107.0438,11.6441],[107.0559,11.6538],[107.0499,11.6575],[107.0533,11.6651],[107.062,11.6691],[107.0547,11.6751],[107.0544,11.6841],[107.0588,11.6895],[107.0707,11.6866],[107.0733,11.7055],[107.0793,11.7139],[107.0749,11.7335],[107.0714,11.7366],[107.065,11.7337],[107.0592,11.7415],[107.0624,11.7541],[107.068,11.7528],[107.0742,11.7599],[107.0742,11.7712],[107.0811,11.7766],[107.0787,11.8025],[107.0491,11.7828],[107.0351,11.7838],[107.0292,11.7937],[107.019,11.7943],[106.9983,11.7735],[106.9804,11.7818],[106.9702,11.7761],[106.9553,11.796],[106.946,11.7883],[106.9401,11.8049],[106.9324,11.8013],[106.933,11.8101],[106.9231,11.825],[106.937,11.8317],[106.9421,11.8436],[106.9234,11.8724],[106.9177,11.8729],[106.9217,11.8623],[106.9186,11.8565],[106.9066,11.8474],[106.8884,11.848],[106.884,11.8332],[106.8726,11.8336],[106.8623,11.8233],[106.8611,11.8536],[106.8464,11.8516],[106.8392,11.8663],[106.8144,11.8648],[106.8027,11.8551],[106.7966,11.8558],[106.7907,11.8433],[106.7707,11.8313],[106.7585,11.8162],[106.7577,11.7819],[106.7527,11.7783],[106.7581,11.7549],[106.7696,11.7359],[106.7645,11.7326],[106.7676,11.7281],[106.7515,11.7189],[106.756,11.7132],[106.741,11.6985],[106.7477,11.6893],[106.7642,11.6827],[106.7694,11.6739],[106.7646,11.6699],[106.7813,11.6598],[106.7784,11.6331],[106.7726,11.6312],[106.774,11.6174],[106.7784,11.6155],[106.7769,11.6053],[106.781,11.6057],[106.7799,11.6093],[106.7849,11.6062],[106.7942,11.6098],[106.7898,11.6148],[106.7931,11.6259],[106.7996,11.6285],[106.8058,11.624],[106.8058,11.6283],[106.8112,11.6274],[106.8172,11.6334],[106.8249,11.6292],[106.8241,11.6338],[106.8271,11.6312],[106.8302,11.6354],[106.8264,11.646],[106.8445,11.6476],[106.8474,11.6544],[106.8493,11.6496],[106.8555,11.6548],[106.86,11.6468],[106.8614,11.6509]]]}},{"type":"Feature","properties":{"gid":"VNM.10.11_1","provZh":"平福省","name2":"Phước Long","type2":"Thị xã","engtype2":"Town"},"geometry":{"type":"Polygon","coordinates":[[[107.0738,11.8299],[107.0777,11.8429],[107.0607,11.8353],[107.0503,11.8465],[107.0332,11.8433],[107.0105,11.8693],[106.9908,11.858],[106.9806,11.8661],[106.9851,11.8728],[106.9633,11.8733],[106.9604,11.8774],[106.9264,11.8696],[106.9421,11.8436],[106.937,11.8317],[106.9231,11.825],[106.933,11.8101],[106.9324,11.8013],[106.9401,11.8049],[106.946,11.7883],[106.9553,11.796],[106.9702,11.7761],[106.9804,11.7818],[106.9983,11.7735],[107.019,11.7943],[107.0292,11.7937],[107.0351,11.7838],[107.0491,11.7828],[107.0787,11.8025],[107.0738,11.8299]]]}},{"type":"Feature","properties":{"gid":"VNM.11.1_1","provZh":"平顺省","name2":"Bắc Bình","type2":"Huyện","engtype2":"District"},"geometry":{"type":"Polygon","coordinates":[[[108.5032,11.1272],[108.5005,11.1532],[108.5086,11.1655],[108.5251,11.1644],[108.5594,11.1796],[108.572,11.2123],[108.5999,11.2399],[108.6057,11.2562],[108.6016,11.2847],[108.6167,11.31],[108.6162,11.3368],[108.6078,11.3582],[108.5604,11.389],[108.5598,11.5234],[108.556,11.515],[108.5403,11.5053],[108.527,11.5077],[108.5247,11.5135],[108.5173,11.5141],[108.5167,11.5184],[108.4954,11.5297],[108.4727,11.5242],[108.4665,11.5174],[108.435,11.5136],[108.426,11.5161],[108.4149,11.5273],[108.3958,11.5179],[108.3818,11.5244],[108.3743,11.5093],[108.3541,11.5045],[108.3423,11.5297],[108.33,11.5217],[108.3236,11.5314],[108.2965,11.5147],[108.2798,11.5146],[108.2655,11.4967],[108.2716,11.4877],[108.2577,11.4745],[108.273,11.4397],[108.2853,11.4474],[108.3024,11.4274],[108.3068,11.4136],[108.2788,11.3947],[108.2772,11.3845],[108.2585,11.3624],[108.2288,11.3467],[108.2196,11.333],[108.1973,11.3227],[108.1876,11.3073],[108.1361,11.2934],[108.123,11.2805],[108.1161,11.2929],[108.1053,11.2683],[108.1669,11.2413],[108.1849,11.2234],[108.1929,11.2008],[108.2635,11.1847],[108.3012,11.155],[108.307,11.1446],[108.2979,11.1344],[108.3002,11.0973],[108.2584,11.0944],[108.2542,11.0327],[108.2451,11.0284],[108.2565,11.0234],[108.2756,11.0232],[108.2953,11.0065],[108.2989,10.9962],[108.3502,11.0045],[108.3628,11.0242],[108.3771,11.034],[108.4086,11.033],[108.4142,11.0266],[108.4346,11.0469],[108.446,11.0479],[108.4596,11.0393],[108.4752,11.0483],[108.4845,11.086],[108.5032,11.1272]]]}},{"type":"Feature","properties":{"gid":"VNM.11.2_1","provZh":"平顺省","name2":"Đức Linh","type2":"Huyện","engtype2":"District"},"geometry":{"type":"Polygon","coordinates":[[[107.5063,11.0136],[107.5079,11.0105],[107.5204,11.0162],[107.5466,11.0169],[107.5715,11.0368],[107.5725,11.0501],[107.5818,11.0623],[107.5562,11.0897],[107.5527,11.1064],[107.5567,11.1029],[107.5675,11.1066],[107.595,11.1481],[107.5947,11.17],[107.6004,11.1776],[107.5945,11.1823],[107.5984,11.1887],[107.5908,11.1875],[107.592,11.1945],[107.5982,11.198],[107.6153,11.1957],[107.6414,11.2276],[107.6382,11.2314],[107.6447,11.2419],[107.6405,11.245],[107.6458,11.2552],[107.6448,11.2833],[107.6597,11.3022],[107.6577,11.3106],[107.6627,11.3248],[107.6574,11.3321],[107.6466,11.3382],[107.6144,11.3425],[107.594,11.358],[107.574,11.3822],[107.5666,11.3818],[107.5438,11.3665],[107.5356,11.3256],[107.519,11.3136],[107.5188,11.3055],[107.5241,11.2997],[107.5184,11.2841],[107.5237,11.2723],[107.5242,11.2518],[107.5195,11.2479],[107.5168,11.2517],[107.5079,11.2372],[107.5024,11.2354],[107.5007,11.2425],[107.4968,11.2421],[107.4996,11.2287],[107.4933,11.2249],[107.4986,11.2203],[107.4907,11.225],[107.4823,11.2212],[107.4883,11.2164],[107.4782,11.2097],[107.4842,11.2046],[107.4799,11.1982],[107.4781,11.2027],[107.4732,11.1995],[107.4799,11.1904],[107.4709,11.1923],[107.4717,11.1859],[107.4672,11.1836],[107.4706,11.1784],[107.4607,11.1767],[107.4622,11.1677],[107.4547,11.1597],[107.458,11.1516],[107.4492,11.1467],[107.4452,11.1491],[107.4429,11.1395],[107.4347,11.1365],[107.4392,11.1255],[107.4445,11.125],[107.454,11.1114],[107.4437,11.0855],[107.4305,11.087],[107.432,11.0825],[107.4229,11.0764],[107.4261,11.0655],[107.4168,11.0511],[107.4001,11.0539],[107.3945,11.0499],[107.403,11.0484],[107.4061,11.0429],[107.4123,11.0457],[107.4126,11.0418],[107.4221,11.0415],[107.4207,11.0371],[107.4307,11.0321],[107.4435,11.0309],[107.4493,11.0209],[107.4651,11.0159],[107.4742,11.0068],[107.5006,11.0156],[107.5063,11.0136]]]}},{"type":"Feature","properties":{"gid":"VNM.11.3_1","provZh":"平顺省","name2":"Hàm Tân","type2":"Huyện","engtype2":"District"},"geometry":{"type":"Polygon","coordinates":[[[107.6371,10.5983],[107.6628,10.6086],[107.6936,10.6288],[107.7129,10.6322],[107.7121,10.6758],[107.6835,10.6988],[107.7127,10.698],[107.7213,10.705],[107.7359,10.7013],[107.7417,10.7059],[107.737,10.7146],[107.7569,10.7348],[107.757,10.757],[107.7441,10.7855],[107.7753,10.7913],[107.7764,10.8225],[107.7951,10.8238],[107.7904,10.8462],[107.7788,10.8473],[107.775,10.8532],[107.7722,10.8504],[107.7693,10.8625],[107.7609,10.8613],[107.7555,10.8681],[107.7668,10.8905],[107.7632,10.9144],[107.6589,10.9168],[107.5605,10.9074],[107.5597,10.8674],[107.5765,10.8384],[107.5738,10.814],[107.5397,10.7839],[107.522,10.7735],[107.505,10.7714],[107.5061,10.7462],[107.5158,10.7351],[107.5259,10.7316],[107.5443,10.706],[107.5465,10.6946],[107.5382,10.6786],[107.5683,10.619],[107.5627,10.6162],[107.5714,10.601],[107.5661,10.5755],[107.5707,10.5684],[107.6371,10.5983]]]}},{"type":"Feature","properties":{"gid":"VNM.11.4_1","provZh":"平顺省","name2":"Hàm Thuận Bắc","type2":"Huyện","engtype2":"District"},"geometry":{"type":"Polygon","coordinates":[[[108.0575,11.2188],[108.0455,11.2171],[108.0463,11.2352],[108.0528,11.2456],[108.0425,11.2597],[108.0441,11.2776],[108.0381,11.2814],[108.0307,11.2989],[108.0293,11.3265],[108.0027,11.3321],[107.9936,11.3405],[107.9582,11.3503],[107.9409,11.3469],[107.9339,11.3574],[107.9082,11.3635],[107.8215,11.3701],[107.8279,11.3616],[107.8285,11.3499],[107.8211,11.3398],[107.8192,11.3264],[107.8109,11.3238],[107.8036,11.3106],[107.8016,11.2938],[107.8058,11.2962],[107.8233,11.2846],[107.85,11.2766],[107.8579,11.2392],[107.8386,11.2262],[107.8356,11.1937],[107.8097,11.1704],[107.8232,11.1656],[107.8264,11.1685],[107.83,11.1637],[107.8455,11.1668],[107.843,11.1728],[107.8494,11.1768],[107.8527,11.1728],[107.8616,11.176],[107.8891,11.1725],[107.9035,11.1429],[107.9127,11.1395],[107.9666,11.089],[107.997,11.0743],[108.0199,11.0717],[108.0166,11.0213],[108.0049,11.0195],[108.0136,10.9813],[108.0077,10.9734],[108.0212,10.9718],[108.0203,10.9578],[108.0275,10.9526],[108.0317,10.9553],[108.0532,10.9409],[108.0641,10.9469],[108.0691,10.94],[108.0785,10.946],[108.0812,10.9556],[108.0739,10.9652],[108.0815,10.964],[108.0895,10.9538],[108.0977,10.9565],[108.118,10.9523],[108.1162,10.9484],[108.1248,10.945],[108.1459,10.9435],[108.1831,10.9597],[108.1883,10.957],[108.1975,10.9915],[108.19,10.9986],[108.2343,11.0258],[108.2542,11.0327],[108.2584,11.0944],[108.3002,11.0973],[108.2979,11.1344],[108.307,11.1446],[108.3012,11.155],[108.2823,11.1663],[108.2668,11.1831],[108.1929,11.2008],[108.1849,11.2234],[108.1669,11.2413],[108.1053,11.2683],[108.1008,11.265],[108.088,11.2685],[108.0579,11.2436],[108.0575,11.2188]]]}},{"type":"Feature","properties":{"gid":"VNM.11.5_1","provZh":"平顺省","name2":"Hàm Thuận Nam","type2":"Huyện","engtype2":"District"},"geometry":{"type":"Polygon","coordinates":[[[107.8968,10.7214],[107.9347,10.716],[107.9634,10.7008],[107.9735,10.7062],[107.994,10.7002],[108.0085,10.7324],[108.0148,10.7366],[108.0228,10.7772],[107.9933,10.8014],[107.995,10.8162],[108.0121,10.854],[108.0015,10.8654],[108.0244,10.8857],[108.049,10.8992],[108.062,10.9146],[108.0607,10.9238],[108.064,10.9251],[108.0571,10.9328],[108.0598,10.9382],[108.0691,10.94],[108.0641,10.9469],[108.0532,10.9409],[108.0317,10.9553],[108.0275,10.9526],[108.0203,10.9578],[108.0212,10.9718],[108.0077,10.9734],[108.0136,10.9813],[108.0049,11.0195],[108.0166,11.0213],[108.0199,11.0717],[107.997,11.0743],[107.9666,11.089],[107.9127,11.1395],[107.9035,11.1429],[107.8891,11.1725],[107.8616,11.176],[107.8527,11.1728],[107.8494,11.1768],[107.843,11.1728],[107.8455,11.1668],[107.83,11.1637],[107.8264,11.1685],[107.8232,11.1656],[107.8097,11.1704],[107.7991,11.1647],[107.7738,11.1353],[107.7759,11.1287],[107.789,11.1246],[107.7915,11.1175],[107.7782,11.0884],[107.7902,11.0779],[107.7853,11.0741],[107.7877,11.0651],[107.8231,11.0514],[107.826,11.0413],[107.8209,11.0194],[107.8309,11.0071],[107.8244,11.0006],[107.8368,10.9429],[107.8491,10.9431],[107.849,10.9381],[107.8713,10.9255],[107.8655,10.9214],[107.8126,10.9208],[107.7923,10.9133],[107.7632,10.9144],[107.7659,10.8851],[107.7553,10.8693],[107.7609,10.8613],[107.7693,10.8625],[107.7722,10.8504],[107.775,10.8532],[107.7788,10.8473],[107.7904,10.8462],[107.7896,10.8359],[107.7936,10.8342],[107.7951,10.8238],[107.7764,10.8225],[107.7753,10.7913],[107.8231,10.7966],[107.8466,10.7688],[107.8445,10.7594],[107.8505,10.75],[107.8744,10.75],[107.8733,10.7417],[107.8819,10.7392],[107.8868,10.7208],[107.8968,10.7214]]]}},{"type":"Feature","properties":{"gid":"VNM.11.6_1","provZh":"平顺省","name2":"La Gi","type2":"Thị xã","engtype2":"Town"},"geometry":{"type":"Polygon","coordinates":[[[107.7647,10.6471],[107.7796,10.6554],[107.8212,10.7009],[107.8447,10.7037],[107.8868,10.7208],[107.8819,10.7392],[107.8733,10.7417],[107.8744,10.75],[107.8505,10.75],[107.8445,10.7594],[107.8466,10.7688],[107.8231,10.7966],[107.7441,10.7855],[107.757,10.757],[107.7569,10.7348],[107.737,10.7146],[107.7417,10.7059],[107.7359,10.7013],[107.7213,10.705],[107.7127,10.698],[107.6835,10.6988],[107.7121,10.6758],[107.7129,10.6322],[107.7275,10.6314],[107.7647,10.6471]]]}},{"type":"Feature","properties":{"gid":"VNM.11.7_1","provZh":"平顺省","name2":"Phan Thiết","type2":"Thành phố","engtype2":"City"},"geometry":{"type":"Polygon","coordinates":[[[108.0077,10.8591],[108.0121,10.854],[107.993,10.8029],[108.0228,10.7772],[108.038,10.8327],[108.0627,10.8833],[108.0569,10.8905],[108.0629,10.8837],[108.0851,10.9141],[108.101,10.9202],[108.1066,10.9202],[108.1054,10.9159],[108.1348,10.9342],[108.1375,10.9306],[108.1604,10.93],[108.1896,10.9367],[108.2132,10.9514],[108.2297,10.9547],[108.2768,10.942],[108.2824,10.9345],[108.2814,10.9156],[108.2952,10.9138],[108.2984,10.9391],[108.3106,10.9576],[108.3238,10.9601],[108.3311,10.9514],[108.3381,10.9527],[108.3502,11.0045],[108.2989,10.9962],[108.2953,11.0065],[108.2756,11.0232],[108.2411,11.029],[108.19,10.9986],[108.1975,10.9915],[108.1883,10.957],[108.1831,10.9597],[108.1459,10.9435],[108.1248,10.945],[108.1162,10.9484],[108.118,10.9523],[108.0977,10.9565],[108.0895,10.9538],[108.0815,10.964],[108.0739,10.9652],[108.0812,10.9556],[108.0736,10.9406],[108.0598,10.9382],[108.0571,10.9328],[108.064,10.9251],[108.0607,10.9238],[108.062,10.9146],[108.0472,10.8975],[108.0244,10.8857],[108.0015,10.8654],[108.0077,10.8591]]]}},{"type":"Feature","properties":{"gid":"VNM.11.8_1","provZh":"平顺省","name2":"Phú Quí","type2":"Huyện","engtype2":"District"},"geometry":{"type":"MultiPolygon","coordinates":[[[[108.9614,10.4877],[108.9646,10.4851],[108.968,10.4896],[108.9657,10.4961],[108.9614,10.4877]]],[[[108.9582,10.5243],[108.9544,10.5436],[108.9581,10.5483],[108.9554,10.5461],[108.9437,10.5539],[108.924,10.5492],[108.9314,10.5138],[108.9501,10.5027],[108.9596,10.5033],[108.967,10.5076],[108.9675,10.5166],[108.9582,10.5243]]]]}},{"type":"Feature","properties":{"gid":"VNM.11.9_1","provZh":"平顺省","name2":"Tánh Linh","type2":"Huyện","engtype2":"District"},"geometry":{"type":"Polygon","coordinates":[[[107.6589,10.9168],[107.7194,10.9183],[107.7923,10.9133],[107.8126,10.9208],[107.8655,10.9214],[107.8713,10.9255],[107.849,10.9381],[107.8491,10.9431],[107.8368,10.9429],[107.8244,11.0006],[107.8309,11.0071],[107.8209,11.0194],[107.826,11.0413],[107.8231,11.0514],[107.7877,11.0651],[107.7853,11.0741],[107.7902,11.0779],[107.7782,11.0884],[107.7915,11.1175],[107.789,11.1246],[107.7759,11.1287],[107.7738,11.1353],[107.7991,11.1647],[107.8356,11.1937],[107.8386,11.2262],[107.8579,11.2392],[107.85,11.2766],[107.8233,11.2846],[107.8058,11.2962],[107.8016,11.2938],[107.8036,11.3106],[107.8109,11.3238],[107.8192,11.3264],[107.8211,11.3398],[107.8285,11.3499],[107.8279,11.3616],[107.8215,11.3701],[107.746,11.368],[107.7378,11.3667],[107.7302,11.3579],[107.7253,11.3611],[107.7257,11.3684],[107.7205,11.345],[107.7105,11.3344],[107.684,11.3225],[107.6574,11.3321],[107.6628,11.3202],[107.6576,11.2971],[107.6448,11.2833],[107.6458,11.2552],[107.6405,11.245],[107.6447,11.2419],[107.6382,11.2314],[107.6414,11.2276],[107.6153,11.1957],[107.5982,11.198],[107.592,11.1945],[107.5908,11.1875],[107.5984,11.1887],[107.5945,11.1823],[107.6004,11.1776],[107.5947,11.17],[107.595,11.1481],[107.5675,11.1066],[107.5567,11.1029],[107.5527,11.1064],[107.5562,11.0897],[107.5818,11.0623],[107.5725,11.0501],[107.5715,11.0368],[107.5466,11.0169],[107.5204,11.0162],[107.5079,11.0105],[107.5132,11.0026],[107.531,10.9932],[107.537,10.9776],[107.5427,10.9783],[107.5602,10.9366],[107.5605,10.9074],[107.6589,10.9168]]]}},{"type":"Feature","properties":{"gid":"VNM.11.10_1","provZh":"平顺省","name2":"Tuy Phong","type2":"Huyện","engtype2":"District"},"geometry":{"type":"MultiPolygon","coordinates":[[[[108.556,11.1806],[108.5251,11.1644],[108.5086,11.1655],[108.5005,11.1532],[108.5032,11.1272],[108.5226,11.1511],[108.5621,11.1627],[108.5895,11.1837],[108.6127,11.1826],[108.618,11.1758],[108.6291,11.1877],[108.6643,11.1928],[108.6996,11.181],[108.7037,11.1653],[108.7072,11.1649],[108.7119,11.1755],[108.7298,11.1842],[108.7332,11.209],[108.7456,11.2315],[108.7524,11.2736],[108.7594,11.2852],[108.7766,11.2882],[108.7864,11.3124],[108.8162,11.3218],[108.8277,11.3197],[108.851,11.3345],[108.8722,11.3339],[108.8759,11.3382],[108.877,11.354],[108.8654,11.3504],[108.8578,11.3543],[108.8456,11.3645],[108.8437,11.3762],[108.7846,11.3879],[108.7833,11.3935],[108.757,11.4113],[108.7616,11.4697],[108.7249,11.4685],[108.7123,11.4608],[108.6794,11.4725],[108.659,11.5039],[108.6423,11.5503],[108.5773,11.555],[108.5598,11.5234],[108.5604,11.389],[108.6078,11.3582],[108.6162,11.3368],[108.6167,11.31],[108.6016,11.2847],[108.6057,11.2562],[108.5999,11.2399],[108.572,11.2123],[108.5643,11.1873],[108.556,11.1806]]],[[[108.8256,11.224],[108.8293,11.2218],[108.8331,11.2312],[108.8221,11.2283],[108.8205,11.2244],[108.8256,11.224]]]]}},{"type":"Feature","properties":{"gid":"VNM.13.1_1","provZh":"金瓯省","name2":"Cà Mau","type2":"Thành phố","engtype2":"City"},"geometry":{"type":"Polygon","coordinates":[[[105.1645,9.0915],[105.1714,9.091],[105.1737,9.0859],[105.1862,9.0892],[105.1956,9.0824],[105.2063,9.0863],[105.2247,9.0837],[105.232,9.0902],[105.2414,9.0859],[105.2464,9.0918],[105.2537,9.0913],[105.245,9.1005],[105.2509,9.1052],[105.247,9.1128],[105.2526,9.1352],[105.2621,9.1415],[105.2666,9.1595],[105.2804,9.1627],[105.2767,9.1797],[105.2714,9.1827],[105.2614,9.1785],[105.2529,9.1987],[105.2435,9.2042],[105.2398,9.2005],[105.2398,9.2092],[105.2326,9.2137],[105.2329,9.2243],[105.2393,9.2256],[105.2552,9.2429],[105.2455,9.2501],[105.2231,9.2471],[105.2195,9.2426],[105.2126,9.2475],[105.2085,9.245],[105.2027,9.2675],[105.1712,9.2653],[105.1655,9.2531],[105.1552,9.2443],[105.1488,9.2445],[105.1192,9.2082],[105.1236,9.2054],[105.1159,9.2021],[105.1172,9.1861],[105.1102,9.1789],[105.1139,9.175],[105.1012,9.1722],[105.0965,9.1622],[105.1571,9.1139],[105.1574,9.1013],[105.1645,9.1011],[105.1614,9.0948],[105.1645,9.0915]]]}},{"type":"Feature","properties":{"gid":"VNM.13.2_1","provZh":"金瓯省","name2":"Cái Nước","type2":"Huyện","engtype2":"District"},"geometry":{"type":"Polygon","coordinates":[[[105.0486,8.8727],[105.0679,8.8828],[105.0909,8.9069],[105.1027,8.9572],[105.1094,8.9685],[105.1094,8.9843],[105.1207,9.0045],[105.1215,9.0204],[105.1574,9.1013],[105.1571,9.1139],[105.0965,9.1622],[105.0896,9.1426],[105.0706,9.1326],[105.0487,9.112],[105.0216,9.0691],[104.9869,9.0588],[104.9869,9.0532],[104.9745,9.0508],[104.961,9.0315],[104.9593,9.0184],[104.9694,9.013],[104.9678,8.9979],[104.976,8.9931],[104.971,8.9623],[104.9653,8.9635],[104.9587,8.9423],[104.9596,8.9307],[104.9704,8.9235],[104.9706,8.9145],[104.9817,8.896],[104.9796,8.8786],[104.9964,8.8772],[104.9973,8.8804],[105.0072,8.8751],[105.0101,8.8578],[105.0163,8.8525],[105.0486,8.8727]]]}},{"type":"Feature","properties":{"gid":"VNM.13.3_1","provZh":"金瓯省","name2":"Đầm Dơi","type2":"Huyện","engtype2":"District"},"geometry":{"type":"Polygon","coordinates":[[[105.1549,8.8483],[105.2462,8.8501],[105.2513,8.8437],[105.2479,8.8328],[105.2541,8.8262],[105.2625,8.8365],[105.2802,8.8279],[105.2869,8.832],[105.2998,8.8239],[105.3275,8.8296],[105.3648,8.8973],[105.3883,8.9568],[105.3951,8.9959],[105.4164,9.0162],[105.4194,9.0358],[105.4109,9.0433],[105.4108,9.0508],[105.3929,9.0672],[105.3778,9.0572],[105.3578,9.0628],[105.3578,9.0711],[105.3408,9.0723],[105.3354,9.0663],[105.3184,9.0717],[105.2946,9.0906],[105.2741,9.0847],[105.2615,9.0945],[105.2464,9.0918],[105.2414,9.0859],[105.232,9.0902],[105.2247,9.0837],[105.2063,9.0863],[105.1956,9.0824],[105.1862,9.0892],[105.1737,9.0859],[105.1614,9.0948],[105.1645,9.1011],[105.1574,9.1013],[105.1215,9.0204],[105.1207,9.0045],[105.1094,8.9843],[105.1094,8.9685],[105.1027,8.9572],[105.0909,8.9069],[105.0679,8.8828],[105.0486,8.8727],[105.053,8.8572],[105.0659,8.8467],[105.1549,8.8483]]]}},{"type":"Feature","properties":{"gid":"VNM.13.4_1","provZh":"金瓯省","name2":"Năm Căn","type2":"Huyện","engtype2":"District"},"geometry":{"type":"Polygon","coordinates":[[[104.9688,8.7382],[104.9791,8.7494],[105.0071,8.7619],[105.054,8.7741],[105.0735,8.7863],[105.1205,8.7605],[105.1452,8.7599],[105.1582,8.7786],[105.1712,8.7829],[105.1859,8.7968],[105.1893,8.7901],[105.187,8.7774],[105.1939,8.766],[105.2042,8.7697],[105.2177,8.7556],[105.2337,8.7572],[105.2688,8.7702],[105.321,8.8265],[105.2998,8.8239],[105.2869,8.832],[105.2802,8.8279],[105.2625,8.8365],[105.2541,8.8262],[105.2479,8.8328],[105.2513,8.8437],[105.2462,8.8501],[105.0659,8.8467],[105.053,8.8572],[105.0486,8.8727],[105.0311,8.865],[105.0188,8.8526],[104.9955,8.848],[104.9857,8.8382],[104.9633,8.8369],[104.9547,8.8284],[104.9068,8.8143],[104.9009,8.8084],[104.904,8.7996],[104.9008,8.7905],[104.8868,8.7814],[104.877,8.7584],[104.8676,8.7542],[104.8604,8.7412],[104.8186,8.7343],[104.8298,8.7151],[104.8534,8.6911],[104.9102,8.6911],[104.9662,8.7156],[104.9688,8.7382]]]}},{"type":"Feature","properties":{"gid":"VNM.13.5_1","provZh":"金瓯省","name2":"Ngọc Hiển","type2":"Huyện","engtype2":"District"},"geometry":{"type":"MultiPolygon","coordinates":[[[[104.8488,8.4191],[104.8498,8.4126],[104.8576,8.4193],[104.8488,8.4191]]],[[[104.8239,8.4311],[104.8189,8.4271],[104.8248,8.4213],[104.8392,8.4263],[104.8371,8.4374],[104.8455,8.443],[104.8417,8.4528],[104.8239,8.4311]]],[[[104.9835,8.6008],[105.0106,8.6018],[105.053,8.6219],[105.0723,8.6234],[105.1079,8.636],[105.1182,8.644],[105.1281,8.6566],[105.1294,8.6713],[105.1416,8.6919],[105.1732,8.7254],[105.179,8.7379],[105.2177,8.7556],[105.2042,8.7697],[105.1924,8.7674],[105.187,8.7774],[105.1881,8.7963],[105.1582,8.7786],[105.1452,8.7599],[105.1205,8.7605],[105.0735,8.7863],[105.054,8.7741],[105.0071,8.7619],[104.9707,8.7432],[104.9662,8.7156],[104.9162,8.6919],[104.8534,8.6911],[104.8298,8.7151],[104.8186,8.7343],[104.7944,8.7275],[104.7788,8.6948],[104.7965,8.6523],[104.7575,8.6405],[104.7524,8.6339],[104.7491,8.6409],[104.7303,8.6499],[104.7202,8.6458],[104.7128,8.6326],[104.7221,8.6018],[104.7484,8.5913],[104.8025,8.5797],[104.838,8.5612],[104.9603,8.5882],[104.9835,8.6008]]]]}},{"type":"Feature","properties":{"gid":"VNM.13.6_1","provZh":"金瓯省","name2":"Phú Tân","type2":"Huyện","engtype2":"District"},"geometry":{"type":"Polygon","coordinates":[[[104.897,8.8011],[104.9068,8.8143],[104.9547,8.8284],[104.9633,8.8369],[104.9857,8.8382],[104.9955,8.848],[105.0128,8.8536],[105.0072,8.8751],[104.9973,8.8804],[104.9964,8.8772],[104.9796,8.8786],[104.9817,8.896],[104.9706,8.9145],[104.9704,8.9235],[104.9596,8.9307],[104.9587,8.9423],[104.9653,8.9635],[104.971,8.9623],[104.976,8.9931],[104.9622,8.9981],[104.9403,8.9956],[104.9253,9.0098],[104.8972,9.0048],[104.8878,8.9991],[104.8857,8.9918],[104.8698,8.9936],[104.8635,8.983],[104.8552,8.9828],[104.8477,8.9912],[104.8361,8.9789],[104.827,8.9829],[104.8241,8.9733],[104.8048,8.9803],[104.7995,8.8986],[104.7817,8.8293],[104.7811,8.8099],[104.7862,8.7983],[104.8032,8.7765],[104.8117,8.7722],[104.897,8.8011]]]}},{"type":"Feature","properties":{"gid":"VNM.13.7_1","provZh":"金瓯省","name2":"Thới Bình","type2":"Huyện","engtype2":"District"},"geometry":{"type":"Polygon","coordinates":[[[105.2297,9.2476],[105.2455,9.2501],[105.2552,9.2429],[105.258,9.2513],[105.294,9.2796],[105.257,9.3155],[105.2481,9.3354],[105.2968,9.3869],[105.2806,9.3971],[105.2622,9.3993],[105.0031,9.5585],[104.9927,9.539],[104.9738,9.5463],[104.9631,9.5559],[104.9599,9.5516],[105.0102,9.5018],[105.0383,9.4398],[105.067,9.341],[105.0441,9.3316],[105.0647,9.2778],[105.0746,9.2691],[105.087,9.2691],[105.0814,9.2518],[105.0712,9.2402],[105.0867,9.2012],[105.1192,9.2082],[105.1488,9.2445],[105.1552,9.2443],[105.1655,9.2531],[105.1712,9.2653],[105.2027,9.2675],[105.2085,9.245],[105.2126,9.2475],[105.2195,9.2426],[105.2297,9.2476]]]}},{"type":"Feature","properties":{"gid":"VNM.13.8_1","provZh":"金瓯省","name2":"Trần Văn Thời","type2":"Huyện","engtype2":"District"},"geometry":{"type":"MultiPolygon","coordinates":[[[[104.524,8.9456],[104.5298,8.9438],[104.5254,8.9566],[104.524,8.9456]]],[[[104.8972,9.0048],[104.9253,9.0098],[104.9403,8.9956],[104.9686,8.9966],[104.9694,9.013],[104.9593,9.0184],[104.9658,9.0414],[104.9745,9.0508],[104.9869,9.0532],[104.9869,9.0588],[105.0216,9.0691],[105.0487,9.112],[105.0706,9.1326],[105.0896,9.1426],[105.1012,9.1722],[105.1139,9.175],[105.1102,9.1789],[105.1172,9.1861],[105.1159,9.2021],[105.122,9.2076],[105.0867,9.2012],[105.0879,9.1916],[105.0186,9.1862],[105.0184,9.1906],[105.0045,9.1897],[105.0039,9.1986],[104.9949,9.198],[104.992,9.2394],[104.9302,9.24],[104.9306,9.2773],[104.8213,9.2744],[104.8225,9.2493],[104.8077,9.1809],[104.8104,9.1376],[104.8022,9.0182],[104.8048,8.9803],[104.8241,8.9733],[104.827,8.9829],[104.8361,8.9789],[104.8493,8.9916],[104.8552,8.9828],[104.8635,8.983],[104.8698,8.9936],[104.8857,8.9918],[104.8878,8.9991],[104.8972,9.0048]]]]}},{"type":"Feature","properties":{"gid":"VNM.13.9_1","provZh":"金瓯省","name2":"U Minh","type2":"Huyện","engtype2":"District"},"geometry":{"type":"Polygon","coordinates":[[[105.0746,9.2691],[105.0647,9.2778],[105.0441,9.3316],[105.067,9.341],[105.0383,9.4398],[105.0102,9.5018],[104.9599,9.5516],[104.9458,9.5328],[104.9165,9.5617],[104.8812,9.4941],[104.8458,9.5294],[104.8355,9.5306],[104.8213,9.2744],[104.9306,9.2773],[104.9302,9.24],[104.992,9.2394],[104.9949,9.198],[105.0039,9.1986],[105.0045,9.1897],[105.0184,9.1906],[105.0186,9.1862],[105.0879,9.1916],[105.0809,9.2234],[105.0712,9.2402],[105.0814,9.2518],[105.087,9.2691],[105.0746,9.2691]]]}},{"type":"Feature","properties":{"gid":"VNM.12.1_1","provZh":"芹苴市","name2":"Bình Thuỷ","type2":"Quận","engtype2":"Urban District"},"geometry":{"type":"Polygon","coordinates":[[[105.7438,10.0325],[105.7526,10.0463],[105.77,10.051],[105.7744,10.0564],[105.7704,10.0616],[105.7785,10.0714],[105.7519,10.09],[105.709,10.1173],[105.7018,10.1084],[105.7051,10.0977],[105.693,10.0871],[105.6773,10.0797],[105.6674,10.0835],[105.6656,10.0744],[105.6728,10.0677],[105.6741,10.0527],[105.6821,10.0572],[105.7087,10.0539],[105.7065,10.0442],[105.7144,10.0378],[105.7028,10.0162],[105.7148,10.0048],[105.7191,10.0035],[105.7202,10.011],[105.729,10.0098],[105.7377,10.0167],[105.7438,10.0325]]]}},{"type":"Feature","properties":{"gid":"VNM.12.3_1","provZh":"芹苴市","name2":"Cái Răng","type2":"Quận","engtype2":"Urban District"},"geometry":{"type":"Polygon","coordinates":[[[105.773,9.9554],[105.8188,9.965],[105.8443,9.9828],[105.803,10.043],[105.7921,10.0361],[105.7871,10.026],[105.7754,10.0232],[105.766,10.0066],[105.756,10.0085],[105.7452,10.0043],[105.7314,9.9802],[105.7249,9.98],[105.7236,9.9755],[105.7296,9.9702],[105.773,9.9554]]]}},{"type":"Feature","properties":{"gid":"VNM.12.2_1","provZh":"芹苴市","name2":"Cờ Đỏ","type2":"Huyện","engtype2":"District"},"geometry":{"type":"Polygon","coordinates":[[[105.4524,10.0608],[105.4914,10.0643],[105.4852,10.0535],[105.4945,10.0597],[105.522,10.0565],[105.5182,10.0648],[105.5242,10.0646],[105.523,10.0854],[105.5181,10.0892],[105.5253,10.0876],[105.5817,10.1286],[105.5367,10.1719],[105.5452,10.1954],[105.5423,10.2253],[105.5263,10.2233],[105.5231,10.2189],[105.5089,10.2307],[105.4894,10.2336],[105.4771,10.2142],[105.4828,10.2057],[105.4735,10.2044],[105.4705,10.1942],[105.4559,10.1833],[105.4416,10.1853],[105.4151,10.1628],[105.4143,10.1664],[105.3718,10.1617],[105.3458,10.1364],[105.3568,10.0825],[105.4181,10.0252],[105.4297,10.0315],[105.4494,10.0659],[105.4524,10.0608]]]}},{"type":"Feature","properties":{"gid":"VNM.12.4_1","provZh":"芹苴市","name2":"Ninh Kiều","type2":"Quận","engtype2":"Urban District"},"geometry":{"type":"Polygon","coordinates":[[[105.7237,10.0094],[105.7174,10.0078],[105.7191,10.0035],[105.7265,10.0048],[105.7316,9.994],[105.7396,9.9941],[105.7476,10.0061],[105.7697,10.0093],[105.7754,10.0232],[105.7871,10.026],[105.7921,10.0361],[105.803,10.043],[105.7785,10.0714],[105.7704,10.0616],[105.7744,10.0564],[105.77,10.051],[105.7526,10.0463],[105.74,10.0192],[105.7237,10.0094]]]}},{"type":"Feature","properties":{"gid":"VNM.12.5_1","provZh":"芹苴市","name2":"Ô Môn","type2":"Quận","engtype2":"Urban District"},"geometry":{"type":"Polygon","coordinates":[[[105.6668,10.074],[105.6674,10.0835],[105.6773,10.0797],[105.7051,10.0977],[105.7018,10.1084],[105.709,10.1173],[105.6569,10.1513],[105.6463,10.1668],[105.6017,10.203],[105.5942,10.1988],[105.6004,10.1921],[105.5948,10.1868],[105.5935,10.1904],[105.5738,10.1897],[105.5569,10.1524],[105.5878,10.1224],[105.5966,10.1283],[105.614,10.1122],[105.6124,10.1078],[105.6241,10.1005],[105.6311,10.0815],[105.6249,10.0676],[105.6291,10.0442],[105.6384,10.0505],[105.6431,10.0481],[105.6465,10.0541],[105.6734,10.0489],[105.6728,10.0677],[105.6668,10.074]]]}},{"type":"Feature","properties":{"gid":"VNM.12.6_1","provZh":"芹苴市","name2":"Phong Điền","type2":"Huyện","engtype2":"District"},"geometry":{"type":"Polygon","coordinates":[[[105.7366,9.9903],[105.7396,9.9941],[105.7316,9.994],[105.7265,10.0048],[105.7148,10.0048],[105.7033,10.0128],[105.7044,10.0249],[105.713,10.0307],[105.7107,10.0361],[105.7144,10.0378],[105.7065,10.0442],[105.7087,10.0539],[105.6821,10.0572],[105.6734,10.0489],[105.6465,10.0541],[105.6431,10.0481],[105.6384,10.0505],[105.6277,10.0439],[105.627,10.006],[105.5935,10.0047],[105.593,9.995],[105.5891,9.9958],[105.5832,9.9837],[105.6193,9.9456],[105.6288,9.9498],[105.633,9.9596],[105.6437,9.9625],[105.6474,9.9757],[105.6586,9.9711],[105.6582,9.9663],[105.6737,9.964],[105.6587,9.9502],[105.6705,9.9395],[105.694,9.9549],[105.7036,9.954],[105.7039,9.9586],[105.7136,9.9593],[105.7249,9.98],[105.7314,9.9802],[105.7366,9.9903]]]}},{"type":"Feature","properties":{"gid":"VNM.12.8_1","provZh":"芹苴市","name2":"Thới Lai","type2":"Huyện","engtype2":"District"},"geometry":{"type":"Polygon","coordinates":[[[105.6295,10.0738],[105.6311,10.0815],[105.6241,10.1005],[105.6124,10.1078],[105.614,10.1122],[105.5966,10.1283],[105.5878,10.1224],[105.5817,10.1286],[105.5253,10.0876],[105.5181,10.0892],[105.523,10.0854],[105.5242,10.0646],[105.5182,10.0648],[105.522,10.0565],[105.4945,10.0597],[105.4852,10.0535],[105.4914,10.0643],[105.4524,10.0608],[105.4494,10.0659],[105.4297,10.0315],[105.4181,10.0252],[105.5328,9.9193],[105.5421,9.9411],[105.5457,9.9401],[105.556,9.9586],[105.5513,9.9606],[105.5631,9.9866],[105.5696,9.9839],[105.5744,9.9942],[105.5859,9.9891],[105.5891,9.9958],[105.593,9.995],[105.5935,10.0047],[105.627,10.006],[105.6252,10.0323],[105.6312,10.0491],[105.6249,10.0676],[105.6295,10.0738]]]}},{"type":"Feature","properties":{"gid":"VNM.12.7_1","provZh":"芹苴市","name2":"Thốt Nốt","type2":"Quận","engtype2":"Urban District"},"geometry":{"type":"Polygon","coordinates":[[[105.5387,10.1771],[105.5367,10.1719],[105.5569,10.1524],[105.5756,10.1906],[105.5935,10.1904],[105.5948,10.1868],[105.6004,10.1921],[105.5942,10.1988],[105.6017,10.203],[105.6249,10.1864],[105.6111,10.2236],[105.5645,10.274],[105.5421,10.2927],[105.5127,10.308],[105.4954,10.3253],[105.4873,10.3239],[105.4794,10.3123],[105.4833,10.3094],[105.4808,10.3035],[105.488,10.297],[105.4857,10.2814],[105.4959,10.2659],[105.4941,10.261],[105.4987,10.2614],[105.4974,10.2352],[105.5231,10.2189],[105.5263,10.2233],[105.5447,10.2224],[105.5452,10.1954],[105.5387,10.1771]]]}},{"type":"Feature","properties":{"gid":"VNM.12.9_1","provZh":"芹苴市","name2":"Vĩnh Thạnh","type2":"Huyện","engtype2":"District"},"geometry":{"type":"Polygon","coordinates":[[[105.3171,10.1412],[105.3531,10.1006],[105.3458,10.1364],[105.3718,10.1617],[105.4143,10.1664],[105.4151,10.1628],[105.4416,10.1853],[105.4559,10.1833],[105.4705,10.1942],[105.4735,10.2044],[105.4809,10.203],[105.4787,10.2174],[105.4825,10.2174],[105.4894,10.2336],[105.4985,10.2349],[105.4987,10.2614],[105.4941,10.261],[105.4959,10.2659],[105.4857,10.2814],[105.488,10.297],[105.4808,10.3035],[105.4827,10.3108],[105.4267,10.303],[105.4415,10.2697],[105.3972,10.2528],[105.3362,10.2344],[105.312,10.2739],[105.3065,10.2689],[105.3013,10.277],[105.2671,10.2389],[105.261,10.2459],[105.2532,10.2385],[105.2257,10.201],[105.2982,10.1386],[105.3033,10.1436],[105.3105,10.1348],[105.3171,10.1412]]]}},{"type":"Feature","properties":{"gid":"VNM.14.1_1","provZh":"高平省","name2":"Bảo Lạc","type2":"Huyện","engtype2":"District"},"geometry":{"type":"Polygon","coordinates":[[[105.7109,22.7328],[105.7215,22.7308],[105.7271,22.7388],[105.7391,22.7415],[105.749,22.7295],[105.7552,22.7406],[105.7712,22.741],[105.7831,22.7331],[105.7861,22.7383],[105.797,22.7396],[105.8084,22.7349],[105.8385,22.7603],[105.8255,22.7832],[105.84,22.7874],[105.8506,22.8053],[105.8556,22.8043],[105.8604,22.8122],[105.8651,22.8094],[105.8708,22.8146],[105.8813,22.8149],[105.8667,22.8321],[105.878,22.8384],[105.8664,22.8449],[105.8621,22.8548],[105.8612,22.8678],[105.868,22.8729],[105.8666,22.8783],[105.843,22.9156],[105.8468,22.925],[105.8592,22.9198],[105.8705,22.9255],[105.8728,22.9327],[105.8546,22.9435],[105.8542,22.9512],[105.846,22.9572],[105.8549,22.9702],[105.8385,22.9711],[105.8442,22.976],[105.8282,22.9953],[105.818,22.9949],[105.8154,22.9888],[105.8034,22.9912],[105.7789,23.0231],[105.7512,23.0345],[105.7409,23.032],[105.7317,23.0361],[105.7278,23.043],[105.7308,23.0548],[105.725,23.0543],[105.7247,23.0608],[105.7109,23.0715],[105.7122,23.0622],[105.6748,23.0623],[105.6603,23.0743],[105.6387,23.0811],[105.6181,23.0654],[105.6028,23.0768],[105.5947,23.0756],[105.5902,23.0695],[105.5773,23.0689],[105.5668,23.08],[105.5597,23.0645],[105.5662,23.0522],[105.5646,23.0331],[105.585,23.0194],[105.5823,23.0084],[105.5701,23.0003],[105.5704,22.9831],[105.5592,22.9828],[105.5437,22.9718],[105.5692,22.9589],[105.5768,22.9432],[105.5683,22.9356],[105.5867,22.9361],[105.5835,22.9269],[105.6279,22.9034],[105.6237,22.8846],[105.6355,22.8742],[105.6354,22.8624],[105.6219,22.8544],[105.6186,22.8452],[105.6321,22.8226],[105.6255,22.8146],[105.6131,22.8145],[105.6119,22.7898],[105.6191,22.7803],[105.6296,22.7897],[105.6362,22.7894],[105.6463,22.768],[105.6404,22.7613],[105.6378,22.7462],[105.596,22.7449],[105.5894,22.7334],[105.5916,22.7271],[105.5746,22.7172],[105.5747,22.7079],[105.5891,22.69],[105.5819,22.6692],[105.6028,22.6673],[105.5998,22.6863],[105.622,22.7004],[105.6485,22.6985],[105.6654,22.7242],[105.6917,22.7184],[105.6959,22.729],[105.7006,22.719],[105.7109,22.7328]]]}},{"type":"Feature","properties":{"gid":"VNM.14.2_1","provZh":"高平省","name2":"Bảo Lâm","type2":"Huyện","engtype2":"District"},"geometry":{"type":"Polygon","coordinates":[[[105.5632,22.664],[105.5778,22.6651],[105.5878,22.6824],[105.5891,22.69],[105.5731,22.7122],[105.5916,22.7271],[105.5894,22.7334],[105.596,22.7449],[105.6378,22.7462],[105.6404,22.7613],[105.6463,22.768],[105.6362,22.7894],[105.6296,22.7897],[105.6191,22.7803],[105.6119,22.7898],[105.6131,22.8145],[105.6255,22.8146],[105.6321,22.8226],[105.6186,22.8452],[105.6219,22.8544],[105.6354,22.8624],[105.6355,22.8742],[105.6237,22.8846],[105.6279,22.9034],[105.5835,22.9269],[105.5867,22.9361],[105.5683,22.9356],[105.5768,22.9432],[105.5692,22.9589],[105.5437,22.9718],[105.5592,22.9828],[105.5704,22.9831],[105.5701,23.0003],[105.5823,23.0084],[105.585,23.0194],[105.5646,23.0331],[105.5662,23.0522],[105.5597,23.0645],[105.5668,23.08],[105.56,23.088],[105.5665,23.1013],[105.563,23.1196],[105.5503,23.1105],[105.5273,23.1081],[105.5171,23.0835],[105.5204,23.0758],[105.5083,23.0604],[105.5039,23.042],[105.4944,23.0332],[105.4875,23.0092],[105.4684,23.0075],[105.4492,22.9993],[105.4418,23.0038],[105.4263,22.9987],[105.4186,23.0017],[105.4132,22.9952],[105.3748,22.9901],[105.3615,22.9795],[105.3621,22.9401],[105.3456,22.9332],[105.3329,22.9342],[105.3228,22.9162],[105.3073,22.9121],[105.3044,22.8765],[105.2674,22.8814],[105.2663,22.8662],[105.2804,22.8566],[105.3007,22.8561],[105.3238,22.8449],[105.3277,22.8333],[105.3434,22.8281],[105.3488,22.8132],[105.3588,22.8167],[105.3821,22.8123],[105.3975,22.796],[105.4232,22.7848],[105.4249,22.776],[105.4443,22.7719],[105.45,22.759],[105.4715,22.755],[105.469,22.7498],[105.4787,22.7386],[105.4764,22.7186],[105.4817,22.7094],[105.4912,22.708],[105.502,22.6984],[105.4876,22.6738],[105.4969,22.6597],[105.4937,22.645],[105.4988,22.6337],[105.5374,22.6335],[105.5435,22.653],[105.5607,22.6574],[105.5632,22.664]]]}},{"type":"Feature","properties":{"gid":"VNM.14.3_1","provZh":"高平省","name2":"Cao Bằng","type2":"Thành phố","engtype2":"City"},"geometry":{"type":"Polygon","coordinates":[[[106.3172,22.6297],[106.3111,22.6396],[106.2956,22.649],[106.2843,22.6458],[106.2804,22.6526],[106.2896,22.6606],[106.2848,22.6611],[106.2822,22.6795],[106.274,22.6846],[106.2653,22.683],[106.2572,22.6946],[106.2589,22.6986],[106.2502,22.6991],[106.2417,22.7153],[106.2301,22.7113],[106.2206,22.7216],[106.2023,22.7301],[106.1961,22.7095],[106.1913,22.7038],[106.1818,22.704],[106.1803,22.6854],[106.186,22.6787],[106.1733,22.6698],[106.1829,22.6669],[106.1831,22.6578],[106.1985,22.6645],[106.2168,22.6403],[106.2339,22.6534],[106.2396,22.6425],[106.2443,22.6487],[106.2446,22.6378],[106.2545,22.6266],[106.2622,22.6388],[106.2773,22.6099],[106.2863,22.604],[106.2954,22.5797],[106.3187,22.5862],[106.3261,22.571],[106.3309,22.5714],[106.3467,22.5826],[106.3511,22.5942],[106.343,22.597],[106.3383,22.6075],[106.3322,22.6058],[106.3223,22.6149],[106.3172,22.6297]]]}},{"type":"Feature","properties":{"gid":"VNM.14.4_1","provZh":"高平省","name2":"Hạ Lang","type2":"Huyện","engtype2":"District"},"geometry":{"type":"Polygon","coordinates":[[[106.6487,22.5772],[106.6625,22.5754],[106.6934,22.5849],[106.7089,22.578],[106.7288,22.5939],[106.7305,22.6022],[106.7172,22.6088],[106.7147,22.6146],[106.7238,22.6173],[106.7291,22.6299],[106.7222,22.6379],[106.7334,22.6498],[106.7308,22.6549],[106.7358,22.6558],[106.7412,22.6702],[106.7578,22.6748],[106.7608,22.6854],[106.7538,22.6961],[106.7599,22.6948],[106.7675,22.7022],[106.7658,22.7055],[106.78,22.7082],[106.765,22.7181],[106.7609,22.7327],[106.7698,22.7373],[106.7647,22.7414],[106.7682,22.7446],[106.7743,22.744],[106.7772,22.7499],[106.7881,22.7539],[106.7906,22.7595],[106.7859,22.767],[106.7925,22.7646],[106.796,22.77],[106.8144,22.7703],[106.8236,22.7786],[106.8242,22.7883],[106.8377,22.8032],[106.8223,22.8175],[106.806,22.82],[106.7853,22.8141],[106.7745,22.8175],[106.7651,22.8114],[106.7687,22.827],[106.7535,22.8323],[106.7326,22.8495],[106.726,22.8462],[106.7233,22.834],[106.6992,22.8073],[106.6856,22.8082],[106.669,22.7976],[106.6546,22.7946],[106.6552,22.7844],[106.6213,22.7796],[106.6079,22.7856],[106.6017,22.7718],[106.5924,22.773],[106.5771,22.7616],[106.582,22.7542],[106.5797,22.7498],[106.5678,22.7389],[106.5588,22.7384],[106.552,22.7064],[106.573,22.6984],[106.5685,22.6839],[106.5953,22.6662],[106.6033,22.6667],[106.6083,22.6563],[106.5839,22.6403],[106.5875,22.6348],[106.5839,22.6276],[106.5943,22.6218],[106.5888,22.6059],[106.5968,22.6001],[106.6299,22.6055],[106.6342,22.5911],[106.6487,22.5772]]]}},{"type":"Feature","properties":{"gid":"VNM.14.5_1","provZh":"高平省","name2":"Hà Quảng","type2":"Huyện","engtype2":"District"},"geometry":{"type":"Polygon","coordinates":[[[106.2134,22.8022],[106.2087,22.8194],[106.2115,22.8282],[106.2069,22.831],[106.2144,22.8358],[106.2065,22.8422],[106.2199,22.846],[106.2231,22.8515],[106.2167,22.8571],[106.2128,22.8552],[106.2119,22.8601],[106.2209,22.8628],[106.2232,22.873],[106.2298,22.8776],[106.2285,22.8894],[106.2472,22.8913],[106.2591,22.897],[106.266,22.9068],[106.26,22.9193],[106.2486,22.9265],[106.2469,22.935],[106.2412,22.9359],[106.2419,22.9413],[106.2342,22.9431],[106.2358,22.9546],[106.2246,22.9573],[106.2241,22.964],[106.2108,22.9711],[106.2003,22.9869],[106.1878,22.988],[106.1736,22.9825],[106.145,22.9967],[106.1179,22.9853],[106.1085,22.9901],[106.1034,22.986],[106.0962,22.9958],[106.0899,22.9927],[106.0842,22.9999],[106.0637,22.9912],[106.0492,22.9947],[106.0428,22.9906],[106.0065,22.9927],[106.0015,22.9895],[106.0084,22.969],[105.9985,22.9416],[105.9921,22.9392],[105.9746,22.9485],[105.9582,22.9497],[105.9542,22.9266],[105.9618,22.9203],[105.972,22.9227],[105.9845,22.888],[106.0036,22.8648],[106.004,22.8384],[106.0088,22.8344],[106.0297,22.8241],[106.0308,22.8334],[106.0471,22.8474],[106.0537,22.8618],[106.0598,22.8569],[106.0751,22.8564],[106.0772,22.8429],[106.0951,22.8267],[106.0949,22.8207],[106.1115,22.8167],[106.1184,22.8088],[106.1228,22.8092],[106.1253,22.8165],[106.1472,22.8155],[106.1643,22.8234],[106.1798,22.8058],[106.1809,22.7961],[106.1882,22.7972],[106.2003,22.7901],[106.2134,22.8022]]]}},{"type":"Feature","properties":{"gid":"VNM.14.6_1","provZh":"高平省","name2":"Hoà An","type2":"Huyện","engtype2":"District"},"geometry":{"type":"Polygon","coordinates":[[[106.3511,22.5942],[106.3412,22.5797],[106.3601,22.5564],[106.3529,22.5495],[106.3611,22.5323],[106.3581,22.5258],[106.3769,22.5162],[106.4014,22.515],[106.4063,22.5231],[106.4041,22.5324],[106.3928,22.537],[106.3928,22.5464],[106.4002,22.5578],[106.3888,22.5778],[106.3671,22.6],[106.3683,22.6217],[106.3618,22.6356],[106.3664,22.6408],[106.3506,22.6643],[106.3453,22.6999],[106.3327,22.7288],[106.287,22.7577],[106.2824,22.7666],[106.2861,22.7749],[106.2698,22.7814],[106.2505,22.8049],[106.2408,22.8045],[106.233,22.8109],[106.2219,22.8019],[106.2104,22.8089],[106.2134,22.8022],[106.2003,22.7901],[106.1882,22.7972],[106.1794,22.7967],[106.1798,22.8058],[106.1643,22.8234],[106.1472,22.8155],[106.1253,22.8165],[106.1228,22.8092],[106.1184,22.8088],[106.1115,22.8167],[106.0949,22.8207],[106.0951,22.8267],[106.0772,22.8429],[106.0751,22.8564],[106.0598,22.8569],[106.0537,22.8618],[106.0471,22.8474],[106.0308,22.8334],[106.0297,22.8241],[106.0435,22.8111],[106.0348,22.7918],[106.0617,22.7644],[106.0144,22.7262],[106.0134,22.7184],[106.022,22.7052],[106.0173,22.6919],[106.0215,22.6843],[106.0433,22.6792],[106.0494,22.6951],[106.0621,22.6901],[106.0999,22.7077],[106.1267,22.6952],[106.1314,22.6857],[106.1255,22.6755],[106.1435,22.6718],[106.1454,22.656],[106.126,22.6364],[106.1224,22.6378],[106.1103,22.5874],[106.1164,22.5841],[106.1315,22.5943],[106.1507,22.5954],[106.1533,22.581],[106.1619,22.5808],[106.1745,22.5647],[106.1741,22.5596],[106.1624,22.5513],[106.1546,22.5512],[106.163,22.5357],[106.1732,22.5369],[106.1813,22.5467],[106.1915,22.5414],[106.2016,22.5454],[106.2071,22.5577],[106.1974,22.5767],[106.2206,22.6026],[106.2428,22.6027],[106.255,22.5815],[106.2743,22.5746],[106.2835,22.5727],[106.2954,22.5797],[106.2863,22.604],[106.2773,22.6099],[106.2622,22.6388],[106.2545,22.6266],[106.2446,22.6378],[106.2443,22.6487],[106.2396,22.6425],[106.2381,22.6494],[106.2308,22.6536],[106.2168,22.6403],[106.1985,22.6645],[106.1831,22.6578],[106.1829,22.6669],[106.1733,22.6698],[106.186,22.6787],[106.1803,22.6854],[106.1818,22.704],[106.1913,22.7038],[106.1961,22.7095],[106.2023,22.7301],[106.2206,22.7216],[106.2301,22.7113],[106.2417,22.7153],[106.2502,22.6991],[106.2589,22.6986],[106.2572,22.6946],[106.2653,22.683],[106.274,22.6846],[106.2822,22.6795],[106.2848,22.6611],[106.2896,22.6606],[106.2804,22.6526],[106.2843,22.6458],[106.2921,22.65],[106.3111,22.6396],[106.3223,22.6149],[106.3322,22.6058],[106.3383,22.6075],[106.343,22.597],[106.3511,22.5942]]]}},{"type":"Feature","properties":{"gid":"VNM.14.7_1","provZh":"高平省","name2":"Nguyên Bình","type2":"Huyện","engtype2":"District"},"geometry":{"type":"Polygon","coordinates":[[[106.1005,22.5177],[106.1188,22.5122],[106.1304,22.5191],[106.1398,22.5139],[106.1523,22.5146],[106.163,22.5357],[106.1546,22.5512],[106.1624,22.5513],[106.1741,22.5596],[106.1716,22.5725],[106.1619,22.5808],[106.1533,22.581],[106.1507,22.5954],[106.1315,22.5943],[106.1164,22.5841],[106.1103,22.5874],[106.1224,22.6378],[106.126,22.6364],[106.1454,22.656],[106.1435,22.6718],[106.1255,22.6755],[106.1314,22.6857],[106.1222,22.7],[106.0999,22.7077],[106.0621,22.6901],[106.0494,22.6951],[106.0433,22.6792],[106.0215,22.6843],[106.0173,22.6919],[106.022,22.7052],[106.0147,22.7153],[106.0045,22.7127],[105.9857,22.683],[105.9758,22.6934],[105.9556,22.693],[105.9495,22.6999],[105.9458,22.7164],[105.9379,22.7124],[105.9157,22.7188],[105.9239,22.7274],[105.921,22.733],[105.9336,22.7463],[105.9143,22.757],[105.9011,22.7557],[105.8982,22.7683],[105.874,22.7737],[105.8677,22.7882],[105.8508,22.7946],[105.8496,22.802],[105.84,22.7874],[105.8255,22.7832],[105.8385,22.7603],[105.8084,22.7349],[105.797,22.7396],[105.7861,22.7383],[105.7831,22.7331],[105.7712,22.741],[105.751,22.737],[105.7503,22.7271],[105.7587,22.7248],[105.7519,22.7123],[105.7569,22.7009],[105.7769,22.6921],[105.7503,22.6645],[105.7404,22.6435],[105.7269,22.6362],[105.7279,22.6312],[105.74,22.6273],[105.7534,22.6086],[105.7456,22.5941],[105.7512,22.5862],[105.7661,22.5889],[105.7778,22.577],[105.7788,22.5718],[105.7705,22.5648],[105.7733,22.5582],[105.7675,22.5562],[105.7742,22.554],[105.7718,22.5498],[105.7874,22.5505],[105.8043,22.5238],[105.8215,22.5204],[105.8324,22.5264],[105.8325,22.5173],[105.8413,22.515],[105.8569,22.5215],[105.8662,22.5203],[105.8995,22.507],[105.9039,22.4953],[105.9113,22.4964],[105.9239,22.5212],[105.9325,22.5281],[105.9583,22.5245],[105.9712,22.5368],[106.0029,22.5484],[106.0052,22.5545],[106.0375,22.5622],[106.048,22.5781],[106.0664,22.5695],[106.0827,22.5721],[106.0733,22.5549],[106.0953,22.5468],[106.0922,22.5387],[106.0945,22.5332],[106.1011,22.5356],[106.0948,22.528],[106.1023,22.522],[106.1005,22.5177]]]}},{"type":"Feature","properties":{"gid":"VNM.14.8_1","provZh":"高平省","name2":"Phục Hoà","type2":"Huyện","engtype2":"District"},"geometry":{"type":"Polygon","coordinates":[[[106.5682,22.4733],[106.5746,22.4759],[106.573,22.4719],[106.5776,22.4691],[106.5846,22.4767],[106.5818,22.52],[106.5908,22.5357],[106.5901,22.5493],[106.6003,22.553],[106.6037,22.5646],[106.6007,22.5762],[106.6085,22.5818],[106.6039,22.5886],[106.6085,22.602],[106.5968,22.6001],[106.5888,22.6059],[106.5943,22.6218],[106.5836,22.6296],[106.5875,22.6348],[106.5845,22.6415],[106.6083,22.6563],[106.6033,22.6667],[106.5953,22.6662],[106.5778,22.6756],[106.5714,22.6505],[106.5597,22.6434],[106.5491,22.6487],[106.5362,22.6463],[106.5221,22.6655],[106.5135,22.6622],[106.5146,22.6478],[106.5016,22.6365],[106.5084,22.6215],[106.5167,22.6152],[106.5096,22.5968],[106.5166,22.5859],[106.5109,22.5794],[106.4871,22.5747],[106.4759,22.5832],[106.4558,22.576],[106.4509,22.5669],[106.4304,22.5713],[106.4119,22.5497],[106.4002,22.5578],[106.3928,22.5464],[106.3928,22.537],[106.4041,22.5324],[106.4026,22.5369],[106.4121,22.5353],[106.4306,22.527],[106.448,22.505],[106.4688,22.5037],[106.473,22.5104],[106.493,22.4932],[106.4979,22.4973],[106.515,22.4965],[106.5129,22.4911],[106.5173,22.4871],[106.5299,22.4847],[106.5302,22.4738],[106.5189,22.4629],[106.5354,22.4537],[106.5605,22.4558],[106.559,22.4654],[106.564,22.4654],[106.5682,22.4733]]]}},{"type":"Feature","properties":{"gid":"VNM.14.9_1","provZh":"高平省","name2":"Quảng Uyên","type2":"Huyện","engtype2":"District"},"geometry":{"type":"Polygon","coordinates":[[[106.395,22.5688],[106.3955,22.5621],[106.4047,22.5581],[106.41,22.5493],[106.4304,22.5713],[106.4509,22.5669],[106.4558,22.576],[106.4759,22.5832],[106.4871,22.5747],[106.5109,22.5794],[106.5166,22.5859],[106.5096,22.5968],[106.5167,22.6152],[106.5084,22.6215],[106.5016,22.6365],[106.5146,22.6478],[106.5135,22.6622],[106.5221,22.6655],[106.5362,22.6463],[106.5491,22.6487],[106.5597,22.6434],[106.5714,22.6505],[106.5778,22.6756],[106.5685,22.6839],[106.573,22.6984],[106.552,22.7064],[106.5528,22.7131],[106.5325,22.7034],[106.5239,22.7093],[106.5249,22.72],[106.5175,22.732],[106.5019,22.732],[106.4914,22.7424],[106.487,22.7383],[106.4802,22.7464],[106.4684,22.7464],[106.4555,22.7592],[106.447,22.7864],[106.4361,22.793],[106.4296,22.7825],[106.4118,22.7932],[106.3993,22.7899],[106.3926,22.7931],[106.3938,22.7884],[106.3886,22.7861],[106.3665,22.7862],[106.3562,22.7809],[106.3624,22.7468],[106.3512,22.7366],[106.3581,22.7201],[106.3503,22.7119],[106.3539,22.6965],[106.3453,22.6999],[106.3452,22.6828],[106.3506,22.6643],[106.3664,22.6408],[106.3618,22.6356],[106.3683,22.6217],[106.3671,22.6],[106.395,22.5688]]]}},{"type":"Feature","properties":{"gid":"VNM.14.10_1","provZh":"高平省","name2":"Thạch An","type2":"Huyện","engtype2":"District"},"geometry":{"type":"Polygon","coordinates":[[[106.4931,22.3985],[106.4897,22.4006],[106.5039,22.4053],[106.5198,22.3975],[106.5324,22.408],[106.5285,22.4128],[106.5353,22.4189],[106.5552,22.4198],[106.5644,22.4237],[106.5681,22.431],[106.565,22.4454],[106.5586,22.4475],[106.5605,22.4558],[106.5354,22.4537],[106.5189,22.4629],[106.5302,22.4738],[106.5285,22.4874],[106.5173,22.4871],[106.5116,22.4985],[106.493,22.4932],[106.473,22.5104],[106.4688,22.5037],[106.448,22.505],[106.4306,22.527],[106.4061,22.5366],[106.4026,22.5369],[106.4063,22.5231],[106.4014,22.515],[106.3669,22.5188],[106.3581,22.5258],[106.3611,22.5323],[106.3529,22.5495],[106.3601,22.5564],[106.3412,22.5797],[106.3261,22.571],[106.3187,22.5862],[106.2835,22.5727],[106.2743,22.5746],[106.255,22.5815],[106.2428,22.6027],[106.2333,22.6052],[106.2206,22.6026],[106.1974,22.5767],[106.2071,22.5577],[106.2016,22.5454],[106.1915,22.5414],[106.1796,22.5462],[106.1732,22.5369],[106.1589,22.5328],[106.1604,22.5261],[106.1523,22.5146],[106.1398,22.5139],[106.1304,22.5191],[106.1188,22.5122],[106.1147,22.4832],[106.1197,22.4721],[106.0941,22.4456],[106.1016,22.4356],[106.0991,22.4144],[106.1056,22.4092],[106.1048,22.4015],[106.1117,22.3989],[106.1222,22.4025],[106.1396,22.3944],[106.1566,22.4099],[106.1678,22.4091],[106.168,22.4033],[106.1771,22.4014],[106.1761,22.3948],[106.1847,22.3869],[106.2006,22.4319],[106.2172,22.4524],[106.2393,22.4615],[106.2493,22.4585],[106.2592,22.4506],[106.264,22.4535],[106.277,22.4479],[106.2876,22.4268],[106.2961,22.4259],[106.3122,22.4106],[106.3192,22.4075],[106.329,22.4124],[106.3343,22.4088],[106.3325,22.4021],[106.3444,22.3918],[106.342,22.3738],[106.3528,22.3618],[106.3643,22.3569],[106.3788,22.3595],[106.396,22.3738],[106.414,22.3703],[106.4249,22.3586],[106.4363,22.3635],[106.4526,22.3566],[106.4666,22.3591],[106.4873,22.3683],[106.4891,22.3761],[106.4792,22.3794],[106.4902,22.3847],[106.4835,22.3904],[106.4931,22.3985]]]}},{"type":"Feature","properties":{"gid":"VNM.14.11_1","provZh":"高平省","name2":"Thông Nông","type2":"Huyện","engtype2":"District"},"geometry":{"type":"Polygon","coordinates":[[[106.0134,22.7184],[106.0208,22.7339],[106.0357,22.7398],[106.0617,22.7644],[106.0348,22.7918],[106.0435,22.8111],[106.004,22.8384],[106.0036,22.8648],[105.9845,22.888],[105.972,22.9227],[105.9578,22.9216],[105.9542,22.9266],[105.9559,22.9395],[105.9393,22.9384],[105.923,22.9469],[105.9091,22.9397],[105.8902,22.9384],[105.8827,22.9274],[105.8852,22.9185],[105.8782,22.9166],[105.8705,22.9255],[105.8592,22.9198],[105.8468,22.925],[105.843,22.9156],[105.868,22.8729],[105.8612,22.8678],[105.8621,22.8548],[105.8664,22.8449],[105.878,22.8384],[105.8667,22.8321],[105.8813,22.8149],[105.8708,22.8146],[105.8651,22.8094],[105.8604,22.8122],[105.8556,22.8043],[105.8506,22.8053],[105.8508,22.7946],[105.8677,22.7882],[105.874,22.7737],[105.8982,22.7683],[105.9011,22.7557],[105.9143,22.757],[105.9336,22.7463],[105.921,22.733],[105.9239,22.7274],[105.9157,22.7188],[105.9379,22.7124],[105.9458,22.7164],[105.9495,22.6999],[105.9556,22.693],[105.9758,22.6934],[105.9868,22.6835],[105.9946,22.7012],[106.0005,22.7008],[106.0045,22.7127],[106.0133,22.7141],[106.0134,22.7184]]]}},{"type":"Feature","properties":{"gid":"VNM.14.12_1","provZh":"高平省","name2":"Trà Lĩnh","type2":"Huyện","engtype2":"District"},"geometry":{"type":"Polygon","coordinates":[[[106.2914,22.7541],[106.3327,22.7288],[106.3443,22.7003],[106.3539,22.6965],[106.3503,22.7119],[106.3572,22.7163],[106.358,22.7234],[106.3531,22.726],[106.3512,22.7366],[106.3624,22.7468],[106.3562,22.7809],[106.3665,22.7862],[106.3886,22.7861],[106.3938,22.7884],[106.3926,22.7931],[106.404,22.7916],[106.3974,22.7982],[106.3987,22.8048],[106.4171,22.8015],[106.433,22.8115],[106.4284,22.8214],[106.4386,22.8186],[106.4543,22.8249],[106.4335,22.8486],[106.4292,22.8704],[106.4058,22.8756],[106.4038,22.8809],[106.3748,22.8841],[106.3642,22.8795],[106.3633,22.8668],[106.3574,22.8594],[106.3458,22.8557],[106.3266,22.8748],[106.3217,22.8681],[106.314,22.8697],[106.311,22.865],[106.3035,22.8743],[106.2933,22.8777],[106.2878,22.8681],[106.2787,22.8688],[106.272,22.8762],[106.2597,22.8775],[106.2564,22.8804],[106.2643,22.8842],[106.2493,22.8934],[106.2285,22.8894],[106.2298,22.8776],[106.2232,22.873],[106.2209,22.8628],[106.2119,22.8601],[106.2128,22.8552],[106.2167,22.8571],[106.2231,22.8515],[106.2199,22.846],[106.2065,22.8422],[106.2144,22.8358],[106.2069,22.831],[106.2115,22.8282],[106.2104,22.8089],[106.2219,22.8019],[106.233,22.8109],[106.2408,22.8045],[106.2505,22.8049],[106.2698,22.7814],[106.2861,22.7749],[106.2824,22.7666],[106.2914,22.7541]]]}},{"type":"Feature","properties":{"gid":"VNM.14.13_1","provZh":"高平省","name2":"Trùng Khánh","type2":"Huyện","engtype2":"District"},"geometry":{"type":"Polygon","coordinates":[[[106.5551,22.7189],[106.5588,22.7384],[106.5678,22.7389],[106.5811,22.7517],[106.5771,22.7616],[106.5924,22.773],[106.6017,22.7718],[106.6079,22.7856],[106.6213,22.7796],[106.6552,22.7844],[106.6546,22.7946],[106.669,22.7976],[106.6856,22.8082],[106.6992,22.8073],[106.7233,22.834],[106.726,22.8462],[106.7326,22.8495],[106.7157,22.8557],[106.7072,22.8643],[106.7179,22.8768],[106.7065,22.8885],[106.692,22.8919],[106.6801,22.8869],[106.6697,22.8927],[106.6652,22.8875],[106.6667,22.8762],[106.6546,22.8664],[106.6485,22.8672],[106.6449,22.8748],[106.6366,22.8771],[106.638,22.8862],[106.6297,22.8865],[106.6314,22.8911],[106.6157,22.9012],[106.6015,22.9291],[106.588,22.9325],[106.5652,22.9188],[106.5433,22.9299],[106.5424,22.9423],[106.5296,22.9404],[106.5207,22.9483],[106.5126,22.9467],[106.5067,22.9313],[106.5003,22.9292],[106.4994,22.9186],[106.5038,22.9145],[106.4971,22.9048],[106.4935,22.9078],[106.4858,22.9023],[106.4744,22.91],[106.4719,22.9017],[106.4644,22.9014],[106.4618,22.8955],[106.4544,22.9039],[106.4474,22.9035],[106.4429,22.8915],[106.4329,22.8824],[106.4245,22.8915],[106.411,22.8877],[106.4159,22.8764],[106.4292,22.8704],[106.4335,22.8486],[106.4543,22.8249],[106.4386,22.8186],[106.4284,22.8214],[106.431,22.8097],[106.4171,22.8015],[106.3987,22.8048],[106.3974,22.7982],[106.424,22.7826],[106.4296,22.7825],[106.4361,22.793],[106.447,22.7864],[106.4555,22.7592],[106.4684,22.7464],[106.4802,22.7464],[106.4825,22.7398],[106.4914,22.7424],[106.5019,22.732],[106.5175,22.732],[106.5276,22.7055],[106.537,22.7036],[106.5551,22.7189]]]}},{"type":"Feature","properties":{"gid":"VNM.19.1_1","provZh":"岘港市","name2":"Cẩm Lệ","type2":"Quận","engtype2":"Urban District"},"geometry":{"type":"Polygon","coordinates":[[[108.2307,16.0284],[108.2214,16.0226],[108.2143,16.0359],[108.2081,16.0378],[108.2084,16.0253],[108.1951,16.0213],[108.1788,16.062],[108.1712,16.0561],[108.1718,16.0459],[108.1644,16.0384],[108.1721,16.0166],[108.1599,16.0092],[108.158,15.994],[108.1844,15.9938],[108.1835,15.9979],[108.1979,16.0021],[108.2146,16.0171],[108.2094,15.9822],[108.2169,15.9718],[108.2224,15.9798],[108.2204,15.9868],[108.2297,15.9928],[108.2337,16.0135],[108.2378,16.0179],[108.2488,16.0152],[108.2307,16.0284]]]}},{"type":"Feature","properties":{"gid":"VNM.19.2_1","provZh":"岘港市","name2":"Hải Châu","type2":"Quận","engtype2":"Urban District"},"geometry":{"type":"Polygon","coordinates":[[[108.2179,16.0248],[108.2333,16.0284],[108.236,16.0354],[108.2272,16.0548],[108.2239,16.0888],[108.2149,16.096],[108.2129,16.09],[108.207,16.0889],[108.2052,16.0789],[108.2122,16.0761],[108.2146,16.0654],[108.2105,16.0524],[108.2022,16.0648],[108.193,16.0644],[108.1877,16.0553],[108.1964,16.0356],[108.1891,16.0327],[108.1929,16.0229],[108.2084,16.0253],[108.2081,16.0378],[108.2143,16.0359],[108.2179,16.0248]]]}},{"type":"Feature","properties":{"gid":"VNM.19.3_1","provZh":"岘港市","name2":"Hòa Vang","type2":"Huyện","engtype2":"District"},"geometry":{"type":"Polygon","coordinates":[[[108.1844,15.9938],[108.158,15.994],[108.1599,16.0092],[108.1721,16.0166],[108.1694,16.0281],[108.1647,16.0287],[108.1689,16.0318],[108.1644,16.0384],[108.1593,16.033],[108.142,16.0339],[108.1284,16.0485],[108.1342,16.0635],[108.1175,16.0678],[108.1158,16.09],[108.1261,16.0887],[108.1135,16.1006],[108.1195,16.115],[108.1026,16.1055],[108.0945,16.1268],[108.096,16.1364],[108.0872,16.1389],[108.096,16.1573],[108.0921,16.1804],[108.0648,16.1842],[108.0569,16.1794],[108.0381,16.1906],[108.015,16.1943],[108.0055,16.2053],[107.9881,16.214],[107.9687,16.1937],[107.9555,16.1893],[107.9292,16.198],[107.9114,16.2157],[107.8747,16.196],[107.8761,16.1884],[107.8674,16.1834],[107.8755,16.1618],[107.8588,16.1534],[107.8559,16.1139],[107.8331,16.0973],[107.8216,16.0796],[107.8246,16.0702],[107.8167,16.0553],[107.8625,16.0619],[107.876,16.0517],[107.8922,16.0477],[107.8935,16.0401],[107.9017,16.034],[107.9389,16.0573],[107.9605,16.0643],[107.9581,16.0372],[107.9687,16.0275],[107.9706,16.0194],[107.9836,16.012],[107.9807,15.988],[107.9566,15.9687],[107.9559,15.9584],[107.9492,15.9501],[107.9854,15.9186],[108.0057,15.9212],[108.0195,15.93],[108.0412,15.935],[108.0608,15.9339],[108.0682,15.926],[108.0807,15.925],[108.1094,15.948],[108.1281,15.9347],[108.1414,15.9314],[108.147,15.9332],[108.1538,15.9531],[108.1646,15.9518],[108.1685,15.9416],[108.1792,15.9405],[108.1846,15.9654],[108.1884,15.9618],[108.2051,15.9621],[108.205,15.9486],[108.2107,15.9428],[108.2162,15.9493],[108.2226,15.9475],[108.2247,15.9603],[108.2097,15.9788],[108.2146,16.0171],[108.1979,16.0021],[108.1835,15.9979],[108.1844,15.9938]]]}},{"type":"Feature","properties":{"gid":"VNM.19.4_1","provZh":"岘港市","name2":"Liên Chiểu","type2":"Quận","engtype2":"Urban District"},"geometry":{"type":"MultiPolygon","coordinates":[[[[108.1532,16.0346],[108.1619,16.0348],[108.1718,16.0459],[108.1712,16.0561],[108.1787,16.0619],[108.1708,16.0794],[108.1476,16.095],[108.1313,16.1136],[108.1341,16.118],[108.1248,16.1243],[108.1241,16.1386],[108.1392,16.1447],[108.1369,16.1589],[108.1411,16.1643],[108.1537,16.1621],[108.1508,16.1678],[108.1556,16.19],[108.173,16.1938],[108.1793,16.2],[108.194,16.1991],[108.1945,16.2097],[108.1711,16.2013],[108.1571,16.2062],[108.1558,16.2004],[108.1437,16.199],[108.1188,16.1811],[108.1,16.1868],[108.0921,16.1804],[108.096,16.1573],[108.0872,16.1389],[108.096,16.1364],[108.0945,16.1268],[108.1026,16.1055],[108.1195,16.115],[108.1135,16.1006],[108.1261,16.0887],[108.1158,16.09],[108.1175,16.0678],[108.1342,16.0635],[108.1284,16.0485],[108.142,16.0339],[108.1532,16.0346]]],[[[108.2032,16.2123],[108.2073,16.2098],[108.211,16.2196],[108.2045,16.2257],[108.1983,16.2142],[108.2032,16.2123]]]]}},{"type":"Feature","properties":{"gid":"VNM.19.5_1","provZh":"岘港市","name2":"Ngũ Hành Sơn","type2":"Quận","engtype2":"Urban District"},"geometry":{"type":"Polygon","coordinates":[[[108.222,15.9784],[108.2169,15.9718],[108.2244,15.956],[108.249,15.9713],[108.26,15.971],[108.2604,15.9635],[108.2729,15.9619],[108.2868,15.9713],[108.2479,16.0567],[108.2291,16.0511],[108.236,16.0354],[108.2333,16.0284],[108.2488,16.0152],[108.2378,16.0179],[108.2337,16.0135],[108.2297,15.9928],[108.2204,15.9868],[108.222,15.9784]]]}},{"type":"Feature","properties":{"gid":"VNM.19.6_1","provZh":"岘港市","name2":"Sơn Trà","type2":"Quận","engtype2":"Urban District"},"geometry":{"type":"Polygon","coordinates":[[[108.227,16.0685],[108.2291,16.0511],[108.2479,16.0567],[108.2478,16.0793],[108.2554,16.0991],[108.2617,16.1021],[108.2676,16.095],[108.2953,16.1056],[108.3068,16.0959],[108.3114,16.1122],[108.3384,16.1178],[108.338,16.1209],[108.3178,16.1443],[108.3127,16.1415],[108.3105,16.1255],[108.3052,16.1232],[108.2876,16.137],[108.2714,16.1347],[108.2591,16.1526],[108.2491,16.1555],[108.2345,16.1474],[108.2305,16.1495],[108.2284,16.1355],[108.2206,16.1242],[108.2127,16.1214],[108.2192,16.1151],[108.2216,16.1209],[108.2419,16.1127],[108.2369,16.0929],[108.2375,16.107],[108.2387,16.104],[108.2262,16.0999],[108.2275,16.1092],[108.223,16.1075],[108.2239,16.0982],[108.2197,16.0956],[108.227,16.0685]]]}},{"type":"Feature","properties":{"gid":"VNM.19.7_1","provZh":"岘港市","name2":"Thanh Khê","type2":"Quận","engtype2":"Urban District"},"geometry":{"type":"Polygon","coordinates":[[[108.193,16.0617],[108.2022,16.0648],[108.2105,16.0524],[108.2146,16.0654],[108.2122,16.0761],[108.2052,16.0789],[108.1966,16.0731],[108.1708,16.0794],[108.1929,16.0229],[108.1891,16.0327],[108.1964,16.0356],[108.1877,16.0553],[108.193,16.0617]]]}},{"type":"Feature","properties":{"gid":"VNM.15.1_1","provZh":"得乐省","name2":"Buôn Đôn","type2":"Huyện","engtype2":"District"},"geometry":{"type":"Polygon","coordinates":[[[107.972,12.7256],[107.9665,12.7403],[107.9709,12.7441],[107.9781,12.736],[107.9936,12.7417],[107.9981,12.7364],[108.0145,12.7352],[108.0273,12.7374],[108.0293,12.7447],[108.0079,12.7575],[108.0064,12.7788],[108.0099,12.7778],[108.0111,12.785],[108.0035,12.7862],[108.0037,12.8068],[107.9838,12.808],[107.9859,12.8144],[107.9828,12.8147],[107.9685,12.802],[107.9553,12.8035],[107.9517,12.7987],[107.9384,12.807],[107.9368,12.8197],[107.9169,12.822],[107.9246,12.8314],[107.9216,12.8384],[107.9277,12.846],[107.9342,12.8724],[107.926,12.8777],[107.9242,12.9096],[107.9723,12.9772],[107.9653,12.9854],[107.9679,12.9923],[107.9637,13.0107],[107.9471,12.9879],[107.9145,12.9749],[107.9078,12.9774],[107.9106,12.969],[107.9257,12.9624],[107.9107,12.962],[107.8832,12.973],[107.8753,12.9837],[107.8531,12.9852],[107.846,12.9988],[107.8366,12.995],[107.8032,13.0005],[107.7693,12.9917],[107.6858,13.071],[107.6191,13.074],[107.558,13.0886],[107.5168,13.0847],[107.4914,13.0205],[107.491,13.002],[107.4983,12.9984],[107.4967,12.9857],[107.5043,12.9758],[107.4873,12.9689],[107.4904,12.9655],[107.4847,12.9446],[107.4938,12.9371],[107.4931,12.9239],[107.5023,12.9166],[107.4959,12.9114],[107.4919,12.8959],[107.4966,12.8929],[107.4988,12.8782],[107.5114,12.8696],[107.5113,12.8576],[107.5222,12.8534],[107.5266,12.8404],[107.5407,12.8348],[107.5455,12.822],[107.5512,12.8232],[107.5524,12.8061],[107.5573,12.8047],[107.5605,12.7953],[107.59,12.7947],[107.6005,12.8026],[107.608,12.7949],[107.6345,12.8037],[107.643,12.7955],[107.6611,12.7985],[107.6866,12.7891],[107.7802,12.7774],[107.803,12.78],[107.8072,12.7865],[107.8115,12.785],[107.8111,12.7897],[107.8182,12.7896],[107.824,12.8019],[107.8479,12.8123],[107.8632,12.7979],[107.8533,12.7796],[107.8605,12.7565],[107.9091,12.7431],[107.9091,12.7337],[107.8989,12.7244],[107.8954,12.7108],[107.9113,12.6905],[107.9294,12.6897],[107.9361,12.6825],[107.9643,12.6749],[107.9707,12.6683],[107.9844,12.6716],[107.9882,12.6985],[107.9838,12.6995],[107.972,12.7256]]]}},{"type":"Feature","properties":{"gid":"VNM.15.2_1","provZh":"得乐省","name2":"Buôn Ma Thuột","type2":"Thành phố","engtype2":"City"},"geometry":{"type":"Polygon","coordinates":[[[108.0327,12.5661],[108.0638,12.5531],[108.0788,12.5546],[108.0816,12.5934],[108.0738,12.5916],[108.0604,12.6068],[108.0736,12.6135],[108.0693,12.6286],[108.0751,12.6339],[108.0845,12.6306],[108.085,12.62],[108.1137,12.6493],[108.1358,12.6527],[108.1466,12.6497],[108.1481,12.663],[108.138,12.6622],[108.1302,12.6842],[108.1365,12.6939],[108.16,12.7013],[108.1504,12.7014],[108.1489,12.7103],[108.1638,12.7139],[108.1652,12.7196],[108.1483,12.7255],[108.1414,12.7437],[108.1337,12.7366],[108.1162,12.7434],[108.1166,12.7618],[108.0871,12.7699],[108.0874,12.7546],[108.0824,12.7554],[108.0857,12.7511],[108.0805,12.7462],[108.0831,12.7398],[108.061,12.7465],[108.0609,12.7415],[108.0293,12.7447],[108.0273,12.7374],[108.0145,12.7352],[107.9981,12.7364],[107.9936,12.7417],[107.9781,12.736],[107.9709,12.7441],[107.9668,12.742],[107.9838,12.6995],[107.9882,12.6985],[107.9844,12.6716],[107.9707,12.6683],[107.9643,12.6749],[107.9361,12.6825],[107.9294,12.6897],[107.9113,12.6905],[107.9063,12.6814],[107.9045,12.675],[107.9146,12.6588],[107.9041,12.6506],[107.9206,12.6453],[107.9202,12.6206],[107.9289,12.6165],[107.9285,12.6005],[107.9342,12.5979],[107.9339,12.5869],[107.929,12.5813],[107.908,12.5754],[107.8921,12.56],[107.9087,12.5554],[107.9228,12.5589],[107.9347,12.554],[107.9494,12.5567],[107.9561,12.5693],[107.9541,12.5776],[107.9662,12.5936],[107.9772,12.5883],[107.9825,12.5768],[108.0327,12.5661]]]}},{"type":"Feature","properties":{"gid":"VNM.15.3_1","provZh":"得乐省","name2":"Cư Kuin","type2":"Huyện","engtype2":"District"},"geometry":{"type":"Polygon","coordinates":[[[108.2115,12.6615],[108.179,12.6649],[108.1569,12.6509],[108.1569,12.655],[108.1459,12.6558],[108.1466,12.6497],[108.1358,12.6527],[108.1137,12.6493],[108.085,12.62],[108.0845,12.6306],[108.0751,12.6339],[108.0693,12.6286],[108.0736,12.6135],[108.0604,12.6068],[108.0738,12.5916],[108.0816,12.5934],[108.0825,12.5736],[108.0771,12.5589],[108.0868,12.5463],[108.1148,12.5493],[108.1184,12.5463],[108.1173,12.5262],[108.1265,12.5227],[108.1657,12.5246],[108.1681,12.4964],[108.176,12.4908],[108.1779,12.4999],[108.1827,12.5015],[108.1812,12.509],[108.1964,12.5194],[108.2064,12.5191],[108.2031,12.5131],[108.2112,12.5126],[108.223,12.5218],[108.2241,12.5099],[108.2283,12.5179],[108.244,12.5185],[108.2509,12.5271],[108.2485,12.5388],[108.2552,12.5566],[108.2789,12.5737],[108.2748,12.5869],[108.2787,12.587],[108.282,12.5962],[108.2821,12.6369],[108.2701,12.6467],[108.2605,12.6474],[108.2282,12.63],[108.2184,12.6302],[108.2208,12.6417],[108.2115,12.6615]]]}},{"type":"Feature","properties":{"gid":"VNM.15.4_1","provZh":"得乐省","name2":"Cư M'gar","type2":"Huyện","engtype2":"District"},"geometry":{"type":"Polygon","coordinates":[[[108.1577,12.7203],[108.1652,12.7196],[108.1653,12.7153],[108.1848,12.7243],[108.1838,12.735],[108.195,12.7371],[108.1992,12.7309],[108.206,12.7495],[108.2233,12.7437],[108.2202,12.7545],[108.2276,12.7584],[108.2199,12.7816],[108.2141,12.7888],[108.2003,12.7901],[108.1967,12.7947],[108.2087,12.8174],[108.2044,12.8249],[108.1873,12.8293],[108.2002,12.8564],[108.2221,12.8669],[108.2124,12.8811],[108.2167,12.8871],[108.2157,12.9016],[108.1993,12.9022],[108.1964,12.9127],[108.2014,12.9418],[108.1726,12.9591],[108.169,12.9678],[108.172,12.9713],[108.1495,12.98],[108.1291,12.963],[108.129,12.9694],[108.106,12.9846],[108.106,13.004],[108.1001,13.0068],[108.1045,13.0294],[108.0999,13.0382],[108.1035,13.0463],[108.1101,13.0473],[108.1073,13.057],[108.0947,13.0575],[108.0823,13.0706],[108.0775,13.0669],[108.0795,13.0626],[108.071,13.0621],[108.0769,13.0558],[108.0657,13.0586],[108.069,13.0505],[108.0462,13.048],[108.0514,13.0544],[108.0433,13.0545],[108.045,13.0601],[108.0373,13.0668],[108.0407,13.073],[108.0326,13.076],[108.0158,13.0691],[108.0064,13.0528],[108.0003,13.0559],[108.0012,13.0306],[107.9937,13.0244],[107.9826,13.02],[107.9743,13.0267],[107.9571,13.0151],[107.9637,13.0107],[107.9679,12.9923],[107.9653,12.9854],[107.9723,12.9772],[107.9242,12.9096],[107.926,12.8777],[107.9342,12.8724],[107.9277,12.846],[107.9216,12.8384],[107.9246,12.8314],[107.9169,12.822],[107.9368,12.8197],[107.9384,12.807],[107.9517,12.7987],[107.9553,12.8035],[107.9685,12.802],[107.9828,12.8147],[107.9859,12.8144],[107.9838,12.808],[108.0037,12.8068],[108.0035,12.7862],[108.0111,12.785],[108.0051,12.7643],[108.0192,12.748],[108.0609,12.7415],[108.061,12.7465],[108.0689,12.746],[108.069,12.7421],[108.0831,12.7398],[108.0805,12.7462],[108.0857,12.7511],[108.0824,12.7554],[108.0874,12.7546],[108.0871,12.7699],[108.0935,12.7687],[108.0975,12.7643],[108.1166,12.7618],[108.1162,12.7434],[108.1337,12.7366],[108.1414,12.7437],[108.1483,12.7255],[108.1564,12.7254],[108.1577,12.7203]]]}},{"type":"Feature","properties":{"gid":"VNM.15.5_1","provZh":"得乐省","name2":"Ea H'leo","type2":"Huyện","engtype2":"District"},"geometry":{"type":"Polygon","coordinates":[[[108.0891,13.0658],[108.0947,13.0575],[108.0959,13.0621],[108.0997,13.0593],[108.1031,13.0712],[108.1091,13.0653],[108.109,13.0748],[108.1284,13.0844],[108.1386,13.1108],[108.1632,13.1209],[108.1662,13.1301],[108.1699,13.1215],[108.1953,13.1238],[108.2161,13.1072],[108.2243,13.1065],[108.2566,13.118],[108.2567,13.1265],[108.2671,13.1222],[108.2966,13.1292],[108.3103,13.1359],[108.3146,13.1497],[108.3305,13.141],[108.3442,13.146],[108.3646,13.126],[108.3658,13.1354],[108.3749,13.1462],[108.3782,13.138],[108.3921,13.1444],[108.4307,13.1417],[108.4387,13.1489],[108.4605,13.1457],[108.4643,13.147],[108.4607,13.1548],[108.4638,13.1624],[108.4368,13.1793],[108.4236,13.1977],[108.4164,13.2223],[108.4222,13.2269],[108.4174,13.2346],[108.4215,13.2407],[108.4109,13.2477],[108.4094,13.2561],[108.4052,13.2604],[108.3985,13.2557],[108.3886,13.257],[108.3722,13.2674],[108.3733,13.2882],[108.3686,13.2953],[108.3725,13.3025],[108.3621,13.3149],[108.3558,13.3154],[108.3529,13.3297],[108.3457,13.3321],[108.347,13.3392],[108.3371,13.3379],[108.3156,13.3471],[108.2885,13.3504],[108.2813,13.3612],[108.2641,13.3723],[108.2427,13.3681],[108.2382,13.3733],[108.2131,13.3682],[108.2092,13.3765],[108.2033,13.3733],[108.1778,13.3837],[108.1611,13.4012],[108.1511,13.3996],[108.1443,13.4076],[108.1255,13.4091],[108.113,13.4165],[108.1069,13.4097],[108.0898,13.4089],[108.0807,13.3999],[108.0794,13.4045],[108.073,13.3996],[108.0694,13.4093],[108.0574,13.4075],[108.0535,13.4123],[108.0454,13.4009],[108.0359,13.4028],[108.0334,13.3957],[108.0094,13.381],[107.9979,13.3905],[107.9838,13.3927],[107.9812,13.3837],[107.9549,13.3806],[107.9595,13.3695],[107.9749,13.3589],[107.9729,13.3459],[107.9866,13.3063],[107.9839,13.3037],[108.0018,13.291],[107.9973,13.2688],[107.9999,13.2497],[107.9776,13.2329],[107.9889,13.2201],[107.9872,13.194],[107.9926,13.1818],[107.9743,13.1663],[107.9821,13.1572],[107.9868,13.1238],[107.9837,13.1201],[107.9885,13.1117],[108.0096,13.1024],[108.0264,13.1046],[108.0291,13.101],[108.0492,13.1],[108.0473,13.0852],[108.0364,13.074],[108.0407,13.073],[108.0373,13.0668],[108.045,13.0601],[108.0433,13.0545],[108.0514,13.0544],[108.0462,13.048],[108.069,13.0505],[108.0657,13.0586],[108.0769,13.0558],[108.071,13.0621],[108.0795,13.0626],[108.0775,13.0669],[108.0823,13.0706],[108.085,13.0639],[108.0891,13.0658]]]}},{"type":"Feature","properties":{"gid":"VNM.15.6_1","provZh":"得乐省","name2":"Ea Kar","type2":"Huyện","engtype2":"District"},"geometry":{"type":"Polygon","coordinates":[[[108.6586,12.7129],[108.6547,12.7133],[108.6616,12.7259],[108.6761,12.7257],[108.6877,12.7364],[108.6836,12.7622],[108.6577,12.7726],[108.6497,12.7686],[108.6073,12.7694],[108.5915,12.7804],[108.5818,12.7986],[108.5959,12.8147],[108.5975,12.8245],[108.59,12.835],[108.5945,12.8577],[108.6031,12.867],[108.61,12.8657],[108.6143,12.8941],[108.6412,12.9041],[108.7227,12.9188],[108.7247,12.9245],[108.7174,12.9362],[108.7005,12.948],[108.705,12.9658],[108.6926,12.9722],[108.6906,12.9809],[108.6779,12.9838],[108.6726,12.993],[108.6757,12.9964],[108.6676,13.0045],[108.6591,12.9987],[108.6451,13.0105],[108.6141,13.0073],[108.5917,13.0295],[108.5775,13.0281],[108.568,13.0197],[108.5298,13.0339],[108.4962,13.034],[108.493,13.0208],[108.4755,13.0204],[108.4817,13.0013],[108.4816,12.9786],[108.4984,12.9717],[108.5004,12.9343],[108.5198,12.9218],[108.5186,12.9174],[108.4901,12.9063],[108.4701,12.9195],[108.4668,12.912],[108.4591,12.9222],[108.4627,12.9222],[108.4618,12.9283],[108.4524,12.9259],[108.4458,12.9221],[108.4493,12.9001],[108.4346,12.8711],[108.4164,12.868],[108.4028,12.8569],[108.3987,12.8602],[108.3849,12.8574],[108.3707,12.8381],[108.3823,12.8313],[108.3863,12.8217],[108.4181,12.8107],[108.4314,12.772],[108.4491,12.7491],[108.4571,12.7474],[108.4443,12.7359],[108.442,12.7228],[108.464,12.7183],[108.459,12.7006],[108.4621,12.6871],[108.4756,12.6888],[108.476,12.6941],[108.4825,12.6913],[108.4865,12.6713],[108.4932,12.6669],[108.4971,12.6557],[108.4762,12.6171],[108.4842,12.6113],[108.4885,12.5995],[108.511,12.6049],[108.5151,12.5944],[108.527,12.5892],[108.5412,12.5863],[108.5497,12.594],[108.5647,12.5818],[108.603,12.5737],[108.6315,12.5889],[108.6552,12.5921],[108.6753,12.6076],[108.6738,12.6241],[108.6775,12.6245],[108.6794,12.6345],[108.6951,12.6348],[108.6913,12.6473],[108.6934,12.6626],[108.6805,12.6739],[108.6763,12.6875],[108.6774,12.7067],[108.6586,12.7129]]]}},{"type":"Feature","properties":{"gid":"VNM.15.7_1","provZh":"得乐省","name2":"Ea Súp","type2":"Huyện","engtype2":"District"},"geometry":{"type":"Polygon","coordinates":[[[107.9369,12.9837],[107.9471,12.9879],[107.9632,13.0097],[107.9571,13.0151],[107.9731,13.0263],[107.9826,13.02],[108.0012,13.0306],[108.0003,13.0559],[108.0064,13.0528],[108.0158,13.0691],[108.0409,13.0763],[108.0473,13.0852],[108.0492,13.1],[108.0291,13.101],[108.0264,13.1046],[108.0096,13.1024],[107.9885,13.1117],[107.9837,13.1201],[107.9855,13.1428],[107.9821,13.1572],[107.9743,13.1663],[107.9926,13.1818],[107.9872,13.194],[107.9889,13.2201],[107.9776,13.2329],[107.9999,13.2497],[107.9973,13.2688],[108.0018,13.291],[107.9839,13.3037],[107.9866,13.3063],[107.9729,13.3459],[107.9749,13.3589],[107.9595,13.3695],[107.9552,13.3773],[107.9576,13.3825],[107.9496,13.3854],[107.9425,13.3734],[107.9072,13.3889],[107.8866,13.3849],[107.8765,13.3936],[107.8517,13.3893],[107.8392,13.4005],[107.8169,13.3928],[107.8014,13.3938],[107.7976,13.3875],[107.7999,13.3812],[107.7922,13.3819],[107.765,13.3649],[107.7632,13.3719],[107.752,13.3698],[107.7487,13.3634],[107.7296,13.3661],[107.7172,13.3742],[107.7101,13.3697],[107.7044,13.3749],[107.693,13.3707],[107.6889,13.362],[107.6845,13.3638],[107.6743,13.3573],[107.6708,13.3496],[107.6629,13.3504],[107.6498,13.3426],[107.6489,13.3257],[107.6404,13.329],[107.6392,13.3221],[107.631,13.3212],[107.6291,13.3145],[107.6161,13.312],[107.6028,13.3015],[107.5168,13.0847],[107.558,13.0886],[107.6191,13.074],[107.6858,13.071],[107.7693,12.9917],[107.8032,13.0005],[107.8366,12.995],[107.846,12.9988],[107.8531,12.9852],[107.8753,12.9837],[107.8832,12.973],[107.915,12.9615],[107.9257,12.9624],[107.9106,12.969],[107.9078,12.9774],[107.9145,12.9749],[107.9369,12.9837]]]}},{"type":"Feature","properties":{"gid":"VNM.15.8_1","provZh":"得乐省","name2":"Krông A Na","type2":"Huyện","engtype2":"District"},"geometry":{"type":"Polygon","coordinates":[[[108.0391,12.5618],[108.0119,12.5725],[107.9825,12.5768],[107.9772,12.5883],[107.9662,12.5936],[107.9541,12.5776],[107.9561,12.5693],[107.9494,12.5567],[107.8954,12.5572],[107.8866,12.5465],[107.8874,12.5394],[107.9106,12.5255],[107.9184,12.529],[107.9329,12.5249],[107.9427,12.5274],[107.9482,12.5204],[107.9539,12.5209],[107.9737,12.5085],[107.9795,12.4964],[107.9908,12.4932],[107.9905,12.4863],[107.9974,12.4864],[108.0015,12.4764],[107.9848,12.4463],[107.9657,12.4364],[107.9541,12.4418],[107.9449,12.4405],[107.9359,12.4309],[107.9295,12.4318],[107.9304,12.424],[107.9214,12.4271],[107.9236,12.4171],[107.9401,12.4177],[107.9403,12.4087],[107.9459,12.4087],[107.9515,12.3998],[107.979,12.3955],[108.0127,12.4043],[108.0138,12.4093],[108.0213,12.4108],[108.0206,12.4162],[108.0275,12.4187],[108.05,12.4167],[108.0585,12.4294],[108.0684,12.4249],[108.0749,12.4306],[108.0929,12.4309],[108.1005,12.4191],[108.1071,12.4172],[108.1086,12.4207],[108.1118,12.4142],[108.1258,12.4196],[108.1238,12.4274],[108.1293,12.4216],[108.1274,12.4313],[108.1363,12.4276],[108.1344,12.434],[108.1405,12.4315],[108.14,12.4274],[108.1428,12.4331],[108.1524,12.4284],[108.1604,12.4314],[108.1585,12.4375],[108.1704,12.4557],[108.1678,12.4632],[108.1785,12.4693],[108.1745,12.4729],[108.1788,12.4826],[108.1753,12.4947],[108.1681,12.4964],[108.1657,12.5246],[108.12,12.5245],[108.1148,12.5493],[108.0889,12.5454],[108.0823,12.5544],[108.0638,12.5531],[108.0391,12.5618]]]}},{"type":"Feature","properties":{"gid":"VNM.15.9_1","provZh":"得乐省","name2":"Krông Bông","type2":"Huyện","engtype2":"District"},"geometry":{"type":"Polygon","coordinates":[[[108.6727,12.4315],[108.6988,12.4613],[108.7033,12.4797],[108.7291,12.5236],[108.7222,12.5359],[108.7285,12.5433],[108.7197,12.5471],[108.7165,12.5632],[108.7073,12.5667],[108.7117,12.5731],[108.7004,12.58],[108.6896,12.6037],[108.68,12.6064],[108.6839,12.6117],[108.678,12.6172],[108.6753,12.6076],[108.6552,12.5921],[108.6315,12.5889],[108.603,12.5737],[108.5647,12.5818],[108.5497,12.594],[108.5412,12.5863],[108.527,12.5892],[108.5151,12.5944],[108.511,12.6049],[108.4831,12.6012],[108.4741,12.5931],[108.4707,12.5948],[108.4511,12.573],[108.4468,12.5452],[108.4305,12.5469],[108.4323,12.5423],[108.4205,12.5368],[108.4089,12.546],[108.4178,12.5495],[108.405,12.5614],[108.4061,12.5548],[108.4,12.556],[108.3947,12.5492],[108.3892,12.5584],[108.3791,12.5584],[108.3707,12.5771],[108.3762,12.5878],[108.373,12.5947],[108.354,12.5958],[108.3576,12.6071],[108.3467,12.6174],[108.347,12.6262],[108.3422,12.6217],[108.3085,12.6271],[108.2812,12.625],[108.282,12.5962],[108.2787,12.587],[108.2748,12.5869],[108.2789,12.5737],[108.2552,12.5566],[108.2485,12.5388],[108.2509,12.5271],[108.244,12.5185],[108.2283,12.5179],[108.2241,12.5099],[108.223,12.5218],[108.2112,12.5126],[108.2031,12.5131],[108.2064,12.5191],[108.1964,12.5194],[108.1812,12.509],[108.1827,12.5015],[108.1779,12.4999],[108.176,12.4908],[108.1831,12.4763],[108.2074,12.4814],[108.2218,12.4648],[108.2292,12.4773],[108.2414,12.4655],[108.248,12.4701],[108.2684,12.4662],[108.2794,12.4547],[108.2985,12.4483],[108.2983,12.4318],[108.3299,12.439],[108.3448,12.4325],[108.3495,12.4233],[108.3614,12.4244],[108.3707,12.4179],[108.3812,12.4199],[108.3905,12.4082],[108.399,12.41],[108.4116,12.4025],[108.4336,12.4097],[108.4557,12.3918],[108.4613,12.3772],[108.4682,12.3763],[108.4761,12.3517],[108.4798,12.3518],[108.4856,12.3393],[108.4993,12.3319],[108.4965,12.3289],[108.5029,12.3236],[108.4911,12.3192],[108.4854,12.305],[108.4927,12.3049],[108.5001,12.2836],[108.5113,12.2771],[108.5381,12.2831],[108.5361,12.2908],[108.5427,12.2976],[108.5501,12.2921],[108.5522,12.2958],[108.5649,12.2921],[108.5696,12.2955],[108.5709,12.2897],[108.5745,12.2915],[108.5793,12.2856],[108.5892,12.2882],[108.5856,12.2822],[108.5949,12.2769],[108.6084,12.2833],[108.6193,12.2815],[108.6253,12.29],[108.6494,12.2928],[108.6685,12.3009],[108.6854,12.3234],[108.677,12.3483],[108.6893,12.3731],[108.6826,12.3801],[108.6854,12.3898],[108.6787,12.392],[108.6728,12.4021],[108.6797,12.4156],[108.6693,12.4227],[108.6727,12.4315]]]}},{"type":"Feature","properties":{"gid":"VNM.15.10_1","provZh":"得乐省","name2":"Krông Búk","type2":"Huyện","engtype2":"District"},"geometry":{"type":"Polygon","coordinates":[[[108.2764,12.9919],[108.2864,12.9971],[108.2851,13.0138],[108.2994,13.034],[108.2952,13.0507],[108.2746,13.0675],[108.2791,13.0888],[108.2739,13.0955],[108.2825,13.1009],[108.2842,13.111],[108.2782,13.1235],[108.2657,13.1221],[108.2567,13.1265],[108.2566,13.118],[108.2243,13.1065],[108.2161,13.1072],[108.1953,13.1238],[108.1699,13.1215],[108.1662,13.1301],[108.1632,13.1209],[108.1386,13.1108],[108.1284,13.0844],[108.109,13.0748],[108.1091,13.0653],[108.1031,13.0712],[108.0997,13.0593],[108.0949,13.0612],[108.1073,13.057],[108.1101,13.0473],[108.1035,13.0463],[108.0999,13.0382],[108.1045,13.0294],[108.1001,13.0068],[108.106,13.004],[108.106,12.9846],[108.129,12.9694],[108.1291,12.963],[108.1495,12.98],[108.172,12.9713],[108.169,12.9678],[108.1726,12.9591],[108.2014,12.9418],[108.1964,12.9127],[108.1993,12.9022],[108.205,12.8995],[108.2261,12.9033],[108.2344,12.9117],[108.2205,12.9315],[108.2273,12.9296],[108.2479,12.9491],[108.2556,12.9416],[108.2734,12.9484],[108.2712,12.9423],[108.2802,12.9372],[108.2823,12.9289],[108.3006,12.9296],[108.2968,12.9423],[108.2829,12.95],[108.2901,12.9572],[108.2897,12.9656],[108.2969,12.9699],[108.2856,12.984],[108.2759,12.9879],[108.2764,12.9919]]]}},{"type":"Feature","properties":{"gid":"VNM.15.11_1","provZh":"得乐省","name2":"Krông Năng","type2":"Huyện","engtype2":"District"},"geometry":{"type":"Polygon","coordinates":[[[108.4018,12.8589],[108.4164,12.868],[108.4346,12.8711],[108.4493,12.9001],[108.4458,12.9221],[108.4524,12.9259],[108.4618,12.9283],[108.4627,12.9222],[108.4591,12.9222],[108.4668,12.912],[108.4701,12.9195],[108.4901,12.9063],[108.5186,12.9174],[108.5198,12.9218],[108.5004,12.9343],[108.4984,12.9717],[108.4816,12.9786],[108.4817,13.0013],[108.4755,13.0204],[108.493,13.0208],[108.4962,13.034],[108.5131,13.0344],[108.5111,13.046],[108.5214,13.0633],[108.5192,13.0707],[108.4884,13.0987],[108.4908,13.1084],[108.4611,13.1201],[108.457,13.1276],[108.47,13.1409],[108.4645,13.1411],[108.4643,13.147],[108.4387,13.1489],[108.4307,13.1417],[108.3921,13.1444],[108.3782,13.138],[108.3749,13.1462],[108.3658,13.1354],[108.3646,13.126],[108.3442,13.146],[108.3305,13.141],[108.3146,13.1497],[108.3103,13.1359],[108.2782,13.1235],[108.2842,13.111],[108.2825,13.1009],[108.2739,13.0955],[108.2791,13.0888],[108.2746,13.0675],[108.2952,13.0507],[108.2994,13.034],[108.2851,13.0138],[108.2864,12.9971],[108.2764,12.9919],[108.2759,12.9879],[108.2856,12.984],[108.2969,12.9699],[108.2897,12.9656],[108.2901,12.9572],[108.2835,12.9482],[108.2968,12.9423],[108.3033,12.9176],[108.3101,12.9175],[108.3144,12.9247],[108.3343,12.9251],[108.3357,12.9181],[108.3597,12.9052],[108.3724,12.8581],[108.3718,12.8397],[108.3849,12.8574],[108.4018,12.8589]]]}},{"type":"Feature","properties":{"gid":"VNM.15.12_1","provZh":"得乐省","name2":"Krông Pắc","type2":"Huyện","engtype2":"District"},"geometry":{"type":"Polygon","coordinates":[[[108.3791,12.5584],[108.3892,12.5584],[108.3947,12.5492],[108.4,12.556],[108.4061,12.5548],[108.405,12.5614],[108.4178,12.5495],[108.409,12.5483],[108.4172,12.5372],[108.4323,12.5423],[108.4305,12.5469],[108.4468,12.5452],[108.4511,12.573],[108.4758,12.5986],[108.4885,12.5995],[108.4842,12.6113],[108.4762,12.6171],[108.4971,12.6557],[108.4932,12.6669],[108.4865,12.6713],[108.4825,12.6913],[108.476,12.6941],[108.4756,12.6888],[108.4621,12.6871],[108.459,12.7006],[108.464,12.7183],[108.442,12.7228],[108.4443,12.7359],[108.4571,12.7474],[108.4491,12.7491],[108.4314,12.772],[108.4198,12.8082],[108.3998,12.8202],[108.3863,12.8217],[108.3823,12.8313],[108.3707,12.8381],[108.3482,12.8294],[108.3529,12.8177],[108.3441,12.8136],[108.3426,12.8059],[108.3109,12.7849],[108.3072,12.7514],[108.2941,12.7597],[108.2625,12.7535],[108.2568,12.7578],[108.2239,12.757],[108.2196,12.7525],[108.2233,12.7437],[108.206,12.7495],[108.203,12.7335],[108.1838,12.735],[108.1848,12.7243],[108.1489,12.7103],[108.1504,12.7014],[108.16,12.7013],[108.1365,12.6939],[108.1302,12.6842],[108.138,12.6622],[108.1481,12.663],[108.1459,12.6558],[108.1569,12.655],[108.1569,12.6509],[108.179,12.6649],[108.2115,12.6615],[108.2208,12.6417],[108.2184,12.6302],[108.2282,12.63],[108.2605,12.6474],[108.2777,12.641],[108.285,12.6255],[108.3085,12.6271],[108.3324,12.6216],[108.347,12.6262],[108.3467,12.6174],[108.3576,12.6071],[108.354,12.5958],[108.373,12.5947],[108.3762,12.5878],[108.3707,12.5771],[108.3791,12.5584]]]}},{"type":"Feature","properties":{"gid":"VNM.15.13_1","provZh":"得乐省","name2":"Lắk","type2":"Huyện","engtype2":"District"},"geometry":{"type":"Polygon","coordinates":[[[108.4462,12.2729],[108.4586,12.2831],[108.46,12.2759],[108.4666,12.2837],[108.4655,12.2971],[108.472,12.2881],[108.4748,12.3003],[108.4836,12.2996],[108.4816,12.3085],[108.4871,12.3091],[108.4938,12.3213],[108.5029,12.3236],[108.4965,12.3289],[108.4985,12.3329],[108.4885,12.3361],[108.4761,12.3517],[108.4682,12.3763],[108.4613,12.3772],[108.4557,12.3918],[108.4456,12.4016],[108.4336,12.4097],[108.4116,12.4025],[108.399,12.41],[108.3905,12.4082],[108.3812,12.4199],[108.3707,12.4179],[108.3614,12.4244],[108.3495,12.4233],[108.3448,12.4325],[108.3299,12.439],[108.2983,12.4318],[108.2985,12.4483],[108.2794,12.4547],[108.2684,12.4662],[108.248,12.4701],[108.2414,12.4655],[108.2292,12.4773],[108.2218,12.4648],[108.2074,12.4814],[108.1981,12.4824],[108.1862,12.4756],[108.1788,12.4826],[108.1745,12.4729],[108.1785,12.4693],[108.1678,12.4632],[108.1704,12.4557],[108.1585,12.4375],[108.1604,12.4314],[108.1524,12.4284],[108.1428,12.4331],[108.14,12.4274],[108.1405,12.4315],[108.1344,12.434],[108.1363,12.4276],[108.1274,12.4313],[108.1293,12.4216],[108.1238,12.4274],[108.1258,12.4196],[108.1118,12.4142],[108.1086,12.4207],[108.1071,12.4172],[108.1005,12.4191],[108.0929,12.4309],[108.0749,12.4306],[108.0684,12.4249],[108.0585,12.4294],[108.05,12.4167],[108.0275,12.4187],[108.0206,12.4162],[108.0213,12.4108],[108.0138,12.4093],[108.0127,12.4043],[107.979,12.3955],[107.9515,12.3998],[107.9459,12.4087],[107.9403,12.4087],[107.9401,12.4177],[107.9164,12.4178],[107.927,12.4119],[107.9146,12.4058],[107.9125,12.3997],[107.9168,12.3916],[107.9261,12.3892],[107.9204,12.3811],[107.9276,12.3813],[107.9326,12.3735],[107.9309,12.3545],[107.9337,12.3432],[107.9452,12.3335],[107.944,12.3267],[107.9711,12.311],[107.9738,12.297],[107.9975,12.3047],[108.0043,12.2961],[108.0153,12.3032],[108.0194,12.2907],[108.0406,12.2889],[108.0511,12.2662],[108.0672,12.2659],[108.0843,12.2432],[108.0858,12.2258],[108.1113,12.1983],[108.1129,12.1844],[108.1194,12.1756],[108.1652,12.1968],[108.1728,12.1867],[108.1724,12.1797],[108.1782,12.1857],[108.1822,12.1841],[108.1849,12.1742],[108.1971,12.1774],[108.2044,12.1707],[108.2168,12.1839],[108.2237,12.1722],[108.228,12.183],[108.2305,12.177],[108.2382,12.1758],[108.2412,12.1607],[108.2542,12.1714],[108.2483,12.1786],[108.2527,12.1891],[108.2604,12.1922],[108.2596,12.2003],[108.2726,12.205],[108.2768,12.2141],[108.2951,12.2085],[108.2965,12.2029],[108.3116,12.2184],[108.3222,12.2198],[108.3211,12.2239],[108.3304,12.2304],[108.34,12.2285],[108.3397,12.234],[108.333,12.2354],[108.3358,12.2481],[108.342,12.2453],[108.356,12.2548],[108.3695,12.2543],[108.3875,12.2411],[108.413,12.2436],[108.4271,12.2515],[108.4294,12.2593],[108.4399,12.2506],[108.4363,12.2575],[108.4436,12.263],[108.4428,12.2778],[108.4462,12.2729]]]}},{"type":"Feature","properties":{"gid":"VNM.15.14_1","provZh":"得乐省","name2":"M'Đrắk","type2":"Huyện","engtype2":"District"},"geometry":{"type":"Polygon","coordinates":[[[108.6751,12.6253],[108.6757,12.6171],[108.6839,12.6117],[108.68,12.6064],[108.6896,12.6037],[108.7004,12.58],[108.7117,12.5731],[108.7073,12.5667],[108.7165,12.5632],[108.7197,12.5471],[108.7285,12.5433],[108.7222,12.5359],[108.7291,12.5236],[108.702,12.4742],[108.7154,12.4843],[108.7393,12.4751],[108.7484,12.4807],[108.7511,12.4976],[108.7639,12.4981],[108.7786,12.5059],[108.7942,12.4975],[108.7994,12.4803],[108.8143,12.4832],[108.8368,12.463],[108.8703,12.4533],[108.8696,12.4669],[108.8757,12.4696],[108.8784,12.4795],[108.8583,12.4921],[108.8728,12.5064],[108.873,12.5129],[108.8783,12.5139],[108.8733,12.5266],[108.8901,12.5452],[108.8973,12.5643],[108.8931,12.5675],[108.8921,12.5803],[108.8837,12.5809],[108.8788,12.588],[108.864,12.594],[108.8616,12.6061],[108.8749,12.6252],[108.895,12.6242],[108.9113,12.6404],[108.9146,12.6608],[108.9017,12.672],[108.9028,12.6764],[108.9189,12.6793],[108.9427,12.6943],[108.9607,12.6848],[108.9781,12.6823],[108.9891,12.6906],[108.9856,12.7034],[108.9911,12.705],[108.9954,12.7144],[108.984,12.7423],[108.9913,12.7616],[108.9855,12.771],[108.9879,12.7815],[108.9719,12.7907],[108.9761,12.7965],[108.9705,12.8],[108.9726,12.8156],[108.9482,12.8113],[108.9402,12.8047],[108.9378,12.8102],[108.9115,12.8086],[108.9036,12.8144],[108.8678,12.8169],[108.8501,12.8357],[108.8505,12.8542],[108.8299,12.8671],[108.8222,12.8668],[108.8156,12.8747],[108.7936,12.8676],[108.7535,12.9448],[108.7365,12.9478],[108.7327,12.9524],[108.7189,12.9547],[108.7183,12.9483],[108.711,12.9455],[108.7247,12.9245],[108.7227,12.9188],[108.6412,12.9041],[108.6143,12.8941],[108.61,12.8657],[108.6031,12.867],[108.5945,12.8577],[108.59,12.835],[108.5975,12.8245],[108.5959,12.8147],[108.5818,12.7986],[108.5915,12.7804],[108.6073,12.7694],[108.6497,12.7686],[108.6577,12.7726],[108.6758,12.7682],[108.6857,12.7587],[108.6877,12.7364],[108.6761,12.7257],[108.6616,12.7259],[108.6547,12.7133],[108.6774,12.7067],[108.6805,12.6739],[108.6934,12.6626],[108.6913,12.6473],[108.6951,12.6348],[108.6794,12.6345],[108.6751,12.6253]]]}},{"type":"Feature","properties":{"gid":"VNM.15.15_1","provZh":"得乐省","name2":"Thị Xã Buôn Hồ","type2":"Thị xã","engtype2":"Town"},"geometry":{"type":"Polygon","coordinates":[[[108.2066,12.7907],[108.2199,12.7816],[108.2276,12.7584],[108.2568,12.7578],[108.2625,12.7535],[108.2941,12.7597],[108.3072,12.7514],[108.3109,12.7849],[108.3426,12.8059],[108.3441,12.8136],[108.3529,12.8177],[108.3482,12.8294],[108.3718,12.8397],[108.3724,12.8581],[108.3597,12.9052],[108.3357,12.9181],[108.3343,12.9251],[108.3144,12.9247],[108.3101,12.9175],[108.3033,12.9176],[108.3006,12.9296],[108.2823,12.9289],[108.2802,12.9372],[108.2712,12.9423],[108.2734,12.9484],[108.2556,12.9416],[108.2479,12.9491],[108.2273,12.9296],[108.2205,12.9315],[108.2344,12.9117],[108.2261,12.9033],[108.2157,12.9016],[108.2167,12.8871],[108.2124,12.8811],[108.2221,12.8669],[108.2002,12.8564],[108.1873,12.8293],[108.2064,12.8223],[108.2056,12.8079],[108.1967,12.7947],[108.2066,12.7907]]]}},{"type":"Feature","properties":{"gid":"VNM.16.1_1","provZh":"得农省","name2":"Cư Jút","type2":"Huyện","engtype2":"District"},"geometry":{"type":"Polygon","coordinates":[[[107.8809,12.5511],[107.8958,12.5532],[107.8928,12.564],[107.908,12.5754],[107.9324,12.5833],[107.9349,12.596],[107.9285,12.6005],[107.9289,12.6165],[107.9202,12.6206],[107.9206,12.6453],[107.9041,12.6506],[107.9146,12.6588],[107.9045,12.675],[107.9122,12.6925],[107.8954,12.7108],[107.8989,12.7244],[107.9091,12.7337],[107.9091,12.7431],[107.8605,12.7565],[107.8533,12.7796],[107.8632,12.7979],[107.851,12.8106],[107.824,12.8019],[107.8182,12.7896],[107.8111,12.7897],[107.8115,12.785],[107.8072,12.7865],[107.803,12.78],[107.7802,12.7774],[107.6866,12.7891],[107.6611,12.7985],[107.643,12.7955],[107.6345,12.8037],[107.608,12.7949],[107.6005,12.8026],[107.59,12.7947],[107.5605,12.7953],[107.5594,12.75],[107.5645,12.7471],[107.5676,12.7282],[107.5592,12.7129],[107.5697,12.6952],[107.5791,12.7],[107.5939,12.691],[107.6201,12.6958],[107.6224,12.6891],[107.6358,12.6819],[107.6353,12.6574],[107.6641,12.6371],[107.6744,12.6359],[107.6802,12.6295],[107.6976,12.6282],[107.758,12.5972],[107.768,12.5989],[107.7923,12.5739],[107.8142,12.5784],[107.8446,12.5577],[107.8559,12.5581],[107.8632,12.5483],[107.8809,12.5511]]]}},{"type":"Feature","properties":{"gid":"VNM.16.5_1","provZh":"得农省","name2":"Đăk Glong","type2":"Huyện","engtype2":"District"},"geometry":{"type":"Polygon","coordinates":[[[108.0351,11.9848],[108.0271,11.9912],[108.0245,12.014],[108.0168,12.0224],[108.0064,12.0246],[108.0119,12.0314],[108.0084,12.0403],[108.0129,12.0409],[108.0112,12.0522],[107.9996,12.0491],[107.9855,12.0558],[107.9788,12.0528],[107.9683,12.0632],[107.9641,12.0617],[107.9625,12.0673],[107.9745,12.0749],[107.9716,12.0797],[107.9826,12.0795],[107.982,12.1043],[107.9847,12.1104],[107.9899,12.1096],[107.989,12.1216],[107.9987,12.1227],[107.9976,12.128],[108.0072,12.1158],[108.0201,12.1293],[108.0186,12.1412],[108.0246,12.1363],[108.0343,12.1447],[108.043,12.1386],[108.051,12.1386],[108.0552,12.1437],[108.0563,12.1367],[108.0661,12.138],[108.0704,12.1322],[108.0785,12.1328],[108.0772,12.1384],[108.0905,12.1336],[108.095,12.1437],[108.1015,12.1362],[108.103,12.1486],[108.1057,12.1447],[108.1089,12.1499],[108.1142,12.1467],[108.1164,12.161],[108.1084,12.1651],[108.113,12.1666],[108.1136,12.194],[108.106,12.2054],[108.0931,12.2095],[108.0866,12.1975],[108.0741,12.1887],[108.0631,12.1872],[108.0435,12.198],[108.0305,12.1936],[108.028,12.2028],[108.0233,12.2016],[108.0122,12.2164],[108.0029,12.2181],[107.9973,12.2255],[107.989,12.2127],[107.9825,12.2132],[107.9822,12.2095],[107.9795,12.2142],[107.9799,12.2098],[107.9745,12.2101],[107.9677,12.2231],[107.9735,12.228],[107.9697,12.2489],[107.9742,12.2605],[107.951,12.258],[107.9238,12.2317],[107.9261,12.2407],[107.9227,12.2457],[107.9368,12.2656],[107.9336,12.2682],[107.9213,12.2666],[107.8818,12.2421],[107.8691,12.2483],[107.8651,12.2403],[107.8537,12.2342],[107.8331,12.2291],[107.8317,12.2253],[107.8194,12.2303],[107.8126,12.2218],[107.7997,12.2225],[107.7854,12.2331],[107.786,12.2453],[107.7785,12.2533],[107.7849,12.2671],[107.7653,12.2669],[107.7652,12.2584],[107.7534,12.2377],[107.7215,12.2311],[107.725,12.2208],[107.7379,12.2103],[107.7351,12.206],[107.743,12.1911],[107.736,12.1821],[107.7435,12.1647],[107.7363,12.1572],[107.7401,12.1459],[107.7331,12.1392],[107.7435,12.1363],[107.75,12.141],[107.759,12.1316],[107.7678,12.0851],[107.7571,12.0737],[107.7437,12.0438],[107.7234,12.0287],[107.7386,12.0158],[107.7507,12.014],[107.7561,11.9957],[107.7624,11.9872],[107.7754,11.9811],[107.7872,11.9551],[107.7435,11.9187],[107.7281,11.9153],[107.7338,11.9033],[107.7234,11.898],[107.7328,11.8813],[107.7261,11.8757],[107.7271,11.8701],[107.7346,11.8747],[107.7734,11.8489],[107.7876,11.8595],[107.8087,11.8611],[107.8131,11.8676],[107.8231,11.863],[107.8308,11.8773],[107.8369,11.8768],[107.8418,11.8689],[107.8539,11.8743],[107.8875,11.8733],[107.8967,11.8688],[107.9012,11.8504],[107.8909,11.844],[107.8902,11.8299],[107.8987,11.8254],[107.8905,11.8259],[107.8881,11.821],[107.8987,11.8086],[107.9238,11.7967],[107.9288,11.8114],[107.9386,11.8115],[107.9388,11.817],[107.9477,11.8234],[107.9491,11.8166],[107.9572,11.8188],[107.958,11.8105],[107.9663,11.8066],[107.9736,11.7906],[107.9789,11.7899],[107.9857,11.8001],[107.9963,11.7996],[108.0071,11.8071],[108.0172,11.8059],[108.0201,11.8124],[108.0238,11.8102],[108.0224,11.8174],[108.0591,11.8385],[108.069,11.8348],[108.0846,11.8603],[108.0961,11.8695],[108.1115,11.8994],[108.1058,11.9067],[108.0844,11.9112],[108.083,11.9296],[108.077,11.9321],[108.0689,11.9483],[108.0602,11.9429],[108.0456,11.9502],[108.0497,11.9625],[108.0458,11.9766],[108.0351,11.9848]]]}},{"type":"Feature","properties":{"gid":"VNM.16.2_1","provZh":"得农省","name2":"Đắk Mil","type2":"Huyện","engtype2":"District"},"geometry":{"type":"Polygon","coordinates":[[[107.6516,12.4137],[107.6545,12.4246],[107.6735,12.4157],[107.665,12.3983],[107.6932,12.391],[107.6946,12.3811],[107.6993,12.3794],[107.7136,12.3942],[107.7143,12.4075],[107.7343,12.4164],[107.7439,12.4151],[107.7457,12.4245],[107.7515,12.4274],[107.7486,12.4561],[107.7437,12.4628],[107.7516,12.4725],[107.752,12.4907],[107.7668,12.4931],[107.7824,12.5057],[107.786,12.5004],[107.7994,12.5016],[107.804,12.4925],[107.8129,12.4916],[107.815,12.5017],[107.8194,12.5033],[107.8288,12.5053],[107.8308,12.5],[107.8404,12.5008],[107.8505,12.5168],[107.8533,12.5152],[107.8474,12.5262],[107.8607,12.5324],[107.8686,12.5475],[107.8142,12.5784],[107.7923,12.5739],[107.768,12.5989],[107.758,12.5972],[107.6976,12.6282],[107.6802,12.6295],[107.6744,12.6359],[107.6641,12.6371],[107.6353,12.6574],[107.6358,12.6819],[107.6224,12.6891],[107.6201,12.6958],[107.5939,12.691],[107.5791,12.7],[107.5697,12.6952],[107.5821,12.6797],[107.5706,12.6675],[107.5692,12.6564],[107.5739,12.6508],[107.5692,12.6426],[107.572,12.6284],[107.5846,12.6129],[107.5808,12.6102],[107.586,12.598],[107.5793,12.5811],[107.5895,12.5587],[107.578,12.546],[107.577,12.5347],[107.5626,12.5222],[107.5694,12.5038],[107.5796,12.4962],[107.5789,12.4894],[107.5758,12.4786],[107.5653,12.4704],[107.5676,12.4543],[107.5517,12.4216],[107.5438,12.4155],[107.5433,12.3997],[107.5548,12.3795],[107.5453,12.3716],[107.5528,12.3476],[107.5841,12.3383],[107.6032,12.3432],[107.6029,12.3523],[107.6246,12.3686],[107.6314,12.3937],[107.6516,12.4137]]]}},{"type":"Feature","properties":{"gid":"VNM.16.3_1","provZh":"得农省","name2":"Đắk R'Lấp","type2":"Huyện","engtype2":"District"},"geometry":{"type":"Polygon","coordinates":[[[107.3958,11.7707],[107.3912,11.7666],[107.4171,11.749],[107.433,11.766],[107.4505,11.7579],[107.463,11.761],[107.4736,11.7711],[107.4803,11.791],[107.5071,11.804],[107.5082,11.7987],[107.5317,11.7988],[107.5481,11.79],[107.5783,11.8213],[107.5923,11.8259],[107.6054,11.838],[107.6195,11.8391],[107.6293,11.8648],[107.6598,11.8758],[107.662,11.8909],[107.6526,11.8948],[107.6587,11.902],[107.6578,11.9098],[107.6461,11.9152],[107.6479,11.927],[107.6596,11.9382],[107.6597,11.9458],[107.6506,11.947],[107.6505,11.9698],[107.6488,11.9753],[107.6401,11.978],[107.6403,11.9958],[107.627,11.9952],[107.6204,11.988],[107.6078,11.9967],[107.605,11.991],[107.5967,12.002],[107.5977,12.0102],[107.5929,12.006],[107.58,12.0147],[107.5756,12.0392],[107.5822,12.0455],[107.5436,12.0454],[107.54,12.0499],[107.5316,12.0306],[107.5039,12.0241],[107.5005,12.0149],[107.4607,12.0172],[107.4538,11.9913],[107.438,11.9947],[107.4167,11.9898],[107.4156,11.9837],[107.4195,11.9822],[107.4136,11.9771],[107.4156,11.9678],[107.4037,11.9621],[107.4057,11.9519],[107.4015,11.9481],[107.3911,11.9495],[107.3822,11.9352],[107.3665,11.9335],[107.3856,11.9187],[107.4014,11.8894],[107.4058,11.8673],[107.4258,11.8594],[107.4269,11.8443],[107.4192,11.842],[107.4179,11.8311],[107.4141,11.834],[107.4136,11.8265],[107.4053,11.8186],[107.4096,11.8069],[107.3931,11.7949],[107.3993,11.7771],[107.3958,11.7707]]]}},{"type":"Feature","properties":{"gid":"VNM.16.4_1","provZh":"得农省","name2":"Đắk Song","type2":"Huyện","engtype2":"District"},"geometry":{"type":"Polygon","coordinates":[[[107.6029,12.3523],[107.6032,12.3432],[107.5853,12.3384],[107.5645,12.3463],[107.5581,12.3444],[107.5469,12.3574],[107.5453,12.3716],[107.5536,12.3809],[107.5448,12.372],[107.5475,12.3608],[107.5439,12.3509],[107.5279,12.3466],[107.527,12.3403],[107.5159,12.3367],[107.5112,12.3288],[107.4698,12.3117],[107.4633,12.2981],[107.446,12.2906],[107.4345,12.2484],[107.4436,12.2494],[107.4489,12.2588],[107.46,12.2561],[107.4662,12.2616],[107.4821,12.2492],[107.5038,12.2448],[107.5173,12.2292],[107.5246,12.2055],[107.5379,12.1903],[107.5364,12.1757],[107.5615,12.1294],[107.5626,12.1177],[107.5694,12.1122],[107.5712,12.103],[107.5783,12.1009],[107.5775,12.0736],[107.5948,12.0591],[107.5884,12.0589],[107.5887,12.0492],[107.5822,12.0455],[107.5868,12.0433],[107.5919,12.0475],[107.6301,12.0446],[107.6464,12.0525],[107.6806,12.0547],[107.6806,12.0741],[107.6874,12.0782],[107.6887,12.0961],[107.6988,12.0908],[107.7238,12.1031],[107.7323,12.1176],[107.7255,12.1232],[107.729,12.137],[107.7401,12.1459],[107.7363,12.1572],[107.7435,12.1647],[107.736,12.1821],[107.743,12.1887],[107.7415,12.1996],[107.7351,12.206],[107.7379,12.2103],[107.7203,12.2288],[107.7318,12.2358],[107.7534,12.2377],[107.7652,12.2584],[107.7653,12.2669],[107.7849,12.2671],[107.7856,12.2705],[107.7755,12.2788],[107.7527,12.2857],[107.7552,12.3063],[107.7264,12.3282],[107.7257,12.3675],[107.7056,12.3721],[107.6946,12.3811],[107.6932,12.391],[107.665,12.3983],[107.6735,12.4157],[107.6545,12.4246],[107.6486,12.4083],[107.6305,12.3921],[107.6246,12.3686],[107.6029,12.3523]]]}},{"type":"Feature","properties":{"gid":"VNM.16.6_1","provZh":"得农省","name2":"Gia Nghĩa","type2":"Thị xã","engtype2":"Town"},"geometry":{"type":"Polygon","coordinates":[[[107.6597,11.9458],[107.6596,11.9382],[107.6479,11.927],[107.6461,11.9152],[107.6578,11.9098],[107.6587,11.902],[107.6526,11.8948],[107.6623,11.8869],[107.6726,11.8857],[107.6777,11.8894],[107.6717,11.8955],[107.676,11.9024],[107.6736,11.9135],[107.6894,11.92],[107.7019,11.9158],[107.7092,11.9224],[107.7281,11.9153],[107.7435,11.9187],[107.7872,11.9551],[107.7754,11.9811],[107.7624,11.9872],[107.7561,11.9957],[107.7507,12.014],[107.7386,12.0158],[107.7234,12.0287],[107.7437,12.0438],[107.7571,12.0737],[107.7678,12.0851],[107.759,12.1316],[107.75,12.141],[107.7435,12.1363],[107.729,12.137],[107.7255,12.1232],[107.7323,12.1176],[107.7238,12.1031],[107.6988,12.0908],[107.6887,12.0961],[107.6874,12.0782],[107.6806,12.0741],[107.6806,12.0547],[107.6464,12.0525],[107.6301,12.0446],[107.5919,12.0475],[107.5756,12.0392],[107.5819,12.0113],[107.5846,12.0138],[107.5929,12.006],[107.5977,12.0102],[107.5967,12.002],[107.605,11.991],[107.6078,11.9967],[107.6204,11.988],[107.627,11.9952],[107.6403,11.9958],[107.6401,11.978],[107.6488,11.9753],[107.6505,11.9698],[107.6506,11.947],[107.6597,11.9458]]]}},{"type":"Feature","properties":{"gid":"VNM.16.7_1","provZh":"得农省","name2":"Krông Nô","type2":"Huyện","engtype2":"District"},"geometry":{"type":"Polygon","coordinates":[[[107.9743,12.3056],[107.944,12.3267],[107.9452,12.3335],[107.9337,12.3432],[107.9309,12.3545],[107.9326,12.3735],[107.9276,12.3813],[107.9204,12.3811],[107.9261,12.3892],[107.9168,12.3916],[107.9125,12.3997],[107.9146,12.4058],[107.927,12.4119],[107.9162,12.4162],[107.9236,12.4171],[107.9227,12.4281],[107.9304,12.424],[107.9295,12.4318],[107.9359,12.4309],[107.9449,12.4405],[107.9669,12.4367],[107.9848,12.4463],[107.9866,12.4548],[107.9927,12.4577],[107.995,12.4704],[108.0015,12.4764],[107.9974,12.4864],[107.9905,12.4863],[107.9908,12.4932],[107.9795,12.4964],[107.9737,12.5085],[107.9482,12.5204],[107.9427,12.5274],[107.9329,12.5249],[107.9184,12.529],[107.9106,12.5255],[107.8874,12.5394],[107.8866,12.5465],[107.8924,12.5517],[107.8859,12.5525],[107.8687,12.5498],[107.8607,12.5324],[107.8474,12.5262],[107.8533,12.5152],[107.8505,12.5168],[107.8404,12.5008],[107.8308,12.5],[107.8288,12.5053],[107.8194,12.5033],[107.815,12.5017],[107.8129,12.4916],[107.804,12.4925],[107.7994,12.5016],[107.786,12.5004],[107.7824,12.5057],[107.7668,12.4931],[107.752,12.4907],[107.7516,12.4725],[107.7437,12.4628],[107.7486,12.4561],[107.7515,12.4274],[107.7457,12.4245],[107.7439,12.4151],[107.7343,12.4164],[107.7143,12.4075],[107.7136,12.3942],[107.6993,12.3794],[107.7121,12.3681],[107.7257,12.3675],[107.7264,12.3282],[107.7552,12.3063],[107.7527,12.2857],[107.7755,12.2788],[107.7856,12.2705],[107.7785,12.2533],[107.786,12.2453],[107.7854,12.2331],[107.7924,12.2264],[107.8126,12.2218],[107.8194,12.2303],[107.8317,12.2253],[107.8651,12.2403],[107.8691,12.2483],[107.8818,12.2421],[107.9213,12.2666],[107.9371,12.2679],[107.9227,12.2457],[107.9261,12.2407],[107.9238,12.2317],[107.951,12.258],[107.9742,12.2605],[107.9697,12.2489],[107.9735,12.228],[107.9677,12.2231],[107.9745,12.2101],[107.9799,12.2098],[107.9795,12.2142],[107.9822,12.2095],[107.9825,12.2132],[107.989,12.2127],[107.9973,12.2255],[108.0029,12.2181],[108.0122,12.2164],[108.0233,12.2016],[108.028,12.2028],[108.0305,12.1936],[108.0435,12.198],[108.0631,12.1872],[108.0741,12.1887],[108.0882,12.199],[108.0963,12.2106],[108.0945,12.2168],[108.0858,12.2258],[108.0843,12.2432],[108.0672,12.2659],[108.0511,12.2662],[108.0406,12.2889],[108.0194,12.2907],[108.0153,12.3032],[108.0043,12.2961],[107.9975,12.3047],[107.9738,12.297],[107.9743,12.3056]]]}},{"type":"Feature","properties":{"gid":"VNM.16.8_1","provZh":"得农省","name2":"Tuy Đức","type2":"Huyện","engtype2":"District"},"geometry":{"type":"Polygon","coordinates":[[[107.5624,12.0473],[107.5822,12.0455],[107.5887,12.0492],[107.5884,12.0589],[107.5948,12.0591],[107.5775,12.0736],[107.5783,12.1009],[107.5712,12.103],[107.5694,12.1122],[107.5626,12.1177],[107.5615,12.1294],[107.5364,12.1757],[107.5379,12.1903],[107.5246,12.2055],[107.5173,12.2292],[107.5038,12.2448],[107.4821,12.2492],[107.4662,12.2616],[107.46,12.2561],[107.4489,12.2588],[107.4436,12.2494],[107.4218,12.247],[107.4169,12.2404],[107.4155,12.2463],[107.3987,12.2564],[107.3988,12.2612],[107.3871,12.271],[107.3889,12.2851],[107.3776,12.2966],[107.3752,12.3057],[107.3446,12.3349],[107.3378,12.3265],[107.3173,12.3215],[107.3127,12.3223],[107.3092,12.3332],[107.2813,12.322],[107.2694,12.3253],[107.2621,12.3144],[107.2507,12.3115],[107.2306,12.2959],[107.2074,12.2995],[107.2295,12.1351],[107.2217,12.1259],[107.2283,12.1156],[107.2401,12.1144],[107.2294,12.0862],[107.2342,12.0445],[107.2306,12.0287],[107.2426,12.0392],[107.2427,12.0259],[107.2496,12.0261],[107.2684,12.0136],[107.2707,12.0173],[107.2759,12.0133],[107.2785,12.0178],[107.28,12.0128],[107.2838,12.0182],[107.29,12.0157],[107.2917,12.0216],[107.296,12.0158],[107.294,12.0096],[107.3245,12.0031],[107.3512,11.9682],[107.3484,11.966],[107.3531,11.9618],[107.3524,11.9539],[107.3569,11.9522],[107.352,11.9467],[107.3568,11.9398],[107.3528,11.9392],[107.3595,11.9343],[107.3822,11.9352],[107.3928,11.9507],[107.4015,11.9481],[107.4077,11.9554],[107.4037,11.9621],[107.4156,11.9678],[107.4136,11.9771],[107.4195,11.9822],[107.4156,11.9837],[107.4167,11.9898],[107.438,11.9947],[107.4538,11.9913],[107.4607,12.0172],[107.5005,12.0149],[107.5039,12.0241],[107.5316,12.0306],[107.54,12.0499],[107.5436,12.0454],[107.5624,12.0473]]]}},{"type":"Feature","properties":{"gid":"VNM.20.3_1","provZh":"奠边省","name2":"Điện Biên","type2":"Huyện","engtype2":"District"},"geometry":{"type":"Polygon","coordinates":[[[103.0486,21.0275],[103.0589,21.0144],[103.0599,21.0017],[103.0707,20.9926],[103.0721,20.9815],[103.087,20.969],[103.0894,20.9408],[103.1047,20.935],[103.1062,20.9192],[103.1124,20.9128],[103.1096,20.9015],[103.1148,20.8969],[103.13,20.912],[103.1338,20.9073],[103.1513,20.9043],[103.1618,20.9074],[103.1674,20.9167],[103.1915,20.9019],[103.1975,20.9061],[103.2172,20.8955],[103.2457,20.892],[103.2671,20.9017],[103.2818,20.8962],[103.2811,20.9008],[103.2897,20.908],[103.2784,20.9204],[103.2773,20.9379],[103.2894,20.9476],[103.3024,20.9455],[103.2978,20.9558],[103.2994,20.9703],[103.2898,20.9948],[103.2797,21.0038],[103.2869,21.01],[103.2834,21.0141],[103.2921,21.0172],[103.2862,21.0352],[103.2734,21.0414],[103.2587,21.0363],[103.2276,21.0386],[103.2185,21.0459],[103.1581,21.0293],[103.1435,21.0342],[103.1423,21.0446],[103.1601,21.0618],[103.1584,21.0652],[103.1723,21.0679],[103.1617,21.0863],[103.1656,21.0987],[103.1577,21.1151],[103.1772,21.1243],[103.1814,21.1363],[103.1762,21.1487],[103.1625,21.1487],[103.1549,21.1594],[103.1261,21.1625],[103.11,21.1944],[103.1001,21.2042],[103.0934,21.2384],[103.1208,21.2579],[103.1201,21.2698],[103.1147,21.2837],[103.1002,21.2859],[103.093,21.3006],[103.0779,21.3025],[103.0703,21.311],[103.0724,21.3294],[103.0798,21.3388],[103.0729,21.3462],[103.0677,21.3693],[103.0332,21.3703],[103.0211,21.3663],[103.0155,21.3713],[103.0045,21.3645],[103.0117,21.3772],[103.0039,21.384],[103.0055,21.392],[102.9928,21.398],[102.9924,21.4065],[103.0038,21.4214],[103.0167,21.4117],[103.0279,21.4107],[103.0317,21.4159],[103.0247,21.4231],[103.0269,21.452],[103.0403,21.4611],[103.0617,21.4386],[103.0811,21.4373],[103.0909,21.3848],[103.1067,21.3791],[103.112,21.3807],[103.1088,21.3893],[103.1121,21.3948],[103.1223,21.394],[103.14,21.404],[103.1547,21.4048],[103.1781,21.4208],[103.1878,21.4371],[103.1785,21.4547],[103.1782,21.4855],[103.1702,21.4932],[103.1659,21.5278],[103.1416,21.56],[103.1214,21.5713],[103.1081,21.5974],[103.1054,21.6136],[103.0913,21.6147],[103.0773,21.5926],[103.0625,21.5855],[103.0524,21.6016],[103.0551,21.6082],[103.0377,21.6114],[103.0324,21.618],[103.0312,21.606],[103.0177,21.6039],[103.0094,21.5883],[102.9964,21.5891],[102.9695,21.5664],[102.9607,21.5541],[102.9629,21.5466],[102.9157,21.503],[102.9163,21.4925],[102.9099,21.4796],[102.8893,21.4759],[102.893,21.469],[102.8867,21.4615],[102.8887,21.4492],[102.8802,21.445],[102.8812,21.4369],[102.8729,21.4276],[102.8758,21.4238],[102.8995,21.435],[102.9047,21.4297],[102.9054,21.4344],[102.9139,21.4374],[102.9191,21.4527],[102.942,21.4563],[102.9251,21.4304],[102.9217,21.4074],[102.8979,21.3846],[102.901,21.3661],[102.894,21.3605],[102.8968,21.356],[102.8896,21.3327],[102.9001,21.3174],[102.8969,21.3032],[102.852,21.2997],[102.8434,21.2841],[102.8343,21.2836],[102.8141,21.2645],[102.8212,21.2579],[102.8179,21.2526],[102.8266,21.2532],[102.8288,21.2465],[102.8425,21.2471],[102.863,21.2576],[102.9133,21.2296],[102.9078,21.2212],[102.9127,21.2042],[102.9053,21.1908],[102.9106,21.1802],[102.9049,21.1746],[102.9045,21.1658],[102.9234,21.1559],[102.9316,21.1627],[102.9519,21.1414],[102.9426,21.1292],[102.9628,21.1141],[102.9681,21.0948],[102.9615,21.0813],[102.9692,21.0704],[102.9884,21.0622],[103.0058,21.0607],[103.0141,21.065],[103.0361,21.058],[103.0486,21.0275]]]}},{"type":"Feature","properties":{"gid":"VNM.20.1_1","provZh":"奠边省","name2":"Điện Biên Đông","type2":"Huyện","engtype2":"District"},"geometry":{"type":"Polygon","coordinates":[[[103.2922,21.0764],[103.2878,21.078],[103.2928,21.084],[103.2865,21.0933],[103.2947,21.0985],[103.3339,21.0918],[103.3586,21.0721],[103.3658,21.071],[103.3715,21.0624],[103.4022,21.0601],[103.4251,21.0689],[103.4087,21.0874],[103.3953,21.1482],[103.415,21.1689],[103.4281,21.163],[103.4338,21.1691],[103.4381,21.1917],[103.4316,21.2242],[103.4366,21.2413],[103.4308,21.2519],[103.4393,21.2637],[103.4399,21.2869],[103.4327,21.3107],[103.415,21.3194],[103.3974,21.3173],[103.3698,21.3316],[103.3884,21.3676],[103.3626,21.3718],[103.3586,21.3883],[103.3402,21.3999],[103.3311,21.4154],[103.2922,21.4024],[103.2872,21.414],[103.2663,21.4279],[103.2625,21.415],[103.2482,21.4272],[103.2417,21.429],[103.2313,21.423],[103.2101,21.4306],[103.2004,21.4289],[103.1878,21.4371],[103.1781,21.4208],[103.1547,21.4048],[103.14,21.404],[103.1223,21.394],[103.1121,21.3948],[103.1097,21.3788],[103.0909,21.3848],[103.0779,21.3761],[103.0688,21.3777],[103.0674,21.3717],[103.0729,21.3462],[103.0798,21.3388],[103.0724,21.3294],[103.0703,21.311],[103.0779,21.3025],[103.093,21.3006],[103.1002,21.2859],[103.1147,21.2837],[103.1201,21.2698],[103.1208,21.2579],[103.0934,21.2384],[103.1001,21.2042],[103.11,21.1944],[103.1261,21.1625],[103.1549,21.1594],[103.1625,21.1487],[103.1753,21.1498],[103.1814,21.1363],[103.1772,21.1243],[103.1577,21.1151],[103.1656,21.0987],[103.1617,21.0863],[103.1723,21.0679],[103.1584,21.0652],[103.1601,21.0618],[103.1423,21.0446],[103.1435,21.0342],[103.1581,21.0293],[103.2185,21.0459],[103.2276,21.0386],[103.2416,21.037],[103.2809,21.0408],[103.2739,21.0524],[103.2786,21.059],[103.2757,21.0627],[103.2811,21.0606],[103.282,21.066],[103.3019,21.0615],[103.2922,21.0764]]]}},{"type":"Feature","properties":{"gid":"VNM.20.2_1","provZh":"奠边省","name2":"Điện Biên Phủ","type2":"Thành phố","engtype2":"City"},"geometry":{"type":"Polygon","coordinates":[[[103.0081,21.3785],[103.0113,21.3743],[103.0045,21.3645],[103.0155,21.3713],[103.0211,21.3663],[103.0332,21.3703],[103.0677,21.3693],[103.0688,21.3777],[103.0779,21.3761],[103.0909,21.3848],[103.0811,21.4373],[103.0617,21.4386],[103.0403,21.4611],[103.0269,21.452],[103.0247,21.4231],[103.0317,21.4159],[103.0279,21.4107],[103.0167,21.4117],[103.0038,21.4214],[102.9924,21.4065],[102.9928,21.398],[103.0055,21.392],[103.0039,21.384],[103.0081,21.3785]]]}},{"type":"Feature","properties":{"gid":"VNM.20.4_1","provZh":"奠边省","name2":"Mường Ảng","type2":"Huyện","engtype2":"District"},"geometry":{"type":"Polygon","coordinates":[[[103.3542,21.4745],[103.3491,21.4783],[103.3493,21.4872],[103.3536,21.4879],[103.3468,21.5019],[103.3489,21.5099],[103.3564,21.5118],[103.3581,21.5215],[103.3426,21.5351],[103.3265,21.5641],[103.3112,21.5695],[103.3079,21.5768],[103.2918,21.5878],[103.2795,21.6143],[103.2143,21.6256],[103.1973,21.6209],[103.1895,21.6252],[103.1732,21.6232],[103.1616,21.6166],[103.1397,21.6325],[103.1054,21.6136],[103.1081,21.5974],[103.1214,21.5713],[103.1416,21.56],[103.1659,21.5278],[103.1702,21.4932],[103.1782,21.4855],[103.1815,21.4463],[103.2004,21.4289],[103.2101,21.4306],[103.2313,21.423],[103.2417,21.429],[103.2625,21.415],[103.2663,21.4279],[103.2872,21.414],[103.2922,21.4024],[103.2994,21.4079],[103.3355,21.416],[103.343,21.4288],[103.354,21.4247],[103.3763,21.4279],[103.3781,21.436],[103.3919,21.4368],[103.4129,21.4278],[103.4094,21.449],[103.4145,21.4649],[103.4099,21.48],[103.3542,21.4745]]]}},{"type":"Feature","properties":{"gid":"VNM.20.5_1","provZh":"奠边省","name2":"Mường Chà","type2":"Huyện","engtype2":"District"},"geometry":{"type":"Polygon","coordinates":[[[103.1533,21.6616],[103.165,21.7173],[103.1974,21.7195],[103.2156,21.7123],[103.2323,21.7222],[103.2394,21.7498],[103.3043,21.8062],[103.3043,21.8179],[103.2898,21.85],[103.2945,21.8666],[103.2926,21.8839],[103.2738,21.9137],[103.2512,21.9334],[103.2646,21.9495],[103.2578,21.9748],[103.2681,22.0014],[103.2627,22.0161],[103.2846,22.0301],[103.2885,22.0397],[103.2437,22.0491],[103.2111,22.0703],[103.1922,22.0696],[103.1855,22.0621],[103.1877,22.0544],[103.1798,22.013],[103.1703,22.0128],[103.1656,22.0028],[103.1701,21.9966],[103.1728,21.9655],[103.1662,21.9571],[103.1503,21.9663],[103.1508,21.9705],[103.1353,21.9679],[103.1258,21.9802],[103.1014,21.9889],[103.1004,22.0102],[103.0838,22.0278],[103.0654,22.0388],[103.0553,22.039],[103.0462,22.0487],[103.0386,22.0478],[103.022,22.0561],[102.9997,22.0521],[102.994,22.0434],[102.9952,22.0359],[102.9853,22.026],[102.9918,22.0185],[102.9897,22.0115],[103.002,21.9974],[103.008,21.9459],[103.0273,21.9221],[103.0159,21.9106],[103.0111,21.911],[103.0181,21.9019],[103.0172,21.8956],[103.0044,21.8891],[102.9977,21.8796],[102.9978,21.8433],[102.9887,21.8282],[102.9857,21.8186],[102.9913,21.8133],[102.9851,21.8113],[102.9795,21.7889],[102.9855,21.7827],[102.9815,21.7821],[102.9794,21.7715],[102.9853,21.7585],[102.9731,21.7414],[102.9909,21.7148],[102.9904,21.7063],[102.9806,21.6963],[102.982,21.6896],[102.9903,21.6843],[102.9868,21.6609],[102.9804,21.6574],[102.985,21.6542],[102.9839,21.6398],[102.9916,21.6233],[102.9875,21.6074],[102.9964,21.5891],[103.0084,21.5879],[103.0177,21.6039],[103.0312,21.606],[103.0324,21.618],[103.0377,21.6114],[103.0551,21.6082],[103.0524,21.6016],[103.0625,21.5855],[103.0698,21.5875],[103.0913,21.6147],[103.1054,21.6136],[103.1343,21.6263],[103.1521,21.6408],[103.1563,21.6532],[103.1533,21.6616]]]}},{"type":"Feature","properties":{"gid":"VNM.20.6_1","provZh":"奠边省","name2":"Mường Nhé","type2":"Huyện","engtype2":"District"},"geometry":{"type":"Polygon","coordinates":[[[102.7076,22.0432],[102.7222,22.0528],[102.7144,22.0705],[102.7204,22.0786],[102.7186,22.0895],[102.734,22.1012],[102.7563,22.1036],[102.7626,22.1163],[102.7435,22.131],[102.7393,22.146],[102.7388,22.1724],[102.7476,22.1783],[102.7538,22.2076],[102.7485,22.2171],[102.7295,22.2381],[102.715,22.2413],[102.71,22.2381],[102.7017,22.2454],[102.6917,22.2465],[102.677,22.2628],[102.6643,22.2554],[102.6875,22.2366],[102.6979,22.209],[102.6772,22.1674],[102.6697,22.1682],[102.6611,22.1749],[102.6401,22.1771],[102.6368,22.1874],[102.6293,22.1877],[102.6173,22.2034],[102.6186,22.2358],[102.6043,22.2397],[102.5789,22.2608],[102.5629,22.2598],[102.5538,22.2435],[102.5422,22.2426],[102.5247,22.2525],[102.5147,22.2611],[102.5094,22.2793],[102.4905,22.2974],[102.4911,22.3027],[102.4748,22.3206],[102.4739,22.3277],[102.4562,22.3427],[102.4572,22.3501],[102.4492,22.3612],[102.4263,22.3712],[102.4217,22.3862],[102.4105,22.3884],[102.3889,22.4089],[102.3913,22.4217],[102.3981,22.4186],[102.3965,22.4335],[102.391,22.4406],[102.3908,22.4545],[102.395,22.4588],[102.3846,22.4691],[102.361,22.4771],[102.3573,22.4903],[102.3474,22.4895],[102.3485,22.505],[102.3378,22.5222],[102.343,22.5282],[102.3306,22.5338],[102.3222,22.5432],[102.3241,22.5467],[102.3013,22.532],[102.2924,22.5096],[102.2726,22.4921],[102.2711,22.4817],[102.2609,22.4787],[102.2635,22.4673],[102.2457,22.4654],[102.2461,22.4551],[102.252,22.4541],[102.2665,22.4315],[102.2625,22.4142],[102.24,22.428],[102.2224,22.4255],[102.2132,22.4315],[102.2069,22.4283],[102.1892,22.4349],[102.159,22.43],[102.1543,22.4247],[102.145,22.3993],[102.1744,22.374],[102.1686,22.3606],[102.1783,22.343],[102.1997,22.3366],[102.1844,22.3213],[102.1821,22.3059],[102.2151,22.2876],[102.2345,22.2825],[102.23,22.2742],[102.2415,22.2551],[102.2395,22.2438],[102.2617,22.2338],[102.2763,22.2362],[102.2757,22.2255],[102.2816,22.2206],[102.2833,22.2071],[102.3032,22.2014],[102.3097,22.2079],[102.3246,22.2035],[102.3389,22.1868],[102.34,22.1661],[102.3659,22.1652],[102.3862,22.1516],[102.3899,22.1289],[102.4083,22.1282],[102.4225,22.116],[102.4379,22.116],[102.4348,22.1119],[102.4412,22.0993],[102.4385,22.0916],[102.4464,22.0844],[102.4419,22.0739],[102.4762,22.0602],[102.4886,22.0419],[102.4979,22.0364],[102.5137,22.0372],[102.5221,22.0325],[102.5234,22.0235],[102.5111,22.0152],[102.4967,22.0128],[102.4926,22.0065],[102.4916,21.9949],[102.5019,21.9814],[102.5068,21.9872],[102.5151,21.9828],[102.5243,21.995],[102.5365,21.9981],[102.5349,22.0129],[102.542,22.0218],[102.5402,22.0372],[102.5557,22.0494],[102.5648,22.0435],[102.5585,22.0131],[102.5666,22.0062],[102.5768,22.0133],[102.5861,22.0129],[102.6002,21.9953],[102.6086,21.9987],[102.6163,21.9895],[102.6278,21.9866],[102.6653,21.9858],[102.6821,21.9763],[102.6878,21.987],[102.6773,22.0014],[102.6918,22.0003],[102.6982,22.0071],[102.7003,22.0117],[102.6918,22.0168],[102.7076,22.0432]]]}},{"type":"Feature","properties":{"gid":"VNM.20.7_1","provZh":"奠边省","name2":"Nậm Pồ","type2":"Huyện","engtype2":"District"},"geometry":{"type":"Polygon","coordinates":[[[102.8114,21.7191],[102.8099,21.7249],[102.8152,21.7311],[102.8269,21.7367],[102.8156,21.7903],[102.8206,21.799],[102.8109,21.825],[102.8182,21.8332],[102.8171,21.8395],[102.833,21.8461],[102.8469,21.8462],[102.8554,21.839],[102.8607,21.7995],[102.8554,21.7875],[102.8596,21.7831],[102.8557,21.7679],[102.8636,21.7642],[102.8573,21.7436],[102.859,21.7216],[102.8792,21.7035],[102.8867,21.7128],[102.9026,21.7188],[102.955,21.7289],[102.9648,21.7433],[102.9768,21.7461],[102.9853,21.7585],[102.9794,21.7715],[102.9815,21.7821],[102.9855,21.7827],[102.9795,21.7889],[102.9851,21.8113],[102.9913,21.8133],[102.9857,21.8186],[102.9887,21.8282],[102.9978,21.8433],[102.9977,21.8796],[103.0044,21.8891],[103.0172,21.8956],[103.0181,21.9019],[103.0111,21.911],[103.0159,21.9106],[103.0273,21.9221],[103.008,21.9459],[103.0065,21.9786],[102.9996,22.0025],[102.9897,22.0115],[102.9909,22.021],[102.9653,22.0331],[102.9606,22.0497],[102.944,22.0661],[102.93,22.0686],[102.9284,22.0767],[102.936,22.087],[102.9321,22.1033],[102.9241,22.1085],[102.9251,22.0912],[102.9129,22.0911],[102.8967,22.0759],[102.8683,22.0781],[102.8605,22.0598],[102.8517,22.0661],[102.8202,22.0652],[102.781,22.0861],[102.7754,22.0905],[102.7811,22.1008],[102.7762,22.1013],[102.7678,22.1172],[102.7626,22.1163],[102.7563,22.1036],[102.734,22.1012],[102.7186,22.0895],[102.7204,22.0786],[102.7144,22.0705],[102.7222,22.0528],[102.7044,22.0428],[102.6918,22.0168],[102.7003,22.0117],[102.6982,22.0071],[102.6918,22.0003],[102.6773,22.0014],[102.6878,21.987],[102.6821,21.9763],[102.6653,21.9858],[102.6278,21.9866],[102.6163,21.9895],[102.6086,21.9987],[102.6002,21.9953],[102.5861,22.0129],[102.5768,22.0133],[102.5666,22.0062],[102.5585,22.0131],[102.5648,22.0435],[102.5557,22.0494],[102.5455,22.0442],[102.5402,22.0372],[102.542,22.0218],[102.5349,22.0129],[102.5365,21.9981],[102.5243,21.995],[102.5151,21.9828],[102.5068,21.9872],[102.5019,21.9814],[102.5188,21.9661],[102.5424,21.9579],[102.589,21.9283],[102.6131,21.9215],[102.6202,21.9135],[102.6208,21.9002],[102.6096,21.8785],[102.6286,21.8692],[102.6311,21.8632],[102.6457,21.8589],[102.6426,21.8484],[102.6508,21.8264],[102.6483,21.8081],[102.6634,21.7909],[102.6494,21.7635],[102.646,21.7324],[102.6604,21.7105],[102.6679,21.6862],[102.6632,21.6809],[102.6753,21.6555],[102.6822,21.6549],[102.6937,21.6644],[102.7259,21.6643],[102.7398,21.6593],[102.7692,21.6813],[102.7705,21.6882],[102.788,21.7068],[102.7992,21.7077],[102.8041,21.7167],[102.8114,21.7191]]]}},{"type":"Feature","properties":{"gid":"VNM.20.9_1","provZh":"奠边省","name2":"Thị Xã Mường Lay","type2":"Thị xã","engtype2":"Town"},"geometry":{"type":"Polygon","coordinates":[[[103.1679,21.9576],[103.1728,21.9655],[103.1701,21.9966],[103.1656,22.0028],[103.1703,22.0128],[103.1798,22.013],[103.1877,22.0544],[103.1855,22.0621],[103.1922,22.0696],[103.1701,22.0815],[103.1666,22.0745],[103.1507,22.0751],[103.1491,22.0677],[103.1445,22.0677],[103.1333,22.0739],[103.1213,22.0954],[103.1026,22.1018],[103.0897,22.0703],[103.0956,22.0656],[103.095,22.0577],[103.077,22.0575],[103.0642,22.063],[103.0462,22.0487],[103.0553,22.039],[103.0654,22.0388],[103.0905,22.022],[103.1004,22.0102],[103.1014,21.9889],[103.1258,21.9802],[103.1353,21.9679],[103.1508,21.9705],[103.1503,21.9663],[103.1679,21.9576]]]}},{"type":"Feature","properties":{"gid":"VNM.20.8_1","provZh":"奠边省","name2":"Tủa Chùa","type2":"Huyện","engtype2":"District"},"geometry":{"type":"Polygon","coordinates":[[[103.298,21.825],[103.3043,21.8179],[103.3043,21.8062],[103.3092,21.8093],[103.3226,21.8047],[103.3326,21.7944],[103.3312,21.7873],[103.3581,21.7849],[103.3673,21.7946],[103.3663,21.8123],[103.3796,21.8174],[103.3911,21.8335],[103.4065,21.8333],[103.4075,21.8408],[103.4155,21.845],[103.4294,21.8363],[103.4424,21.8401],[103.4583,21.8311],[103.4687,21.8418],[103.4903,21.8464],[103.4995,21.856],[103.5193,21.8638],[103.4948,21.8752],[103.4879,21.8842],[103.4895,21.8897],[103.4828,21.895],[103.4867,21.9034],[103.4796,21.9087],[103.4834,21.9295],[103.4889,21.933],[103.4845,21.9383],[103.4984,21.9446],[103.5055,21.9552],[103.5026,21.9659],[103.4751,21.979],[103.4527,22.0088],[103.4555,22.0172],[103.4689,22.0289],[103.4534,22.0539],[103.4443,22.0583],[103.4346,22.0552],[103.421,22.0729],[103.4041,22.1304],[103.3902,22.1451],[103.3892,22.1569],[103.3303,22.1523],[103.307,22.1263],[103.3075,22.1141],[103.2868,22.1081],[103.2841,22.0889],[103.2738,22.0747],[103.2923,22.0469],[103.2846,22.0301],[103.2627,22.0161],[103.2681,22.0014],[103.2578,21.9748],[103.2646,21.9495],[103.2512,21.9334],[103.2738,21.9137],[103.2926,21.8839],[103.2945,21.8666],[103.2898,21.85],[103.298,21.825]]]}},{"type":"Feature","properties":{"gid":"VNM.20.10_1","provZh":"奠边省","name2":"Tuần Giáo","type2":"Huyện","engtype2":"District"},"geometry":{"type":"Polygon","coordinates":[[[103.41,21.4563],[103.4129,21.4278],[103.4409,21.4312],[103.4491,21.4383],[103.4464,21.4431],[103.4568,21.4576],[103.4542,21.4802],[103.4479,21.487],[103.4517,21.5018],[103.4619,21.5122],[103.4595,21.5179],[103.4849,21.5207],[103.5031,21.5337],[103.5171,21.5328],[103.5225,21.543],[103.5192,21.565],[103.5341,21.5686],[103.5306,21.5867],[103.5378,21.5901],[103.5395,21.6009],[103.5479,21.6023],[103.5599,21.6266],[103.5416,21.6456],[103.5571,21.656],[103.5605,21.6676],[103.5765,21.6833],[103.5842,21.6852],[103.5945,21.6746],[103.5986,21.6817],[103.5852,21.7018],[103.5726,21.7396],[103.5614,21.7493],[103.5584,21.7621],[103.5411,21.7774],[103.5475,21.7995],[103.5364,21.8142],[103.5421,21.8213],[103.5385,21.8295],[103.5295,21.8332],[103.5301,21.8421],[103.5193,21.8638],[103.4995,21.856],[103.4903,21.8464],[103.4687,21.8418],[103.4583,21.8311],[103.4424,21.8401],[103.4294,21.8363],[103.4155,21.845],[103.4075,21.8408],[103.4065,21.8333],[103.3911,21.8335],[103.3796,21.8174],[103.3663,21.8123],[103.3673,21.7946],[103.3581,21.7849],[103.3359,21.785],[103.3226,21.8047],[103.3092,21.8093],[103.2394,21.7498],[103.2323,21.7222],[103.2156,21.7123],[103.1974,21.7195],[103.165,21.7173],[103.1542,21.6718],[103.1546,21.6463],[103.1397,21.6325],[103.1616,21.6166],[103.1732,21.6232],[103.1895,21.6252],[103.1973,21.6209],[103.2143,21.6256],[103.2795,21.6143],[103.2918,21.5878],[103.3079,21.5768],[103.3112,21.5695],[103.3265,21.5641],[103.3426,21.5351],[103.3581,21.5215],[103.3564,21.5118],[103.3489,21.5099],[103.3468,21.5019],[103.3536,21.4879],[103.3493,21.4872],[103.3491,21.4783],[103.3638,21.4729],[103.3821,21.48],[103.4067,21.4813],[103.4145,21.4649],[103.41,21.4563]]]}},{"type":"Feature","properties":{"gid":"VNM.17.1_1","provZh":"同奈省","name2":"Biên Hòa","type2":"Thành phố","engtype2":"City"},"geometry":{"type":"Polygon","coordinates":[[[106.8467,10.8649],[106.8567,10.8427],[106.8727,10.825],[106.8813,10.8287],[106.8856,10.8243],[106.8864,10.8299],[106.9021,10.8225],[106.9178,10.8288],[106.9211,10.8246],[106.9354,10.8337],[106.9284,10.8534],[106.9661,10.8634],[106.9767,10.8715],[106.9719,10.8776],[106.9867,10.8929],[106.9844,10.8985],[106.9687,10.8987],[106.9715,10.9142],[106.967,10.9302],[106.9475,10.9348],[106.9431,10.9343],[106.9415,10.9274],[106.938,10.9431],[106.9301,10.9416],[106.935,10.9594],[106.9135,10.9626],[106.9213,10.979],[106.9107,10.9777],[106.9129,10.9856],[106.9044,10.9851],[106.9037,10.994],[106.8852,11.0019],[106.8854,11.0058],[106.8781,11.0045],[106.879,11.0005],[106.8626,11.0046],[106.8518,11.0024],[106.8465,10.9944],[106.8352,10.9966],[106.8325,10.9915],[106.8124,10.9912],[106.8117,10.9847],[106.8026,10.9848],[106.795,10.9705],[106.7755,10.9593],[106.7714,10.9653],[106.7621,10.9634],[106.7627,10.9533],[106.7711,10.9512],[106.7708,10.9428],[106.7906,10.9322],[106.7883,10.9221],[106.8108,10.9186],[106.8162,10.9028],[106.8319,10.9067],[106.8383,10.9033],[106.8436,10.884],[106.8511,10.8763],[106.8467,10.8649]]]}},{"type":"Feature","properties":{"gid":"VNM.17.2_1","provZh":"同奈省","name2":"Cẩm Mỹ","type2":"Huyện","engtype2":"District"},"geometry":{"type":"Polygon","coordinates":[[[107.311,10.6728],[107.318,10.6686],[107.3318,10.6775],[107.3442,10.6747],[107.3522,10.6785],[107.3508,10.6844],[107.3544,10.6855],[107.3497,10.6924],[107.3538,10.6966],[107.348,10.7058],[107.3577,10.7142],[107.3609,10.7281],[107.3714,10.7314],[107.3831,10.7513],[107.3989,10.7656],[107.3966,10.7757],[107.4066,10.7952],[107.4027,10.8006],[107.4062,10.8108],[107.4163,10.8234],[107.419,10.8471],[107.374,10.8484],[107.3455,10.8547],[107.3375,10.8518],[107.3307,10.8603],[107.3349,10.8635],[107.3277,10.8645],[107.3327,10.8709],[107.3221,10.8688],[107.3144,10.874],[107.3136,10.8688],[107.3078,10.8671],[107.2771,10.8802],[107.2738,10.8712],[107.2621,10.8636],[107.2615,10.8546],[107.2532,10.8522],[107.2468,10.8583],[107.2348,10.8538],[107.2341,10.859],[107.2025,10.8457],[107.1993,10.8521],[107.1821,10.8524],[107.1845,10.8665],[107.1913,10.8701],[107.176,10.8801],[107.1644,10.879],[107.1578,10.8835],[107.1569,10.9013],[107.1273,10.8953],[107.1198,10.8845],[107.1161,10.8666],[107.1078,10.8681],[107.1129,10.854],[107.0938,10.8553],[107.082,10.8497],[107.0852,10.8433],[107.073,10.8364],[107.0717,10.8197],[107.0894,10.8108],[107.0941,10.8029],[107.1219,10.8015],[107.1296,10.7847],[107.1248,10.7687],[107.1106,10.7662],[107.0974,10.7717],[107.087,10.7675],[107.1012,10.7441],[107.1243,10.7472],[107.153,10.7437],[107.1823,10.7682],[107.2068,10.7746],[107.2065,10.7581],[107.211,10.7585],[107.2109,10.7526],[107.231,10.7643],[107.2441,10.76],[107.2439,10.7564],[107.3005,10.755],[107.3054,10.7286],[107.3015,10.7299],[107.3009,10.7191],[107.3053,10.7131],[107.2998,10.7037],[107.3078,10.694],[107.2997,10.6838],[107.311,10.6728]]]}},{"type":"Feature","properties":{"gid":"VNM.17.3_1","provZh":"同奈省","name2":"Định Quán","type2":"Huyện","engtype2":"District"},"geometry":{"type":"Polygon","coordinates":[[[107.2943,11.0784],[107.2881,11.0879],[107.3101,11.0803],[107.3253,11.0827],[107.3471,11.0568],[107.3551,11.0615],[107.3624,11.0521],[107.3762,11.0453],[107.3791,11.0506],[107.3923,11.0489],[107.4001,11.0539],[107.4157,11.0504],[107.4261,11.0655],[107.4229,11.0764],[107.432,11.0825],[107.4318,11.0878],[107.4379,11.0887],[107.4422,11.0832],[107.454,11.1114],[107.4445,11.125],[107.4392,11.1255],[107.4347,11.1365],[107.4429,11.1395],[107.4452,11.1491],[107.4563,11.1495],[107.4547,11.1597],[107.4622,11.1677],[107.4587,11.1791],[107.4514,11.1779],[107.442,11.1912],[107.4382,11.1856],[107.4288,11.1856],[107.4347,11.2228],[107.4297,11.2227],[107.3892,11.2854],[107.3644,11.3066],[107.3601,11.3033],[107.3555,11.3087],[107.3499,11.301],[107.3383,11.3046],[107.3472,11.3229],[107.3586,11.3297],[107.3431,11.3799],[107.3042,11.3883],[107.2916,11.3974],[107.2906,11.3918],[107.2645,11.3899],[107.2577,11.3717],[107.2509,11.367],[107.2362,11.3751],[107.2021,11.3634],[107.1983,11.3546],[107.1902,11.3539],[107.1826,11.3461],[107.1793,11.3321],[107.1703,11.3283],[107.1717,11.3197],[107.1613,11.3156],[107.1624,11.3069],[107.1586,11.3041],[107.1662,11.2939],[107.1642,11.2872],[107.1714,11.283],[107.1688,11.2786],[107.1761,11.2728],[107.1939,11.2089],[107.1392,11.1885],[107.1187,11.1626],[107.1162,11.1425],[107.1205,11.1231],[107.1129,11.0906],[107.1196,11.0864],[107.138,11.0998],[107.1686,11.0953],[107.1643,11.0813],[107.1825,11.0809],[107.1912,11.0756],[107.2002,11.053],[107.2118,11.0513],[107.2203,11.0583],[107.2419,11.0615],[107.2487,11.0478],[107.2583,11.0442],[107.2619,11.0244],[107.2712,11.0258],[107.2823,11.0406],[107.2969,11.0379],[107.308,11.0493],[107.3046,11.0737],[107.2969,11.0736],[107.2943,11.0784]]]}},{"type":"Feature","properties":{"gid":"VNM.17.4_1","provZh":"同奈省","name2":"Long Khánh","type2":"Thị xã","engtype2":"Town"},"geometry":{"type":"Polygon","coordinates":[[[107.2532,10.8522],[107.2639,10.8566],[107.2475,10.8853],[107.2384,10.8809],[107.2439,10.8995],[107.2574,10.9091],[107.2603,10.9181],[107.2705,10.9157],[107.2695,10.9085],[107.2759,10.9145],[107.2821,10.9086],[107.3004,10.9093],[107.3027,10.9266],[107.3097,10.931],[107.3039,10.9378],[107.2866,10.9328],[107.3034,10.9439],[107.3297,10.9945],[107.2825,10.9919],[107.2765,11.0078],[107.2643,11.0063],[107.2592,11.0331],[107.2551,11.0191],[107.2374,11.0133],[107.2341,11.0232],[107.2338,11.0149],[107.2284,11.0096],[107.222,11.0105],[107.2224,10.9737],[107.2078,10.9742],[107.1967,10.9853],[107.1783,10.9534],[107.1678,10.907],[107.1596,10.9018],[107.1578,10.8835],[107.1644,10.879],[107.176,10.8801],[107.1913,10.8701],[107.1827,10.8621],[107.1849,10.8508],[107.197,10.8528],[107.2025,10.8457],[107.2341,10.859],[107.2348,10.8538],[107.2468,10.8583],[107.2532,10.8522]]]}},{"type":"Feature","properties":{"gid":"VNM.17.5_1","provZh":"同奈省","name2":"Long Thành","type2":"Huyện","engtype2":"District"},"geometry":{"type":"Polygon","coordinates":[[[107.013,10.6497],[107.0132,10.6434],[107.0383,10.6558],[107.0543,10.6583],[107.0965,10.652],[107.1012,10.6633],[107.1338,10.6851],[107.1392,10.7278],[107.1455,10.7251],[107.1462,10.7311],[107.1389,10.7325],[107.1367,10.7439],[107.1243,10.7472],[107.1012,10.7441],[107.0867,10.7663],[107.0974,10.7717],[107.1106,10.7662],[107.1248,10.7687],[107.1296,10.7847],[107.1219,10.8015],[107.0941,10.8029],[107.0894,10.8108],[107.0717,10.8197],[107.073,10.8364],[107.0852,10.8451],[107.077,10.8517],[107.0593,10.8505],[107.0684,10.8632],[107.068,10.8785],[107.0443,10.879],[107.0446,10.8664],[106.9977,10.8675],[106.9861,10.8592],[106.9767,10.8715],[106.9606,10.8613],[106.9284,10.8534],[106.9354,10.8337],[106.9265,10.8259],[106.9178,10.8288],[106.9021,10.8225],[106.8864,10.8299],[106.8856,10.8243],[106.8813,10.8287],[106.8727,10.825],[106.8819,10.8085],[106.8653,10.7891],[106.8661,10.7828],[106.8722,10.7776],[106.8774,10.7837],[106.8897,10.7853],[106.8992,10.7768],[106.914,10.7745],[106.9197,10.7804],[106.942,10.7718],[106.9409,10.7629],[106.9529,10.7613],[106.9592,10.7511],[106.9572,10.7383],[106.9651,10.7247],[106.9738,10.7199],[106.9733,10.7107],[106.9769,10.7116],[106.974,10.7069],[106.9781,10.7003],[106.9705,10.6904],[106.9867,10.6814],[106.9931,10.6675],[106.9981,10.6711],[107.0175,10.6588],[107.013,10.6497]]]}},{"type":"Feature","properties":{"gid":"VNM.17.6_1","provZh":"同奈省","name2":"Nhơn Trạch","type2":"Huyện","engtype2":"District"},"geometry":{"type":"Polygon","coordinates":[[[107.0145,10.6318],[107.013,10.6497],[107.0175,10.6588],[106.9981,10.6711],[106.9931,10.6675],[106.9867,10.6814],[106.9705,10.6904],[106.9781,10.7003],[106.974,10.7069],[106.9769,10.7116],[106.9733,10.7107],[106.9738,10.7199],[106.9651,10.7247],[106.9572,10.7383],[106.9592,10.7511],[106.9544,10.7591],[106.9409,10.7629],[106.942,10.7718],[106.9197,10.7804],[106.914,10.7745],[106.8992,10.7768],[106.8897,10.7853],[106.8774,10.7837],[106.8722,10.7776],[106.8726,10.7663],[106.865,10.7645],[106.8457,10.7751],[106.8243,10.7596],[106.8248,10.7786],[106.8164,10.7799],[106.7992,10.759],[106.7677,10.7419],[106.752,10.7211],[106.7519,10.705],[106.7573,10.6941],[106.7728,10.6763],[106.8071,10.6575],[106.8141,10.6405],[106.8266,10.6278],[106.8376,10.627],[106.8428,10.638],[106.86,10.6366],[106.8729,10.6481],[106.883,10.6474],[106.8851,10.6403],[106.9034,10.6248],[106.9114,10.6083],[106.9206,10.61],[106.9265,10.6035],[106.9607,10.5935],[106.9839,10.5794],[106.9907,10.6049],[107.0079,10.6133],[106.9995,10.6201],[106.9973,10.6326],[107.006,10.6376],[107.0145,10.6318]]]}},{"type":"Feature","properties":{"gid":"VNM.17.7_1","provZh":"同奈省","name2":"Tân Phú","type2":"Huyện","engtype2":"District"},"geometry":{"type":"Polygon","coordinates":[[[107.4823,11.2004],[107.4842,11.2046],[107.4782,11.2097],[107.4883,11.2164],[107.4823,11.2212],[107.4907,11.225],[107.4986,11.2203],[107.4933,11.2249],[107.4996,11.2287],[107.4968,11.2421],[107.5007,11.2425],[107.5024,11.2354],[107.5079,11.2372],[107.5168,11.2517],[107.5195,11.2479],[107.5242,11.2518],[107.5237,11.2723],[107.5184,11.2841],[107.5241,11.2997],[107.5177,11.3095],[107.5356,11.3256],[107.5447,11.3656],[107.5353,11.3553],[107.5248,11.3706],[107.5189,11.3707],[107.513,11.3846],[107.4971,11.3869],[107.4962,11.3965],[107.4883,11.3961],[107.4852,11.4007],[107.4881,11.4272],[107.4749,11.4363],[107.4537,11.432],[107.4535,11.42],[107.4437,11.4196],[107.4471,11.428],[107.4423,11.4318],[107.4304,11.4249],[107.4304,11.4402],[107.4458,11.4475],[107.4512,11.459],[107.4625,11.4633],[107.461,11.472],[107.4722,11.4781],[107.4552,11.4917],[107.4532,11.5017],[107.4416,11.5099],[107.4416,11.5165],[107.4325,11.5125],[107.4289,11.519],[107.4202,11.5112],[107.4121,11.5187],[107.41,11.5282],[107.4017,11.5298],[107.3865,11.526],[107.3854,11.5206],[107.3738,11.515],[107.367,11.5179],[107.3762,11.5243],[107.379,11.5426],[107.3728,11.5573],[107.3683,11.5585],[107.37,11.5487],[107.3603,11.5551],[107.3666,11.5605],[107.3611,11.5683],[107.3664,11.5732],[107.3594,11.582],[107.3566,11.559],[107.3476,11.5531],[107.3461,11.5437],[107.336,11.5471],[107.1759,11.5119],[107.2008,11.4909],[107.2042,11.468],[107.1959,11.4535],[107.223,11.435],[107.2324,11.4218],[107.2323,11.4176],[107.2229,11.4145],[107.2109,11.4018],[107.2113,11.3946],[107.2047,11.3898],[107.2083,11.377],[107.2021,11.3634],[107.2362,11.3751],[107.2509,11.367],[107.2577,11.3717],[107.2645,11.3899],[107.2906,11.3918],[107.2916,11.3974],[107.3203,11.3829],[107.342,11.3809],[107.3586,11.3297],[107.3472,11.3229],[107.3383,11.3046],[107.3499,11.301],[107.3555,11.3087],[107.3601,11.3033],[107.3644,11.3066],[107.3975,11.2755],[107.4297,11.2227],[107.4347,11.2228],[107.4288,11.1856],[107.4382,11.1856],[107.442,11.1912],[107.4514,11.1779],[107.4706,11.1784],[107.4672,11.1836],[107.4717,11.1859],[107.4709,11.1923],[107.4799,11.1904],[107.4737,11.2017],[107.4823,11.2004]]]}},{"type":"Feature","properties":{"gid":"VNM.17.8_1","provZh":"同奈省","name2":"Thống Nhất","type2":"Huyện","engtype2":"District"},"geometry":{"type":"Polygon","coordinates":[[[107.1204,10.8786],[107.1273,10.8953],[107.1569,10.9013],[107.1592,10.8978],[107.1678,10.907],[107.1783,10.9534],[107.1967,10.9853],[107.2078,10.9742],[107.2224,10.9737],[107.222,11.0105],[107.2284,11.0096],[107.2338,11.0149],[107.2341,11.0232],[107.2374,11.0133],[107.2551,11.0191],[107.2592,11.0331],[107.2583,11.0442],[107.2487,11.0478],[107.2475,11.0564],[107.2406,11.0623],[107.2203,11.0583],[107.2118,11.0513],[107.2002,11.053],[107.1912,11.0756],[107.1825,11.0809],[107.1643,11.0813],[107.1686,11.0953],[107.1415,11.1],[107.1196,11.0864],[107.1194,11.0748],[107.1098,11.0742],[107.1103,11.0618],[107.1028,11.0498],[107.1092,11.021],[107.1177,11.0143],[107.1162,11.0081],[107.1225,11.0086],[107.1196,10.9909],[107.1299,10.9789],[107.1196,10.9726],[107.1084,10.9741],[107.1062,10.97],[107.1141,10.9613],[107.1133,10.9545],[107.0935,10.9511],[107.0921,10.9293],[107.0969,10.9284],[107.0987,10.921],[107.0956,10.9128],[107.0987,10.8928],[107.0862,10.8795],[107.0844,10.886],[107.0784,10.888],[107.0767,10.8784],[107.068,10.8785],[107.0684,10.8632],[107.0593,10.8505],[107.1129,10.854],[107.1078,10.8681],[107.1161,10.8666],[107.1204,10.8786]]]}},{"type":"Feature","properties":{"gid":"VNM.17.9_1","provZh":"同奈省","name2":"Trảng Bom","type2":"Huyện","engtype2":"District"},"geometry":{"type":"Polygon","coordinates":[[[106.9857,10.8912],[106.9719,10.8776],[106.9861,10.8592],[106.9977,10.8675],[107.0446,10.8664],[107.0443,10.879],[107.0767,10.8784],[107.0784,10.888],[107.0844,10.886],[107.0862,10.8795],[107.0987,10.8928],[107.0956,10.9128],[107.0987,10.921],[107.0969,10.9284],[107.0921,10.9293],[107.0935,10.9511],[107.1133,10.9545],[107.1141,10.9613],[107.1062,10.97],[107.1084,10.9741],[107.1196,10.9726],[107.1299,10.9789],[107.1196,10.9909],[107.1225,11.0086],[107.1162,11.0081],[107.1177,11.0143],[107.1092,11.021],[107.1024,11.0448],[107.1103,11.0618],[107.1098,11.0742],[107.1194,11.0748],[107.1196,11.0864],[107.0647,11.1],[107.0605,11.0685],[107.0511,11.0657],[107.0516,11.0536],[107.0394,11.0474],[107.0459,11.0403],[107.035,11.0414],[107.0298,11.0317],[107.017,11.0279],[107.0168,11.0142],[107.0088,11.0045],[107.002,11.0089],[106.9954,11.004],[106.983,11.0143],[106.9717,11.0108],[106.9766,11.004],[106.9683,10.9955],[106.9583,11.0001],[106.9543,10.9905],[106.9182,10.9997],[106.9037,10.994],[106.9044,10.9851],[106.9129,10.9856],[106.9107,10.9777],[106.9213,10.979],[106.9135,10.9626],[106.935,10.9594],[106.9301,10.9416],[106.938,10.9431],[106.9415,10.9274],[106.9431,10.9343],[106.9475,10.9348],[106.967,10.9302],[106.9715,10.9142],[106.9687,10.8987],[106.9844,10.8985],[106.9857,10.8912]]]}},{"type":"Feature","properties":{"gid":"VNM.17.10_1","provZh":"同奈省","name2":"Vĩnh Cửu","type2":"Huyện","engtype2":"District"},"geometry":{"type":"Polygon","coordinates":[[[106.7886,11.0192],[106.7745,11.0053],[106.7817,10.9871],[106.7965,10.974],[106.8019,10.9772],[106.8026,10.9848],[106.8117,10.9847],[106.8104,10.9903],[106.8325,10.9915],[106.8352,10.9966],[106.8465,10.9944],[106.8518,11.0024],[106.8626,11.0046],[106.879,11.0005],[106.8781,11.0045],[106.8854,11.0058],[106.8852,11.0019],[106.8988,10.9987],[106.9018,10.9936],[106.9182,10.9997],[106.9543,10.9905],[106.9583,11.0001],[106.9683,10.9955],[106.973,10.9998],[106.9766,11.004],[106.973,11.0118],[106.983,11.0143],[106.9954,11.004],[107.002,11.0089],[107.0088,11.0045],[107.0168,11.0142],[107.017,11.0279],[107.0298,11.0317],[107.035,11.0414],[107.0459,11.0403],[107.0394,11.0474],[107.0516,11.0536],[107.0511,11.0657],[107.0605,11.0685],[107.0647,11.1],[107.1129,11.0906],[107.1205,11.1231],[107.1162,11.1425],[107.1187,11.1626],[107.1392,11.1885],[107.1939,11.2089],[107.1761,11.2728],[107.1688,11.2786],[107.1714,11.283],[107.1642,11.2872],[107.1662,11.2939],[107.1586,11.3041],[107.1624,11.3069],[107.1613,11.3156],[107.1717,11.3197],[107.1703,11.3283],[107.1793,11.3321],[107.1826,11.3461],[107.2014,11.3594],[107.2083,11.377],[107.2047,11.3898],[107.2113,11.3946],[107.2109,11.4018],[107.2229,11.4145],[107.2323,11.4176],[107.2291,11.4291],[107.1959,11.4535],[107.2042,11.468],[107.1971,11.4979],[107.1759,11.5119],[107.1308,11.5005],[107.121,11.4847],[107.1125,11.4804],[107.0949,11.4804],[107.0943,11.4686],[107.0851,11.4658],[107.0836,11.4599],[107.0679,11.4493],[107.066,11.4283],[107.0713,11.4278],[107.0762,11.4184],[107.068,11.412],[107.0682,11.4037],[107.0563,11.3968],[107.0616,11.3858],[107.0562,11.3803],[107.0604,11.3771],[107.0528,11.3724],[107.0408,11.3762],[107.0425,11.3727],[107.0356,11.3711],[107.0417,11.3672],[107.0357,11.3662],[107.0383,11.3607],[107.0297,11.356],[107.0309,11.3528],[107.0253,11.355],[107.0204,11.3492],[107.0102,11.3488],[107.0141,11.3409],[107.0034,11.3385],[107.0035,11.3327],[106.9986,11.3332],[107.0006,11.3289],[106.9977,11.3309],[106.996,11.3262],[106.9918,11.3284],[106.9934,11.3326],[106.9857,11.329],[106.9865,11.3322],[106.9782,11.3323],[106.9858,11.324],[106.9833,11.313],[106.9673,11.3183],[106.9575,11.31],[106.9579,11.3018],[106.9486,11.308],[106.9381,11.3082],[106.9374,11.2965],[106.9417,11.2938],[106.9333,11.2874],[106.9332,11.2788],[106.9246,11.271],[106.9279,11.2647],[106.9238,11.2643],[106.9266,11.2469],[106.9316,11.2448],[106.9111,11.2416],[106.9117,11.2359],[106.9184,11.2353],[106.9136,11.2325],[106.9182,11.2203],[106.9016,11.2079],[106.9071,11.2033],[106.9066,11.1927],[106.9196,11.193],[106.9235,11.1869],[106.9339,11.1886],[106.9457,11.1767],[106.9414,11.1677],[106.9536,11.1635],[106.9559,11.1527],[106.9657,11.1487],[106.9653,11.1427],[106.9545,11.1415],[106.9571,11.1352],[106.9534,11.1297],[106.9658,11.11],[106.9577,11.1069],[106.9595,11.1011],[106.9472,11.0899],[106.945,11.0779],[106.9525,11.071],[106.9464,11.0579],[106.9325,11.0645],[106.9225,11.0561],[106.9235,11.0487],[106.9124,11.0404],[106.909,11.0227],[106.8959,11.0276],[106.8727,11.0198],[106.8591,11.0321],[106.8425,11.0378],[106.8287,11.0636],[106.8235,11.0654],[106.7986,11.0565],[106.8098,11.0446],[106.8131,11.0325],[106.8093,11.0266],[106.7886,11.0192]]]}},{"type":"Feature","properties":{"gid":"VNM.17.11_1","provZh":"同奈省","name2":"Xuân Lộc","type2":"Huyện","engtype2":"District"},"geometry":{"type":"Polygon","coordinates":[[[107.4446,10.8045],[107.4538,10.8029],[107.4579,10.7914],[107.4716,10.7936],[107.4845,10.7693],[107.4965,10.7674],[107.5261,10.7756],[107.5545,10.7932],[107.5738,10.814],[107.5765,10.8384],[107.5597,10.8674],[107.5602,10.9366],[107.5427,10.9783],[107.537,10.9776],[107.531,10.9932],[107.5132,11.0026],[107.5045,11.0145],[107.4742,11.0068],[107.4651,11.0159],[107.4493,11.0209],[107.4435,11.0309],[107.4207,11.0371],[107.4221,11.0415],[107.4126,11.0418],[107.4123,11.0457],[107.4061,11.0429],[107.3995,11.0504],[107.3791,11.0506],[107.3762,11.0453],[107.3624,11.0521],[107.3551,11.0615],[107.3471,11.0568],[107.3253,11.0827],[107.3101,11.0803],[107.2881,11.0879],[107.2969,11.0736],[107.3046,11.0737],[107.3035,11.0632],[107.309,11.0509],[107.2983,11.0386],[107.2823,11.0406],[107.2712,11.0258],[107.2619,11.0244],[107.2643,11.0063],[107.2765,11.0078],[107.2825,10.9919],[107.3297,10.9945],[107.3034,10.9439],[107.2866,10.9328],[107.3039,10.9378],[107.3097,10.931],[107.3027,10.9266],[107.3004,10.9093],[107.2821,10.9086],[107.2759,10.9145],[107.2695,10.9085],[107.2705,10.9157],[107.2603,10.9181],[107.2574,10.9091],[107.2439,10.8995],[107.2384,10.8809],[107.2475,10.8853],[107.2615,10.8623],[107.2738,10.8712],[107.2771,10.8802],[107.3078,10.8671],[107.3136,10.8688],[107.3144,10.874],[107.3221,10.8688],[107.3327,10.8709],[107.3277,10.8645],[107.3349,10.8635],[107.3307,10.8603],[107.3375,10.8518],[107.3455,10.8547],[107.374,10.8484],[107.419,10.8471],[107.4163,10.8234],[107.4062,10.8108],[107.4027,10.8006],[107.4066,10.7952],[107.3966,10.7757],[107.3989,10.7656],[107.4087,10.7744],[107.4192,10.771],[107.4263,10.7877],[107.4446,10.8045]]]}},{"type":"Feature","properties":{"gid":"VNM.18.2_1","provZh":"同塔省","name2":"Cao Lãnh","type2":"Huyện","engtype2":"District"},"geometry":{"type":"Polygon","coordinates":[[[105.8191,10.3434],[105.8157,10.3704],[105.8227,10.4701],[105.766,10.4702],[105.7678,10.4898],[105.7347,10.4957],[105.7189,10.5037],[105.7347,10.5823],[105.7248,10.6043],[105.7029,10.6085],[105.692,10.6407],[105.6791,10.647],[105.6796,10.6547],[105.6614,10.6577],[105.6451,10.6655],[105.6482,10.6712],[105.6357,10.6723],[105.6301,10.6519],[105.618,10.6436],[105.6167,10.6324],[105.5601,10.5211],[105.5532,10.5167],[105.5577,10.5081],[105.5896,10.5133],[105.6257,10.4968],[105.6354,10.5077],[105.6387,10.5072],[105.6364,10.4989],[105.6491,10.5029],[105.6587,10.4801],[105.6468,10.4687],[105.6503,10.4607],[105.6577,10.4513],[105.685,10.439],[105.6913,10.406],[105.7177,10.392],[105.7206,10.3821],[105.7374,10.3775],[105.7423,10.3714],[105.7646,10.3144],[105.7823,10.2907],[105.7947,10.2876],[105.8154,10.2972],[105.837,10.2989],[105.8358,10.3051],[105.8215,10.3091],[105.8303,10.318],[105.8168,10.3222],[105.8191,10.3434]]]}},{"type":"Feature","properties":{"gid":"VNM.18.1_1","provZh":"同塔省","name2":"Cao Lãnh (Thành phố)","type2":"Thành phố","engtype2":"City"},"geometry":{"type":"Polygon","coordinates":[[[105.685,10.439],[105.6577,10.4513],[105.6503,10.4607],[105.6468,10.4687],[105.6587,10.4801],[105.6491,10.5029],[105.6364,10.4989],[105.6387,10.5072],[105.6354,10.5077],[105.6257,10.4968],[105.5896,10.5133],[105.5577,10.5081],[105.5736,10.4685],[105.574,10.4287],[105.5863,10.4146],[105.6118,10.4088],[105.6387,10.4132],[105.6913,10.406],[105.685,10.439]]]}},{"type":"Feature","properties":{"gid":"VNM.18.3_1","provZh":"同塔省","name2":"Châu Thành","type2":"Huyện","engtype2":"District"},"geometry":{"type":"Polygon","coordinates":[[[105.8325,10.1497],[105.8491,10.1502],[105.8516,10.1601],[105.8705,10.1545],[105.8762,10.1892],[105.8952,10.1855],[105.8996,10.1918],[105.9132,10.1924],[105.9197,10.2116],[105.9122,10.2269],[105.9012,10.2342],[105.9019,10.245],[105.8903,10.2443],[105.8773,10.2643],[105.8935,10.276],[105.8738,10.2917],[105.837,10.2989],[105.8154,10.2972],[105.7947,10.2876],[105.7844,10.2899],[105.7766,10.2855],[105.781,10.2811],[105.7752,10.2705],[105.7572,10.2726],[105.7311,10.2614],[105.7121,10.2642],[105.7112,10.2548],[105.7228,10.2461],[105.7249,10.2347],[105.7173,10.2273],[105.7088,10.2265],[105.7057,10.2191],[105.7477,10.1969],[105.7658,10.1793],[105.7748,10.189],[105.8011,10.1555],[105.8325,10.1497]]]}},{"type":"Feature","properties":{"gid":"VNM.18.5_1","provZh":"同塔省","name2":"Hồng Ngự","type2":"Huyện","engtype2":"District"},"geometry":{"type":"Polygon","coordinates":[[[105.3029,10.7164],[105.3425,10.7219],[105.3507,10.7127],[105.3461,10.6924],[105.3627,10.6948],[105.3738,10.7032],[105.3582,10.7365],[105.3541,10.7617],[105.3351,10.8079],[105.3127,10.8225],[105.3193,10.8399],[105.3262,10.8434],[105.3423,10.8381],[105.3376,10.8647],[105.3362,10.8603],[105.2649,10.8968],[105.2387,10.8928],[105.1894,10.9118],[105.1854,10.8832],[105.1942,10.8471],[105.2095,10.8495],[105.2347,10.8057],[105.2613,10.7999],[105.2606,10.7723],[105.2724,10.7647],[105.3038,10.7588],[105.303,10.7501],[105.2755,10.7285],[105.2867,10.7188],[105.3029,10.7164]]]}},{"type":"Feature","properties":{"gid":"VNM.18.4_1","provZh":"同塔省","name2":"Hồng Ngự (Thị xã)","type2":"Thị xã","engtype2":"Town"},"geometry":{"type":"Polygon","coordinates":[[[105.3882,10.7656],[105.4501,10.7848],[105.4373,10.814],[105.3716,10.8981],[105.3686,10.8883],[105.3596,10.8869],[105.3596,10.8801],[105.3376,10.8647],[105.3423,10.8381],[105.3262,10.8434],[105.3193,10.8399],[105.3127,10.8225],[105.3351,10.8079],[105.3558,10.7511],[105.3882,10.7656]]]}},{"type":"Feature","properties":{"gid":"VNM.18.7_1","provZh":"同塔省","name2":"Lai Vung","type2":"Huyện","engtype2":"District"},"geometry":{"type":"Polygon","coordinates":[[[105.6463,10.1668],[105.6569,10.1513],[105.6823,10.1345],[105.7279,10.2049],[105.7057,10.2191],[105.7088,10.2265],[105.7173,10.2273],[105.7249,10.2347],[105.7228,10.2461],[105.7112,10.2548],[105.7121,10.2642],[105.7186,10.265],[105.7169,10.2773],[105.7349,10.2916],[105.7226,10.297],[105.714,10.3248],[105.7202,10.3298],[105.7182,10.3406],[105.7046,10.3543],[105.6994,10.3529],[105.6963,10.3372],[105.6905,10.3375],[105.6906,10.3319],[105.6804,10.3238],[105.688,10.3179],[105.6865,10.3142],[105.6614,10.2985],[105.6508,10.3026],[105.6373,10.3207],[105.6352,10.3081],[105.6023,10.3199],[105.5949,10.3144],[105.5764,10.3132],[105.574,10.3191],[105.5646,10.2971],[105.5663,10.2904],[105.5615,10.2879],[105.5588,10.2786],[105.6046,10.233],[105.6165,10.2137],[105.6249,10.1864],[105.6463,10.1668]]]}},{"type":"Feature","properties":{"gid":"VNM.18.6_1","provZh":"同塔省","name2":"Lấp Vò","type2":"Huyện","engtype2":"District"},"geometry":{"type":"Polygon","coordinates":[[[105.4954,10.3253],[105.5127,10.308],[105.5588,10.2786],[105.574,10.3191],[105.5764,10.3132],[105.5949,10.3144],[105.6023,10.3199],[105.6352,10.3081],[105.6373,10.3207],[105.6508,10.3026],[105.6614,10.2985],[105.6865,10.3142],[105.688,10.3179],[105.6804,10.3238],[105.6906,10.3319],[105.6905,10.3375],[105.6963,10.3372],[105.6994,10.3529],[105.703,10.3516],[105.7092,10.3604],[105.7201,10.3885],[105.6913,10.406],[105.6501,10.4127],[105.6118,10.4088],[105.5937,10.4114],[105.581,10.4179],[105.574,10.4287],[105.5548,10.4343],[105.5465,10.4205],[105.5522,10.4165],[105.5396,10.4132],[105.5318,10.4082],[105.5297,10.4004],[105.5238,10.4001],[105.529,10.3771],[105.5206,10.3695],[105.521,10.3634],[105.4911,10.3455],[105.4877,10.3346],[105.4954,10.3253]]]}},{"type":"Feature","properties":{"gid":"VNM.18.8_1","provZh":"同塔省","name2":"Sa Đéc","type2":"Thành phố","engtype2":"City"},"geometry":{"type":"Polygon","coordinates":[[[105.7691,10.3057],[105.7423,10.3714],[105.7374,10.3775],[105.7206,10.3821],[105.7117,10.3746],[105.7046,10.3543],[105.7182,10.3406],[105.7202,10.3298],[105.714,10.3248],[105.7226,10.297],[105.7349,10.2916],[105.7169,10.2773],[105.7186,10.265],[105.7311,10.2614],[105.7572,10.2726],[105.7752,10.2705],[105.781,10.2811],[105.7766,10.2855],[105.7844,10.2899],[105.7691,10.3057]]]}},{"type":"Feature","properties":{"gid":"VNM.18.9_1","provZh":"同塔省","name2":"Tam Nông","type2":"Huyện","engtype2":"District"},"geometry":{"type":"Polygon","coordinates":[[[105.496,10.6634],[105.5899,10.6481],[105.6301,10.6519],[105.6357,10.6723],[105.672,10.7416],[105.6815,10.7514],[105.6044,10.8231],[105.3975,10.7701],[105.3558,10.7511],[105.3905,10.658],[105.4138,10.674],[105.4254,10.6581],[105.4427,10.6665],[105.4562,10.6486],[105.4625,10.6513],[105.4695,10.6645],[105.496,10.6634]]]}},{"type":"Feature","properties":{"gid":"VNM.18.10_1","provZh":"同塔省","name2":"Tân Hồng","type2":"Huyện","engtype2":"District"},"geometry":{"type":"Polygon","coordinates":[[[105.4232,10.8302],[105.4373,10.814],[105.4501,10.7848],[105.6021,10.8218],[105.5959,10.8306],[105.6127,10.832],[105.5826,10.8919],[105.5163,10.9224],[105.4991,10.9531],[105.4961,10.9481],[105.4842,10.9519],[105.4832,10.9577],[105.4735,10.9647],[105.4646,10.9641],[105.4516,10.955],[105.4322,10.9733],[105.426,10.9722],[105.4081,10.9312],[105.3885,10.9206],[105.3806,10.903],[105.3715,10.9006],[105.4232,10.8302]]]}},{"type":"Feature","properties":{"gid":"VNM.18.11_1","provZh":"同塔省","name2":"Thanh Bình","type2":"Huyện","engtype2":"District"},"geometry":{"type":"Polygon","coordinates":[[[105.5029,10.5453],[105.5132,10.547],[105.532,10.5378],[105.5532,10.5167],[105.5601,10.5211],[105.6239,10.6493],[105.5899,10.6481],[105.4695,10.6645],[105.4625,10.6513],[105.4562,10.6486],[105.4427,10.6665],[105.4254,10.6581],[105.4138,10.674],[105.3905,10.658],[105.3738,10.7032],[105.3627,10.6948],[105.3461,10.6924],[105.338,10.6734],[105.3413,10.641],[105.3711,10.5732],[105.3937,10.5689],[105.4151,10.5505],[105.4458,10.5528],[105.4787,10.5355],[105.5029,10.5453]]]}},{"type":"Feature","properties":{"gid":"VNM.18.12_1","provZh":"同塔省","name2":"Tháp Mười","type2":"Huyện","engtype2":"District"},"geometry":{"type":"Polygon","coordinates":[[[105.91,10.5386],[105.8347,10.6383],[105.8079,10.6536],[105.7806,10.6588],[105.6815,10.7514],[105.672,10.7416],[105.6357,10.6723],[105.6482,10.6712],[105.6451,10.6655],[105.6614,10.6577],[105.6796,10.6547],[105.6791,10.647],[105.692,10.6407],[105.7029,10.6085],[105.7248,10.6043],[105.7347,10.5823],[105.7189,10.5037],[105.7347,10.4957],[105.7678,10.4898],[105.766,10.4702],[105.8227,10.4701],[105.8157,10.3704],[105.8446,10.3662],[105.8595,10.4078],[105.9416,10.4944],[105.9417,10.5365],[105.91,10.5386]]]}},{"type":"Feature","properties":{"gid":"VNM.21.1_1","provZh":"嘉莱省","name2":"An Khê","type2":"Thị xã","engtype2":"Town"},"geometry":{"type":"Polygon","coordinates":[[[108.6867,13.9565],[108.6921,13.9664],[108.6971,13.9469],[108.7048,13.9462],[108.7216,13.9326],[108.7261,13.9341],[108.7465,13.9131],[108.7444,13.9337],[108.7487,13.9475],[108.7553,13.9472],[108.7523,13.9567],[108.7571,13.9695],[108.7523,13.9804],[108.7639,13.993],[108.7527,14.0186],[108.7575,14.0259],[108.755,14.0456],[108.7338,14.0526],[108.7217,14.0659],[108.7123,14.0965],[108.6998,14.1067],[108.6993,14.1135],[108.6923,14.1151],[108.6937,14.1202],[108.6868,14.1283],[108.6614,14.1095],[108.6577,14.0879],[108.6468,14.0792],[108.6619,14.0327],[108.6525,14.0268],[108.6425,14.0293],[108.6219,14.0186],[108.6359,14.0165],[108.6329,14.0139],[108.6363,14.0082],[108.6286,14.0014],[108.6356,13.9984],[108.6303,13.9837],[108.6383,13.9832],[108.6336,13.9705],[108.6364,13.9397],[108.6467,13.9443],[108.66,13.9394],[108.6741,13.9523],[108.6867,13.9565]]]}},{"type":"Feature","properties":{"gid":"VNM.21.2_1","provZh":"嘉莱省","name2":"Ayun Pa","type2":"Thị xã","engtype2":"Town"},"geometry":{"type":"Polygon","coordinates":[[[108.4292,13.1903],[108.4368,13.1793],[108.4377,13.1857],[108.4552,13.193],[108.4594,13.2124],[108.4556,13.2247],[108.468,13.2368],[108.4603,13.2476],[108.4637,13.2612],[108.4538,13.2769],[108.4589,13.2884],[108.4664,13.2967],[108.4824,13.3004],[108.5018,13.3483],[108.5078,13.3473],[108.5249,13.3626],[108.5221,13.369],[108.5138,13.3602],[108.5077,13.3724],[108.4913,13.3833],[108.4833,13.3795],[108.4946,13.3732],[108.4897,13.3628],[108.4655,13.3715],[108.4543,13.3889],[108.4537,13.3978],[108.4601,13.4059],[108.4553,13.4187],[108.4499,13.4184],[108.4455,13.4253],[108.4404,13.4193],[108.4353,13.4215],[108.4379,13.4286],[108.4306,13.4296],[108.432,13.438],[108.4263,13.4406],[108.4141,13.4195],[108.3974,13.4216],[108.3979,13.4168],[108.3923,13.4187],[108.3857,13.412],[108.3824,13.4182],[108.3735,13.4158],[108.3715,13.4106],[108.3471,13.415],[108.3385,13.4119],[108.3333,13.3983],[108.3251,13.3942],[108.3216,13.3586],[108.3107,13.3506],[108.3115,13.3464],[108.3371,13.3379],[108.347,13.3392],[108.3457,13.3321],[108.3529,13.3297],[108.3558,13.3154],[108.3621,13.3149],[108.3725,13.3025],[108.3686,13.2953],[108.3733,13.2882],[108.3722,13.2674],[108.3886,13.257],[108.3985,13.2557],[108.4052,13.2604],[108.4109,13.2477],[108.4215,13.2407],[108.4174,13.2346],[108.4222,13.2269],[108.4164,13.2223],[108.4292,13.1903]]]}},{"type":"Feature","properties":{"gid":"VNM.21.3_1","provZh":"嘉莱省","name2":"Chư Păh","type2":"Huyện","engtype2":"District"},"geometry":{"type":"Polygon","coordinates":[[[108.0522,14.0806],[108.0542,14.1058],[108.073,14.104],[108.078,14.096],[108.0891,14.1021],[108.0858,14.1104],[108.0928,14.1153],[108.0845,14.1431],[108.0909,14.1514],[108.0822,14.156],[108.0786,14.1756],[108.1078,14.2003],[108.1059,14.2037],[108.1111,14.2054],[108.1161,14.2182],[108.126,14.2252],[108.1297,14.2229],[108.1451,14.2302],[108.1497,14.2264],[108.1614,14.2322],[108.1812,14.2153],[108.1948,14.2188],[108.1968,14.2361],[108.2134,14.2689],[108.2022,14.2833],[108.2079,14.2995],[108.2062,14.3135],[108.2115,14.3218],[108.2052,14.3266],[108.1967,14.3214],[108.1946,14.3351],[108.2063,14.3528],[108.2131,14.3529],[108.2278,14.3692],[108.2324,14.3893],[108.2293,14.3919],[108.2094,14.3867],[108.203,14.3747],[108.1984,14.3766],[108.1875,14.368],[108.1698,14.3682],[108.1604,14.3631],[108.1521,14.3485],[108.1457,14.3479],[108.1422,14.3535],[108.1494,14.3603],[108.1346,14.3553],[108.1155,14.3633],[108.1085,14.3535],[108.1122,14.3455],[108.1046,14.3436],[108.1044,14.3376],[108.079,14.3331],[108.0806,14.327],[108.0875,14.3241],[108.0889,14.3147],[108.0811,14.3136],[108.073,14.3054],[108.06,14.2655],[108.0397,14.2767],[108.0123,14.2406],[107.9894,14.2459],[107.9729,14.2372],[107.9494,14.243],[107.9333,14.2409],[107.9029,14.2746],[107.8768,14.2824],[107.8728,14.2762],[107.8501,14.2754],[107.8362,14.2672],[107.8378,14.2346],[107.8283,14.2329],[107.8175,14.2137],[107.8069,14.2126],[107.7837,14.2255],[107.7785,14.2162],[107.7733,14.2191],[107.7638,14.2132],[107.7601,14.2022],[107.7234,14.2157],[107.6995,14.2155],[107.6878,14.2211],[107.6782,14.2],[107.6782,14.1884],[107.6584,14.1636],[107.6652,14.1376],[107.6691,14.1404],[107.6818,14.1306],[107.7386,14.1227],[107.7342,14.1088],[107.7491,14.1],[107.7491,14.0766],[107.7647,14.0811],[107.7718,14.0768],[107.7754,14.0842],[107.7943,14.0747],[107.814,14.0783],[107.8279,14.0732],[107.8641,14.0788],[107.8752,14.0827],[107.8876,14.1055],[107.8884,14.1],[107.9052,14.1015],[107.9283,14.0907],[107.9375,14.0803],[107.9382,14.0857],[107.9506,14.0749],[107.958,14.0752],[107.9622,14.0517],[107.9796,14.0515],[107.9855,14.0545],[107.987,14.0637],[108.0119,14.0563],[108.033,14.0801],[108.041,14.0754],[108.0522,14.0806]]]}},{"type":"Feature","properties":{"gid":"VNM.21.4_1","provZh":"嘉莱省","name2":"Chư Prông","type2":"Huyện","engtype2":"District"},"geometry":{"type":"Polygon","coordinates":[[[107.6166,13.3367],[107.6028,13.3015],[107.6161,13.312],[107.6291,13.3145],[107.631,13.3212],[107.6392,13.3221],[107.6404,13.329],[107.6489,13.3257],[107.6498,13.3426],[107.6629,13.3504],[107.6708,13.3496],[107.6743,13.3573],[107.6845,13.3638],[107.6889,13.362],[107.693,13.3707],[107.7044,13.3749],[107.7101,13.3697],[107.7172,13.3742],[107.7296,13.3661],[107.7487,13.3634],[107.752,13.3698],[107.7632,13.3719],[107.765,13.3649],[107.7922,13.3819],[107.7999,13.3812],[107.7976,13.3875],[107.8014,13.3938],[107.8169,13.3928],[107.8392,13.4005],[107.8517,13.3893],[107.8765,13.3936],[107.8866,13.3849],[107.9072,13.3889],[107.9207,13.3798],[107.9323,13.4318],[107.9229,13.4512],[107.9271,13.458],[107.9314,13.4546],[107.9494,13.4662],[107.9485,13.4805],[107.9335,13.4957],[107.9378,13.5061],[107.9189,13.5126],[107.923,13.5234],[107.9184,13.531],[107.9411,13.5692],[107.9452,13.5913],[107.9604,13.5914],[107.971,13.5967],[107.9697,13.611],[107.9769,13.6224],[107.9932,13.6252],[108.0,13.634],[108.0116,13.6374],[108.0174,13.6551],[108.0031,13.7123],[108.0085,13.7478],[107.995,13.7641],[107.9986,13.7749],[108.0137,13.7819],[108.0038,13.7959],[108.019,13.7996],[108.0067,13.8316],[107.999,13.8295],[107.998,13.8345],[107.9988,13.8664],[108.0124,13.8809],[107.9995,13.8759],[107.984,13.8516],[107.9642,13.8339],[107.9641,13.8463],[107.9741,13.8588],[107.969,13.8668],[107.9481,13.8636],[107.9422,13.8699],[107.9176,13.8615],[107.9147,13.8681],[107.8959,13.8691],[107.8947,13.8772],[107.8812,13.8714],[107.8655,13.8796],[107.8405,13.8778],[107.8393,13.8591],[107.8249,13.8524],[107.8211,13.8403],[107.8268,13.8253],[107.8251,13.8161],[107.8333,13.8099],[107.8266,13.8019],[107.8223,13.7812],[107.8228,13.7721],[107.8307,13.7684],[107.827,13.7661],[107.8304,13.7628],[107.8125,13.7637],[107.8067,13.742],[107.7663,13.7189],[107.7677,13.7074],[107.7638,13.7079],[107.7531,13.692],[107.7279,13.6991],[107.7084,13.7112],[107.6626,13.6798],[107.6629,13.6713],[107.6449,13.6583],[107.6382,13.6605],[107.6309,13.6433],[107.6166,13.6338],[107.6164,13.6273],[107.6007,13.6214],[107.5969,13.6283],[107.5756,13.6233],[107.617,13.5259],[107.6277,13.3665],[107.6166,13.3367]]]}},{"type":"Feature","properties":{"gid":"VNM.21.5_1","provZh":"嘉莱省","name2":"Chư Pưh","type2":"Huyện","engtype2":"District"},"geometry":{"type":"Polygon","coordinates":[[[108.0666,13.4088],[108.073,13.3996],[108.0794,13.4045],[108.0807,13.3999],[108.0898,13.4089],[108.1069,13.4097],[108.113,13.4165],[108.1255,13.4091],[108.1443,13.4076],[108.1511,13.3996],[108.1611,13.4012],[108.1778,13.3837],[108.2033,13.3733],[108.2092,13.3765],[108.2071,13.3866],[108.2195,13.3867],[108.2243,13.3916],[108.2236,13.4246],[108.2161,13.4487],[108.2022,13.4518],[108.2319,13.4745],[108.2332,13.5353],[108.21,13.5333],[108.2007,13.5445],[108.1933,13.5433],[108.1667,13.5986],[108.1414,13.6335],[108.1419,13.644],[108.1102,13.6364],[108.1024,13.6441],[108.1058,13.6167],[108.0725,13.6265],[108.0679,13.6227],[108.0632,13.5954],[108.0499,13.5915],[108.0419,13.5808],[108.0241,13.6102],[107.996,13.5998],[107.9901,13.6065],[107.9816,13.6044],[107.9697,13.611],[107.971,13.5967],[107.9604,13.5914],[107.9452,13.5913],[107.9411,13.5692],[107.9184,13.531],[107.923,13.5234],[107.9189,13.5126],[107.9378,13.5061],[107.9335,13.4957],[107.9485,13.4805],[107.9494,13.4662],[107.9314,13.4546],[107.9271,13.458],[107.9229,13.4512],[107.9323,13.4318],[107.9207,13.3798],[107.9425,13.3734],[107.9496,13.3854],[107.9586,13.3804],[107.9742,13.3813],[107.9812,13.3837],[107.9838,13.3927],[107.9979,13.3905],[108.0094,13.381],[108.0334,13.3957],[108.0359,13.4028],[108.0454,13.4009],[108.0535,13.4123],[108.0574,13.4075],[108.0666,13.4088]]]}},{"type":"Feature","properties":{"gid":"VNM.21.6_1","provZh":"嘉莱省","name2":"Chư Sê","type2":"Huyện","engtype2":"District"},"geometry":{"type":"Polygon","coordinates":[[[108.1834,13.5649],[108.1933,13.5433],[108.2007,13.5445],[108.21,13.5333],[108.2332,13.5353],[108.2376,13.5636],[108.2339,13.5793],[108.262,13.6186],[108.2678,13.6358],[108.2768,13.6424],[108.2756,13.6653],[108.3008,13.661],[108.3158,13.6761],[108.2945,13.6782],[108.2644,13.705],[108.2528,13.7088],[108.2392,13.6966],[108.2334,13.6838],[108.1828,13.6831],[108.1896,13.7491],[108.1705,13.7533],[108.1771,13.7647],[108.1755,13.7697],[108.1656,13.7721],[108.1763,13.7802],[108.1734,13.7861],[108.1605,13.7894],[108.1677,13.8075],[108.1625,13.8128],[108.1774,13.8356],[108.1667,13.8367],[108.1591,13.8499],[108.1332,13.8469],[108.1212,13.8603],[108.1058,13.863],[108.0985,13.8586],[108.0774,13.861],[108.056,13.8517],[108.0316,13.8554],[108.0287,13.8515],[108.0133,13.8581],[108.0078,13.8493],[107.9985,13.8549],[107.999,13.8295],[108.0067,13.8316],[108.019,13.7996],[108.0038,13.7959],[108.0137,13.7819],[107.9986,13.7749],[107.995,13.7641],[108.0085,13.7478],[108.0031,13.7123],[108.0174,13.6551],[108.0116,13.6374],[108.0,13.634],[107.9932,13.6252],[107.9785,13.6243],[107.9724,13.6112],[107.9816,13.6044],[107.9901,13.6065],[107.996,13.5998],[108.0241,13.6102],[108.0419,13.5808],[108.0499,13.5915],[108.0632,13.5954],[108.0679,13.6227],[108.0725,13.6265],[108.1058,13.6167],[108.1024,13.6441],[108.1102,13.6364],[108.1419,13.644],[108.1414,13.6335],[108.1667,13.5986],[108.1834,13.5649]]]}},{"type":"Feature","properties":{"gid":"VNM.21.8_1","provZh":"嘉莱省","name2":"Đăk Đoa","type2":"Huyện","engtype2":"District"},"geometry":{"type":"Polygon","coordinates":[[[108.1058,13.863],[108.1212,13.8603],[108.1332,13.8469],[108.1569,13.8508],[108.1667,13.8367],[108.1774,13.8356],[108.1786,13.8433],[108.188,13.84],[108.1857,13.8484],[108.1897,13.8516],[108.1959,13.8487],[108.2049,13.8504],[108.2101,13.8571],[108.2161,13.8545],[108.2251,13.8653],[108.2185,13.8699],[108.2273,13.8727],[108.2335,13.8884],[108.2448,13.8925],[108.244,13.8982],[108.2323,13.9073],[108.236,13.917],[108.2225,13.9141],[108.2311,13.9183],[108.2257,13.9266],[108.2324,13.9276],[108.2307,13.9387],[108.2356,13.942],[108.2239,13.9438],[108.2281,13.9484],[108.2251,13.9574],[108.2329,13.9568],[108.2344,13.9616],[108.2261,13.972],[108.2273,13.9834],[108.2172,14.0123],[108.2242,14.0145],[108.2123,14.0303],[108.215,14.0403],[108.2109,14.0542],[108.2164,14.0743],[108.2227,14.0802],[108.2356,14.076],[108.2396,14.0667],[108.2632,14.0754],[108.2542,14.0879],[108.2628,14.1047],[108.2572,14.1163],[108.269,14.1197],[108.2622,14.1456],[108.2488,14.1498],[108.2553,14.1598],[108.2655,14.1576],[108.2675,14.1682],[108.2599,14.1807],[108.2655,14.1932],[108.2652,14.2009],[108.2599,14.2049],[108.2658,14.21],[108.2626,14.2127],[108.269,14.2239],[108.2644,14.2253],[108.2809,14.2386],[108.2962,14.2292],[108.3064,14.2311],[108.3098,14.2393],[108.3217,14.2349],[108.3178,14.2519],[108.3229,14.2767],[108.3123,14.2979],[108.3148,14.3203],[108.3084,14.334],[108.3122,14.3465],[108.3066,14.3657],[108.31,14.371],[108.2974,14.3843],[108.2966,14.392],[108.2666,14.3864],[108.2431,14.3974],[108.2324,14.3893],[108.2278,14.3692],[108.2131,14.3529],[108.2063,14.3528],[108.1946,14.3351],[108.1967,14.3214],[108.2052,14.3266],[108.2115,14.3218],[108.2062,14.3135],[108.2079,14.2995],[108.2022,14.2833],[108.2134,14.2689],[108.1968,14.2361],[108.1948,14.2188],[108.1812,14.2153],[108.1614,14.2322],[108.1497,14.2264],[108.1451,14.2302],[108.1297,14.2229],[108.126,14.2252],[108.1161,14.2182],[108.1111,14.2054],[108.1059,14.2037],[108.1078,14.2003],[108.0786,14.1756],[108.0822,14.156],[108.0909,14.1514],[108.0845,14.1431],[108.0928,14.1153],[108.0858,14.1104],[108.0891,14.1021],[108.078,14.096],[108.073,14.104],[108.0542,14.1058],[108.0514,14.0765],[108.0387,14.0661],[108.039,14.0413],[108.054,14.0353],[108.0517,14.0304],[108.0601,14.007],[108.0687,14.0059],[108.0688,13.9999],[108.0892,14.0043],[108.0992,13.9802],[108.09,13.9765],[108.0916,13.9658],[108.0852,13.9614],[108.0778,13.9641],[108.0754,13.9506],[108.0468,13.9418],[108.0481,13.9221],[108.0291,13.9101],[108.0293,13.8972],[108.019,13.8929],[108.0201,13.8839],[107.9988,13.8664],[107.9985,13.8549],[108.0078,13.8493],[108.0133,13.8581],[108.0287,13.8515],[108.0316,13.8554],[108.056,13.8517],[108.0774,13.861],[108.0985,13.8586],[108.1058,13.863]]]}},{"type":"Feature","properties":{"gid":"VNM.21.9_1","provZh":"嘉莱省","name2":"Đăk Pơ","type2":"Huyện","engtype2":"District"},"geometry":{"type":"Polygon","coordinates":[[[108.7489,13.9001],[108.7423,13.9106],[108.7465,13.9131],[108.7308,13.9303],[108.6971,13.9469],[108.6921,13.9664],[108.6897,13.9584],[108.6741,13.9523],[108.66,13.9394],[108.6467,13.9443],[108.6364,13.9397],[108.6336,13.9705],[108.6383,13.9832],[108.6303,13.9837],[108.6356,13.9984],[108.6286,14.0014],[108.6363,14.0082],[108.6338,14.0177],[108.6196,14.0185],[108.6055,14.0094],[108.5955,14.0205],[108.5883,13.9999],[108.5838,13.9997],[108.5805,14.0154],[108.5686,14.0063],[108.5623,14.0108],[108.5542,14.0077],[108.5468,14.0124],[108.5198,14.0133],[108.511,14.026],[108.4788,14.0439],[108.4697,14.0579],[108.4565,14.0572],[108.4447,14.0681],[108.4343,14.0569],[108.431,14.0384],[108.4344,14.0286],[108.4238,14.0287],[108.4203,14.0225],[108.4232,14.007],[108.4164,13.9977],[108.4167,13.9697],[108.4289,13.9685],[108.4307,13.9599],[108.4526,13.9605],[108.4575,13.9476],[108.4638,13.9468],[108.472,13.9373],[108.473,13.9295],[108.4933,13.9219],[108.5001,13.9145],[108.4994,13.9045],[108.5102,13.8853],[108.5216,13.8942],[108.5169,13.9037],[108.5245,13.9063],[108.5473,13.9032],[108.5445,13.8874],[108.5506,13.8813],[108.5597,13.8918],[108.5711,13.8838],[108.5783,13.891],[108.5982,13.8884],[108.6036,13.8795],[108.5987,13.8726],[108.6044,13.8641],[108.6138,13.8584],[108.6239,13.8594],[108.6285,13.8425],[108.6336,13.8457],[108.6587,13.831],[108.6592,13.8224],[108.6689,13.8217],[108.6768,13.8365],[108.6961,13.843],[108.7073,13.8399],[108.7198,13.8296],[108.7316,13.8103],[108.7308,13.7994],[108.7437,13.8048],[108.7511,13.7894],[108.7745,13.7972],[108.7925,13.8221],[108.7965,13.8215],[108.7974,13.8345],[108.793,13.8402],[108.7977,13.8452],[108.772,13.8664],[108.7637,13.8925],[108.7489,13.9001]]]}},{"type":"Feature","properties":{"gid":"VNM.21.7_1","provZh":"嘉莱省","name2":"Đức Cơ","type2":"Huyện","engtype2":"District"},"geometry":{"type":"Polygon","coordinates":[[[107.5724,13.6254],[107.5746,13.6202],[107.5785,13.6254],[107.5969,13.6283],[107.6007,13.6214],[107.6164,13.6273],[107.6166,13.6338],[107.6309,13.6433],[107.6382,13.6605],[107.6449,13.6583],[107.6629,13.6713],[107.6626,13.6798],[107.7084,13.7112],[107.7279,13.6991],[107.7531,13.692],[107.7638,13.7079],[107.7677,13.7074],[107.7663,13.7189],[107.8067,13.742],[107.8125,13.7637],[107.8304,13.7628],[107.827,13.7661],[107.8307,13.7684],[107.8228,13.7721],[107.8223,13.7812],[107.8266,13.8019],[107.8333,13.8099],[107.8251,13.8161],[107.8204,13.8774],[107.797,13.8779],[107.7827,13.8828],[107.7828,13.8868],[107.7511,13.8889],[107.7423,13.8998],[107.7355,13.8994],[107.7364,13.9147],[107.7105,13.9224],[107.6997,13.9164],[107.6824,13.8955],[107.675,13.874],[107.6648,13.869],[107.6687,13.8629],[107.6606,13.8522],[107.5786,13.8406],[107.5559,13.8525],[107.5371,13.8492],[107.5302,13.8416],[107.4747,13.8623],[107.4698,13.8459],[107.4555,13.8283],[107.4617,13.8161],[107.4514,13.7946],[107.4695,13.7796],[107.4934,13.7728],[107.5358,13.7415],[107.5523,13.6941],[107.5705,13.6627],[107.5724,13.6254]]]}},{"type":"Feature","properties":{"gid":"VNM.21.10_1","provZh":"嘉莱省","name2":"Ia Grai","type2":"Huyện","engtype2":"District"},"geometry":{"type":"Polygon","coordinates":[[[107.4717,13.8575],[107.4733,13.8533],[107.4747,13.8623],[107.4885,13.8603],[107.5041,13.8498],[107.5302,13.8416],[107.5371,13.8492],[107.5559,13.8525],[107.5786,13.8406],[107.6606,13.8522],[107.6687,13.8629],[107.6648,13.869],[107.675,13.874],[107.6824,13.8955],[107.6997,13.9164],[107.7105,13.9224],[107.7364,13.9147],[107.7355,13.8994],[107.7423,13.8998],[107.7511,13.8889],[107.7828,13.8868],[107.7827,13.8828],[107.797,13.8779],[107.8172,13.8797],[107.8249,13.8524],[107.8334,13.8545],[107.8393,13.8591],[107.8379,13.8724],[107.8462,13.8878],[107.8464,13.8984],[107.8392,13.904],[107.8418,13.9062],[107.9349,13.9012],[107.9467,13.919],[107.9472,13.9239],[107.94,13.928],[107.94,13.941],[107.9573,13.9525],[107.9524,13.9608],[107.9825,13.9693],[107.9888,13.9918],[107.986,14.0032],[107.982,14.0112],[107.961,14.0097],[107.9596,14.0183],[107.965,14.02],[107.961,14.0233],[107.9648,14.0293],[107.9629,14.0391],[107.9841,14.0399],[107.9853,14.0502],[107.9622,14.0517],[107.9587,14.0748],[107.9506,14.0749],[107.9382,14.0857],[107.9375,14.0803],[107.9283,14.0907],[107.9052,14.1015],[107.8884,14.1],[107.8876,14.1055],[107.8752,14.0827],[107.8641,14.0788],[107.8279,14.0732],[107.814,14.0783],[107.7943,14.0747],[107.7754,14.0842],[107.7718,14.0768],[107.7647,14.0811],[107.7491,14.0766],[107.7491,14.1],[107.7342,14.1088],[107.7386,14.1227],[107.6818,14.1306],[107.6681,14.1401],[107.6611,14.1307],[107.6576,14.1034],[107.6485,14.0991],[107.6574,14.085],[107.65,14.0665],[107.6334,14.0537],[107.614,14.0634],[107.6128,14.0536],[107.6015,14.0458],[107.6007,14.0292],[107.5924,14.0223],[107.5704,14.019],[107.5511,14.0251],[107.5417,14.0113],[107.5212,14.0135],[107.5257,13.9824],[107.5124,13.9841],[107.502,13.9708],[107.4691,13.953],[107.4705,13.9355],[107.4577,13.9237],[107.4727,13.9193],[107.4707,13.8923],[107.454,13.8708],[107.4717,13.8575]]]}},{"type":"Feature","properties":{"gid":"VNM.21.11_1","provZh":"嘉莱省","name2":"Ia Pa","type2":"Huyện","engtype2":"District"},"geometry":{"type":"Polygon","coordinates":[[[108.5221,13.369],[108.5249,13.3626],[108.5586,13.3867],[108.5738,13.4012],[108.5795,13.4185],[108.5902,13.4172],[108.5955,13.4227],[108.6096,13.4179],[108.6173,13.4231],[108.6308,13.4191],[108.6337,13.4263],[108.6532,13.4294],[108.6569,13.4403],[108.6692,13.4433],[108.6761,13.4573],[108.6861,13.4653],[108.6969,13.4682],[108.7132,13.4635],[108.7149,13.4729],[108.7031,13.486],[108.7124,13.4997],[108.7141,13.5177],[108.7267,13.5194],[108.7326,13.5287],[108.7323,13.539],[108.7414,13.5569],[108.7249,13.5761],[108.6566,13.5892],[108.6399,13.6085],[108.5748,13.6156],[108.5681,13.6277],[108.5541,13.6307],[108.5222,13.6127],[108.4796,13.6129],[108.466,13.6291],[108.4591,13.6501],[108.4691,13.6654],[108.4584,13.661],[108.4508,13.6635],[108.3963,13.6932],[108.3555,13.6889],[108.336,13.6732],[108.3321,13.679],[108.318,13.6769],[108.3008,13.661],[108.2827,13.6614],[108.2891,13.6476],[108.3046,13.639],[108.3242,13.6187],[108.3426,13.6086],[108.3591,13.6091],[108.3881,13.5983],[108.3877,13.5705],[108.3962,13.5639],[108.3915,13.5405],[108.4247,13.5266],[108.4123,13.4861],[108.417,13.478],[108.4138,13.4745],[108.4211,13.4735],[108.4166,13.4724],[108.4138,13.4603],[108.4169,13.4551],[108.4248,13.4575],[108.427,13.4435],[108.4318,13.4478],[108.437,13.4457],[108.4308,13.4416],[108.4299,13.4331],[108.4379,13.4286],[108.4353,13.4215],[108.4404,13.4193],[108.4455,13.4253],[108.4499,13.4184],[108.4553,13.4187],[108.4601,13.4059],[108.4538,13.3915],[108.4629,13.3745],[108.4897,13.3628],[108.4946,13.3732],[108.4833,13.3795],[108.4913,13.3833],[108.5077,13.3724],[108.5138,13.3602],[108.5221,13.369]]]}},{"type":"Feature","properties":{"gid":"VNM.21.12_1","provZh":"嘉莱省","name2":"KBang","type2":"Huyện","engtype2":"District"},"geometry":{"type":"Polygon","coordinates":[[[108.6425,14.0293],[108.6525,14.0268],[108.6619,14.0327],[108.6468,14.0792],[108.6577,14.0879],[108.6614,14.1095],[108.6868,14.1283],[108.6767,14.1492],[108.679,14.1574],[108.6672,14.1663],[108.678,14.1782],[108.6744,14.183],[108.682,14.1927],[108.6823,14.199],[108.6747,14.2073],[108.6767,14.2233],[108.6705,14.224],[108.6657,14.2337],[108.6662,14.2517],[108.6556,14.2596],[108.6547,14.2709],[108.661,14.2803],[108.6475,14.2967],[108.6435,14.3094],[108.6471,14.3208],[108.6403,14.3275],[108.6349,14.3474],[108.6243,14.3551],[108.6344,14.3723],[108.6141,14.4123],[108.6178,14.417],[108.6114,14.4247],[108.6133,14.4393],[108.6011,14.4586],[108.6102,14.4539],[108.6169,14.4559],[108.6211,14.4494],[108.6317,14.446],[108.6405,14.453],[108.6435,14.4744],[108.6371,14.4801],[108.6394,14.4855],[108.632,14.4966],[108.6367,14.5054],[108.6299,14.5179],[108.6351,14.525],[108.6276,14.5437],[108.6186,14.5409],[108.6132,14.5316],[108.6064,14.5335],[108.5956,14.5465],[108.5933,14.5643],[108.5476,14.589],[108.5323,14.5776],[108.5282,14.5553],[108.5052,14.5448],[108.489,14.5441],[108.4421,14.5543],[108.4155,14.5708],[108.4093,14.5896],[108.3981,14.6008],[108.3749,14.6009],[108.3671,14.5856],[108.3582,14.5801],[108.357,14.5698],[108.3739,14.5486],[108.3715,14.5369],[108.383,14.5261],[108.3833,14.5204],[108.3267,14.4577],[108.3236,14.4419],[108.2983,14.418],[108.2917,14.4057],[108.2974,14.3843],[108.31,14.371],[108.3066,14.3657],[108.3122,14.3465],[108.3084,14.334],[108.3148,14.3203],[108.3123,14.2979],[108.3229,14.2767],[108.3178,14.2519],[108.3217,14.2349],[108.3376,14.2282],[108.3489,14.208],[108.3617,14.2079],[108.37,14.1748],[108.3785,14.1723],[108.387,14.1564],[108.3935,14.1553],[108.4052,14.168],[108.4136,14.1639],[108.4189,14.1691],[108.4355,14.1691],[108.4463,14.1371],[108.4615,14.1167],[108.4635,14.0918],[108.4458,14.0721],[108.4461,14.0635],[108.4532,14.0634],[108.4565,14.0572],[108.4697,14.0579],[108.4788,14.0439],[108.511,14.026],[108.5198,14.0133],[108.5468,14.0124],[108.5542,14.0077],[108.5623,14.0108],[108.5686,14.0063],[108.5805,14.0154],[108.5838,13.9997],[108.5883,13.9999],[108.5955,14.0205],[108.6055,14.0094],[108.6425,14.0293]]]}},{"type":"Feature","properties":{"gid":"VNM.21.13_1","provZh":"嘉莱省","name2":"Kông Chro","type2":"Huyện","engtype2":"District"},"geometry":{"type":"Polygon","coordinates":[[[108.7133,13.5759],[108.7249,13.5761],[108.7459,13.5554],[108.7491,13.5668],[108.768,13.5615],[108.7743,13.5703],[108.7804,13.5689],[108.7853,13.5776],[108.8147,13.5763],[108.8276,13.5644],[108.8448,13.5638],[108.8511,13.569],[108.8513,13.5843],[108.8392,13.6008],[108.8413,13.6114],[108.8211,13.6539],[108.8224,13.6703],[108.814,13.6962],[108.8332,13.7089],[108.8266,13.7212],[108.8356,13.7417],[108.8343,13.7577],[108.8286,13.7607],[108.8243,13.7755],[108.8271,13.7927],[108.8198,13.801],[108.8011,13.8072],[108.7949,13.8227],[108.7745,13.7972],[108.7511,13.7894],[108.7437,13.8048],[108.7308,13.7994],[108.7316,13.8103],[108.7198,13.8296],[108.6961,13.843],[108.6768,13.8365],[108.6689,13.8217],[108.6592,13.8224],[108.6587,13.831],[108.6336,13.8457],[108.6285,13.8425],[108.6239,13.8594],[108.6138,13.8584],[108.6044,13.8641],[108.5987,13.8726],[108.6036,13.8795],[108.5982,13.8884],[108.5783,13.891],[108.5711,13.8838],[108.5597,13.8918],[108.5506,13.8813],[108.5445,13.8874],[108.5489,13.897],[108.5437,13.9049],[108.519,13.9061],[108.5165,13.9012],[108.5216,13.8942],[108.5102,13.8853],[108.4994,13.9045],[108.5001,13.9145],[108.4933,13.9219],[108.473,13.9295],[108.472,13.9373],[108.4638,13.9468],[108.4575,13.9476],[108.4526,13.9605],[108.4307,13.9599],[108.4289,13.9685],[108.4167,13.9697],[108.404,13.951],[108.3949,13.9505],[108.3893,13.9377],[108.3724,13.9317],[108.3771,13.9201],[108.3661,13.8977],[108.3678,13.8611],[108.3738,13.8501],[108.3644,13.8477],[108.3645,13.8329],[108.3711,13.8186],[108.363,13.801],[108.362,13.7825],[108.3508,13.7739],[108.3604,13.7397],[108.3729,13.7178],[108.3704,13.7145],[108.378,13.7087],[108.3733,13.6971],[108.3963,13.6932],[108.4508,13.6635],[108.4584,13.661],[108.4691,13.6654],[108.4591,13.6501],[108.466,13.6291],[108.4796,13.6129],[108.5222,13.6127],[108.5541,13.6307],[108.5681,13.6277],[108.5748,13.6156],[108.6399,13.6085],[108.6566,13.5892],[108.7133,13.5759]]]}},{"type":"Feature","properties":{"gid":"VNM.21.14_1","provZh":"嘉莱省","name2":"Krông Pa","type2":"Huyện","engtype2":"District"},"geometry":{"type":"Polygon","coordinates":[[[108.6653,13.0027],[108.6795,12.9974],[108.6928,13.0168],[108.7144,13.0174],[108.7568,13.0337],[108.7492,13.0918],[108.76,13.1149],[108.7691,13.1196],[108.7598,13.1257],[108.7618,13.135],[108.7772,13.1377],[108.7764,13.1469],[108.7862,13.1414],[108.7909,13.1475],[108.7956,13.1412],[108.7971,13.1523],[108.8036,13.1517],[108.8042,13.1457],[108.8134,13.1589],[108.8236,13.1535],[108.8272,13.1646],[108.8422,13.1648],[108.8386,13.1706],[108.8448,13.182],[108.8492,13.18],[108.8484,13.1901],[108.8549,13.1938],[108.8478,13.2027],[108.85,13.217],[108.8636,13.2251],[108.8704,13.2458],[108.8678,13.2613],[108.873,13.2791],[108.8675,13.2885],[108.8607,13.2867],[108.8526,13.293],[108.84,13.3231],[108.8081,13.357],[108.8037,13.3899],[108.8073,13.3931],[108.8057,13.4349],[108.7964,13.4522],[108.7902,13.4534],[108.7959,13.4647],[108.794,13.4731],[108.7895,13.4684],[108.7606,13.4647],[108.7567,13.4585],[108.7522,13.4625],[108.7439,13.4565],[108.6956,13.468],[108.6761,13.4573],[108.6692,13.4433],[108.6569,13.4403],[108.6477,13.4258],[108.6337,13.4263],[108.6308,13.4191],[108.6173,13.4231],[108.6096,13.4179],[108.5955,13.4227],[108.5902,13.4172],[108.5795,13.4185],[108.5738,13.4012],[108.5586,13.3867],[108.5078,13.3473],[108.5018,13.3483],[108.4824,13.3004],[108.4636,13.2945],[108.4538,13.2769],[108.4637,13.2612],[108.4603,13.2476],[108.468,13.2368],[108.4556,13.2247],[108.4594,13.2124],[108.4552,13.193],[108.4377,13.1857],[108.4368,13.1793],[108.4638,13.1624],[108.4613,13.1489],[108.4645,13.1411],[108.47,13.1409],[108.457,13.1276],[108.4611,13.1201],[108.4908,13.1084],[108.4884,13.0987],[108.4967,13.0943],[108.4999,13.0844],[108.5189,13.0717],[108.5214,13.0633],[108.5167,13.0602],[108.5108,13.0371],[108.5377,13.0322],[108.568,13.0197],[108.5775,13.0281],[108.5917,13.0295],[108.6141,13.0073],[108.6451,13.0105],[108.6562,12.9992],[108.6653,13.0027]]]}},{"type":"Feature","properties":{"gid":"VNM.21.15_1","provZh":"嘉莱省","name2":"Mang Yang","type2":"Huyện","engtype2":"District"},"geometry":{"type":"Polygon","coordinates":[[[108.2843,13.6896],[108.3013,13.6754],[108.3321,13.679],[108.336,13.6732],[108.3555,13.6889],[108.3788,13.6939],[108.3733,13.6971],[108.378,13.7087],[108.3704,13.7145],[108.3729,13.7178],[108.3604,13.7397],[108.3508,13.7739],[108.362,13.7825],[108.363,13.801],[108.3711,13.8186],[108.3645,13.8329],[108.3644,13.8477],[108.3738,13.8501],[108.3678,13.8611],[108.3661,13.8977],[108.3771,13.9201],[108.3724,13.9317],[108.3839,13.9334],[108.3949,13.9505],[108.404,13.951],[108.4112,13.9592],[108.4167,13.9697],[108.4164,13.9977],[108.4232,14.007],[108.4209,14.0246],[108.4238,14.0287],[108.4344,14.0286],[108.431,14.0384],[108.4343,14.0569],[108.4635,14.0918],[108.4615,14.1167],[108.4463,14.1371],[108.4355,14.1691],[108.4189,14.1691],[108.4136,14.1639],[108.4052,14.168],[108.3935,14.1553],[108.387,14.1564],[108.3785,14.1723],[108.37,14.1748],[108.3617,14.2079],[108.3489,14.208],[108.3376,14.2282],[108.3098,14.2393],[108.3064,14.2311],[108.2962,14.2292],[108.2809,14.2386],[108.2644,14.2253],[108.269,14.2239],[108.2626,14.2127],[108.2658,14.21],[108.2599,14.2049],[108.2652,14.2009],[108.2655,14.1932],[108.2599,14.1807],[108.2675,14.1682],[108.2655,14.1576],[108.2553,14.1598],[108.2488,14.1498],[108.2622,14.1456],[108.269,14.1197],[108.2572,14.1163],[108.2628,14.1047],[108.2542,14.0879],[108.2632,14.0754],[108.2396,14.0667],[108.2356,14.076],[108.2227,14.0802],[108.2164,14.0743],[108.2109,14.0542],[108.215,14.0403],[108.2123,14.0303],[108.2242,14.0145],[108.2172,14.0123],[108.2273,13.9834],[108.2261,13.972],[108.2344,13.9616],[108.2329,13.9568],[108.2251,13.9574],[108.2281,13.9484],[108.2239,13.9438],[108.2356,13.942],[108.2307,13.9387],[108.2324,13.9276],[108.2257,13.9266],[108.2311,13.9183],[108.2225,13.9141],[108.236,13.917],[108.2323,13.9073],[108.244,13.8982],[108.2448,13.8925],[108.2335,13.8884],[108.2273,13.8727],[108.2185,13.8699],[108.2251,13.8653],[108.2161,13.8545],[108.2101,13.8571],[108.2049,13.8504],[108.1959,13.8487],[108.1897,13.8516],[108.1857,13.8484],[108.188,13.84],[108.1786,13.8433],[108.1793,13.8365],[108.1625,13.8128],[108.1677,13.8075],[108.1605,13.7894],[108.1734,13.7861],[108.1763,13.7802],[108.1656,13.7721],[108.1755,13.7697],[108.1771,13.7647],[108.1705,13.7533],[108.1896,13.7491],[108.1828,13.6831],[108.2334,13.6838],[108.2392,13.6966],[108.2528,13.7088],[108.2843,13.6896]]]}},{"type":"Feature","properties":{"gid":"VNM.21.16_1","provZh":"嘉莱省","name2":"Phú Thiện","type2":"Huyện","engtype2":"District"},"geometry":{"type":"Polygon","coordinates":[[[108.2868,13.3551],[108.2885,13.3504],[108.3115,13.3464],[108.3118,13.3537],[108.3225,13.361],[108.3251,13.3942],[108.3333,13.3983],[108.3385,13.4119],[108.3471,13.415],[108.3715,13.4106],[108.3735,13.4158],[108.3824,13.4182],[108.3857,13.412],[108.3923,13.4187],[108.3979,13.4168],[108.3974,13.4216],[108.4141,13.4195],[108.4231,13.4307],[108.4211,13.4372],[108.437,13.4457],[108.4318,13.4478],[108.427,13.4435],[108.4248,13.4575],[108.4169,13.4551],[108.4138,13.4603],[108.4166,13.4724],[108.4211,13.4735],[108.4138,13.4745],[108.417,13.478],[108.4123,13.4861],[108.4247,13.5266],[108.3915,13.5405],[108.3962,13.5639],[108.3877,13.5705],[108.3881,13.5983],[108.3591,13.6091],[108.3426,13.6086],[108.3242,13.6187],[108.3046,13.639],[108.2891,13.6476],[108.2836,13.6609],[108.2756,13.6653],[108.2768,13.6424],[108.2678,13.6358],[108.262,13.6186],[108.2339,13.5793],[108.2376,13.5636],[108.2319,13.4745],[108.2022,13.4518],[108.2161,13.4487],[108.2236,13.4246],[108.2243,13.3916],[108.2195,13.3867],[108.2071,13.3866],[108.2131,13.3682],[108.2382,13.3733],[108.2427,13.3681],[108.2641,13.3723],[108.2868,13.3551]]]}},{"type":"Feature","properties":{"gid":"VNM.21.17_1","provZh":"嘉莱省","name2":"Pleiku","type2":"Thành phố","engtype2":"City"},"geometry":{"type":"Polygon","coordinates":[[[107.9691,13.853],[107.9641,13.8463],[107.9642,13.8339],[107.984,13.8516],[107.9995,13.8759],[108.0201,13.8839],[108.019,13.8929],[108.0293,13.8972],[108.0291,13.9101],[108.0481,13.9221],[108.0468,13.9418],[108.0754,13.9506],[108.0778,13.9641],[108.0852,13.9614],[108.0916,13.9658],[108.09,13.9765],[108.0992,13.9802],[108.0892,14.0043],[108.0688,13.9999],[108.0687,14.0059],[108.0579,14.0102],[108.0517,14.0304],[108.054,14.0353],[108.039,14.0413],[108.0387,14.0661],[108.0522,14.0806],[108.041,14.0754],[108.033,14.0801],[108.0119,14.0563],[107.987,14.0637],[107.9841,14.0399],[107.9629,14.0391],[107.9648,14.0293],[107.961,14.0233],[107.965,14.02],[107.9596,14.0183],[107.961,14.0097],[107.982,14.0112],[107.9888,13.9918],[107.9811,13.9668],[107.9542,13.9622],[107.9518,13.9578],[107.9573,13.9525],[107.94,13.941],[107.94,13.928],[107.9472,13.9239],[107.9467,13.919],[107.9349,13.9012],[107.8614,13.9072],[107.8392,13.904],[107.8464,13.8984],[107.8405,13.8778],[107.8655,13.8796],[107.8812,13.8714],[107.8947,13.8772],[107.8959,13.8691],[107.9147,13.8681],[107.9176,13.8615],[107.9422,13.8699],[107.9481,13.8636],[107.969,13.8668],[107.9741,13.8588],[107.9691,13.853]]]}},{"type":"Feature","properties":{"gid":"VNM.26.1_1","provZh":"河江省","name2":"Bắc Mê","type2":"Huyện","engtype2":"District"},"geometry":{"type":"Polygon","coordinates":[[[105.4495,22.6127],[105.4506,22.6073],[105.4563,22.6082],[105.4772,22.6206],[105.4863,22.6185],[105.4988,22.6337],[105.4937,22.645],[105.4969,22.6597],[105.4876,22.6738],[105.502,22.6984],[105.4912,22.708],[105.4817,22.7094],[105.4764,22.7186],[105.4787,22.7386],[105.469,22.7498],[105.4715,22.755],[105.45,22.759],[105.4443,22.7719],[105.4249,22.776],[105.4232,22.7848],[105.3975,22.796],[105.3821,22.8123],[105.3588,22.8167],[105.3488,22.8132],[105.3434,22.8281],[105.3277,22.8333],[105.3238,22.8449],[105.3007,22.8561],[105.2804,22.8566],[105.2663,22.8662],[105.2687,22.8766],[105.2625,22.8846],[105.2283,22.8797],[105.2073,22.9044],[105.1817,22.9124],[105.1742,22.9222],[105.152,22.9228],[105.1485,22.9187],[105.1424,22.9221],[105.1355,22.9111],[105.1469,22.8917],[105.1518,22.8615],[105.1416,22.8544],[105.1432,22.8478],[105.1366,22.835],[105.1173,22.8423],[105.1022,22.83],[105.0731,22.8379],[105.0582,22.8341],[105.0511,22.8205],[105.0588,22.8158],[105.0709,22.7864],[105.0947,22.7777],[105.0979,22.7725],[105.1083,22.7729],[105.1164,22.7646],[105.1362,22.7406],[105.1294,22.7311],[105.1525,22.7129],[105.1485,22.6978],[105.1692,22.6902],[105.174,22.6834],[105.2058,22.6775],[105.2116,22.6654],[105.2359,22.6606],[105.2447,22.6486],[105.251,22.6539],[105.2707,22.649],[105.285,22.6325],[105.2822,22.6192],[105.3078,22.6162],[105.3144,22.6091],[105.3237,22.6308],[105.3196,22.6358],[105.3272,22.6413],[105.3408,22.6412],[105.3596,22.6395],[105.3837,22.6282],[105.3979,22.6294],[105.41,22.6139],[105.4355,22.6051],[105.4422,22.61],[105.4426,22.604],[105.4495,22.6127]]]}},{"type":"Feature","properties":{"gid":"VNM.26.2_1","provZh":"河江省","name2":"Bắc Quang","type2":"Huyện","engtype2":"District"},"geometry":{"type":"Polygon","coordinates":[[[104.901,22.3161],[104.891,22.3243],[104.8969,22.3301],[104.8996,22.3492],[104.9069,22.3494],[104.9193,22.3334],[104.9391,22.3332],[104.95,22.3209],[104.9664,22.319],[104.9841,22.3235],[104.9935,22.3147],[104.9963,22.302],[105.0087,22.2948],[105.0036,22.2839],[105.0098,22.2676],[105.017,22.2686],[105.0311,22.2837],[105.0481,22.2887],[105.0446,22.3116],[105.06,22.3128],[105.0621,22.3299],[105.0519,22.3359],[105.0413,22.3531],[105.0484,22.3575],[105.0833,22.354],[105.0846,22.3653],[105.0736,22.3874],[105.0777,22.396],[105.09,22.3948],[105.101,22.4146],[105.0962,22.4294],[105.0871,22.4391],[105.1179,22.4567],[105.1112,22.4651],[105.1128,22.4842],[105.1074,22.4907],[105.0882,22.4831],[105.0804,22.4996],[105.0521,22.5135],[105.0577,22.5191],[105.0537,22.5362],[105.0335,22.5602],[105.017,22.5529],[105.0228,22.5429],[105.0111,22.5298],[104.9971,22.5305],[104.9831,22.5117],[104.9741,22.5269],[104.9534,22.5383],[104.9556,22.5506],[104.9354,22.5615],[104.9224,22.5414],[104.9123,22.5479],[104.9403,22.5896],[104.9274,22.5905],[104.9205,22.601],[104.9101,22.5942],[104.9083,22.6021],[104.8998,22.5843],[104.8917,22.5786],[104.8743,22.5942],[104.8496,22.5921],[104.8395,22.6024],[104.8079,22.613],[104.8018,22.6209],[104.7825,22.6221],[104.7856,22.6133],[104.7933,22.6103],[104.7936,22.5914],[104.8014,22.586],[104.8104,22.5684],[104.791,22.5511],[104.7911,22.5414],[104.7818,22.5357],[104.7843,22.5279],[104.7792,22.5047],[104.7829,22.4907],[104.793,22.4798],[104.7916,22.4728],[104.7806,22.4646],[104.7831,22.4481],[104.7655,22.4197],[104.7658,22.4088],[104.7745,22.4061],[104.7816,22.3907],[104.7742,22.3875],[104.7716,22.3919],[104.7687,22.3848],[104.7498,22.3782],[104.7638,22.373],[104.7536,22.3596],[104.7624,22.3556],[104.7711,22.3583],[104.7779,22.3513],[104.786,22.3544],[104.7904,22.3394],[104.7853,22.3389],[104.7771,22.325],[104.7804,22.3104],[104.7736,22.3049],[104.7775,22.2957],[104.7706,22.2796],[104.7652,22.2752],[104.7534,22.2797],[104.7416,22.2726],[104.7626,22.2537],[104.7561,22.2419],[104.7699,22.2155],[104.7677,22.2059],[104.7626,22.2097],[104.7543,22.1981],[104.7398,22.2079],[104.7228,22.2099],[104.7249,22.1985],[104.7342,22.1978],[104.7416,22.1854],[104.7562,22.1874],[104.7567,22.1732],[104.7764,22.1658],[104.7834,22.1725],[104.813,22.1728],[104.8189,22.1799],[104.8173,22.1857],[104.8301,22.1773],[104.8394,22.1798],[104.8643,22.2024],[104.8753,22.2011],[104.8792,22.186],[104.8936,22.1828],[104.9032,22.2112],[104.914,22.2161],[104.912,22.2358],[104.9182,22.2405],[104.8916,22.2734],[104.9055,22.2755],[104.9141,22.2908],[104.9213,22.2905],[104.915,22.2971],[104.9174,22.3048],[104.901,22.3161]]]}},{"type":"Feature","properties":{"gid":"VNM.26.3_1","provZh":"河江省","name2":"Đồng Văn","type2":"Huyện","engtype2":"District"},"geometry":{"type":"Polygon","coordinates":[[[105.3027,23.1425],[105.3071,23.1655],[105.3025,23.179],[105.3039,23.202],[105.3248,23.2193],[105.3377,23.2005],[105.3681,23.1997],[105.3731,23.2049],[105.3784,23.2294],[105.3628,23.2506],[105.3676,23.2675],[105.3813,23.2639],[105.398,23.2667],[105.4064,23.2595],[105.4082,23.266],[105.3888,23.3037],[105.37,23.32],[105.3514,23.3455],[105.35,23.3664],[105.3232,23.3927],[105.2878,23.3589],[105.2839,23.3423],[105.2581,23.3427],[105.2535,23.3378],[105.2504,23.3321],[105.2588,23.3182],[105.2505,23.3095],[105.2466,23.2903],[105.2357,23.2865],[105.2423,23.2771],[105.2382,23.2764],[105.2346,23.2616],[105.2268,23.2603],[105.2224,23.2695],[105.211,23.2662],[105.2081,23.2721],[105.1995,23.2729],[105.1956,23.2815],[105.1823,23.2773],[105.1806,23.2867],[105.1727,23.2885],[105.1728,23.2836],[105.1673,23.283],[105.1558,23.2667],[105.1194,23.2506],[105.134,23.224],[105.1404,23.2253],[105.1444,23.2211],[105.1448,23.2124],[105.1399,23.2075],[105.1447,23.1917],[105.1631,23.1923],[105.1761,23.1852],[105.1687,23.1694],[105.1796,23.1436],[105.2202,23.1137],[105.2311,23.1144],[105.2362,23.1051],[105.2513,23.1049],[105.2658,23.0933],[105.2848,23.0977],[105.3051,23.1169],[105.2993,23.1318],[105.3101,23.1406],[105.3027,23.1425]]]}},{"type":"Feature","properties":{"gid":"VNM.26.4_1","provZh":"河江省","name2":"Hà Giang","type2":"Thành phố","engtype2":"City"},"geometry":{"type":"Polygon","coordinates":[[[104.9857,22.7977],[104.9793,22.8047],[105.0299,22.8077],[105.0325,22.8191],[105.0403,22.824],[105.0511,22.8205],[105.0582,22.8341],[105.0731,22.8379],[105.0755,22.8445],[105.0539,22.8531],[105.0241,22.8792],[105.0162,22.8698],[104.991,22.8675],[104.9935,22.8632],[104.9828,22.8614],[104.9665,22.8473],[104.9554,22.8494],[104.9584,22.8373],[104.9301,22.8574],[104.9228,22.8443],[104.9123,22.8369],[104.8983,22.8425],[104.8633,22.8087],[104.8883,22.7903],[104.9135,22.7882],[104.9123,22.7821],[104.9385,22.773],[104.9409,22.7649],[104.9593,22.7545],[104.9704,22.7558],[104.9679,22.7604],[104.9815,22.7696],[104.9844,22.7876],[104.9942,22.7887],[104.9857,22.7977]]]}},{"type":"Feature","properties":{"gid":"VNM.26.5_1","provZh":"河江省","name2":"Hoàng Su Phì","type2":"Huyện","engtype2":"District"},"geometry":{"type":"Polygon","coordinates":[[[104.7694,22.5623],[104.791,22.5511],[104.8104,22.5684],[104.8014,22.586],[104.7936,22.5914],[104.7933,22.6103],[104.7856,22.6133],[104.7817,22.6323],[104.77,22.6502],[104.777,22.6625],[104.7992,22.6756],[104.798,22.6848],[104.7816,22.701],[104.7758,22.7183],[104.8102,22.7445],[104.8034,22.7609],[104.8063,22.7716],[104.8161,22.7771],[104.8067,22.7874],[104.8094,22.7998],[104.7878,22.8081],[104.7647,22.7951],[104.7451,22.7997],[104.7381,22.8034],[104.7391,22.8158],[104.7333,22.8231],[104.7228,22.8202],[104.7029,22.8266],[104.6717,22.8172],[104.6564,22.8331],[104.6306,22.8358],[104.6236,22.8465],[104.6172,22.8355],[104.624,22.8309],[104.6209,22.8221],[104.6162,22.8249],[104.6128,22.8163],[104.6006,22.8162],[104.5978,22.8238],[104.6045,22.8267],[104.6044,22.8331],[104.59,22.8526],[104.5775,22.8537],[104.5701,22.8442],[104.5466,22.8405],[104.5475,22.8363],[104.5546,22.8354],[104.5306,22.8207],[104.5241,22.807],[104.5443,22.8018],[104.5514,22.7898],[104.5652,22.7923],[104.5647,22.7865],[104.5707,22.7842],[104.5687,22.7755],[104.598,22.7675],[104.5951,22.7466],[104.5816,22.7356],[104.591,22.715],[104.5881,22.6897],[104.5965,22.6868],[104.6074,22.6645],[104.5921,22.6509],[104.5925,22.6334],[104.6039,22.6048],[104.6208,22.5972],[104.622,22.5718],[104.6501,22.5594],[104.6626,22.5487],[104.6693,22.5471],[104.6797,22.5525],[104.7161,22.5338],[104.734,22.5491],[104.7569,22.5523],[104.7694,22.5623]]]}},{"type":"Feature","properties":{"gid":"VNM.26.6_1","provZh":"河江省","name2":"Mèo Vạc","type2":"Huyện","engtype2":"District"},"geometry":{"type":"Polygon","coordinates":[[[105.4964,23.0349],[105.5204,23.0758],[105.5171,23.0835],[105.5273,23.1081],[105.5503,23.1105],[105.5647,23.1192],[105.5596,23.1285],[105.5654,23.1332],[105.5636,23.1435],[105.5721,23.1487],[105.5739,23.161],[105.5607,23.1685],[105.5533,23.1871],[105.5429,23.1935],[105.5269,23.1886],[105.4985,23.2027],[105.4915,23.2209],[105.493,23.2323],[105.487,23.2343],[105.4505,23.2786],[105.4414,23.2998],[105.4296,23.3024],[105.4263,23.2963],[105.4295,23.2917],[105.4185,23.2851],[105.402,23.2957],[105.3861,23.3144],[105.3832,23.3108],[105.4082,23.266],[105.4064,23.2595],[105.398,23.2667],[105.3813,23.2639],[105.3676,23.2675],[105.3628,23.2506],[105.3784,23.2294],[105.3731,23.2049],[105.3579,23.1976],[105.3377,23.2005],[105.3248,23.2193],[105.3039,23.202],[105.3025,23.179],[105.3071,23.1655],[105.302,23.1432],[105.3101,23.1406],[105.2993,23.1318],[105.3066,23.1154],[105.3221,23.1146],[105.3311,23.1211],[105.3252,23.106],[105.3323,23.0753],[105.3289,23.0563],[105.3395,23.0498],[105.3369,23.0435],[105.3687,23.0386],[105.3759,23.0299],[105.384,23.0171],[105.3713,23.0024],[105.3748,22.9901],[105.4132,22.9952],[105.4186,23.0017],[105.4263,22.9987],[105.4418,23.0038],[105.4492,22.9993],[105.4684,23.0075],[105.4875,23.0092],[105.4964,23.0349]]]}},{"type":"Feature","properties":{"gid":"VNM.26.7_1","provZh":"河江省","name2":"Quản Bạ","type2":"Huyện","engtype2":"District"},"geometry":{"type":"Polygon","coordinates":[[[105.1247,22.9995],[105.1351,23.0246],[105.0845,23.0731],[105.0859,23.0928],[105.0765,23.1002],[105.0707,23.0993],[105.0658,23.1128],[105.0258,23.1414],[105.0223,23.1556],[105.0078,23.1621],[105.0053,23.17],[104.9863,23.1755],[104.9757,23.1896],[104.9568,23.1924],[104.956,23.1806],[104.9471,23.1705],[104.9515,23.1632],[104.9473,23.1508],[104.9281,23.1565],[104.9241,23.1603],[104.9273,23.1651],[104.9164,23.1694],[104.9162,23.1767],[104.9085,23.1808],[104.8964,23.1795],[104.8815,23.1653],[104.8822,23.1446],[104.8757,23.1256],[104.8627,23.1234],[104.8569,23.1288],[104.8544,23.123],[104.8398,23.1195],[104.8394,23.1117],[104.8316,23.1157],[104.826,23.1078],[104.8208,23.1182],[104.8016,23.1162],[104.8066,23.0841],[104.8174,23.0751],[104.8121,23.0709],[104.8135,23.0583],[104.8208,23.0554],[104.82,23.0378],[104.8302,23.0162],[104.8294,22.9982],[104.8378,22.9965],[104.836,22.9867],[104.8444,22.9851],[104.8477,22.9788],[104.876,22.9871],[104.892,22.9988],[104.878,23.0201],[104.9045,23.0236],[104.9034,23.0352],[104.9122,23.0372],[104.914,23.0423],[104.9338,23.0443],[104.9249,23.0236],[104.9304,22.999],[104.9634,22.9945],[104.9668,22.9656],[104.9803,22.9439],[104.9874,22.9525],[104.9862,22.9817],[105.0006,22.9997],[105.0072,23.0016],[105.0227,22.9937],[105.0482,22.9555],[105.0584,22.9474],[105.0715,22.9518],[105.0719,22.9576],[105.0955,22.9561],[105.105,22.9679],[105.122,22.9687],[105.1342,22.9594],[105.1431,22.9975],[105.1247,22.9995]]]}},{"type":"Feature","properties":{"gid":"VNM.26.8_1","provZh":"河江省","name2":"Quang Bình","type2":"Huyện","engtype2":"District"},"geometry":{"type":"Polygon","coordinates":[[[104.7677,22.2059],[104.7699,22.2155],[104.7561,22.2419],[104.7626,22.2537],[104.7416,22.2726],[104.7534,22.2797],[104.7652,22.2752],[104.7706,22.2796],[104.7775,22.2957],[104.7736,22.3049],[104.7804,22.3104],[104.7771,22.325],[104.7853,22.3389],[104.7904,22.3394],[104.786,22.3544],[104.7779,22.3513],[104.7711,22.3583],[104.7624,22.3556],[104.7536,22.3596],[104.7638,22.373],[104.7498,22.3782],[104.7687,22.3848],[104.7716,22.3919],[104.7742,22.3875],[104.7816,22.3907],[104.7745,22.4061],[104.7658,22.4088],[104.7655,22.4197],[104.7831,22.4481],[104.7806,22.4646],[104.7916,22.4728],[104.793,22.4798],[104.7829,22.4907],[104.7791,22.5084],[104.7843,22.5279],[104.7818,22.5357],[104.7911,22.5414],[104.791,22.5511],[104.768,22.5625],[104.7569,22.5523],[104.734,22.5491],[104.7161,22.5338],[104.6797,22.5525],[104.6693,22.5471],[104.6626,22.5487],[104.6501,22.5594],[104.622,22.5718],[104.6166,22.5414],[104.5998,22.5406],[104.588,22.5232],[104.5748,22.517],[104.5677,22.5042],[104.5473,22.4974],[104.5457,22.4878],[104.533,22.4812],[104.5262,22.4702],[104.5115,22.4629],[104.498,22.4653],[104.4762,22.48],[104.4674,22.4793],[104.4505,22.4625],[104.449,22.4499],[104.4662,22.425],[104.4909,22.4197],[104.4971,22.4049],[104.5081,22.4042],[104.5306,22.3869],[104.55,22.3804],[104.5541,22.3732],[104.5467,22.3621],[104.5534,22.3547],[104.5693,22.3554],[104.58,22.3499],[104.5811,22.3456],[104.5649,22.3307],[104.5786,22.3158],[104.5801,22.3062],[104.5589,22.2841],[104.5521,22.2843],[104.5426,22.2764],[104.5515,22.2422],[104.586,22.2514],[104.5858,22.2638],[104.605,22.2892],[104.6141,22.2913],[104.6175,22.287],[104.6289,22.2871],[104.6421,22.2768],[104.6505,22.2804],[104.6605,22.2735],[104.6701,22.2768],[104.6768,22.2648],[104.6864,22.2614],[104.7165,22.2612],[104.724,22.255],[104.7297,22.2345],[104.7298,22.2255],[104.7207,22.2157],[104.7228,22.2099],[104.7398,22.2079],[104.7543,22.1981],[104.7626,22.2097],[104.7677,22.2059]]]}},{"type":"Feature","properties":{"gid":"VNM.26.9_1","provZh":"河江省","name2":"Vị Xuyên","type2":"Huyện","engtype2":"District"},"geometry":{"type":"Polygon","coordinates":[[[104.9751,22.5213],[104.985,22.5123],[104.9971,22.5305],[105.0111,22.5298],[105.0218,22.5413],[105.0233,22.5471],[105.017,22.5529],[105.0335,22.5602],[105.0537,22.5362],[105.0577,22.5191],[105.0521,22.5135],[105.0804,22.4996],[105.0882,22.4831],[105.1074,22.4907],[105.1275,22.5356],[105.1202,22.5673],[105.1139,22.575],[105.1332,22.5889],[105.1268,22.6049],[105.1393,22.6132],[105.143,22.6255],[105.1524,22.6187],[105.1597,22.6222],[105.1478,22.6504],[105.14,22.656],[105.1396,22.664],[105.1304,22.67],[105.1354,22.6719],[105.1386,22.6867],[105.1462,22.6926],[105.1525,22.7129],[105.1294,22.7311],[105.1362,22.7406],[105.1083,22.7729],[105.0979,22.7725],[105.0947,22.7777],[105.0738,22.7839],[105.0588,22.8158],[105.0416,22.8238],[105.0325,22.8191],[105.0299,22.8077],[104.9793,22.8047],[104.9942,22.7887],[104.9844,22.7876],[104.9815,22.7696],[104.9679,22.7604],[104.9704,22.7558],[104.9593,22.7545],[104.9409,22.7649],[104.9385,22.773],[104.9123,22.7821],[104.9135,22.7882],[104.8883,22.7903],[104.8633,22.8087],[104.8983,22.8425],[104.9123,22.8369],[104.9228,22.8443],[104.9301,22.8574],[104.9584,22.8373],[104.9554,22.8494],[104.9665,22.8473],[104.9828,22.8614],[104.9935,22.8632],[104.991,22.8675],[105.0162,22.8698],[105.0241,22.8792],[105.0539,22.8531],[105.0755,22.8445],[105.0736,22.8368],[105.1022,22.83],[105.1173,22.8423],[105.1366,22.835],[105.1432,22.8478],[105.1416,22.8544],[105.1518,22.8615],[105.1469,22.8917],[105.1355,22.9111],[105.1424,22.9221],[105.1342,22.9594],[105.122,22.9687],[105.105,22.9679],[105.0955,22.9561],[105.0719,22.9576],[105.0715,22.9518],[105.0584,22.9474],[105.0482,22.9555],[105.0227,22.9937],[105.0072,23.0016],[105.0006,22.9997],[104.9862,22.9817],[104.9874,22.9525],[104.9803,22.9439],[104.9668,22.9656],[104.9634,22.9945],[104.9304,22.999],[104.9249,23.0236],[104.9338,23.0443],[104.914,23.0423],[104.9122,23.0372],[104.9034,23.0352],[104.9045,23.0236],[104.878,23.0201],[104.892,22.9988],[104.876,22.9871],[104.8477,22.9788],[104.8609,22.9785],[104.8625,22.9749],[104.8632,22.9435],[104.8504,22.9373],[104.8391,22.9214],[104.8191,22.9231],[104.7916,22.9053],[104.7777,22.9052],[104.7654,22.8857],[104.7637,22.8701],[104.7566,22.859],[104.7378,22.8587],[104.7244,22.8498],[104.7331,22.8405],[104.7381,22.8034],[104.7647,22.7951],[104.7803,22.8069],[104.7931,22.8076],[104.8094,22.7998],[104.8067,22.7874],[104.8161,22.7771],[104.8063,22.7716],[104.8034,22.7609],[104.8102,22.7445],[104.7758,22.7183],[104.7816,22.701],[104.798,22.6848],[104.7992,22.6756],[104.777,22.6625],[104.77,22.6502],[104.7817,22.6323],[104.7825,22.6221],[104.8018,22.6209],[104.8079,22.613],[104.8395,22.6024],[104.8496,22.5921],[104.8743,22.5942],[104.8917,22.5786],[104.8998,22.5843],[104.9083,22.6021],[104.9101,22.5942],[104.9205,22.601],[104.9274,22.5905],[104.9403,22.5896],[104.9123,22.5479],[104.9224,22.5414],[104.9354,22.5615],[104.9556,22.5506],[104.9534,22.5383],[104.9741,22.5269],[104.9751,22.5213]]]}},{"type":"Feature","properties":{"gid":"VNM.26.10_1","provZh":"河江省","name2":"Xín Mần","type2":"Huyện","engtype2":"District"},"geometry":{"type":"Polygon","coordinates":[[[104.4705,22.4895],[104.4739,22.4836],[104.4674,22.4793],[104.4762,22.48],[104.498,22.4653],[104.5115,22.4629],[104.5413,22.4834],[104.5473,22.4974],[104.5677,22.5042],[104.5748,22.517],[104.588,22.5232],[104.5998,22.5406],[104.6166,22.5414],[104.6206,22.5477],[104.6208,22.5972],[104.6039,22.6048],[104.5925,22.6334],[104.5921,22.6509],[104.6074,22.6645],[104.5965,22.6868],[104.5881,22.6897],[104.591,22.715],[104.5816,22.7356],[104.5951,22.7466],[104.598,22.7675],[104.5687,22.7755],[104.5707,22.7842],[104.5647,22.7865],[104.5652,22.7923],[104.5514,22.7898],[104.5443,22.8018],[104.5241,22.807],[104.5137,22.7898],[104.4983,22.7864],[104.4968,22.7785],[104.4709,22.7575],[104.422,22.7367],[104.4079,22.7241],[104.3992,22.702],[104.386,22.7031],[104.3714,22.6882],[104.3524,22.6924],[104.341,22.709],[104.3344,22.6909],[104.3595,22.6733],[104.3984,22.6805],[104.4104,22.6594],[104.4059,22.6542],[104.4155,22.6346],[104.4376,22.619],[104.4622,22.6132],[104.4591,22.6042],[104.4639,22.5979],[104.4664,22.5748],[104.4245,22.5732],[104.4235,22.5502],[104.4146,22.5295],[104.4346,22.5224],[104.4403,22.5075],[104.4544,22.495],[104.4705,22.4895]]]}},{"type":"Feature","properties":{"gid":"VNM.26.11_1","provZh":"河江省","name2":"Yên Minh","type2":"Huyện","engtype2":"District"},"geometry":{"type":"Polygon","coordinates":[[[105.2283,22.8797],[105.2579,22.8868],[105.2741,22.879],[105.3044,22.8765],[105.3073,22.9121],[105.3228,22.9162],[105.3329,22.9342],[105.3456,22.9332],[105.3621,22.9401],[105.3615,22.9795],[105.3748,22.9901],[105.3713,23.0024],[105.384,23.0171],[105.3687,23.0386],[105.3369,23.0435],[105.3395,23.0498],[105.3289,23.0563],[105.3323,23.0753],[105.3252,23.106],[105.3311,23.1211],[105.3221,23.1146],[105.2999,23.1154],[105.2848,23.0977],[105.2658,23.0933],[105.2513,23.1049],[105.2362,23.1051],[105.2311,23.1144],[105.2202,23.1137],[105.1796,23.1436],[105.1687,23.1694],[105.1761,23.1852],[105.1631,23.1923],[105.1447,23.1917],[105.1399,23.2075],[105.1448,23.2124],[105.1444,23.2211],[105.1404,23.2253],[105.134,23.224],[105.1194,23.2506],[105.1075,23.2456],[105.0994,23.2475],[105.1021,23.2566],[105.0831,23.2669],[105.0614,23.2557],[105.0572,23.2478],[105.0509,23.2481],[105.0245,23.2189],[104.9989,23.2136],[104.9974,23.203],[104.9869,23.2006],[104.9799,23.206],[104.9626,23.2009],[104.9596,23.1915],[104.9757,23.1896],[104.9863,23.1755],[105.0053,23.17],[105.0078,23.1621],[105.0223,23.1556],[105.0258,23.1414],[105.0658,23.1128],[105.0707,23.0993],[105.0765,23.1002],[105.0859,23.0928],[105.0845,23.0731],[105.1351,23.0246],[105.1241,23.0022],[105.1431,22.9975],[105.1342,22.9594],[105.1424,22.9221],[105.1485,22.9187],[105.152,22.9228],[105.1742,22.9222],[105.1817,22.9124],[105.2073,22.9044],[105.2283,22.8797]]]}},{"type":"Feature","properties":{"gid":"VNM.28.1_1","provZh":"河南省","name2":"Bình Lục","type2":"Huyện","engtype2":"District"},"geometry":{"type":"Polygon","coordinates":[[[106.0204,20.4123],[106.0288,20.4449],[106.0425,20.4503],[106.0442,20.4709],[106.0563,20.4732],[106.0653,20.4651],[106.0749,20.4682],[106.0789,20.4615],[106.0857,20.4651],[106.0917,20.4566],[106.1005,20.4551],[106.1054,20.4662],[106.0984,20.4783],[106.1024,20.4817],[106.1009,20.4886],[106.1294,20.4998],[106.1404,20.4946],[106.1416,20.5168],[106.1347,20.5232],[106.1181,20.5102],[106.1054,20.5089],[106.0969,20.5126],[106.0966,20.529],[106.0888,20.5342],[106.071,20.5245],[106.049,20.5328],[106.0342,20.5321],[106.0277,20.5457],[106.0287,20.5761],[106.0135,20.5825],[106.0039,20.5818],[106.0046,20.5609],[105.9948,20.564],[105.9936,20.5539],[105.982,20.5503],[105.9995,20.5357],[105.9982,20.5229],[105.9894,20.5181],[105.9865,20.4965],[105.9812,20.4909],[105.9811,20.484],[105.9893,20.4735],[105.9844,20.4735],[105.9838,20.4592],[105.9911,20.4516],[105.9816,20.4403],[105.983,20.4314],[105.9948,20.4283],[105.9895,20.4104],[105.9955,20.3954],[106.0003,20.3961],[106.0019,20.4033],[106.0019,20.3964],[106.0047,20.4025],[106.0283,20.4019],[106.0204,20.4123]]]}},{"type":"Feature","properties":{"gid":"VNM.28.2_1","provZh":"河南省","name2":"Duy Tiên","type2":"Huyện","engtype2":"District"},"geometry":{"type":"Polygon","coordinates":[[[105.9719,20.5578],[105.9891,20.5675],[106.0032,20.5595],[106.006,20.5644],[106.0022,20.5723],[105.9852,20.583],[105.9809,20.5977],[105.9953,20.6259],[106.0139,20.6146],[106.0456,20.6204],[106.0324,20.6403],[106.0371,20.6762],[106.0243,20.6964],[106.0107,20.7026],[106.0033,20.7038],[105.9958,20.6975],[105.9979,20.6923],[105.9907,20.6893],[105.9975,20.6784],[105.9848,20.6805],[105.9776,20.6657],[105.96,20.6607],[105.958,20.6508],[105.9438,20.6579],[105.947,20.676],[105.9437,20.682],[105.9197,20.6759],[105.9052,20.6651],[105.8962,20.6688],[105.8964,20.6522],[105.8912,20.6482],[105.8975,20.6391],[105.905,20.6408],[105.9046,20.6315],[105.9232,20.6098],[105.9179,20.6091],[105.9221,20.6021],[105.9347,20.603],[105.9394,20.5964],[105.9482,20.5951],[105.9486,20.5886],[105.9564,20.5845],[105.9556,20.5875],[105.9619,20.5872],[105.9659,20.5799],[105.9588,20.5754],[105.9597,20.5687],[105.9719,20.5578]]]}},{"type":"Feature","properties":{"gid":"VNM.28.3_1","provZh":"河南省","name2":"Kim Bảng","type2":"Huyện","engtype2":"District"},"geometry":{"type":"Polygon","coordinates":[[[105.8892,20.5727],[105.886,20.579],[105.9012,20.5787],[105.9255,20.5915],[105.9179,20.6091],[105.9232,20.6098],[105.9046,20.6315],[105.905,20.6408],[105.8975,20.6391],[105.8912,20.6482],[105.881,20.6435],[105.8586,20.6448],[105.8455,20.6568],[105.8223,20.6645],[105.8187,20.6605],[105.8336,20.6471],[105.8133,20.6337],[105.8129,20.6176],[105.806,20.6108],[105.7964,20.5696],[105.769,20.5645],[105.7737,20.5489],[105.8063,20.4994],[105.819,20.506],[105.8244,20.489],[105.838,20.4804],[105.8524,20.4781],[105.8546,20.4881],[105.8621,20.4918],[105.8654,20.5096],[105.8758,20.5101],[105.873,20.5187],[105.8837,20.523],[105.8744,20.5409],[105.8809,20.5459],[105.8891,20.5425],[105.8956,20.5521],[105.8892,20.5727]]]}},{"type":"Feature","properties":{"gid":"VNM.28.4_1","provZh":"河南省","name2":"Lý Nhân","type2":"Huyện","engtype2":"District"},"geometry":{"type":"Polygon","coordinates":[[[106.1833,20.4849],[106.1784,20.4955],[106.1789,20.5191],[106.1717,20.5509],[106.1619,20.5635],[106.1333,20.5733],[106.1283,20.598],[106.1125,20.6154],[106.1028,20.6183],[106.0706,20.6034],[106.0456,20.6204],[106.0139,20.6146],[105.9953,20.6259],[105.9809,20.5997],[105.9829,20.5874],[105.9907,20.5771],[106.0022,20.5723],[106.0039,20.5818],[106.0265,20.5786],[106.0277,20.5457],[106.0342,20.5321],[106.049,20.5328],[106.071,20.5245],[106.0888,20.5342],[106.0966,20.529],[106.0969,20.5126],[106.1054,20.5089],[106.1156,20.5091],[106.1385,20.5227],[106.1416,20.5168],[106.1391,20.4792],[106.1458,20.4689],[106.1717,20.4734],[106.1833,20.4849]]]}},{"type":"Feature","properties":{"gid":"VNM.28.5_1","provZh":"河南省","name2":"Phủ Lý","type2":"Thành phố","engtype2":"City"},"geometry":{"type":"Polygon","coordinates":[[[105.9163,20.4938],[105.9174,20.5155],[105.9364,20.5188],[105.9453,20.514],[105.971,20.5154],[105.9763,20.5182],[105.9771,20.5281],[105.9894,20.5181],[105.9982,20.5229],[105.9989,20.5396],[105.9901,20.54],[105.982,20.5503],[105.9936,20.5539],[105.9948,20.564],[105.9891,20.5675],[105.971,20.5577],[105.9584,20.5729],[105.9659,20.5799],[105.9619,20.5872],[105.9556,20.5875],[105.9564,20.5845],[105.9486,20.5886],[105.9482,20.5951],[105.9394,20.5964],[105.9347,20.603],[105.9215,20.6019],[105.9255,20.5915],[105.9214,20.5921],[105.9201,20.5855],[105.9116,20.5867],[105.895,20.5771],[105.886,20.579],[105.8956,20.5521],[105.8891,20.5425],[105.8809,20.5459],[105.8744,20.5409],[105.8837,20.523],[105.873,20.5187],[105.8752,20.5136],[105.8819,20.5167],[105.8918,20.5033],[105.8955,20.507],[105.9036,20.5016],[105.9033,20.4888],[105.9081,20.4891],[105.9084,20.4837],[105.9165,20.4869],[105.9163,20.4938]]]}},{"type":"Feature","properties":{"gid":"VNM.28.6_1","provZh":"河南省","name2":"Thanh Liêm","type2":"Huyện","engtype2":"District"},"geometry":{"type":"Polygon","coordinates":[[[105.9258,20.3825],[105.9239,20.3959],[105.9502,20.4036],[105.9484,20.4134],[105.9581,20.4156],[105.9648,20.4257],[105.9738,20.4233],[105.9779,20.4414],[105.991,20.4483],[105.9838,20.4592],[105.9844,20.4735],[105.9893,20.4735],[105.9811,20.484],[105.9894,20.5181],[105.9818,20.528],[105.9771,20.5281],[105.9763,20.5182],[105.971,20.5154],[105.9453,20.514],[105.9364,20.5188],[105.9174,20.5155],[105.9192,20.4938],[105.9125,20.484],[105.9033,20.4888],[105.9036,20.5016],[105.8955,20.507],[105.8918,20.5033],[105.8819,20.5167],[105.8772,20.5161],[105.8758,20.5101],[105.8654,20.5096],[105.8621,20.4918],[105.8546,20.4881],[105.8543,20.4324],[105.8685,20.4097],[105.9022,20.3729],[105.912,20.3764],[105.9212,20.3629],[105.9342,20.3679],[105.9369,20.3745],[105.9258,20.3825]]]}},{"type":"Feature","properties":{"gid":"VNM.27.3_1","provZh":"河内市","name2":"Ba Đình","type2":"Quận","engtype2":"Urban District"},"geometry":{"type":"Polygon","coordinates":[[[105.816,21.0161],[105.8288,21.032],[105.843,21.0294],[105.8446,21.0394],[105.8564,21.0424],[105.8492,21.0544],[105.8283,21.0396],[105.8061,21.0476],[105.8014,21.0302],[105.8103,21.0262],[105.8106,21.0187],[105.816,21.0161]]]}},{"type":"Feature","properties":{"gid":"VNM.27.4_1","provZh":"河内市","name2":"Ba Vì","type2":"Huyện","engtype2":"District"},"geometry":{"type":"Polygon","coordinates":[[[105.4448,21.2648],[105.4058,21.2991],[105.3868,21.3015],[105.3567,21.2781],[105.3464,21.2245],[105.2971,21.1841],[105.2891,21.1703],[105.2915,21.1529],[105.3057,21.1378],[105.3205,21.1099],[105.3173,21.0927],[105.294,21.0547],[105.2999,21.029],[105.3153,21.0113],[105.3249,21.0214],[105.3289,21.0174],[105.3265,21.0087],[105.3477,21.0141],[105.3534,21.0074],[105.3754,21.0145],[105.387,21.0246],[105.3936,21.0138],[105.4113,21.0182],[105.4168,21.0113],[105.4339,21.0171],[105.4683,21.0109],[105.4716,21.021],[105.4572,21.0318],[105.4572,21.0497],[105.4658,21.0717],[105.4582,21.0589],[105.4596,21.0704],[105.4544,21.0633],[105.4544,21.0672],[105.4451,21.0622],[105.4401,21.0657],[105.4389,21.0869],[105.4453,21.0951],[105.4409,21.1046],[105.4238,21.1047],[105.4303,21.1066],[105.4311,21.12],[105.4136,21.1352],[105.4321,21.1511],[105.4378,21.1472],[105.4454,21.1493],[105.4514,21.1427],[105.452,21.1472],[105.457,21.1455],[105.4678,21.1686],[105.4751,21.1726],[105.468,21.1828],[105.4621,21.2227],[105.4522,21.238],[105.4448,21.2648]]]}},{"type":"Feature","properties":{"gid":"VNM.27.2_1","provZh":"河内市","name2":"Bắc Từ Liêm","type2":"Quận","engtype2":"Urban District"},"geometry":{"type":"Polygon","coordinates":[[[105.7676,21.0472],[105.7815,21.0496],[105.7811,21.0441],[105.7864,21.0443],[105.7903,21.0461],[105.7893,21.0519],[105.7946,21.0462],[105.7999,21.0553],[105.7966,21.058],[105.8048,21.0689],[105.8011,21.0784],[105.7939,21.0808],[105.7952,21.0983],[105.7538,21.0927],[105.737,21.1051],[105.7261,21.0992],[105.7276,21.0816],[105.7173,21.0712],[105.7286,21.0614],[105.7371,21.0454],[105.7534,21.038],[105.7676,21.0472]]]}},{"type":"Feature","properties":{"gid":"VNM.27.5_1","provZh":"河内市","name2":"Cầu Giấy","type2":"Quận","engtype2":"Urban District"},"geometry":{"type":"Polygon","coordinates":[[[105.8121,21.0072],[105.7976,21.0245],[105.8064,21.0377],[105.8089,21.0589],[105.7982,21.0477],[105.7949,21.0503],[105.7908,21.0462],[105.7893,21.0519],[105.7903,21.0461],[105.7864,21.0443],[105.7811,21.0441],[105.7815,21.0496],[105.7688,21.0425],[105.7687,21.036],[105.7839,21.0292],[105.7833,21.0204],[105.7913,21.0111],[105.7925,21.0007],[105.8047,21.0085],[105.8121,21.0072]]]}},{"type":"Feature","properties":{"gid":"VNM.27.6_1","provZh":"河内市","name2":"Chương Mỹ","type2":"Huyện","engtype2":"District"},"geometry":{"type":"Polygon","coordinates":[[[105.6481,20.7937],[105.6485,20.8142],[105.6937,20.8125],[105.6993,20.8191],[105.697,20.8284],[105.7072,20.8298],[105.7093,20.8097],[105.7439,20.8052],[105.7553,20.8137],[105.7527,20.8208],[105.7612,20.8347],[105.7338,20.8406],[105.7564,20.8507],[105.7287,20.872],[105.7296,20.876],[105.7376,20.8752],[105.7391,20.8864],[105.7251,20.8983],[105.7347,20.9108],[105.7236,20.9177],[105.7272,20.9245],[105.7057,20.9307],[105.7103,20.9353],[105.7294,20.9306],[105.7252,20.94],[105.7186,20.9344],[105.7112,20.9393],[105.7253,20.9515],[105.7092,20.9579],[105.6944,20.9553],[105.6951,20.9647],[105.6862,20.9612],[105.6785,20.9507],[105.6628,20.9489],[105.6337,20.9549],[105.6259,20.9411],[105.618,20.9364],[105.6186,20.9305],[105.6125,20.9318],[105.6148,20.9261],[105.602,20.9227],[105.5926,20.9112],[105.5722,20.9137],[105.5593,20.89],[105.5432,20.8817],[105.5441,20.8767],[105.5529,20.8826],[105.5593,20.8811],[105.5847,20.8579],[105.5879,20.8456],[105.5776,20.8245],[105.5607,20.8198],[105.5574,20.8038],[105.5835,20.8119],[105.5891,20.8311],[105.598,20.8338],[105.5963,20.8417],[105.6177,20.8304],[105.6306,20.8294],[105.6364,20.8393],[105.6352,20.8332],[105.6421,20.8276],[105.6271,20.8157],[105.632,20.814],[105.6346,20.802],[105.6306,20.7935],[105.6481,20.7937]]]}},{"type":"Feature","properties":{"gid":"VNM.27.8_1","provZh":"河内市","name2":"Đan Phượng","type2":"Huyện","engtype2":"District"},"geometry":{"type":"Polygon","coordinates":[[[105.7238,21.0747],[105.7276,21.0816],[105.7261,21.0992],[105.7404,21.108],[105.7302,21.1263],[105.7221,21.1327],[105.7147,21.1298],[105.6851,21.1463],[105.6611,21.148],[105.6447,21.1557],[105.6258,21.1755],[105.628,21.1454],[105.6234,21.1344],[105.6306,21.1251],[105.6244,21.1187],[105.6398,21.1096],[105.6345,21.1005],[105.6467,21.0918],[105.6436,21.0829],[105.6476,21.0692],[105.6595,21.072],[105.6636,21.0655],[105.6668,21.0726],[105.6722,21.07],[105.6798,21.0809],[105.6778,21.0844],[105.6873,21.0901],[105.6967,21.0865],[105.7016,21.0805],[105.6984,21.0749],[105.7051,21.0713],[105.7238,21.0747]]]}},{"type":"Feature","properties":{"gid":"VNM.27.9_1","provZh":"河内市","name2":"Đông Anh","type2":"Huyện","engtype2":"District"},"geometry":{"type":"Polygon","coordinates":[[[105.8417,21.0812],[105.8648,21.0665],[105.8937,21.0793],[105.9027,21.0786],[105.9058,21.0898],[105.8964,21.0983],[105.9055,21.1141],[105.9156,21.119],[105.9128,21.1265],[105.9252,21.1345],[105.9264,21.1445],[105.9195,21.1554],[105.9229,21.1628],[105.9169,21.1716],[105.9237,21.1827],[105.9122,21.1923],[105.9071,21.1924],[105.9054,21.1829],[105.8964,21.177],[105.8984,21.183],[105.8867,21.1901],[105.8768,21.1868],[105.8919,21.2024],[105.8872,21.2058],[105.875,21.202],[105.8716,21.2065],[105.8723,21.1988],[105.8631,21.2],[105.835,21.1863],[105.8163,21.1842],[105.8121,21.1909],[105.8022,21.1876],[105.7905,21.1906],[105.7905,21.1801],[105.7719,21.1782],[105.7737,21.1434],[105.7662,21.1357],[105.7528,21.1349],[105.7533,21.1316],[105.7479,21.1381],[105.7334,21.122],[105.7404,21.108],[105.737,21.1051],[105.7503,21.0934],[105.8056,21.103],[105.8288,21.0938],[105.8417,21.0812]]]}},{"type":"Feature","properties":{"gid":"VNM.27.7_1","provZh":"河内市","name2":"Đống Đa","type2":"Quận","engtype2":"Urban District"},"geometry":{"type":"Polygon","coordinates":[[[105.8414,21.0137],[105.8416,21.0288],[105.8288,21.032],[105.816,21.0161],[105.8106,21.0187],[105.8103,21.0262],[105.8014,21.0302],[105.7982,21.0265],[105.8181,21.0016],[105.8427,20.9973],[105.8414,21.0137]]]}},{"type":"Feature","properties":{"gid":"VNM.27.10_1","provZh":"河内市","name2":"Gia Lâm","type2":"Huyện","engtype2":"District"},"geometry":{"type":"Polygon","coordinates":[[[105.9642,20.9857],[105.9646,20.9905],[105.9724,20.9897],[105.9724,20.9967],[105.9999,20.9993],[105.9991,21.0066],[106.0085,21.0082],[106.0097,21.0124],[106.0045,21.0117],[106.0037,21.0171],[106.0095,21.0243],[106.0065,21.0289],[106.0165,21.0344],[106.02,21.0475],[106.014,21.0509],[106.0144,21.0559],[106.0082,21.0555],[106.0091,21.0637],[105.9995,21.0745],[105.9936,21.069],[105.9684,21.0721],[105.9579,21.0913],[105.9402,21.0834],[105.9342,21.1059],[105.9214,21.1167],[105.9242,21.1206],[105.9098,21.1174],[105.8964,21.0983],[105.9058,21.0898],[105.9027,21.0786],[105.9186,21.0759],[105.9278,21.0677],[105.938,21.0401],[105.9272,21.0257],[105.9379,21.0211],[105.9259,21.0198],[105.9199,21.0119],[105.9206,21.0044],[105.9038,21.0023],[105.9007,20.9943],[105.9095,20.9811],[105.8805,20.9312],[105.9091,20.9265],[105.9152,20.9371],[105.9036,20.9472],[105.9158,20.9751],[105.9645,20.9634],[105.9642,20.9857]]]}},{"type":"Feature","properties":{"gid":"VNM.27.11_1","provZh":"河内市","name2":"Hà Đông","type2":"Quận","engtype2":"Urban District"},"geometry":{"type":"Polygon","coordinates":[[[105.7191,20.9277],[105.7272,20.9245],[105.7236,20.9177],[105.7347,20.9108],[105.7494,20.9166],[105.7503,20.9302],[105.7576,20.9328],[105.7671,20.9229],[105.7839,20.9311],[105.7949,20.9549],[105.8043,20.959],[105.7906,20.969],[105.7992,20.9753],[105.7955,20.986],[105.7816,20.9886],[105.762,20.9797],[105.7557,20.9897],[105.7442,20.9955],[105.7304,20.9953],[105.7307,20.9905],[105.7418,20.9845],[105.7389,20.9704],[105.7429,20.9639],[105.7303,20.9609],[105.7253,20.9515],[105.7115,20.9418],[105.7186,20.9344],[105.7252,20.94],[105.7294,20.9306],[105.7129,20.9352],[105.7059,20.9328],[105.7076,20.9289],[105.7191,20.9277]]]}},{"type":"Feature","properties":{"gid":"VNM.27.12_1","provZh":"河内市","name2":"Hai Bà Trưng","type2":"Quận","engtype2":"Urban District"},"geometry":{"type":"Polygon","coordinates":[[[105.8504,20.993],[105.8626,20.9928],[105.8623,20.9961],[105.8737,20.9927],[105.8786,21.0001],[105.8754,21.0022],[105.8831,21.0027],[105.875,21.0053],[105.8678,21.0199],[105.8415,21.0212],[105.8412,20.992],[105.8506,20.99],[105.8504,20.993]]]}},{"type":"Feature","properties":{"gid":"VNM.27.13_1","provZh":"河内市","name2":"Hoài Đức","type2":"Huyện","engtype2":"District"},"geometry":{"type":"Polygon","coordinates":[[[105.7429,20.9639],[105.7389,20.9704],[105.7418,20.9845],[105.73,20.9917],[105.7353,20.9966],[105.7358,21.0083],[105.7298,21.018],[105.7387,21.0229],[105.739,21.035],[105.728,21.0484],[105.7286,21.0614],[105.7173,21.0717],[105.6984,21.0749],[105.7016,21.0805],[105.6873,21.0901],[105.6778,21.0844],[105.6727,21.0703],[105.6642,21.0704],[105.6631,21.0596],[105.6474,21.0652],[105.6533,21.0394],[105.6651,21.0333],[105.6686,21.0239],[105.6771,21.019],[105.6766,21.0092],[105.663,21.0062],[105.6673,20.995],[105.6649,20.983],[105.6758,20.9861],[105.6867,20.9748],[105.6847,20.9696],[105.6991,20.978],[105.7249,20.9554],[105.7429,20.9639]]]}},{"type":"Feature","properties":{"gid":"VNM.27.14_1","provZh":"河内市","name2":"Hoàn Kiếm","type2":"Quận","engtype2":"Urban District"},"geometry":{"type":"Polygon","coordinates":[[[105.8416,21.0288],[105.8409,21.0211],[105.8678,21.0199],[105.8564,21.0424],[105.8446,21.0394],[105.8416,21.0288]]]}},{"type":"Feature","properties":{"gid":"VNM.27.15_1","provZh":"河内市","name2":"Hoàng Mai","type2":"Quận","engtype2":"Urban District"},"geometry":{"type":"Polygon","coordinates":[[[105.8442,20.9511],[105.8585,20.9573],[105.8663,20.9509],[105.8732,20.9551],[105.8864,20.9452],[105.9029,20.9678],[105.9087,20.9861],[105.8831,21.0027],[105.8754,21.0022],[105.8786,21.0001],[105.8737,20.9927],[105.8623,20.9961],[105.8626,20.9928],[105.852,20.9942],[105.8506,20.99],[105.8443,20.994],[105.8375,20.9839],[105.8285,20.9936],[105.8184,20.9807],[105.8098,20.9827],[105.8075,20.9739],[105.825,20.9707],[105.8164,20.9599],[105.8309,20.953],[105.836,20.9589],[105.8427,20.9582],[105.8442,20.9511]]]}},{"type":"Feature","properties":{"gid":"VNM.27.16_1","provZh":"河内市","name2":"Long Biên","type2":"Quận","engtype2":"Urban District"},"geometry":{"type":"Polygon","coordinates":[[[105.9046,21.0008],[105.9206,21.0044],[105.9199,21.0119],[105.9259,21.0198],[105.9379,21.0211],[105.9272,21.0257],[105.938,21.0401],[105.9246,21.0719],[105.8977,21.0798],[105.8648,21.0665],[105.8417,21.0812],[105.8477,21.0581],[105.8646,21.0303],[105.87,21.011],[105.9007,20.9943],[105.9046,21.0008]]]}},{"type":"Feature","properties":{"gid":"VNM.27.18_1","provZh":"河内市","name2":"Mê Linh","type2":"Huyện","engtype2":"District"},"geometry":{"type":"Polygon","coordinates":[[[105.7221,21.1327],[105.7359,21.1219],[105.7479,21.1381],[105.7533,21.1316],[105.7528,21.1349],[105.7662,21.1357],[105.7737,21.1434],[105.7719,21.1782],[105.7905,21.1801],[105.7889,21.1955],[105.7704,21.2067],[105.7689,21.2142],[105.7605,21.2147],[105.7581,21.2229],[105.7351,21.2329],[105.7243,21.2253],[105.7197,21.23],[105.7187,21.2235],[105.7092,21.2198],[105.6986,21.2199],[105.6982,21.2133],[105.6884,21.222],[105.6873,21.2305],[105.6826,21.2302],[105.6887,21.2342],[105.6814,21.2347],[105.6766,21.2269],[105.6714,21.2304],[105.6749,21.2362],[105.6688,21.2332],[105.667,21.2396],[105.6617,21.235],[105.6519,21.2381],[105.6443,21.2337],[105.6454,21.2271],[105.6545,21.2276],[105.6582,21.2204],[105.6451,21.2156],[105.6358,21.2173],[105.6387,21.2073],[105.6291,21.2107],[105.6152,21.2076],[105.6298,21.1841],[105.6244,21.1807],[105.6258,21.1755],[105.6447,21.1557],[105.6611,21.148],[105.6851,21.1463],[105.7147,21.1298],[105.7221,21.1327]]]}},{"type":"Feature","properties":{"gid":"VNM.27.17_1","provZh":"河内市","name2":"Mỹ Đức","type2":"Huyện","engtype2":"District"},"geometry":{"type":"Polygon","coordinates":[[[105.7838,20.5663],[105.7964,20.5696],[105.806,20.6108],[105.8129,20.6187],[105.7982,20.6118],[105.7774,20.6238],[105.8005,20.6315],[105.8023,20.6415],[105.7432,20.6903],[105.7458,20.6965],[105.7609,20.7019],[105.7629,20.7189],[105.7711,20.7244],[105.7614,20.7316],[105.7314,20.7222],[105.7336,20.7302],[105.7298,20.7376],[105.6971,20.7428],[105.6977,20.751],[105.7145,20.757],[105.7263,20.7727],[105.7054,20.7985],[105.7097,20.83],[105.697,20.8284],[105.6993,20.8191],[105.6937,20.8125],[105.6485,20.8142],[105.6496,20.7615],[105.6578,20.7413],[105.6665,20.7341],[105.6616,20.7234],[105.6839,20.6922],[105.6802,20.6835],[105.6695,20.6759],[105.6752,20.6636],[105.6774,20.6718],[105.6796,20.6696],[105.6792,20.6454],[105.6868,20.6378],[105.6784,20.6285],[105.6704,20.632],[105.6639,20.6282],[105.6662,20.6179],[105.6869,20.6161],[105.6917,20.6221],[105.7013,20.6215],[105.7083,20.5988],[105.7217,20.5961],[105.7272,20.6046],[105.744,20.5983],[105.7652,20.5755],[105.769,20.5645],[105.7838,20.5663]]]}},{"type":"Feature","properties":{"gid":"VNM.27.19_1","provZh":"河内市","name2":"Nam Từ Liêm","type2":"Quận","engtype2":"Urban District"},"geometry":{"type":"Polygon","coordinates":[[[105.788,20.9861],[105.7841,20.9866],[105.7932,20.9844],[105.7992,20.9886],[105.7833,21.0204],[105.7839,21.0292],[105.768,21.037],[105.7715,21.0453],[105.7676,21.0472],[105.7534,21.038],[105.7371,21.0454],[105.7295,21.0566],[105.728,21.0484],[105.739,21.035],[105.7387,21.0229],[105.7298,21.018],[105.7358,21.0083],[105.7353,20.9966],[105.7557,20.9897],[105.762,20.9797],[105.7816,20.9886],[105.788,20.9861]]]}},{"type":"Feature","properties":{"gid":"VNM.27.20_1","provZh":"河内市","name2":"Phú Xuyên","type2":"Huyện","engtype2":"District"},"geometry":{"type":"Polygon","coordinates":[[[105.9468,20.6682],[105.9452,20.6551],[105.958,20.6508],[105.96,20.6607],[105.9776,20.6657],[105.9848,20.6805],[105.9975,20.6784],[105.9907,20.6893],[105.9979,20.6923],[105.9958,20.6975],[106.0033,20.7038],[105.9744,20.6995],[105.9664,20.71],[105.962,20.7234],[105.9701,20.7346],[105.9664,20.7755],[105.9232,20.7909],[105.9133,20.7868],[105.9126,20.7822],[105.9118,20.7745],[105.9194,20.7639],[105.905,20.7529],[105.8943,20.7553],[105.8901,20.7519],[105.8869,20.756],[105.8968,20.7723],[105.8899,20.7722],[105.887,20.7813],[105.8684,20.7898],[105.87,20.7968],[105.8531,20.8019],[105.8341,20.7951],[105.8317,20.8062],[105.8171,20.8044],[105.8187,20.7941],[105.8139,20.802],[105.81,20.7988],[105.8111,20.7878],[105.8028,20.7796],[105.8038,20.7714],[105.7997,20.771],[105.7963,20.7617],[105.7921,20.7627],[105.7937,20.7494],[105.8035,20.7507],[105.8266,20.7371],[105.8443,20.7418],[105.8508,20.7377],[105.8603,20.7151],[105.8737,20.71],[105.8716,20.706],[105.8914,20.6934],[105.8826,20.6854],[105.8864,20.6757],[105.8931,20.6788],[105.9054,20.6684],[105.9437,20.682],[105.9468,20.6682]]]}},{"type":"Feature","properties":{"gid":"VNM.27.21_1","provZh":"河内市","name2":"Phúc Thọ","type2":"Huyện","engtype2":"District"},"geometry":{"type":"Polygon","coordinates":[[[105.6471,21.0405],[105.6508,21.044],[105.6474,21.0652],[105.6594,21.0587],[105.6647,21.0627],[105.6595,21.072],[105.6476,21.0692],[105.6436,21.0829],[105.6467,21.0918],[105.6345,21.1005],[105.6398,21.1096],[105.6244,21.1187],[105.6306,21.1251],[105.6234,21.1344],[105.628,21.1454],[105.6258,21.1755],[105.6173,21.1791],[105.5709,21.1606],[105.5336,21.1542],[105.5159,21.1563],[105.5162,21.1411],[105.5246,21.1338],[105.5051,21.1227],[105.5019,21.1096],[105.5071,21.1017],[105.5017,21.0955],[105.5077,21.0978],[105.5144,21.0903],[105.5234,21.089],[105.5545,21.096],[105.5576,21.1018],[105.5759,21.0993],[105.5751,21.0821],[105.5832,21.0748],[105.5932,21.0784],[105.6077,21.0703],[105.611,21.0728],[105.6269,21.0629],[105.6349,21.0443],[105.6431,21.0408],[105.6478,21.0461],[105.6471,21.0405]]]}},{"type":"Feature","properties":{"gid":"VNM.27.22_1","provZh":"河内市","name2":"Quốc Oai","type2":"Huyện","engtype2":"District"},"geometry":{"type":"Polygon","coordinates":[[[105.617,20.9304],[105.6337,20.9549],[105.6628,20.9489],[105.6785,20.9507],[105.6862,20.9612],[105.6951,20.9647],[105.6944,20.9553],[105.7092,20.9579],[105.7253,20.9515],[105.7093,20.9727],[105.6953,20.9785],[105.6847,20.9696],[105.6867,20.9748],[105.6758,20.9861],[105.6649,20.983],[105.6673,20.995],[105.663,21.0062],[105.6766,21.0092],[105.6771,21.019],[105.6508,21.044],[105.6471,21.0405],[105.6478,21.0461],[105.6431,21.0408],[105.6349,21.0443],[105.6324,21.0369],[105.6307,21.027],[105.6342,21.0252],[105.6291,21.0167],[105.6397,21.0096],[105.6312,21.0097],[105.6272,21.0033],[105.6236,21.0071],[105.6015,21.0029],[105.5938,21.0127],[105.5926,21.0038],[105.5807,21.0012],[105.581,20.983],[105.5759,20.9856],[105.5722,20.9745],[105.5544,20.9834],[105.5561,20.9908],[105.5416,20.9789],[105.5305,20.9798],[105.5242,20.9695],[105.5122,20.9802],[105.5039,20.9797],[105.5027,20.9693],[105.4914,20.9619],[105.4859,20.9475],[105.4796,20.9478],[105.4905,20.9341],[105.5251,20.9188],[105.5385,20.9276],[105.5465,20.9217],[105.5529,20.9271],[105.5805,20.9287],[105.5848,20.9226],[105.5791,20.9207],[105.5818,20.91],[105.5973,20.913],[105.602,20.9227],[105.6148,20.9261],[105.6146,20.9333],[105.617,20.9304]]]}},{"type":"Feature","properties":{"gid":"VNM.27.23_1","provZh":"河内市","name2":"Sóc Sơn","type2":"Huyện","engtype2":"District"},"geometry":{"type":"Polygon","coordinates":[[[105.9004,21.1821],[105.9054,21.1829],[105.9071,21.1924],[105.903,21.2024],[105.9112,21.2012],[105.9099,21.2073],[105.9156,21.2094],[105.9105,21.2244],[105.9036,21.2238],[105.9052,21.2306],[105.9193,21.231],[105.9276,21.2393],[105.9263,21.2447],[105.9386,21.2451],[105.923,21.2694],[105.9232,21.2876],[105.9308,21.2949],[105.9163,21.295],[105.9165,21.3056],[105.9089,21.3016],[105.8976,21.3071],[105.8979,21.3271],[105.8668,21.3283],[105.8556,21.3428],[105.8589,21.3457],[105.8524,21.3491],[105.8546,21.3676],[105.8592,21.3666],[105.8562,21.3765],[105.8397,21.3774],[105.832,21.3733],[105.8164,21.383],[105.8127,21.3804],[105.8012,21.3852],[105.788,21.3757],[105.783,21.3538],[105.7852,21.3429],[105.7762,21.3371],[105.7533,21.2949],[105.7432,21.2929],[105.7326,21.275],[105.7257,21.2733],[105.7292,21.2691],[105.7228,21.2661],[105.7234,21.2507],[105.7292,21.2489],[105.7251,21.2423],[105.7343,21.2417],[105.7377,21.2365],[105.73,21.2383],[105.7331,21.2337],[105.7581,21.2229],[105.7605,21.2147],[105.7689,21.2142],[105.7704,21.2067],[105.7876,21.197],[105.7905,21.1906],[105.8022,21.1876],[105.8121,21.1909],[105.8163,21.1842],[105.835,21.1863],[105.8631,21.2],[105.8723,21.1988],[105.8716,21.2065],[105.875,21.202],[105.8872,21.2058],[105.8919,21.2024],[105.8768,21.1868],[105.8867,21.1901],[105.8984,21.183],[105.8964,21.177],[105.9014,21.1781],[105.9004,21.1821]]]}},{"type":"Feature","properties":{"gid":"VNM.27.24_1","provZh":"河内市","name2":"Sơn Tây","type2":"Thị xã","engtype2":"Town"},"geometry":{"type":"Polygon","coordinates":[[[105.4649,21.0245],[105.4716,21.021],[105.488,21.0405],[105.5094,21.0255],[105.5346,21.0504],[105.5341,21.0609],[105.5293,21.064],[105.5376,21.0726],[105.5237,21.0843],[105.525,21.0893],[105.5004,21.0982],[105.5071,21.1017],[105.5019,21.1096],[105.5051,21.1227],[105.5246,21.1338],[105.5162,21.1411],[105.5159,21.1563],[105.4862,21.163],[105.4751,21.1726],[105.4678,21.1686],[105.457,21.1455],[105.452,21.1472],[105.4514,21.1427],[105.4454,21.1493],[105.4378,21.1472],[105.4321,21.1511],[105.4136,21.1352],[105.4311,21.12],[105.4303,21.1066],[105.4238,21.1047],[105.4409,21.1046],[105.4453,21.0951],[105.4389,21.0869],[105.4401,21.0657],[105.4451,21.0622],[105.4544,21.0672],[105.4544,21.0633],[105.4596,21.0704],[105.4582,21.0589],[105.4658,21.0717],[105.4572,21.0497],[105.4572,21.0318],[105.4649,21.0245]]]}},{"type":"Feature","properties":{"gid":"VNM.27.25_1","provZh":"河内市","name2":"Tây Hồ","type2":"Quận","engtype2":"Urban District"},"geometry":{"type":"Polygon","coordinates":[[[105.8417,21.0812],[105.824,21.0962],[105.8092,21.1024],[105.7985,21.1006],[105.7917,21.0902],[105.805,21.0659],[105.7949,21.0503],[105.8018,21.0495],[105.8089,21.0589],[105.8061,21.0476],[105.8283,21.0396],[105.8363,21.0417],[105.84,21.0506],[105.8492,21.0544],[105.8417,21.0812]]]}},{"type":"Feature","properties":{"gid":"VNM.27.26_1","provZh":"河内市","name2":"Thạch Thất","type2":"Huyện","engtype2":"District"},"geometry":{"type":"Polygon","coordinates":[[[105.4914,20.9619],[105.5027,20.9693],[105.5039,20.9797],[105.5122,20.9802],[105.5242,20.9695],[105.5305,20.9798],[105.5416,20.9789],[105.5561,20.9908],[105.5544,20.9834],[105.5742,20.9751],[105.5759,20.9856],[105.581,20.983],[105.5807,21.0012],[105.5926,21.0038],[105.5938,21.0127],[105.6015,21.0029],[105.6236,21.0071],[105.6272,21.0033],[105.6312,21.0097],[105.6397,21.0096],[105.6291,21.0167],[105.6355,21.042],[105.6292,21.0598],[105.611,21.0728],[105.6077,21.0703],[105.5932,21.0784],[105.5832,21.0748],[105.5751,21.0821],[105.5759,21.0993],[105.5576,21.1018],[105.5545,21.096],[105.5233,21.0878],[105.5323,21.0807],[105.532,21.0742],[105.5376,21.0736],[105.5293,21.064],[105.5341,21.0609],[105.5359,21.0553],[105.5316,21.0521],[105.535,21.0512],[105.5094,21.0255],[105.488,21.0405],[105.4671,21.009],[105.4339,21.0171],[105.4168,21.0113],[105.4113,21.0182],[105.3921,21.0145],[105.3969,21.0009],[105.4178,20.9978],[105.4223,20.9837],[105.4362,20.9748],[105.4438,20.956],[105.4671,20.9451],[105.4859,20.9475],[105.4914,20.9619]]]}},{"type":"Feature","properties":{"gid":"VNM.27.27_1","provZh":"河内市","name2":"Thanh Oai","type2":"Huyện","engtype2":"District"},"geometry":{"type":"Polygon","coordinates":[[[105.8067,20.7802],[105.8111,20.7878],[105.81,20.7988],[105.8139,20.802],[105.8208,20.7951],[105.8171,20.8044],[105.8238,20.8065],[105.8317,20.8062],[105.8368,20.8004],[105.8415,20.8149],[105.8368,20.8175],[105.8376,20.8239],[105.8273,20.8277],[105.8218,20.8411],[105.8194,20.8585],[105.8244,20.8615],[105.8241,20.8698],[105.8156,20.8703],[105.8127,20.8981],[105.8157,20.9027],[105.7894,20.9197],[105.8016,20.9357],[105.7857,20.9392],[105.7839,20.9311],[105.7671,20.9229],[105.7576,20.9328],[105.7503,20.9302],[105.7494,20.9166],[105.7369,20.9135],[105.7251,20.8983],[105.7391,20.8864],[105.7376,20.8752],[105.7296,20.876],[105.7287,20.872],[105.7564,20.8507],[105.7338,20.8406],[105.7612,20.8347],[105.7527,20.8208],[105.7553,20.8137],[105.7439,20.8052],[105.735,20.8091],[105.7385,20.7933],[105.7454,20.7889],[105.7513,20.7926],[105.7574,20.7874],[105.7597,20.7903],[105.7659,20.7823],[105.7687,20.7882],[105.7846,20.7918],[105.8067,20.7802]]]}},{"type":"Feature","properties":{"gid":"VNM.27.28_1","provZh":"河内市","name2":"Thanh Trì","type2":"Huyện","engtype2":"District"},"geometry":{"type":"Polygon","coordinates":[[[105.8535,20.9021],[105.8677,20.9091],[105.8756,20.9062],[105.8807,20.9118],[105.8997,20.9051],[105.9162,20.9212],[105.9091,20.9265],[105.8805,20.9312],[105.8864,20.9452],[105.8732,20.9551],[105.8699,20.9504],[105.8585,20.9573],[105.8442,20.9511],[105.8427,20.9582],[105.836,20.9589],[105.8309,20.953],[105.8212,20.9571],[105.8164,20.9607],[105.825,20.9707],[105.8121,20.971],[105.8075,20.9739],[105.81,20.9843],[105.7971,20.9847],[105.7948,20.9808],[105.7992,20.9753],[105.7906,20.969],[105.8043,20.959],[105.7949,20.9549],[105.7885,20.9421],[105.8016,20.9357],[105.7916,20.9272],[105.7914,20.9152],[105.8157,20.9027],[105.8253,20.9033],[105.8279,20.8973],[105.8334,20.9092],[105.8395,20.9095],[105.8396,20.9028],[105.8539,20.897],[105.8535,20.9021]]]}},{"type":"Feature","properties":{"gid":"VNM.27.29_1","provZh":"河内市","name2":"Thanh Xuân","type2":"Quận","engtype2":"Urban District"},"geometry":{"type":"Polygon","coordinates":[[[105.81,20.9843],[105.8184,20.9807],[105.8285,20.9936],[105.8375,20.9839],[105.8427,20.9973],[105.8047,21.0085],[105.7923,20.9994],[105.7992,20.9886],[105.7967,20.9843],[105.81,20.9843]]]}},{"type":"Feature","properties":{"gid":"VNM.27.30_1","provZh":"河内市","name2":"Thường Tín","type2":"Huyện","engtype2":"District"},"geometry":{"type":"Polygon","coordinates":[[[105.9105,20.7575],[105.9194,20.7639],[105.9118,20.7745],[105.9133,20.7868],[105.9232,20.7909],[105.9116,20.8213],[105.9127,20.8349],[105.9361,20.8561],[105.9354,20.8686],[105.8983,20.8909],[105.8947,20.8978],[105.8997,20.9051],[105.8927,20.9094],[105.8894,20.906],[105.8807,20.9118],[105.8756,20.9062],[105.859,20.9072],[105.8539,20.897],[105.8396,20.9028],[105.8395,20.9095],[105.8334,20.9092],[105.8279,20.8973],[105.8253,20.9033],[105.8157,20.9027],[105.8127,20.8981],[105.8156,20.8703],[105.8241,20.8698],[105.8244,20.8615],[105.8194,20.8585],[105.8218,20.8411],[105.8273,20.8277],[105.8376,20.8239],[105.8368,20.8175],[105.8415,20.8149],[105.8341,20.7951],[105.8531,20.8019],[105.87,20.7968],[105.8684,20.7898],[105.887,20.7813],[105.8899,20.7722],[105.8968,20.7723],[105.8874,20.754],[105.903,20.7523],[105.9105,20.7575]]]}},{"type":"Feature","properties":{"gid":"VNM.27.1_1","provZh":"河内市","name2":"Ứng Hòa","type2":"Huyện","engtype2":"District"},"geometry":{"type":"Polygon","coordinates":[[[105.8228,20.6572],[105.8187,20.6605],[105.8277,20.6637],[105.8455,20.6568],[105.8586,20.6448],[105.881,20.6435],[105.8964,20.6522],[105.8962,20.6688],[105.903,20.6648],[105.9054,20.6684],[105.8931,20.6788],[105.8836,20.678],[105.8826,20.6854],[105.8914,20.6934],[105.8716,20.706],[105.8737,20.71],[105.8603,20.7151],[105.8508,20.7377],[105.8443,20.7418],[105.8266,20.7371],[105.8035,20.7507],[105.7937,20.7494],[105.7921,20.7627],[105.7963,20.7617],[105.8056,20.7757],[105.8028,20.7796],[105.8067,20.7802],[105.7846,20.7918],[105.7687,20.7882],[105.7659,20.7823],[105.7597,20.7903],[105.7574,20.7874],[105.7513,20.7926],[105.7454,20.7889],[105.7385,20.7933],[105.735,20.8091],[105.7093,20.8097],[105.7054,20.7985],[105.7263,20.7727],[105.7145,20.757],[105.6977,20.751],[105.6971,20.7428],[105.7298,20.7376],[105.7336,20.7302],[105.7314,20.7222],[105.7614,20.7316],[105.7711,20.7244],[105.7629,20.7189],[105.7609,20.7019],[105.7426,20.6923],[105.8023,20.6415],[105.8005,20.6315],[105.7774,20.6238],[105.7982,20.6118],[105.8129,20.6187],[105.8133,20.6337],[105.8336,20.6471],[105.8228,20.6572]]]}},{"type":"Feature","properties":{"gid":"VNM.29.1_1","provZh":"河静省","name2":"Cẩm Xuyên","type2":"Huyện","engtype2":"District"},"geometry":{"type":"Polygon","coordinates":[[[106.0761,18.11],[106.0884,18.1214],[106.0979,18.1169],[106.1093,18.1236],[106.126,18.1171],[106.1335,18.1221],[106.1431,18.1493],[106.1383,18.1903],[106.1308,18.1974],[106.1318,18.2097],[106.1255,18.2087],[106.1328,18.2178],[106.1259,18.2294],[106.1456,18.2436],[106.1515,18.2687],[106.122,18.2657],[106.1005,18.276],[106.0256,18.3463],[105.9836,18.3031],[105.9694,18.3174],[105.9563,18.3199],[105.9512,18.3158],[105.9419,18.3172],[105.9389,18.3095],[105.9051,18.3087],[105.9057,18.3026],[105.9115,18.3061],[105.922,18.3018],[105.9123,18.2727],[105.9158,18.2684],[105.9098,18.2617],[105.8975,18.2592],[105.897,18.249],[105.8869,18.2441],[105.892,18.2287],[105.8779,18.2185],[105.8763,18.2052],[105.8836,18.1895],[105.859,18.1716],[105.8641,18.1553],[105.8547,18.1474],[105.8561,18.1404],[105.8676,18.1367],[105.8814,18.1398],[105.8938,18.1251],[105.9134,18.1143],[105.9178,18.1036],[105.946,18.0731],[105.9512,18.0575],[105.9621,18.059],[105.9674,18.0549],[105.9757,18.0626],[105.9862,18.0638],[106.0159,18.0343],[106.0187,18.0396],[106.0146,18.0443],[106.0235,18.0461],[106.0222,18.0645],[106.0392,18.0812],[106.039,18.089],[106.0725,18.0984],[106.0761,18.11]]]}},{"type":"Feature","properties":{"gid":"VNM.29.2_1","provZh":"河静省","name2":"Can Lộc","type2":"Huyện","engtype2":"District"},"geometry":{"type":"Polygon","coordinates":[[[105.6888,18.3578],[105.7211,18.35],[105.7362,18.3374],[105.734,18.3281],[105.7502,18.3209],[105.7556,18.3564],[105.7694,18.3532],[105.7733,18.3612],[105.7785,18.3605],[105.776,18.3668],[105.7822,18.3688],[105.7816,18.3747],[105.7876,18.3743],[105.7878,18.3821],[105.7952,18.3817],[105.7882,18.3934],[105.7914,18.3936],[105.788,18.4071],[105.777,18.4119],[105.7826,18.4164],[105.7801,18.4199],[105.7849,18.422],[105.7849,18.431],[105.8034,18.4173],[105.8092,18.4248],[105.8035,18.4276],[105.8067,18.4376],[105.8235,18.437],[105.8323,18.4467],[105.831,18.4535],[105.8206,18.4535],[105.8265,18.474],[105.819,18.4819],[105.8114,18.4826],[105.8108,18.4953],[105.8163,18.5053],[105.815,18.5418],[105.8074,18.5475],[105.7899,18.5448],[105.77,18.5493],[105.7591,18.545],[105.748,18.5336],[105.7489,18.5165],[105.7427,18.4988],[105.7373,18.4942],[105.7323,18.4959],[105.7317,18.4914],[105.7127,18.4909],[105.7066,18.4966],[105.7006,18.4878],[105.6944,18.4889],[105.6886,18.498],[105.6811,18.4953],[105.6829,18.5038],[105.6766,18.5116],[105.6611,18.4905],[105.6618,18.4804],[105.6456,18.4817],[105.6462,18.4615],[105.6377,18.4594],[105.6338,18.4458],[105.6385,18.4267],[105.6307,18.4186],[105.6452,18.4103],[105.6439,18.3994],[105.6366,18.3933],[105.6502,18.3864],[105.6674,18.3678],[105.6888,18.3578]]]}},{"type":"Feature","properties":{"gid":"VNM.29.3_1","provZh":"河静省","name2":"Đức Thọ","type2":"Huyện","engtype2":"District"},"geometry":{"type":"Polygon","coordinates":[[[105.645,18.4043],[105.6452,18.4103],[105.6307,18.4186],[105.6385,18.4267],[105.6338,18.4458],[105.6377,18.4594],[105.6462,18.4615],[105.6441,18.4789],[105.6485,18.4829],[105.6618,18.4804],[105.6611,18.4905],[105.6802,18.5225],[105.6875,18.524],[105.6849,18.5313],[105.679,18.5338],[105.6761,18.5292],[105.6645,18.5383],[105.6696,18.5435],[105.6685,18.5493],[105.6632,18.5503],[105.6605,18.5572],[105.6727,18.5806],[105.6657,18.5849],[105.6498,18.5784],[105.6312,18.5625],[105.6257,18.5655],[105.6311,18.5665],[105.6313,18.572],[105.6205,18.5703],[105.6163,18.5773],[105.5994,18.5771],[105.5897,18.5727],[105.5837,18.5588],[105.552,18.557],[105.5463,18.5524],[105.5511,18.5448],[105.5479,18.5387],[105.5539,18.5257],[105.5535,18.5118],[105.5385,18.4969],[105.5532,18.4846],[105.5494,18.4739],[105.5406,18.469],[105.5395,18.4425],[105.5447,18.4248],[105.5634,18.4287],[105.5916,18.4057],[105.5964,18.4069],[105.5988,18.4174],[105.6051,18.4098],[105.6366,18.3933],[105.645,18.4043]]]}},{"type":"Feature","properties":{"gid":"VNM.29.5_1","provZh":"河静省","name2":"Hà Tĩnh","type2":"Thành phố","engtype2":"City"},"geometry":{"type":"Polygon","coordinates":[[[105.9189,18.3119],[105.9389,18.3095],[105.9434,18.3231],[105.9308,18.3306],[105.9342,18.3348],[105.9233,18.335],[105.9193,18.341],[105.9259,18.3459],[105.9254,18.3546],[105.9385,18.3523],[105.931,18.3593],[105.9351,18.3674],[105.9293,18.3762],[105.9318,18.3879],[105.9211,18.3962],[105.9097,18.3936],[105.9027,18.4006],[105.8929,18.3993],[105.8718,18.3873],[105.8712,18.3803],[105.8764,18.3783],[105.8652,18.3684],[105.8716,18.3523],[105.8602,18.3421],[105.8726,18.328],[105.8861,18.3295],[105.9041,18.3229],[105.9038,18.3077],[105.9189,18.3119]]]}},{"type":"Feature","properties":{"gid":"VNM.29.4_1","provZh":"河静省","name2":"Hồng Lĩnh","type2":"Thị xã","engtype2":"Town"},"geometry":{"type":"Polygon","coordinates":[[[105.7214,18.5495],[105.7168,18.5536],[105.7204,18.5683],[105.7103,18.5605],[105.6933,18.5689],[105.6809,18.5673],[105.6727,18.5806],[105.6672,18.5737],[105.6658,18.5614],[105.6605,18.5572],[105.6632,18.5503],[105.6685,18.5493],[105.6696,18.5435],[105.6645,18.5383],[105.6761,18.5292],[105.679,18.5338],[105.6877,18.5271],[105.6769,18.5153],[105.6787,18.5049],[105.6829,18.5038],[105.6811,18.4953],[105.6881,18.4982],[105.6944,18.4889],[105.7006,18.4878],[105.7066,18.4966],[105.7127,18.4909],[105.7266,18.49],[105.7427,18.4988],[105.7489,18.5165],[105.748,18.5336],[105.766,18.5504],[105.749,18.5566],[105.7303,18.545],[105.7217,18.5456],[105.7214,18.5495]]]}},{"type":"Feature","properties":{"gid":"VNM.29.6_1","provZh":"河静省","name2":"Hương Khê","type2":"Huyện","engtype2":"District"},"geometry":{"type":"Polygon","coordinates":[[[105.7038,18.3547],[105.6674,18.3678],[105.6502,18.3864],[105.6366,18.3933],[105.6156,18.3624],[105.6103,18.3467],[105.6195,18.3391],[105.6155,18.3306],[105.6046,18.3263],[105.6032,18.3323],[105.5948,18.3322],[105.5909,18.314],[105.5832,18.3145],[105.5732,18.3063],[105.5642,18.308],[105.5597,18.2978],[105.5506,18.2946],[105.5343,18.3063],[105.5076,18.3074],[105.502,18.3028],[105.4942,18.3071],[105.4859,18.2799],[105.4785,18.2672],[105.466,18.2589],[105.4516,18.2067],[105.453,18.2022],[105.4592,18.205],[105.4808,18.196],[105.4911,18.2029],[105.4937,18.2004],[105.4871,18.1812],[105.4892,18.1759],[105.4938,18.1766],[105.5014,18.1885],[105.5127,18.15],[105.5037,18.1389],[105.5058,18.1244],[105.5116,18.1191],[105.5127,18.1242],[105.5215,18.1263],[105.5344,18.1156],[105.5394,18.1058],[105.5401,18.082],[105.5711,18.084],[105.5763,18.07],[105.5726,18.0651],[105.5803,18.0618],[105.5856,18.0429],[105.5794,18.0268],[105.5842,18.0105],[105.5921,18.0096],[105.5984,18.002],[105.6049,18.0098],[105.6141,18.0115],[105.6342,17.9919],[105.7062,17.9929],[105.7131,18.0028],[105.7228,18.0068],[105.7212,18.0205],[105.7254,18.0269],[105.7397,18.0367],[105.7775,18.0166],[105.7886,18.0244],[105.8087,18.0253],[105.8073,18.0313],[105.8165,18.0372],[105.8283,18.0311],[105.8354,18.0405],[105.834,18.045],[105.813,18.0529],[105.82,18.0605],[105.8394,18.0661],[105.8707,18.0664],[105.8942,18.0892],[105.9123,18.0867],[105.9188,18.0802],[105.9319,18.089],[105.9134,18.1143],[105.8938,18.1251],[105.8879,18.1358],[105.8773,18.1408],[105.8676,18.1367],[105.8561,18.1404],[105.8547,18.1474],[105.8641,18.1553],[105.859,18.1716],[105.869,18.1964],[105.8556,18.2142],[105.84,18.2229],[105.8392,18.2322],[105.8321,18.236],[105.839,18.2548],[105.8298,18.2567],[105.8001,18.2799],[105.7904,18.2975],[105.7663,18.2992],[105.7568,18.294],[105.751,18.2975],[105.7603,18.316],[105.734,18.3281],[105.7362,18.3374],[105.7305,18.3443],[105.7038,18.3547]]]}},{"type":"Feature","properties":{"gid":"VNM.29.7_1","provZh":"河静省","name2":"Hương Sơn","type2":"Huyện","engtype2":"District"},"geometry":{"type":"Polygon","coordinates":[[[105.2486,18.2861],[105.2581,18.2677],[105.2845,18.271],[105.2987,18.2775],[105.3011,18.2936],[105.308,18.2955],[105.308,18.3138],[105.3188,18.3244],[105.3378,18.3709],[105.3499,18.3793],[105.3715,18.3695],[105.3853,18.3734],[105.3956,18.4023],[105.3775,18.4153],[105.3933,18.4485],[105.4007,18.4379],[105.4174,18.4454],[105.4367,18.4289],[105.4541,18.4325],[105.4822,18.4074],[105.4875,18.4206],[105.4807,18.4319],[105.5043,18.4527],[105.5043,18.4702],[105.5112,18.4789],[105.5076,18.4857],[105.5105,18.4892],[105.5229,18.482],[105.528,18.4838],[105.54,18.4913],[105.5385,18.4969],[105.5535,18.5118],[105.5539,18.5257],[105.5479,18.5387],[105.5511,18.5448],[105.5311,18.5609],[105.5155,18.5986],[105.5051,18.6099],[105.4765,18.614],[105.4766,18.6076],[105.4409,18.5985],[105.4348,18.5875],[105.4215,18.5855],[105.4182,18.5908],[105.3976,18.5799],[105.3773,18.5785],[105.3387,18.5904],[105.3302,18.6018],[105.3053,18.607],[105.2951,18.6221],[105.2882,18.6197],[105.2815,18.6237],[105.2581,18.6155],[105.2281,18.5924],[105.2121,18.5993],[105.1804,18.6026],[105.1597,18.6133],[105.136,18.593],[105.1385,18.5835],[105.134,18.5704],[105.14,18.5619],[105.1294,18.5569],[105.1292,18.5485],[105.116,18.539],[105.1153,18.5278],[105.1197,18.5225],[105.111,18.5123],[105.1104,18.4939],[105.1137,18.4916],[105.1073,18.4764],[105.1049,18.4612],[105.1082,18.4553],[105.1042,18.4459],[105.1099,18.4347],[105.1187,18.4324],[105.1208,18.4191],[105.1304,18.4154],[105.1403,18.4196],[105.1383,18.408],[105.1473,18.4036],[105.1516,18.3879],[105.1646,18.3872],[105.171,18.3923],[105.1846,18.3863],[105.1785,18.3712],[105.1902,18.3462],[105.1844,18.3249],[105.2077,18.3144],[105.2175,18.303],[105.2308,18.3028],[105.242,18.2967],[105.2486,18.2861]]]}},{"type":"Feature","properties":{"gid":"VNM.29.9_1","provZh":"河静省","name2":"Kỳ Anh","type2":"Huyện","engtype2":"District"},"geometry":{"type":"Polygon","coordinates":[[[106.2729,17.9796],[106.2557,17.9863],[106.2547,17.991],[106.2605,18.0307],[106.2685,18.0493],[106.2741,18.0529],[106.2871,18.0826],[106.2936,18.0847],[106.3015,18.0756],[106.3057,18.0863],[106.3154,18.0916],[106.3224,18.0847],[106.33,18.0974],[106.3218,18.0992],[106.3221,18.1067],[106.3078,18.1136],[106.3101,18.1315],[106.3013,18.136],[106.2829,18.1307],[106.2828,18.1381],[106.2932,18.1519],[106.3005,18.151],[106.3073,18.1569],[106.2525,18.2152],[106.2354,18.2164],[106.1745,18.2615],[106.1515,18.2687],[106.1456,18.2436],[106.1259,18.2294],[106.1328,18.2178],[106.1255,18.2087],[106.1318,18.2097],[106.1308,18.1974],[106.1383,18.1903],[106.1431,18.1493],[106.1335,18.1221],[106.126,18.1171],[106.1093,18.1236],[106.0979,18.1169],[106.0855,18.1207],[106.0725,18.0984],[106.039,18.089],[106.0392,18.0812],[106.0222,18.0645],[106.0235,18.0461],[106.0139,18.0425],[106.0187,18.0396],[106.0184,18.0272],[106.0503,18.0221],[106.0778,17.9878],[106.0698,17.9861],[106.0481,17.9655],[106.0457,17.9467],[106.0782,17.9328],[106.1726,17.9145],[106.1906,17.9233],[106.1993,17.9163],[106.2085,17.9257],[106.2403,17.9305],[106.263,17.9142],[106.275,17.9196],[106.2837,17.9104],[106.2911,17.9203],[106.2848,17.934],[106.2892,17.943],[106.2963,17.9456],[106.3057,17.9624],[106.3239,17.9632],[106.3388,17.9909],[106.3193,17.9982],[106.3015,17.9983],[106.2921,17.9942],[106.2803,17.9701],[106.2756,17.9696],[106.2784,17.9728],[106.272,17.9757],[106.2729,17.9796]]]}},{"type":"Feature","properties":{"gid":"VNM.29.8_1","provZh":"河静省","name2":"Kỳ Anh (Thị xã)","type2":"Thị xã","engtype2":"Town"},"geometry":{"type":"MultiPolygon","coordinates":[[[[106.4734,17.9967],[106.4576,18.0159],[106.4213,18.0916],[106.4209,18.1026],[106.4351,18.1223],[106.4227,18.121],[106.4175,18.1254],[106.4042,18.1132],[106.4081,18.1108],[106.4073,18.101],[106.3886,18.1],[106.3798,18.1069],[106.3566,18.1097],[106.3073,18.1569],[106.3005,18.151],[106.2932,18.1519],[106.2828,18.1381],[106.2829,18.1307],[106.3013,18.136],[106.3101,18.1315],[106.3078,18.1136],[106.3221,18.1067],[106.3218,18.0992],[106.33,18.0974],[106.3224,18.0847],[106.3154,18.0916],[106.3057,18.0863],[106.3015,18.0756],[106.2936,18.0847],[106.2839,18.0784],[106.2605,18.0307],[106.2557,17.9863],[106.271,17.9812],[106.2784,17.9728],[106.2756,17.9696],[106.2803,17.9701],[106.2921,17.9942],[106.3193,17.9982],[106.3388,17.9909],[106.3617,17.9906],[106.4003,17.9816],[106.41,17.9728],[106.4173,17.9744],[106.4229,17.9697],[106.4352,17.9728],[106.4442,17.9689],[106.4445,17.9521],[106.4503,17.9496],[106.4683,17.9563],[106.4793,17.9534],[106.4917,17.9595],[106.511,17.9599],[106.4949,17.9648],[106.483,17.9894],[106.4734,17.9967]]],[[[106.4606,18.1055],[106.4526,18.0998],[106.4638,18.102],[106.4606,18.1055]]]]}},{"type":"Feature","properties":{"gid":"VNM.29.10_1","provZh":"河静省","name2":"Lộc Hà","type2":"Huyện","engtype2":"District"},"geometry":{"type":"Polygon","coordinates":[[[105.8765,18.3875],[105.8853,18.3966],[105.9027,18.4006],[105.9146,18.4132],[105.9124,18.4382],[105.9172,18.449],[105.9264,18.452],[105.9262,18.4665],[105.9155,18.4661],[105.8675,18.5297],[105.8599,18.5241],[105.8519,18.5255],[105.8428,18.5332],[105.8403,18.5449],[105.8257,18.5457],[105.815,18.5418],[105.8163,18.5053],[105.8108,18.4953],[105.8114,18.4826],[105.819,18.4819],[105.8265,18.474],[105.8206,18.4535],[105.8312,18.4524],[105.8307,18.4418],[105.8235,18.437],[105.825,18.4293],[105.8347,18.4305],[105.8345,18.4237],[105.845,18.4151],[105.8482,18.4227],[105.8423,18.4295],[105.8561,18.4324],[105.8578,18.4237],[105.8684,18.421],[105.8638,18.4099],[105.8807,18.3988],[105.8765,18.3875]]]}},{"type":"Feature","properties":{"gid":"VNM.29.11_1","provZh":"河静省","name2":"Nghi Xuân","type2":"Huyện","engtype2":"District"},"geometry":{"type":"MultiPolygon","coordinates":[[[[105.7103,18.5605],[105.7204,18.5683],[105.7168,18.5536],[105.7217,18.5456],[105.7303,18.545],[105.749,18.5566],[105.7899,18.5448],[105.8034,18.5487],[105.815,18.5418],[105.8403,18.5449],[105.8428,18.5332],[105.8519,18.5255],[105.8599,18.5241],[105.8675,18.5297],[105.8135,18.6283],[105.772,18.7671],[105.7725,18.7594],[105.7627,18.7631],[105.7475,18.7539],[105.7418,18.7428],[105.7657,18.6908],[105.7673,18.6735],[105.7512,18.6682],[105.7262,18.6727],[105.7163,18.6676],[105.7048,18.6359],[105.6912,18.6295],[105.6897,18.597],[105.6848,18.5852],[105.6739,18.5793],[105.6809,18.5673],[105.6933,18.5689],[105.7103,18.5605]]],[[[105.836,18.7461],[105.8364,18.7359],[105.8423,18.7327],[105.8572,18.7378],[105.8509,18.7538],[105.842,18.7526],[105.836,18.7461]]],[[[105.8262,18.7676],[105.8343,18.7559],[105.8399,18.7539],[105.8471,18.7585],[105.8399,18.7769],[105.8302,18.7766],[105.8262,18.7676]]],[[[105.9585,18.8022],[105.9525,18.8055],[105.965,18.7897],[105.9659,18.7955],[105.9585,18.8022]]]]}},{"type":"Feature","properties":{"gid":"VNM.29.12_1","provZh":"河静省","name2":"Thạch Hà","type2":"Huyện","engtype2":"District"},"geometry":{"type":"MultiPolygon","coordinates":[[[[105.8607,18.1751],[105.859,18.1716],[105.8823,18.1861],[105.8763,18.2052],[105.8779,18.2185],[105.892,18.2287],[105.8869,18.2441],[105.897,18.249],[105.8975,18.2592],[105.9098,18.2617],[105.9158,18.2684],[105.9123,18.2727],[105.922,18.3018],[105.9115,18.3061],[105.9057,18.3026],[105.9041,18.3229],[105.8861,18.3295],[105.8726,18.328],[105.8613,18.3385],[105.861,18.3456],[105.863,18.3433],[105.8716,18.3523],[105.8652,18.3684],[105.8764,18.3783],[105.8706,18.384],[105.8807,18.3988],[105.8638,18.4099],[105.8672,18.423],[105.8578,18.4237],[105.8539,18.4333],[105.8446,18.4315],[105.8418,18.4273],[105.8486,18.4199],[105.845,18.4151],[105.8345,18.4237],[105.8347,18.4305],[105.8268,18.4286],[105.8235,18.437],[105.8067,18.4376],[105.8035,18.4276],[105.8092,18.4248],[105.8046,18.4178],[105.7889,18.4247],[105.7849,18.431],[105.7849,18.422],[105.7801,18.4199],[105.7826,18.4164],[105.777,18.4119],[105.7869,18.4088],[105.7887,18.3918],[105.7962,18.3849],[105.7926,18.3804],[105.7878,18.3821],[105.7876,18.3743],[105.7816,18.3747],[105.7822,18.3688],[105.776,18.3668],[105.7785,18.3605],[105.7733,18.3612],[105.7694,18.3532],[105.7556,18.3564],[105.7502,18.3209],[105.761,18.3145],[105.751,18.2975],[105.7568,18.294],[105.7663,18.2992],[105.7904,18.2975],[105.8001,18.2799],[105.8298,18.2567],[105.839,18.2548],[105.8321,18.236],[105.8392,18.2322],[105.84,18.2229],[105.8556,18.2142],[105.869,18.1964],[105.8607,18.1751]]],[[[105.9671,18.3171],[105.9836,18.3031],[106.0256,18.3463],[105.9597,18.4285],[105.9405,18.4599],[105.941,18.4717],[105.9393,18.4667],[105.9262,18.4665],[105.9264,18.452],[105.9151,18.4467],[105.9124,18.4382],[105.9166,18.4173],[105.9027,18.4006],[105.9067,18.3946],[105.9211,18.3962],[105.9318,18.3879],[105.9293,18.3762],[105.9351,18.3674],[105.931,18.3593],[105.9385,18.3523],[105.9245,18.3536],[105.9259,18.3459],[105.9191,18.3426],[105.9233,18.335],[105.9282,18.3375],[105.9342,18.3348],[105.9308,18.3306],[105.9429,18.3266],[105.9419,18.3172],[105.9671,18.3171]]]]}},{"type":"Feature","properties":{"gid":"VNM.29.13_1","provZh":"河静省","name2":"Vũ Quang","type2":"Huyện","engtype2":"District"},"geometry":{"type":"Polygon","coordinates":[[[105.2584,18.2669],[105.2561,18.259],[105.2717,18.2595],[105.2763,18.2539],[105.2821,18.2608],[105.2882,18.2551],[105.2993,18.2549],[105.2958,18.2443],[105.3001,18.2355],[105.3097,18.2662],[105.3289,18.2643],[105.3312,18.2526],[105.3233,18.2279],[105.326,18.2094],[105.3204,18.2012],[105.3287,18.192],[105.3377,18.1912],[105.3364,18.1827],[105.3519,18.1842],[105.3679,18.1609],[105.3758,18.1603],[105.3757,18.1656],[105.3836,18.17],[105.3923,18.1595],[105.403,18.1599],[105.4096,18.1535],[105.4199,18.1822],[105.4376,18.1804],[105.446,18.1944],[105.4429,18.2043],[105.4524,18.205],[105.466,18.2589],[105.4785,18.2672],[105.4859,18.2799],[105.4942,18.3071],[105.502,18.3028],[105.5076,18.3074],[105.5343,18.3063],[105.5506,18.2946],[105.5597,18.2978],[105.5642,18.308],[105.5732,18.3063],[105.5832,18.3145],[105.5909,18.314],[105.5948,18.3322],[105.6032,18.3323],[105.6046,18.3263],[105.6155,18.3306],[105.6195,18.3391],[105.6103,18.3467],[105.6156,18.3624],[105.6366,18.3933],[105.6051,18.4098],[105.5988,18.4174],[105.5964,18.4069],[105.5916,18.4057],[105.5634,18.4287],[105.5447,18.4248],[105.5395,18.4425],[105.5406,18.469],[105.5494,18.4739],[105.5532,18.4846],[105.5414,18.4942],[105.5229,18.482],[105.5105,18.4892],[105.5043,18.4527],[105.4807,18.4319],[105.4875,18.4206],[105.4822,18.4074],[105.4541,18.4325],[105.4367,18.4289],[105.4174,18.4454],[105.4007,18.4379],[105.3933,18.4485],[105.3775,18.4153],[105.3956,18.4023],[105.3853,18.3734],[105.3715,18.3695],[105.36,18.3718],[105.3547,18.3785],[105.3423,18.3754],[105.3325,18.362],[105.332,18.3509],[105.3188,18.3244],[105.308,18.3138],[105.308,18.2955],[105.3011,18.2936],[105.2987,18.2775],[105.2584,18.2669]]]}},{"type":"Feature","properties":{"gid":"VNM.22.1_1","provZh":"海阳省","name2":"Bình Giang","type2":"Huyện","engtype2":"District"},"geometry":{"type":"Polygon","coordinates":[[[106.2047,20.8326],[106.2273,20.8479],[106.2366,20.8426],[106.2483,20.8445],[106.2498,20.8408],[106.2592,20.8441],[106.2576,20.8584],[106.2503,20.8607],[106.2476,20.8735],[106.2432,20.8756],[106.2483,20.8838],[106.2386,20.8894],[106.2439,20.8981],[106.2199,20.9081],[106.2166,20.9147],[106.1928,20.9268],[106.1777,20.9208],[106.1502,20.9331],[106.1496,20.9244],[106.1554,20.9173],[106.1366,20.9043],[106.1388,20.8939],[106.1466,20.8887],[106.1415,20.8595],[106.1364,20.8509],[106.1263,20.8481],[106.1296,20.8431],[106.1244,20.8301],[106.1395,20.8185],[106.1508,20.8296],[106.1604,20.8274],[106.1627,20.8417],[106.1765,20.8416],[106.176,20.8299],[106.1824,20.8253],[106.1795,20.8208],[106.1866,20.8183],[106.1981,20.8202],[106.2047,20.8326]]]}},{"type":"Feature","properties":{"gid":"VNM.22.2_1","provZh":"海阳省","name2":"Cẩm Giàng","type2":"Huyện","engtype2":"District"},"geometry":{"type":"Polygon","coordinates":[[[106.2658,20.9204],[106.26,20.9314],[106.2769,20.9343],[106.2821,20.9428],[106.2769,20.9433],[106.2766,20.9515],[106.2833,20.9536],[106.2797,20.9583],[106.2934,20.9743],[106.2785,20.9818],[106.273,20.9917],[106.267,20.9878],[106.2464,20.9978],[106.2449,20.9914],[106.2203,20.9957],[106.2211,20.9899],[106.1821,20.9789],[106.1675,20.9693],[106.1632,20.9755],[106.168,20.9875],[106.1507,20.9889],[106.1381,21.0013],[106.1319,20.9993],[106.1274,20.9837],[106.1379,20.9743],[106.1331,20.9654],[106.1351,20.9602],[106.1499,20.9602],[106.1589,20.9513],[106.1506,20.9419],[106.1594,20.9264],[106.1659,20.9276],[106.1777,20.9208],[106.1928,20.9268],[106.2166,20.9147],[106.2199,20.9081],[106.2401,20.9009],[106.262,20.9092],[106.268,20.9177],[106.2658,20.9204]]]}},{"type":"Feature","properties":{"gid":"VNM.22.3_1","provZh":"海阳省","name2":"Chí Linh","type2":"Thị xã","engtype2":"Town"},"geometry":{"type":"Polygon","coordinates":[[[106.3975,21.0241],[106.4099,21.0221],[106.4058,21.0347],[106.4097,21.0468],[106.4273,21.0494],[106.4247,21.0546],[106.4285,21.0614],[106.4555,21.0654],[106.4407,21.079],[106.4507,21.0947],[106.4393,21.1061],[106.4416,21.1171],[106.4579,21.1194],[106.4618,21.1151],[106.4838,21.1287],[106.4837,21.145],[106.4797,21.1461],[106.4892,21.1664],[106.4897,21.1802],[106.4969,21.1847],[106.4945,21.1991],[106.5006,21.2011],[106.5019,21.2244],[106.4924,21.228],[106.489,21.237],[106.4874,21.2287],[106.4743,21.2304],[106.4664,21.226],[106.4557,21.2327],[106.4437,21.2288],[106.4258,21.2317],[106.4227,21.2234],[106.4168,21.2221],[106.4129,21.2081],[106.3741,21.1954],[106.3704,21.1808],[106.3644,21.1788],[106.3667,21.1738],[106.3525,21.1708],[106.3459,21.1739],[106.3457,21.1652],[106.3228,21.1847],[106.3247,21.1922],[106.3105,21.1901],[106.3102,21.1786],[106.323,21.1476],[106.313,21.13],[106.299,21.1216],[106.296,21.1141],[106.3038,21.0696],[106.3106,21.0589],[106.317,21.0578],[106.3236,21.0834],[106.3412,21.0851],[106.3646,21.0636],[106.3634,21.0363],[106.3704,21.0245],[106.3837,21.0195],[106.3975,21.0241]]]}},{"type":"Feature","properties":{"gid":"VNM.22.4_1","provZh":"海阳省","name2":"Gia Lộc","type2":"Huyện","engtype2":"District"},"geometry":{"type":"Polygon","coordinates":[[[106.2992,20.7945],[106.305,20.7995],[106.3124,20.7938],[106.3215,20.8018],[106.3177,20.8112],[106.321,20.8144],[106.3171,20.8129],[106.3074,20.8241],[106.3138,20.8276],[106.3136,20.8396],[106.3175,20.8415],[106.3167,20.838],[106.3271,20.8338],[106.3346,20.8424],[106.342,20.8361],[106.3502,20.8399],[106.3425,20.8441],[106.3453,20.8507],[106.3398,20.8575],[106.3512,20.8643],[106.3452,20.872],[106.3492,20.8801],[106.3286,20.887],[106.333,20.8931],[106.3288,20.8956],[106.318,20.895],[106.3096,20.9009],[106.299,20.8956],[106.2954,20.8985],[106.2956,20.9161],[106.2693,20.9189],[106.262,20.9092],[106.2401,20.9009],[106.2439,20.8945],[106.2386,20.8894],[106.2483,20.8838],[106.2432,20.8756],[106.2476,20.8735],[106.2503,20.8607],[106.2576,20.8584],[106.2592,20.8441],[106.2478,20.8408],[106.2557,20.8333],[106.2431,20.822],[106.2483,20.8174],[106.2413,20.8133],[106.2454,20.8057],[106.2394,20.7964],[106.2552,20.7931],[106.2604,20.7804],[106.2699,20.7809],[106.2718,20.7885],[106.2784,20.7814],[106.2839,20.7863],[106.2941,20.7757],[106.2997,20.7778],[106.3018,20.7853],[106.2971,20.7878],[106.2992,20.7945]]]}},{"type":"Feature","properties":{"gid":"VNM.22.5_1","provZh":"海阳省","name2":"Hải Dương","type2":"Thành phố","engtype2":"City"},"geometry":{"type":"Polygon","coordinates":[[[106.3046,20.8966],[106.3123,20.9006],[106.318,20.895],[106.333,20.8931],[106.3469,20.9073],[106.3468,20.9215],[106.3605,20.92],[106.3625,20.9269],[106.3732,20.9283],[106.3715,20.944],[106.3819,20.9506],[106.3855,20.9477],[106.395,20.9591],[106.3928,20.9667],[106.3824,20.971],[106.3876,20.9744],[106.3878,20.9859],[106.3779,20.9838],[106.3747,20.9873],[106.3664,20.9645],[106.3585,20.9649],[106.3575,20.9717],[106.3427,20.964],[106.3419,20.9705],[106.3377,20.9704],[106.3386,20.982],[106.3257,20.9836],[106.3214,20.9766],[106.3254,20.9765],[106.3237,20.9706],[106.3105,20.9703],[106.308,20.9577],[106.2797,20.9583],[106.2833,20.9536],[106.276,20.9483],[106.2821,20.9413],[106.2769,20.9343],[106.2624,20.9332],[106.2597,20.926],[106.268,20.9177],[106.2956,20.9161],[106.2954,20.8985],[106.3046,20.8966]]]}},{"type":"Feature","properties":{"gid":"VNM.22.6_1","provZh":"海阳省","name2":"Kim Thành","type2":"Huyện","engtype2":"District"},"geometry":{"type":"Polygon","coordinates":[[[106.5234,20.8522],[106.5322,20.8545],[106.5358,20.8666],[106.5523,20.8735],[106.5444,20.8786],[106.5483,20.8841],[106.5396,20.887],[106.5439,20.8931],[106.5404,20.9001],[106.5272,20.9075],[106.528,20.9155],[106.5331,20.9117],[106.5421,20.9217],[106.5487,20.9208],[106.5424,20.9235],[106.5426,20.9435],[106.5483,20.9535],[106.5456,20.9595],[106.5373,20.9536],[106.5349,20.966],[106.5268,20.963],[106.5233,20.9695],[106.5121,20.9691],[106.5174,20.9749],[106.5084,20.9839],[106.4928,20.9769],[106.4845,20.9864],[106.481,20.9752],[106.4726,20.975],[106.4789,20.9887],[106.4682,21.0034],[106.467,20.9917],[106.4547,20.996],[106.4512,20.9859],[106.447,20.9988],[106.4422,20.9939],[106.4184,21.0011],[106.4065,20.9929],[106.389,20.9899],[106.3898,20.9697],[106.411,20.9746],[106.4224,20.9565],[106.4447,20.9599],[106.4471,20.9534],[106.4736,20.9506],[106.4857,20.943],[106.4857,20.9354],[106.4748,20.9183],[106.4842,20.8962],[106.4766,20.8761],[106.4812,20.8683],[106.4944,20.8668],[106.4998,20.8527],[106.5103,20.8639],[106.5249,20.8621],[106.5234,20.8522]]]}},{"type":"Feature","properties":{"gid":"VNM.22.7_1","provZh":"海阳省","name2":"Kinh Môn","type2":"Huyện","engtype2":"District"},"geometry":{"type":"Polygon","coordinates":[[[106.5927,20.953],[106.5851,20.9616],[106.5853,20.9731],[106.5653,20.9807],[106.5546,20.9977],[106.5654,21.0194],[106.5734,21.0107],[106.5785,21.0164],[106.5903,21.0146],[106.6114,21.0205],[106.6023,21.0385],[106.5773,21.0563],[106.546,21.0546],[106.5337,21.0478],[106.525,21.0504],[106.5237,21.0459],[106.5167,21.0461],[106.5174,21.0599],[106.5039,21.0565],[106.4873,21.0679],[106.4754,21.0696],[106.4339,21.0643],[106.4265,21.0593],[106.4273,21.0494],[106.4097,21.0468],[106.4058,21.0347],[106.4132,20.9979],[106.4184,21.0011],[106.4422,20.9939],[106.447,20.9988],[106.4512,20.9859],[106.4547,20.996],[106.467,20.9917],[106.4682,21.0034],[106.4789,20.9887],[106.4726,20.975],[106.481,20.9752],[106.4845,20.9864],[106.4928,20.9769],[106.5107,20.9827],[106.5174,20.9749],[106.5121,20.9691],[106.5233,20.9695],[106.5268,20.963],[106.5349,20.966],[106.5373,20.9536],[106.5456,20.9595],[106.5462,20.9478],[106.5554,20.9478],[106.5569,20.9318],[106.5673,20.9367],[106.5707,20.9517],[106.5788,20.9442],[106.5703,20.9353],[106.572,20.9318],[106.581,20.9322],[106.5927,20.953]]]}},{"type":"Feature","properties":{"gid":"VNM.22.8_1","provZh":"海阳省","name2":"Nam Sách","type2":"Huyện","engtype2":"District"},"geometry":{"type":"Polygon","coordinates":[[[106.3688,20.9681],[106.3747,20.9873],[106.3847,20.9847],[106.3908,20.9914],[106.4103,20.9944],[106.4119,21.017],[106.4099,21.0221],[106.3975,21.0241],[106.3837,21.0195],[106.3704,21.0245],[106.3634,21.0363],[106.3646,21.0636],[106.3412,21.0851],[106.3262,21.0852],[106.317,21.0578],[106.3106,21.0589],[106.2927,21.0395],[106.2954,21.0219],[106.2757,21.0068],[106.273,20.9917],[106.2785,20.9818],[106.2926,20.9766],[106.2839,20.9632],[106.2938,20.9563],[106.308,20.9577],[106.312,20.9712],[106.3237,20.9706],[106.3254,20.9765],[106.3214,20.9766],[106.3257,20.9836],[106.3386,20.982],[106.3377,20.9704],[106.3419,20.9705],[106.3427,20.964],[106.3575,20.9717],[106.3585,20.9649],[106.3688,20.9681]]]}},{"type":"Feature","properties":{"gid":"VNM.22.9_1","provZh":"海阳省","name2":"Ninh Giang","type2":"Huyện","engtype2":"District"},"geometry":{"type":"Polygon","coordinates":[[[106.2988,20.6912],[106.3376,20.7116],[106.3466,20.7022],[106.3607,20.702],[106.3823,20.7118],[106.4116,20.734],[106.4122,20.7473],[106.399,20.7524],[106.4047,20.7623],[106.4018,20.7707],[106.3906,20.7773],[106.3934,20.7862],[106.3841,20.7859],[106.3805,20.7924],[106.3696,20.7906],[106.3737,20.8003],[106.3602,20.8044],[106.3598,20.8162],[106.3542,20.809],[106.3466,20.8114],[106.3378,20.8017],[106.3381,20.7957],[106.3278,20.7948],[106.323,20.7876],[106.316,20.798],[106.3124,20.7938],[106.305,20.7995],[106.2983,20.7943],[106.2997,20.7778],[106.2941,20.7757],[106.2855,20.7805],[106.2814,20.7682],[106.2678,20.7692],[106.2643,20.7524],[106.2691,20.746],[106.2622,20.7206],[106.2683,20.709],[106.2638,20.708],[106.2653,20.7043],[106.2753,20.6929],[106.2849,20.6933],[106.2898,20.6954],[106.283,20.7098],[106.2883,20.7106],[106.2945,20.7063],[106.2937,20.6966],[106.2988,20.6912]]]}},{"type":"Feature","properties":{"gid":"VNM.22.11_1","provZh":"海阳省","name2":"Thanh Hà","type2":"Huyện","engtype2":"District"},"geometry":{"type":"Polygon","coordinates":[[[106.516,20.8192],[106.4887,20.8212],[106.4967,20.8408],[106.4771,20.8584],[106.4832,20.8645],[106.4766,20.8761],[106.4842,20.8962],[106.4748,20.9183],[106.4857,20.9354],[106.4857,20.943],[106.4736,20.9506],[106.4471,20.9534],[106.4447,20.9599],[106.4224,20.9565],[106.411,20.9746],[106.3824,20.971],[106.3928,20.9667],[106.3944,20.9571],[106.3855,20.9477],[106.3819,20.9506],[106.3715,20.944],[106.3732,20.9283],[106.3625,20.9269],[106.3605,20.92],[106.3468,20.9215],[106.3447,20.913],[106.353,20.898],[106.3829,20.8913],[106.3972,20.8521],[106.43,20.8437],[106.4386,20.8472],[106.4423,20.8592],[106.4485,20.8604],[106.4497,20.8466],[106.4391,20.824],[106.4425,20.8133],[106.4648,20.8228],[106.4847,20.7998],[106.4998,20.8085],[106.5084,20.8006],[106.516,20.8192]]]}},{"type":"Feature","properties":{"gid":"VNM.22.12_1","provZh":"海阳省","name2":"Thanh Miện","type2":"Huyện","engtype2":"District"},"geometry":{"type":"Polygon","coordinates":[[[106.2519,20.6993],[106.2683,20.709],[106.2622,20.7206],[106.2691,20.746],[106.2643,20.7524],[106.2678,20.7692],[106.2814,20.7682],[106.287,20.7837],[106.2822,20.7865],[106.2784,20.7814],[106.2718,20.7885],[106.2699,20.7809],[106.2604,20.7804],[106.2552,20.7931],[106.2407,20.7943],[106.2454,20.8057],[106.2413,20.8133],[106.2483,20.8174],[106.2431,20.822],[106.2557,20.8333],[106.2483,20.8445],[106.2366,20.8426],[106.2273,20.8479],[106.2064,20.8369],[106.1981,20.8202],[106.1866,20.8183],[106.1795,20.8208],[106.1824,20.8253],[106.176,20.8299],[106.1765,20.8416],[106.1627,20.8417],[106.1633,20.8304],[106.1493,20.8285],[106.1409,20.8222],[106.1379,20.8103],[106.1308,20.8071],[106.1545,20.7804],[106.1655,20.7848],[106.1759,20.777],[106.1744,20.7722],[106.1816,20.7631],[106.193,20.7657],[106.1995,20.7547],[106.215,20.7505],[106.2185,20.7321],[106.2125,20.7294],[106.224,20.7175],[106.2281,20.7048],[106.2444,20.6951],[106.2486,20.687],[106.2691,20.6851],[106.2537,20.6901],[106.2492,20.6949],[106.2519,20.6993]]]}},{"type":"Feature","properties":{"gid":"VNM.22.10_1","provZh":"海阳省","name2":"Tứ Kỳ","type2":"Huyện","engtype2":"District"},"geometry":{"type":"Polygon","coordinates":[[[106.4933,20.7621],[106.4985,20.7736],[106.4952,20.787],[106.4685,20.8218],[106.4412,20.8145],[106.4391,20.824],[106.4497,20.8466],[106.4485,20.8604],[106.4423,20.8592],[106.4386,20.8472],[106.43,20.8437],[106.3972,20.8521],[106.3829,20.8913],[106.3611,20.8932],[106.3469,20.9073],[106.3415,20.9059],[106.3286,20.887],[106.3492,20.8801],[106.3452,20.872],[106.3512,20.8643],[106.3398,20.8575],[106.3453,20.8507],[106.3425,20.8441],[106.3502,20.8399],[106.342,20.8361],[106.3346,20.8424],[106.3271,20.8338],[106.3157,20.8414],[106.3138,20.8276],[106.307,20.8261],[106.31,20.8188],[106.321,20.8144],[106.3177,20.8112],[106.3215,20.8018],[106.3152,20.7991],[106.3209,20.7881],[106.3278,20.7948],[106.3381,20.7957],[106.3378,20.8017],[106.3466,20.8114],[106.3542,20.809],[106.3598,20.8162],[106.3602,20.8044],[106.3737,20.8003],[106.3696,20.7906],[106.3805,20.7924],[106.3841,20.7859],[106.3934,20.7862],[106.3906,20.7773],[106.4018,20.7707],[106.4047,20.7623],[106.399,20.7524],[106.4122,20.7473],[106.4096,20.7351],[106.4288,20.7313],[106.4377,20.7202],[106.4468,20.736],[106.4518,20.7341],[106.4518,20.722],[106.4607,20.7226],[106.4652,20.7302],[106.4532,20.7434],[106.466,20.7431],[106.4735,20.7539],[106.4909,20.7524],[106.4983,20.7601],[106.4933,20.7621]]]}},{"type":"Feature","properties":{"gid":"VNM.23.1_1","provZh":"海防市","name2":"An Dương","type2":"Huyện","engtype2":"District"},"geometry":{"type":"Polygon","coordinates":[[[106.627,20.8188],[106.6424,20.8295],[106.6556,20.8273],[106.6498,20.8399],[106.664,20.8529],[106.661,20.8604],[106.6335,20.8638],[106.6234,20.8722],[106.6226,20.8799],[106.5994,20.89],[106.6048,20.8993],[106.6133,20.8914],[106.6202,20.8915],[106.6237,20.9119],[106.6201,20.9194],[106.6017,20.9241],[106.6021,20.9364],[106.5967,20.9437],[106.5915,20.9469],[106.5758,20.9303],[106.5703,20.9353],[106.5782,20.9466],[106.568,20.9511],[106.5673,20.9367],[106.5569,20.9318],[106.5554,20.9478],[106.5462,20.9478],[106.5418,20.9309],[106.5424,20.9235],[106.5481,20.9193],[106.5421,20.9217],[106.5331,20.9117],[106.528,20.9155],[106.5272,20.9075],[106.5404,20.9001],[106.5439,20.8931],[106.5396,20.887],[106.5483,20.8841],[106.5444,20.8786],[106.5521,20.8769],[106.5468,20.8686],[106.5471,20.8548],[106.5584,20.857],[106.5644,20.8478],[106.5816,20.8505],[106.5848,20.8306],[106.5919,20.8231],[106.6217,20.8163],[106.627,20.8188]]]}},{"type":"Feature","properties":{"gid":"VNM.23.2_1","provZh":"海防市","name2":"An Lão","type2":"Huyện","engtype2":"District"},"geometry":{"type":"Polygon","coordinates":[[[106.6154,20.742],[106.6173,20.7489],[106.6363,20.7498],[106.632,20.7562],[106.6345,20.7615],[106.6139,20.7754],[106.6173,20.7859],[106.6082,20.7911],[106.6084,20.7965],[106.6029,20.7997],[106.5946,20.7957],[106.6172,20.817],[106.5883,20.8247],[106.5816,20.8505],[106.5644,20.8478],[106.5584,20.857],[106.5487,20.8532],[106.5468,20.8686],[106.5358,20.8666],[106.5322,20.8545],[106.5244,20.8509],[106.5249,20.8621],[106.5073,20.8636],[106.4998,20.8527],[106.4944,20.8668],[106.4812,20.8683],[106.4832,20.8645],[106.4771,20.8584],[106.4967,20.8408],[106.4887,20.8212],[106.516,20.8192],[106.5084,20.8006],[106.5125,20.7901],[106.5204,20.7878],[106.5306,20.7983],[106.5356,20.7971],[106.5412,20.7818],[106.551,20.7723],[106.548,20.7583],[106.6014,20.7257],[106.6027,20.732],[106.6146,20.7371],[106.6154,20.742]]]}},{"type":"Feature","properties":{"gid":"VNM.23.3_1","provZh":"海防市","name2":"Bạch Long Vĩ","type2":"Huyện","engtype2":"District"},"geometry":{"type":"Polygon","coordinates":[[[107.7464,20.1668],[107.7457,20.1704],[107.7421,20.1648],[107.7327,20.1639],[107.7204,20.1518],[107.6951,20.1396],[107.6792,20.1232],[107.7257,20.1199],[107.7318,20.1305],[107.7304,20.1416],[107.7393,20.1495],[107.7464,20.1668]]]}},{"type":"Feature","properties":{"gid":"VNM.23.4_1","provZh":"海防市","name2":"Cát Hải","type2":"Huyện","engtype2":"District"},"geometry":{"type":"MultiPolygon","coordinates":[[[[107.1404,20.62],[107.1368,20.6196],[107.142,20.6154],[107.1404,20.62]]],[[[107.1584,20.623],[107.1622,20.6257],[107.1568,20.6238],[107.1571,20.6291],[107.1556,20.6226],[107.1606,20.6197],[107.1625,20.6235],[107.1584,20.623]]],[[[107.0813,20.7303],[107.0768,20.7287],[107.0817,20.7237],[107.0813,20.7303]]],[[[107.0682,20.711],[107.0659,20.7162],[107.0642,20.712],[107.0682,20.711]]],[[[107.0824,20.7477],[107.0784,20.7489],[107.0868,20.7456],[107.0824,20.7477]]],[[[107.0766,20.7564],[107.0702,20.7557],[107.0823,20.7513],[107.0766,20.7564]]],[[[107.0744,20.764],[107.0815,20.7682],[107.0759,20.7694],[107.0744,20.764]]],[[[107.0761,20.7711],[107.0739,20.7761],[107.0721,20.7723],[107.0761,20.7711]]],[[[107.0187,20.7107],[107.0258,20.7106],[107.0195,20.7158],[107.0187,20.7107]]],[[[107.0639,20.7273],[107.0681,20.7265],[107.07,20.736],[107.061,20.7341],[107.0639,20.7273]]],[[[107.0512,20.7545],[107.0333,20.7728],[107.0325,20.787],[107.0431,20.7753],[107.0362,20.7771],[107.0459,20.7622],[107.0469,20.766],[107.0493,20.7622],[107.0577,20.7666],[107.0539,20.7716],[107.0546,20.7675],[107.0479,20.7723],[107.0443,20.769],[107.0427,20.773],[107.0521,20.7739],[107.0495,20.7786],[107.058,20.7753],[107.0624,20.7817],[107.0628,20.7781],[107.068,20.7796],[107.0653,20.7738],[107.0739,20.7781],[107.0701,20.7801],[107.0751,20.7794],[107.0649,20.7832],[107.0563,20.7786],[107.0567,20.7852],[107.0747,20.7854],[107.0684,20.7935],[107.0617,20.7928],[107.066,20.7938],[107.0656,20.7988],[107.0541,20.8119],[107.054,20.8205],[107.0567,20.8138],[107.0632,20.815],[107.0645,20.8029],[107.0803,20.7794],[107.0812,20.7863],[107.0766,20.7893],[107.0836,20.7862],[107.0851,20.7898],[107.0849,20.7774],[107.1017,20.7798],[107.0949,20.7854],[107.0944,20.7956],[107.0828,20.7977],[107.0779,20.8054],[107.0836,20.8013],[107.0905,20.8053],[107.0883,20.7997],[107.0973,20.7923],[107.1001,20.7965],[107.1017,20.793],[107.1061,20.7953],[107.1083,20.7867],[107.1058,20.8041],[107.0979,20.8003],[107.1015,20.8066],[107.0959,20.8101],[107.0921,20.807],[107.0906,20.8166],[107.0794,20.8183],[107.0822,20.8212],[107.0757,20.8242],[107.0709,20.8103],[107.0651,20.8124],[107.0696,20.8168],[107.0669,20.8207],[107.0602,20.8168],[107.0627,20.8227],[107.0572,20.8216],[107.0605,20.8331],[107.0498,20.8254],[107.05,20.8352],[107.0474,20.8243],[107.0553,20.823],[107.0471,20.8185],[107.0523,20.8128],[107.0473,20.814],[107.0412,20.8275],[107.0467,20.8481],[107.0406,20.8496],[107.0392,20.855],[107.0367,20.8528],[107.0349,20.8621],[107.025,20.8628],[107.026,20.8563],[107.0227,20.8621],[107.018,20.8611],[107.0203,20.8577],[107.0084,20.8607],[107.0137,20.8546],[107.0081,20.8514],[107.0161,20.8392],[107.0106,20.8402],[107.0057,20.8524],[107.0005,20.8442],[107.0048,20.8549],[106.9947,20.8617],[106.9906,20.8599],[106.9972,20.8556],[106.9855,20.8579],[106.9879,20.8518],[106.984,20.8468],[106.9794,20.846],[106.9828,20.855],[106.9798,20.8578],[106.976,20.8499],[106.9717,20.8563],[106.9605,20.855],[106.9594,20.8468],[106.96,20.8547],[106.9549,20.8547],[106.9552,20.8609],[106.9513,20.8618],[106.9564,20.8725],[106.9506,20.8776],[106.952,20.8667],[106.943,20.8633],[106.9513,20.8605],[106.9468,20.8454],[106.9506,20.8486],[106.9516,20.8439],[106.9484,20.833],[106.9379,20.8258],[106.9429,20.8239],[106.9487,20.8299],[106.9486,20.8069],[106.9437,20.8178],[106.9376,20.8175],[106.9286,20.7995],[106.9393,20.7986],[106.9183,20.8036],[106.9184,20.7977],[106.953,20.7932],[106.9751,20.7662],[106.9763,20.7579],[106.9659,20.759],[106.9777,20.7492],[106.9826,20.7503],[106.988,20.7374],[106.9895,20.7408],[106.9928,20.738],[106.9905,20.7439],[106.9939,20.7453],[106.9994,20.728],[106.9966,20.7392],[107.0001,20.7412],[106.996,20.7465],[106.999,20.7503],[107.0117,20.7442],[107.0116,20.7498],[107.0188,20.7498],[107.0189,20.7378],[107.0404,20.7391],[107.039,20.7332],[107.0246,20.7354],[107.0243,20.7276],[107.0208,20.7349],[107.0143,20.7319],[107.0244,20.7225],[107.0262,20.7287],[107.0351,20.7202],[107.031,20.7317],[107.0401,20.7314],[107.0414,20.7223],[107.0454,20.726],[107.0423,20.7284],[107.0475,20.7277],[107.0513,20.7214],[107.0442,20.715],[107.0463,20.7121],[107.0595,20.7192],[107.0565,20.7281],[107.0607,20.7373],[107.0551,20.7482],[107.065,20.7454],[107.0685,20.7394],[107.0634,20.7384],[107.0656,20.736],[107.0727,20.7416],[107.0709,20.7469],[107.0512,20.7545]]],[[[107.06,20.7567],[107.0553,20.7607],[107.0562,20.7547],[107.06,20.7567]]],[[[106.8404,20.7679],[106.838,20.7758],[106.8358,20.7695],[106.8404,20.7679]]],[[[106.8244,20.8112],[106.8227,20.7912],[106.8861,20.7934],[106.9044,20.8021],[106.8731,20.8268],[106.8736,20.8338],[106.8244,20.8112]]],[[[107.0652,20.7601],[107.0708,20.7598],[107.0604,20.7612],[107.0699,20.7572],[107.0652,20.7601]]],[[[107.058,20.7606],[107.0605,20.7638],[107.0565,20.7638],[107.058,20.7606]]],[[[107.0826,20.7624],[107.0871,20.7569],[107.0797,20.7667],[107.0826,20.7624]]],[[[107.0889,20.7689],[107.0798,20.7763],[107.0883,20.7631],[107.096,20.769],[107.0896,20.7676],[107.0944,20.7714],[107.0923,20.7745],[107.0876,20.7733],[107.0889,20.7689]]],[[[107.1008,20.7739],[107.0968,20.7729],[107.098,20.7676],[107.1008,20.7739]]],[[[107.0688,20.7749],[107.0669,20.771],[107.0709,20.7704],[107.0688,20.7749]]],[[[106.9373,20.8179],[106.9311,20.8275],[106.9134,20.8183],[106.922,20.801],[106.9269,20.7997],[106.9373,20.8179]]],[[[106.9409,20.8245],[106.9357,20.8229],[106.9377,20.818],[106.9427,20.8196],[106.9409,20.8245]]],[[[106.9357,20.8231],[106.9405,20.8304],[106.9319,20.8286],[106.9357,20.8231]]],[[[106.9379,20.8437],[106.925,20.8493],[106.9061,20.8266],[106.9121,20.8199],[106.9293,20.8278],[106.9274,20.8398],[106.9314,20.8295],[106.941,20.8311],[106.9471,20.8393],[106.9455,20.845],[106.9379,20.8437]]],[[[106.9446,20.867],[106.9426,20.8725],[106.9401,20.8701],[106.9446,20.867]]],[[[106.9688,20.871],[106.9587,20.8778],[106.9654,20.8693],[106.9602,20.8637],[106.9635,20.8593],[106.9765,20.8626],[106.9767,20.8709],[106.9688,20.871]],[[106.9558,20.8587],[106.9554,20.864],[106.9608,20.8631],[106.9558,20.8587]]],[[[106.9579,20.865],[106.9626,20.8676],[106.9586,20.872],[106.9579,20.865]]]]}},{"type":"Feature","properties":{"gid":"VNM.23.5_1","provZh":"海防市","name2":"Đồ Sơn","type2":"Quận","engtype2":"Urban District"},"geometry":{"type":"Polygon","coordinates":[[[106.7894,20.725],[106.7805,20.7461],[106.7579,20.741],[106.7455,20.7575],[106.7079,20.7507],[106.7177,20.745],[106.7175,20.7378],[106.7292,20.7428],[106.7403,20.7208],[106.7276,20.7011],[106.733,20.6978],[106.7674,20.715],[106.7753,20.7028],[106.7851,20.7015],[106.7849,20.6962],[106.7929,20.6938],[106.7923,20.6873],[106.805,20.6734],[106.8088,20.6757],[106.7961,20.6844],[106.7982,20.6955],[106.7914,20.7011],[106.8013,20.7225],[106.7894,20.725]]]}},{"type":"Feature","properties":{"gid":"VNM.23.6_1","provZh":"海防市","name2":"Dương Kinh","type2":"Quận","engtype2":"Urban District"},"geometry":{"type":"Polygon","coordinates":[[[106.7245,20.7519],[106.7455,20.7575],[106.7579,20.741],[106.7805,20.7461],[106.7722,20.7691],[106.761,20.7761],[106.737,20.7769],[106.7314,20.7961],[106.7162,20.8006],[106.7033,20.811],[106.6995,20.828],[106.6905,20.8154],[106.6587,20.8139],[106.6578,20.8029],[106.6506,20.8039],[106.6486,20.7984],[106.6584,20.7872],[106.6548,20.7836],[106.706,20.79],[106.6985,20.7606],[106.7071,20.7507],[106.7245,20.7519]]]}},{"type":"Feature","properties":{"gid":"VNM.23.7_1","provZh":"海防市","name2":"Hải An","type2":"Quận","engtype2":"Urban District"},"geometry":{"type":"Polygon","coordinates":[[[106.7028,20.814],[106.7162,20.8006],[106.7314,20.7961],[106.7353,20.7786],[106.743,20.7742],[106.761,20.7761],[106.77,20.7955],[106.8227,20.7912],[106.8223,20.8091],[106.8331,20.812],[106.8167,20.829],[106.7808,20.8359],[106.7633,20.8531],[106.7527,20.879],[106.7371,20.8724],[106.7331,20.8654],[106.7128,20.8648],[106.7163,20.8563],[106.7088,20.8541],[106.7117,20.8468],[106.7054,20.8451],[106.6991,20.8302],[106.7028,20.814]]]}},{"type":"Feature","properties":{"gid":"VNM.23.8_1","provZh":"海防市","name2":"Hồng Bàng","type2":"Quận","engtype2":"Urban District"},"geometry":{"type":"Polygon","coordinates":[[[106.6757,20.8685],[106.6603,20.8792],[106.6235,20.8817],[106.6202,20.8915],[106.6133,20.8914],[106.6048,20.8993],[106.5997,20.8952],[106.6043,20.8864],[106.6226,20.8799],[106.6234,20.8722],[106.6335,20.8638],[106.6427,20.8647],[106.649,20.8596],[106.659,20.8621],[106.664,20.8529],[106.6889,20.8612],[106.6887,20.8695],[106.6757,20.8685]]]}},{"type":"Feature","properties":{"gid":"VNM.23.9_1","provZh":"海防市","name2":"Kiến An","type2":"Quận","engtype2":"Urban District"},"geometry":{"type":"Polygon","coordinates":[[[106.6492,20.7691],[106.6536,20.7747],[106.6604,20.7728],[106.6548,20.7836],[106.6584,20.7872],[106.6483,20.7959],[106.6506,20.8039],[106.6578,20.8029],[106.6587,20.8139],[106.6774,20.8138],[106.6698,20.8206],[106.6676,20.8342],[106.6576,20.8435],[106.6498,20.8399],[106.6562,20.8308],[106.6539,20.8259],[106.6424,20.8295],[106.6172,20.817],[106.5946,20.7957],[106.6029,20.7997],[106.6084,20.7965],[106.6082,20.7911],[106.6173,20.7859],[106.6152,20.7737],[106.6242,20.7765],[106.6241,20.7831],[106.6299,20.7751],[106.6347,20.7836],[106.6435,20.77],[106.6492,20.7691]]]}},{"type":"Feature","properties":{"gid":"VNM.23.10_1","provZh":"海防市","name2":"Kiến Thuỵ","type2":"Huyện","engtype2":"District"},"geometry":{"type":"Polygon","coordinates":[[[106.7288,20.7002],[106.7403,20.7208],[106.7292,20.7428],[106.7164,20.7383],[106.7177,20.745],[106.6985,20.7606],[106.7081,20.7885],[106.672,20.7885],[106.6571,20.7804],[106.6604,20.7728],[106.6536,20.7747],[106.6462,20.7687],[106.6347,20.7836],[106.6299,20.7751],[106.6241,20.7831],[106.6204,20.7704],[106.6338,20.7627],[106.632,20.7562],[106.6375,20.7514],[106.6173,20.7489],[106.6146,20.7371],[106.6027,20.732],[106.6014,20.7257],[106.6187,20.7008],[106.6446,20.7082],[106.6533,20.6892],[106.6867,20.6965],[106.7075,20.6794],[106.7078,20.6856],[106.7183,20.6869],[106.7323,20.6967],[106.7288,20.7002]]]}},{"type":"Feature","properties":{"gid":"VNM.23.11_1","provZh":"海防市","name2":"Lê Chân","type2":"Quận","engtype2":"Urban District"},"geometry":{"type":"Polygon","coordinates":[[[106.6864,20.8151],[106.6931,20.8168],[106.6961,20.8274],[106.6909,20.8465],[106.6816,20.8561],[106.664,20.8529],[106.6576,20.8435],[106.6676,20.8342],[106.6698,20.8206],[106.6864,20.8151]]]}},{"type":"Feature","properties":{"gid":"VNM.23.12_1","provZh":"海防市","name2":"Ngô Quyền","type2":"Quận","engtype2":"Urban District"},"geometry":{"type":"Polygon","coordinates":[[[106.6941,20.8309],[106.6995,20.828],[106.7054,20.8451],[106.7117,20.8468],[106.7088,20.8541],[106.7163,20.8563],[106.7128,20.8648],[106.72,20.8628],[106.7225,20.867],[106.7111,20.8761],[106.7037,20.8771],[106.6887,20.8695],[106.6889,20.8612],[106.681,20.8549],[106.6909,20.8465],[106.6964,20.8355],[106.6941,20.8309]]]}},{"type":"Feature","properties":{"gid":"VNM.23.13_1","provZh":"海防市","name2":"Thuỷ Nguyên","type2":"Huyện","engtype2":"District"},"geometry":{"type":"Polygon","coordinates":[[[106.7261,20.9969],[106.686,21.0054],[106.6531,21.019],[106.6269,21.0113],[106.6114,21.0205],[106.5903,21.0146],[106.5785,21.0164],[106.5734,21.0107],[106.5654,21.0194],[106.5546,20.9977],[106.5653,20.9807],[106.5853,20.9731],[106.5915,20.9469],[106.6021,20.9364],[106.6017,20.9241],[106.6221,20.9174],[106.6204,20.8847],[106.6235,20.8817],[106.6603,20.8792],[106.6797,20.8672],[106.7064,20.8775],[106.7269,20.8633],[106.7527,20.879],[106.7678,20.9053],[106.7717,20.9243],[106.7657,20.9795],[106.7474,20.9975],[106.7261,20.9969]]]}},{"type":"Feature","properties":{"gid":"VNM.23.14_1","provZh":"海防市","name2":"Tiên Lãng","type2":"Huyện","engtype2":"District"},"geometry":{"type":"Polygon","coordinates":[[[106.6348,20.6276],[106.6566,20.6124],[106.6902,20.6326],[106.7084,20.6631],[106.7075,20.6794],[106.6867,20.6965],[106.6533,20.6892],[106.6446,20.7082],[106.6187,20.7008],[106.6014,20.7257],[106.548,20.7583],[106.551,20.7723],[106.5412,20.7818],[106.5356,20.7971],[106.5306,20.7983],[106.5172,20.7875],[106.5033,20.8076],[106.4928,20.8065],[106.4854,20.8],[106.4974,20.7818],[106.4933,20.7621],[106.5197,20.7619],[106.5215,20.7517],[106.5132,20.7158],[106.5141,20.6708],[106.5294,20.6643],[106.5556,20.6813],[106.563,20.6807],[106.5812,20.6706],[106.5979,20.6528],[106.6014,20.6396],[106.6118,20.6271],[106.6348,20.6276]]]}},{"type":"Feature","properties":{"gid":"VNM.23.15_1","provZh":"海防市","name2":"Vĩnh Bảo","type2":"Huyện","engtype2":"District"},"geometry":{"type":"Polygon","coordinates":[[[106.4703,20.5994],[106.4823,20.5996],[106.4935,20.6167],[106.5156,20.6114],[106.5195,20.6024],[106.5289,20.6027],[106.54,20.6084],[106.5461,20.6267],[106.5587,20.6267],[106.5685,20.6197],[106.6014,20.6396],[106.5979,20.6528],[106.5812,20.6706],[106.563,20.6807],[106.5556,20.6813],[106.5294,20.6643],[106.5141,20.6708],[106.5132,20.7158],[106.5215,20.7465],[106.5197,20.7619],[106.5038,20.7635],[106.4868,20.7504],[106.4735,20.7539],[106.466,20.7431],[106.4532,20.7434],[106.4652,20.7302],[106.4607,20.7226],[106.4518,20.722],[106.4492,20.7361],[106.4377,20.7202],[106.4238,20.7338],[106.4137,20.7354],[106.4075,20.7285],[106.4172,20.7168],[106.4012,20.6878],[106.4397,20.6606],[106.4551,20.6391],[106.4507,20.6197],[106.4647,20.615],[106.4703,20.5994]]]}},{"type":"Feature","properties":{"gid":"VNM.24.2_1","provZh":"后江省","name2":"Châu Thành","type2":"Huyện","engtype2":"District"},"geometry":{"type":"Polygon","coordinates":[[[105.8163,9.8825],[105.8294,9.8814],[105.8343,9.8788],[105.8331,9.874],[105.8598,9.8661],[105.8675,9.8704],[105.8755,9.916],[105.8982,9.9375],[105.8768,9.9512],[105.8443,9.9828],[105.8188,9.965],[105.7762,9.9544],[105.7417,9.967],[105.7419,9.9576],[105.7272,9.9365],[105.7418,9.942],[105.7443,9.9282],[105.7539,9.9295],[105.7522,9.9103],[105.7598,9.8976],[105.7724,9.8924],[105.7749,9.8682],[105.7892,9.8595],[105.796,9.8687],[105.8102,9.8627],[105.8105,9.8803],[105.8163,9.8825]]]}},{"type":"Feature","properties":{"gid":"VNM.24.1_1","provZh":"后江省","name2":"Châu Thành A","type2":"Huyện","engtype2":"District"},"geometry":{"type":"Polygon","coordinates":[[[105.5642,9.8906],[105.5918,9.8653],[105.644,9.908],[105.6509,9.898],[105.6653,9.8954],[105.7217,9.9227],[105.7522,9.9103],[105.7539,9.9295],[105.7443,9.9282],[105.7418,9.942],[105.7272,9.9365],[105.7429,9.9605],[105.7417,9.967],[105.7236,9.9755],[105.7136,9.9593],[105.7039,9.9586],[105.7036,9.954],[105.694,9.9549],[105.6705,9.9395],[105.6587,9.9502],[105.6737,9.964],[105.6582,9.9663],[105.6586,9.9711],[105.6474,9.9757],[105.6437,9.9625],[105.633,9.9596],[105.6288,9.9498],[105.6193,9.9456],[105.5832,9.9837],[105.5859,9.9891],[105.5744,9.9942],[105.5696,9.9839],[105.5631,9.9866],[105.5513,9.9606],[105.556,9.9586],[105.5457,9.9401],[105.5421,9.9411],[105.5328,9.9193],[105.5642,9.8906]]]}},{"type":"Feature","properties":{"gid":"VNM.24.4_1","provZh":"后江省","name2":"Long Mỹ","type2":"Huyện","engtype2":"District"},"geometry":{"type":"Polygon","coordinates":[[[105.4295,9.5977],[105.43,9.6011],[105.4412,9.5947],[105.4465,9.5971],[105.4492,9.5869],[105.4562,9.5903],[105.4612,9.5866],[105.4702,9.5974],[105.4774,9.5912],[105.4752,9.585],[105.4892,9.5821],[105.4929,9.5907],[105.5039,9.5913],[105.5043,9.5862],[105.5108,9.584],[105.5146,9.5897],[105.521,9.5888],[105.5218,9.5948],[105.5348,9.5975],[105.5451,9.5852],[105.547,9.5967],[105.5569,9.5964],[105.5624,9.6064],[105.569,9.6033],[105.5759,9.6151],[105.5871,9.6125],[105.5949,9.6029],[105.5963,9.6095],[105.5767,9.6632],[105.5602,9.6573],[105.5591,9.6673],[105.5468,9.671],[105.559,9.6967],[105.5542,9.7092],[105.5334,9.7088],[105.5353,9.7202],[105.5215,9.7314],[105.5101,9.717],[105.475,9.6982],[105.4657,9.6883],[105.4618,9.6958],[105.4507,9.6961],[105.456,9.7049],[105.4466,9.7137],[105.442,9.702],[105.4281,9.7094],[105.4288,9.6973],[105.4217,9.6948],[105.4102,9.7001],[105.4053,9.6894],[105.3992,9.6916],[105.4009,9.7],[105.3938,9.7013],[105.3819,9.683],[105.3747,9.6932],[105.3562,9.6845],[105.3473,9.6906],[105.3461,9.6809],[105.3384,9.6803],[105.3403,9.6757],[105.3531,9.6762],[105.3571,9.6685],[105.3731,9.6725],[105.3686,9.6635],[105.3714,9.659],[105.3939,9.6603],[105.4067,9.6522],[105.4012,9.6464],[105.407,9.6437],[105.3996,9.6317],[105.3994,9.622],[105.3902,9.6258],[105.3751,9.6105],[105.3774,9.5872],[105.3956,9.5884],[105.399,9.5984],[105.4105,9.5979],[105.4152,9.602],[105.4178,9.5928],[105.4295,9.5977]]]}},{"type":"Feature","properties":{"gid":"VNM.24.3_1","provZh":"后江省","name2":"Long Mỹ (Thị xã)","type2":"Thị xã","engtype2":"Town"},"geometry":{"type":"Polygon","coordinates":[[[105.62,9.7274],[105.6087,9.7519],[105.591,9.7531],[105.595,9.7685],[105.5891,9.7766],[105.5808,9.7646],[105.5688,9.7661],[105.5696,9.7427],[105.5565,9.7159],[105.5593,9.7124],[105.554,9.7043],[105.559,9.6967],[105.5468,9.671],[105.5591,9.6673],[105.5602,9.6573],[105.5767,9.6632],[105.5963,9.6095],[105.6151,9.622],[105.6173,9.6154],[105.6353,9.6187],[105.6464,9.6255],[105.6492,9.6344],[105.6672,9.6419],[105.6691,9.6334],[105.6927,9.6558],[105.6878,9.6533],[105.6717,9.7021],[105.62,9.7274]]]}},{"type":"Feature","properties":{"gid":"VNM.24.5_1","provZh":"后江省","name2":"Ngã Bảy","type2":"Thị xã","engtype2":"Town"},"geometry":{"type":"Polygon","coordinates":[[[105.8534,9.8013],[105.8553,9.8055],[105.8485,9.8072],[105.8675,9.8704],[105.8598,9.8661],[105.8331,9.874],[105.8343,9.8788],[105.8294,9.8814],[105.8163,9.8825],[105.8105,9.8803],[105.8102,9.8627],[105.796,9.8687],[105.7891,9.8571],[105.7687,9.8503],[105.7674,9.8377],[105.7743,9.8385],[105.7888,9.817],[105.7864,9.799],[105.7992,9.8011],[105.7973,9.7958],[105.829,9.7835],[105.8448,9.7642],[105.8534,9.8013]]]}},{"type":"Feature","properties":{"gid":"VNM.24.6_1","provZh":"后江省","name2":"Phụng Hiệp","type2":"Huyện","engtype2":"District"},"geometry":{"type":"Polygon","coordinates":[[[105.6655,9.7053],[105.6752,9.696],[105.6878,9.6533],[105.8434,9.7488],[105.8448,9.7642],[105.829,9.7835],[105.7973,9.7958],[105.7992,9.8011],[105.7864,9.799],[105.7888,9.817],[105.7743,9.8385],[105.7674,9.8377],[105.7687,9.8503],[105.7907,9.8588],[105.7749,9.8682],[105.7724,9.8924],[105.7598,9.8976],[105.7502,9.9123],[105.7217,9.9227],[105.6653,9.8954],[105.6509,9.898],[105.644,9.908],[105.5918,9.8653],[105.6261,9.8338],[105.6089,9.8023],[105.586,9.7808],[105.595,9.7685],[105.591,9.7531],[105.6087,9.7519],[105.619,9.7269],[105.6655,9.7053]]]}},{"type":"Feature","properties":{"gid":"VNM.24.7_1","provZh":"后江省","name2":"Vị Thanh","type2":"Thành phố","engtype2":"City"},"geometry":{"type":"Polygon","coordinates":[[[105.3819,9.683],[105.3938,9.7013],[105.4009,9.7],[105.3992,9.6916],[105.403,9.6892],[105.4102,9.7001],[105.427,9.6958],[105.4281,9.7094],[105.442,9.702],[105.4426,9.7114],[105.4533,9.7136],[105.4591,9.7256],[105.4592,9.7381],[105.4702,9.7447],[105.4839,9.7441],[105.4898,9.7804],[105.496,9.7917],[105.5012,9.7907],[105.5032,9.7986],[105.4942,9.8077],[105.4879,9.8023],[105.4841,9.8041],[105.481,9.8187],[105.4645,9.8105],[105.4605,9.8257],[105.4309,9.8162],[105.4373,9.7927],[105.4256,9.7869],[105.4271,9.7834],[105.4225,9.7853],[105.4219,9.7784],[105.4177,9.7828],[105.4193,9.7773],[105.4138,9.7788],[105.4168,9.7739],[105.4114,9.7775],[105.4098,9.7717],[105.4143,9.7708],[105.4048,9.769],[105.4069,9.7598],[105.4141,9.7596],[105.4112,9.7486],[105.404,9.7508],[105.3936,9.7448],[105.3903,9.7355],[105.3726,9.731],[105.3551,9.7116],[105.328,9.7015],[105.3384,9.6803],[105.3461,9.6809],[105.3473,9.6906],[105.3562,9.6845],[105.3747,9.6932],[105.3819,9.683]]]}},{"type":"Feature","properties":{"gid":"VNM.24.8_1","provZh":"后江省","name2":"Vị Thuỷ","type2":"Huyện","engtype2":"District"},"geometry":{"type":"Polygon","coordinates":[[[105.475,9.6982],[105.5101,9.717],[105.5215,9.7314],[105.5353,9.7202],[105.5334,9.7088],[105.5397,9.7068],[105.5493,9.7121],[105.5567,9.7062],[105.5565,9.7159],[105.5696,9.7427],[105.5688,9.7661],[105.5808,9.7646],[105.5891,9.7766],[105.586,9.7808],[105.6089,9.8023],[105.6261,9.8338],[105.5396,9.913],[105.5167,9.8631],[105.5211,9.8591],[105.4615,9.8253],[105.4645,9.8105],[105.481,9.8187],[105.4841,9.8041],[105.4879,9.8023],[105.4942,9.8077],[105.5032,9.7986],[105.5012,9.7907],[105.496,9.7917],[105.4898,9.7804],[105.4839,9.7441],[105.4702,9.7447],[105.4573,9.7358],[105.4591,9.7256],[105.4509,9.7121],[105.456,9.7049],[105.4507,9.6961],[105.4618,9.6958],[105.4657,9.6883],[105.475,9.6982]]]}},{"type":"Feature","properties":{"gid":"VNM.25.1_1","provZh":"胡志明市","name2":"Bình Chánh","type2":"Huyện","engtype2":"District"},"geometry":{"type":"Polygon","coordinates":[[[106.6634,10.6401],[106.6696,10.6392],[106.6857,10.6533],[106.6789,10.6645],[106.6815,10.6776],[106.6733,10.6924],[106.6733,10.7041],[106.6812,10.7145],[106.6889,10.7121],[106.695,10.7361],[106.692,10.7416],[106.6828,10.7395],[106.6818,10.7345],[106.6736,10.7374],[106.6422,10.7277],[106.624,10.6925],[106.6207,10.6998],[106.6015,10.6951],[106.5978,10.7018],[106.6044,10.7043],[106.6009,10.7223],[106.5819,10.7294],[106.5817,10.7333],[106.5743,10.7276],[106.5741,10.7327],[106.5583,10.7395],[106.5594,10.749],[106.5734,10.7604],[106.5678,10.7629],[106.5696,10.7686],[106.5888,10.7791],[106.5829,10.7973],[106.586,10.8131],[106.582,10.8157],[106.5952,10.8298],[106.582,10.8328],[106.5758,10.8426],[106.5288,10.8475],[106.535,10.8719],[106.5258,10.8736],[106.5046,10.789],[106.4637,10.7565],[106.4916,10.7243],[106.5017,10.7265],[106.5093,10.7172],[106.5202,10.7237],[106.5302,10.7173],[106.5272,10.7093],[106.534,10.6879],[106.5505,10.6854],[106.5536,10.6685],[106.5489,10.6574],[106.5559,10.657],[106.5579,10.6486],[106.5663,10.6564],[106.577,10.6489],[106.5798,10.6561],[106.6006,10.6507],[106.6054,10.6588],[106.6248,10.6474],[106.6212,10.641],[106.6295,10.642],[106.6302,10.6267],[106.6348,10.6254],[106.6462,10.6342],[106.653,10.6325],[106.6569,10.6436],[106.6634,10.6401]]]}},{"type":"Feature","properties":{"gid":"VNM.25.2_1","provZh":"胡志明市","name2":"Bình Tân","type2":"Quận","engtype2":"Urban District"},"geometry":{"type":"Polygon","coordinates":[[[106.6039,10.7173],[106.6038,10.7108],[106.6191,10.7162],[106.6253,10.7575],[106.6188,10.7845],[106.6068,10.8061],[106.6077,10.813],[106.6162,10.8194],[106.5937,10.8278],[106.582,10.8157],[106.586,10.8131],[106.5829,10.7973],[106.5888,10.7791],[106.5696,10.7686],[106.5678,10.7629],[106.5734,10.7604],[106.5594,10.749],[106.5583,10.7395],[106.5741,10.7327],[106.5743,10.7276],[106.5817,10.7333],[106.6039,10.7173]]]}},{"type":"Feature","properties":{"gid":"VNM.25.3_1","provZh":"胡志明市","name2":"Bình Thạnh","type2":"Quận","engtype2":"Urban District"},"geometry":{"type":"Polygon","coordinates":[[[106.7064,10.7917],[106.7144,10.7849],[106.7241,10.789],[106.7273,10.7989],[106.7223,10.8098],[106.73,10.8194],[106.7381,10.8102],[106.7482,10.8097],[106.7492,10.8324],[106.7399,10.8355],[106.7299,10.8242],[106.7172,10.8203],[106.71,10.8238],[106.7028,10.8391],[106.6959,10.8327],[106.7011,10.8272],[106.6851,10.8139],[106.6839,10.807],[106.6922,10.8023],[106.6916,10.7955],[106.7064,10.7917]]]}},{"type":"Feature","properties":{"gid":"VNM.25.4_1","provZh":"胡志明市","name2":"Cần Giờ","type2":"Huyện","engtype2":"District"},"geometry":{"type":"Polygon","coordinates":[[[106.9823,10.4247],[106.9627,10.4385],[106.9661,10.4465],[106.9915,10.4509],[106.9966,10.4605],[106.9974,10.5032],[107.0271,10.5378],[107.025,10.5459],[107.0147,10.5479],[107.0107,10.5546],[107.0267,10.5835],[107.0174,10.6065],[107.0079,10.6133],[106.9907,10.6049],[106.9839,10.5794],[106.9607,10.5935],[106.9265,10.6035],[106.9206,10.61],[106.9114,10.6083],[106.9034,10.6248],[106.8851,10.6403],[106.883,10.6474],[106.8729,10.6481],[106.86,10.6366],[106.8428,10.638],[106.8376,10.627],[106.8266,10.6278],[106.8141,10.6405],[106.8071,10.6575],[106.7828,10.6731],[106.7728,10.6763],[106.7728,10.6687],[106.7655,10.6653],[106.7423,10.6698],[106.7416,10.6557],[106.764,10.645],[106.771,10.6367],[106.7704,10.6201],[106.7834,10.5879],[106.7792,10.5773],[106.7513,10.5808],[106.7426,10.571],[106.7491,10.5307],[106.7454,10.4884],[106.7632,10.4525],[106.8151,10.3913],[106.8346,10.3542],[106.8946,10.3651],[106.9706,10.3948],[106.9856,10.4132],[106.9823,10.4247]]]}},{"type":"Feature","properties":{"gid":"VNM.25.5_1","provZh":"胡志明市","name2":"Củ Chi","type2":"Huyện","engtype2":"District"},"geometry":{"type":"Polygon","coordinates":[[[106.6171,10.9881],[106.6201,11.0082],[106.5975,11.0168],[106.5956,11.03],[106.6033,11.0396],[106.6002,11.0447],[106.5865,11.0364],[106.5727,11.0546],[106.5646,11.0449],[106.5499,11.0463],[106.5343,11.0575],[106.5238,11.0737],[106.5341,11.0902],[106.5232,11.0899],[106.5162,11.1008],[106.526,11.1053],[106.5262,11.1215],[106.5153,11.1263],[106.5076,11.142],[106.4723,11.1433],[106.4672,11.1479],[106.471,11.1553],[106.4561,11.1603],[106.4515,11.1535],[106.4577,11.1529],[106.4563,11.1415],[106.4458,11.1358],[106.4484,11.1309],[106.4424,11.1158],[106.4308,11.0921],[106.426,11.0916],[106.4274,11.074],[106.4202,11.0634],[106.4243,11.0471],[106.4089,11.0224],[106.4128,11.0089],[106.392,10.9998],[106.3633,10.9977],[106.3567,10.9916],[106.373,10.9697],[106.4114,10.9738],[106.4535,10.9419],[106.496,10.9208],[106.5614,10.9169],[106.5844,10.9196],[106.5815,10.9293],[106.6012,10.923],[106.6005,10.9177],[106.6217,10.9145],[106.6532,10.9196],[106.6572,10.9259],[106.6504,10.9339],[106.6484,10.9808],[106.6279,10.9795],[106.6171,10.9881]]]}},{"type":"Feature","properties":{"gid":"VNM.25.6_1","provZh":"胡志明市","name2":"Gò Vấp","type2":"Quận","engtype2":"Urban District"},"geometry":{"type":"Polygon","coordinates":[[[106.6921,10.8175],[106.7009,10.8282],[106.6922,10.8307],[106.6881,10.8463],[106.676,10.8521],[106.6728,10.8606],[106.6636,10.8555],[106.6527,10.8607],[106.6338,10.8451],[106.6324,10.833],[106.6425,10.8282],[106.6463,10.8373],[106.6521,10.8368],[106.6786,10.8261],[106.6733,10.8224],[106.676,10.8149],[106.6728,10.8141],[106.6786,10.8113],[106.684,10.81],[106.6921,10.8175]]]}},{"type":"Feature","properties":{"gid":"VNM.25.7_1","provZh":"胡志明市","name2":"Hóc Môn","type2":"Huyện","engtype2":"District"},"geometry":{"type":"Polygon","coordinates":[[[106.5322,10.8975],[106.5259,10.8736],[106.535,10.8719],[106.5288,10.8475],[106.5758,10.8426],[106.582,10.8328],[106.6005,10.8261],[106.6153,10.8428],[106.6072,10.8553],[106.6318,10.8917],[106.6494,10.8953],[106.669,10.8919],[106.6706,10.9012],[106.6797,10.9037],[106.6815,10.8984],[106.6927,10.9042],[106.6849,10.9211],[106.6679,10.9209],[106.6572,10.9259],[106.6532,10.9196],[106.6217,10.9145],[106.6005,10.9177],[106.6012,10.923],[106.5815,10.9293],[106.5844,10.9196],[106.5614,10.9169],[106.496,10.9208],[106.5316,10.9026],[106.5322,10.8975]]]}},{"type":"Feature","properties":{"gid":"VNM.25.8_1","provZh":"胡志明市","name2":"Nhà Bè","type2":"Huyện","engtype2":"District"},"geometry":{"type":"Polygon","coordinates":[[[106.7834,10.5879],[106.7704,10.6201],[106.7691,10.64],[106.7491,10.6496],[106.7392,10.6612],[106.7399,10.6672],[106.7476,10.6709],[106.7688,10.6658],[106.7737,10.6731],[106.771,10.6801],[106.7519,10.705],[106.7357,10.7032],[106.7324,10.6978],[106.7263,10.6998],[106.7249,10.7208],[106.7088,10.7196],[106.7063,10.725],[106.6901,10.7253],[106.6889,10.7121],[106.6812,10.7145],[106.6733,10.7041],[106.6733,10.6924],[106.6815,10.6776],[106.6789,10.6645],[106.6905,10.6488],[106.7009,10.6539],[106.712,10.6503],[106.7226,10.6459],[106.7314,10.6339],[106.7276,10.6157],[106.7328,10.6099],[106.7239,10.6119],[106.7188,10.6059],[106.7287,10.58],[106.737,10.5863],[106.7367,10.5769],[106.7453,10.5757],[106.758,10.5818],[106.7731,10.5758],[106.7792,10.5773],[106.7834,10.5879]]]}},{"type":"Feature","properties":{"gid":"VNM.25.9_1","provZh":"胡志明市","name2":"Phú Nhuận","type2":"Quận","engtype2":"Urban District"},"geometry":{"type":"Polygon","coordinates":[[[106.6681,10.7889],[106.6861,10.7925],[106.6852,10.7969],[106.6916,10.7955],[106.6922,10.8023],[106.6728,10.8141],[106.6681,10.7889]]]}},{"type":"Feature","properties":{"gid":"VNM.25.13_1","provZh":"胡志明市","name2":"Quận 1","type2":"Quận","engtype2":"Urban District"},"geometry":{"type":"Polygon","coordinates":[[[106.684,10.7595],[106.6873,10.7536],[106.7083,10.7697],[106.7139,10.7868],[106.6852,10.7969],[106.6981,10.7829],[106.6817,10.7654],[106.684,10.7595]]]}},{"type":"Feature","properties":{"gid":"VNM.25.10_1","provZh":"胡志明市","name2":"Quận 10","type2":"Quận","engtype2":"Urban District"},"geometry":{"type":"Polygon","coordinates":[[[106.6615,10.7584],[106.6817,10.7654],[106.6744,10.7677],[106.6816,10.7778],[106.6646,10.7869],[106.6561,10.7778],[106.6615,10.7584]]]}},{"type":"Feature","properties":{"gid":"VNM.25.11_1","provZh":"胡志明市","name2":"Quận 11","type2":"Quận","engtype2":"Urban District"},"geometry":{"type":"Polygon","coordinates":[[[106.6498,10.7535],[106.6615,10.7584],[106.6559,10.7784],[106.6525,10.7688],[106.6477,10.7752],[106.6357,10.7696],[106.6376,10.7547],[106.6498,10.7535]]]}},{"type":"Feature","properties":{"gid":"VNM.25.12_1","provZh":"胡志明市","name2":"Quận 12","type2":"Quận","engtype2":"Urban District"},"geometry":{"type":"Polygon","coordinates":[[[106.6043,10.8297],[106.6074,10.8233],[106.6234,10.8195],[106.6324,10.833],[106.6338,10.8451],[106.6527,10.8607],[106.6636,10.8555],[106.6728,10.8606],[106.676,10.8521],[106.6881,10.8463],[106.6935,10.83],[106.7028,10.8391],[106.6981,10.8436],[106.6991,10.85],[106.714,10.8515],[106.7171,10.8614],[106.6999,10.8684],[106.6893,10.8812],[106.6927,10.9042],[106.6815,10.8984],[106.6797,10.9037],[106.6706,10.9012],[106.669,10.8919],[106.6494,10.8953],[106.6318,10.8917],[106.6072,10.8553],[106.6153,10.8428],[106.6043,10.8297]]]}},{"type":"Feature","properties":{"gid":"VNM.25.14_1","provZh":"胡志明市","name2":"Quận 2","type2":"Quận","engtype2":"Urban District"},"geometry":{"type":"Polygon","coordinates":[[[106.7519,10.7419],[106.7677,10.7419],[106.7992,10.759],[106.8101,10.7746],[106.7838,10.7819],[106.7868,10.7907],[106.7816,10.7904],[106.7768,10.809],[106.7661,10.8087],[106.7623,10.8145],[106.7424,10.8085],[106.73,10.8194],[106.7223,10.8098],[106.7268,10.7936],[106.7104,10.7819],[106.7083,10.7697],[106.7144,10.7625],[106.7301,10.7599],[106.7368,10.7768],[106.7432,10.7768],[106.7526,10.7636],[106.7446,10.7449],[106.7519,10.7419]]]}},{"type":"Feature","properties":{"gid":"VNM.25.15_1","provZh":"胡志明市","name2":"Quận 3","type2":"Quận","engtype2":"Urban District"},"geometry":{"type":"Polygon","coordinates":[[[106.6816,10.7778],[106.6744,10.7677],[106.6817,10.7654],[106.6981,10.7829],[106.6861,10.7925],[106.6648,10.7901],[106.6816,10.7778]]]}},{"type":"Feature","properties":{"gid":"VNM.25.16_1","provZh":"胡志明市","name2":"Quận 4","type2":"Quận","engtype2":"Urban District"},"geometry":{"type":"Polygon","coordinates":[[[106.722,10.7593],[106.7083,10.7697],[106.6865,10.7518],[106.7159,10.7525],[106.722,10.7593]]]}},{"type":"Feature","properties":{"gid":"VNM.25.17_1","provZh":"胡志明市","name2":"Quận 5","type2":"Quận","engtype2":"Urban District"},"geometry":{"type":"Polygon","coordinates":[[[106.6533,10.7516],[106.655,10.7461],[106.6873,10.7536],[106.6817,10.7654],[106.6511,10.7563],[106.6533,10.7516]]]}},{"type":"Feature","properties":{"gid":"VNM.25.18_1","provZh":"胡志明市","name2":"Quận 6","type2":"Quận","engtype2":"Urban District"},"geometry":{"type":"Polygon","coordinates":[[[106.6345,10.7334],[106.655,10.7461],[106.6533,10.7516],[106.6241,10.7624],[106.6211,10.7341],[106.6244,10.7357],[106.6272,10.7298],[106.6345,10.7334]]]}},{"type":"Feature","properties":{"gid":"VNM.25.19_1","provZh":"胡志明市","name2":"Quận 7","type2":"Quận","engtype2":"Urban District"},"geometry":{"type":"Polygon","coordinates":[[[106.7342,10.6989],[106.7357,10.7032],[106.7519,10.705],[106.752,10.7211],[106.7677,10.7419],[106.7462,10.7427],[106.7448,10.751],[106.7519,10.7681],[106.7396,10.7776],[106.7352,10.7747],[106.7338,10.7627],[106.722,10.7593],[106.719,10.7535],[106.6905,10.7522],[106.695,10.7361],[106.6901,10.7253],[106.7063,10.725],[106.7088,10.7196],[106.7249,10.7208],[106.7263,10.6998],[106.7342,10.6989]]]}},{"type":"Feature","properties":{"gid":"VNM.25.20_1","provZh":"胡志明市","name2":"Quận 8","type2":"Quận","engtype2":"Urban District"},"geometry":{"type":"Polygon","coordinates":[[[106.6149,10.6978],[106.6207,10.6998],[106.6261,10.6937],[106.6422,10.7277],[106.6736,10.7374],[106.6818,10.7345],[106.6828,10.7395],[106.692,10.7416],[106.6905,10.7522],[106.6605,10.7487],[106.6272,10.7298],[106.6244,10.7357],[106.6211,10.7341],[106.6191,10.7162],[106.6038,10.7108],[106.6044,10.7043],[106.5978,10.7018],[106.6015,10.6951],[106.6149,10.6978]]]}},{"type":"Feature","properties":{"gid":"VNM.25.21_1","provZh":"胡志明市","name2":"Quận 9","type2":"Quận","engtype2":"Urban District"},"geometry":{"type":"Polygon","coordinates":[[[106.8261,10.7739],[106.8243,10.7596],[106.8457,10.7751],[106.865,10.7645],[106.8726,10.7663],[106.8742,10.7742],[106.8653,10.7891],[106.8819,10.8085],[106.8801,10.8169],[106.8496,10.8562],[106.8467,10.8649],[106.8511,10.8763],[106.8436,10.884],[106.8402,10.8989],[106.8251,10.8938],[106.8249,10.8882],[106.8031,10.8671],[106.774,10.8492],[106.757,10.8131],[106.7768,10.809],[106.7816,10.7904],[106.7868,10.7907],[106.7838,10.7819],[106.8101,10.7746],[106.822,10.7808],[106.8261,10.7739]]]}},{"type":"Feature","properties":{"gid":"VNM.25.22_1","provZh":"胡志明市","name2":"Tân Bình","type2":"Quận","engtype2":"Urban District"},"geometry":{"type":"Polygon","coordinates":[[[106.6477,10.7752],[106.6525,10.7688],[106.6532,10.7754],[106.6669,10.7896],[106.6694,10.8067],[106.676,10.8149],[106.6733,10.8224],[106.6786,10.8261],[106.6463,10.8373],[106.6425,10.8282],[106.6324,10.833],[106.6279,10.8247],[106.6477,10.7752]]]}},{"type":"Feature","properties":{"gid":"VNM.25.23_1","provZh":"胡志明市","name2":"Tân Phú","type2":"Quận","engtype2":"Urban District"},"geometry":{"type":"Polygon","coordinates":[[[106.6412,10.7871],[106.6279,10.8247],[106.6077,10.813],[106.6068,10.8061],[106.6174,10.7881],[106.6248,10.7607],[106.6336,10.7583],[106.6357,10.7696],[106.6477,10.7752],[106.6412,10.7871]]]}},{"type":"Feature","properties":{"gid":"VNM.25.24_1","provZh":"胡志明市","name2":"Thủ Đức","type2":"Quận","engtype2":"Urban District"},"geometry":{"type":"Polygon","coordinates":[[[106.7399,10.8355],[106.7492,10.8324],[106.751,10.8129],[106.757,10.8131],[106.774,10.8492],[106.8086,10.873],[106.7799,10.8684],[106.7805,10.8815],[106.7697,10.8938],[106.7605,10.8813],[106.7622,10.8673],[106.7518,10.8634],[106.746,10.8717],[106.7504,10.8772],[106.745,10.8816],[106.7342,10.8805],[106.7367,10.8846],[106.7313,10.886],[106.7324,10.8906],[106.7176,10.8964],[106.7131,10.8899],[106.718,10.8809],[106.7126,10.8779],[106.7235,10.8718],[106.7149,10.8722],[106.7181,10.856],[106.714,10.8515],[106.6991,10.85],[106.6981,10.8436],[106.7074,10.8358],[106.7142,10.8208],[106.7299,10.8242],[106.7399,10.8355]]]}},{"type":"Feature","properties":{"gid":"VNM.30.1_1","provZh":"和平省","name2":"Cao Phong","type2":"Huyện","engtype2":"District"},"geometry":{"type":"Polygon","coordinates":[[[105.4006,20.6196],[105.3998,20.6467],[105.4046,20.6563],[105.42,20.6642],[105.4176,20.6807],[105.4056,20.6871],[105.4073,20.7011],[105.3698,20.7371],[105.377,20.7423],[105.374,20.7606],[105.3582,20.7461],[105.3471,20.7433],[105.3354,20.7525],[105.3346,20.7613],[105.3231,20.7644],[105.3188,20.7735],[105.3118,20.7669],[105.3037,20.7673],[105.2968,20.7847],[105.2685,20.7697],[105.2623,20.7708],[105.2641,20.7764],[105.232,20.7843],[105.2144,20.7704],[105.1948,20.7706],[105.1731,20.7602],[105.1822,20.7514],[105.2063,20.747],[105.2174,20.7363],[105.215,20.7257],[105.2244,20.7225],[105.2268,20.7163],[105.2441,20.7139],[105.2561,20.7238],[105.2664,20.7126],[105.2804,20.7121],[105.2703,20.6738],[105.2755,20.6525],[105.2895,20.659],[105.2978,20.6551],[105.3207,20.6044],[105.3265,20.6049],[105.3257,20.6112],[105.3326,20.613],[105.3396,20.6116],[105.3474,20.5995],[105.3577,20.5935],[105.3726,20.5984],[105.3851,20.5964],[105.3963,20.6084],[105.4043,20.6083],[105.4006,20.6196]]]}},{"type":"Feature","properties":{"gid":"VNM.30.2_1","provZh":"和平省","name2":"Đà Bắc","type2":"Huyện","engtype2":"District"},"geometry":{"type":"Polygon","coordinates":[[[105.232,20.7843],[105.2641,20.7764],[105.2756,20.7863],[105.2818,20.8058],[105.3038,20.8178],[105.2921,20.8442],[105.2943,20.8529],[105.3033,20.859],[105.2946,20.8726],[105.295,20.8805],[105.3006,20.8967],[105.3119,20.9084],[105.3129,20.9242],[105.2938,20.9243],[105.29,20.9299],[105.2758,20.9248],[105.2714,20.9408],[105.2606,20.9362],[105.2472,20.9456],[105.2296,20.9358],[105.2225,20.9363],[105.2188,20.9323],[105.2246,20.9267],[105.202,20.9167],[105.194,20.9298],[105.2066,20.9508],[105.1922,20.9585],[105.19,20.952],[105.1619,20.9434],[105.1613,20.9396],[105.1321,20.9381],[105.1226,20.9417],[105.1087,20.9562],[105.0916,20.9611],[105.0676,21.0016],[105.0552,21.0105],[105.0383,21.0124],[105.0304,21.0224],[105.0186,21.0153],[105.0214,21.0213],[105.0167,21.0316],[104.9926,21.0484],[104.9709,21.0525],[104.9632,21.0602],[104.9381,21.0561],[104.9297,21.0655],[104.9112,21.067],[104.9113,21.0718],[104.9213,21.0752],[104.9262,21.0843],[104.9173,21.0937],[104.9122,21.112],[104.8767,21.0987],[104.8679,21.0759],[104.853,21.0765],[104.8676,21.0307],[104.8814,21.022],[104.8903,21.0096],[104.8961,20.9889],[104.903,20.9782],[104.9231,20.9636],[104.9395,20.9322],[104.9634,20.913],[104.9757,20.9091],[104.9806,20.8895],[104.9952,20.8708],[105.0171,20.8658],[105.046,20.8359],[105.0987,20.8039],[105.0989,20.791],[105.0797,20.7719],[105.0819,20.7608],[105.0994,20.765],[105.1153,20.7528],[105.1394,20.7505],[105.1457,20.7533],[105.1514,20.767],[105.177,20.7607],[105.1923,20.77],[105.2144,20.7704],[105.232,20.7843]]]}},{"type":"Feature","properties":{"gid":"VNM.30.3_1","provZh":"和平省","name2":"Hòa Bình","type2":"Thành phố","engtype2":"City"},"geometry":{"type":"Polygon","coordinates":[[[105.3625,20.7505],[105.3805,20.7689],[105.3736,20.7876],[105.376,20.8014],[105.3886,20.8246],[105.3784,20.8306],[105.3762,20.8373],[105.378,20.8658],[105.3421,20.8845],[105.3501,20.9076],[105.3446,20.9407],[105.3372,20.9414],[105.3162,20.9356],[105.3119,20.9084],[105.3006,20.8967],[105.295,20.8805],[105.2946,20.8726],[105.3033,20.859],[105.2943,20.8529],[105.2921,20.8442],[105.3038,20.8178],[105.2818,20.8058],[105.2756,20.7863],[105.2623,20.7708],[105.2685,20.7697],[105.2968,20.7847],[105.3037,20.7673],[105.3118,20.7669],[105.3188,20.7735],[105.3231,20.7644],[105.3346,20.7613],[105.3389,20.7475],[105.3471,20.7433],[105.3625,20.7505]]]}},{"type":"Feature","properties":{"gid":"VNM.30.5_1","provZh":"和平省","name2":"Kim Bôi","type2":"Huyện","engtype2":"District"},"geometry":{"type":"Polygon","coordinates":[[[105.6173,20.6394],[105.6135,20.6562],[105.6073,20.6632],[105.6138,20.6771],[105.6009,20.6962],[105.598,20.7115],[105.6017,20.7185],[105.59,20.7206],[105.5816,20.7305],[105.5868,20.7374],[105.5844,20.7424],[105.5676,20.7514],[105.5741,20.775],[105.5536,20.7842],[105.5522,20.7967],[105.5349,20.797],[105.5194,20.8038],[105.5038,20.8011],[105.481,20.7862],[105.4779,20.8067],[105.446,20.8085],[105.4376,20.8261],[105.4302,20.8285],[105.4254,20.8236],[105.4158,20.8239],[105.4084,20.8047],[105.395,20.8034],[105.389,20.7854],[105.3734,20.7836],[105.3805,20.7689],[105.374,20.7606],[105.377,20.7423],[105.3698,20.7371],[105.4073,20.7011],[105.4056,20.6871],[105.4176,20.6807],[105.4202,20.6665],[105.4122,20.6573],[105.4046,20.6563],[105.3998,20.6467],[105.3986,20.624],[105.4043,20.6083],[105.4151,20.6038],[105.4284,20.6074],[105.4318,20.6172],[105.467,20.6232],[105.4723,20.6333],[105.4885,20.6372],[105.501,20.6268],[105.5217,20.6232],[105.5152,20.6112],[105.5043,20.6057],[105.5057,20.6021],[105.5148,20.5973],[105.5257,20.5725],[105.5664,20.5483],[105.5827,20.5291],[105.6192,20.5228],[105.6456,20.5262],[105.6501,20.5227],[105.656,20.5248],[105.6509,20.5279],[105.6509,20.5367],[105.6601,20.5462],[105.672,20.5318],[105.678,20.531],[105.6805,20.5454],[105.685,20.5479],[105.6802,20.5552],[105.6852,20.5597],[105.6706,20.5728],[105.6658,20.5864],[105.6447,20.6004],[105.6338,20.595],[105.6226,20.5993],[105.6152,20.6141],[105.63,20.624],[105.6173,20.6394]]]}},{"type":"Feature","properties":{"gid":"VNM.30.4_1","provZh":"和平省","name2":"Kỳ Sơn","type2":"Huyện","engtype2":"District"},"geometry":{"type":"Polygon","coordinates":[[[105.3786,20.8073],[105.3734,20.7836],[105.3798,20.7817],[105.3911,20.7879],[105.395,20.8034],[105.4084,20.8047],[105.4158,20.8239],[105.4254,20.8236],[105.4302,20.8285],[105.4309,20.8451],[105.4406,20.8605],[105.4383,20.8674],[105.4458,20.8857],[105.4436,20.894],[105.4558,20.9118],[105.4587,20.9337],[105.4636,20.9391],[105.4617,20.9465],[105.4438,20.956],[105.4362,20.9748],[105.4223,20.9837],[105.4178,20.9978],[105.4032,20.9981],[105.3937,21.0034],[105.387,21.0246],[105.3754,21.0145],[105.3534,21.0074],[105.3477,21.0141],[105.3265,21.0087],[105.3289,21.0174],[105.3249,21.0214],[105.3153,21.0113],[105.3273,20.9996],[105.349,20.9179],[105.3501,20.9076],[105.3421,20.8845],[105.378,20.8658],[105.3762,20.8373],[105.3784,20.8306],[105.3886,20.8246],[105.3786,20.8073]]]}},{"type":"Feature","properties":{"gid":"VNM.30.6_1","provZh":"和平省","name2":"Lạc Sơn","type2":"Huyện","engtype2":"District"},"geometry":{"type":"Polygon","coordinates":[[[105.4766,20.3752],[105.5039,20.3604],[105.5226,20.3603],[105.5298,20.3717],[105.5407,20.368],[105.5427,20.3621],[105.5509,20.3725],[105.5415,20.3842],[105.5479,20.3904],[105.5462,20.4002],[105.5536,20.4014],[105.5445,20.405],[105.5568,20.4094],[105.5611,20.4176],[105.5555,20.4228],[105.563,20.4343],[105.5475,20.4446],[105.5482,20.4717],[105.5672,20.4678],[105.5734,20.472],[105.5723,20.4775],[105.5776,20.4782],[105.5753,20.4879],[105.5622,20.5029],[105.5465,20.5072],[105.5401,20.5236],[105.5482,20.541],[105.5603,20.552],[105.5257,20.5725],[105.5228,20.5856],[105.5043,20.6057],[105.5152,20.6112],[105.5217,20.6232],[105.501,20.6268],[105.4885,20.6372],[105.4723,20.6333],[105.467,20.6232],[105.4318,20.6172],[105.4284,20.6074],[105.4151,20.6038],[105.3963,20.6084],[105.3851,20.5964],[105.3831,20.5843],[105.3959,20.5751],[105.3831,20.5668],[105.378,20.5579],[105.3793,20.5398],[105.3686,20.5321],[105.3617,20.5127],[105.3519,20.5083],[105.3527,20.501],[105.3213,20.518],[105.3055,20.5128],[105.3108,20.5035],[105.3045,20.4911],[105.3092,20.4875],[105.3088,20.4774],[105.3012,20.4647],[105.2828,20.4513],[105.2672,20.455],[105.2584,20.4342],[105.2698,20.4289],[105.2767,20.4314],[105.2968,20.4163],[105.3028,20.4212],[105.3456,20.3907],[105.3573,20.3918],[105.4062,20.3726],[105.4367,20.3844],[105.4606,20.3752],[105.4766,20.3752]]]}},{"type":"Feature","properties":{"gid":"VNM.30.7_1","provZh":"和平省","name2":"Lạc Thủy","type2":"Huyện","engtype2":"District"},"geometry":{"type":"Polygon","coordinates":[[[105.7568,20.4176],[105.7517,20.4389],[105.7728,20.4426],[105.7769,20.436],[105.7824,20.4365],[105.7874,20.4532],[105.7922,20.4541],[105.8003,20.4375],[105.8232,20.418],[105.8574,20.4265],[105.8524,20.4781],[105.838,20.4804],[105.8244,20.489],[105.819,20.506],[105.808,20.4987],[105.8001,20.5133],[105.7952,20.5115],[105.7827,20.5397],[105.7737,20.5489],[105.7652,20.5755],[105.744,20.5983],[105.7272,20.6046],[105.7217,20.5961],[105.7083,20.5988],[105.6991,20.6219],[105.6917,20.6221],[105.6869,20.6161],[105.6588,20.6146],[105.6535,20.6203],[105.63,20.624],[105.6152,20.6141],[105.625,20.5967],[105.6338,20.595],[105.6447,20.6004],[105.6658,20.5864],[105.6706,20.5728],[105.6852,20.5597],[105.6802,20.5552],[105.685,20.5479],[105.6805,20.5454],[105.678,20.531],[105.672,20.5318],[105.6587,20.5461],[105.6575,20.5393],[105.6509,20.5367],[105.6554,20.524],[105.6192,20.5228],[105.6143,20.5144],[105.6149,20.5031],[105.6257,20.503],[105.6327,20.4903],[105.6387,20.4883],[105.6412,20.4933],[105.6556,20.4927],[105.6662,20.5096],[105.6909,20.5057],[105.6787,20.494],[105.6779,20.4878],[105.6828,20.4835],[105.6724,20.474],[105.6698,20.4583],[105.6831,20.4382],[105.6967,20.4362],[105.7014,20.4297],[105.7014,20.4165],[105.6972,20.4119],[105.7194,20.4074],[105.7332,20.3988],[105.7306,20.3855],[105.7462,20.382],[105.7464,20.3667],[105.7567,20.3672],[105.7598,20.3782],[105.7521,20.4072],[105.7527,20.413],[105.7591,20.4145],[105.7568,20.4176]]]}},{"type":"Feature","properties":{"gid":"VNM.30.8_1","provZh":"和平省","name2":"Lương Sơn","type2":"Huyện","engtype2":"District"},"geometry":{"type":"Polygon","coordinates":[[[105.6639,20.6282],[105.6704,20.632],[105.6784,20.6285],[105.6868,20.6378],[105.6792,20.6454],[105.6796,20.6696],[105.6774,20.6718],[105.6752,20.6636],[105.6695,20.6759],[105.6802,20.6835],[105.6839,20.6922],[105.6616,20.7234],[105.6665,20.7341],[105.6517,20.7547],[105.6481,20.7937],[105.6306,20.7935],[105.6346,20.802],[105.632,20.814],[105.6271,20.8157],[105.6421,20.8276],[105.6352,20.8332],[105.6364,20.8393],[105.6306,20.8294],[105.6177,20.8304],[105.5963,20.8417],[105.598,20.8338],[105.5891,20.8311],[105.5835,20.8119],[105.5553,20.806],[105.5607,20.8198],[105.5797,20.8268],[105.5803,20.8359],[105.5879,20.8456],[105.5847,20.8579],[105.5593,20.8811],[105.5529,20.8826],[105.5441,20.8767],[105.5432,20.8817],[105.5593,20.89],[105.5683,20.9019],[105.5684,20.911],[105.5848,20.9226],[105.5744,20.9299],[105.5608,20.9246],[105.5529,20.9271],[105.5465,20.9217],[105.5385,20.9276],[105.5251,20.9188],[105.4905,20.9341],[105.4796,20.9478],[105.4617,20.9465],[105.4636,20.9391],[105.4587,20.9337],[105.4558,20.9118],[105.4436,20.894],[105.4458,20.8857],[105.4383,20.8674],[105.4406,20.8605],[105.4309,20.8451],[105.4302,20.8285],[105.4376,20.8261],[105.446,20.8085],[105.4779,20.8067],[105.481,20.7862],[105.5038,20.8011],[105.5194,20.8038],[105.5349,20.797],[105.5522,20.7967],[105.5536,20.7842],[105.5741,20.775],[105.5676,20.7514],[105.5844,20.7424],[105.5868,20.7374],[105.5816,20.7305],[105.59,20.7206],[105.6017,20.7185],[105.598,20.7115],[105.6009,20.6962],[105.6138,20.6771],[105.6073,20.6632],[105.6135,20.6562],[105.6198,20.6334],[105.63,20.624],[105.6535,20.6203],[105.6588,20.6146],[105.667,20.617],[105.6639,20.6282]]]}},{"type":"Feature","properties":{"gid":"VNM.30.9_1","provZh":"和平省","name2":"Mai Châu","type2":"Huyện","engtype2":"District"},"geometry":{"type":"Polygon","coordinates":[[[105.0786,20.5782],[105.0882,20.5749],[105.0936,20.5669],[105.1059,20.5734],[105.1115,20.5637],[105.1195,20.5624],[105.12,20.5725],[105.1154,20.5758],[105.1186,20.5841],[105.1341,20.5997],[105.1412,20.5948],[105.151,20.5979],[105.1402,20.607],[105.1366,20.6168],[105.1599,20.6331],[105.1407,20.6567],[105.1325,20.6578],[105.1296,20.6652],[105.1328,20.6736],[105.1107,20.697],[105.1248,20.7063],[105.1206,20.7148],[105.1332,20.7215],[105.1343,20.7317],[105.0994,20.765],[105.0791,20.763],[105.0797,20.7719],[105.0989,20.791],[105.0987,20.8039],[105.046,20.8359],[105.0171,20.8658],[104.9973,20.8694],[104.9909,20.8773],[104.9904,20.8708],[105.0009,20.8571],[104.9976,20.8467],[105.0069,20.8444],[104.9978,20.8144],[105.0253,20.8023],[105.0124,20.7853],[105.0055,20.7891],[104.9911,20.7543],[105.0135,20.7406],[105.0179,20.7269],[104.9856,20.7225],[104.9542,20.7399],[104.9498,20.7415],[104.9458,20.7365],[104.9383,20.7449],[104.9238,20.7433],[104.9174,20.7515],[104.8972,20.7577],[104.8949,20.7632],[104.8751,20.7676],[104.859,20.7542],[104.8479,20.7541],[104.8383,20.748],[104.8364,20.7343],[104.8448,20.7312],[104.8393,20.716],[104.8494,20.7029],[104.8369,20.6977],[104.8416,20.6858],[104.8372,20.6606],[104.8466,20.6521],[104.853,20.6636],[104.8665,20.6618],[104.9017,20.6696],[104.9319,20.6489],[104.9505,20.6418],[104.9629,20.6219],[104.9633,20.6082],[104.984,20.5921],[104.9817,20.5737],[104.9966,20.5779],[105.0239,20.559],[105.0413,20.5602],[105.0459,20.5566],[105.053,20.5611],[105.0544,20.5704],[105.0786,20.5782]]]}},{"type":"Feature","properties":{"gid":"VNM.30.10_1","provZh":"和平省","name2":"Tân Lạc","type2":"Huyện","engtype2":"District"},"geometry":{"type":"Polygon","coordinates":[[[105.3012,20.4647],[105.3088,20.4774],[105.3092,20.4875],[105.3045,20.4911],[105.3108,20.5035],[105.3055,20.5128],[105.3213,20.518],[105.3527,20.501],[105.3519,20.5083],[105.3617,20.5127],[105.3686,20.5321],[105.378,20.5371],[105.3768,20.546],[105.3811,20.5505],[105.378,20.5579],[105.3959,20.5751],[105.3831,20.5843],[105.3851,20.5964],[105.3726,20.5984],[105.3577,20.5935],[105.3474,20.5995],[105.3396,20.6116],[105.3326,20.613],[105.3257,20.6112],[105.3265,20.6049],[105.3207,20.6044],[105.2978,20.6551],[105.2895,20.659],[105.2755,20.6525],[105.2703,20.6738],[105.2804,20.7121],[105.2664,20.7126],[105.2561,20.7238],[105.2441,20.7139],[105.2268,20.7163],[105.2244,20.7225],[105.215,20.7257],[105.2174,20.7363],[105.2063,20.747],[105.1822,20.7514],[105.156,20.7674],[105.1514,20.767],[105.1457,20.7533],[105.1394,20.7505],[105.1153,20.7528],[105.1343,20.7317],[105.1332,20.7215],[105.1206,20.7148],[105.1248,20.7063],[105.1144,20.7017],[105.1119,20.693],[105.1328,20.6736],[105.1296,20.6652],[105.1325,20.6578],[105.1407,20.6567],[105.1599,20.6331],[105.1366,20.6168],[105.1402,20.607],[105.151,20.5979],[105.1412,20.5948],[105.1341,20.5997],[105.1186,20.5841],[105.1154,20.5758],[105.12,20.5725],[105.1195,20.5624],[105.1413,20.5439],[105.1531,20.5431],[105.1617,20.5351],[105.162,20.5234],[105.1702,20.5151],[105.1841,20.5214],[105.1906,20.517],[105.2013,20.5184],[105.2312,20.5032],[105.2306,20.4973],[105.2446,20.4881],[105.241,20.4757],[105.2622,20.4654],[105.2625,20.4561],[105.2828,20.4513],[105.3012,20.4647]]]}},{"type":"Feature","properties":{"gid":"VNM.30.11_1","provZh":"和平省","name2":"Yên Thủy","type2":"Huyện","engtype2":"District"},"geometry":{"type":"Polygon","coordinates":[[[105.7186,20.3521],[105.6924,20.3925],[105.6992,20.3973],[105.6854,20.4068],[105.6857,20.411],[105.7014,20.4165],[105.7014,20.4297],[105.6967,20.4362],[105.6831,20.4382],[105.6698,20.4583],[105.6724,20.474],[105.6828,20.4835],[105.6779,20.4878],[105.6787,20.494],[105.6909,20.5057],[105.6662,20.5096],[105.6556,20.4927],[105.6412,20.4933],[105.6387,20.4883],[105.6327,20.4903],[105.6257,20.503],[105.6149,20.5031],[105.6143,20.5144],[105.6192,20.5228],[105.5827,20.5291],[105.5664,20.5483],[105.561,20.5497],[105.5482,20.541],[105.5401,20.5236],[105.544,20.5109],[105.5622,20.5029],[105.5753,20.4879],[105.5776,20.4782],[105.5723,20.4775],[105.5734,20.472],[105.5672,20.4678],[105.5482,20.4717],[105.5475,20.4446],[105.563,20.4343],[105.5555,20.4228],[105.5611,20.4176],[105.5568,20.4094],[105.5445,20.405],[105.5536,20.4014],[105.5462,20.4002],[105.5479,20.3904],[105.5415,20.3842],[105.5509,20.3725],[105.5427,20.3621],[105.5628,20.3578],[105.571,20.3595],[105.581,20.3699],[105.5991,20.364],[105.6194,20.3485],[105.6254,20.3493],[105.6426,20.3384],[105.6697,20.3098],[105.6861,20.3052],[105.7013,20.321],[105.7274,20.3327],[105.7299,20.3388],[105.7186,20.3521]]]}},{"type":"Feature","properties":{"gid":"VNM.31.1_1","provZh":"兴安省","name2":"Ân Thi","type2":"Huyện","engtype2":"District"},"geometry":{"type":"Polygon","coordinates":[[[106.0999,20.7282],[106.1483,20.7418],[106.1535,20.7514],[106.1453,20.7558],[106.1486,20.772],[106.1531,20.772],[106.1499,20.7836],[106.1308,20.8071],[106.1379,20.8103],[106.1395,20.8185],[106.1244,20.8301],[106.1296,20.8431],[106.1263,20.8481],[106.1364,20.8509],[106.1409,20.8574],[106.1466,20.8887],[106.1276,20.8976],[106.0928,20.8734],[106.0869,20.8837],[106.075,20.8772],[106.0717,20.853],[106.0638,20.8443],[106.0491,20.8455],[106.0503,20.8418],[106.0388,20.8363],[106.0422,20.8309],[106.0337,20.8223],[106.0385,20.808],[106.0518,20.8146],[106.061,20.7943],[106.0649,20.796],[106.063,20.7835],[106.0688,20.7723],[106.0951,20.7584],[106.0999,20.7282]]]}},{"type":"Feature","properties":{"gid":"VNM.31.2_1","provZh":"兴安省","name2":"Hưng Yên","type2":"Thành phố","engtype2":"City"},"geometry":{"type":"Polygon","coordinates":[[[106.0706,20.6034],[106.1278,20.6303],[106.1142,20.6378],[106.0979,20.6328],[106.0942,20.6412],[106.1018,20.6393],[106.0995,20.6496],[106.0886,20.649],[106.0907,20.6562],[106.0823,20.6662],[106.0946,20.67],[106.0934,20.6844],[106.0803,20.6857],[106.0791,20.6954],[106.0669,20.6939],[106.0643,20.7085],[106.0588,20.708],[106.0547,20.7162],[106.0478,20.7153],[106.0508,20.7062],[106.0324,20.7162],[106.0281,20.7082],[106.0273,20.7145],[106.0143,20.7073],[106.005,20.7082],[106.0045,20.7037],[106.0243,20.6964],[106.0371,20.6762],[106.0318,20.6452],[106.036,20.632],[106.0542,20.6116],[106.0706,20.6034]]]}},{"type":"Feature","properties":{"gid":"VNM.31.3_1","provZh":"兴安省","name2":"Khoái Châu","type2":"Huyện","engtype2":"District"},"geometry":{"type":"Polygon","coordinates":[[[106.036,20.8105],[106.0337,20.8223],[106.0422,20.8309],[106.037,20.8355],[106.0381,20.8434],[106.0315,20.8422],[106.0248,20.8497],[106.0214,20.8473],[106.0072,20.8681],[105.9789,20.8648],[105.979,20.8751],[105.9634,20.8759],[105.9675,20.8861],[105.9629,20.8909],[105.9658,20.9027],[105.9498,20.9041],[105.9436,20.8953],[105.9461,20.8882],[105.9375,20.8877],[105.9352,20.8942],[105.9149,20.8839],[105.9313,20.8741],[105.9364,20.8644],[105.932,20.8501],[105.9127,20.8349],[105.9116,20.8213],[105.9193,20.7972],[105.9285,20.7862],[105.9642,20.7775],[105.9695,20.7695],[105.9679,20.7592],[106.0056,20.7568],[106.0096,20.7621],[106.0151,20.7612],[106.0177,20.7715],[106.0092,20.7821],[106.013,20.7958],[106.0303,20.8009],[106.0385,20.808],[106.036,20.8105]]]}},{"type":"Feature","properties":{"gid":"VNM.31.4_1","provZh":"兴安省","name2":"Kim Động","type2":"Huyện","engtype2":"District"},"geometry":{"type":"Polygon","coordinates":[[[105.9657,20.73],[105.962,20.7234],[105.9744,20.6995],[106.0045,20.7037],[106.005,20.7082],[106.0143,20.7073],[106.0273,20.7145],[106.0281,20.7082],[106.0305,20.7162],[106.0508,20.7062],[106.0478,20.7153],[106.0547,20.7162],[106.0588,20.708],[106.0643,20.7085],[106.069,20.694],[106.0823,20.6973],[106.0769,20.7069],[106.0784,20.7214],[106.0832,20.7214],[106.0827,20.7267],[106.0883,20.7227],[106.098,20.7277],[106.0993,20.7414],[106.0911,20.7629],[106.0688,20.7723],[106.063,20.7835],[106.0619,20.7928],[106.066,20.7939],[106.061,20.7943],[106.0518,20.8146],[106.0179,20.7945],[106.013,20.7958],[106.0092,20.7821],[106.0177,20.7715],[106.0151,20.7612],[106.0096,20.7621],[106.0056,20.7568],[105.9679,20.7592],[105.9701,20.7346],[105.9657,20.73]]]}},{"type":"Feature","properties":{"gid":"VNM.31.5_1","provZh":"兴安省","name2":"Mỹ Hào","type2":"Huyện","engtype2":"District"},"geometry":{"type":"Polygon","coordinates":[[[106.137,20.901],[106.1429,20.9116],[106.1554,20.9173],[106.1485,20.9284],[106.1523,20.9335],[106.1507,20.9443],[106.1589,20.9513],[106.1499,20.9602],[106.1139,20.958],[106.0971,20.9649],[106.0904,20.9737],[106.0842,20.971],[106.0689,20.9778],[106.0658,20.9731],[106.07,20.9643],[106.0543,20.9623],[106.0507,20.9563],[106.0451,20.9588],[106.0424,20.9527],[106.04,20.9563],[106.0323,20.9539],[106.0323,20.9408],[106.0423,20.9341],[106.0642,20.9302],[106.0734,20.9016],[106.0928,20.8734],[106.125,20.8973],[106.1388,20.8939],[106.137,20.901]]]}},{"type":"Feature","properties":{"gid":"VNM.31.6_1","provZh":"兴安省","name2":"Phù Cừ","type2":"Huyện","engtype2":"District"},"geometry":{"type":"Polygon","coordinates":[[[106.2565,20.6863],[106.2486,20.687],[106.2444,20.6951],[106.2281,20.7048],[106.224,20.7175],[106.2125,20.7294],[106.2185,20.7321],[106.215,20.7505],[106.1995,20.7547],[106.193,20.7657],[106.1816,20.7631],[106.1744,20.7722],[106.1759,20.777],[106.1655,20.7848],[106.1574,20.7797],[106.1499,20.7836],[106.1531,20.772],[106.1486,20.772],[106.1453,20.7558],[106.1535,20.7514],[106.1483,20.7418],[106.1352,20.7409],[106.118,20.7322],[106.1182,20.7218],[106.1386,20.7156],[106.1396,20.7046],[106.1518,20.7106],[106.1653,20.708],[106.1772,20.6888],[106.1909,20.6848],[106.1985,20.6641],[106.1895,20.6583],[106.1893,20.6519],[106.2034,20.6436],[106.2246,20.642],[106.2167,20.6545],[106.2314,20.6584],[106.2398,20.6682],[106.269,20.6827],[106.2565,20.6863]]]}},{"type":"Feature","properties":{"gid":"VNM.31.7_1","provZh":"兴安省","name2":"Tiên Lữ","type2":"Huyện","engtype2":"District"},"geometry":{"type":"Polygon","coordinates":[[[106.1231,20.6466],[106.141,20.6596],[106.1624,20.6454],[106.169,20.646],[106.1744,20.658],[106.1893,20.6519],[106.1895,20.6583],[106.1985,20.6641],[106.1976,20.6751],[106.1853,20.6894],[106.1772,20.6888],[106.1741,20.6966],[106.1711,20.6947],[106.1653,20.708],[106.1518,20.7106],[106.1396,20.7046],[106.1386,20.7156],[106.1182,20.7218],[106.118,20.7322],[106.0883,20.7227],[106.0827,20.7267],[106.0772,20.7116],[106.0782,20.7006],[106.0828,20.6995],[106.0801,20.6861],[106.0931,20.6849],[106.0946,20.67],[106.0823,20.6662],[106.0907,20.6562],[106.088,20.6502],[106.0995,20.6496],[106.1018,20.6393],[106.0942,20.6412],[106.1001,20.6323],[106.1142,20.6378],[106.1101,20.6399],[106.1127,20.645],[106.1231,20.6466]]]}},{"type":"Feature","properties":{"gid":"VNM.31.8_1","provZh":"兴安省","name2":"Văn Giang","type2":"Huyện","engtype2":"District"},"geometry":{"type":"Polygon","coordinates":[[[105.8947,20.8978],[105.8983,20.8909],[105.9149,20.8839],[105.9352,20.8942],[105.9375,20.8877],[105.9461,20.8882],[105.9456,20.9024],[105.9658,20.9027],[105.9743,20.9141],[105.9821,20.9159],[105.9815,20.9222],[105.9978,20.9202],[106.0084,20.9268],[106.0131,20.9235],[106.0207,20.9348],[106.0071,20.9484],[105.9987,20.9481],[105.9794,20.9685],[105.9667,20.9564],[105.9645,20.9634],[105.9552,20.9681],[105.9386,20.9677],[105.9323,20.9735],[105.9158,20.9751],[105.9036,20.9472],[105.9152,20.9371],[105.9091,20.9265],[105.9163,20.9192],[105.8947,20.8978]]]}},{"type":"Feature","properties":{"gid":"VNM.31.9_1","provZh":"兴安省","name2":"Văn Lâm","type2":"Huyện","engtype2":"District"},"geometry":{"type":"Polygon","coordinates":[[[106.0289,20.9506],[106.0307,20.9545],[106.0366,20.9523],[106.04,20.9563],[106.0424,20.9527],[106.0451,20.9588],[106.0507,20.9563],[106.0543,20.9623],[106.07,20.9643],[106.0658,20.9731],[106.0689,20.9778],[106.0842,20.971],[106.0904,20.9737],[106.0971,20.9649],[106.1139,20.958],[106.1351,20.9602],[106.1328,20.9687],[106.1379,20.9743],[106.1274,20.9837],[106.1152,20.9834],[106.1157,20.9958],[106.1092,20.9997],[106.1021,20.9973],[106.0898,21.0072],[106.077,20.9955],[106.0581,21.0004],[106.0511,21.007],[106.0297,20.9931],[106.0216,20.9945],[106.0166,21.0019],[105.9946,21.0014],[105.9852,20.9968],[105.9777,20.9994],[105.9712,20.9952],[105.9724,20.9897],[105.9621,20.9892],[105.9667,20.9564],[105.9794,20.9685],[105.9987,20.9481],[106.0071,20.9484],[106.0167,20.9378],[106.0289,20.9506]]]}},{"type":"Feature","properties":{"gid":"VNM.31.10_1","provZh":"兴安省","name2":"Yên Mỹ","type2":"Huyện","engtype2":"District"},"geometry":{"type":"Polygon","coordinates":[[[106.0503,20.8418],[106.0483,20.8448],[106.0543,20.8475],[106.0638,20.8443],[106.0717,20.853],[106.075,20.8772],[106.0857,20.8863],[106.0734,20.9016],[106.0642,20.9302],[106.0423,20.9341],[106.0323,20.9408],[106.0307,20.9545],[106.0167,20.9378],[106.0207,20.9348],[106.0131,20.9235],[106.0084,20.9268],[105.9978,20.9202],[105.9829,20.9229],[105.9821,20.9159],[105.9743,20.9141],[105.9632,20.8961],[105.9676,20.8882],[105.963,20.8771],[105.979,20.8751],[105.9789,20.8648],[106.0072,20.8681],[106.0214,20.8473],[106.0248,20.8497],[106.0315,20.8422],[106.0381,20.8434],[106.037,20.8355],[106.0503,20.8418]]]}},{"type":"Feature","properties":{"gid":"VNM.32.1_1","provZh":"庆和省","name2":"Cam Lâm","type2":"Huyện","engtype2":"District"},"geometry":{"type":"MultiPolygon","coordinates":[[[[109.1997,12.0199],[109.2186,12.0286],[109.1998,12.0711],[109.1947,12.1092],[109.1966,12.1176],[109.2119,12.1229],[109.2141,12.1367],[109.222,12.1426],[109.2132,12.1481],[109.1974,12.1454],[109.1896,12.1508],[109.1812,12.1459],[109.1671,12.1512],[109.1649,12.1484],[109.1596,12.156],[109.1531,12.1548],[109.1336,12.1826],[109.1232,12.1872],[109.1145,12.2031],[109.1181,12.2139],[109.1077,12.2089],[109.1055,12.2013],[109.093,12.2031],[109.0869,12.1953],[109.0723,12.2048],[109.0735,12.2084],[109.0625,12.1986],[109.0594,12.206],[109.0544,12.2018],[109.0549,12.1906],[109.0237,12.1786],[109.0166,12.1862],[109.0078,12.1849],[108.999,12.18],[108.9961,12.167],[108.9748,12.1766],[108.9733,12.1633],[108.9646,12.1583],[108.9683,12.1507],[108.9621,12.1425],[108.961,12.1279],[108.9451,12.1171],[108.9396,12.105],[108.9435,12.076],[108.9519,12.0714],[108.9775,12.071],[109.007,12.0465],[108.9922,12.0346],[108.9953,12.0276],[109.0016,12.0286],[109.0014,12.0153],[109.0095,12.0073],[109.0019,11.9923],[109.0075,11.9832],[109.006,11.9609],[109.0505,11.9501],[109.0617,11.9362],[109.0718,11.9497],[109.102,11.9596],[109.1106,11.9723],[109.1217,11.9674],[109.129,11.9567],[109.1426,11.9745],[109.1433,12.0055],[109.1711,12.0165],[109.1997,12.0199]]],[[[109.3259,12.0369],[109.3259,12.0465],[109.3214,12.0391],[109.325,12.0339],[109.3259,12.0369]]]]}},{"type":"Feature","properties":{"gid":"VNM.32.2_1","provZh":"庆和省","name2":"Cam Ranh","type2":"Thành phố","engtype2":"City"},"geometry":{"type":"MultiPolygon","coordinates":[[[[109.2224,11.7764],[109.2223,11.783],[109.2133,11.7861],[109.2164,11.7745],[109.2223,11.7722],[109.2224,11.7764]]],[[[109.242,11.9881],[109.2186,12.0286],[109.1433,12.0055],[109.1426,11.9745],[109.129,11.9567],[109.1217,11.9674],[109.1106,11.9723],[109.102,11.9596],[109.0718,11.9497],[109.0617,11.9362],[109.0505,11.9501],[109.006,11.9609],[109.001,11.9496],[109.001,11.9298],[109.0195,11.9111],[109.0349,11.9103],[109.0472,11.8989],[109.0582,11.8614],[109.0757,11.8351],[109.1082,11.8052],[109.1952,11.8112],[109.1819,11.8166],[109.1849,11.8304],[109.1776,11.8434],[109.1902,11.8701],[109.2128,11.8825],[109.2212,11.8781],[109.2318,11.8808],[109.24,11.8749],[109.2412,11.8646],[109.2493,11.8632],[109.2489,11.8523],[109.2548,11.8645],[109.2715,11.8621],[109.2808,11.8768],[109.2778,11.883],[109.2722,11.8823],[109.2752,11.8881],[109.2709,11.8877],[109.2625,11.9019],[109.2583,11.9237],[109.2654,11.9356],[109.2744,11.9353],[109.2841,11.9542],[109.2739,11.9519],[109.2701,11.9749],[109.2599,11.979],[109.2546,11.9755],[109.242,11.9881]]],[[[109.232,11.8417],[109.2214,11.8518],[109.2249,11.8354],[109.2357,11.8281],[109.2401,11.8352],[109.2497,11.8332],[109.2524,11.8372],[109.2463,11.8431],[109.2465,11.8511],[109.2424,11.8498],[109.2403,11.8388],[109.232,11.8417]]]]}},{"type":"Feature","properties":{"gid":"VNM.32.3_1","provZh":"庆和省","name2":"Diên Khánh","type2":"Huyện","engtype2":"District"},"geometry":{"type":"Polygon","coordinates":[[[109.1077,12.2089],[109.1219,12.2151],[109.1297,12.2277],[109.1262,12.2484],[109.1193,12.2507],[109.1254,12.2547],[109.1246,12.2624],[109.142,12.2682],[109.1336,12.2765],[109.1361,12.283],[109.1325,12.2814],[109.1274,12.2986],[109.1295,12.3199],[109.1153,12.3332],[109.1113,12.3473],[109.0918,12.3618],[109.0939,12.3669],[109.0646,12.3909],[109.0496,12.3735],[109.0446,12.3601],[109.0298,12.357],[109.0152,12.3421],[108.9769,12.3366],[108.9758,12.3525],[108.9673,12.3562],[108.9584,12.3402],[108.9354,12.335],[108.9345,12.3164],[108.9518,12.3137],[108.9435,12.3021],[108.9432,12.2885],[108.9538,12.2934],[108.9568,12.2807],[108.9606,12.2809],[108.9619,12.2645],[108.9578,12.258],[108.9621,12.2428],[108.9552,12.2357],[108.9519,12.2204],[108.9781,12.174],[108.9961,12.167],[108.999,12.18],[109.0078,12.1849],[109.0166,12.1862],[109.0237,12.1786],[109.0549,12.1906],[109.0544,12.2018],[109.0594,12.206],[109.0625,12.1986],[109.0735,12.2084],[109.0723,12.2048],[109.0869,12.1953],[109.093,12.2031],[109.1055,12.2013],[109.1077,12.2089]]]}},{"type":"Feature","properties":{"gid":"VNM.32.4_1","provZh":"庆和省","name2":"Khánh Sơn","type2":"Huyện","engtype2":"District"},"geometry":{"type":"Polygon","coordinates":[[[109.0018,11.9342],[109.0075,11.9832],[109.0019,11.9923],[109.0095,12.0073],[109.0014,12.0153],[109.0016,12.0286],[108.9953,12.0276],[108.9922,12.0346],[109.007,12.0465],[108.9775,12.071],[108.9519,12.0714],[108.9435,12.076],[108.94,12.1023],[108.931,12.0999],[108.9319,12.0906],[108.9265,12.0878],[108.9063,12.0953],[108.9003,12.0922],[108.8965,12.0985],[108.884,12.0978],[108.8798,12.1075],[108.8693,12.1041],[108.86,12.1124],[108.854,12.1106],[108.8416,12.1177],[108.8359,12.1393],[108.8226,12.1368],[108.8136,12.1535],[108.7907,12.1595],[108.7835,12.1249],[108.7927,12.1118],[108.7972,12.0963],[108.7947,12.0878],[108.808,12.0585],[108.7997,12.0445],[108.8192,12.0393],[108.8221,12.0311],[108.8358,12.0224],[108.8551,12.0176],[108.8573,11.9935],[108.8451,11.9801],[108.8478,11.9672],[108.8513,11.9638],[108.8651,11.968],[108.8723,11.9584],[108.8782,11.9617],[108.8933,11.947],[108.9155,11.9523],[108.9261,11.9408],[108.9461,11.9379],[108.9552,11.9258],[108.981,11.9156],[109.0049,11.9239],[109.0018,11.9342]]]}},{"type":"Feature","properties":{"gid":"VNM.32.5_1","provZh":"庆和省","name2":"Khánh Vĩnh","type2":"Huyện","engtype2":"District"},"geometry":{"type":"Polygon","coordinates":[[[108.968,12.1594],[108.9733,12.1633],[108.9748,12.1766],[108.9519,12.2204],[108.9552,12.2357],[108.9621,12.2428],[108.9578,12.258],[108.9619,12.2645],[108.9606,12.2809],[108.9568,12.2807],[108.9538,12.2934],[108.9432,12.2885],[108.9435,12.3021],[108.9518,12.3137],[108.9345,12.3164],[108.9347,12.3337],[108.94,12.3383],[108.9584,12.3402],[108.9673,12.3562],[108.9758,12.3525],[108.9769,12.3366],[109.0152,12.3421],[109.0298,12.357],[109.0446,12.3601],[109.0496,12.3735],[109.0625,12.3844],[109.0634,12.3942],[109.0448,12.406],[109.0229,12.4039],[109.0103,12.4084],[109.0039,12.4064],[109.0032,12.3972],[108.9916,12.4012],[108.9708,12.4273],[108.9454,12.4402],[108.9433,12.4624],[108.9286,12.4684],[108.9215,12.4847],[108.8884,12.4913],[108.8721,12.499],[108.8713,12.5053],[108.8583,12.4921],[108.8784,12.4795],[108.8757,12.4696],[108.8696,12.4669],[108.8703,12.4533],[108.8368,12.463],[108.8143,12.4832],[108.7994,12.4803],[108.7942,12.4975],[108.7786,12.5059],[108.7639,12.4981],[108.7511,12.4976],[108.7484,12.4807],[108.7393,12.4751],[108.7154,12.4843],[108.6999,12.4725],[108.6988,12.4613],[108.6693,12.4227],[108.6797,12.4156],[108.6728,12.4021],[108.6787,12.392],[108.6854,12.3898],[108.6826,12.3801],[108.6893,12.3731],[108.677,12.3483],[108.6854,12.3234],[108.6799,12.3191],[108.6884,12.311],[108.6993,12.3094],[108.7074,12.2998],[108.7009,12.2878],[108.7058,12.2546],[108.6994,12.2451],[108.7218,12.218],[108.7096,12.1894],[108.7191,12.1816],[108.7253,12.1663],[108.7343,12.1585],[108.7634,12.1578],[108.7666,12.153],[108.7764,12.1651],[108.7847,12.1593],[108.8038,12.1584],[108.8136,12.1535],[108.8226,12.1368],[108.8359,12.1393],[108.8416,12.1177],[108.8484,12.1133],[108.86,12.1124],[108.8693,12.1041],[108.8798,12.1075],[108.884,12.0978],[108.8965,12.0985],[108.9003,12.0922],[108.9063,12.0953],[108.9265,12.0878],[108.9319,12.0906],[108.931,12.0999],[108.94,12.1023],[108.9451,12.1171],[108.9585,12.1236],[108.968,12.1594]]]}},{"type":"Feature","properties":{"gid":"VNM.32.6_1","provZh":"庆和省","name2":"Nha Trang","type2":"Thành phố","engtype2":"City"},"geometry":{"type":"MultiPolygon","coordinates":[[[[109.1929,12.1474],[109.2132,12.1481],[109.2236,12.1408],[109.2207,12.1541],[109.1981,12.1662],[109.2079,12.1756],[109.2067,12.1889],[109.2157,12.1976],[109.2156,12.2066],[109.218,12.2041],[109.2169,12.2113],[109.2021,12.2257],[109.1972,12.2543],[109.2003,12.2637],[109.2069,12.2675],[109.2029,12.2746],[109.2076,12.2909],[109.2352,12.2953],[109.2425,12.3054],[109.2128,12.3238],[109.2019,12.3361],[109.2041,12.3429],[109.1978,12.3478],[109.1965,12.3776],[109.1893,12.3798],[109.1792,12.3743],[109.1668,12.3762],[109.1703,12.3589],[109.1576,12.3607],[109.1539,12.3697],[109.129,12.3672],[109.117,12.3579],[109.1191,12.3488],[109.1112,12.3433],[109.1295,12.3199],[109.1274,12.2986],[109.1325,12.2814],[109.1361,12.283],[109.1336,12.2765],[109.142,12.2682],[109.1246,12.2624],[109.1254,12.2547],[109.1199,12.2526],[109.1262,12.2484],[109.1297,12.2277],[109.1145,12.2031],[109.1232,12.1872],[109.1336,12.1826],[109.1531,12.1548],[109.1596,12.156],[109.1649,12.1484],[109.1671,12.1512],[109.1812,12.1459],[109.1896,12.1508],[109.1929,12.1474]]],[[[109.2467,12.1726],[109.2517,12.1697],[109.2452,12.1797],[109.2347,12.1772],[109.2467,12.1726]]],[[[109.3155,12.1658],[109.3032,12.1718],[109.2969,12.167],[109.3134,12.1623],[109.3155,12.1658]]],[[[109.2721,12.1815],[109.2711,12.175],[109.2758,12.1738],[109.2775,12.1805],[109.2721,12.1815]]],[[[109.2325,12.1959],[109.2226,12.1973],[109.2186,12.1888],[109.226,12.1825],[109.2325,12.1959]]],[[[109.2832,12.2274],[109.2658,12.2364],[109.2601,12.2176],[109.2521,12.2249],[109.245,12.2241],[109.245,12.2312],[109.2342,12.2325],[109.2304,12.226],[109.2397,12.2245],[109.2439,12.2095],[109.2696,12.1973],[109.274,12.1872],[109.2846,12.1805],[109.2953,12.1822],[109.2897,12.1953],[109.3021,12.2071],[109.3042,12.2013],[109.2981,12.1977],[109.2988,12.1923],[109.3105,12.1898],[109.3232,12.1941],[109.3156,12.1881],[109.3236,12.1844],[109.3262,12.1907],[109.3356,12.1939],[109.3274,12.2006],[109.3315,12.2174],[109.3286,12.2216],[109.3207,12.2211],[109.3158,12.2269],[109.3123,12.2151],[109.3068,12.2129],[109.2967,12.2303],[109.2832,12.2274]]],[[[109.3624,12.274],[109.3578,12.2721],[109.3597,12.2678],[109.3624,12.274]]],[[[109.2186,12.3609],[109.2103,12.3607],[109.2159,12.3577],[109.2186,12.3609]]]]}},{"type":"Feature","properties":{"gid":"VNM.32.7_1","provZh":"庆和省","name2":"Ninh Hòa","type2":"Thị xã","engtype2":"Town"},"geometry":{"type":"MultiPolygon","coordinates":[[[[109.2385,12.383],[109.2376,12.3949],[109.2266,12.3982],[109.2228,12.3858],[109.2385,12.383]]],[[[109.3738,12.3614],[109.3803,12.3564],[109.3718,12.3697],[109.3683,12.3674],[109.3738,12.3614]]],[[[109.2686,12.4937],[109.2517,12.5067],[109.2389,12.5092],[109.2303,12.5344],[109.2325,12.5632],[109.2365,12.5735],[109.245,12.5742],[109.2435,12.5861],[109.2319,12.5934],[109.2231,12.5864],[109.2198,12.5764],[109.2016,12.5666],[109.1951,12.5727],[109.2018,12.5882],[109.1683,12.5827],[109.1585,12.5866],[109.1523,12.6281],[109.132,12.6392],[109.1155,12.6415],[109.1309,12.666],[109.1085,12.6813],[109.1123,12.6908],[109.105,12.7072],[109.1063,12.7229],[109.0974,12.7267],[109.098,12.732],[109.0855,12.7434],[109.073,12.7461],[109.067,12.7528],[109.0596,12.7439],[109.0391,12.7455],[109.0382,12.7362],[109.0244,12.7357],[109.0133,12.7292],[109.0193,12.7225],[108.9856,12.7034],[108.9891,12.6906],[108.9781,12.6823],[108.9607,12.6848],[108.9427,12.6943],[108.9189,12.6793],[108.9028,12.6764],[108.9017,12.672],[108.9146,12.6608],[108.9113,12.6404],[108.895,12.6242],[108.8749,12.6252],[108.8616,12.6061],[108.864,12.594],[108.8788,12.588],[108.8837,12.5809],[108.8921,12.5803],[108.8931,12.5675],[108.8973,12.5643],[108.8901,12.5452],[108.8733,12.5266],[108.8783,12.5139],[108.873,12.5129],[108.8721,12.499],[108.9215,12.4847],[108.9286,12.4684],[108.9433,12.4624],[108.9454,12.4402],[108.9708,12.4273],[108.9916,12.4012],[109.0032,12.3972],[109.0039,12.4064],[109.0103,12.4084],[109.0229,12.4039],[109.0448,12.406],[109.0939,12.3669],[109.0918,12.3618],[109.1113,12.3473],[109.1112,12.3433],[109.1191,12.3488],[109.117,12.3579],[109.129,12.3672],[109.1539,12.3697],[109.1576,12.3607],[109.1703,12.3589],[109.1668,12.3762],[109.1965,12.3776],[109.2013,12.3889],[109.1983,12.3986],[109.1922,12.3975],[109.1727,12.4078],[109.1717,12.4023],[109.1678,12.4028],[109.1588,12.4116],[109.1601,12.432],[109.1781,12.4555],[109.1976,12.4398],[109.2074,12.4379],[109.2309,12.4118],[109.2369,12.4125],[109.2377,12.4049],[109.2441,12.4035],[109.2453,12.3961],[109.2649,12.3755],[109.2604,12.3718],[109.261,12.3624],[109.2772,12.3585],[109.2847,12.3476],[109.2928,12.3459],[109.3006,12.3549],[109.302,12.38],[109.3079,12.3882],[109.3146,12.3878],[109.3201,12.3772],[109.3284,12.3734],[109.3305,12.3779],[109.3256,12.3844],[109.3373,12.388],[109.3406,12.404],[109.3369,12.4084],[109.3298,12.407],[109.3203,12.4176],[109.3077,12.4161],[109.2987,12.4249],[109.2927,12.4236],[109.2858,12.4447],[109.2961,12.4789],[109.2856,12.4891],[109.2778,12.493],[109.2809,12.4896],[109.2772,12.4858],[109.2686,12.4937]]],[[[109.3605,12.4826],[109.3465,12.4894],[109.3526,12.4773],[109.3605,12.4826]]],[[[109.3034,12.4888],[109.315,12.4971],[109.2943,12.4943],[109.2916,12.4857],[109.3034,12.4888]]]]}},{"type":"Feature","properties":{"gid":"VNM.32.8_1","provZh":"庆和省","name2":"Vạn Ninh","type2":"Huyện","engtype2":"District"},"geometry":{"type":"MultiPolygon","coordinates":[[[[109.3477,12.6262],[109.3426,12.6331],[109.3182,12.6397],[109.3046,12.6301],[109.3029,12.6191],[109.3175,12.6036],[109.3329,12.6082],[109.3396,12.602],[109.3389,12.5895],[109.36,12.5819],[109.3742,12.5667],[109.3847,12.5659],[109.3843,12.5611],[109.3983,12.5497],[109.4084,12.5504],[109.4134,12.5571],[109.3977,12.5713],[109.3974,12.5926],[109.385,12.6051],[109.385,12.6237],[109.3636,12.6324],[109.3561,12.6258],[109.3477,12.6262]]],[[[109.411,12.7005],[109.4047,12.7007],[109.3923,12.7189],[109.3618,12.7867],[109.3589,12.8102],[109.3662,12.8139],[109.3574,12.8186],[109.3598,12.8295],[109.3657,12.8371],[109.3773,12.8367],[109.3884,12.8431],[109.3653,12.8687],[109.3617,12.8597],[109.3491,12.8567],[109.3407,12.8469],[109.3293,12.8482],[109.3193,12.8354],[109.3148,12.8428],[109.3073,12.8389],[109.3001,12.8411],[109.2832,12.8322],[109.2548,12.8381],[109.2279,12.8127],[109.2071,12.8299],[109.1652,12.8257],[109.139,12.7812],[109.1166,12.7981],[109.1071,12.7727],[109.0906,12.7607],[109.0922,12.7508],[109.0855,12.7434],[109.098,12.732],[109.0974,12.7267],[109.1063,12.7229],[109.105,12.7072],[109.1123,12.6908],[109.1085,12.6813],[109.1309,12.666],[109.1155,12.6415],[109.132,12.6392],[109.1523,12.6281],[109.1585,12.5866],[109.1683,12.5827],[109.2035,12.5904],[109.1994,12.6046],[109.2051,12.6169],[109.2012,12.6217],[109.1965,12.6198],[109.1903,12.63],[109.2035,12.6497],[109.2146,12.6488],[109.2105,12.6677],[109.2264,12.6918],[109.2419,12.7025],[109.2562,12.7024],[109.2737,12.7289],[109.2885,12.7383],[109.3045,12.7608],[109.3243,12.764],[109.3317,12.7933],[109.3516,12.7994],[109.3553,12.7862],[109.3531,12.7632],[109.3799,12.713],[109.3697,12.7011],[109.3661,12.6883],[109.3591,12.6878],[109.3573,12.6945],[109.3529,12.692],[109.344,12.6657],[109.3287,12.663],[109.3379,12.6516],[109.3506,12.6627],[109.3641,12.642],[109.3681,12.6467],[109.3647,12.6532],[109.3707,12.658],[109.366,12.6671],[109.3682,12.6725],[109.3933,12.6689],[109.391,12.6796],[109.3965,12.6841],[109.397,12.6774],[109.4071,12.6692],[109.4092,12.6415],[109.4052,12.64],[109.4098,12.6367],[109.391,12.6307],[109.3904,12.6267],[109.3974,12.6071],[109.4146,12.6031],[109.4125,12.5842],[109.4159,12.5769],[109.4279,12.5757],[109.4327,12.5623],[109.4405,12.5701],[109.4354,12.5856],[109.4377,12.5971],[109.4295,12.5964],[109.4356,12.606],[109.4336,12.6122],[109.438,12.6123],[109.4328,12.6241],[109.4369,12.6309],[109.4351,12.6414],[109.4388,12.648],[109.4615,12.648],[109.4572,12.653],[109.46,12.6591],[109.4517,12.6685],[109.4431,12.6639],[109.4404,12.6717],[109.4257,12.6695],[109.4107,12.693],[109.4175,12.7042],[109.411,12.7005]]],[[[109.4016,12.6526],[109.3944,12.6568],[109.393,12.6499],[109.4026,12.6431],[109.4016,12.6526]]],[[[109.3057,12.7239],[109.2959,12.7185],[109.2947,12.7112],[109.3028,12.712],[109.3135,12.7225],[109.3057,12.7239]]],[[[109.3435,12.6417],[109.3483,12.6434],[109.3488,12.6522],[109.3399,12.6508],[109.3435,12.6417]]],[[[109.3725,12.708],[109.3656,12.703],[109.3695,12.7012],[109.3725,12.708]]]]}},{"type":"Feature","properties":{"gid":"VNM.33.1_1","provZh":"坚江省","name2":"An Biên","type2":"Huyện","engtype2":"District"},"geometry":{"type":"Polygon","coordinates":[[[105.1009,9.8936],[105.0932,9.9267],[105.0886,9.9267],[105.081,9.9459],[105.0688,9.9489],[105.0306,9.9288],[104.9579,9.8565],[104.9174,9.8511],[104.915,9.846],[104.9314,9.8059],[104.946,9.7905],[105.092,9.6935],[105.1077,9.7134],[105.1102,9.7386],[105.1282,9.7387],[105.128,9.7607],[105.1398,9.7611],[105.1461,9.7696],[105.146,9.8085],[105.1009,9.8936]]]}},{"type":"Feature","properties":{"gid":"VNM.33.2_1","provZh":"坚江省","name2":"An Minh","type2":"Huyện","engtype2":"District"},"geometry":{"type":"Polygon","coordinates":[[[104.85,9.5232],[104.8812,9.4941],[104.9165,9.5617],[104.9458,9.5328],[104.9631,9.5559],[104.9738,9.5463],[104.9927,9.539],[105.0031,9.5585],[105.0323,9.5407],[105.0363,9.5848],[105.0315,9.5849],[105.0487,9.6946],[105.0672,9.7106],[104.946,9.7905],[104.9314,9.8059],[104.9198,9.8277],[104.9174,9.8511],[104.9134,9.8527],[104.8997,9.8509],[104.8876,9.8306],[104.8765,9.7688],[104.8613,9.7282],[104.8505,9.6812],[104.8355,9.5306],[104.8458,9.5294],[104.85,9.5232]]]}},{"type":"Feature","properties":{"gid":"VNM.33.3_1","provZh":"坚江省","name2":"Châu Thành","type2":"Huyện","engtype2":"District"},"geometry":{"type":"Polygon","coordinates":[[[105.1102,9.872],[105.1383,9.8256],[105.1696,9.8252],[105.1678,9.8386],[105.1794,9.842],[105.1802,9.8526],[105.1863,9.8506],[105.1858,9.8424],[105.1933,9.844],[105.1983,9.8382],[105.2077,9.8544],[105.2234,9.8619],[105.2361,9.8618],[105.2519,9.8746],[105.24,9.8785],[105.2284,9.8927],[105.2338,9.9145],[105.2183,9.9243],[105.2019,9.9261],[105.2177,9.9571],[105.2311,9.9581],[105.2213,9.9685],[105.2259,9.973],[105.212,9.9966],[105.2204,10.0125],[105.2243,10.0432],[105.1527,10.0889],[105.1494,10.0848],[105.1643,10.0745],[105.111,10.0154],[105.1137,10.0104],[105.1062,10.0045],[105.113,9.992],[105.1209,9.9921],[105.1368,9.9759],[105.1296,9.9713],[105.1326,9.9623],[105.1444,9.9637],[105.147,9.9601],[105.1436,9.9499],[105.105,9.9363],[105.1034,9.9306],[105.0932,9.9267],[105.1102,9.872]]]}},{"type":"Feature","properties":{"gid":"VNM.33.5_1","provZh":"坚江省","name2":"Giang Thành","type2":"Huyện","engtype2":"District"},"geometry":{"type":"Polygon","coordinates":[[[104.6188,10.4033],[104.6334,10.3938],[104.6513,10.4201],[104.7001,10.3966],[104.7079,10.4117],[104.7857,10.3678],[104.8191,10.4238],[104.7978,10.466],[104.7784,10.4874],[104.7828,10.5035],[104.7787,10.5184],[104.7528,10.5178],[104.6947,10.5369],[104.6481,10.5396],[104.6464,10.5291],[104.617,10.5273],[104.6024,10.5331],[104.5894,10.5297],[104.5827,10.5042],[104.5594,10.4925],[104.5548,10.4625],[104.5681,10.4629],[104.5733,10.4543],[104.5239,10.3724],[104.5676,10.3431],[104.5869,10.3595],[104.5811,10.3644],[104.6188,10.4033]]]}},{"type":"Feature","properties":{"gid":"VNM.33.4_1","provZh":"坚江省","name2":"Giồng Riềng","type2":"Huyện","engtype2":"District"},"geometry":{"type":"Polygon","coordinates":[[[105.336,9.8257],[105.3503,9.8401],[105.4114,9.8099],[105.4246,9.8131],[105.4249,9.8086],[105.4326,9.8071],[105.4309,9.8162],[105.4615,9.8253],[105.5211,9.8591],[105.5167,9.8631],[105.5396,9.913],[105.3645,10.0734],[105.3403,10.0324],[105.3509,10.0282],[105.3334,9.9921],[105.3172,9.9956],[105.3239,9.9908],[105.3068,9.9888],[105.3075,9.9777],[105.2968,9.9823],[105.2772,9.9567],[105.268,9.9712],[105.2665,9.9679],[105.2509,9.9708],[105.2455,9.9677],[105.2476,9.9734],[105.2224,9.9722],[105.2311,9.9581],[105.2177,9.9571],[105.2019,9.9261],[105.2183,9.9243],[105.2338,9.9145],[105.2284,9.8927],[105.24,9.8785],[105.2519,9.8746],[105.2361,9.8618],[105.2234,9.8619],[105.2066,9.853],[105.2,9.8394],[105.2022,9.8224],[105.2079,9.8142],[105.2062,9.7948],[105.225,9.7953],[105.235,9.8165],[105.2335,9.8245],[105.2437,9.8353],[105.2521,9.8269],[105.2609,9.831],[105.2675,9.8251],[105.2726,9.8369],[105.2755,9.8357],[105.2831,9.8254],[105.2841,9.7983],[105.3304,9.8018],[105.3367,9.807],[105.3393,9.8205],[105.336,9.8257]]]}},{"type":"Feature","properties":{"gid":"VNM.33.6_1","provZh":"坚江省","name2":"Gò Quao","type2":"Huyện","engtype2":"District"},"geometry":{"type":"Polygon","coordinates":[[[105.3448,9.5949],[105.3708,9.5883],[105.3774,9.6155],[105.3902,9.6258],[105.3994,9.622],[105.3996,9.6317],[105.407,9.6437],[105.4012,9.6464],[105.4067,9.6522],[105.3939,9.6603],[105.3714,9.659],[105.3686,9.6635],[105.3731,9.6725],[105.3571,9.6685],[105.3531,9.6762],[105.3403,9.6757],[105.3379,9.6881],[105.328,9.7015],[105.3551,9.7116],[105.3726,9.731],[105.3903,9.7355],[105.3936,9.7448],[105.404,9.7508],[105.4112,9.7486],[105.4141,9.7596],[105.4069,9.7598],[105.4048,9.769],[105.4143,9.7708],[105.4098,9.7717],[105.4114,9.7775],[105.4168,9.7739],[105.4138,9.7788],[105.4193,9.7773],[105.4177,9.7828],[105.4219,9.7784],[105.4225,9.7853],[105.4271,9.7834],[105.4256,9.7869],[105.4373,9.7927],[105.4326,9.8071],[105.4249,9.8086],[105.4246,9.8131],[105.4114,9.8099],[105.3503,9.8401],[105.336,9.8257],[105.3393,9.8205],[105.3344,9.804],[105.2841,9.7983],[105.2831,9.8254],[105.2726,9.8369],[105.2675,9.8251],[105.2609,9.831],[105.2521,9.8269],[105.2437,9.8353],[105.2335,9.8245],[105.235,9.8165],[105.225,9.7953],[105.2062,9.7948],[105.2079,9.8142],[105.2022,9.8224],[105.2,9.8394],[105.1933,9.844],[105.1858,9.8424],[105.1863,9.8506],[105.1822,9.8531],[105.1794,9.842],[105.1678,9.8386],[105.1696,9.8252],[105.1383,9.8256],[105.146,9.8085],[105.1445,9.7778],[105.1487,9.7658],[105.2127,9.7202],[105.2352,9.7219],[105.2467,9.7044],[105.2405,9.6958],[105.2424,9.6873],[105.2574,9.6804],[105.2723,9.683],[105.2748,9.6698],[105.2885,9.6623],[105.2944,9.652],[105.3046,9.6502],[105.3043,9.642],[105.2947,9.6374],[105.2968,9.6302],[105.3033,9.6286],[105.3071,9.6092],[105.3287,9.5993],[105.3419,9.6124],[105.3418,9.6052],[105.3479,9.5994],[105.3448,9.5949]]]}},{"type":"Feature","properties":{"gid":"VNM.33.7_1","provZh":"坚江省","name2":"Hà Tiên","type2":"Thị xã","engtype2":"Town"},"geometry":{"type":"MultiPolygon","coordinates":[[[[104.3212,10.3039],[104.3193,10.3066],[104.3163,10.2999],[104.3212,10.3039]]],[[[104.3253,10.2876],[104.3243,10.2835],[104.3355,10.2856],[104.3253,10.2876]]],[[[104.3277,10.313],[104.3373,10.322],[104.3233,10.3213],[104.3277,10.313]]],[[[104.5644,10.3241],[104.5682,10.3261],[104.5622,10.3301],[104.5676,10.3431],[104.5239,10.3724],[104.5733,10.4543],[104.5681,10.4629],[104.555,10.463],[104.5435,10.4489],[104.5185,10.4408],[104.4986,10.4047],[104.4792,10.4307],[104.4392,10.4231],[104.4528,10.3999],[104.4436,10.384],[104.4432,10.3646],[104.4598,10.3691],[104.4648,10.3766],[104.482,10.3775],[104.5089,10.3491],[104.5279,10.3188],[104.5379,10.315],[104.5491,10.3273],[104.5644,10.3241]]]]}},{"type":"Feature","properties":{"gid":"VNM.33.8_1","provZh":"坚江省","name2":"Hòn Đất","type2":"Huyện","engtype2":"District"},"geometry":{"type":"Polygon","coordinates":[[[105.0002,10.0884],[105.052,10.0371],[105.0808,10.048],[105.0857,10.0596],[105.0765,10.0629],[105.0782,10.0727],[105.098,10.1143],[105.1074,10.1104],[105.1452,10.1951],[105.1654,10.2186],[105.1256,10.2535],[105.0172,10.316],[105.0191,10.3187],[104.8647,10.3556],[104.8279,10.4035],[104.8191,10.4238],[104.7416,10.2936],[104.7416,10.2845],[104.7382,10.2846],[104.7059,10.213],[104.7277,10.2262],[104.7415,10.2275],[104.7735,10.217],[104.7959,10.2028],[104.8222,10.1761],[104.8634,10.1105],[104.8871,10.0883],[104.9028,10.0863],[104.9501,10.0966],[104.9893,10.0988],[105.0002,10.0884]]]}},{"type":"Feature","properties":{"gid":"VNM.33.9_1","provZh":"坚江省","name2":"Kiên Hải","type2":"Huyện","engtype2":"District"},"geometry":{"type":"MultiPolygon","coordinates":[[[[104.3608,9.6696],[104.358,9.6897],[104.3631,9.6959],[104.3554,9.7118],[104.3558,9.6924],[104.3466,9.6854],[104.347,9.6715],[104.3589,9.6593],[104.3608,9.6696]]],[[[104.389,9.7011],[104.3887,9.7084],[104.3833,9.7095],[104.3839,9.6975],[104.389,9.7011]]],[[[104.3629,9.743],[104.3618,9.7359],[104.3669,9.7408],[104.3629,9.743]]],[[[104.3896,9.6558],[104.3896,9.6454],[104.3935,9.6524],[104.3896,9.6558]]],[[[104.4018,9.6331],[104.4074,9.6412],[104.3941,9.6363],[104.4018,9.6331]]],[[[104.4014,9.6677],[104.4065,9.6746],[104.3994,9.6755],[104.395,9.6593],[104.4031,9.6639],[104.4014,9.6677]]],[[[104.3915,9.6895],[104.3875,9.6808],[104.3962,9.6907],[104.3915,9.6895]]],[[[104.6483,9.819],[104.6292,9.8207],[104.6064,9.7972],[104.6289,9.7993],[104.6372,9.7932],[104.6511,9.7973],[104.6585,9.8169],[104.6483,9.819]]],[[[104.8456,9.9677],[104.858,9.9744],[104.8557,9.9777],[104.8286,9.9677],[104.828,9.9559],[104.836,9.9483],[104.8456,9.9677]]]]}},{"type":"Feature","properties":{"gid":"VNM.33.10_1","provZh":"坚江省","name2":"Kiên Lương","type2":"Huyện","engtype2":"District"},"geometry":{"type":"MultiPolygon","coordinates":[[[[104.4985,10.1025],[104.5052,10.1063],[104.5007,10.1123],[104.4985,10.1025]]],[[[104.4972,10.1272],[104.4939,10.1266],[104.4977,10.1237],[104.4972,10.1272]]],[[[104.5535,10.0375],[104.5443,10.0301],[104.5512,10.0143],[104.5597,10.0164],[104.5619,10.0237],[104.5535,10.0375]]],[[[104.5444,10.1345],[104.5404,10.1266],[104.543,10.1224],[104.5444,10.1345]]],[[[104.5209,10.1408],[104.5202,10.1437],[104.5195,10.1384],[104.5232,10.1381],[104.5209,10.1408]]],[[[104.5247,10.1602],[104.5182,10.1508],[104.5205,10.1477],[104.5247,10.1602]]],[[[104.5306,10.1696],[104.535,10.1714],[104.5332,10.1843],[104.5271,10.189],[104.5241,10.1851],[104.5302,10.1786],[104.5306,10.1696]]],[[[104.5747,10.153],[104.5821,10.156],[104.5721,10.1563],[104.5747,10.153]]],[[[104.5379,10.315],[104.5279,10.3188],[104.5324,10.3091],[104.5276,10.3012],[104.5341,10.2868],[104.5308,10.2773],[104.5431,10.2915],[104.5562,10.2873],[104.5721,10.2702],[104.5866,10.244],[104.5928,10.2152],[104.5844,10.211],[104.5877,10.2114],[104.5857,10.2038],[104.5896,10.2059],[104.5916,10.1957],[104.5967,10.1934],[104.5962,10.1886],[104.5896,10.1862],[104.5969,10.1826],[104.6001,10.1699],[104.6047,10.1706],[104.6103,10.1596],[104.5989,10.1471],[104.6009,10.1433],[104.6162,10.148],[104.6449,10.1373],[104.654,10.1593],[104.6792,10.1912],[104.7059,10.213],[104.7382,10.2846],[104.7416,10.2845],[104.7416,10.2936],[104.7857,10.3678],[104.7079,10.4117],[104.7001,10.3966],[104.6513,10.4201],[104.6334,10.3938],[104.6188,10.4033],[104.5811,10.3644],[104.5869,10.3595],[104.5643,10.3402],[104.5675,10.3381],[104.5622,10.3301],[104.5682,10.3261],[104.5491,10.3273],[104.5379,10.315]]]]}},{"type":"Feature","properties":{"gid":"VNM.33.11_1","provZh":"坚江省","name2":"Phú Quốc","type2":"Huyện","engtype2":"District"},"geometry":{"type":"MultiPolygon","coordinates":[[[[103.5111,9.3102],[103.5048,9.3205],[103.4806,9.3207],[103.4625,9.3123],[103.4588,9.3037],[103.4743,9.303],[103.4739,9.2874],[103.4848,9.2864],[103.4961,9.3009],[103.5036,9.2975],[103.5033,9.3073],[103.5111,9.3102]]],[[[103.5301,9.3278],[103.5225,9.3222],[103.5337,9.3157],[103.5349,9.324],[103.5301,9.3278]]],[[[103.5421,9.3322],[103.5419,9.3357],[103.5352,9.3299],[103.543,9.3247],[103.5421,9.3322]]],[[[103.9919,9.91],[103.9948,9.9135],[103.9861,9.913],[103.9919,9.91]]],[[[103.9579,10.2152],[103.9844,10.0993],[103.9907,10.0488],[104.0008,10.0436],[104.0093,10.0107],[104.0193,10.018],[104.0311,10.0106],[104.0383,10.016],[104.0521,10.0052],[104.0304,10.0313],[104.0324,10.0395],[104.0385,10.0406],[104.0348,10.0539],[104.0425,10.0605],[104.0425,10.0688],[104.0281,10.0788],[104.0244,10.0736],[104.0181,10.084],[104.0256,10.0917],[104.0271,10.1077],[104.0362,10.1189],[104.0304,10.1324],[104.0319,10.1405],[104.0434,10.1527],[104.0562,10.2012],[104.0707,10.2151],[104.081,10.2451],[104.0749,10.272],[104.08,10.3075],[104.0729,10.3365],[104.0746,10.3497],[104.0806,10.3544],[104.0791,10.3705],[104.0574,10.4027],[104.0397,10.4161],[104.0305,10.4139],[104.007,10.4476],[103.9951,10.4524],[103.9816,10.4483],[103.9731,10.4399],[103.9673,10.4088],[103.9471,10.4019],[103.9423,10.3819],[103.9285,10.3625],[103.9184,10.3603],[103.8888,10.3701],[103.8377,10.3783],[103.8324,10.3654],[103.8417,10.3574],[103.8611,10.3019],[103.8639,10.3073],[103.8741,10.3068],[103.8886,10.2917],[103.9075,10.2925],[103.9149,10.2885],[103.9301,10.2633],[103.9447,10.249],[103.9579,10.2152]]],[[[104.0975,9.852],[104.0933,9.8498],[104.0943,9.843],[104.0975,9.852]]],[[[104.0222,9.9165],[104.0259,9.918],[104.0214,9.92],[104.0222,9.9165]]],[[[104.0095,9.9107],[104.016,9.9093],[104.0185,9.9139],[104.0102,9.9147],[104.0095,9.9107]]],[[[104.0017,9.923],[103.9957,9.9199],[104.003,9.9149],[104.0017,9.923]]],[[[104.0229,9.9323],[104.018,9.9336],[104.0167,9.9289],[104.0229,9.9323]]],[[[104.0215,9.9512],[104.0233,9.9596],[104.0175,9.968],[104.0098,9.9699],[104.0139,9.9544],[104.0104,9.9486],[104.0226,9.9396],[104.0263,9.9455],[104.0215,9.9512]]],[[[104.0176,9.9772],[104.0268,9.9688],[104.0238,9.9793],[104.0149,9.9847],[104.0176,9.9772]]],[[[104.0132,9.9967],[104.0069,10.001],[104.0092,9.9915],[104.0145,9.9923],[104.0132,9.9967]]],[[[104.0392,9.994],[104.0364,9.9971],[104.0419,9.9905],[104.0392,9.994]]]]}},{"type":"Feature","properties":{"gid":"VNM.33.12_1","provZh":"坚江省","name2":"Rạch Giá","type2":"Thành phố","engtype2":"City"},"geometry":{"type":"Polygon","coordinates":[[[105.116,9.938],[105.1436,9.9499],[105.147,9.9601],[105.1444,9.9637],[105.1326,9.9623],[105.1296,9.9713],[105.1368,9.9759],[105.1209,9.9921],[105.113,9.992],[105.1062,10.0045],[105.1137,10.0104],[105.111,10.0154],[105.1643,10.0745],[105.127,10.1011],[105.098,10.1143],[105.0782,10.0727],[105.0765,10.0629],[105.0857,10.0596],[105.0808,10.048],[105.052,10.0371],[105.0761,10.012],[105.0825,9.9914],[105.1066,9.9495],[105.105,9.9363],[105.116,9.938]]]}},{"type":"Feature","properties":{"gid":"VNM.33.13_1","provZh":"坚江省","name2":"Tân Hiệp","type2":"Huyện","engtype2":"District"},"geometry":{"type":"Polygon","coordinates":[[[105.3075,9.9777],[105.3068,9.9888],[105.3239,9.9908],[105.3172,9.9956],[105.3334,9.9921],[105.3509,10.0282],[105.3403,10.0324],[105.3645,10.0734],[105.3568,10.0825],[105.3531,10.1006],[105.3171,10.1412],[105.3105,10.1348],[105.3033,10.1436],[105.2982,10.1386],[105.2257,10.201],[105.2313,10.2088],[105.2276,10.213],[105.2061,10.1836],[105.1654,10.2186],[105.1452,10.1951],[105.1074,10.1104],[105.1494,10.0848],[105.1527,10.0889],[105.2243,10.0432],[105.2204,10.0125],[105.212,9.9966],[105.2259,9.973],[105.2476,9.9734],[105.2455,9.9677],[105.2509,9.9708],[105.2665,9.9679],[105.268,9.9712],[105.2772,9.9567],[105.2968,9.9823],[105.3075,9.9777]]]}},{"type":"Feature","properties":{"gid":"VNM.33.14_1","provZh":"坚江省","name2":"U Minh Thượng","type2":"Huyện","engtype2":"District"},"geometry":{"type":"Polygon","coordinates":[[[105.0685,9.5185],[105.137,9.4777],[105.1393,9.4923],[105.2018,9.5819],[105.1662,9.6209],[105.1702,9.6318],[105.1883,9.6263],[105.199,9.6505],[105.2201,9.6593],[105.2295,9.6727],[105.2434,9.6732],[105.2471,9.6834],[105.2401,9.6926],[105.2467,9.7044],[105.2352,9.7219],[105.2127,9.7202],[105.1461,9.7696],[105.1398,9.7611],[105.128,9.7607],[105.1282,9.7387],[105.1102,9.7386],[105.1077,9.7134],[105.092,9.6935],[105.0672,9.7106],[105.0558,9.704],[105.0487,9.6946],[105.0493,9.6805],[105.043,9.6663],[105.0306,9.5477],[105.0323,9.5407],[105.0685,9.5185]]]}},{"type":"Feature","properties":{"gid":"VNM.33.15_1","provZh":"坚江省","name2":"Vĩnh Thuận","type2":"Huyện","engtype2":"District"},"geometry":{"type":"Polygon","coordinates":[[[105.2911,9.4563],[105.2988,9.5051],[105.3098,9.5073],[105.3155,9.5025],[105.3158,9.5104],[105.3234,9.517],[105.3199,9.5251],[105.3297,9.5272],[105.3225,9.5454],[105.3243,9.5572],[105.3207,9.5606],[105.3076,9.5563],[105.3126,9.5723],[105.2949,9.5846],[105.2864,9.5998],[105.2863,9.6255],[105.292,9.6367],[105.3043,9.642],[105.3046,9.6502],[105.2944,9.652],[105.2885,9.6623],[105.2748,9.6698],[105.2723,9.683],[105.2471,9.6834],[105.2434,9.6732],[105.2295,9.6727],[105.2201,9.6593],[105.199,9.6505],[105.1924,9.6288],[105.1883,9.6263],[105.1702,9.6318],[105.1662,9.6209],[105.2018,9.5819],[105.1393,9.4923],[105.137,9.4777],[105.2622,9.3993],[105.2781,9.4329],[105.2947,9.4336],[105.2911,9.4563]]]}},{"type":"Feature","properties":{"gid":"VNM.34.1_1","provZh":"昆嵩省","name2":"Đắk Glei","type2":"Huyện","engtype2":"District"},"geometry":{"type":"Polygon","coordinates":[[[107.718,14.9148],[107.7219,14.9249],[107.7186,14.9291],[107.7251,14.9332],[107.7197,14.9369],[107.7233,14.9392],[107.7182,14.9499],[107.74,14.9466],[107.7383,14.9565],[107.7449,14.9525],[107.7529,14.9544],[107.7599,14.9629],[107.7608,14.9738],[107.7658,14.9745],[107.7689,14.966],[107.773,14.9738],[107.7808,14.9731],[107.7867,14.9839],[107.8025,14.9923],[107.8063,15.0073],[107.8306,15.0047],[107.8475,15.0187],[107.8682,15.0204],[107.8829,15.0142],[107.8957,15.0295],[107.9094,15.0089],[107.9065,14.9978],[107.9236,15.0052],[107.9433,15.0062],[107.9494,15.034],[107.9588,15.0386],[107.9531,15.0546],[107.9643,15.0653],[107.976,15.0691],[107.9756,15.0855],[107.9843,15.0879],[107.9934,15.1105],[108.002,15.1193],[107.9983,15.1277],[108.0043,15.1427],[107.9997,15.1562],[107.9878,15.1585],[107.9817,15.1666],[107.9504,15.1751],[107.9486,15.1865],[107.9371,15.1908],[107.9276,15.2096],[107.9146,15.212],[107.9001,15.2055],[107.8916,15.193],[107.8823,15.197],[107.8713,15.2105],[107.8477,15.2067],[107.8292,15.209],[107.8185,15.2164],[107.8089,15.2122],[107.7787,15.218],[107.771,15.2229],[107.7712,15.2297],[107.7557,15.2365],[107.7469,15.2299],[107.7352,15.2305],[107.7338,15.2347],[107.739,15.2374],[107.7271,15.2677],[107.7309,15.3073],[107.7077,15.3034],[107.6931,15.3175],[107.677,15.3433],[107.669,15.3454],[107.6633,15.354],[107.6617,15.3844],[107.6549,15.3972],[107.6317,15.4175],[107.6208,15.4117],[107.6128,15.3939],[107.5954,15.382],[107.6088,15.3673],[107.6048,15.3566],[107.6098,15.3347],[107.6167,15.3304],[107.6254,15.3327],[107.635,15.3192],[107.6309,15.3106],[107.6237,15.3106],[107.6218,15.2953],[107.6149,15.2876],[107.6156,15.2712],[107.6209,15.2656],[107.6195,15.2456],[107.6252,15.2313],[107.6326,15.2304],[107.6206,15.2268],[107.6196,15.2116],[107.6115,15.2118],[107.6021,15.2039],[107.5944,15.2107],[107.5934,15.2037],[107.5833,15.1966],[107.6007,15.1858],[107.6171,15.1548],[107.6271,15.1494],[107.6229,15.1351],[107.6079,15.1328],[107.6229,15.1058],[107.5981,15.087],[107.615,15.0662],[107.6211,15.0509],[107.6145,15.0455],[107.5937,15.051],[107.5852,15.0289],[107.5406,15.0493],[107.5307,15.0409],[107.5194,15.0389],[107.5151,15.0304],[107.5005,15.0216],[107.4907,15.0242],[107.4736,15.0202],[107.4681,15.0079],[107.4778,14.9872],[107.4673,14.9849],[107.4824,14.9706],[107.4792,14.9573],[107.4906,14.9437],[107.4997,14.9429],[107.5059,14.9288],[107.5303,14.928],[107.5329,14.916],[107.5442,14.9055],[107.5619,14.9024],[107.5729,14.8917],[107.5849,14.892],[107.5903,14.8646],[107.6148,14.8706],[107.6228,14.8625],[107.6519,14.8658],[107.6605,14.8567],[107.6675,14.8639],[107.6878,14.8602],[107.6933,14.8672],[107.7067,14.8645],[107.7101,14.8692],[107.703,14.8741],[107.7098,14.8764],[107.718,14.9148]]]}},{"type":"Feature","properties":{"gid":"VNM.34.2_1","provZh":"昆嵩省","name2":"Đắk Hà","type2":"Huyện","engtype2":"District"},"geometry":{"type":"Polygon","coordinates":[[[107.9791,14.4315],[107.9857,14.438],[107.9967,14.4359],[107.9936,14.4473],[108.0068,14.4471],[108.0053,14.4535],[108.012,14.4494],[108.019,14.4536],[108.0314,14.4348],[108.0563,14.4297],[108.0698,14.4161],[108.0811,14.423],[108.0834,14.438],[108.0896,14.4448],[108.0851,14.4507],[108.0884,14.4678],[108.0838,14.4801],[108.0968,14.4849],[108.1095,14.4968],[108.1067,14.5091],[108.1116,14.5332],[108.0951,14.5371],[108.0874,14.5493],[108.0593,14.5638],[108.0664,14.5753],[108.0657,14.5927],[108.0703,14.5985],[108.0629,14.628],[108.0758,14.6356],[108.076,14.6409],[108.0741,14.6625],[108.0604,14.6788],[108.0728,14.6884],[108.0752,14.7147],[108.0892,14.7195],[108.0928,14.7307],[108.1133,14.7501],[108.12,14.7639],[108.126,14.7648],[108.1252,14.7795],[108.1318,14.789],[108.1413,14.7946],[108.1297,14.7962],[108.1263,14.8011],[108.1053,14.7982],[108.0953,14.8243],[108.0628,14.8109],[108.0461,14.8292],[108.0385,14.8285],[108.0336,14.8243],[108.0357,14.8177],[108.0226,14.8144],[108.0157,14.8025],[107.9998,14.7954],[107.9991,14.7843],[108.0054,14.7788],[108.0002,14.7544],[107.9852,14.7506],[107.9791,14.7544],[107.9777,14.7487],[107.9714,14.7468],[107.9673,14.7514],[107.9477,14.7477],[107.9433,14.7406],[107.9131,14.7281],[107.9063,14.7166],[107.9079,14.7115],[107.8928,14.699],[107.8878,14.6826],[107.8737,14.6819],[107.8831,14.6475],[107.8892,14.643],[107.8865,14.6336],[107.8914,14.6189],[107.8968,14.6194],[107.8985,14.6326],[107.9156,14.6289],[107.9104,14.6236],[107.9094,14.6005],[107.8984,14.5853],[107.8882,14.5889],[107.8823,14.585],[107.8814,14.5784],[107.8748,14.575],[107.8787,14.5629],[107.8711,14.5588],[107.8681,14.5476],[107.8626,14.547],[107.8621,14.5012],[107.8734,14.489],[107.8857,14.4871],[107.8891,14.4785],[107.8881,14.4682],[107.8786,14.4594],[107.8796,14.436],[107.8848,14.4262],[107.9143,14.4249],[107.9154,14.4177],[107.924,14.4134],[107.9246,14.404],[107.9486,14.3972],[107.9622,14.4173],[107.9791,14.4315]]]}},{"type":"Feature","properties":{"gid":"VNM.34.3_1","provZh":"昆嵩省","name2":"Đắk Tô","type2":"Huyện","engtype2":"District"},"geometry":{"type":"Polygon","coordinates":[[[107.8627,14.5212],[107.8626,14.547],[107.8681,14.5476],[107.8711,14.5588],[107.8787,14.5629],[107.8757,14.5773],[107.8814,14.5784],[107.8882,14.5889],[107.8984,14.5853],[107.9046,14.5931],[107.9112,14.6093],[107.9104,14.6236],[107.9156,14.6289],[107.8985,14.6326],[107.8968,14.6194],[107.8914,14.6189],[107.8865,14.6336],[107.8892,14.643],[107.8831,14.6475],[107.8737,14.6819],[107.8878,14.6826],[107.8928,14.699],[107.9079,14.7115],[107.9095,14.7239],[107.939,14.7431],[107.9168,14.7661],[107.9023,14.7671],[107.9119,14.7818],[107.9091,14.7949],[107.9141,14.8137],[107.9069,14.8166],[107.892,14.8111],[107.8639,14.7814],[107.816,14.7983],[107.8085,14.84],[107.7937,14.8465],[107.759,14.8284],[107.7547,14.8185],[107.7376,14.8129],[107.7395,14.7907],[107.7241,14.7662],[107.6995,14.7519],[107.7044,14.749],[107.7018,14.7294],[107.7114,14.7178],[107.7112,14.7043],[107.7211,14.6987],[107.7482,14.6569],[107.7374,14.6423],[107.738,14.6352],[107.7469,14.6307],[107.7573,14.6129],[107.7761,14.605],[107.7718,14.5856],[107.795,14.5409],[107.816,14.5464],[107.8266,14.5382],[107.8293,14.5416],[107.8399,14.5371],[107.8503,14.5234],[107.8627,14.5212]]]}},{"type":"Feature","properties":{"gid":"VNM.34.4_1","provZh":"昆嵩省","name2":"Ia H' Drai","type2":"Huyện","engtype2":"District"},"geometry":{"type":"Polygon","coordinates":[[[107.4577,13.9248],[107.4701,13.9346],[107.4703,13.9542],[107.502,13.9708],[107.5124,13.9841],[107.5257,13.9824],[107.5212,14.0135],[107.5417,14.0113],[107.5511,14.0251],[107.5704,14.019],[107.5924,14.0223],[107.6007,14.0292],[107.6015,14.0458],[107.6128,14.0536],[107.614,14.0634],[107.6334,14.0537],[107.65,14.0665],[107.6574,14.085],[107.6485,14.0991],[107.6576,14.1034],[107.6652,14.1376],[107.6584,14.1636],[107.6782,14.1884],[107.6782,14.2],[107.6878,14.2211],[107.6749,14.2233],[107.6703,14.2332],[107.6613,14.238],[107.6635,14.2492],[107.6599,14.2526],[107.6533,14.245],[107.6383,14.247],[107.638,14.2521],[107.6257,14.2469],[107.6128,14.2612],[107.5909,14.261],[107.5841,14.2846],[107.5767,14.29],[107.5771,14.3307],[107.5676,14.3351],[107.5805,14.3623],[107.5675,14.3659],[107.5702,14.3729],[107.564,14.3846],[107.5351,14.3693],[107.5275,14.3799],[107.5296,14.384],[107.5171,14.3935],[107.5112,14.4141],[107.4901,14.4252],[107.489,14.4072],[107.4827,14.4036],[107.4746,14.4085],[107.4605,14.406],[107.4498,14.4185],[107.4406,14.3964],[107.444,14.3958],[107.4401,14.3821],[107.4152,14.3626],[107.4086,14.3634],[107.4084,14.3466],[107.3908,14.325],[107.3912,14.3158],[107.4067,14.2985],[107.4097,14.2647],[107.4002,14.2492],[107.408,14.2355],[107.3974,14.2247],[107.3946,14.2109],[107.388,14.2063],[107.3774,14.1793],[107.3685,14.1798],[107.3587,14.169],[107.363,14.1629],[107.3538,14.1555],[107.3408,14.1323],[107.3347,14.1089],[107.3445,14.107],[107.3672,14.0835],[107.3735,14.0836],[107.3715,14.0701],[107.3647,14.0626],[107.3657,14.0347],[107.3574,14.0279],[107.3579,14.0165],[107.3863,13.9896],[107.3971,13.9933],[107.4071,13.9901],[107.4282,13.9984],[107.4322,13.9938],[107.4439,13.9971],[107.4456,13.9884],[107.4557,13.9795],[107.4532,13.9309],[107.4577,13.9248]]]}},{"type":"Feature","properties":{"gid":"VNM.34.5_1","provZh":"昆嵩省","name2":"Kon Plông","type2":"Huyện","engtype2":"District"},"geometry":{"type":"Polygon","coordinates":[[[108.3859,14.6022],[108.4026,14.5972],[108.4155,14.5708],[108.438,14.5554],[108.4973,14.5437],[108.5282,14.5553],[108.5323,14.5776],[108.5476,14.589],[108.5344,14.6029],[108.527,14.6222],[108.4894,14.6206],[108.481,14.6272],[108.484,14.6424],[108.4917,14.6449],[108.5122,14.6821],[108.5123,14.6866],[108.5044,14.6888],[108.4968,14.6992],[108.5123,14.7114],[108.5275,14.7433],[108.5166,14.773],[108.5024,14.778],[108.4944,14.8001],[108.458,14.79],[108.453,14.8005],[108.4354,14.8056],[108.4296,14.8169],[108.4087,14.8183],[108.3946,14.8267],[108.3768,14.8451],[108.3661,14.8788],[108.3631,14.8823],[108.3511,14.8801],[108.3496,14.897],[108.3378,14.8996],[108.3343,14.9084],[108.3222,14.9113],[108.3188,14.9189],[108.3217,14.9282],[108.3137,14.935],[108.3125,14.9458],[108.284,14.965],[108.2817,14.9777],[108.2692,14.9821],[108.2635,14.9977],[108.2545,15.0058],[108.2503,15.0261],[108.2387,15.032],[108.2116,15.0323],[108.1994,15.0441],[108.1944,15.0404],[108.1918,15.0487],[108.1768,15.0601],[108.1622,15.0611],[108.1463,15.0457],[108.1528,15.0278],[108.1492,15.0222],[108.15,15.0018],[108.1622,14.9738],[108.1492,14.9624],[108.1252,14.9601],[108.1423,14.9374],[108.1525,14.9319],[108.1586,14.9145],[108.1516,14.9071],[108.1393,14.9059],[108.1254,14.8844],[108.1304,14.8761],[108.1402,14.8751],[108.1382,14.8469],[108.1488,14.8363],[108.1371,14.8104],[108.1413,14.7946],[108.1252,14.7795],[108.126,14.7648],[108.1656,14.7457],[108.1972,14.7527],[108.2134,14.7456],[108.228,14.7323],[108.2352,14.7067],[108.2304,14.701],[108.23,14.6835],[108.2426,14.6463],[108.2375,14.6265],[108.2406,14.6093],[108.2266,14.6007],[108.2252,14.5873],[108.2114,14.5701],[108.2115,14.5625],[108.2278,14.5592],[108.2377,14.5645],[108.2361,14.5695],[108.2427,14.5688],[108.24,14.5721],[108.2489,14.5724],[108.2941,14.5549],[108.3322,14.5575],[108.3361,14.5627],[108.3594,14.5656],[108.3582,14.5801],[108.3671,14.5856],[108.3749,14.6009],[108.3826,14.5984],[108.3859,14.6022]]]}},{"type":"Feature","properties":{"gid":"VNM.34.6_1","provZh":"昆嵩省","name2":"Kon Rẫy","type2":"Huyện","engtype2":"District"},"geometry":{"type":"Polygon","coordinates":[[[108.2137,14.5599],[108.2114,14.5701],[108.2252,14.5873],[108.2266,14.6007],[108.2406,14.6093],[108.2375,14.6265],[108.2426,14.6463],[108.23,14.6835],[108.2304,14.701],[108.2352,14.7067],[108.228,14.7323],[108.2134,14.7456],[108.1972,14.7527],[108.1656,14.7457],[108.1473,14.7515],[108.1382,14.7611],[108.12,14.7639],[108.1133,14.7501],[108.0886,14.7251],[108.0892,14.7195],[108.0752,14.7147],[108.0728,14.6884],[108.0604,14.6788],[108.0741,14.6625],[108.076,14.6409],[108.0758,14.6356],[108.0629,14.628],[108.0703,14.5985],[108.0657,14.5927],[108.0664,14.5753],[108.0593,14.5638],[108.0874,14.5493],[108.0951,14.5371],[108.1116,14.5332],[108.1067,14.5091],[108.1095,14.4968],[108.0968,14.4849],[108.0838,14.4801],[108.0884,14.4678],[108.0851,14.4507],[108.0896,14.4448],[108.0834,14.438],[108.0794,14.4055],[108.0826,14.402],[108.0771,14.3901],[108.0842,14.3828],[108.0869,14.3703],[108.0865,14.3412],[108.082,14.3342],[108.1044,14.3376],[108.1046,14.3436],[108.1122,14.3455],[108.1085,14.3535],[108.1155,14.3633],[108.1346,14.3553],[108.1494,14.3603],[108.1422,14.3535],[108.1457,14.3479],[108.1521,14.3485],[108.1517,14.3534],[108.1698,14.3682],[108.1875,14.368],[108.1984,14.3766],[108.203,14.3747],[108.2094,14.3867],[108.2324,14.3893],[108.2431,14.3974],[108.2666,14.3864],[108.2941,14.3902],[108.2966,14.3976],[108.2917,14.4057],[108.2976,14.417],[108.3236,14.4419],[108.3267,14.4577],[108.364,14.4948],[108.3841,14.5237],[108.3715,14.5369],[108.3739,14.5486],[108.3594,14.5656],[108.3361,14.5627],[108.3322,14.5575],[108.2941,14.5549],[108.2634,14.5689],[108.24,14.5721],[108.2427,14.5688],[108.2361,14.5695],[108.2377,14.5645],[108.2278,14.5592],[108.2137,14.5599]]]}},{"type":"Feature","properties":{"gid":"VNM.34.7_1","provZh":"昆嵩省","name2":"Kon Tum","type2":"Thành phố","engtype2":"City"},"geometry":{"type":"Polygon","coordinates":[[[108.0175,14.2494],[108.0397,14.2767],[108.06,14.2655],[108.073,14.3054],[108.0811,14.3136],[108.0889,14.3147],[108.0875,14.3241],[108.078,14.3299],[108.0865,14.3412],[108.0869,14.3703],[108.0842,14.3828],[108.0771,14.3901],[108.0826,14.402],[108.0811,14.423],[108.0686,14.416],[108.0563,14.4297],[108.0314,14.4348],[108.019,14.4536],[108.012,14.4494],[108.0053,14.4535],[108.0068,14.4471],[107.9928,14.4468],[107.9967,14.4359],[107.9857,14.438],[107.9719,14.4281],[107.9486,14.3972],[107.9246,14.404],[107.924,14.4134],[107.9154,14.4177],[107.9143,14.4249],[107.8848,14.4262],[107.8796,14.436],[107.875,14.4246],[107.8691,14.4246],[107.8619,14.3965],[107.8715,14.3907],[107.8709,14.379],[107.8834,14.3568],[107.8737,14.3361],[107.8511,14.3116],[107.8573,14.2999],[107.8501,14.2754],[107.8728,14.2762],[107.8768,14.2824],[107.8971,14.2782],[107.9193,14.2599],[107.9333,14.2409],[107.9494,14.243],[107.9729,14.2372],[107.9894,14.2459],[108.0073,14.2398],[108.0157,14.2425],[108.0175,14.2494]]]}},{"type":"Feature","properties":{"gid":"VNM.34.8_1","provZh":"昆嵩省","name2":"Ngọc Hồi","type2":"Huyện","engtype2":"District"},"geometry":{"type":"Polygon","coordinates":[[[107.5171,14.513],[107.5225,14.5031],[107.5421,14.5094],[107.5536,14.5053],[107.5576,14.5102],[107.5974,14.5191],[107.6101,14.5284],[107.6515,14.532],[107.6594,14.5404],[107.6632,14.5654],[107.6717,14.5702],[107.6751,14.5853],[107.7014,14.5893],[107.717,14.5829],[107.7338,14.5885],[107.7376,14.5958],[107.7476,14.5972],[107.7582,14.614],[107.7499,14.6209],[107.7469,14.6307],[107.738,14.6352],[107.7374,14.6423],[107.7482,14.6569],[107.7211,14.6987],[107.7112,14.7043],[107.7114,14.7178],[107.7011,14.7343],[107.7044,14.749],[107.6995,14.7519],[107.7241,14.7662],[107.7395,14.7907],[107.7376,14.8129],[107.7547,14.8185],[107.7552,14.8253],[107.7753,14.8376],[107.783,14.8594],[107.7789,14.8669],[107.7878,14.8686],[107.7933,14.8752],[107.7947,14.8796],[107.7847,14.8875],[107.7935,14.9075],[107.7779,14.9458],[107.7808,14.9731],[107.773,14.9738],[107.7689,14.966],[107.7658,14.9745],[107.7608,14.9738],[107.7599,14.9629],[107.7529,14.9544],[107.7449,14.9525],[107.7383,14.9565],[107.74,14.9466],[107.7182,14.9499],[107.7233,14.9392],[107.7197,14.9369],[107.7251,14.9332],[107.7186,14.9291],[107.7219,14.9249],[107.7124,14.9015],[107.7098,14.8764],[107.703,14.8741],[107.7101,14.8692],[107.7067,14.8645],[107.6933,14.8672],[107.6878,14.8602],[107.6675,14.8639],[107.6582,14.8568],[107.6519,14.8658],[107.6228,14.8625],[107.6148,14.8706],[107.6057,14.8709],[107.5703,14.852],[107.5619,14.8386],[107.5411,14.826],[107.54,14.8182],[107.5224,14.8137],[107.5243,14.8051],[107.5094,14.7957],[107.5058,14.786],[107.5156,14.7844],[107.5199,14.7757],[107.53,14.7721],[107.5421,14.7501],[107.5386,14.741],[107.5213,14.7279],[107.5231,14.7235],[107.5562,14.7208],[107.5601,14.6943],[107.5496,14.6772],[107.5546,14.6594],[107.5486,14.6595],[107.5596,14.6226],[107.5441,14.6161],[107.5441,14.6068],[107.534,14.5984],[107.5251,14.5981],[107.517,14.5849],[107.522,14.5805],[107.5251,14.5604],[107.5322,14.554],[107.5171,14.513]]]}},{"type":"Feature","properties":{"gid":"VNM.34.9_1","provZh":"昆嵩省","name2":"Sa Thầy","type2":"Huyện","engtype2":"District"},"geometry":{"type":"Polygon","coordinates":[[[107.7897,14.221],[107.7992,14.2198],[107.8069,14.2126],[107.8175,14.2137],[107.8283,14.2329],[107.837,14.2331],[107.8362,14.2672],[107.854,14.2794],[107.8574,14.3048],[107.8511,14.3116],[107.8737,14.3361],[107.8834,14.3568],[107.8709,14.379],[107.8715,14.3907],[107.8619,14.3965],[107.8691,14.4246],[107.875,14.4246],[107.8796,14.436],[107.8786,14.4594],[107.8881,14.4682],[107.8891,14.4785],[107.8857,14.4871],[107.8734,14.489],[107.8621,14.5012],[107.8627,14.5212],[107.8503,14.5234],[107.8399,14.5371],[107.8293,14.5416],[107.8266,14.5382],[107.816,14.5464],[107.795,14.5409],[107.7718,14.5856],[107.7714,14.5944],[107.7773,14.6027],[107.7636,14.6131],[107.7532,14.6117],[107.7452,14.5955],[107.7376,14.5958],[107.7338,14.5885],[107.717,14.5829],[107.7014,14.5893],[107.6751,14.5853],[107.6717,14.5702],[107.6632,14.5654],[107.6594,14.5404],[107.6515,14.532],[107.6101,14.5284],[107.5974,14.5191],[107.5576,14.5102],[107.5536,14.5053],[107.5421,14.5094],[107.5225,14.5031],[107.5152,14.5112],[107.507,14.5084],[107.5141,14.498],[107.5101,14.4961],[107.5014,14.4657],[107.5057,14.4579],[107.4899,14.4235],[107.5112,14.4141],[107.5171,14.3935],[107.5296,14.384],[107.5275,14.3799],[107.5351,14.3693],[107.564,14.3846],[107.5702,14.3729],[107.5675,14.3659],[107.5805,14.3623],[107.5676,14.3351],[107.5771,14.3307],[107.5767,14.29],[107.5841,14.2846],[107.5909,14.261],[107.6128,14.2612],[107.6257,14.2469],[107.638,14.2521],[107.6383,14.247],[107.6533,14.245],[107.6599,14.2526],[107.6635,14.2492],[107.6613,14.238],[107.6775,14.2218],[107.6995,14.2155],[107.7234,14.2157],[107.7601,14.2022],[107.7638,14.2132],[107.7733,14.2191],[107.7785,14.2162],[107.7837,14.2255],[107.7897,14.221]]]}},{"type":"Feature","properties":{"gid":"VNM.34.10_1","provZh":"昆嵩省","name2":"Tu Mơ Rông","type2":"Huyện","engtype2":"District"},"geometry":{"type":"Polygon","coordinates":[[[107.9183,14.7633],[107.939,14.7431],[107.9351,14.738],[107.9477,14.7477],[107.9673,14.7514],[107.9714,14.7468],[107.9777,14.7487],[107.9791,14.7544],[107.9852,14.7506],[108.0002,14.7544],[108.0054,14.7788],[107.9991,14.7843],[107.9998,14.7954],[108.0157,14.8025],[108.0226,14.8144],[108.0357,14.8177],[108.0336,14.8243],[108.0401,14.8292],[108.0461,14.8292],[108.0628,14.8109],[108.0953,14.8243],[108.1053,14.7982],[108.1263,14.8011],[108.1297,14.7962],[108.1413,14.7946],[108.1371,14.8104],[108.1488,14.8363],[108.1382,14.8469],[108.1402,14.8751],[108.1304,14.8761],[108.1254,14.8844],[108.1393,14.9059],[108.1582,14.912],[108.1525,14.9319],[108.1423,14.9374],[108.1252,14.9601],[108.1072,14.9514],[108.0885,14.9514],[108.0871,14.9626],[108.0633,14.9686],[108.0475,14.9921],[108.0173,15.0019],[108.0086,14.9973],[108.0033,15.002],[107.9901,14.9985],[107.9652,15.0207],[107.9588,15.0386],[107.9494,15.034],[107.9433,15.0062],[107.9236,15.0052],[107.9065,14.9978],[107.9094,15.0089],[107.8957,15.0295],[107.8829,15.0142],[107.8682,15.0204],[107.8475,15.0187],[107.8306,15.0047],[107.8063,15.0073],[107.8025,14.9923],[107.7867,14.9839],[107.7808,14.9731],[107.7779,14.9458],[107.7935,14.9075],[107.7847,14.8875],[107.7947,14.8796],[107.7878,14.8686],[107.7789,14.8669],[107.783,14.8594],[107.7753,14.8376],[107.7937,14.8465],[107.8085,14.84],[107.816,14.7983],[107.8639,14.7814],[107.892,14.8111],[107.9069,14.8166],[107.9141,14.8137],[107.9091,14.7949],[107.9119,14.7818],[107.9023,14.7671],[107.9183,14.7633]]]}},{"type":"Feature","properties":{"gid":"VNM.36.1_1","provZh":"莱州省","name2":"Lai Châu","type2":"Thành phố","engtype2":"City"},"geometry":{"type":"Polygon","coordinates":[[[103.4721,22.3703],[103.478,22.3696],[103.4856,22.3417],[103.525,22.356],[103.5168,22.3828],[103.5218,22.3997],[103.5167,22.3939],[103.5112,22.3955],[103.5019,22.4123],[103.4816,22.4307],[103.471,22.4241],[103.4818,22.4157],[103.4817,22.3926],[103.4579,22.4087],[103.437,22.4107],[103.4166,22.4262],[103.413,22.4149],[103.4096,22.4151],[103.4006,22.4214],[103.3892,22.4175],[103.3666,22.4308],[103.354,22.4324],[103.3745,22.3977],[103.4176,22.3615],[103.425,22.3729],[103.4225,22.3875],[103.4366,22.3943],[103.4458,22.386],[103.4571,22.3887],[103.4721,22.3703]]]}},{"type":"Feature","properties":{"gid":"VNM.36.2_1","provZh":"莱州省","name2":"Mường Tè","type2":"Huyện","engtype2":"District"},"geometry":{"type":"Polygon","coordinates":[[[102.75,22.2147],[102.7538,22.2076],[102.7711,22.2122],[102.7828,22.2236],[102.7834,22.2347],[102.7997,22.2457],[102.8155,22.2435],[102.8173,22.2314],[102.8289,22.2155],[102.8472,22.2241],[102.8517,22.2334],[102.859,22.2337],[102.8686,22.2231],[102.8981,22.2276],[102.9028,22.2313],[102.8995,22.2461],[102.8923,22.2578],[102.8746,22.2663],[102.8777,22.2741],[102.9012,22.2834],[102.9035,22.2896],[102.9224,22.294],[102.975,22.2844],[102.9794,22.2909],[102.9874,22.3051],[102.9779,22.3082],[102.9741,22.3224],[102.9879,22.3375],[102.9817,22.3456],[102.9842,22.3519],[102.9741,22.3611],[102.954,22.3649],[102.952,22.3688],[102.9359,22.3603],[102.9309,22.379],[102.9188,22.3921],[102.9131,22.413],[102.9134,22.4277],[102.9222,22.4395],[102.9144,22.4535],[102.9176,22.4647],[102.9287,22.4686],[102.9319,22.4744],[102.9302,22.4841],[102.9235,22.4904],[102.9213,22.5077],[102.9096,22.5109],[102.9074,22.5249],[102.8887,22.5366],[102.8959,22.5459],[102.8776,22.5588],[102.8824,22.5687],[102.8708,22.5759],[102.8779,22.5879],[102.8748,22.5956],[102.8626,22.6007],[102.8629,22.6083],[102.8439,22.6114],[102.8414,22.6192],[102.8249,22.6271],[102.8164,22.6219],[102.7877,22.6264],[102.7811,22.636],[102.7865,22.6435],[102.7641,22.6474],[102.7511,22.6676],[102.7328,22.6677],[102.724,22.6785],[102.7104,22.6813],[102.707,22.6948],[102.6885,22.7045],[102.6556,22.6903],[102.6068,22.733],[102.5986,22.7326],[102.5886,22.7233],[102.5851,22.7069],[102.5686,22.7038],[102.5649,22.7231],[102.5501,22.7353],[102.5492,22.7467],[102.5414,22.7488],[102.5085,22.7782],[102.4816,22.7788],[102.4805,22.7722],[102.4663,22.7695],[102.4532,22.7554],[102.4514,22.7427],[102.4564,22.7326],[102.4439,22.7258],[102.4361,22.7018],[102.4126,22.6858],[102.3931,22.6901],[102.3827,22.6817],[102.4005,22.6464],[102.4163,22.6423],[102.4187,22.6367],[102.4035,22.6335],[102.3715,22.5934],[102.3468,22.5898],[102.3453,22.5831],[102.3546,22.5666],[102.3215,22.5568],[102.3222,22.5432],[102.343,22.5282],[102.3378,22.5222],[102.3485,22.505],[102.3474,22.4895],[102.3573,22.4903],[102.361,22.4771],[102.3846,22.4691],[102.395,22.4588],[102.3908,22.4545],[102.391,22.4406],[102.3965,22.4335],[102.3981,22.4186],[102.3913,22.4217],[102.3889,22.4089],[102.4105,22.3884],[102.4217,22.3862],[102.4263,22.3712],[102.4492,22.3612],[102.4572,22.3501],[102.4562,22.3427],[102.4739,22.3277],[102.4748,22.3206],[102.4911,22.3027],[102.4905,22.2974],[102.5094,22.2793],[102.5147,22.2611],[102.5344,22.2458],[102.5538,22.2435],[102.5629,22.2598],[102.5789,22.2608],[102.6043,22.2397],[102.6186,22.2358],[102.6173,22.2034],[102.6293,22.1877],[102.6368,22.1874],[102.6401,22.1771],[102.6611,22.1749],[102.6697,22.1682],[102.6772,22.1674],[102.6979,22.209],[102.6875,22.2366],[102.6625,22.2535],[102.677,22.2628],[102.6917,22.2465],[102.7017,22.2454],[102.71,22.2381],[102.715,22.2413],[102.7295,22.2381],[102.75,22.2147]]]}},{"type":"Feature","properties":{"gid":"VNM.36.3_1","provZh":"莱州省","name2":"Nậm Nhùn","type2":"Huyện","engtype2":"District"},"geometry":{"type":"Polygon","coordinates":[[[103.0252,22.0541],[103.0386,22.0478],[103.0561,22.0533],[103.0642,22.063],[103.077,22.0575],[103.095,22.0577],[103.0956,22.0656],[103.0897,22.0703],[103.1026,22.1018],[103.1213,22.0954],[103.1333,22.0739],[103.1445,22.0677],[103.1491,22.0677],[103.1507,22.0751],[103.1666,22.0745],[103.1701,22.0815],[103.1922,22.0696],[103.1961,22.0731],[103.1942,22.1085],[103.1756,22.1117],[103.1787,22.1213],[103.1914,22.1288],[103.1929,22.1421],[103.1818,22.1532],[103.1774,22.1743],[103.1666,22.1669],[103.1518,22.1933],[103.1539,22.2138],[103.1611,22.2171],[103.1604,22.2362],[103.1674,22.2574],[103.1596,22.2829],[103.1611,22.3025],[103.1683,22.3097],[103.1635,22.3203],[103.17,22.3253],[103.1679,22.3459],[103.1758,22.3614],[103.1765,22.3782],[103.1881,22.3875],[103.1995,22.412],[103.1936,22.4287],[103.1733,22.4173],[103.1633,22.4186],[103.1568,22.4302],[103.1456,22.4225],[103.1319,22.4234],[103.1291,22.4408],[103.095,22.4696],[103.0784,22.4693],[103.0808,22.4554],[103.0747,22.4485],[103.0571,22.4522],[103.0499,22.4452],[103.0308,22.4425],[103.007,22.4594],[102.9916,22.4632],[102.9932,22.4714],[102.9876,22.4793],[102.9648,22.4781],[102.9568,22.4853],[102.9498,22.4822],[102.936,22.4857],[102.9301,22.4837],[102.9287,22.4686],[102.9176,22.4647],[102.9144,22.4535],[102.9222,22.4395],[102.9134,22.4277],[102.9131,22.413],[102.9188,22.3921],[102.9309,22.379],[102.9359,22.3603],[102.952,22.3688],[102.954,22.3649],[102.9741,22.3611],[102.9842,22.3519],[102.9817,22.3456],[102.9879,22.3375],[102.9741,22.3224],[102.9779,22.3082],[102.9874,22.3051],[102.9794,22.2909],[102.975,22.2844],[102.9224,22.294],[102.9035,22.2896],[102.9012,22.2834],[102.8777,22.2741],[102.8746,22.2663],[102.8923,22.2578],[102.8995,22.2461],[102.9028,22.2313],[102.8981,22.2276],[102.8686,22.2231],[102.859,22.2337],[102.8517,22.2334],[102.8472,22.2241],[102.8289,22.2155],[102.8119,22.2459],[102.7997,22.2457],[102.7882,22.2394],[102.7768,22.2167],[102.7512,22.2065],[102.7476,22.1783],[102.7388,22.1724],[102.737,22.1639],[102.7393,22.146],[102.7435,22.131],[102.7626,22.1163],[102.7678,22.1172],[102.7762,22.1013],[102.7811,22.1008],[102.7754,22.0905],[102.8202,22.0652],[102.8517,22.0661],[102.8632,22.06],[102.8683,22.0781],[102.8967,22.0759],[102.9129,22.0911],[102.9251,22.0912],[102.9241,22.1085],[102.9321,22.1033],[102.936,22.087],[102.9284,22.0767],[102.93,22.0686],[102.944,22.0661],[102.955,22.0558],[102.969,22.0302],[102.9853,22.026],[102.9952,22.0359],[102.9985,22.0515],[103.0252,22.0541]]]}},{"type":"Feature","properties":{"gid":"VNM.36.4_1","provZh":"莱州省","name2":"Phong Thổ","type2":"Huyện","engtype2":"District"},"geometry":{"type":"Polygon","coordinates":[[[103.2891,22.4769],[103.2915,22.4741],[103.3045,22.4902],[103.3241,22.4668],[103.3441,22.4569],[103.354,22.4428],[103.354,22.4324],[103.3666,22.4308],[103.3892,22.4175],[103.4006,22.4214],[103.413,22.4149],[103.4166,22.4262],[103.4275,22.4242],[103.4249,22.4542],[103.4336,22.4597],[103.4274,22.4711],[103.4175,22.4767],[103.4298,22.4801],[103.4367,22.4903],[103.4652,22.4891],[103.5049,22.4644],[103.5104,22.4675],[103.5311,22.4632],[103.5551,22.4708],[103.5768,22.4907],[103.5955,22.5259],[103.5845,22.5312],[103.5809,22.5497],[103.5663,22.5684],[103.5722,22.5787],[103.5479,22.5885],[103.5331,22.5842],[103.5304,22.5948],[103.513,22.6],[103.5052,22.6052],[103.5076,22.6111],[103.4882,22.6194],[103.4849,22.6288],[103.4773,22.6323],[103.477,22.64],[103.4565,22.6583],[103.4556,22.6691],[103.4605,22.6782],[103.44,22.6929],[103.4262,22.7145],[103.4309,22.7245],[103.4277,22.7333],[103.4408,22.7411],[103.4399,22.7533],[103.4203,22.7612],[103.4108,22.7774],[103.3904,22.7814],[103.372,22.7987],[103.3343,22.806],[103.3274,22.8113],[103.3194,22.8076],[103.3198,22.7802],[103.2854,22.7371],[103.288,22.7084],[103.282,22.7011],[103.2837,22.6849],[103.2794,22.6784],[103.2618,22.6698],[103.252,22.6729],[103.2321,22.6589],[103.2269,22.6469],[103.2076,22.6453],[103.1936,22.6494],[103.1849,22.6433],[103.1844,22.6315],[103.1757,22.6308],[103.158,22.5939],[103.1825,22.5583],[103.157,22.5394],[103.1479,22.5445],[103.1385,22.54],[103.133,22.5305],[103.158,22.5159],[103.163,22.504],[103.1695,22.5024],[103.1745,22.4939],[103.1829,22.4998],[103.2082,22.4919],[103.2113,22.4874],[103.2077,22.4806],[103.2154,22.4767],[103.2265,22.4932],[103.2596,22.503],[103.274,22.4993],[103.2808,22.4813],[103.2891,22.4769]]]}},{"type":"Feature","properties":{"gid":"VNM.36.5_1","provZh":"莱州省","name2":"Sìn Hồ","type2":"Huyện","engtype2":"District"},"geometry":{"type":"Polygon","coordinates":[[[103.4686,22.0269],[103.4555,22.0172],[103.4527,22.0088],[103.4751,21.979],[103.4968,21.9698],[103.5012,21.9805],[103.5135,21.9911],[103.5106,22.0103],[103.525,22.0248],[103.5354,22.0276],[103.5402,22.0473],[103.5319,22.0584],[103.5364,22.0793],[103.5491,22.0859],[103.5449,22.1115],[103.5503,22.1263],[103.5654,22.1498],[103.5865,22.1575],[103.5911,22.1652],[103.5799,22.1701],[103.5855,22.1839],[103.558,22.2182],[103.5539,22.2391],[103.5121,22.2673],[103.5154,22.272],[103.5105,22.2812],[103.4957,22.2839],[103.4779,22.298],[103.4818,22.312],[103.4771,22.3167],[103.4507,22.3294],[103.4038,22.3762],[103.3745,22.3977],[103.3441,22.4569],[103.3241,22.4668],[103.3045,22.4902],[103.2915,22.4741],[103.2808,22.4813],[103.2749,22.4986],[103.2596,22.503],[103.2265,22.4932],[103.2154,22.4767],[103.2077,22.4806],[103.2113,22.4874],[103.2082,22.4919],[103.1829,22.4998],[103.1745,22.4939],[103.1695,22.5024],[103.163,22.504],[103.158,22.5159],[103.1355,22.5316],[103.1243,22.5264],[103.1156,22.5145],[103.0989,22.5156],[103.0944,22.5105],[103.083,22.5101],[103.0722,22.4912],[103.0752,22.485],[103.0713,22.4777],[103.0784,22.4693],[103.0993,22.4684],[103.1175,22.453],[103.1291,22.4408],[103.1319,22.4234],[103.1456,22.4225],[103.1568,22.4302],[103.1633,22.4186],[103.1733,22.4173],[103.1936,22.4287],[103.1983,22.4177],[103.1944,22.3978],[103.1765,22.3782],[103.1758,22.3614],[103.1679,22.3459],[103.17,22.3253],[103.1635,22.3203],[103.1683,22.3097],[103.1611,22.3025],[103.1596,22.2829],[103.1674,22.2574],[103.1604,22.2362],[103.1611,22.2171],[103.1539,22.2138],[103.1518,22.1933],[103.1666,22.1669],[103.1774,22.1743],[103.1818,22.1532],[103.1929,22.1421],[103.1914,22.1288],[103.1787,22.1213],[103.1756,22.1117],[103.1942,22.1085],[103.1961,22.0731],[103.1922,22.0696],[103.2111,22.0703],[103.2437,22.0491],[103.2773,22.039],[103.2879,22.0401],[103.2918,22.0498],[103.2734,22.0723],[103.2841,22.0889],[103.2868,22.1081],[103.3075,22.1141],[103.307,22.1263],[103.3328,22.1539],[103.3892,22.1569],[103.3902,22.1451],[103.4041,22.1304],[103.421,22.0729],[103.4346,22.0552],[103.4443,22.0583],[103.4534,22.0539],[103.4686,22.0269]]]}},{"type":"Feature","properties":{"gid":"VNM.36.6_1","provZh":"莱州省","name2":"Tam Đường","type2":"Huyện","engtype2":"District"},"geometry":{"type":"Polygon","coordinates":[[[103.5833,22.175],[103.5799,22.1701],[103.5894,22.1681],[103.6089,22.1809],[103.6103,22.1896],[103.6582,22.208],[103.6738,22.2201],[103.6794,22.2187],[103.6857,22.2241],[103.6837,22.2289],[103.6945,22.2341],[103.6946,22.256],[103.7117,22.2665],[103.7246,22.2658],[103.7451,22.2743],[103.7571,22.2938],[103.7747,22.3015],[103.7716,22.3093],[103.7612,22.3116],[103.7731,22.3264],[103.7692,22.3318],[103.7818,22.3376],[103.7774,22.3424],[103.7795,22.3492],[103.7667,22.3555],[103.7653,22.3903],[103.7466,22.4081],[103.731,22.4154],[103.7152,22.4136],[103.7008,22.4054],[103.6965,22.4085],[103.6758,22.4035],[103.646,22.4045],[103.6263,22.3962],[103.6037,22.4105],[103.6036,22.4244],[103.5883,22.4287],[103.5884,22.4362],[103.5717,22.4473],[103.5687,22.4572],[103.5565,22.4631],[103.5551,22.4708],[103.5311,22.4632],[103.5104,22.4675],[103.5049,22.4644],[103.4652,22.4891],[103.4367,22.4903],[103.4298,22.4801],[103.4175,22.4767],[103.4274,22.4711],[103.4336,22.4597],[103.4249,22.4542],[103.4275,22.4242],[103.4166,22.4262],[103.437,22.4107],[103.4579,22.4087],[103.4817,22.3926],[103.4818,22.4157],[103.471,22.4241],[103.4816,22.4307],[103.5019,22.4123],[103.5112,22.3955],[103.5167,22.3939],[103.5218,22.3997],[103.5168,22.3828],[103.525,22.356],[103.4856,22.3417],[103.478,22.3696],[103.4721,22.3703],[103.4571,22.3887],[103.4458,22.386],[103.4366,22.3943],[103.4225,22.3875],[103.425,22.3729],[103.4176,22.3615],[103.4507,22.3294],[103.4818,22.312],[103.4779,22.298],[103.4957,22.2839],[103.5105,22.2812],[103.5154,22.272],[103.5121,22.2673],[103.5539,22.2391],[103.558,22.2182],[103.5855,22.1839],[103.5833,22.175]]]}},{"type":"Feature","properties":{"gid":"VNM.36.7_1","provZh":"莱州省","name2":"Tân Uyên","type2":"Huyện","engtype2":"District"},"geometry":{"type":"Polygon","coordinates":[[[103.7798,22.051],[103.7993,22.0558],[103.8161,22.0401],[103.8298,22.041],[103.8403,22.0531],[103.8474,22.042],[103.8703,22.0376],[103.879,22.0429],[103.8713,22.0512],[103.8757,22.0553],[103.8996,22.0452],[103.8934,22.0594],[103.9097,22.062],[103.9204,22.0815],[103.9374,22.0803],[103.9443,22.106],[103.9362,22.1225],[103.9381,22.1398],[103.916,22.1437],[103.8879,22.1743],[103.8685,22.1784],[103.8653,22.1827],[103.8724,22.1893],[103.873,22.1992],[103.8572,22.2057],[103.8516,22.2199],[103.8424,22.2259],[103.8428,22.2424],[103.8291,22.26],[103.8282,22.2676],[103.7901,22.3012],[103.7781,22.3032],[103.7571,22.2938],[103.7451,22.2743],[103.7007,22.2612],[103.6919,22.2463],[103.6945,22.2341],[103.6837,22.2289],[103.6857,22.2241],[103.6794,22.2187],[103.6738,22.2201],[103.6582,22.208],[103.6103,22.1896],[103.6089,22.1809],[103.5894,22.1681],[103.5865,22.1575],[103.5654,22.1498],[103.5449,22.1115],[103.5491,22.0859],[103.5364,22.0793],[103.5319,22.0584],[103.5402,22.0473],[103.5354,22.0276],[103.5457,22.0307],[103.5539,22.0238],[103.6076,22.012],[103.6133,22.0016],[103.6341,21.9898],[103.6517,21.9929],[103.6521,21.9853],[103.6617,21.9729],[103.6607,21.9622],[103.67,21.9486],[103.6724,21.9541],[103.6978,21.9674],[103.707,21.9654],[103.7208,21.9767],[103.7281,21.9929],[103.7471,21.9898],[103.7695,22.0219],[103.7683,22.0383],[103.7742,22.0397],[103.7798,22.051]]]}},{"type":"Feature","properties":{"gid":"VNM.36.8_1","provZh":"莱州省","name2":"Than Uyên","type2":"Huyện","engtype2":"District"},"geometry":{"type":"Polygon","coordinates":[[[103.9071,21.8497],[103.8893,21.8652],[103.8882,21.9134],[103.8935,21.9212],[103.9056,21.9211],[103.9196,21.9322],[103.943,21.9177],[103.9606,21.9355],[103.9712,21.9595],[103.985,21.967],[103.9545,21.9999],[103.9654,22.0128],[103.9531,22.0262],[103.9573,22.0489],[103.9411,22.0815],[103.9204,22.0815],[103.9097,22.062],[103.8934,22.0594],[103.8996,22.0452],[103.8757,22.0553],[103.8713,22.0512],[103.879,22.0429],[103.8703,22.0376],[103.8474,22.042],[103.8403,22.0531],[103.8268,22.0402],[103.8138,22.0406],[103.7993,22.0558],[103.7798,22.051],[103.7742,22.0397],[103.7683,22.0383],[103.7695,22.0219],[103.7471,21.9898],[103.7281,21.9929],[103.7208,21.9767],[103.707,21.9654],[103.6978,21.9674],[103.6702,21.9519],[103.6726,21.9466],[103.6887,21.9407],[103.6899,21.9318],[103.6833,21.9207],[103.7039,21.9064],[103.7051,21.8843],[103.7156,21.8856],[103.7163,21.8799],[103.723,21.8788],[103.7061,21.8429],[103.6964,21.8379],[103.6973,21.8245],[103.711,21.8219],[103.7242,21.8063],[103.7417,21.8101],[103.76,21.8079],[103.7544,21.7796],[103.7791,21.7786],[103.7832,21.7629],[103.7902,21.7629],[103.8074,21.737],[103.8141,21.7403],[103.826,21.7351],[103.8332,21.7438],[103.8378,21.7065],[103.8491,21.7012],[103.8534,21.6894],[103.8613,21.6928],[103.8783,21.6859],[103.8824,21.7088],[103.9053,21.6948],[103.9179,21.6968],[103.9228,21.7035],[103.912,21.7164],[103.9176,21.7242],[103.9156,21.7348],[103.9311,21.7436],[103.9383,21.7387],[103.9426,21.7435],[103.9531,21.7409],[103.9515,21.757],[103.9639,21.7558],[103.9669,21.7709],[103.9519,21.7882],[103.9506,21.802],[103.9356,21.8192],[103.9176,21.8292],[103.9202,21.8367],[103.9071,21.8497]]]}},{"type":"Feature","properties":{"gid":"VNM.37.2_1","provZh":"林同省","name2":"Bảo Lâm","type2":"Huyện","engtype2":"District"},"geometry":{"type":"Polygon","coordinates":[[[107.7966,11.3721],[107.9282,11.3592],[107.9098,11.3884],[107.908,11.41],[107.9026,11.4148],[107.8973,11.4113],[107.886,11.4218],[107.8874,11.4291],[107.8765,11.4423],[107.8782,11.4624],[107.8741,11.473],[107.8796,11.473],[107.8868,11.4857],[107.8862,11.5034],[107.8944,11.4997],[107.8984,11.507],[107.9043,11.5067],[107.9069,11.5012],[107.9104,11.5059],[107.9181,11.4999],[107.9172,11.5242],[107.9314,11.5362],[107.927,11.5467],[107.938,11.5466],[107.9385,11.5589],[107.9304,11.563],[107.9446,11.5715],[107.9399,11.5756],[107.9263,11.572],[107.9279,11.5814],[107.9366,11.5898],[107.9333,11.6014],[107.9404,11.6039],[107.934,11.6338],[107.9457,11.6515],[107.9452,11.6635],[107.9675,11.6834],[107.9645,11.7038],[107.9617,11.7137],[107.9505,11.7204],[107.9491,11.7266],[107.9231,11.7316],[107.91,11.7549],[107.9044,11.755],[107.9141,11.7683],[107.9042,11.7725],[107.9072,11.7807],[107.8967,11.792],[107.8987,11.8086],[107.8881,11.821],[107.8905,11.8259],[107.8987,11.8254],[107.8898,11.832],[107.8909,11.844],[107.9012,11.8504],[107.8967,11.8688],[107.8704,11.8744],[107.8418,11.8689],[107.8369,11.8768],[107.8308,11.8773],[107.8231,11.863],[107.8131,11.8676],[107.8087,11.8611],[107.7876,11.8595],[107.7734,11.8489],[107.7346,11.8747],[107.7271,11.8701],[107.7261,11.8757],[107.7328,11.8813],[107.7234,11.898],[107.7338,11.9033],[107.7291,11.9147],[107.7092,11.9224],[107.7019,11.9158],[107.6894,11.92],[107.6736,11.9135],[107.676,11.9024],[107.6717,11.8955],[107.6777,11.8894],[107.6623,11.8869],[107.6598,11.8758],[107.6293,11.8648],[107.6195,11.8391],[107.6054,11.838],[107.5923,11.8259],[107.5783,11.8213],[107.5529,11.792],[107.5438,11.7897],[107.5281,11.7995],[107.5107,11.798],[107.5201,11.7798],[107.4905,11.7386],[107.4903,11.72],[107.4947,11.7136],[107.4894,11.7125],[107.4913,11.7023],[107.4847,11.7056],[107.4974,11.6926],[107.5504,11.6945],[107.5537,11.6884],[107.575,11.685],[107.5834,11.6785],[107.596,11.6792],[107.6087,11.6699],[107.6445,11.6576],[107.6376,11.6473],[107.6563,11.6385],[107.6592,11.609],[107.6739,11.5996],[107.6669,11.5841],[107.6811,11.5445],[107.6941,11.5314],[107.696,11.5014],[107.7091,11.5111],[107.7094,11.5193],[107.7227,11.5227],[107.7276,11.5357],[107.7792,11.5663],[107.7828,11.5789],[107.7758,11.5837],[107.7789,11.597],[107.7747,11.5926],[107.7599,11.5929],[107.7399,11.6228],[107.725,11.6231],[107.7393,11.6444],[107.7385,11.6543],[107.7587,11.6423],[107.7576,11.6366],[107.766,11.6357],[107.7759,11.6124],[107.7883,11.612],[107.7899,11.6063],[107.8065,11.5979],[107.8149,11.6045],[107.822,11.6037],[107.8349,11.5923],[107.8435,11.5961],[107.8442,11.6056],[107.8637,11.6018],[107.8661,11.5924],[107.88,11.603],[107.8924,11.5988],[107.889,11.582],[107.88,11.5751],[107.8834,11.5703],[107.8776,11.5642],[107.8797,11.5569],[107.8699,11.5467],[107.872,11.5411],[107.8668,11.5411],[107.877,11.5361],[107.8805,11.5297],[107.8771,11.5269],[107.8839,11.5206],[107.8816,11.5159],[107.874,11.5089],[107.8692,11.5152],[107.8645,11.5117],[107.8665,11.5082],[107.8588,11.5055],[107.8566,11.5103],[107.8529,11.5033],[107.8423,11.5063],[107.8311,11.5026],[107.8265,11.505],[107.8245,11.5161],[107.8061,11.5204],[107.8014,11.4977],[107.8056,11.4809],[107.8036,11.4658],[107.796,11.4479],[107.7862,11.4385],[107.7748,11.4512],[107.7719,11.4437],[107.7651,11.4478],[107.7412,11.4444],[107.7674,11.4244],[107.7666,11.4156],[107.7809,11.4004],[107.7978,11.3975],[107.7966,11.3721]]]}},{"type":"Feature","properties":{"gid":"VNM.37.1_1","provZh":"林同省","name2":"Bảo Lộc","type2":"Thành phố","engtype2":"City"},"geometry":{"type":"Polygon","coordinates":[[[107.7097,11.5133],[107.696,11.5014],[107.7037,11.4968],[107.7246,11.4477],[107.7412,11.4444],[107.7651,11.4478],[107.7719,11.4437],[107.7748,11.4512],[107.7862,11.4385],[107.796,11.4479],[107.8036,11.4658],[107.8056,11.4809],[107.8014,11.4977],[107.8061,11.5204],[107.8245,11.5161],[107.8265,11.505],[107.8311,11.5026],[107.8423,11.5063],[107.8529,11.5033],[107.8566,11.5103],[107.8588,11.5055],[107.8665,11.5082],[107.8645,11.5117],[107.8692,11.5152],[107.874,11.5089],[107.8816,11.5159],[107.8839,11.5206],[107.8771,11.5269],[107.8805,11.5297],[107.877,11.5361],[107.8668,11.5411],[107.872,11.5411],[107.8699,11.5467],[107.8797,11.5569],[107.8776,11.5642],[107.8834,11.5703],[107.88,11.5751],[107.889,11.582],[107.8924,11.5988],[107.88,11.603],[107.8661,11.5924],[107.8637,11.6018],[107.8442,11.6056],[107.8435,11.5961],[107.8349,11.5923],[107.822,11.6037],[107.8149,11.6045],[107.8065,11.5979],[107.7899,11.6063],[107.7883,11.612],[107.7759,11.6124],[107.766,11.6357],[107.7576,11.6366],[107.7587,11.6423],[107.7385,11.6543],[107.7393,11.6444],[107.725,11.6231],[107.7399,11.6228],[107.7599,11.5929],[107.7747,11.5926],[107.7789,11.597],[107.7758,11.5837],[107.7828,11.5789],[107.7792,11.5663],[107.7276,11.5357],[107.7227,11.5227],[107.7094,11.5193],[107.7097,11.5133]]]}},{"type":"Feature","properties":{"gid":"VNM.37.3_1","provZh":"林同省","name2":"Cát Tiên","type2":"Huyện","engtype2":"District"},"geometry":{"type":"Polygon","coordinates":[[[107.3864,11.522],[107.3865,11.526],[107.4017,11.5298],[107.3965,11.533],[107.4092,11.5486],[107.4063,11.5653],[107.4235,11.5926],[107.4226,11.6002],[107.4349,11.6051],[107.4263,11.6196],[107.4358,11.6265],[107.4373,11.6345],[107.4555,11.6481],[107.4576,11.6686],[107.4634,11.6753],[107.4589,11.6826],[107.466,11.6996],[107.4728,11.6957],[107.4837,11.7059],[107.4913,11.7023],[107.4894,11.7125],[107.4947,11.7136],[107.4903,11.72],[107.4905,11.7386],[107.5201,11.7798],[107.5086,11.8038],[107.4803,11.791],[107.4736,11.7711],[107.4545,11.7576],[107.433,11.766],[107.4171,11.749],[107.4026,11.7553],[107.3974,11.7657],[107.3869,11.773],[107.374,11.7709],[107.3633,11.7612],[107.3567,11.7622],[107.353,11.7527],[107.3266,11.7495],[107.3153,11.7404],[107.3029,11.7402],[107.2965,11.7295],[107.2858,11.7256],[107.2839,11.6983],[107.2785,11.6922],[107.2851,11.6864],[107.278,11.6815],[107.2657,11.6583],[107.2731,11.6503],[107.2701,11.6381],[107.3044,11.6175],[107.3007,11.6067],[107.3067,11.5989],[107.2975,11.5837],[107.3121,11.5716],[107.3099,11.5682],[107.3018,11.5709],[107.3123,11.5534],[107.3327,11.5542],[107.3385,11.5441],[107.3442,11.5431],[107.3476,11.5531],[107.3566,11.559],[107.3575,11.5801],[107.3611,11.5818],[107.3664,11.5732],[107.3611,11.5683],[107.3666,11.5605],[107.3603,11.5551],[107.37,11.5487],[107.3683,11.5585],[107.3728,11.5573],[107.379,11.5426],[107.3762,11.5243],[107.367,11.5179],[107.3738,11.515],[107.3864,11.522]]]}},{"type":"Feature","properties":{"gid":"VNM.37.4_1","provZh":"林同省","name2":"Đạ Huoai","type2":"Huyện","engtype2":"District"},"geometry":{"type":"Polygon","coordinates":[[[107.5762,11.3816],[107.594,11.358],[107.6144,11.3425],[107.6466,11.3382],[107.665,11.3266],[107.684,11.3225],[107.7168,11.3396],[107.7257,11.3684],[107.7253,11.3611],[107.7302,11.3579],[107.7378,11.3667],[107.7929,11.3706],[107.7979,11.3733],[107.7952,11.3859],[107.7992,11.3925],[107.7945,11.3999],[107.7809,11.4004],[107.7666,11.4156],[107.7674,11.4244],[107.7412,11.4444],[107.7246,11.4477],[107.7182,11.456],[107.7037,11.4968],[107.696,11.5014],[107.6941,11.5314],[107.6811,11.5445],[107.6684,11.5809],[107.6509,11.5772],[107.6578,11.5628],[107.6481,11.5628],[107.6411,11.5503],[107.6254,11.5423],[107.6176,11.5266],[107.5852,11.5076],[107.583,11.4968],[107.5441,11.473],[107.5289,11.4679],[107.5148,11.4737],[107.4975,11.4728],[107.4794,11.4573],[107.4823,11.4452],[107.4749,11.4363],[107.4881,11.4272],[107.4852,11.4007],[107.4883,11.3961],[107.4962,11.3965],[107.4991,11.3851],[107.513,11.3846],[107.5189,11.3707],[107.5248,11.3706],[107.5353,11.3553],[107.5438,11.3665],[107.5666,11.3818],[107.5762,11.3816]]]}},{"type":"Feature","properties":{"gid":"VNM.37.7_1","provZh":"林同省","name2":"Đà Lạt","type2":"Thành phố","engtype2":"City"},"geometry":{"type":"Polygon","coordinates":[[[108.5923,11.9043],[108.5807,11.9058],[108.5756,11.9125],[108.5738,11.9269],[108.5644,11.9389],[108.5708,11.9632],[108.5563,11.9751],[108.5441,11.9767],[108.5346,11.9842],[108.5048,11.9863],[108.4917,11.993],[108.4746,11.9888],[108.4636,11.9991],[108.4629,12.0066],[108.4542,12.0081],[108.4414,11.9985],[108.439,11.9914],[108.4072,12.0047],[108.3735,11.9858],[108.3588,11.9937],[108.3487,11.9902],[108.3348,11.9806],[108.3303,11.966],[108.3242,11.9647],[108.3224,11.9398],[108.3152,11.9288],[108.3261,11.9059],[108.3357,11.9087],[108.3407,11.9034],[108.3378,11.8992],[108.3507,11.8903],[108.3665,11.8992],[108.3729,11.8898],[108.3847,11.8904],[108.3889,11.879],[108.4262,11.8536],[108.4457,11.8769],[108.4604,11.8855],[108.4692,11.8738],[108.4856,11.8704],[108.4917,11.8643],[108.4813,11.8578],[108.5075,11.8403],[108.4875,11.8252],[108.5049,11.8107],[108.5202,11.8147],[108.5346,11.8082],[108.5515,11.8321],[108.5927,11.8575],[108.5857,11.8889],[108.5923,11.9043]]]}},{"type":"Feature","properties":{"gid":"VNM.37.5_1","provZh":"林同省","name2":"Đạ Tẻh","type2":"Huyện","engtype2":"District"},"geometry":{"type":"Polygon","coordinates":[[[107.4304,11.4402],[107.4304,11.4249],[107.4423,11.4318],[107.4471,11.428],[107.4437,11.4196],[107.4535,11.42],[107.4537,11.432],[107.4797,11.4389],[107.4826,11.4502],[107.4794,11.4573],[107.495,11.4716],[107.5148,11.4737],[107.5289,11.4679],[107.5441,11.473],[107.583,11.4968],[107.5852,11.5076],[107.6176,11.5266],[107.6254,11.5423],[107.6411,11.5503],[107.6481,11.5628],[107.6578,11.5628],[107.6509,11.5772],[107.6684,11.5809],[107.6676,11.5905],[107.6739,11.5996],[107.6592,11.609],[107.6563,11.6385],[107.6376,11.6473],[107.6445,11.6576],[107.6087,11.6699],[107.596,11.6792],[107.5834,11.6785],[107.575,11.685],[107.5537,11.6884],[107.5504,11.6945],[107.4974,11.6926],[107.4837,11.7059],[107.4767,11.6964],[107.466,11.6996],[107.4589,11.6826],[107.4634,11.6753],[107.4576,11.6686],[107.4555,11.6481],[107.4373,11.6345],[107.4358,11.6265],[107.4263,11.6196],[107.4349,11.6051],[107.4226,11.6002],[107.4235,11.5926],[107.4053,11.5628],[107.4086,11.547],[107.3999,11.5416],[107.3965,11.533],[107.41,11.5282],[107.4121,11.5187],[107.4202,11.5112],[107.4289,11.519],[107.4325,11.5125],[107.4416,11.5165],[107.4416,11.5099],[107.4532,11.5017],[107.4552,11.4917],[107.4722,11.4781],[107.461,11.472],[107.4625,11.4633],[107.4512,11.459],[107.4458,11.4475],[107.4304,11.4402]]]}},{"type":"Feature","properties":{"gid":"VNM.37.8_1","provZh":"林同省","name2":"Đam Rông","type2":"Huyện","engtype2":"District"},"geometry":{"type":"Polygon","coordinates":[[[108.1043,11.8861],[108.0999,11.8758],[108.105,11.8773],[108.1082,11.868],[108.1329,11.8532],[108.1557,11.865],[108.1554,11.8915],[108.164,11.8906],[108.1688,11.9045],[108.1748,11.9058],[108.1655,11.9193],[108.1745,11.9219],[108.1788,11.9289],[108.1773,11.9461],[108.187,11.9701],[108.201,11.9826],[108.2013,11.9945],[108.2165,12.0004],[108.2172,12.012],[108.2428,12.0234],[108.2517,12.0334],[108.2516,12.0473],[108.2674,12.0552],[108.2815,12.0699],[108.305,12.0646],[108.3081,12.0479],[108.3351,12.0201],[108.3339,12.0455],[108.3405,12.0624],[108.3546,12.0634],[108.373,12.0739],[108.3783,12.0845],[108.3776,12.1033],[108.3622,12.1027],[108.362,12.1087],[108.3682,12.1151],[108.3651,12.1202],[108.3812,12.1265],[108.3814,12.1342],[108.3901,12.145],[108.3724,12.1455],[108.3676,12.1636],[108.3475,12.1642],[108.337,12.1757],[108.3222,12.1774],[108.321,12.1844],[108.3445,12.2085],[108.3464,12.2149],[108.3365,12.2211],[108.34,12.2285],[108.3304,12.2304],[108.3211,12.2239],[108.3222,12.2198],[108.3116,12.2184],[108.2965,12.2029],[108.2951,12.2085],[108.2768,12.2141],[108.2726,12.205],[108.2596,12.2003],[108.2604,12.1922],[108.2527,12.1891],[108.2483,12.1786],[108.2542,12.1714],[108.2412,12.1607],[108.2382,12.1758],[108.2305,12.177],[108.228,12.183],[108.2237,12.1722],[108.2168,12.1839],[108.2044,12.1707],[108.1971,12.1774],[108.1849,12.1742],[108.1822,12.1841],[108.1782,12.1857],[108.1724,12.1797],[108.1728,12.1867],[108.1652,12.1968],[108.1231,12.1752],[108.1129,12.1844],[108.113,12.1666],[108.1084,12.1651],[108.1164,12.161],[108.1142,12.1467],[108.1089,12.1499],[108.1057,12.1447],[108.103,12.1486],[108.1015,12.1362],[108.095,12.1437],[108.0905,12.1336],[108.0772,12.1384],[108.0785,12.1328],[108.0704,12.1322],[108.0661,12.138],[108.0563,12.1367],[108.0552,12.1437],[108.051,12.1386],[108.043,12.1386],[108.0343,12.1447],[108.0246,12.1363],[108.0186,12.1412],[108.0201,12.1293],[108.0072,12.1158],[107.9976,12.128],[107.9987,12.1227],[107.989,12.1216],[107.9899,12.1096],[107.9847,12.1104],[107.982,12.1043],[107.9826,12.0795],[107.9716,12.0797],[107.9745,12.0749],[107.9625,12.0673],[107.9641,12.0617],[107.9683,12.0632],[107.9788,12.0528],[107.9855,12.0558],[107.9996,12.0491],[108.0112,12.0522],[108.0129,12.0409],[108.0084,12.0403],[108.0119,12.0314],[108.0064,12.0246],[108.0168,12.0224],[108.0245,12.014],[108.0275,11.9904],[108.0458,11.9766],[108.0497,11.9625],[108.0456,11.9502],[108.0602,11.9429],[108.0689,11.9483],[108.077,11.9321],[108.083,11.9296],[108.0844,11.9112],[108.0924,11.9123],[108.109,11.9046],[108.1115,11.8994],[108.1043,11.8861]]]}},{"type":"Feature","properties":{"gid":"VNM.37.9_1","provZh":"林同省","name2":"Di Linh","type2":"Huyện","engtype2":"District"},"geometry":{"type":"Polygon","coordinates":[[[108.1339,11.2906],[108.1558,11.3006],[108.1876,11.3073],[108.1973,11.3227],[108.2196,11.333],[108.2288,11.3467],[108.2585,11.3624],[108.2772,11.3845],[108.2788,11.3947],[108.3068,11.4136],[108.3024,11.4274],[108.2853,11.4474],[108.273,11.4397],[108.2577,11.4745],[108.2716,11.4877],[108.2655,11.4967],[108.2783,11.5134],[108.3038,11.5193],[108.299,11.5193],[108.2942,11.5286],[108.2761,11.5274],[108.266,11.5408],[108.2553,11.54],[108.2321,11.5548],[108.2281,11.5722],[108.2338,11.5694],[108.2361,11.5731],[108.2282,11.5887],[108.2305,11.5947],[108.2225,11.6028],[108.2343,11.6197],[108.2277,11.6225],[108.2314,11.6314],[108.2144,11.6437],[108.2205,11.6513],[108.2178,11.6601],[108.1965,11.6698],[108.1641,11.6498],[108.1519,11.6517],[108.1486,11.6621],[108.1367,11.6674],[108.11,11.6607],[108.0856,11.6814],[108.0864,11.6943],[108.068,11.7128],[108.0313,11.7078],[108.019,11.7243],[108.0058,11.7268],[107.9997,11.7351],[108.0099,11.7491],[107.9922,11.7582],[107.9898,11.7659],[107.9806,11.7668],[107.9758,11.7786],[107.9689,11.781],[107.9733,11.7961],[107.958,11.8105],[107.9572,11.8188],[107.9491,11.8166],[107.9477,11.8234],[107.9388,11.817],[107.9386,11.8115],[107.9288,11.8114],[107.9238,11.7967],[107.8987,11.8086],[107.8967,11.792],[107.9072,11.7807],[107.9025,11.7765],[107.9053,11.7708],[107.9141,11.7683],[107.9044,11.755],[107.91,11.7549],[107.9231,11.7316],[107.9442,11.7289],[107.9617,11.7137],[107.9675,11.6834],[107.9452,11.6635],[107.9457,11.6515],[107.934,11.6338],[107.9404,11.6039],[107.9333,11.6014],[107.9366,11.5898],[107.9279,11.5814],[107.9263,11.572],[107.9399,11.5756],[107.9446,11.5715],[107.9304,11.563],[107.9385,11.5589],[107.938,11.5466],[107.927,11.5467],[107.9314,11.5362],[107.9172,11.5242],[107.9181,11.4999],[107.9104,11.5059],[107.9069,11.5012],[107.9043,11.5067],[107.8984,11.507],[107.8944,11.4997],[107.8862,11.5034],[107.8868,11.4857],[107.8796,11.473],[107.8741,11.473],[107.8782,11.4624],[107.8765,11.4423],[107.8874,11.4291],[107.8905,11.4155],[107.908,11.41],[107.9098,11.3884],[107.9375,11.3493],[107.9486,11.3466],[107.9582,11.3503],[107.9936,11.3405],[108.0027,11.3321],[108.0293,11.3265],[108.0307,11.2989],[108.0381,11.2814],[108.0441,11.2776],[108.0425,11.2597],[108.0528,11.2456],[108.0463,11.2352],[108.046,11.2151],[108.0575,11.2188],[108.0579,11.2436],[108.088,11.2685],[108.1044,11.2667],[108.1124,11.2771],[108.1161,11.2929],[108.123,11.2805],[108.1339,11.2906]]]}},{"type":"Feature","properties":{"gid":"VNM.37.10_1","provZh":"林同省","name2":"Đơn Dương","type2":"Huyện","engtype2":"District"},"geometry":{"type":"Polygon","coordinates":[[[108.5257,11.6745],[108.5431,11.682],[108.5471,11.6762],[108.5597,11.6762],[108.5674,11.6506],[108.5624,11.6423],[108.5759,11.6395],[108.5973,11.6491],[108.6231,11.6501],[108.6563,11.6664],[108.669,11.6635],[108.6835,11.6767],[108.6926,11.6978],[108.7009,11.6997],[108.6901,11.7347],[108.6672,11.748],[108.6632,11.763],[108.6725,11.784],[108.655,11.7927],[108.6315,11.7955],[108.6195,11.8037],[108.6304,11.8304],[108.6398,11.8304],[108.6529,11.844],[108.6537,11.8944],[108.6638,11.9143],[108.6651,11.9468],[108.6604,11.953],[108.6656,11.9677],[108.6568,11.9714],[108.6399,11.9594],[108.6127,11.9658],[108.597,11.9606],[108.5708,11.9632],[108.5644,11.9389],[108.5738,11.9269],[108.579,11.907],[108.5923,11.9043],[108.5857,11.8889],[108.5927,11.8575],[108.5515,11.8321],[108.5346,11.8082],[108.5202,11.8147],[108.5049,11.8107],[108.4875,11.8252],[108.4803,11.8154],[108.4602,11.8084],[108.4455,11.7969],[108.4263,11.777],[108.4266,11.7451],[108.4236,11.7424],[108.4124,11.7478],[108.4142,11.7415],[108.4047,11.7341],[108.4012,11.7097],[108.3922,11.6944],[108.3991,11.6844],[108.4181,11.6795],[108.4223,11.6637],[108.4305,11.658],[108.4465,11.6628],[108.4851,11.652],[108.5095,11.6725],[108.5257,11.6745]]]}},{"type":"Feature","properties":{"gid":"VNM.37.6_1","provZh":"林同省","name2":"Đức Trọng","type2":"Huyện","engtype2":"District"},"geometry":{"type":"Polygon","coordinates":[[[108.3516,11.5065],[108.3743,11.5093],[108.3818,11.5244],[108.3958,11.5179],[108.4149,11.5273],[108.426,11.5161],[108.435,11.5136],[108.4665,11.5174],[108.4727,11.5242],[108.4954,11.5297],[108.5167,11.5184],[108.5173,11.5141],[108.5247,11.5135],[108.527,11.5077],[108.5403,11.5053],[108.556,11.515],[108.574,11.5464],[108.5726,11.5514],[108.5827,11.5555],[108.5725,11.5775],[108.5521,11.6014],[108.5532,11.6323],[108.5674,11.6506],[108.5597,11.6762],[108.5471,11.6762],[108.5431,11.682],[108.5208,11.6716],[108.5095,11.6725],[108.4851,11.652],[108.4465,11.6628],[108.4262,11.6592],[108.4181,11.6795],[108.3991,11.6844],[108.3922,11.6944],[108.4012,11.7097],[108.4047,11.7341],[108.4142,11.7415],[108.4124,11.7478],[108.4236,11.7424],[108.4266,11.7451],[108.4263,11.777],[108.4552,11.8048],[108.4803,11.8154],[108.5075,11.8403],[108.4813,11.8578],[108.4906,11.8668],[108.4692,11.8738],[108.4604,11.8855],[108.4294,11.8614],[108.412,11.8302],[108.3903,11.8286],[108.3775,11.8149],[108.3709,11.8145],[108.3476,11.782],[108.3395,11.7886],[108.3313,11.7872],[108.3256,11.7742],[108.3189,11.7712],[108.3198,11.797],[108.3231,11.7982],[108.3032,11.8143],[108.2984,11.8111],[108.2733,11.7756],[108.2734,11.7502],[108.2689,11.7468],[108.2595,11.7495],[108.2446,11.7206],[108.2458,11.7155],[108.2316,11.7114],[108.2421,11.7041],[108.2434,11.694],[108.232,11.6814],[108.2322,11.6598],[108.2183,11.6588],[108.2205,11.6513],[108.2144,11.6437],[108.2314,11.6314],[108.2277,11.6225],[108.2343,11.6197],[108.2225,11.6028],[108.2305,11.5947],[108.2282,11.5887],[108.2361,11.5731],[108.2338,11.5694],[108.2281,11.5722],[108.2321,11.5548],[108.2553,11.54],[108.266,11.5408],[108.2761,11.5274],[108.2942,11.5286],[108.3002,11.5189],[108.3236,11.5314],[108.33,11.5217],[108.3423,11.5297],[108.3516,11.5065]]]}},{"type":"Feature","properties":{"gid":"VNM.37.11_1","provZh":"林同省","name2":"Lạc Dương","type2":"Huyện","engtype2":"District"},"geometry":{"type":"Polygon","coordinates":[[[108.4298,11.9969],[108.439,11.9914],[108.452,12.0069],[108.4616,12.0073],[108.4636,11.9991],[108.4746,11.9888],[108.4917,11.993],[108.5048,11.9863],[108.5346,11.9842],[108.5441,11.9767],[108.5563,11.9751],[108.5677,11.9641],[108.5908,11.9604],[108.6127,11.9658],[108.642,11.9599],[108.6568,11.9714],[108.6656,11.9677],[108.6813,11.9851],[108.6837,11.9991],[108.6797,12.0114],[108.6841,12.0232],[108.6944,12.0409],[108.705,12.0429],[108.7123,12.0613],[108.7088,12.079],[108.703,12.0854],[108.7046,12.0921],[108.6736,12.1213],[108.6932,12.13],[108.6968,12.1393],[108.694,12.1463],[108.7067,12.1547],[108.7215,12.1543],[108.7291,12.1621],[108.717,12.1847],[108.7096,12.1894],[108.7218,12.218],[108.6994,12.2451],[108.7058,12.2546],[108.7009,12.2878],[108.7074,12.2998],[108.6993,12.3094],[108.6884,12.311],[108.6827,12.3181],[108.6664,12.2991],[108.6253,12.29],[108.6193,12.2815],[108.6084,12.2833],[108.5967,12.277],[108.5856,12.2822],[108.5892,12.2882],[108.5793,12.2856],[108.5745,12.2915],[108.5709,12.2897],[108.5696,12.2955],[108.5649,12.2921],[108.5522,12.2958],[108.5501,12.2921],[108.5427,12.2976],[108.5361,12.2908],[108.5381,12.2831],[108.5113,12.2771],[108.5001,12.2836],[108.4927,12.3049],[108.4854,12.305],[108.484,12.3099],[108.4805,12.3056],[108.4836,12.2996],[108.4748,12.3003],[108.472,12.2881],[108.4655,12.2971],[108.4666,12.2837],[108.46,12.2759],[108.4586,12.2831],[108.4506,12.2733],[108.4428,12.2778],[108.4436,12.263],[108.4363,12.2575],[108.4399,12.2506],[108.4294,12.2593],[108.4271,12.2515],[108.413,12.2436],[108.3875,12.2411],[108.3695,12.2543],[108.356,12.2548],[108.342,12.2453],[108.3348,12.2472],[108.333,12.2354],[108.3397,12.234],[108.3411,12.2272],[108.3365,12.2211],[108.3464,12.2149],[108.3423,12.2039],[108.321,12.1844],[108.3222,12.1774],[108.337,12.1757],[108.3475,12.1642],[108.3676,12.1636],[108.3724,12.1455],[108.3888,12.1466],[108.39,12.1406],[108.3814,12.1342],[108.38,12.1254],[108.3651,12.1202],[108.3682,12.1151],[108.362,12.1087],[108.3622,12.1027],[108.3776,12.1033],[108.3791,12.0891],[108.3743,12.0759],[108.3546,12.0634],[108.3405,12.0624],[108.3339,12.0455],[108.3358,12.0205],[108.3204,12.0344],[108.3131,12.0207],[108.3084,12.0252],[108.2952,12.0185],[108.297,12.0074],[108.2914,11.9857],[108.2834,11.9701],[108.277,11.968],[108.2915,11.9514],[108.2915,11.9411],[108.3018,11.9307],[108.3156,11.9257],[108.324,11.9464],[108.3242,11.9647],[108.3303,11.966],[108.3348,11.9806],[108.3487,11.9902],[108.3588,11.9937],[108.3735,11.9858],[108.4072,12.0047],[108.4298,11.9969]]]}},{"type":"Feature","properties":{"gid":"VNM.37.12_1","provZh":"林同省","name2":"Lâm Hà","type2":"Huyện","engtype2":"District"},"geometry":{"type":"Polygon","coordinates":[[[108.1527,11.6574],[108.1519,11.6517],[108.1687,11.6509],[108.1965,11.6698],[108.2202,11.6575],[108.2322,11.6598],[108.232,11.6814],[108.2435,11.6985],[108.2316,11.7114],[108.2458,11.7155],[108.2446,11.7206],[108.2595,11.7495],[108.2689,11.7468],[108.2734,11.7502],[108.2733,11.7756],[108.2852,11.7883],[108.2938,11.807],[108.3032,11.8143],[108.3231,11.7982],[108.3175,11.781],[108.3211,11.7772],[108.3177,11.7728],[108.3225,11.7706],[108.3313,11.7872],[108.3395,11.7886],[108.3476,11.782],[108.3596,11.803],[108.3903,11.8286],[108.412,11.8302],[108.4262,11.8536],[108.3889,11.879],[108.3847,11.8904],[108.3729,11.8898],[108.3665,11.8992],[108.3507,11.8903],[108.3378,11.8992],[108.3407,11.9034],[108.3357,11.9087],[108.3261,11.9059],[108.3187,11.9247],[108.3018,11.9307],[108.2915,11.9411],[108.29,11.9541],[108.2797,11.9612],[108.277,11.968],[108.2834,11.9701],[108.2956,11.9998],[108.2952,12.0185],[108.3084,12.0252],[108.3131,12.0207],[108.3199,12.0323],[108.3037,12.0558],[108.305,12.0646],[108.2815,12.0699],[108.2674,12.0552],[108.2516,12.0473],[108.2517,12.0334],[108.2428,12.0234],[108.2172,12.012],[108.2165,12.0004],[108.2013,11.9945],[108.201,11.9826],[108.187,11.9701],[108.1773,11.9461],[108.1788,11.9289],[108.1745,11.9219],[108.1655,11.9193],[108.1748,11.9058],[108.1688,11.9045],[108.164,11.8906],[108.1554,11.8915],[108.1566,11.8685],[108.1495,11.8592],[108.1329,11.8532],[108.1082,11.868],[108.103,11.8779],[108.0846,11.8603],[108.069,11.8348],[108.0591,11.8385],[108.0224,11.8174],[108.0238,11.8102],[108.0201,11.8124],[108.0172,11.8059],[108.0071,11.8071],[107.9963,11.7996],[107.9857,11.8001],[107.969,11.7827],[107.9758,11.7786],[107.9806,11.7668],[107.9898,11.7659],[107.9922,11.7582],[108.0099,11.7491],[107.9997,11.7351],[108.0058,11.7268],[108.019,11.7243],[108.0284,11.709],[108.068,11.7128],[108.0864,11.6943],[108.0856,11.6814],[108.11,11.6607],[108.1367,11.6674],[108.1527,11.6574]]]}},{"type":"Feature","properties":{"gid":"VNM.35.1_1","provZh":"谅山省","name2":"Bắc Sơn","type2":"Huyện","engtype2":"District"},"geometry":{"type":"Polygon","coordinates":[[[106.343,21.7097],[106.357,21.7292],[106.3731,21.7359],[106.3727,21.7466],[106.3798,21.7546],[106.3848,21.7547],[106.3838,21.7495],[106.4058,21.7601],[106.4085,21.7792],[106.4035,21.7926],[106.4088,21.8104],[106.4046,21.8184],[106.4112,21.8364],[106.4191,21.8383],[106.4097,21.8437],[106.4073,21.8544],[106.4184,21.8685],[106.4075,21.8857],[106.3892,21.8882],[106.3951,21.9128],[106.3867,21.9235],[106.3896,21.9272],[106.3673,21.9337],[106.3605,21.9277],[106.351,21.9282],[106.3372,21.9415],[106.3379,21.95],[106.3322,21.9565],[106.3269,21.9534],[106.3168,21.9626],[106.3061,21.9578],[106.2949,21.9402],[106.2977,21.935],[106.2946,21.9322],[106.2876,21.9346],[106.2801,21.9293],[106.2681,21.9318],[106.2566,21.9446],[106.248,21.9416],[106.2212,21.9491],[106.1995,21.9429],[106.1805,21.9438],[106.1735,21.9258],[106.1745,21.9088],[106.165,21.9135],[106.1559,21.9093],[106.1463,21.9154],[106.1159,21.8951],[106.1174,21.8784],[106.1106,21.8608],[106.1114,21.8504],[106.1175,21.8435],[106.1067,21.8409],[106.1078,21.832],[106.095,21.8202],[106.1077,21.8034],[106.1064,21.7903],[106.1119,21.7816],[106.1371,21.785],[106.1497,21.761],[106.1684,21.7542],[106.1686,21.7498],[106.1824,21.7416],[106.1944,21.7416],[106.1967,21.7354],[106.214,21.7274],[106.225,21.7331],[106.2351,21.7272],[106.2378,21.7159],[106.2328,21.6989],[106.2244,21.6921],[106.2266,21.6816],[106.2187,21.6714],[106.2257,21.6733],[106.2401,21.6665],[106.2586,21.6807],[106.2813,21.6858],[106.3024,21.6973],[106.3157,21.693],[106.3313,21.6965],[106.343,21.7097]]]}},{"type":"Feature","properties":{"gid":"VNM.35.2_1","provZh":"谅山省","name2":"Bình Gia","type2":"Huyện","engtype2":"District"},"geometry":{"type":"Polygon","coordinates":[[[106.3951,21.9128],[106.3892,21.8882],[106.4075,21.8857],[106.4184,21.8685],[106.4295,21.8662],[106.4586,21.8791],[106.458,21.8898],[106.4682,21.8896],[106.4804,21.8999],[106.4875,21.898],[106.4925,21.914],[106.4947,21.911],[106.5046,21.9185],[106.5348,21.9138],[106.5404,21.9233],[106.5345,21.931],[106.536,21.9452],[106.5274,21.9427],[106.5042,21.9507],[106.4944,21.9492],[106.4893,21.9596],[106.4919,21.9728],[106.4818,21.9716],[106.4664,21.9825],[106.4495,21.9772],[106.4419,21.9897],[106.4494,22.013],[106.4349,22.0273],[106.4356,22.0358],[106.4468,22.0415],[106.4387,22.085],[106.4455,22.0984],[106.4591,22.1007],[106.4734,22.1162],[106.471,22.1224],[106.4783,22.1263],[106.4784,22.1338],[106.4913,22.139],[106.4888,22.1505],[106.4794,22.1579],[106.4718,22.1513],[106.4572,22.1506],[106.452,22.1724],[106.4286,22.1941],[106.43,22.1775],[106.4375,22.1751],[106.4271,22.1677],[106.4105,22.1931],[106.4123,22.2123],[106.4066,22.2193],[106.3993,22.2243],[106.3807,22.2249],[106.3743,22.2318],[106.3372,22.2293],[106.3279,22.2376],[106.3147,22.2388],[106.3079,22.259],[106.3021,22.2631],[106.294,22.2521],[106.2774,22.2497],[106.2634,22.2539],[106.2519,22.247],[106.243,22.2485],[106.2375,22.2216],[106.2214,22.2073],[106.2213,22.1971],[106.2339,22.1785],[106.217,22.1665],[106.1965,22.1428],[106.1914,22.1437],[106.181,22.1289],[106.1855,22.1177],[106.1767,22.1103],[106.1687,22.1105],[106.1572,22.0817],[106.1229,22.0854],[106.1142,22.0726],[106.1079,22.0763],[106.1004,22.0717],[106.1028,22.0457],[106.0956,22.0366],[106.1113,22.0135],[106.1074,21.9975],[106.1146,21.9927],[106.1154,21.9785],[106.1123,21.9626],[106.0999,21.9601],[106.0978,21.9542],[106.1118,21.9493],[106.0979,21.9382],[106.1295,21.9237],[106.1297,21.9049],[106.1463,21.9154],[106.1559,21.9093],[106.165,21.9135],[106.1745,21.9088],[106.1735,21.9258],[106.1805,21.9438],[106.1995,21.9429],[106.2212,21.9491],[106.248,21.9416],[106.2566,21.9446],[106.2681,21.9318],[106.2801,21.9293],[106.2876,21.9346],[106.2946,21.9322],[106.2977,21.935],[106.2949,21.9402],[106.3061,21.9578],[106.3168,21.9626],[106.3269,21.9534],[106.3322,21.9565],[106.3379,21.95],[106.3372,21.9415],[106.351,21.9282],[106.3605,21.9277],[106.3673,21.9337],[106.3711,21.9298],[106.38,21.9317],[106.3896,21.9272],[106.3867,21.9235],[106.3951,21.9128]]]}},{"type":"Feature","properties":{"gid":"VNM.35.3_1","provZh":"谅山省","name2":"Cao Lộc","type2":"Huyện","engtype2":"District"},"geometry":{"type":"MultiPolygon","coordinates":[[[[106.8032,21.7854],[106.8093,21.7971],[106.8191,21.7972],[106.823,21.7839],[106.8305,21.7847],[106.8459,21.8021],[106.8462,21.8137],[106.8577,21.8302],[106.8752,21.8479],[106.8944,21.8448],[106.9066,21.8496],[106.9234,21.8484],[106.9425,21.8457],[106.9613,21.836],[106.9794,21.8439],[107.0019,21.8441],[107.018,21.8638],[107.0554,21.8841],[107.0624,21.8933],[107.058,21.9157],[107.0479,21.9301],[107.026,21.9379],[107.0242,21.9447],[107.0004,21.9442],[106.9917,21.9517],[106.9788,21.926],[106.961,21.9192],[106.953,21.9248],[106.9518,21.9314],[106.9297,21.931],[106.9285,21.9419],[106.9218,21.9485],[106.9228,21.966],[106.9151,21.9755],[106.9044,21.9711],[106.8672,21.9831],[106.8505,21.982],[106.847,21.9777],[106.8395,21.9841],[106.8328,21.9818],[106.8324,21.9741],[106.8119,21.9735],[106.8043,21.9771],[106.8041,21.9829],[106.7999,21.9802],[106.7954,21.9923],[106.7881,21.9905],[106.7844,22.004],[106.7693,22.0125],[106.7374,22.0075],[106.7269,21.9815],[106.7156,21.9719],[106.7081,21.9747],[106.7022,21.9625],[106.6932,21.9591],[106.6924,21.9491],[106.6819,21.9533],[106.6741,21.9482],[106.6739,21.9398],[106.6594,21.9395],[106.6567,21.9323],[106.661,21.9331],[106.6604,21.9231],[106.6491,21.9186],[106.6488,21.9012],[106.6401,21.9066],[106.6244,21.8869],[106.6392,21.8804],[106.6528,21.8828],[106.6598,21.8744],[106.6769,21.8682],[106.6877,21.8757],[106.6932,21.8617],[106.707,21.8715],[106.7079,21.8807],[106.7286,21.8873],[106.7395,21.9279],[106.7545,21.9213],[106.7534,21.9155],[106.7686,21.8973],[106.7542,21.8766],[106.7587,21.8755],[106.7685,21.8569],[106.7775,21.8628],[106.7761,21.8572],[106.7821,21.8486],[106.7896,21.8537],[106.7994,21.8458],[106.7994,21.8361],[106.791,21.8294],[106.7998,21.8178],[106.7889,21.817],[106.7809,21.8225],[106.7768,21.8156],[106.7642,21.8159],[106.7607,21.8203],[106.7498,21.817],[106.7446,21.8089],[106.737,21.8073],[106.7345,21.7981],[106.7298,21.7983],[106.7279,21.7848],[106.7536,21.7698],[106.746,21.7616],[106.751,21.7569],[106.7813,21.774],[106.7921,21.7746],[106.8032,21.7854]]],[[[106.7017,21.7916],[106.6979,21.7985],[106.7101,21.8115],[106.7055,21.8155],[106.7137,21.8272],[106.7124,21.8344],[106.6852,21.8356],[106.6805,21.8409],[106.6666,21.8378],[106.6735,21.8267],[106.6407,21.807],[106.6389,21.8016],[106.6359,21.8036],[106.6316,21.7916],[106.6441,21.7755],[106.6407,21.7664],[106.6467,21.7591],[106.638,21.7524],[106.6412,21.7401],[106.6564,21.7445],[106.6621,21.7366],[106.6898,21.7517],[106.7197,21.7814],[106.7017,21.7916]]]]}},{"type":"Feature","properties":{"gid":"VNM.35.4_1","provZh":"谅山省","name2":"Chi Lăng","type2":"Huyện","engtype2":"District"},"geometry":{"type":"Polygon","coordinates":[[[106.5277,21.5504],[106.5275,21.5577],[106.5524,21.5828],[106.5523,21.5894],[106.5708,21.6025],[106.5961,21.5992],[106.6153,21.6078],[106.637,21.6008],[106.6456,21.6065],[106.6564,21.6032],[106.6703,21.6087],[106.7019,21.5937],[106.6992,21.5735],[106.7102,21.5608],[106.7268,21.5552],[106.7342,21.5446],[106.7555,21.541],[106.762,21.5541],[106.7557,21.5615],[106.7566,21.5672],[106.7735,21.5754],[106.7704,21.5938],[106.7798,21.6114],[106.775,21.6203],[106.7776,21.6322],[106.7682,21.6445],[106.7624,21.6431],[106.7524,21.6516],[106.765,21.6671],[106.7563,21.6815],[106.7735,21.6961],[106.7724,21.7048],[106.7837,21.7071],[106.7959,21.7209],[106.8028,21.7159],[106.8064,21.7263],[106.817,21.7307],[106.816,21.7405],[106.828,21.7519],[106.827,21.7689],[106.8325,21.7781],[106.823,21.7839],[106.8226,21.7931],[106.8093,21.7971],[106.7921,21.7746],[106.7813,21.774],[106.751,21.7569],[106.746,21.7616],[106.7536,21.7698],[106.7424,21.7729],[106.7222,21.7892],[106.7221,21.782],[106.6898,21.7517],[106.6621,21.7366],[106.6564,21.7445],[106.6412,21.7401],[106.639,21.7561],[106.6341,21.7573],[106.627,21.7408],[106.6188,21.7373],[106.6058,21.74],[106.5949,21.7326],[106.5912,21.7478],[106.5642,21.7662],[106.5549,21.7651],[106.5552,21.7587],[106.5455,21.7507],[106.5341,21.7555],[106.525,21.7529],[106.5197,21.7434],[106.4899,21.7545],[106.4881,21.7599],[106.4742,21.7482],[106.4578,21.7456],[106.448,21.724],[106.4548,21.7057],[106.4632,21.7047],[106.4653,21.7001],[106.4439,21.6853],[106.4312,21.6912],[106.4314,21.6948],[106.4204,21.6942],[106.4265,21.6758],[106.4198,21.651],[106.4328,21.6238],[106.4398,21.6191],[106.438,21.6102],[106.4489,21.5991],[106.447,21.5698],[106.469,21.5651],[106.474,21.5561],[106.4824,21.5528],[106.4951,21.5591],[106.5043,21.5562],[106.5221,21.5355],[106.5277,21.5504]]]}},{"type":"Feature","properties":{"gid":"VNM.35.5_1","provZh":"谅山省","name2":"Đình Lập","type2":"Huyện","engtype2":"District"},"geometry":{"type":"Polygon","coordinates":[[[107.0241,21.3306],[107.0311,21.3251],[107.05,21.3287],[107.063,21.3483],[107.0787,21.3463],[107.0951,21.3598],[107.097,21.3738],[107.102,21.3769],[107.1269,21.3693],[107.1433,21.3694],[107.1419,21.3663],[107.147,21.3644],[107.1577,21.3683],[107.1699,21.3635],[107.1861,21.3757],[107.2035,21.3789],[107.2166,21.3889],[107.2407,21.3643],[107.2536,21.3665],[107.2648,21.4006],[107.2577,21.4046],[107.2574,21.4172],[107.2419,21.4342],[107.2456,21.4435],[107.2405,21.4471],[107.2384,21.4593],[107.2421,21.4656],[107.2397,21.4729],[107.2464,21.4824],[107.2365,21.4963],[107.2386,21.5063],[107.2339,21.5193],[107.2231,21.5197],[107.2219,21.5258],[107.2111,21.5311],[107.2046,21.5412],[107.2169,21.5524],[107.2324,21.5545],[107.2453,21.5482],[107.2485,21.5577],[107.2598,21.5644],[107.2795,21.5643],[107.2842,21.569],[107.2841,21.5789],[107.2902,21.5818],[107.2956,21.5933],[107.3092,21.596],[107.3137,21.59],[107.3223,21.5941],[107.33,21.5875],[107.3584,21.5951],[107.3623,21.6001],[107.3569,21.6066],[107.3604,21.6167],[107.3541,21.6306],[107.3641,21.6402],[107.3607,21.6639],[107.3452,21.6763],[107.3492,21.681],[107.3446,21.6879],[107.3385,21.6876],[107.335,21.6985],[107.3243,21.7053],[107.32,21.7142],[107.3225,21.725],[107.3142,21.7253],[107.3022,21.7413],[107.296,21.7416],[107.2874,21.7318],[107.2644,21.7288],[107.2512,21.7167],[107.2504,21.7052],[107.2423,21.7024],[107.2379,21.707],[107.2179,21.7081],[107.1967,21.7212],[107.1982,21.7318],[107.1921,21.7363],[107.1851,21.7341],[107.1785,21.7312],[107.1775,21.7237],[107.1602,21.7147],[107.1587,21.6995],[107.1433,21.7024],[107.104,21.6894],[107.1011,21.6744],[107.0918,21.6634],[107.0772,21.6703],[107.0716,21.686],[107.0573,21.6681],[107.0605,21.6603],[107.0529,21.6553],[107.0515,21.6325],[107.04,21.6278],[107.0302,21.6304],[107.0283,21.6395],[107.0163,21.6365],[107.0077,21.6514],[107.004,21.6356],[107.0154,21.6186],[107.0101,21.6056],[107.0203,21.5924],[106.9999,21.5659],[106.9949,21.55],[106.9858,21.5471],[106.9816,21.5351],[106.9719,21.5347],[106.9749,21.523],[106.9551,21.5159],[106.9367,21.5261],[106.9271,21.5188],[106.9151,21.5214],[106.9091,21.5131],[106.9015,21.5113],[106.9029,21.4969],[106.8886,21.4849],[106.9025,21.4704],[106.8912,21.4551],[106.8962,21.4442],[106.9147,21.4297],[106.9289,21.44],[106.9289,21.4257],[106.9456,21.4346],[106.9525,21.4235],[106.9603,21.4253],[106.9688,21.4361],[106.9868,21.4395],[106.991,21.4364],[106.9921,21.4303],[107.0038,21.4215],[106.9922,21.4144],[106.9857,21.4021],[106.9932,21.3771],[106.9883,21.3586],[107.018,21.3448],[107.0241,21.3306]]]}},{"type":"Feature","properties":{"gid":"VNM.35.6_1","provZh":"谅山省","name2":"Hữu Lũng","type2":"Huyện","engtype2":"District"},"geometry":{"type":"Polygon","coordinates":[[[106.3274,21.4477],[106.3333,21.4352],[106.3247,21.4247],[106.3245,21.4097],[106.3407,21.3972],[106.3467,21.401],[106.3511,21.3958],[106.3672,21.399],[106.3784,21.394],[106.3953,21.4053],[106.416,21.4084],[106.4143,21.4174],[106.4048,21.4261],[106.4175,21.4373],[106.4331,21.438],[106.4384,21.4437],[106.4433,21.4365],[106.4658,21.4373],[106.4728,21.4476],[106.4827,21.4487],[106.4944,21.4827],[106.5096,21.4867],[106.5213,21.4996],[106.5071,21.5222],[106.5221,21.5355],[106.5129,21.543],[106.5114,21.5507],[106.4951,21.5591],[106.4824,21.5528],[106.474,21.5561],[106.469,21.5651],[106.447,21.5698],[106.4489,21.5991],[106.438,21.6102],[106.4398,21.6191],[106.4328,21.6238],[106.4198,21.651],[106.4202,21.6634],[106.426,21.6696],[106.4241,21.6891],[106.4212,21.6959],[106.4093,21.6958],[106.3922,21.712],[106.3895,21.7205],[106.3986,21.7279],[106.3907,21.7368],[106.3949,21.7406],[106.3931,21.7521],[106.3838,21.7495],[106.3828,21.7555],[106.3727,21.7466],[106.3731,21.7359],[106.357,21.7292],[106.3313,21.6965],[106.3157,21.693],[106.3024,21.6973],[106.2813,21.6858],[106.2586,21.6807],[106.2401,21.6665],[106.2235,21.6734],[106.21,21.667],[106.2043,21.6555],[106.191,21.6451],[106.1985,21.6326],[106.1947,21.6268],[106.1973,21.6189],[106.1852,21.6043],[106.169,21.5951],[106.1687,21.5124],[106.2239,21.4937],[106.2376,21.4948],[106.245,21.4816],[106.2631,21.4916],[106.2878,21.4913],[106.2824,21.4727],[106.2866,21.4668],[106.283,21.4522],[106.29,21.4559],[106.2882,21.4498],[106.2958,21.443],[106.2988,21.4467],[106.3059,21.4422],[106.3041,21.4483],[106.31,21.4518],[106.316,21.4441],[106.3274,21.4477]]]}},{"type":"Feature","properties":{"gid":"VNM.35.7_1","provZh":"谅山省","name2":"Lạng Sơn","type2":"Thành phố","engtype2":"City"},"geometry":{"type":"Polygon","coordinates":[[[106.7933,21.852],[106.7821,21.8486],[106.7761,21.8572],[106.7775,21.8628],[106.7685,21.8569],[106.7587,21.8755],[106.7557,21.8739],[106.7679,21.9],[106.7534,21.9155],[106.7545,21.9213],[106.7395,21.9279],[106.7286,21.8873],[106.7079,21.8807],[106.707,21.8715],[106.7021,21.8702],[106.7026,21.8614],[106.7151,21.8451],[106.7137,21.8272],[106.7062,21.8206],[106.7101,21.8115],[106.6983,21.7946],[106.7197,21.7814],[106.7222,21.7892],[106.7271,21.7877],[106.7298,21.7983],[106.7345,21.7981],[106.737,21.8073],[106.7446,21.8089],[106.7498,21.817],[106.7607,21.8203],[106.7642,21.8159],[106.7768,21.8156],[106.7809,21.8225],[106.7889,21.817],[106.7991,21.8172],[106.791,21.8294],[106.8011,21.841],[106.7933,21.852]]]}},{"type":"Feature","properties":{"gid":"VNM.35.8_1","provZh":"谅山省","name2":"Lộc Bình","type2":"Huyện","engtype2":"District"},"geometry":{"type":"Polygon","coordinates":[[[106.8503,21.5224],[106.85,21.516],[106.8389,21.5085],[106.8441,21.4937],[106.8513,21.4989],[106.8676,21.4975],[106.8904,21.4895],[106.9029,21.4969],[106.9015,21.5113],[106.9091,21.5131],[106.9151,21.5214],[106.9271,21.5188],[106.9419,21.5263],[106.9551,21.5159],[106.9731,21.5214],[106.9719,21.5347],[106.9816,21.5351],[106.9858,21.5471],[106.9949,21.55],[106.9999,21.5659],[107.0203,21.5924],[107.0101,21.6056],[107.0154,21.6186],[107.004,21.6356],[107.0069,21.6508],[107.0125,21.648],[107.0163,21.6365],[107.0283,21.6395],[107.0302,21.6304],[107.0369,21.6274],[107.0501,21.6311],[107.0539,21.6376],[107.0529,21.6553],[107.0605,21.6603],[107.0561,21.6649],[107.0672,21.6831],[107.0716,21.686],[107.0772,21.6703],[107.0918,21.6634],[107.1011,21.6744],[107.104,21.6894],[107.1433,21.7024],[107.1587,21.6995],[107.1602,21.7147],[107.1775,21.7237],[107.1785,21.7312],[107.1921,21.7363],[107.1901,21.7415],[107.1389,21.7632],[107.1348,21.7749],[107.1255,21.7757],[107.1131,21.7923],[107.1006,21.7933],[107.0832,21.8094],[107.0434,21.8123],[107.0255,21.8193],[107.0191,21.8266],[107.0094,21.8271],[107.0045,21.8326],[107.0044,21.846],[106.9794,21.8439],[106.9613,21.836],[106.9425,21.8457],[106.9234,21.8484],[106.8736,21.8472],[106.8462,21.8137],[106.8459,21.8021],[106.827,21.7832],[106.8325,21.7781],[106.827,21.7689],[106.828,21.7519],[106.816,21.7405],[106.817,21.7307],[106.8064,21.7263],[106.8028,21.7159],[106.7959,21.7209],[106.7837,21.7071],[106.7724,21.7048],[106.7735,21.6961],[106.7563,21.6815],[106.765,21.6671],[106.7525,21.6555],[106.7776,21.6322],[106.775,21.6203],[106.7798,21.6114],[106.7704,21.5938],[106.7752,21.582],[106.7702,21.5714],[106.7865,21.5773],[106.7926,21.566],[106.8072,21.5588],[106.8201,21.5625],[106.8433,21.5597],[106.8506,21.5414],[106.8651,21.5334],[106.8603,21.5227],[106.8537,21.5258],[106.8503,21.5224]]]}},{"type":"Feature","properties":{"gid":"VNM.35.9_1","provZh":"谅山省","name2":"Tràng Định","type2":"Huyện","engtype2":"District"},"geometry":{"type":"Polygon","coordinates":[[[106.4686,22.3624],[106.4526,22.3566],[106.4363,22.3635],[106.4249,22.3586],[106.414,22.3703],[106.396,22.3738],[106.3788,22.3595],[106.3607,22.3575],[106.342,22.3738],[106.3444,22.3918],[106.3325,22.4021],[106.3343,22.4088],[106.329,22.4124],[106.3192,22.4075],[106.3122,22.4106],[106.2961,22.4259],[106.2876,22.4268],[106.277,22.4479],[106.264,22.4535],[106.2592,22.4506],[106.2393,22.4615],[106.2172,22.4524],[106.2006,22.4319],[106.1847,22.3869],[106.1906,22.3765],[106.2089,22.3682],[106.2182,22.3559],[106.2193,22.3472],[106.2056,22.332],[106.1997,22.3125],[106.2114,22.2907],[106.2231,22.2885],[106.2242,22.2827],[106.2351,22.2789],[106.2445,22.2685],[106.2471,22.2569],[106.243,22.2485],[106.2519,22.247],[106.2634,22.2539],[106.2774,22.2497],[106.294,22.2521],[106.3021,22.2631],[106.3079,22.259],[106.3147,22.2388],[106.3279,22.2376],[106.3372,22.2293],[106.3743,22.2318],[106.3807,22.2249],[106.3993,22.2243],[106.4123,22.2123],[106.4095,22.1967],[106.4227,22.1705],[106.4271,22.1677],[106.4375,22.1751],[106.43,22.1775],[106.4286,22.1941],[106.452,22.1724],[106.4572,22.1506],[106.4718,22.1513],[106.4794,22.1579],[106.5001,22.1492],[106.5036,22.1435],[106.519,22.1508],[106.5335,22.1427],[106.5257,22.1633],[106.5314,22.1584],[106.5364,22.1699],[106.5484,22.1747],[106.5849,22.1674],[106.5917,22.1539],[106.6003,22.1499],[106.6026,22.1567],[106.6104,22.1637],[106.6151,22.161],[106.617,22.167],[106.6306,22.1606],[106.6585,22.1817],[106.6625,22.1778],[106.6706,22.1806],[106.6698,22.1859],[106.6801,22.1962],[106.6787,22.2055],[106.6917,22.2045],[106.698,22.2101],[106.703,22.2264],[106.6991,22.225],[106.6938,22.2354],[106.6916,22.2573],[106.6817,22.2639],[106.6895,22.2782],[106.6669,22.2863],[106.668,22.3081],[106.6591,22.3178],[106.6602,22.3341],[106.6352,22.34],[106.6209,22.3329],[106.6136,22.3399],[106.5998,22.338],[106.5882,22.3444],[106.5815,22.3391],[106.5772,22.3466],[106.5714,22.3469],[106.5713,22.3424],[106.5596,22.3489],[106.5618,22.3643],[106.5699,22.3638],[106.5718,22.3696],[106.5827,22.3745],[106.5855,22.3779],[106.5815,22.3831],[106.5861,22.3895],[106.5859,22.3946],[106.5712,22.4039],[106.5607,22.4224],[106.5353,22.4189],[106.5285,22.4128],[106.5324,22.408],[106.5198,22.3975],[106.5039,22.4053],[106.4927,22.4026],[106.4927,22.3945],[106.4835,22.3904],[106.4902,22.3847],[106.4792,22.3794],[106.4891,22.3761],[106.4873,22.3683],[106.4686,22.3624]]]}},{"type":"Feature","properties":{"gid":"VNM.35.10_1","provZh":"谅山省","name2":"Văn Lãng","type2":"Huyện","engtype2":"District"},"geometry":{"type":"Polygon","coordinates":[[[106.6488,21.9012],[106.6491,21.9186],[106.6604,21.9231],[106.661,21.9331],[106.6567,21.9323],[106.6594,21.9395],[106.6712,21.9383],[106.6754,21.9493],[106.6819,21.9533],[106.6924,21.9491],[106.694,21.9538],[106.6956,21.9623],[106.691,21.9658],[106.6946,21.9731],[106.6834,21.9852],[106.6824,22.001],[106.7087,22.0256],[106.6967,22.0515],[106.7065,22.0652],[106.7049,22.0853],[106.713,22.0957],[106.6952,22.1106],[106.6944,22.1331],[106.6881,22.138],[106.6948,22.1431],[106.6955,22.1542],[106.7046,22.1555],[106.7046,22.1616],[106.6852,22.1641],[106.6726,22.1823],[106.6625,22.1778],[106.6585,22.1817],[106.6306,22.1606],[106.617,22.167],[106.6151,22.161],[106.6104,22.1637],[106.6026,22.1567],[106.6003,22.1499],[106.5917,22.1539],[106.5849,22.1674],[106.5484,22.1747],[106.5364,22.1699],[106.5314,22.1584],[106.5257,22.1633],[106.5335,22.1427],[106.519,22.1508],[106.5036,22.1435],[106.4851,22.1559],[106.4913,22.139],[106.4784,22.1338],[106.4783,22.1263],[106.471,22.1224],[106.4734,22.1162],[106.4591,22.1007],[106.4455,22.0984],[106.4387,22.085],[106.4468,22.0415],[106.4356,22.0358],[106.4349,22.0273],[106.4494,22.013],[106.4419,21.9897],[106.4449,21.9816],[106.4563,21.9772],[106.4664,21.9825],[106.4818,21.9716],[106.5012,21.9688],[106.5281,21.9837],[106.5346,21.9817],[106.5317,21.9983],[106.545,22.0067],[106.5507,22.0005],[106.5595,22.0057],[106.571,22.0042],[106.5854,22.0153],[106.5818,22.0057],[106.5887,22.0066],[106.5906,22.0023],[106.5863,21.994],[106.5953,21.9951],[106.5966,22.004],[106.5993,21.9734],[106.6105,21.9684],[106.6014,21.9608],[106.6052,21.953],[106.5939,21.9446],[106.5997,21.9435],[106.6023,21.9348],[106.6011,21.9165],[106.5957,21.9101],[106.6041,21.8867],[106.6161,21.8923],[106.6221,21.881],[106.6309,21.8992],[106.6401,21.9066],[106.6488,21.9012]]]}},{"type":"Feature","properties":{"gid":"VNM.35.11_1","provZh":"谅山省","name2":"Văn Quan","type2":"Huyện","engtype2":"District"},"geometry":{"type":"Polygon","coordinates":[[[106.405,21.7649],[106.4058,21.7601],[106.3915,21.7482],[106.3949,21.7406],[106.3907,21.7368],[106.3986,21.7279],[106.3895,21.7205],[106.3922,21.712],[106.4093,21.6958],[106.4314,21.6948],[106.4312,21.6912],[106.4439,21.6853],[106.4653,21.7001],[106.4632,21.7047],[106.4548,21.7057],[106.4491,21.7206],[106.4522,21.74],[106.4578,21.7456],[106.4742,21.7482],[106.4881,21.7599],[106.4899,21.7545],[106.5197,21.7434],[106.525,21.7529],[106.5341,21.7555],[106.5455,21.7507],[106.5552,21.7587],[106.5549,21.7651],[106.5642,21.7662],[106.5912,21.7478],[106.5949,21.7326],[106.6058,21.74],[106.6188,21.7373],[106.627,21.7408],[106.6341,21.7573],[106.6467,21.7591],[106.6407,21.7664],[106.6441,21.7755],[106.6313,21.789],[106.6359,21.8036],[106.6389,21.8016],[106.6407,21.807],[106.6735,21.8267],[106.6666,21.8378],[106.6805,21.8409],[106.6852,21.8356],[106.7084,21.8333],[106.7124,21.8344],[106.7149,21.8475],[106.7026,21.8614],[106.7021,21.8702],[106.6932,21.8617],[106.6877,21.8757],[106.6769,21.8682],[106.6598,21.8744],[106.6528,21.8828],[106.6209,21.881],[106.6161,21.8923],[106.6041,21.8867],[106.5957,21.9101],[106.6011,21.9165],[106.6023,21.9348],[106.5997,21.9435],[106.5939,21.9446],[106.6052,21.953],[106.6014,21.9608],[106.6105,21.9684],[106.5993,21.9734],[106.5996,21.9994],[106.5952,22.0036],[106.5953,21.9951],[106.5863,21.994],[106.5906,22.0023],[106.5887,22.0066],[106.5818,22.0057],[106.5854,22.0153],[106.571,22.0042],[106.5595,22.0057],[106.5507,22.0005],[106.545,22.0067],[106.5317,21.9983],[106.5346,21.9817],[106.5281,21.9837],[106.5122,21.9715],[106.4969,21.9684],[106.4919,21.9728],[106.4902,21.9686],[106.4899,21.955],[106.4944,21.9492],[106.5042,21.9507],[106.5274,21.9427],[106.536,21.9452],[106.5345,21.931],[106.5404,21.9233],[106.5348,21.9138],[106.5046,21.9185],[106.4947,21.911],[106.4925,21.914],[106.4875,21.898],[106.4804,21.8999],[106.4682,21.8896],[106.458,21.8898],[106.4557,21.877],[106.4295,21.8662],[106.4184,21.8685],[106.4101,21.8615],[106.4097,21.8437],[106.4191,21.8383],[106.4112,21.8364],[106.4046,21.8184],[106.4088,21.8104],[106.4044,21.8041],[106.4035,21.7926],[106.4079,21.787],[106.4041,21.7826],[106.4085,21.7792],[106.405,21.7649]]]}},{"type":"Feature","properties":{"gid":"VNM.38.3_1","provZh":"老街省","name2":"Bắc Hà","type2":"Huyện","engtype2":"District"},"geometry":{"type":"Polygon","coordinates":[[[104.3892,22.4652],[104.4108,22.4763],[104.4126,22.4877],[104.4279,22.4981],[104.4495,22.5004],[104.4403,22.5075],[104.4346,22.5224],[104.4149,22.5277],[104.4235,22.5502],[104.4245,22.5732],[104.4664,22.5748],[104.4639,22.5979],[104.4591,22.6042],[104.4622,22.6132],[104.4376,22.619],[104.4155,22.6346],[104.4059,22.6542],[104.4104,22.6594],[104.3984,22.6805],[104.3622,22.6732],[104.363,22.6632],[104.3565,22.649],[104.3619,22.6383],[104.3518,22.6232],[104.3449,22.6237],[104.3265,22.6074],[104.3186,22.5894],[104.3072,22.5972],[104.3062,22.6187],[104.2981,22.6141],[104.2891,22.6182],[104.2812,22.6104],[104.2701,22.6181],[104.2498,22.6191],[104.2327,22.5905],[104.2076,22.5856],[104.1901,22.5587],[104.2023,22.5346],[104.1884,22.5261],[104.1729,22.5279],[104.1672,22.5058],[104.1681,22.4696],[104.1823,22.4524],[104.1946,22.4548],[104.2075,22.4496],[104.2194,22.4299],[104.2246,22.4284],[104.2226,22.4181],[104.2319,22.4095],[104.2326,22.3922],[104.2599,22.3806],[104.2671,22.37],[104.2909,22.3633],[104.2929,22.3575],[104.3267,22.3396],[104.3417,22.3504],[104.349,22.3629],[104.3738,22.3524],[104.3807,22.3427],[104.3955,22.3376],[104.4066,22.3417],[104.4412,22.3242],[104.4482,22.3409],[104.4607,22.3415],[104.4628,22.3474],[104.4545,22.3609],[104.4308,22.3637],[104.4222,22.3705],[104.4186,22.3778],[104.4211,22.3893],[104.4166,22.392],[104.3982,22.3878],[104.3986,22.393],[104.3899,22.4012],[104.3969,22.4355],[104.4034,22.4453],[104.3892,22.4652]]]}},{"type":"Feature","properties":{"gid":"VNM.38.1_1","provZh":"老街省","name2":"Bảo Thắng","type2":"Huyện","engtype2":"District"},"geometry":{"type":"Polygon","coordinates":[[[104.2026,22.2472],[104.2076,22.2451],[104.2172,22.2538],[104.2088,22.2799],[104.221,22.2783],[104.2296,22.2833],[104.258,22.273],[104.261,22.2752],[104.2561,22.286],[104.2678,22.2947],[104.2701,22.3095],[104.2762,22.3167],[104.3002,22.3207],[104.3155,22.3173],[104.3282,22.3251],[104.3305,22.3353],[104.2929,22.3575],[104.2909,22.3633],[104.2671,22.37],[104.2599,22.3806],[104.2326,22.3922],[104.2319,22.4095],[104.2226,22.4181],[104.2246,22.4284],[104.2194,22.4299],[104.2075,22.4496],[104.1946,22.4548],[104.1823,22.4524],[104.1721,22.4637],[104.1657,22.4942],[104.1729,22.5279],[104.1612,22.5326],[104.1611,22.5368],[104.1461,22.5374],[104.1467,22.5424],[104.1342,22.5334],[104.1175,22.5481],[104.0952,22.5414],[104.0895,22.5354],[104.0811,22.5412],[104.0573,22.526],[104.0125,22.5602],[104.015,22.5434],[104.0054,22.5383],[104.0126,22.5238],[104.0064,22.5202],[104.0022,22.5026],[104.0265,22.4857],[104.0501,22.4815],[104.051,22.4768],[104.0424,22.4763],[104.0409,22.467],[104.0262,22.4556],[104.0394,22.4311],[104.0631,22.4112],[104.0507,22.3948],[104.0531,22.3894],[104.0444,22.3894],[104.031,22.3796],[104.0302,22.3657],[104.0416,22.3552],[104.0412,22.3406],[104.0363,22.3338],[104.0257,22.331],[104.0428,22.2977],[104.0636,22.27],[104.0717,22.2655],[104.0838,22.2387],[104.0772,22.2236],[104.0788,22.2005],[104.1184,22.2012],[104.1258,22.2094],[104.1389,22.212],[104.1459,22.2222],[104.1744,22.2219],[104.1893,22.2446],[104.2026,22.2472]]]}},{"type":"Feature","properties":{"gid":"VNM.38.2_1","provZh":"老街省","name2":"Bảo Yên","type2":"Huyện","engtype2":"District"},"geometry":{"type":"Polygon","coordinates":[[[104.5838,22.1668],[104.5836,22.1774],[104.591,22.1822],[104.6003,22.1826],[104.6052,22.175],[104.6197,22.1777],[104.6271,22.1714],[104.6152,22.2039],[104.6164,22.212],[104.6286,22.2192],[104.614,22.2255],[104.5975,22.2179],[104.5916,22.2194],[104.584,22.2314],[104.586,22.2514],[104.5529,22.2417],[104.5481,22.2501],[104.5433,22.2776],[104.5589,22.2841],[104.5801,22.3062],[104.5786,22.3158],[104.5649,22.3307],[104.5811,22.3456],[104.58,22.3499],[104.5693,22.3554],[104.5534,22.3547],[104.5467,22.3621],[104.5541,22.3732],[104.55,22.3804],[104.5306,22.3869],[104.5081,22.4042],[104.4971,22.4049],[104.4909,22.4197],[104.4662,22.425],[104.449,22.4499],[104.4488,22.4601],[104.4739,22.4836],[104.4495,22.5004],[104.4279,22.4981],[104.4126,22.4877],[104.4108,22.4763],[104.3892,22.4652],[104.4034,22.4453],[104.3969,22.4355],[104.3899,22.4012],[104.3986,22.393],[104.3982,22.3878],[104.4166,22.392],[104.4211,22.3893],[104.4186,22.3778],[104.4222,22.3705],[104.4308,22.3637],[104.4545,22.3609],[104.4624,22.3429],[104.4489,22.3415],[104.4412,22.3242],[104.4349,22.3251],[104.4246,22.3346],[104.4066,22.3417],[104.3955,22.3376],[104.3807,22.3427],[104.3738,22.3524],[104.349,22.3629],[104.3417,22.3504],[104.3267,22.3396],[104.3305,22.3353],[104.3282,22.3251],[104.3155,22.3173],[104.3002,22.3207],[104.2762,22.3167],[104.2701,22.3095],[104.2678,22.2947],[104.2561,22.286],[104.261,22.2752],[104.258,22.273],[104.2296,22.2833],[104.221,22.2783],[104.2088,22.2799],[104.2178,22.2587],[104.2134,22.2516],[104.2159,22.2439],[104.2229,22.2428],[104.228,22.2534],[104.2327,22.2526],[104.2548,22.2306],[104.2577,22.2233],[104.2534,22.2159],[104.2822,22.1823],[104.3138,22.1971],[104.327,22.1968],[104.3273,22.186],[104.3424,22.1752],[104.3427,22.1625],[104.3636,22.1716],[104.374,22.147],[104.3964,22.1381],[104.4024,22.1496],[104.3844,22.1756],[104.3959,22.1767],[104.4071,22.1872],[104.4048,22.1913],[104.4161,22.2002],[104.4241,22.1995],[104.4398,22.1859],[104.4535,22.1857],[104.4591,22.1677],[104.4721,22.1622],[104.4849,22.1451],[104.5214,22.1231],[104.5283,22.1104],[104.5625,22.0864],[104.5747,22.1098],[104.583,22.1128],[104.5789,22.119],[104.5806,22.1386],[104.5853,22.144],[104.581,22.1552],[104.5891,22.1602],[104.5838,22.1668]]]}},{"type":"Feature","properties":{"gid":"VNM.38.4_1","provZh":"老街省","name2":"Bát Xát","type2":"Huyện","engtype2":"District"},"geometry":{"type":"Polygon","coordinates":[[[103.9416,22.4202],[103.9618,22.4405],[103.9559,22.4519],[103.9638,22.4616],[103.9273,22.4884],[103.9272,22.5129],[103.9388,22.5262],[103.9322,22.528],[103.9262,22.5395],[103.9191,22.5336],[103.9145,22.5351],[103.915,22.544],[103.8893,22.57],[103.8825,22.5641],[103.8746,22.5672],[103.8592,22.5886],[103.8241,22.6174],[103.8016,22.6525],[103.7672,22.689],[103.7494,22.689],[103.7363,22.7019],[103.74,22.7095],[103.7266,22.7241],[103.7026,22.7449],[103.687,22.7501],[103.6788,22.7637],[103.6684,22.7672],[103.6587,22.7896],[103.6473,22.7945],[103.6407,22.7925],[103.6411,22.798],[103.6394,22.7912],[103.6346,22.7908],[103.6379,22.7865],[103.631,22.787],[103.631,22.7916],[103.6184,22.7855],[103.6204,22.7743],[103.6086,22.7638],[103.6099,22.7564],[103.5828,22.7272],[103.5837,22.7232],[103.5768,22.7208],[103.565,22.7007],[103.5677,22.6797],[103.5784,22.6711],[103.5798,22.6644],[103.5714,22.6422],[103.5528,22.6373],[103.5471,22.6134],[103.5309,22.5928],[103.5331,22.5842],[103.5479,22.5885],[103.5722,22.5787],[103.5663,22.5684],[103.5809,22.5497],[103.5845,22.5312],[103.5955,22.5259],[103.5826,22.4984],[103.5551,22.4708],[103.5565,22.4631],[103.5687,22.4572],[103.5717,22.4473],[103.5884,22.4362],[103.5883,22.4287],[103.6036,22.4244],[103.6037,22.4105],[103.6263,22.3962],[103.646,22.4045],[103.6758,22.4035],[103.6965,22.4085],[103.7008,22.4054],[103.7152,22.4136],[103.731,22.4154],[103.7291,22.4203],[103.7358,22.425],[103.7333,22.4413],[103.7412,22.4471],[103.7456,22.462],[103.7804,22.4608],[103.7749,22.4754],[103.782,22.4927],[103.7876,22.4926],[103.8063,22.4622],[103.8176,22.4612],[103.8227,22.4561],[103.8263,22.4406],[103.8565,22.4224],[103.8632,22.4195],[103.8818,22.435],[103.89,22.4363],[103.9029,22.4233],[103.9217,22.4261],[103.9328,22.4067],[103.9416,22.4202]]]}},{"type":"Feature","properties":{"gid":"VNM.38.5_1","provZh":"老街省","name2":"Lào Cai","type2":"Thành phố","engtype2":"City"},"geometry":{"type":"Polygon","coordinates":[[[104.0416,22.3552],[104.0302,22.3657],[104.031,22.3796],[104.0444,22.3894],[104.0531,22.3894],[104.0507,22.3948],[104.0631,22.4112],[104.0394,22.4311],[104.0262,22.4556],[104.0409,22.467],[104.0424,22.4763],[104.051,22.4768],[104.0501,22.4815],[104.0265,22.4857],[104.0022,22.5026],[104.0061,22.5171],[103.9921,22.5203],[103.9787,22.5065],[103.9686,22.5115],[103.9643,22.5057],[103.9533,22.5121],[103.9445,22.5253],[103.9386,22.5261],[103.9272,22.5129],[103.9273,22.4884],[103.9624,22.4638],[103.9559,22.4519],[103.9618,22.4405],[103.9317,22.4062],[103.9208,22.3744],[103.915,22.3729],[103.8974,22.3486],[103.8966,22.3296],[103.9197,22.3114],[103.9295,22.3109],[103.9373,22.3177],[103.9476,22.3157],[103.9721,22.3379],[103.9899,22.3442],[104.0363,22.3338],[104.0412,22.3406],[104.0416,22.3552]]]}},{"type":"Feature","properties":{"gid":"VNM.38.6_1","provZh":"老街省","name2":"Mường Khương","type2":"Huyện","engtype2":"District"},"geometry":{"type":"Polygon","coordinates":[[[104.1007,22.5413],[104.1175,22.5481],[104.1342,22.5334],[104.1467,22.5424],[104.1461,22.5374],[104.1611,22.5368],[104.1612,22.5326],[104.1729,22.5279],[104.1884,22.5261],[104.2023,22.5346],[104.1901,22.5587],[104.2076,22.5856],[104.1932,22.6136],[104.1941,22.6275],[104.1843,22.6523],[104.1831,22.6721],[104.1743,22.6866],[104.1776,22.7177],[104.2002,22.7404],[104.2192,22.7318],[104.2256,22.7125],[104.2374,22.7049],[104.2552,22.734],[104.2697,22.7416],[104.2706,22.7534],[104.2585,22.7661],[104.2549,22.7775],[104.2707,22.8301],[104.2667,22.8403],[104.2407,22.8437],[104.2205,22.8289],[104.2156,22.8318],[104.1904,22.8207],[104.1833,22.8261],[104.1754,22.8202],[104.1651,22.8221],[104.1531,22.8103],[104.134,22.8046],[104.1308,22.8116],[104.115,22.8117],[104.095,22.7893],[104.0881,22.7699],[104.0658,22.7573],[104.0393,22.7237],[104.0288,22.6895],[104.0396,22.677],[104.0324,22.6636],[104.027,22.6159],[104.0144,22.5909],[104.0143,22.5789],[104.0054,22.5758],[104.0163,22.5654],[104.0102,22.5613],[104.0573,22.526],[104.0811,22.5412],[104.0895,22.5354],[104.1007,22.5413]]]}},{"type":"Feature","properties":{"gid":"VNM.38.7_1","provZh":"老街省","name2":"Sa Pa","type2":"Huyện","engtype2":"District"},"geometry":{"type":"Polygon","coordinates":[[[104.0794,22.2157],[104.0772,22.2236],[104.0838,22.2387],[104.0717,22.2655],[104.0636,22.27],[104.0428,22.2977],[104.0228,22.3356],[103.9899,22.3442],[103.9721,22.3379],[103.9476,22.3157],[103.9373,22.3177],[103.9295,22.3109],[103.9197,22.3114],[103.8966,22.3296],[103.8974,22.3486],[103.915,22.3729],[103.9208,22.3744],[103.9235,22.3904],[103.9328,22.4067],[103.9217,22.4261],[103.9029,22.4233],[103.8854,22.4362],[103.8632,22.4195],[103.8565,22.4224],[103.8263,22.4406],[103.8227,22.4561],[103.8176,22.4612],[103.8063,22.4622],[103.7876,22.4926],[103.782,22.4927],[103.7749,22.4754],[103.7804,22.4608],[103.7762,22.4581],[103.7738,22.4639],[103.7488,22.4642],[103.7444,22.4607],[103.7412,22.4471],[103.7333,22.4413],[103.7358,22.425],[103.729,22.4179],[103.7653,22.3903],[103.7667,22.3555],[103.7811,22.3471],[103.7774,22.3424],[103.7818,22.3376],[103.7692,22.3318],[103.7731,22.3264],[103.7612,22.3116],[103.7716,22.3093],[103.7749,22.303],[103.7901,22.3012],[103.8212,22.2763],[103.8428,22.2424],[103.8424,22.2259],[103.8516,22.2199],[103.8572,22.2057],[103.873,22.1992],[103.8724,22.1893],[103.8653,22.1827],[103.8719,22.1764],[103.8879,22.1743],[103.915,22.1443],[103.9369,22.1413],[103.9383,22.1371],[103.9441,22.1458],[103.9508,22.1434],[103.9707,22.1503],[103.987,22.1401],[104.0087,22.1373],[104.0218,22.1437],[104.0415,22.171],[104.0823,22.168],[104.0757,22.1876],[104.0812,22.1916],[104.0756,22.2107],[104.0794,22.2157]]]}},{"type":"Feature","properties":{"gid":"VNM.38.8_1","provZh":"老街省","name2":"Si Ma Cai","type2":"Huyện","engtype2":"District"},"geometry":{"type":"Polygon","coordinates":[[[104.2058,22.5886],[104.213,22.5858],[104.2327,22.5905],[104.2408,22.609],[104.2498,22.6191],[104.2578,22.6202],[104.2812,22.6104],[104.2891,22.6182],[104.2981,22.6141],[104.3062,22.6187],[104.3072,22.5972],[104.3195,22.59],[104.3265,22.6074],[104.3449,22.6237],[104.3518,22.6232],[104.3632,22.6413],[104.3565,22.649],[104.363,22.6632],[104.3622,22.6732],[104.3344,22.6909],[104.3413,22.7036],[104.3396,22.7224],[104.3206,22.7321],[104.2963,22.7302],[104.2688,22.7407],[104.2552,22.734],[104.2374,22.7049],[104.2256,22.7125],[104.2192,22.7318],[104.2032,22.7397],[104.1949,22.7382],[104.1776,22.7177],[104.1743,22.6866],[104.1831,22.6721],[104.1843,22.6523],[104.1941,22.6275],[104.1932,22.6136],[104.2058,22.5886]]]}},{"type":"Feature","properties":{"gid":"VNM.38.9_1","provZh":"老街省","name2":"Văn Bàn","type2":"Huyện","engtype2":"District"},"geometry":{"type":"Polygon","coordinates":[[[104.3828,22.0659],[104.378,22.0671],[104.3797,22.0913],[104.39,22.0953],[104.396,22.1136],[104.4067,22.1169],[104.3964,22.1381],[104.374,22.147],[104.3636,22.1716],[104.3427,22.1625],[104.3424,22.1752],[104.3273,22.186],[104.327,22.1968],[104.3138,22.1971],[104.2822,22.1823],[104.2534,22.2159],[104.2577,22.2233],[104.2548,22.2306],[104.228,22.2534],[104.2215,22.2421],[104.2159,22.2439],[104.2134,22.2516],[104.2076,22.2451],[104.1956,22.2483],[104.1939,22.243],[104.1893,22.2446],[104.1896,22.24],[104.1824,22.2376],[104.1744,22.2219],[104.1459,22.2222],[104.1389,22.212],[104.1258,22.2094],[104.1184,22.2012],[104.0788,22.2005],[104.0812,22.1916],[104.0757,22.1876],[104.0823,22.168],[104.0415,22.171],[104.0218,22.1437],[104.0087,22.1373],[103.987,22.1401],[103.9707,22.1503],[103.9508,22.1434],[103.9441,22.1458],[103.9362,22.1225],[103.9443,22.106],[103.9384,22.0815],[103.9524,22.0648],[103.9573,22.0489],[103.9531,22.0262],[103.9654,22.0128],[103.9545,21.9999],[103.9951,21.9572],[103.9968,21.947],[103.9902,21.9401],[103.9973,21.927],[104.0103,21.9183],[104.0362,21.914],[104.0416,21.9167],[104.0771,21.9044],[104.0902,21.9156],[104.0984,21.9156],[104.1271,21.9067],[104.1411,21.8961],[104.1952,21.8876],[104.2135,21.8914],[104.2307,21.9018],[104.2277,21.9115],[104.2311,21.9233],[104.209,21.9414],[104.2127,21.9498],[104.2551,21.9318],[104.2741,21.9339],[104.284,21.9402],[104.2936,21.9271],[104.3256,21.9184],[104.3302,21.8988],[104.3538,21.8751],[104.3855,21.8993],[104.3872,21.912],[104.4276,21.9359],[104.4322,21.9457],[104.4272,21.9559],[104.43,21.9742],[104.4168,22.0105],[104.416,22.0252],[104.4011,22.0448],[104.3928,22.0485],[104.3828,22.0659]]]}},{"type":"Feature","properties":{"gid":"VNM.39.1_1","provZh":"隆安省","name2":"Bến Lức","type2":"Huyện","engtype2":"District"},"geometry":{"type":"Polygon","coordinates":[[[106.4837,10.5974],[106.484,10.6137],[106.4935,10.6132],[106.4992,10.6192],[106.5244,10.6165],[106.5328,10.6076],[106.546,10.6067],[106.5601,10.621],[106.5417,10.6388],[106.5553,10.6524],[106.5559,10.657],[106.5489,10.6574],[106.5535,10.6754],[106.5505,10.6854],[106.534,10.6879],[106.5272,10.7093],[106.5302,10.7173],[106.5202,10.7237],[106.5093,10.7172],[106.5017,10.7265],[106.4916,10.7243],[106.4735,10.7464],[106.4663,10.7408],[106.4489,10.763],[106.4427,10.7582],[106.4299,10.7753],[106.4243,10.7755],[106.4228,10.7821],[106.4285,10.7926],[106.4228,10.7961],[106.4134,10.7869],[106.3927,10.7979],[106.3897,10.7869],[106.3809,10.787],[106.3798,10.7821],[106.3683,10.782],[106.351,10.7703],[106.3316,10.7643],[106.3809,10.7007],[106.3742,10.6949],[106.4022,10.6615],[106.4091,10.6446],[106.434,10.6294],[106.4294,10.6215],[106.4346,10.6172],[106.436,10.6034],[106.4418,10.6049],[106.4439,10.5966],[106.4577,10.5965],[106.4651,10.589],[106.4837,10.5974]]]}},{"type":"Feature","properties":{"gid":"VNM.39.2_1","provZh":"隆安省","name2":"Cần Đước","type2":"Huyện","engtype2":"District"},"geometry":{"type":"Polygon","coordinates":[[[106.6281,10.4523],[106.639,10.4793],[106.6509,10.4837],[106.6601,10.4726],[106.6614,10.4456],[106.6677,10.4395],[106.6821,10.4398],[106.7049,10.4711],[106.7359,10.4981],[106.744,10.5],[106.7246,10.5143],[106.7104,10.5079],[106.7069,10.5012],[106.6722,10.4965],[106.6595,10.5124],[106.6516,10.5118],[106.6483,10.5167],[106.65,10.5396],[106.634,10.5427],[106.6313,10.5489],[106.6346,10.552],[106.6254,10.559],[106.6124,10.5589],[106.6107,10.5703],[106.602,10.5768],[106.5966,10.5753],[106.5951,10.5879],[106.5897,10.5881],[106.5884,10.5949],[106.5964,10.598],[106.5883,10.6112],[106.595,10.6371],[106.5705,10.6387],[106.5655,10.6275],[106.5576,10.6269],[106.5601,10.621],[106.5497,10.6074],[106.5328,10.6076],[106.5275,10.6157],[106.5078,10.6185],[106.484,10.6137],[106.4837,10.5974],[106.4892,10.5865],[106.5288,10.5529],[106.5599,10.553],[106.5683,10.5469],[106.5671,10.5269],[106.5585,10.5058],[106.582,10.4743],[106.5882,10.4369],[106.6012,10.4377],[106.6281,10.4523]]]}},{"type":"Feature","properties":{"gid":"VNM.39.3_1","provZh":"隆安省","name2":"Cần Giuộc","type2":"Huyện","engtype2":"District"},"geometry":{"type":"Polygon","coordinates":[[[106.6664,10.4991],[106.7069,10.5012],[106.7104,10.5079],[106.7246,10.5143],[106.744,10.5],[106.7491,10.5307],[106.742,10.5654],[106.7453,10.5757],[106.7351,10.5776],[106.7395,10.5828],[106.737,10.5863],[106.7287,10.58],[106.7188,10.6059],[106.7239,10.6119],[106.7328,10.6099],[106.7276,10.6157],[106.7319,10.6227],[106.7291,10.6281],[106.7333,10.6288],[106.7296,10.6364],[106.7226,10.6459],[106.7009,10.6539],[106.6913,10.6485],[106.6853,10.6567],[106.6851,10.651],[106.6696,10.6392],[106.6569,10.6436],[106.653,10.6325],[106.6462,10.6342],[106.6348,10.6254],[106.6302,10.6267],[106.6295,10.642],[106.6212,10.641],[106.6248,10.6474],[106.6054,10.6588],[106.6006,10.6507],[106.5798,10.6561],[106.577,10.6489],[106.569,10.6565],[106.5585,10.6486],[106.5524,10.6522],[106.5417,10.6388],[106.5555,10.6275],[106.5655,10.6275],[106.5705,10.6387],[106.595,10.6371],[106.5883,10.6112],[106.5964,10.598],[106.5884,10.5949],[106.5897,10.5881],[106.5951,10.5879],[106.5966,10.5753],[106.602,10.5768],[106.6107,10.5703],[106.6124,10.5589],[106.6254,10.559],[106.6346,10.552],[106.6313,10.5489],[106.634,10.5427],[106.65,10.5396],[106.6489,10.5146],[106.6614,10.5109],[106.6664,10.4991]]]}},{"type":"Feature","properties":{"gid":"VNM.39.4_1","provZh":"隆安省","name2":"Châu Thành","type2":"Huyện","engtype2":"District"},"geometry":{"type":"Polygon","coordinates":[[[106.5049,10.488],[106.5057,10.5052],[106.4983,10.5149],[106.4776,10.5063],[106.4647,10.5277],[106.4507,10.5316],[106.4344,10.5179],[106.4292,10.5037],[106.4147,10.495],[106.4144,10.4887],[106.4259,10.4738],[106.4421,10.466],[106.4415,10.4586],[106.4538,10.4511],[106.4475,10.4512],[106.4273,10.4339],[106.4154,10.4334],[106.4212,10.4277],[106.4247,10.4113],[106.4313,10.415],[106.4519,10.4134],[106.4602,10.4049],[106.4546,10.4007],[106.4489,10.4044],[106.4488,10.3984],[106.454,10.4003],[106.4562,10.3946],[106.4633,10.4004],[106.4801,10.3967],[106.4818,10.4048],[106.4862,10.4034],[106.4865,10.4087],[106.4993,10.4151],[106.5097,10.4276],[106.5186,10.4242],[106.5299,10.4333],[106.5373,10.4206],[106.5461,10.4295],[106.5489,10.4248],[106.5583,10.4245],[106.559,10.4131],[106.5713,10.412],[106.5892,10.4184],[106.584,10.4325],[106.5882,10.4369],[106.5843,10.469],[106.5595,10.5031],[106.5524,10.4995],[106.55,10.4885],[106.5628,10.4814],[106.5647,10.4711],[106.5542,10.4601],[106.5395,10.479],[106.5268,10.4767],[106.5248,10.4636],[106.5098,10.464],[106.5079,10.4691],[106.5183,10.4808],[106.5049,10.488]]]}},{"type":"Feature","properties":{"gid":"VNM.39.5_1","provZh":"隆安省","name2":"Đức Hòa","type2":"Huyện","engtype2":"District"},"geometry":{"type":"Polygon","coordinates":[[[106.4637,10.7565],[106.5046,10.789],[106.5316,10.9026],[106.4535,10.9419],[106.4114,10.9738],[106.373,10.9697],[106.3511,10.9989],[106.3456,10.9947],[106.3429,11.0014],[106.3122,11.0199],[106.2916,11.0254],[106.2791,11.0158],[106.2738,11.0217],[106.2709,11.0132],[106.283,11.0044],[106.2866,10.992],[106.2721,10.9783],[106.2901,10.9713],[106.2846,10.9552],[106.2999,10.9417],[106.3049,10.9068],[106.3288,10.8984],[106.3403,10.8871],[106.3351,10.8749],[106.3426,10.8609],[106.3392,10.8452],[106.3593,10.841],[106.3565,10.831],[106.3631,10.8209],[106.3847,10.8254],[106.3919,10.815],[106.3905,10.8019],[106.3988,10.7922],[106.4134,10.7869],[106.4198,10.7959],[106.4255,10.7953],[106.4287,10.7878],[106.4228,10.7821],[106.4243,10.7755],[106.4299,10.7753],[106.4427,10.7582],[106.4489,10.763],[106.4663,10.7408],[106.4723,10.7455],[106.4637,10.7565]]]}},{"type":"Feature","properties":{"gid":"VNM.39.6_1","provZh":"隆安省","name2":"Đức Huệ","type2":"Huyện","engtype2":"District"},"geometry":{"type":"Polygon","coordinates":[[[106.3901,10.7955],[106.3919,10.815],[106.3847,10.8254],[106.3631,10.8209],[106.3565,10.831],[106.3593,10.841],[106.3392,10.8452],[106.3426,10.8609],[106.3351,10.8749],[106.3403,10.8871],[106.3288,10.8984],[106.3035,10.9089],[106.2999,10.9417],[106.2846,10.9552],[106.2884,10.9731],[106.2731,10.9759],[106.2688,10.9833],[106.2396,10.9873],[106.178,10.9627],[106.1679,10.9632],[106.1639,10.9783],[106.154,10.9829],[106.1439,10.9776],[106.1451,10.9496],[106.1509,10.9411],[106.1377,10.9155],[106.163,10.8865],[106.1876,10.8401],[106.19,10.7894],[106.2456,10.7636],[106.2661,10.7778],[106.2967,10.7427],[106.3683,10.782],[106.3897,10.7869],[106.3901,10.7955]]]}},{"type":"Feature","properties":{"gid":"VNM.39.7_1","provZh":"隆安省","name2":"Kiến Tường","type2":"Thị xã","engtype2":"Town"},"geometry":{"type":"Polygon","coordinates":[[[105.9022,10.7137],[105.9101,10.7326],[105.932,10.7289],[105.9557,10.7356],[105.9608,10.7453],[105.9701,10.7431],[105.9702,10.7567],[105.9443,10.7784],[105.9313,10.782],[105.9336,10.7915],[105.9467,10.7932],[105.9508,10.8162],[105.9554,10.8151],[105.9694,10.838],[106.004,10.8391],[105.9994,10.8529],[106.0036,10.8612],[105.9446,10.9172],[105.9511,10.889],[105.9562,10.8837],[105.9301,10.8631],[105.936,10.8392],[105.897,10.8434],[105.8953,10.8345],[105.8752,10.8218],[105.8825,10.8131],[105.8704,10.7892],[105.8528,10.7807],[105.8177,10.7313],[105.8186,10.7054],[105.8532,10.6916],[105.8877,10.6937],[105.8921,10.7152],[105.9022,10.7137]]]}},{"type":"Feature","properties":{"gid":"VNM.39.8_1","provZh":"隆安省","name2":"Mộc Hóa","type2":"Huyện","engtype2":"District"},"geometry":{"type":"Polygon","coordinates":[[[106.0452,10.6935],[106.0879,10.7127],[106.102,10.7141],[106.1173,10.8085],[106.0727,10.8111],[106.0036,10.8612],[105.9994,10.8529],[106.004,10.8391],[105.9694,10.838],[105.9554,10.8151],[105.9508,10.8162],[105.9467,10.7932],[105.9336,10.7915],[105.9313,10.782],[105.9443,10.7784],[105.9702,10.7567],[105.9701,10.7431],[105.9608,10.7453],[105.9557,10.7356],[105.932,10.7289],[105.9351,10.7283],[105.9301,10.7098],[105.9192,10.6912],[105.945,10.6878],[105.9834,10.6703],[105.9952,10.6705],[106.0019,10.6549],[106.0099,10.6597],[106.0147,10.6529],[106.024,10.6578],[106.0439,10.6537],[106.0457,10.6668],[106.0358,10.6887],[106.0452,10.6935]]]}},{"type":"Feature","properties":{"gid":"VNM.39.9_1","provZh":"隆安省","name2":"Tân An","type2":"Thành phố","engtype2":"City"},"geometry":{"type":"Polygon","coordinates":[[[106.3813,10.4803],[106.3931,10.4776],[106.4036,10.4933],[106.4144,10.4887],[106.4147,10.495],[106.4292,10.5037],[106.4344,10.5179],[106.4507,10.5316],[106.4567,10.5292],[106.4598,10.5452],[106.4561,10.5475],[106.4611,10.5519],[106.4538,10.5554],[106.4452,10.5735],[106.4365,10.5648],[106.4269,10.5718],[106.428,10.5659],[106.4221,10.5631],[106.4195,10.5695],[106.3841,10.5759],[106.3823,10.5687],[106.3483,10.5448],[106.3476,10.5288],[106.3694,10.518],[106.3687,10.498],[106.3744,10.4942],[106.3705,10.4877],[106.3813,10.4803]]]}},{"type":"Feature","properties":{"gid":"VNM.39.10_1","provZh":"隆安省","name2":"Tân Hưng","type2":"Huyện","engtype2":"District"},"geometry":{"type":"Polygon","coordinates":[[[105.6587,10.7726],[105.7806,10.6588],[105.8085,10.6527],[105.8197,10.6976],[105.8177,10.7313],[105.8107,10.7357],[105.807,10.747],[105.8065,10.7797],[105.7961,10.7888],[105.7936,10.8011],[105.7668,10.8298],[105.7508,10.8274],[105.7429,10.833],[105.7398,10.843],[105.741,10.8629],[105.7516,10.8609],[105.7591,10.8677],[105.7582,10.8835],[105.706,10.915],[105.6307,10.9783],[105.5365,10.9518],[105.5065,10.949],[105.4994,10.9529],[105.5163,10.9224],[105.5826,10.8919],[105.6127,10.832],[105.5959,10.8306],[105.6587,10.7726]]]}},{"type":"Feature","properties":{"gid":"VNM.39.11_1","provZh":"隆安省","name2":"Tân Thạnh","type2":"Huyện","engtype2":"District"},"geometry":{"type":"Polygon","coordinates":[[[106.0896,10.5234],[106.1024,10.5228],[106.1012,10.5758],[106.0898,10.5753],[106.0914,10.6005],[106.0858,10.6362],[106.0893,10.6444],[106.024,10.6578],[106.0147,10.6529],[106.0099,10.6597],[106.0019,10.6549],[105.9952,10.6705],[105.9834,10.6703],[105.945,10.6878],[105.9192,10.6912],[105.9351,10.7283],[105.9101,10.7326],[105.9022,10.7137],[105.8921,10.7152],[105.8877,10.6937],[105.8532,10.6916],[105.8186,10.7054],[105.8085,10.6527],[105.8347,10.6383],[105.91,10.5386],[106.0896,10.5234]]]}},{"type":"Feature","properties":{"gid":"VNM.39.12_1","provZh":"隆安省","name2":"Tân Trụ","type2":"Huyện","engtype2":"District"},"geometry":{"type":"Polygon","coordinates":[[[106.5549,10.5018],[106.5595,10.5031],[106.5671,10.5269],[106.5655,10.5506],[106.5288,10.5529],[106.4991,10.5765],[106.4837,10.5974],[106.4651,10.589],[106.4577,10.5965],[106.44,10.5952],[106.4383,10.5874],[106.4538,10.5554],[106.4611,10.5519],[106.4561,10.5475],[106.4598,10.5452],[106.4567,10.5292],[106.4647,10.5277],[106.4776,10.5063],[106.4863,10.5073],[106.4931,10.5146],[106.5044,10.5093],[106.5049,10.488],[106.5183,10.4808],[106.5079,10.4691],[106.5098,10.464],[106.5248,10.4636],[106.5268,10.4767],[106.5395,10.479],[106.5466,10.4748],[106.5504,10.4606],[106.5581,10.4613],[106.565,10.4767],[106.5508,10.4864],[106.5549,10.5018]]]}},{"type":"Feature","properties":{"gid":"VNM.39.13_1","provZh":"隆安省","name2":"Thạnh Hóa","type2":"Huyện","engtype2":"District"},"geometry":{"type":"Polygon","coordinates":[[[106.0862,10.6309],[106.0914,10.6005],[106.0898,10.5753],[106.2047,10.5792],[106.3176,10.59],[106.3316,10.5831],[106.3351,10.5903],[106.3291,10.6137],[106.3078,10.624],[106.3152,10.6338],[106.3096,10.6397],[106.2957,10.6433],[106.2876,10.651],[106.2672,10.652],[106.255,10.6645],[106.2604,10.6713],[106.258,10.6792],[106.2502,10.6768],[106.2308,10.6834],[106.2456,10.7636],[106.19,10.7894],[106.1891,10.8078],[106.1894,10.7906],[106.1654,10.8117],[106.1173,10.8085],[106.102,10.7141],[106.0879,10.7127],[106.0358,10.6887],[106.0457,10.6668],[106.0439,10.6537],[106.0893,10.6444],[106.0862,10.6309]]]}},{"type":"Feature","properties":{"gid":"VNM.39.14_1","provZh":"隆安省","name2":"Thủ Thừa","type2":"Huyện","engtype2":"District"},"geometry":{"type":"Polygon","coordinates":[[[106.3698,10.5622],[106.3823,10.5687],[106.3859,10.5762],[106.4195,10.5695],[106.4221,10.5631],[106.428,10.5659],[106.4269,10.5718],[106.4365,10.5648],[106.4447,10.573],[106.4383,10.5874],[106.4447,10.6031],[106.436,10.6034],[106.4346,10.6172],[106.4294,10.6215],[106.434,10.6294],[106.4091,10.6446],[106.4022,10.6615],[106.3742,10.6949],[106.3809,10.7007],[106.3316,10.7643],[106.2967,10.7427],[106.2661,10.7778],[106.2438,10.7595],[106.2308,10.6834],[106.2502,10.6768],[106.258,10.6792],[106.2604,10.6713],[106.255,10.6645],[106.2612,10.6556],[106.3043,10.6437],[106.3152,10.6338],[106.3078,10.624],[106.3291,10.6137],[106.335,10.6008],[106.3316,10.5831],[106.3176,10.59],[106.2861,10.587],[106.2951,10.5781],[106.3104,10.5656],[106.3213,10.5691],[106.3461,10.5433],[106.3698,10.5622]]]}},{"type":"Feature","properties":{"gid":"VNM.39.15_1","provZh":"隆安省","name2":"Vĩnh Hưng","type2":"Huyện","engtype2":"District"},"geometry":{"type":"Polygon","coordinates":[[[105.8608,10.8583],[105.8479,10.8661],[105.8643,10.8993],[105.8071,10.9735],[105.7782,11.0323],[105.7258,11.0241],[105.6671,10.9875],[105.6268,10.9773],[105.6307,10.9783],[105.706,10.915],[105.7582,10.8835],[105.7574,10.8647],[105.7516,10.8609],[105.741,10.8629],[105.7429,10.833],[105.7508,10.8274],[105.7668,10.8298],[105.7936,10.8011],[105.7961,10.7888],[105.8065,10.7797],[105.807,10.747],[105.8107,10.7357],[105.8177,10.7313],[105.8528,10.7807],[105.8704,10.7892],[105.8825,10.8131],[105.8752,10.8218],[105.8968,10.8382],[105.8982,10.8443],[105.8608,10.8583]]]}},{"type":"Feature","properties":{"gid":"VNM.40.1_1","provZh":"南定省","name2":"Giao Thủy","type2":"Huyện","engtype2":"District"},"geometry":{"type":"Polygon","coordinates":[[[106.3663,20.1815],[106.4131,20.2067],[106.4843,20.2208],[106.5,20.2202],[106.5196,20.228],[106.5284,20.2211],[106.5368,20.2253],[106.5445,20.2215],[106.5523,20.2029],[106.5623,20.2034],[106.5834,20.218],[106.5849,20.2324],[106.5926,20.2403],[106.5799,20.2642],[106.5281,20.3161],[106.4969,20.308],[106.4845,20.2947],[106.4648,20.2891],[106.4424,20.2935],[106.4317,20.3003],[106.4122,20.2856],[106.3788,20.2805],[106.3741,20.2759],[106.3673,20.2422],[106.3513,20.2171],[106.3568,20.19],[106.3517,20.1823],[106.3547,20.1768],[106.3663,20.1815]]]}},{"type":"Feature","properties":{"gid":"VNM.40.2_1","provZh":"南定省","name2":"Hải Hậu","type2":"Huyện","engtype2":"District"},"geometry":{"type":"Polygon","coordinates":[[[106.2559,20.0647],[106.3567,20.1733],[106.3517,20.1823],[106.3568,20.19],[106.3513,20.2171],[106.3652,20.239],[106.3605,20.2465],[106.3455,20.2362],[106.3243,20.2434],[106.3224,20.2172],[106.3158,20.218],[106.3153,20.2314],[106.3078,20.2297],[106.3085,20.223],[106.2972,20.2315],[106.3013,20.2428],[106.2986,20.2479],[106.2791,20.2372],[106.2564,20.2507],[106.2432,20.2374],[106.2478,20.2314],[106.2421,20.2292],[106.2427,20.2249],[106.2541,20.2151],[106.2407,20.1595],[106.1869,20.1591],[106.1787,20.1395],[106.1986,20.1124],[106.2097,20.0791],[106.2102,20.048],[106.1931,20.0004],[106.2559,20.0647]]]}},{"type":"Feature","properties":{"gid":"VNM.40.3_1","provZh":"南定省","name2":"Mỹ Lộc","type2":"Huyện","engtype2":"District"},"geometry":{"type":"Polygon","coordinates":[[[106.1227,20.4266],[106.1176,20.4256],[106.1186,20.4306],[106.1379,20.4343],[106.1418,20.45],[106.148,20.4515],[106.1554,20.4437],[106.1673,20.4597],[106.1777,20.4513],[106.1776,20.4586],[106.1905,20.4576],[106.1913,20.4524],[106.2016,20.4488],[106.2065,20.4404],[106.2051,20.4309],[106.21,20.4293],[106.2233,20.4522],[106.2255,20.4678],[106.2194,20.475],[106.1915,20.4795],[106.1833,20.4849],[106.1717,20.4734],[106.1458,20.4689],[106.1391,20.4792],[106.1404,20.4946],[106.1294,20.4998],[106.1009,20.4886],[106.1024,20.4817],[106.0984,20.4783],[106.1054,20.4662],[106.1005,20.4551],[106.0917,20.4566],[106.0857,20.4651],[106.0789,20.4615],[106.0749,20.4682],[106.0653,20.4651],[106.0563,20.4732],[106.0442,20.4709],[106.0428,20.4626],[106.0594,20.4558],[106.0584,20.4463],[106.084,20.4486],[106.0787,20.4288],[106.0875,20.4283],[106.1005,20.4109],[106.1162,20.4171],[106.1185,20.413],[106.129,20.4151],[106.1318,20.4218],[106.1227,20.4266]]]}},{"type":"Feature","properties":{"gid":"VNM.40.4_1","provZh":"南定省","name2":"Nam Định","type2":"Thành phố","engtype2":"City"},"geometry":{"type":"MultiPolygon","coordinates":[[[[106.2071,20.3901],[106.2096,20.3839],[106.2124,20.3878],[106.2048,20.3943],[106.2071,20.3901]]],[[[106.176,20.4553],[106.1673,20.4597],[106.1554,20.4437],[106.148,20.4515],[106.1418,20.45],[106.1379,20.4343],[106.1186,20.4306],[106.1176,20.4256],[106.1318,20.4218],[106.1345,20.408],[106.1309,20.3997],[106.1475,20.3917],[106.1541,20.3936],[106.1548,20.4022],[106.1603,20.3982],[106.165,20.4074],[106.1792,20.4036],[106.1803,20.3874],[106.1877,20.3836],[106.1847,20.3759],[106.1895,20.376],[106.1953,20.3892],[106.1927,20.4057],[106.1978,20.4181],[106.2153,20.4158],[106.21,20.4293],[106.2051,20.4309],[106.2065,20.4404],[106.2016,20.4488],[106.1913,20.4524],[106.1905,20.4576],[106.1776,20.4586],[106.1777,20.4513],[106.176,20.4553]]]]}},{"type":"Feature","properties":{"gid":"VNM.40.5_1","provZh":"南定省","name2":"Nam Trực","type2":"Huyện","engtype2":"District"},"geometry":{"type":"Polygon","coordinates":[[[106.2125,20.2789],[106.2262,20.2803],[106.2304,20.2725],[106.227,20.2648],[106.2316,20.2616],[106.2682,20.2921],[106.2508,20.3104],[106.2651,20.3267],[106.2588,20.33],[106.2518,20.3457],[106.2567,20.3593],[106.2855,20.3833],[106.2859,20.3931],[106.2796,20.4027],[106.2373,20.4058],[106.2121,20.4173],[106.1978,20.4181],[106.1927,20.4057],[106.1953,20.3892],[106.1895,20.376],[106.1847,20.3759],[106.1877,20.3836],[106.1803,20.3874],[106.1792,20.4036],[106.1719,20.4053],[106.1595,20.3884],[106.1532,20.362],[106.1583,20.3571],[106.1648,20.3643],[106.1702,20.3626],[106.1622,20.3395],[106.1698,20.3329],[106.1475,20.3108],[106.1633,20.2838],[106.1588,20.2821],[106.1798,20.2512],[106.1918,20.2623],[106.1912,20.2666],[106.1995,20.2632],[106.2066,20.2691],[106.2111,20.2665],[106.2125,20.2789]],[[106.2113,20.3887],[106.208,20.3838],[106.2048,20.3943],[106.2113,20.3887]]]}},{"type":"Feature","properties":{"gid":"VNM.40.6_1","provZh":"南定省","name2":"Nghĩa Hưng","type2":"Huyện","engtype2":"District"},"geometry":{"type":"Polygon","coordinates":[[[106.0953,19.9705],[106.096,19.9571],[106.103,19.9571],[106.1392,19.9679],[106.1395,19.979],[106.154,19.9788],[106.1767,19.9929],[106.1815,19.9859],[106.1931,20.0004],[106.2102,20.048],[106.2083,20.087],[106.1986,20.1124],[106.1829,20.1298],[106.1785,20.1421],[106.1819,20.1833],[106.1864,20.1961],[106.1977,20.2077],[106.1971,20.2218],[106.1877,20.2355],[106.1817,20.2284],[106.1794,20.247],[106.1747,20.2478],[106.1772,20.2525],[106.1475,20.3108],[106.1418,20.299],[106.144,20.2788],[106.1405,20.2711],[106.1193,20.2695],[106.0974,20.2504],[106.0974,20.2459],[106.1081,20.2162],[106.1516,20.2267],[106.1623,20.1856],[106.1687,20.1327],[106.1479,20.0997],[106.1405,20.0645],[106.1147,20.0467],[106.1108,20.0166],[106.0953,19.9705]]]}},{"type":"Feature","properties":{"gid":"VNM.40.7_1","provZh":"南定省","name2":"Trực Ninh","type2":"Huyện","engtype2":"District"},"geometry":{"type":"Polygon","coordinates":[[[106.1781,20.1548],[106.1785,20.1421],[106.1869,20.1591],[106.2407,20.1595],[106.2541,20.2151],[106.2427,20.2249],[106.2421,20.2292],[106.2478,20.2314],[106.2432,20.2374],[106.2584,20.2511],[106.2763,20.238],[106.2849,20.2382],[106.319,20.2644],[106.33,20.2925],[106.3276,20.2987],[106.3126,20.2992],[106.3111,20.3257],[106.3191,20.345],[106.2953,20.3405],[106.2651,20.3267],[106.2512,20.3128],[106.2682,20.2921],[106.249,20.28],[106.2497,20.2748],[106.2419,20.2674],[106.2278,20.2631],[106.2304,20.2725],[106.2262,20.2803],[106.2152,20.28],[106.2111,20.2665],[106.2066,20.2691],[106.1995,20.2632],[106.1912,20.2666],[106.1879,20.2582],[106.1772,20.2525],[106.1747,20.2478],[106.1794,20.247],[106.1817,20.2284],[106.1877,20.2355],[106.1971,20.2218],[106.1978,20.2116],[106.1819,20.1833],[106.1781,20.1548]]]}},{"type":"Feature","properties":{"gid":"VNM.40.8_1","provZh":"南定省","name2":"Vụ Bản","type2":"Huyện","engtype2":"District"},"geometry":{"type":"Polygon","coordinates":[[[106.1131,20.3027],[106.1353,20.3087],[106.1439,20.3052],[106.1674,20.3284],[106.17,20.3354],[106.1637,20.3373],[106.1625,20.3443],[106.1702,20.3626],[106.1648,20.3643],[106.1583,20.3571],[106.1527,20.367],[106.1595,20.3884],[106.1709,20.4034],[106.165,20.4074],[106.1603,20.3982],[106.1548,20.4022],[106.1541,20.3936],[106.1475,20.3917],[106.1309,20.3997],[106.1345,20.408],[106.1315,20.4188],[106.1005,20.4109],[106.0875,20.4283],[106.0787,20.4288],[106.084,20.4486],[106.0584,20.4463],[106.0594,20.4558],[106.0428,20.4626],[106.0425,20.4503],[106.0288,20.4449],[106.0199,20.4158],[106.0304,20.3987],[106.0447,20.4031],[106.0469,20.3971],[106.0383,20.3774],[106.0402,20.3657],[106.0573,20.3629],[106.0645,20.3667],[106.0695,20.3616],[106.0554,20.3187],[106.0607,20.3165],[106.0673,20.3209],[106.0807,20.3095],[106.0975,20.3136],[106.1006,20.3008],[106.1131,20.3027]]]}},{"type":"Feature","properties":{"gid":"VNM.40.9_1","provZh":"南定省","name2":"Xuân Trường","type2":"Huyện","engtype2":"District"},"geometry":{"type":"Polygon","coordinates":[[[106.3511,20.2381],[106.3605,20.2465],[106.3652,20.239],[106.3673,20.2422],[106.3723,20.2712],[106.3788,20.2805],[106.4122,20.2856],[106.4317,20.3003],[106.4072,20.3317],[106.3888,20.3439],[106.3721,20.345],[106.3583,20.3517],[106.3392,20.3774],[106.2953,20.3405],[106.3191,20.345],[106.3111,20.3257],[106.3126,20.2992],[106.3276,20.2987],[106.33,20.2925],[106.319,20.2644],[106.2986,20.2479],[106.3013,20.2428],[106.2972,20.2315],[106.3085,20.223],[106.3078,20.2297],[106.3153,20.2314],[106.3158,20.218],[106.3224,20.2172],[106.3243,20.2434],[106.3364,20.2374],[106.3511,20.2381]]]}},{"type":"Feature","properties":{"gid":"VNM.40.10_1","provZh":"南定省","name2":"Ý Yên","type2":"Huyện","engtype2":"District"},"geometry":{"type":"Polygon","coordinates":[[[106.0429,20.2197],[106.0587,20.218],[106.0788,20.2332],[106.088,20.2534],[106.0946,20.2548],[106.0974,20.2504],[106.1193,20.2695],[106.1405,20.2711],[106.1439,20.3052],[106.1288,20.3082],[106.1006,20.3008],[106.0975,20.3136],[106.0807,20.3095],[106.0673,20.3209],[106.0607,20.3165],[106.0554,20.3187],[106.0695,20.3616],[106.0645,20.3667],[106.0573,20.3629],[106.0402,20.3657],[106.0383,20.3774],[106.0469,20.3971],[106.0447,20.4031],[106.0304,20.3987],[106.0047,20.4025],[106.0019,20.3964],[106.0019,20.4033],[106.0003,20.3961],[105.9955,20.3954],[105.9895,20.4104],[105.9948,20.4283],[105.983,20.4314],[105.9779,20.4414],[105.9738,20.4233],[105.9648,20.4257],[105.9581,20.4156],[105.9484,20.4134],[105.9502,20.4036],[105.9421,20.3983],[105.9239,20.3959],[105.9274,20.3788],[105.9367,20.3759],[105.9372,20.3573],[105.9543,20.3529],[105.9479,20.3375],[105.9365,20.3271],[105.967,20.3127],[105.9835,20.2941],[105.986,20.2808],[105.9813,20.2641],[105.99,20.2574],[106.0105,20.2505],[106.0408,20.2555],[106.0473,20.2517],[106.0482,20.242],[106.0322,20.2407],[106.0291,20.236],[106.0429,20.2197]]]}},{"type":"Feature","properties":{"gid":"VNM.41.1_1","provZh":"义安省","name2":"Anh Sơn","type2":"Huyện","engtype2":"District"},"geometry":{"type":"Polygon","coordinates":[[[104.9394,18.7657],[104.9373,18.7595],[104.9645,18.7818],[104.9736,18.7976],[104.9973,18.8145],[105.0091,18.8301],[105.0062,18.8322],[105.0177,18.8347],[105.0306,18.8482],[105.0379,18.8305],[105.066,18.8625],[105.0727,18.8771],[105.0956,18.8746],[105.108,18.8673],[105.1416,18.8722],[105.1548,18.8828],[105.1651,18.8765],[105.1814,18.8767],[105.2065,18.8922],[105.2183,18.8897],[105.2238,18.8956],[105.2328,18.8947],[105.2373,18.9014],[105.2479,18.903],[105.2542,18.9132],[105.2334,18.9279],[105.2437,18.9329],[105.2473,18.9494],[105.2284,18.9732],[105.2269,19.0017],[105.211,18.9876],[105.1678,18.9754],[105.1221,18.9869],[105.1196,18.9957],[105.1106,18.9981],[105.0869,18.9869],[105.0866,18.9981],[105.0916,18.9972],[105.0917,19.0056],[105.0681,19.0164],[105.0675,19.0214],[105.0735,19.0459],[105.0803,19.0474],[105.0843,19.0597],[105.0922,19.0666],[105.0539,19.0617],[105.0451,19.0921],[105.0552,19.1156],[105.0652,19.1229],[105.0651,19.1348],[105.0574,19.1481],[105.0698,19.1621],[105.0323,19.1613],[105.0271,19.1295],[105.0032,19.101],[105.0022,19.0686],[104.9951,19.0697],[104.9786,19.0505],[104.9658,19.0518],[104.9576,19.0475],[104.9305,19.0606],[104.9083,19.0607],[104.9013,19.0531],[104.9,19.044],[104.9293,19.0426],[104.9314,19.0336],[104.9267,19.0313],[104.9261,19.0237],[104.9398,19.0131],[104.9354,19.0107],[104.9367,18.9913],[104.947,18.9831],[104.9674,18.9822],[104.9621,18.9743],[104.9767,18.9664],[104.9773,18.9495],[104.9722,18.9435],[104.9825,18.9391],[104.9838,18.9303],[105.0072,18.9114],[105.0052,18.8972],[105.0245,18.8817],[105.0043,18.8779],[104.988,18.8821],[104.9715,18.8643],[104.9453,18.8747],[104.9313,18.8739],[104.922,18.8551],[104.934,18.8395],[104.9206,18.8192],[104.9231,18.8133],[104.913,18.7906],[104.9381,18.7737],[104.9394,18.7657]]]}},{"type":"Feature","properties":{"gid":"VNM.41.3_1","provZh":"义安省","name2":"Con Cuông","type2":"Huyện","engtype2":"District"},"geometry":{"type":"Polygon","coordinates":[[[104.9047,18.7863],[104.9143,18.7923],[104.9231,18.8133],[104.9206,18.8192],[104.9332,18.8363],[104.922,18.8551],[104.9313,18.8739],[104.9453,18.8747],[104.9715,18.8643],[104.988,18.8821],[105.0043,18.8779],[105.0245,18.8817],[105.0052,18.8972],[105.0072,18.9114],[104.9838,18.9303],[104.9825,18.9391],[104.9722,18.9435],[104.9773,18.9495],[104.9767,18.9664],[104.9621,18.9743],[104.9674,18.9822],[104.947,18.9831],[104.9367,18.9913],[104.9354,19.0107],[104.9398,19.0131],[104.9261,19.0237],[104.9267,19.0313],[104.9314,19.0336],[104.9293,19.0426],[104.9,19.044],[104.9083,19.0607],[104.9305,19.0606],[104.9593,19.0472],[104.9658,19.0518],[104.9786,19.0505],[104.9951,19.0697],[105.0022,19.0686],[105.0032,19.101],[105.0271,19.1295],[105.0299,19.1582],[105.0475,19.1706],[105.0265,19.1943],[104.9925,19.1952],[104.9875,19.2079],[104.9758,19.2117],[104.9722,19.2202],[104.9757,19.2266],[104.9842,19.2273],[104.9852,19.2359],[104.9964,19.2479],[104.983,19.2575],[104.9875,19.2631],[104.9769,19.2659],[104.9822,19.2747],[104.9786,19.2766],[104.9798,19.2862],[104.9973,19.3066],[104.9963,19.3162],[104.9832,19.3274],[104.9999,19.3392],[104.9919,19.3508],[104.9758,19.3518],[104.9528,19.3304],[104.9348,19.3277],[104.931,19.3186],[104.8997,19.3015],[104.8978,19.2857],[104.9026,19.2627],[104.891,19.2516],[104.8753,19.2578],[104.8691,19.2529],[104.8714,19.2445],[104.8579,19.2443],[104.8522,19.2244],[104.8465,19.2221],[104.8481,19.21],[104.8241,19.2103],[104.8186,19.2144],[104.774,19.2017],[104.7687,19.2049],[104.7695,19.2132],[104.7626,19.2137],[104.7537,19.2032],[104.7318,19.1984],[104.7191,19.1766],[104.7235,19.159],[104.7158,19.1462],[104.7197,19.1443],[104.7138,19.1392],[104.7186,19.1284],[104.7031,19.1148],[104.7025,19.1089],[104.6815,19.094],[104.6754,19.0779],[104.6668,19.0755],[104.661,19.0617],[104.6502,19.0569],[104.6406,19.038],[104.6311,19.0394],[104.5943,19.0197],[104.5645,19.026],[104.5586,19.0117],[104.5467,19.0028],[104.5474,18.9981],[104.5295,18.9856],[104.5436,18.9738],[104.5459,18.9539],[104.5615,18.94],[104.5796,18.9012],[104.5886,18.904],[104.6279,18.888],[104.6303,18.8756],[104.6363,18.8697],[104.656,18.8654],[104.6768,18.8374],[104.6898,18.8353],[104.6994,18.8401],[104.7066,18.8361],[104.7152,18.8407],[104.7144,18.8306],[104.7196,18.8272],[104.721,18.8176],[104.7371,18.8148],[104.7389,18.8007],[104.7584,18.7948],[104.7844,18.8022],[104.7949,18.7842],[104.8415,18.7854],[104.8568,18.7743],[104.8728,18.7866],[104.9047,18.7863]]]}},{"type":"Feature","properties":{"gid":"VNM.41.2_1","provZh":"义安省","name2":"Cửa Lò","type2":"Thị xã","engtype2":"Town"},"geometry":{"type":"MultiPolygon","coordinates":[[[[105.7601,18.7615],[105.7627,18.7631],[105.7242,18.8091],[105.7186,18.8324],[105.6919,18.8295],[105.6905,18.8245],[105.7124,18.8155],[105.7083,18.8056],[105.6972,18.8005],[105.6982,18.7908],[105.7027,18.7906],[105.7093,18.7789],[105.7139,18.7831],[105.723,18.7787],[105.7356,18.7486],[105.7431,18.7487],[105.7601,18.7615]]],[[[105.7756,18.7989],[105.7824,18.8037],[105.7785,18.8065],[105.7766,18.8015],[105.7695,18.8004],[105.7721,18.796],[105.7756,18.7989]]]]}},{"type":"Feature","properties":{"gid":"VNM.41.4_1","provZh":"义安省","name2":"Diễn Châu","type2":"Huyện","engtype2":"District"},"geometry":{"type":"Polygon","coordinates":[[[105.6025,18.8666],[105.6105,18.8706],[105.6135,18.8867],[105.6169,18.8807],[105.6308,18.8854],[105.6399,18.8953],[105.628,18.9202],[105.6155,18.9808],[105.6259,19.0367],[105.6562,19.087],[105.6529,19.0929],[105.6437,19.0915],[105.6459,19.1038],[105.6236,19.1012],[105.6202,19.108],[105.6005,19.1163],[105.5732,19.1417],[105.5613,19.1445],[105.5638,19.1521],[105.5565,19.1556],[105.5577,19.1619],[105.5475,19.1707],[105.5492,19.1795],[105.5424,19.1823],[105.5245,19.1676],[105.5115,19.1689],[105.4958,19.1592],[105.5017,19.149],[105.5129,19.147],[105.5244,19.1366],[105.5215,19.1273],[105.532,19.1233],[105.531,19.1187],[105.5514,19.1189],[105.5455,19.1134],[105.5553,19.11],[105.553,19.1043],[105.5606,19.1027],[105.5647,19.0957],[105.5616,19.0837],[105.5753,19.079],[105.5802,19.0687],[105.5728,19.0491],[105.5618,19.0503],[105.5456,19.0444],[105.5352,19.0277],[105.5354,19.0185],[105.5293,19.0165],[105.5292,19.022],[105.52,19.0256],[105.5114,19.0167],[105.5182,19.0144],[105.5195,19.0072],[105.5142,19.0049],[105.5139,18.9963],[105.5177,18.9911],[105.5279,18.9954],[105.5256,18.992],[105.5323,18.9874],[105.5257,18.9859],[105.5304,18.9832],[105.5263,18.9831],[105.5248,18.9742],[105.5185,18.9791],[105.5141,18.9764],[105.5228,18.9331],[105.5153,18.9222],[105.5216,18.9148],[105.5213,18.9068],[105.5118,18.897],[105.5358,18.8884],[105.5454,18.8603],[105.5675,18.8587],[105.6025,18.8666]]]}},{"type":"Feature","properties":{"gid":"VNM.41.5_1","provZh":"义安省","name2":"Đô Lương","type2":"Huyện","engtype2":"District"},"geometry":{"type":"Polygon","coordinates":[[[105.47,18.8793],[105.4416,18.8972],[105.4362,18.8925],[105.3886,18.8996],[105.3812,18.9149],[105.3658,18.9232],[105.3663,18.9283],[105.3561,18.9397],[105.3595,18.949],[105.3564,18.9592],[105.3152,18.9727],[105.3173,18.9867],[105.3085,18.9889],[105.3075,18.9831],[105.2993,18.9823],[105.3018,18.9952],[105.3102,18.9944],[105.3058,19.0026],[105.3138,19.0083],[105.31,19.0131],[105.3162,19.0335],[105.301,19.0511],[105.2721,19.0224],[105.2533,19.0224],[105.2468,19.0115],[105.2269,19.0017],[105.2284,18.9732],[105.2473,18.9494],[105.2437,18.9329],[105.2334,18.9279],[105.2542,18.9132],[105.2418,18.8994],[105.2238,18.8956],[105.2188,18.8862],[105.2336,18.8694],[105.2509,18.8765],[105.2517,18.8858],[105.2605,18.8924],[105.2707,18.8852],[105.2954,18.8878],[105.2978,18.8821],[105.2909,18.8722],[105.2985,18.8552],[105.2855,18.855],[105.2761,18.8494],[105.2838,18.8322],[105.3024,18.8277],[105.3168,18.8363],[105.3316,18.8333],[105.3411,18.8359],[105.3452,18.8456],[105.3527,18.8487],[105.3715,18.8296],[105.3706,18.8242],[105.3804,18.81],[105.3987,18.7937],[105.4003,18.7888],[105.3928,18.7824],[105.3949,18.7777],[105.4258,18.7864],[105.4278,18.7938],[105.4573,18.7781],[105.4817,18.7739],[105.4687,18.7889],[105.4733,18.8046],[105.4663,18.8135],[105.4679,18.8295],[105.4743,18.8293],[105.4817,18.8489],[105.4735,18.8535],[105.473,18.864],[105.4819,18.8786],[105.47,18.8793]]]}},{"type":"Feature","properties":{"gid":"VNM.41.6_1","provZh":"义安省","name2":"Hoàng Mai","type2":"Thị xã","engtype2":"Town"},"geometry":{"type":"Polygon","coordinates":[[[105.7533,19.3052],[105.7494,19.3023],[105.7447,19.3087],[105.7419,19.3235],[105.715,19.3031],[105.6939,19.3042],[105.6908,19.3001],[105.6755,19.3156],[105.6763,19.3225],[105.6644,19.3139],[105.6679,19.3402],[105.6499,19.3448],[105.6364,19.3307],[105.6363,19.3228],[105.6273,19.3168],[105.6437,19.2905],[105.6348,19.2821],[105.6237,19.28],[105.6428,19.2604],[105.6295,19.2423],[105.6572,19.234],[105.6716,19.2469],[105.6778,19.2466],[105.6828,19.2395],[105.665,19.2249],[105.6687,19.2177],[105.679,19.2136],[105.6827,19.2057],[105.6796,19.2017],[105.6896,19.1868],[105.7019,19.1977],[105.7131,19.1949],[105.7121,19.1908],[105.7206,19.1861],[105.7314,19.1857],[105.7387,19.2197],[105.7558,19.2326],[105.7579,19.2246],[105.7669,19.2279],[105.7804,19.2704],[105.788,19.2759],[105.7922,19.2718],[105.8064,19.2737],[105.8011,19.302],[105.7682,19.2921],[105.7533,19.3052]]]}},{"type":"Feature","properties":{"gid":"VNM.41.7_1","provZh":"义安省","name2":"Hưng Nguyên","type2":"Huyện","engtype2":"District"},"geometry":{"type":"Polygon","coordinates":[[[105.6264,18.5695],[105.6313,18.572],[105.6262,18.5627],[105.6353,18.5636],[105.6632,18.5849],[105.6761,18.5784],[105.6818,18.5806],[105.6897,18.597],[105.6912,18.6295],[105.7064,18.6396],[105.6818,18.6541],[105.6829,18.644],[105.6432,18.6566],[105.6375,18.6836],[105.6456,18.6869],[105.6374,18.7067],[105.6386,18.7144],[105.6353,18.7205],[105.6285,18.7213],[105.6129,18.7464],[105.6171,18.7558],[105.6105,18.7712],[105.615,18.7945],[105.6092,18.8025],[105.5982,18.8008],[105.6017,18.7943],[105.5959,18.7925],[105.5909,18.8036],[105.5807,18.7879],[105.5842,18.7854],[105.5779,18.772],[105.5806,18.7672],[105.5564,18.7541],[105.5571,18.7468],[105.5726,18.7209],[105.5939,18.7135],[105.601,18.7159],[105.6079,18.6802],[105.6048,18.6755],[105.5926,18.6742],[105.5851,18.6569],[105.5928,18.653],[105.6009,18.6556],[105.6008,18.6424],[105.6076,18.6414],[105.609,18.6354],[105.5991,18.6284],[105.5832,18.6353],[105.5779,18.6482],[105.5809,18.657],[105.5652,18.6474],[105.5547,18.6261],[105.5726,18.6208],[105.5815,18.626],[105.599,18.6029],[105.609,18.6049],[105.616,18.5946],[105.6189,18.5711],[105.6264,18.5695]]]}},{"type":"Feature","properties":{"gid":"VNM.41.8_1","provZh":"义安省","name2":"Kỳ Sơn","type2":"Huyện","engtype2":"District"},"geometry":{"type":"Polygon","coordinates":[[[104.2943,19.1129],[104.3034,19.1137],[104.3036,19.1261],[104.3239,19.1455],[104.3368,19.1718],[104.3302,19.1765],[104.331,19.1835],[104.3137,19.1943],[104.3116,19.2003],[104.301,19.1999],[104.298,19.2056],[104.2707,19.2146],[104.2724,19.2293],[104.2675,19.229],[104.2667,19.2434],[104.2809,19.2538],[104.2903,19.2845],[104.3064,19.2976],[104.3235,19.3022],[104.332,19.3132],[104.3314,19.3215],[104.3519,19.3318],[104.3555,19.3637],[104.3491,19.3653],[104.3604,19.3815],[104.3509,19.3843],[104.3504,19.3995],[104.3561,19.4117],[104.3684,19.3964],[104.3702,19.3734],[104.3795,19.3684],[104.3988,19.3787],[104.4074,19.3693],[104.41,19.3754],[104.4336,19.3786],[104.4408,19.3859],[104.4435,19.427],[104.4534,19.4465],[104.4531,19.4567],[104.4407,19.4696],[104.44,19.4844],[104.4301,19.4886],[104.4356,19.5021],[104.395,19.5113],[104.4017,19.536],[104.4265,19.5424],[104.4289,19.5572],[104.4267,19.5647],[104.4186,19.5652],[104.4093,19.5774],[104.3934,19.5833],[104.396,19.6005],[104.382,19.612],[104.3852,19.6185],[104.394,19.6131],[104.402,19.6197],[104.4142,19.6183],[104.4287,19.6423],[104.4476,19.6608],[104.4448,19.6726],[104.4257,19.6738],[104.4212,19.6833],[104.4237,19.6903],[104.4189,19.6936],[104.4223,19.7003],[104.412,19.7051],[104.4037,19.7044],[104.4003,19.6964],[104.3866,19.6984],[104.3486,19.6908],[104.3386,19.6769],[104.3193,19.6662],[104.3161,19.6702],[104.3194,19.6841],[104.302,19.6967],[104.2836,19.694],[104.2606,19.7033],[104.2331,19.7067],[104.2102,19.7031],[104.2005,19.6929],[104.1804,19.6932],[104.1762,19.6879],[104.1619,19.6957],[104.1564,19.6863],[104.1573,19.6707],[104.1337,19.6601],[104.0928,19.6654],[104.0709,19.6822],[104.0714,19.6693],[104.0575,19.6515],[104.0686,19.6362],[104.0602,19.621],[104.0623,19.6115],[104.0724,19.6046],[104.086,19.5815],[104.1078,19.5686],[104.1091,19.531],[104.104,19.5233],[104.1233,19.5019],[104.1126,19.4898],[104.098,19.4925],[104.0927,19.4887],[104.0855,19.4796],[104.086,19.4667],[104.0645,19.4531],[104.0757,19.4475],[104.0703,19.4158],[104.0513,19.4194],[104.0489,19.4249],[104.031,19.4146],[104.0236,19.4161],[104.0141,19.4022],[103.9927,19.4052],[103.9886,19.3993],[103.9752,19.398],[103.9578,19.3838],[103.9614,19.3753],[103.9521,19.3573],[103.9304,19.3436],[103.9198,19.3423],[103.9079,19.3299],[103.8949,19.3309],[103.8841,19.3259],[103.8756,19.3181],[103.8756,19.3065],[103.8844,19.3025],[103.8984,19.3096],[103.9146,19.3035],[103.9236,19.2855],[103.9623,19.2511],[103.9945,19.2383],[103.9988,19.2326],[104.0455,19.2437],[104.0596,19.24],[104.0715,19.2468],[104.0938,19.2296],[104.1035,19.2128],[104.1129,19.2233],[104.1309,19.2032],[104.1814,19.1981],[104.1947,19.1813],[104.2004,19.1616],[104.2251,19.1555],[104.2267,19.149],[104.2194,19.1415],[104.2139,19.1216],[104.2478,19.1125],[104.2733,19.1199],[104.2875,19.1184],[104.2943,19.1129]]]}},{"type":"Feature","properties":{"gid":"VNM.41.9_1","provZh":"义安省","name2":"Nam Đàn","type2":"Huyện","engtype2":"District"},"geometry":{"type":"Polygon","coordinates":[[[105.5856,18.5616],[105.5897,18.5727],[105.6163,18.5773],[105.616,18.5946],[105.609,18.6049],[105.599,18.6029],[105.5899,18.611],[105.5815,18.626],[105.5726,18.6208],[105.5547,18.6261],[105.5652,18.6474],[105.5809,18.657],[105.5779,18.6482],[105.5832,18.6353],[105.5941,18.6291],[105.6065,18.6304],[105.6083,18.6402],[105.6006,18.6431],[105.6036,18.6525],[105.5851,18.6569],[105.5926,18.6742],[105.6048,18.6755],[105.6079,18.6802],[105.601,18.7159],[105.5939,18.7135],[105.568,18.7246],[105.5564,18.7541],[105.5231,18.7588],[105.5152,18.7661],[105.4962,18.7658],[105.4928,18.7736],[105.4682,18.7743],[105.4286,18.7937],[105.4258,18.7864],[105.4062,18.7816],[105.4037,18.774],[105.4122,18.7599],[105.4075,18.7447],[105.4192,18.7378],[105.4285,18.7404],[105.4288,18.7322],[105.439,18.7347],[105.438,18.7214],[105.4417,18.7176],[105.438,18.7084],[105.4511,18.711],[105.4698,18.7024],[105.46,18.6929],[105.4448,18.6923],[105.4403,18.6863],[105.4429,18.6814],[105.4872,18.6508],[105.4936,18.6414],[105.4988,18.6164],[105.5155,18.5986],[105.5311,18.5609],[105.5463,18.5524],[105.5611,18.5595],[105.5856,18.5616]]]}},{"type":"Feature","properties":{"gid":"VNM.41.10_1","provZh":"义安省","name2":"Nghi Lộc","type2":"Huyện","engtype2":"District"},"geometry":{"type":"MultiPolygon","coordinates":[[[[105.7477,18.7083],[105.7544,18.7135],[105.7433,18.7376],[105.7431,18.7487],[105.7344,18.7503],[105.723,18.7787],[105.7139,18.7831],[105.7093,18.7789],[105.7027,18.7906],[105.6982,18.7908],[105.6972,18.8005],[105.7083,18.8056],[105.7124,18.8155],[105.6905,18.8245],[105.6919,18.8295],[105.7186,18.8324],[105.7151,18.8446],[105.7198,18.8476],[105.7081,18.8491],[105.6906,18.8743],[105.6792,18.8749],[105.6755,18.8806],[105.6673,18.8804],[105.6616,18.8893],[105.6561,18.8852],[105.6399,18.8953],[105.6308,18.8854],[105.6169,18.8807],[105.6135,18.8867],[105.6105,18.8706],[105.6037,18.8658],[105.5675,18.8587],[105.5434,18.8614],[105.5444,18.8696],[105.5354,18.8807],[105.5358,18.8884],[105.5259,18.8935],[105.5072,18.8978],[105.4945,18.8942],[105.4954,18.8859],[105.4849,18.885],[105.473,18.864],[105.4735,18.8535],[105.4817,18.8489],[105.4743,18.8293],[105.4679,18.8295],[105.4663,18.8135],[105.4733,18.8046],[105.4683,18.7927],[105.4726,18.7814],[105.4928,18.7736],[105.4962,18.7658],[105.5152,18.7661],[105.5231,18.7588],[105.5564,18.7541],[105.5806,18.7672],[105.5779,18.772],[105.5842,18.7854],[105.5807,18.7879],[105.5897,18.7969],[105.5884,18.8021],[105.5927,18.8034],[105.5908,18.7976],[105.5981,18.7921],[105.6017,18.7943],[105.5982,18.8008],[105.6092,18.8025],[105.615,18.7945],[105.6105,18.7712],[105.6171,18.7558],[105.6129,18.7464],[105.6285,18.7213],[105.6353,18.7205],[105.6375,18.7383],[105.646,18.7424],[105.6413,18.7592],[105.6593,18.7657],[105.6688,18.7539],[105.673,18.7593],[105.6772,18.751],[105.6932,18.7566],[105.6971,18.7323],[105.733,18.6898],[105.7437,18.6877],[105.7477,18.7083]]],[[[105.7672,18.8463],[105.757,18.8419],[105.7681,18.842],[105.7672,18.8463]]]]}},{"type":"Feature","properties":{"gid":"VNM.41.11_1","provZh":"义安省","name2":"Nghĩa Đàn","type2":"Huyện","engtype2":"District"},"geometry":{"type":"Polygon","coordinates":[[[105.4874,19.2552],[105.473,19.2524],[105.4622,19.2708],[105.4629,19.2438],[105.4587,19.2425],[105.4505,19.2598],[105.4423,19.2637],[105.4328,19.2566],[105.433,19.2459],[105.4288,19.2451],[105.42,19.255],[105.422,19.2626],[105.4179,19.2673],[105.4173,19.2617],[105.4055,19.2566],[105.4004,19.2629],[105.4043,19.2678],[105.3947,19.2672],[105.3916,19.2716],[105.3949,19.2774],[105.3915,19.2744],[105.3887,19.28],[105.3869,19.2711],[105.3736,19.2694],[105.3701,19.2606],[105.3624,19.2628],[105.3571,19.2587],[105.357,19.2487],[105.3444,19.2549],[105.3491,19.2626],[105.3461,19.2777],[105.3566,19.2795],[105.3577,19.2847],[105.3663,19.284],[105.3722,19.3073],[105.3848,19.3089],[105.3844,19.3229],[105.3918,19.3234],[105.4034,19.3444],[105.3998,19.3535],[105.4057,19.3604],[105.4069,19.3494],[105.4155,19.348],[105.422,19.3586],[105.429,19.3577],[105.4276,19.3533],[105.4384,19.3386],[105.4383,19.3293],[105.4565,19.3257],[105.4594,19.3123],[105.4774,19.3205],[105.4874,19.3131],[105.5215,19.305],[105.5244,19.2928],[105.5308,19.291],[105.54,19.3023],[105.5586,19.2983],[105.566,19.3078],[105.5629,19.316],[105.557,19.3164],[105.5593,19.3257],[105.5765,19.3395],[105.5776,19.3494],[105.5832,19.3471],[105.5919,19.3569],[105.5902,19.3708],[105.5816,19.382],[105.583,19.3898],[105.5666,19.4032],[105.5442,19.4335],[105.5391,19.455],[105.5246,19.4643],[105.5004,19.4618],[105.4851,19.4496],[105.4693,19.4557],[105.4627,19.4538],[105.4464,19.4409],[105.4354,19.4541],[105.418,19.4558],[105.4152,19.4597],[105.4033,19.4489],[105.3899,19.4553],[105.39,19.4693],[105.3594,19.5064],[105.3645,19.5166],[105.3561,19.5322],[105.3566,19.5416],[105.3449,19.5425],[105.3395,19.531],[105.3327,19.5315],[105.3331,19.5228],[105.3258,19.519],[105.3248,19.5096],[105.3087,19.4986],[105.3086,19.4893],[105.2974,19.4857],[105.2988,19.4807],[105.294,19.4759],[105.3019,19.462],[105.2993,19.4532],[105.3048,19.4481],[105.2974,19.44],[105.3093,19.4403],[105.3015,19.4196],[105.3111,19.4179],[105.3129,19.412],[105.3084,19.4061],[105.3187,19.4043],[105.317,19.3912],[105.3269,19.3863],[105.3211,19.3797],[105.3192,19.3663],[105.3114,19.3693],[105.3004,19.3492],[105.3077,19.3516],[105.3255,19.3445],[105.3221,19.3391],[105.3262,19.3313],[105.3378,19.3234],[105.3389,19.3034],[105.3265,19.2838],[105.3368,19.2645],[105.3333,19.2561],[105.3013,19.2374],[105.3071,19.2171],[105.3292,19.2163],[105.3301,19.2096],[105.3391,19.2106],[105.3457,19.2189],[105.3565,19.2033],[105.3635,19.2026],[105.3569,19.1991],[105.3579,19.1949],[105.3798,19.2023],[105.3883,19.2005],[105.4357,19.1728],[105.461,19.189],[105.4774,19.2069],[105.5019,19.2173],[105.5156,19.2424],[105.4981,19.257],[105.4874,19.2552]]]}},{"type":"Feature","properties":{"gid":"VNM.41.12_1","provZh":"义安省","name2":"Quế Phong","type2":"Huyện","engtype2":"District"},"geometry":{"type":"Polygon","coordinates":[[[104.9915,19.5983],[105.0057,19.6043],[104.9917,19.6199],[104.9927,19.636],[105.002,19.6473],[104.9896,19.6613],[104.9958,19.6815],[104.9937,19.6902],[105.0032,19.6977],[105.0156,19.6929],[105.0284,19.7225],[105.0426,19.7211],[105.0482,19.7253],[105.0658,19.7206],[105.0788,19.7294],[105.0766,19.7423],[105.0835,19.7485],[105.1102,19.7483],[105.1192,19.7409],[105.1336,19.7431],[105.133,19.7603],[105.1376,19.7653],[105.1308,19.7782],[105.1279,19.801],[105.1322,19.8076],[105.1323,19.8263],[105.1453,19.8346],[105.1503,19.8555],[105.1805,19.8536],[105.1867,19.8585],[105.1883,19.868],[105.1788,19.8814],[105.1687,19.9144],[105.1594,19.9208],[105.1345,19.9204],[105.1194,19.9313],[105.093,19.9383],[105.0467,19.9299],[105.0425,19.9403],[105.0361,19.939],[105.0175,19.9519],[105.0033,19.9507],[104.999,19.9616],[104.9769,19.9758],[104.9657,19.9746],[104.9584,19.9926],[104.928,19.9885],[104.9201,19.996],[104.9115,19.989],[104.9098,19.977],[104.8939,19.9571],[104.8635,19.9449],[104.8425,19.9247],[104.8412,19.9169],[104.8511,19.9119],[104.846,19.9072],[104.8414,19.8862],[104.8508,19.872],[104.8336,19.8531],[104.8496,19.8433],[104.8367,19.8268],[104.8362,19.7954],[104.8269,19.7859],[104.7974,19.7896],[104.7752,19.7755],[104.7641,19.7745],[104.7685,19.7648],[104.7578,19.7568],[104.757,19.7498],[104.7394,19.749],[104.7232,19.7552],[104.6943,19.7229],[104.6862,19.7224],[104.6709,19.7009],[104.6632,19.7017],[104.6712,19.6836],[104.66,19.6728],[104.6605,19.6597],[104.6461,19.6547],[104.6534,19.6368],[104.6495,19.626],[104.6323,19.6184],[104.6311,19.5885],[104.6543,19.5806],[104.6655,19.5692],[104.666,19.5624],[104.6788,19.5563],[104.679,19.5492],[104.6936,19.5325],[104.6915,19.5263],[104.7004,19.5174],[104.6946,19.4991],[104.7005,19.4968],[104.6988,19.4856],[104.708,19.4631],[104.7388,19.4515],[104.7596,19.455],[104.7806,19.4331],[104.8056,19.424],[104.8179,19.4127],[104.854,19.432],[104.8636,19.4324],[104.886,19.4504],[104.8954,19.4493],[104.9074,19.4714],[104.928,19.478],[104.935,19.4738],[104.9495,19.4858],[104.9592,19.502],[104.9692,19.5009],[104.978,19.5075],[104.9845,19.5275],[104.9942,19.5294],[104.9918,19.5381],[105.0059,19.5445],[105.0033,19.5505],[104.991,19.5515],[104.9748,19.5701],[104.9739,19.5883],[104.9841,19.5884],[104.9915,19.5983]]]}},{"type":"Feature","properties":{"gid":"VNM.41.13_1","provZh":"义安省","name2":"Quỳ Châu","type2":"Huyện","engtype2":"District"},"geometry":{"type":"Polygon","coordinates":[[[104.9665,19.341],[104.9714,19.3493],[104.981,19.3522],[105.0035,19.3809],[105.0089,19.4029],[105.0179,19.411],[105.0182,19.4275],[105.0339,19.4271],[105.0522,19.4424],[105.0695,19.4375],[105.1034,19.4441],[105.1171,19.4515],[105.1207,19.4587],[105.1185,19.4702],[105.124,19.4749],[105.1367,19.4727],[105.1413,19.461],[105.1562,19.4506],[105.1664,19.434],[105.1827,19.4266],[105.1935,19.4327],[105.1983,19.4473],[105.2176,19.46],[105.222,19.4728],[105.2312,19.4703],[105.2346,19.4622],[105.2571,19.4689],[105.2635,19.4755],[105.2787,19.4635],[105.29,19.4644],[105.2962,19.4713],[105.2898,19.4913],[105.2774,19.4926],[105.2804,19.5039],[105.2716,19.5078],[105.275,19.517],[105.2675,19.5296],[105.2738,19.5469],[105.2712,19.5555],[105.2812,19.5635],[105.2793,19.5823],[105.2729,19.5885],[105.2818,19.5947],[105.2821,19.6034],[105.2693,19.6072],[105.2723,19.6109],[105.2663,19.6166],[105.2611,19.6384],[105.2461,19.6566],[105.2381,19.6539],[105.2352,19.6447],[105.2238,19.6483],[105.2096,19.6631],[105.1818,19.6805],[105.1694,19.68],[105.1635,19.6855],[105.1651,19.6989],[105.1534,19.7075],[105.1626,19.7225],[105.1544,19.724],[105.1336,19.7431],[105.1192,19.7409],[105.1102,19.7483],[105.0835,19.7485],[105.0766,19.7423],[105.0788,19.7294],[105.0658,19.7206],[105.0482,19.7253],[105.0426,19.7211],[105.0284,19.7225],[105.0156,19.6929],[105.0032,19.6977],[104.9937,19.6902],[104.9958,19.6815],[104.9896,19.6613],[105.002,19.6473],[104.9927,19.636],[104.9917,19.6199],[105.0057,19.6043],[104.9884,19.598],[104.9841,19.5884],[104.9756,19.5901],[104.9728,19.5798],[104.9774,19.5755],[104.9748,19.5701],[104.991,19.5515],[105.0033,19.5505],[105.005,19.5412],[104.9918,19.5381],[104.9942,19.5294],[104.9845,19.5275],[104.978,19.5075],[104.9692,19.5009],[104.9592,19.502],[104.9412,19.4777],[104.9074,19.4714],[104.8954,19.4493],[104.886,19.4504],[104.8636,19.4324],[104.854,19.432],[104.8179,19.4127],[104.8332,19.397],[104.8468,19.3923],[104.8641,19.3689],[104.8751,19.3677],[104.8945,19.3455],[104.9118,19.34],[104.9307,19.3234],[104.9396,19.3298],[104.9528,19.3304],[104.9665,19.341]]]}},{"type":"Feature","properties":{"gid":"VNM.41.14_1","provZh":"义安省","name2":"Quỳ Hợp","type2":"Huyện","engtype2":"District"},"geometry":{"type":"Polygon","coordinates":[[[105.0498,19.16],[105.0698,19.1621],[105.0733,19.1727],[105.0933,19.1807],[105.102,19.1913],[105.119,19.1919],[105.1217,19.1976],[105.1375,19.2],[105.1367,19.2217],[105.1502,19.2255],[105.1754,19.2225],[105.1922,19.2273],[105.1937,19.2228],[105.2056,19.2197],[105.2213,19.2256],[105.2277,19.2164],[105.2328,19.2193],[105.2519,19.2045],[105.2614,19.2031],[105.2694,19.1937],[105.2738,19.2002],[105.2907,19.1977],[105.3098,19.2071],[105.3013,19.2374],[105.3304,19.254],[105.3365,19.2622],[105.3265,19.2838],[105.3389,19.3034],[105.3378,19.3234],[105.3262,19.3313],[105.3239,19.3459],[105.3195,19.3437],[105.3077,19.3516],[105.3004,19.3492],[105.3114,19.3693],[105.3192,19.3663],[105.3211,19.3797],[105.3269,19.3863],[105.317,19.3912],[105.3187,19.4043],[105.3084,19.4061],[105.3129,19.412],[105.3111,19.4179],[105.3015,19.4196],[105.3093,19.4403],[105.2974,19.44],[105.3048,19.4481],[105.2983,19.4573],[105.3019,19.462],[105.2946,19.4694],[105.29,19.4644],[105.2787,19.4635],[105.2635,19.4755],[105.2571,19.4689],[105.2346,19.4622],[105.2312,19.4703],[105.222,19.4728],[105.2176,19.46],[105.1983,19.4473],[105.1935,19.4327],[105.1827,19.4266],[105.1664,19.434],[105.1562,19.4506],[105.1413,19.461],[105.1367,19.4727],[105.124,19.4749],[105.1185,19.4702],[105.1207,19.4587],[105.1171,19.4515],[105.1034,19.4441],[105.0695,19.4375],[105.0522,19.4424],[105.0339,19.4271],[105.0182,19.4275],[105.0179,19.411],[105.0089,19.4029],[105.0035,19.3809],[104.981,19.3522],[104.9919,19.3508],[104.9999,19.3406],[104.9832,19.3274],[104.9963,19.3162],[104.9973,19.3066],[104.9798,19.2862],[104.9786,19.2766],[104.9822,19.2747],[104.9769,19.2659],[104.9875,19.2631],[104.983,19.2575],[104.9964,19.2479],[104.9852,19.2359],[104.9842,19.2273],[104.9757,19.2266],[104.9722,19.2202],[104.9758,19.2117],[104.9875,19.2079],[104.9925,19.1952],[105.0265,19.1943],[105.0444,19.1785],[105.0475,19.1706],[105.0414,19.1633],[105.0498,19.16]]]}},{"type":"Feature","properties":{"gid":"VNM.41.15_1","provZh":"义安省","name2":"Quỳnh Lưu","type2":"Huyện","engtype2":"District"},"geometry":{"type":"Polygon","coordinates":[[[105.6997,19.0861],[105.7128,19.098],[105.7384,19.1048],[105.7311,19.1161],[105.7314,19.1857],[105.7206,19.1861],[105.7121,19.1908],[105.7131,19.1949],[105.7019,19.1977],[105.6896,19.1868],[105.6796,19.2017],[105.6827,19.2057],[105.679,19.2136],[105.6687,19.2177],[105.665,19.2249],[105.6828,19.2395],[105.6778,19.2466],[105.6716,19.2469],[105.6572,19.234],[105.6295,19.2423],[105.6428,19.2604],[105.6237,19.28],[105.6348,19.2821],[105.6437,19.2905],[105.6273,19.3168],[105.6535,19.3465],[105.6529,19.3532],[105.6423,19.3534],[105.6388,19.3662],[105.6318,19.366],[105.6278,19.3809],[105.6203,19.3825],[105.6094,19.3685],[105.5902,19.3708],[105.5908,19.3547],[105.5832,19.3471],[105.5776,19.3494],[105.5765,19.3395],[105.5593,19.3257],[105.557,19.3164],[105.5629,19.316],[105.566,19.3078],[105.5586,19.2983],[105.54,19.3023],[105.5308,19.291],[105.534,19.2794],[105.5305,19.2532],[105.535,19.2486],[105.527,19.2333],[105.5231,19.2298],[105.5069,19.231],[105.5019,19.2173],[105.4774,19.2069],[105.461,19.189],[105.4375,19.1764],[105.4334,19.1686],[105.4446,19.1499],[105.4557,19.1464],[105.461,19.1356],[105.5115,19.1689],[105.5245,19.1676],[105.5424,19.1823],[105.5492,19.1795],[105.5475,19.1707],[105.5577,19.1619],[105.5565,19.1556],[105.5638,19.1521],[105.5613,19.1445],[105.5732,19.1417],[105.6005,19.1163],[105.6202,19.108],[105.6236,19.1012],[105.6459,19.1038],[105.6437,19.0915],[105.6529,19.0929],[105.6562,19.087],[105.6738,19.0975],[105.6815,19.0942],[105.6878,19.0839],[105.6997,19.0861]]]}},{"type":"Feature","properties":{"gid":"VNM.41.16_1","provZh":"义安省","name2":"Tân Kỳ","type2":"Huyện","engtype2":"District"},"geometry":{"type":"Polygon","coordinates":[[[105.1071,18.9964],[105.1196,18.9957],[105.1221,18.9869],[105.1339,18.9827],[105.1678,18.9754],[105.211,18.9876],[105.2314,19.0063],[105.2468,19.0115],[105.2533,19.0224],[105.2721,19.0224],[105.308,19.0552],[105.3729,19.076],[105.3931,19.1006],[105.3945,19.1144],[105.3766,19.1107],[105.3703,19.1209],[105.3783,19.1213],[105.4002,19.1379],[105.4064,19.1482],[105.4349,19.1654],[105.4357,19.1728],[105.3883,19.2005],[105.3798,19.2023],[105.3579,19.1949],[105.3569,19.1991],[105.3635,19.2026],[105.3565,19.2033],[105.3457,19.2189],[105.3391,19.2106],[105.3301,19.2096],[105.3292,19.2163],[105.3088,19.2156],[105.3098,19.2071],[105.3046,19.2015],[105.2829,19.1973],[105.2738,19.2002],[105.2694,19.1937],[105.2614,19.2031],[105.2519,19.2045],[105.2328,19.2193],[105.2277,19.2164],[105.2213,19.2256],[105.2056,19.2197],[105.1885,19.2276],[105.1754,19.2225],[105.1625,19.2262],[105.1367,19.2217],[105.1375,19.2],[105.1217,19.1976],[105.119,19.1919],[105.102,19.1913],[105.0933,19.1807],[105.0733,19.1727],[105.0696,19.1593],[105.0574,19.1481],[105.0651,19.1348],[105.0652,19.1229],[105.0552,19.1156],[105.0451,19.0921],[105.0539,19.0617],[105.0922,19.0666],[105.0843,19.0597],[105.0803,19.0474],[105.0735,19.0459],[105.0674,19.0187],[105.0917,19.0056],[105.0916,18.9972],[105.0866,18.9981],[105.0869,18.9869],[105.1071,18.9964]]]}},{"type":"Feature","properties":{"gid":"VNM.41.17_1","provZh":"义安省","name2":"Thái Hoà","type2":"Thị xã","engtype2":"Town"},"geometry":{"type":"Polygon","coordinates":[[[105.5102,19.3062],[105.4951,19.3142],[105.482,19.3151],[105.4774,19.3205],[105.4576,19.3132],[105.4565,19.3257],[105.4383,19.3293],[105.4384,19.3386],[105.4276,19.3533],[105.429,19.3577],[105.422,19.3586],[105.4155,19.348],[105.4069,19.3494],[105.4057,19.3604],[105.3998,19.3535],[105.4034,19.3444],[105.3918,19.3234],[105.3844,19.3229],[105.3848,19.3089],[105.3722,19.3073],[105.3663,19.284],[105.3577,19.2847],[105.3566,19.2795],[105.3461,19.2777],[105.3491,19.2626],[105.3444,19.2549],[105.357,19.2487],[105.3571,19.2587],[105.3624,19.2628],[105.3701,19.2606],[105.3736,19.2694],[105.3869,19.2711],[105.3887,19.28],[105.3915,19.2744],[105.3949,19.2774],[105.3916,19.2716],[105.3947,19.2672],[105.4043,19.2678],[105.4004,19.2629],[105.4055,19.2566],[105.4173,19.2617],[105.4179,19.2673],[105.422,19.2626],[105.42,19.255],[105.4288,19.2451],[105.433,19.2459],[105.4328,19.2566],[105.4452,19.2632],[105.4601,19.242],[105.4652,19.2491],[105.4629,19.2707],[105.473,19.2524],[105.4981,19.257],[105.5156,19.2424],[105.5085,19.231],[105.5231,19.2298],[105.535,19.2486],[105.5305,19.2532],[105.534,19.2794],[105.5308,19.291],[105.5244,19.2928],[105.525,19.3016],[105.5154,19.3081],[105.5102,19.3062]]]}},{"type":"Feature","properties":{"gid":"VNM.41.18_1","provZh":"义安省","name2":"Thanh Chương","type2":"Huyện","engtype2":"District"},"geometry":{"type":"Polygon","coordinates":[[[105.3773,18.5785],[105.3976,18.5799],[105.4182,18.5908],[105.4215,18.5855],[105.4348,18.5875],[105.4409,18.5985],[105.4766,18.6076],[105.4765,18.614],[105.5018,18.6109],[105.4936,18.6414],[105.4853,18.6531],[105.4555,18.671],[105.4403,18.6863],[105.4478,18.6939],[105.46,18.6929],[105.4698,18.7024],[105.4511,18.711],[105.438,18.7084],[105.4417,18.7176],[105.438,18.7214],[105.439,18.7347],[105.4288,18.7322],[105.4285,18.7404],[105.4192,18.7378],[105.4075,18.7447],[105.4122,18.7599],[105.4037,18.774],[105.4062,18.7816],[105.3936,18.7786],[105.4003,18.7888],[105.3987,18.7937],[105.3804,18.81],[105.3588,18.8447],[105.3485,18.849],[105.3411,18.8359],[105.3273,18.8329],[105.3168,18.8363],[105.3024,18.8277],[105.2803,18.8345],[105.2761,18.8494],[105.2855,18.855],[105.2985,18.8552],[105.2909,18.8722],[105.2978,18.8821],[105.2954,18.8878],[105.2707,18.8852],[105.2605,18.8924],[105.2517,18.8858],[105.2509,18.8765],[105.2336,18.8694],[105.2247,18.8759],[105.2183,18.8897],[105.2102,18.8923],[105.1814,18.8767],[105.1651,18.8765],[105.1548,18.8828],[105.1306,18.8688],[105.108,18.8673],[105.0956,18.8746],[105.0727,18.8771],[105.066,18.8625],[105.0379,18.8305],[105.0315,18.8485],[105.0177,18.8347],[105.0083,18.8338],[104.9973,18.8145],[104.9736,18.7976],[104.9645,18.7818],[104.9358,18.7586],[104.9427,18.7387],[104.9685,18.7429],[104.9819,18.7391],[104.9913,18.7444],[104.9977,18.7365],[105.0103,18.7423],[105.011,18.7393],[105.0223,18.7492],[105.0176,18.7395],[105.0226,18.7319],[105.036,18.7334],[105.038,18.7263],[105.0511,18.7305],[105.0601,18.7248],[105.0501,18.7081],[105.053,18.706],[105.068,18.708],[105.0731,18.7033],[105.0844,18.7087],[105.1056,18.7033],[105.1149,18.7136],[105.1337,18.7148],[105.1455,18.7016],[105.1385,18.6969],[105.1395,18.6895],[105.1344,18.6881],[105.1392,18.6811],[105.1539,18.6773],[105.1676,18.6578],[105.1808,18.6605],[105.1893,18.6463],[105.1972,18.6449],[105.1989,18.6388],[105.1907,18.6266],[105.1955,18.6185],[105.1893,18.6004],[105.2121,18.5993],[105.2281,18.5924],[105.2581,18.6155],[105.2815,18.6237],[105.2882,18.6197],[105.2951,18.6221],[105.3053,18.607],[105.3302,18.6018],[105.3387,18.5904],[105.3773,18.5785]]]}},{"type":"Feature","properties":{"gid":"VNM.41.19_1","provZh":"义安省","name2":"Tương Dương","type2":"Huyện","engtype2":"District"},"geometry":{"type":"Polygon","coordinates":[[[104.5129,18.9814],[104.5207,18.9801],[104.5474,18.9981],[104.5467,19.0028],[104.5586,19.0117],[104.5645,19.026],[104.5943,19.0197],[104.6311,19.0394],[104.6406,19.038],[104.6502,19.0569],[104.661,19.0617],[104.6668,19.0755],[104.6754,19.0779],[104.6815,19.094],[104.7025,19.1089],[104.7031,19.1148],[104.7186,19.1284],[104.7138,19.1392],[104.7197,19.1443],[104.7158,19.1462],[104.7235,19.159],[104.7191,19.1766],[104.7318,19.1984],[104.7537,19.2032],[104.7626,19.2137],[104.7695,19.2132],[104.7687,19.2049],[104.774,19.2017],[104.8186,19.2144],[104.8241,19.2103],[104.8481,19.21],[104.8465,19.2221],[104.8522,19.2244],[104.8579,19.2443],[104.8714,19.2445],[104.8691,19.2529],[104.8753,19.2578],[104.891,19.2516],[104.9026,19.2627],[104.8978,19.2857],[104.8997,19.3015],[104.9314,19.3193],[104.9118,19.34],[104.8945,19.3455],[104.8751,19.3677],[104.8641,19.3689],[104.8468,19.3923],[104.8307,19.399],[104.8153,19.4175],[104.7962,19.4285],[104.7883,19.4277],[104.7596,19.455],[104.7388,19.4515],[104.708,19.4631],[104.6988,19.4856],[104.7005,19.4968],[104.6946,19.4991],[104.7004,19.5174],[104.6915,19.5263],[104.6936,19.5325],[104.679,19.5492],[104.6788,19.5563],[104.666,19.5624],[104.6655,19.5692],[104.6543,19.5806],[104.6311,19.5885],[104.6308,19.6142],[104.6353,19.6221],[104.6123,19.6343],[104.5842,19.6286],[104.5713,19.6144],[104.56,19.6098],[104.5465,19.6192],[104.5384,19.6122],[104.5276,19.6129],[104.5057,19.6244],[104.491,19.6535],[104.4775,19.6553],[104.464,19.6489],[104.4428,19.6582],[104.4142,19.6183],[104.402,19.6197],[104.394,19.6131],[104.3852,19.6185],[104.382,19.612],[104.396,19.6005],[104.3934,19.5833],[104.4093,19.5774],[104.4186,19.5652],[104.4267,19.5647],[104.4289,19.5572],[104.4265,19.5424],[104.4017,19.536],[104.395,19.5113],[104.4356,19.5021],[104.4301,19.4886],[104.44,19.4844],[104.4407,19.4696],[104.4531,19.4567],[104.4534,19.4465],[104.4435,19.427],[104.4408,19.3859],[104.4336,19.3786],[104.41,19.3754],[104.4074,19.3693],[104.3988,19.3787],[104.3795,19.3684],[104.3702,19.3734],[104.3684,19.3964],[104.3561,19.4117],[104.3504,19.3995],[104.3509,19.3843],[104.3604,19.3815],[104.3491,19.3653],[104.3555,19.3637],[104.3519,19.3318],[104.3314,19.3215],[104.332,19.3132],[104.3235,19.3022],[104.3064,19.2976],[104.2903,19.2845],[104.2809,19.2538],[104.2667,19.2434],[104.2675,19.229],[104.2724,19.2293],[104.2707,19.2146],[104.298,19.2056],[104.301,19.1999],[104.3116,19.2003],[104.3137,19.1943],[104.331,19.1835],[104.3302,19.1765],[104.3368,19.1718],[104.3239,19.1455],[104.3036,19.1261],[104.3014,19.1124],[104.3067,19.0925],[104.3387,19.0755],[104.3668,19.0741],[104.3838,19.0608],[104.3998,19.0574],[104.4038,19.0511],[104.401,19.0383],[104.4264,19.0155],[104.4227,19.0063],[104.4312,19.0049],[104.4486,18.9856],[104.4619,18.9913],[104.4736,18.988],[104.4767,18.9987],[104.4848,19.0053],[104.4974,19.0039],[104.5058,18.9973],[104.5129,18.9814]]]}},{"type":"Feature","properties":{"gid":"VNM.41.20_1","provZh":"义安省","name2":"Vinh","type2":"Thành phố","engtype2":"City"},"geometry":{"type":"Polygon","coordinates":[[[105.6853,18.6519],[105.7064,18.6396],[105.7133,18.6635],[105.722,18.6715],[105.7587,18.669],[105.7673,18.6735],[105.7687,18.6809],[105.7544,18.7135],[105.7478,18.7095],[105.7437,18.6877],[105.733,18.6898],[105.6971,18.7323],[105.6932,18.7566],[105.6772,18.751],[105.673,18.7593],[105.6688,18.7539],[105.6578,18.7654],[105.6413,18.7592],[105.646,18.7424],[105.6375,18.7383],[105.6339,18.7243],[105.6456,18.6869],[105.6375,18.6836],[105.6397,18.6669],[105.6432,18.6566],[105.6526,18.6507],[105.6554,18.6546],[105.6586,18.6496],[105.6829,18.644],[105.6808,18.652],[105.6853,18.6519]]]}},{"type":"Feature","properties":{"gid":"VNM.41.21_1","provZh":"义安省","name2":"Yên Thành","type2":"Huyện","engtype2":"District"},"geometry":{"type":"Polygon","coordinates":[[[105.4303,18.8956],[105.4362,18.8925],[105.4416,18.8972],[105.4473,18.8956],[105.4657,18.8798],[105.4819,18.8786],[105.486,18.886],[105.4954,18.8859],[105.4945,18.8942],[105.5118,18.897],[105.5213,18.9068],[105.5216,18.9148],[105.5153,18.9222],[105.5228,18.9331],[105.5227,18.9461],[105.5174,18.9481],[105.5178,18.9688],[105.5135,18.9722],[105.5185,18.9791],[105.5248,18.9742],[105.5263,18.9831],[105.5304,18.9832],[105.5257,18.9859],[105.5323,18.9874],[105.5256,18.992],[105.5279,18.9954],[105.5177,18.9911],[105.5139,18.9963],[105.5142,19.0049],[105.5195,19.0072],[105.5182,19.0144],[105.5114,19.0167],[105.52,19.0256],[105.5292,19.022],[105.5293,19.0165],[105.5354,19.0185],[105.5352,19.0277],[105.5456,19.0444],[105.5618,19.0503],[105.5728,19.0491],[105.5799,19.067],[105.5753,19.079],[105.5616,19.0837],[105.5647,19.0957],[105.5606,19.1027],[105.553,19.1043],[105.5553,19.11],[105.5455,19.1134],[105.5514,19.1189],[105.531,19.1187],[105.532,19.1233],[105.5215,19.1273],[105.5244,19.1366],[105.5129,19.147],[105.5017,19.149],[105.4958,19.1592],[105.461,19.1356],[105.4557,19.1464],[105.4446,19.1499],[105.4349,19.1654],[105.4225,19.1587],[105.3783,19.1213],[105.3703,19.1209],[105.3766,19.1107],[105.3945,19.1144],[105.3931,19.1006],[105.3729,19.076],[105.3594,19.069],[105.3519,19.0709],[105.3241,19.0625],[105.301,19.0511],[105.3162,19.0335],[105.31,19.0131],[105.3138,19.0083],[105.3058,19.0026],[105.3102,18.9944],[105.3018,18.9952],[105.2993,18.9823],[105.3075,18.9831],[105.3085,18.9889],[105.3173,18.9867],[105.3152,18.9727],[105.3564,18.9592],[105.3595,18.949],[105.3561,18.9397],[105.3663,18.9283],[105.3658,18.9232],[105.3812,18.9149],[105.3886,18.8996],[105.4303,18.8956]]]}},{"type":"Feature","properties":{"gid":"VNM.42.1_1","provZh":"宁平省","name2":"Gia Viễn","type2":"Huyện","engtype2":"District"},"geometry":{"type":"Polygon","coordinates":[[[105.8922,20.3882],[105.8873,20.3888],[105.8574,20.4265],[105.8298,20.4175],[105.8104,20.4189],[105.8007,20.4105],[105.8026,20.4064],[105.7945,20.4055],[105.8066,20.3953],[105.8042,20.3838],[105.8145,20.3762],[105.8144,20.3701],[105.7988,20.3526],[105.8089,20.3463],[105.8111,20.3354],[105.808,20.3222],[105.8006,20.3176],[105.8051,20.2998],[105.8103,20.2966],[105.8084,20.2886],[105.8157,20.2865],[105.8208,20.2749],[105.8301,20.2726],[105.8373,20.2763],[105.8373,20.2866],[105.8451,20.2882],[105.8626,20.2561],[105.8708,20.2541],[105.8792,20.2327],[105.8945,20.2393],[105.8897,20.2557],[105.882,20.2594],[105.8802,20.2903],[105.8892,20.2909],[105.8992,20.2996],[105.9123,20.319],[105.9206,20.3174],[105.9225,20.3114],[105.9287,20.3149],[105.9215,20.3218],[105.9365,20.3271],[105.9479,20.3375],[105.9543,20.3529],[105.9389,20.3558],[105.936,20.3673],[105.9212,20.3629],[105.912,20.3764],[105.9022,20.3729],[105.8922,20.3882]]]}},{"type":"Feature","properties":{"gid":"VNM.42.2_1","provZh":"宁平省","name2":"Hoa Lư","type2":"Huyện","engtype2":"District"},"geometry":{"type":"Polygon","coordinates":[[[105.9539,20.1901],[105.9549,20.1939],[105.9823,20.1929],[105.9886,20.1976],[105.9875,20.2097],[105.9797,20.2143],[105.9586,20.2095],[105.9576,20.2181],[105.9659,20.222],[105.9638,20.2283],[105.9547,20.2232],[105.9438,20.232],[105.9369,20.2416],[105.9464,20.2512],[105.9445,20.2555],[105.9279,20.2584],[105.9275,20.2662],[105.9332,20.2692],[105.9391,20.2845],[105.9446,20.2755],[105.9548,20.2813],[105.9565,20.2877],[105.9709,20.2904],[105.9776,20.2757],[105.9833,20.2728],[105.9862,20.2869],[105.967,20.3127],[105.9365,20.3271],[105.9215,20.3218],[105.9287,20.3149],[105.9225,20.3114],[105.9168,20.3198],[105.9088,20.317],[105.8992,20.2996],[105.8892,20.2909],[105.8802,20.2903],[105.882,20.2594],[105.8897,20.2557],[105.8945,20.2393],[105.8772,20.2295],[105.9047,20.2008],[105.9384,20.1815],[105.9328,20.1774],[105.9398,20.1724],[105.9493,20.1815],[105.9482,20.1878],[105.9539,20.1901]]]}},{"type":"Feature","properties":{"gid":"VNM.42.3_1","provZh":"宁平省","name2":"Kim Sơn","type2":"Huyện","engtype2":"District"},"geometry":{"type":"Polygon","coordinates":[[[106.0304,19.973],[106.0663,19.9383],[106.0741,19.9356],[106.0807,19.9399],[106.0908,19.9641],[106.095,19.9645],[106.1108,20.0166],[106.1147,20.0467],[106.1405,20.0645],[106.1479,20.0997],[106.1625,20.1236],[106.1409,20.1559],[106.1307,20.1498],[106.1339,20.1427],[106.1244,20.1358],[106.1151,20.1524],[106.0887,20.1409],[106.0917,20.1346],[106.0848,20.1452],[106.0804,20.1423],[106.0916,20.1306],[106.0826,20.1277],[106.0744,20.1368],[106.0678,20.1331],[106.0629,20.1288],[106.0712,20.1237],[106.0337,20.0954],[106.0425,20.0884],[106.0409,20.0816],[106.0291,20.0862],[106.0325,20.0608],[106.0718,20.0667],[106.0759,20.0628],[106.053,20.0049],[106.0342,20.0001],[106.0255,19.9894],[106.0244,19.9755],[106.0304,19.973]]]}},{"type":"Feature","properties":{"gid":"VNM.42.4_1","provZh":"宁平省","name2":"Nho Quan","type2":"Huyện","engtype2":"District"},"geometry":{"type":"Polygon","coordinates":[[[105.7583,20.1789],[105.7853,20.1703],[105.8037,20.1684],[105.8059,20.1736],[105.8168,20.1684],[105.8316,20.1871],[105.8695,20.181],[105.8748,20.1949],[105.87,20.2001],[105.8836,20.2085],[105.8882,20.2189],[105.8776,20.2283],[105.8789,20.2379],[105.8735,20.2399],[105.8734,20.2498],[105.8572,20.2634],[105.8451,20.2882],[105.8373,20.2866],[105.8373,20.2763],[105.8301,20.2726],[105.8208,20.2749],[105.8157,20.2865],[105.8084,20.2886],[105.8103,20.2966],[105.8051,20.2998],[105.8006,20.3176],[105.808,20.3222],[105.8111,20.3354],[105.8089,20.3463],[105.7988,20.3526],[105.8144,20.3701],[105.8145,20.3762],[105.8042,20.3838],[105.8066,20.3953],[105.7945,20.4055],[105.8026,20.4064],[105.8042,20.4154],[105.8184,20.4169],[105.8209,20.4209],[105.8003,20.4375],[105.7922,20.4541],[105.7874,20.4532],[105.7824,20.4365],[105.7769,20.436],[105.7728,20.4426],[105.7517,20.4389],[105.7593,20.4164],[105.7527,20.413],[105.7521,20.4072],[105.7598,20.3782],[105.7567,20.3672],[105.7464,20.3667],[105.7462,20.382],[105.7306,20.3855],[105.7332,20.3988],[105.7284,20.402],[105.7055,20.4119],[105.6857,20.411],[105.6857,20.4053],[105.6992,20.3973],[105.6924,20.3925],[105.7128,20.3662],[105.7103,20.3602],[105.7299,20.3388],[105.7238,20.3291],[105.7013,20.321],[105.6861,20.3052],[105.6697,20.3098],[105.6426,20.3384],[105.6254,20.3493],[105.6194,20.3485],[105.5991,20.364],[105.581,20.3699],[105.571,20.3595],[105.5628,20.3578],[105.5427,20.3621],[105.5499,20.3464],[105.5486,20.3348],[105.5539,20.3279],[105.565,20.3246],[105.5629,20.3174],[105.5708,20.3184],[105.5791,20.3119],[105.5999,20.3119],[105.6208,20.2819],[105.651,20.273],[105.6703,20.2538],[105.6702,20.2483],[105.6791,20.2466],[105.6829,20.2353],[105.6939,20.2309],[105.693,20.2213],[105.7307,20.1994],[105.7408,20.1852],[105.7583,20.1789]]]}},{"type":"Feature","properties":{"gid":"VNM.42.5_1","provZh":"宁平省","name2":"Ninh Bình","type2":"Thành phố","engtype2":"City"},"geometry":{"type":"Polygon","coordinates":[[[106.0233,20.2455],[106.024,20.25],[105.9997,20.253],[105.9821,20.263],[105.9833,20.2728],[105.9776,20.2757],[105.9709,20.2904],[105.9565,20.2877],[105.9548,20.2813],[105.9446,20.2755],[105.9391,20.2845],[105.9267,20.2628],[105.9279,20.2584],[105.9445,20.2555],[105.9464,20.2512],[105.9369,20.2416],[105.9438,20.232],[105.9547,20.2232],[105.9638,20.2283],[105.9659,20.222],[105.9576,20.2181],[105.9586,20.2095],[105.9821,20.214],[105.9875,20.2097],[105.9873,20.2],[106.0037,20.2162],[105.9979,20.2179],[106.0021,20.2282],[106.0145,20.2427],[106.0182,20.2399],[106.0233,20.2455]]]}},{"type":"Feature","properties":{"gid":"VNM.42.6_1","provZh":"宁平省","name2":"Tam Điệp","type2":"Thành phố","engtype2":"City"},"geometry":{"type":"Polygon","coordinates":[[[105.9275,20.1876],[105.9047,20.2008],[105.8882,20.2189],[105.8836,20.2085],[105.87,20.2001],[105.8748,20.1949],[105.8695,20.181],[105.8316,20.1871],[105.8168,20.1684],[105.8059,20.1736],[105.8037,20.1684],[105.7917,20.1703],[105.8082,20.1583],[105.8316,20.1511],[105.8349,20.1435],[105.8527,20.1384],[105.8708,20.1238],[105.8917,20.1196],[105.9075,20.1068],[105.9249,20.1008],[105.9306,20.1152],[105.9453,20.1184],[105.9489,20.1122],[105.9512,20.1168],[105.9665,20.1163],[105.9678,20.1234],[105.9588,20.1319],[105.9449,20.1359],[105.9365,20.1455],[105.9422,20.147],[105.9397,20.1515],[105.9464,20.1615],[105.9577,20.1682],[105.956,20.1731],[105.946,20.1798],[105.9398,20.1724],[105.9328,20.1774],[105.9384,20.1815],[105.9275,20.1876]]]}},{"type":"Feature","properties":{"gid":"VNM.42.7_1","provZh":"宁平省","name2":"Yên Khánh","type2":"Huyện","engtype2":"District"},"geometry":{"type":"Polygon","coordinates":[[[106.1409,20.1559],[106.1625,20.1236],[106.1682,20.1394],[106.1516,20.2267],[106.1081,20.2162],[106.0946,20.2548],[106.0857,20.2507],[106.0755,20.2293],[106.0529,20.2167],[106.0375,20.2237],[106.0291,20.236],[106.0322,20.2407],[106.0482,20.242],[106.0473,20.2517],[106.0408,20.2555],[106.024,20.25],[106.0182,20.2399],[106.0145,20.2427],[106.0021,20.2282],[105.9979,20.2179],[106.0037,20.2162],[105.9873,20.2],[106.0051,20.1931],[106.0232,20.1949],[106.0311,20.1854],[106.0308,20.1784],[106.0503,20.1725],[106.0523,20.1418],[106.0629,20.1288],[106.0744,20.1368],[106.0826,20.1277],[106.0916,20.1306],[106.0804,20.1423],[106.0848,20.1452],[106.0917,20.1346],[106.0887,20.1409],[106.1151,20.1524],[106.1244,20.1358],[106.1339,20.1427],[106.1307,20.1498],[106.1409,20.1559]]]}},{"type":"Feature","properties":{"gid":"VNM.42.8_1","provZh":"宁平省","name2":"Yên Mô","type2":"Huyện","engtype2":"District"},"geometry":{"type":"Polygon","coordinates":[[[106.0311,20.1854],[106.0232,20.1949],[106.0051,20.1931],[105.9886,20.1976],[105.9823,20.1929],[105.9549,20.1939],[105.9482,20.1878],[105.946,20.1798],[105.9577,20.1682],[105.9464,20.1615],[105.9397,20.1515],[105.9422,20.147],[105.9365,20.1455],[105.9449,20.1359],[105.9655,20.1271],[105.9671,20.1178],[105.9512,20.1168],[105.9489,20.1122],[105.9453,20.1184],[105.938,20.1184],[105.9306,20.1152],[105.9249,20.1008],[105.947,20.0746],[105.9597,20.0665],[105.9926,20.0687],[106.0136,20.0649],[106.0201,20.0594],[106.0325,20.0608],[106.0291,20.0862],[106.0409,20.0816],[106.0425,20.0884],[106.0337,20.0954],[106.0712,20.1237],[106.0523,20.1418],[106.0503,20.1725],[106.0308,20.1784],[106.0311,20.1854]]]}},{"type":"Feature","properties":{"gid":"VNM.43.1_1","provZh":"宁顺省","name2":"Bác Ái","type2":"Huyện","engtype2":"District"},"geometry":{"type":"Polygon","coordinates":[[[108.9828,11.7712],[108.9964,11.8063],[109.0365,11.8339],[109.0409,11.831],[109.0559,11.8396],[109.0582,11.8614],[109.0472,11.8989],[109.0349,11.9103],[109.0195,11.9111],[109.0049,11.9239],[108.9886,11.9153],[108.9722,11.9178],[108.9552,11.9258],[108.9461,11.9379],[108.9261,11.9408],[108.9155,11.9523],[108.8933,11.947],[108.8782,11.9617],[108.8723,11.9584],[108.8651,11.968],[108.8513,11.9638],[108.8478,11.9672],[108.8451,11.9801],[108.8573,11.9935],[108.8551,12.0176],[108.8358,12.0224],[108.8221,12.0311],[108.8192,12.0393],[108.7997,12.0445],[108.808,12.0585],[108.7947,12.0878],[108.7972,12.0963],[108.7927,12.1118],[108.7835,12.1249],[108.7907,12.1595],[108.7764,12.1651],[108.7666,12.153],[108.7634,12.1578],[108.7436,12.1565],[108.7291,12.1621],[108.7215,12.1543],[108.7067,12.1547],[108.694,12.1463],[108.6968,12.1393],[108.6932,12.13],[108.6736,12.1213],[108.7046,12.0921],[108.703,12.0854],[108.7088,12.079],[108.7123,12.0613],[108.705,12.0429],[108.6944,12.0409],[108.6841,12.0232],[108.6797,12.0114],[108.6837,11.9991],[108.6813,11.9851],[108.6622,11.9624],[108.6638,11.9143],[108.6826,11.9214],[108.7083,11.9208],[108.7419,11.8752],[108.7454,11.8638],[108.7579,11.8627],[108.7904,11.8267],[108.7978,11.8061],[108.7957,11.79],[108.8056,11.7799],[108.806,11.7697],[108.8158,11.7653],[108.8195,11.7554],[108.8363,11.7398],[108.867,11.7407],[108.8823,11.7354],[108.8892,11.7239],[108.9047,11.7138],[108.9124,11.6713],[108.9216,11.6825],[108.9455,11.6742],[108.9611,11.6572],[108.9997,11.6885],[108.9941,11.7184],[108.9818,11.7234],[108.9903,11.7235],[108.9885,11.7301],[108.9673,11.7529],[108.9798,11.7603],[108.9828,11.7712]]]}},{"type":"Feature","properties":{"gid":"VNM.43.2_1","provZh":"宁顺省","name2":"Ninh Hải","type2":"Huyện","engtype2":"District"},"geometry":{"type":"Polygon","coordinates":[[[109.0908,11.6409],[109.0863,11.6401],[109.0863,11.6458],[109.0759,11.6506],[109.0617,11.6446],[109.0492,11.6497],[109.0552,11.6605],[109.0536,11.6788],[109.0579,11.6848],[109.0544,11.6977],[109.0511,11.6819],[109.038,11.661],[109.0362,11.6673],[109.0226,11.6595],[109.0123,11.665],[108.9997,11.6885],[108.9611,11.6572],[108.9719,11.6459],[108.9552,11.6235],[108.962,11.6207],[108.9674,11.6245],[108.9729,11.6163],[108.9788,11.6208],[108.9938,11.6148],[109.0079,11.6022],[109.023,11.6035],[109.0291,11.6003],[109.0221,11.5936],[109.0305,11.5914],[109.032,11.5848],[109.0481,11.5887],[109.0525,11.5802],[109.0513,11.5887],[109.0542,11.5818],[109.0973,11.5856],[109.1234,11.573],[109.1277,11.563],[109.1285,11.5754],[109.1394,11.5838],[109.1523,11.62],[109.1601,11.6246],[109.1663,11.6216],[109.1771,11.6763],[109.1894,11.6833],[109.1879,11.6914],[109.2034,11.7072],[109.197,11.726],[109.2061,11.7144],[109.214,11.7201],[109.2211,11.7168],[109.232,11.7248],[109.2312,11.7476],[109.2209,11.7475],[109.2279,11.7558],[109.212,11.7587],[109.2123,11.7714],[109.192,11.7869],[109.1441,11.759],[109.1405,11.7416],[109.1257,11.7281],[109.1296,11.7149],[109.1245,11.6987],[109.1299,11.6456],[109.1263,11.6377],[109.111,11.6275],[109.1005,11.6297],[109.0908,11.6409]]]}},{"type":"Feature","properties":{"gid":"VNM.43.3_1","provZh":"宁顺省","name2":"Ninh Phước","type2":"Huyện","engtype2":"District"},"geometry":{"type":"Polygon","coordinates":[[[108.9844,11.4896],[108.9872,11.4996],[109.0115,11.4997],[109.0186,11.53],[109.0134,11.5337],[109.0258,11.5409],[109.0201,11.5445],[109.0015,11.5424],[108.9964,11.5487],[108.9863,11.5465],[108.9716,11.5521],[108.9773,11.5585],[108.9838,11.5536],[108.9842,11.5672],[108.9712,11.5725],[108.9615,11.5885],[108.9497,11.5889],[108.9439,11.5807],[108.9359,11.5845],[108.9306,11.593],[108.9416,11.5929],[108.9402,11.6009],[108.9303,11.6008],[108.9233,11.6108],[108.8947,11.6176],[108.8814,11.6293],[108.871,11.625],[108.8751,11.6467],[108.8671,11.6553],[108.8353,11.6504],[108.8202,11.6386],[108.7585,11.6492],[108.7442,11.63],[108.7438,11.6224],[108.7329,11.6139],[108.7336,11.5974],[108.7525,11.5742],[108.8236,11.5302],[108.8449,11.5269],[108.8351,11.4968],[108.8441,11.4908],[108.8593,11.4984],[108.8656,11.4949],[108.8649,11.4865],[108.8737,11.4866],[108.8806,11.4793],[108.8844,11.4862],[108.8962,11.4845],[108.9092,11.5002],[108.909,11.5095],[108.9205,11.51],[108.9354,11.5051],[108.9358,11.4874],[108.9415,11.4821],[108.9597,11.4702],[108.9638,11.4777],[108.9691,11.4672],[108.988,11.4698],[108.9844,11.4896]]]}},{"type":"Feature","properties":{"gid":"VNM.43.4_1","provZh":"宁顺省","name2":"Ninh Sơn","type2":"Huyện","engtype2":"District"},"geometry":{"type":"Polygon","coordinates":[[[108.6423,11.5503],[108.659,11.5039],[108.6641,11.4998],[108.6865,11.5038],[108.6937,11.5249],[108.7137,11.5385],[108.7351,11.5921],[108.7329,11.6139],[108.7438,11.6224],[108.7442,11.63],[108.7585,11.6492],[108.8202,11.6386],[108.8353,11.6504],[108.8671,11.6553],[108.8751,11.6467],[108.871,11.625],[108.8814,11.6293],[108.8947,11.6176],[108.9233,11.6108],[108.9269,11.6062],[108.9367,11.6221],[108.9193,11.6409],[108.9455,11.6742],[108.9216,11.6825],[108.9124,11.6713],[108.9047,11.7138],[108.8892,11.7239],[108.8823,11.7354],[108.867,11.7407],[108.8363,11.7398],[108.8261,11.7486],[108.8158,11.7653],[108.806,11.7697],[108.8056,11.7799],[108.7957,11.79],[108.7978,11.8061],[108.7904,11.8267],[108.7579,11.8627],[108.7454,11.8638],[108.7419,11.8752],[108.7083,11.9208],[108.6826,11.9214],[108.6638,11.9143],[108.6537,11.8944],[108.6529,11.844],[108.6398,11.8304],[108.6304,11.8304],[108.6259,11.814],[108.6194,11.8094],[108.6195,11.8037],[108.6315,11.7955],[108.655,11.7927],[108.6725,11.784],[108.6632,11.763],[108.6672,11.748],[108.6901,11.7347],[108.7009,11.6997],[108.6926,11.6978],[108.6835,11.6767],[108.669,11.6635],[108.6563,11.6664],[108.6231,11.6501],[108.5973,11.6491],[108.5759,11.6395],[108.5624,11.6423],[108.5527,11.6304],[108.5521,11.6014],[108.5725,11.5775],[108.5827,11.5555],[108.6423,11.5503]]]}},{"type":"Feature","properties":{"gid":"VNM.43.5_1","provZh":"宁顺省","name2":"Phan Rang-Tháp Chàm","type2":"Thành phố","engtype2":"City"},"geometry":{"type":"Polygon","coordinates":[[[109.0243,11.5375],[109.0134,11.5337],[109.0186,11.53],[109.0267,11.5347],[109.0349,11.5497],[109.0248,11.5634],[109.032,11.5848],[109.0305,11.5914],[109.0221,11.5936],[109.0291,11.6003],[109.0035,11.6037],[108.9938,11.6148],[108.9788,11.6208],[108.9729,11.6163],[108.9674,11.6245],[108.962,11.6207],[108.9552,11.6235],[108.9719,11.6459],[108.9455,11.6742],[108.9193,11.6409],[108.9367,11.6221],[108.9269,11.6062],[108.9303,11.6008],[108.9389,11.6026],[108.9416,11.5929],[108.9298,11.59],[108.9439,11.5807],[108.9497,11.5889],[108.9615,11.5885],[108.9712,11.5725],[108.9851,11.5656],[108.9838,11.5536],[108.9773,11.5585],[108.9716,11.5521],[108.9863,11.5465],[108.9964,11.5487],[109.0015,11.5424],[109.0201,11.5445],[109.0243,11.5375]]]}},{"type":"Feature","properties":{"gid":"VNM.43.6_1","provZh":"宁顺省","name2":"Thuận Bắc","type2":"Huyện","engtype2":"District"},"geometry":{"type":"Polygon","coordinates":[[[109.111,11.6275],[109.1263,11.6377],[109.1299,11.6456],[109.1245,11.6987],[109.1296,11.7149],[109.1257,11.7281],[109.1405,11.7416],[109.1441,11.759],[109.1891,11.7861],[109.1857,11.8071],[109.1952,11.8112],[109.1082,11.8052],[109.0757,11.8351],[109.0582,11.8614],[109.0559,11.8396],[109.0409,11.831],[109.0365,11.8339],[108.9919,11.802],[108.9899,11.7814],[108.9798,11.7603],[108.9673,11.7529],[108.9885,11.7301],[108.9903,11.7235],[108.9818,11.7234],[108.9941,11.7184],[108.9986,11.69],[109.0123,11.665],[109.0226,11.6595],[109.0362,11.6673],[109.0399,11.6613],[109.0544,11.6977],[109.0579,11.6848],[109.0536,11.6788],[109.0513,11.6468],[109.0617,11.6446],[109.0759,11.6506],[109.0863,11.6458],[109.0863,11.6401],[109.0908,11.6409],[109.1005,11.6297],[109.111,11.6275]]]}},{"type":"Feature","properties":{"gid":"VNM.43.7_1","provZh":"宁顺省","name2":"Thuận Nam","type2":"Huyện","engtype2":"District"},"geometry":{"type":"Polygon","coordinates":[[[108.8663,11.4878],[108.8656,11.4949],[108.8593,11.4984],[108.8441,11.4908],[108.8351,11.4968],[108.8449,11.5269],[108.8236,11.5302],[108.7525,11.5742],[108.7336,11.5974],[108.7295,11.5717],[108.7137,11.5385],[108.6937,11.5249],[108.6865,11.5038],[108.6641,11.4998],[108.6794,11.4725],[108.7082,11.4614],[108.7249,11.4685],[108.7616,11.4697],[108.757,11.4113],[108.7833,11.3935],[108.7846,11.3879],[108.8437,11.3762],[108.8456,11.3645],[108.8578,11.3543],[108.8654,11.3504],[108.877,11.354],[108.8759,11.3382],[108.8639,11.3328],[108.8885,11.3359],[108.9153,11.318],[108.9191,11.3076],[108.9637,11.3164],[108.9866,11.3335],[108.9937,11.3492],[108.9999,11.3478],[109.0051,11.3556],[109.019,11.3601],[109.0207,11.3687],[109.0114,11.374],[109.006,11.3931],[109.0063,11.4118],[109.0133,11.4245],[109.008,11.4432],[109.0146,11.47],[109.0115,11.4997],[108.9872,11.4996],[108.9844,11.4896],[108.988,11.4698],[108.9691,11.4672],[108.9638,11.4777],[108.9597,11.4702],[108.9415,11.4821],[108.9358,11.4874],[108.9354,11.5051],[108.9205,11.51],[108.909,11.5095],[108.9092,11.5002],[108.8962,11.4845],[108.8844,11.4862],[108.8806,11.4793],[108.8663,11.4878]]]}},{"type":"Feature","properties":{"gid":"VNM.44.1_1","provZh":"富寿省","name2":"Cẩm Khê","type2":"Huyện","engtype2":"District"},"geometry":{"type":"Polygon","coordinates":[[[105.1977,21.3116],[105.2037,21.3238],[105.1859,21.3322],[105.182,21.3637],[105.1596,21.384],[105.1535,21.3966],[105.1576,21.4088],[105.1509,21.4291],[105.1332,21.4333],[105.1218,21.4473],[105.101,21.4524],[105.0924,21.4621],[105.0886,21.4804],[105.0809,21.4802],[105.0656,21.4909],[105.045,21.4983],[105.0459,21.4889],[105.0279,21.4969],[105.0193,21.4931],[105.0112,21.4999],[104.9997,21.4946],[104.9822,21.5001],[104.9779,21.4946],[104.9815,21.4752],[104.9963,21.4657],[104.9949,21.4363],[105.0705,21.3679],[105.0774,21.3661],[105.0833,21.3546],[105.099,21.3599],[105.11,21.3485],[105.1218,21.3464],[105.1176,21.336],[105.1307,21.3222],[105.1299,21.3147],[105.1362,21.3049],[105.1332,21.2996],[105.14,21.2902],[105.1478,21.2912],[105.147,21.2689],[105.1642,21.2739],[105.1679,21.2926],[105.174,21.2892],[105.1793,21.2953],[105.1838,21.2942],[105.1862,21.3181],[105.1919,21.3185],[105.1977,21.3116]]]}},{"type":"Feature","properties":{"gid":"VNM.44.2_1","provZh":"富寿省","name2":"Đoan Hùng","type2":"Huyện","engtype2":"District"},"geometry":{"type":"Polygon","coordinates":[[[105.2089,21.5111],[105.2399,21.5134],[105.2443,21.5249],[105.2668,21.5342],[105.271,21.5432],[105.2671,21.5485],[105.2747,21.5579],[105.2485,21.5854],[105.2438,21.5975],[105.2515,21.6029],[105.247,21.616],[105.233,21.6177],[105.2248,21.6301],[105.2377,21.6431],[105.2351,21.6585],[105.2076,21.6614],[105.1766,21.6873],[105.1655,21.6884],[105.1558,21.6814],[105.1502,21.6997],[105.1338,21.6967],[105.1237,21.7046],[105.1088,21.7066],[105.1019,21.7178],[105.0921,21.7198],[105.0861,21.7182],[105.0917,21.7128],[105.0868,21.7027],[105.0961,21.7005],[105.1002,21.6894],[105.0944,21.6782],[105.0853,21.6836],[105.073,21.6815],[105.0612,21.6901],[105.0589,21.6858],[105.0496,21.688],[105.0327,21.7011],[105.0251,21.6924],[105.0205,21.6963],[105.0342,21.6805],[105.0268,21.6752],[105.0165,21.6428],[105.0332,21.6377],[105.0363,21.6319],[105.0312,21.6266],[105.0408,21.629],[105.042,21.618],[105.0488,21.6133],[105.0642,21.6152],[105.086,21.6014],[105.1005,21.5995],[105.1054,21.5892],[105.1022,21.5851],[105.1097,21.585],[105.1053,21.5731],[105.1207,21.5737],[105.132,21.5822],[105.1436,21.5793],[105.1551,21.5682],[105.1498,21.5601],[105.1573,21.5415],[105.1664,21.544],[105.1979,21.5357],[105.207,21.5293],[105.1961,21.518],[105.2089,21.5111]]]}},{"type":"Feature","properties":{"gid":"VNM.44.3_1","provZh":"富寿省","name2":"Hạ Hoà","type2":"Huyện","engtype2":"District"},"geometry":{"type":"Polygon","coordinates":[[[105.0455,21.4971],[105.0778,21.4823],[105.0841,21.4948],[105.0768,21.5002],[105.0775,21.5068],[105.0904,21.5173],[105.0979,21.5384],[105.1278,21.549],[105.135,21.5614],[105.133,21.5673],[105.1465,21.5767],[105.132,21.5822],[105.1207,21.5737],[105.1053,21.5731],[105.1097,21.585],[105.1022,21.5851],[105.1054,21.5892],[105.1005,21.5995],[105.086,21.6014],[105.0642,21.6152],[105.0438,21.6164],[105.0416,21.6284],[105.0312,21.6266],[105.0363,21.6319],[105.0332,21.6377],[105.0165,21.6428],[105.0268,21.6752],[105.0342,21.6805],[105.024,21.6916],[105.0041,21.689],[104.9987,21.6863],[105.0007,21.6794],[104.98,21.673],[104.9864,21.668],[104.9858,21.6622],[104.973,21.6571],[104.9715,21.6458],[104.955,21.6603],[104.9378,21.6513],[104.934,21.6426],[104.9071,21.6312],[104.9052,21.6093],[104.8881,21.6128],[104.8936,21.6043],[104.8988,21.5652],[104.8878,21.5577],[104.872,21.5554],[104.8685,21.5421],[104.8844,21.5351],[104.9132,21.5439],[104.9371,21.5122],[104.9332,21.5092],[104.9346,21.4962],[104.9498,21.4989],[104.967,21.4848],[104.9779,21.4874],[104.9838,21.5005],[104.9942,21.4949],[105.0112,21.4999],[105.0193,21.4931],[105.0279,21.4969],[105.0459,21.4889],[105.0455,21.4971]]]}},{"type":"Feature","properties":{"gid":"VNM.44.4_1","provZh":"富寿省","name2":"Lâm Thao","type2":"Huyện","engtype2":"District"},"geometry":{"type":"Polygon","coordinates":[[[105.356,21.2602],[105.3558,21.3098],[105.3286,21.3162],[105.3208,21.3136],[105.3069,21.32],[105.2913,21.3355],[105.2976,21.3482],[105.3141,21.3556],[105.3057,21.3692],[105.317,21.3855],[105.3126,21.3946],[105.2917,21.4004],[105.2884,21.4064],[105.2775,21.4068],[105.269,21.3856],[105.2506,21.3827],[105.2498,21.3746],[105.2741,21.3351],[105.2712,21.3213],[105.2762,21.312],[105.2709,21.3015],[105.2593,21.2952],[105.2596,21.2855],[105.303,21.2548],[105.3234,21.246],[105.3367,21.2477],[105.356,21.2602]]]}},{"type":"Feature","properties":{"gid":"VNM.44.5_1","provZh":"富寿省","name2":"Phù Ninh","type2":"Huyện","engtype2":"District"},"geometry":{"type":"Polygon","coordinates":[[[105.3906,21.3709],[105.3993,21.4099],[105.3954,21.4186],[105.3861,21.4299],[105.3758,21.4334],[105.36,21.4268],[105.3527,21.4176],[105.3423,21.4211],[105.3438,21.4447],[105.332,21.4837],[105.3225,21.4946],[105.3241,21.5106],[105.3004,21.5099],[105.2959,21.5169],[105.2961,21.5347],[105.271,21.5432],[105.2618,21.5292],[105.2443,21.5249],[105.2399,21.5134],[105.212,21.5128],[105.2158,21.5026],[105.2114,21.4908],[105.2253,21.4816],[105.2259,21.4705],[105.2369,21.465],[105.2395,21.4558],[105.2545,21.4611],[105.2832,21.4459],[105.2738,21.4206],[105.2808,21.4077],[105.2884,21.4064],[105.2917,21.4004],[105.3095,21.3974],[105.3273,21.3748],[105.3377,21.3725],[105.3469,21.3777],[105.3571,21.3969],[105.3656,21.3955],[105.3686,21.4001],[105.3746,21.3922],[105.3677,21.3865],[105.3723,21.3755],[105.3854,21.3779],[105.3906,21.3709]]]}},{"type":"Feature","properties":{"gid":"VNM.44.6_1","provZh":"富寿省","name2":"Phú Thọ","type2":"Thị xã","engtype2":"Town"},"geometry":{"type":"Polygon","coordinates":[[[105.216,21.382],[105.2217,21.3952],[105.2327,21.3977],[105.2433,21.394],[105.2506,21.3827],[105.269,21.3856],[105.2808,21.4077],[105.2738,21.4206],[105.2834,21.4445],[105.28,21.4493],[105.2615,21.4542],[105.2545,21.4611],[105.2395,21.4558],[105.2369,21.465],[105.2293,21.4663],[105.2174,21.4418],[105.2199,21.4397],[105.1984,21.43],[105.1966,21.4196],[105.1837,21.4187],[105.1756,21.4077],[105.1884,21.4027],[105.1825,21.4012],[105.1846,21.3941],[105.1921,21.3974],[105.1917,21.3905],[105.2007,21.3794],[105.1991,21.3653],[105.2185,21.3685],[105.216,21.382]]]}},{"type":"Feature","properties":{"gid":"VNM.44.7_1","provZh":"富寿省","name2":"Tam Nông","type2":"Huyện","engtype2":"District"},"geometry":{"type":"Polygon","coordinates":[[[105.2798,21.2416],[105.2817,21.2453],[105.2903,21.2373],[105.2946,21.2409],[105.2942,21.2352],[105.3054,21.2325],[105.3081,21.2233],[105.3176,21.222],[105.3242,21.2322],[105.3311,21.2343],[105.3479,21.2268],[105.356,21.2602],[105.3367,21.2477],[105.3234,21.246],[105.303,21.2548],[105.2596,21.2855],[105.2593,21.2952],[105.2709,21.3015],[105.2762,21.312],[105.2712,21.3213],[105.2741,21.3351],[105.26,21.3545],[105.2433,21.394],[105.223,21.3957],[105.2151,21.3776],[105.2191,21.366],[105.213,21.3572],[105.2134,21.3283],[105.2037,21.3238],[105.1977,21.3116],[105.1919,21.3185],[105.1862,21.3181],[105.1838,21.2942],[105.1793,21.2953],[105.174,21.2892],[105.1679,21.2926],[105.1642,21.2739],[105.1473,21.2678],[105.1604,21.2494],[105.1785,21.2542],[105.1876,21.2465],[105.2166,21.2567],[105.2186,21.2402],[105.2326,21.2166],[105.2621,21.2283],[105.2627,21.2334],[105.2798,21.2416]]]}},{"type":"Feature","properties":{"gid":"VNM.44.8_1","provZh":"富寿省","name2":"Tân Sơn","type2":"Huyện","engtype2":"District"},"geometry":{"type":"Polygon","coordinates":[[[104.943,21.3052],[104.9259,21.327],[104.9085,21.3289],[104.8973,21.3451],[104.8828,21.342],[104.8746,21.3471],[104.8628,21.3655],[104.8536,21.3647],[104.8542,21.3519],[104.8446,21.3519],[104.8488,21.3387],[104.8191,21.3381],[104.8136,21.3335],[104.8237,21.318],[104.843,21.3106],[104.8403,21.2649],[104.8496,21.2582],[104.8554,21.2339],[104.8487,21.234],[104.8442,21.2263],[104.853,21.2235],[104.8643,21.2103],[104.851,21.1798],[104.8594,21.1735],[104.8527,21.1529],[104.9123,21.1181],[104.914,21.101],[104.9262,21.0843],[104.9213,21.0752],[104.9113,21.0718],[104.9112,21.067],[104.9297,21.0655],[104.9381,21.0561],[104.9632,21.0602],[104.9709,21.0525],[104.9926,21.0484],[105.0167,21.0316],[105.0214,21.0213],[105.0186,21.0153],[105.0304,21.0224],[105.0366,21.0154],[105.0445,21.0223],[105.04,21.0417],[105.0642,21.0421],[105.0725,21.0516],[105.0824,21.0548],[105.1085,21.0509],[105.107,21.0578],[105.1153,21.0605],[105.1128,21.1061],[105.1068,21.1114],[105.1009,21.1077],[105.0823,21.1103],[105.0939,21.121],[105.0905,21.1351],[105.1066,21.1345],[105.1144,21.1389],[105.1108,21.1468],[105.1157,21.1705],[105.1081,21.1782],[105.1139,21.1791],[105.1136,21.1849],[105.1012,21.1839],[105.1109,21.1928],[105.0919,21.2179],[105.0986,21.2285],[105.0898,21.2313],[105.0789,21.2449],[105.078,21.255],[105.0657,21.2678],[105.022,21.2925],[105.0141,21.2898],[105.0078,21.2946],[104.9952,21.2893],[104.9714,21.298],[104.9635,21.3075],[104.943,21.3052]]]}},{"type":"Feature","properties":{"gid":"VNM.44.9_1","provZh":"富寿省","name2":"Thanh Ba","type2":"Huyện","engtype2":"District"},"geometry":{"type":"Polygon","coordinates":[[[105.1847,21.3568],[105.1859,21.3322],[105.2037,21.3238],[105.2126,21.3268],[105.213,21.3572],[105.2185,21.3685],[105.1991,21.3653],[105.2007,21.3794],[105.1917,21.3905],[105.1921,21.3974],[105.1846,21.3941],[105.1825,21.4012],[105.1884,21.4027],[105.1756,21.4077],[105.1837,21.4187],[105.1966,21.4196],[105.1984,21.43],[105.2199,21.4397],[105.2174,21.4418],[105.2293,21.4663],[105.2253,21.4816],[105.2114,21.4908],[105.2158,21.5026],[105.2123,21.5107],[105.1953,21.5202],[105.207,21.5293],[105.1664,21.544],[105.1573,21.5415],[105.1498,21.5601],[105.1551,21.5682],[105.1465,21.5767],[105.133,21.5673],[105.135,21.5614],[105.1278,21.549],[105.0979,21.5384],[105.0904,21.5173],[105.0775,21.5068],[105.0768,21.5002],[105.0841,21.4948],[105.0778,21.4823],[105.0898,21.4791],[105.0924,21.4621],[105.101,21.4524],[105.1218,21.4473],[105.1332,21.4333],[105.1509,21.4291],[105.1576,21.4088],[105.1535,21.3966],[105.1596,21.384],[105.1785,21.369],[105.1847,21.3568]]]}},{"type":"Feature","properties":{"gid":"VNM.44.10_1","provZh":"富寿省","name2":"Thanh Sơn","type2":"Huyện","engtype2":"District"},"geometry":{"type":"Polygon","coordinates":[[[105.2791,20.9247],[105.29,20.9299],[105.2938,20.9243],[105.3129,20.9242],[105.3162,20.9356],[105.3446,20.9407],[105.3255,21.0035],[105.3153,21.0113],[105.3047,21.0026],[105.3034,21.0067],[105.2912,21.0077],[105.2512,21.0704],[105.2693,21.0842],[105.2808,21.0869],[105.2946,21.1028],[105.2857,21.1044],[105.2712,21.0951],[105.2605,21.114],[105.2614,21.1184],[105.266,21.1163],[105.2611,21.1235],[105.2398,21.1403],[105.241,21.155],[105.2337,21.164],[105.2538,21.1697],[105.2667,21.1671],[105.2664,21.174],[105.2723,21.1738],[105.2757,21.1816],[105.2348,21.2088],[105.2186,21.2402],[105.2166,21.2567],[105.1876,21.2465],[105.1785,21.2542],[105.1604,21.2494],[105.1702,21.2304],[105.1655,21.2122],[105.1706,21.2044],[105.1632,21.2015],[105.1545,21.2089],[105.1544,21.2038],[105.1394,21.2041],[105.1223,21.2123],[105.1212,21.2181],[105.1071,21.2292],[105.0986,21.2285],[105.0919,21.2179],[105.1109,21.1928],[105.1012,21.1839],[105.1136,21.1849],[105.1139,21.1791],[105.1081,21.1782],[105.1157,21.1705],[105.1108,21.1468],[105.1144,21.1389],[105.1066,21.1345],[105.0905,21.1351],[105.0939,21.121],[105.0823,21.1103],[105.1009,21.1077],[105.1068,21.1114],[105.1128,21.1061],[105.1158,21.0974],[105.111,21.0888],[105.1159,21.0623],[105.107,21.0578],[105.1085,21.0509],[105.0824,21.0548],[105.0725,21.0516],[105.0642,21.0421],[105.04,21.0417],[105.0445,21.0223],[105.0366,21.0154],[105.0383,21.0124],[105.0552,21.0105],[105.0676,21.0016],[105.0916,20.9611],[105.1087,20.9562],[105.1321,20.9381],[105.1774,20.945],[105.19,20.952],[105.1922,20.9585],[105.2066,20.9508],[105.194,20.9298],[105.202,20.9167],[105.2246,20.9267],[105.2188,20.9323],[105.2225,20.9363],[105.2296,20.9358],[105.2472,20.9456],[105.2606,20.9362],[105.2714,20.9408],[105.2791,20.9247]]]}},{"type":"Feature","properties":{"gid":"VNM.44.11_1","provZh":"富寿省","name2":"Thanh Thuỷ","type2":"Huyện","engtype2":"District"},"geometry":{"type":"Polygon","coordinates":[[[105.31,21.0051],[105.3153,21.0113],[105.2999,21.029],[105.294,21.0547],[105.3173,21.0927],[105.3205,21.1099],[105.3057,21.1378],[105.2915,21.1529],[105.2891,21.1703],[105.2971,21.1841],[105.3479,21.2268],[105.3311,21.2343],[105.3242,21.2322],[105.3176,21.222],[105.3081,21.2233],[105.3054,21.2325],[105.2942,21.2352],[105.2946,21.2409],[105.2895,21.2373],[105.2817,21.2453],[105.2627,21.2334],[105.2621,21.2283],[105.2326,21.2166],[105.2386,21.2041],[105.2727,21.1866],[105.2744,21.1759],[105.2664,21.174],[105.2667,21.1671],[105.2538,21.1697],[105.2337,21.164],[105.241,21.155],[105.2398,21.1403],[105.2611,21.1235],[105.266,21.1163],[105.2614,21.1184],[105.2605,21.114],[105.2712,21.0951],[105.2857,21.1044],[105.2946,21.1028],[105.2766,21.0839],[105.2506,21.0737],[105.2912,21.0077],[105.3034,21.0067],[105.3047,21.0026],[105.31,21.0051]]]}},{"type":"Feature","properties":{"gid":"VNM.44.12_1","provZh":"富寿省","name2":"Việt Trì","type2":"Thành phố","engtype2":"City"},"geometry":{"type":"Polygon","coordinates":[[[105.4316,21.2743],[105.4485,21.2655],[105.4535,21.2931],[105.4492,21.2956],[105.4566,21.3095],[105.4444,21.3271],[105.4016,21.35],[105.3854,21.3779],[105.3723,21.3755],[105.3677,21.3865],[105.3746,21.3922],[105.373,21.3981],[105.3583,21.3977],[105.3469,21.3777],[105.3377,21.3725],[105.3147,21.3844],[105.3057,21.3692],[105.3132,21.3532],[105.2976,21.3482],[105.2912,21.3364],[105.303,21.3234],[105.3208,21.3136],[105.3286,21.3162],[105.3547,21.3108],[105.3567,21.2781],[105.394,21.3033],[105.4096,21.2963],[105.4316,21.2743]]]}},{"type":"Feature","properties":{"gid":"VNM.44.13_1","provZh":"富寿省","name2":"Yên Lập","type2":"Huyện","engtype2":"District"},"geometry":{"type":"Polygon","coordinates":[[[105.1518,21.2574],[105.1452,21.2717],[105.1478,21.2912],[105.1367,21.2921],[105.1307,21.3222],[105.1176,21.336],[105.1221,21.3435],[105.1185,21.3498],[105.11,21.3485],[105.099,21.3599],[105.0833,21.3546],[105.0774,21.3661],[105.0705,21.3679],[105.0129,21.4231],[105.0039,21.4269],[104.9942,21.4373],[104.9963,21.4657],[104.9815,21.4752],[104.9779,21.4874],[104.967,21.4848],[104.9498,21.4989],[104.9346,21.4962],[104.9332,21.5092],[104.9371,21.5122],[104.9132,21.5439],[104.8782,21.5356],[104.8855,21.522],[104.8825,21.5086],[104.8929,21.479],[104.9117,21.4476],[104.9114,21.4331],[104.9057,21.4281],[104.9077,21.4142],[104.8949,21.3929],[104.8865,21.3933],[104.8819,21.3841],[104.8836,21.3733],[104.8937,21.3648],[104.9003,21.3527],[104.8973,21.3451],[104.9085,21.3289],[104.9259,21.327],[104.9398,21.3045],[104.9635,21.3075],[104.9714,21.298],[104.9952,21.2893],[105.0078,21.2946],[105.0141,21.2898],[105.022,21.2925],[105.0657,21.2678],[105.078,21.255],[105.0789,21.2449],[105.0898,21.2313],[105.1071,21.2292],[105.1212,21.2181],[105.1223,21.2123],[105.1394,21.2041],[105.1544,21.2038],[105.1545,21.2089],[105.1632,21.2015],[105.1706,21.2044],[105.1655,21.2122],[105.1702,21.2304],[105.1595,21.2528],[105.1518,21.2574]]]}},{"type":"Feature","properties":{"gid":"VNM.45.2_1","provZh":"富安省","name2":"Đông Hòa","type2":"Huyện","engtype2":"District"},"geometry":{"type":"MultiPolygon","coordinates":[[[[109.3931,12.8339],[109.3918,12.8255],[109.3974,12.8319],[109.3931,12.8339]]],[[[109.4292,12.9408],[109.4318,12.9466],[109.3827,13.0],[109.3483,13.0535],[109.3325,13.0329],[109.3287,13.0178],[109.3201,13.0127],[109.3045,13.048],[109.3092,13.0532],[109.3047,13.0677],[109.2849,13.0577],[109.28,13.0474],[109.2939,13.0095],[109.2903,13.0099],[109.293,13.005],[109.2756,13.0024],[109.2764,12.9763],[109.2718,12.972],[109.275,12.9529],[109.2825,12.937],[109.3016,12.947],[109.3088,12.9408],[109.3002,12.9284],[109.3041,12.9258],[109.3058,12.9053],[109.3183,12.8958],[109.3138,12.8853],[109.3306,12.8797],[109.3293,12.8482],[109.3407,12.8469],[109.3491,12.8567],[109.3617,12.8597],[109.3653,12.8687],[109.3884,12.8431],[109.4031,12.859],[109.4008,12.8663],[109.4136,12.8692],[109.4299,12.8813],[109.4378,12.8802],[109.438,12.8694],[109.4202,12.8481],[109.4288,12.8474],[109.4385,12.8572],[109.4515,12.8588],[109.4517,12.8785],[109.4588,12.8813],[109.4542,12.8887],[109.4584,12.8976],[109.4514,12.8993],[109.456,12.9132],[109.4448,12.9167],[109.4292,12.9408]]]]}},{"type":"Feature","properties":{"gid":"VNM.45.1_1","provZh":"富安省","name2":"Đồng Xuân","type2":"Huyện","engtype2":"District"},"geometry":{"type":"Polygon","coordinates":[[[109.1066,13.3159],[109.1126,13.322],[109.1452,13.318],[109.1628,13.3257],[109.1713,13.3203],[109.1775,13.3217],[109.1758,13.3335],[109.1915,13.351],[109.1823,13.3633],[109.1808,13.3735],[109.1694,13.3738],[109.1764,13.3916],[109.1719,13.4065],[109.1551,13.4147],[109.1513,13.411],[109.1383,13.4125],[109.1369,13.4227],[109.1243,13.4289],[109.1137,13.453],[109.0904,13.466],[109.118,13.4857],[109.1201,13.4952],[109.1217,13.5057],[109.1004,13.5407],[109.1165,13.5731],[109.1121,13.5867],[109.1081,13.5883],[109.0933,13.5718],[109.0835,13.5714],[109.0829,13.5672],[109.0523,13.5686],[109.0279,13.5306],[108.999,13.5229],[108.9944,13.5165],[108.9585,13.5151],[108.9489,13.5268],[108.9202,13.541],[108.8947,13.5412],[108.868,13.5346],[108.8701,13.5459],[108.8641,13.5528],[108.8576,13.5527],[108.8511,13.569],[108.8448,13.5638],[108.8276,13.5644],[108.8147,13.5763],[108.7895,13.5781],[108.7804,13.5689],[108.7743,13.5703],[108.768,13.5615],[108.7491,13.5668],[108.7479,13.5561],[108.7414,13.5569],[108.7361,13.5482],[108.7267,13.5194],[108.7141,13.5177],[108.7124,13.4997],[108.7031,13.486],[108.7149,13.4729],[108.7132,13.4635],[108.7439,13.4565],[108.7522,13.4625],[108.7567,13.4585],[108.7606,13.4647],[108.7895,13.4684],[108.794,13.4731],[108.7959,13.4647],[108.7902,13.4534],[108.7964,13.4522],[108.8057,13.4349],[108.8049,13.4063],[108.8196,13.3837],[108.8559,13.3685],[108.8614,13.374],[108.8749,13.374],[108.8908,13.3595],[108.8876,13.3518],[108.8913,13.3444],[108.9382,13.3119],[108.9613,13.3266],[108.9845,13.329],[109.0144,13.2758],[109.016,13.2575],[109.0358,13.2493],[109.0426,13.2396],[109.0555,13.2398],[109.0634,13.2511],[109.0933,13.2471],[109.11,13.262],[109.1045,13.2978],[109.1066,13.3159]]]}},{"type":"Feature","properties":{"gid":"VNM.45.3_1","provZh":"富安省","name2":"Phú Hoà","type2":"Huyện","engtype2":"District"},"geometry":{"type":"Polygon","coordinates":[[[109.1789,13.0013],[109.1865,13.0124],[109.2048,13.0096],[109.2296,13.0214],[109.2443,13.0183],[109.2511,13.0293],[109.28,13.0474],[109.2849,13.0577],[109.3015,13.0649],[109.2911,13.0809],[109.293,13.0842],[109.2867,13.0832],[109.2829,13.0921],[109.2719,13.0972],[109.2647,13.0938],[109.2612,13.0978],[109.2573,13.0948],[109.2449,13.0989],[109.2439,13.1072],[109.2184,13.1151],[109.2141,13.1278],[109.204,13.1274],[109.1978,13.1391],[109.1771,13.1553],[109.1762,13.1427],[109.162,13.1426],[109.1548,13.1557],[109.1499,13.1474],[109.1418,13.1452],[109.1362,13.1302],[109.112,13.1297],[109.1141,13.1085],[109.1048,13.0884],[109.087,13.0812],[109.0791,13.0604],[109.0947,13.0258],[109.1125,13.0304],[109.1179,13.0017],[109.1495,12.9932],[109.1546,12.9837],[109.1593,12.9842],[109.1618,12.9928],[109.1789,13.0013]]]}},{"type":"Feature","properties":{"gid":"VNM.45.4_1","provZh":"富安省","name2":"Sơn Hòa","type2":"Huyện","engtype2":"District"},"geometry":{"type":"Polygon","coordinates":[[[108.9128,13.0529],[108.9215,13.0702],[108.9281,13.0713],[108.9459,13.0499],[108.9662,13.0394],[108.982,13.0247],[108.9908,13.0265],[109.0046,13.0439],[109.0258,13.0307],[109.0602,13.0265],[109.0735,13.0365],[109.076,13.0467],[109.0841,13.0484],[109.0791,13.0604],[109.087,13.0812],[109.1048,13.0884],[109.1141,13.1085],[109.112,13.1297],[109.1362,13.1302],[109.1418,13.1452],[109.1499,13.1474],[109.1548,13.1557],[109.1261,13.2082],[109.0933,13.2471],[109.0634,13.2511],[109.0555,13.2398],[109.0426,13.2396],[109.0358,13.2493],[109.016,13.2575],[109.0144,13.2758],[108.9845,13.329],[108.9613,13.3266],[108.9382,13.3119],[108.8913,13.3444],[108.8876,13.3518],[108.8908,13.3595],[108.8749,13.374],[108.8509,13.3703],[108.8196,13.3837],[108.8068,13.3999],[108.8037,13.3899],[108.8081,13.357],[108.84,13.3231],[108.8526,13.293],[108.8607,13.2867],[108.8675,13.2885],[108.873,13.2791],[108.8678,13.2613],[108.8704,13.2458],[108.8636,13.2251],[108.85,13.217],[108.8478,13.2027],[108.8549,13.1938],[108.8484,13.1901],[108.8492,13.18],[108.8448,13.182],[108.8386,13.1706],[108.8422,13.1648],[108.8272,13.1646],[108.8236,13.1535],[108.8134,13.1589],[108.8042,13.1457],[108.8036,13.1517],[108.7971,13.1523],[108.7956,13.1412],[108.7909,13.1475],[108.7862,13.1414],[108.7764,13.1469],[108.7772,13.1377],[108.7618,13.135],[108.7598,13.1257],[108.7691,13.1196],[108.76,13.1149],[108.7572,13.1023],[108.7632,13.0957],[108.7783,13.0985],[108.8068,13.0911],[108.817,13.0616],[108.8779,13.0143],[108.8932,13.0164],[108.92,13.0295],[108.9128,13.0529]]]}},{"type":"Feature","properties":{"gid":"VNM.45.5_1","provZh":"富安省","name2":"Sông Cầu","type2":"Thị xã","engtype2":"Town"},"geometry":{"type":"MultiPolygon","coordinates":[[[[109.1764,13.3916],[109.1694,13.3738],[109.1808,13.3735],[109.1846,13.3603],[109.1992,13.3684],[109.233,13.361],[109.2429,13.3642],[109.2545,13.3613],[109.2448,13.3884],[109.2189,13.3937],[109.2282,13.3972],[109.2317,13.4116],[109.2198,13.4183],[109.2388,13.4298],[109.2277,13.4318],[109.2226,13.4463],[109.2336,13.4721],[109.2282,13.48],[109.2328,13.4858],[109.2423,13.4872],[109.2405,13.4937],[109.2475,13.4938],[109.2524,13.4832],[109.267,13.4793],[109.2785,13.4633],[109.2869,13.4627],[109.2928,13.4554],[109.2913,13.4473],[109.2839,13.4481],[109.2772,13.4346],[109.2658,13.4348],[109.2589,13.428],[109.2674,13.4205],[109.2684,13.4123],[109.2912,13.417],[109.2932,13.4071],[109.2983,13.4046],[109.3029,13.416],[109.311,13.4131],[109.3105,13.438],[109.3199,13.4441],[109.3162,13.4582],[109.3222,13.465],[109.3306,13.4642],[109.3219,13.4753],[109.3194,13.4668],[109.307,13.4656],[109.2927,13.4829],[109.2877,13.5004],[109.2949,13.5118],[109.3025,13.5067],[109.3022,13.5191],[109.2794,13.5327],[109.2763,13.5447],[109.2799,13.5568],[109.29,13.5606],[109.2903,13.5679],[109.2986,13.5674],[109.2886,13.5767],[109.2862,13.5721],[109.2756,13.5751],[109.249,13.6],[109.2259,13.641],[109.2302,13.6461],[109.2284,13.652],[109.2331,13.6529],[109.2302,13.6659],[109.2336,13.6698],[109.226,13.6784],[109.2076,13.6803],[109.1997,13.6951],[109.1909,13.6935],[109.1826,13.6832],[109.1563,13.6784],[109.1524,13.6338],[109.1447,13.6296],[109.1324,13.6409],[109.1226,13.6441],[109.1198,13.6406],[109.1184,13.6343],[109.1269,13.6201],[109.1154,13.6141],[109.1165,13.5731],[109.1004,13.5407],[109.1217,13.5057],[109.1201,13.4952],[109.118,13.4857],[109.0904,13.466],[109.1137,13.453],[109.1243,13.4289],[109.1369,13.4227],[109.1383,13.4125],[109.1513,13.411],[109.1551,13.4147],[109.1719,13.4065],[109.1764,13.3916]]],[[[109.2536,13.4557],[109.2492,13.4487],[109.2544,13.4511],[109.2536,13.4557]]],[[[109.2744,13.4573],[109.2722,13.4612],[109.2712,13.4559],[109.2744,13.4573]]]]}},{"type":"Feature","properties":{"gid":"VNM.45.6_1","provZh":"富安省","name2":"Sông Hinh","type2":"Huyện","engtype2":"District"},"geometry":{"type":"Polygon","coordinates":[[[108.9946,12.721],[108.9911,12.705],[109.0193,12.7225],[109.0133,12.7292],[109.0244,12.7357],[109.0382,12.7362],[109.0391,12.7455],[109.0596,12.7439],[109.067,12.7528],[109.073,12.7461],[109.0855,12.7434],[109.0922,12.7508],[109.0906,12.7607],[109.1027,12.7671],[109.1157,12.79],[109.1166,12.7981],[109.111,12.797],[109.1002,12.8048],[109.0918,12.823],[109.0992,12.8451],[109.0922,12.8552],[109.0781,12.8497],[109.07,12.8562],[109.0719,12.86],[109.0673,12.8598],[109.0459,12.8514],[109.0311,12.8636],[109.0137,12.8707],[108.9995,12.8705],[109.0026,12.8916],[109.0234,12.9125],[109.0193,12.9253],[109.0307,12.9498],[109.0274,12.9708],[109.0367,12.9803],[109.0407,12.9994],[109.0449,13.0],[109.0459,13.0186],[109.0573,13.0255],[109.0258,13.0307],[109.0046,13.0439],[108.9908,13.0265],[108.982,13.0247],[108.9662,13.0394],[108.9459,13.0499],[108.9293,13.0706],[108.9234,13.0714],[108.9124,13.0515],[108.92,13.0295],[108.8932,13.0164],[108.8779,13.0143],[108.817,13.0616],[108.8068,13.0911],[108.7783,13.0985],[108.7632,13.0957],[108.7572,13.1023],[108.7492,13.0918],[108.7568,13.0337],[108.7144,13.0174],[108.6928,13.0168],[108.6819,12.9993],[108.6728,12.9946],[108.6736,12.9903],[108.6779,12.9838],[108.6906,12.9809],[108.6926,12.9722],[108.705,12.9658],[108.7005,12.948],[108.705,12.9421],[108.7121,12.9414],[108.7189,12.9547],[108.7535,12.9448],[108.763,12.9218],[108.7705,12.9162],[108.7742,12.8992],[108.7846,12.8903],[108.7896,12.8717],[108.7971,12.8677],[108.8052,12.8743],[108.8156,12.8747],[108.8222,12.8668],[108.8299,12.8671],[108.8505,12.8542],[108.8501,12.8357],[108.8678,12.8169],[108.9036,12.8144],[108.9115,12.8086],[108.9378,12.8102],[108.9402,12.8047],[108.9482,12.8113],[108.9726,12.8156],[108.9705,12.8],[108.9761,12.7965],[108.9719,12.7907],[108.9879,12.7815],[108.9855,12.771],[108.9916,12.7545],[108.984,12.7423],[108.9874,12.7271],[108.9946,12.721]]]}},{"type":"Feature","properties":{"gid":"VNM.45.7_1","provZh":"富安省","name2":"Tây Hoà","type2":"Huyện","engtype2":"District"},"geometry":{"type":"Polygon","coordinates":[[[109.1597,12.8144],[109.1652,12.8257],[109.196,12.8309],[109.2133,12.8276],[109.2279,12.8127],[109.2548,12.8381],[109.2832,12.8322],[109.3001,12.8411],[109.3073,12.8389],[109.3148,12.8428],[109.3193,12.8354],[109.3265,12.8407],[109.3306,12.8797],[109.3138,12.8853],[109.3183,12.8958],[109.3058,12.9053],[109.3041,12.9258],[109.3002,12.9284],[109.3088,12.9408],[109.3016,12.947],[109.2825,12.937],[109.275,12.9529],[109.2718,12.972],[109.2764,12.9763],[109.2756,13.0024],[109.293,13.005],[109.2903,13.0099],[109.2939,13.0095],[109.28,13.0474],[109.2511,13.0293],[109.2443,13.0183],[109.2296,13.0214],[109.2048,13.0096],[109.1865,13.0124],[109.1773,12.9993],[109.1618,12.9928],[109.1582,12.9837],[109.1495,12.9932],[109.1179,13.0017],[109.1125,13.0304],[109.0947,13.0258],[109.0841,13.0484],[109.076,13.0467],[109.0701,13.0328],[109.0459,13.0186],[109.0449,13.0],[109.0369,12.993],[109.0367,12.9803],[109.0266,12.9674],[109.0307,12.9498],[109.0193,12.9253],[109.0234,12.9125],[109.0026,12.8916],[108.9995,12.8705],[109.0137,12.8707],[109.0311,12.8636],[109.0459,12.8514],[109.0673,12.8598],[109.0719,12.86],[109.07,12.8562],[109.0781,12.8497],[109.0922,12.8552],[109.0992,12.8451],[109.0918,12.823],[109.1002,12.8048],[109.111,12.797],[109.1245,12.7954],[109.1373,12.7817],[109.1597,12.8144]]]}},{"type":"Feature","properties":{"gid":"VNM.45.8_1","provZh":"富安省","name2":"Tuy An","type2":"Huyện","engtype2":"District"},"geometry":{"type":"MultiPolygon","coordinates":[[[[109.1596,13.1436],[109.1762,13.1427],[109.1808,13.1685],[109.197,13.1663],[109.2132,13.154],[109.223,13.1569],[109.2339,13.1531],[109.244,13.1583],[109.2454,13.1741],[109.253,13.1674],[109.2622,13.1725],[109.2768,13.1685],[109.281,13.1789],[109.286,13.1799],[109.2947,13.1713],[109.3015,13.1872],[109.3065,13.1873],[109.2989,13.1949],[109.2934,13.216],[109.3082,13.229],[109.3022,13.2406],[109.3032,13.2497],[109.3172,13.2545],[109.3089,13.2773],[109.2978,13.2876],[109.2841,13.3154],[109.2849,13.3331],[109.2988,13.3346],[109.2907,13.3505],[109.2964,13.3559],[109.2944,13.3646],[109.2697,13.3646],[109.2706,13.3602],[109.2643,13.3561],[109.2478,13.3641],[109.233,13.361],[109.1924,13.3668],[109.1878,13.3606],[109.1915,13.351],[109.1758,13.3335],[109.1775,13.3217],[109.1713,13.3203],[109.1628,13.3257],[109.1452,13.318],[109.1126,13.322],[109.1066,13.3159],[109.1045,13.2978],[109.11,13.262],[109.0933,13.2471],[109.1261,13.2082],[109.1596,13.1436]]],[[[109.3135,13.1799],[109.3089,13.1764],[109.3117,13.1734],[109.3135,13.1799]]],[[[109.3426,13.2813],[109.332,13.2895],[109.3283,13.2863],[109.3305,13.2762],[109.3379,13.2753],[109.3426,13.2813]]]]}},{"type":"Feature","properties":{"gid":"VNM.45.9_1","provZh":"富安省","name2":"Tuy Hoà","type2":"Thành phố","engtype2":"City"},"geometry":{"type":"Polygon","coordinates":[[[109.3323,13.0301],[109.3483,13.0535],[109.3313,13.0878],[109.3012,13.1268],[109.2925,13.1543],[109.2931,13.1756],[109.281,13.1789],[109.2768,13.1685],[109.2622,13.1725],[109.253,13.1674],[109.2454,13.1741],[109.244,13.1583],[109.2339,13.1531],[109.223,13.1569],[109.2132,13.154],[109.197,13.1663],[109.1808,13.1685],[109.1771,13.1553],[109.1978,13.1391],[109.204,13.1274],[109.2141,13.1278],[109.2184,13.1151],[109.2439,13.1072],[109.2449,13.0989],[109.2573,13.0948],[109.2612,13.0978],[109.2647,13.0938],[109.2719,13.0972],[109.2867,13.0892],[109.2867,13.0832],[109.293,13.0842],[109.2951,13.0726],[109.3015,13.0649],[109.3047,13.0677],[109.3091,13.0589],[109.3045,13.048],[109.3201,13.0127],[109.3287,13.0178],[109.3323,13.0301]]]}},{"type":"Feature","properties":{"gid":"VNM.46.2_1","provZh":"广平省","name2":"Ba Đồn","type2":"Thị xã","engtype2":"Town"},"geometry":{"type":"Polygon","coordinates":[[[106.4096,17.7225],[106.4175,17.7267],[106.4485,17.711],[106.4927,17.7062],[106.4585,17.7745],[106.4401,17.7697],[106.425,17.797],[106.4166,17.7951],[106.4174,17.7756],[106.4017,17.7642],[106.3946,17.7644],[106.3919,17.7538],[106.3637,17.7618],[106.3498,17.7598],[106.3213,17.7704],[106.298,17.7569],[106.297,17.7446],[106.2808,17.7489],[106.2748,17.7434],[106.2594,17.7419],[106.2521,17.7292],[106.2565,17.7238],[106.2347,17.7093],[106.2402,17.7036],[106.2541,17.707],[106.2627,17.7022],[106.2786,17.7024],[106.281,17.6984],[106.2932,17.7021],[106.311,17.6932],[106.343,17.7028],[106.3442,17.6957],[106.3519,17.6933],[106.3546,17.6778],[106.3596,17.6755],[106.3682,17.6813],[106.4041,17.6874],[106.3931,17.6993],[106.3909,17.711],[106.4096,17.7225]]]}},{"type":"Feature","properties":{"gid":"VNM.46.1_1","provZh":"广平省","name2":"Bố Trạch","type2":"Huyện","engtype2":"District"},"geometry":{"type":"Polygon","coordinates":[[[106.381,17.4263],[106.3852,17.4313],[106.4041,17.4345],[106.4217,17.4141],[106.4221,17.4035],[106.4331,17.3864],[106.4524,17.3918],[106.4619,17.382],[106.4915,17.3847],[106.4978,17.4005],[106.5055,17.4067],[106.5101,17.4202],[106.5071,17.4283],[106.518,17.4408],[106.5271,17.4423],[106.5204,17.4627],[106.524,17.4695],[106.544,17.4826],[106.5401,17.4851],[106.543,17.4886],[106.5623,17.4952],[106.5856,17.5226],[106.5884,17.5168],[106.5948,17.5205],[106.5999,17.5302],[106.569,17.5773],[106.548,17.6195],[106.541,17.6227],[106.5139,17.6616],[106.4927,17.7062],[106.4485,17.711],[106.4175,17.7267],[106.3909,17.711],[106.3931,17.6993],[106.4041,17.6874],[106.3682,17.6813],[106.3596,17.6755],[106.3546,17.6778],[106.3519,17.6933],[106.3442,17.6957],[106.343,17.7028],[106.311,17.6932],[106.2932,17.7021],[106.281,17.6984],[106.2786,17.7024],[106.2627,17.7022],[106.2541,17.707],[106.2402,17.7036],[106.2319,17.7108],[106.1615,17.7226],[106.1514,17.7299],[106.1358,17.7233],[106.1172,17.7232],[106.1086,17.7145],[106.0829,17.7091],[106.0798,17.6942],[106.1056,17.6828],[106.1214,17.668],[106.0857,17.6454],[106.0657,17.6517],[106.0537,17.6383],[106.0217,17.6205],[106.0177,17.6114],[106.0284,17.596],[106.0295,17.5787],[106.0404,17.5764],[106.0405,17.553],[106.0204,17.5285],[106.0027,17.5264],[106.0024,17.5183],[105.9904,17.5096],[105.9683,17.5041],[106.0921,17.3601],[106.134,17.3348],[106.1421,17.3255],[106.145,17.3123],[106.162,17.3047],[106.2004,17.2733],[106.2492,17.2438],[106.2514,17.2515],[106.2772,17.2656],[106.2801,17.2759],[106.2741,17.2857],[106.2745,17.2958],[106.2993,17.294],[106.3143,17.3018],[106.2886,17.3236],[106.2866,17.3365],[106.2914,17.3474],[106.3142,17.3525],[106.3157,17.3659],[106.3323,17.3747],[106.3363,17.392],[106.3474,17.3879],[106.3485,17.3806],[106.3528,17.3795],[106.3656,17.3875],[106.3656,17.4143],[106.381,17.4263]]]}},{"type":"Feature","properties":{"gid":"VNM.46.3_1","provZh":"广平省","name2":"Lệ Thủy","type2":"Huyện","engtype2":"District"},"geometry":{"type":"Polygon","coordinates":[[[106.4229,17.0324],[106.4283,17.0043],[106.4392,16.995],[106.4603,17.0008],[106.471,16.983],[106.516,16.971],[106.5304,16.9781],[106.548,17.009],[106.5498,16.9978],[106.5625,16.9874],[106.5927,16.9872],[106.5939,16.9815],[106.587,16.9773],[106.5867,16.9714],[106.6072,16.9392],[106.63,16.9413],[106.6605,16.9366],[106.6675,16.9475],[106.6929,16.9556],[106.702,16.9409],[106.7124,16.9429],[106.7234,16.9302],[106.7438,16.9214],[106.7527,16.9228],[106.7723,16.9308],[106.7701,16.9396],[106.7762,16.946],[106.7773,16.9574],[106.7725,16.9611],[106.7803,16.9662],[106.7825,16.984],[106.8048,16.9927],[106.8091,17.0023],[106.8035,17.0202],[106.8112,17.0348],[106.8198,17.0408],[106.8479,17.0318],[106.858,17.0349],[106.8751,17.0546],[106.8573,17.0733],[106.889,17.0826],[106.9134,17.102],[106.9474,17.1156],[106.9912,17.1653],[106.8006,17.3092],[106.7995,17.3025],[106.7852,17.2925],[106.7719,17.2998],[106.7551,17.3216],[106.7383,17.3297],[106.7208,17.3088],[106.712,17.2807],[106.6987,17.278],[106.6873,17.2634],[106.6825,17.2647],[106.6852,17.26],[106.6745,17.2413],[106.6671,17.2523],[106.6526,17.2466],[106.6462,17.2373],[106.636,17.2529],[106.6113,17.2391],[106.6104,17.2244],[106.6161,17.2106],[106.6138,17.206],[106.6005,17.2046],[106.606,17.1946],[106.6031,17.1818],[106.5969,17.179],[106.5912,17.1519],[106.5751,17.1557],[106.5341,17.1418],[106.5256,17.118],[106.4972,17.1193],[106.4979,17.1016],[106.4934,17.0908],[106.4623,17.0785],[106.447,17.0792],[106.4377,17.0712],[106.4141,17.0749],[106.4022,17.0518],[106.4229,17.0324]]]}},{"type":"Feature","properties":{"gid":"VNM.46.4_1","provZh":"广平省","name2":"Minh Hóa","type2":"Huyện","engtype2":"District"},"geometry":{"type":"Polygon","coordinates":[[[105.8716,17.6155],[105.9683,17.5041],[105.9904,17.5096],[106.0024,17.5183],[106.0027,17.5264],[106.0204,17.5285],[106.0196,17.5321],[106.0353,17.5427],[106.0334,17.5481],[106.0405,17.553],[106.0424,17.5656],[106.038,17.5793],[106.0295,17.5787],[106.0284,17.596],[106.0177,17.6114],[106.0217,17.6205],[106.0537,17.6383],[106.0657,17.6517],[106.0857,17.6454],[106.1214,17.668],[106.1056,17.6828],[106.0787,17.6973],[106.0829,17.7091],[106.1086,17.7145],[106.1153,17.7223],[106.1143,17.7487],[106.1018,17.7513],[106.1014,17.7802],[106.111,17.7807],[106.1068,17.7913],[106.059,17.8134],[106.045,17.8139],[106.031,17.8239],[106.0183,17.8345],[106.0206,17.8505],[106.0018,17.863],[105.9793,17.8973],[105.9447,17.8958],[105.9267,17.9084],[105.9309,17.9182],[105.9275,17.9274],[105.9008,17.9366],[105.8985,17.9474],[105.8888,17.9365],[105.8781,17.9493],[105.8772,17.9576],[105.8567,17.9495],[105.8549,17.9387],[105.8396,17.9402],[105.8365,17.9333],[105.8507,17.9139],[105.8421,17.9058],[105.8114,17.9223],[105.795,17.921],[105.7836,17.9093],[105.7827,17.8973],[105.7642,17.8905],[105.7253,17.9152],[105.7027,17.9107],[105.6948,17.922],[105.6788,17.9269],[105.6755,17.9409],[105.6586,17.9545],[105.6415,17.9625],[105.6349,17.9605],[105.6274,17.9498],[105.6255,17.9035],[105.6128,17.8856],[105.6229,17.8708],[105.6481,17.8537],[105.6578,17.8529],[105.6737,17.84],[105.6789,17.829],[105.6852,17.8304],[105.6791,17.8064],[105.6912,17.7822],[105.6926,17.7679],[105.7195,17.7561],[105.7267,17.746],[105.7298,17.7282],[105.7438,17.7217],[105.7512,17.6693],[105.7809,17.6764],[105.7962,17.6626],[105.8035,17.6628],[105.8072,17.655],[105.8174,17.6595],[105.8452,17.6277],[105.8612,17.6274],[105.8716,17.6155]]]}},{"type":"Feature","properties":{"gid":"VNM.46.5_1","provZh":"广平省","name2":"Quảng Ninh","type2":"Huyện","engtype2":"District"},"geometry":{"type":"Polygon","coordinates":[[[106.4103,17.081],[106.4318,17.0702],[106.447,17.0792],[106.4623,17.0785],[106.4934,17.0908],[106.4979,17.1016],[106.4972,17.1193],[106.5256,17.118],[106.5341,17.1418],[106.5751,17.1557],[106.5912,17.1519],[106.5969,17.179],[106.6031,17.1818],[106.606,17.1946],[106.6005,17.2046],[106.6138,17.206],[106.6161,17.2106],[106.6104,17.2244],[106.6113,17.2391],[106.636,17.2529],[106.6462,17.2373],[106.6526,17.2466],[106.6671,17.2523],[106.6745,17.2413],[106.6852,17.26],[106.6825,17.2647],[106.6873,17.2634],[106.6987,17.278],[106.712,17.2807],[106.7208,17.3088],[106.7383,17.3297],[106.7551,17.3216],[106.7719,17.2998],[106.7852,17.2925],[106.7995,17.3025],[106.8006,17.3092],[106.6872,17.4155],[106.6762,17.4115],[106.6662,17.4207],[106.658,17.4174],[106.6514,17.4221],[106.6474,17.4184],[106.638,17.4357],[106.6279,17.436],[106.6222,17.4256],[106.5982,17.4245],[106.5811,17.4022],[106.5541,17.4054],[106.5525,17.3957],[106.5333,17.3832],[106.5263,17.3717],[106.5113,17.3648],[106.4915,17.3847],[106.4619,17.382],[106.4524,17.3918],[106.4331,17.3864],[106.4221,17.4035],[106.4217,17.4141],[106.4041,17.4345],[106.3852,17.4313],[106.3656,17.4143],[106.3656,17.3875],[106.3528,17.3795],[106.3485,17.3806],[106.3474,17.3879],[106.3363,17.392],[106.3323,17.3747],[106.3157,17.3659],[106.3142,17.3525],[106.2914,17.3474],[106.2866,17.3337],[106.2906,17.3203],[106.3143,17.3018],[106.3022,17.295],[106.3075,17.2771],[106.3043,17.2574],[106.3171,17.2512],[106.316,17.2435],[106.3078,17.2383],[106.3336,17.2341],[106.3334,17.2266],[106.3248,17.2158],[106.3076,17.2172],[106.3031,17.2078],[106.3256,17.1977],[106.3214,17.1919],[106.327,17.1804],[106.3371,17.1686],[106.3554,17.1579],[106.3492,17.1474],[106.357,17.1338],[106.3692,17.1255],[106.3728,17.1107],[106.3917,17.1022],[106.4103,17.081]]]}},{"type":"Feature","properties":{"gid":"VNM.46.6_1","provZh":"广平省","name2":"Quảng Trạch","type2":"Huyện","engtype2":"District"},"geometry":{"type":"MultiPolygon","coordinates":[[[[106.2997,17.7613],[106.3098,17.7605],[106.3243,17.7706],[106.3498,17.7598],[106.3637,17.7618],[106.3919,17.7538],[106.3946,17.7644],[106.4017,17.7642],[106.4174,17.7756],[106.4166,17.7951],[106.425,17.797],[106.4401,17.7697],[106.4585,17.7745],[106.446,17.8221],[106.4464,17.8563],[106.4842,17.922],[106.5017,17.9236],[106.5158,17.9416],[106.5059,17.9514],[106.506,17.9586],[106.511,17.9599],[106.4917,17.9595],[106.4793,17.9534],[106.4683,17.9563],[106.4503,17.9496],[106.4445,17.9521],[106.4442,17.9689],[106.4352,17.9728],[106.4229,17.9697],[106.4173,17.9744],[106.41,17.9728],[106.4003,17.9816],[106.3404,17.9916],[106.3295,17.9788],[106.3239,17.9632],[106.3057,17.9624],[106.2853,17.9361],[106.2912,17.9212],[106.2842,17.9072],[106.2704,17.8998],[106.2665,17.8847],[106.2733,17.8716],[106.2608,17.8515],[106.272,17.852],[106.2804,17.8439],[106.2876,17.8438],[106.2817,17.8243],[106.2846,17.8092],[106.2771,17.8069],[106.2776,17.7948],[106.2721,17.7883],[106.2924,17.7797],[106.2997,17.7613]]],[[[106.4721,17.8814],[106.4652,17.8751],[106.4692,17.8714],[106.4749,17.8798],[106.4732,17.8871],[106.4721,17.8814]]],[[[106.5339,17.9315],[106.5351,17.9363],[106.5261,17.938],[106.5262,17.9328],[106.5339,17.9315]]],[[[106.5215,17.944],[106.5192,17.9417],[106.5237,17.9399],[106.5215,17.944]]]]}},{"type":"Feature","properties":{"gid":"VNM.46.7_1","provZh":"广平省","name2":"Thành Phố Đồng Hới","type2":"Thành phố","engtype2":"City"},"geometry":{"type":"Polygon","coordinates":[[[106.536,17.3839],[106.5525,17.3957],[106.5541,17.4054],[106.5811,17.4022],[106.5982,17.4245],[106.6222,17.4256],[106.6279,17.436],[106.638,17.4357],[106.6474,17.4184],[106.6514,17.4221],[106.658,17.4174],[106.6662,17.4207],[106.6762,17.4115],[106.6872,17.4155],[106.6555,17.4509],[106.5999,17.5302],[106.5884,17.5168],[106.5856,17.5226],[106.5605,17.4936],[106.543,17.4886],[106.5401,17.4851],[106.544,17.4826],[106.5207,17.4636],[106.5271,17.4423],[106.518,17.4408],[106.5071,17.4283],[106.5101,17.4202],[106.5055,17.4067],[106.4978,17.4005],[106.4915,17.3847],[106.5113,17.3648],[106.5263,17.3717],[106.536,17.3839]]]}},{"type":"Feature","properties":{"gid":"VNM.46.8_1","provZh":"广平省","name2":"Tuyên Hóa","type2":"Huyện","engtype2":"District"},"geometry":{"type":"Polygon","coordinates":[[[106.2541,17.7335],[106.2594,17.7419],[106.2748,17.7434],[106.2808,17.7489],[106.297,17.7446],[106.2964,17.755],[106.3033,17.7609],[106.2963,17.7636],[106.2924,17.7797],[106.2721,17.7883],[106.2776,17.7948],[106.2771,17.8069],[106.2846,17.8092],[106.2817,17.8243],[106.2876,17.8438],[106.2804,17.8439],[106.272,17.852],[106.2608,17.8515],[106.2733,17.8716],[106.2665,17.8847],[106.2704,17.8998],[106.2842,17.9072],[106.277,17.9182],[106.263,17.9142],[106.2403,17.9305],[106.2362,17.9273],[106.2231,17.93],[106.2085,17.9257],[106.1993,17.9163],[106.1906,17.9233],[106.1726,17.9145],[106.0605,17.9384],[106.0457,17.9467],[106.0481,17.9655],[106.0698,17.9861],[106.0778,17.9878],[106.0574,18.0164],[106.0503,18.0221],[106.0184,18.0272],[105.9862,18.0638],[105.9757,18.0626],[105.9674,18.0549],[105.9621,18.059],[105.9512,18.0575],[105.946,18.0731],[105.9319,18.089],[105.9188,18.0802],[105.9123,18.0867],[105.8942,18.0892],[105.8707,18.0664],[105.8394,18.0661],[105.82,18.0605],[105.813,18.0529],[105.834,18.045],[105.8354,18.0405],[105.8283,18.0311],[105.8165,18.0372],[105.8073,18.0313],[105.8087,18.0253],[105.7886,18.0244],[105.7775,18.0166],[105.7397,18.0367],[105.7254,18.0269],[105.7212,18.0205],[105.7228,18.0068],[105.7131,18.0028],[105.7062,17.9929],[105.6429,17.9922],[105.6415,17.9625],[105.6755,17.9409],[105.6788,17.9269],[105.6948,17.922],[105.7027,17.9107],[105.7253,17.9152],[105.7601,17.891],[105.7827,17.8973],[105.7836,17.9093],[105.795,17.921],[105.8114,17.9223],[105.8421,17.9058],[105.8505,17.9158],[105.8365,17.9333],[105.8396,17.9402],[105.8549,17.9387],[105.8554,17.9477],[105.8607,17.9517],[105.8772,17.9576],[105.8781,17.9493],[105.8898,17.936],[105.8985,17.9474],[105.9008,17.9366],[105.9275,17.9274],[105.9309,17.9182],[105.9267,17.9084],[105.9447,17.8958],[105.9793,17.8973],[106.0018,17.863],[106.0206,17.8505],[106.0183,17.8345],[106.031,17.8239],[106.045,17.8139],[106.059,17.8134],[106.1068,17.7913],[106.111,17.7807],[106.1014,17.7802],[106.1018,17.7513],[106.1143,17.7487],[106.1153,17.7223],[106.1358,17.7233],[106.1514,17.7299],[106.1615,17.7226],[106.2347,17.7093],[106.2565,17.7238],[106.2541,17.7335]]]}},{"type":"Feature","properties":{"gid":"VNM.47.1_1","provZh":"广南省","name2":"Bắc Trà My","type2":"Huyện","engtype2":"District"},"geometry":{"type":"Polygon","coordinates":[[[108.3028,15.258],[108.3061,15.2682],[108.3045,15.2768],[108.2994,15.279],[108.3191,15.3012],[108.3643,15.2944],[108.3787,15.3034],[108.4029,15.3003],[108.403,15.3088],[108.4116,15.3162],[108.4226,15.3131],[108.4289,15.3276],[108.4531,15.3369],[108.467,15.3566],[108.4665,15.3993],[108.4369,15.3928],[108.3813,15.3944],[108.3786,15.3886],[108.3647,15.3825],[108.358,15.3827],[108.339,15.3994],[108.3247,15.3931],[108.3138,15.4013],[108.2953,15.4024],[108.2548,15.3948],[108.2394,15.397],[108.2349,15.3892],[108.2237,15.3873],[108.196,15.3901],[108.1867,15.3794],[108.1745,15.3802],[108.1512,15.3963],[108.1422,15.4154],[108.1457,15.4291],[108.1417,15.433],[108.1219,15.4283],[108.1141,15.4363],[108.0964,15.4176],[108.0992,15.4025],[108.0855,15.3919],[108.071,15.3959],[108.0575,15.4073],[108.0451,15.4045],[108.0232,15.4202],[108.0173,15.416],[108.0216,15.3979],[108.012,15.3919],[108.0178,15.3747],[107.9867,15.367],[107.9581,15.368],[107.9532,15.363],[107.9532,15.3417],[107.9646,15.3236],[107.9453,15.3081],[107.948,15.2977],[107.9841,15.3008],[108.0016,15.3096],[108.0067,15.3062],[108.0091,15.3144],[108.0255,15.3095],[108.034,15.3002],[108.0548,15.3142],[108.07,15.3074],[108.0768,15.3098],[108.1,15.2634],[108.1126,15.2533],[108.1104,15.2483],[108.116,15.2434],[108.1201,15.2201],[108.1417,15.2161],[108.189,15.1728],[108.211,15.1958],[108.2159,15.1809],[108.2224,15.1762],[108.2175,15.1696],[108.2168,15.1492],[108.229,15.1308],[108.2377,15.1297],[108.2524,15.1188],[108.2603,15.1183],[108.2735,15.1286],[108.2831,15.153],[108.2938,15.1668],[108.3065,15.1741],[108.2998,15.1818],[108.3024,15.193],[108.2914,15.1982],[108.3045,15.2097],[108.3079,15.2227],[108.297,15.2282],[108.2859,15.2271],[108.2895,15.2337],[108.2812,15.2435],[108.3028,15.258]]]}},{"type":"Feature","properties":{"gid":"VNM.47.2_1","provZh":"广南省","name2":"Đại Lộc","type2":"Huyện","engtype2":"District"},"geometry":{"type":"Polygon","coordinates":[[[108.0701,15.8106],[108.082,15.8234],[108.0936,15.8246],[108.1184,15.8445],[108.1361,15.8429],[108.1462,15.847],[108.1476,15.8657],[108.1367,15.8687],[108.1378,15.8782],[108.1339,15.8825],[108.1369,15.8839],[108.1312,15.8941],[108.1386,15.893],[108.1395,15.9008],[108.1333,15.9144],[108.1478,15.9208],[108.1516,15.9319],[108.1374,15.9306],[108.1094,15.948],[108.0807,15.925],[108.0682,15.926],[108.0608,15.9339],[108.0412,15.935],[107.9928,15.9181],[107.976,15.9193],[107.9677,15.9261],[107.9404,15.9179],[107.9318,15.9237],[107.9303,15.9131],[107.9127,15.911],[107.8969,15.9179],[107.8846,15.9305],[107.8689,15.9318],[107.8599,15.9376],[107.8479,15.9323],[107.8464,15.9159],[107.8359,15.9068],[107.8376,15.884],[107.8301,15.8598],[107.8086,15.8541],[107.8155,15.8445],[107.8009,15.8275],[107.8347,15.8208],[107.8276,15.8041],[107.832,15.8044],[107.8381,15.7952],[107.8469,15.8007],[107.8627,15.7805],[107.8674,15.7804],[107.8673,15.771],[107.8774,15.7589],[107.8799,15.742],[107.8911,15.7401],[107.8974,15.746],[107.92,15.7416],[107.9398,15.7262],[107.9529,15.7298],[107.9635,15.7201],[107.9698,15.725],[108.0062,15.7308],[108.0218,15.7463],[108.0295,15.7435],[108.045,15.7616],[108.0408,15.7784],[108.0581,15.7915],[108.0701,15.8106]]]}},{"type":"Feature","properties":{"gid":"VNM.47.3_1","provZh":"广南省","name2":"Điện Bàn","type2":"Thị xã","engtype2":"Town"},"geometry":{"type":"Polygon","coordinates":[[[108.2226,15.8412],[108.2317,15.8399],[108.238,15.8476],[108.2443,15.8397],[108.24,15.8338],[108.2476,15.8305],[108.2638,15.8615],[108.2806,15.8676],[108.3081,15.8672],[108.3121,15.8716],[108.3133,15.8768],[108.3084,15.8729],[108.2966,15.876],[108.2897,15.8863],[108.2929,15.8984],[108.3145,15.9135],[108.3184,15.9069],[108.3242,15.9074],[108.3297,15.9211],[108.3098,15.9389],[108.2868,15.9713],[108.2729,15.9619],[108.2604,15.9635],[108.26,15.971],[108.249,15.9713],[108.2314,15.9624],[108.2226,15.9475],[108.2162,15.9493],[108.2107,15.9428],[108.205,15.9486],[108.2051,15.9621],[108.1884,15.9618],[108.1846,15.9654],[108.1792,15.9405],[108.1685,15.9416],[108.1646,15.9518],[108.1538,15.9531],[108.147,15.9332],[108.1516,15.9319],[108.1511,15.9246],[108.1333,15.9144],[108.1395,15.9008],[108.1386,15.893],[108.1312,15.8941],[108.1369,15.8839],[108.1339,15.8825],[108.1378,15.8782],[108.1367,15.8687],[108.1476,15.8657],[108.1471,15.8512],[108.1557,15.8504],[108.168,15.8326],[108.2109,15.8339],[108.2226,15.8412]]]}},{"type":"Feature","properties":{"gid":"VNM.47.4_1","provZh":"广南省","name2":"Đông Giang","type2":"Huyện","engtype2":"District"},"geometry":{"type":"Polygon","coordinates":[[[107.7562,15.813],[107.8009,15.8275],[107.8155,15.8445],[107.8086,15.8541],[107.8301,15.8598],[107.8376,15.884],[107.8359,15.9068],[107.8464,15.9159],[107.8496,15.934],[107.8599,15.9376],[107.8689,15.9318],[107.8846,15.9305],[107.8969,15.9179],[107.9127,15.911],[107.9303,15.9131],[107.9318,15.9237],[107.9404,15.9179],[107.9677,15.9261],[107.976,15.9193],[107.9836,15.9195],[107.9492,15.9501],[107.9559,15.9584],[107.9566,15.9687],[107.9807,15.988],[107.9836,16.012],[107.9706,16.0194],[107.9687,16.0275],[107.9581,16.0372],[107.9605,16.0643],[107.9389,16.0573],[107.9017,16.034],[107.8935,16.0401],[107.8922,16.0477],[107.876,16.0517],[107.8625,16.0619],[107.8138,16.0528],[107.7872,16.0677],[107.7812,16.0626],[107.774,16.0669],[107.7694,16.0512],[107.7268,16.0307],[107.7246,16.0081],[107.7075,15.9954],[107.6796,15.9982],[107.6723,16.0119],[107.6564,16.0195],[107.647,15.9997],[107.6264,15.9869],[107.6274,15.9811],[107.6099,15.9503],[107.6146,15.9396],[107.612,15.9352],[107.6165,15.9318],[107.607,15.9227],[107.6135,15.9199],[107.6114,15.9044],[107.5931,15.8936],[107.5873,15.8835],[107.5964,15.8781],[107.5987,15.8712],[107.594,15.865],[107.6129,15.8381],[107.6077,15.8311],[107.6057,15.8135],[107.6121,15.7991],[107.5935,15.7945],[107.6057,15.7834],[107.5881,15.769],[107.6307,15.7573],[107.6526,15.7614],[107.6607,15.7669],[107.6653,15.7778],[107.6828,15.7731],[107.693,15.7779],[107.7175,15.7778],[107.7385,15.8082],[107.754,15.8089],[107.7562,15.813]]]}},{"type":"Feature","properties":{"gid":"VNM.47.5_1","provZh":"广南省","name2":"Duy Xuyên","type2":"Huyện","engtype2":"District"},"geometry":{"type":"Polygon","coordinates":[[[108.2476,15.8354],[108.2476,15.8305],[108.2427,15.8297],[108.2397,15.8347],[108.2443,15.8397],[108.238,15.8476],[108.2317,15.8399],[108.2267,15.8422],[108.2109,15.8339],[108.1867,15.8321],[108.168,15.8326],[108.1509,15.8526],[108.1433,15.8439],[108.1184,15.8445],[108.0936,15.8246],[108.082,15.8234],[108.0714,15.8159],[108.0657,15.8006],[108.0437,15.7824],[108.0408,15.7732],[108.0491,15.7623],[108.0687,15.7613],[108.0762,15.7366],[108.0966,15.7317],[108.1153,15.7389],[108.1359,15.7362],[108.1497,15.7225],[108.1694,15.7127],[108.1747,15.7308],[108.1886,15.7342],[108.1971,15.7476],[108.2058,15.7463],[108.2094,15.7392],[108.2236,15.74],[108.2664,15.7693],[108.2613,15.7927],[108.2726,15.8038],[108.2724,15.8187],[108.2829,15.8292],[108.2892,15.8245],[108.2995,15.8286],[108.2995,15.8229],[108.3197,15.8199],[108.3272,15.8115],[108.3317,15.8237],[108.3405,15.8291],[108.3604,15.825],[108.3714,15.829],[108.3784,15.822],[108.385,15.8322],[108.3944,15.8261],[108.3921,15.8229],[108.4002,15.8093],[108.4126,15.819],[108.4042,15.8586],[108.4062,15.8721],[108.3955,15.8751],[108.369,15.8596],[108.3495,15.8638],[108.3411,15.8597],[108.3266,15.861],[108.3198,15.8545],[108.3026,15.8597],[108.3052,15.8677],[108.2806,15.8676],[108.2575,15.8557],[108.2555,15.8424],[108.2476,15.8354]]]}},{"type":"Feature","properties":{"gid":"VNM.47.7_1","provZh":"广南省","name2":"Hiệp Đức","type2":"Huyện","engtype2":"District"},"geometry":{"type":"Polygon","coordinates":[[[108.0812,15.3938],[108.0855,15.3919],[108.0992,15.4025],[108.0964,15.4176],[108.1075,15.4312],[108.1141,15.4363],[108.1219,15.4283],[108.1349,15.4339],[108.1346,15.4398],[108.1482,15.45],[108.1508,15.475],[108.1389,15.4849],[108.1266,15.4879],[108.1367,15.5057],[108.1473,15.5062],[108.1637,15.4971],[108.1721,15.4998],[108.1713,15.5074],[108.2139,15.4913],[108.2213,15.4958],[108.2234,15.5016],[108.2154,15.5058],[108.2126,15.5265],[108.2014,15.5335],[108.2049,15.5556],[108.2215,15.5619],[108.2176,15.5714],[108.2529,15.5905],[108.2566,15.6],[108.2524,15.6062],[108.2416,15.6072],[108.2308,15.6152],[108.2316,15.6221],[108.2208,15.6186],[108.2175,15.6226],[108.1918,15.6237],[108.1554,15.6201],[108.1301,15.6358],[108.1276,15.6427],[108.0957,15.6424],[108.0506,15.6208],[108.0062,15.6065],[107.9816,15.5867],[107.9707,15.5705],[107.9486,15.5629],[107.9938,15.5283],[107.9911,15.518],[108.003,15.5035],[108.0036,15.4953],[107.9887,15.4856],[107.9915,15.4702],[108.0152,15.4387],[108.0159,15.4274],[108.0451,15.4045],[108.0575,15.4073],[108.071,15.3959],[108.0812,15.3938]]]}},{"type":"Feature","properties":{"gid":"VNM.47.6_1","provZh":"广南省","name2":"Hội An","type2":"Thành phố","engtype2":"City"},"geometry":{"type":"MultiPolygon","coordinates":[[[[108.3133,15.8768],[108.3026,15.8597],[108.3198,15.8545],[108.3266,15.861],[108.3411,15.8597],[108.3495,15.8638],[108.369,15.8596],[108.3955,15.8751],[108.3859,15.8871],[108.3297,15.9211],[108.3242,15.9074],[108.3184,15.9069],[108.3145,15.9135],[108.2929,15.8984],[108.2897,15.8863],[108.2966,15.876],[108.3084,15.8729],[108.3133,15.8768]]],[[[108.4036,15.8787],[108.3994,15.8855],[108.3864,15.887],[108.3973,15.8855],[108.4036,15.8787]]],[[[108.6926,15.8164],[108.6909,15.8123],[108.6983,15.8122],[108.6926,15.8164]]],[[[108.5433,15.9036],[108.543,15.9139],[108.5329,15.9069],[108.5364,15.9026],[108.5433,15.9036]]],[[[108.4791,15.945],[108.4798,15.9381],[108.4856,15.9473],[108.4791,15.945]]],[[[108.5187,15.9625],[108.5116,15.9653],[108.5048,15.9789],[108.4843,15.9666],[108.4931,15.956],[108.5047,15.9607],[108.5082,15.9444],[108.5283,15.9327],[108.535,15.9226],[108.5408,15.9232],[108.5385,15.9563],[108.5187,15.9625]]],[[[108.4443,15.9734],[108.4478,15.9676],[108.4525,15.9777],[108.4443,15.9734]]]]}},{"type":"Feature","properties":{"gid":"VNM.47.8_1","provZh":"广南省","name2":"Nam Giang","type2":"Huyện","engtype2":"District"},"geometry":{"type":"Polygon","coordinates":[[[107.6237,15.4149],[107.638,15.4155],[107.6617,15.3857],[107.6689,15.3984],[107.668,15.4072],[107.6786,15.4162],[107.6822,15.4534],[107.6903,15.4629],[107.6948,15.4615],[107.694,15.4678],[107.7071,15.4802],[107.6963,15.4884],[107.7033,15.4947],[107.7069,15.514],[107.7005,15.5242],[107.701,15.5293],[107.7052,15.5293],[107.6997,15.5446],[107.6951,15.5456],[107.6973,15.5617],[107.7092,15.5567],[107.7548,15.576],[107.7624,15.5713],[107.7702,15.5728],[107.7789,15.5766],[107.7789,15.5813],[107.7853,15.5776],[107.8198,15.5806],[107.8284,15.5704],[107.8356,15.5707],[107.8467,15.5602],[107.8596,15.5578],[107.8537,15.5647],[107.8528,15.576],[107.8675,15.5796],[107.8653,15.5949],[107.8722,15.6085],[107.8829,15.6167],[107.8836,15.633],[107.8737,15.6438],[107.875,15.6492],[107.8671,15.6493],[107.8376,15.6826],[107.8417,15.6881],[107.8528,15.6892],[107.8796,15.7045],[107.8882,15.7326],[107.8781,15.7444],[107.8774,15.7589],[107.8705,15.7632],[107.8674,15.7804],[107.8627,15.7805],[107.8469,15.8007],[107.8381,15.7952],[107.832,15.8044],[107.8276,15.8041],[107.8347,15.8208],[107.8119,15.8237],[107.8083,15.8282],[107.7909,15.8273],[107.7769,15.817],[107.7385,15.8082],[107.7175,15.7778],[107.693,15.7779],[107.6828,15.7731],[107.6653,15.7778],[107.6607,15.7669],[107.6526,15.7614],[107.6307,15.7573],[107.5881,15.769],[107.5798,15.7769],[107.5662,15.7741],[107.5631,15.7689],[107.5488,15.7686],[107.5413,15.7778],[107.5224,15.7735],[107.5177,15.7653],[107.509,15.7673],[107.493,15.7622],[107.463,15.7692],[107.4524,15.748],[107.4225,15.7371],[107.4021,15.742],[107.3904,15.7376],[107.3809,15.7271],[107.3676,15.7252],[107.3591,15.7374],[107.3491,15.728],[107.3449,15.7378],[107.3479,15.7427],[107.3224,15.7514],[107.31,15.7507],[107.3104,15.7439],[107.3033,15.7354],[107.2762,15.7344],[107.267,15.7391],[107.26,15.7298],[107.2506,15.7325],[107.2519,15.7219],[107.2663,15.7208],[107.2667,15.7107],[107.2771,15.7073],[107.2721,15.7017],[107.2772,15.6967],[107.2731,15.6881],[107.2756,15.6811],[107.267,15.6703],[107.2647,15.6545],[107.2768,15.6538],[107.2756,15.635],[107.2854,15.6262],[107.3184,15.6261],[107.3344,15.6224],[107.3431,15.6143],[107.3424,15.6036],[107.3494,15.6013],[107.3534,15.5892],[107.3428,15.5758],[107.3522,15.5691],[107.3595,15.5726],[107.3647,15.5699],[107.3648,15.5475],[107.3751,15.5302],[107.3816,15.4933],[107.3925,15.4958],[107.4101,15.4915],[107.4144,15.4954],[107.4157,15.4906],[107.4219,15.4935],[107.4296,15.4901],[107.4294,15.4997],[107.4345,15.5037],[107.4705,15.4993],[107.4825,15.4892],[107.4779,15.4781],[107.5139,15.4738],[107.5156,15.4604],[107.5222,15.4572],[107.5224,15.4461],[107.5271,15.4422],[107.5186,15.4162],[107.5305,15.4049],[107.5463,15.4058],[107.5607,15.3946],[107.574,15.3977],[107.6034,15.4215],[107.6237,15.4149]]]}},{"type":"Feature","properties":{"gid":"VNM.47.9_1","provZh":"广南省","name2":"Nam Trà My","type2":"Huyện","engtype2":"District"},"geometry":{"type":"Polygon","coordinates":[[[108.1593,14.9792],[108.1554,14.9968],[108.15,15.0018],[108.1492,15.0222],[108.1528,15.0278],[108.1464,15.0442],[108.1491,15.0503],[108.1622,15.0611],[108.1709,15.0618],[108.1918,15.0487],[108.1944,15.0404],[108.1994,15.0441],[108.2116,15.0323],[108.2387,15.032],[108.2431,15.0412],[108.238,15.05],[108.2422,15.0649],[108.2351,15.0782],[108.2508,15.0841],[108.2594,15.0973],[108.2571,15.1153],[108.2603,15.1183],[108.229,15.1308],[108.2168,15.1492],[108.2175,15.1696],[108.2224,15.1762],[108.2159,15.1809],[108.211,15.1958],[108.189,15.1728],[108.1417,15.2161],[108.1201,15.2201],[108.116,15.2434],[108.1104,15.2483],[108.1126,15.2533],[108.1,15.2634],[108.0768,15.3098],[108.07,15.3074],[108.0548,15.3142],[108.034,15.3002],[108.0255,15.3095],[108.0091,15.3144],[108.0067,15.3062],[108.0016,15.3096],[107.9841,15.3008],[107.948,15.2977],[107.9386,15.2873],[107.9483,15.2585],[107.9345,15.2425],[107.9368,15.2318],[107.9277,15.2196],[107.9276,15.2096],[107.9371,15.1908],[107.9486,15.1865],[107.9504,15.1751],[107.9817,15.1666],[107.9878,15.1585],[107.9997,15.1562],[108.0043,15.1427],[107.9983,15.1277],[108.002,15.1193],[107.9934,15.1105],[107.9843,15.0879],[107.9756,15.0855],[107.976,15.0691],[107.9643,15.0653],[107.9531,15.0546],[107.9652,15.0207],[107.9901,14.9985],[108.0033,15.002],[108.0086,14.9973],[108.0173,15.0019],[108.0475,14.9921],[108.0633,14.9686],[108.0871,14.9626],[108.0885,14.9514],[108.1072,14.9514],[108.1181,14.9592],[108.1492,14.9624],[108.1622,14.9738],[108.1593,14.9792]]]}},{"type":"Feature","properties":{"gid":"VNM.47.10_1","provZh":"广南省","name2":"Nông Sơn","type2":"Huyện","engtype2":"District"},"geometry":{"type":"Polygon","coordinates":[[[108.0275,15.6161],[108.0506,15.6208],[108.0957,15.6424],[108.1111,15.6399],[108.1197,15.6444],[108.161,15.6889],[108.1694,15.7127],[108.1497,15.7225],[108.1359,15.7362],[108.1153,15.7389],[108.0966,15.7317],[108.0762,15.7366],[108.0687,15.7613],[108.0553,15.7643],[108.0534,15.7607],[108.0462,15.7656],[108.0295,15.7435],[108.0218,15.7463],[108.0062,15.7308],[107.9698,15.725],[107.9635,15.7201],[107.9529,15.7298],[107.9398,15.7262],[107.92,15.7416],[107.8974,15.746],[107.8858,15.7391],[107.8882,15.7326],[107.8796,15.7045],[107.8528,15.6892],[107.8417,15.6881],[107.8376,15.6826],[107.8671,15.6493],[107.875,15.6492],[107.8737,15.6438],[107.8836,15.633],[107.8829,15.6167],[107.8722,15.6085],[107.8653,15.5949],[107.8675,15.5796],[107.8528,15.576],[107.8537,15.5647],[107.8596,15.5578],[107.8541,15.5491],[107.8638,15.5388],[107.872,15.5382],[107.8872,15.5483],[107.9008,15.5449],[107.9051,15.5365],[107.9153,15.5419],[107.9201,15.5551],[107.9329,15.5624],[107.9597,15.5636],[108.0062,15.6065],[108.0275,15.6161]]]}},{"type":"Feature","properties":{"gid":"VNM.47.11_1","provZh":"广南省","name2":"Núi Thành","type2":"Huyện","engtype2":"District"},"geometry":{"type":"Polygon","coordinates":[[[108.6183,15.5149],[108.5576,15.5855],[108.5412,15.5825],[108.5464,15.5767],[108.5366,15.5641],[108.5242,15.5693],[108.5207,15.5555],[108.5026,15.5539],[108.4955,15.5383],[108.4988,15.5292],[108.4848,15.5229],[108.4829,15.5068],[108.5058,15.502],[108.5,15.4971],[108.51,15.4874],[108.5046,15.4842],[108.4999,15.4882],[108.4845,15.476],[108.4698,15.4794],[108.4738,15.4778],[108.4682,15.4759],[108.4735,15.4691],[108.4698,15.4638],[108.4767,15.4591],[108.4764,15.4485],[108.4638,15.459],[108.4233,15.4547],[108.423,15.4335],[108.4399,15.4139],[108.4554,15.4143],[108.4665,15.3993],[108.4684,15.3854],[108.4652,15.3809],[108.4693,15.3687],[108.4632,15.3497],[108.4565,15.3464],[108.4531,15.3369],[108.4289,15.3276],[108.4355,15.3259],[108.4388,15.312],[108.4777,15.3125],[108.4824,15.308],[108.4951,15.3152],[108.4999,15.3245],[108.5265,15.3202],[108.5455,15.3364],[108.5605,15.3345],[108.5757,15.3441],[108.6025,15.3458],[108.6026,15.3525],[108.6306,15.3575],[108.642,15.3679],[108.6589,15.3657],[108.6619,15.3697],[108.6724,15.3642],[108.6784,15.3692],[108.6904,15.3681],[108.7012,15.3732],[108.7137,15.3707],[108.7214,15.3748],[108.739,15.3991],[108.6969,15.4403],[108.7012,15.4575],[108.6903,15.4765],[108.6923,15.4822],[108.6868,15.4857],[108.682,15.4786],[108.6743,15.4864],[108.677,15.5037],[108.6818,15.5059],[108.6791,15.5115],[108.6735,15.5152],[108.6746,15.5058],[108.6676,15.4996],[108.6508,15.4981],[108.6183,15.5149]]]}},{"type":"Feature","properties":{"gid":"VNM.47.12_1","provZh":"广南省","name2":"Phú Ninh","type2":"Huyện","engtype2":"District"},"geometry":{"type":"Polygon","coordinates":[[[108.4447,15.3935],[108.4665,15.3993],[108.4554,15.4143],[108.4399,15.4139],[108.423,15.4335],[108.4233,15.4547],[108.4638,15.459],[108.4764,15.4485],[108.4767,15.4591],[108.4698,15.4638],[108.4735,15.4691],[108.4682,15.4759],[108.4738,15.4778],[108.4698,15.4794],[108.4845,15.476],[108.4999,15.4882],[108.5046,15.4842],[108.51,15.4874],[108.5,15.4971],[108.5058,15.502],[108.4805,15.5063],[108.4724,15.5138],[108.4768,15.5233],[108.4711,15.5306],[108.4694,15.5459],[108.4447,15.5546],[108.4649,15.6023],[108.4544,15.6084],[108.4424,15.629],[108.4263,15.6196],[108.416,15.6229],[108.4168,15.6324],[108.405,15.6286],[108.4019,15.6314],[108.3899,15.6246],[108.3894,15.6142],[108.3823,15.6077],[108.3745,15.6119],[108.3588,15.6045],[108.3335,15.6012],[108.3226,15.5855],[108.3303,15.5768],[108.3175,15.5667],[108.3234,15.5531],[108.3516,15.546],[108.3677,15.5494],[108.373,15.5435],[108.3685,15.5422],[108.3725,15.535],[108.3686,15.5247],[108.3808,15.5182],[108.377,15.5083],[108.393,15.469],[108.3862,15.4503],[108.3755,15.4374],[108.3809,15.4324],[108.3755,15.4254],[108.3799,15.4227],[108.371,15.4149],[108.3813,15.3944],[108.4447,15.3935]]]}},{"type":"Feature","properties":{"gid":"VNM.47.13_1","provZh":"广南省","name2":"Phước Sơn","type2":"Huyện","engtype2":"District"},"geometry":{"type":"Polygon","coordinates":[[[107.9094,15.2067],[107.9146,15.212],[107.9276,15.2096],[107.9277,15.2196],[107.9368,15.2318],[107.9345,15.2425],[107.9483,15.2585],[107.9386,15.2873],[107.948,15.2977],[107.9453,15.3081],[107.9646,15.3236],[107.9532,15.3417],[107.9544,15.3668],[107.9919,15.3678],[108.0152,15.3734],[108.0193,15.3792],[108.012,15.3919],[108.0216,15.3979],[108.0173,15.416],[108.0227,15.4232],[108.0159,15.4274],[108.0152,15.4387],[107.9915,15.4702],[107.9887,15.4856],[108.0036,15.4953],[108.003,15.5035],[107.9911,15.518],[107.9938,15.5283],[107.9747,15.5394],[107.9663,15.5531],[107.9439,15.5637],[107.9201,15.5551],[107.9153,15.5419],[107.9051,15.5365],[107.9008,15.5449],[107.8872,15.5483],[107.872,15.5382],[107.8638,15.5388],[107.8541,15.5491],[107.8596,15.5578],[107.8467,15.5602],[107.8356,15.5707],[107.8284,15.5704],[107.8198,15.5806],[107.7853,15.5776],[107.7789,15.5813],[107.7789,15.5766],[107.7702,15.5728],[107.7624,15.5713],[107.7548,15.576],[107.7092,15.5567],[107.6973,15.5617],[107.6951,15.5456],[107.6997,15.5446],[107.7052,15.5293],[107.701,15.5293],[107.7005,15.5242],[107.7069,15.514],[107.7033,15.4947],[107.6963,15.4884],[107.7071,15.4802],[107.694,15.4678],[107.6948,15.4615],[107.6903,15.4629],[107.6822,15.4534],[107.6786,15.4162],[107.668,15.4072],[107.6689,15.3984],[107.6621,15.3904],[107.6597,15.373],[107.669,15.3454],[107.677,15.3433],[107.6791,15.3344],[107.7077,15.3034],[107.7309,15.3073],[107.7271,15.2677],[107.739,15.2374],[107.7338,15.2318],[107.7469,15.2299],[107.7557,15.2365],[107.7712,15.2297],[107.771,15.2229],[107.7787,15.218],[107.8089,15.2122],[107.8185,15.2164],[107.837,15.2076],[107.8713,15.2105],[107.8823,15.197],[107.8916,15.193],[107.9001,15.2055],[107.9094,15.2067]]]}},{"type":"Feature","properties":{"gid":"VNM.47.14_1","provZh":"广南省","name2":"Quế Sơn","type2":"Huyện","engtype2":"District"},"geometry":{"type":"Polygon","coordinates":[[[108.1985,15.6227],[108.2271,15.6252],[108.2286,15.6328],[108.25,15.6475],[108.2481,15.6545],[108.2605,15.6553],[108.2685,15.6671],[108.2858,15.6775],[108.2878,15.6864],[108.2811,15.6848],[108.2757,15.6976],[108.2978,15.7039],[108.3068,15.6935],[108.3179,15.6999],[108.3362,15.7656],[108.346,15.7717],[108.3473,15.7669],[108.3531,15.7734],[108.3449,15.7982],[108.3298,15.8151],[108.3272,15.8115],[108.3197,15.8199],[108.2995,15.8229],[108.2995,15.8286],[108.2892,15.8245],[108.2829,15.8292],[108.2724,15.8187],[108.2726,15.8038],[108.2613,15.7927],[108.2664,15.7693],[108.2236,15.74],[108.2094,15.7392],[108.1996,15.7484],[108.1923,15.7442],[108.1886,15.7342],[108.1747,15.7308],[108.161,15.6889],[108.1197,15.6444],[108.1276,15.6427],[108.1301,15.6358],[108.1554,15.6201],[108.1985,15.6227]]]}},{"type":"Feature","properties":{"gid":"VNM.47.15_1","provZh":"广南省","name2":"Tam Kỳ","type2":"Thành phố","engtype2":"City"},"geometry":{"type":"Polygon","coordinates":[[[108.4979,15.5329],[108.4955,15.5383],[108.5026,15.5539],[108.5207,15.5555],[108.5242,15.5693],[108.5366,15.5641],[108.5464,15.5767],[108.5412,15.5825],[108.5576,15.5855],[108.5144,15.6449],[108.4905,15.6302],[108.4855,15.6353],[108.4616,15.6305],[108.4439,15.6326],[108.4544,15.6084],[108.4663,15.5988],[108.4505,15.5745],[108.4447,15.5546],[108.4694,15.5459],[108.4711,15.5306],[108.4768,15.5233],[108.4724,15.5138],[108.4805,15.5063],[108.4848,15.5229],[108.4988,15.5292],[108.4979,15.5329]]]}},{"type":"Feature","properties":{"gid":"VNM.47.16_1","provZh":"广南省","name2":"Tây Giang","type2":"Huyện","engtype2":"District"},"geometry":{"type":"Polygon","coordinates":[[[107.2533,15.7347],[107.2517,15.73],[107.257,15.7287],[107.267,15.7391],[107.2762,15.7344],[107.3033,15.7354],[107.3104,15.7439],[107.31,15.7507],[107.3224,15.7514],[107.3479,15.7427],[107.3449,15.7378],[107.3491,15.728],[107.3591,15.7374],[107.3676,15.7252],[107.3809,15.7271],[107.3904,15.7376],[107.4021,15.742],[107.4225,15.7371],[107.4524,15.748],[107.463,15.7692],[107.493,15.7622],[107.509,15.7673],[107.5177,15.7653],[107.5224,15.7735],[107.5413,15.7778],[107.5488,15.7686],[107.5631,15.7689],[107.5662,15.7741],[107.5798,15.7769],[107.5881,15.769],[107.6057,15.7834],[107.5935,15.7945],[107.6121,15.7991],[107.6057,15.8135],[107.6077,15.8311],[107.6129,15.8381],[107.594,15.865],[107.5987,15.8712],[107.5964,15.8781],[107.5873,15.8835],[107.5931,15.8936],[107.6114,15.9044],[107.6135,15.9199],[107.607,15.9227],[107.6165,15.9318],[107.612,15.9352],[107.6146,15.9396],[107.6099,15.9503],[107.6151,15.9648],[107.6274,15.9811],[107.6264,15.9869],[107.647,15.9997],[107.6564,16.0195],[107.6204,16.0325],[107.6253,16.0504],[107.6193,16.0636],[107.5955,16.0561],[107.5714,16.055],[107.5529,16.0439],[107.5607,16.0217],[107.5459,16.0105],[107.5106,16.017],[107.5023,16.033],[107.4904,16.0411],[107.4763,16.0352],[107.4656,16.0228],[107.4512,15.99],[107.4429,15.9896],[107.4469,15.982],[107.4323,15.9574],[107.4269,15.9297],[107.419,15.9259],[107.4157,15.9124],[107.4091,15.9094],[107.3968,15.8901],[107.3821,15.8848],[107.3689,15.8935],[107.3383,15.8907],[107.3173,15.8807],[107.3129,15.868],[107.302,15.8648],[107.2983,15.8686],[107.2834,15.8576],[107.2753,15.8615],[107.271,15.8512],[107.2575,15.8485],[107.2476,15.8377],[107.2336,15.8437],[107.2317,15.838],[107.2215,15.8358],[107.2203,15.8303],[107.2106,15.8262],[107.2286,15.8048],[107.2255,15.8006],[107.2294,15.7837],[107.2189,15.7771],[107.2171,15.7603],[107.2115,15.7571],[107.2133,15.7391],[107.2474,15.7452],[107.2533,15.7347]]]}},{"type":"Feature","properties":{"gid":"VNM.47.17_1","provZh":"广南省","name2":"Thăng Bình","type2":"Huyện","engtype2":"District"},"geometry":{"type":"Polygon","coordinates":[[[108.4331,15.7742],[108.4126,15.819],[108.4002,15.8093],[108.3921,15.8229],[108.3944,15.8261],[108.385,15.8322],[108.3784,15.822],[108.3714,15.829],[108.3604,15.825],[108.3405,15.8291],[108.3317,15.8237],[108.3298,15.8151],[108.3449,15.7982],[108.3531,15.7734],[108.3473,15.7669],[108.346,15.7717],[108.3362,15.7656],[108.3179,15.6999],[108.3068,15.6935],[108.2978,15.7039],[108.2757,15.6976],[108.2811,15.6848],[108.2878,15.6864],[108.2858,15.6775],[108.2685,15.6671],[108.2605,15.6553],[108.2481,15.6545],[108.25,15.6475],[108.2432,15.6457],[108.2423,15.6394],[108.2362,15.6393],[108.2271,15.6252],[108.2175,15.6226],[108.2208,15.6186],[108.2316,15.6221],[108.2308,15.6152],[108.238,15.609],[108.2524,15.6062],[108.2566,15.6],[108.2529,15.5905],[108.2921,15.6033],[108.2963,15.5859],[108.3024,15.5837],[108.3108,15.5889],[108.3226,15.5855],[108.3357,15.6023],[108.3588,15.6045],[108.3745,15.6119],[108.3823,15.6077],[108.3894,15.6142],[108.3899,15.6246],[108.4019,15.6314],[108.405,15.6286],[108.4168,15.6324],[108.416,15.6229],[108.4319,15.6198],[108.4439,15.6326],[108.4616,15.6305],[108.4855,15.6353],[108.4905,15.6302],[108.5144,15.6449],[108.4331,15.7742]]]}},{"type":"Feature","properties":{"gid":"VNM.47.18_1","provZh":"广南省","name2":"Tiên Phước","type2":"Huyện","engtype2":"District"},"geometry":{"type":"Polygon","coordinates":[[[108.2727,15.3974],[108.3011,15.4027],[108.3138,15.4013],[108.3247,15.3931],[108.3331,15.4001],[108.3475,15.3954],[108.358,15.3827],[108.3786,15.3886],[108.3807,15.3978],[108.371,15.4149],[108.3799,15.4227],[108.3755,15.4254],[108.3809,15.4324],[108.3755,15.4374],[108.3862,15.4503],[108.393,15.469],[108.377,15.5083],[108.3808,15.5182],[108.3686,15.5247],[108.3725,15.535],[108.3685,15.5422],[108.373,15.5435],[108.3695,15.5486],[108.3516,15.546],[108.3234,15.5531],[108.3175,15.5667],[108.3303,15.5768],[108.3242,15.5849],[108.3108,15.5889],[108.3024,15.5837],[108.2963,15.5859],[108.2921,15.6033],[108.2461,15.5882],[108.2176,15.5714],[108.2215,15.5619],[108.2049,15.5556],[108.2014,15.5335],[108.2126,15.5265],[108.2154,15.5058],[108.2234,15.5016],[108.2213,15.4958],[108.2139,15.4913],[108.1713,15.5074],[108.1721,15.4998],[108.1637,15.4971],[108.1425,15.5072],[108.1327,15.5026],[108.1266,15.4879],[108.1389,15.4849],[108.1508,15.475],[108.1482,15.45],[108.1338,15.4376],[108.1457,15.4291],[108.1422,15.4154],[108.1512,15.3963],[108.1692,15.3821],[108.1867,15.3794],[108.196,15.3901],[108.2237,15.3873],[108.2349,15.3892],[108.2394,15.397],[108.2727,15.3974]]]}},{"type":"Feature","properties":{"gid":"VNM.48.1_1","provZh":"广义省","name2":"Ba Tơ","type2":"Huyện","engtype2":"District"},"geometry":{"type":"Polygon","coordinates":[[[108.6755,14.5888],[108.6805,14.596],[108.6902,14.5915],[108.6981,14.5955],[108.705,14.6136],[108.7088,14.6035],[108.7332,14.5883],[108.7638,14.5987],[108.7613,14.6146],[108.7668,14.6263],[108.7598,14.666],[108.769,14.676],[108.7817,14.6688],[108.8134,14.6689],[108.8286,14.6765],[108.8392,14.6931],[108.8469,14.6814],[108.8615,14.6927],[108.8896,14.6811],[108.9056,14.6859],[108.9285,14.7029],[108.9293,14.6961],[108.94,14.6938],[108.955,14.6803],[108.9594,14.6855],[108.9737,14.6741],[108.9795,14.6909],[108.9698,14.7077],[108.9715,14.7256],[108.9585,14.7387],[108.9341,14.7509],[108.9344,14.7756],[108.918,14.7768],[108.8771,14.7927],[108.8548,14.8084],[108.8455,14.7975],[108.8387,14.8057],[108.8261,14.8096],[108.8326,14.8241],[108.8254,14.8394],[108.8175,14.844],[108.817,14.8512],[108.8019,14.8465],[108.795,14.8535],[108.7851,14.8535],[108.7862,14.8595],[108.7813,14.8645],[108.7645,14.8671],[108.7632,14.8742],[108.7506,14.8865],[108.7442,14.8808],[108.7382,14.8881],[108.7172,14.8895],[108.7011,14.8809],[108.6983,14.8849],[108.6883,14.8814],[108.6638,14.8977],[108.6475,14.8921],[108.6197,14.8595],[108.5835,14.8358],[108.597,14.8075],[108.558,14.8024],[108.5443,14.8156],[108.5396,14.8087],[108.5116,14.8076],[108.4944,14.8001],[108.5024,14.778],[108.5166,14.773],[108.5275,14.7433],[108.5123,14.7114],[108.4968,14.6992],[108.5044,14.6888],[108.5123,14.6866],[108.5122,14.6821],[108.4917,14.6449],[108.484,14.6424],[108.481,14.6272],[108.4894,14.6206],[108.527,14.6222],[108.5395,14.5959],[108.5513,14.5844],[108.5602,14.5842],[108.5749,14.5709],[108.5933,14.5643],[108.5956,14.5465],[108.6037,14.5356],[108.6132,14.5316],[108.6315,14.551],[108.6417,14.5466],[108.6402,14.5638],[108.6737,14.5802],[108.6755,14.5888]]]}},{"type":"Feature","properties":{"gid":"VNM.48.2_1","provZh":"广义省","name2":"Bình Sơn","type2":"Huyện","engtype2":"District"},"geometry":{"type":"Polygon","coordinates":[[[108.8686,15.2325],[108.8766,15.2359],[108.882,15.232],[108.8851,15.2198],[108.8932,15.2259],[108.915,15.2258],[108.9118,15.2176],[108.9149,15.2122],[108.9213,15.2147],[108.9278,15.2103],[108.9438,15.2354],[108.9365,15.248],[108.9175,15.2449],[108.9033,15.2534],[108.8732,15.2925],[108.8695,15.302],[108.8807,15.3186],[108.88,15.3243],[108.8841,15.3249],[108.8655,15.3353],[108.8641,15.3439],[108.8708,15.3518],[108.8656,15.3533],[108.8568,15.3463],[108.8513,15.3484],[108.8268,15.3792],[108.8323,15.3925],[108.8222,15.4066],[108.8262,15.4186],[108.8116,15.4121],[108.7963,15.4227],[108.7957,15.4153],[108.8079,15.4073],[108.8048,15.3985],[108.7882,15.3897],[108.7776,15.3919],[108.7769,15.3845],[108.7544,15.3897],[108.739,15.3991],[108.7137,15.3707],[108.7012,15.3732],[108.6724,15.3642],[108.6619,15.3697],[108.6589,15.3657],[108.642,15.3679],[108.6306,15.3575],[108.6026,15.3525],[108.6025,15.3458],[108.5917,15.347],[108.5797,15.3341],[108.5774,15.3228],[108.5888,15.2983],[108.6058,15.2926],[108.6208,15.2721],[108.6235,15.2604],[108.644,15.2601],[108.6334,15.2548],[108.6325,15.2483],[108.64,15.236],[108.6619,15.2456],[108.6862,15.2445],[108.6999,15.2575],[108.7238,15.2482],[108.7389,15.2476],[108.7406,15.2614],[108.7504,15.2707],[108.7602,15.2513],[108.7686,15.2543],[108.7676,15.2482],[108.7719,15.2465],[108.7666,15.2381],[108.7701,15.2221],[108.778,15.2201],[108.7814,15.2286],[108.8023,15.2351],[108.8057,15.2403],[108.8312,15.2419],[108.8288,15.2186],[108.8177,15.2076],[108.8232,15.1982],[108.8303,15.2054],[108.8451,15.1987],[108.8562,15.216],[108.8671,15.2231],[108.8686,15.2325]]]}},{"type":"Feature","properties":{"gid":"VNM.48.3_1","provZh":"广义省","name2":"Đức Phổ","type2":"Huyện","engtype2":"District"},"geometry":{"type":"Polygon","coordinates":[[[109.0538,14.6032],[109.0601,14.5901],[109.0821,14.5779],[109.0723,14.6024],[109.0704,14.615],[109.0741,14.6187],[109.0654,14.6496],[109.0695,14.6686],[109.076,14.6648],[109.0832,14.6683],[109.0828,14.6789],[109.0742,14.6936],[109.0779,14.7021],[109.0027,14.821],[108.9563,14.9183],[108.9402,14.9093],[108.9298,14.9099],[108.9388,14.8952],[108.9388,14.8839],[108.9295,14.8887],[108.9203,14.8804],[108.9072,14.8849],[108.89,14.8809],[108.889,14.8874],[108.8836,14.8893],[108.8726,14.8861],[108.8331,14.8931],[108.8312,14.887],[108.8223,14.8832],[108.8297,14.8749],[108.83,14.8622],[108.8167,14.8567],[108.8175,14.844],[108.8254,14.8394],[108.8326,14.8241],[108.8261,14.8096],[108.8474,14.7972],[108.8548,14.8084],[108.8771,14.7927],[108.918,14.7768],[108.9344,14.7756],[108.9341,14.7509],[108.9585,14.7387],[108.9715,14.7256],[108.9698,14.7077],[108.9795,14.6909],[108.9737,14.6718],[108.9945,14.6728],[109.017,14.6648],[109.027,14.6462],[109.0345,14.6472],[109.043,14.6346],[109.0445,14.6082],[109.0538,14.6032]]]}},{"type":"Feature","properties":{"gid":"VNM.48.4_1","provZh":"广义省","name2":"Lý Sơn","type2":"Huyện","engtype2":"District"},"geometry":{"type":"MultiPolygon","coordinates":[[[[109.1191,15.3699],[109.1406,15.3777],[109.1426,15.3881],[109.1109,15.3916],[109.0993,15.3899],[109.0939,15.3843],[109.0971,15.3749],[109.1191,15.3699]]],[[[109.0774,15.4271],[109.0859,15.4278],[109.0872,15.432],[109.0789,15.4321],[109.0774,15.4271]]]]}},{"type":"Feature","properties":{"gid":"VNM.48.6_1","provZh":"广义省","name2":"Minh Long","type2":"Huyện","engtype2":"District"},"geometry":{"type":"Polygon","coordinates":[[[108.7154,14.8853],[108.7299,14.9177],[108.7255,14.9313],[108.7421,14.9466],[108.7552,14.9497],[108.7586,14.9636],[108.7481,14.97],[108.7492,14.9774],[108.7676,14.9781],[108.7721,14.9824],[108.7666,14.9897],[108.7503,14.9911],[108.7526,14.9992],[108.7453,15.0166],[108.7219,15.011],[108.7116,15.0304],[108.706,15.0297],[108.7038,15.0376],[108.694,15.0445],[108.671,15.031],[108.6659,15.0221],[108.6543,15.0192],[108.6446,15.0262],[108.6533,15.0104],[108.6555,14.993],[108.6457,14.9959],[108.6364,14.9906],[108.619,14.9645],[108.6097,14.9593],[108.6093,14.9419],[108.6149,14.9337],[108.5766,14.9034],[108.5928,14.8848],[108.5906,14.8668],[108.604,14.8484],[108.6197,14.8595],[108.6412,14.8881],[108.6586,14.8964],[108.6688,14.8957],[108.683,14.8819],[108.7154,14.8853]]]}},{"type":"Feature","properties":{"gid":"VNM.48.5_1","provZh":"广义省","name2":"Mộ Đức","type2":"Huyện","engtype2":"District"},"geometry":{"type":"Polygon","coordinates":[[[108.9388,14.8839],[108.9388,14.8952],[108.9298,14.9099],[108.9402,14.9093],[108.9563,14.9183],[108.9205,15.0145],[108.9037,15.0783],[108.9035,15.0935],[108.8971,15.094],[108.8878,15.0871],[108.8934,15.0838],[108.8872,15.0744],[108.89,15.0623],[108.8805,15.0602],[108.8725,15.0465],[108.8549,15.0454],[108.8493,15.0382],[108.8495,15.0207],[108.8346,15.0155],[108.8427,15.0058],[108.8393,14.9986],[108.8437,14.989],[108.8544,14.9842],[108.8478,14.9737],[108.8484,14.9605],[108.8336,14.9573],[108.8261,14.9636],[108.8042,14.9513],[108.7942,14.9408],[108.794,14.9086],[108.8013,14.9061],[108.8078,14.8947],[108.8227,14.8921],[108.8223,14.8832],[108.8312,14.887],[108.8331,14.8931],[108.8726,14.8861],[108.8836,14.8893],[108.889,14.8874],[108.89,14.8809],[108.9072,14.8849],[108.9203,14.8804],[108.9295,14.8887],[108.9388,14.8839]]]}},{"type":"Feature","properties":{"gid":"VNM.48.7_1","provZh":"广义省","name2":"Nghĩa Hành","type2":"Huyện","engtype2":"District"},"geometry":{"type":"Polygon","coordinates":[[[108.7909,14.852],[108.8119,14.8469],[108.8167,14.8567],[108.83,14.8622],[108.8297,14.8749],[108.8223,14.8832],[108.8241,14.8907],[108.8078,14.8947],[108.8013,14.9061],[108.7947,14.9072],[108.792,14.9247],[108.7961,14.9315],[108.7942,14.9408],[108.8042,14.9513],[108.8261,14.9636],[108.8336,14.9573],[108.8484,14.9605],[108.8478,14.9737],[108.8544,14.9842],[108.8437,14.989],[108.8393,14.9986],[108.8427,15.0058],[108.8346,15.0155],[108.8469,15.0188],[108.8418,15.0218],[108.8442,15.0313],[108.8302,15.0226],[108.8146,15.0251],[108.8156,15.0326],[108.8265,15.0384],[108.8203,15.0574],[108.7896,15.065],[108.7888,15.0774],[108.7956,15.0819],[108.7955,15.0894],[108.7881,15.0855],[108.7786,15.0899],[108.7667,15.0876],[108.7707,15.0823],[108.7578,15.0818],[108.7531,15.0764],[108.7391,15.0735],[108.7307,15.0798],[108.7325,15.0857],[108.7253,15.0868],[108.7066,15.0767],[108.6877,15.0571],[108.706,15.0297],[108.7128,15.0289],[108.7219,15.011],[108.7453,15.0166],[108.7526,14.9992],[108.7503,14.9911],[108.7666,14.9897],[108.7721,14.9824],[108.7676,14.9781],[108.7492,14.9774],[108.7481,14.97],[108.7586,14.9636],[108.7552,14.9497],[108.7421,14.9466],[108.7255,14.9313],[108.7299,14.9177],[108.7172,14.8895],[108.7382,14.8881],[108.7442,14.8808],[108.7506,14.8865],[108.7632,14.8742],[108.7645,14.8671],[108.7772,14.867],[108.7862,14.8595],[108.7851,14.8535],[108.7909,14.852]]]}},{"type":"Feature","properties":{"gid":"VNM.48.8_1","provZh":"广义省","name2":"Quảng Ngãi","type2":"Thành phố","engtype2":"City"},"geometry":{"type":"Polygon","coordinates":[[[108.8004,15.096],[108.8048,15.0991],[108.8144,15.0952],[108.8181,15.1025],[108.8372,15.0974],[108.8454,15.1015],[108.85,15.0974],[108.8587,15.1007],[108.8613,15.1073],[108.881,15.1043],[108.8953,15.1195],[108.8942,15.107],[108.8999,15.0934],[108.9035,15.0935],[108.8969,15.1285],[108.9013,15.141],[108.8971,15.1435],[108.8949,15.1882],[108.9075,15.2055],[108.9155,15.2052],[108.917,15.2006],[108.9225,15.2036],[108.9118,15.2176],[108.915,15.2258],[108.8932,15.2259],[108.8851,15.2198],[108.882,15.232],[108.8766,15.2359],[108.8686,15.2325],[108.8671,15.2231],[108.8562,15.216],[108.8451,15.1987],[108.8303,15.2054],[108.8232,15.1982],[108.8239,15.1888],[108.8057,15.1875],[108.8021,15.1921],[108.7996,15.1851],[108.8065,15.1811],[108.8063,15.169],[108.7913,15.1765],[108.7926,15.1824],[108.7834,15.1775],[108.7791,15.1863],[108.7713,15.1832],[108.7768,15.1607],[108.773,15.1539],[108.7826,15.1445],[108.7816,15.1362],[108.7606,15.1249],[108.7597,15.1183],[108.7646,15.1143],[108.759,15.1049],[108.7802,15.0992],[108.7872,15.1049],[108.7948,15.0956],[108.8004,15.096]]]}},{"type":"Feature","properties":{"gid":"VNM.48.9_1","provZh":"广义省","name2":"Sơn Hà","type2":"Huyện","engtype2":"District"},"geometry":{"type":"Polygon","coordinates":[[[108.4307,14.8154],[108.4354,14.8056],[108.453,14.8005],[108.458,14.79],[108.5029,14.8058],[108.5396,14.8087],[108.5443,14.8156],[108.558,14.8024],[108.597,14.8075],[108.5835,14.8358],[108.604,14.8484],[108.5906,14.8668],[108.5928,14.8848],[108.5791,14.8984],[108.5768,14.9068],[108.5933,14.9138],[108.6149,14.9337],[108.6093,14.9419],[108.6097,14.9593],[108.619,14.9645],[108.6364,14.9906],[108.6457,14.9959],[108.6555,14.993],[108.6412,15.0442],[108.6495,15.0501],[108.6498,15.059],[108.6588,15.0706],[108.6496,15.0835],[108.6378,15.1168],[108.6222,15.1261],[108.5901,15.1318],[108.5748,15.1583],[108.5645,15.1579],[108.5504,15.1417],[108.523,15.1267],[108.5217,15.1155],[108.5036,15.1162],[108.494,15.1054],[108.4775,15.111],[108.4668,15.1036],[108.4554,15.1084],[108.4484,15.1037],[108.4337,15.1036],[108.4278,15.0929],[108.4092,15.0808],[108.3639,15.1005],[108.3561,15.0933],[108.3572,15.0846],[108.3402,15.0842],[108.3325,15.076],[108.3204,15.074],[108.3237,15.0645],[108.3416,15.05],[108.3647,15.0544],[108.3875,15.0433],[108.3944,15.0324],[108.4172,15.0166],[108.4135,14.9992],[108.4321,14.9638],[108.4325,14.9491],[108.4457,14.9591],[108.4568,14.9398],[108.4652,14.9406],[108.4649,14.9452],[108.4707,14.9411],[108.4763,14.9472],[108.4814,14.9424],[108.4727,14.9287],[108.4815,14.9195],[108.4721,14.9134],[108.4765,14.9039],[108.469,14.8938],[108.4718,14.8856],[108.4547,14.8853],[108.4545,14.875],[108.4493,14.8727],[108.4434,14.853],[108.427,14.8507],[108.4159,14.8341],[108.4049,14.8295],[108.4064,14.8221],[108.4022,14.8229],[108.4307,14.8154]]]}},{"type":"Feature","properties":{"gid":"VNM.48.11_1","provZh":"广义省","name2":"Sơn Tây","type2":"Huyện","engtype2":"District"},"geometry":{"type":"Polygon","coordinates":[[[108.3917,14.8316],[108.4064,14.8221],[108.4049,14.8295],[108.4159,14.8341],[108.427,14.8507],[108.4434,14.853],[108.4493,14.8727],[108.4545,14.875],[108.4547,14.8853],[108.4718,14.8856],[108.469,14.8938],[108.4765,14.9039],[108.4721,14.9134],[108.4815,14.9195],[108.4727,14.9287],[108.4814,14.9424],[108.4763,14.9472],[108.4707,14.9411],[108.4649,14.9452],[108.4652,14.9406],[108.4568,14.9398],[108.4457,14.9591],[108.4325,14.9491],[108.4321,14.9638],[108.4135,14.9992],[108.4172,15.0166],[108.3944,15.0324],[108.3875,15.0433],[108.3647,15.0544],[108.3416,15.05],[108.3237,15.0645],[108.3204,15.074],[108.3089,15.0795],[108.3056,15.0903],[108.2887,15.1067],[108.2581,15.1172],[108.2573,15.0906],[108.2351,15.0782],[108.2422,15.0649],[108.238,15.05],[108.2431,15.0412],[108.2387,15.032],[108.2503,15.0261],[108.2545,15.0058],[108.2635,14.9977],[108.2692,14.9821],[108.2817,14.9777],[108.284,14.965],[108.3125,14.9458],[108.3137,14.935],[108.3217,14.9282],[108.3188,14.9189],[108.3222,14.9113],[108.3343,14.9084],[108.3378,14.8996],[108.3496,14.897],[108.3511,14.8801],[108.3631,14.8823],[108.3661,14.8788],[108.3768,14.8451],[108.3917,14.8316]]]}},{"type":"Feature","properties":{"gid":"VNM.48.10_1","provZh":"广义省","name2":"Sơn Tịnh","type2":"Huyện","engtype2":"District"},"geometry":{"type":"Polygon","coordinates":[[[108.5786,15.1481],[108.5881,15.1401],[108.5901,15.1318],[108.6155,15.1257],[108.6123,15.1412],[108.6174,15.151],[108.6326,15.1628],[108.6424,15.1646],[108.6598,15.1402],[108.6687,15.1357],[108.6784,15.1387],[108.685,15.1486],[108.7014,15.1541],[108.7586,15.1414],[108.7658,15.1302],[108.7714,15.129],[108.7816,15.1362],[108.7826,15.1445],[108.773,15.1539],[108.7768,15.1607],[108.7713,15.1832],[108.7791,15.1863],[108.7834,15.1775],[108.7926,15.1824],[108.7913,15.1765],[108.8075,15.1697],[108.8011,15.19],[108.825,15.1904],[108.8177,15.2076],[108.8288,15.2186],[108.8312,15.2419],[108.8057,15.2403],[108.8023,15.2351],[108.7814,15.2286],[108.778,15.2201],[108.7701,15.2221],[108.7666,15.2381],[108.7719,15.2465],[108.7676,15.2482],[108.7686,15.2543],[108.7602,15.2513],[108.7504,15.2707],[108.7406,15.2614],[108.7389,15.2476],[108.7238,15.2482],[108.6999,15.2575],[108.6789,15.2427],[108.6619,15.2456],[108.64,15.236],[108.6316,15.2423],[108.6169,15.2391],[108.6153,15.2173],[108.6003,15.2074],[108.5939,15.1944],[108.6029,15.1704],[108.5763,15.1569],[108.5786,15.1481]]]}},{"type":"Feature","properties":{"gid":"VNM.48.12_1","provZh":"广义省","name2":"Tây Trà","type2":"Huyện","engtype2":"District"},"geometry":{"type":"Polygon","coordinates":[[[108.4337,15.1036],[108.4484,15.1037],[108.4554,15.1084],[108.461,15.1216],[108.4585,15.1335],[108.4707,15.1521],[108.4681,15.1588],[108.4814,15.1676],[108.4807,15.1901],[108.4878,15.2013],[108.4717,15.2091],[108.4651,15.2],[108.4467,15.2109],[108.4273,15.2104],[108.4235,15.2165],[108.4196,15.2106],[108.4088,15.2163],[108.4027,15.2134],[108.3872,15.2326],[108.3883,15.2387],[108.3766,15.2397],[108.3617,15.2504],[108.3684,15.2614],[108.3655,15.2735],[108.3725,15.2769],[108.3657,15.2794],[108.3668,15.2855],[108.3611,15.2914],[108.3643,15.2944],[108.3191,15.3012],[108.2994,15.279],[108.3045,15.2768],[108.3061,15.2682],[108.3028,15.258],[108.2812,15.2435],[108.2895,15.2337],[108.2859,15.2271],[108.297,15.2282],[108.3079,15.2227],[108.3045,15.2097],[108.2914,15.1982],[108.3024,15.193],[108.2998,15.1818],[108.3065,15.1741],[108.2938,15.1668],[108.2813,15.1438],[108.2778,15.1447],[108.2752,15.131],[108.2603,15.1183],[108.2738,15.109],[108.2887,15.1067],[108.3056,15.0903],[108.3089,15.0795],[108.3204,15.074],[108.3325,15.076],[108.3402,15.0842],[108.3572,15.0846],[108.3561,15.0933],[108.3639,15.1005],[108.4092,15.0808],[108.4278,15.0929],[108.4337,15.1036]]]}},{"type":"Feature","properties":{"gid":"VNM.48.13_1","provZh":"广义省","name2":"Trà Bồng","type2":"Huyện","engtype2":"District"},"geometry":{"type":"Polygon","coordinates":[[[108.4862,15.1056],[108.4985,15.107],[108.5036,15.1162],[108.5217,15.1155],[108.523,15.1267],[108.5504,15.1417],[108.5645,15.1579],[108.579,15.1568],[108.6029,15.1704],[108.5958,15.1992],[108.6153,15.2173],[108.6169,15.2391],[108.637,15.2411],[108.6334,15.2548],[108.644,15.2601],[108.6235,15.2604],[108.6208,15.2721],[108.6058,15.2926],[108.5888,15.2983],[108.583,15.3058],[108.5771,15.324],[108.5874,15.3432],[108.5757,15.3441],[108.5605,15.3345],[108.5455,15.3364],[108.5265,15.3202],[108.4999,15.3245],[108.4951,15.3152],[108.4824,15.308],[108.4777,15.3125],[108.4388,15.312],[108.4355,15.3259],[108.4294,15.3262],[108.4267,15.3157],[108.4116,15.3162],[108.403,15.3088],[108.4029,15.3003],[108.3787,15.3034],[108.3611,15.2914],[108.3668,15.2855],[108.3657,15.2794],[108.3725,15.2769],[108.3655,15.2735],[108.3684,15.2614],[108.3631,15.2474],[108.3883,15.2387],[108.3872,15.2326],[108.4027,15.2134],[108.4088,15.2163],[108.4196,15.2106],[108.4235,15.2165],[108.4273,15.2104],[108.4467,15.2109],[108.4651,15.2],[108.4717,15.2091],[108.4878,15.2013],[108.4807,15.1901],[108.4814,15.1676],[108.4681,15.1588],[108.4707,15.1521],[108.4585,15.1335],[108.461,15.1216],[108.4554,15.1084],[108.4668,15.1036],[108.4775,15.111],[108.4862,15.1056]]]}},{"type":"Feature","properties":{"gid":"VNM.48.14_1","provZh":"广义省","name2":"Tư Nghĩa","type2":"Huyện","engtype2":"District"},"geometry":{"type":"Polygon","coordinates":[[[108.8418,15.0218],[108.8495,15.0207],[108.8493,15.0382],[108.8549,15.0454],[108.8725,15.0465],[108.8805,15.0602],[108.89,15.0623],[108.8872,15.0744],[108.8934,15.0838],[108.8878,15.0871],[108.8999,15.0934],[108.8942,15.107],[108.8953,15.1195],[108.881,15.1043],[108.8613,15.1073],[108.8587,15.1007],[108.85,15.0974],[108.8454,15.1015],[108.8372,15.0974],[108.8181,15.1025],[108.8144,15.0952],[108.8048,15.0991],[108.7976,15.0941],[108.7872,15.1049],[108.7802,15.0992],[108.759,15.1049],[108.7646,15.1143],[108.7597,15.1183],[108.7606,15.1249],[108.7678,15.1289],[108.7586,15.1414],[108.743,15.1467],[108.7014,15.1541],[108.685,15.1486],[108.6784,15.1387],[108.6687,15.1357],[108.6598,15.1402],[108.6424,15.1646],[108.6326,15.1628],[108.6174,15.151],[108.6123,15.1412],[108.6155,15.1257],[108.6378,15.1168],[108.6496,15.0835],[108.6588,15.0706],[108.6498,15.059],[108.6495,15.0501],[108.6412,15.0442],[108.6446,15.0262],[108.6543,15.0192],[108.6672,15.0227],[108.671,15.031],[108.694,15.0445],[108.6877,15.0571],[108.7204,15.0846],[108.7325,15.0857],[108.7307,15.0798],[108.7391,15.0735],[108.7531,15.0764],[108.7578,15.0818],[108.7707,15.0823],[108.7648,15.0866],[108.7786,15.0899],[108.7811,15.0857],[108.7955,15.0894],[108.7956,15.0819],[108.7888,15.0774],[108.793,15.062],[108.8022,15.0649],[108.8098,15.0569],[108.8203,15.0574],[108.8262,15.0358],[108.8156,15.0326],[108.8146,15.0251],[108.8302,15.0226],[108.843,15.0319],[108.8418,15.0218]]]}},{"type":"Feature","properties":{"gid":"VNM.49.1_1","provZh":"广宁省","name2":"Ba Chẽ","type2":"Huyện","engtype2":"District"},"geometry":{"type":"Polygon","coordinates":[[[107.3092,21.1811],[107.3187,21.1724],[107.3304,21.1772],[107.3339,21.1745],[107.3352,21.1887],[107.3605,21.2202],[107.3496,21.2295],[107.3533,21.2401],[107.339,21.2707],[107.3404,21.2938],[107.3329,21.3064],[107.3236,21.3051],[107.3127,21.3154],[107.2992,21.3162],[107.2987,21.3215],[107.2538,21.3298],[107.252,21.3435],[107.2634,21.3533],[107.2504,21.3675],[107.2407,21.3643],[107.2166,21.3889],[107.2035,21.3789],[107.1861,21.3757],[107.1699,21.3635],[107.1577,21.3683],[107.147,21.3644],[107.1419,21.3663],[107.1433,21.3694],[107.1269,21.3693],[107.102,21.3769],[107.097,21.3738],[107.0951,21.3598],[107.0787,21.3463],[107.063,21.3483],[107.05,21.3287],[107.032,21.3251],[107.0336,21.3149],[107.02,21.2992],[106.9837,21.2921],[106.9725,21.284],[106.9859,21.2569],[106.9772,21.2395],[106.9783,21.2264],[106.9944,21.2272],[106.9997,21.2219],[107.0182,21.2328],[107.0191,21.2264],[107.0375,21.2104],[107.0369,21.1968],[107.0417,21.1882],[107.0776,21.2158],[107.0846,21.2291],[107.0949,21.2308],[107.0991,21.2363],[107.126,21.2389],[107.1427,21.2311],[107.154,21.2342],[107.1641,21.2298],[107.1713,21.2338],[107.1846,21.2173],[107.1889,21.2194],[107.2126,21.2025],[107.1772,21.1645],[107.1802,21.1566],[107.1737,21.1445],[107.1845,21.141],[107.1866,21.1335],[107.1984,21.1347],[107.2083,21.1298],[107.2174,21.1385],[107.2306,21.1388],[107.2389,21.1603],[107.2502,21.1665],[107.2779,21.1789],[107.2926,21.1792],[107.3018,21.1866],[107.3092,21.1811]]]}},{"type":"Feature","properties":{"gid":"VNM.49.2_1","provZh":"广宁省","name2":"Bình Liêu","type2":"Huyện","engtype2":"District"},"geometry":{"type":"Polygon","coordinates":[[[107.3638,21.599],[107.33,21.5875],[107.3223,21.5941],[107.3137,21.59],[107.3092,21.596],[107.2956,21.5933],[107.2902,21.5818],[107.2841,21.5789],[107.2842,21.569],[107.2729,21.5626],[107.2837,21.546],[107.2794,21.5414],[107.284,21.5309],[107.2955,21.5173],[107.3163,21.5148],[107.3159,21.5072],[107.3341,21.4969],[107.3429,21.4831],[107.3383,21.4692],[107.3614,21.4607],[107.3619,21.4451],[107.3714,21.438],[107.3874,21.4375],[107.3809,21.4513],[107.3836,21.4554],[107.3985,21.468],[107.41,21.4688],[107.4179,21.4641],[107.4228,21.4685],[107.4303,21.4624],[107.4381,21.4643],[107.4417,21.4478],[107.4698,21.4443],[107.4825,21.4599],[107.4932,21.4576],[107.5016,21.4619],[107.5025,21.4715],[107.522,21.4818],[107.5251,21.5022],[107.5162,21.5186],[107.5202,21.525],[107.5265,21.5283],[107.5543,21.5259],[107.5572,21.5207],[107.585,21.5168],[107.5966,21.5259],[107.5938,21.5369],[107.6018,21.5517],[107.596,21.5592],[107.6089,21.5591],[107.6118,21.5667],[107.6124,21.5806],[107.6026,21.5957],[107.603,21.6036],[107.59,21.6066],[107.5818,21.6168],[107.5586,21.6129],[107.5436,21.5891],[107.5371,21.5944],[107.5259,21.5892],[107.5063,21.5973],[107.4835,21.5987],[107.4939,21.6051],[107.4981,21.6147],[107.4929,21.6251],[107.4852,21.6274],[107.4822,21.6578],[107.4666,21.6646],[107.4307,21.6498],[107.4166,21.6391],[107.4175,21.6328],[107.3957,21.6174],[107.3981,21.6102],[107.3828,21.5957],[107.3638,21.599]]]}},{"type":"Feature","properties":{"gid":"VNM.49.3_1","provZh":"广宁省","name2":"Cẩm Phả","type2":"Thành phố","engtype2":"City"},"geometry":{"type":"MultiPolygon","coordinates":[[[[107.2161,20.9622],[107.2196,20.9656],[107.2106,20.9653],[107.2057,20.949],[107.2124,20.9521],[107.2093,20.9565],[107.2144,20.9563],[107.2133,20.961],[107.2199,20.9603],[107.2161,20.9622]]],[[[107.2288,20.9664],[107.2322,20.965],[107.2323,20.9686],[107.2288,20.9664]]],[[[107.2305,20.9699],[107.2296,20.9745],[107.2243,20.9712],[107.2305,20.9699]]],[[[107.2476,20.9839],[107.2565,20.9816],[107.2479,20.9874],[107.2476,20.9839]]],[[[107.3086,20.991],[107.3043,20.9907],[107.3125,20.9911],[107.3086,20.991]]],[[[107.291,20.9997],[107.2929,20.9922],[107.3037,20.9906],[107.3064,20.9969],[107.3048,20.9919],[107.3123,20.9937],[107.328,20.9865],[107.3357,20.9959],[107.3384,20.9937],[107.3377,20.9991],[107.3405,20.9942],[107.3442,20.9991],[107.3437,20.9947],[107.3476,20.9955],[107.3638,21.0086],[107.3745,21.0289],[107.3678,21.0401],[107.3724,21.0586],[107.3665,21.0777],[107.3804,21.0861],[107.3756,21.0918],[107.3909,21.1155],[107.415,21.1397],[107.4119,21.1817],[107.3871,21.1806],[107.3717,21.184],[107.3657,21.192],[107.3709,21.2224],[107.357,21.2193],[107.3494,21.2022],[107.3352,21.1887],[107.3339,21.1745],[107.3304,21.1772],[107.3187,21.1724],[107.3018,21.1866],[107.2926,21.1792],[107.2779,21.1789],[107.2389,21.1603],[107.2333,21.1422],[107.2437,21.1395],[107.2437,21.1234],[107.27,21.1055],[107.2647,21.0959],[107.244,21.0922],[107.2321,21.0948],[107.228,21.0866],[107.2175,21.084],[107.2131,21.07],[107.2042,21.0611],[107.2073,21.0473],[107.2023,21.0453],[107.1994,21.0344],[107.1874,21.0264],[107.1781,21.0267],[107.1733,21.0195],[107.1778,20.9942],[107.1668,20.9586],[107.1875,20.9445],[107.193,20.9477],[107.2033,20.9405],[107.1968,20.9499],[107.2025,20.9588],[107.1977,20.9579],[107.199,20.9619],[107.2227,20.975],[107.2216,20.9813],[107.2247,20.9748],[107.2283,20.9758],[107.2313,20.9878],[107.2326,20.9807],[107.2374,20.9864],[107.2337,20.9915],[107.2405,20.9855],[107.2394,20.9928],[107.247,20.9934],[107.2465,20.9972],[107.248,20.992],[107.2495,20.9976],[107.2662,20.9965],[107.2659,21.0006],[107.2874,20.9958],[107.291,20.9997]]],[[[107.3506,20.9969],[107.3477,20.9909],[107.3533,20.9935],[107.3506,20.9969]]]]}},{"type":"Feature","properties":{"gid":"VNM.49.4_1","provZh":"广宁省","name2":"Cô Tô","type2":"Huyện","engtype2":"District"},"geometry":{"type":"MultiPolygon","coordinates":[[[[107.779,20.9684],[107.7787,20.979],[107.7859,20.9907],[107.7619,21.0155],[107.7554,21.0149],[107.7493,21.0238],[107.7435,21.0218],[107.73,21.0022],[107.7372,20.9971],[107.735,20.9908],[107.7494,20.986],[107.7616,20.9713],[107.7385,20.9419],[107.7476,20.9461],[107.75,20.9547],[107.761,20.9546],[107.779,20.9684]]],[[[107.7869,20.9719],[107.7918,20.9741],[107.7857,20.9772],[107.7869,20.9719]]],[[[107.7754,21.0337],[107.7832,21.0377],[107.7785,21.0513],[107.7631,21.0432],[107.7618,21.0317],[107.7754,21.0337]]],[[[107.7576,21.0478],[107.7558,21.0513],[107.7523,21.0474],[107.7576,21.0478]]],[[[107.8115,21.1084],[107.8021,21.1035],[107.8209,21.1096],[107.821,21.1138],[107.8117,21.1135],[107.8115,21.1084]]],[[[107.7928,21.1304],[107.7977,21.1302],[107.7974,21.1347],[107.7928,21.1304]]],[[[107.8574,21.0248],[107.8644,21.0293],[107.8609,21.0425],[107.855,21.0454],[107.8477,21.0395],[107.838,21.0439],[107.8315,21.0313],[107.8248,21.031],[107.8137,21.0168],[107.8071,21.0029],[107.8062,20.9764],[107.8128,20.9834],[107.8235,20.9835],[107.8229,20.994],[107.8354,20.9991],[107.8385,21.0109],[107.8528,21.0172],[107.8574,21.0248]]],[[[107.8251,21.0373],[107.8194,21.0372],[107.8219,21.031],[107.8251,21.0373]]],[[[107.8664,21.0578],[107.8636,21.0605],[107.8619,21.0533],[107.8664,21.0578]]],[[[107.8706,21.1459],[107.864,21.1471],[107.869,21.1393],[107.8706,21.1459]]],[[[107.8644,21.1639],[107.8623,21.1615],[107.8672,21.1605],[107.8683,21.1665],[107.8605,21.1618],[107.8644,21.1639]]],[[[108.0139,21.1941],[108.0105,21.1908],[108.0195,21.1886],[108.0216,21.1919],[108.0139,21.1941]]],[[[108.0156,21.2062],[108.0112,21.2054],[108.0133,21.2026],[108.0156,21.2062]]],[[[107.9784,21.2416],[107.9732,21.2499],[107.9476,21.2374],[107.9561,21.2302],[107.9785,21.2304],[107.9818,21.2414],[107.9784,21.2416]]]]}},{"type":"Feature","properties":{"gid":"VNM.49.5_1","provZh":"广宁省","name2":"Đầm Hà","type2":"Huyện","engtype2":"District"},"geometry":{"type":"MultiPolygon","coordinates":[[[[107.6148,21.2296],[107.6135,21.2267],[107.6186,21.2303],[107.6148,21.2296]]],[[[107.633,21.2504],[107.6245,21.2491],[107.643,21.2604],[107.6201,21.2553],[107.6208,21.2514],[107.615,21.2519],[107.6151,21.2478],[107.6065,21.2475],[107.5913,21.2367],[107.613,21.2432],[107.6044,21.238],[107.6092,21.2329],[107.6156,21.2336],[107.6181,21.2404],[107.6414,21.2548],[107.633,21.2504]]],[[[107.6283,21.2337],[107.6346,21.2335],[107.6401,21.242],[107.6283,21.2337]]],[[[107.5866,21.2252],[107.6007,21.2316],[107.5948,21.2328],[107.5792,21.2234],[107.5866,21.2252]]],[[[107.5467,21.2632],[107.5473,21.2709],[107.5355,21.2619],[107.5422,21.2635],[107.5373,21.2609],[107.5459,21.2563],[107.5467,21.2632]]],[[[107.548,21.2704],[107.5506,21.2594],[107.5557,21.2614],[107.5547,21.2652],[107.5576,21.2613],[107.5619,21.2635],[107.5523,21.2548],[107.5593,21.2537],[107.5661,21.262],[107.578,21.259],[107.5754,21.2625],[107.5787,21.2643],[107.589,21.262],[107.5685,21.2775],[107.548,21.2704]]],[[[107.5447,21.2819],[107.5335,21.2808],[107.5312,21.2854],[107.5232,21.2795],[107.5293,21.2648],[107.5398,21.2697],[107.5316,21.273],[107.5422,21.2719],[107.5388,21.2771],[107.5433,21.2728],[107.5501,21.2792],[107.5588,21.2796],[107.5534,21.2838],[107.5447,21.2819]]],[[[107.5639,21.2954],[107.5699,21.2881],[107.5762,21.292],[107.581,21.2882],[107.5821,21.2928],[107.5808,21.289],[107.5856,21.2874],[107.5897,21.2928],[107.6055,21.2911],[107.62,21.3059],[107.6142,21.3115],[107.6213,21.3117],[107.6306,21.3304],[107.6478,21.3477],[107.641,21.3478],[107.6484,21.3495],[107.6467,21.3544],[107.6361,21.3546],[107.6504,21.3541],[107.6478,21.366],[107.6511,21.3683],[107.6268,21.3983],[107.6366,21.4111],[107.6229,21.4178],[107.6148,21.4322],[107.6121,21.4396],[107.6179,21.4511],[107.6083,21.4525],[107.6057,21.4592],[107.5798,21.4798],[107.5616,21.4852],[107.5428,21.4983],[107.5218,21.4967],[107.522,21.4818],[107.5025,21.4715],[107.5016,21.4619],[107.4932,21.4576],[107.4825,21.4599],[107.4698,21.4443],[107.468,21.4373],[107.4759,21.4257],[107.4735,21.394],[107.4827,21.3932],[107.4769,21.3862],[107.4849,21.3843],[107.4875,21.3754],[107.5032,21.3807],[107.5075,21.3777],[107.506,21.3721],[107.5147,21.3619],[107.5248,21.3586],[107.525,21.3395],[107.5419,21.3244],[107.5546,21.2932],[107.5691,21.2862],[107.5639,21.2954]]],[[[107.5772,21.2841],[107.5819,21.2857],[107.5731,21.2901],[107.5772,21.2841]]]]}},{"type":"Feature","properties":{"gid":"VNM.49.6_1","provZh":"广宁省","name2":"Đông Triều","type2":"Thị xã","engtype2":"Town"},"geometry":{"type":"Polygon","coordinates":[[[106.5241,21.0496],[106.5321,21.0474],[106.546,21.0546],[106.5773,21.0563],[106.6023,21.0385],[106.6114,21.0205],[106.6269,21.0113],[106.6471,21.0193],[106.6584,21.0173],[106.6585,21.0239],[106.6742,21.0243],[106.6747,21.0327],[106.682,21.0315],[106.683,21.0357],[106.7018,21.0311],[106.7103,21.0363],[106.7044,21.0561],[106.7104,21.0608],[106.7125,21.0775],[106.7164,21.0767],[106.7186,21.085],[106.7087,21.0903],[106.7001,21.1069],[106.6935,21.1045],[106.6943,21.1175],[106.6899,21.117],[106.7011,21.1334],[106.7086,21.1665],[106.6964,21.1704],[106.682,21.1666],[106.6409,21.1806],[106.6384,21.1682],[106.631,21.1719],[106.6097,21.1702],[106.605,21.1797],[106.5888,21.1781],[106.5909,21.1838],[106.5799,21.1924],[106.5648,21.1887],[106.5578,21.1943],[106.5425,21.1924],[106.5286,21.223],[106.5019,21.2244],[106.5006,21.2011],[106.4945,21.1991],[106.4969,21.1847],[106.4897,21.1802],[106.4892,21.1664],[106.4797,21.1461],[106.4837,21.145],[106.4838,21.1287],[106.4618,21.1151],[106.4579,21.1194],[106.4416,21.1171],[106.4393,21.1061],[106.4507,21.0947],[106.4407,21.079],[106.456,21.0652],[106.4873,21.0679],[106.4998,21.0575],[106.5174,21.0599],[106.5198,21.0536],[106.515,21.0467],[106.5237,21.0459],[106.5241,21.0496]]]}},{"type":"Feature","properties":{"gid":"VNM.49.7_1","provZh":"广宁省","name2":"Hạ Long","type2":"Thành phố","engtype2":"City"},"geometry":{"type":"MultiPolygon","coordinates":[[[[107.1479,20.9335],[107.1493,20.9387],[107.1444,20.938],[107.1479,20.9335]]],[[[107.1335,20.9399],[107.1502,20.9394],[107.1486,20.93],[107.1544,20.9308],[107.1545,20.924],[107.1649,20.933],[107.1993,20.9347],[107.2033,20.9405],[107.193,20.9477],[107.1875,20.9445],[107.1668,20.9586],[107.1778,20.9942],[107.1733,21.0195],[107.1781,21.0267],[107.174,21.031],[107.1317,21.0296],[107.1266,21.0161],[107.1042,21.0109],[107.094,20.9983],[107.0591,20.9745],[107.0357,20.9896],[107.0083,20.9931],[107.0079,21.0013],[106.9996,21.0112],[106.9832,21.0145],[106.9674,21.0295],[106.9603,21.0169],[106.9257,21.0134],[106.9077,21.0162],[106.8863,21.0108],[106.8941,20.9976],[106.8881,20.9734],[106.9203,20.9627],[106.9251,20.9548],[106.9216,20.9455],[106.9407,20.9253],[106.9412,20.934],[106.959,20.9438],[106.9619,20.9508],[106.9817,20.9542],[106.9871,20.9433],[106.9822,20.9544],[106.9876,20.9567],[106.9918,20.9524],[107.02,20.9526],[107.0233,20.9504],[107.0193,20.948],[107.0315,20.9462],[107.0591,20.9577],[107.0677,20.9552],[107.0755,20.9458],[107.0849,20.9502],[107.0984,20.9486],[107.1112,20.9387],[107.1282,20.9365],[107.1361,20.945],[107.1335,20.9399]]],[[[106.9972,20.9318],[106.9875,20.943],[106.9727,20.9375],[106.9772,20.914],[106.9888,20.9134],[106.99,20.9222],[106.9934,20.9158],[106.9925,20.9263],[106.9972,20.9318]]]]}},{"type":"Feature","properties":{"gid":"VNM.49.8_1","provZh":"广宁省","name2":"Hải Hà","type2":"Huyện","engtype2":"District"},"geometry":{"type":"MultiPolygon","coordinates":[[[[107.7759,21.294],[107.7953,21.2953],[107.766,21.2958],[107.7543,21.2916],[107.7514,21.2838],[107.7759,21.294]]],[[[107.8231,21.3532],[107.816,21.358],[107.7946,21.3507],[107.7682,21.3317],[107.7739,21.3333],[107.7456,21.3258],[107.7039,21.3006],[107.7325,21.3123],[107.7352,21.3067],[107.7316,21.3024],[107.7468,21.3064],[107.7587,21.3171],[107.7966,21.3321],[107.8066,21.3448],[107.8231,21.3532]]],[[[107.7502,21.361],[107.7612,21.3633],[107.7571,21.3723],[107.743,21.3691],[107.744,21.3629],[107.7502,21.361]]],[[[107.7633,21.3829],[107.7691,21.3897],[107.761,21.3876],[107.7633,21.3829]]],[[[107.7743,21.5118],[107.7661,21.5094],[107.7559,21.534],[107.7464,21.5387],[107.7439,21.5512],[107.7332,21.5563],[107.7327,21.5851],[107.7401,21.5954],[107.7385,21.6154],[107.7469,21.6271],[107.7489,21.6411],[107.7213,21.6288],[107.7158,21.6214],[107.6874,21.6109],[107.6652,21.6141],[107.6516,21.6075],[107.6119,21.6082],[107.603,21.6036],[107.6026,21.5957],[107.6124,21.5806],[107.6118,21.5667],[107.6089,21.5591],[107.596,21.5592],[107.6018,21.5517],[107.5938,21.5369],[107.5966,21.5259],[107.585,21.5168],[107.5722,21.5166],[107.5572,21.5207],[107.5543,21.5259],[107.5265,21.5283],[107.5162,21.5186],[107.5251,21.5022],[107.5218,21.4967],[107.5428,21.4983],[107.5616,21.4852],[107.5798,21.4798],[107.6057,21.4592],[107.6083,21.4525],[107.6179,21.4511],[107.6121,21.4396],[107.6148,21.4322],[107.6229,21.4178],[107.6366,21.4111],[107.6268,21.3983],[107.6438,21.3736],[107.6511,21.3683],[107.6603,21.3726],[107.663,21.3672],[107.6699,21.3732],[107.6652,21.3795],[107.6705,21.3748],[107.6711,21.3794],[107.6738,21.3769],[107.6814,21.384],[107.6852,21.3809],[107.6878,21.3876],[107.7095,21.3869],[107.7189,21.3943],[107.755,21.404],[107.752,21.4112],[107.7556,21.4108],[107.7615,21.4236],[107.7572,21.4278],[107.7658,21.4418],[107.7632,21.4481],[107.7812,21.4555],[107.7858,21.4705],[107.8071,21.4714],[107.802,21.4941],[107.7743,21.5118]]],[[[107.6403,21.2682],[107.648,21.267],[107.6492,21.2714],[107.6403,21.2682]]],[[[107.6521,21.2694],[107.6694,21.2811],[107.6633,21.2837],[107.6608,21.278],[107.6521,21.2776],[107.6521,21.2694]]],[[[107.6951,21.2928],[107.7014,21.2959],[107.6972,21.2954],[107.7005,21.3005],[107.6788,21.292],[107.6789,21.2883],[107.6734,21.2904],[107.6679,21.2852],[107.6742,21.2805],[107.6523,21.2656],[107.6951,21.2928]]]]}},{"type":"Feature","properties":{"gid":"VNM.49.9_1","provZh":"广宁省","name2":"Hoành Bồ","type2":"Huyện","engtype2":"District"},"geometry":{"type":"Polygon","coordinates":[[[107.0393,20.9871],[107.0591,20.9745],[107.094,20.9983],[107.1042,21.0109],[107.1266,21.0161],[107.1317,21.0296],[107.1535,21.0332],[107.1874,21.0264],[107.1994,21.0344],[107.2023,21.0453],[107.2073,21.0473],[107.2042,21.0611],[107.2131,21.07],[107.2175,21.084],[107.228,21.0866],[107.2321,21.0948],[107.244,21.0922],[107.2647,21.0959],[107.27,21.1055],[107.2466,21.1196],[107.2422,21.1262],[107.2426,21.1407],[107.2174,21.1385],[107.2083,21.1298],[107.1984,21.1347],[107.1866,21.1335],[107.1845,21.141],[107.1737,21.1445],[107.1802,21.1566],[107.1772,21.1645],[107.1889,21.1728],[107.211,21.2041],[107.1889,21.2194],[107.1846,21.2173],[107.1713,21.2338],[107.1641,21.2298],[107.154,21.2342],[107.1427,21.2311],[107.126,21.2389],[107.0991,21.2363],[107.0949,21.2308],[107.0846,21.2291],[107.0776,21.2158],[107.0417,21.1882],[107.0369,21.1968],[107.0375,21.2104],[107.0191,21.2264],[107.0182,21.2328],[106.9997,21.2219],[106.9887,21.2284],[106.969,21.225],[106.9626,21.2102],[106.9562,21.2064],[106.9554,21.1902],[106.9474,21.1885],[106.9427,21.1733],[106.9358,21.1689],[106.9164,21.1844],[106.8926,21.1789],[106.8821,21.1833],[106.8738,21.1739],[106.8597,21.1772],[106.8569,21.1882],[106.8254,21.1882],[106.8266,21.1635],[106.8464,21.1294],[106.8406,21.1172],[106.8435,21.1134],[106.8332,21.1092],[106.8397,21.0937],[106.8288,21.0748],[106.8489,21.0581],[106.8419,21.0441],[106.8335,21.0419],[106.8339,21.0329],[106.847,21.0366],[106.8634,21.0336],[106.8746,21.023],[106.8995,21.0359],[106.8984,21.0246],[106.8874,21.0127],[106.9603,21.0169],[106.9674,21.0295],[106.9832,21.0145],[106.9996,21.0112],[107.0079,21.0013],[107.0083,20.9931],[107.0393,20.9871]]]}},{"type":"Feature","properties":{"gid":"VNM.49.10_1","provZh":"广宁省","name2":"Móng Cái","type2":"Thành phố","engtype2":"City"},"geometry":{"type":"MultiPolygon","coordinates":[[[[107.928,21.3612],[107.9483,21.3567],[107.9673,21.3778],[107.9868,21.3856],[107.9862,21.3887],[107.9994,21.3897],[108.0055,21.3968],[107.9619,21.3967],[107.9042,21.3802],[107.8861,21.3836],[107.8632,21.3809],[107.828,21.3643],[107.8404,21.3651],[107.8524,21.3728],[107.8641,21.3682],[107.8568,21.3669],[107.8571,21.3574],[107.8772,21.358],[107.8462,21.3472],[107.8534,21.3543],[107.8496,21.3576],[107.8421,21.3444],[107.8461,21.339],[107.8796,21.3567],[107.928,21.3612]]],[[[107.8895,21.4093],[107.8847,21.4072],[107.8917,21.4145],[107.8817,21.4155],[107.8624,21.3952],[107.8811,21.4033],[107.8846,21.3985],[107.8848,21.4058],[107.8939,21.3956],[107.9085,21.3986],[107.9029,21.4052],[107.9089,21.4098],[107.8919,21.4128],[107.8895,21.4093]]],[[[107.9523,21.4365],[107.9673,21.4463],[107.9655,21.4323],[107.9778,21.4361],[107.9939,21.458],[108.0122,21.4716],[108.0685,21.4907],[108.05,21.4935],[108.0273,21.4876],[108.0272,21.4998],[108.0354,21.5003],[108.0258,21.5077],[108.0364,21.5029],[108.0268,21.5139],[108.0401,21.5169],[108.0285,21.5176],[108.0377,21.5217],[108.0319,21.5287],[108.0341,21.5322],[108.0445,21.5246],[108.0492,21.5276],[108.0359,21.5464],[108.0051,21.5486],[107.9789,21.5447],[107.9677,21.5362],[107.9554,21.5366],[107.9423,21.5701],[107.9294,21.5772],[107.9249,21.5891],[107.9154,21.5861],[107.9052,21.5912],[107.8992,21.588],[107.8984,21.5943],[107.8902,21.5988],[107.8921,21.6062],[107.8827,21.6093],[107.8909,21.6159],[107.8853,21.6203],[107.8881,21.6258],[107.8784,21.6309],[107.878,21.64],[107.8712,21.6422],[107.8714,21.6474],[107.8587,21.6536],[107.846,21.6494],[107.8413,21.6411],[107.8269,21.6533],[107.8051,21.6586],[107.8009,21.6541],[107.7828,21.6554],[107.7791,21.6481],[107.7489,21.6411],[107.7469,21.6271],[107.7385,21.6154],[107.7401,21.5954],[107.7327,21.5851],[107.7332,21.5563],[107.7439,21.5512],[107.7464,21.5387],[107.7559,21.534],[107.7661,21.5094],[107.7743,21.5118],[107.802,21.4941],[107.8071,21.4714],[107.8262,21.4694],[107.8265,21.4576],[107.8369,21.4512],[107.8331,21.4337],[107.8492,21.4595],[107.8937,21.4625],[107.8921,21.4594],[107.8989,21.4592],[107.8891,21.4554],[107.8848,21.4441],[107.8902,21.4419],[107.8852,21.4427],[107.8841,21.4372],[107.8932,21.4346],[107.897,21.4416],[107.8955,21.4298],[107.9027,21.4263],[107.9043,21.4341],[107.9035,21.4264],[107.9091,21.422],[107.9146,21.4247],[107.9105,21.4211],[107.9148,21.4195],[107.9129,21.4106],[107.9326,21.3998],[107.9339,21.407],[107.9337,21.4],[107.9435,21.4005],[107.9423,21.4038],[107.9472,21.4006],[107.9551,21.4018],[107.9519,21.4045],[107.9553,21.4111],[107.9614,21.4106],[107.9519,21.4256],[107.9523,21.4365]],[[107.9587,21.4374],[107.9577,21.4328],[107.9577,21.4408],[107.9587,21.4374]]],[[[107.9626,21.4313],[107.9618,21.4354],[107.9631,21.4236],[107.9621,21.4274],[107.968,21.4254],[107.9626,21.4313]]],[[[108.0492,21.511],[108.0383,21.5133],[108.0379,21.5047],[108.0549,21.5105],[108.0492,21.511]]],[[[108.0374,21.5414],[108.0481,21.5376],[108.0373,21.5448],[108.0374,21.5414]]]]}},{"type":"Feature","properties":{"gid":"VNM.49.11_1","provZh":"广宁省","name2":"Quảng Yên","type2":"Thị xã","engtype2":"Town"},"geometry":{"type":"Polygon","coordinates":[[[106.8948,20.9693],[106.8881,20.9734],[106.8941,20.9976],[106.8863,21.0108],[106.8984,21.0246],[106.8995,21.0359],[106.8746,21.023],[106.8634,21.0336],[106.8405,21.0353],[106.8301,21.0148],[106.814,21.0113],[106.7999,21.0163],[106.7994,21.0029],[106.7929,20.9966],[106.7946,20.9873],[106.7853,20.9782],[106.7681,20.9737],[106.7711,20.9136],[106.7527,20.879],[106.7689,20.8462],[106.7887,20.832],[106.8167,20.829],[106.8331,20.812],[106.8736,20.8338],[106.8656,20.8546],[106.8658,20.8692],[106.8831,20.9013],[106.8981,20.9026],[106.9078,20.9102],[106.9094,20.907],[106.9202,20.9105],[106.95,20.9067],[106.9456,20.9099],[106.9497,20.9163],[106.9408,20.9148],[106.9407,20.9253],[106.9216,20.9455],[106.9251,20.9548],[106.9203,20.9627],[106.8948,20.9693]]]}},{"type":"Feature","properties":{"gid":"VNM.49.12_1","provZh":"广宁省","name2":"Tiên Yên","type2":"Huyện","engtype2":"District"},"geometry":{"type":"Polygon","coordinates":[[[107.3657,21.192],[107.3717,21.184],[107.3863,21.1823],[107.4143,21.1983],[107.4438,21.2331],[107.4454,21.2638],[107.4545,21.2769],[107.4723,21.2803],[107.5005,21.2743],[107.502,21.2929],[107.543,21.29],[107.5546,21.2932],[107.5451,21.319],[107.5326,21.3362],[107.525,21.3395],[107.5248,21.3586],[107.5147,21.3619],[107.506,21.3721],[107.5075,21.3777],[107.5032,21.3807],[107.4875,21.3754],[107.4849,21.3843],[107.4769,21.3862],[107.4827,21.3932],[107.4735,21.394],[107.4759,21.4257],[107.468,21.4373],[107.4698,21.4443],[107.4417,21.4478],[107.4381,21.4643],[107.4303,21.4624],[107.4228,21.4685],[107.4179,21.4641],[107.41,21.4688],[107.3985,21.468],[107.3836,21.4554],[107.3809,21.4513],[107.3874,21.4375],[107.3714,21.438],[107.3619,21.4451],[107.3614,21.4607],[107.3383,21.4692],[107.3429,21.4831],[107.3341,21.4969],[107.3159,21.5072],[107.3163,21.5148],[107.2955,21.5173],[107.284,21.5309],[107.2794,21.5414],[107.2837,21.546],[107.2729,21.5626],[107.2598,21.5644],[107.2485,21.5577],[107.2453,21.5482],[107.2324,21.5545],[107.2169,21.5524],[107.2046,21.5412],[107.2111,21.5311],[107.2219,21.5258],[107.2231,21.5197],[107.2339,21.5193],[107.2386,21.5063],[107.2365,21.4963],[107.2464,21.4824],[107.2397,21.4729],[107.2421,21.4656],[107.2384,21.4593],[107.2405,21.4471],[107.2456,21.4435],[107.2419,21.4342],[107.2574,21.4172],[107.2577,21.4046],[107.2648,21.4006],[107.2525,21.3664],[107.2634,21.3533],[107.252,21.3435],[107.2516,21.3336],[107.2872,21.3207],[107.2987,21.3215],[107.2992,21.3162],[107.3127,21.3154],[107.3236,21.3051],[107.3329,21.3064],[107.3404,21.2938],[107.339,21.2707],[107.3533,21.2401],[107.3496,21.2295],[107.3605,21.2202],[107.3709,21.2224],[107.3657,21.192]]]}},{"type":"Feature","properties":{"gid":"VNM.49.13_1","provZh":"广宁省","name2":"Uông Bí","type2":"Thành phố","engtype2":"City"},"geometry":{"type":"Polygon","coordinates":[[[106.7993,21.0059],[106.7999,21.0163],[106.814,21.0113],[106.8301,21.0148],[106.8379,21.0327],[106.8339,21.0329],[106.8335,21.0419],[106.8419,21.0441],[106.8489,21.0581],[106.8288,21.0748],[106.8397,21.0937],[106.8332,21.1092],[106.8435,21.1134],[106.8406,21.1172],[106.8464,21.1294],[106.8384,21.1488],[106.8194,21.1563],[106.791,21.1493],[106.7331,21.1612],[106.7151,21.1607],[106.7086,21.1665],[106.7011,21.1334],[106.6899,21.117],[106.6943,21.1175],[106.6935,21.1045],[106.7001,21.1069],[106.7087,21.0903],[106.7186,21.085],[106.7164,21.0767],[106.7125,21.0775],[106.7104,21.0608],[106.7044,21.0561],[106.7103,21.0363],[106.7018,21.0311],[106.683,21.0357],[106.682,21.0315],[106.6758,21.0331],[106.6742,21.0243],[106.6585,21.0239],[106.6584,21.0173],[106.7087,20.9991],[106.7474,20.9975],[106.7568,20.9918],[106.7681,20.9737],[106.7877,20.9797],[106.7946,20.9873],[106.7929,20.9966],[106.7993,21.0059]]]}},{"type":"Feature","properties":{"gid":"VNM.49.14_1","provZh":"广宁省","name2":"Vân Đồn","type2":"Huyện","engtype2":"District"},"geometry":{"type":"MultiPolygon","coordinates":[[[[107.3498,20.8205],[107.3461,20.8406],[107.3338,20.8536],[107.3425,20.8317],[107.3439,20.8042],[107.3702,20.8043],[107.3665,20.8113],[107.3797,20.7938],[107.3843,20.795],[107.3797,20.8138],[107.3817,20.8293],[107.3785,20.8233],[107.369,20.8237],[107.3526,20.8373],[107.3498,20.8205]]],[[[107.3574,20.8402],[107.3611,20.8318],[107.358,20.8486],[107.3574,20.8402]]],[[[107.3957,20.7571],[107.388,20.7529],[107.3874,20.745],[107.3989,20.7516],[107.3957,20.7571]]],[[[107.3723,20.8874],[107.3539,20.8911],[107.3472,20.8837],[107.3304,20.8953],[107.3283,20.8798],[107.337,20.8724],[107.3386,20.887],[107.3436,20.8867],[107.3451,20.8698],[107.351,20.8611],[107.356,20.8636],[107.3524,20.8609],[107.3555,20.8587],[107.3585,20.8621],[107.3667,20.8579],[107.3708,20.8629],[107.3725,20.8586],[107.3827,20.8664],[107.3918,20.8639],[107.3731,20.8763],[107.3948,20.8758],[107.3944,20.8838],[107.3884,20.8824],[107.3875,20.8898],[107.3831,20.89],[107.3869,20.8787],[107.3758,20.8913],[107.3707,20.8904],[107.3723,20.8874]]],[[[107.3688,20.901],[107.3627,20.8995],[107.3772,20.898],[107.3688,20.901]]],[[[107.304,20.8614],[107.3009,20.8672],[107.2996,20.863],[107.304,20.8614]]],[[[107.3483,20.8953],[107.339,20.8992],[107.348,20.8874],[107.3538,20.8938],[107.3483,20.8953]]],[[[107.3151,20.8832],[107.3059,20.8971],[107.2916,20.9075],[107.2994,20.8923],[107.304,20.8948],[107.3038,20.8877],[107.3231,20.8724],[107.3151,20.8832]]],[[[107.3224,20.8869],[107.3117,20.9146],[107.3059,20.9077],[107.31,20.9077],[107.3083,20.8969],[107.3158,20.8851],[107.3186,20.8835],[107.3176,20.8879],[107.3223,20.8825],[107.3224,20.8869]]],[[[107.4535,20.7249],[107.4465,20.7183],[107.459,20.7191],[107.4699,20.7306],[107.472,20.7406],[107.4535,20.7249]]],[[[107.4351,20.8863],[107.4481,20.8919],[107.4523,20.9004],[107.445,20.9007],[107.4446,20.9056],[107.4157,20.8918],[107.424,20.8903],[107.4283,20.8837],[107.4351,20.8863]]],[[[107.4387,20.9803],[107.4448,20.9768],[107.4424,20.9818],[107.4387,20.9803]]],[[[107.4159,20.7784],[107.4225,20.7978],[107.4071,20.8096],[107.3997,20.8012],[107.3999,20.78],[107.4073,20.7779],[107.4102,20.7685],[107.4159,20.7784]]],[[[107.4131,20.8482],[107.4157,20.8555],[107.4107,20.8508],[107.4131,20.8482]]],[[[107.4192,20.94],[107.413,20.9254],[107.4058,20.9202],[107.3454,20.9055],[107.3553,20.9],[107.3745,20.903],[107.4198,20.9196],[107.4468,20.9447],[107.4549,20.9672],[107.4499,20.9688],[107.4353,20.9583],[107.4231,20.9439],[107.421,20.9485],[107.4192,20.94]]],[[[107.4229,20.9947],[107.4271,20.9947],[107.4251,20.9982],[107.4229,20.9947]]],[[[107.4082,21.0114],[107.4044,21.0125],[107.4043,21.0089],[107.4082,21.0114]]],[[[107.3031,20.9114],[107.3063,20.9125],[107.3035,20.917],[107.3031,20.9114]]],[[[107.3068,20.9175],[107.3099,20.9145],[107.3111,20.9178],[107.3068,20.9175]]],[[[107.3368,20.9151],[107.3494,20.9151],[107.3428,20.9219],[107.3195,20.9283],[107.3105,20.9234],[107.3368,20.9151]]],[[[107.3948,20.9383],[107.3933,20.9429],[107.3908,20.9396],[107.3948,20.9383]]],[[[107.3828,20.9482],[107.3911,20.9615],[107.3831,20.9561],[107.3869,20.9658],[107.3811,20.9564],[107.3757,20.9609],[107.3666,20.949],[107.3454,20.9369],[107.3365,20.944],[107.3152,20.9366],[107.3135,20.9427],[107.31,20.937],[107.3177,20.931],[107.3489,20.9251],[107.3672,20.9336],[107.3828,20.9482]]],[[[107.3832,20.9442],[107.3803,20.9387],[107.3921,20.9425],[107.3929,20.9478],[107.3892,20.9498],[107.3912,20.9453],[107.3832,20.9442]]],[[[107.3796,21.007],[107.3834,21.0019],[107.3846,21.0066],[107.3796,21.007]]],[[[107.3884,21.0309],[107.3929,21.0317],[107.3915,21.0358],[107.3832,21.0381],[107.3801,21.0186],[107.3884,21.0309]]],[[[107.3717,21.0603],[107.3678,21.0401],[107.3745,21.0289],[107.3908,21.0461],[107.4,21.0489],[107.4018,21.0451],[107.4185,21.0591],[107.4306,21.0598],[107.4316,21.0649],[107.4253,21.0667],[107.4315,21.0728],[107.4291,21.0684],[107.4396,21.0705],[107.4335,21.0738],[107.4411,21.0748],[107.4398,21.078],[107.4428,21.076],[107.4538,21.0875],[107.4573,21.0842],[107.4523,21.0781],[107.4599,21.0838],[107.4624,21.0811],[107.4599,21.0872],[107.4622,21.0829],[107.4663,21.0894],[107.4715,21.0892],[107.469,21.0977],[107.4739,21.0942],[107.4735,21.0998],[107.5331,21.1398],[107.5433,21.1422],[107.5512,21.1561],[107.5643,21.1601],[107.5606,21.1642],[107.5661,21.1637],[107.5736,21.1708],[107.5713,21.1732],[107.5818,21.1767],[107.5805,21.1819],[107.5843,21.1787],[107.5965,21.1995],[107.6059,21.2039],[107.6116,21.2182],[107.6018,21.2147],[107.5965,21.2191],[107.5843,21.2059],[107.5723,21.2047],[107.5681,21.198],[107.5643,21.1971],[107.5692,21.2001],[107.566,21.2036],[107.5615,21.2022],[107.5634,21.1988],[107.5533,21.2007],[107.5496,21.1954],[107.5575,21.1924],[107.5556,21.1897],[107.5503,21.1882],[107.553,21.1928],[107.5427,21.1971],[107.5473,21.1923],[107.5435,21.1934],[107.5416,21.188],[107.5404,21.1946],[107.5342,21.1916],[107.5352,21.1982],[107.5238,21.2037],[107.5176,21.2018],[107.5224,21.2042],[107.5149,21.2078],[107.5317,21.2007],[107.5357,21.2054],[107.5276,21.2112],[107.533,21.2128],[107.5231,21.2268],[107.5147,21.221],[107.5171,21.2242],[107.5122,21.2254],[107.5184,21.2268],[107.5182,21.2314],[107.5092,21.2284],[107.5147,21.2333],[107.5005,21.2457],[107.5005,21.2743],[107.4723,21.2803],[107.4496,21.2738],[107.4452,21.2381],[107.4387,21.2254],[107.4143,21.1983],[107.3863,21.1823],[107.4119,21.1817],[107.415,21.1397],[107.3909,21.1155],[107.3756,21.0918],[107.3804,21.0861],[107.3665,21.0777],[107.3717,21.0603]]],[[[107.4777,20.767],[107.4725,20.762],[107.4805,20.7571],[107.4931,20.7768],[107.4777,20.767]]],[[[107.5118,20.9195],[107.5231,20.9301],[107.5221,20.9389],[107.5269,20.9403],[107.5351,20.962],[107.5372,20.9701],[107.5308,20.9693],[107.5323,20.9751],[107.5338,20.9713],[107.5387,20.9729],[107.5417,20.9797],[107.5359,20.9858],[107.5504,20.9834],[107.547,20.9888],[107.5522,20.9953],[107.548,20.9953],[107.5431,21.0052],[107.5469,21.0069],[107.547,21.0231],[107.5524,21.024],[107.553,21.0317],[107.5558,21.0294],[107.5608,21.0373],[107.5575,21.0457],[107.5505,21.0451],[107.5509,21.0316],[107.5374,21.0095],[107.5325,21.017],[107.5375,21.0427],[107.5183,21.0229],[107.5104,21.0026],[107.5072,21.0034],[107.5106,21.0186],[107.4898,20.9884],[107.4854,20.9881],[107.4868,20.9812],[107.4777,20.9854],[107.4829,20.9736],[107.4921,20.9787],[107.4739,20.9445],[107.4459,20.9301],[107.433,20.9214],[107.4339,20.9177],[107.4201,20.916],[107.4147,20.9087],[107.3942,20.9015],[107.3952,20.8934],[107.3994,20.8933],[107.3944,20.8907],[107.4541,20.9167],[107.4628,20.9127],[107.45,20.9067],[107.4611,20.905],[107.4772,20.9128],[107.4814,20.9097],[107.4837,20.9159],[107.4928,20.9142],[107.5095,20.9187],[107.5086,20.9222],[107.5118,20.9195]]],[[[107.4472,20.9337],[107.4732,20.955],[107.4816,20.968],[107.4803,20.9751],[107.4706,20.9747],[107.4579,20.955],[107.457,20.9462],[107.4433,20.9328],[107.4472,20.9337]]],[[[107.4746,20.9792],[107.4716,20.9844],[107.4697,20.9762],[107.4746,20.9792]]],[[[107.4565,21.0167],[107.4568,21.0103],[107.4597,21.0145],[107.4565,21.0167]]],[[[107.5116,20.8801],[107.5185,20.8834],[107.5399,20.9179],[107.5607,20.9331],[107.5591,20.9418],[107.5517,20.9475],[107.5595,20.9685],[107.5415,20.9597],[107.5143,20.9054],[107.5181,20.9151],[107.4764,20.8956],[107.4837,20.8943],[107.4766,20.8922],[107.4754,20.8813],[107.4925,20.8723],[107.4827,20.8575],[107.4712,20.8263],[107.4732,20.8214],[107.4683,20.8187],[107.4704,20.8144],[107.4807,20.8196],[107.4924,20.8573],[107.4935,20.8541],[107.5116,20.8801]]],[[[107.5387,21.0263],[107.538,21.0226],[107.5449,21.0289],[107.5407,21.0345],[107.5387,21.0263]]],[[[107.5422,21.0371],[107.5457,21.0318],[107.5466,21.0437],[107.5414,21.0414],[107.5422,21.0371]]],[[[107.5247,21.0509],[107.5248,21.0461],[107.5286,21.0492],[107.5247,21.0509]]],[[[107.5623,20.974],[107.5662,20.9699],[107.577,20.9791],[107.5882,21.0244],[107.597,21.0313],[107.5992,21.0497],[107.6092,21.0647],[107.6307,21.1256],[107.5874,21.0715],[107.5852,21.0362],[107.573,21.0226],[107.5646,20.9998],[107.5667,20.9912],[107.5731,20.9899],[107.565,20.9854],[107.5623,20.974]]],[[[107.5492,21.0575],[107.5581,21.0511],[107.5584,21.0697],[107.5492,21.0575]]],[[[107.5363,21.0673],[107.5293,21.0651],[107.5337,21.0708],[107.526,21.0731],[107.5269,21.0675],[107.5189,21.0565],[107.4976,21.0475],[107.502,21.0414],[107.4935,21.041],[107.5074,21.04],[107.5053,21.0458],[107.5126,21.0456],[107.508,21.0512],[107.5174,21.0458],[107.5253,21.0564],[107.5336,21.0537],[107.5293,21.0583],[107.5367,21.0615],[107.5331,21.0661],[107.5363,21.0673]]],[[[107.5413,21.0592],[107.5445,21.0579],[107.5427,21.0622],[107.5413,21.0592]]],[[[107.498,21.0352],[107.5034,21.0388],[107.4967,21.039],[107.498,21.0352]]],[[[107.4896,21.0885],[107.4917,21.0846],[107.4958,21.0883],[107.4896,21.0885]]],[[[107.5747,21.0668],[107.5706,21.0643],[107.5751,21.0624],[107.5747,21.0668]]],[[[107.5764,21.0842],[107.5718,21.08],[107.574,21.0762],[107.5764,21.0842]]],[[[107.499,21.0684],[107.5152,21.0697],[107.5143,21.075],[107.5047,21.0747],[107.5042,21.0692],[107.5004,21.0735],[107.499,21.0684]]],[[[107.5812,21.0883],[107.5826,21.084],[107.5842,21.0917],[107.5812,21.0883]]],[[[107.576,21.102],[107.5746,21.1057],[107.5816,21.1091],[107.5831,21.1256],[107.5629,21.1115],[107.5543,21.1183],[107.544,21.0978],[107.5354,21.0952],[107.5358,21.0899],[107.5414,21.0932],[107.5396,21.0892],[107.5332,21.0895],[107.5322,21.0844],[107.5275,21.0885],[107.5299,21.0914],[107.526,21.0902],[107.5302,21.0793],[107.5251,21.0788],[107.5372,21.0765],[107.5401,21.0648],[107.5594,21.0764],[107.5592,21.0731],[107.5605,21.0845],[107.5434,21.0876],[107.5586,21.0877],[107.5671,21.0821],[107.5795,21.1061],[107.576,21.102]]],[[[107.5857,21.0966],[107.5872,21.1018],[107.5831,21.0925],[107.5857,21.0966]]],[[[107.5977,21.1118],[107.5982,21.1088],[107.6011,21.1124],[107.5977,21.1118]]],[[[107.6053,21.12],[107.6087,21.121],[107.6045,21.1237],[107.6053,21.12]]],[[[107.6088,21.1254],[107.6098,21.1283],[107.6056,21.1254],[107.6088,21.1254]]],[[[107.5556,21.1276],[107.5585,21.1196],[107.5641,21.1183],[107.5778,21.1275],[107.5827,21.1367],[107.5797,21.1397],[107.5718,21.1341],[107.5651,21.1375],[107.5556,21.1276]]],[[[107.6443,21.1384],[107.6427,21.1321],[107.6503,21.1409],[107.6443,21.1384]]],[[[107.5856,21.1528],[107.5811,21.1491],[107.5816,21.1415],[107.59,21.156],[107.5856,21.1528]]],[[[107.5377,21.2002],[107.5345,21.1993],[107.5405,21.1969],[107.5377,21.2002]]],[[[107.6559,21.1392],[107.6658,21.1453],[107.6642,21.1621],[107.6813,21.2151],[107.6701,21.2082],[107.6562,21.1869],[107.6595,21.1662],[107.6545,21.1518],[107.6582,21.1472],[107.6547,21.1458],[107.6559,21.1392]]],[[[107.6223,21.1864],[107.6177,21.1718],[107.6273,21.1927],[107.6223,21.1864]]],[[[107.5694,21.2075],[107.5665,21.2057],[107.5885,21.2162],[107.5694,21.2075]]],[[[107.6894,21.2274],[107.6949,21.2342],[107.6823,21.2198],[107.6894,21.2274]]],[[[107.448,21.0042],[107.4466,21.0101],[107.4429,21.0093],[107.448,21.0042]]],[[[107.4408,21.0134],[107.4447,21.0277],[107.4441,21.0215],[107.4338,21.012],[107.4408,21.0134]]],[[[107.4217,21.0307],[107.4285,21.034],[107.4232,21.0351],[107.4217,21.0307]]],[[[107.4504,21.0205],[107.4503,21.0173],[107.4525,21.0259],[107.4504,21.0205]]],[[[107.4462,21.0696],[107.4406,21.0646],[107.4459,21.0648],[107.4462,21.0696]]]]}},{"type":"Feature","properties":{"gid":"VNM.50.2_1","provZh":"广治省","name2":"Cam Lộ","type2":"Huyện","engtype2":"District"},"geometry":{"type":"Polygon","coordinates":[[[107.0125,16.7485],[107.03,16.7519],[107.0362,16.775],[107.0442,16.7841],[107.0563,16.785],[107.0534,16.7919],[107.0564,16.7963],[107.0484,16.797],[107.0481,16.8063],[107.0611,16.8146],[107.0596,16.8313],[107.0781,16.8323],[107.1037,16.8501],[107.0974,16.8687],[107.0865,16.8746],[107.0833,16.8699],[107.0742,16.8696],[107.0541,16.8826],[107.0361,16.8841],[107.0347,16.8751],[107.028,16.8756],[107.0105,16.8587],[106.976,16.8602],[106.944,16.8538],[106.9386,16.8633],[106.9401,16.8833],[106.9314,16.8821],[106.9256,16.8791],[106.925,16.8728],[106.9071,16.8686],[106.9116,16.8611],[106.9075,16.8579],[106.9094,16.8533],[106.8966,16.8515],[106.9009,16.8389],[106.9094,16.8326],[106.866,16.8178],[106.8373,16.8185],[106.8383,16.8108],[106.8303,16.8112],[106.8434,16.7823],[106.8534,16.7802],[106.8576,16.7692],[106.8734,16.7657],[106.8714,16.7615],[106.8789,16.753],[106.8811,16.7405],[106.8983,16.718],[106.8996,16.706],[106.9172,16.6862],[106.9373,16.6863],[106.9713,16.6955],[106.9844,16.6903],[106.9935,16.6986],[107.0019,16.6969],[107.0067,16.7119],[107.0025,16.7327],[107.0158,16.7401],[107.0125,16.7485]]]}},{"type":"Feature","properties":{"gid":"VNM.50.1_1","provZh":"广治省","name2":"Cồn Cỏ","type2":"Huyện","engtype2":"District"},"geometry":{"type":"Polygon","coordinates":[[[107.3341,17.1656],[107.3335,17.1532],[107.343,17.1505],[107.3484,17.1568],[107.3459,17.1617],[107.3341,17.1656]]]}},{"type":"Feature","properties":{"gid":"VNM.50.3_1","provZh":"广治省","name2":"Đa Krông","type2":"Huyện","engtype2":"District"},"geometry":{"type":"Polygon","coordinates":[[[107.0124,16.3101],[107.0209,16.3055],[107.0262,16.3129],[107.0217,16.3266],[107.0241,16.3553],[107.0161,16.3612],[107.0301,16.3705],[107.0392,16.3695],[107.0456,16.3808],[107.0551,16.3859],[107.0566,16.3983],[107.0633,16.4053],[107.0649,16.4104],[107.0503,16.4256],[107.0571,16.4464],[107.0895,16.4491],[107.1049,16.4399],[107.1245,16.4425],[107.1359,16.4553],[107.1288,16.4764],[107.1197,16.4868],[107.103,16.4956],[107.0985,16.4912],[107.0952,16.5045],[107.0821,16.5035],[107.0586,16.5187],[107.0602,16.544],[107.0744,16.5424],[107.1016,16.5526],[107.1218,16.5513],[107.1253,16.5631],[107.1407,16.5718],[107.1107,16.5887],[107.1074,16.5947],[107.111,16.6003],[107.0941,16.608],[107.0911,16.619],[107.0736,16.6347],[107.0754,16.6458],[107.0611,16.6475],[107.0553,16.6608],[107.0578,16.6856],[107.0472,16.6895],[107.0314,16.685],[106.9984,16.6989],[106.9844,16.6903],[106.9713,16.6955],[106.9295,16.685],[106.9152,16.6869],[106.8811,16.7405],[106.8789,16.753],[106.8714,16.7615],[106.8734,16.7657],[106.8576,16.7692],[106.8534,16.7802],[106.8434,16.7823],[106.8282,16.815],[106.8184,16.8152],[106.8072,16.8241],[106.7921,16.8242],[106.7896,16.8205],[106.7873,16.8333],[106.7814,16.8215],[106.7762,16.833],[106.7624,16.8202],[106.7537,16.7998],[106.7378,16.7947],[106.7232,16.7774],[106.7112,16.7715],[106.7239,16.7573],[106.7423,16.757],[106.7537,16.747],[106.7913,16.735],[106.802,16.7257],[106.8056,16.7071],[106.8017,16.6762],[106.7697,16.6728],[106.7844,16.6443],[106.7681,16.6179],[106.7873,16.6244],[106.8046,16.6084],[106.819,16.6028],[106.8262,16.5601],[106.8147,16.5569],[106.863,16.5414],[106.8682,16.533],[106.8866,16.5218],[106.8896,16.5018],[106.8866,16.4909],[106.8786,16.4842],[106.8764,16.4702],[106.8841,16.4678],[106.8887,16.4521],[106.8716,16.4358],[106.8717,16.4292],[106.8867,16.4216],[106.891,16.4267],[106.9002,16.4258],[106.8914,16.4087],[106.8977,16.3916],[106.9381,16.3642],[106.9622,16.3586],[106.9682,16.332],[106.9632,16.3165],[106.9663,16.3039],[106.979,16.3046],[107.0041,16.3162],[107.0124,16.3101]]]}},{"type":"Feature","properties":{"gid":"VNM.50.4_1","provZh":"广治省","name2":"Đông Hà","type2":"Thành phố","engtype2":"City"},"geometry":{"type":"Polygon","coordinates":[[[107.0286,16.7562],[107.0322,16.7459],[107.0457,16.7438],[107.0548,16.7523],[107.0623,16.753],[107.0664,16.765],[107.073,16.7637],[107.0717,16.7722],[107.0923,16.7817],[107.0984,16.7731],[107.1057,16.7773],[107.1088,16.7727],[107.1207,16.7781],[107.1339,16.7984],[107.1485,16.8035],[107.1304,16.8286],[107.1257,16.8473],[107.1183,16.845],[107.1157,16.8517],[107.1095,16.8511],[107.108,16.857],[107.1125,16.8603],[107.1043,16.8616],[107.1037,16.8501],[107.089,16.8378],[107.0697,16.8301],[107.0596,16.8313],[107.0611,16.8146],[107.0481,16.8063],[107.0484,16.797],[107.0564,16.7963],[107.0534,16.7919],[107.0563,16.785],[107.0407,16.7806],[107.0286,16.7562]]]}},{"type":"Feature","properties":{"gid":"VNM.50.5_1","provZh":"广治省","name2":"Gio Linh","type2":"Huyện","engtype2":"District"},"geometry":{"type":"Polygon","coordinates":[[[106.9293,16.8811],[106.9401,16.8833],[106.9386,16.8633],[106.9428,16.8539],[106.9503,16.8579],[106.953,16.8538],[106.976,16.8602],[107.0105,16.8587],[107.028,16.8756],[107.0347,16.8751],[107.0361,16.8841],[107.0485,16.884],[107.0742,16.8696],[107.0833,16.8699],[107.0865,16.8746],[107.0974,16.8687],[107.1013,16.8652],[107.0994,16.8576],[107.1125,16.8603],[107.108,16.857],[107.1095,16.8511],[107.1157,16.8517],[107.1206,16.8448],[107.1328,16.8612],[107.1486,16.8672],[107.1541,16.8785],[107.1952,16.9074],[107.1421,16.9645],[107.1127,17.0155],[107.1047,17.0013],[107.091,16.9901],[107.0729,17.005],[107.0557,17.0087],[107.0491,16.995],[107.0543,16.9808],[107.0432,16.9741],[107.029,16.9728],[107.0089,16.9797],[106.9791,16.9672],[106.9721,16.9598],[106.9683,16.9679],[106.9621,16.9639],[106.9594,16.9694],[106.9488,16.9619],[106.9513,16.9543],[106.9423,16.9453],[106.9494,16.9368],[106.9403,16.9239],[106.9335,16.9273],[106.9207,16.9211],[106.9168,16.9244],[106.9054,16.9148],[106.8985,16.9149],[106.8977,16.9075],[106.889,16.9114],[106.8829,16.9035],[106.871,16.9148],[106.8608,16.9058],[106.8568,16.9088],[106.8505,16.9032],[106.8453,16.9056],[106.83,16.9],[106.8307,16.8965],[106.8218,16.8988],[106.8219,16.8947],[106.8142,16.8956],[106.808,16.8889],[106.8051,16.8946],[106.7891,16.8918],[106.7766,16.8987],[106.7754,16.8952],[106.7529,16.9004],[106.7216,16.8968],[106.6876,16.9024],[106.6918,16.8835],[106.7071,16.8793],[106.7186,16.883],[106.7559,16.8728],[106.7774,16.8411],[106.7814,16.8215],[106.7873,16.8333],[106.7896,16.8205],[106.7921,16.8242],[106.8072,16.8241],[106.8339,16.8098],[106.839,16.812],[106.8373,16.8185],[106.866,16.8178],[106.9094,16.8326],[106.9009,16.8389],[106.8966,16.8515],[106.9094,16.8533],[106.9075,16.8579],[106.9116,16.8611],[106.9071,16.8686],[106.925,16.8728],[106.9293,16.8811]]]}},{"type":"Feature","properties":{"gid":"VNM.50.6_1","provZh":"广治省","name2":"Hải Lăng","type2":"Huyện","engtype2":"District"},"geometry":{"type":"Polygon","coordinates":[[[107.3087,16.6368],[107.3073,16.6404],[107.3233,16.6532],[107.3288,16.6401],[107.3293,16.6498],[107.3187,16.6621],[107.3313,16.667],[107.3244,16.6699],[107.3578,16.6991],[107.3514,16.7084],[107.3563,16.7097],[107.3703,16.7341],[107.389,16.7432],[107.3094,16.8023],[107.2834,16.7954],[107.2681,16.7802],[107.2702,16.7771],[107.2605,16.7779],[107.2584,16.7727],[107.2635,16.7711],[107.2505,16.767],[107.2525,16.7625],[107.2285,16.762],[107.2157,16.7693],[107.2073,16.7599],[107.1946,16.7581],[107.2041,16.7566],[107.1979,16.7523],[107.1967,16.7398],[107.1919,16.7413],[107.1895,16.7141],[107.1795,16.7008],[107.1847,16.6953],[107.1853,16.6808],[107.1793,16.6776],[107.1806,16.6692],[107.1677,16.6398],[107.1524,16.6414],[107.1432,16.6357],[107.1055,16.6323],[107.0986,16.636],[107.0792,16.6282],[107.0911,16.619],[107.0941,16.608],[107.111,16.6003],[107.1074,16.5947],[107.1107,16.5887],[107.1407,16.5718],[107.2027,16.5827],[107.2175,16.5774],[107.2449,16.5872],[107.2518,16.5768],[107.2711,16.5662],[107.3169,16.5938],[107.3286,16.6085],[107.3207,16.6205],[107.3108,16.6253],[107.3157,16.6407],[107.3087,16.6368]]]}},{"type":"Feature","properties":{"gid":"VNM.50.7_1","provZh":"广治省","name2":"Hướng Hóa","type2":"Huyện","engtype2":"District"},"geometry":{"type":"Polygon","coordinates":[[[106.7732,16.4464],[106.7749,16.4591],[106.7702,16.4676],[106.7962,16.4754],[106.8018,16.4639],[106.8286,16.5219],[106.8226,16.5295],[106.8304,16.5489],[106.8147,16.5569],[106.8262,16.5601],[106.819,16.6028],[106.8046,16.6084],[106.7873,16.6244],[106.7681,16.6179],[106.7844,16.6443],[106.7697,16.6728],[106.8017,16.6762],[106.8048,16.7141],[106.802,16.7257],[106.7913,16.735],[106.7537,16.747],[106.7423,16.757],[106.7268,16.756],[106.7112,16.7715],[106.7232,16.7774],[106.7378,16.7947],[106.7537,16.7998],[106.7624,16.8202],[106.7783,16.8336],[106.7774,16.8411],[106.7559,16.8728],[106.7186,16.883],[106.7071,16.8793],[106.6918,16.8835],[106.6876,16.9024],[106.6814,16.9086],[106.702,16.9409],[106.6929,16.9556],[106.6675,16.9475],[106.6605,16.9366],[106.63,16.9413],[106.6072,16.9392],[106.5867,16.9714],[106.587,16.9773],[106.5939,16.9815],[106.5927,16.9872],[106.5625,16.9874],[106.5498,16.9978],[106.5478,16.9259],[106.5243,16.9258],[106.5253,16.9214],[106.5193,16.9221],[106.5163,16.9069],[106.5203,16.9021],[106.5159,16.8973],[106.5191,16.8897],[106.5304,16.8864],[106.5396,16.8719],[106.5508,16.8675],[106.5518,16.6944],[106.558,16.6739],[106.5655,16.6671],[106.5642,16.643],[106.5901,16.6223],[106.5907,16.6167],[106.5818,16.6093],[106.5858,16.6012],[106.5976,16.6062],[106.6165,16.6058],[106.6265,16.6011],[106.6242,16.5897],[106.6278,16.5822],[106.6311,16.5909],[106.645,16.594],[106.6567,16.5815],[106.6674,16.5838],[106.662,16.5737],[106.6722,16.5597],[106.6611,16.5552],[106.6474,16.5403],[106.647,16.5223],[106.6526,16.5191],[106.6536,16.5105],[106.6653,16.5033],[106.6593,16.4925],[106.664,16.4865],[106.6606,16.4732],[106.6734,16.4762],[106.676,16.4519],[106.683,16.4579],[106.693,16.4492],[106.6873,16.4394],[106.7165,16.4328],[106.7266,16.4252],[106.7295,16.4291],[106.724,16.4349],[106.7355,16.4388],[106.7342,16.4249],[106.7395,16.4113],[106.7462,16.4175],[106.7458,16.4242],[106.7627,16.4251],[106.7711,16.4316],[106.7732,16.4464]]]}},{"type":"Feature","properties":{"gid":"VNM.50.8_1","provZh":"广治省","name2":"Quảng Trị","type2":"Thị xã","engtype2":"Town"},"geometry":{"type":"MultiPolygon","coordinates":[[[[107.0734,16.6389],[107.0792,16.6282],[107.0986,16.636],[107.1055,16.6323],[107.1432,16.6357],[107.1524,16.6414],[107.1684,16.6404],[107.169,16.6499],[107.1806,16.6692],[107.1793,16.6776],[107.1853,16.6808],[107.1811,16.7063],[107.1895,16.7141],[107.1919,16.7413],[107.1967,16.7398],[107.2032,16.7585],[107.1808,16.7587],[107.1754,16.7354],[107.1619,16.734],[107.1581,16.727],[107.1601,16.7223],[107.1699,16.729],[107.1649,16.7091],[107.1368,16.7015],[107.1173,16.6873],[107.1191,16.6757],[107.1131,16.6645],[107.1043,16.666],[107.1012,16.6599],[107.0933,16.6647],[107.0888,16.655],[107.0696,16.6524],[107.0673,16.6476],[107.0754,16.6458],[107.0734,16.6389]]],[[[107.2078,16.7614],[107.2094,16.7647],[107.2038,16.768],[107.2001,16.7618],[107.2078,16.7614]]]]}},{"type":"Feature","properties":{"gid":"VNM.50.9_1","provZh":"广治省","name2":"Triệu Phong","type2":"Huyện","engtype2":"District"},"geometry":{"type":"Polygon","coordinates":[[[107.0622,16.6478],[107.0661,16.6453],[107.0696,16.6524],[107.0888,16.655],[107.0933,16.6647],[107.1012,16.6599],[107.1043,16.666],[107.1131,16.6645],[107.1191,16.6757],[107.1173,16.6873],[107.1368,16.7015],[107.1649,16.7091],[107.1699,16.729],[107.1601,16.7223],[107.1581,16.727],[107.1619,16.734],[107.1754,16.7354],[107.1808,16.7587],[107.1946,16.7581],[107.2038,16.768],[107.2104,16.7643],[107.2157,16.7693],[107.2285,16.762],[107.2525,16.7625],[107.2505,16.767],[107.2635,16.7711],[107.2584,16.7727],[107.2605,16.7779],[107.2702,16.7771],[107.2681,16.7802],[107.2834,16.7954],[107.3101,16.8011],[107.2314,16.8691],[107.1952,16.9074],[107.1541,16.8785],[107.1486,16.8672],[107.1301,16.8589],[107.1257,16.8473],[107.1304,16.8286],[107.1488,16.8043],[107.1339,16.7984],[107.1207,16.7781],[107.1088,16.7727],[107.101,16.7772],[107.0984,16.7731],[107.0933,16.7812],[107.0865,16.78],[107.0717,16.7722],[107.073,16.7637],[107.0664,16.765],[107.063,16.7539],[107.0548,16.7523],[107.053,16.7472],[107.041,16.744],[107.0322,16.7459],[107.03,16.7519],[107.0122,16.7508],[107.0158,16.7401],[107.004,16.7355],[107.0067,16.7119],[107.0019,16.6969],[107.0314,16.685],[107.0472,16.6895],[107.0578,16.6856],[107.0553,16.6608],[107.0622,16.6478]]]}},{"type":"Feature","properties":{"gid":"VNM.50.10_1","provZh":"广治省","name2":"Vĩnh Linh","type2":"Huyện","engtype2":"District"},"geometry":{"type":"Polygon","coordinates":[[[106.716,16.9416],[106.702,16.9409],[106.696,16.9348],[106.6983,16.9296],[106.6814,16.9086],[106.6876,16.9024],[106.7216,16.8968],[106.7529,16.9004],[106.7754,16.8952],[106.7766,16.8987],[106.7891,16.8918],[106.8051,16.8946],[106.808,16.8889],[106.8142,16.8956],[106.8219,16.8947],[106.8218,16.8988],[106.8307,16.8965],[106.83,16.9],[106.8453,16.9056],[106.8505,16.9032],[106.8568,16.9088],[106.8608,16.9058],[106.871,16.9148],[106.8829,16.9035],[106.889,16.9114],[106.8977,16.9075],[106.8985,16.9149],[106.9054,16.9148],[106.9168,16.9244],[106.9207,16.9211],[106.9335,16.9273],[106.9403,16.9239],[106.9494,16.9368],[106.9423,16.9453],[106.9513,16.9543],[106.9488,16.9619],[106.9594,16.9694],[106.9621,16.9639],[106.9683,16.9679],[106.9721,16.9598],[106.9791,16.9672],[107.0089,16.9797],[107.0347,16.9724],[107.0493,16.9766],[107.055,16.9849],[107.0499,17.0009],[107.0583,17.0101],[107.0729,17.005],[107.0871,16.9902],[107.0928,16.9908],[107.1127,17.0155],[107.1096,17.0374],[107.1159,17.0441],[107.1122,17.0716],[107.1172,17.0759],[107.1175,17.0854],[107.0382,17.132],[106.9912,17.1653],[106.9474,17.1156],[106.9134,17.102],[106.889,17.0826],[106.8573,17.0733],[106.8751,17.0546],[106.858,17.0349],[106.8479,17.0318],[106.8198,17.0408],[106.8112,17.0348],[106.8035,17.0202],[106.8091,17.0023],[106.8048,16.9927],[106.7846,16.9866],[106.7794,16.9771],[106.7803,16.9662],[106.7725,16.9611],[106.7773,16.9574],[106.7709,16.9295],[106.7438,16.9214],[106.7234,16.9302],[106.716,16.9416]]]}},{"type":"Feature","properties":{"gid":"VNM.51.1_1","provZh":"朔庄省","name2":"Châu Thành","type2":"Huyện","engtype2":"District"},"geometry":{"type":"Polygon","coordinates":[[[105.9462,9.6193],[105.958,9.6433],[105.966,9.6407],[105.9715,9.6297],[105.9819,9.6472],[105.9869,9.6842],[105.9927,9.6859],[105.9965,9.6977],[105.9935,9.701],[105.9977,9.7087],[105.9924,9.7165],[105.9681,9.7195],[105.9732,9.737],[105.97,9.7397],[105.9242,9.7348],[105.9142,9.737],[105.9016,9.752],[105.8991,9.7447],[105.876,9.7459],[105.8755,9.7512],[105.8632,9.7528],[105.8436,9.7522],[105.8,9.7217],[105.8401,9.7054],[105.8415,9.702],[105.8293,9.7054],[105.827,9.6916],[105.8313,9.69],[105.8283,9.672],[105.8254,9.6743],[105.8234,9.6676],[105.8281,9.668],[105.8292,9.6572],[105.8386,9.6622],[105.8416,9.6541],[105.8677,9.6524],[105.8623,9.6412],[105.8672,9.6326],[105.8608,9.6233],[105.8687,9.6183],[105.868,9.6088],[105.8906,9.5949],[105.8982,9.5997],[105.9032,9.5942],[105.9263,9.589],[105.929,9.595],[105.935,9.5908],[105.9427,9.5991],[105.9392,9.6082],[105.9462,9.6193]]]}},{"type":"Feature","properties":{"gid":"VNM.51.2_1","provZh":"朔庄省","name2":"Cù Lao Dung","type2":"Huyện","engtype2":"District"},"geometry":{"type":"Polygon","coordinates":[[[106.2801,9.5313],[106.2876,9.5462],[106.2926,9.5765],[106.2998,9.5859],[106.2504,9.6153],[106.1717,9.6855],[106.1112,9.7512],[106.0717,9.776],[106.0786,9.7437],[106.1156,9.6659],[106.185,9.5779],[106.2276,9.4849],[106.2665,9.5063],[106.2801,9.5313]]]}},{"type":"Feature","properties":{"gid":"VNM.51.3_1","provZh":"朔庄省","name2":"Kế Sách","type2":"Huyện","engtype2":"District"},"geometry":{"type":"Polygon","coordinates":[[[105.9924,9.7165],[105.9954,9.7106],[106.0221,9.715],[106.0257,9.7297],[106.0342,9.7403],[106.0201,9.7588],[106.0292,9.7623],[106.0284,9.769],[106.0352,9.7777],[106.0462,9.7842],[106.0613,9.7751],[106.0717,9.776],[106.0511,9.8025],[106.0227,9.8258],[105.9804,9.8838],[105.9214,9.9302],[105.8982,9.9375],[105.8837,9.9277],[105.8731,9.9089],[105.8744,9.9004],[105.869,9.891],[105.8719,9.8806],[105.8485,9.8072],[105.8553,9.8055],[105.8436,9.7522],[105.8632,9.7528],[105.8755,9.7512],[105.876,9.7459],[105.8991,9.7447],[105.9016,9.752],[105.9142,9.737],[105.9242,9.7348],[105.97,9.7397],[105.9732,9.737],[105.9681,9.7195],[105.9924,9.7165]]]}},{"type":"Feature","properties":{"gid":"VNM.51.4_1","provZh":"朔庄省","name2":"Long Phú","type2":"Huyện","engtype2":"District"},"geometry":{"type":"Polygon","coordinates":[[[106.1553,9.5757],[106.185,9.5779],[106.1156,9.6659],[106.0786,9.7437],[106.0717,9.776],[106.0613,9.7751],[106.0437,9.7837],[106.0284,9.769],[106.0292,9.7623],[106.0205,9.7603],[106.0342,9.7403],[106.0257,9.7297],[106.0221,9.715],[105.9967,9.7107],[105.9939,9.6882],[105.9869,9.6842],[105.9829,9.6567],[105.9896,9.6607],[106.0086,9.6564],[106.0072,9.6507],[106.0267,9.6498],[106.0195,9.6343],[106.0413,9.6311],[106.0242,9.6052],[106.0145,9.5804],[106.0216,9.5847],[106.0235,9.5816],[106.0249,9.5865],[106.0257,9.5828],[106.0324,9.5852],[106.0312,9.5811],[106.0392,9.5836],[106.0402,9.5785],[106.0474,9.5813],[106.049,9.5874],[106.0501,9.5819],[106.0614,9.5827],[106.0652,9.5741],[106.0737,9.571],[106.0738,9.5644],[106.0954,9.5539],[106.0918,9.5415],[106.1123,9.5482],[106.112,9.5567],[106.134,9.5527],[106.1328,9.5592],[106.1404,9.5606],[106.139,9.5675],[106.1522,9.5674],[106.1553,9.5757]]]}},{"type":"Feature","properties":{"gid":"VNM.51.5_1","provZh":"朔庄省","name2":"Mỹ Tú","type2":"Huyện","engtype2":"District"},"geometry":{"type":"Polygon","coordinates":[[[105.9054,9.5957],[105.8982,9.5997],[105.8906,9.5949],[105.868,9.6088],[105.8687,9.6183],[105.8608,9.6233],[105.8672,9.6326],[105.8623,9.6412],[105.8677,9.6524],[105.8416,9.6541],[105.8386,9.6622],[105.8292,9.6572],[105.8281,9.668],[105.8234,9.6676],[105.8254,9.6743],[105.8283,9.672],[105.8313,9.69],[105.827,9.6916],[105.8293,9.7054],[105.8415,9.702],[105.8401,9.7054],[105.8,9.7217],[105.6978,9.6604],[105.6691,9.6334],[105.6784,9.616],[105.675,9.5683],[105.6835,9.5358],[105.7697,9.5565],[105.7785,9.5427],[105.7876,9.5478],[105.7983,9.5384],[105.8126,9.543],[105.8313,9.5358],[105.8329,9.5242],[105.8428,9.5288],[105.8817,9.5255],[105.8878,9.5277],[105.8959,9.5513],[105.9166,9.5656],[105.9171,9.5716],[105.9305,9.5806],[105.9276,9.5829],[105.9324,9.588],[105.9368,9.584],[105.9455,9.5954],[105.9427,9.5991],[105.935,9.5908],[105.929,9.595],[105.9263,9.589],[105.9054,9.5957]]]}},{"type":"Feature","properties":{"gid":"VNM.51.6_1","provZh":"朔庄省","name2":"Mỹ Xuyên","type2":"Huyện","engtype2":"District"},"geometry":{"type":"Polygon","coordinates":[[[105.8574,9.3727],[105.859,9.3599],[105.8684,9.3529],[105.8908,9.3669],[105.9231,9.375],[105.9322,9.3853],[105.9289,9.3996],[105.9487,9.4063],[105.9523,9.4167],[105.9743,9.4282],[105.9749,9.4499],[105.9699,9.4642],[105.9726,9.4745],[105.9646,9.4771],[105.974,9.4851],[105.9702,9.4935],[105.9732,9.5006],[105.9659,9.5104],[105.9842,9.5288],[105.9789,9.5348],[105.9807,9.5396],[105.9981,9.5399],[106.0039,9.5333],[106.0088,9.5379],[105.9998,9.5564],[106.0035,9.5644],[105.9956,9.5691],[106.0017,9.5768],[105.9906,9.5746],[105.9885,9.5784],[105.9735,9.573],[105.9662,9.5594],[105.9505,9.565],[105.9286,9.5839],[105.9305,9.5806],[105.9171,9.5716],[105.9166,9.5656],[105.8959,9.5513],[105.8878,9.5277],[105.8725,9.5238],[105.8719,9.527],[105.8626,9.5244],[105.8622,9.5285],[105.8401,9.5287],[105.8327,9.5205],[105.8483,9.5026],[105.8215,9.5013],[105.8206,9.4848],[105.8163,9.484],[105.8127,9.4932],[105.7784,9.4834],[105.7746,9.4605],[105.7645,9.4601],[105.7658,9.4557],[105.7607,9.4525],[105.7631,9.4448],[105.7536,9.4332],[105.7718,9.4204],[105.7669,9.411],[105.7853,9.4006],[105.7765,9.394],[105.7781,9.3905],[105.7856,9.3828],[105.7905,9.3841],[105.7932,9.3772],[105.8169,9.3703],[105.8135,9.3767],[105.8224,9.3856],[105.8209,9.394],[105.8329,9.3919],[105.8354,9.3992],[105.8309,9.4005],[105.843,9.4044],[105.8486,9.3893],[105.8571,9.384],[105.853,9.3802],[105.8574,9.3727]]]}},{"type":"Feature","properties":{"gid":"VNM.51.7_1","provZh":"朔庄省","name2":"Ngã Năm","type2":"Thị xã","engtype2":"Town"},"geometry":{"type":"Polygon","coordinates":[[[105.5463,9.4701],[105.5453,9.4506],[105.5808,9.4117],[105.6259,9.4941],[105.6346,9.4893],[105.6415,9.4947],[105.6538,9.4937],[105.6534,9.5068],[105.6596,9.5123],[105.6731,9.5114],[105.6743,9.5039],[105.692,9.5126],[105.6848,9.5181],[105.6919,9.5274],[105.7047,9.5309],[105.7027,9.5388],[105.6835,9.5358],[105.675,9.5683],[105.6784,9.616],[105.6672,9.6419],[105.6492,9.6344],[105.6464,9.6255],[105.6353,9.6187],[105.6173,9.6154],[105.6151,9.622],[105.6069,9.62],[105.5949,9.6029],[105.5871,9.6125],[105.5759,9.6151],[105.569,9.6033],[105.5624,9.6064],[105.5569,9.5964],[105.547,9.5967],[105.5461,9.5863],[105.5554,9.5604],[105.5463,9.4701]]]}},{"type":"Feature","properties":{"gid":"VNM.51.8_1","provZh":"朔庄省","name2":"Sóc Trăng","type2":"Thành phố","engtype2":"City"},"geometry":{"type":"Polygon","coordinates":[[[105.9451,9.5948],[105.9368,9.584],[105.9324,9.588],[105.9286,9.5839],[105.9611,9.5602],[105.9662,9.5594],[105.9735,9.573],[105.9885,9.5784],[105.9906,9.5746],[106.0017,9.5768],[105.9981,9.572],[106.0079,9.5698],[106.0413,9.6311],[106.0195,9.6343],[106.0267,9.6498],[106.0072,9.6507],[106.0086,9.6564],[105.9896,9.6607],[105.9812,9.6558],[105.9819,9.6472],[105.9715,9.6297],[105.966,9.6407],[105.958,9.6433],[105.9392,9.6082],[105.9451,9.5948]]]}},{"type":"Feature","properties":{"gid":"VNM.51.9_1","provZh":"朔庄省","name2":"Thạnh Trị","type2":"Huyện","engtype2":"District"},"geometry":{"type":"Polygon","coordinates":[[[105.688,9.379],[105.7054,9.3778],[105.7051,9.3964],[105.7237,9.3903],[105.7283,9.3957],[105.7377,9.3953],[105.737,9.4016],[105.7516,9.4065],[105.7512,9.4109],[105.7618,9.4138],[105.7658,9.4099],[105.7718,9.4204],[105.7552,9.4288],[105.7537,9.4353],[105.7631,9.4448],[105.7607,9.4525],[105.7658,9.4557],[105.7645,9.4601],[105.7746,9.4605],[105.7784,9.4834],[105.8127,9.4932],[105.8163,9.484],[105.8206,9.4848],[105.8215,9.5013],[105.8498,9.5041],[105.8335,9.5187],[105.8313,9.5358],[105.8126,9.543],[105.7983,9.5384],[105.7876,9.5478],[105.7785,9.5427],[105.7697,9.5565],[105.7027,9.5388],[105.7047,9.5309],[105.6919,9.5274],[105.6848,9.5181],[105.692,9.5126],[105.6892,9.5088],[105.6743,9.5039],[105.6731,9.5114],[105.6596,9.5123],[105.6534,9.5068],[105.6538,9.4937],[105.6415,9.4947],[105.6346,9.4893],[105.6259,9.4941],[105.5876,9.4236],[105.5957,9.4194],[105.6003,9.4231],[105.6155,9.4064],[105.6196,9.4153],[105.6391,9.4089],[105.6411,9.4015],[105.6367,9.3961],[105.6475,9.3952],[105.6499,9.3874],[105.6561,9.3848],[105.6731,9.3908],[105.688,9.379]]]}},{"type":"Feature","properties":{"gid":"VNM.51.10_1","provZh":"朔庄省","name2":"Trần Đề","type2":"Huyện","engtype2":"District"},"geometry":{"type":"Polygon","coordinates":[[[106.2061,9.5338],[106.185,9.5779],[106.1553,9.5757],[106.1522,9.5674],[106.139,9.5675],[106.1404,9.5606],[106.1328,9.5592],[106.134,9.5527],[106.112,9.5567],[106.1123,9.5482],[106.0918,9.5415],[106.0954,9.5539],[106.0738,9.5644],[106.0737,9.571],[106.0652,9.5741],[106.0614,9.5827],[106.0501,9.5819],[106.049,9.5874],[106.0474,9.5813],[106.0402,9.5785],[106.0392,9.5836],[106.0176,9.5839],[106.0116,9.5812],[106.0079,9.5698],[105.9957,9.5708],[106.0035,9.5644],[105.9998,9.5564],[106.0088,9.5379],[106.0039,9.5333],[105.9981,9.5399],[105.9807,9.5396],[105.9789,9.5348],[105.9842,9.5288],[105.9659,9.5104],[105.9732,9.5006],[105.9702,9.4935],[105.974,9.4851],[105.9646,9.4771],[105.9726,9.4745],[105.9699,9.4642],[105.9755,9.4377],[105.9722,9.43],[105.9883,9.4245],[106.0041,9.4338],[106.0191,9.4331],[106.0379,9.4507],[106.0491,9.4486],[106.0622,9.4535],[106.1068,9.4318],[106.1434,9.4016],[106.173,9.4221],[106.1815,9.4364],[106.2049,9.4552],[106.2101,9.4777],[106.2276,9.4849],[106.2061,9.5338]]]}},{"type":"Feature","properties":{"gid":"VNM.51.11_1","provZh":"朔庄省","name2":"Vĩnh Châu","type2":"Thị xã","engtype2":"Town"},"geometry":{"type":"Polygon","coordinates":[[[105.8147,9.3318],[105.826,9.2765],[105.8192,9.2726],[105.829,9.245],[105.8994,9.2744],[105.9796,9.296],[106.0196,9.3123],[106.06,9.3208],[106.0988,9.3362],[106.1048,9.3358],[106.1082,9.3275],[106.1372,9.3363],[106.1765,9.3652],[106.1869,9.3791],[106.1868,9.415],[106.173,9.4221],[106.1659,9.4205],[106.1392,9.4021],[106.1068,9.4318],[106.0651,9.4528],[106.0466,9.4484],[106.0402,9.4515],[106.0163,9.4318],[106.0041,9.4338],[105.9883,9.4245],[105.9743,9.4282],[105.9523,9.4167],[105.9498,9.407],[105.9289,9.3996],[105.9322,9.3853],[105.9231,9.375],[105.8908,9.3669],[105.8684,9.3529],[105.855,9.3602],[105.8121,9.3393],[105.8147,9.3318]]]}},{"type":"Feature","properties":{"gid":"VNM.52.1_1","provZh":"山萝省","name2":"Bắc Yên","type2":"Huyện","engtype2":"District"},"geometry":{"type":"Polygon","coordinates":[[[104.4881,21.2046],[104.4939,21.2268],[104.5098,21.2327],[104.5258,21.2569],[104.5425,21.2583],[104.5414,21.2677],[104.551,21.2705],[104.5557,21.282],[104.5525,21.287],[104.5674,21.3079],[104.5658,21.3222],[104.5601,21.3274],[104.5648,21.3319],[104.5567,21.3428],[104.5605,21.3536],[104.5669,21.3577],[104.5628,21.3646],[104.57,21.366],[104.5637,21.3775],[104.5427,21.3825],[104.5395,21.3962],[104.5503,21.4096],[104.5463,21.4122],[104.5289,21.413],[104.5045,21.3768],[104.4872,21.3676],[104.4771,21.3533],[104.4665,21.3516],[104.444,21.3576],[104.4299,21.3545],[104.4208,21.36],[104.4207,21.3749],[104.4123,21.3866],[104.3872,21.4017],[104.3699,21.3986],[104.3478,21.4184],[104.3405,21.4093],[104.332,21.4081],[104.3191,21.4288],[104.2986,21.439],[104.28,21.4315],[104.2751,21.4237],[104.2631,21.4179],[104.2481,21.3911],[104.2263,21.3886],[104.2258,21.3813],[104.2138,21.3824],[104.2053,21.3687],[104.1991,21.3815],[104.1721,21.3626],[104.177,21.3543],[104.1688,21.3408],[104.1738,21.3235],[104.2019,21.3082],[104.2088,21.2957],[104.2468,21.2632],[104.2671,21.2592],[104.2906,21.2426],[104.2797,21.2294],[104.2752,21.2144],[104.2657,21.2151],[104.2565,21.2227],[104.2504,21.2113],[104.2383,21.208],[104.2216,21.1946],[104.2404,21.171],[104.2635,21.1579],[104.2779,21.1432],[104.2899,21.1402],[104.2944,21.1322],[104.3087,21.128],[104.3201,21.133],[104.3466,21.1194],[104.3814,21.0902],[104.3805,21.076],[104.408,21.0686],[104.4164,21.0569],[104.45,21.0527],[104.4774,21.0321],[104.5055,21.0274],[104.5401,21.0066],[104.5439,21.0129],[104.5488,21.0112],[104.5519,21.0204],[104.5514,21.0254],[104.539,21.0276],[104.5409,21.05],[104.552,21.065],[104.5714,21.0536],[104.5699,21.0775],[104.5611,21.0834],[104.5377,21.0701],[104.5197,21.0731],[104.5146,21.098],[104.5326,21.1228],[104.5333,21.1387],[104.5063,21.1707],[104.5152,21.1857],[104.491,21.2065],[104.4881,21.2046]]]}},{"type":"Feature","properties":{"gid":"VNM.52.3_1","provZh":"山萝省","name2":"Mai Sơn","type2":"Huyện","engtype2":"District"},"geometry":{"type":"Polygon","coordinates":[[[104.1034,20.9789],[104.1197,20.9725],[104.1242,20.9807],[104.1209,20.9904],[104.1257,20.9969],[104.1158,21.0044],[104.1322,21.018],[104.1397,21.0145],[104.1539,21.0177],[104.1673,21.0385],[104.1733,21.0399],[104.1689,21.0442],[104.1797,21.0601],[104.2057,21.0711],[104.2056,21.0963],[104.2116,21.1075],[104.1995,21.12],[104.1973,21.1287],[104.2059,21.145],[104.1992,21.1569],[104.2278,21.1864],[104.2222,21.1954],[104.2383,21.208],[104.2504,21.2113],[104.2565,21.2227],[104.2657,21.2151],[104.2752,21.2144],[104.2797,21.2294],[104.2906,21.2426],[104.2671,21.2592],[104.2468,21.2632],[104.2088,21.2957],[104.2019,21.3082],[104.1738,21.3235],[104.1688,21.3408],[104.177,21.3543],[104.1708,21.3674],[104.1633,21.3584],[104.1529,21.3615],[104.1385,21.3546],[104.127,21.3362],[104.1346,21.3219],[104.1333,21.3092],[104.1147,21.3185],[104.1127,21.3252],[104.1006,21.3205],[104.0898,21.3262],[104.0465,21.3814],[104.0446,21.3757],[104.0363,21.3758],[104.0176,21.3657],[104.0126,21.356],[104.0012,21.3561],[104.0076,21.3436],[103.9957,21.3403],[103.9909,21.3335],[104.0004,21.3233],[103.9941,21.3173],[103.9999,21.3054],[104.0099,21.3017],[104.0088,21.2948],[104.0018,21.2915],[104.005,21.285],[104.0289,21.2591],[104.016,21.2484],[104.011,21.249],[104.0118,21.255],[104.0069,21.2537],[104.0081,21.2574],[104.0028,21.257],[104.004,21.2606],[103.9893,21.2522],[103.9799,21.2638],[103.966,21.2599],[103.9661,21.2673],[103.9455,21.2797],[103.9178,21.2721],[103.9169,21.2622],[103.9013,21.2567],[103.8996,21.2484],[103.8814,21.2451],[103.8647,21.2562],[103.8537,21.2716],[103.8354,21.2759],[103.8308,21.2651],[103.8148,21.2531],[103.821,21.2156],[103.8148,21.2018],[103.7957,21.2143],[103.7752,21.2122],[103.7703,21.2269],[103.7499,21.24],[103.7437,21.2561],[103.7339,21.2356],[103.7205,21.2282],[103.7173,21.2102],[103.6978,21.1967],[103.6967,21.1846],[103.7015,21.1806],[103.7085,21.1814],[103.7471,21.158],[103.7548,21.1353],[103.7718,21.1269],[103.7746,21.1117],[103.793,21.094],[103.8002,21.0948],[103.8009,21.0827],[103.8094,21.074],[103.8352,21.0727],[103.8605,21.057],[103.8693,21.0601],[103.8883,21.0532],[103.887,21.0455],[103.8957,21.044],[103.9056,21.0531],[103.9251,21.0401],[103.9487,21.0513],[103.9615,21.049],[103.9672,21.0455],[103.9624,21.0121],[103.9883,21.0193],[104.0016,21.0288],[104.0125,21.0084],[104.0102,21.003],[104.0231,20.9953],[104.028,20.9991],[104.0706,20.9606],[104.0917,20.9656],[104.1034,20.9789]]]}},{"type":"Feature","properties":{"gid":"VNM.52.2_1","provZh":"山萝省","name2":"Mộc Châu","type2":"Huyện","engtype2":"District"},"geometry":{"type":"Polygon","coordinates":[[[104.6025,20.673],[104.6429,20.6743],[104.6544,20.6947],[104.645,20.6952],[104.6572,20.7313],[104.6585,20.7514],[104.6693,20.7555],[104.6803,20.7699],[104.7003,20.7673],[104.6742,20.798],[104.6688,20.7986],[104.6646,20.8121],[104.7136,20.8031],[104.7417,20.8084],[104.7451,20.8148],[104.758,20.8136],[104.7637,20.8202],[104.7588,20.8253],[104.7631,20.8363],[104.7769,20.8459],[104.7871,20.8459],[104.775,20.8647],[104.8227,20.8636],[104.8175,20.8762],[104.8239,20.8812],[104.8037,20.9054],[104.8102,20.9047],[104.8152,20.918],[104.8096,20.9248],[104.8117,20.9328],[104.8071,20.9332],[104.8108,20.9419],[104.7891,20.9405],[104.7824,20.9448],[104.7945,20.9668],[104.7895,20.9721],[104.7903,20.9863],[104.7718,21.019],[104.761,21.028],[104.765,21.0458],[104.7249,21.0595],[104.7135,21.0707],[104.7052,21.0495],[104.6711,21.0314],[104.6482,21.0444],[104.6406,21.0274],[104.6205,21.0421],[104.6056,21.044],[104.5947,21.0555],[104.5887,21.0556],[104.5841,21.0461],[104.552,21.065],[104.5409,21.05],[104.5387,21.0304],[104.5403,21.0263],[104.5514,21.0254],[104.5512,21.0148],[104.5401,21.0066],[104.5472,21.001],[104.5414,20.998],[104.5331,20.9801],[104.5224,20.9858],[104.5133,20.9741],[104.4971,20.9709],[104.5058,20.9526],[104.5023,20.9466],[104.5068,20.9374],[104.5016,20.9367],[104.4948,20.9237],[104.4665,20.9117],[104.47,20.902],[104.4668,20.893],[104.4713,20.8849],[104.4601,20.8874],[104.4355,20.8776],[104.4356,20.8582],[104.4258,20.8456],[104.4211,20.8284],[104.43,20.8221],[104.4318,20.8129],[104.4174,20.7987],[104.428,20.7921],[104.4308,20.7976],[104.4475,20.7995],[104.4521,20.7818],[104.4685,20.7798],[104.471,20.7737],[104.4838,20.7683],[104.4886,20.7283],[104.4963,20.7151],[104.5114,20.7159],[104.5086,20.7106],[104.5204,20.701],[104.5365,20.717],[104.5413,20.7148],[104.553,20.7221],[104.5639,20.7181],[104.5867,20.6951],[104.5848,20.6823],[104.6025,20.673]]]}},{"type":"Feature","properties":{"gid":"VNM.52.4_1","provZh":"山萝省","name2":"Mường La","type2":"Huyện","engtype2":"District"},"geometry":{"type":"Polygon","coordinates":[[[104.151,21.3591],[104.1633,21.3584],[104.1708,21.3674],[104.1721,21.3626],[104.1797,21.3657],[104.1991,21.3815],[104.2053,21.3687],[104.2138,21.3824],[104.2258,21.3813],[104.2263,21.3886],[104.2481,21.3911],[104.2631,21.4179],[104.2751,21.4237],[104.28,21.4315],[104.2986,21.439],[104.3004,21.4576],[104.287,21.4637],[104.282,21.4721],[104.2841,21.4916],[104.2951,21.5104],[104.2934,21.5234],[104.277,21.5512],[104.288,21.5683],[104.2978,21.5713],[104.2879,21.5999],[104.3195,21.6202],[104.3305,21.6379],[104.3397,21.6417],[104.3389,21.6531],[104.316,21.6567],[104.2968,21.653],[104.2879,21.6615],[104.2607,21.6636],[104.2542,21.671],[104.232,21.6731],[104.2119,21.6714],[104.2109,21.664],[104.1965,21.648],[104.1742,21.6487],[104.16,21.6557],[104.0877,21.6429],[104.0802,21.6495],[104.0488,21.6576],[104.0277,21.6722],[104.0071,21.6657],[104.0053,21.6728],[103.9875,21.674],[103.9846,21.6783],[103.9682,21.6638],[103.9655,21.6689],[103.9373,21.6698],[103.9381,21.6906],[103.9313,21.6957],[103.9221,21.7006],[103.9053,21.6948],[103.8824,21.7088],[103.8783,21.6859],[103.8613,21.6928],[103.8534,21.6894],[103.8491,21.7012],[103.8378,21.7065],[103.8332,21.7438],[103.826,21.7351],[103.8141,21.7403],[103.8074,21.737],[103.8104,21.7315],[103.8058,21.7205],[103.779,21.6928],[103.757,21.6809],[103.7527,21.6654],[103.7649,21.6635],[103.7804,21.6505],[103.7897,21.6513],[103.8031,21.6397],[103.7965,21.6254],[103.8062,21.6194],[103.8023,21.6117],[103.8083,21.6097],[103.8128,21.6004],[103.8069,21.5705],[103.8139,21.5605],[103.8561,21.5412],[103.8729,21.5476],[103.894,21.5447],[103.9259,21.5305],[103.9337,21.5178],[103.9439,21.5238],[103.9647,21.5197],[103.9798,21.4989],[103.966,21.4975],[103.965,21.4937],[103.981,21.4907],[103.9853,21.4769],[103.9711,21.4649],[103.9543,21.467],[103.9549,21.4606],[103.9443,21.4451],[103.9466,21.4416],[103.9335,21.4274],[103.9485,21.4156],[103.9572,21.4159],[103.9566,21.4061],[103.9706,21.4055],[103.9847,21.3673],[103.998,21.366],[104.0012,21.3561],[104.0126,21.356],[104.0176,21.3657],[104.0363,21.3758],[104.0446,21.3757],[104.0465,21.3814],[104.0898,21.3262],[104.1006,21.3205],[104.1127,21.3252],[104.1147,21.3185],[104.1333,21.3092],[104.1346,21.3219],[104.127,21.3362],[104.1385,21.3546],[104.151,21.3591]]]}},{"type":"Feature","properties":{"gid":"VNM.52.5_1","provZh":"山萝省","name2":"Phù Yên","type2":"Huyện","engtype2":"District"},"geometry":{"type":"Polygon","coordinates":[[[104.5667,21.0819],[104.5734,21.0491],[104.5862,21.0466],[104.5887,21.0556],[104.5947,21.0555],[104.6056,21.044],[104.6205,21.0421],[104.6382,21.0276],[104.6441,21.0291],[104.6482,21.0444],[104.6711,21.0314],[104.7052,21.0495],[104.7135,21.0707],[104.734,21.0553],[104.7516,21.0482],[104.79,21.0432],[104.802,21.0326],[104.8211,21.0373],[104.8422,21.0299],[104.8686,21.0296],[104.853,21.0765],[104.8679,21.0759],[104.8767,21.0987],[104.9132,21.1125],[104.9123,21.1181],[104.8989,21.1242],[104.8973,21.1299],[104.8813,21.1342],[104.871,21.1448],[104.8614,21.1454],[104.8527,21.1529],[104.8594,21.1735],[104.851,21.1798],[104.8643,21.2103],[104.853,21.2235],[104.8442,21.2263],[104.8487,21.234],[104.8554,21.2339],[104.8496,21.2582],[104.8403,21.2649],[104.843,21.3106],[104.8237,21.318],[104.8136,21.3335],[104.8022,21.3307],[104.7946,21.3352],[104.7791,21.326],[104.7696,21.3294],[104.7682,21.3468],[104.7488,21.3525],[104.748,21.3678],[104.7345,21.3815],[104.7345,21.4057],[104.7244,21.4006],[104.7104,21.3997],[104.7031,21.4059],[104.6973,21.4002],[104.6901,21.4008],[104.6856,21.3771],[104.6783,21.3754],[104.6523,21.3848],[104.6448,21.3834],[104.6156,21.402],[104.6067,21.4159],[104.5906,21.4226],[104.5839,21.4203],[104.5789,21.4088],[104.5702,21.4129],[104.5503,21.4096],[104.5403,21.3984],[104.5427,21.3825],[104.5637,21.3775],[104.57,21.366],[104.5628,21.3646],[104.5669,21.3577],[104.5605,21.3536],[104.5567,21.3428],[104.5648,21.3319],[104.5601,21.3274],[104.5658,21.3222],[104.5674,21.3079],[104.5525,21.287],[104.5557,21.282],[104.551,21.2705],[104.5414,21.2677],[104.5425,21.2583],[104.5258,21.2569],[104.5098,21.2327],[104.4939,21.2268],[104.4856,21.2055],[104.491,21.2065],[104.5152,21.1857],[104.5063,21.1707],[104.5333,21.1387],[104.5326,21.1228],[104.5146,21.098],[104.5197,21.0731],[104.5377,21.0701],[104.5514,21.08],[104.5667,21.0819]]]}},{"type":"Feature","properties":{"gid":"VNM.52.6_1","provZh":"山萝省","name2":"Quỳnh Nhai","type2":"Huyện","engtype2":"District"},"geometry":{"type":"Polygon","coordinates":[[[103.7564,21.6657],[103.7527,21.6654],[103.757,21.6809],[103.7856,21.6987],[103.8058,21.7205],[103.81,21.7347],[103.7902,21.7629],[103.7832,21.7629],[103.7791,21.7786],[103.7544,21.7796],[103.76,21.8079],[103.7417,21.8101],[103.7242,21.8063],[103.711,21.8219],[103.6973,21.8245],[103.6964,21.8379],[103.7061,21.8429],[103.723,21.8788],[103.7163,21.8799],[103.7156,21.8856],[103.7051,21.8843],[103.7039,21.9064],[103.6833,21.9207],[103.6899,21.9318],[103.6887,21.9407],[103.6656,21.9507],[103.6595,21.9663],[103.6617,21.9729],[103.6521,21.9853],[103.6517,21.9929],[103.6341,21.9898],[103.6133,22.0016],[103.6076,22.012],[103.5539,22.0238],[103.5457,22.0307],[103.525,22.0248],[103.5106,22.0103],[103.5135,21.9911],[103.5012,21.9805],[103.4968,21.9698],[103.5055,21.9552],[103.4984,21.9446],[103.4845,21.9383],[103.4889,21.933],[103.4834,21.9295],[103.4796,21.9087],[103.4867,21.9034],[103.4828,21.895],[103.4895,21.8897],[103.4879,21.8842],[103.4948,21.8752],[103.5068,21.8728],[103.5223,21.8615],[103.5295,21.8332],[103.5385,21.8295],[103.5421,21.8213],[103.5364,21.8142],[103.5475,21.7995],[103.5411,21.7774],[103.5584,21.7621],[103.5614,21.7493],[103.5726,21.7396],[103.5852,21.7018],[103.5987,21.683],[103.5945,21.6746],[103.5842,21.6852],[103.5679,21.6778],[103.5571,21.656],[103.5418,21.6441],[103.5599,21.6266],[103.5858,21.6317],[103.5903,21.6273],[103.5844,21.6214],[103.6009,21.6192],[103.6094,21.6093],[103.6186,21.6105],[103.626,21.6176],[103.6304,21.6152],[103.635,21.6231],[103.6445,21.6151],[103.6595,21.5957],[103.6336,21.5879],[103.6275,21.5711],[103.6501,21.5402],[103.6683,21.5396],[103.6708,21.5345],[103.6942,21.5415],[103.7017,21.538],[103.7081,21.5242],[103.711,21.5294],[103.7275,21.5327],[103.7458,21.5435],[103.7677,21.5464],[103.7973,21.5306],[103.7996,21.5428],[103.8204,21.5567],[103.8069,21.5705],[103.8129,21.599],[103.8083,21.6097],[103.8023,21.6117],[103.8062,21.6194],[103.7965,21.6254],[103.8031,21.6397],[103.7897,21.6513],[103.7804,21.6505],[103.7564,21.6657]]]}},{"type":"Feature","properties":{"gid":"VNM.52.8_1","provZh":"山萝省","name2":"Sơn La","type2":"Thành phố","engtype2":"City"},"geometry":{"type":"Polygon","coordinates":[[[103.9263,21.2732],[103.949,21.2786],[103.9661,21.2673],[103.966,21.2599],[103.9799,21.2638],[103.9893,21.2522],[104.004,21.2606],[104.0028,21.257],[104.0136,21.2527],[104.011,21.249],[104.0281,21.2558],[104.02,21.2726],[104.0018,21.2915],[104.0088,21.2948],[104.0099,21.3017],[103.9999,21.3054],[103.9941,21.3173],[104.0004,21.3233],[103.9909,21.3335],[103.9957,21.3403],[104.0076,21.3436],[104.0005,21.3613],[103.998,21.366],[103.9847,21.3673],[103.9706,21.4055],[103.9566,21.4061],[103.9572,21.4159],[103.9485,21.4156],[103.9335,21.4274],[103.9063,21.4252],[103.903,21.4324],[103.878,21.4335],[103.8803,21.4409],[103.8413,21.444],[103.8335,21.4367],[103.8318,21.4152],[103.8187,21.4081],[103.8079,21.3943],[103.8086,21.3865],[103.8212,21.3772],[103.8158,21.3724],[103.8132,21.3589],[103.8242,21.3584],[103.8291,21.3636],[103.8404,21.3611],[103.8387,21.3381],[103.8281,21.3204],[103.8286,21.3011],[103.8125,21.305],[103.8035,21.3019],[103.8273,21.2803],[103.8537,21.2716],[103.8647,21.2562],[103.8814,21.2451],[103.8996,21.2484],[103.9013,21.2567],[103.9169,21.2622],[103.9178,21.2721],[103.9263,21.2732]]]}},{"type":"Feature","properties":{"gid":"VNM.52.9_1","provZh":"山萝省","name2":"Sông Mã","type2":"Huyện","engtype2":"District"},"geometry":{"type":"Polygon","coordinates":[[[103.8852,20.8976],[103.8993,20.906],[103.9182,20.9019],[103.9384,20.9038],[103.9474,20.8958],[103.959,20.8983],[103.9752,20.9147],[103.9922,20.911],[103.9966,20.9057],[104.0313,20.9038],[104.0499,20.9159],[104.048,20.9289],[104.0574,20.9427],[104.0519,20.9517],[104.0706,20.9606],[104.028,20.9991],[104.0231,20.9953],[104.0102,21.003],[104.0125,21.0084],[104.0016,21.0288],[103.9883,21.0193],[103.9624,21.0121],[103.9672,21.0455],[103.9615,21.049],[103.9487,21.0513],[103.9251,21.0401],[103.9056,21.0531],[103.8957,21.044],[103.887,21.0455],[103.8883,21.0532],[103.8693,21.0601],[103.8605,21.057],[103.8352,21.0727],[103.8094,21.074],[103.8009,21.0827],[103.8002,21.0948],[103.793,21.094],[103.7746,21.1117],[103.7718,21.1269],[103.7548,21.1353],[103.7471,21.158],[103.6967,21.1846],[103.6978,21.1967],[103.7173,21.2102],[103.7205,21.2282],[103.7339,21.2356],[103.7375,21.2494],[103.7467,21.256],[103.7415,21.2612],[103.7302,21.2647],[103.7174,21.2581],[103.6674,21.2661],[103.654,21.2831],[103.5915,21.3118],[103.5901,21.3018],[103.582,21.2979],[103.5813,21.2892],[103.578,21.291],[103.5723,21.2808],[103.5636,21.2814],[103.5534,21.2919],[103.546,21.2864],[103.5608,21.2741],[103.5536,21.263],[103.558,21.2612],[103.5562,21.2566],[103.5731,21.2432],[103.5825,21.2423],[103.5885,21.2252],[103.5775,21.2233],[103.5801,21.2181],[103.5461,21.2243],[103.5416,21.2279],[103.5471,21.2387],[103.5295,21.2437],[103.5217,21.2559],[103.516,21.2524],[103.5044,21.2581],[103.5025,21.2673],[103.4956,21.2714],[103.4956,21.2824],[103.4794,21.3051],[103.4747,21.3214],[103.474,21.3296],[103.4831,21.3406],[103.4573,21.3544],[103.4408,21.3426],[103.4315,21.3239],[103.4208,21.3271],[103.415,21.3194],[103.4327,21.3107],[103.4412,21.2824],[103.4393,21.2637],[103.4308,21.2519],[103.4366,21.2413],[103.4316,21.2242],[103.4381,21.1917],[103.4338,21.1691],[103.4281,21.163],[103.415,21.1689],[103.3953,21.1482],[103.4087,21.0874],[103.424,21.0674],[103.4361,21.0618],[103.4292,21.0545],[103.4332,21.0507],[103.4403,21.0466],[103.459,21.0471],[103.4663,21.0531],[103.467,21.063],[103.4918,21.0684],[103.4961,21.0568],[103.5124,21.0502],[103.5246,21.0361],[103.543,21.0323],[103.5508,21.0222],[103.5695,21.0175],[103.5796,21.007],[103.6078,20.9933],[103.6597,20.9882],[103.6684,20.9639],[103.659,20.9411],[103.6823,20.9231],[103.6889,20.905],[103.7054,20.89],[103.705,20.8783],[103.7351,20.8533],[103.7427,20.8602],[103.7481,20.8561],[103.7526,20.859],[103.7534,20.8537],[103.7633,20.8506],[103.7826,20.8554],[103.8002,20.8494],[103.8142,20.8554],[103.8124,20.8657],[103.8339,20.8727],[103.8523,20.8615],[103.8852,20.8976]]]}},{"type":"Feature","properties":{"gid":"VNM.52.7_1","provZh":"山萝省","name2":"Sốp Cộp","type2":"Huyện","engtype2":"District"},"geometry":{"type":"Polygon","coordinates":[[[103.8063,20.8399],[103.8002,20.8494],[103.7826,20.8554],[103.7633,20.8506],[103.7534,20.8537],[103.7526,20.859],[103.7481,20.8561],[103.7427,20.8602],[103.7351,20.8533],[103.705,20.8783],[103.7054,20.89],[103.6889,20.905],[103.6823,20.9231],[103.6585,20.9421],[103.6648,20.9477],[103.6684,20.9639],[103.664,20.983],[103.6574,20.9894],[103.6078,20.9933],[103.5796,21.007],[103.5695,21.0175],[103.5508,21.0222],[103.543,21.0323],[103.5246,21.0361],[103.5124,21.0502],[103.4961,21.0568],[103.4918,21.0684],[103.467,21.063],[103.4663,21.0531],[103.459,21.0471],[103.4403,21.0466],[103.4292,21.0545],[103.4361,21.0618],[103.424,21.0674],[103.4022,21.0601],[103.3715,21.0624],[103.3658,21.071],[103.3586,21.0721],[103.3339,21.0918],[103.2947,21.0985],[103.2865,21.0933],[103.2928,21.084],[103.2878,21.078],[103.3019,21.0615],[103.282,21.066],[103.2811,21.0606],[103.2757,21.0627],[103.2786,21.059],[103.2739,21.0524],[103.2862,21.0352],[103.2867,21.0262],[103.292,21.0248],[103.2889,21.0212],[103.2921,21.0172],[103.2834,21.0141],[103.2851,21.005],[103.2797,21.0038],[103.2898,20.9948],[103.2994,20.9703],[103.2978,20.9558],[103.3024,20.9455],[103.2894,20.9476],[103.2773,20.9379],[103.2784,20.9204],[103.2897,20.908],[103.2811,20.9008],[103.2818,20.8962],[103.2733,20.9024],[103.2457,20.892],[103.2209,20.8955],[103.2131,20.891],[103.2352,20.8737],[103.2255,20.8517],[103.2369,20.8341],[103.2432,20.8353],[103.267,20.8233],[103.2906,20.8384],[103.2995,20.8228],[103.3223,20.8192],[103.3502,20.8035],[103.3646,20.8079],[103.388,20.7858],[103.3999,20.784],[103.4128,20.7975],[103.438,20.7943],[103.451,20.8216],[103.4673,20.8273],[103.4846,20.8106],[103.4819,20.7954],[103.5014,20.7736],[103.5075,20.7554],[103.5235,20.7497],[103.5373,20.7546],[103.552,20.7451],[103.5621,20.7503],[103.6003,20.745],[103.6095,20.7312],[103.6379,20.7203],[103.6479,20.701],[103.6569,20.6964],[103.667,20.7007],[103.6741,20.6836],[103.6744,20.6687],[103.6843,20.6615],[103.7149,20.6691],[103.7243,20.6657],[103.7358,20.6688],[103.7449,20.678],[103.7347,20.6928],[103.7356,20.711],[103.7291,20.7195],[103.7304,20.7295],[103.7337,20.7346],[103.7567,20.7324],[103.7642,20.7392],[103.7711,20.7349],[103.7911,20.7502],[103.7824,20.7674],[103.7902,20.7808],[103.7809,20.7908],[103.7796,20.8034],[103.7958,20.8192],[103.8077,20.823],[103.8063,20.8399]]]}},{"type":"Feature","properties":{"gid":"VNM.52.10_1","provZh":"山萝省","name2":"Thuận Châu","type2":"Huyện","engtype2":"District"},"geometry":{"type":"Polygon","coordinates":[[[103.7877,21.2148],[103.8148,21.2018],[103.821,21.2156],[103.8148,21.2531],[103.8308,21.2651],[103.8354,21.2759],[103.8035,21.3019],[103.8125,21.305],[103.8286,21.3011],[103.8281,21.3204],[103.8322,21.3218],[103.84,21.3497],[103.8396,21.3622],[103.8132,21.3589],[103.8158,21.3724],[103.8212,21.3772],[103.8086,21.3865],[103.8104,21.4002],[103.8318,21.4152],[103.8335,21.4367],[103.8413,21.444],[103.8803,21.4409],[103.878,21.4335],[103.903,21.4324],[103.9063,21.4252],[103.9335,21.4274],[103.9466,21.4416],[103.9443,21.4451],[103.9549,21.4606],[103.9543,21.467],[103.9711,21.4649],[103.9853,21.4769],[103.981,21.4907],[103.965,21.4937],[103.966,21.4975],[103.9798,21.4989],[103.9618,21.5215],[103.9439,21.5238],[103.9337,21.5178],[103.9259,21.5305],[103.894,21.5447],[103.8729,21.5476],[103.8561,21.5412],[103.8204,21.5567],[103.7996,21.5428],[103.7973,21.5306],[103.7677,21.5464],[103.7458,21.5435],[103.7275,21.5327],[103.711,21.5294],[103.7081,21.5242],[103.7017,21.538],[103.6942,21.5415],[103.6708,21.5345],[103.6683,21.5396],[103.6501,21.5402],[103.6299,21.5654],[103.6274,21.5765],[103.6336,21.5879],[103.6595,21.5957],[103.6479,21.6115],[103.635,21.6231],[103.6304,21.6152],[103.626,21.6176],[103.6186,21.6105],[103.6094,21.6093],[103.6009,21.6192],[103.5844,21.6214],[103.5903,21.6273],[103.5858,21.6317],[103.5689,21.6305],[103.554,21.6208],[103.5479,21.6023],[103.5395,21.6009],[103.5378,21.5901],[103.5306,21.5867],[103.5341,21.5686],[103.5192,21.565],[103.5225,21.543],[103.5171,21.5328],[103.5031,21.5337],[103.4849,21.5207],[103.4595,21.5179],[103.4619,21.5122],[103.4517,21.5018],[103.4479,21.487],[103.4542,21.4802],[103.4568,21.4576],[103.4464,21.4431],[103.4491,21.4383],[103.4409,21.4312],[103.4236,21.4309],[103.4178,21.4266],[103.3919,21.4368],[103.3781,21.436],[103.3763,21.4279],[103.354,21.4247],[103.343,21.4288],[103.3377,21.4176],[103.3311,21.4154],[103.3402,21.3999],[103.3586,21.3883],[103.3626,21.3718],[103.3884,21.3676],[103.3698,21.3316],[103.3933,21.3192],[103.415,21.3194],[103.4208,21.3271],[103.4315,21.3239],[103.4408,21.3426],[103.4573,21.3544],[103.4831,21.3406],[103.474,21.3296],[103.4747,21.3214],[103.4794,21.3051],[103.4956,21.2824],[103.4956,21.2714],[103.5025,21.2673],[103.5044,21.2581],[103.516,21.2524],[103.5217,21.2559],[103.5295,21.2437],[103.5471,21.2387],[103.5416,21.2279],[103.5461,21.2243],[103.5801,21.2181],[103.5775,21.2233],[103.5885,21.2252],[103.5825,21.2423],[103.5731,21.2432],[103.5562,21.2566],[103.558,21.2612],[103.5536,21.263],[103.5608,21.2741],[103.546,21.2864],[103.5534,21.2919],[103.5636,21.2814],[103.5723,21.2808],[103.578,21.291],[103.5813,21.2892],[103.582,21.2979],[103.5901,21.3018],[103.5915,21.3118],[103.654,21.2831],[103.6674,21.2661],[103.7174,21.2581],[103.7302,21.2647],[103.7415,21.2612],[103.7499,21.24],[103.7671,21.2311],[103.7745,21.2129],[103.7877,21.2148]]]}},{"type":"Feature","properties":{"gid":"VNM.52.11_1","provZh":"山萝省","name2":"Vân Hồ","type2":"Huyện","engtype2":"District"},"geometry":{"type":"Polygon","coordinates":[[[104.6409,20.6592],[104.6397,20.6535],[104.6624,20.6246],[104.6714,20.6234],[104.6851,20.6115],[104.6841,20.597],[104.6935,20.5981],[104.6961,20.6051],[104.7154,20.6063],[104.7231,20.604],[104.7276,20.589],[104.7415,20.5748],[104.7609,20.585],[104.772,20.5752],[104.7801,20.5763],[104.7809,20.5837],[104.8007,20.5849],[104.7962,20.6175],[104.8039,20.6211],[104.8066,20.63],[104.8096,20.6334],[104.8127,20.6299],[104.8201,20.6394],[104.8466,20.6521],[104.8372,20.6606],[104.8416,20.6858],[104.8369,20.6977],[104.8494,20.7029],[104.8387,20.719],[104.8448,20.7312],[104.8364,20.7343],[104.8426,20.7516],[104.859,20.7542],[104.8751,20.7676],[104.8822,20.7676],[104.9174,20.7515],[104.9238,20.7433],[104.9383,20.7449],[104.9458,20.7365],[104.952,20.7408],[104.9856,20.7225],[105.0179,20.7269],[105.0135,20.7406],[104.9911,20.7543],[105.0055,20.7891],[105.0124,20.7853],[105.0253,20.8023],[104.9978,20.8144],[105.0069,20.8444],[104.9976,20.8467],[105.0009,20.8571],[104.9806,20.8895],[104.9757,20.9091],[104.9634,20.913],[104.9395,20.9322],[104.9231,20.9636],[104.903,20.9782],[104.88,21.0236],[104.8686,21.0296],[104.8422,21.0299],[104.825,21.037],[104.802,21.0326],[104.7916,21.0426],[104.765,21.0458],[104.761,21.028],[104.7718,21.019],[104.7903,20.9863],[104.7895,20.9721],[104.7945,20.9668],[104.7824,20.9448],[104.7891,20.9405],[104.8108,20.9419],[104.8071,20.9332],[104.8117,20.9328],[104.8096,20.9248],[104.8152,20.918],[104.8102,20.9047],[104.8037,20.9054],[104.8239,20.8812],[104.8175,20.8762],[104.8227,20.8636],[104.775,20.8647],[104.7871,20.8459],[104.7769,20.8459],[104.7631,20.8363],[104.7588,20.8253],[104.7637,20.8202],[104.758,20.8136],[104.7451,20.8148],[104.7417,20.8084],[104.7136,20.8031],[104.6889,20.8102],[104.6735,20.8086],[104.67,20.8136],[104.6625,20.8098],[104.7003,20.7673],[104.6803,20.7699],[104.6693,20.7555],[104.6585,20.7514],[104.6572,20.7313],[104.645,20.6952],[104.6544,20.6947],[104.6429,20.6743],[104.636,20.6729],[104.6409,20.6592]]]}},{"type":"Feature","properties":{"gid":"VNM.52.12_1","provZh":"山萝省","name2":"Yên Châu","type2":"Huyện","engtype2":"District"},"geometry":{"type":"Polygon","coordinates":[[[104.4087,20.8064],[104.4174,20.7987],[104.4318,20.8129],[104.43,20.8221],[104.4211,20.8284],[104.4258,20.8456],[104.4356,20.8582],[104.4355,20.8776],[104.4601,20.8874],[104.4713,20.8849],[104.4668,20.893],[104.47,20.902],[104.4665,20.9117],[104.4948,20.9237],[104.5016,20.9367],[104.5068,20.9374],[104.5023,20.9466],[104.5058,20.9526],[104.4971,20.9709],[104.5133,20.9741],[104.5224,20.9858],[104.5331,20.9801],[104.5462,21.0038],[104.5055,21.0274],[104.4774,21.0321],[104.45,21.0527],[104.4164,21.0569],[104.408,21.0686],[104.3805,21.076],[104.3814,21.0902],[104.3496,21.1173],[104.3201,21.133],[104.3087,21.128],[104.2944,21.1322],[104.2899,21.1402],[104.2779,21.1432],[104.2635,21.1579],[104.2404,21.171],[104.2278,21.1864],[104.1992,21.1569],[104.2059,21.145],[104.1973,21.1287],[104.1995,21.12],[104.2116,21.1075],[104.2056,21.0963],[104.2073,21.0741],[104.1797,21.0601],[104.1689,21.0442],[104.1733,21.0399],[104.1673,21.0385],[104.1539,21.0177],[104.1397,21.0145],[104.1322,21.018],[104.1158,21.0044],[104.1257,20.9969],[104.1209,20.9904],[104.1242,20.9807],[104.1197,20.9725],[104.1313,20.9493],[104.1579,20.9566],[104.1891,20.9583],[104.1942,20.9477],[104.2432,20.9333],[104.236,20.9203],[104.2404,20.9195],[104.2397,20.9099],[104.2526,20.9006],[104.2594,20.9007],[104.2627,20.9182],[104.2808,20.928],[104.292,20.9248],[104.2973,20.9095],[104.3135,20.9044],[104.333,20.8819],[104.3351,20.8713],[104.3277,20.8576],[104.3371,20.8604],[104.341,20.851],[104.3482,20.8505],[104.3485,20.8442],[104.363,20.8354],[104.3701,20.8242],[104.3788,20.8207],[104.3778,20.8267],[104.384,20.828],[104.4087,20.8064]]]}},{"type":"Feature","properties":{"gid":"VNM.53.1_1","provZh":"西宁省","name2":"Bến Cầu","type2":"Huyện","engtype2":"District"},"geometry":{"type":"Polygon","coordinates":[[[106.2453,11.0885],[106.2256,11.104],[106.2225,11.123],[106.2345,11.1239],[106.2379,11.1311],[106.2296,11.1532],[106.2203,11.1571],[106.1929,11.1508],[106.1802,11.1675],[106.1578,11.157],[106.1452,11.1619],[106.1384,11.1736],[106.1396,11.1884],[106.1482,11.2014],[106.0953,11.2069],[106.0767,11.179],[106.0426,11.1826],[106.0284,11.1906],[106.0145,11.1832],[106.0107,11.1907],[106.0231,11.1404],[106.0626,11.1158],[106.0737,11.0993],[106.0884,11.1013],[106.1,11.0867],[106.1,11.0748],[106.1062,11.0711],[106.1213,11.0887],[106.1497,11.1022],[106.1584,11.0968],[106.1837,11.0568],[106.2008,11.0604],[106.2375,11.0525],[106.2464,11.0611],[106.265,11.058],[106.2698,11.0671],[106.2585,11.0909],[106.2513,11.0935],[106.2453,11.0885]]]}},{"type":"Feature","properties":{"gid":"VNM.53.2_1","provZh":"西宁省","name2":"Châu Thành","type2":"Huyện","engtype2":"District"},"geometry":{"type":"Polygon","coordinates":[[[106.0953,11.2069],[106.1482,11.2014],[106.1487,11.2128],[106.1348,11.2396],[106.1245,11.239],[106.1163,11.2482],[106.1029,11.2439],[106.1019,11.2357],[106.0931,11.2293],[106.0874,11.2311],[106.0959,11.2579],[106.094,11.2836],[106.0982,11.2983],[106.0888,11.2988],[106.0838,11.3065],[106.076,11.3029],[106.0769,11.3115],[106.0824,11.313],[106.0711,11.3313],[106.0787,11.3357],[106.0804,11.3513],[106.0726,11.3589],[106.0772,11.3758],[106.0721,11.3943],[106.0752,11.4097],[106.0368,11.4033],[106.0302,11.4147],[106.0208,11.4161],[105.9734,11.4533],[105.9006,11.4515],[105.9012,11.4286],[105.8911,11.4248],[105.8857,11.412],[105.8741,11.4055],[105.8788,11.3903],[105.8705,11.3742],[105.885,11.3628],[105.8784,11.3504],[105.8776,11.3313],[105.868,11.3176],[105.8717,11.3033],[105.8655,11.2843],[105.894,11.2901],[105.9044,11.2841],[105.9081,11.287],[105.9123,11.2677],[105.9076,11.2548],[105.9108,11.2406],[105.9381,11.2083],[105.9633,11.1962],[105.9752,11.1987],[106.0139,11.1906],[106.0145,11.1832],[106.0284,11.1906],[106.0426,11.1826],[106.0767,11.179],[106.0953,11.2069]]]}},{"type":"Feature","properties":{"gid":"VNM.53.3_1","provZh":"西宁省","name2":"Dương Minh Châu","type2":"Huyện","engtype2":"District"},"geometry":{"type":"Polygon","coordinates":[[[106.3176,11.2208],[106.3313,11.2245],[106.3388,11.2134],[106.3551,11.2162],[106.3588,11.2377],[106.3513,11.2486],[106.3645,11.2603],[106.3506,11.2629],[106.3553,11.2882],[106.3475,11.2896],[106.3435,11.283],[106.341,11.2936],[106.3451,11.294],[106.3402,11.2981],[106.3402,11.2918],[106.3355,11.2958],[106.3446,11.3231],[106.3335,11.3398],[106.3311,11.3532],[106.3507,11.3767],[106.3624,11.4233],[106.3431,11.418],[106.2806,11.4209],[106.2186,11.4714],[106.204,11.4384],[106.2049,11.4295],[106.1949,11.4293],[106.1911,11.4142],[106.1855,11.4054],[106.181,11.407],[106.1792,11.3967],[106.1863,11.387],[106.1919,11.3869],[106.1872,11.3707],[106.179,11.365],[106.1769,11.3533],[106.1686,11.3525],[106.1589,11.3402],[106.1517,11.321],[106.1444,11.3206],[106.1454,11.3143],[106.1398,11.3135],[106.1413,11.2942],[106.1478,11.3025],[106.1544,11.2909],[106.161,11.2916],[106.1643,11.2992],[106.1752,11.2908],[106.1939,11.2909],[106.2005,11.2773],[106.1979,11.2616],[106.2031,11.2611],[106.2096,11.2727],[106.2096,11.2632],[106.215,11.267],[106.2223,11.2578],[106.2152,11.2505],[106.2239,11.2403],[106.2278,11.243],[106.2285,11.2317],[106.2359,11.2302],[106.2328,11.227],[106.2401,11.2221],[106.2453,11.2235],[106.2556,11.2095],[106.266,11.2112],[106.2706,11.2034],[106.2722,11.2074],[106.2819,11.1907],[106.288,11.1885],[106.3075,11.2079],[106.3114,11.2033],[106.3198,11.2087],[106.3176,11.2208]]]}},{"type":"Feature","properties":{"gid":"VNM.53.4_1","provZh":"西宁省","name2":"Gò Dầu","type2":"Huyện","engtype2":"District"},"geometry":{"type":"Polygon","coordinates":[[[106.2684,11.0702],[106.2697,11.0631],[106.2625,11.0553],[106.2706,11.0471],[106.3035,11.0681],[106.3143,11.0622],[106.3289,11.0773],[106.331,11.0928],[106.3404,11.0984],[106.3437,11.1237],[106.3556,11.1309],[106.3294,11.1584],[106.3379,11.1636],[106.3339,11.1687],[106.3386,11.1727],[106.326,11.1863],[106.3529,11.2135],[106.3482,11.2174],[106.3388,11.2134],[106.3313,11.2245],[106.3176,11.2208],[106.3198,11.2087],[106.3114,11.2033],[106.3075,11.2079],[106.288,11.1885],[106.2819,11.1907],[106.2722,11.2074],[106.2706,11.2034],[106.266,11.2112],[106.2556,11.2095],[106.2453,11.2235],[106.2401,11.2221],[106.2328,11.227],[106.2359,11.2302],[106.2285,11.2317],[106.2278,11.243],[106.2239,11.2403],[106.2152,11.2505],[106.2223,11.2578],[106.215,11.267],[106.2096,11.2632],[106.2085,11.2728],[106.2031,11.2611],[106.2074,11.2577],[106.1985,11.2533],[106.1881,11.2277],[106.1814,11.2217],[106.1743,11.2238],[106.1632,11.2111],[106.1487,11.2128],[106.1472,11.1951],[106.1396,11.1884],[106.1384,11.1736],[106.1452,11.1619],[106.1578,11.157],[106.1752,11.1677],[106.183,11.1659],[106.1929,11.1508],[106.2268,11.1556],[106.2379,11.1311],[106.2345,11.1239],[106.2225,11.123],[106.2256,11.104],[106.2453,11.0885],[106.2513,11.0935],[106.2585,11.0909],[106.2684,11.0702]]]}},{"type":"Feature","properties":{"gid":"VNM.53.5_1","provZh":"西宁省","name2":"Hòa Thành","type2":"Huyện","engtype2":"District"},"geometry":{"type":"Polygon","coordinates":[[[106.1348,11.2396],[106.1487,11.2128],[106.1632,11.2111],[106.1743,11.2238],[106.1814,11.2217],[106.1881,11.2277],[106.1985,11.2533],[106.2074,11.2577],[106.1979,11.2616],[106.2005,11.2773],[106.1939,11.2909],[106.1752,11.2908],[106.1643,11.2992],[106.161,11.2916],[106.1544,11.2909],[106.1478,11.3025],[106.1413,11.2942],[106.1381,11.3053],[106.1295,11.3052],[106.1188,11.2965],[106.1008,11.2962],[106.094,11.2836],[106.0959,11.2579],[106.0885,11.2288],[106.1019,11.2357],[106.1029,11.2439],[106.1143,11.2488],[106.1245,11.239],[106.1348,11.2396]]]}},{"type":"Feature","properties":{"gid":"VNM.53.6_1","provZh":"西宁省","name2":"Tân Biên","type2":"Huyện","engtype2":"District"},"geometry":{"type":"Polygon","coordinates":[[[105.9834,11.4483],[106.0208,11.4161],[106.0302,11.4147],[106.0368,11.4033],[106.0767,11.4114],[106.0984,11.3923],[106.1034,11.4171],[106.0976,11.4245],[106.1208,11.4457],[106.1226,11.4776],[106.1122,11.4862],[106.1133,11.5248],[106.1215,11.5266],[106.1095,11.5433],[106.1129,11.5486],[106.1045,11.5524],[106.1144,11.5537],[106.1139,11.7434],[106.0935,11.7573],[106.0906,11.765],[106.069,11.7762],[106.0506,11.7744],[106.0421,11.7784],[106.0202,11.7718],[106.0104,11.7509],[106.0151,11.727],[106.003,11.704],[105.9943,11.7017],[105.9781,11.6865],[105.9815,11.6676],[105.9533,11.6404],[105.9228,11.6506],[105.8907,11.6762],[105.884,11.677],[105.8558,11.6646],[105.8372,11.6474],[105.8359,11.6329],[105.8279,11.6199],[105.8097,11.6187],[105.8137,11.6088],[105.811,11.588],[105.8177,11.5816],[105.8174,11.569],[105.8233,11.5704],[105.8284,11.5647],[105.8343,11.5696],[105.8338,11.5645],[105.8509,11.5607],[105.8619,11.5663],[105.8842,11.5375],[105.8842,11.5106],[105.8793,11.5097],[105.8787,11.5018],[105.8848,11.4843],[105.878,11.4769],[105.8761,11.4594],[105.8793,11.4622],[105.8803,11.4556],[105.8884,11.4505],[105.9734,11.4533],[105.9834,11.4483]]]}},{"type":"Feature","properties":{"gid":"VNM.53.7_1","provZh":"西宁省","name2":"Tân Châu","type2":"Huyện","engtype2":"District"},"geometry":{"type":"Polygon","coordinates":[[[106.2099,11.4482],[106.2186,11.4714],[106.2806,11.4209],[106.3431,11.418],[106.3624,11.4233],[106.3747,11.4541],[106.4093,11.4703],[106.423,11.4912],[106.428,11.5349],[106.4446,11.5474],[106.4549,11.5414],[106.4612,11.5461],[106.4658,11.5427],[106.475,11.5491],[106.4801,11.5467],[106.4805,11.5558],[106.4902,11.5698],[106.486,11.5779],[106.4907,11.5798],[106.4828,11.5968],[106.4867,11.6033],[106.4769,11.6135],[106.4694,11.6139],[106.4639,11.623],[106.4647,11.6394],[106.4532,11.6538],[106.4517,11.6712],[106.4343,11.67],[106.3851,11.6967],[106.367,11.6964],[106.3394,11.6814],[106.3298,11.6871],[106.3173,11.6756],[106.2986,11.673],[106.2989,11.6812],[106.2702,11.7057],[106.2728,11.7132],[106.2664,11.7205],[106.2497,11.7283],[106.2269,11.7316],[106.2125,11.7288],[106.1951,11.741],[106.1909,11.7538],[106.1807,11.7476],[106.1664,11.7469],[106.1524,11.7368],[106.1302,11.7456],[106.1127,11.7434],[106.1144,11.5537],[106.1045,11.5524],[106.1129,11.5486],[106.1095,11.5433],[106.1215,11.5266],[106.1133,11.5248],[106.1122,11.4862],[106.1226,11.4776],[106.1231,11.469],[106.1208,11.4457],[106.1133,11.4381],[106.1352,11.4256],[106.1605,11.4388],[106.1657,11.4303],[106.1752,11.4263],[106.181,11.407],[106.1855,11.4054],[106.1949,11.4293],[106.2049,11.4295],[106.204,11.4384],[106.2099,11.4482]]]}},{"type":"Feature","properties":{"gid":"VNM.53.8_1","provZh":"西宁省","name2":"Tây Ninh","type2":"Thành phố","engtype2":"City"},"geometry":{"type":"Polygon","coordinates":[[[106.1008,11.2962],[106.1188,11.2965],[106.1295,11.3052],[106.1381,11.3053],[106.1398,11.3135],[106.1454,11.3143],[106.1444,11.3206],[106.1517,11.321],[106.1589,11.3402],[106.1686,11.3525],[106.1769,11.3533],[106.179,11.365],[106.1872,11.3707],[106.1919,11.3869],[106.1863,11.387],[106.1792,11.3967],[106.1824,11.3989],[106.1792,11.4192],[106.1605,11.4388],[106.1352,11.4256],[106.1107,11.4372],[106.0976,11.4245],[106.1034,11.4171],[106.0984,11.3923],[106.0753,11.4112],[106.0721,11.3943],[106.0772,11.3758],[106.0726,11.3589],[106.0804,11.3513],[106.0787,11.3357],[106.0711,11.3313],[106.0824,11.313],[106.0769,11.3115],[106.076,11.3029],[106.0838,11.3065],[106.0888,11.2988],[106.0982,11.2983],[106.0966,11.292],[106.1008,11.2962]]]}},{"type":"Feature","properties":{"gid":"VNM.53.9_1","provZh":"西宁省","name2":"Trảng Bàng","type2":"Huyện","engtype2":"District"},"geometry":{"type":"Polygon","coordinates":[[[106.1658,10.9783],[106.1606,10.9788],[106.1679,10.9632],[106.178,10.9627],[106.2396,10.9873],[106.2731,10.981],[106.2866,10.992],[106.283,11.0044],[106.2711,11.0164],[106.2738,11.0217],[106.2791,11.0158],[106.2916,11.0254],[106.3122,11.0199],[106.3429,11.0014],[106.3456,10.9947],[106.3511,10.9989],[106.3567,10.9916],[106.3633,10.9977],[106.392,10.9998],[106.4128,11.0089],[106.4089,11.0224],[106.4243,11.0471],[106.4202,11.0634],[106.4274,11.074],[106.426,11.0916],[106.4308,11.0921],[106.4484,11.1309],[106.4299,11.1486],[106.4371,11.1581],[106.4297,11.1748],[106.4256,11.1704],[106.4106,11.1721],[106.4107,11.1836],[106.4052,11.1881],[106.3987,11.1815],[106.3881,11.1855],[106.3839,11.1927],[106.3893,11.2124],[106.3801,11.2176],[106.3839,11.2277],[106.3785,11.2292],[106.3713,11.2447],[106.3619,11.2381],[106.354,11.246],[106.3588,11.2377],[106.3551,11.2162],[106.326,11.1863],[106.3386,11.1727],[106.3339,11.1687],[106.3379,11.1636],[106.3294,11.1584],[106.3556,11.1309],[106.3437,11.1237],[106.3404,11.0984],[106.331,11.0928],[106.332,11.0845],[106.3233,11.0697],[106.3143,11.0622],[106.3096,11.0679],[106.3014,11.0673],[106.2706,11.0471],[106.2595,11.0612],[106.2464,11.0611],[106.2375,11.0525],[106.2008,11.0604],[106.1837,11.0568],[106.1936,11.002],[106.2061,10.9768],[106.1906,10.9717],[106.1658,10.9783]]]}},{"type":"Feature","properties":{"gid":"VNM.55.1_1","provZh":"太平省","name2":"Đông Hưng","type2":"Huyện","engtype2":"District"},"geometry":{"type":"Polygon","coordinates":[[[106.3878,20.4869],[106.4079,20.4824],[106.4356,20.4937],[106.437,20.5124],[106.4306,20.5246],[106.4443,20.5303],[106.441,20.535],[106.4446,20.5381],[106.4332,20.5519],[106.441,20.5647],[106.4341,20.5694],[106.4318,20.5791],[106.419,20.581],[106.4193,20.5923],[106.4065,20.592],[106.3965,20.6033],[106.3837,20.5989],[106.3872,20.5936],[106.3816,20.5904],[106.3771,20.5947],[106.3636,20.5892],[106.3543,20.6017],[106.3383,20.5909],[106.3364,20.6089],[106.3236,20.6084],[106.328,20.6135],[106.318,20.6133],[106.3146,20.6095],[106.3181,20.6037],[106.3122,20.6005],[106.3166,20.5994],[106.3015,20.5928],[106.2978,20.5847],[106.2834,20.584],[106.2726,20.5669],[106.2616,20.5674],[106.2657,20.5545],[106.2456,20.5584],[106.2493,20.5537],[106.243,20.5437],[106.2504,20.5334],[106.2389,20.5308],[106.2349,20.5189],[106.2499,20.5145],[106.2501,20.5067],[106.2586,20.5022],[106.2719,20.5028],[106.2849,20.4923],[106.291,20.4992],[106.2889,20.5118],[106.3376,20.5062],[106.3367,20.4998],[106.3408,20.5014],[106.3443,20.4955],[106.3586,20.4978],[106.3645,20.5058],[106.3756,20.5004],[106.3778,20.4888],[106.3878,20.4869]]]}},{"type":"Feature","properties":{"gid":"VNM.55.2_1","provZh":"太平省","name2":"Hưng Hà","type2":"Huyện","engtype2":"District"},"geometry":{"type":"Polygon","coordinates":[[[106.2493,20.5537],[106.2456,20.5584],[106.2657,20.5545],[106.2616,20.5674],[106.2726,20.5669],[106.2834,20.584],[106.2978,20.5847],[106.3015,20.5928],[106.3181,20.6037],[106.3146,20.6095],[106.3019,20.6095],[106.2952,20.625],[106.289,20.6282],[106.291,20.6362],[106.2788,20.6382],[106.2808,20.6526],[106.274,20.6497],[106.252,20.6586],[106.2496,20.6742],[106.2314,20.6584],[106.2167,20.6545],[106.2246,20.642],[106.2034,20.6436],[106.1744,20.658],[106.169,20.646],[106.1624,20.6454],[106.141,20.6596],[106.1103,20.6419],[106.1274,20.6278],[106.1028,20.6183],[106.1125,20.6154],[106.1256,20.6025],[106.1333,20.5733],[106.1619,20.5635],[106.1676,20.5574],[106.1789,20.5191],[106.1909,20.5218],[106.2205,20.512],[106.2365,20.5169],[106.2389,20.5308],[106.2504,20.5334],[106.243,20.5437],[106.2493,20.5537]]]}},{"type":"Feature","properties":{"gid":"VNM.55.3_1","provZh":"太平省","name2":"Kiến Xương","type2":"Huyện","engtype2":"District"},"geometry":{"type":"Polygon","coordinates":[[[106.3987,20.3385],[106.4424,20.2935],[106.4648,20.2891],[106.4845,20.2947],[106.4921,20.3027],[106.4755,20.3099],[106.4783,20.3261],[106.4704,20.3299],[106.4652,20.3444],[106.4698,20.3688],[106.4624,20.3783],[106.4759,20.3798],[106.4718,20.3843],[106.4772,20.3887],[106.4701,20.4097],[106.4636,20.413],[106.475,20.4228],[106.4777,20.4339],[106.4899,20.447],[106.4687,20.4539],[106.4792,20.4798],[106.4745,20.4996],[106.4694,20.504],[106.4491,20.4863],[106.4356,20.4937],[106.4079,20.4824],[106.3878,20.4869],[106.3895,20.4801],[106.3828,20.4713],[106.3864,20.4545],[106.378,20.4517],[106.39,20.4513],[106.3966,20.4312],[106.3705,20.4256],[106.3638,20.4295],[106.3675,20.4113],[106.358,20.4061],[106.3701,20.3919],[106.3617,20.3927],[106.3574,20.3838],[106.3826,20.3446],[106.3987,20.3385]]]}},{"type":"Feature","properties":{"gid":"VNM.55.4_1","provZh":"太平省","name2":"Quỳnh Phụ","type2":"Huyện","engtype2":"District"},"geometry":{"type":"Polygon","coordinates":[[[106.424,20.5776],[106.4318,20.5791],[106.4381,20.5667],[106.4455,20.5714],[106.4583,20.587],[106.4504,20.5924],[106.454,20.5951],[106.4443,20.6087],[106.4513,20.6047],[106.4647,20.615],[106.4507,20.6197],[106.4551,20.6391],[106.4397,20.6606],[106.4012,20.6878],[106.4172,20.7168],[106.4075,20.7285],[106.4018,20.729],[106.3823,20.7118],[106.3569,20.7008],[106.3466,20.7022],[106.3376,20.7116],[106.301,20.69],[106.2937,20.6966],[106.2945,20.7063],[106.2851,20.7116],[106.2834,20.703],[106.2898,20.6954],[106.2849,20.6933],[106.2753,20.6929],[106.2653,20.7043],[106.2494,20.6969],[106.2537,20.6901],[106.2691,20.6851],[106.2496,20.6742],[106.252,20.6586],[106.274,20.6497],[106.2808,20.6526],[106.2788,20.6382],[106.293,20.6343],[106.289,20.6282],[106.2952,20.625],[106.3019,20.6095],[106.3269,20.6139],[106.3236,20.6084],[106.3364,20.6089],[106.3383,20.5909],[106.3543,20.6017],[106.3636,20.5892],[106.3771,20.5947],[106.3843,20.5912],[106.3874,20.5959],[106.3837,20.5989],[106.3965,20.6033],[106.4065,20.592],[106.4193,20.5923],[106.418,20.5826],[106.424,20.5776]]]}},{"type":"Feature","properties":{"gid":"VNM.55.5_1","provZh":"太平省","name2":"Thái Bình","type2":"Thành phố","engtype2":"City"},"geometry":{"type":"Polygon","coordinates":[[[106.3369,20.4063],[106.3354,20.4094],[106.3479,20.417],[106.3465,20.4198],[106.3638,20.4295],[106.3705,20.4256],[106.3966,20.4312],[106.39,20.4513],[106.378,20.4517],[106.3864,20.4545],[106.3828,20.4713],[106.3895,20.4801],[106.3878,20.4869],[106.3778,20.4888],[106.3756,20.5004],[106.3645,20.5058],[106.3507,20.4955],[106.3367,20.4998],[106.3334,20.4822],[106.3218,20.4802],[106.2959,20.4447],[106.3007,20.4363],[106.314,20.4343],[106.32,20.4087],[106.315,20.4069],[106.3203,20.3997],[106.3322,20.4002],[106.3369,20.4063]]]}},{"type":"Feature","properties":{"gid":"VNM.55.6_1","provZh":"太平省","name2":"Thái Thụy","type2":"Huyện","engtype2":"District"},"geometry":{"type":"MultiPolygon","coordinates":[[[[106.5252,20.4471],[106.5633,20.474],[106.5989,20.471],[106.5983,20.4992],[106.5811,20.5162],[106.5841,20.5361],[106.5901,20.5406],[106.5851,20.5503],[106.6085,20.5775],[106.6429,20.5979],[106.6455,20.6051],[106.6566,20.6124],[106.6424,20.6243],[106.6118,20.6271],[106.6014,20.6396],[106.5685,20.6197],[106.5587,20.6267],[106.5461,20.6267],[106.54,20.6084],[106.5289,20.6027],[106.5195,20.6024],[106.5156,20.6114],[106.4935,20.6167],[106.4808,20.5987],[106.4703,20.5994],[106.4647,20.615],[106.4513,20.6047],[106.4443,20.6087],[106.454,20.5951],[106.4504,20.5924],[106.4583,20.587],[106.4381,20.5667],[106.4413,20.5629],[106.4341,20.556],[106.4338,20.5499],[106.4446,20.5381],[106.441,20.535],[106.4443,20.5303],[106.4306,20.5246],[106.437,20.5124],[106.4356,20.4937],[106.4491,20.4863],[106.4646,20.5031],[106.4714,20.503],[106.4792,20.4798],[106.4702,20.4508],[106.4928,20.4528],[106.5105,20.4433],[106.5252,20.4471]]],[[[106.5998,20.4988],[106.6042,20.4677],[106.6059,20.4776],[106.5998,20.4988]]]]}},{"type":"Feature","properties":{"gid":"VNM.55.7_1","provZh":"太平省","name2":"Tiền Hải","type2":"Huyện","engtype2":"District"},"geometry":{"type":"MultiPolygon","coordinates":[[[[106.5417,20.3007],[106.5799,20.2642],[106.5926,20.2403],[106.6052,20.2564],[106.6153,20.3035],[106.6108,20.312],[106.5944,20.3232],[106.5774,20.3682],[106.6009,20.4463],[106.5989,20.471],[106.5633,20.474],[106.5166,20.4429],[106.4928,20.4528],[106.4819,20.4514],[106.4899,20.447],[106.4777,20.4339],[106.475,20.4228],[106.4636,20.413],[106.4701,20.4097],[106.4772,20.3887],[106.4718,20.3843],[106.4759,20.3798],[106.4624,20.3783],[106.4698,20.3688],[106.4652,20.3444],[106.4704,20.3299],[106.4783,20.3261],[106.4755,20.3099],[106.4921,20.3027],[106.4969,20.308],[106.5281,20.3161],[106.5417,20.3007]]],[[[106.6038,20.4299],[106.5968,20.4164],[106.6092,20.4293],[106.6085,20.4443],[106.6038,20.4299]]]]}},{"type":"Feature","properties":{"gid":"VNM.55.8_1","provZh":"太平省","name2":"Vũ Thư","type2":"Huyện","engtype2":"District"},"geometry":{"type":"Polygon","coordinates":[[[106.3363,20.3767],[106.3424,20.3759],[106.3583,20.3517],[106.3826,20.3446],[106.3708,20.3587],[106.3706,20.3669],[106.359,20.3768],[106.3617,20.3927],[106.3658,20.3895],[106.3703,20.3933],[106.358,20.4061],[106.3675,20.4113],[106.3634,20.4276],[106.3465,20.4198],[106.3322,20.4002],[106.3203,20.3997],[106.315,20.4069],[106.32,20.4087],[106.314,20.4343],[106.3007,20.4363],[106.2959,20.4447],[106.3218,20.4802],[106.3334,20.4822],[106.3395,20.5047],[106.2889,20.5118],[106.291,20.4992],[106.2849,20.4923],[106.2719,20.5028],[106.265,20.5006],[106.2501,20.5067],[106.2499,20.5145],[106.2423,20.5164],[106.2205,20.512],[106.1909,20.5218],[106.1789,20.5191],[106.1784,20.4955],[106.1833,20.4849],[106.1915,20.4795],[106.2194,20.475],[106.2255,20.4678],[106.2233,20.4522],[106.21,20.4293],[106.2178,20.4127],[106.2373,20.4058],[106.2752,20.4045],[106.2859,20.3931],[106.2828,20.3788],[106.2542,20.3559],[106.2518,20.3457],[106.2588,20.33],[106.272,20.3269],[106.2808,20.3308],[106.3363,20.3767]]]}},{"type":"Feature","properties":{"gid":"VNM.56.1_1","provZh":"太原省","name2":"Đại Từ","type2":"Huyện","engtype2":"District"},"geometry":{"type":"Polygon","coordinates":[[[105.7328,21.4974],[105.7095,21.5126],[105.7214,21.5166],[105.6684,21.5466],[105.6713,21.5672],[105.7105,21.5823],[105.7159,21.5919],[105.709,21.5991],[105.7122,21.6062],[105.7376,21.6051],[105.7595,21.5918],[105.7671,21.5938],[105.7709,21.5899],[105.7758,21.599],[105.7701,21.6098],[105.7742,21.6177],[105.7601,21.623],[105.753,21.633],[105.7458,21.6332],[105.7416,21.6467],[105.7311,21.6536],[105.7279,21.6668],[105.7182,21.6645],[105.7086,21.6733],[105.6856,21.6798],[105.676,21.6913],[105.6777,21.7033],[105.6713,21.7119],[105.6399,21.7205],[105.6441,21.7333],[105.6424,21.7524],[105.6317,21.761],[105.6262,21.777],[105.6116,21.7667],[105.587,21.7656],[105.5827,21.7505],[105.5695,21.7459],[105.5456,21.7533],[105.5431,21.7609],[105.5339,21.7596],[105.5249,21.7648],[105.509,21.7504],[105.5158,21.7364],[105.5042,21.7298],[105.4903,21.7038],[105.4775,21.6971],[105.4879,21.6887],[105.4871,21.6808],[105.4793,21.6741],[105.4903,21.6437],[105.4999,21.6326],[105.4966,21.6184],[105.5141,21.6028],[105.5267,21.5826],[105.5557,21.5709],[105.5839,21.535],[105.6043,21.5283],[105.6117,21.5057],[105.6185,21.4986],[105.6353,21.4928],[105.6313,21.4791],[105.6526,21.4573],[105.6749,21.4581],[105.6874,21.4428],[105.7045,21.4407],[105.7135,21.4302],[105.7055,21.4436],[105.728,21.476],[105.7258,21.4815],[105.7357,21.4828],[105.7383,21.4909],[105.7328,21.4974]]]}},{"type":"Feature","properties":{"gid":"VNM.56.2_1","provZh":"太原省","name2":"Định Hóa","type2":"Huyện","engtype2":"District"},"geometry":{"type":"Polygon","coordinates":[[[105.5703,21.7479],[105.5827,21.7505],[105.587,21.7656],[105.6116,21.7667],[105.6236,21.7732],[105.6287,21.7923],[105.6466,21.8088],[105.6571,21.8064],[105.6624,21.7979],[105.6749,21.8],[105.6774,21.8133],[105.6843,21.8209],[105.6771,21.8305],[105.6632,21.8323],[105.6624,21.838],[105.6559,21.841],[105.6568,21.8567],[105.6619,21.857],[105.6641,21.8648],[105.6725,21.8642],[105.672,21.8712],[105.687,21.872],[105.7026,21.8823],[105.7013,21.8919],[105.7103,21.8959],[105.7147,21.9051],[105.727,21.9013],[105.73,21.9057],[105.7419,21.9039],[105.7708,21.9218],[105.7778,21.9328],[105.774,21.9392],[105.7753,21.953],[105.7607,21.9684],[105.7635,21.9857],[105.756,21.9922],[105.7534,22.0128],[105.7394,22.019],[105.7314,22.0153],[105.7206,22.0245],[105.7072,22.023],[105.6923,22.0393],[105.6689,22.0476],[105.6618,22.0293],[105.6405,22.027],[105.6362,22.0191],[105.6207,22.0184],[105.6165,22.0124],[105.602,22.0141],[105.5904,22.0077],[105.5794,21.985],[105.582,21.9806],[105.5778,21.9749],[105.5824,21.9663],[105.5724,21.9666],[105.5755,21.9577],[105.5557,21.9575],[105.5518,21.953],[105.5529,21.9085],[105.545,21.904],[105.5445,21.8922],[105.5201,21.8831],[105.5184,21.8759],[105.5286,21.8524],[105.528,21.8349],[105.5168,21.8267],[105.5108,21.8327],[105.4938,21.8282],[105.4931,21.8045],[105.4979,21.7931],[105.4934,21.7796],[105.5003,21.7705],[105.516,21.7742],[105.5339,21.7596],[105.5431,21.7609],[105.5456,21.7533],[105.5703,21.7479]]]}},{"type":"Feature","properties":{"gid":"VNM.56.3_1","provZh":"太原省","name2":"Đồng Hỷ","type2":"Huyện","engtype2":"District"},"geometry":{"type":"Polygon","coordinates":[[[106.0521,21.5398],[106.0505,21.5457],[106.0561,21.5491],[106.048,21.5588],[106.0304,21.562],[106.0332,21.5714],[106.0486,21.5811],[106.0569,21.603],[106.0673,21.6046],[106.0744,21.6144],[106.0517,21.6238],[106.0519,21.6323],[106.0436,21.6425],[106.0316,21.6451],[106.0259,21.6677],[105.9998,21.6793],[105.9972,21.6988],[105.9811,21.7097],[105.9587,21.7088],[105.9408,21.7027],[105.9334,21.6951],[105.8996,21.6913],[105.8897,21.7126],[105.8958,21.7155],[105.8936,21.7277],[105.9125,21.7298],[105.9135,21.7383],[105.9231,21.7505],[105.9196,21.7754],[105.8881,21.7711],[105.8595,21.7816],[105.8593,21.7936],[105.8486,21.8132],[105.8565,21.8187],[105.8547,21.8358],[105.8618,21.8396],[105.8633,21.8498],[105.8535,21.8439],[105.8151,21.8439],[105.805,21.8336],[105.8009,21.807],[105.795,21.7993],[105.797,21.7887],[105.7899,21.7737],[105.802,21.7652],[105.7912,21.7523],[105.8059,21.7458],[105.8089,21.7345],[105.8173,21.7334],[105.8231,21.7233],[105.8145,21.7098],[105.7981,21.7049],[105.7864,21.695],[105.7939,21.6853],[105.7919,21.6661],[105.7994,21.6628],[105.8095,21.6484],[105.8171,21.6489],[105.8271,21.6376],[105.837,21.6357],[105.8381,21.6296],[105.845,21.6316],[105.8456,21.6223],[105.8571,21.6273],[105.8577,21.6361],[105.9035,21.6244],[105.898,21.603],[105.877,21.5979],[105.8802,21.5934],[105.8856,21.5973],[105.8971,21.5812],[105.9021,21.5799],[105.9194,21.5908],[105.9335,21.5864],[105.94,21.5677],[105.9534,21.5639],[105.9607,21.5721],[105.9702,21.5679],[105.9716,21.5618],[105.9883,21.5627],[105.9985,21.555],[106.0076,21.5585],[106.0287,21.5453],[106.0307,21.5306],[106.0417,21.5206],[106.0521,21.5398]]]}},{"type":"Feature","properties":{"gid":"VNM.56.4_1","provZh":"太原省","name2":"Phổ Yên","type2":"Thị xã","engtype2":"Town"},"geometry":{"type":"Polygon","coordinates":[[[105.8925,21.3438],[105.9074,21.3486],[105.9076,21.3523],[105.8956,21.3511],[105.9093,21.3746],[105.9385,21.3714],[105.9451,21.3912],[105.9301,21.4114],[105.9175,21.414],[105.91,21.4284],[105.9073,21.4556],[105.8902,21.4612],[105.8892,21.4883],[105.878,21.4886],[105.8683,21.4748],[105.875,21.4554],[105.8619,21.4497],[105.8626,21.4394],[105.83,21.4455],[105.8223,21.4583],[105.8017,21.4508],[105.7966,21.4551],[105.7973,21.4682],[105.7578,21.4915],[105.7585,21.5013],[105.7437,21.5119],[105.7498,21.5169],[105.7463,21.5227],[105.7525,21.5369],[105.7422,21.5487],[105.74,21.5402],[105.7113,21.5485],[105.7061,21.5596],[105.7117,21.5723],[105.702,21.5773],[105.6733,21.5708],[105.6684,21.5466],[105.7214,21.5166],[105.7095,21.5126],[105.7383,21.4909],[105.7357,21.4828],[105.7258,21.4815],[105.728,21.476],[105.7055,21.4436],[105.7135,21.4302],[105.7246,21.4321],[105.722,21.414],[105.7296,21.4089],[105.7473,21.4158],[105.7556,21.4104],[105.7656,21.3897],[105.7598,21.3781],[105.773,21.3705],[105.7752,21.3607],[105.7846,21.3597],[105.788,21.3757],[105.8012,21.3852],[105.8127,21.3804],[105.8164,21.383],[105.832,21.3733],[105.8397,21.3774],[105.8589,21.3742],[105.8524,21.3491],[105.8589,21.3457],[105.8556,21.3428],[105.8686,21.3268],[105.8717,21.3297],[105.8918,21.3255],[105.8808,21.3381],[105.8865,21.346],[105.8925,21.3438]]]}},{"type":"Feature","properties":{"gid":"VNM.56.5_1","provZh":"太原省","name2":"Phú Bình","type2":"Huyện","engtype2":"District"},"geometry":{"type":"Polygon","coordinates":[[[106.0069,21.406],[106.0176,21.4028],[106.0246,21.3929],[106.0293,21.3941],[106.0275,21.3994],[106.0344,21.4102],[106.0254,21.4313],[106.0473,21.4446],[106.052,21.4624],[106.0437,21.4638],[106.0407,21.4727],[106.0479,21.4817],[106.0378,21.4902],[106.0455,21.5086],[106.0409,21.5163],[106.0439,21.5208],[106.0307,21.5306],[106.0287,21.5453],[106.021,21.5518],[106.0076,21.5585],[105.9985,21.555],[105.9883,21.5627],[105.9716,21.5618],[105.9702,21.5679],[105.9607,21.5721],[105.9534,21.5639],[105.94,21.5677],[105.9335,21.5864],[105.918,21.591],[105.9119,21.5863],[105.9152,21.5685],[105.9073,21.5632],[105.9104,21.5398],[105.9056,21.5323],[105.9159,21.5168],[105.9076,21.5187],[105.9064,21.5124],[105.8997,21.5122],[105.8851,21.493],[105.8919,21.4759],[105.8902,21.4612],[105.9073,21.4556],[105.9147,21.419],[105.9175,21.414],[105.9301,21.4114],[105.9349,21.4011],[105.945,21.4],[105.9534,21.4068],[105.955,21.4009],[105.9589,21.4022],[105.9544,21.4132],[105.9576,21.4322],[105.9633,21.4369],[105.9792,21.4136],[105.9909,21.4129],[105.9956,21.4048],[106.0069,21.406]]]}},{"type":"Feature","properties":{"gid":"VNM.56.6_1","provZh":"太原省","name2":"Phú Lương","type2":"Huyện","engtype2":"District"},"geometry":{"type":"Polygon","coordinates":[[[105.7594,21.6241],[105.7729,21.6324],[105.7663,21.6353],[105.7784,21.6455],[105.7747,21.6579],[105.786,21.6676],[105.7919,21.6661],[105.7939,21.6853],[105.7864,21.695],[105.7981,21.7049],[105.8145,21.7098],[105.8231,21.7233],[105.8173,21.7334],[105.8089,21.7345],[105.8059,21.7458],[105.7912,21.7523],[105.802,21.7652],[105.7899,21.7737],[105.7991,21.8051],[105.7864,21.8045],[105.7594,21.8188],[105.7605,21.844],[105.7689,21.8565],[105.7729,21.8756],[105.7703,21.8853],[105.7813,21.8891],[105.7728,21.8962],[105.7704,21.9107],[105.7575,21.9157],[105.7419,21.9039],[105.73,21.9057],[105.727,21.9013],[105.7147,21.9051],[105.7103,21.8959],[105.7013,21.8919],[105.7026,21.8823],[105.687,21.872],[105.672,21.8712],[105.6725,21.8642],[105.6641,21.8648],[105.6619,21.857],[105.6568,21.8567],[105.6559,21.841],[105.6624,21.838],[105.6632,21.8323],[105.6771,21.8305],[105.6843,21.8209],[105.6717,21.7978],[105.6624,21.7979],[105.6571,21.8064],[105.6466,21.8088],[105.6364,21.802],[105.6287,21.7923],[105.6262,21.777],[105.6317,21.761],[105.6424,21.7524],[105.6441,21.7333],[105.6399,21.7205],[105.6713,21.7119],[105.6777,21.7033],[105.676,21.6913],[105.6856,21.6798],[105.7086,21.6733],[105.7182,21.6645],[105.7279,21.6668],[105.7311,21.6536],[105.7416,21.6467],[105.7458,21.6332],[105.7552,21.6317],[105.7594,21.6241]]]}},{"type":"Feature","properties":{"gid":"VNM.56.7_1","provZh":"太原省","name2":"Sông Công","type2":"Thành phố","engtype2":"City"},"geometry":{"type":"Polygon","coordinates":[[[105.8223,21.4583],[105.83,21.4455],[105.8626,21.4394],[105.8619,21.4497],[105.875,21.4554],[105.8683,21.4748],[105.878,21.4886],[105.8886,21.4942],[105.8997,21.5122],[105.9064,21.5124],[105.9076,21.5187],[105.9159,21.5168],[105.9056,21.5323],[105.9091,21.5393],[105.8961,21.5427],[105.889,21.5382],[105.8911,21.5321],[105.8792,21.5165],[105.8734,21.5241],[105.8688,21.5165],[105.8675,21.5249],[105.846,21.522],[105.8314,21.5328],[105.8234,21.5308],[105.8234,21.5237],[105.8154,21.5186],[105.8121,21.509],[105.8001,21.5233],[105.7758,21.5264],[105.7522,21.5065],[105.7585,21.5013],[105.7578,21.4915],[105.7973,21.4682],[105.7966,21.4551],[105.8017,21.4508],[105.8223,21.4583]]]}},{"type":"Feature","properties":{"gid":"VNM.56.8_1","provZh":"太原省","name2":"Thái Nguyên","type2":"Thành phố","engtype2":"City"},"geometry":{"type":"Polygon","coordinates":[[[105.8853,21.526],[105.8911,21.5321],[105.889,21.5382],[105.8961,21.5427],[105.9104,21.5398],[105.9073,21.5632],[105.9152,21.5685],[105.9119,21.5863],[105.8971,21.5812],[105.8856,21.5973],[105.8802,21.5934],[105.877,21.5979],[105.898,21.603],[105.8972,21.6109],[105.9039,21.6161],[105.9035,21.6244],[105.8889,21.631],[105.8807,21.6286],[105.8577,21.6361],[105.8571,21.6273],[105.8456,21.6223],[105.845,21.6316],[105.8381,21.6296],[105.837,21.6357],[105.8271,21.6376],[105.8171,21.6489],[105.8095,21.6484],[105.7994,21.6628],[105.786,21.6676],[105.7747,21.6579],[105.7784,21.6455],[105.7675,21.6378],[105.7729,21.6324],[105.7635,21.6233],[105.7756,21.6148],[105.7701,21.6098],[105.7758,21.599],[105.7709,21.5899],[105.7285,21.6068],[105.7122,21.6062],[105.7093,21.6009],[105.7159,21.5919],[105.702,21.5773],[105.7117,21.5723],[105.7063,21.5553],[105.7212,21.5431],[105.74,21.5402],[105.7422,21.5487],[105.7503,21.5404],[105.7463,21.5227],[105.7498,21.5169],[105.7437,21.5119],[105.7499,21.5069],[105.7758,21.5264],[105.8001,21.5233],[105.8121,21.509],[105.8154,21.5186],[105.8234,21.5237],[105.8234,21.5308],[105.8314,21.5328],[105.846,21.522],[105.8675,21.5249],[105.8688,21.5165],[105.8734,21.5241],[105.8792,21.5165],[105.8842,21.5193],[105.8853,21.526]]]}},{"type":"Feature","properties":{"gid":"VNM.56.9_1","provZh":"太原省","name2":"Võ Nhai","type2":"Huyện","engtype2":"District"},"geometry":{"type":"Polygon","coordinates":[[[106.1595,21.6263],[106.1739,21.6095],[106.1852,21.6043],[106.1973,21.6189],[106.1947,21.6268],[106.1985,21.6326],[106.191,21.6451],[106.2255,21.679],[106.2244,21.6921],[106.2328,21.6989],[106.2378,21.7191],[106.2351,21.7272],[106.225,21.7331],[106.214,21.7274],[106.1967,21.7354],[106.1944,21.7416],[106.1824,21.7416],[106.1686,21.7498],[106.1684,21.7542],[106.1497,21.761],[106.1371,21.785],[106.1119,21.7816],[106.1064,21.7903],[106.1077,21.8034],[106.095,21.8202],[106.1078,21.832],[106.1067,21.8409],[106.1175,21.8435],[106.1114,21.8504],[106.1115,21.8653],[106.1174,21.8784],[106.1134,21.8907],[106.1295,21.903],[106.1295,21.9237],[106.0942,21.9416],[106.0534,21.9435],[106.0466,21.9604],[106.0299,21.9678],[106.0243,21.9642],[106.0127,21.9378],[105.9952,21.9298],[105.9744,21.9395],[105.9702,21.9349],[105.9709,21.9246],[105.9613,21.9223],[105.9558,21.9092],[105.9273,21.894],[105.9109,21.8957],[105.8816,21.8587],[105.8724,21.8558],[105.8629,21.8606],[105.8618,21.8396],[105.8547,21.8358],[105.8565,21.8187],[105.8486,21.8132],[105.8593,21.7936],[105.8595,21.7816],[105.8881,21.7711],[105.9196,21.7754],[105.9231,21.7505],[105.9135,21.7383],[105.9125,21.7298],[105.8936,21.7277],[105.8958,21.7155],[105.8897,21.7126],[105.8996,21.6913],[105.9334,21.6951],[105.9408,21.7027],[105.9587,21.7088],[105.9811,21.7097],[105.9972,21.6988],[105.9998,21.6793],[106.0259,21.6677],[106.0316,21.6451],[106.0436,21.6425],[106.0519,21.6323],[106.0517,21.6238],[106.0603,21.6176],[106.0742,21.6116],[106.0798,21.6189],[106.0993,21.6252],[106.127,21.6161],[106.1595,21.6263]]]}},{"type":"Feature","properties":{"gid":"VNM.57.2_1","provZh":"清化省","name2":"Bá Thước","type2":"Huyện","engtype2":"District"},"geometry":{"type":"Polygon","coordinates":[[[105.4094,20.3163],[105.4053,20.3198],[105.4167,20.3366],[105.4272,20.3425],[105.4289,20.3499],[105.4097,20.3735],[105.386,20.3785],[105.3573,20.3918],[105.3456,20.3907],[105.3028,20.4212],[105.2968,20.4163],[105.2767,20.4314],[105.2618,20.4318],[105.2584,20.4342],[105.2672,20.455],[105.2625,20.4561],[105.2622,20.4654],[105.241,20.4757],[105.2446,20.4881],[105.2306,20.4973],[105.2312,20.5032],[105.2013,20.5184],[105.1906,20.517],[105.1841,20.5214],[105.1702,20.5151],[105.162,20.5234],[105.1617,20.5351],[105.1531,20.5431],[105.1413,20.5439],[105.1303,20.5567],[105.1115,20.5637],[105.1059,20.5734],[105.0936,20.5669],[105.0915,20.5614],[105.1036,20.5487],[105.1055,20.5385],[105.0676,20.5025],[105.0977,20.4703],[105.1291,20.4189],[105.1653,20.4031],[105.1733,20.3837],[105.1627,20.3744],[105.1644,20.3639],[105.1898,20.3492],[105.183,20.3432],[105.1836,20.3375],[105.1662,20.3309],[105.1422,20.3317],[105.1253,20.3437],[105.1257,20.3254],[105.1158,20.3217],[105.0992,20.3046],[105.0854,20.2995],[105.0885,20.2828],[105.0834,20.2719],[105.0882,20.2658],[105.0876,20.2534],[105.1073,20.243],[105.1108,20.2291],[105.1196,20.228],[105.1238,20.2413],[105.1349,20.2254],[105.1572,20.2142],[105.1621,20.239],[105.1778,20.2477],[105.1921,20.2407],[105.2097,20.2113],[105.2167,20.2174],[105.2448,20.2049],[105.2492,20.2173],[105.2828,20.1857],[105.3042,20.1965],[105.3038,20.1895],[105.3208,20.1896],[105.3202,20.201],[105.3382,20.2267],[105.3144,20.2549],[105.3192,20.265],[105.3291,20.2607],[105.3304,20.2645],[105.344,20.2654],[105.3352,20.2878],[105.3372,20.3011],[105.3479,20.3039],[105.356,20.2916],[105.3681,20.2854],[105.376,20.2726],[105.3907,20.2619],[105.4071,20.2763],[105.3976,20.299],[105.4173,20.302],[105.4094,20.3163]]]}},{"type":"Feature","properties":{"gid":"VNM.57.1_1","provZh":"清化省","name2":"Bỉm Sơn","type2":"Thị xã","engtype2":"Town"},"geometry":{"type":"Polygon","coordinates":[[[105.9226,20.0582],[105.9186,20.0668],[105.927,20.0685],[105.9279,20.0756],[105.9233,20.0793],[105.9301,20.0906],[105.9209,20.1038],[105.9075,20.1068],[105.8917,20.1196],[105.8708,20.1238],[105.8607,20.1329],[105.8489,20.1219],[105.8511,20.1027],[105.8354,20.1074],[105.8351,20.0716],[105.8452,20.058],[105.8679,20.0524],[105.8695,20.0573],[105.8835,20.0517],[105.9101,20.0509],[105.9136,20.0441],[105.9226,20.0582]]]}},{"type":"Feature","properties":{"gid":"VNM.57.3_1","provZh":"清化省","name2":"Cẩm Thủy","type2":"Huyện","engtype2":"District"},"geometry":{"type":"Polygon","coordinates":[[[105.5712,20.1037],[105.595,20.1243],[105.6017,20.1387],[105.5986,20.1506],[105.5838,20.1666],[105.578,20.1807],[105.581,20.1913],[105.5723,20.2034],[105.5601,20.2079],[105.5558,20.2221],[105.5134,20.2279],[105.5167,20.2558],[105.495,20.2696],[105.4939,20.2764],[105.4829,20.2751],[105.4632,20.3012],[105.4167,20.3366],[105.4052,20.3177],[105.4119,20.314],[105.4173,20.302],[105.3976,20.299],[105.4071,20.2763],[105.3951,20.2632],[105.3795,20.2693],[105.3479,20.3039],[105.3372,20.3011],[105.3352,20.2878],[105.344,20.2654],[105.3304,20.2645],[105.3291,20.2607],[105.3192,20.265],[105.3144,20.2549],[105.3382,20.2267],[105.3202,20.201],[105.3208,20.1896],[105.3332,20.1821],[105.3501,20.1858],[105.364,20.1711],[105.3787,20.1758],[105.4323,20.1482],[105.4359,20.1382],[105.4576,20.1322],[105.4779,20.1092],[105.4866,20.1074],[105.4949,20.0827],[105.5064,20.0803],[105.5291,20.0853],[105.5392,20.0825],[105.5443,20.0738],[105.5673,20.0725],[105.5537,20.0926],[105.5603,20.1019],[105.5712,20.1037]]]}},{"type":"Feature","properties":{"gid":"VNM.57.4_1","provZh":"清化省","name2":"Đông Sơn","type2":"Huyện","engtype2":"District"},"geometry":{"type":"Polygon","coordinates":[[[105.7524,19.7743],[105.7411,19.7764],[105.7338,19.7844],[105.7359,19.8001],[105.7296,19.8074],[105.7339,19.8181],[105.7416,19.8182],[105.7263,19.8274],[105.7243,19.8486],[105.6991,19.8618],[105.6881,19.8579],[105.6901,19.8487],[105.6849,19.8386],[105.6703,19.842],[105.6687,19.8475],[105.6506,19.8492],[105.6524,19.8395],[105.6474,19.8276],[105.662,19.8194],[105.6632,19.8163],[105.6579,19.8162],[105.6658,19.8022],[105.6611,19.7951],[105.6678,19.7953],[105.6744,19.7879],[105.6923,19.7905],[105.6954,19.7816],[105.7108,19.7722],[105.7029,19.7667],[105.6989,19.7514],[105.6898,19.7445],[105.6981,19.7309],[105.7043,19.7272],[105.7132,19.7311],[105.7118,19.7343],[105.7364,19.7373],[105.7388,19.7453],[105.7472,19.7514],[105.7513,19.7493],[105.7524,19.7743]]]}},{"type":"Feature","properties":{"gid":"VNM.57.6_1","provZh":"清化省","name2":"Hà Trung","type2":"Huyện","engtype2":"District"},"geometry":{"type":"MultiPolygon","coordinates":[[[[105.9156,19.9677],[105.924,19.9712],[105.9196,19.9723],[105.9192,19.979],[105.9244,19.9863],[105.9198,19.9923],[105.922,19.9971],[105.9168,19.9958],[105.9119,20.0051],[105.9173,20.0163],[105.9104,20.0271],[105.912,20.0497],[105.8452,20.058],[105.8351,20.0716],[105.8354,20.1074],[105.8511,20.1027],[105.8489,20.1219],[105.8607,20.1329],[105.8158,20.1558],[105.8121,20.1504],[105.7942,20.1468],[105.7901,20.1155],[105.7799,20.1113],[105.7803,20.0978],[105.7713,20.0866],[105.7755,20.0752],[105.7616,20.0794],[105.7504,20.0636],[105.7655,20.0522],[105.761,20.0476],[105.7652,20.0369],[105.7594,20.0321],[105.7645,20.0219],[105.763,20.0132],[105.7428,20.0006],[105.7492,19.9964],[105.7498,19.9869],[105.7606,19.9813],[105.7646,19.9711],[105.759,19.9638],[105.7605,19.9576],[105.774,19.9611],[105.7897,19.954],[105.8121,19.9582],[105.8127,19.9661],[105.8305,19.9705],[105.8419,19.9789],[105.864,19.9781],[105.866,19.9868],[105.8827,19.9775],[105.8888,19.9824],[105.8906,19.975],[105.899,19.9813],[105.9033,19.977],[105.8973,19.9704],[105.9039,19.9693],[105.9067,19.9615],[105.9156,19.9677]]],[[[105.9718,20.066],[105.9597,20.0665],[105.9301,20.0906],[105.9233,20.0793],[105.9279,20.0756],[105.927,20.0685],[105.9186,20.0668],[105.9226,20.0582],[105.9178,20.0461],[105.9257,20.0424],[105.9351,20.0459],[105.9458,20.04],[105.9627,20.0467],[105.9718,20.066]]]]}},{"type":"Feature","properties":{"gid":"VNM.57.5_1","provZh":"清化省","name2":"Hậu Lộc","type2":"Huyện","engtype2":"District"},"geometry":{"type":"Polygon","coordinates":[[[105.9019,19.8879],[105.9118,19.8874],[105.9151,19.8803],[105.9298,19.8886],[105.95,19.8889],[105.9531,19.9192],[105.9677,19.9347],[106.0039,19.9501],[106.0032,19.9677],[105.996,19.9708],[105.9813,19.9614],[105.9672,19.963],[105.9598,19.9511],[105.9445,19.9513],[105.9414,19.9403],[105.9301,19.9455],[105.9289,19.9517],[105.9385,19.9619],[105.9289,19.9643],[105.9262,19.9707],[105.9067,19.9615],[105.9039,19.9693],[105.8973,19.9704],[105.9033,19.977],[105.899,19.9813],[105.8906,19.975],[105.8888,19.9824],[105.8827,19.9775],[105.866,19.9868],[105.864,19.9781],[105.8419,19.9789],[105.8305,19.9705],[105.8127,19.9661],[105.8121,19.9582],[105.7818,19.9544],[105.7704,19.9615],[105.7859,19.9418],[105.7845,19.9338],[105.7887,19.9285],[105.8268,19.9293],[105.8345,19.9234],[105.8465,19.9275],[105.8454,19.9153],[105.8536,19.9136],[105.8571,19.9076],[105.8541,19.8996],[105.8441,19.8935],[105.8377,19.8936],[105.8325,19.9003],[105.8311,19.8922],[105.8387,19.8845],[105.8507,19.8876],[105.8491,19.8812],[105.8533,19.8807],[105.8537,19.8851],[105.8591,19.8834],[105.8738,19.8985],[105.8879,19.8931],[105.8929,19.8814],[105.8989,19.8813],[105.9019,19.8879]]]}},{"type":"Feature","properties":{"gid":"VNM.57.7_1","provZh":"清化省","name2":"Hoằng Hóa","type2":"Huyện","engtype2":"District"},"geometry":{"type":"Polygon","coordinates":[[[105.8665,19.7704],[105.9331,19.7857],[105.9316,19.7903],[105.9388,19.7956],[105.9325,19.8022],[105.9309,19.8139],[105.9356,19.8394],[105.9461,19.8654],[105.9654,19.8907],[105.9298,19.8886],[105.9151,19.8803],[105.9118,19.8874],[105.9033,19.8894],[105.8971,19.8805],[105.8916,19.8825],[105.8837,19.8969],[105.8738,19.8985],[105.8591,19.8834],[105.8537,19.8851],[105.8533,19.8807],[105.8491,19.8812],[105.8507,19.8876],[105.8387,19.8845],[105.8311,19.8922],[105.8325,19.9003],[105.8377,19.8936],[105.8441,19.8935],[105.8541,19.8996],[105.8571,19.9076],[105.8536,19.9136],[105.8454,19.9153],[105.8465,19.9275],[105.8345,19.9234],[105.8268,19.9293],[105.7887,19.9285],[105.7845,19.9338],[105.7859,19.9418],[105.7689,19.9613],[105.7621,19.9568],[105.7673,19.938],[105.7588,19.9231],[105.7654,19.8963],[105.7592,19.8811],[105.78,19.8744],[105.7882,19.8617],[105.8033,19.8657],[105.8201,19.8587],[105.8245,19.8502],[105.8218,19.8408],[105.8289,19.8337],[105.8294,19.8166],[105.8422,19.8092],[105.8448,19.8024],[105.843,19.7819],[105.8503,19.7745],[105.8665,19.7704]]]}},{"type":"Feature","properties":{"gid":"VNM.57.8_1","provZh":"清化省","name2":"Lang Chánh","type2":"Huyện","engtype2":"District"},"geometry":{"type":"Polygon","coordinates":[[[105.2759,20.0558],[105.2851,20.0959],[105.272,20.1168],[105.2817,20.1372],[105.2769,20.1455],[105.2846,20.1512],[105.2846,20.1672],[105.2544,20.2044],[105.2399,20.2057],[105.2329,20.2132],[105.2167,20.2174],[105.2097,20.2113],[105.1921,20.2407],[105.1778,20.2477],[105.1621,20.239],[105.1572,20.2142],[105.1349,20.2254],[105.1238,20.2413],[105.1196,20.228],[105.1108,20.2291],[105.1073,20.243],[105.0876,20.2534],[105.0882,20.2658],[105.0834,20.2719],[105.0581,20.271],[105.0485,20.2838],[105.0296,20.2956],[105.0227,20.2872],[105.0204,20.2711],[105.0421,20.2541],[105.0426,20.2472],[105.0079,20.2426],[105.0089,20.2113],[105.0154,20.1849],[105.011,20.1679],[104.9822,20.1266],[104.9735,20.0986],[104.993,20.0949],[104.9891,20.094],[104.9977,20.0963],[105.0133,20.0848],[105.0534,20.0723],[105.091,20.0854],[105.0846,20.1033],[105.1126,20.1051],[105.1294,20.12],[105.1361,20.1082],[105.1336,20.1011],[105.1388,20.1],[105.1383,20.0929],[105.1469,20.0864],[105.1478,20.0772],[105.1555,20.0779],[105.1516,20.0671],[105.165,20.06],[105.1656,20.044],[105.1606,20.0379],[105.169,20.0225],[105.1646,20.0146],[105.1862,20.0083],[105.212,20.0123],[105.2251,20.0193],[105.2525,20.0037],[105.2698,20.0047],[105.2861,20.0267],[105.2759,20.0558]]]}},{"type":"Feature","properties":{"gid":"VNM.57.9_1","provZh":"清化省","name2":"Mường Lát","type2":"Huyện","engtype2":"District"},"geometry":{"type":"Polygon","coordinates":[[[104.5265,20.41],[104.5338,20.4151],[104.5462,20.409],[104.5651,20.417],[104.5974,20.417],[104.6085,20.4223],[104.6179,20.4376],[104.6121,20.4468],[104.6209,20.4518],[104.6254,20.4616],[104.6588,20.4753],[104.659,20.4702],[104.6724,20.4667],[104.6643,20.4607],[104.6653,20.4536],[104.686,20.4435],[104.7027,20.4211],[104.7184,20.4341],[104.7434,20.4328],[104.7462,20.438],[104.7652,20.4436],[104.773,20.457],[104.7879,20.466],[104.8445,20.4808],[104.8694,20.4984],[104.8659,20.5084],[104.8749,20.5124],[104.8623,20.5337],[104.874,20.5395],[104.8697,20.5572],[104.8749,20.5617],[104.8309,20.5804],[104.805,20.576],[104.8007,20.5849],[104.7809,20.5837],[104.7801,20.5763],[104.772,20.5752],[104.7609,20.585],[104.7415,20.5748],[104.7276,20.589],[104.7231,20.604],[104.7154,20.6063],[104.6961,20.6051],[104.6935,20.5981],[104.6841,20.597],[104.6851,20.6115],[104.6714,20.6234],[104.6624,20.6246],[104.6386,20.6549],[104.6273,20.6263],[104.6142,20.6214],[104.6037,20.6066],[104.5857,20.6104],[104.5624,20.6077],[104.542,20.5981],[104.5342,20.5757],[104.5261,20.5694],[104.5239,20.5617],[104.5278,20.5556],[104.5238,20.5479],[104.4965,20.5437],[104.4756,20.517],[104.4442,20.5067],[104.4376,20.5088],[104.4154,20.4894],[104.3872,20.488],[104.3905,20.4774],[104.3752,20.4671],[104.3801,20.4561],[104.3771,20.442],[104.3854,20.4431],[104.415,20.4265],[104.4045,20.4035],[104.4101,20.3842],[104.4206,20.3766],[104.4384,20.3756],[104.4466,20.38],[104.4573,20.3721],[104.4741,20.369],[104.4957,20.3835],[104.5125,20.3859],[104.5232,20.3929],[104.5265,20.41]]]}},{"type":"Feature","properties":{"gid":"VNM.57.11_1","provZh":"清化省","name2":"Nga Sơn","type2":"Huyện","engtype2":"District"},"geometry":{"type":"Polygon","coordinates":[[[105.9485,19.9525],[105.9598,19.9511],[105.9672,19.963],[105.9813,19.9614],[105.996,19.9708],[106.0046,19.9651],[106.0039,19.9501],[106.0258,19.9599],[106.0255,19.9894],[106.0342,20.0001],[106.053,20.0049],[106.0759,20.0628],[106.0718,20.0667],[106.0233,20.059],[106.0107,20.0656],[105.9827,20.0683],[105.9718,20.066],[105.9627,20.0467],[105.9458,20.04],[105.9351,20.0459],[105.9257,20.0424],[105.9154,20.0458],[105.91,20.0313],[105.9173,20.0163],[105.9119,20.0051],[105.9168,19.9958],[105.922,19.9971],[105.9198,19.9923],[105.924,19.989],[105.9196,19.9723],[105.9262,19.9707],[105.9289,19.9643],[105.9382,19.963],[105.9289,19.9517],[105.9329,19.9414],[105.9439,19.941],[105.9429,19.9487],[105.9485,19.9525]]]}},{"type":"Feature","properties":{"gid":"VNM.57.10_1","provZh":"清化省","name2":"Ngọc Lặc","type2":"Huyện","engtype2":"District"},"geometry":{"type":"Polygon","coordinates":[[[105.3733,19.9239],[105.379,19.9283],[105.3994,19.9278],[105.4062,19.9336],[105.405,19.9378],[105.4134,19.9364],[105.4415,19.9601],[105.4361,19.962],[105.4304,19.979],[105.4111,19.9927],[105.4226,20.0066],[105.4257,19.999],[105.4288,20.0017],[105.4431,19.9927],[105.4478,19.9972],[105.4615,19.9876],[105.4806,19.9905],[105.4765,19.9959],[105.4697,19.9923],[105.4607,19.9955],[105.4611,20.0031],[105.4491,20.0113],[105.452,20.013],[105.4479,20.0194],[105.4547,20.0239],[105.4635,20.0224],[105.4619,20.0294],[105.456,20.0308],[105.4596,20.0367],[105.4712,20.0348],[105.4757,20.0393],[105.496,20.0403],[105.4969,20.0538],[105.4974,20.0472],[105.5017,20.0501],[105.5117,20.0396],[105.5056,20.0526],[105.5091,20.0595],[105.4983,20.0712],[105.4985,20.0821],[105.4932,20.0843],[105.4866,20.1074],[105.4779,20.1092],[105.4576,20.1322],[105.4359,20.1382],[105.4323,20.1482],[105.3787,20.1758],[105.3599,20.1729],[105.3501,20.1858],[105.3332,20.1821],[105.3208,20.1896],[105.3038,20.1895],[105.3042,20.1965],[105.2828,20.1857],[105.2492,20.2173],[105.2481,20.208],[105.2846,20.1672],[105.2846,20.1512],[105.2769,20.1455],[105.2817,20.1372],[105.272,20.1168],[105.2851,20.0959],[105.275,20.0527],[105.2861,20.0267],[105.272,20.0065],[105.2802,20.0026],[105.2777,19.9948],[105.2819,19.9822],[105.3064,19.9571],[105.3085,19.9482],[105.3402,19.9403],[105.3484,19.923],[105.3533,19.9299],[105.3689,19.9201],[105.3733,19.9239]]]}},{"type":"Feature","properties":{"gid":"VNM.57.12_1","provZh":"清化省","name2":"Như Thanh","type2":"Huyện","engtype2":"District"},"geometry":{"type":"Polygon","coordinates":[[[105.6203,19.3825],[105.6278,19.3809],[105.6296,19.3747],[105.6372,19.3766],[105.6615,19.3978],[105.6444,19.4186],[105.6444,19.4234],[105.6568,19.4271],[105.6537,19.4448],[105.658,19.4558],[105.6444,19.4644],[105.6666,19.4924],[105.6316,19.4852],[105.627,19.4795],[105.6135,19.4765],[105.6035,19.4848],[105.6074,19.4912],[105.6026,19.4929],[105.6097,19.5],[105.6034,19.5006],[105.6043,19.5052],[105.6243,19.5092],[105.6264,19.514],[105.6548,19.5116],[105.6474,19.5251],[105.6425,19.5255],[105.6494,19.5435],[105.654,19.5454],[105.6515,19.549],[105.6367,19.5462],[105.6246,19.5624],[105.618,19.5749],[105.6235,19.5798],[105.6228,19.5857],[105.6287,19.5882],[105.6194,19.5935],[105.6163,19.6024],[105.6199,19.6097],[105.6013,19.6064],[105.6075,19.6267],[105.5955,19.6293],[105.5994,19.6356],[105.608,19.632],[105.6061,19.6394],[105.6428,19.6515],[105.6387,19.6652],[105.6433,19.674],[105.6413,19.6914],[105.621,19.7123],[105.5959,19.7195],[105.5893,19.7314],[105.5709,19.7372],[105.5642,19.7463],[105.5657,19.7579],[105.5829,19.7654],[105.5782,19.7722],[105.5835,19.7832],[105.5811,19.7896],[105.5574,19.7939],[105.5518,19.779],[105.5415,19.7735],[105.5397,19.7599],[105.519,19.753],[105.5262,19.7728],[105.5113,19.7768],[105.5083,19.7833],[105.5216,19.7876],[105.5242,19.8055],[105.5048,19.7942],[105.4746,19.7993],[105.46,19.7941],[105.4575,19.786],[105.4483,19.7911],[105.4495,19.7617],[105.4594,19.7472],[105.4714,19.7375],[105.4944,19.7319],[105.4948,19.7123],[105.4813,19.7013],[105.4783,19.6837],[105.5112,19.6611],[105.5262,19.6404],[105.5208,19.6188],[105.4655,19.5734],[105.4654,19.5439],[105.4503,19.5402],[105.4558,19.5334],[105.4486,19.5164],[105.46,19.5038],[105.476,19.508],[105.5023,19.4923],[105.5134,19.4637],[105.5246,19.4643],[105.5391,19.455],[105.5442,19.4335],[105.5666,19.4032],[105.5822,19.3911],[105.5816,19.382],[105.5902,19.3708],[105.6094,19.3685],[105.6203,19.3825]]]}},{"type":"Feature","properties":{"gid":"VNM.57.13_1","provZh":"清化省","name2":"Như Xuân","type2":"Huyện","engtype2":"District"},"geometry":{"type":"Polygon","coordinates":[[[105.3686,19.4982],[105.39,19.4693],[105.3899,19.4553],[105.4033,19.4489],[105.4152,19.4597],[105.418,19.4558],[105.4354,19.4541],[105.4464,19.4409],[105.4627,19.4538],[105.4693,19.4557],[105.4851,19.4496],[105.4918,19.4512],[105.497,19.4604],[105.5134,19.4637],[105.5023,19.4923],[105.476,19.508],[105.46,19.5038],[105.4486,19.5164],[105.4558,19.5334],[105.4503,19.5402],[105.4654,19.5439],[105.4655,19.5734],[105.4718,19.5749],[105.4767,19.5852],[105.4889,19.5899],[105.523,19.6226],[105.5262,19.6404],[105.5186,19.654],[105.4975,19.6669],[105.4949,19.6758],[105.4783,19.6837],[105.4813,19.7013],[105.4948,19.7123],[105.4944,19.7319],[105.4714,19.7375],[105.4551,19.7544],[105.4471,19.7485],[105.4384,19.755],[105.417,19.7487],[105.3924,19.7245],[105.3737,19.7279],[105.3735,19.7164],[105.3566,19.7102],[105.3033,19.721],[105.2969,19.7331],[105.2526,19.7469],[105.2521,19.7412],[105.2403,19.7337],[105.2448,19.7225],[105.2223,19.7204],[105.2143,19.7125],[105.1626,19.7225],[105.1534,19.7075],[105.1651,19.6989],[105.1635,19.6855],[105.1694,19.68],[105.1818,19.6805],[105.2096,19.6631],[105.2238,19.6483],[105.2352,19.6447],[105.2381,19.6539],[105.2461,19.6566],[105.2611,19.6384],[105.2663,19.6166],[105.2723,19.6109],[105.2693,19.6072],[105.2821,19.6034],[105.2818,19.5947],[105.2729,19.5885],[105.2793,19.5823],[105.2812,19.5635],[105.2712,19.5555],[105.2738,19.5469],[105.2675,19.5296],[105.275,19.517],[105.2716,19.5078],[105.2804,19.5039],[105.2774,19.4926],[105.2898,19.4913],[105.2955,19.4757],[105.2974,19.4857],[105.3086,19.4893],[105.3087,19.4986],[105.3248,19.5096],[105.3347,19.534],[105.3395,19.531],[105.3427,19.5401],[105.3489,19.5434],[105.3566,19.5416],[105.3561,19.5322],[105.3645,19.5166],[105.3594,19.5064],[105.3686,19.4982]]]}},{"type":"Feature","properties":{"gid":"VNM.57.14_1","provZh":"清化省","name2":"Nông Cống","type2":"Huyện","engtype2":"District"},"geometry":{"type":"Polygon","coordinates":[[[105.6285,19.4826],[105.6746,19.496],[105.6789,19.5032],[105.6874,19.5023],[105.6842,19.5078],[105.6898,19.5075],[105.69,19.5167],[105.6846,19.5258],[105.6924,19.5231],[105.7032,19.5321],[105.7086,19.5275],[105.7128,19.5348],[105.713,19.5305],[105.7247,19.5372],[105.7219,19.5461],[105.7269,19.5464],[105.7181,19.553],[105.7195,19.5593],[105.7275,19.5565],[105.7229,19.5692],[105.7401,19.572],[105.7395,19.5767],[105.7463,19.5809],[105.7417,19.5848],[105.7496,19.5965],[105.7553,19.596],[105.7663,19.6156],[105.7598,19.624],[105.763,19.6262],[105.7677,19.6208],[105.7728,19.625],[105.7678,19.6364],[105.7491,19.631],[105.7431,19.6335],[105.741,19.6421],[105.7363,19.6363],[105.7379,19.6298],[105.7295,19.6293],[105.7248,19.6363],[105.7201,19.6358],[105.7231,19.6437],[105.718,19.6452],[105.7246,19.6513],[105.719,19.6534],[105.7147,19.6491],[105.716,19.6581],[105.7197,19.6625],[105.7273,19.6572],[105.7364,19.6614],[105.7315,19.6691],[105.7194,19.6706],[105.7233,19.6757],[105.713,19.685],[105.7177,19.695],[105.7139,19.6963],[105.7228,19.7045],[105.7229,19.7124],[105.7136,19.7193],[105.7132,19.7311],[105.7043,19.7272],[105.6981,19.7309],[105.6896,19.7406],[105.6898,19.747],[105.6836,19.7453],[105.6737,19.7551],[105.6584,19.7539],[105.6234,19.7204],[105.621,19.7123],[105.6413,19.6914],[105.6433,19.674],[105.6387,19.6652],[105.6428,19.6515],[105.6061,19.6394],[105.608,19.632],[105.5994,19.6356],[105.5955,19.6293],[105.6075,19.6267],[105.6013,19.6064],[105.6199,19.6097],[105.6163,19.6024],[105.6194,19.5935],[105.6287,19.5882],[105.6228,19.5857],[105.6235,19.5798],[105.618,19.5749],[105.6246,19.5624],[105.6367,19.5462],[105.6515,19.549],[105.654,19.5454],[105.6494,19.5435],[105.6425,19.5255],[105.6474,19.5251],[105.6548,19.5116],[105.6264,19.514],[105.6243,19.5092],[105.6021,19.5037],[105.6097,19.5],[105.6026,19.4929],[105.6074,19.4912],[105.6035,19.4848],[105.6135,19.4765],[105.6285,19.4826]]]}},{"type":"Feature","properties":{"gid":"VNM.57.16_1","provZh":"清化省","name2":"Quan Hóa","type2":"Huyện","engtype2":"District"},"geometry":{"type":"Polygon","coordinates":[[[105.1877,20.3511],[105.1644,20.3639],[105.1627,20.3744],[105.1733,20.3837],[105.1653,20.4031],[105.1291,20.4189],[105.0977,20.4703],[105.0676,20.5025],[105.1055,20.5385],[105.1036,20.5487],[105.0915,20.5614],[105.0916,20.5712],[105.0786,20.5782],[105.0634,20.5743],[105.0544,20.5704],[105.053,20.5611],[105.0459,20.5566],[105.0413,20.5602],[105.0239,20.559],[104.9966,20.5779],[104.9817,20.5737],[104.984,20.5921],[104.9633,20.6082],[104.9629,20.6219],[104.9505,20.6418],[104.8998,20.6702],[104.8665,20.6618],[104.853,20.6636],[104.8466,20.6521],[104.8201,20.6394],[104.8127,20.6299],[104.8096,20.6334],[104.8039,20.6211],[104.7962,20.6175],[104.805,20.576],[104.8309,20.5804],[104.8749,20.5617],[104.8697,20.5572],[104.874,20.5395],[104.8623,20.5337],[104.8749,20.5124],[104.8659,20.5084],[104.8694,20.4984],[104.8445,20.4808],[104.7879,20.466],[104.773,20.457],[104.7652,20.4436],[104.7462,20.438],[104.7434,20.4328],[104.7184,20.4341],[104.7027,20.4211],[104.7104,20.4114],[104.7196,20.4082],[104.7148,20.3986],[104.7504,20.3901],[104.7649,20.3928],[104.7712,20.3895],[104.7879,20.4095],[104.803,20.4095],[104.8031,20.3976],[104.8084,20.3902],[104.8063,20.3809],[104.8173,20.3538],[104.8115,20.349],[104.816,20.3402],[104.8287,20.3395],[104.8503,20.3172],[104.8726,20.314],[104.8913,20.3021],[104.9224,20.3125],[104.9259,20.3239],[104.9351,20.3268],[104.9553,20.3308],[104.9684,20.3263],[104.9791,20.348],[105.0014,20.3338],[105.0004,20.3423],[105.0134,20.3504],[105.0413,20.3443],[105.0569,20.3484],[105.0639,20.3512],[105.0766,20.3782],[105.098,20.3732],[105.0986,20.366],[105.1058,20.3679],[105.1253,20.3437],[105.1422,20.3317],[105.1662,20.3309],[105.1836,20.3375],[105.1877,20.3511]]]}},{"type":"Feature","properties":{"gid":"VNM.57.17_1","provZh":"清化省","name2":"Quan Sơn","type2":"Huyện","engtype2":"District"},"geometry":{"type":"Polygon","coordinates":[[[104.9698,20.099],[104.9735,20.0986],[104.9822,20.1266],[104.9949,20.141],[104.9982,20.1538],[105.011,20.1679],[105.0159,20.1913],[105.0089,20.2113],[105.0079,20.2426],[105.0426,20.2472],[105.0421,20.2541],[105.0204,20.2711],[105.0227,20.2872],[105.0296,20.2956],[105.0485,20.2838],[105.0581,20.271],[105.0834,20.2719],[105.0885,20.2828],[105.0854,20.2995],[105.0992,20.3046],[105.1279,20.3279],[105.124,20.3337],[105.1256,20.3477],[105.1058,20.3679],[105.0986,20.366],[105.098,20.3732],[105.075,20.3778],[105.0639,20.3512],[105.0569,20.3484],[105.0413,20.3443],[105.0134,20.3504],[105.0004,20.3423],[105.0014,20.3338],[104.9791,20.348],[104.9684,20.3263],[104.9553,20.3308],[104.9351,20.3268],[104.9259,20.3239],[104.9224,20.3125],[104.8913,20.3021],[104.8726,20.314],[104.8503,20.3172],[104.8287,20.3395],[104.816,20.3402],[104.8115,20.349],[104.8173,20.3538],[104.8063,20.3809],[104.8084,20.3902],[104.801,20.4102],[104.7869,20.4088],[104.7712,20.3895],[104.6844,20.4031],[104.6831,20.3969],[104.6691,20.3876],[104.6184,20.3631],[104.615,20.3512],[104.6212,20.3434],[104.6209,20.3207],[104.6155,20.3078],[104.6224,20.2953],[104.6175,20.2929],[104.6147,20.2759],[104.6106,20.2749],[104.6096,20.256],[104.6144,20.2426],[104.6299,20.2299],[104.6438,20.2349],[104.6594,20.2336],[104.667,20.2279],[104.6689,20.2181],[104.6864,20.218],[104.7216,20.2009],[104.7745,20.1984],[104.8195,20.1709],[104.8228,20.1608],[104.8296,20.1562],[104.8598,20.1429],[104.8822,20.1437],[104.9274,20.1582],[104.9293,20.1481],[104.9221,20.1441],[104.9264,20.135],[104.9605,20.1122],[104.9605,20.1047],[104.9698,20.099]]]}},{"type":"Feature","properties":{"gid":"VNM.57.15_1","provZh":"清化省","name2":"Quảng Xương","type2":"Huyện","engtype2":"District"},"geometry":{"type":"Polygon","coordinates":[[[105.8134,19.5719],[105.819,19.5805],[105.8373,19.6628],[105.8523,19.6987],[105.8338,19.7083],[105.8437,19.7181],[105.8209,19.7264],[105.8224,19.7473],[105.796,19.7514],[105.7841,19.7578],[105.7736,19.7463],[105.7555,19.7502],[105.7412,19.7348],[105.7305,19.7393],[105.7118,19.7343],[105.712,19.7224],[105.7229,19.7124],[105.7228,19.7045],[105.7139,19.6963],[105.7177,19.695],[105.713,19.685],[105.7233,19.6757],[105.7194,19.6706],[105.7315,19.6691],[105.7364,19.6614],[105.7273,19.6572],[105.7197,19.6625],[105.716,19.6581],[105.7147,19.6491],[105.719,19.6534],[105.7246,19.6513],[105.718,19.6452],[105.7231,19.6437],[105.7201,19.6358],[105.7248,19.6363],[105.7295,19.6293],[105.7379,19.6298],[105.7363,19.6363],[105.741,19.6421],[105.7431,19.6335],[105.7491,19.631],[105.7699,19.6351],[105.7706,19.6221],[105.7654,19.6213],[105.763,19.6262],[105.7596,19.6229],[105.7666,19.6166],[105.7631,19.6071],[105.7701,19.5978],[105.7781,19.6064],[105.7857,19.5949],[105.7982,19.5982],[105.802,19.6138],[105.8132,19.6161],[105.8174,19.602],[105.8093,19.5906],[105.8071,19.5776],[105.8134,19.5719]]]}},{"type":"Feature","properties":{"gid":"VNM.57.18_1","provZh":"清化省","name2":"Sầm Sơn","type2":"Thành phố","engtype2":"City"},"geometry":{"type":"Polygon","coordinates":[[[105.8353,19.7099],[105.8523,19.6987],[105.873,19.7266],[105.8834,19.7288],[105.8882,19.7225],[105.8983,19.7231],[105.9056,19.7427],[105.9337,19.7798],[105.9331,19.7857],[105.8616,19.7706],[105.8622,19.7636],[105.8567,19.7662],[105.8542,19.7503],[105.8489,19.7449],[105.8549,19.7432],[105.8519,19.7321],[105.8237,19.7385],[105.8236,19.7436],[105.8209,19.7264],[105.8437,19.7181],[105.8353,19.7099]]]}},{"type":"Feature","properties":{"gid":"VNM.57.19_1","provZh":"清化省","name2":"Thạch Thành","type2":"Huyện","engtype2":"District"},"geometry":{"type":"Polygon","coordinates":[[[105.7239,20.0487],[105.7271,20.0531],[105.7371,20.0526],[105.7384,20.0583],[105.759,20.0716],[105.7616,20.0794],[105.7755,20.0752],[105.7713,20.0866],[105.7803,20.0978],[105.7799,20.1113],[105.7901,20.1155],[105.7917,20.1432],[105.7989,20.1496],[105.8121,20.1504],[105.8158,20.1558],[105.7934,20.17],[105.7408,20.1852],[105.7307,20.1994],[105.693,20.2213],[105.6939,20.2309],[105.6829,20.2353],[105.6791,20.2466],[105.6702,20.2483],[105.6703,20.2538],[105.651,20.273],[105.6208,20.2819],[105.6128,20.2891],[105.5999,20.3119],[105.5791,20.3119],[105.5708,20.3184],[105.5647,20.316],[105.565,20.3246],[105.5539,20.3279],[105.5486,20.3348],[105.5499,20.3464],[105.5407,20.368],[105.5298,20.3717],[105.5226,20.3603],[105.5039,20.3604],[105.4766,20.3752],[105.4606,20.3752],[105.4367,20.3844],[105.4097,20.3735],[105.4289,20.3499],[105.4272,20.3425],[105.4167,20.3366],[105.4632,20.3012],[105.4829,20.2751],[105.4939,20.2764],[105.495,20.2696],[105.5167,20.2558],[105.5127,20.2286],[105.5558,20.2221],[105.5601,20.2079],[105.5786,20.1959],[105.578,20.1807],[105.5838,20.1666],[105.6016,20.143],[105.595,20.1243],[105.6079,20.1068],[105.6241,20.0959],[105.6322,20.099],[105.6344,20.0937],[105.6446,20.1001],[105.6487,20.0948],[105.6552,20.0966],[105.6645,20.1044],[105.6757,20.0943],[105.6737,20.0872],[105.682,20.0672],[105.6713,20.0628],[105.666,20.049],[105.6762,20.0512],[105.6859,20.0468],[105.6883,20.0525],[105.71,20.0445],[105.7124,20.0386],[105.7278,20.0362],[105.7292,20.0435],[105.7239,20.0487]]]}},{"type":"Feature","properties":{"gid":"VNM.57.21_1","provZh":"清化省","name2":"Thanh Hóa","type2":"Thành phố","engtype2":"City"},"geometry":{"type":"Polygon","coordinates":[[[105.7388,19.7453],[105.7356,19.7399],[105.7412,19.7348],[105.7555,19.7502],[105.7736,19.7463],[105.7841,19.7578],[105.796,19.7514],[105.8224,19.7473],[105.8237,19.7385],[105.8498,19.732],[105.8549,19.735],[105.8549,19.7432],[105.8489,19.7449],[105.8542,19.7503],[105.8567,19.7662],[105.8605,19.7632],[105.8631,19.7666],[105.843,19.7819],[105.8448,19.8024],[105.8422,19.8092],[105.8294,19.8166],[105.8289,19.8337],[105.8218,19.8408],[105.8245,19.8502],[105.8162,19.8616],[105.8128,19.8593],[105.8033,19.8657],[105.7882,19.8617],[105.78,19.8744],[105.7523,19.8833],[105.7403,19.8834],[105.7226,19.8648],[105.7267,19.8607],[105.7362,19.8622],[105.7492,19.851],[105.7497,19.8446],[105.7257,19.8429],[105.7263,19.8274],[105.7416,19.8182],[105.7339,19.8181],[105.7296,19.8074],[105.7359,19.8001],[105.7338,19.7844],[105.7411,19.7764],[105.7524,19.7743],[105.7545,19.7633],[105.7513,19.7493],[105.7472,19.7514],[105.7388,19.7453]]]}},{"type":"Feature","properties":{"gid":"VNM.57.22_1","provZh":"清化省","name2":"Thiệu Hóa","type2":"Huyện","engtype2":"District"},"geometry":{"type":"Polygon","coordinates":[[[105.6679,19.8458],[105.6849,19.8386],[105.6901,19.8487],[105.6881,19.8579],[105.6991,19.8618],[105.7305,19.8429],[105.7497,19.8446],[105.7487,19.8529],[105.739,19.8561],[105.7362,19.8622],[105.7267,19.8607],[105.7226,19.8648],[105.7403,19.8834],[105.7594,19.8826],[105.7641,19.8897],[105.7586,19.9154],[105.7673,19.938],[105.7655,19.9504],[105.7538,19.9486],[105.7546,19.9371],[105.7498,19.9308],[105.738,19.9297],[105.731,19.935],[105.7202,19.9301],[105.7029,19.9352],[105.7,19.9425],[105.6827,19.9341],[105.6792,19.9393],[105.6705,19.9351],[105.6513,19.9437],[105.6328,19.9343],[105.6259,19.9351],[105.6207,19.9411],[105.6216,19.9523],[105.6044,19.9575],[105.606,19.9449],[105.5899,19.929],[105.5873,19.9193],[105.5948,19.9056],[105.5864,19.9019],[105.5842,19.888],[105.5887,19.8828],[105.5945,19.8837],[105.6044,19.8615],[105.6181,19.8592],[105.6284,19.8665],[105.65,19.8584],[105.6506,19.8492],[105.6679,19.8458]]]}},{"type":"Feature","properties":{"gid":"VNM.57.20_1","provZh":"清化省","name2":"Thọ Xuân","type2":"Huyện","engtype2":"District"},"geometry":{"type":"Polygon","coordinates":[[[105.5274,19.8877],[105.5363,19.8912],[105.5516,19.8819],[105.5681,19.8919],[105.5844,19.8891],[105.5864,19.9019],[105.5948,19.9056],[105.5873,19.9193],[105.5899,19.929],[105.6022,19.9389],[105.6056,19.9535],[105.5873,19.9643],[105.5773,19.9596],[105.5719,19.9647],[105.5716,19.9569],[105.5635,19.9575],[105.5675,19.9645],[105.5603,19.9738],[105.5623,19.9819],[105.555,19.9876],[105.5463,19.9843],[105.5372,19.9989],[105.5199,19.9919],[105.5141,19.9935],[105.5183,19.9978],[105.5146,19.9987],[105.4953,19.9888],[105.4862,19.9932],[105.4898,19.9952],[105.4894,20.0066],[105.4826,20.0068],[105.4795,19.9962],[105.4719,20.0005],[105.4733,20.0061],[105.4684,20.0097],[105.4719,20.0098],[105.4718,20.0195],[105.4596,20.0367],[105.456,20.0308],[105.4619,20.0294],[105.4635,20.0224],[105.4514,20.0225],[105.4491,20.0113],[105.4597,20.0056],[105.4607,19.9955],[105.4697,19.9923],[105.4765,19.9959],[105.4806,19.9905],[105.4615,19.9876],[105.4478,19.9972],[105.4431,19.9927],[105.4288,20.0017],[105.4257,19.999],[105.4226,20.0066],[105.4111,19.9927],[105.4304,19.979],[105.4361,19.962],[105.4415,19.9601],[105.4134,19.9364],[105.405,19.9378],[105.4062,19.9336],[105.3994,19.9278],[105.379,19.9283],[105.3733,19.9239],[105.3791,19.9109],[105.3787,19.8932],[105.3947,19.8778],[105.4036,19.8757],[105.3883,19.8481],[105.4109,19.8328],[105.4062,19.8293],[105.4074,19.8208],[105.4322,19.8156],[105.4339,19.8332],[105.442,19.8406],[105.4565,19.8322],[105.4729,19.8628],[105.4925,19.8639],[105.5021,19.8693],[105.5066,19.8805],[105.5221,19.8824],[105.5274,19.8877]]]}},{"type":"Feature","properties":{"gid":"VNM.57.23_1","provZh":"清化省","name2":"Thường Xuân","type2":"Huyện","engtype2":"District"},"geometry":{"type":"Polygon","coordinates":[[[105.3711,19.7251],[105.3791,19.7287],[105.3924,19.7245],[105.417,19.7487],[105.4384,19.755],[105.4479,19.7485],[105.4551,19.7544],[105.4479,19.7688],[105.4483,19.7911],[105.4283,19.7935],[105.4314,19.8005],[105.4259,19.8141],[105.4307,19.8158],[105.4074,19.8208],[105.4062,19.8293],[105.4109,19.8328],[105.3883,19.8481],[105.4036,19.8757],[105.3947,19.8778],[105.3787,19.8932],[105.3791,19.9109],[105.3733,19.9239],[105.3689,19.9201],[105.3533,19.9299],[105.3484,19.923],[105.3402,19.9403],[105.3085,19.9482],[105.3064,19.9571],[105.2819,19.9822],[105.2777,19.9948],[105.2802,20.0026],[105.2746,20.0065],[105.2525,20.0037],[105.2251,20.0193],[105.1988,20.0088],[105.1646,20.0146],[105.169,20.0225],[105.1606,20.0379],[105.1656,20.044],[105.165,20.06],[105.1516,20.0671],[105.1555,20.0779],[105.1478,20.0772],[105.1469,20.0864],[105.1383,20.0929],[105.1388,20.1],[105.1336,20.1011],[105.1361,20.1082],[105.1294,20.12],[105.1126,20.1051],[105.0846,20.1033],[105.091,20.0854],[105.0534,20.0723],[105.0133,20.0848],[104.9957,20.0958],[104.9759,20.0785],[104.9726,20.0616],[104.9347,20.0358],[104.9176,20.0148],[104.92,20.0093],[104.9112,20.0015],[104.9126,19.9968],[104.9182,19.9974],[104.928,19.9885],[104.9584,19.9926],[104.9657,19.9746],[104.9769,19.9758],[104.999,19.9616],[105.0033,19.9507],[105.0175,19.9519],[105.0361,19.939],[105.0425,19.9403],[105.0467,19.9299],[105.093,19.9383],[105.1194,19.9313],[105.1345,19.9204],[105.1551,19.922],[105.1687,19.9144],[105.1885,19.8631],[105.1805,19.8536],[105.1503,19.8555],[105.1453,19.8346],[105.1323,19.8263],[105.1322,19.8076],[105.1279,19.801],[105.1308,19.7782],[105.1376,19.7653],[105.133,19.7603],[105.1336,19.7431],[105.1544,19.724],[105.2143,19.7125],[105.2223,19.7204],[105.2448,19.7225],[105.2403,19.7337],[105.2521,19.7412],[105.2526,19.7469],[105.2969,19.7331],[105.3033,19.721],[105.3187,19.7207],[105.3502,19.7095],[105.3735,19.7164],[105.3711,19.7251]]]}},{"type":"Feature","properties":{"gid":"VNM.57.24_1","provZh":"清化省","name2":"Tĩnh Gia","type2":"Huyện","engtype2":"District"},"geometry":{"type":"MultiPolygon","coordinates":[[[[105.828,19.3148],[105.8236,19.3423],[105.822,19.3359],[105.8159,19.3373],[105.8145,19.3301],[105.8207,19.3057],[105.828,19.3053],[105.828,19.3148]]],[[[105.9031,19.3464],[105.8989,19.3487],[105.8984,19.3454],[105.9055,19.3411],[105.9031,19.3464]]],[[[105.9364,19.3465],[105.9366,19.3541],[105.9309,19.3561],[105.9301,19.3498],[105.9364,19.3465]]],[[[105.7637,19.2975],[105.7682,19.2921],[105.8011,19.302],[105.8054,19.2867],[105.8088,19.3003],[105.8202,19.3146],[105.8154,19.3153],[105.8137,19.3313],[105.7985,19.3442],[105.7849,19.3927],[105.7856,19.4024],[105.7927,19.4042],[105.799,19.4267],[105.8051,19.4301],[105.8127,19.4251],[105.8143,19.4301],[105.807,19.4882],[105.8157,19.5672],[105.8079,19.5749],[105.8071,19.5851],[105.8176,19.6059],[105.81,19.6173],[105.802,19.6138],[105.7982,19.5982],[105.7883,19.5941],[105.7781,19.6064],[105.7701,19.5978],[105.7601,19.6069],[105.7553,19.596],[105.7496,19.5965],[105.7417,19.5848],[105.7463,19.5809],[105.7395,19.5767],[105.7401,19.572],[105.7229,19.5692],[105.7275,19.5565],[105.7195,19.5593],[105.7181,19.553],[105.7269,19.5464],[105.7219,19.5461],[105.7247,19.5372],[105.713,19.5305],[105.7128,19.5348],[105.7086,19.5275],[105.7032,19.5321],[105.6924,19.5231],[105.6846,19.5258],[105.69,19.5167],[105.6898,19.5075],[105.6842,19.5078],[105.6874,19.5023],[105.6789,19.5032],[105.6765,19.4968],[105.6654,19.4944],[105.6444,19.4644],[105.658,19.4558],[105.6537,19.4448],[105.6568,19.4271],[105.6444,19.4234],[105.6444,19.4186],[105.6615,19.3978],[105.6296,19.3747],[105.6318,19.366],[105.6388,19.3662],[105.6423,19.3534],[105.6529,19.3532],[105.6556,19.3426],[105.6679,19.3402],[105.6644,19.3139],[105.6763,19.3225],[105.6755,19.3156],[105.6908,19.3001],[105.6939,19.3042],[105.7112,19.3021],[105.7419,19.3235],[105.7494,19.3023],[105.7557,19.3068],[105.7637,19.2975]]],[[[105.9353,19.3795],[105.9286,19.3834],[105.9199,19.3781],[105.9154,19.3828],[105.9144,19.3685],[105.9296,19.359],[105.939,19.3755],[105.9353,19.3795]]]]}},{"type":"Feature","properties":{"gid":"VNM.57.25_1","provZh":"清化省","name2":"Triệu Sơn","type2":"Huyện","engtype2":"District"},"geometry":{"type":"Polygon","coordinates":[[[105.5893,19.7314],[105.5959,19.7195],[105.621,19.7123],[105.624,19.7216],[105.6584,19.7539],[105.6737,19.7551],[105.6898,19.7445],[105.6989,19.7514],[105.7029,19.7667],[105.7108,19.7722],[105.6954,19.7816],[105.6923,19.7905],[105.6744,19.7879],[105.6678,19.7953],[105.6611,19.7951],[105.6658,19.8022],[105.6579,19.8162],[105.6632,19.8163],[105.662,19.8194],[105.6474,19.8276],[105.6524,19.8395],[105.6489,19.8426],[105.65,19.8584],[105.6284,19.8665],[105.6181,19.8592],[105.6044,19.8615],[105.5945,19.8837],[105.5887,19.8828],[105.5821,19.8902],[105.5681,19.8919],[105.5516,19.8819],[105.5363,19.8912],[105.5281,19.8903],[105.5221,19.8824],[105.5066,19.8805],[105.5021,19.8693],[105.4925,19.8639],[105.4729,19.8628],[105.4565,19.8322],[105.442,19.8406],[105.4339,19.8332],[105.4322,19.8156],[105.4259,19.8141],[105.4319,19.7915],[105.4399,19.7934],[105.4575,19.786],[105.46,19.7941],[105.4746,19.7993],[105.5048,19.7942],[105.5242,19.8055],[105.5216,19.7876],[105.5083,19.7833],[105.5113,19.7768],[105.5262,19.7728],[105.519,19.753],[105.5397,19.7599],[105.5415,19.7735],[105.5518,19.779],[105.5574,19.7939],[105.5811,19.7896],[105.5835,19.7832],[105.5782,19.7722],[105.5829,19.7654],[105.5657,19.7579],[105.5637,19.7493],[105.5709,19.7372],[105.5893,19.7314]]]}},{"type":"Feature","properties":{"gid":"VNM.57.26_1","provZh":"清化省","name2":"Vĩnh Lộc","type2":"Huyện","engtype2":"District"},"geometry":{"type":"Polygon","coordinates":[[[105.7646,19.9711],[105.7428,20.0006],[105.761,20.0096],[105.7645,20.0204],[105.7594,20.0321],[105.7652,20.0369],[105.761,20.0476],[105.7655,20.0522],[105.7504,20.0636],[105.7384,20.0583],[105.7371,20.0526],[105.7249,20.0523],[105.7278,20.0362],[105.7124,20.0386],[105.71,20.0445],[105.6883,20.0525],[105.6859,20.0468],[105.6762,20.0512],[105.666,20.049],[105.6713,20.0628],[105.682,20.0672],[105.6737,20.0872],[105.6757,20.0943],[105.6645,20.1044],[105.6487,20.0948],[105.6446,20.1001],[105.6366,20.0938],[105.6322,20.099],[105.6241,20.0959],[105.6079,20.1068],[105.595,20.1243],[105.5814,20.1095],[105.5603,20.1019],[105.5542,20.095],[105.5689,20.0688],[105.602,20.0639],[105.6125,20.0534],[105.6097,20.044],[105.5916,20.0504],[105.5864,20.0482],[105.5886,20.0262],[105.6111,20.0226],[105.622,20.0152],[105.6368,20.0175],[105.6429,20.0065],[105.6571,20.0145],[105.6685,20.0126],[105.6729,20.0174],[105.6947,19.9993],[105.7243,19.9917],[105.7277,19.9732],[105.7501,19.9611],[105.7605,19.9576],[105.759,19.9638],[105.7646,19.9711]]]}},{"type":"Feature","properties":{"gid":"VNM.57.27_1","provZh":"清化省","name2":"Yên Định","type2":"Huyện","engtype2":"District"},"geometry":{"type":"Polygon","coordinates":[[[105.728,19.9323],[105.7519,19.932],[105.7538,19.9486],[105.7655,19.9504],[105.7646,19.9534],[105.7277,19.9732],[105.7243,19.9917],[105.6947,19.9993],[105.6729,20.0174],[105.6685,20.0126],[105.6571,20.0145],[105.6429,20.0065],[105.6368,20.0175],[105.622,20.0152],[105.6111,20.0226],[105.5886,20.0262],[105.5864,20.0482],[105.5916,20.0504],[105.6097,20.044],[105.6133,20.0488],[105.602,20.0639],[105.5719,20.0673],[105.5573,20.0757],[105.5443,20.0738],[105.5392,20.0825],[105.5291,20.0853],[105.4985,20.0821],[105.4983,20.0712],[105.5091,20.0595],[105.5056,20.0526],[105.5117,20.0396],[105.5017,20.0501],[105.4974,20.0472],[105.4969,20.0538],[105.496,20.0403],[105.4757,20.0393],[105.4712,20.0348],[105.4615,20.0371],[105.4718,20.0195],[105.4719,20.0098],[105.4684,20.0097],[105.4733,20.0061],[105.4719,20.0005],[105.4795,19.9962],[105.4826,20.0068],[105.4894,20.0066],[105.4898,19.9952],[105.4862,19.9932],[105.4953,19.9888],[105.5146,19.9987],[105.5183,19.9978],[105.5141,19.9935],[105.5199,19.9919],[105.5372,19.9989],[105.5463,19.9843],[105.555,19.9876],[105.5623,19.9819],[105.5603,19.9738],[105.5675,19.9645],[105.5635,19.9575],[105.5681,19.9552],[105.5719,19.9647],[105.5773,19.9596],[105.5873,19.9643],[105.5914,19.9585],[105.6185,19.9553],[105.6259,19.9351],[105.6328,19.9343],[105.6513,19.9437],[105.6705,19.9351],[105.6792,19.9393],[105.6827,19.9341],[105.7,19.9425],[105.7029,19.9352],[105.7159,19.9304],[105.728,19.9323]]]}},{"type":"Feature","properties":{"gid":"VNM.54.1_1","provZh":"承天顺化省","name2":"A Lưới","type2":"Huyện","engtype2":"District"},"geometry":{"type":"Polygon","coordinates":[[[107.3767,16.074],[107.3881,16.0639],[107.3983,16.0626],[107.4035,16.0792],[107.4101,16.0839],[107.4281,16.0785],[107.4426,16.0834],[107.4488,16.0913],[107.4627,16.0755],[107.4484,16.0622],[107.4461,16.0394],[107.4675,16.025],[107.4763,16.0352],[107.4904,16.0411],[107.5023,16.033],[107.5106,16.017],[107.5204,16.0148],[107.5174,16.028],[107.5231,16.0406],[107.5208,16.0517],[107.5177,16.0511],[107.5175,16.0757],[107.5136,16.0784],[107.517,16.1023],[107.5098,16.1157],[107.5149,16.1324],[107.5094,16.1404],[107.514,16.1403],[107.5113,16.1431],[107.5216,16.1536],[107.5166,16.1703],[107.5225,16.1753],[107.5197,16.1828],[107.5256,16.1893],[107.5191,16.1956],[107.5292,16.198],[107.5297,16.2111],[107.5132,16.248],[107.5035,16.2469],[107.5083,16.2534],[107.5021,16.2563],[107.5022,16.2655],[107.4962,16.2644],[107.4966,16.2707],[107.4775,16.2626],[107.4747,16.2666],[107.4751,16.2626],[107.4712,16.2642],[107.4596,16.2545],[107.455,16.2589],[107.4487,16.2544],[107.4357,16.2586],[107.4251,16.2755],[107.4129,16.2796],[107.4127,16.3059],[107.399,16.3177],[107.399,16.3284],[107.4076,16.3424],[107.3866,16.3458],[107.3777,16.3375],[107.3616,16.3412],[107.3438,16.3382],[107.3444,16.3431],[107.3313,16.3471],[107.3044,16.3727],[107.2855,16.3757],[107.2747,16.383],[107.2518,16.3743],[107.2462,16.3794],[107.2371,16.3762],[107.222,16.3637],[107.219,16.3475],[107.2,16.3463],[107.1853,16.3589],[107.1835,16.369],[107.1674,16.3776],[107.1527,16.3791],[107.1464,16.3857],[107.1523,16.3904],[107.1424,16.4029],[107.1405,16.4161],[107.1457,16.4226],[107.1469,16.4375],[107.1245,16.4425],[107.1049,16.4399],[107.0895,16.4491],[107.0594,16.4484],[107.05,16.4331],[107.0503,16.4256],[107.0649,16.4104],[107.0566,16.3983],[107.0551,16.3859],[107.0456,16.3808],[107.0392,16.3695],[107.0301,16.3705],[107.0161,16.3612],[107.0241,16.3553],[107.0217,16.3266],[107.0262,16.3129],[107.0443,16.3005],[107.0514,16.3068],[107.0704,16.3039],[107.0811,16.313],[107.0877,16.3119],[107.1456,16.2711],[107.157,16.2564],[107.1493,16.238],[107.1554,16.2309],[107.1445,16.214],[107.1495,16.1885],[107.1558,16.1833],[107.1587,16.1702],[107.1721,16.1651],[107.1946,16.1451],[107.2085,16.1463],[107.2241,16.1373],[107.2279,16.1429],[107.2449,16.148],[107.255,16.1356],[107.2627,16.1365],[107.2716,16.1166],[107.2839,16.1189],[107.3078,16.0815],[107.3191,16.07],[107.3276,16.0683],[107.3337,16.0557],[107.3462,16.0629],[107.3667,16.0629],[107.3767,16.074]]]}},{"type":"Feature","properties":{"gid":"VNM.54.2_1","provZh":"承天顺化省","name2":"Huế","type2":"Thành phố","engtype2":"City"},"geometry":{"type":"Polygon","coordinates":[[[107.6123,16.4369],[107.6094,16.4459],[107.621,16.4538],[107.6196,16.4615],[107.6306,16.4628],[107.6269,16.4702],[107.6072,16.4739],[107.6031,16.4809],[107.6058,16.4839],[107.5929,16.4894],[107.5876,16.4994],[107.5635,16.484],[107.573,16.4929],[107.5678,16.4925],[107.5706,16.5022],[107.563,16.504],[107.5641,16.5075],[107.5509,16.5069],[107.5458,16.4939],[107.54,16.5027],[107.5353,16.4989],[107.5323,16.4898],[107.5413,16.4891],[107.5438,16.4834],[107.5248,16.4686],[107.5272,16.4608],[107.5376,16.4572],[107.5336,16.4519],[107.5435,16.4548],[107.5276,16.4466],[107.5348,16.4358],[107.5598,16.4291],[107.5717,16.4205],[107.5798,16.4245],[107.5883,16.4105],[107.6086,16.4057],[107.6112,16.3986],[107.6162,16.4061],[107.6088,16.4238],[107.6123,16.4369]]]}},{"type":"Feature","properties":{"gid":"VNM.54.3_1","provZh":"承天顺化省","name2":"Hương Thủy","type2":"Thị xã","engtype2":"Town"},"geometry":{"type":"Polygon","coordinates":[[[107.5195,16.1608],[107.5214,16.1565],[107.533,16.161],[107.5637,16.1616],[107.5837,16.1783],[107.613,16.1829],[107.6242,16.188],[107.6314,16.1998],[107.65,16.2005],[107.651,16.2067],[107.6639,16.2105],[107.6709,16.2296],[107.6619,16.2362],[107.6632,16.2408],[107.6722,16.2431],[107.667,16.2531],[107.6554,16.2587],[107.6491,16.272],[107.6508,16.2804],[107.6648,16.279],[107.6806,16.2844],[107.7059,16.3487],[107.7278,16.3708],[107.7353,16.3712],[107.738,16.382],[107.7411,16.3757],[107.7574,16.3679],[107.7528,16.3842],[107.738,16.3949],[107.7306,16.4111],[107.7144,16.4199],[107.7105,16.432],[107.6988,16.4353],[107.6868,16.4317],[107.6756,16.4429],[107.6666,16.4431],[107.6434,16.4669],[107.6431,16.4729],[107.6528,16.4788],[107.6329,16.4891],[107.61,16.4887],[107.6031,16.4809],[107.6072,16.4739],[107.6238,16.4723],[107.6306,16.4628],[107.6196,16.4615],[107.621,16.4538],[107.6094,16.4459],[107.6123,16.4369],[107.6088,16.4238],[107.6162,16.4061],[107.6112,16.3986],[107.6086,16.4057],[107.5883,16.4105],[107.5798,16.4245],[107.5717,16.4205],[107.5642,16.4252],[107.5775,16.3871],[107.6063,16.3706],[107.6082,16.3481],[107.5958,16.3415],[107.5933,16.3468],[107.5708,16.3453],[107.5586,16.337],[107.5592,16.329],[107.5503,16.3231],[107.5301,16.32],[107.5351,16.2911],[107.4959,16.267],[107.5022,16.2655],[107.5021,16.2563],[107.5083,16.2534],[107.5049,16.245],[107.5132,16.248],[107.5164,16.2432],[107.5297,16.2111],[107.5292,16.198],[107.5191,16.1956],[107.5256,16.1893],[107.5197,16.1828],[107.5225,16.1753],[107.5166,16.1703],[107.5195,16.1608]]]}},{"type":"Feature","properties":{"gid":"VNM.54.4_1","provZh":"承天顺化省","name2":"Hương Trà","type2":"Thị xã","engtype2":"Town"},"geometry":{"type":"Polygon","coordinates":[[[107.493,16.2706],[107.5068,16.2702],[107.5351,16.2911],[107.5301,16.32],[107.5503,16.3231],[107.5592,16.329],[107.5586,16.337],[107.5708,16.3453],[107.5933,16.3468],[107.5958,16.3415],[107.6082,16.3481],[107.6063,16.3706],[107.5775,16.3871],[107.562,16.4279],[107.5348,16.4358],[107.527,16.4451],[107.5432,16.4516],[107.5423,16.4549],[107.5336,16.4519],[107.5376,16.4572],[107.5256,16.4629],[107.526,16.4713],[107.5438,16.4834],[107.5413,16.4891],[107.5323,16.4898],[107.5353,16.4989],[107.54,16.5027],[107.5458,16.4939],[107.5509,16.5069],[107.5641,16.5075],[107.563,16.504],[107.5706,16.5022],[107.5678,16.4925],[107.573,16.4929],[107.5635,16.484],[107.5782,16.4951],[107.5745,16.5269],[107.5931,16.5481],[107.6189,16.5459],[107.6293,16.5504],[107.6205,16.5752],[107.571,16.6045],[107.5647,16.5888],[107.5717,16.5849],[107.5827,16.5639],[107.5691,16.5337],[107.5711,16.5294],[107.5609,16.5304],[107.5551,16.5257],[107.5503,16.5322],[107.5399,16.5328],[107.5308,16.5266],[107.5373,16.5227],[107.5348,16.5205],[107.5296,16.5194],[107.5229,16.5282],[107.5182,16.5224],[107.5208,16.5173],[107.5163,16.5157],[107.5101,16.5199],[107.5146,16.5313],[107.5111,16.5365],[107.4975,16.526],[107.48,16.5256],[107.4618,16.5458],[107.4556,16.5442],[107.4433,16.5331],[107.4443,16.5204],[107.4358,16.5075],[107.4343,16.4811],[107.4397,16.4791],[107.4405,16.472],[107.4245,16.4615],[107.4246,16.4536],[107.4157,16.4505],[107.4182,16.4346],[107.4078,16.44],[107.4057,16.4294],[107.4036,16.4364],[107.3953,16.4375],[107.3929,16.4216],[107.3852,16.4212],[107.3771,16.4092],[107.3687,16.4083],[107.3624,16.4012],[107.3539,16.4058],[107.3573,16.3889],[107.3622,16.3872],[107.3417,16.3763],[107.336,16.3782],[107.3347,16.3695],[107.3294,16.3662],[107.3379,16.3583],[107.3313,16.3471],[107.3444,16.3431],[107.3438,16.3382],[107.3616,16.3412],[107.3777,16.3375],[107.3866,16.3458],[107.4076,16.3424],[107.399,16.3284],[107.399,16.3177],[107.4127,16.3059],[107.4129,16.2796],[107.4251,16.2755],[107.4357,16.2586],[107.4487,16.2544],[107.455,16.2589],[107.4596,16.2545],[107.4712,16.2642],[107.4751,16.2626],[107.4747,16.2666],[107.4775,16.2626],[107.493,16.2706]]]}},{"type":"Feature","properties":{"gid":"VNM.54.5_1","provZh":"承天顺化省","name2":"Nam Đông","type2":"Huyện","engtype2":"District"},"geometry":{"type":"Polygon","coordinates":[[[107.7315,16.0338],[107.7694,16.0512],[107.774,16.0669],[107.7812,16.0626],[107.7872,16.0677],[107.807,16.0533],[107.8152,16.0533],[107.8246,16.0702],[107.8216,16.0796],[107.8272,16.0905],[107.8559,16.1139],[107.8588,16.1534],[107.8746,16.1593],[107.8748,16.1722],[107.8572,16.1633],[107.8493,16.1778],[107.8293,16.1789],[107.8145,16.191],[107.8002,16.2119],[107.7761,16.2093],[107.7587,16.2318],[107.7477,16.2384],[107.7218,16.2372],[107.7138,16.2313],[107.6924,16.2421],[107.6762,16.2396],[107.6722,16.2431],[107.6632,16.2408],[107.6619,16.2362],[107.6709,16.2296],[107.6659,16.2137],[107.651,16.2067],[107.65,16.2005],[107.6314,16.1998],[107.6242,16.188],[107.5837,16.1783],[107.5637,16.1616],[107.5282,16.1601],[107.5113,16.1431],[107.514,16.1403],[107.5094,16.1404],[107.5149,16.1324],[107.5098,16.1157],[107.517,16.1023],[107.5129,16.0879],[107.519,16.0656],[107.5177,16.0511],[107.5208,16.0517],[107.5231,16.0406],[107.5174,16.028],[107.5207,16.0158],[107.5496,16.0115],[107.5607,16.0217],[107.5529,16.0439],[107.5714,16.055],[107.5955,16.0561],[107.6193,16.0636],[107.6253,16.0504],[107.6204,16.0325],[107.633,16.0305],[107.6507,16.0192],[107.6638,16.0185],[107.6796,15.9982],[107.7075,15.9954],[107.7246,16.0081],[107.7268,16.0307],[107.7315,16.0338]]]}},{"type":"Feature","properties":{"gid":"VNM.54.6_1","provZh":"承天顺化省","name2":"Phong Điền","type2":"Huyện","engtype2":"District"},"geometry":{"type":"Polygon","coordinates":[[[107.3123,16.3675],[107.3336,16.3503],[107.3381,16.354],[107.3294,16.3662],[107.3347,16.3695],[107.3333,16.3761],[107.3622,16.3872],[107.3573,16.3889],[107.3528,16.4048],[107.3624,16.4012],[107.3687,16.4083],[107.3771,16.4092],[107.3852,16.4212],[107.3929,16.4216],[107.3953,16.4375],[107.4036,16.4364],[107.4057,16.4294],[107.4103,16.4404],[107.4164,16.4322],[107.4157,16.4505],[107.4246,16.4536],[107.4245,16.4615],[107.4405,16.472],[107.4397,16.4791],[107.4343,16.4811],[107.4358,16.5075],[107.4443,16.5204],[107.4433,16.5331],[107.4599,16.5463],[107.4571,16.5529],[107.4697,16.5495],[107.4718,16.5643],[107.461,16.5728],[107.4647,16.5762],[107.4593,16.5869],[107.4623,16.5953],[107.4249,16.6049],[107.4072,16.6156],[107.407,16.6394],[107.4193,16.6501],[107.4158,16.6524],[107.4182,16.6624],[107.4281,16.6646],[107.434,16.6564],[107.436,16.6602],[107.4454,16.657],[107.4437,16.6471],[107.4572,16.6464],[107.4865,16.6242],[107.4986,16.6356],[107.5052,16.6521],[107.389,16.7432],[107.3703,16.7341],[107.3563,16.7097],[107.3514,16.7084],[107.3578,16.6991],[107.3244,16.6699],[107.3313,16.667],[107.3187,16.6621],[107.3293,16.6498],[107.3288,16.6401],[107.3233,16.6532],[107.3073,16.6404],[107.3122,16.6354],[107.3157,16.6407],[107.3108,16.6253],[107.3207,16.6205],[107.3286,16.6085],[107.3169,16.5938],[107.2711,16.5662],[107.2518,16.5768],[107.2449,16.5872],[107.2175,16.5774],[107.2027,16.5827],[107.1407,16.5718],[107.1253,16.5631],[107.1218,16.5513],[107.1016,16.5526],[107.0744,16.5424],[107.0614,16.5462],[107.056,16.5238],[107.0675,16.5106],[107.0746,16.5106],[107.0845,16.5026],[107.0952,16.5045],[107.0985,16.4912],[107.106,16.4948],[107.1246,16.4823],[107.1359,16.4553],[107.1245,16.4425],[107.1482,16.4364],[107.1405,16.4161],[107.1424,16.4029],[107.1523,16.3904],[107.1464,16.3857],[107.1527,16.3791],[107.1674,16.3776],[107.1835,16.369],[107.1853,16.3589],[107.2,16.3463],[107.219,16.3475],[107.222,16.3637],[107.2462,16.3794],[107.2518,16.3743],[107.2747,16.383],[107.3123,16.3675]]]}},{"type":"Feature","properties":{"gid":"VNM.54.7_1","provZh":"承天顺化省","name2":"Phú Lộc","type2":"Huyện","engtype2":"District"},"geometry":{"type":"Polygon","coordinates":[[[107.6673,16.249],[107.6742,16.2402],[107.6924,16.2421],[107.7138,16.2313],[107.7218,16.2372],[107.7477,16.2384],[107.7587,16.2318],[107.7761,16.2093],[107.8002,16.2119],[107.8145,16.191],[107.8293,16.1789],[107.8493,16.1778],[107.8572,16.1633],[107.8748,16.1722],[107.8674,16.1834],[107.8761,16.1884],[107.8747,16.196],[107.9114,16.2157],[107.9292,16.198],[107.9555,16.1893],[107.9687,16.1937],[107.9881,16.214],[108.0055,16.2053],[108.015,16.1943],[108.0381,16.1906],[108.0569,16.1794],[108.0648,16.1842],[108.0921,16.1804],[108.1,16.1868],[108.1188,16.1811],[108.1437,16.199],[108.1558,16.2004],[108.1571,16.2062],[108.1711,16.2013],[108.1945,16.2097],[108.1827,16.2154],[108.1687,16.2088],[108.1484,16.2211],[108.1401,16.2128],[108.1341,16.2173],[108.1186,16.2123],[108.0905,16.2271],[108.0378,16.3091],[108.042,16.3157],[108.0345,16.3355],[108.0217,16.3441],[108.0163,16.3382],[108.0252,16.3265],[108.0202,16.3195],[108.0028,16.3131],[107.9807,16.3169],[107.9641,16.3274],[107.9554,16.3438],[107.9464,16.3472],[107.9396,16.3441],[107.9021,16.3665],[107.8474,16.4118],[107.8387,16.3995],[107.8256,16.4089],[107.8108,16.4033],[107.8076,16.3947],[107.8265,16.3808],[107.8365,16.3588],[107.8445,16.3538],[107.8449,16.3393],[107.8319,16.3282],[107.8219,16.333],[107.7996,16.3588],[107.7789,16.3557],[107.7665,16.3657],[107.7479,16.3713],[107.738,16.382],[107.7353,16.3712],[107.7278,16.3708],[107.7059,16.3487],[107.6806,16.2844],[107.6648,16.279],[107.6508,16.2804],[107.6491,16.272],[107.6554,16.2587],[107.667,16.2531],[107.6673,16.249]]]}},{"type":"Feature","properties":{"gid":"VNM.54.8_1","provZh":"承天顺化省","name2":"Phú Vang","type2":"Huyện","engtype2":"District"},"geometry":{"type":"Polygon","coordinates":[[[107.7755,16.3604],[107.7789,16.3557],[107.7996,16.3588],[107.8219,16.333],[107.8319,16.3282],[107.8449,16.3393],[107.8445,16.3538],[107.8365,16.3588],[107.8242,16.3834],[107.8076,16.3947],[107.8108,16.4033],[107.8256,16.4089],[107.8387,16.3995],[107.8474,16.4118],[107.7105,16.5247],[107.664,16.5551],[107.6205,16.5752],[107.6293,16.5504],[107.6189,16.5459],[107.5967,16.5501],[107.5765,16.5303],[107.5782,16.4951],[107.5876,16.4994],[107.5929,16.4894],[107.6038,16.4835],[107.6239,16.4915],[107.65,16.4815],[107.6525,16.4759],[107.6422,16.4707],[107.6521,16.462],[107.6545,16.4521],[107.6605,16.4516],[107.6666,16.4431],[107.6756,16.4429],[107.6868,16.4317],[107.6988,16.4353],[107.7105,16.432],[107.7144,16.4199],[107.7306,16.4111],[107.738,16.3949],[107.7528,16.3842],[107.7574,16.3679],[107.7755,16.3604]]]}},{"type":"Feature","properties":{"gid":"VNM.54.9_1","provZh":"承天顺化省","name2":"Quảng Điền","type2":"Huyện","engtype2":"District"},"geometry":{"type":"Polygon","coordinates":[[[107.5316,16.5234],[107.5399,16.5328],[107.5503,16.5322],[107.5551,16.5257],[107.5609,16.5304],[107.5711,16.5294],[107.5691,16.5337],[107.5827,16.5639],[107.5717,16.5849],[107.5647,16.5888],[107.571,16.6045],[107.5052,16.6521],[107.4986,16.6356],[107.4865,16.6242],[107.4572,16.6464],[107.4437,16.6471],[107.4454,16.657],[107.436,16.6602],[107.434,16.6564],[107.4281,16.6646],[107.4189,16.6631],[107.4158,16.6524],[107.4193,16.6501],[107.407,16.6394],[107.4072,16.6156],[107.4249,16.6049],[107.4623,16.5953],[107.4593,16.5869],[107.4647,16.5762],[107.461,16.5728],[107.4677,16.5703],[107.4716,16.5587],[107.4697,16.5495],[107.4571,16.5529],[107.4599,16.5463],[107.48,16.5256],[107.4975,16.526],[107.5111,16.5365],[107.5146,16.5313],[107.5103,16.5252],[107.5121,16.5171],[107.5208,16.5173],[107.5178,16.5196],[107.521,16.5276],[107.5281,16.5256],[107.5296,16.5194],[107.5373,16.5227],[107.5316,16.5234]]]}},{"type":"Feature","properties":{"gid":"VNM.58.1_1","provZh":"前江省","name2":"Cái Bè","type2":"Huyện","engtype2":"District"},"geometry":{"type":"Polygon","coordinates":[[[105.8358,10.3051],[105.837,10.2989],[105.8738,10.2917],[105.8991,10.274],[105.9269,10.2837],[105.9749,10.3289],[105.992,10.3305],[106.0117,10.3163],[106.0287,10.325],[106.0534,10.3228],[106.0545,10.3334],[106.0469,10.3358],[106.0474,10.3447],[106.0363,10.3508],[106.0342,10.359],[106.0469,10.3954],[106.032,10.411],[106.0358,10.4203],[106.0006,10.4707],[106.0015,10.5323],[105.9417,10.5365],[105.9416,10.4944],[105.8595,10.4078],[105.8446,10.3662],[105.8157,10.3704],[105.8168,10.3222],[105.8303,10.318],[105.8215,10.3091],[105.8358,10.3051]]]}},{"type":"Feature","properties":{"gid":"VNM.58.3_1","provZh":"前江省","name2":"Cai Lậy","type2":"Huyện","engtype2":"District"},"geometry":{"type":"Polygon","coordinates":[[[106.129,10.2835],[106.1429,10.2841],[106.2056,10.314],[106.2048,10.3225],[106.1887,10.325],[106.1885,10.3357],[106.1825,10.341],[106.1905,10.3472],[106.1905,10.3547],[106.1965,10.361],[106.1936,10.3755],[106.1903,10.3801],[106.1839,10.3789],[106.1799,10.3731],[106.1718,10.3749],[106.1634,10.3659],[106.1588,10.3727],[106.1428,10.3733],[106.1383,10.36],[106.128,10.3542],[106.1182,10.36],[106.1082,10.3511],[106.1004,10.3533],[106.0986,10.3737],[106.0887,10.3771],[106.0923,10.3795],[106.0843,10.3891],[106.0964,10.4012],[106.0917,10.4101],[106.1022,10.4139],[106.0987,10.425],[106.1046,10.4274],[106.1003,10.4372],[106.0913,10.4396],[106.0939,10.4829],[106.0901,10.4916],[106.0983,10.499],[106.0896,10.5234],[106.0015,10.5323],[106.0006,10.4707],[106.0358,10.4203],[106.032,10.411],[106.0469,10.3954],[106.0342,10.359],[106.0363,10.3508],[106.0474,10.3447],[106.0469,10.3358],[106.0545,10.3334],[106.0515,10.3208],[106.0341,10.3257],[106.0117,10.3163],[106.0346,10.2988],[106.0767,10.2783],[106.0887,10.2762],[106.1037,10.2837],[106.129,10.2835]]]}},{"type":"Feature","properties":{"gid":"VNM.58.2_1","provZh":"前江省","name2":"Cai Lậy (Thị xã)","type2":"Thị xã","engtype2":"Town"},"geometry":{"type":"Polygon","coordinates":[[[106.1428,10.3733],[106.1588,10.3727],[106.1634,10.3659],[106.1718,10.3749],[106.1799,10.3731],[106.195,10.3857],[106.1941,10.4003],[106.1865,10.4039],[106.179,10.4169],[106.1943,10.4217],[106.1928,10.431],[106.1985,10.4331],[106.1976,10.4397],[106.1846,10.4576],[106.187,10.4663],[106.1786,10.4738],[106.144,10.4826],[106.1439,10.488],[106.0963,10.4995],[106.0901,10.4916],[106.0939,10.4829],[106.0913,10.4396],[106.1028,10.4341],[106.1046,10.4274],[106.0986,10.4242],[106.104,10.4166],[106.0917,10.4101],[106.0964,10.4012],[106.0841,10.3924],[106.0923,10.3795],[106.0887,10.3771],[106.0986,10.3737],[106.0997,10.3541],[106.1042,10.3513],[106.1182,10.36],[106.1254,10.3536],[106.1319,10.3561],[106.1406,10.363],[106.1428,10.3733]]]}},{"type":"Feature","properties":{"gid":"VNM.58.5_1","provZh":"前江省","name2":"Châu Thành","type2":"Huyện","engtype2":"District"},"geometry":{"type":"Polygon","coordinates":[[[106.2017,10.3219],[106.2056,10.314],[106.3137,10.3375],[106.3067,10.3535],[106.3052,10.3919],[106.3162,10.3956],[106.3187,10.4032],[106.3375,10.3928],[106.3418,10.3948],[106.3529,10.4214],[106.3454,10.4368],[106.3464,10.4529],[106.3649,10.4563],[106.372,10.4741],[106.3891,10.4732],[106.3896,10.4766],[106.3705,10.4877],[106.3744,10.4942],[106.3687,10.498],[106.3694,10.518],[106.3476,10.5288],[106.3436,10.5106],[106.3296,10.5133],[106.3255,10.5074],[106.3311,10.5056],[106.3292,10.5006],[106.3207,10.5024],[106.3143,10.497],[106.3232,10.4797],[106.3265,10.4601],[106.3188,10.4598],[106.3207,10.4507],[106.2987,10.4493],[106.3,10.4421],[106.2722,10.4371],[106.2715,10.4409],[106.2389,10.4309],[106.236,10.4418],[106.2136,10.4547],[106.2074,10.4456],[106.203,10.455],[106.1901,10.454],[106.1985,10.4331],[106.1928,10.431],[106.1943,10.4217],[106.179,10.4169],[106.1865,10.4039],[106.1941,10.4003],[106.195,10.3857],[106.1903,10.3801],[106.1965,10.361],[106.1905,10.3547],[106.1905,10.3472],[106.1825,10.341],[106.1885,10.3357],[106.1887,10.325],[106.2017,10.3219]]]}},{"type":"Feature","properties":{"gid":"VNM.58.4_1","provZh":"前江省","name2":"Chợ Gạo","type2":"Huyện","engtype2":"District"},"geometry":{"type":"Polygon","coordinates":[[[106.5445,10.3312],[106.5412,10.3368],[106.5248,10.3275],[106.5254,10.3354],[106.5207,10.3379],[106.5267,10.3503],[106.5216,10.3499],[106.5215,10.3563],[106.5153,10.355],[106.5149,10.3613],[106.5287,10.3679],[106.5325,10.3761],[106.5385,10.3756],[106.543,10.3937],[106.5497,10.3991],[106.5459,10.4119],[106.5249,10.4088],[106.5281,10.4149],[106.513,10.4288],[106.4865,10.4087],[106.4862,10.4034],[106.4818,10.4048],[106.4801,10.3967],[106.4633,10.4004],[106.4562,10.3946],[106.454,10.4003],[106.4488,10.3984],[106.4489,10.4044],[106.4546,10.4007],[106.4602,10.4049],[106.4519,10.4134],[106.4313,10.415],[106.4247,10.4113],[106.4212,10.4277],[106.4154,10.4334],[106.4273,10.4339],[106.4475,10.4512],[106.4538,10.4511],[106.4415,10.4586],[106.441,10.4669],[106.4174,10.482],[106.417,10.4881],[106.4036,10.4933],[106.3891,10.4732],[106.372,10.4741],[106.3649,10.4563],[106.3464,10.4529],[106.3457,10.4353],[106.3531,10.4244],[106.345,10.4025],[106.3564,10.3957],[106.3816,10.4057],[106.3966,10.395],[106.4021,10.4029],[106.4042,10.3901],[106.4101,10.3871],[106.4052,10.3785],[106.4137,10.3498],[106.3983,10.3362],[106.4483,10.3065],[106.4902,10.3083],[106.524,10.3049],[106.5434,10.2976],[106.5543,10.3181],[106.5463,10.3217],[106.5517,10.3322],[106.5445,10.3312]]]}},{"type":"Feature","properties":{"gid":"VNM.58.8_1","provZh":"前江省","name2":"Gò Công","type2":"Thị xã","engtype2":"Town"},"geometry":{"type":"Polygon","coordinates":[[[106.6609,10.3382],[106.6742,10.341],[106.6782,10.3355],[106.7148,10.3595],[106.6866,10.394],[106.694,10.3968],[106.6888,10.4062],[106.6982,10.4227],[106.6857,10.4281],[106.6902,10.4285],[106.6917,10.4397],[106.6887,10.445],[106.6758,10.4384],[106.6648,10.4416],[106.6599,10.451],[106.6586,10.4771],[106.6477,10.4838],[106.639,10.4793],[106.6281,10.4523],[106.584,10.4325],[106.5873,10.4258],[106.6007,10.4266],[106.6015,10.422],[106.6158,10.4151],[106.6268,10.3923],[106.6357,10.3897],[106.6332,10.3801],[106.6466,10.3584],[106.6513,10.3588],[106.6514,10.3347],[106.6609,10.3382]]]}},{"type":"Feature","properties":{"gid":"VNM.58.6_1","provZh":"前江省","name2":"Gò Công Đông","type2":"Huyện","engtype2":"District"},"geometry":{"type":"Polygon","coordinates":[[[106.7138,10.2767],[106.7426,10.2673],[106.7786,10.2436],[106.7802,10.2488],[106.7558,10.2664],[106.7817,10.2926],[106.7827,10.3756],[106.8225,10.3774],[106.7632,10.4525],[106.7454,10.4884],[106.744,10.5],[106.7359,10.4981],[106.7049,10.4711],[106.6887,10.445],[106.6923,10.4356],[106.6902,10.4285],[106.6857,10.4281],[106.6982,10.4227],[106.6888,10.4062],[106.694,10.3968],[106.6866,10.394],[106.7148,10.3595],[106.6782,10.3355],[106.6872,10.3213],[106.6605,10.3099],[106.6697,10.2901],[106.6812,10.2955],[106.7138,10.2767]]]}},{"type":"Feature","properties":{"gid":"VNM.58.7_1","provZh":"前江省","name2":"Gò Công Tây","type2":"Huyện","engtype2":"District"},"geometry":{"type":"Polygon","coordinates":[[[106.6255,10.2851],[106.6462,10.2765],[106.6589,10.2787],[106.6697,10.2901],[106.6609,10.3117],[106.6872,10.3213],[106.6782,10.3355],[106.6742,10.341],[106.6514,10.3347],[106.6513,10.3588],[106.6466,10.3584],[106.6332,10.3801],[106.6357,10.3897],[106.6268,10.3923],[106.6158,10.4151],[106.6015,10.422],[106.6007,10.4266],[106.5873,10.4258],[106.5892,10.4184],[106.5713,10.412],[106.5578,10.4141],[106.5583,10.4245],[106.5489,10.4248],[106.5461,10.4295],[106.5373,10.4206],[106.5299,10.4333],[106.5252,10.4317],[106.52,10.4253],[106.5281,10.4149],[106.5232,10.4109],[106.5369,10.4089],[106.5435,10.4133],[106.5497,10.3991],[106.543,10.3937],[106.5385,10.3756],[106.5325,10.3761],[106.5287,10.3679],[106.5149,10.3613],[106.5153,10.355],[106.5215,10.3563],[106.5216,10.3499],[106.5267,10.3503],[106.5207,10.3379],[106.5254,10.3354],[106.5248,10.3275],[106.5412,10.3368],[106.5445,10.3312],[106.5517,10.3322],[106.5463,10.3217],[106.5543,10.3181],[106.5434,10.2976],[106.5668,10.2889],[106.6255,10.2851]]]}},{"type":"Feature","properties":{"gid":"VNM.58.9_1","provZh":"前江省","name2":"Mỹ Tho","type2":"Thành phố","engtype2":"City"},"geometry":{"type":"Polygon","coordinates":[[[106.2946,10.324],[106.3047,10.3192],[106.3679,10.3396],[106.3983,10.3362],[106.4108,10.3433],[106.4134,10.3562],[106.4052,10.3785],[106.4101,10.3871],[106.4042,10.3901],[106.403,10.4022],[106.3966,10.395],[106.3816,10.4057],[106.3564,10.3957],[106.3463,10.4028],[106.3375,10.3928],[106.3187,10.4032],[106.3162,10.3956],[106.3052,10.3919],[106.3067,10.3535],[106.3137,10.3375],[106.288,10.3306],[106.2946,10.324]]]}},{"type":"Feature","properties":{"gid":"VNM.58.10_1","provZh":"前江省","name2":"Tân Phú Đông","type2":"Huyện","engtype2":"District"},"geometry":{"type":"MultiPolygon","coordinates":[[[[106.7868,10.2017],[106.8014,10.2084],[106.7872,10.2246],[106.7844,10.2231],[106.7905,10.2133],[106.7868,10.2017]]],[[[106.7093,10.2123],[106.7543,10.191],[106.7566,10.2055],[106.781,10.2225],[106.7786,10.2436],[106.7519,10.2624],[106.7049,10.2799],[106.6812,10.2955],[106.6492,10.276],[106.616,10.2871],[106.5607,10.2902],[106.524,10.3049],[106.4772,10.3066],[106.5357,10.2679],[106.5904,10.2508],[106.6778,10.2367],[106.6912,10.2309],[106.7093,10.2123]]]]}},{"type":"Feature","properties":{"gid":"VNM.58.11_1","provZh":"前江省","name2":"Tân Phước","type2":"Huyện","engtype2":"District"},"geometry":{"type":"Polygon","coordinates":[[[106.1781,10.474],[106.187,10.4663],[106.1846,10.4576],[106.203,10.455],[106.2074,10.4456],[106.2136,10.4547],[106.236,10.4418],[106.2389,10.4309],[106.2715,10.4409],[106.2722,10.4371],[106.3,10.4421],[106.2987,10.4493],[106.3207,10.4507],[106.3188,10.4598],[106.3265,10.4601],[106.3232,10.4797],[106.3143,10.497],[106.3207,10.5024],[106.3292,10.5006],[106.3311,10.5056],[106.3255,10.5074],[106.3296,10.5133],[106.3436,10.5106],[106.3424,10.5157],[106.3476,10.5176],[106.3483,10.5448],[106.3402,10.5463],[106.3213,10.5691],[106.3104,10.5656],[106.2861,10.587],[106.1012,10.5758],[106.1024,10.5228],[106.0896,10.5234],[106.0983,10.499],[106.1439,10.488],[106.144,10.4826],[106.1781,10.474]]]}},{"type":"Feature","properties":{"gid":"VNM.59.3_1","provZh":"茶荣省","name2":"Càng Long","type2":"Huyện","engtype2":"District"},"geometry":{"type":"Polygon","coordinates":[[[106.1634,9.8604],[106.1721,9.8642],[106.162,9.8889],[106.1837,9.8926],[106.185,9.8879],[106.1948,9.892],[106.1966,9.8857],[106.2036,9.8843],[106.2363,9.897],[106.2352,9.9044],[106.2445,9.9172],[106.2645,9.9151],[106.2619,9.9236],[106.2911,9.9431],[106.2923,9.951],[106.3022,9.956],[106.3061,9.9639],[106.3149,9.9966],[106.3035,10.01],[106.32,10.0167],[106.2796,10.0592],[106.2512,10.0779],[106.2399,10.0811],[106.2279,10.0703],[106.229,10.059],[106.2224,10.0435],[106.231,10.0418],[106.2323,10.0236],[106.2105,10.0085],[106.2044,10.0095],[106.1898,10.0263],[106.1507,10.0176],[106.1348,10.024],[106.1317,9.9617],[106.1127,9.9384],[106.1403,9.9198],[106.1284,9.902],[106.1416,9.8681],[106.1634,9.8604]]]}},{"type":"Feature","properties":{"gid":"VNM.59.1_1","provZh":"茶荣省","name2":"Cầu Kè","type2":"Huyện","engtype2":"District"},"geometry":{"type":"Polygon","coordinates":[[[106.0771,9.7724],[106.1112,9.7512],[106.1115,9.7632],[106.1021,9.7715],[106.106,9.7766],[106.0994,9.782],[106.1036,9.7938],[106.1161,9.7958],[106.1167,9.8064],[106.127,9.8044],[106.1269,9.814],[106.1619,9.843],[106.1592,9.8469],[106.1672,9.8605],[106.1416,9.8681],[106.1284,9.902],[106.1403,9.9198],[106.0864,9.9597],[106.0767,9.9449],[106.0561,9.9468],[106.0379,9.9273],[106.0202,9.9329],[106.0132,9.9244],[106.015,9.9167],[105.9866,9.901],[105.9635,9.9223],[105.9525,9.9225],[105.9959,9.8656],[106.0052,9.8467],[106.0771,9.7724]]]}},{"type":"Feature","properties":{"gid":"VNM.59.2_1","provZh":"茶荣省","name2":"Cầu Ngang","type2":"Huyện","engtype2":"District"},"geometry":{"type":"Polygon","coordinates":[[[106.4451,9.6987],[106.4773,9.7021],[106.4841,9.6977],[106.5199,9.7173],[106.5193,9.722],[106.5382,9.7409],[106.5443,9.7534],[106.5526,9.7908],[106.506,9.8419],[106.4441,9.8959],[106.4364,9.8896],[106.444,9.8619],[106.4327,9.859],[106.4198,9.8637],[106.3804,9.8491],[106.3777,9.8149],[106.3693,9.8122],[106.3564,9.7938],[106.3428,9.7945],[106.3439,9.7792],[106.3246,9.7645],[106.3295,9.7564],[106.3414,9.7582],[106.3595,9.7279],[106.3803,9.7302],[106.39,9.7372],[106.4039,9.7362],[106.4106,9.7268],[106.4088,9.7148],[106.4179,9.7095],[106.4114,9.7072],[106.403,9.7121],[106.3958,9.7054],[106.4013,9.6769],[106.4451,9.6987]]]}},{"type":"Feature","properties":{"gid":"VNM.59.4_1","provZh":"茶荣省","name2":"Châu Thành","type2":"Huyện","engtype2":"District"},"geometry":{"type":"Polygon","coordinates":[[[106.6124,9.7888],[106.5746,9.8319],[106.527,9.8721],[106.4926,9.9123],[106.3781,9.9806],[106.3905,9.951],[106.3885,9.9462],[106.3591,9.9755],[106.3527,9.9697],[106.3478,9.9483],[106.3538,9.9107],[106.3573,9.9018],[106.3637,9.9029],[106.3656,9.8905],[106.3485,9.8867],[106.3479,9.8906],[106.3351,9.889],[106.3345,9.8974],[106.3094,9.9111],[106.3027,9.9079],[106.3056,9.9175],[106.3023,9.9243],[106.3221,9.9278],[106.3212,9.9478],[106.3111,9.9522],[106.3061,9.9639],[106.3022,9.956],[106.2923,9.951],[106.2911,9.9431],[106.2619,9.9236],[106.2645,9.9151],[106.2445,9.9172],[106.2352,9.9044],[106.2363,9.897],[106.2198,9.8899],[106.2255,9.8749],[106.23,9.8791],[106.2342,9.8702],[106.2303,9.8657],[106.2364,9.8449],[106.2494,9.84],[106.2715,9.8497],[106.2799,9.8375],[106.2843,9.8075],[106.3025,9.8023],[106.3069,9.7953],[106.3098,9.7989],[106.3216,9.793],[106.3564,9.7938],[106.3693,9.8122],[106.3777,9.8149],[106.3804,9.8491],[106.4198,9.8637],[106.4327,9.859],[106.444,9.8619],[106.4364,9.8896],[106.4441,9.8959],[106.506,9.8419],[106.5794,9.7599],[106.6124,9.7888]]]}},{"type":"Feature","properties":{"gid":"VNM.59.6_1","provZh":"茶荣省","name2":"Duyên Hải","type2":"Huyện","engtype2":"District"},"geometry":{"type":"Polygon","coordinates":[[[106.2751,9.6063],[106.2724,9.6027],[106.2998,9.5859],[106.3088,9.5952],[106.3414,9.5748],[106.3681,9.5492],[106.3684,9.5343],[106.3741,9.5301],[106.4063,9.5376],[106.4108,9.5296],[106.4305,9.5319],[106.4806,9.5474],[106.5057,9.5615],[106.4771,9.5634],[106.4646,9.5937],[106.4746,9.5967],[106.4664,9.6248],[106.4414,9.6265],[106.4408,9.6535],[106.4573,9.6526],[106.4574,9.6698],[106.4617,9.674],[106.4591,9.682],[106.4661,9.6879],[106.4643,9.6937],[106.4807,9.7009],[106.4773,9.7021],[106.4451,9.6987],[106.4013,9.6769],[106.4018,9.6857],[106.3945,9.6991],[106.3256,9.6723],[106.3294,9.6542],[106.3167,9.6431],[106.3243,9.6178],[106.2751,9.6063]]]}},{"type":"Feature","properties":{"gid":"VNM.59.5_1","provZh":"茶荣省","name2":"Duyên Hải (Thị xã)","type2":"Thị xã","engtype2":"Town"},"geometry":{"type":"Polygon","coordinates":[[[106.5196,9.5727],[106.5576,9.6167],[106.5807,9.6658],[106.5789,9.6928],[106.5702,9.6969],[106.5704,9.7201],[106.5639,9.7424],[106.5794,9.7599],[106.5526,9.7908],[106.5443,9.7534],[106.5382,9.7409],[106.5193,9.722],[106.5199,9.7173],[106.4947,9.7054],[106.4941,9.701],[106.4841,9.6977],[106.4807,9.7009],[106.4643,9.6937],[106.4661,9.6879],[106.4591,9.682],[106.4617,9.674],[106.4574,9.6698],[106.4573,9.6526],[106.4408,9.6535],[106.44,9.6502],[106.4414,9.6265],[106.4664,9.6248],[106.4746,9.5967],[106.4646,9.5937],[106.4771,9.5634],[106.5057,9.5615],[106.5196,9.5727]]]}},{"type":"Feature","properties":{"gid":"VNM.59.7_1","provZh":"茶荣省","name2":"Tiểu Cần","type2":"Huyện","engtype2":"District"},"geometry":{"type":"Polygon","coordinates":[[[106.1122,9.7576],[106.1112,9.7512],[106.1328,9.7264],[106.1766,9.7379],[106.1788,9.7446],[106.1828,9.7371],[106.1954,9.7474],[106.1971,9.742],[106.2016,9.7435],[106.2075,9.7522],[106.2301,9.7559],[106.239,9.7531],[106.2378,9.7643],[106.2605,9.7675],[106.261,9.7717],[106.3014,9.7847],[106.3017,9.7912],[106.3077,9.793],[106.3025,9.8023],[106.2843,9.8075],[106.2799,9.8375],[106.2715,9.8497],[106.2494,9.84],[106.2364,9.8449],[106.2303,9.8657],[106.2342,9.8702],[106.23,9.8791],[106.2255,9.8749],[106.2193,9.8905],[106.2036,9.8843],[106.1966,9.8857],[106.1948,9.892],[106.185,9.8879],[106.1837,9.8926],[106.162,9.8889],[106.1721,9.8642],[106.1655,9.8615],[106.1677,9.8576],[106.1592,9.8469],[106.1619,9.843],[106.1269,9.814],[106.127,9.8044],[106.1167,9.8064],[106.1161,9.7958],[106.1036,9.7938],[106.0994,9.782],[106.106,9.7766],[106.1021,9.7715],[106.1122,9.7576]]]}},{"type":"Feature","properties":{"gid":"VNM.59.8_1","provZh":"茶荣省","name2":"Trà Cú","type2":"Huyện","engtype2":"District"},"geometry":{"type":"Polygon","coordinates":[[[106.1938,9.6663],[106.2504,9.6153],[106.2724,9.6027],[106.2799,9.6091],[106.3243,9.6178],[106.3167,9.6431],[106.3294,9.6542],[106.3256,9.6723],[106.3954,9.6995],[106.4009,9.7114],[106.4114,9.7072],[106.4179,9.7095],[106.4088,9.7148],[106.4106,9.7268],[106.4039,9.7362],[106.39,9.7372],[106.3803,9.7302],[106.3595,9.7279],[106.3414,9.7582],[106.3295,9.7564],[106.3246,9.7645],[106.3439,9.7792],[106.3428,9.7945],[106.3216,9.793],[106.3098,9.7989],[106.3014,9.7847],[106.261,9.7717],[106.2605,9.7675],[106.2378,9.7643],[106.239,9.7531],[106.2301,9.7559],[106.2075,9.7522],[106.2016,9.7435],[106.1971,9.742],[106.1954,9.7474],[106.1828,9.7371],[106.1788,9.7446],[106.1766,9.7379],[106.1328,9.7264],[106.1938,9.6663]]]}},{"type":"Feature","properties":{"gid":"VNM.59.9_1","provZh":"茶荣省","name2":"Trà Vinh","type2":"Thành phố","engtype2":"City"},"geometry":{"type":"Polygon","coordinates":[[[106.3027,9.9079],[106.3094,9.9111],[106.3345,9.8974],[106.3351,9.889],[106.3479,9.8906],[106.3485,9.8867],[106.3656,9.8905],[106.3637,9.9029],[106.3573,9.9018],[106.3538,9.9107],[106.3478,9.9483],[106.3527,9.9697],[106.3591,9.9755],[106.3885,9.9462],[106.3905,9.951],[106.3781,9.9806],[106.3459,10.0045],[106.32,10.0167],[106.3035,10.0078],[106.3149,9.9966],[106.3049,9.9683],[106.3111,9.9522],[106.3212,9.9478],[106.3221,9.9278],[106.3023,9.9243],[106.3056,9.9175],[106.3027,9.9079]]]}},{"type":"Feature","properties":{"gid":"VNM.60.1_1","provZh":"宣光省","name2":"Chiêm Hóa","type2":"Huyện","engtype2":"District"},"geometry":{"type":"Polygon","coordinates":[[[105.4747,22.0658],[105.463,22.0744],[105.4749,22.0974],[105.4649,22.104],[105.4632,22.1155],[105.4752,22.1265],[105.4747,22.1372],[105.4821,22.1461],[105.4935,22.1508],[105.493,22.1582],[105.476,22.1636],[105.4698,22.1606],[105.4624,22.1694],[105.4642,22.1814],[105.46,22.1896],[105.4502,22.1908],[105.4333,22.2104],[105.4356,22.2278],[105.4413,22.2305],[105.436,22.2395],[105.4388,22.2547],[105.4357,22.2588],[105.4207,22.2619],[105.4117,22.2722],[105.3958,22.2623],[105.3766,22.2707],[105.3575,22.2701],[105.3512,22.2629],[105.3386,22.2627],[105.3252,22.2559],[105.3092,22.2571],[105.2676,22.2881],[105.2641,22.2953],[105.2667,22.3036],[105.2806,22.3153],[105.2767,22.3339],[105.2924,22.345],[105.2896,22.3603],[105.2942,22.3754],[105.2833,22.3775],[105.2805,22.3956],[105.252,22.3968],[105.2456,22.3632],[105.2271,22.3643],[105.2199,22.3464],[105.2087,22.3337],[105.1824,22.3416],[105.1692,22.3532],[105.1648,22.3705],[105.1554,22.3725],[105.1522,22.3803],[105.1412,22.3848],[105.1298,22.3568],[105.1202,22.3586],[105.1209,22.341],[105.1279,22.3331],[105.1124,22.3178],[105.1055,22.3365],[105.0933,22.349],[105.0576,22.3575],[105.0413,22.3531],[105.0519,22.3359],[105.0621,22.3299],[105.06,22.3128],[105.0446,22.3116],[105.0481,22.2887],[105.0311,22.2837],[105.017,22.2686],[105.0098,22.2676],[105.0096,22.2625],[105.0005,22.2606],[104.9946,22.2503],[104.9961,22.2404],[105.0057,22.2307],[105.0075,22.2216],[105.0224,22.2242],[105.0216,22.233],[105.0305,22.2408],[105.0749,22.2284],[105.0869,22.2094],[105.1032,22.1966],[105.1054,22.1864],[105.1171,22.1845],[105.1245,22.1758],[105.1216,22.1673],[105.1269,22.1589],[105.1208,22.1544],[105.1281,22.1473],[105.1198,22.1351],[105.1414,22.1208],[105.1446,22.1099],[105.1568,22.1068],[105.159,22.0912],[105.1481,22.0807],[105.148,22.0745],[105.1623,22.0535],[105.1399,22.0407],[105.1377,22.0279],[105.145,22.0199],[105.1588,22.0132],[105.1704,22.0157],[105.1749,22.0352],[105.1982,22.0488],[105.201,22.0582],[105.208,22.0618],[105.2077,22.069],[105.2379,22.059],[105.243,22.0365],[105.2357,22.0303],[105.2384,22.0186],[105.2745,22.0234],[105.288,22.0131],[105.2957,22.0222],[105.308,22.0228],[105.3243,22.0413],[105.3364,22.0355],[105.3506,22.0369],[105.368,22.0148],[105.3643,21.9943],[105.3717,21.9906],[105.3774,21.9719],[105.3703,21.9621],[105.378,21.948],[105.3989,21.941],[105.4177,21.9485],[105.4396,21.966],[105.4566,21.9626],[105.4627,21.9675],[105.4641,21.9931],[105.486,21.9974],[105.4776,22.0249],[105.4896,22.0299],[105.4907,22.0378],[105.4875,22.0476],[105.4737,22.0605],[105.4747,22.0658]]]}},{"type":"Feature","properties":{"gid":"VNM.60.2_1","provZh":"宣光省","name2":"Hàm Yên","type2":"Huyện","engtype2":"District"},"geometry":{"type":"Polygon","coordinates":[[[105.1198,21.9143],[105.1174,21.9221],[105.1211,21.9289],[105.1289,21.9208],[105.1583,21.9287],[105.1565,21.9498],[105.1461,21.9616],[105.154,21.9735],[105.151,21.979],[105.14,21.9792],[105.1425,21.9973],[105.1333,22.0083],[105.145,22.0199],[105.1377,22.0279],[105.1399,22.0407],[105.1623,22.0535],[105.148,22.0745],[105.1481,22.0807],[105.159,22.0912],[105.1568,22.1068],[105.1446,22.1099],[105.1414,22.1208],[105.1198,22.1351],[105.1281,22.1473],[105.1208,22.1544],[105.1269,22.1589],[105.1216,22.1673],[105.1251,22.1748],[105.1171,22.1845],[105.1054,22.1864],[105.1032,22.1966],[105.0869,22.2094],[105.0749,22.2284],[105.0593,22.2358],[105.0305,22.2408],[105.0216,22.233],[105.0224,22.2242],[105.0075,22.2216],[104.9946,22.2503],[105.0005,22.2606],[105.0096,22.2625],[105.0036,22.2839],[105.0087,22.2948],[104.9963,22.302],[104.9935,22.3147],[104.9803,22.3252],[104.9664,22.319],[104.95,22.3209],[104.9391,22.3332],[104.9193,22.3334],[104.9087,22.3488],[104.8996,22.3492],[104.8969,22.3301],[104.891,22.3243],[104.8965,22.3163],[104.9102,22.3133],[104.9213,22.2905],[104.9141,22.2908],[104.9055,22.2755],[104.8948,22.2762],[104.8918,22.2701],[104.9051,22.2607],[104.9182,22.2405],[104.912,22.2358],[104.914,22.2161],[104.9032,22.2112],[104.8936,22.1828],[104.8792,22.186],[104.8753,22.2011],[104.8643,22.2024],[104.849,22.1852],[104.8555,22.1702],[104.854,22.1574],[104.8636,22.1425],[104.8597,22.126],[104.8649,22.0966],[104.882,22.0724],[104.8952,22.0718],[104.903,22.0639],[104.9126,22.0654],[104.9181,22.0587],[104.9281,22.0617],[104.9347,22.0586],[104.9411,22.0531],[104.9406,22.0442],[104.9465,22.0357],[104.956,22.035],[104.9624,22.029],[104.9735,22.0408],[104.9977,22.0429],[104.9923,22.0204],[104.9964,22.0148],[104.9897,22.0026],[104.9907,21.9937],[104.9998,21.988],[104.9925,21.972],[104.9953,21.9618],[104.9865,21.9364],[104.9976,21.9287],[105.0098,21.9372],[105.0192,21.9357],[105.0189,21.9269],[105.0229,21.9243],[105.0139,21.8993],[105.0185,21.8941],[105.037,21.8913],[105.0458,21.8639],[105.0588,21.858],[105.0696,21.8391],[105.0791,21.847],[105.0786,21.8581],[105.0967,21.8709],[105.092,21.8915],[105.1039,21.8925],[105.1198,21.9143]]]}},{"type":"Feature","properties":{"gid":"VNM.60.3_1","provZh":"宣光省","name2":"Lâm Bình","type2":"Huyện","engtype2":"District"},"geometry":{"type":"Polygon","coordinates":[[[105.194,22.3387],[105.2087,22.3337],[105.2199,22.3464],[105.2271,22.3643],[105.2456,22.3632],[105.252,22.3968],[105.2585,22.3968],[105.2615,22.4049],[105.2714,22.4102],[105.2703,22.4311],[105.2781,22.4369],[105.2888,22.4245],[105.3082,22.4136],[105.312,22.3987],[105.3459,22.4164],[105.3839,22.3988],[105.3799,22.4151],[105.3853,22.4556],[105.38,22.4708],[105.3879,22.4773],[105.3912,22.4896],[105.402,22.4925],[105.401,22.5056],[105.3888,22.5133],[105.3762,22.5348],[105.3659,22.5393],[105.3594,22.5533],[105.3474,22.5548],[105.3525,22.5666],[105.3347,22.5986],[105.3183,22.6043],[105.311,22.6152],[105.2822,22.6192],[105.285,22.6325],[105.2707,22.649],[105.251,22.6539],[105.2447,22.6486],[105.2359,22.6606],[105.2116,22.6654],[105.2058,22.6775],[105.174,22.6834],[105.1692,22.6902],[105.1485,22.6978],[105.1386,22.6867],[105.1354,22.6719],[105.1304,22.67],[105.1396,22.664],[105.14,22.656],[105.1478,22.6504],[105.1597,22.6222],[105.1524,22.6187],[105.143,22.6255],[105.1393,22.6132],[105.1268,22.6049],[105.1332,22.5889],[105.1139,22.575],[105.1202,22.5673],[105.1275,22.5356],[105.1074,22.4907],[105.1128,22.4842],[105.1112,22.4651],[105.1179,22.4567],[105.0871,22.4391],[105.0962,22.4294],[105.101,22.4146],[105.09,22.3948],[105.0755,22.3937],[105.0729,22.3823],[105.0846,22.3653],[105.0806,22.3524],[105.0985,22.3458],[105.1124,22.3178],[105.1279,22.3331],[105.1209,22.341],[105.1202,22.3586],[105.1298,22.3568],[105.1412,22.3848],[105.1522,22.3803],[105.1554,22.3725],[105.1648,22.3705],[105.1732,22.3491],[105.194,22.3387]]]}},{"type":"Feature","properties":{"gid":"VNM.60.4_1","provZh":"宣光省","name2":"Nà Hang","type2":"Huyện","engtype2":"District"},"geometry":{"type":"Polygon","coordinates":[[[105.4728,22.2728],[105.4601,22.2838],[105.4919,22.2936],[105.4789,22.3083],[105.4827,22.3169],[105.4976,22.3201],[105.4963,22.3412],[105.5141,22.3487],[105.5183,22.4004],[105.536,22.4077],[105.5598,22.4024],[105.5712,22.4193],[105.5594,22.4102],[105.5528,22.4121],[105.5503,22.4206],[105.555,22.4287],[105.5486,22.4375],[105.5563,22.4391],[105.56,22.463],[105.5983,22.489],[105.5917,22.5082],[105.5987,22.5222],[105.5907,22.5446],[105.578,22.5592],[105.5634,22.5602],[105.5588,22.5728],[105.5518,22.576],[105.5464,22.5896],[105.549,22.5993],[105.5289,22.6192],[105.5316,22.6332],[105.5269,22.6349],[105.502,22.6349],[105.4863,22.6185],[105.4772,22.6206],[105.4506,22.6073],[105.4466,22.6124],[105.4426,22.604],[105.4422,22.61],[105.4372,22.6087],[105.4381,22.6046],[105.41,22.6139],[105.3979,22.6294],[105.3837,22.6282],[105.3584,22.6398],[105.3272,22.6413],[105.3196,22.6358],[105.3237,22.6308],[105.3144,22.6091],[105.3347,22.5986],[105.3525,22.5666],[105.3474,22.5548],[105.3594,22.5533],[105.3659,22.5393],[105.3762,22.5348],[105.3888,22.5133],[105.401,22.5056],[105.402,22.4925],[105.3912,22.4896],[105.3879,22.4773],[105.38,22.4708],[105.3853,22.4556],[105.3799,22.4151],[105.3839,22.3988],[105.3459,22.4164],[105.312,22.3987],[105.3082,22.4136],[105.2984,22.4224],[105.2888,22.4245],[105.2781,22.4369],[105.2719,22.4341],[105.2714,22.4102],[105.2615,22.4049],[105.2585,22.3968],[105.2634,22.3934],[105.2805,22.3956],[105.2798,22.3835],[105.2872,22.3748],[105.2942,22.3754],[105.294,22.3679],[105.2896,22.3603],[105.2924,22.345],[105.2767,22.3339],[105.2806,22.3153],[105.2667,22.3036],[105.2641,22.2953],[105.2778,22.277],[105.2904,22.2693],[105.2951,22.2709],[105.3092,22.2571],[105.3252,22.2559],[105.3386,22.2627],[105.3512,22.2629],[105.3575,22.2701],[105.3766,22.2707],[105.3958,22.2623],[105.4117,22.2722],[105.4207,22.2619],[105.4357,22.2588],[105.4538,22.2682],[105.4628,22.2646],[105.4728,22.2728]]]}},{"type":"Feature","properties":{"gid":"VNM.60.5_1","provZh":"宣光省","name2":"Sơn Dương","type2":"Huyện","engtype2":"District"},"geometry":{"type":"Polygon","coordinates":[[[105.295,21.5237],[105.2981,21.5121],[105.304,21.5082],[105.3185,21.5133],[105.3405,21.5035],[105.337,21.508],[105.3442,21.5184],[105.3711,21.5246],[105.3816,21.5227],[105.3891,21.5119],[105.4121,21.5128],[105.4235,21.4976],[105.4297,21.5058],[105.4555,21.511],[105.4586,21.5186],[105.4688,21.5177],[105.4739,21.524],[105.4883,21.5181],[105.4937,21.5284],[105.4974,21.5252],[105.5133,21.5364],[105.5216,21.5353],[105.5305,21.5583],[105.5425,21.5738],[105.5359,21.5814],[105.5267,21.5826],[105.5141,21.6028],[105.4966,21.6184],[105.4999,21.6326],[105.4903,21.6437],[105.4793,21.6741],[105.4871,21.6808],[105.4879,21.6887],[105.4775,21.6971],[105.4903,21.7038],[105.5042,21.7298],[105.5158,21.7364],[105.509,21.7504],[105.5258,21.7678],[105.516,21.7742],[105.5003,21.7705],[105.4949,21.7742],[105.4979,21.7931],[105.4931,21.8045],[105.4973,21.8331],[105.4943,21.8407],[105.4776,21.8461],[105.4603,21.827],[105.4506,21.8341],[105.4166,21.8279],[105.4185,21.8235],[105.41,21.811],[105.4009,21.8099],[105.3942,21.7963],[105.385,21.7959],[105.3755,21.7865],[105.3728,21.762],[105.3799,21.7498],[105.3693,21.7345],[105.3712,21.7309],[105.3504,21.7303],[105.3464,21.7397],[105.3495,21.7465],[105.3431,21.7455],[105.3394,21.755],[105.3263,21.7635],[105.3022,21.764],[105.2808,21.7748],[105.2608,21.7735],[105.2566,21.7684],[105.2726,21.7327],[105.2718,21.7203],[105.2669,21.7113],[105.2532,21.704],[105.2491,21.6935],[105.2524,21.6806],[105.2354,21.6686],[105.2377,21.6431],[105.2248,21.6301],[105.233,21.6177],[105.247,21.616],[105.2515,21.6029],[105.2438,21.5975],[105.2485,21.5854],[105.2742,21.5606],[105.2679,21.5456],[105.2961,21.5347],[105.295,21.5237]]]}},{"type":"Feature","properties":{"gid":"VNM.60.6_1","provZh":"宣光省","name2":"Tuyên Quang","type2":"Thành phố","engtype2":"City"},"geometry":{"type":"Polygon","coordinates":[[[105.2572,21.7115],[105.269,21.7133],[105.273,21.7277],[105.2566,21.7684],[105.2655,21.7747],[105.2906,21.7706],[105.2933,21.7742],[105.2636,21.7873],[105.2476,21.8067],[105.2399,21.8093],[105.2385,21.8206],[105.2453,21.8183],[105.2497,21.8314],[105.2692,21.8455],[105.2569,21.8555],[105.2426,21.8508],[105.2439,21.856],[105.2304,21.8616],[105.2245,21.8551],[105.2155,21.866],[105.2124,21.8593],[105.2051,21.8598],[105.1921,21.8487],[105.1876,21.852],[105.1838,21.8459],[105.1885,21.8443],[105.1873,21.8338],[105.1747,21.814],[105.1775,21.8087],[105.1911,21.8067],[105.1968,21.7981],[105.1908,21.7836],[105.1943,21.7737],[105.2022,21.7682],[105.1952,21.7612],[105.1958,21.7538],[105.2136,21.7498],[105.2133,21.7435],[105.1932,21.7379],[105.19,21.7414],[105.1762,21.7211],[105.1825,21.716],[105.2014,21.7195],[105.2086,21.7164],[105.2148,21.7031],[105.2224,21.7008],[105.2271,21.7078],[105.2572,21.7115]]]}},{"type":"Feature","properties":{"gid":"VNM.60.7_1","provZh":"宣光省","name2":"Yên Sơn","type2":"Huyện","engtype2":"District"},"geometry":{"type":"Polygon","coordinates":[[[105.2076,21.6614],[105.2351,21.6585],[105.2354,21.6686],[105.2524,21.6806],[105.2493,21.6952],[105.2577,21.7091],[105.2398,21.7113],[105.2271,21.7078],[105.2224,21.7008],[105.2148,21.7031],[105.2086,21.7164],[105.2014,21.7195],[105.1775,21.7175],[105.1795,21.7298],[105.19,21.7414],[105.1932,21.7379],[105.2133,21.7435],[105.2136,21.7498],[105.1958,21.7538],[105.1952,21.7612],[105.2022,21.7682],[105.1943,21.7737],[105.1908,21.7836],[105.1968,21.7981],[105.1911,21.8067],[105.1775,21.8087],[105.1747,21.814],[105.1873,21.8338],[105.1885,21.8443],[105.1838,21.8459],[105.1876,21.852],[105.1921,21.8487],[105.2051,21.8598],[105.2124,21.8593],[105.2155,21.866],[105.2245,21.8551],[105.2304,21.8616],[105.2439,21.856],[105.2426,21.8508],[105.2569,21.8555],[105.269,21.8437],[105.2497,21.8314],[105.2453,21.8183],[105.2385,21.8206],[105.2399,21.8093],[105.2476,21.8067],[105.2636,21.7873],[105.2895,21.7789],[105.2975,21.7653],[105.3326,21.7612],[105.3431,21.7455],[105.3495,21.7465],[105.3464,21.7397],[105.3546,21.7282],[105.3648,21.7335],[105.3712,21.7309],[105.3693,21.7345],[105.3799,21.7498],[105.3728,21.762],[105.3755,21.7865],[105.385,21.7959],[105.3942,21.7963],[105.4009,21.8099],[105.41,21.811],[105.4185,21.8235],[105.4166,21.8279],[105.4506,21.8341],[105.4603,21.827],[105.4776,21.8461],[105.4943,21.8407],[105.4968,21.8319],[105.5108,21.8327],[105.516,21.8267],[105.528,21.8349],[105.5286,21.8524],[105.5184,21.8759],[105.5249,21.8879],[105.5445,21.8922],[105.545,21.904],[105.5529,21.9085],[105.5491,21.9476],[105.5557,21.9575],[105.5515,21.9628],[105.5322,21.9679],[105.5165,21.987],[105.512,21.9845],[105.505,21.9926],[105.5056,22.008],[105.4948,22.0107],[105.4896,22.0299],[105.4776,22.0249],[105.486,21.9974],[105.4641,21.9931],[105.4627,21.9675],[105.4566,21.9626],[105.4337,21.9636],[105.4177,21.9485],[105.3989,21.941],[105.378,21.948],[105.3703,21.9621],[105.3774,21.9719],[105.3717,21.9906],[105.3643,21.9943],[105.368,22.0148],[105.3506,22.0369],[105.3364,22.0355],[105.3243,22.0413],[105.308,22.0228],[105.2957,22.0222],[105.288,22.0131],[105.2745,22.0234],[105.2384,22.0186],[105.2357,22.0303],[105.243,22.0365],[105.2379,22.059],[105.2077,22.069],[105.208,22.0618],[105.201,22.0582],[105.1982,22.0488],[105.1749,22.0352],[105.1704,22.0157],[105.1588,22.0132],[105.1489,22.0202],[105.1359,22.0147],[105.1333,22.0083],[105.1425,21.9973],[105.14,21.9792],[105.151,21.979],[105.154,21.9735],[105.1461,21.9616],[105.1565,21.9498],[105.1583,21.9287],[105.1289,21.9208],[105.1211,21.9289],[105.1174,21.9221],[105.1215,21.9153],[105.1039,21.8925],[105.092,21.8915],[105.0967,21.8709],[105.0786,21.8581],[105.0791,21.847],[105.0696,21.8391],[105.0772,21.8302],[105.0889,21.8282],[105.1003,21.812],[105.0882,21.8065],[105.0807,21.7875],[105.0714,21.7802],[105.0809,21.7707],[105.075,21.7586],[105.069,21.7516],[105.0564,21.7479],[105.0761,21.7357],[105.0769,21.722],[105.0831,21.7242],[105.0861,21.7182],[105.1019,21.7178],[105.1088,21.7066],[105.1237,21.7046],[105.1338,21.6967],[105.1502,21.6997],[105.1558,21.6814],[105.1655,21.6884],[105.1786,21.6867],[105.1803,21.6805],[105.1923,21.6768],[105.1948,21.6696],[105.2076,21.6614]]]}},{"type":"Feature","properties":{"gid":"VNM.61.1_1","provZh":"永隆省","name2":"Bình Minh","type2":"Thị xã","engtype2":"Town"},"geometry":{"type":"Polygon","coordinates":[[[105.8976,10.013],[105.886,10.0537],[105.876,10.0495],[105.8656,10.0554],[105.8595,10.0811],[105.8613,10.0923],[105.8576,10.103],[105.8515,10.1032],[105.8516,10.1091],[105.8387,10.0941],[105.7968,10.1059],[105.7951,10.0533],[105.835,9.9941],[105.8493,9.9979],[105.8844,9.9813],[105.883,9.9875],[105.8886,9.988],[105.8824,9.9904],[105.8938,10.0133],[105.8976,10.013]]]}},{"type":"Feature","properties":{"gid":"VNM.61.2_1","provZh":"永隆省","name2":"Bình Tân","type2":"Huyện","engtype2":"District"},"geometry":{"type":"Polygon","coordinates":[[[105.8011,10.1555],[105.7748,10.189],[105.7658,10.1793],[105.7477,10.1969],[105.7278,10.2047],[105.6823,10.1345],[105.781,10.0701],[105.7951,10.0533],[105.7968,10.1059],[105.8387,10.0941],[105.8516,10.1091],[105.8515,10.1032],[105.8576,10.103],[105.8563,10.1143],[105.8648,10.1153],[105.8657,10.1297],[105.8664,10.154],[105.8516,10.1601],[105.8491,10.1502],[105.8185,10.1495],[105.8011,10.1555]]]}},{"type":"Feature","properties":{"gid":"VNM.61.3_1","provZh":"永隆省","name2":"Long Hồ","type2":"Huyện","engtype2":"District"},"geometry":{"type":"Polygon","coordinates":[[[105.9584,10.1608],[105.9603,10.1659],[105.9812,10.1516],[105.9959,10.1483],[106.0052,10.1337],[106.0228,10.138],[106.032,10.1465],[106.0206,10.1634],[106.025,10.178],[106.0208,10.1858],[106.0232,10.1928],[106.012,10.1949],[105.9987,10.2236],[106.0031,10.2298],[106.0195,10.2274],[106.0271,10.2351],[106.0288,10.2413],[106.0169,10.252],[106.0211,10.26],[106.0343,10.2562],[106.0381,10.2593],[106.0349,10.2722],[106.0281,10.2732],[106.0292,10.2897],[106.0346,10.2988],[105.9878,10.3313],[105.9693,10.3247],[105.9269,10.2837],[105.9617,10.2601],[105.995,10.2644],[105.9896,10.2375],[105.9921,10.2295],[105.9758,10.2331],[105.9667,10.2284],[105.9565,10.2297],[105.9521,10.2216],[105.946,10.2233],[105.9433,10.2331],[105.9431,10.2396],[105.948,10.2425],[105.9257,10.2423],[105.9176,10.2343],[105.9148,10.2206],[105.9197,10.2116],[105.9132,10.1924],[105.8996,10.1918],[105.8952,10.1855],[105.8762,10.1892],[105.8773,10.1823],[105.8701,10.1689],[105.8743,10.1663],[105.8705,10.1545],[105.8811,10.1497],[105.9009,10.1516],[105.9274,10.1412],[105.9273,10.147],[105.9487,10.1431],[105.9521,10.1576],[105.9584,10.1608]]]}},{"type":"Feature","properties":{"gid":"VNM.61.4_1","provZh":"永隆省","name2":"Mang Thít","type2":"Huyện","engtype2":"District"},"geometry":{"type":"Polygon","coordinates":[[[106.1616,10.1914],[106.144,10.2042],[106.1411,10.2151],[106.1116,10.2374],[106.0468,10.2458],[106.0379,10.2487],[106.0343,10.2562],[106.0211,10.26],[106.0169,10.252],[106.0288,10.2413],[106.0271,10.2351],[106.0195,10.2274],[106.0031,10.2298],[105.9987,10.2236],[106.012,10.1949],[106.0232,10.1928],[106.0208,10.1858],[106.025,10.178],[106.0206,10.1634],[106.0266,10.151],[106.0793,10.1051],[106.0853,10.1156],[106.0779,10.1213],[106.0799,10.1279],[106.0973,10.1228],[106.1025,10.128],[106.1045,10.1351],[106.0991,10.1483],[106.1064,10.171],[106.1198,10.1758],[106.1276,10.1645],[106.1513,10.1566],[106.1668,10.1657],[106.1707,10.1606],[106.1766,10.1738],[106.1616,10.1914]]]}},{"type":"Feature","properties":{"gid":"VNM.61.5_1","provZh":"永隆省","name2":"Tam Bình","type2":"Huyện","engtype2":"District"},"geometry":{"type":"Polygon","coordinates":[[[105.9331,9.9807],[105.9831,10.0207],[105.9881,10.0197],[106.0031,10.0471],[106.0095,10.0455],[106.0088,10.0592],[106.0289,10.0863],[106.0365,10.0758],[106.0483,10.081],[106.0539,10.0924],[106.07,10.0913],[106.0705,10.0979],[106.0793,10.1051],[106.032,10.1465],[106.0228,10.138],[106.0052,10.1337],[105.9959,10.1483],[105.9812,10.1516],[105.9603,10.1659],[105.9521,10.1576],[105.9487,10.1431],[105.9435,10.142],[105.9273,10.147],[105.9274,10.1412],[105.9009,10.1516],[105.8811,10.1497],[105.8673,10.1557],[105.8633,10.1471],[105.8648,10.1153],[105.8563,10.1143],[105.8595,10.0811],[105.8656,10.0554],[105.876,10.0495],[105.886,10.0537],[105.8976,10.013],[105.8938,10.0133],[105.8824,9.9904],[105.8886,9.988],[105.8827,9.9846],[105.9144,9.9662],[105.9195,9.9759],[105.9331,9.9807]]]}},{"type":"Feature","properties":{"gid":"VNM.61.6_1","provZh":"永隆省","name2":"Trà Ôn","type2":"Huyện","engtype2":"District"},"geometry":{"type":"Polygon","coordinates":[[[105.9876,9.9029],[106.015,9.9167],[106.0132,9.9244],[106.0202,9.9329],[106.0379,9.9273],[106.0561,9.9468],[106.0767,9.9449],[106.0864,9.9597],[106.0657,9.9743],[106.096,10.0411],[106.0915,10.0618],[106.0956,10.0749],[106.0822,10.0779],[106.07,10.0913],[106.0539,10.0924],[106.0483,10.081],[106.0365,10.0758],[106.0289,10.0863],[106.0088,10.0592],[106.0095,10.0455],[106.0031,10.0471],[105.9881,10.0197],[105.9831,10.0207],[105.9297,9.9781],[105.9195,9.9759],[105.9144,9.9662],[105.8493,9.9979],[105.835,9.9941],[105.8768,9.9512],[105.906,9.932],[105.9214,9.9302],[105.9605,9.902],[105.9718,9.8885],[105.9804,9.8838],[105.9525,9.9225],[105.9635,9.9223],[105.9876,9.9029]]]}},{"type":"Feature","properties":{"gid":"VNM.61.7_1","provZh":"永隆省","name2":"Vĩnh Long","type2":"Thành phố","engtype2":"City"},"geometry":{"type":"Polygon","coordinates":[[[105.9606,10.2276],[105.9758,10.2331],[105.9921,10.2295],[105.9896,10.2375],[105.995,10.2644],[105.9617,10.2601],[105.9269,10.2837],[105.9041,10.2751],[105.8935,10.276],[105.8773,10.2643],[105.8903,10.2443],[105.9019,10.245],[105.9012,10.2342],[105.9148,10.2206],[105.9176,10.2343],[105.9257,10.2423],[105.948,10.2425],[105.9431,10.2396],[105.946,10.2233],[105.9521,10.2216],[105.9565,10.2297],[105.9606,10.2276]]]}},{"type":"Feature","properties":{"gid":"VNM.61.8_1","provZh":"永隆省","name2":"Vũng Liêm","type2":"Huyện","engtype2":"District"},"geometry":{"type":"Polygon","coordinates":[[[106.0657,9.9743],[106.1127,9.9384],[106.1317,9.9617],[106.1348,10.024],[106.1507,10.0176],[106.1898,10.0263],[106.2044,10.0095],[106.2105,10.0085],[106.2323,10.0236],[106.231,10.0418],[106.2224,10.0435],[106.229,10.059],[106.2279,10.0703],[106.2399,10.0811],[106.2598,10.0741],[106.2897,10.0499],[106.2277,10.1396],[106.1877,10.1777],[106.1766,10.1738],[106.1707,10.1606],[106.1668,10.1657],[106.1534,10.1565],[106.1276,10.1645],[106.1198,10.1758],[106.1045,10.1698],[106.0991,10.1483],[106.1045,10.1351],[106.1025,10.128],[106.0973,10.1228],[106.0799,10.1279],[106.0779,10.1213],[106.0853,10.1156],[106.0705,10.0979],[106.07,10.0913],[106.0779,10.081],[106.0956,10.0749],[106.0915,10.0618],[106.0964,10.0468],[106.0657,9.9743]]]}},{"type":"Feature","properties":{"gid":"VNM.62.1_1","provZh":"永福省","name2":"Bình Xuyên","type2":"Huyện","engtype2":"District"},"geometry":{"type":"Polygon","coordinates":[[[105.6545,21.2276],[105.6454,21.2271],[105.6443,21.2337],[105.6519,21.2381],[105.6617,21.235],[105.667,21.2396],[105.6688,21.2332],[105.6749,21.2362],[105.6714,21.2304],[105.6766,21.2269],[105.6814,21.2347],[105.6939,21.2352],[105.6807,21.2431],[105.6908,21.2622],[105.7029,21.262],[105.6929,21.2672],[105.6942,21.271],[105.6834,21.2837],[105.6893,21.2889],[105.6837,21.2924],[105.6873,21.2991],[105.6954,21.297],[105.6938,21.3015],[105.7028,21.3103],[105.6994,21.3164],[105.7029,21.3194],[105.6978,21.3243],[105.7067,21.3373],[105.704,21.3533],[105.7125,21.3599],[105.7093,21.373],[105.7171,21.394],[105.7139,21.4005],[105.7271,21.4107],[105.7209,21.4159],[105.7246,21.4321],[105.7135,21.4302],[105.7045,21.4407],[105.6874,21.4428],[105.6862,21.4229],[105.6688,21.3862],[105.6732,21.3763],[105.6587,21.3613],[105.6585,21.3486],[105.6458,21.3443],[105.6455,21.3502],[105.6297,21.3647],[105.6306,21.3795],[105.6234,21.3868],[105.6184,21.3781],[105.6215,21.3636],[105.6162,21.3616],[105.6236,21.3492],[105.6105,21.3541],[105.6284,21.3258],[105.6362,21.3222],[105.6348,21.3126],[105.64,21.3012],[105.6239,21.2873],[105.6244,21.275],[105.6199,21.276],[105.6219,21.2723],[105.6049,21.255],[105.6083,21.2501],[105.603,21.2441],[105.6015,21.2281],[105.6112,21.2236],[105.6303,21.2339],[105.635,21.2256],[105.6293,21.2208],[105.6451,21.2156],[105.6582,21.2204],[105.6545,21.2276]]]}},{"type":"Feature","properties":{"gid":"VNM.62.2_1","provZh":"永福省","name2":"Lập Thạch","type2":"Huyện","engtype2":"District"},"geometry":{"type":"Polygon","coordinates":[[[105.457,21.3071],[105.4518,21.2978],[105.4588,21.2994],[105.4586,21.2947],[105.4646,21.2948],[105.4847,21.3126],[105.4831,21.3226],[105.4937,21.3262],[105.4895,21.341],[105.5071,21.3396],[105.4997,21.3469],[105.513,21.3502],[105.5146,21.3562],[105.5092,21.3627],[105.5142,21.3618],[105.5184,21.3712],[105.5087,21.3698],[105.5082,21.3733],[105.5175,21.3784],[105.5217,21.3904],[105.5185,21.3967],[105.5291,21.405],[105.5254,21.4064],[105.5216,21.4311],[105.537,21.4489],[105.5153,21.4897],[105.503,21.489],[105.4976,21.4989],[105.4884,21.5008],[105.4921,21.5124],[105.4993,21.517],[105.4937,21.5284],[105.4883,21.5181],[105.4739,21.524],[105.4688,21.5177],[105.4586,21.5186],[105.4555,21.511],[105.4297,21.5058],[105.4235,21.4976],[105.4321,21.4723],[105.4252,21.4558],[105.431,21.4498],[105.4349,21.4316],[105.4528,21.42],[105.4459,21.413],[105.4542,21.3959],[105.4491,21.3842],[105.4429,21.3827],[105.449,21.3808],[105.4505,21.3738],[105.4451,21.3707],[105.445,21.3487],[105.4549,21.3386],[105.4444,21.3271],[105.457,21.3071]]]}},{"type":"Feature","properties":{"gid":"VNM.62.3_1","provZh":"永福省","name2":"Phúc Yên","type2":"Thị xã","engtype2":"Town"},"geometry":{"type":"Polygon","coordinates":[[[105.6982,21.2133],[105.6986,21.2199],[105.7177,21.2229],[105.7197,21.23],[105.7243,21.2253],[105.7351,21.2329],[105.73,21.2383],[105.7377,21.2365],[105.7343,21.2417],[105.7251,21.2423],[105.7292,21.2489],[105.7234,21.2507],[105.7228,21.2661],[105.7292,21.2691],[105.7252,21.2724],[105.7326,21.275],[105.7432,21.2929],[105.7533,21.2949],[105.7762,21.3371],[105.7852,21.3429],[105.7861,21.3578],[105.7752,21.3607],[105.773,21.3705],[105.7598,21.3781],[105.7657,21.3887],[105.7631,21.3996],[105.7473,21.4158],[105.7271,21.4107],[105.7139,21.4005],[105.7171,21.394],[105.7093,21.373],[105.7125,21.3599],[105.704,21.3533],[105.7067,21.3373],[105.6978,21.3243],[105.7029,21.3194],[105.6994,21.3164],[105.7028,21.3103],[105.6938,21.3015],[105.6954,21.297],[105.6873,21.2991],[105.6837,21.2924],[105.6893,21.2889],[105.6834,21.2837],[105.6942,21.271],[105.6929,21.2672],[105.7027,21.2637],[105.6908,21.2622],[105.6807,21.2431],[105.6946,21.2369],[105.6826,21.2302],[105.6873,21.2305],[105.6884,21.222],[105.6982,21.2133]]]}},{"type":"Feature","properties":{"gid":"VNM.62.4_1","provZh":"永福省","name2":"Sông Lô","type2":"Huyện","engtype2":"District"},"geometry":{"type":"Polygon","coordinates":[[[105.3967,21.356],[105.4213,21.3379],[105.449,21.3286],[105.4549,21.3386],[105.445,21.3487],[105.4451,21.3707],[105.4505,21.3738],[105.449,21.3808],[105.4429,21.3827],[105.4491,21.3842],[105.4542,21.3959],[105.4459,21.413],[105.4528,21.42],[105.4349,21.4316],[105.431,21.4498],[105.4252,21.4558],[105.4321,21.4723],[105.4183,21.5083],[105.4121,21.5128],[105.3891,21.5119],[105.3816,21.5227],[105.3649,21.5238],[105.3596,21.5189],[105.3442,21.5184],[105.337,21.508],[105.3405,21.5035],[105.3252,21.5073],[105.3225,21.4946],[105.332,21.4837],[105.3438,21.4447],[105.3414,21.4239],[105.3448,21.4184],[105.3527,21.4176],[105.36,21.4268],[105.3758,21.4334],[105.3861,21.4299],[105.3981,21.4138],[105.3916,21.3854],[105.3967,21.356]]]}},{"type":"Feature","properties":{"gid":"VNM.62.5_1","provZh":"永福省","name2":"Tam Đảo","type2":"Huyện","engtype2":"District"},"geometry":{"type":"Polygon","coordinates":[[[105.6224,21.3705],[105.6184,21.3781],[105.6234,21.3868],[105.6306,21.3795],[105.6297,21.3647],[105.6455,21.3502],[105.6458,21.3443],[105.6585,21.3486],[105.6587,21.3613],[105.6732,21.3763],[105.6688,21.3862],[105.6862,21.4229],[105.6874,21.4428],[105.6749,21.4581],[105.6526,21.4573],[105.6313,21.4791],[105.6353,21.4928],[105.6185,21.4986],[105.6117,21.5057],[105.6043,21.5283],[105.5839,21.535],[105.5557,21.5709],[105.5425,21.5738],[105.5305,21.5583],[105.5216,21.5353],[105.5133,21.5364],[105.4964,21.5244],[105.4993,21.517],[105.4877,21.5022],[105.4976,21.4989],[105.503,21.489],[105.5153,21.4897],[105.5212,21.4723],[105.5364,21.4506],[105.5337,21.4445],[105.5455,21.4462],[105.552,21.4362],[105.5466,21.4309],[105.5685,21.4312],[105.5705,21.4261],[105.5613,21.4214],[105.5688,21.3991],[105.592,21.4025],[105.5987,21.3846],[105.602,21.3871],[105.6055,21.3736],[105.6135,21.3712],[105.6162,21.3616],[105.6215,21.3636],[105.6224,21.3705]]]}},{"type":"Feature","properties":{"gid":"VNM.62.6_1","provZh":"永福省","name2":"Tam Dương","type2":"Huyện","engtype2":"District"},"geometry":{"type":"Polygon","coordinates":[[[105.5534,21.2996],[105.5497,21.3014],[105.5536,21.3073],[105.567,21.3104],[105.5558,21.3198],[105.5676,21.3209],[105.5657,21.3267],[105.5778,21.3292],[105.5972,21.3443],[105.6051,21.3459],[105.6088,21.3409],[105.6175,21.3443],[105.6105,21.3541],[105.6226,21.3483],[105.6236,21.3525],[105.6121,21.3658],[105.6135,21.3712],[105.6055,21.3736],[105.592,21.4025],[105.5688,21.3991],[105.5613,21.4214],[105.5705,21.4261],[105.5685,21.4312],[105.5466,21.4309],[105.552,21.4362],[105.542,21.446],[105.5337,21.4445],[105.5216,21.4311],[105.5254,21.4064],[105.5291,21.405],[105.5185,21.3967],[105.5217,21.3904],[105.5175,21.3784],[105.5082,21.3733],[105.5087,21.3698],[105.5184,21.3734],[105.5142,21.3618],[105.5092,21.3627],[105.5144,21.3526],[105.4996,21.3447],[105.5072,21.3413],[105.5024,21.3343],[105.512,21.3302],[105.5146,21.3177],[105.5275,21.3203],[105.5399,21.3141],[105.5328,21.3083],[105.5372,21.304],[105.5306,21.2948],[105.5321,21.2882],[105.5526,21.2746],[105.5492,21.2893],[105.5534,21.2996]]]}},{"type":"Feature","properties":{"gid":"VNM.62.7_1","provZh":"永福省","name2":"Vĩnh Tường","type2":"Huyện","engtype2":"District"},"geometry":{"type":"Polygon","coordinates":[[[105.5038,21.1582],[105.5381,21.1551],[105.5376,21.1679],[105.529,21.1835],[105.5376,21.1847],[105.5362,21.19],[105.5453,21.1938],[105.5378,21.2178],[105.547,21.2355],[105.54,21.2419],[105.5412,21.2549],[105.5281,21.2581],[105.523,21.2681],[105.5345,21.2838],[105.5306,21.2948],[105.5372,21.304],[105.5328,21.3083],[105.5399,21.3141],[105.5275,21.3203],[105.5146,21.3177],[105.512,21.3302],[105.5024,21.3343],[105.505,21.3385],[105.4907,21.3412],[105.4885,21.3341],[105.4937,21.3262],[105.4822,21.3215],[105.4847,21.3126],[105.4646,21.2948],[105.45,21.2995],[105.4534,21.2914],[105.4485,21.2655],[105.4448,21.2648],[105.4522,21.238],[105.4621,21.2227],[105.4698,21.1788],[105.4862,21.163],[105.5038,21.1582]]]}},{"type":"Feature","properties":{"gid":"VNM.62.8_1","provZh":"永福省","name2":"Vĩnh Yên","type2":"Thành phố","engtype2":"City"},"geometry":{"type":"Polygon","coordinates":[[[105.5539,21.294],[105.5492,21.2893],[105.5535,21.2751],[105.565,21.2748],[105.5689,21.283],[105.5809,21.2836],[105.5826,21.2795],[105.5874,21.2838],[105.6007,21.2802],[105.6051,21.2689],[105.6133,21.2654],[105.6219,21.2723],[105.6199,21.276],[105.6244,21.275],[105.6239,21.2873],[105.64,21.3012],[105.6348,21.3126],[105.6362,21.3222],[105.6284,21.3258],[105.6175,21.3443],[105.6088,21.3409],[105.6051,21.3459],[105.5972,21.3443],[105.5778,21.3292],[105.5657,21.3267],[105.5676,21.3209],[105.5558,21.3198],[105.567,21.3104],[105.5506,21.3048],[105.5539,21.294]]]}},{"type":"Feature","properties":{"gid":"VNM.62.9_1","provZh":"永福省","name2":"Yên Lạc","type2":"Huyện","engtype2":"District"},"geometry":{"type":"Polygon","coordinates":[[[105.5761,21.1626],[105.6173,21.1791],[105.6258,21.1755],[105.6244,21.1807],[105.6298,21.1841],[105.6152,21.2076],[105.6291,21.2107],[105.6396,21.2077],[105.6369,21.218],[105.6293,21.2208],[105.635,21.2256],[105.6303,21.2339],[105.6112,21.2236],[105.6015,21.2281],[105.603,21.2441],[105.6083,21.2501],[105.6049,21.255],[105.6147,21.2636],[105.6051,21.2689],[105.6007,21.2802],[105.5689,21.283],[105.5607,21.2732],[105.5344,21.2858],[105.523,21.2681],[105.5281,21.2581],[105.5412,21.2549],[105.54,21.2419],[105.547,21.2355],[105.5378,21.2178],[105.5453,21.1938],[105.5362,21.19],[105.5376,21.1847],[105.529,21.1835],[105.5376,21.1679],[105.5381,21.1551],[105.5761,21.1626]]]}},{"type":"Feature","properties":{"gid":"VNM.63.1_1","provZh":"安沛省","name2":"Lục Yên","type2":"Huyện","engtype2":"District"},"geometry":{"type":"Polygon","coordinates":[[[104.8705,22.0016],[104.8693,22.0198],[104.8617,22.0356],[104.8778,22.0473],[104.8735,22.0613],[104.882,22.0724],[104.8649,22.0966],[104.8597,22.126],[104.8636,22.1425],[104.854,22.1574],[104.8555,22.1702],[104.849,22.1852],[104.8301,22.1773],[104.8173,22.1857],[104.8189,22.1799],[104.813,22.1728],[104.7834,22.1725],[104.78,22.1661],[104.7632,22.1696],[104.7559,22.1744],[104.7562,22.1874],[104.7416,22.1854],[104.7342,22.1978],[104.7249,22.1985],[104.7205,22.2144],[104.7298,22.2255],[104.7297,22.2345],[104.7223,22.2575],[104.7052,22.2636],[104.6864,22.2614],[104.6768,22.2648],[104.6701,22.2768],[104.6605,22.2735],[104.6505,22.2804],[104.6421,22.2768],[104.6289,22.2871],[104.6093,22.2919],[104.605,22.2892],[104.5858,22.2638],[104.584,22.2314],[104.5916,22.2194],[104.5975,22.2179],[104.614,22.2255],[104.6286,22.2192],[104.6164,22.212],[104.6152,22.2039],[104.6271,22.1714],[104.6197,22.1777],[104.6052,22.175],[104.6003,22.1826],[104.5836,22.1774],[104.5838,22.1668],[104.5891,22.1602],[104.581,22.1552],[104.5853,22.144],[104.5806,22.1386],[104.5789,22.119],[104.583,22.1128],[104.5747,22.1098],[104.5625,22.0864],[104.5634,22.0801],[104.5815,22.0647],[104.5916,22.0448],[104.6121,22.0349],[104.6245,22.0166],[104.6347,22.0179],[104.6447,22.0099],[104.6505,21.9994],[104.6634,21.9917],[104.6666,21.9802],[104.6938,21.9604],[104.7157,21.9345],[104.7383,21.9303],[104.7574,21.9537],[104.7988,21.9667],[104.8083,21.9567],[104.8212,21.9627],[104.8315,21.9499],[104.8364,21.9317],[104.8447,21.934],[104.8486,21.9491],[104.8635,21.9404],[104.8596,21.9526],[104.8679,21.9612],[104.864,21.9738],[104.8668,21.9809],[104.8741,21.9813],[104.8705,22.0016]]]}},{"type":"Feature","properties":{"gid":"VNM.63.2_1","provZh":"安沛省","name2":"Mù Căng Chải","type2":"Huyện","engtype2":"District"},"geometry":{"type":"Polygon","coordinates":[[[104.3114,21.6559],[104.3389,21.6531],[104.3462,21.667],[104.3255,21.6809],[104.3115,21.6815],[104.3043,21.7002],[104.2947,21.7093],[104.3017,21.7475],[104.299,21.7526],[104.2896,21.7523],[104.2781,21.7855],[104.2702,21.7839],[104.2684,21.8135],[104.2778,21.8058],[104.2939,21.8046],[104.2996,21.7992],[104.3098,21.8026],[104.3121,21.7896],[104.3402,21.7924],[104.362,21.7752],[104.381,21.7691],[104.4162,21.7743],[104.4175,21.7857],[104.4128,21.7935],[104.3916,21.7958],[104.3742,21.8168],[104.3429,21.8301],[104.3397,21.8401],[104.3467,21.8438],[104.3536,21.8763],[104.3401,21.8847],[104.3302,21.8988],[104.3256,21.9184],[104.2936,21.9271],[104.284,21.9402],[104.2741,21.9339],[104.2551,21.9318],[104.2127,21.9498],[104.209,21.9414],[104.2311,21.9233],[104.2277,21.9115],[104.2307,21.9018],[104.2135,21.8914],[104.1952,21.8876],[104.1627,21.892],[104.1411,21.8961],[104.1271,21.9067],[104.0984,21.9156],[104.0902,21.9156],[104.0771,21.9044],[104.0416,21.9167],[104.0362,21.914],[104.0103,21.9183],[103.9915,21.9356],[103.9971,21.9501],[103.985,21.967],[103.9712,21.9595],[103.9606,21.9355],[103.943,21.9177],[103.9196,21.9322],[103.9056,21.9211],[103.8935,21.9212],[103.8882,21.9134],[103.8893,21.8652],[103.9202,21.8367],[103.9176,21.8292],[103.9447,21.81],[103.953,21.7972],[103.9519,21.7882],[103.9669,21.7709],[103.9639,21.7558],[103.9515,21.757],[103.9531,21.7409],[103.9426,21.7435],[103.9383,21.7387],[103.9311,21.7436],[103.9156,21.7348],[103.9176,21.7242],[103.912,21.7164],[103.9218,21.7076],[103.9221,21.7006],[103.9381,21.6906],[103.9373,21.6698],[103.9655,21.6689],[103.9682,21.6638],[103.9846,21.6783],[103.9875,21.674],[104.0053,21.6728],[104.0071,21.6657],[104.0277,21.6722],[104.0488,21.6576],[104.0922,21.6426],[104.16,21.6557],[104.1742,21.6487],[104.1965,21.648],[104.2109,21.664],[104.2119,21.6714],[104.2178,21.6724],[104.2542,21.671],[104.2607,21.6636],[104.2879,21.6615],[104.2968,21.653],[104.3114,21.6559]]]}},{"type":"Feature","properties":{"gid":"VNM.63.3_1","provZh":"安沛省","name2":"Nghĩa Lộ","type2":"Thị xã","engtype2":"Town"},"geometry":{"type":"Polygon","coordinates":[[[104.515,21.5765],[104.5222,21.5818],[104.5309,21.6002],[104.5298,21.606],[104.5169,21.6128],[104.5169,21.6326],[104.513,21.6249],[104.501,21.6206],[104.4943,21.622],[104.4907,21.6298],[104.4757,21.6269],[104.48,21.617],[104.4763,21.6129],[104.4889,21.6179],[104.496,21.6109],[104.4763,21.5943],[104.4588,21.5945],[104.4575,21.5863],[104.452,21.5842],[104.4553,21.5681],[104.4659,21.5698],[104.4714,21.5645],[104.4768,21.572],[104.4942,21.5772],[104.5109,21.5758],[104.5136,21.5798],[104.515,21.5765]]]}},{"type":"Feature","properties":{"gid":"VNM.63.4_1","provZh":"安沛省","name2":"Trạm Tấu","type2":"Huyện","engtype2":"District"},"geometry":{"type":"Polygon","coordinates":[[[104.5155,21.3927],[104.5325,21.4144],[104.5789,21.4088],[104.5892,21.4382],[104.6068,21.4532],[104.6342,21.4446],[104.6459,21.4579],[104.661,21.4629],[104.6522,21.4801],[104.6567,21.4846],[104.6549,21.49],[104.6452,21.4925],[104.6499,21.5068],[104.6465,21.5148],[104.6101,21.5225],[104.6117,21.5289],[104.5969,21.5395],[104.5954,21.5454],[104.565,21.5452],[104.5672,21.5537],[104.5486,21.5485],[104.5343,21.5347],[104.5146,21.53],[104.5058,21.52],[104.4914,21.5218],[104.4925,21.5189],[104.4892,21.5226],[104.4829,21.5165],[104.4753,21.5193],[104.4729,21.514],[104.4676,21.5223],[104.4862,21.5333],[104.4754,21.5395],[104.4736,21.5553],[104.4786,21.5614],[104.4659,21.5698],[104.4553,21.5681],[104.452,21.5842],[104.4575,21.5863],[104.4588,21.5945],[104.4453,21.5965],[104.4435,21.6053],[104.45,21.6103],[104.4472,21.6079],[104.4508,21.6289],[104.4365,21.6433],[104.4226,21.6393],[104.4038,21.6517],[104.3965,21.6435],[104.3605,21.6688],[104.3462,21.667],[104.34,21.6611],[104.3397,21.6417],[104.3305,21.6379],[104.3062,21.6087],[104.2879,21.5999],[104.2978,21.5713],[104.288,21.5683],[104.277,21.5512],[104.2934,21.5234],[104.2951,21.5104],[104.2841,21.4916],[104.282,21.4721],[104.287,21.4637],[104.3004,21.4576],[104.2986,21.439],[104.3191,21.4288],[104.332,21.4081],[104.3405,21.4093],[104.3478,21.4184],[104.3699,21.3986],[104.3872,21.4017],[104.4123,21.3866],[104.4207,21.3749],[104.4208,21.36],[104.4299,21.3545],[104.444,21.3576],[104.4665,21.3516],[104.4771,21.3533],[104.4872,21.3676],[104.5045,21.3768],[104.5155,21.3927]]]}},{"type":"Feature","properties":{"gid":"VNM.63.5_1","provZh":"安沛省","name2":"Trấn Yên","type2":"Huyện","engtype2":"District"},"geometry":{"type":"Polygon","coordinates":[[[104.8928,21.5912],[104.8936,21.6043],[104.8881,21.6128],[104.9052,21.6093],[104.9071,21.6312],[104.934,21.6426],[104.9378,21.6513],[104.9351,21.6584],[104.9262,21.6566],[104.8945,21.684],[104.8725,21.6812],[104.8717,21.672],[104.8789,21.66],[104.8601,21.6683],[104.829,21.6693],[104.8205,21.7096],[104.8369,21.7128],[104.8439,21.7356],[104.8522,21.7373],[104.8636,21.7282],[104.8767,21.7347],[104.877,21.7391],[104.886,21.7372],[104.8996,21.7641],[104.8871,21.7838],[104.8913,21.7927],[104.873,21.8151],[104.8484,21.8273],[104.8338,21.8283],[104.8264,21.8559],[104.8037,21.875],[104.7867,21.8763],[104.7751,21.8694],[104.7759,21.8589],[104.7692,21.8467],[104.7411,21.8376],[104.756,21.8178],[104.7538,21.8013],[104.7664,21.8006],[104.7621,21.7892],[104.7681,21.7854],[104.7423,21.7813],[104.7339,21.7731],[104.7366,21.7645],[104.7231,21.7661],[104.7136,21.7515],[104.7182,21.7315],[104.6913,21.7249],[104.6923,21.717],[104.6864,21.7099],[104.6897,21.689],[104.6959,21.6804],[104.6955,21.6659],[104.6786,21.6616],[104.6746,21.6445],[104.6657,21.6396],[104.6647,21.6225],[104.6519,21.6143],[104.6502,21.5864],[104.6604,21.5733],[104.6765,21.5732],[104.6876,21.5674],[104.6916,21.5503],[104.7207,21.5325],[104.7263,21.5314],[104.7336,21.5381],[104.7421,21.531],[104.766,21.5333],[104.7799,21.5611],[104.7936,21.5665],[104.8038,21.5561],[104.827,21.5529],[104.8454,21.5367],[104.8601,21.5319],[104.872,21.5554],[104.8878,21.5577],[104.8988,21.5652],[104.8928,21.5912]]]}},{"type":"Feature","properties":{"gid":"VNM.63.6_1","provZh":"安沛省","name2":"Văn Chấn","type2":"Huyện","engtype2":"District"},"geometry":{"type":"Polygon","coordinates":[[[104.8726,21.3489],[104.8828,21.342],[104.8973,21.3451],[104.9004,21.3508],[104.8937,21.3648],[104.8836,21.3733],[104.8819,21.3841],[104.8865,21.3933],[104.8949,21.3929],[104.9077,21.4142],[104.9057,21.4281],[104.9123,21.4383],[104.9117,21.4476],[104.8968,21.4694],[104.8849,21.5005],[104.8855,21.522],[104.8782,21.5356],[104.8685,21.5421],[104.8601,21.5319],[104.8528,21.5326],[104.827,21.5529],[104.8038,21.5561],[104.7936,21.5665],[104.7799,21.5611],[104.766,21.5333],[104.7421,21.531],[104.7336,21.5381],[104.7263,21.5314],[104.7207,21.5325],[104.6916,21.5503],[104.6876,21.5674],[104.6765,21.5732],[104.6604,21.5733],[104.6502,21.5864],[104.6519,21.6143],[104.6647,21.6225],[104.6657,21.6396],[104.6746,21.6445],[104.6786,21.6616],[104.6647,21.6689],[104.6572,21.6807],[104.6341,21.6972],[104.6323,21.6932],[104.6186,21.6983],[104.5997,21.7143],[104.5859,21.7338],[104.5572,21.7415],[104.5503,21.7392],[104.5257,21.7597],[104.5193,21.7591],[104.5123,21.7504],[104.5061,21.754],[104.4742,21.7417],[104.4609,21.7428],[104.4476,21.7462],[104.4434,21.7549],[104.424,21.7611],[104.4022,21.7578],[104.3899,21.768],[104.362,21.7752],[104.3402,21.7924],[104.3121,21.7896],[104.3098,21.8026],[104.2996,21.7992],[104.2939,21.8046],[104.2778,21.8058],[104.2684,21.8135],[104.2702,21.7839],[104.2781,21.7855],[104.2896,21.7523],[104.299,21.7526],[104.3017,21.7475],[104.2947,21.7093],[104.3043,21.7002],[104.3115,21.6815],[104.3255,21.6809],[104.3462,21.667],[104.3605,21.6688],[104.3965,21.6435],[104.4038,21.6517],[104.4226,21.6393],[104.4365,21.6433],[104.4508,21.6289],[104.4472,21.6079],[104.45,21.6103],[104.4435,21.6053],[104.4453,21.5965],[104.4509,21.5951],[104.4763,21.5943],[104.496,21.6109],[104.4889,21.6179],[104.4763,21.6129],[104.48,21.617],[104.4757,21.6269],[104.4907,21.6298],[104.4943,21.622],[104.501,21.6206],[104.513,21.6249],[104.5169,21.6326],[104.5169,21.6128],[104.5298,21.606],[104.5309,21.6002],[104.5186,21.5786],[104.4942,21.5772],[104.4768,21.572],[104.4714,21.5645],[104.4786,21.5614],[104.4736,21.5553],[104.4754,21.5395],[104.4862,21.5333],[104.4676,21.5223],[104.4699,21.5161],[104.4829,21.5165],[104.4892,21.5226],[104.4925,21.5189],[104.4914,21.5218],[104.5058,21.52],[104.5146,21.53],[104.5343,21.5347],[104.5486,21.5485],[104.5672,21.5537],[104.565,21.5452],[104.5954,21.5454],[104.5969,21.5395],[104.6117,21.5289],[104.6101,21.5225],[104.6465,21.5148],[104.6499,21.5068],[104.6452,21.4925],[104.6549,21.49],[104.6567,21.4846],[104.6522,21.4801],[104.6625,21.4651],[104.6459,21.4579],[104.6342,21.4446],[104.6068,21.4532],[104.5892,21.4382],[104.5865,21.4217],[104.6067,21.4159],[104.6156,21.402],[104.6448,21.3834],[104.6523,21.3848],[104.6711,21.376],[104.6856,21.3771],[104.6901,21.4008],[104.6973,21.4002],[104.7031,21.4059],[104.7104,21.3997],[104.7244,21.4006],[104.7345,21.4057],[104.7345,21.3815],[104.748,21.3678],[104.7488,21.3525],[104.7682,21.3468],[104.7679,21.3317],[104.7779,21.3259],[104.7946,21.3352],[104.8022,21.3307],[104.8191,21.3381],[104.8488,21.3387],[104.8446,21.3519],[104.8542,21.3519],[104.8536,21.3647],[104.8628,21.3655],[104.8726,21.3489]]]}},{"type":"Feature","properties":{"gid":"VNM.63.7_1","provZh":"安沛省","name2":"Văn Yên","type2":"Huyện","engtype2":"District"},"geometry":{"type":"Polygon","coordinates":[[[104.7171,21.7353],[104.7125,21.7483],[104.7231,21.7661],[104.7366,21.7645],[104.7339,21.7731],[104.7423,21.7813],[104.7681,21.7854],[104.7621,21.7892],[104.7664,21.8006],[104.7538,21.8013],[104.756,21.8178],[104.7411,21.8376],[104.7692,21.8467],[104.7759,21.8589],[104.7751,21.8694],[104.7925,21.8778],[104.7827,21.9036],[104.7678,21.9133],[104.75,21.9152],[104.7461,21.925],[104.7499,21.9398],[104.7383,21.9303],[104.7157,21.9345],[104.6938,21.9604],[104.6666,21.9802],[104.6634,21.9917],[104.6505,21.9994],[104.6447,22.0099],[104.6347,22.0179],[104.6245,22.0166],[104.6121,22.0349],[104.5916,22.0448],[104.5815,22.0647],[104.5634,22.0801],[104.5625,22.0864],[104.5283,22.1104],[104.5214,22.1231],[104.4849,22.1451],[104.4721,22.1622],[104.4591,22.1677],[104.4535,22.1857],[104.4417,22.1851],[104.4355,22.1934],[104.4161,22.2002],[104.4048,22.1913],[104.4071,22.1872],[104.3974,22.1776],[104.3844,22.1756],[104.392,22.1601],[104.3997,22.157],[104.4017,22.1442],[104.3964,22.1381],[104.4067,22.1169],[104.396,22.1136],[104.39,22.0953],[104.3797,22.0913],[104.378,22.0671],[104.3885,22.0615],[104.3928,22.0485],[104.4142,22.0292],[104.43,21.9742],[104.4272,21.9559],[104.4322,21.9457],[104.4276,21.9359],[104.3872,21.912],[104.3855,21.8993],[104.3538,21.8751],[104.3467,21.8438],[104.3397,21.8401],[104.3429,21.8301],[104.3784,21.8143],[104.3916,21.7958],[104.4177,21.7902],[104.4162,21.7743],[104.391,21.7703],[104.3891,21.7668],[104.3982,21.7598],[104.424,21.7611],[104.4434,21.7549],[104.4476,21.7462],[104.4742,21.7417],[104.5061,21.754],[104.5123,21.7504],[104.5193,21.7591],[104.5311,21.759],[104.5503,21.7392],[104.5572,21.7415],[104.5859,21.7338],[104.5997,21.7143],[104.6186,21.6983],[104.6323,21.6932],[104.6341,21.6972],[104.6572,21.6807],[104.6647,21.6689],[104.6786,21.6616],[104.6955,21.6659],[104.6959,21.6804],[104.6897,21.689],[104.6864,21.7099],[104.6923,21.717],[104.6913,21.7249],[104.7152,21.7297],[104.7171,21.7353]]]}},{"type":"Feature","properties":{"gid":"VNM.63.8_1","provZh":"安沛省","name2":"Yên Bái","type2":"Thành phố","engtype2":"City"},"geometry":{"type":"Polygon","coordinates":[[[104.8725,21.6812],[104.8945,21.684],[104.9262,21.6566],[104.9351,21.6584],[104.9378,21.6513],[104.955,21.6603],[104.9417,21.6672],[104.9526,21.6749],[104.9546,21.6877],[104.949,21.7012],[104.9546,21.7123],[104.9459,21.7185],[104.9545,21.7288],[104.9436,21.7351],[104.9368,21.7337],[104.933,21.7459],[104.9176,21.7537],[104.9178,21.7616],[104.9092,21.7679],[104.9091,21.775],[104.8913,21.7927],[104.8871,21.7838],[104.8996,21.7641],[104.886,21.7372],[104.877,21.7391],[104.8767,21.7347],[104.8636,21.7282],[104.8522,21.7373],[104.8439,21.7356],[104.8369,21.7128],[104.8205,21.7096],[104.8255,21.6988],[104.8226,21.6935],[104.8271,21.6703],[104.8601,21.6683],[104.8725,21.6598],[104.8813,21.6607],[104.8717,21.672],[104.8725,21.6812]]]}},{"type":"Feature","properties":{"gid":"VNM.63.9_1","provZh":"安沛省","name2":"Yên Bình","type2":"Huyện","engtype2":"District"},"geometry":{"type":"Polygon","coordinates":[[[104.9787,21.6597],[104.9858,21.6622],[104.9864,21.668],[104.98,21.673],[105.0007,21.6794],[104.9995,21.6876],[105.0197,21.6882],[105.0205,21.6963],[105.0251,21.6924],[105.0308,21.7011],[105.0543,21.6863],[105.0612,21.6901],[105.073,21.6815],[105.0827,21.684],[105.0977,21.6798],[105.1002,21.6894],[105.0961,21.7005],[105.0868,21.7027],[105.0917,21.7128],[105.0831,21.7242],[105.0769,21.722],[105.0761,21.7357],[105.0564,21.7479],[105.069,21.7516],[105.075,21.7586],[105.0809,21.7707],[105.0714,21.7802],[105.0807,21.7875],[105.0882,21.8065],[105.1003,21.812],[105.0889,21.8282],[105.0772,21.8302],[105.0588,21.858],[105.0458,21.8639],[105.037,21.8913],[105.0149,21.8976],[105.0143,21.9072],[105.0229,21.9243],[105.0189,21.9269],[105.0192,21.9357],[105.0098,21.9372],[104.9976,21.9287],[104.9865,21.9364],[104.9953,21.9618],[104.9925,21.972],[104.9998,21.988],[104.9907,21.9937],[104.9897,22.0026],[104.9964,22.0148],[104.9923,22.0204],[104.9977,22.0429],[104.9735,22.0408],[104.9624,22.029],[104.956,22.035],[104.9465,22.0357],[104.9406,22.0442],[104.9411,22.0531],[104.9347,22.0586],[104.9281,22.0617],[104.9181,22.0587],[104.9126,22.0654],[104.903,22.0639],[104.8952,22.0718],[104.882,22.0724],[104.8735,22.0613],[104.8778,22.0473],[104.8617,22.0356],[104.8693,22.0198],[104.8688,21.9973],[104.8741,21.9813],[104.8668,21.9809],[104.864,21.9738],[104.8679,21.9612],[104.8596,21.9526],[104.8635,21.9404],[104.8486,21.9491],[104.8447,21.934],[104.8364,21.9317],[104.8315,21.9499],[104.8212,21.9627],[104.8083,21.9567],[104.7988,21.9667],[104.7574,21.9537],[104.7461,21.925],[104.75,21.9152],[104.7678,21.9133],[104.7827,21.9036],[104.7925,21.8778],[104.8037,21.875],[104.8264,21.8559],[104.8338,21.8283],[104.8484,21.8273],[104.873,21.8151],[104.9032,21.7834],[104.9092,21.7679],[104.9178,21.7616],[104.9176,21.7537],[104.933,21.7459],[104.9368,21.7337],[104.9436,21.7351],[104.9545,21.7288],[104.9459,21.7185],[104.9546,21.7123],[104.949,21.7012],[104.9546,21.6877],[104.9526,21.6749],[104.9417,21.6672],[104.9576,21.6605],[104.9715,21.6458],[104.973,21.6571],[104.9787,21.6597]]]}}]}